ISO-10303-21;
HEADER;
FILE_DESCRIPTION (( 'STEP AP214' ),
    '1' );
FILE_NAME ('Aileron Servo Mount.STEP',
    '2026-03-26T13:51:50',
    ( '' ),
    ( '' ),
    'SwSTEP 2.0',
    'SolidWorks 2024',
    '' );
FILE_SCHEMA (( 'AUTOMOTIVE_DESIGN' ));
ENDSEC;

DATA;
#1 = VECTOR ( 'NONE', #741, 1000.000000000000000 ) ;
#2 = ADVANCED_FACE ( 'NONE', ( #2711 ), #2652, .F. ) ;
#3 = CARTESIAN_POINT ( 'NONE',  ( 9.026168383091862424, -17.29999999999999716, -14.45526076821776584 ) ) ;
#4 = PRODUCT_DEFINITION_SHAPE ( 'NONE', 'NONE',  #574 ) ;
#5 = VERTEX_POINT ( 'NONE', #1944 ) ;
#6 = EDGE_LOOP ( 'NONE', ( #351, #1911, #570, #1665 ) ) ;
#7 = CARTESIAN_POINT ( 'NONE',  ( -20.67589265039287838, -40.79999999999999716, -11.02145159110831329 ) ) ;
#8 = CARTESIAN_POINT ( 'NONE',  ( -26.37383161674447507, -47.79999999999999716, -10.25474848215087853 ) ) ;
#9 = ORIENTED_EDGE ( 'NONE', *, *, #3109, .F. ) ;
#10 = CYLINDRICAL_SURFACE ( 'NONE', #86, 2.499999999999998668 ) ;
#11 = FACE_OUTER_BOUND ( 'NONE', #1901, .T. ) ;
#12 = FACE_OUTER_BOUND ( 'NONE', #3084, .T. ) ;
#13 = EDGE_LOOP ( 'NONE', ( #1580, #1244, #2489, #641 ) ) ;
#14 = CARTESIAN_POINT ( 'NONE',  ( 7.397645385144839381, -22.36421460832589148, -13.94937484270541539 ) ) ;
#15 = CARTESIAN_POINT ( 'NONE',  ( -8.430289861711731447, 1.199999999999999956, 1.828027716550075650E-15 ) ) ;
#16 = EDGE_CURVE ( 'NONE', #2435, #1802, #1719, .T. ) ;
#17 = EDGE_CURVE ( 'NONE', #2410, #5, #1213, .T. ) ;
#18 = B_SPLINE_CURVE_WITH_KNOTS ( 'NONE', 3,
 ( #2813, #1083, #851, #3016, #1790, #597, #2568, #1578, #1337, #2371, #1623, #193, #2869, #1138, #1640, #2886 ),
 .UNSPECIFIED., .F., .F.,
 ( 4, 2, 2, 2, 2, 2, 2, 4 ),
 ( 9.199793210301649131E-16, 0.0005887027733368846308, 0.001177405546672849425, 0.001766108320008813893, 0.002354811093344778578, 0.002943513866680743263, 0.003532216640016707515, 0.004709622186688613467 ),
 .UNSPECIFIED. ) ;
#19 = DIRECTION ( 'NONE',  ( 0.000000000000000000, 0.000000000000000000, 1.000000000000000000 ) ) ;
#20 = AXIS2_PLACEMENT_3D ( 'NONE', #895, #664, #1646 ) ;
#21 = CARTESIAN_POINT ( 'NONE',  ( 8.241942891939160631, -15.46869152075615617, -14.01400993001181661 ) ) ;
#22 = CIRCLE ( 'NONE', #819, 1.600000000000000755 ) ;
#23 = ORIENTED_EDGE ( 'NONE', *, *, #889, .F. ) ;
#24 = FACE_OUTER_BOUND ( 'NONE', #2965, .T. ) ;
#25 = CARTESIAN_POINT ( 'NONE',  ( -11.03028986171172932, 0.000000000000000000, 0.9685591162832555279 ) ) ;
#26 = EDGE_LOOP ( 'NONE', ( #2721, #627, #949, #2993 ) ) ;
#27 = DIRECTION ( 'NONE',  ( 1.000000000000000000, 0.000000000000000000, -0.000000000000000000 ) ) ;
#28 = DIRECTION ( 'NONE',  ( -0.000000000000000000, -0.000000000000000000, 1.000000000000000000 ) ) ;
#29 = DIRECTION ( 'NONE',  ( -1.000000000000000000, 0.000000000000000000, 0.000000000000000000 ) ) ;
#30 = ORIENTED_EDGE ( 'NONE', *, *, #2324, .F. ) ;
#31 = FACE_OUTER_BOUND ( 'NONE', #6, .T. ) ;
#32 = CARTESIAN_POINT ( 'NONE',  ( 7.626168383091866509, 0.000000000000000000, -7.831440883716745738 ) ) ;
#33 = VECTOR ( 'NONE', #2130, 1000.000000000000000 ) ;
#34 = EDGE_CURVE ( 'NONE', #2857, #2852, #2474, .T. ) ;
#35 = CARTESIAN_POINT ( 'NONE',  ( 7.645842402279498629, -16.90484378647636277, -13.96848767525530199 ) ) ;
#36 = VERTEX_POINT ( 'NONE', #1242 ) ;
#37 = CARTESIAN_POINT ( 'NONE',  ( -29.37383161690812372, -27.79999999999999361, 4.168559116283254262 ) ) ;
#38 = CARTESIAN_POINT ( 'NONE',  ( 7.626168383091866509, -12.10384757729335981, -7.831440883716745738 ) ) ;
#39 = DIRECTION ( 'NONE',  ( -0.000000000000000000, 0.000000000000000000, 1.000000000000000000 ) ) ;
#40 = ORIENTED_EDGE ( 'NONE', *, *, #2515, .T. ) ;
#41 = CARTESIAN_POINT ( 'NONE',  ( 13.62616838309186917, -13.29999999999998472, -3.731440883716746537 ) ) ;
#42 = EDGE_LOOP ( 'NONE', ( #717, #2767, #2808, #1432 ) ) ;
#43 = ADVANCED_FACE ( 'NONE', ( #1704 ), #1691, .F. ) ;
#44 = EDGE_CURVE ( 'NONE', #1543, #2297, #1463, .T. ) ;
#45 = LINE ( 'NONE', #2694, #186 ) ;
#46 = DIRECTION ( 'NONE',  ( 1.000000000000000000, 0.000000000000000000, 0.000000000000000000 ) ) ;
#47 = CARTESIAN_POINT ( 'NONE',  ( -29.37383161690812372, -27.79999999999999361, 4.168559116283254262 ) ) ;
#48 = EDGE_LOOP ( 'NONE', ( #1953, #944, #621, #494 ) ) ;
#49 = CARTESIAN_POINT ( 'NONE',  ( 10.95954258950707683, -47.79999999999999716, 4.121915518328564509 ) ) ;
#50 = DIRECTION ( 'NONE',  ( 0.000000000000000000, 0.000000000000000000, 1.000000000000000000 ) ) ;
#51 = DIRECTION ( 'NONE',  ( 0.000000000000000000, 0.000000000000000000, 1.000000000000000000 ) ) ;
#52 = CONICAL_SURFACE ( 'NONE', #2833, 2.500000000000002220, 0.1973955598498773611 ) ;
#53 = ORIENTED_EDGE ( 'NONE', *, *, #549, .T. ) ;
#54 = AXIS2_PLACEMENT_3D ( 'NONE', #2334, #1137, #1125 ) ;
#55 = CARTESIAN_POINT ( 'NONE',  ( -25.37383161690812372, -17.29999999999999716, -4.831440883716746626 ) ) ;
#56 = CARTESIAN_POINT ( 'NONE',  ( -22.87383161690812727, -17.29999999999999716, -8.031440883716735257 ) ) ;
#57 = ORIENTED_EDGE ( 'NONE', *, *, #2846, .T. ) ;
#58 = B_SPLINE_CURVE_WITH_KNOTS ( 'NONE', 3,
 ( #2108, #2817, #388, #1165, #3077, #2842 ),
 .UNSPECIFIED., .F., .F.,
 ( 4, 1, 1, 4 ),
 ( 0.1196310720351002749, 0.1356275895091633710, 0.1549707956862048930, 0.1635103659515997065 ),
 .UNSPECIFIED. ) ;
#59 = PLANE ( 'NONE',  #2772 ) ;
#60 = CARTESIAN_POINT ( 'NONE',  ( 13.60870644304672972, -47.06004458821983150, -14.39034589795476293 ) ) ;
#61 = ORIENTED_EDGE ( 'NONE', *, *, #2885, .T. ) ;
#62 = FACE_BOUND ( 'NONE', #832, .T. ) ;
#63 = AXIS2_PLACEMENT_3D ( 'NONE', #2667, #457, #1946 ) ;
#64 = ORIENTED_EDGE ( 'NONE', *, *, #3129, .F. ) ;
#65 = VERTEX_POINT ( 'NONE', #1078 ) ;
#66 = CARTESIAN_POINT ( 'NONE',  ( -25.37383161690812372, -27.79999999999999361, -7.831440883716745738 ) ) ;
#67 = EDGE_CURVE ( 'NONE', #816, #5, #609, .T. ) ;
#68 = ORIENTED_EDGE ( 'NONE', *, *, #1422, .T. ) ;
#69 = VERTEX_POINT ( 'NONE', #2779 ) ;
#70 = CARTESIAN_POINT ( 'NONE',  ( -6.988672131193760961, -37.68993386867367690, -12.62993389497505703 ) ) ;
#71 = PLANE ( 'NONE',  #1314 ) ;
#72 = CARTESIAN_POINT ( 'NONE',  ( -22.37383161690812727, -13.29999999999998472, -3.731440883716746537 ) ) ;
#73 = FACE_BOUND ( 'NONE', #820, .T. ) ;
#74 = FACE_OUTER_BOUND ( 'NONE', #2386, .T. ) ;
#75 = APPLICATION_PROTOCOL_DEFINITION ( 'draft international standard', 'automotive_design', 1998, #300 ) ;
#76 = PLANE ( 'NONE',  #508 ) ;
#77 = ORIENTED_EDGE ( 'NONE', *, *, #2132, .F. ) ;
#78 = EDGE_CURVE ( 'NONE', #1195, #456, #1746, .T. ) ;
#79 = DIRECTION ( 'NONE',  ( -1.000000000000000000, 0.000000000000000000, 0.000000000000000000 ) ) ;
#80 = FACE_OUTER_BOUND ( 'NONE', #1289, .T. ) ;
#81 = DIRECTION ( 'NONE',  ( 1.000000000000000000, 0.000000000000000000, -7.228014483236698528E-16 ) ) ;
#82 = AXIS2_PLACEMENT_3D ( 'NONE', #1918, #2172, #2897 ) ;
#83 = ORIENTED_EDGE ( 'NONE', *, *, #109, .F. ) ;
#84 = CARTESIAN_POINT ( 'NONE',  ( -29.37383161690812372, -5.400000000000000355, 4.168559116283254262 ) ) ;
#85 = CARTESIAN_POINT ( 'NONE',  ( -14.37383161690812017, -46.79999999999999716, -3.731440883716746537 ) ) ;
#86 = AXIS2_PLACEMENT_3D ( 'NONE', #3104, #2416, #1900 ) ;
#87 = ORIENTED_EDGE ( 'NONE', *, *, #2349, .T. ) ;
#88 = EDGE_CURVE ( 'NONE', #2412, #2185, #1310, .T. ) ;
#89 = CARTESIAN_POINT ( 'NONE',  ( -6.540927471969423479, -38.22714332153377370, -12.67696950382360832 ) ) ;
#90 = LINE ( 'NONE', #72, #846 ) ;
#91 = PLANE ( 'NONE',  #285 ) ;
#92 = EDGE_LOOP ( 'NONE', ( #1794, #2788, #1334, #1960 ) ) ;
#93 = ORIENTED_EDGE ( 'NONE', *, *, #1999, .F. ) ;
#94 = DIRECTION ( 'NONE',  ( -1.000000000000000000, 0.000000000000000000, 0.000000000000000000 ) ) ;
#95 = CIRCLE ( 'NONE', #744, 1.600000000000000755 ) ;
#96 = DIRECTION ( 'NONE',  ( -1.084202172485503941E-16, 0.000000000000000000, 1.000000000000000000 ) ) ;
#97 = VECTOR ( 'NONE', #145, 1000.000000000000000 ) ;
#98 = EDGE_CURVE ( 'NONE', #2974, #1525, #124, .T. ) ;
#99 = ORIENTED_EDGE ( 'NONE', *, *, #1299, .F. ) ;
#100 = DIRECTION ( 'NONE',  ( -1.000000000000000000, 0.000000000000000000, 0.000000000000000000 ) ) ;
#101 = DIRECTION ( 'NONE',  ( 1.000000000000000000, 0.000000000000000000, 0.000000000000000000 ) ) ;
#102 = CIRCLE ( 'NONE', #636, 5.999999999999998224 ) ;
#103 = ORIENTED_EDGE ( 'NONE', *, *, #1499, .F. ) ;
#104 = CARTESIAN_POINT ( 'NONE',  ( -12.33687070669336272, -38.95201728409840314, -12.03981438833669948 ) ) ;
#105 = CARTESIAN_POINT ( 'NONE',  ( 7.626168383091864733, -13.29999999999998472, -7.831440883716745738 ) ) ;
#106 = ADVANCED_FACE ( 'NONE', ( #2307 ), #132, .F. ) ;
#107 = DIRECTION ( 'NONE',  ( -0.1961161351381806583, 0.000000000000000000, -0.9805806756909207778 ) ) ;
#108 = CARTESIAN_POINT ( 'NONE',  ( -11.57379857343596008, -44.79982494167289531, -12.12717058518291147 ) ) ;
#109 = EDGE_CURVE ( 'NONE', #885, #2213, #2293, .T. ) ;
#110 = ORIENTED_EDGE ( 'NONE', *, *, #1414, .T. ) ;
#111 = ORIENTED_EDGE ( 'NONE', *, *, #220, .T. ) ;
#112 = CARTESIAN_POINT ( 'NONE',  ( -29.37383161690808464, -47.79999999999999716, 4.168559116283254262 ) ) ;
#113 = CARTESIAN_POINT ( 'NONE',  ( -12.97383161690811981, -41.79999999999999716, -3.731440883716746537 ) ) ;
#114 = CARTESIAN_POINT ( 'NONE',  ( 10.82616731788194997, -19.99258248268879967, -9.031440883716747692 ) ) ;
#115 = EDGE_CURVE ( 'NONE', #539, #2366, #90, .T. ) ;
#116 = ORIENTED_EDGE ( 'NONE', *, *, #1347, .F. ) ;
#117 = FACE_OUTER_BOUND ( 'NONE', #480, .T. ) ;
#118 = CARTESIAN_POINT ( 'NONE',  ( -27.97334617949380231, -15.78976025037110276, -10.03082336094133886 ) ) ;
#119 = VECTOR ( 'NONE', #886, 1000.000000000000114 ) ;
#120 = CARTESIAN_POINT ( 'NONE',  ( -29.37383161690812372, -4.200000000000000178, 4.168559116283254262 ) ) ;
#121 = ORIENTED_EDGE ( 'NONE', *, *, #2771, .T. ) ;
#122 = ORIENTED_EDGE ( 'NONE', *, *, #127, .F. ) ;
#123 = CYLINDRICAL_SURFACE ( 'NONE', #997, 2.999999999999999112 ) ;
#124 = LINE ( 'NONE', #1568, #1357 ) ;
#125 = CARTESIAN_POINT ( 'NONE',  ( 7.626168383094050540, -6.200000000000010836, -13.96697161389486297 ) ) ;
#126 = EDGE_CURVE ( 'NONE', #1465, #1509, #1662, .T. ) ;
#127 = EDGE_CURVE ( 'NONE', #2764, #3062, #813, .T. ) ;
#128 = ORIENTED_EDGE ( 'NONE', *, *, #136, .F. ) ;
#129 = CARTESIAN_POINT ( 'NONE',  ( -28.37383161690812372, -13.29999999999998472, -3.731440883716746537 ) ) ;
#130 = ADVANCED_FACE ( 'NONE', ( #379 ), #2810, .T. ) ;
#131 = DIRECTION ( 'NONE',  ( -0.000000000000000000, -0.000000000000000000, 1.000000000000000000 ) ) ;
#132 = PLANE ( 'NONE',  #3125 ) ;
#133 = CARTESIAN_POINT ( 'NONE',  ( -10.41234779730084625, -44.64853077666796821, -12.25811837392268977 ) ) ;
#134 = B_SPLINE_CURVE_WITH_KNOTS ( 'NONE', 3,
 ( #1346, #2760, #1104, #1075, #2067, #1057 ),
 .UNSPECIFIED., .F., .F.,
 ( 4, 1, 1, 4 ),
 ( 0.1197425147681745877, 0.1363196987847158093, 0.1499516686631872653, 0.1635623327243995451 ),
 .UNSPECIFIED. ) ;
#135 = DIRECTION ( 'NONE',  ( -0.000000000000000000, -0.000000000000000000, -1.000000000000000000 ) ) ;
#136 = EDGE_CURVE ( 'NONE', #719, #2758, #818, .T. ) ;
#137 = CARTESIAN_POINT ( 'NONE',  ( -25.37383161690812372, -17.29999999999999716, -7.831440883716745738 ) ) ;
#138 = CARTESIAN_POINT ( 'NONE',  ( 12.88417033634359044, -15.31512111948074839, -14.34310135572945732 ) ) ;
#139 = ORIENTED_EDGE ( 'NONE', *, *, #78, .T. ) ;
#140 = AXIS2_PLACEMENT_3D ( 'NONE', #1680, #1949, #1451 ) ;
#141 = CARTESIAN_POINT ( 'NONE',  ( -8.373831616908129050, -46.79999999999999716, -3.731440883716746537 ) ) ;
#142 = EDGE_LOOP ( 'NONE', ( #1446, #588, #1445, #3072, #2424 ) ) ;
#143 = CARTESIAN_POINT ( 'NONE',  ( 10.93047033981404503, -29.46908050707654780, 4.121533681878367439 ) ) ;
#144 = CARTESIAN_POINT ( 'NONE',  ( 12.01900285973191806, -47.78057642639613078, 4.138243969106206954 ) ) ;
#145 = DIRECTION ( 'NONE',  ( -1.000000000000000000, 0.000000000000000000, 0.000000000000000000 ) ) ;
#146 = VERTEX_POINT ( 'NONE', #2193 ) ;
#147 = CARTESIAN_POINT ( 'NONE',  ( 7.169124727285534071, -12.36772185500456089, -13.93177825170802464 ) ) ;
#148 = EDGE_CURVE ( 'NONE', #2879, #994, #1107, .T. ) ;
#149 = ORIENTED_EDGE ( 'NONE', *, *, #171, .T. ) ;
#150 = CARTESIAN_POINT ( 'NONE',  ( -19.37383161690812372, -17.30000000001670557, -11.18626136410712846 ) ) ;
#151 = DIRECTION ( 'NONE',  ( 1.000000000000000000, 0.000000000000000000, 0.000000000000000000 ) ) ;
#152 = FACE_BOUND ( 'NONE', #359, .T. ) ;
#153 = CARTESIAN_POINT ( 'NONE',  ( 12.12776126740084237, -14.69536116285899219, -14.29258815366847557 ) ) ;
#154 = EDGE_LOOP ( 'NONE', ( #1728, #83, #842, #1917 ) ) ;
#155 = SURFACE_STYLE_FILL_AREA ( #2740 ) ;
#156 = EDGE_LOOP ( 'NONE', ( #440, #264, #1250, #751 ) ) ;
#157 = VECTOR ( 'NONE', #612, 1000.000000000000000 ) ;
#158 = DIRECTION ( 'NONE',  ( -0.000000000000000000, -0.000000000000000000, -1.000000000000000000 ) ) ;
#159 = PLANE ( 'NONE',  #904 ) ;
#160 = ADVANCED_FACE ( 'NONE', ( #1225 ), #482, .T. ) ;
#161 = PLANE ( 'NONE',  #2633 ) ;
#162 = ADVANCED_FACE ( 'NONE', ( #2139 ), #1730, .T. ) ;
#163 = ORIENTED_EDGE ( 'NONE', *, *, #1115, .T. ) ;
#164 = DIRECTION ( 'NONE',  ( 1.000000000000000000, 0.000000000000000000, -2.312964634635743450E-15 ) ) ;
#165 = CARTESIAN_POINT ( 'NONE',  ( -8.373831616908113062, -42.19764911881216563, -12.48204007654691239 ) ) ;
#166 = ORIENTED_EDGE ( 'NONE', *, *, #1813, .T. ) ;
#167 = DIRECTION ( 'NONE',  ( -0.000000000000000000, 0.000000000000000000, 1.000000000000000000 ) ) ;
#168 = ADVANCED_FACE ( 'NONE', ( #946 ), #2913, .T. ) ;
#169 = CARTESIAN_POINT ( 'NONE',  ( 11.40332015438023561, -14.39570958084370034, -14.24307188652773526 ) ) ;
#170 = ORIENTED_EDGE ( 'NONE', *, *, #2934, .F. ) ;
#171 = EDGE_CURVE ( 'NONE', #2487, #2412, #2649, .T. ) ;
#172 = ORIENTED_EDGE ( 'NONE', *, *, #2809, .T. ) ;
#173 = CARTESIAN_POINT ( 'NONE',  ( 2.223142230945371001, -5.400000000000000355, 3.981238854005618499 ) ) ;
#174 = DIRECTION ( 'NONE',  ( 0.000000000000000000, -1.000000000000000000, 0.000000000000000000 ) ) ;
#175 = DIRECTION ( 'NONE',  ( 0.000000000000000000, 0.000000000000000000, 1.000000000000000000 ) ) ;
#176 = CARTESIAN_POINT ( 'NONE',  ( -26.37383161674447507, -47.79999999999999716, -10.25474848215087853 ) ) ;
#177 = EDGE_CURVE ( 'NONE', #2906, #523, #2681, .T. ) ;
#178 = CARTESIAN_POINT ( 'NONE',  ( -26.70093047713520562, -19.99762741934453558, -10.20930944124834738 ) ) ;
#179 = ORIENTED_EDGE ( 'NONE', *, *, #424, .F. ) ;
#180 = CARTESIAN_POINT ( 'NONE',  ( 10.62616838331042501, -30.79999999999999361, 4.117063039008507452 ) ) ;
#181 = AXIS2_PLACEMENT_3D ( 'NONE', #1678, #2397, #1709 ) ;
#182 = DIRECTION ( 'NONE',  ( 0.000000000000000000, -1.000000000000000000, 0.000000000000000000 ) ) ;
#183 = CARTESIAN_POINT ( 'NONE',  ( -14.97235342693254445, -36.98613549268340961, -11.73022882413869361 ) ) ;
#184 = CARTESIAN_POINT ( 'NONE',  ( -29.37383161690812372, -44.79999999999999005, 4.168559116283254262 ) ) ;
#185 = FACE_OUTER_BOUND ( 'NONE', #2553, .T. ) ;
#186 = VECTOR ( 'NONE', #235, 1000.000000000000000 ) ;
#187 = CARTESIAN_POINT ( 'NONE',  ( 5.705362903870824454, -20.74311945475485430, -13.81532184607434743 ) ) ;
#188 = CARTESIAN_POINT ( 'NONE',  ( -26.11353437527463583, -28.81774952234166065, 4.125101173193812087 ) ) ;
#189 = CARTESIAN_POINT ( 'NONE',  ( -29.37383161690812372, -44.79999999999999005, 4.168559116283254262 ) ) ;
#190 = ORIENTED_EDGE ( 'NONE', *, *, #402, .F. ) ;
#191 = EDGE_CURVE ( 'NONE', #535, #1506, #557, .T. ) ;
#192 = CARTESIAN_POINT ( 'NONE',  ( -28.07383161690812656, -17.29999999999999716, -9.031440883716747692 ) ) ;
#193 = CARTESIAN_POINT ( 'NONE',  ( -28.97277932254726807, -46.31140807522809411, -9.888857347228999117 ) ) ;
#194 = CARTESIAN_POINT ( 'NONE',  ( -8.373831616908120168, -41.79999999999999716, -14.50089642712106297 ) ) ;
#195 = CARTESIAN_POINT ( 'NONE',  ( 13.01106018384508012, -15.46948226956310002, -14.35144896163228445 ) ) ;
#196 = ORIENTED_EDGE ( 'NONE', *, *, #1821, .F. ) ;
#197 = ORIENTED_EDGE ( 'NONE', *, *, #1584, .F. ) ;
#198 = CIRCLE ( 'NONE', #3032, 2.500000000000003997 ) ;
#199 = EDGE_CURVE ( 'NONE', #2026, #824, #2916, .T. ) ;
#200 = PLANE ( 'NONE',  #20 ) ;
#201 = ORIENTED_EDGE ( 'NONE', *, *, #1964, .T. ) ;
#202 = CARTESIAN_POINT ( 'NONE',  ( 12.65977553317049775, -27.95312343068746230, 4.148623490312710160 ) ) ;
#203 = CARTESIAN_POINT ( 'NONE',  ( 9.026168383091862424, -17.29999999999999716, -4.831440883716746626 ) ) ;
#204 = CARTESIAN_POINT ( 'NONE',  ( -16.90238451457156899, -39.44230246201307466, -11.49575477550765079 ) ) ;
#205 = EDGE_CURVE ( 'NONE', #425, #1129, #2239, .T. ) ;
#206 = LINE ( 'NONE', #1969, #1223 ) ;
#207 = VECTOR ( 'NONE', #1143, 1000.000000000000000 ) ;
#208 = CARTESIAN_POINT ( 'NONE',  ( 6.026062986755168716, -21.16114341699931600, -13.84116807957848039 ) ) ;
#209 = B_SPLINE_SURFACE_WITH_KNOTS ( 'NONE', 3, 1, ( 
 ( #2959, #1772 ),
 ( #2996, #2262 ),
 ( #2020, #779 ),
 ( #350, #1045 ),
 ( #2931, #526 ),
 ( #799, #1761 ) ),
 .UNSPECIFIED., .F., .F., .F.,
 ( 4, 1, 1, 4 ),
 ( 2, 2 ),
 ( 0.1197425147681745877, 0.1363196987847158093, 0.1499516686631872653, 0.1635623327244004610 ),
 ( 0.000000000000000000, 1.000000000000000000 ),
 .UNSPECIFIED. ) ;
#210 = VERTEX_POINT ( 'NONE', #2607 ) ;
#211 = ORIENTED_EDGE ( 'NONE', *, *, #2226, .F. ) ;
#212 = ORIENTED_EDGE ( 'NONE', *, *, #1718, .F. ) ;
#213 = LINE ( 'NONE', #1178, #33 ) ;
#214 = DIRECTION ( 'NONE',  ( 0.000000000000000000, -1.000000000000000000, 0.000000000000000000 ) ) ;
#215 = EDGE_LOOP ( 'NONE', ( #2059, #1932, #239, #569 ) ) ;
#216 = CARTESIAN_POINT ( 'NONE',  ( 0.000000000000000000, 1.199999999999999956, -5.831440883716745738 ) ) ;
#217 = EDGE_CURVE ( 'NONE', #652, #2857, #2303, .T. ) ;
#218 = ORIENTED_EDGE ( 'NONE', *, *, #3068, .T. ) ;
#219 = CIRCLE ( 'NONE', #1980, 2.699999999999999289 ) ;
#220 = EDGE_CURVE ( 'NONE', #2219, #2129, #1405, .T. ) ;
#221 = FACE_OUTER_BOUND ( 'NONE', #2149, .T. ) ;
#222 = LINE ( 'NONE', #1443, #1483 ) ;
#223 = DIRECTION ( 'NONE',  ( 1.000000000000000000, 0.000000000000000000, 0.000000000000000000 ) ) ;
#224 = ORIENTED_EDGE ( 'NONE', *, *, #1134, .F. ) ;
#225 = EDGE_LOOP ( 'NONE', ( #479, #605, #1747, #2099 ) ) ;
#226 = CARTESIAN_POINT ( 'NONE',  ( -11.37383161690812017, -41.79999999999999716, -4.831440883716746626 ) ) ;
#227 = VECTOR ( 'NONE', #2323, 1000.000000000000000 ) ;
#228 = DIRECTION ( 'NONE',  ( 1.000000000000000000, 0.000000000000000000, 0.000000000000000000 ) ) ;
#229 = ORIENTED_EDGE ( 'NONE', *, *, #1031, .F. ) ;
#230 = EDGE_CURVE ( 'NONE', #2856, #2597, #2261, .T. ) ;
#231 = CARTESIAN_POINT ( 'NONE',  ( -22.68030982613461077, -15.96439154028803742, -10.75623232023040998 ) ) ;
#232 = CIRCLE ( 'NONE', #1735, 2.500000000000002220 ) ;
#233 = ORIENTED_EDGE ( 'NONE', *, *, #2499, .F. ) ;
#234 = DIRECTION ( 'NONE',  ( -0.000000000000000000, -0.000000000000000000, 1.000000000000000000 ) ) ;
#235 = DIRECTION ( 'NONE',  ( 0.000000000000000000, 0.000000000000000000, 1.000000000000000000 ) ) ;
#236 = CARTESIAN_POINT ( 'NONE',  ( 2.777730924436534909, 1.694065894508600678E-18, -12.83368181960545940 ) ) ;
#237 = DIRECTION ( 'NONE',  ( -0.000000000000000000, -0.000000000000000000, 1.000000000000000000 ) ) ;
#238 = VECTOR ( 'NONE', #460, 1000.000000000000000 ) ;
#239 = ORIENTED_EDGE ( 'NONE', *, *, #1111, .T. ) ;
#240 = VECTOR ( 'NONE', #1290, 1000.000000000000000 ) ;
#241 = CARTESIAN_POINT ( 'NONE',  ( 10.23272765561901210, -14.31946694042879997, -14.16069991928443095 ) ) ;
#242 = VECTOR ( 'NONE', #1054, 1000.000000000000000 ) ;
#243 = VERTEX_POINT ( 'NONE', #1147 ) ;
#244 = DIRECTION ( 'NONE',  ( -0.000000000000000000, -0.000000000000000000, -1.000000000000000000 ) ) ;
#245 =( BOUNDED_CURVE ( )  B_SPLINE_CURVE ( 3, ( #2541, #616, #372, #660 ),
 .UNSPECIFIED., .F., .T. ) 
 B_SPLINE_CURVE_WITH_KNOTS ( ( 4, 4 ),
 ( 0.000000000000000000, 0.5000000000000000000 ),
 .UNSPECIFIED. ) 
 CURVE ( )  GEOMETRIC_REPRESENTATION_ITEM ( )  RATIONAL_B_SPLINE_CURVE ( ( 1.000000000000000000, 0.3333333333333330928, 0.3333333333333333703, 1.000000000000000222 ) ) 
 REPRESENTATION_ITEM ( '' )  );
#246 = DIRECTION ( 'NONE',  ( 0.000000000000000000, 1.000000000000000000, -0.000000000000000000 ) ) ;
#247 = CARTESIAN_POINT ( 'NONE',  ( -22.37383161690812727, -17.29999999999999716, -10.79684584942134151 ) ) ;
#248 = EDGE_LOOP ( 'NONE', ( #3021, #1316, #253, #774 ) ) ;
#249 = FACE_BOUND ( 'NONE', #1204, .T. ) ;
#250 = B_SPLINE_CURVE_WITH_KNOTS ( 'NONE', 3,
 ( #980, #1942, #1042, #2277 ),
 .UNSPECIFIED., .F., .F.,
 ( 4, 4 ),
 ( 0.000000000000000000, 0.2501066598010767139 ),
 .UNSPECIFIED. ) ;
#251 = CARTESIAN_POINT ( 'NONE',  ( -14.37383161690812017, -41.79999999999999005, -3.731440883716746537 ) ) ;
#252 = ADVANCED_FACE ( 'NONE', ( #926 ), #908, .F. ) ;
#253 = ORIENTED_EDGE ( 'NONE', *, *, #1366, .F. ) ;
#254 = DIRECTION ( 'NONE',  ( 1.000000000000000000, 0.000000000000000000, 0.000000000000000000 ) ) ;
#255 = CARTESIAN_POINT ( 'NONE',  ( 13.12616838309193668, -17.29999999999995097, -4.831440883716745738 ) ) ;
#256 = VECTOR ( 'NONE', #2000, 1000.000000000000000 ) ;
#257 = CARTESIAN_POINT ( 'NONE',  ( -25.76946977428237062, -29.29810430297027324, 4.120852865890236139 ) ) ;
#258 = DIRECTION ( 'NONE',  ( 0.000000000000000000, 0.000000000000000000, 1.000000000000000000 ) ) ;
#259 = AXIS2_PLACEMENT_3D ( 'NONE', #1894, #2874, #2718 ) ;
#260 = DIRECTION ( 'NONE',  ( 1.000000000000000000, 0.000000000000000000, 0.000000000000000000 ) ) ;
#261 = ADVANCED_FACE ( 'NONE', ( #2821 ), #720, .T. ) ;
#262 = DIRECTION ( 'NONE',  ( -0.000000000000000000, -0.000000000000000000, 1.000000000000000000 ) ) ;
#263 = ORIENTED_EDGE ( 'NONE', *, *, #912, .F. ) ;
#264 = ORIENTED_EDGE ( 'NONE', *, *, #2411, .T. ) ;
#265 = LINE ( 'NONE', #1245, #2222 ) ;
#266 = FACE_OUTER_BOUND ( 'NONE', #1651, .T. ) ;
#267 = DIRECTION ( 'NONE',  ( 1.861517035906275076E-16, 0.000000000000000000, 1.000000000000000000 ) ) ;
#268 = CARTESIAN_POINT ( 'NONE',  ( -29.37383161690585709, -4.200000000000000178, -9.023325197227324068 ) ) ;
#269 = ORIENTED_EDGE ( 'NONE', *, *, #2462, .F. ) ;
#270 = DIRECTION ( 'NONE',  ( 1.000000000000000000, 0.000000000000000000, -2.903912764265055945E-15 ) ) ;
#271 = ADVANCED_FACE ( 'NONE', ( #2622, #2137 ), #1201, .F. ) ;
#272 = CARTESIAN_POINT ( 'NONE',  ( -25.37383161726185321, -27.79999999999998650, 4.116049394397460759 ) ) ;
#273 = ORIENTED_EDGE ( 'NONE', *, *, #2494, .T. ) ;
#274 = CARTESIAN_POINT ( 'NONE',  ( -8.373831616908113062, -41.79999999999999716, -12.48204007654691239 ) ) ;
#275 = CARTESIAN_POINT ( 'NONE',  ( 7.626168383094050540, -47.79999999999999716, -13.96697161389486297 ) ) ;
#276 = CARTESIAN_POINT ( 'NONE',  ( -25.37383161690812372, -17.29999999999999716, -14.50089642712106297 ) ) ;
#277 = VECTOR ( 'NONE', #1464, 1000.000000000000000 ) ;
#278 = VECTOR ( 'NONE', #1875, 1000.000000000000000 ) ;
#279 = ORIENTED_EDGE ( 'NONE', *, *, #3091, .T. ) ;
#280 = CARTESIAN_POINT ( 'NONE',  ( 10.62616838309191358, -17.29999999999995097, -4.831440883716745738 ) ) ;
#281 = EDGE_CURVE ( 'NONE', #429, #902, #2382, .T. ) ;
#282 = EDGE_CURVE ( 'NONE', #2929, #670, #1683, .T. ) ;
#283 = ORIENTED_EDGE ( 'NONE', *, *, #1866, .T. ) ;
#284 = DIRECTION ( 'NONE',  ( 0.000000000000000000, 0.000000000000000000, 1.000000000000000000 ) ) ;
#285 = AXIS2_PLACEMENT_3D ( 'NONE', #330, #2052, #1296 ) ;
#286 = ORIENTED_EDGE ( 'NONE', *, *, #933, .T. ) ;
#287 = CARTESIAN_POINT ( 'NONE',  ( -8.393410773689648607, -41.40561509054271738, -12.47992639765388923 ) ) ;
#288 = DIRECTION ( 'NONE',  ( -0.000000000000000000, -0.000000000000000000, 1.000000000000000000 ) ) ;
#289 = CARTESIAN_POINT ( 'NONE',  ( -14.35473138603689058, -42.19156401180551796, -11.80382109451540451 ) ) ;
#290 = DIRECTION ( 'NONE',  ( 0.000000000000000000, 1.000000000000000000, -0.000000000000000000 ) ) ;
#291 = ORIENTED_EDGE ( 'NONE', *, *, #1431, .F. ) ;
#292 = CARTESIAN_POINT ( 'NONE',  ( -9.830289861711730026, 4.115720441858373491, -2.915720441858371537 ) ) ;
#293 = CARTESIAN_POINT ( 'NONE',  ( -25.37383161690812372, -17.29999999999999716, -7.831440883716745738 ) ) ;
#294 = DIRECTION ( 'NONE',  ( -0.000000000000000000, -0.000000000000000000, 1.000000000000000000 ) ) ;
#295 = VERTEX_POINT ( 'NONE', #2205 ) ;
#296 = LINE ( 'NONE', #2704, #1703 ) ;
#297 = ADVANCED_FACE ( 'NONE', ( #1967 ), #10, .F. ) ;
#298 = CARTESIAN_POINT ( 'NONE',  ( 14.47269606475641801, -45.76744946088744825, -14.44519107470402197 ) ) ;
#299 = VERTEX_POINT ( 'NONE', #1480 ) ;
#300 = APPLICATION_CONTEXT ( 'automotive_design' ) ;
#301 = VECTOR ( 'NONE', #625, 1000.000000000000000 ) ;
#302 = DIRECTION ( 'NONE',  ( 0.000000000000000000, -1.000000000000000000, 0.000000000000000000 ) ) ;
#303 = ADVANCED_FACE ( 'NONE', ( #2876, #249 ), #703, .F. ) ;
#304 = CARTESIAN_POINT ( 'NONE',  ( 7.626168383091864733, -13.29999999999998472, -3.731440883716746537 ) ) ;
#305 = CIRCLE ( 'NONE', #550, 2.999999999999999112 ) ;
#306 = ORIENTED_EDGE ( 'NONE', *, *, #1110, .T. ) ;
#307 = AXIS2_PLACEMENT_3D ( 'NONE', #2696, #1694, #2199 ) ;
#308 = CARTESIAN_POINT ( 'NONE',  ( 5.041004482924178021, -15.00741538689116794, -9.031440883716744139 ) ) ;
#309 = VERTEX_POINT ( 'NONE', #2644 ) ;
#310 = DIRECTION ( 'NONE',  ( 1.000000000000000000, 0.000000000000000000, -0.000000000000000000 ) ) ;
#311 = DIRECTION ( 'NONE',  ( -0.000000000000000000, -0.000000000000000000, 1.000000000000000000 ) ) ;
#312 = ORIENTED_EDGE ( 'NONE', *, *, #3108, .F. ) ;
#313 = CARTESIAN_POINT ( 'NONE',  ( -28.37383161690812372, -13.29999999999998472, -3.731440883716746537 ) ) ;
#314 = CARTESIAN_POINT ( 'NONE',  ( -28.37383161690812372, -13.29999999999998472, -7.831440883716745738 ) ) ;
#315 = CARTESIAN_POINT ( 'NONE',  ( 9.657836349681140575, -20.14619762405062531, -14.11918946152172616 ) ) ;
#316 = ADVANCED_FACE ( 'NONE', ( #989 ), #2689, .F. ) ;
#317 = DIRECTION ( 'NONE',  ( -0.000000000000000000, -0.000000000000000000, -1.000000000000000000 ) ) ;
#318 = VERTEX_POINT ( 'NONE', #84 ) ;
#319 = AXIS2_PLACEMENT_3D ( 'NONE', #3099, #262, #1945 ) ;
#320 = ORIENTED_EDGE ( 'NONE', *, *, #1312, .T. ) ;
#321 = CARTESIAN_POINT ( 'NONE',  ( -28.37383161690812372, -17.29999999999999716, -9.031440883716747692 ) ) ;
#322 = LINE ( 'NONE', #1301, #1159 ) ;
#323 = CARTESIAN_POINT ( 'NONE',  ( -26.97383161690812514, -17.29999999999999716, -14.45526076821776584 ) ) ;
#324 = LINE ( 'NONE', #1288, #2197 ) ;
#325 = ORIENTED_EDGE ( 'NONE', *, *, #2036, .T. ) ;
#326 = VERTEX_POINT ( 'NONE', #1322 ) ;
#327 = CARTESIAN_POINT ( 'NONE',  ( -13.87383161690812194, -41.79999999999999716, -8.031440883716737034 ) ) ;
#328 = CARTESIAN_POINT ( 'NONE',  ( -7.238323434700449255, -37.43859739507947637, -12.60356793281569665 ) ) ;
#329 = CARTESIAN_POINT ( 'NONE',  ( -14.37383161690812017, -46.79999999999999716, -7.831440883716745738 ) ) ;
#330 = CARTESIAN_POINT ( 'NONE',  ( 10.62616838309191358, -17.29999999999995097, -4.831440883716745738 ) ) ;
#331 = CARTESIAN_POINT ( 'NONE',  ( -28.37383161690812372, -13.29999999999998472, -3.731440883716746537 ) ) ;
#332 = ORIENTED_EDGE ( 'NONE', *, *, #1218, .F. ) ;
#333 = ORIENTED_EDGE ( 'NONE', *, *, #16, .T. ) ;
#334 = DIRECTION ( 'NONE',  ( 0.000000000000000000, -1.000000000000000000, 0.000000000000000000 ) ) ;
#335 = DIRECTION ( 'NONE',  ( 1.533293416683374138E-16, 0.7071067811865474617, 0.7071067811865474617 ) ) ;
#336 = CIRCLE ( 'NONE', #2100, 2.700000000000001066 ) ;
#337 = ORIENTED_EDGE ( 'NONE', *, *, #2086, .T. ) ;
#338 = DIRECTION ( 'NONE',  ( 1.000000000000000000, 0.000000000000000000, 0.000000000000000000 ) ) ;
#339 = CLOSED_SHELL ( 'NONE', ( #1501, #252, #400, #2269, #2684, #2428, #2552, #1976, #2575, #2964, #934, #993, #1371, #1626, #2399, #1428, #2196, #2799, #629, #1726, #1536, #2862, #2064, #2216, #3038, #2640, #316, #297, #106, #3071, #3093, #1430, #2125, #2724, #522, #2264, #2398, #1502, #1026, #2619, #1238, #2477, #1043, #2320, #679, #1639, #2420, #772, #2259, #1816, #271, #1783, #2090, #1072, #383, #1840, #2943, #2, #303, #160, #168, #43, #1353, #2917, #758, #423, #1722, #2512, #162, #2925, #3060, #2329, #1681, #1780, #2997, #452, #943, #957, #2603, #1116, #261, #595, #1133, #880, #2551, #130, #2928, #1266, #2956 ) ) ;
#340 = LINE ( 'NONE', #807, #2486 ) ;
#341 = DIRECTION ( 'NONE',  ( 1.000000000000000000, 0.000000000000000000, 0.000000000000000000 ) ) ;
#342 = ORIENTED_EDGE ( 'NONE', *, *, #136, .T. ) ;
#343 = CARTESIAN_POINT ( 'NONE',  ( -14.27694909313370886, -41.01863551976697408, -11.81304962758386878 ) ) ;
#344 = CARTESIAN_POINT ( 'NONE',  ( 15.81133441367958170, -14.20741964773103128, -9.031440883716744139 ) ) ;
#345 = CARTESIAN_POINT ( 'NONE',  ( -20.77600706387247698, -13.43616249061478385, -11.00613008350002886 ) ) ;
#346 = CARTESIAN_POINT ( 'NONE',  ( 13.54631053560974330, -18.09104068140443289, -14.38632529913126668 ) ) ;
#347 = VECTOR ( 'NONE', #1277, 1000.000000000000000 ) ;
#348 = FACE_OUTER_BOUND ( 'NONE', #408, .T. ) ;
#349 = FACE_OUTER_BOUND ( 'NONE', #3127, .T. ) ;
#350 = CARTESIAN_POINT ( 'NONE',  ( 1.281123887757822155, -47.79999999999999716, -13.49777135973783793 ) ) ;
#351 = ORIENTED_EDGE ( 'NONE', *, *, #44, .F. ) ;
#352 = VERTEX_POINT ( 'NONE', #1304 ) ;
#353 = CARTESIAN_POINT ( 'NONE',  ( -29.37383161690812372, -4.200000000000000178, -9.831440883716746626 ) ) ;
#354 = CARTESIAN_POINT ( 'NONE',  ( -11.37383161690812194, -41.79999999999999005, -3.731440883716746537 ) ) ;
#355 = CARTESIAN_POINT ( 'NONE',  ( -22.37383161690812727, -21.29999999999998650, -3.731440883716746537 ) ) ;
#356 = CARTESIAN_POINT ( 'NONE',  ( 7.626168383094050540, -6.200000000000010836, -13.96697161389486297 ) ) ;
#357 = AXIS2_PLACEMENT_3D ( 'NONE', #1541, #1038, #2971 ) ;
#358 = AXIS2_PLACEMENT_3D ( 'NONE', #2232, #2898, #2717 ) ;
#359 = EDGE_LOOP ( 'NONE', ( #116, #385 ) ) ;
#360 = CARTESIAN_POINT ( 'NONE',  ( 14.62616838309186740, -44.99829868793084842, -14.45476076821776523 ) ) ;
#361 = CARTESIAN_POINT ( 'NONE',  ( -12.47271977808969190, -4.200000000000000178, 3.968638531505615408 ) ) ;
#362 = ORIENTED_EDGE ( 'NONE', *, *, #2692, .F. ) ;
#363 = EDGE_LOOP ( 'NONE', ( #420, #1325, #2643, #2330 ) ) ;
#364 = EDGE_CURVE ( 'NONE', #1538, #2289, #806, .T. ) ;
#365 = CARTESIAN_POINT ( 'NONE',  ( -25.37383161726185321, -47.79999999999999005, 4.116049394397460759 ) ) ;
#366 = PLANE ( 'NONE',  #2200 ) ;
#367 = ORIENTED_EDGE ( 'NONE', *, *, #2763, .F. ) ;
#368 = EDGE_CURVE ( 'NONE', #352, #475, #2941, .T. ) ;
#369 = CARTESIAN_POINT ( 'NONE',  ( -1.118453855064500235, -6.200000000000010836, -13.25065120068390634 ) ) ;
#370 = EDGE_CURVE ( 'NONE', #1741, #318, #296, .T. ) ;
#371 = ORIENTED_EDGE ( 'NONE', *, *, #2066, .T. ) ;
#372 = CARTESIAN_POINT ( 'NONE',  ( 5.041004482924177132, -15.00741538689117149, -9.031440883716745915 ) ) ;
#373 = CARTESIAN_POINT ( 'NONE',  ( -27.87383161690812727, -17.29999999999999716, -8.031440883716745915 ) ) ;
#374 = EDGE_CURVE ( 'NONE', #1506, #1509, #1994, .T. ) ;
#375 = CARTESIAN_POINT ( 'NONE',  ( -9.830289861711731803, 0.000000000000000000, -7.031440883716745915 ) ) ;
#376 = CARTESIAN_POINT ( 'NONE',  ( 13.62616838309186917, -13.29999999999998472, -7.831440883716745738 ) ) ;
#377 = CARTESIAN_POINT ( 'NONE',  ( 13.62616838309187273, -21.29999999999998650, -3.731440883716746537 ) ) ;
#378 = CARTESIAN_POINT ( 'NONE',  ( 12.45125745193186795, -19.68901233816131935, -14.31434380418302155 ) ) ;
#379 = FACE_OUTER_BOUND ( 'NONE', #2797, .T. ) ;
#380 = ORIENTED_EDGE ( 'NONE', *, *, #1923, .T. ) ;
#381 = CARTESIAN_POINT ( 'NONE',  ( -22.87383161690812727, -17.29999999999999716, -14.45526076821776584 ) ) ;
#382 = CARTESIAN_POINT ( 'NONE',  ( 7.626168383091866509, -22.49615242270663273, -14.50089642712106297 ) ) ;
#383 = ADVANCED_FACE ( 'NONE', ( #1507, #1978 ), #2950, .F. ) ;
#384 = CARTESIAN_POINT ( 'NONE',  ( 13.32151783677943691, -15.96814702805669839, -14.37173967235281147 ) ) ;
#385 = ORIENTED_EDGE ( 'NONE', *, *, #2798, .F. ) ;
#386 = LINE ( 'NONE', #404, #1370 ) ;
#387 = FACE_OUTER_BOUND ( 'NONE', #486, .T. ) ;
#388 = CARTESIAN_POINT ( 'NONE',  ( -11.87672306127741706, -4.200000000000000178, -11.38231140209151881 ) ) ;
#389 = DIRECTION ( 'NONE',  ( 0.000000000000000000, -0.000000000000000000, -1.000000000000000000 ) ) ;
#390 = CARTESIAN_POINT ( 'NONE',  ( -25.17918554363394534, -20.30016096841146833, -10.41938127461031094 ) ) ;
#391 = AXIS2_PLACEMENT_3D ( 'NONE', #2450, #1239, #1207 ) ;
#392 = VERTEX_POINT ( 'NONE', #788 ) ;
#393 = CARTESIAN_POINT ( 'NONE',  ( 11.95294457484247452, -19.99784416477177373, -14.28074498912765478 ) ) ;
#394 = ORIENTED_EDGE ( 'NONE', *, *, #2165, .F. ) ;
#395 = CARTESIAN_POINT ( 'NONE',  ( 13.62616838309189937, -30.79999999999999361, 4.148094435388371082 ) ) ;
#396 = EDGE_CURVE ( 'NONE', #719, #2852, #1752, .T. ) ;
#397 = CARTESIAN_POINT ( 'NONE',  ( 0.000000000000000000, -27.79999999999999361, -7.831440883716745738 ) ) ;
#398 = FACE_BOUND ( 'NONE', #2562, .T. ) ;
#399 = DIRECTION ( 'NONE',  ( 0.000000000000000000, -0.7071067811865475727, 0.7071067811865475727 ) ) ;
#400 = ADVANCED_FACE ( 'NONE', ( #2502 ), #2326, .F. ) ;
#401 = ORIENTED_EDGE ( 'NONE', *, *, #626, .F. ) ;
#402 = EDGE_CURVE ( 'NONE', #2395, #1377, #245, .T. ) ;
#403 =( NAMED_UNIT ( * ) PLANE_ANGLE_UNIT ( ) SI_UNIT ( $, .RADIAN. ) );
#404 = CARTESIAN_POINT ( 'NONE',  ( -29.37383161690812372, -4.200000000000000178, 3.368729310363125506 ) ) ;
#405 = DIRECTION ( 'NONE',  ( -1.533293416683373399E-16, -0.7071067811865474617, -0.7071067811865474617 ) ) ;
#406 = CONICAL_SURFACE ( 'NONE', #1569, 2.500000000000002220, 0.1973955598498789710 ) ;
#407 = CARTESIAN_POINT ( 'NONE',  ( -24.60311268769113724, -20.20582987350864812, -10.49793574259946816 ) ) ;
#408 = EDGE_LOOP ( 'NONE', ( #1284, #1834, #2566, #1921 ) ) ;
#409 = CARTESIAN_POINT ( 'NONE',  ( 11.24312098505312107, -28.96698476105525799, 4.126218482231162277 ) ) ;
#410 = VECTOR ( 'NONE', #515, 1000.000000000000000 ) ;
#411 = CARTESIAN_POINT ( 'NONE',  ( 14.62616838309187273, -45.19619196626918267, 4.182978693911427293 ) ) ;
#412 = ORIENTED_EDGE ( 'NONE', *, *, #98, .T. ) ;
#413 = CARTESIAN_POINT ( 'NONE',  ( 4.626201946202593618, -17.03615882196163511, -13.72679664965629875 ) ) ;
#414 = EDGE_CURVE ( 'NONE', #326, #2879, #1865, .T. ) ;
#415 = ORIENTED_EDGE ( 'NONE', *, *, #800, .T. ) ;
#416 = CARTESIAN_POINT ( 'NONE',  ( 13.62616838309187273, -21.29999999999998650, -3.731440883716746537 ) ) ;
#417 = CARTESIAN_POINT ( 'NONE',  ( 13.60666693290343865, -16.90638520729742211, -14.39019544484667712 ) ) ;
#418 = EDGE_CURVE ( 'NONE', #2530, #1472, #1795, .T. ) ;
#419 = VERTEX_POINT ( 'NONE', #2831 ) ;
#420 = ORIENTED_EDGE ( 'NONE', *, *, #2295, .F. ) ;
#421 = PLANE ( 'NONE',  #1335 ) ;
#422 = CARTESIAN_POINT ( 'NONE',  ( 7.626168383091866509, -17.29999999999999716, -14.50089642712106297 ) ) ;
#423 = ADVANCED_FACE ( 'NONE', ( #2104 ), #1628, .T. ) ;
#424 = EDGE_CURVE ( 'NONE', #523, #2219, #1387, .T. ) ;
#425 = VERTEX_POINT ( 'NONE', #632 ) ;
#426 = CIRCLE ( 'NONE', #2593, 3.000000000000000888 ) ;
#427 = LINE ( 'NONE', #1660, #1510 ) ;
#428 = EDGE_CURVE ( 'NONE', #3024, #318, #1871, .T. ) ;
#429 = VERTEX_POINT ( 'NONE', #1609 ) ;
#430 = DIRECTION ( 'NONE',  ( 2.322933129966762026E-15, 0.000000000000000000, 1.000000000000000000 ) ) ;
#431 = DIRECTION ( 'NONE',  ( -1.000000000000000000, 0.000000000000000000, 0.000000000000000000 ) ) ;
#432 = CARTESIAN_POINT ( 'NONE',  ( -13.35482241941343595, -44.06140289266539156, -11.92166258965327152 ) ) ;
#433 = CARTESIAN_POINT ( 'NONE',  ( 10.62616838309186562, -17.29999999999999716, -14.45526076821776584 ) ) ;
#434 = ORIENTED_EDGE ( 'NONE', *, *, #98, .F. ) ;
#435 = LINE ( 'NONE', #644, #119 ) ;
#436 =( LENGTH_UNIT ( ) NAMED_UNIT ( * ) SI_UNIT ( .MILLI., .METRE. ) );
#437 = CARTESIAN_POINT ( 'NONE',  ( 13.53026451529302143, -16.52248481339753639, -14.38526636607721088 ) ) ;
#438 = B_SPLINE_CURVE_WITH_KNOTS ( 'NONE', 3,
 ( #1987, #2930, #49, #2695 ),
 .UNSPECIFIED., .F., .F.,
 ( 4, 4 ),
 ( 0.7501017384358169560, 1.000000000000000000 ),
 .UNSPECIFIED. ) ;
#439 = CARTESIAN_POINT ( 'NONE',  ( -12.47271977808964394, -5.400000000000022560, 3.968638531505615408 ) ) ;
#440 = ORIENTED_EDGE ( 'NONE', *, *, #3012, .F. ) ;
#441 = VERTEX_POINT ( 'NONE', #2670 ) ;
#442 = LINE ( 'NONE', #1399, #1486 ) ;
#443 = DIRECTION ( 'NONE',  ( 1.000000000000000000, 0.000000000000000000, 0.000000000000000000 ) ) ;
#444 = ORIENTED_EDGE ( 'NONE', *, *, #953, .T. ) ;
#445 = CARTESIAN_POINT ( 'NONE',  ( 0.000000000000000000, -6.200000000000001066, -7.831440883716745738 ) ) ;
#446 = EDGE_CURVE ( 'NONE', #1768, #1404, #1230, .T. ) ;
#447 = VECTOR ( 'NONE', #2715, 1000.000000000000000 ) ;
#448 = CARTESIAN_POINT ( 'NONE',  ( -28.63413071281586753, -46.78224823878640848, 4.158198192760919731 ) ) ;
#449 = VERTEX_POINT ( 'NONE', #985 ) ;
#450 = COLOUR_RGB ( '',0.7921568627450980005, 0.8196078431372548767, 0.9333333333333333481 ) ;
#451 = CARTESIAN_POINT ( 'NONE',  ( 4.983086966627076286, -19.35522525769687974, -13.75633370754639628 ) ) ;
#452 = ADVANCED_FACE ( 'NONE', ( #1447 ), #1948, .F. ) ;
#453 = EDGE_CURVE ( 'NONE', #1907, #2175, #1951, .T. ) ;
#454 = CARTESIAN_POINT ( 'NONE',  ( 7.626168383091866509, -21.29999999999998650, -7.831440883716745738 ) ) ;
#455 = CARTESIAN_POINT ( 'NONE',  ( -26.39006620153999805, -28.54103223717070392, 4.128564296106061349 ) ) ;
#456 = VERTEX_POINT ( 'NONE', #918 ) ;
#457 = DIRECTION ( 'NONE',  ( -0.000000000000000000, -0.000000000000000000, -1.000000000000000000 ) ) ;
#458 = ORIENTED_EDGE ( 'NONE', *, *, #1467, .F. ) ;
#459 = ORIENTED_EDGE ( 'NONE', *, *, #2763, .T. ) ;
#460 = DIRECTION ( 'NONE',  ( -0.000000000000000000, -0.000000000000000000, 1.000000000000000000 ) ) ;
#461 = CARTESIAN_POINT ( 'NONE',  ( -21.91800382085757448, -22.23298012195271767, -10.85714338792685929 ) ) ;
#462 = CARTESIAN_POINT ( 'NONE',  ( 1.076994098342210604, 0.000000000000000000, 3.185956594771593764 ) ) ;
#463 = CARTESIAN_POINT ( 'NONE',  ( -22.37383161690812727, -22.49615242270662563, -10.79684584942134151 ) ) ;
#464 = CARTESIAN_POINT ( 'NONE',  ( 2.777730924474994367, 0.000000000000000000, -12.83368181960926790 ) ) ;
#465 = ORIENTED_EDGE ( 'NONE', *, *, #1212, .F. ) ;
#466 = CARTESIAN_POINT ( 'NONE',  ( 11.62616838309187450, -47.79999999999999716, 4.132094896612386492 ) ) ;
#467 = CARTESIAN_POINT ( 'NONE',  ( -22.47037857568474806, -16.51992531838881462, -10.78406806102442239 ) ) ;
#468 = CIRCLE ( 'NONE', #2789, 2.500000000000002220 ) ;
#469 = EDGE_CURVE ( 'NONE', #69, #1549, #2656, .T. ) ;
#470 = CIRCLE ( 'NONE', #1862, 1.600000000000002531 ) ;
#471 = CARTESIAN_POINT ( 'NONE',  ( -22.37383161690812727, -6.200000000000001066, -10.79684584813098169 ) ) ;
#472 = CARTESIAN_POINT ( 'NONE',  ( -22.37383161690812727, -12.10384757729336691, -14.50089642712106297 ) ) ;
#473 = LINE ( 'NONE', #2391, #1435 ) ;
#474 = DIRECTION ( 'NONE',  ( -0.000000000000000000, -0.000000000000000000, 1.000000000000000000 ) ) ;
#475 = VERTEX_POINT ( 'NONE', #2637 ) ;
#476 = ORIENTED_EDGE ( 'NONE', *, *, #2815, .F. ) ;
#477 = DIRECTION ( 'NONE',  ( 1.000000000000000000, 0.000000000000000000, 0.000000000000000000 ) ) ;
#478 = CARTESIAN_POINT ( 'NONE',  ( -11.37383161690812017, -41.79999999999999716, -4.831440883716746626 ) ) ;
#479 = ORIENTED_EDGE ( 'NONE', *, *, #1720, .T. ) ;
#480 = EDGE_LOOP ( 'NONE', ( #3123, #1664, #2528, #3054 ) ) ;
#481 = VECTOR ( 'NONE', #1189, 1000.000000000000000 ) ;
#482 = CYLINDRICAL_SURFACE ( 'NONE', #2468, 6.000000000000001776 ) ;
#483 = CARTESIAN_POINT ( 'NONE',  ( -22.37383161690812372, -40.79999999999999716, -10.79684584942134329 ) ) ;
#484 = VECTOR ( 'NONE', #2734, 1000.000000000000000 ) ;
#485 = EDGE_CURVE ( 'NONE', #816, #419, #1434, .T. ) ;
#486 = EDGE_LOOP ( 'NONE', ( #1997, #1854, #815, #2738 ) ) ;
#487 = ORIENTED_EDGE ( 'NONE', *, *, #2233, .T. ) ;
#488 = CARTESIAN_POINT ( 'NONE',  ( 13.62616838309186029, -17.30000000000000071, -14.39144999125828406 ) ) ;
#489 = ORIENTED_EDGE ( 'NONE', *, *, #3108, .T. ) ;
#490 = CARTESIAN_POINT ( 'NONE',  ( -25.37383161690809885, -27.79999999999999361, 7.368339351065167263E-14 ) ) ;
#491 = CARTESIAN_POINT ( 'NONE',  ( -9.830289861711730026, 1.199999999999999956, 2.131604324846017286E-15 ) ) ;
#492 = CARTESIAN_POINT ( 'NONE',  ( -22.87383161690812372, -17.29999999999999716, -4.831440883716745738 ) ) ;
#493 = EDGE_CURVE ( 'NONE', #326, #65, #995, .T. ) ;
#494 = ORIENTED_EDGE ( 'NONE', *, *, #109, .T. ) ;
#495 = DIRECTION ( 'NONE',  ( -1.000000000000000000, 0.000000000000000000, -0.000000000000000000 ) ) ;
#496 = LINE ( 'NONE', #1240, #2527 ) ;
#497 = CIRCLE ( 'NONE', #391, 1.600000000000002531 ) ;
#498 = DIRECTION ( 'NONE',  ( 1.000000000000000000, 0.000000000000000000, -2.168404344971008868E-16 ) ) ;
#499 = CARTESIAN_POINT ( 'NONE',  ( 9.123185995334727849, -14.69630778638292590, -14.07996329265945690 ) ) ;
#500 = VECTOR ( 'NONE', #1521, 1000.000000000000000 ) ;
#501 = ORIENTED_EDGE ( 'NONE', *, *, #2478, .T. ) ;
#502 = EDGE_CURVE ( 'NONE', #1300, #532, #213, .T. ) ;
#503 = ORIENTED_EDGE ( 'NONE', *, *, #2304, .F. ) ;
#504 = DIRECTION ( 'NONE',  ( -0.000000000000000000, -0.000000000000000000, -1.000000000000000000 ) ) ;
#505 = DIRECTION ( 'NONE',  ( 1.000000000000000000, 0.000000000000000000, -0.000000000000000000 ) ) ;
#506 = VERTEX_POINT ( 'NONE', #697 ) ;
#507 = DIRECTION ( 'NONE',  ( 0.000000000000000000, 1.000000000000000000, 0.000000000000000000 ) ) ;
#508 = AXIS2_PLACEMENT_3D ( 'NONE', #304, #1047, #1062 ) ;
#509 = EDGE_CURVE ( 'NONE', #309, #36, #1196, .T. ) ;
#510 = DIRECTION ( 'NONE',  ( 1.000000000000000000, 0.000000000000000000, 0.000000000000000000 ) ) ;
#511 = CARTESIAN_POINT ( 'NONE',  ( 10.62616838309186562, -17.29999999999999716, -14.45526076821776584 ) ) ;
#512 = CARTESIAN_POINT ( 'NONE',  ( 14.62616838309187095, -47.79999999999999716, -14.45476076821776523 ) ) ;
#513 = ORIENTED_EDGE ( 'NONE', *, *, #2324, .T. ) ;
#514 = DIRECTION ( 'NONE',  ( 1.000000000000000000, 0.000000000000000000, 0.000000000000000000 ) ) ;
#515 = DIRECTION ( 'NONE',  ( -0.000000000000000000, -0.000000000000000000, 1.000000000000000000 ) ) ;
#516 = EDGE_CURVE ( 'NONE', #2986, #2338, #2890, .T. ) ;
#517 = LINE ( 'NONE', #730, #2218 ) ;
#518 = CARTESIAN_POINT ( 'NONE',  ( 11.62616838309187450, -44.79999999999999005, -2.164231050744044015E-15 ) ) ;
#519 = EDGE_LOOP ( 'NONE', ( #1007, #907, #2872, #1365 ) ) ;
#520 = DIRECTION ( 'NONE',  ( -0.000000000000000000, -0.000000000000000000, 1.000000000000000000 ) ) ;
#521 = CARTESIAN_POINT ( 'NONE',  ( -22.77308584274626924, -15.79176531539391526, -10.74391131850632064 ) ) ;
#522 = ADVANCED_FACE ( 'NONE', ( #2457 ), #765, .F. ) ;
#523 = VERTEX_POINT ( 'NONE', #353 ) ;
#524 = DIRECTION ( 'NONE',  ( 0.000000000000000000, -1.000000000000000000, 0.000000000000000000 ) ) ;
#525 = CIRCLE ( 'NONE', #3004, 2.500000000000002220 ) ;
#526 = CARTESIAN_POINT ( 'NONE',  ( 10.22046270377769694, -4.200000000000030376, -14.18060235617062759 ) ) ;
#527 = ORIENTED_EDGE ( 'NONE', *, *, #2749, .T. ) ;
#528 = FACE_OUTER_BOUND ( 'NONE', #729, .T. ) ;
#529 = CARTESIAN_POINT ( 'NONE',  ( -11.03028986171172932, 1.199999999999999956, 2.391812846242538351E-15 ) ) ;
#530 = CARTESIAN_POINT ( 'NONE',  ( -28.37383161690812372, -13.29999999999998472, -7.831440883716745738 ) ) ;
#531 = DIRECTION ( 'NONE',  ( -0.000000000000000000, -0.000000000000000000, -1.000000000000000000 ) ) ;
#532 = VERTEX_POINT ( 'NONE', #1257 ) ;
#533 = CARTESIAN_POINT ( 'NONE',  ( -25.37383161690812372, -17.29999999999999716, -14.45526076821776584 ) ) ;
#534 = FACE_OUTER_BOUND ( 'NONE', #3115, .T. ) ;
#535 = VERTEX_POINT ( 'NONE', #804 ) ;
#536 = EDGE_CURVE ( 'NONE', #2832, #1621, #2611, .T. ) ;
#537 = PLANE ( 'NONE',  #1298 ) ;
#538 = VECTOR ( 'NONE', #2880, 1000.000000000000000 ) ;
#539 = VERTEX_POINT ( 'NONE', #2511 ) ;
#540 = PLANE ( 'NONE',  #866 ) ;
#541 = CARTESIAN_POINT ( 'NONE',  ( -19.51131112819124169, -18.60353686609218471, -11.16874694803704493 ) ) ;
#542 = LINE ( 'NONE', #2484, #651 ) ;
#543 = EDGE_LOOP ( 'NONE', ( #2128, #2381, #1397, #976 ) ) ;
#544 = CARTESIAN_POINT ( 'NONE',  ( 14.22984651704086900, -46.30309567244286484, -14.42994090137326424 ) ) ;
#545 = EDGE_CURVE ( 'NONE', #1768, #845, #1268, .T. ) ;
#546 = ORIENTED_EDGE ( 'NONE', *, *, #1021, .T. ) ;
#547 = CARTESIAN_POINT ( 'NONE',  ( -13.75638167021266156, -39.96650031801778624, -11.87454886973126555 ) ) ;
#548 = CARTESIAN_POINT ( 'NONE',  ( 9.295326259310781936, -19.99580546101728373, -14.09266237280793810 ) ) ;
#549 = EDGE_CURVE ( 'NONE', #2832, #2175, #1748, .T. ) ;
#550 = AXIS2_PLACEMENT_3D ( 'NONE', #2989, #2236, #2969 ) ;
#551 = ORIENTED_EDGE ( 'NONE', *, *, #1689, .T. ) ;
#552 = CARTESIAN_POINT ( 'NONE',  ( 10.62616838309186562, -17.29999999999999716, -8.339822604851033105 ) ) ;
#553 = DIRECTION ( 'NONE',  ( -1.000000000000000000, -0.000000000000000000, -0.000000000000000000 ) ) ;
#554 = ORIENTED_EDGE ( 'NONE', *, *, #752, .T. ) ;
#555 = CARTESIAN_POINT ( 'NONE',  ( 7.626168383091864733, -13.29999999999998472, -3.731440883716746537 ) ) ;
#556 = CARTESIAN_POINT ( 'NONE',  ( -25.76652785668290946, -14.31941546326906689, -10.33873847374516330 ) ) ;
#557 = B_SPLINE_CURVE_WITH_KNOTS ( 'NONE', 3,
 ( #274, #747, #287, #1251, #2210, #793, #1263, #2032, #1983, #571, #2744, #1526, #2505, #2275, #2015, #2954, #2759, #810, #1742, #1326, #104, #3007, #2774, #2518, #607, #589, #547, #2491, #1803, #2792, #343, #2049, #1583, #2224 ),
 .UNSPECIFIED., .F., .F.,
 ( 4, 2, 2, 2, 2, 2, 2, 2, 2, 2, 2, 2, 2, 2, 2, 2, 4 ),
 ( 0.000000000000000000, 0.0005881266309837115827, 0.001176253261967423165, 0.001764379892951134857, 0.002352506523934846331, 0.002940633154918557805, 0.003528759785902269713, 0.004116886416885980754, 0.004705013047869692662, 0.005293139678853404570, 0.005881266309837115611, 0.006469392940820827519, 0.007057519571804539427, 0.007645646202788250467, 0.008233772833771961508, 0.008821899464755674283, 0.009410026095739385324 ),
 .UNSPECIFIED. ) ;
#558 = ORIENTED_EDGE ( 'NONE', *, *, #2358, .T. ) ;
#559 = DIRECTION ( 'NONE',  ( 0.000000000000000000, -0.000000000000000000, -1.000000000000000000 ) ) ;
#560 = CARTESIAN_POINT ( 'NONE',  ( 0.000000000000000000, 0.000000000000000000, 0.000000000000000000 ) ) ;
#561 = AXIS2_PLACEMENT_3D ( 'NONE', #331, #1017, #559 ) ;
#562 = EDGE_LOOP ( 'NONE', ( #1663, #2688 ) ) ;
#563 = CARTESIAN_POINT ( 'NONE',  ( 10.62616838331042501, -27.79999999999999361, 4.117063039008507452 ) ) ;
#564 = CIRCLE ( 'NONE', #1883, 2.999999999999999112 ) ;
#565 = CARTESIAN_POINT ( 'NONE',  ( 14.27557210174896518, -21.53460181106227722, -8.031440883716745915 ) ) ;
#566 = EDGE_LOOP ( 'NONE', ( #2247, #263, #2889, #2726 ) ) ;
#567 = CARTESIAN_POINT ( 'NONE',  ( 14.62616838309187450, -4.200000000000000178, 3.382985835671271424 ) ) ;
#568 = CARTESIAN_POINT ( 'NONE',  ( -28.21951108343403902, -16.32988843892027120, -9.995996899188554607 ) ) ;
#569 = ORIENTED_EDGE ( 'NONE', *, *, #722, .F. ) ;
#570 = ORIENTED_EDGE ( 'NONE', *, *, #894, .T. ) ;
#571 = CARTESIAN_POINT ( 'NONE',  ( -9.395203818018394770, -39.53651936370020081, -12.37079212250996108 ) ) ;
#572 = DIRECTION ( 'NONE',  ( 1.000000000000000000, 0.000000000000000000, 0.000000000000000000 ) ) ;
#573 = B_SPLINE_CURVE_WITH_KNOTS ( 'NONE', 3,
 ( #2506, #2795, #1546, #2019, #1364, #608, #1121, #1758, #1770, #345, #3010, #827, #591, #3106, #3051, #1409 ),
 .UNSPECIFIED., .F., .F.,
 ( 4, 2, 2, 2, 2, 2, 2, 4 ),
 ( 0.006267866405567903455, 0.007834275971738521166, 0.008617480754823832190, 0.009400685537909141479, 0.01018389032099445077, 0.01096709510407976179, 0.01175029988716507282, 0.01253350467025038210 ),
 .UNSPECIFIED. ) ;
#574 = PRODUCT_DEFINITION ( 'UNKNOWN', '', #1668, #2864 ) ;
#575 = CARTESIAN_POINT ( 'NONE',  ( 14.62616838309187450, -5.400000000000000355, -2.722686161515925971E-15 ) ) ;
#576 = FACE_BOUND ( 'NONE', #2011, .T. ) ;
#577 = EDGE_CURVE ( 'NONE', #3095, #2857, #2981, .T. ) ;
#578 = ORIENTED_EDGE ( 'NONE', *, *, #2629, .T. ) ;
#579 = CARTESIAN_POINT ( 'NONE',  ( -25.37383161726185321, -47.79999999999999716, 4.116049394397460759 ) ) ;
#580 = FACE_OUTER_BOUND ( 'NONE', #543, .T. ) ;
#581 = CARTESIAN_POINT ( 'NONE',  ( 11.07348558586413745, 0.000000000000000000, 3.317625516195179092 ) ) ;
#582 = VECTOR ( 'NONE', #748, 1000.000000000000000 ) ;
#583 = ORIENTED_EDGE ( 'NONE', *, *, #1208, .T. ) ;
#584 = DIRECTION ( 'NONE',  ( 0.000000000000000000, 0.000000000000000000, 1.000000000000000000 ) ) ;
#585 = DIRECTION ( 'NONE',  ( 1.000000000000000000, 0.000000000000000000, 0.000000000000000000 ) ) ;
#586 = CARTESIAN_POINT ( 'NONE',  ( -8.373831616908129050, -46.79999999999999716, -3.731440883716746537 ) ) ;
#587 = EDGE_CURVE ( 'NONE', #2597, #1122, #1067, .T. ) ;
#588 = ORIENTED_EDGE ( 'NONE', *, *, #1431, .T. ) ;
#589 = CARTESIAN_POINT ( 'NONE',  ( -13.63165061532136590, -39.81469526169243522, -11.88921846644945646 ) ) ;
#590 = CARTESIAN_POINT ( 'NONE',  ( 16.21133228325965092, -19.59258461310873045, -9.031440883716744139 ) ) ;
#591 = CARTESIAN_POINT ( 'NONE',  ( -21.51171113533426649, -12.70082946042440675, -10.91031369316627853 ) ) ;
#592 = AXIS2_PLACEMENT_3D ( 'NONE', #1209, #524, #2664 ) ;
#593 = CARTESIAN_POINT ( 'NONE',  ( -11.37383161690812194, -38.79999999999999716, -3.731440883716746537 ) ) ;
#594 = AXIS2_PLACEMENT_3D ( 'NONE', #15, #1958, #750 ) ;
#595 = ADVANCED_FACE ( 'NONE', ( #528 ), #1167, .T. ) ;
#596 = DIRECTION ( 'NONE',  ( 1.000000000000000000, 0.000000000000000000, 0.000000000000000000 ) ) ;
#597 = CARTESIAN_POINT ( 'NONE',  ( -27.69837313350814512, -47.49888629785243666, -10.06962397042354063 ) ) ;
#598 = VECTOR ( 'NONE', #1466, 1000.000000000000000 ) ;
#599 = CARTESIAN_POINT ( 'NONE',  ( 13.62616838309186207, -17.10152794075239413, -14.39144999125828583 ) ) ;
#600 = FACE_OUTER_BOUND ( 'NONE', #1815, .T. ) ;
#601 = VECTOR ( 'NONE', #1338, 1000.000000000000000 ) ;
#602 = EDGE_LOOP ( 'NONE', ( #1117, #2961, #2227, #2708 ) ) ;
#603 = DIRECTION ( 'NONE',  ( 2.903912764265055945E-15, 0.000000000000000000, 1.000000000000000000 ) ) ;
#604 = FACE_OUTER_BOUND ( 'NONE', #1652, .T. ) ;
#605 = ORIENTED_EDGE ( 'NONE', *, *, #3068, .F. ) ;
#606 = CARTESIAN_POINT ( 'NONE',  ( -24.05067531231003741, -19.99958230189586672, -10.57276425105055040 ) ) ;
#607 = CARTESIAN_POINT ( 'NONE',  ( -13.35122746583328990, -39.53525118607036148, -11.92208346677661979 ) ) ;
#608 = CARTESIAN_POINT ( 'NONE',  ( -19.93234142114505048, -14.75862867788276311, -11.11490506091579533 ) ) ;
#609 = LINE ( 'NONE', #1784, #1898 ) ;
#610 = CARTESIAN_POINT ( 'NONE',  ( -25.39325876912700153, -30.40712915347628709, 4.116282998359197975 ) ) ;
#611 = LINE ( 'NONE', #381, #2825 ) ;
#612 = DIRECTION ( 'NONE',  ( 0.000000000000000000, 0.000000000000000000, 1.000000000000000000 ) ) ;
#613 = LINE ( 'NONE', #2321, #948 ) ;
#614 = VECTOR ( 'NONE', #1606, 1000.000000000000000 ) ;
#615 = VERTEX_POINT ( 'NONE', #150 ) ;
#616 = CARTESIAN_POINT ( 'NONE',  ( 5.441002352504240136, -20.39258035226887245, -9.031440883716745915 ) ) ;
#617 = PLANE ( 'NONE',  #1714 ) ;
#618 = VECTOR ( 'NONE', #3118, 1000.000000000000000 ) ;
#619 = DIRECTION ( 'NONE',  ( -0.000000000000000000, -1.000000000000000000, -0.000000000000000000 ) ) ;
#620 = CARTESIAN_POINT ( 'NONE',  ( -28.21920037754505017, -18.27072373116059723, -9.996040837691898773 ) ) ;
#621 = ORIENTED_EDGE ( 'NONE', *, *, #2629, .F. ) ;
#622 = CARTESIAN_POINT ( 'NONE',  ( 13.62616838309189937, -27.79999999999999361, 4.165043435333927846 ) ) ;
#623 = DIRECTION ( 'NONE',  ( 1.861517035906274829E-16, 0.000000000000000000, 1.000000000000000000 ) ) ;
#624 = CARTESIAN_POINT ( 'NONE',  ( -14.07603589879990125, -36.43155958312373599, -11.83691682794755629 ) ) ;
#625 = DIRECTION ( 'NONE',  ( -0.000000000000000000, -0.000000000000000000, 1.000000000000000000 ) ) ;
#626 = EDGE_CURVE ( 'NONE', #506, #3095, #2448, .T. ) ;
#627 = ORIENTED_EDGE ( 'NONE', *, *, #1199, .F. ) ;
#628 = AXIS2_PLACEMENT_3D ( 'NONE', #1571, #2746, #778 ) ;
#629 = ADVANCED_FACE ( 'NONE', ( #221 ), #2140, .F. ) ;
#630 = AXIS2_PLACEMENT_3D ( 'NONE', #1650, #2421, #3114 ) ;
#631 = EDGE_LOOP ( 'NONE', ( #1303, #1482, #1613, #1256 ) ) ;
#632 = CARTESIAN_POINT ( 'NONE',  ( 7.626168383091866509, -40.79999999999999716, -13.96697161315169033 ) ) ;
#633 = VECTOR ( 'NONE', #1648, 1000.000000000000000 ) ;
#634 = ORIENTED_EDGE ( 'NONE', *, *, #1395, .F. ) ;
#635 = CARTESIAN_POINT ( 'NONE',  ( 11.64405070292346345, -28.53958609460258344, 4.132363228020725643 ) ) ;
#636 = AXIS2_PLACEMENT_3D ( 'NONE', #293, #39, #2267 ) ;
#637 = CARTESIAN_POINT ( 'NONE',  ( 11.96020810055362738, -47.79999999999999716, 4.136480858443043473 ) ) ;
#638 = DIRECTION ( 'NONE',  ( 1.000000000000000000, -0.000000000000000000, 0.000000000000000000 ) ) ;
#639 = AXIS2_PLACEMENT_3D ( 'NONE', #1274, #2251, #338 ) ;
#640 = CARTESIAN_POINT ( 'NONE',  ( 13.22715367038804679, -18.80787662878502076, -14.36559893857628012 ) ) ;
#641 = ORIENTED_EDGE ( 'NONE', *, *, #577, .F. ) ;
#642 = CARTESIAN_POINT ( 'NONE',  ( 5.185465083680511178, -14.75674420019726085, -13.77296378684299683 ) ) ;
#643 = DIRECTION ( 'NONE',  ( -0.000000000000000000, -0.000000000000000000, -1.000000000000000000 ) ) ;
#644 = CARTESIAN_POINT ( 'NONE',  ( -8.873831616908118392, -41.79999999999999716, -8.031440883716745915 ) ) ;
#645 = CARTESIAN_POINT ( 'NONE',  ( 11.59238891853678766, -14.45315130326341801, -14.25610004065611136 ) ) ;
#646 = CARTESIAN_POINT ( 'NONE',  ( -25.43909793067360781, -4.200000000000030376, 4.112708663922704844 ) ) ;
#647 = ORIENTED_EDGE ( 'NONE', *, *, #2131, .F. ) ;
#648 = VECTOR ( 'NONE', #267, 1000.000000000000000 ) ;
#649 = DIRECTION ( 'NONE',  ( 0.000000000000000000, 0.000000000000000000, 1.000000000000000000 ) ) ;
#650 = EDGE_CURVE ( 'NONE', #65, #994, #1113, .T. ) ;
#651 = VECTOR ( 'NONE', #2010, 1000.000000000000000 ) ;
#652 = VERTEX_POINT ( 'NONE', #2650 ) ;
#653 = CARTESIAN_POINT ( 'NONE',  ( 13.29361060364491465, -47.79999999999999716, 4.158423724952641010 ) ) ;
#654 = CARTESIAN_POINT ( 'NONE',  ( -12.75985843468692416, -35.95187545537331175, -11.99102282482310322 ) ) ;
#655 = CARTESIAN_POINT ( 'NONE',  ( -8.873831616908116615, -41.79999999999999716, -4.831440883716745738 ) ) ;
#656 = CARTESIAN_POINT ( 'NONE',  ( 11.23118471009893682, -14.87431344892915064, -8.339822604851033105 ) ) ;
#657 = LINE ( 'NONE', #1416, #1877 ) ;
#658 = ORIENTED_EDGE ( 'NONE', *, *, #2921, .F. ) ;
#659 = ORIENTED_EDGE ( 'NONE', *, *, #708, .T. ) ;
#660 = CARTESIAN_POINT ( 'NONE',  ( 10.42616944830182746, -14.60741751731110405, -9.031440883716747692 ) ) ;
#661 = DIRECTION ( 'NONE',  ( -0.000000000000000000, -0.000000000000000000, 1.000000000000000000 ) ) ;
#662 = LINE ( 'NONE', #2604, #1857 ) ;
#663 = CARTESIAN_POINT ( 'NONE',  ( -21.71056838873622752, -47.79999999999999716, -10.90170666505620822 ) ) ;
#664 = DIRECTION ( 'NONE',  ( -0.000000000000000000, 0.000000000000000000, 1.000000000000000000 ) ) ;
#665 = ORIENTED_EDGE ( 'NONE', *, *, #2741, .F. ) ;
#666 = CARTESIAN_POINT ( 'NONE',  ( -16.75580516136881570, -39.12467524424545928, -11.51379747163747957 ) ) ;
#667 = LINE ( 'NONE', #216, #97 ) ;
#668 = CARTESIAN_POINT ( 'NONE',  ( -29.22067162581371846, -45.76650321191727500, 4.166389785864233808 ) ) ;
#669 = DIRECTION ( 'NONE',  ( -1.000000000000000000, 0.000000000000000000, 0.000000000000000000 ) ) ;
#670 = VERTEX_POINT ( 'NONE', #947 ) ;
#671 = DIRECTION ( 'NONE',  ( 0.000000000000000000, -1.000000000000000000, 0.000000000000000000 ) ) ;
#672 = FACE_OUTER_BOUND ( 'NONE', #1844, .T. ) ;
#673 = CARTESIAN_POINT ( 'NONE',  ( -26.37383161690813083, -47.79999999999999005, 4.128365056571587033 ) ) ;
#674 = CARTESIAN_POINT ( 'NONE',  ( -28.37383161690812372, -17.29999999999999716, -14.50089642712106297 ) ) ;
#675 = EDGE_CURVE ( 'NONE', #2597, #1032, #1811, .T. ) ;
#676 = ORIENTED_EDGE ( 'NONE', *, *, #713, .F. ) ;
#677 = CARTESIAN_POINT ( 'NONE',  ( -28.37383161690812372, -21.29999999999998650, -3.731440883716746537 ) ) ;
#678 = CARTESIAN_POINT ( 'NONE',  ( -20.45660518470340605, -20.74812125683741115, -11.04745504352274565 ) ) ;
#679 = ADVANCED_FACE ( 'NONE', ( #2283 ), #1368, .F. ) ;
#680 = CARTESIAN_POINT ( 'NONE',  ( -11.87672306127668698, -4.200000000000000178, -11.38231140209159165 ) ) ;
#681 = VERTEX_POINT ( 'NONE', #1097 ) ;
#682 = CARTESIAN_POINT ( 'NONE',  ( 10.62616838309186562, -17.29999999999999716, -14.50089642712106297 ) ) ;
#683 = DIRECTION ( 'NONE',  ( 1.000000000000000000, 0.000000000000000000, 0.000000000000000000 ) ) ;
#684 = AXIS2_PLACEMENT_3D ( 'NONE', #552, #2202, #817 ) ;
#685 = CARTESIAN_POINT ( 'NONE',  ( -23.87679143330484166, -14.69274375729582793, -10.59621120530940175 ) ) ;
#686 = ORIENTED_EDGE ( 'NONE', *, *, #402, .T. ) ;
#687 = PRESENTATION_LAYER_ASSIGNMENT (  '', '', ( #2612 ) ) ;
#688 = CARTESIAN_POINT ( 'NONE',  ( 4.694068782263443929, -18.34235572256060820, -13.73244989378356884 ) ) ;
#689 = CARTESIAN_POINT ( 'NONE',  ( 14.62616838309187450, -27.79999999999999361, 4.182978693911428181 ) ) ;
#690 = CARTESIAN_POINT ( 'NONE',  ( -26.86855107207794191, -28.19750328267466344, 4.134653062501729259 ) ) ;
#691 = LINE ( 'NONE', #189, #2836 ) ;
#692 = DIRECTION ( 'NONE',  ( 1.000000000000000000, 0.000000000000000000, 0.000000000000000000 ) ) ;
#693 = CARTESIAN_POINT ( 'NONE',  ( 5.509150105118906460, -40.79999999999999716, -13.80395657131373888 ) ) ;
#694 = ORIENTED_EDGE ( 'NONE', *, *, #708, .F. ) ;
#695 = VECTOR ( 'NONE', #1206, 1000.000000000000000 ) ;
#696 = ORIENTED_EDGE ( 'NONE', *, *, #1154, .F. ) ;
#697 = CARTESIAN_POINT ( 'NONE',  ( -22.37383161690812727, -6.200000000000001066, -10.79684584813098169 ) ) ;
#698 = DIRECTION ( 'NONE',  ( 1.000000000000000000, 0.000000000000000000, 0.000000000000000000 ) ) ;
#699 = CARTESIAN_POINT ( 'NONE',  ( -11.37383161690812017, -41.79999999999999716, -4.831440883716745738 ) ) ;
#700 = VECTOR ( 'NONE', #3105, 1000.000000000000000 ) ;
#701 = PLANE ( 'NONE',  #2765 ) ;
#702 = ORIENTED_EDGE ( 'NONE', *, *, #368, .F. ) ;
#703 = PLANE ( 'NONE',  #2972 ) ;
#704 = FACE_OUTER_BOUND ( 'NONE', #2751, .T. ) ;
#705 = CARTESIAN_POINT ( 'NONE',  ( -26.76997970937239657, -47.79999999999999716, 4.133352619637987502 ) ) ;
#706 = AXIS2_PLACEMENT_3D ( 'NONE', #1968, #2252, #101 ) ;
#707 = ORIENTED_EDGE ( 'NONE', *, *, #1718, .T. ) ;
#708 = EDGE_CURVE ( 'NONE', #2083, #1947, #611, .T. ) ;
#709 = CARTESIAN_POINT ( 'NONE',  ( 7.626168383091866509, 0.000000000000000000, -14.50089642712106297 ) ) ;
#710 = CARTESIAN_POINT ( 'NONE',  ( -9.773831616908122299, -41.79999999999999716, -14.45526076821776584 ) ) ;
#711 = AXIS2_PLACEMENT_3D ( 'NONE', #276, #288, #46 ) ;
#712 = ORIENTED_EDGE ( 'NONE', *, *, #2109, .F. ) ;
#713 = EDGE_CURVE ( 'NONE', #475, #1981, #45, .T. ) ;
#714 = CYLINDRICAL_SURFACE ( 'NONE', #319, 2.500000000000000444 ) ;
#715 = DIRECTION ( 'NONE',  ( -0.000000000000000000, -0.000000000000000000, 1.000000000000000000 ) ) ;
#716 = VERTEX_POINT ( 'NONE', #2942 ) ;
#717 = ORIENTED_EDGE ( 'NONE', *, *, #1154, .T. ) ;
#718 = CARTESIAN_POINT ( 'NONE',  ( -13.61308177976165901, 0.000000000000000000, 3.184990813569347434 ) ) ;
#719 = VERTEX_POINT ( 'NONE', #2927 ) ;
#720 = PLANE ( 'NONE',  #1100 ) ;
#721 = CARTESIAN_POINT ( 'NONE',  ( -14.37383161690812017, -41.79999999999999005, -3.731440883716746537 ) ) ;
#722 = EDGE_CURVE ( 'NONE', #1200, #2636, #1226, .T. ) ;
#723 = ORIENTED_EDGE ( 'NONE', *, *, #2785, .T. ) ;
#724 = VECTOR ( 'NONE', #572, 1000.000000000000000 ) ;
#725 = VECTOR ( 'NONE', #1577, 1000.000000000000000 ) ;
#726 = LINE ( 'NONE', #472, #2756 ) ;
#727 = AXIS2_PLACEMENT_3D ( 'NONE', #2167, #2982, #1033 ) ;
#728 = B_SPLINE_CURVE_WITH_KNOTS ( 'NONE', 1,
 ( #2422, #1910 ),
 .UNSPECIFIED., .F., .F.,
 ( 2, 2 ),
 ( 0.3083817211343433673, 1.000000000000000000 ),
 .UNSPECIFIED. ) ;
#729 = EDGE_LOOP ( 'NONE', ( #1162, #487, #2863, #2282, #1292, #2163 ) ) ;
#730 = CARTESIAN_POINT ( 'NONE',  ( -28.37383161690812372, -21.29999999999998650, -3.731440883716746537 ) ) ;
#731 = ORIENTED_EDGE ( 'NONE', *, *, #1414, .F. ) ;
#732 = CARTESIAN_POINT ( 'NONE',  ( 10.62616838309186562, -17.29999999999999716, -9.031440883716747692 ) ) ;
#733 = CYLINDRICAL_SURFACE ( 'NONE', #1965, 2.500000000000000444 ) ;
#734 = DIRECTION ( 'NONE',  ( 1.000000000000000000, 0.000000000000000000, 7.228014483236714305E-16 ) ) ;
#735 = ORIENTED_EDGE ( 'NONE', *, *, #852, .T. ) ;
#736 = CYLINDRICAL_SURFACE ( 'NONE', #935, 1.600000000000002531 ) ;
#737 = EDGE_CURVE ( 'NONE', #2758, #425, #2709, .T. ) ;
#738 = CARTESIAN_POINT ( 'NONE',  ( 14.62616838309187450, -4.200000000000000178, 4.182978693911425516 ) ) ;
#739 = CARTESIAN_POINT ( 'NONE',  ( 8.798191483515978462, -14.91323028849130949, -14.05583300407047886 ) ) ;
#740 = ORIENTED_EDGE ( 'NONE', *, *, #368, .T. ) ;
#741 = DIRECTION ( 'NONE',  ( -0.000000000000000000, -0.000000000000000000, 1.000000000000000000 ) ) ;
#742 = VECTOR ( 'NONE', #1345, 1000.000000000000000 ) ;
#743 = VERTEX_POINT ( 'NONE', #1252 ) ;
#744 = AXIS2_PLACEMENT_3D ( 'NONE', #1359, #1342, #1832 ) ;
#745 = FACE_OUTER_BOUND ( 'NONE', #26, .T. ) ;
#746 = ORIENTED_EDGE ( 'NONE', *, *, #1964, .F. ) ;
#747 = CARTESIAN_POINT ( 'NONE',  ( -8.373831616908113062, -41.60112873220844421, -12.48204007654691061 ) ) ;
#748 = DIRECTION ( 'NONE',  ( -0.000000000000000000, -1.000000000000000000, -0.000000000000000000 ) ) ;
#749 = VECTOR ( 'NONE', #870, 1000.000000000000000 ) ;
#750 = DIRECTION ( 'NONE',  ( -2.168404344971007635E-16, 0.000000000000000000, -1.000000000000000000 ) ) ;
#751 = ORIENTED_EDGE ( 'NONE', *, *, #2078, .F. ) ;
#752 = EDGE_CURVE ( 'NONE', #2401, #2587, #1027, .T. ) ;
#753 = EDGE_LOOP ( 'NONE', ( #9, #2614, #286, #2034 ) ) ;
#754 = CARTESIAN_POINT ( 'NONE',  ( -26.70765800330008588, -27.79999999999998295, 4.132108499255954470 ) ) ;
#755 = CARTESIAN_POINT ( 'NONE',  ( -25.37383161726185321, -30.79999999999998650, 4.116049394397460759 ) ) ;
#756 = VERTEX_POINT ( 'NONE', #1702 ) ;
#757 = DIRECTION ( 'NONE',  ( 4.336808689942017736E-16, -1.000000000000000000, 0.000000000000000000 ) ) ;
#758 = ADVANCED_FACE ( 'NONE', ( #1473 ), #537, .F. ) ;
#759 = DIRECTION ( 'NONE',  ( -0.000000000000000000, -0.000000000000000000, -1.000000000000000000 ) ) ;
#760 = ORIENTED_EDGE ( 'NONE', *, *, #1264, .F. ) ;
#761 = CIRCLE ( 'NONE', #2546, 1.599999999999998979 ) ;
#762 = DIRECTION ( 'NONE',  ( 2.168404344971007882E-16, 0.000000000000000000, 1.000000000000000000 ) ) ;
#763 = CARTESIAN_POINT ( 'NONE',  ( -11.37383161690812017, -41.79999999999999716, -8.031440883716745915 ) ) ;
#764 = ORIENTED_EDGE ( 'NONE', *, *, #1134, .T. ) ;
#765 = PLANE ( 'NONE',  #833 ) ;
#766 = DIRECTION ( 'NONE',  ( 1.000000000000000000, 0.000000000000000000, 0.000000000000000000 ) ) ;
#767 = CARTESIAN_POINT ( 'NONE',  ( -11.37383161690812017, -41.79999999999999716, -4.831440883716745738 ) ) ;
#768 = EDGE_LOOP ( 'NONE', ( #1234, #1782, #872, #2375, #1259, #712, #929, #1755, #1491, #3116, #2094 ) ) ;
#769 = CARTESIAN_POINT ( 'NONE',  ( -14.37383161690812194, -41.79999999999999716, -14.50089642712106297 ) ) ;
#770 = EDGE_CURVE ( 'NONE', #1053, #716, #497, .T. ) ;
#771 = DIRECTION ( 'NONE',  ( 0.000000000000000000, 1.000000000000000000, 0.000000000000000000 ) ) ;
#772 = ADVANCED_FACE ( 'NONE', ( #1984 ), #1532, .F. ) ;
#773 = CARTESIAN_POINT ( 'NONE',  ( -24.98521776748113155, -14.31880466558043885, -10.44588995865684389 ) ) ;
#774 = ORIENTED_EDGE ( 'NONE', *, *, #3000, .F. ) ;
#775 = CARTESIAN_POINT ( 'NONE',  ( 10.82616731788194997, -19.99258248268879967, -9.031440883716747692 ) ) ;
#776 = CARTESIAN_POINT ( 'NONE',  ( 7.626168383091864733, -13.29999999999998472, -3.731440883716746537 ) ) ;
#777 = CARTESIAN_POINT ( 'NONE',  ( 14.62616838309187450, 0.000000000000000000, 3.382985835671271424 ) ) ;
#778 = DIRECTION ( 'NONE',  ( 1.084202172485503818E-16, 0.000000000000000000, -1.000000000000000000 ) ) ;
#779 = CARTESIAN_POINT ( 'NONE',  ( -13.40733805934590883, -4.200000000000030376, -11.98508227788436997 ) ) ;
#780 = VECTOR ( 'NONE', #971, 1000.000000000000000 ) ;
#781 = CARTESIAN_POINT ( 'NONE',  ( -22.37383161690812727, -22.49615242270662563, -7.831440883716745738 ) ) ;
#782 = VECTOR ( 'NONE', #623, 1000.000000000000000 ) ;
#783 = ORIENTED_EDGE ( 'NONE', *, *, #2901, .F. ) ;
#784 = VECTOR ( 'NONE', #891, 1000.000000000000000 ) ;
#785 = LINE ( 'NONE', #2174, #2479 ) ;
#786 = CARTESIAN_POINT ( 'NONE',  ( 10.82616731788195530, -19.99258248268884230, -9.031440883716747692 ) ) ;
#787 = VERTEX_POINT ( 'NONE', #365 ) ;
#788 = CARTESIAN_POINT ( 'NONE',  ( -27.87383161690812372, -17.29999999999999716, -8.031440883716735257 ) ) ;
#789 = FILL_AREA_STYLE_COLOUR ( '', #450 ) ;
#790 = CARTESIAN_POINT ( 'NONE',  ( -25.56866801522335564, -14.29999895810570543, -10.36596702243575940 ) ) ;
#791 = ORIENTED_EDGE ( 'NONE', *, *, #2586, .F. ) ;
#792 = ORIENTED_EDGE ( 'NONE', *, *, #2207, .F. ) ;
#793 = CARTESIAN_POINT ( 'NONE',  ( -8.679525914295721734, -40.46600057235694692, -12.44894308992499354 ) ) ;
#794 = VECTOR ( 'NONE', #317, 1000.000000000000000 ) ;
#795 = LINE ( 'NONE', #2016, #945 ) ;
#796 = CARTESIAN_POINT ( 'NONE',  ( -5.841913730192487719, -39.45043032607875944, -12.74962537231235515 ) ) ;
#797 = FACE_OUTER_BOUND ( 'NONE', #2628, .T. ) ;
#798 = CARTESIAN_POINT ( 'NONE',  ( 14.62616838309187450, -4.200000000000000178, -2.722686161515925971E-15 ) ) ;
#799 = CARTESIAN_POINT ( 'NONE',  ( 14.62616838309200773, -47.79999999999999716, -14.45476076821777411 ) ) ;
#800 = EDGE_CURVE ( 'NONE', #1404, #1741, #795, .T. ) ;
#801 = VECTOR ( 'NONE', #1792, 1000.000000000000000 ) ;
#802 = EDGE_LOOP ( 'NONE', ( #1095, #1682, #1308, #1035 ) ) ;
#803 = ORIENTED_EDGE ( 'NONE', *, *, #3008, .F. ) ;
#804 = CARTESIAN_POINT ( 'NONE',  ( -8.373831616908113062, -41.79999999999999716, -12.48204007654691239 ) ) ;
#805 = ORIENTED_EDGE ( 'NONE', *, *, #2976, .F. ) ;
#806 = LINE ( 'NONE', #2271, #242 ) ;
#807 = CARTESIAN_POINT ( 'NONE',  ( -14.37383161690812017, -46.79999999999999716, -3.731440883716746537 ) ) ;
#808 = CARTESIAN_POINT ( 'NONE',  ( -27.19803536263724197, -14.91037059921645813, -10.13988450824414045 ) ) ;
#809 = ORIENTED_EDGE ( 'NONE', *, *, #418, .T. ) ;
#810 = CARTESIAN_POINT ( 'NONE',  ( -11.56875382628076565, -38.79998793090098275, -12.12774383096442321 ) ) ;
#811 = CARTESIAN_POINT ( 'NONE',  ( 16.20349206313594692, -16.92123811171168413, -8.031440883716745915 ) ) ;
#812 = CARTESIAN_POINT ( 'NONE',  ( 0.000000000000000000, -4.200000000000000178, 0.000000000000000000 ) ) ;
#813 = LINE ( 'NONE', #1806, #3074 ) ;
#814 = LINE ( 'NONE', #397, #1471 ) ;
#815 = ORIENTED_EDGE ( 'NONE', *, *, #2798, .T. ) ;
#816 = VERTEX_POINT ( 'NONE', #327 ) ;
#817 = DIRECTION ( 'NONE',  ( -1.000000000000000000, 0.000000000000000000, 0.000000000000000000 ) ) ;
#818 = B_SPLINE_CURVE_WITH_KNOTS ( 'NONE', 3,
 ( #1841, #147, #2095, #2591, #879, #2080, #2610, #2367, #642, #1618, #3069, #2576, #1855, #1155, #413, #2835, #688, #1872, #451, #2348, #1381, #2331, #187, #208, #1172, #3097, #1661, #1427, #14, #1971 ),
 .UNSPECIFIED., .F., .F.,
 ( 4, 2, 2, 2, 2, 2, 2, 2, 2, 2, 2, 2, 2, 2, 4 ),
 ( 1.044441840201302382E-17, 0.001564299586146243202, 0.002346449379219358623, 0.003128599172292473828, 0.003910748965365589899, 0.004692898758438705104, 0.005475048551511821175, 0.006257198344584936379, 0.007821497930731176329, 0.008603647723804296737, 0.009385797516877418881, 0.01016794730995053929, 0.01095009710302365796, 0.01173224689609678011, 0.01251439668916990051 ),
 .UNSPECIFIED. ) ;
#819 = AXIS2_PLACEMENT_3D ( 'NONE', #55, #1020, #766 ) ;
#820 = EDGE_LOOP ( 'NONE', ( #2839, #367 ) ) ;
#821 = CARTESIAN_POINT ( 'NONE',  ( -13.61308177973764977, -4.200000000000000178, 3.184990813569349211 ) ) ;
#822 = CARTESIAN_POINT ( 'NONE',  ( -27.75511011246320336, -15.46483984648176246, -10.06161463769843145 ) ) ;
#823 = CARTESIAN_POINT ( 'NONE',  ( 14.62616838309187095, -44.79999999999999005, -14.45476076821776523 ) ) ;
#824 = VERTEX_POINT ( 'NONE', #314 ) ;
#825 = CARTESIAN_POINT ( 'NONE',  ( -5.457751833808504927, -40.79999999999999716, -12.78917417119338573 ) ) ;
#826 = CARTESIAN_POINT ( 'NONE',  ( 8.126168383091890490, -17.29999999999999716, -4.831440883716745738 ) ) ;
#827 = CARTESIAN_POINT ( 'NONE',  ( -21.31617533177999491, -12.87246694817232218, -10.93586341802772921 ) ) ;
#828 = CARTESIAN_POINT ( 'NONE',  ( 13.62616838309186029, -17.30000000000000071, -14.39144999125828406 ) ) ;
#829 = AXIS2_PLACEMENT_3D ( 'NONE', #2592, #2319, #431 ) ;
#830 = CARTESIAN_POINT ( 'NONE',  ( -10.60211629301070069, -44.70558290335640805, -12.23689088461212648 ) ) ;
#831 = CARTESIAN_POINT ( 'NONE',  ( 10.62616838309186562, -17.29999999999999716, -8.339822604851033105 ) ) ;
#832 = EDGE_LOOP ( 'NONE', ( #1993, #2014 ) ) ;
#833 = AXIS2_PLACEMENT_3D ( 'NONE', #1974, #2007, #1732 ) ;
#834 = LINE ( 'NONE', #3, #920 ) ;
#835 = AXIS2_PLACEMENT_3D ( 'NONE', #2285, #2027, #585 ) ;
#836 = VERTEX_POINT ( 'NONE', #376 ) ;
#837 = DIRECTION ( 'NONE',  ( 1.000000000000000000, 0.000000000000000000, 0.000000000000000000 ) ) ;
#838 = CYLINDRICAL_SURFACE ( 'NONE', #2206, 3.000000000000000888 ) ;
#839 = DIRECTION ( 'NONE',  ( 1.002730332934570767E-16, -1.000000000000000000, 0.000000000000000000 ) ) ;
#840 = ORIENTED_EDGE ( 'NONE', *, *, #1584, .T. ) ;
#841 = CARTESIAN_POINT ( 'NONE',  ( -26.33880666978869911, -20.14731596872099217, -10.25963273637077222 ) ) ;
#842 = ORIENTED_EDGE ( 'NONE', *, *, #2349, .F. ) ;
#843 = CARTESIAN_POINT ( 'NONE',  ( 9.662208402398375640, -19.60668184967529015, -8.031440883716745915 ) ) ;
#844 = DIRECTION ( 'NONE',  ( -1.000000000000000000, 0.000000000000000000, 1.861517035906275076E-16 ) ) ;
#845 = VERTEX_POINT ( 'NONE', #2257 ) ;
#846 = VECTOR ( 'NONE', #1060, 1000.000000000000000 ) ;
#847 = AXIS2_PLACEMENT_3D ( 'NONE', #1530, #1773, #1313 ) ;
#848 = CARTESIAN_POINT ( 'NONE',  ( -25.37383161690809175, -30.60191018516291450, 4.116049394397460759 ) ) ;
#849 = VERTEX_POINT ( 'NONE', #1756 ) ;
#850 = CARTESIAN_POINT ( 'NONE',  ( -28.04101816223091603, -47.79999999999999716, 4.149640876755032792 ) ) ;
#851 = CARTESIAN_POINT ( 'NONE',  ( -26.76490130033536374, -47.78075266219739348, -10.20040078106603154 ) ) ;
#852 = EDGE_CURVE ( 'NONE', #523, #1195, #134, .T. ) ;
#853 = CIRCLE ( 'NONE', #357, 1.599999999999998979 ) ;
#854 = AXIS2_PLACEMENT_3D ( 'NONE', #831, #1786, #2781 ) ;
#855 = ORIENTED_EDGE ( 'NONE', *, *, #953, .F. ) ;
#856 = CARTESIAN_POINT ( 'NONE',  ( -14.37383161690812194, -41.79999999999999716, -9.031440883716747692 ) ) ;
#857 = VERTEX_POINT ( 'NONE', #1278 ) ;
#858 = DIRECTION ( 'NONE',  ( 0.000000000000000000, 1.000000000000000000, -0.000000000000000000 ) ) ;
#859 = CARTESIAN_POINT ( 'NONE',  ( -29.07024563288367958, -46.12965331925376233, 4.164272604908643594 ) ) ;
#860 = EDGE_CURVE ( 'NONE', #970, #2006, #2276, .T. ) ;
#861 = EDGE_LOOP ( 'NONE', ( #325, #1131, #2270, #2556 ) ) ;
#862 = DIRECTION ( 'NONE',  ( -0.000000000000000000, -0.000000000000000000, 1.000000000000000000 ) ) ;
#863 = CARTESIAN_POINT ( 'NONE',  ( -25.37383161690812372, -17.29999999999999716, -3.731440883716746537 ) ) ;
#864 = CARTESIAN_POINT ( 'NONE',  ( 13.22918242300388947, -15.79573208145469287, -14.36573114037545729 ) ) ;
#865 = CARTESIAN_POINT ( 'NONE',  ( 2.223142230945321707, -4.200000000000030376, 3.981238854005618499 ) ) ;
#866 = AXIS2_PLACEMENT_3D ( 'NONE', #1504, #399, #1336 ) ;
#867 = EDGE_LOOP ( 'NONE', ( #2209, #489, #1899, #694 ) ) ;
#868 = CARTESIAN_POINT ( 'NONE',  ( -29.37383161690812372, -4.200000000000000178, 0.000000000000000000 ) ) ;
#869 = CARTESIAN_POINT ( 'NONE',  ( 11.62616838312508349, -47.79999999999999716, -14.25838609721989592 ) ) ;
#870 = DIRECTION ( 'NONE',  ( 1.000000000000000000, 0.000000000000000000, 0.000000000000000000 ) ) ;
#871 = CARTESIAN_POINT ( 'NONE',  ( -28.35467405103209160, -17.69214463254523295, -9.976833439675754533 ) ) ;
#872 = ORIENTED_EDGE ( 'NONE', *, *, #2157, .T. ) ;
#873 = DIRECTION ( 'NONE',  ( 1.000000000000000000, 0.000000000000000000, 0.000000000000000000 ) ) ;
#874 = CARTESIAN_POINT ( 'NONE',  ( 13.88502795169533321, -46.78388858846356868, 4.169582673179051291 ) ) ;
#875 = CARTESIAN_POINT ( 'NONE',  ( -11.02570519062229337, -35.79987820961335387, -12.18934465519264165 ) ) ;
#876 = CARTESIAN_POINT ( 'NONE',  ( -29.37383161690812372, -4.200000000000000178, -9.023325197227068273 ) ) ;
#877 = CARTESIAN_POINT ( 'NONE',  ( 13.32099233961874418, -18.63272942901626195, -14.37170543432818626 ) ) ;
#878 = EDGE_LOOP ( 'NONE', ( #1966, #1441, #1708, #1469 ) ) ;
#879 = CARTESIAN_POINT ( 'NONE',  ( 6.026197325131762206, -13.43878861416032855, -13.84117861238903302 ) ) ;
#880 = ADVANCED_FACE ( 'NONE', ( #2533 ), #123, .T. ) ;
#881 = B_SPLINE_CURVE_WITH_KNOTS ( 'NONE', 3,
 ( #184, #2112, #3081, #2847, #668, #859, #2609, #1602, #448, #1171, #3096, #2625, #2878, #1920, #705, #2433 ),
 .UNSPECIFIED., .F., .F.,
 ( 4, 2, 2, 2, 2, 2, 2, 4 ),
 ( 0.000000000000000000, 0.0005858355516684908820, 0.001171671103336981764, 0.001757506655005472646, 0.002343342206673963528, 0.002929177758342454627, 0.003515013310010945292, 0.004686684413347927056 ),
 .UNSPECIFIED. ) ;
#882 = CARTESIAN_POINT ( 'NONE',  ( -8.994126211984855956, -43.63735224200117813, -12.41470437715386055 ) ) ;
#883 = DIRECTION ( 'NONE',  ( -1.000000000000000000, 0.000000000000000000, 0.000000000000000000 ) ) ;
#884 = VECTOR ( 'NONE', #2807, 1000.000000000000000 ) ;
#885 = VERTEX_POINT ( 'NONE', #1633 ) ;
#886 = DIRECTION ( 'NONE',  ( 0.1961161351381806583, 2.401729971581226964E-17, -0.9805806756909207778 ) ) ;
#887 = CARTESIAN_POINT ( 'NONE',  ( 1.076994098342136885, 0.000000000000000000, 3.185956594771593764 ) ) ;
#888 = CARTESIAN_POINT ( 'NONE',  ( -25.43909793067360781, -5.400000000000022560, 4.112708663922704844 ) ) ;
#889 = EDGE_CURVE ( 'NONE', #441, #2986, #2351, .T. ) ;
#890 = EDGE_LOOP ( 'NONE', ( #583, #444, #53, #1710, #1273 ) ) ;
#891 = DIRECTION ( 'NONE',  ( -0.000000000000000000, -0.000000000000000000, 1.000000000000000000 ) ) ;
#892 = CARTESIAN_POINT ( 'NONE',  ( 10.62616838309186562, -17.29999999999999716, -9.031440883716747692 ) ) ;
#893 = AXIS2_PLACEMENT_3D ( 'NONE', #85, #771, #1087 ) ;
#894 = EDGE_CURVE ( 'NONE', #429, #2418, #1426, .T. ) ;
#895 = CARTESIAN_POINT ( 'NONE',  ( 0.000000000000000000, 0.000000000000000000, -3.731440883716746537 ) ) ;
#896 = ORIENTED_EDGE ( 'NONE', *, *, #1403, .F. ) ;
#897 = CARTESIAN_POINT ( 'NONE',  ( 14.62616838309187273, -27.79999999999999005, 4.182978693911427293 ) ) ;
#898 = CARTESIAN_POINT ( 'NONE',  ( -9.648672604787281060, -36.04264631305114364, -12.34296753391955903 ) ) ;
#899 = VERTEX_POINT ( 'NONE', #3079 ) ;
#900 = EDGE_CURVE ( 'NONE', #903, #1300, #1721, .T. ) ;
#901 = LINE ( 'NONE', #2353, #227 ) ;
#902 = VERTEX_POINT ( 'NONE', #1818 ) ;
#903 = VERTEX_POINT ( 'NONE', #466 ) ;
#904 = AXIS2_PLACEMENT_3D ( 'NONE', #2343, #182, #2004 ) ;
#905 = DIRECTION ( 'NONE',  ( 1.000000000000000000, 0.000000000000000000, 0.000000000000000000 ) ) ;
#906 = CARTESIAN_POINT ( 'NONE',  ( -14.37383161690813260, -41.79999999998000959, -11.80155201328087955 ) ) ;
#907 = ORIENTED_EDGE ( 'NONE', *, *, #205, .T. ) ;
#908 = CYLINDRICAL_SURFACE ( 'NONE', #2524, 2.999999999999999112 ) ;
#909 = CARTESIAN_POINT ( 'NONE',  ( 14.00921889470834003, -46.63301092793494007, 4.171791674736764044 ) ) ;
#910 = ORIENTED_EDGE ( 'NONE', *, *, #1366, .T. ) ;
#911 = DIRECTION ( 'NONE',  ( -0.000000000000000000, -0.000000000000000000, 1.000000000000000000 ) ) ;
#912 = EDGE_CURVE ( 'NONE', #969, #2590, #2383, .T. ) ;
#913 = CARTESIAN_POINT ( 'NONE',  ( -14.37383161690812017, -46.79999999999999716, -3.731440883716746537 ) ) ;
#914 = FACE_OUTER_BOUND ( 'NONE', #1479, .T. ) ;
#915 = DIRECTION ( 'NONE',  ( 0.000000000000000000, -1.000000000000000000, 0.000000000000000000 ) ) ;
#916 = ORIENTED_EDGE ( 'NONE', *, *, #1590, .T. ) ;
#917 = ORIENTED_EDGE ( 'NONE', *, *, #1312, .F. ) ;
#918 = CARTESIAN_POINT ( 'NONE',  ( 14.62616838309187273, -4.200000000000000178, -13.65325666234331337 ) ) ;
#919 = EDGE_CURVE ( 'NONE', #1321, #743, #336, .T. ) ;
#920 = VECTOR ( 'NONE', #715, 1000.000000000000000 ) ;
#921 = CARTESIAN_POINT ( 'NONE',  ( -20.95105837407782090, -21.36291579117713013, -10.98341660307565881 ) ) ;
#922 = LINE ( 'NONE', #2873, #2429 ) ;
#923 = VECTOR ( 'NONE', #1376, 1000.000000000000000 ) ;
#924 = CARTESIAN_POINT ( 'NONE',  ( -23.90767628551416024, -4.200000000000000178, -9.808529459884503865 ) ) ;
#925 = ORIENTED_EDGE ( 'NONE', *, *, #1187, .F. ) ;
#926 = FACE_OUTER_BOUND ( 'NONE', #215, .T. ) ;
#927 = VECTOR ( 'NONE', #1908, 1000.000000000000114 ) ;
#928 = CARTESIAN_POINT ( 'NONE',  ( -17.13993113875574537, -40.10420192032155740, -11.46645930061047380 ) ) ;
#929 = ORIENTED_EDGE ( 'NONE', *, *, #1996, .F. ) ;
#930 = DIRECTION ( 'NONE',  ( 1.000000000000000000, 0.000000000000000000, 0.000000000000000000 ) ) ;
#931 = CARTESIAN_POINT ( 'NONE',  ( -25.67741742146428052, -29.47034697712598472, 4.119728469148703276 ) ) ;
#932 = CARTESIAN_POINT ( 'NONE',  ( 0.000000000000000000, -47.80002499999999799, -7.831440883716745738 ) ) ;
#933 = EDGE_CURVE ( 'NONE', #1220, #1927, #2220, .T. ) ;
#934 = ADVANCED_FACE ( 'NONE', ( #990 ), #1009, .F. ) ;
#935 = AXIS2_PLACEMENT_3D ( 'NONE', #433, #911, #1413 ) ;
#936 = CARTESIAN_POINT ( 'NONE',  ( 11.01655939643055326, -14.31898296363067935, -14.21617581438203004 ) ) ;
#937 = ORIENTED_EDGE ( 'NONE', *, *, #2515, .F. ) ;
#938 = CONICAL_SURFACE ( 'NONE', #829, 2.500000000000002220, 0.1973955598498773611 ) ;
#939 = ORIENTED_EDGE ( 'NONE', *, *, #1403, .T. ) ;
#940 = DIRECTION ( 'NONE',  ( 1.000000000000000000, 0.000000000000000000, 0.000000000000000000 ) ) ;
#941 = ORIENTED_EDGE ( 'NONE', *, *, #2077, .F. ) ;
#942 = DIRECTION ( 'NONE',  ( -2.903912764265055945E-15, 0.000000000000000000, -1.000000000000000000 ) ) ;
#943 = ADVANCED_FACE ( 'NONE', ( #704 ), #2155, .T. ) ;
#944 = ORIENTED_EDGE ( 'NONE', *, *, #16, .F. ) ;
#945 = VECTOR ( 'NONE', #1804, 1000.000000000000000 ) ;
#946 = FACE_OUTER_BOUND ( 'NONE', #519, .T. ) ;
#947 = CARTESIAN_POINT ( 'NONE',  ( -23.77383161690812230, -17.29999999999999716, -3.731440883716746537 ) ) ;
#948 = VECTOR ( 'NONE', #1812, 1000.000000000000000 ) ;
#949 = ORIENTED_EDGE ( 'NONE', *, *, #1021, .F. ) ;
#950 = LINE ( 'NONE', #2409, #927 ) ;
#951 = EDGE_LOOP ( 'NONE', ( #2661, #2237, #1340, #1880 ) ) ;
#952 = ORIENTED_EDGE ( 'NONE', *, *, #2214, .F. ) ;
#953 = EDGE_CURVE ( 'NONE', #1696, #2832, #1845, .T. ) ;
#954 = CYLINDRICAL_SURFACE ( 'NONE', #1757, 3.000000000000000888 ) ;
#955 = CARTESIAN_POINT ( 'NONE',  ( -8.430289861711733224, 1.199999999999999956, -5.831440883716749290 ) ) ;
#956 = EDGE_LOOP ( 'NONE', ( #952, #2446, #2223, #2840 ) ) ;
#957 = ADVANCED_FACE ( 'NONE', ( #11 ), #2939, .F. ) ;
#958 = LINE ( 'NONE', #2362, #1420 ) ;
#959 = PLANE ( 'NONE',  #358 ) ;
#960 = FACE_OUTER_BOUND ( 'NONE', #1458, .T. ) ;
#961 = CIRCLE ( 'NONE', #2737, 1.600000000000002531 ) ;
#962 = ORIENTED_EDGE ( 'NONE', *, *, #3113, .T. ) ;
#963 = VECTOR ( 'NONE', #839, 1000.000000000000000 ) ;
#964 = CARTESIAN_POINT ( 'NONE',  ( 5.441002352504248130, -20.39258035226887245, -9.031440883716744139 ) ) ;
#965 = CARTESIAN_POINT ( 'NONE',  ( -26.54095074510208363, -28.41684948186209070, 4.130469433983193106 ) ) ;
#966 = DIRECTION ( 'NONE',  ( -1.000000000000000000, -0.000000000000000000, -0.000000000000000000 ) ) ;
#967 = CARTESIAN_POINT ( 'NONE',  ( 10.62616838331042501, -30.79999999999999361, 4.117063039008507452 ) ) ;
#968 = CARTESIAN_POINT ( 'NONE',  ( 9.661673853097425990, -14.45249172728585485, -14.11946888875704786 ) ) ;
#969 = VERTEX_POINT ( 'NONE', #1202 ) ;
#970 = VERTEX_POINT ( 'NONE', #2676 ) ;
#971 = DIRECTION ( 'NONE',  ( 0.000000000000000000, -0.000000000000000000, -1.000000000000000000 ) ) ;
#972 = EDGE_CURVE ( 'NONE', #1161, #787, #2432, .T. ) ;
#973 = CARTESIAN_POINT ( 'NONE',  ( 10.82616731788194997, -19.99258248268879967, -9.031440883716747692 ) ) ;
#974 = ORIENTED_EDGE ( 'NONE', *, *, #1866, .F. ) ;
#975 = CARTESIAN_POINT ( 'NONE',  ( -23.54827333098410946, -14.91122387588602827, -10.64038470504774025 ) ) ;
#976 = ORIENTED_EDGE ( 'NONE', *, *, #78, .F. ) ;
#977 = AXIS2_PLACEMENT_3D ( 'NONE', #137, #1846, #1622 ) ;
#978 = DIRECTION ( 'NONE',  ( 0.000000000000000000, 0.000000000000000000, 1.000000000000000000 ) ) ;
#979 = DIRECTION ( 'NONE',  ( -0.000000000000000000, -0.000000000000000000, 1.000000000000000000 ) ) ;
#980 = CARTESIAN_POINT ( 'NONE',  ( 14.62616838309187450, -27.79999999999999361, 4.182978693911428181 ) ) ;
#981 = CIRCLE ( 'NONE', #2084, 2.999999999999999112 ) ;
#982 = DIRECTION ( 'NONE',  ( -0.000000000000000000, -0.000000000000000000, 1.000000000000000000 ) ) ;
#983 = CYLINDRICAL_SURFACE ( 'NONE', #2212, 2.999999999999999112 ) ;
#984 = ORIENTED_EDGE ( 'NONE', *, *, #2478, .F. ) ;
#985 = CARTESIAN_POINT ( 'NONE',  ( -17.28991140000773541, -40.79999999999999716, -11.44790125164838912 ) ) ;
#986 = AXIS2_PLACEMENT_3D ( 'NONE', #1896, #2642, #477 ) ;
#987 = DIRECTION ( 'NONE',  ( -1.000000000000000000, -0.000000000000000000, -0.000000000000000000 ) ) ;
#988 = ORIENTED_EDGE ( 'NONE', *, *, #1115, .F. ) ;
#989 = FACE_OUTER_BOUND ( 'NONE', #2449, .T. ) ;
#990 = FACE_OUTER_BOUND ( 'NONE', #2790, .T. ) ;
#991 = DIRECTION ( 'NONE',  ( -1.000000000000000000, 0.000000000000000000, 0.000000000000000000 ) ) ;
#992 = CARTESIAN_POINT ( 'NONE',  ( -17.28991140000773541, -40.79999999999999716, -11.44790125164838912 ) ) ;
#993 = ADVANCED_FACE ( 'NONE', ( #1712 ), #2690, .F. ) ;
#994 = VERTEX_POINT ( 'NONE', #2706 ) ;
#995 = CIRCLE ( 'NONE', #2769, 1.599999999999998979 ) ;
#996 = DIRECTION ( 'NONE',  ( 1.000000000000000000, 0.000000000000000000, 0.000000000000000000 ) ) ;
#997 = AXIS2_PLACEMENT_3D ( 'NONE', #1544, #2775, #2994 ) ;
#998 = DIRECTION ( 'NONE',  ( -0.000000000000000000, -0.000000000000000000, -1.000000000000000000 ) ) ;
#999 = DIRECTION ( 'NONE',  ( -0.000000000000000000, -0.000000000000000000, 1.000000000000000000 ) ) ;
#1000 = EDGE_CURVE ( 'NONE', #2802, #1229, #2255, .T. ) ;
#1001 = CARTESIAN_POINT ( 'NONE',  ( -14.37383161690813260, -41.79999999998000959, -11.80155201328087955 ) ) ;
#1002 = FACE_OUTER_BOUND ( 'NONE', #154, .T. ) ;
#1003 = EDGE_LOOP ( 'NONE', ( #2598, #1424, #1891, #2302 ) ) ;
#1004 = CARTESIAN_POINT ( 'NONE',  ( 7.626168383091866509, -6.200000000000001066, -14.50089642712106297 ) ) ;
#1005 = CARTESIAN_POINT ( 'NONE',  ( -11.37383161690812194, -38.79999999999999716, -3.731440883716746537 ) ) ;
#1006 = VECTOR ( 'NONE', #2035, 1000.000000000000000 ) ;
#1007 = ORIENTED_EDGE ( 'NONE', *, *, #737, .T. ) ;
#1008 = CIRCLE ( 'NONE', #854, 2.499999999998218758 ) ;
#1009 = CYLINDRICAL_SURFACE ( 'NONE', #3020, 2.499999999999998668 ) ;
#1010 = DIRECTION ( 'NONE',  ( 1.000000000000000000, 2.168404344971008868E-16, -0.000000000000000000 ) ) ;
#1011 = CARTESIAN_POINT ( 'NONE',  ( -22.99215925045344733, -15.46525555334380897, -10.71474976865506434 ) ) ;
#1012 = DIRECTION ( 'NONE',  ( -1.000000000000000000, -4.336808689942017736E-16, 0.000000000000000000 ) ) ;
#1013 = ORIENTED_EDGE ( 'NONE', *, *, #1750, .T. ) ;
#1014 = VECTOR ( 'NONE', #553, 1000.000000000000000 ) ;
#1015 = CARTESIAN_POINT ( 'NONE',  ( 8.242076414305739007, -19.13170504614879874, -14.01402028179552772 ) ) ;
#1016 = DIRECTION ( 'NONE',  ( -0.000000000000000000, -0.000000000000000000, -1.000000000000000000 ) ) ;
#1017 = DIRECTION ( 'NONE',  ( 0.000000000000000000, -1.000000000000000000, 0.000000000000000000 ) ) ;
#1018 = SHAPE_DEFINITION_REPRESENTATION ( #4, #2346 ) ;
#1019 = VERTEX_POINT ( 'NONE', #2542 ) ;
#1020 = DIRECTION ( 'NONE',  ( -0.000000000000000000, -0.000000000000000000, -1.000000000000000000 ) ) ;
#1021 = EDGE_CURVE ( 'NONE', #3018, #1973, #1341, .T. ) ;
#1022 = VERTEX_POINT ( 'NONE', #2012 ) ;
#1023 = DIRECTION ( 'NONE',  ( -2.168404344971008868E-16, -1.000000000000000000, 0.000000000000000000 ) ) ;
#1024 = CARTESIAN_POINT ( 'NONE',  ( 13.45775985313234635, -47.18414069567281643, -14.38060440286231589 ) ) ;
#1025 = ORIENTED_EDGE ( 'NONE', *, *, #1309, .F. ) ;
#1026 = ADVANCED_FACE ( 'NONE', ( #2988 ), #59, .F. ) ;
#1027 = LINE ( 'NONE', #1941, #1205 ) ;
#1028 = CARTESIAN_POINT ( 'NONE',  ( -8.063541768937561471, -36.78364146005053925, -12.51554871606172625 ) ) ;
#1029 = VECTOR ( 'NONE', #2828, 1000.000000000000000 ) ;
#1030 = FACE_BOUND ( 'NONE', #1073, .T. ) ;
#1031 = EDGE_CURVE ( 'NONE', #1585, #1543, #2755, .T. ) ;
#1032 = VERTEX_POINT ( 'NONE', #1979 ) ;
#1033 = DIRECTION ( 'NONE',  ( -1.000000000000000000, 0.000000000000000000, 0.000000000000000000 ) ) ;
#1034 = CARTESIAN_POINT ( 'NONE',  ( -19.64691870430855047, -19.10854176987620434, -11.15143618949559290 ) ) ;
#1035 = ORIENTED_EDGE ( 'NONE', *, *, #2846, .F. ) ;
#1036 = CARTESIAN_POINT ( 'NONE',  ( 1.076994098342136885, -4.200000000000000178, 3.185956594771593764 ) ) ;
#1037 = CARTESIAN_POINT ( 'NONE',  ( -29.37383161690812372, 0.000000000000000000, 3.368729310363125506 ) ) ;
#1038 = DIRECTION ( 'NONE',  ( 0.000000000000000000, 0.000000000000000000, 1.000000000000000000 ) ) ;
#1039 = ORIENTED_EDGE ( 'NONE', *, *, #2934, .T. ) ;
#1040 = ORIENTED_EDGE ( 'NONE', *, *, #2295, .T. ) ;
#1041 = DIRECTION ( 'NONE',  ( -0.000000000000000000, 1.000000000000000000, -0.000000000000000000 ) ) ;
#1042 = CARTESIAN_POINT ( 'NONE',  ( 13.95955239238662848, -27.79999999999999361, 4.170859367111778404 ) ) ;
#1043 = ADVANCED_FACE ( 'NONE', ( #2967 ), #1539, .F. ) ;
#1044 = CARTESIAN_POINT ( 'NONE',  ( 7.929494395116804206, -18.62897876642116302, -13.99023961847238695 ) ) ;
#1045 = CARTESIAN_POINT ( 'NONE',  ( 1.281123887757822155, -4.200000000000030376, -13.49777135973783793 ) ) ;
#1046 = AXIS2_PLACEMENT_3D ( 'NONE', #1363, #2822, #683 ) ;
#1047 = DIRECTION ( 'NONE',  ( 0.000000000000000000, -1.000000000000000000, 0.000000000000000000 ) ) ;
#1048 = VECTOR ( 'NONE', #334, 1000.000000000000000 ) ;
#1049 = ORIENTED_EDGE ( 'NONE', *, *, #370, .F. ) ;
#1050 = ORIENTED_EDGE ( 'NONE', *, *, #1396, .F. ) ;
#1051 = LINE ( 'NONE', #2999, #2653 ) ;
#1052 = FACE_OUTER_BOUND ( 'NONE', #802, .T. ) ;
#1053 = VERTEX_POINT ( 'NONE', #1306 ) ;
#1054 = DIRECTION ( 'NONE',  ( -0.000000000000000000, -0.000000000000000000, -1.000000000000000000 ) ) ;
#1055 = FACE_OUTER_BOUND ( 'NONE', #48, .T. ) ;
#1056 = EDGE_LOOP ( 'NONE', ( #2669, #3036, #1098, #1190 ) ) ;
#1057 = CARTESIAN_POINT ( 'NONE',  ( 14.62616838309187095, -4.200000000000000178, -14.45476076821776523 ) ) ;
#1058 = CARTESIAN_POINT ( 'NONE',  ( 0.000000000000000000, -5.400000000000000355, 0.000000000000000000 ) ) ;
#1059 = FACE_OUTER_BOUND ( 'NONE', #2092, .T. ) ;
#1060 = DIRECTION ( 'NONE',  ( -0.000000000000000000, 1.000000000000000000, -0.000000000000000000 ) ) ;
#1061 = VECTOR ( 'NONE', #1456, 1000.000000000000000 ) ;
#1062 = DIRECTION ( 'NONE',  ( 0.000000000000000000, -0.000000000000000000, -1.000000000000000000 ) ) ;
#1063 = VECTOR ( 'NONE', #1192, 1000.000000000000000 ) ;
#1064 = ORIENTED_EDGE ( 'NONE', *, *, #2077, .T. ) ;
#1065 = VECTOR ( 'NONE', #1518, 1000.000000000000000 ) ;
#1066 = ORIENTED_EDGE ( 'NONE', *, *, #3043, .T. ) ;
#1067 = LINE ( 'NONE', #563, #1048 ) ;
#1068 = DIRECTION ( 'NONE',  ( 0.000000000000000000, -1.000000000000000000, 0.000000000000000000 ) ) ;
#1069 = DIRECTION ( 'NONE',  ( 2.322933129966761631E-15, 0.000000000000000000, 1.000000000000000000 ) ) ;
#1070 = FACE_OUTER_BOUND ( 'NONE', #3028, .T. ) ;
#1071 = ORIENTED_EDGE ( 'NONE', *, *, #2549, .F. ) ;
#1072 = ADVANCED_FACE ( 'NONE', ( #117 ), #838, .F. ) ;
#1073 = EDGE_LOOP ( 'NONE', ( #201, #1216 ) ) ;
#1074 = ORIENTED_EDGE ( 'NONE', *, *, #1829, .F. ) ;
#1075 = CARTESIAN_POINT ( 'NONE',  ( 1.281123887757515512, -4.200000000000000178, -13.49777135973780773 ) ) ;
#1076 = CARTESIAN_POINT ( 'NONE',  ( -7.230289861711734822, 1.199999999999999956, 0.9685591162832546397 ) ) ;
#1077 = CARTESIAN_POINT ( 'NONE',  ( 13.62616838309186029, -17.69685305670029507, -14.39144999125828406 ) ) ;
#1078 = CARTESIAN_POINT ( 'NONE',  ( -9.773831616908122299, -41.79999999999999716, -4.831440883716746626 ) ) ;
#1079 = B_SPLINE_CURVE_WITH_KNOTS ( 'NONE', 3,
 ( #3128, #2651, #2407, #236, #1925, #2662 ),
 .UNSPECIFIED., .F., .F.,
 ( 4, 1, 1, 4 ),
 ( 0.1196310720351002749, 0.1356275895091633710, 0.1549707956862048930, 0.1635103659515997065 ),
 .UNSPECIFIED. ) ;
#1080 = FACE_BOUND ( 'NONE', #956, .T. ) ;
#1081 = CIRCLE ( 'NONE', #2903, 6.000000000000000000 ) ;
#1082 = DIRECTION ( 'NONE',  ( 1.000000000000000000, 0.000000000000000000, 0.000000000000000000 ) ) ;
#1083 = CARTESIAN_POINT ( 'NONE',  ( -26.57099344853897449, -47.80000000000000426, -10.22739522144214774 ) ) ;
#1084 = DIRECTION ( 'NONE',  ( -0.000000000000000000, -0.000000000000000000, -1.000000000000000000 ) ) ;
#1085 = CARTESIAN_POINT ( 'NONE',  ( 16.21133228325965092, -19.59258461310873045, -9.031440883716744139 ) ) ;
#1086 = VERTEX_POINT ( 'NONE', #1037 ) ;
#1087 = DIRECTION ( 'NONE',  ( 0.000000000000000000, -0.000000000000000000, 1.000000000000000000 ) ) ;
#1088 = CARTESIAN_POINT ( 'NONE',  ( 14.32203290734383749, -46.13078652259994783, -14.43574081467325598 ) ) ;
#1089 = ORIENTED_EDGE ( 'NONE', *, *, #3057, .F. ) ;
#1090 = B_SPLINE_SURFACE_WITH_KNOTS ( 'NONE', 3, 1, ( 
 ( #3119, #1882 ),
 ( #2133, #2859 ),
 ( #2617, #462 ),
 ( #2378, #718 ),
 ( #1450, #2483 ),
 ( #1270, #2701 ) ),
 .UNSPECIFIED., .F., .F., .F.,
 ( 4, 1, 1, 4 ),
 ( 2, 2 ),
 ( 0.7449844288021592043, 0.7612274788411783621, 0.7906192346124354398, 0.8118966012799120335 ),
 ( 0.000000000000000000, 1.000000000000000000 ),
 .UNSPECIFIED. ) ;
#1091 = EDGE_LOOP ( 'NONE', ( #1488, #2075, #1727, #527 ) ) ;
#1092 = PLANE ( 'NONE',  #628 ) ;
#1093 = CARTESIAN_POINT ( 'NONE',  ( -8.373831616908113062, -41.79999999999999716, -12.48204007654691239 ) ) ;
#1094 = PLANE ( 'NONE',  #847 ) ;
#1095 = ORIENTED_EDGE ( 'NONE', *, *, #2144, .T. ) ;
#1096 = VECTOR ( 'NONE', #244, 1000.000000000000000 ) ;
#1097 = CARTESIAN_POINT ( 'NONE',  ( -28.37383161690813438, -17.29999999997959392, -9.974114255254885819 ) ) ;
#1098 = ORIENTED_EDGE ( 'NONE', *, *, #3000, .T. ) ;
#1099 = CARTESIAN_POINT ( 'NONE',  ( 12.93316278178124001, -5.400000000000000355, 4.151781772750915422 ) ) ;
#1100 = AXIS2_PLACEMENT_3D ( 'NONE', #490, #270, #942 ) ;
#1101 = DIRECTION ( 'NONE',  ( -0.000000000000000000, -0.000000000000000000, -1.000000000000000000 ) ) ;
#1102 = CARTESIAN_POINT ( 'NONE',  ( 12.41503740833752900, -47.72061219187292380, -14.31202946795401232 ) ) ;
#1103 = CARTESIAN_POINT ( 'NONE',  ( -28.37383161690944888, -17.49669835474098534, -9.974114255254701078 ) ) ;
#1104 = CARTESIAN_POINT ( 'NONE',  ( -13.40733805934590883, -4.200000000000000178, -11.98508227788436997 ) ) ;
#1105 = FACE_OUTER_BOUND ( 'NONE', #2284, .T. ) ;
#1106 = ORIENTED_EDGE ( 'NONE', *, *, #1829, .T. ) ;
#1107 = CIRCLE ( 'NONE', #2731, 1.599999999999998979 ) ;
#1108 = DIRECTION ( 'NONE',  ( 0.000000000000000000, 0.000000000000000000, 1.000000000000000000 ) ) ;
#1109 = MANIFOLD_SOLID_BREP ( 'Chamfer1', #339 ) ;
#1110 = EDGE_CURVE ( 'NONE', #1032, #849, #564, .T. ) ;
#1111 = EDGE_CURVE ( 'NONE', #899, #2636, #1589, .T. ) ;
#1112 = ORIENTED_EDGE ( 'NONE', *, *, #536, .T. ) ;
#1113 = LINE ( 'NONE', #710, #538 ) ;
#1114 = AXIS2_PLACEMENT_3D ( 'NONE', #2466, #2013, #341 ) ;
#1115 = EDGE_CURVE ( 'NONE', #2636, #899, #981, .T. ) ;
#1116 = ADVANCED_FACE ( 'NONE', ( #2600 ), #421, .F. ) ;
#1117 = ORIENTED_EDGE ( 'NONE', *, *, #860, .T. ) ;
#1118 = CARTESIAN_POINT ( 'NONE',  ( -29.37383161690812372, -47.79999999999999716, 0.000000000000000000 ) ) ;
#1119 = CARTESIAN_POINT ( 'NONE',  ( 12.02181030199951195, -47.79999999999535021, -14.28555154695886209 ) ) ;
#1120 = ORIENTED_EDGE ( 'NONE', *, *, #2473, .F. ) ;
#1121 = CARTESIAN_POINT ( 'NONE',  ( -20.04777753551145025, -14.52488412723266720, -11.10009576878103488 ) ) ;
#1122 = VERTEX_POINT ( 'NONE', #2106 ) ;
#1123 = DIRECTION ( 'NONE',  ( -0.000000000000000000, 0.000000000000000000, 1.000000000000000000 ) ) ;
#1124 = CARTESIAN_POINT ( 'NONE',  ( -9.396306158856802426, -44.06445463083962721, -12.37067104953464991 ) ) ;
#1125 = DIRECTION ( 'NONE',  ( 1.000000000000000000, 0.000000000000000000, 0.000000000000000000 ) ) ;
#1126 = ORIENTED_EDGE ( 'NONE', *, *, #516, .T. ) ;
#1127 = CARTESIAN_POINT ( 'NONE',  ( 0.000000000000000000, -47.79999999999999716, 0.000000000000000000 ) ) ;
#1128 = EDGE_CURVE ( 'NONE', #2659, #2849, #442, .T. ) ;
#1129 = VERTEX_POINT ( 'NONE', #2426 ) ;
#1130 = CARTESIAN_POINT ( 'NONE',  ( -25.37383161690812372, -17.29999999999999716, -14.50089642712106297 ) ) ;
#1131 = ORIENTED_EDGE ( 'NONE', *, *, #1996, .T. ) ;
#1132 = CARTESIAN_POINT ( 'NONE',  ( 13.42810431626519652, -27.79999999999999716, 4.161588179328328252 ) ) ;
#1133 = ADVANCED_FACE ( 'NONE', ( #24 ), #1698, .F. ) ;
#1134 = EDGE_CURVE ( 'NONE', #2366, #2026, #2444, .T. ) ;
#1135 = ORIENTED_EDGE ( 'NONE', *, *, #502, .T. ) ;
#1136 = EDGE_CURVE ( 'NONE', #1356, #2929, #1825, .T. ) ;
#1137 = DIRECTION ( 'NONE',  ( 0.000000000000000000, -0.7071067811865475727, 0.7071067811865475727 ) ) ;
#1138 = CARTESIAN_POINT ( 'NONE',  ( -29.29336673403055968, -45.59365521924857489, -9.842996541463387317 ) ) ;
#1139 = ORIENTED_EDGE ( 'NONE', *, *, #2411, .F. ) ;
#1140 = AXIS2_PLACEMENT_3D ( 'NONE', #1398, #1163, #2583 ) ;
#1141 = ORIENTED_EDGE ( 'NONE', *, *, #3066, .T. ) ;
#1142 = DIRECTION ( 'NONE',  ( 0.000000000000000000, -0.000000000000000000, -1.000000000000000000 ) ) ;
#1143 = DIRECTION ( 'NONE',  ( -0.000000000000000000, -0.000000000000000000, 1.000000000000000000 ) ) ;
#1144 = B_SPLINE_CURVE_WITH_KNOTS ( 'NONE', 3,
 ( #2854, #2372, #2127, #693, #2887 ),
 .UNSPECIFIED., .F., .F.,
 ( 4, 1, 4 ),
 ( 0.1432536206468288664, 0.1499516686631872653, 0.1564037166458872030 ),
 .UNSPECIFIED. ) ;
#1145 = VECTOR ( 'NONE', #1016, 1000.000000000000000 ) ;
#1146 = ORIENTED_EDGE ( 'NONE', *, *, #126, .F. ) ;
#1147 = CARTESIAN_POINT ( 'NONE',  ( -19.37383161690812727, -17.29999999999999716, -7.831440883716745738 ) ) ;
#1148 = AXIS2_PLACEMENT_3D ( 'NONE', #767, #3025, #2337 ) ;
#1149 = LINE ( 'NONE', #2111, #1061 ) ;
#1150 = CARTESIAN_POINT ( 'NONE',  ( -15.75421688848711810, -37.68478048171073880, -11.63601902633125995 ) ) ;
#1151 = DIRECTION ( 'NONE',  ( -2.168404344971008868E-16, 0.000000000000000000, -1.000000000000000000 ) ) ;
#1152 = EDGE_CURVE ( 'NONE', #2185, #1538, #3098, .T. ) ;
#1153 = ORIENTED_EDGE ( 'NONE', *, *, #2818, .T. ) ;
#1154 = EDGE_CURVE ( 'NONE', #816, #146, #1438, .T. ) ;
#1155 = CARTESIAN_POINT ( 'NONE',  ( 4.643762271273032205, -16.77167219697185629, -13.72825667946194272 ) ) ;
#1156 = CARTESIAN_POINT ( 'NONE',  ( -8.373831616908120168, -41.79999999999999716, -9.031440883716747692 ) ) ;
#1157 = AXIS2_PLACEMENT_3D ( 'NONE', #2447, #284, #1235 ) ;
#1158 = ORIENTED_EDGE ( 'NONE', *, *, #1000, .T. ) ;
#1159 = VECTOR ( 'NONE', #94, 1000.000000000000000 ) ;
#1160 = DIRECTION ( 'NONE',  ( -0.000000000000000000, 0.000000000000000000, 1.000000000000000000 ) ) ;
#1161 = VERTEX_POINT ( 'NONE', #755 ) ;
#1162 = ORIENTED_EDGE ( 'NONE', *, *, #545, .T. ) ;
#1163 = DIRECTION ( 'NONE',  ( -0.000000000000000000, -0.000000000000000000, 1.000000000000000000 ) ) ;
#1164 = VECTOR ( 'NONE', #1287, 1000.000000000000000 ) ;
#1165 = CARTESIAN_POINT ( 'NONE',  ( 2.777730924436534909, -4.200000000000000178, -12.83368181960545940 ) ) ;
#1166 = CARTESIAN_POINT ( 'NONE',  ( -12.42677856351452270, -47.79999999999999716, -12.08606505258151032 ) ) ;
#1167 = B_SPLINE_SURFACE_WITH_KNOTS ( 'NONE', 3, 1, ( 
 ( #1776, #579 ),
 ( #754, #1725 ),
 ( #2699, #850 ),
 ( #3055, #112 ) ),
 .UNSPECIFIED., .F., .F., .F.,
 ( 4, 4 ),
 ( 2, 2 ),
 ( 0.000000000000000000, 1.000000000000000000 ),
 ( 0.000000000000000000, 1.000000000000000000 ),
 .UNSPECIFIED. ) ;
#1168 = ORIENTED_EDGE ( 'NONE', *, *, #1537, .T. ) ;
#1169 = CARTESIAN_POINT ( 'NONE',  ( 10.62616838309190115, -30.40381006767213279, 4.117063039005325997 ) ) ;
#1170 = CARTESIAN_POINT ( 'NONE',  ( 13.45392715819200724, -47.18698224098446303, 4.162040204629256834 ) ) ;
#1171 = CARTESIAN_POINT ( 'NONE',  ( -28.35760105360148486, -47.05896412215298596, 4.154400880134924812 ) ) ;
#1172 = CARTESIAN_POINT ( 'NONE',  ( 6.198481974981461029, -21.35751042572508851, -13.85498601957348086 ) ) ;
#1173 = CARTESIAN_POINT ( 'NONE',  ( -25.37383161690812372, -17.29999999999999716, -9.031440883716747692 ) ) ;
#1174 = ORIENTED_EDGE ( 'NONE', *, *, #3043, .F. ) ;
#1175 = EDGE_CURVE ( 'NONE', #1032, #857, #2700, .T. ) ;
#1176 = ORIENTED_EDGE ( 'NONE', *, *, #2022, .F. ) ;
#1177 = EDGE_LOOP ( 'NONE', ( #2463, #1418, #2910, #2023 ) ) ;
#1178 = CARTESIAN_POINT ( 'NONE',  ( 14.62616838309187450, -44.79999999999999005, -2.722686161515925971E-15 ) ) ;
#1179 = CARTESIAN_POINT ( 'NONE',  ( 7.626168383091864733, -13.29999999999998472, -7.831440883716745738 ) ) ;
#1180 = CARTESIAN_POINT ( 'NONE',  ( -20.31161509497669826, -20.53139026734891104, -11.06615134031326342 ) ) ;
#1181 = VECTOR ( 'NONE', #2082, 1000.000000000000000 ) ;
#1182 = CARTESIAN_POINT ( 'NONE',  ( 14.62616838316597700, -4.200000000000000178, -13.65325666295257001 ) ) ;
#1183 = ORIENTED_EDGE ( 'NONE', *, *, #1638, .T. ) ;
#1184 = CARTESIAN_POINT ( 'NONE',  ( 11.62616838309187450, -47.79999999999999716, 4.132094896612386492 ) ) ;
#1185 = CARTESIAN_POINT ( 'NONE',  ( -14.37383161690812017, -41.79999999999999005, -7.831440883716745738 ) ) ;
#1186 = ORIENTED_EDGE ( 'NONE', *, *, #900, .T. ) ;
#1187 = EDGE_CURVE ( 'NONE', #2213, #1802, #1217, .T. ) ;
#1188 = DIRECTION ( 'NONE',  ( 1.000000000000000000, 0.000000000000000000, 0.000000000000000000 ) ) ;
#1189 = DIRECTION ( 'NONE',  ( 2.903912764265055945E-15, 0.000000000000000000, 1.000000000000000000 ) ) ;
#1190 = ORIENTED_EDGE ( 'NONE', *, *, #1128, .F. ) ;
#1191 = B_SPLINE_CURVE_WITH_KNOTS ( 'NONE', 3,
 ( #176, #663, #1166, #2618, #2605, #1360 ),
 .UNSPECIFIED., .F., .F.,
 ( 4, 1, 1, 4 ),
 ( 0.1226677998495749877, 0.1363196987847158093, 0.1499516686631872653, 0.1604824231594295658 ),
 .UNSPECIFIED. ) ;
#1192 = DIRECTION ( 'NONE',  ( 2.168404344971008868E-16, 0.000000000000000000, 1.000000000000000000 ) ) ;
#1193 = VECTOR ( 'NONE', #531, 1000.000000000000000 ) ;
#1194 = ORIENTED_EDGE ( 'NONE', *, *, #374, .T. ) ;
#1195 = VERTEX_POINT ( 'NONE', #2377 ) ;
#1196 = LINE ( 'NONE', #3117, #2563 ) ;
#1197 = CARTESIAN_POINT ( 'NONE',  ( 13.62616838309186917, -13.29999999999998472, -3.731440883716746537 ) ) ;
#1198 = CARTESIAN_POINT ( 'NONE',  ( -22.37383161690812727, -22.49615242270662563, -14.50089642712106297 ) ) ;
#1199 = EDGE_CURVE ( 'NONE', #1973, #836, #2638, .T. ) ;
#1200 = VERTEX_POINT ( 'NONE', #488 ) ;
#1201 = PLANE ( 'NONE',  #1157 ) ;
#1202 = CARTESIAN_POINT ( 'NONE',  ( 14.62616838309187273, 0.000000000000000000, -13.65325666234331337 ) ) ;
#1203 = CARTESIAN_POINT ( 'NONE',  ( -11.37383161690812017, -41.79999999999999716, -8.031440883716745915 ) ) ;
#1204 = EDGE_LOOP ( 'NONE', ( #190, #2834 ) ) ;
#1205 = VECTOR ( 'NONE', #1717, 1000.000000000000000 ) ;
#1206 = DIRECTION ( 'NONE',  ( 2.168404344971008868E-16, 1.000000000000000000, -0.000000000000000000 ) ) ;
#1207 = DIRECTION ( 'NONE',  ( 1.000000000000000000, 0.000000000000000000, 0.000000000000000000 ) ) ;
#1208 = EDGE_CURVE ( 'NONE', #1715, #1696, #2186, .T. ) ;
#1209 = CARTESIAN_POINT ( 'NONE',  ( 0.000000000000000000, -40.79999999999999716, -14.50089642712106297 ) ) ;
#1210 = FACE_OUTER_BOUND ( 'NONE', #92, .T. ) ;
#1211 = LINE ( 'NONE', #1384, #3027 ) ;
#1212 = EDGE_CURVE ( 'NONE', #1236, #309, #1763, .T. ) ;
#1213 = CIRCLE ( 'NONE', #2679, 2.699999999999999289 ) ;
#1214 = CARTESIAN_POINT ( 'NONE',  ( 9.848483021763334122, -14.39593760328630090, -14.13303468189723766 ) ) ;
#1215 = VERTEX_POINT ( 'NONE', #2024 ) ;
#1216 = ORIENTED_EDGE ( 'NONE', *, *, #1517, .T. ) ;
#1217 = LINE ( 'NONE', #1179, #618 ) ;
#1218 = EDGE_CURVE ( 'NONE', #2435, #3018, #1051, .T. ) ;
#1219 = DIRECTION ( 'NONE',  ( 1.861517035906275076E-16, 0.000000000000000000, 1.000000000000000000 ) ) ;
#1220 = VERTEX_POINT ( 'NONE', #2523 ) ;
#1221 = CARTESIAN_POINT ( 'NONE',  ( -22.39346947046681180, -16.90503475147837875, -10.79424902150275578 ) ) ;
#1222 = EDGE_CURVE ( 'NONE', #2764, #2659, #2945, .T. ) ;
#1223 = VECTOR ( 'NONE', #759, 1000.000000000000000 ) ;
#1224 = ORIENTED_EDGE ( 'NONE', *, *, #230, .F. ) ;
#1225 = FACE_OUTER_BOUND ( 'NONE', #1524, .T. ) ;
#1226 = LINE ( 'NONE', #2177, #1785 ) ;
#1227 = DIRECTION ( 'NONE',  ( 0.000000000000000000, 0.000000000000000000, 1.000000000000000000 ) ) ;
#1228 = FACE_OUTER_BOUND ( 'NONE', #2944, .T. ) ;
#1229 = VERTEX_POINT ( 'NONE', #321 ) ;
#1230 = LINE ( 'NONE', #2443, #780 ) ;
#1231 = CARTESIAN_POINT ( 'NONE',  ( -11.37383161690812194, -41.79999999999999005, -3.731440883716746537 ) ) ;
#1232 = DIRECTION ( 'NONE',  ( -0.000000000000000000, -0.000000000000000000, 1.000000000000000000 ) ) ;
#1233 = FACE_OUTER_BOUND ( 'NONE', #363, .T. ) ;
#1234 = ORIENTED_EDGE ( 'NONE', *, *, #34, .T. ) ;
#1235 = DIRECTION ( 'NONE',  ( 1.000000000000000000, 0.000000000000000000, -0.000000000000000000 ) ) ;
#1236 = VERTEX_POINT ( 'NONE', #1534 ) ;
#1237 = AXIS2_PLACEMENT_3D ( 'NONE', #863, #167, #151 ) ;
#1238 = ADVANCED_FACE ( 'NONE', ( #1789 ), #2248, .T. ) ;
#1239 = DIRECTION ( 'NONE',  ( -0.000000000000000000, 0.000000000000000000, 1.000000000000000000 ) ) ;
#1240 = CARTESIAN_POINT ( 'NONE',  ( 7.626168383091864733, -13.29999999999998472, -7.831440883716745738 ) ) ;
#1241 = EDGE_CURVE ( 'NONE', #1503, #1220, #1733, .T. ) ;
#1242 = CARTESIAN_POINT ( 'NONE',  ( -11.37383161690812194, -38.79999999999999716, -7.831440883716745738 ) ) ;
#1243 = FACE_OUTER_BOUND ( 'NONE', #890, .T. ) ;
#1244 = ORIENTED_EDGE ( 'NONE', *, *, #396, .T. ) ;
#1245 = CARTESIAN_POINT ( 'NONE',  ( 12.22616838309186882, -17.29999999999999716, -14.45526076821776584 ) ) ;
#1246 = FACE_BOUND ( 'NONE', #2138, .T. ) ;
#1247 = ORIENTED_EDGE ( 'NONE', *, *, #1261, .T. ) ;
#1248 = DIRECTION ( 'NONE',  ( 2.168404344971008868E-16, 0.000000000000000000, 1.000000000000000000 ) ) ;
#1249 = CARTESIAN_POINT ( 'NONE',  ( -23.11938390842078661, -15.31108749552961434, -10.69778446162486851 ) ) ;
#1250 = ORIENTED_EDGE ( 'NONE', *, *, #1467, .T. ) ;
#1251 = CARTESIAN_POINT ( 'NONE',  ( -8.470102098137854085, -41.02102455666372549, -12.47163513931887913 ) ) ;
#1252 = CARTESIAN_POINT ( 'NONE',  ( -22.67383161690812443, -17.29999999999999716, -9.031440883716747692 ) ) ;
#1253 = VECTOR ( 'NONE', #1991, 1000.000000000000000 ) ;
#1254 = DIRECTION ( 'NONE',  ( 1.000000000000000000, 0.000000000000000000, 0.000000000000000000 ) ) ;
#1255 = CARTESIAN_POINT ( 'NONE',  ( -14.27756671622624474, -42.57936402401003306, -11.81297639233541652 ) ) ;
#1256 = ORIENTED_EDGE ( 'NONE', *, *, #1347, .T. ) ;
#1257 = CARTESIAN_POINT ( 'NONE',  ( 14.62616838309187095, -44.79999999999999005, -14.45476076821776523 ) ) ;
#1258 = CARTESIAN_POINT ( 'NONE',  ( -22.87383161690812372, -17.29999999999999716, -8.031440883716745915 ) ) ;
#1259 = ORIENTED_EDGE ( 'NONE', *, *, #1351, .T. ) ;
#1260 = VECTOR ( 'NONE', #3023, 1000.000000000000000 ) ;
#1261 = EDGE_CURVE ( 'NONE', #506, #652, #1489, .T. ) ;
#1262 = ORIENTED_EDGE ( 'NONE', *, *, #1685, .T. ) ;
#1263 = CARTESIAN_POINT ( 'NONE',  ( -8.772113647877890941, -40.29346359907441411, -12.43888922440965494 ) ) ;
#1264 = EDGE_CURVE ( 'NONE', #2929, #1356, #22, .T. ) ;
#1265 = AXIS2_PLACEMENT_3D ( 'NONE', #251, #505, #2434 ) ;
#1266 = ADVANCED_FACE ( 'NONE', ( #2716 ), #540, .F. ) ;
#1267 = ORIENTED_EDGE ( 'NONE', *, *, #2960, .T. ) ;
#1268 = LINE ( 'NONE', #37, #1253 ) ;
#1269 = CARTESIAN_POINT ( 'NONE',  ( -19.37383161690885558, -17.56350415478244642, -11.18626136410703786 ) ) ;
#1270 = CARTESIAN_POINT ( 'NONE',  ( -29.37383161697797718, -4.200000000000000178, 3.368729310501474838 ) ) ;
#1271 = CARTESIAN_POINT ( 'NONE',  ( 15.81133441367958170, -14.20741964773103305, -9.031440883716745915 ) ) ;
#1272 = CARTESIAN_POINT ( 'NONE',  ( -22.37383161690812372, -40.79999999999999716, -7.831440883716745738 ) ) ;
#1273 = ORIENTED_EDGE ( 'NONE', *, *, #2900, .F. ) ;
#1274 = CARTESIAN_POINT ( 'NONE',  ( -25.37383161690812372, -17.29999999999999716, -14.45526076821776584 ) ) ;
#1275 = CARTESIAN_POINT ( 'NONE',  ( 12.95574014468411939, -47.49635149959229352, -14.34783251206794219 ) ) ;
#1276 = VERTEX_POINT ( 'NONE', #1369 ) ;
#1277 = DIRECTION ( 'NONE',  ( -0.000000000000000000, -0.000000000000000000, -1.000000000000000000 ) ) ;
#1278 = CARTESIAN_POINT ( 'NONE',  ( 10.62616838309187273, -47.79999999999999716, -7.831440883716745738 ) ) ;
#1279 = LINE ( 'NONE', #2241, #256 ) ;
#1280 = CARTESIAN_POINT ( 'NONE',  ( 14.62616838309187273, -47.79999999999999716, 4.182978693911427293 ) ) ;
#1281 = FACE_OUTER_BOUND ( 'NONE', #2325, .T. ) ;
#1282 = CARTESIAN_POINT ( 'NONE',  ( -28.37383161690812372, -13.29999999999998472, -3.731440883716746537 ) ) ;
#1283 = CARTESIAN_POINT ( 'NONE',  ( 7.626168383093142822, -17.10394838845649446, -13.96697161389479369 ) ) ;
#1284 = ORIENTED_EDGE ( 'NONE', *, *, #509, .T. ) ;
#1285 = DIRECTION ( 'NONE',  ( -0.000000000000000000, -0.000000000000000000, 1.000000000000000000 ) ) ;
#1286 = CARTESIAN_POINT ( 'NONE',  ( 16.21133228325964737, -19.59258461310873400, -9.031440883716745915 ) ) ;
#1287 = DIRECTION ( 'NONE',  ( -0.000000000000000000, -0.000000000000000000, 1.000000000000000000 ) ) ;
#1288 = CARTESIAN_POINT ( 'NONE',  ( -7.230289861711734822, 0.000000000000000000, -7.839095975767776876E-16 ) ) ;
#1289 = EDGE_LOOP ( 'NONE', ( #1437, #647, #30, #3110 ) ) ;
#1290 = DIRECTION ( 'NONE',  ( -4.336808689942017736E-16, 1.000000000000000000, -0.000000000000000000 ) ) ;
#1291 = VECTOR ( 'NONE', #294, 1000.000000000000000 ) ;
#1292 = ORIENTED_EDGE ( 'NONE', *, *, #1460, .T. ) ;
#1293 = CARTESIAN_POINT ( 'NONE',  ( -7.777485141471355057, -36.98434296944562050, -12.54619065100188990 ) ) ;
#1294 = CARTESIAN_POINT ( 'NONE',  ( 11.01636627561063975, -20.28091218912534544, -14.21616152855408366 ) ) ;
#1295 = DIRECTION ( 'NONE',  ( 0.000000000000000000, -0.000000000000000000, -1.000000000000000000 ) ) ;
#1296 = DIRECTION ( 'NONE',  ( 1.000000000000000000, 0.000000000000000000, -0.000000000000000000 ) ) ;
#1297 = CARTESIAN_POINT ( 'NONE',  ( 10.42616944830182746, -14.60741751731110405, -9.031440883716747692 ) ) ;
#1298 = AXIS2_PLACEMENT_3D ( 'NONE', #2406, #1484, #2437 ) ;
#1299 = EDGE_CURVE ( 'NONE', #2129, #1086, #1859, .T. ) ;
#1300 = VERTEX_POINT ( 'NONE', #3087 ) ;
#1301 = CARTESIAN_POINT ( 'NONE',  ( 0.000000000000000000, -27.79999999999999361, -7.831440883716745738 ) ) ;
#1302 = CARTESIAN_POINT ( 'NONE',  ( 10.62616838309189049, -47.79999999999999716, -2.468387858168948854E-14 ) ) ;
#1303 = ORIENTED_EDGE ( 'NONE', *, *, #2573, .F. ) ;
#1304 = CARTESIAN_POINT ( 'NONE',  ( 14.62616838309187450, -4.200000000000000178, 3.382985835671271424 ) ) ;
#1305 = EDGE_CURVE ( 'NONE', #2758, #2480, #2595, .T. ) ;
#1306 = CARTESIAN_POINT ( 'NONE',  ( 12.22616838309186882, -17.29999999999999716, -3.731440883716746537 ) ) ;
#1307 = PLANE ( 'NONE',  #2069 ) ;
#1308 = ORIENTED_EDGE ( 'NONE', *, *, #3129, .T. ) ;
#1309 = EDGE_CURVE ( 'NONE', #146, #2410, #435, .T. ) ;
#1310 = LINE ( 'NONE', #593, #2316 ) ;
#1311 = VECTOR ( 'NONE', #1494, 1000.000000000000000 ) ;
#1312 = EDGE_CURVE ( 'NONE', #1509, #1465, #426, .T. ) ;
#1313 = DIRECTION ( 'NONE',  ( 1.000000000000000000, 0.000000000000000000, -0.000000000000000000 ) ) ;
#1314 = AXIS2_PLACEMENT_3D ( 'NONE', #1058, #858, #1819 ) ;
#1315 = ORIENTED_EDGE ( 'NONE', *, *, #1333, .F. ) ;
#1316 = ORIENTED_EDGE ( 'NONE', *, *, #3109, .T. ) ;
#1317 = DIRECTION ( 'NONE',  ( 0.000000000000000000, 0.000000000000000000, 1.000000000000000000 ) ) ;
#1318 = CARTESIAN_POINT ( 'NONE',  ( -29.37383161690812372, 0.000000000000000000, -9.023325197227068273 ) ) ;
#1319 = CARTESIAN_POINT ( 'NONE',  ( 15.81133441367958170, -14.20741964773103128, -9.031440883716744139 ) ) ;
#1320 = PLANE ( 'NONE',  #2710 ) ;
#1321 = VERTEX_POINT ( 'NONE', #192 ) ;
#1322 = CARTESIAN_POINT ( 'NONE',  ( -12.97383161690811981, -41.79999999999999716, -4.831440883716746626 ) ) ;
#1323 = CARTESIAN_POINT ( 'NONE',  ( -27.63020974406462216, -15.31306027967609928, -10.07920945553804160 ) ) ;
#1324 = ORIENTED_EDGE ( 'NONE', *, *, #2809, .F. ) ;
#1325 = ORIENTED_EDGE ( 'NONE', *, *, #502, .F. ) ;
#1326 = CARTESIAN_POINT ( 'NONE',  ( -12.15035112241114490, -38.89565322535335667, -12.06126517379468055 ) ) ;
#1327 = CARTESIAN_POINT ( 'NONE',  ( -11.03028986171172932, 0.000000000000000000, 2.391812846242538351E-15 ) ) ;
#1328 = CARTESIAN_POINT ( 'NONE',  ( -5.457751833808504927, -40.79999999999999716, -14.50089642712106297 ) ) ;
#1329 = EDGE_CURVE ( 'NONE', #299, #2487, #1592, .T. ) ;
#1330 = CARTESIAN_POINT ( 'NONE',  ( -28.37383161690812372, -13.29999999999998472, -3.731440883716746537 ) ) ;
#1331 = CARTESIAN_POINT ( 'NONE',  ( -23.77383161690812230, -17.29999999999999716, -4.831440883716746626 ) ) ;
#1332 = PLANE ( 'NONE',  #2390 ) ;
#1333 = EDGE_CURVE ( 'NONE', #2922, #243, #1823, .T. ) ;
#1334 = ORIENTED_EDGE ( 'NONE', *, *, #1351, .F. ) ;
#1335 = AXIS2_PLACEMENT_3D ( 'NONE', #1388, #174, #1142 ) ;
#1336 = DIRECTION ( 'NONE',  ( 1.000000000000000000, 0.000000000000000000, 0.000000000000000000 ) ) ;
#1337 = CARTESIAN_POINT ( 'NONE',  ( -28.35051844274215682, -47.06516993592239828, -9.977436849230786109 ) ) ;
#1338 = DIRECTION ( 'NONE',  ( -0.000000000000000000, -0.000000000000000000, 1.000000000000000000 ) ) ;
#1339 = AXIS2_PLACEMENT_3D ( 'NONE', #892, #649, #1358 ) ;
#1340 = ORIENTED_EDGE ( 'NONE', *, *, #171, .F. ) ;
#1341 = LINE ( 'NONE', #2488, #240 ) ;
#1342 = DIRECTION ( 'NONE',  ( -0.000000000000000000, 0.000000000000000000, 1.000000000000000000 ) ) ;
#1343 = CARTESIAN_POINT ( 'NONE',  ( -26.14905890568293501, -20.20463211780682755, -10.28592119145177186 ) ) ;
#1344 = ORIENTED_EDGE ( 'NONE', *, *, #516, .F. ) ;
#1345 = DIRECTION ( 'NONE',  ( -0.000000000000000000, -0.000000000000000000, 1.000000000000000000 ) ) ;
#1346 = CARTESIAN_POINT ( 'NONE',  ( -29.37383161690812372, -4.200000000000000178, -9.831440883716746626 ) ) ;
#1347 = EDGE_CURVE ( 'NONE', #670, #2501, #1878, .T. ) ;
#1348 = CARTESIAN_POINT ( 'NONE',  ( -11.37383161690812194, -38.79999999999999716, -3.731440883716746537 ) ) ;
#1349 = CARTESIAN_POINT ( 'NONE',  ( 12.60588876821134896, -19.56253574425963748, -14.32465664185607324 ) ) ;
#1350 = CARTESIAN_POINT ( 'NONE',  ( -12.70256032630721066, -44.49683452330477706, -11.99758531674825868 ) ) ;
#1351 = EDGE_CURVE ( 'NONE', #3042, #1276, #1081, .T. ) ;
#1352 = EDGE_CURVE ( 'NONE', #3018, #1022, #2580, .T. ) ;
#1353 = ADVANCED_FACE ( 'NONE', ( #1210 ), #3112, .T. ) ;
#1354 = CARTESIAN_POINT ( 'NONE',  ( -9.830289861711730026, 0.000000000000000000, 2.131604324846017286E-15 ) ) ;
#1355 = CARTESIAN_POINT ( 'NONE',  ( 13.62616838309186029, -17.30000000000000071, -14.39144999125828406 ) ) ;
#1356 = VERTEX_POINT ( 'NONE', #2904 ) ;
#1357 = VECTOR ( 'NONE', #1295, 1000.000000000000000 ) ;
#1358 = DIRECTION ( 'NONE',  ( 1.000000000000000000, 0.000000000000000000, 0.000000000000000000 ) ) ;
#1359 = CARTESIAN_POINT ( 'NONE',  ( -25.37383161690812372, -17.29999999999999716, -3.731440883716746537 ) ) ;
#1360 = CARTESIAN_POINT ( 'NONE',  ( 11.62616838312508349, -47.79999999999999716, -14.25838609721989592 ) ) ;
#1361 = ORIENTED_EDGE ( 'NONE', *, *, #2369, .F. ) ;
#1362 = CARTESIAN_POINT ( 'NONE',  ( 11.79842237035614261, -28.41300783533092655, 4.134767946544500639 ) ) ;
#1363 = CARTESIAN_POINT ( 'NONE',  ( -28.37383161690812372, -30.79999999999998650, -7.831440883716745738 ) ) ;
#1364 = CARTESIAN_POINT ( 'NONE',  ( -19.73186968405963171, -15.24168775552541355, -11.14058078323369116 ) ) ;
#1365 = ORIENTED_EDGE ( 'NONE', *, *, #1305, .F. ) ;
#1366 = EDGE_CURVE ( 'NONE', #2849, #2924, #1693, .T. ) ;
#1367 = ORIENTED_EDGE ( 'NONE', *, *, #191, .T. ) ;
#1368 = CYLINDRICAL_SURFACE ( 'NONE', #2308, 1.599999999999998979 ) ;
#1369 = CARTESIAN_POINT ( 'NONE',  ( -17.28991140000773541, -40.79999999999999716, -7.831440883716745738 ) ) ;
#1370 = VECTOR ( 'NONE', #2768, 1000.000000000000000 ) ;
#1371 = ADVANCED_FACE ( 'NONE', ( #1243 ), #714, .F. ) ;
#1372 = EDGE_CURVE ( 'NONE', #1858, #1947, #525, .T. ) ;
#1373 = ORIENTED_EDGE ( 'NONE', *, *, #2549, .T. ) ;
#1374 = DIRECTION ( 'NONE',  ( 1.000000000000000000, 0.000000000000000000, 0.000000000000000000 ) ) ;
#1375 = CARTESIAN_POINT ( 'NONE',  ( 11.62616838309187450, -47.79999999999999716, -2.164231050744044015E-15 ) ) ;
#1376 = DIRECTION ( 'NONE',  ( -0.000000000000000000, -0.000000000000000000, -1.000000000000000000 ) ) ;
#1377 = VERTEX_POINT ( 'NONE', #1705 ) ;
#1378 = CARTESIAN_POINT ( 'NONE',  ( -10.67213535793296941, -35.83097836877610831, -12.22911441014021250 ) ) ;
#1379 = FACE_OUTER_BOUND ( 'NONE', #1056, .T. ) ;
#1380 = ORIENTED_EDGE ( 'NONE', *, *, #220, .F. ) ;
#1381 = CARTESIAN_POINT ( 'NONE',  ( 5.298434584320940388, -20.07188012977683655, -13.78221772304135939 ) ) ;
#1382 = CARTESIAN_POINT ( 'NONE',  ( -13.20050653728448609, -44.18780402355852743, -11.93969646948835539 ) ) ;
#1383 = DIRECTION ( 'NONE',  ( 0.000000000000000000, 0.000000000000000000, 1.000000000000000000 ) ) ;
#1384 = CARTESIAN_POINT ( 'NONE',  ( 13.12616838309186562, -17.29999999999999716, -14.45526076821776584 ) ) ;
#1385 = ORIENTED_EDGE ( 'NONE', *, *, #509, .F. ) ;
#1386 = VERTEX_POINT ( 'NONE', #738 ) ;
#1387 = LINE ( 'NONE', #868, #2674 ) ;
#1388 = CARTESIAN_POINT ( 'NONE',  ( 12.62672410987473981, -27.79999999999999361, 4.148094435388373746 ) ) ;
#1389 = AXIS2_PLACEMENT_3D ( 'NONE', #2937, #2151, #1667 ) ;
#1390 = ORIENTED_EDGE ( 'NONE', *, *, #469, .F. ) ;
#1391 = CARTESIAN_POINT ( 'NONE',  ( 12.85017209606597532, -27.89552358786405861, 4.151781707863850812 ) ) ;
#1392 = CARTESIAN_POINT ( 'NONE',  ( 12.40218311763519488, -47.70447170607616982, 4.144402190829077348 ) ) ;
#1393 = CARTESIAN_POINT ( 'NONE',  ( -12.47271977808964394, -4.200000000000030376, 3.968638531505615408 ) ) ;
#1394 = ORIENTED_EDGE ( 'NONE', *, *, #1152, .F. ) ;
#1395 = EDGE_CURVE ( 'NONE', #532, #1195, #2682, .T. ) ;
#1396 = EDGE_CURVE ( 'NONE', #681, #1229, #2853, .T. ) ;
#1397 = ORIENTED_EDGE ( 'NONE', *, *, #2309, .T. ) ;
#1398 = CARTESIAN_POINT ( 'NONE',  ( -25.37383161690812372, -17.29999999999999716, -14.50089642712106297 ) ) ;
#1399 = CARTESIAN_POINT ( 'NONE',  ( -11.03028986171172932, 1.199999999999999956, 0.9685591162832555279 ) ) ;
#1400 = CARTESIAN_POINT ( 'NONE',  ( -22.37383161690812727, -17.29999999999999716, -9.031440883716747692 ) ) ;
#1401 = LINE ( 'NONE', #373, #1864 ) ;
#1402 = AXIS2_PLACEMENT_3D ( 'NONE', #1954, #1935, #2403 ) ;
#1403 = EDGE_CURVE ( 'NONE', #456, #969, #473, .T. ) ;
#1404 = VERTEX_POINT ( 'NONE', #2632 ) ;
#1405 = LINE ( 'NONE', #1852, #2570 ) ;
#1406 = CARTESIAN_POINT ( 'NONE',  ( -8.430289861711731447, 0.000000000000000000, 1.828027716550075650E-15 ) ) ;
#1407 = CARTESIAN_POINT ( 'NONE',  ( -11.03028986171172932, 1.199999999999999956, 0.9685591162832555279 ) ) ;
#1408 = CARTESIAN_POINT ( 'NONE',  ( -16.20350840460995911, -38.22270647870359284, -11.58141437020807274 ) ) ;
#1409 = CARTESIAN_POINT ( 'NONE',  ( -22.37383161690812727, -12.10384757729336691, -10.79684584942134329 ) ) ;
#1410 = ORIENTED_EDGE ( 'NONE', *, *, #396, .F. ) ;
#1411 = CARTESIAN_POINT ( 'NONE',  ( -27.04303617266345583, -28.10424184506090839, 4.136903609391353598 ) ) ;
#1412 = PLANE ( 'NONE',  #54 ) ;
#1413 = DIRECTION ( 'NONE',  ( 1.000000000000000000, 0.000000000000000000, 0.000000000000000000 ) ) ;
#1414 = EDGE_CURVE ( 'NONE', #902, #1585, #950, .T. ) ;
#1415 = AXIS2_PLACEMENT_3D ( 'NONE', #560, #50, #1531 ) ;
#1416 = CARTESIAN_POINT ( 'NONE',  ( 7.626168383091866509, 0.000000000000000000, -7.831440883716745738 ) ) ;
#1417 = CARTESIAN_POINT ( 'NONE',  ( 7.722690756198504758, -16.52005830017798971, -13.97439599787117892 ) ) ;
#1418 = ORIENTED_EDGE ( 'NONE', *, *, #2749, .F. ) ;
#1419 = ORIENTED_EDGE ( 'NONE', *, *, #587, .F. ) ;
#1420 = VECTOR ( 'NONE', #1919, 1000.000000000000000 ) ;
#1421 = DIRECTION ( 'NONE',  ( 0.000000000000000000, -1.000000000000000000, 0.000000000000000000 ) ) ;
#1422 = EDGE_CURVE ( 'NONE', #787, #2974, #1676, .T. ) ;
#1423 = CIRCLE ( 'NONE', #2627, 2.700000000000001066 ) ;
#1424 = ORIENTED_EDGE ( 'NONE', *, *, #493, .T. ) ;
#1425 = B_SPLINE_CURVE_WITH_KNOTS ( 'NONE', 3,
 ( #2053, #848, #610, #1587, #2882, #931, #257, #2160, #188, #455, #965, #690, #1411, #2865, #2387, #1462 ),
 .UNSPECIFIED., .F., .F.,
 ( 4, 2, 2, 2, 2, 2, 2, 4 ),
 ( 5.938665224168944653E-14, 0.0005858344440257696323, 0.001171668887992152741, 0.001757503331958535633, 0.002343337775924918525, 0.002929172219891301200, 0.003515006663857684309, 0.004686675551790456598 ),
 .UNSPECIFIED. ) ;
#1426 = LINE ( 'NONE', #1406, #633 ) ;
#1427 = CARTESIAN_POINT ( 'NONE',  ( 7.177528916744907228, -22.21685152782869466, -13.93226303864964066 ) ) ;
#1428 = ADVANCED_FACE ( 'NONE', ( #74, #576, #62, #1030, #1989 ), #209, .F. ) ;
#1429 = LINE ( 'NONE', #2388, #481 ) ;
#1430 = ADVANCED_FACE ( 'NONE', ( #2747 ), #2279, .F. ) ;
#1431 = EDGE_CURVE ( 'NONE', #1621, #1377, #2962, .T. ) ;
#1432 = ORIENTED_EDGE ( 'NONE', *, *, #67, .F. ) ;
#1433 = EDGE_LOOP ( 'NONE', ( #279, #1453, #702, #1669 ) ) ;
#1434 = LINE ( 'NONE', #2616, #238 ) ;
#1435 = VECTOR ( 'NONE', #2370, 1000.000000000000000 ) ;
#1436 = CARTESIAN_POINT ( 'NONE',  ( 10.02115205608485660, -19.72568655107085434, -8.339822604851033105 ) ) ;
#1437 = ORIENTED_EDGE ( 'NONE', *, *, #2214, .T. ) ;
#1438 = CIRCLE ( 'NONE', #1389, 2.500000000000002220 ) ;
#1439 = FACE_OUTER_BOUND ( 'NONE', #42, .T. ) ;
#1440 = CARTESIAN_POINT ( 'NONE',  ( -22.52861827522842475, -16.32857288726648903, -10.77635554355383540 ) ) ;
#1441 = ORIENTED_EDGE ( 'NONE', *, *, #1396, .T. ) ;
#1442 = CARTESIAN_POINT ( 'NONE',  ( -11.37383161690812017, -41.79999999999999716, -3.731440883716746537 ) ) ;
#1443 = CARTESIAN_POINT ( 'NONE',  ( -17.28991140000773541, -40.79999999999999716, -14.50089642712106297 ) ) ;
#1444 = CARTESIAN_POINT ( 'NONE',  ( -11.37383161690812017, -41.79999999999999716, -14.50089642712106297 ) ) ;
#1445 = ORIENTED_EDGE ( 'NONE', *, *, #2359, .T. ) ;
#1446 = ORIENTED_EDGE ( 'NONE', *, *, #2951, .F. ) ;
#1447 = FACE_OUTER_BOUND ( 'NONE', #1724, .T. ) ;
#1448 = EDGE_CURVE ( 'NONE', #1506, #535, #3011, .T. ) ;
#1449 = CARTESIAN_POINT ( 'NONE',  ( -25.37383161690812372, -17.29999999999999716, -4.831440883716746626 ) ) ;
#1450 = CARTESIAN_POINT ( 'NONE',  ( -24.71746198712514087, -4.200000000000000178, 3.302723405837833859 ) ) ;
#1451 = DIRECTION ( 'NONE',  ( 1.000000000000000000, 0.000000000000000000, -0.000000000000000000 ) ) ;
#1452 = LINE ( 'NONE', #1258, #2529 ) ;
#1453 = ORIENTED_EDGE ( 'NONE', *, *, #2771, .F. ) ;
#1454 = CARTESIAN_POINT ( 'NONE',  ( -23.77383161690812230, -17.29999999999999716, -14.45526076821776584 ) ) ;
#1455 = VECTOR ( 'NONE', #100, 1000.000000000000000 ) ;
#1456 = DIRECTION ( 'NONE',  ( 2.168404344971008868E-16, -1.000000000000000000, 0.000000000000000000 ) ) ;
#1457 = CARTESIAN_POINT ( 'NONE',  ( 14.62616838309187450, -4.200000000000000178, -2.722686161515925971E-15 ) ) ;
#1458 = EDGE_LOOP ( 'NONE', ( #1071, #1106, #1555, #3100 ) ) ;
#1459 = CARTESIAN_POINT ( 'NONE',  ( -8.373831616908127273, -38.79999999999999716, -3.731440883716746537 ) ) ;
#1460 = EDGE_CURVE ( 'NONE', #1161, #1608, #1425, .T. ) ;
#1461 = VECTOR ( 'NONE', #2464, 1000.000000000000000 ) ;
#1462 = CARTESIAN_POINT ( 'NONE',  ( -28.37383161690808109, -27.79999999999998650, 4.154627706338913207 ) ) ;
#1463 = LINE ( 'NONE', #2440, #2725 ) ;
#1464 = DIRECTION ( 'NONE',  ( -0.000000000000000000, -0.000000000000000000, 1.000000000000000000 ) ) ;
#1465 = VERTEX_POINT ( 'NONE', #1156 ) ;
#1466 = DIRECTION ( 'NONE',  ( 0.000000000000000000, 1.000000000000000000, 0.000000000000000000 ) ) ;
#1467 = EDGE_CURVE ( 'NONE', #1215, #1760, #726, .T. ) ;
#1468 = CIRCLE ( 'NONE', #706, 2.999999999999995559 ) ;
#1469 = ORIENTED_EDGE ( 'NONE', *, *, #1685, .F. ) ;
#1470 = DIRECTION ( 'NONE',  ( -1.000000000000000000, 0.000000000000000000, 0.000000000000000000 ) ) ;
#1471 = VECTOR ( 'NONE', #2748, 1000.000000000000000 ) ;
#1472 = VERTEX_POINT ( 'NONE', #483 ) ;
#1473 = FACE_OUTER_BOUND ( 'NONE', #861, .T. ) ;
#1474 = CARTESIAN_POINT ( 'NONE',  ( 7.000759320366250480E-16, 0.000000000000000000, 0.9685591162832475343 ) ) ;
#1475 = EDGE_LOOP ( 'NONE', ( #1153, #2120, #1315, #2263 ) ) ;
#1476 = DIRECTION ( 'NONE',  ( 1.000000000000000000, 0.000000000000000000, 0.000000000000000000 ) ) ;
#1477 = DIRECTION ( 'NONE',  ( 1.000000000000000000, 0.000000000000000000, -1.861517035906273843E-16 ) ) ;
#1478 = LINE ( 'NONE', #1963, #1291 ) ;
#1479 = EDGE_LOOP ( 'NONE', ( #2281, #3078, #103, #1324 ) ) ;
#1480 = CARTESIAN_POINT ( 'NONE',  ( -14.37383161690812017, -46.79999999999999716, -3.731440883716746537 ) ) ;
#1481 = DIRECTION ( 'NONE',  ( 1.000000000000000000, 0.000000000000000000, 0.000000000000000000 ) ) ;
#1482 = ORIENTED_EDGE ( 'NONE', *, *, #1136, .T. ) ;
#1483 = VECTOR ( 'NONE', #1926, 1000.000000000000000 ) ;
#1484 = DIRECTION ( 'NONE',  ( -1.000000000000000000, -1.002730332934570767E-16, 0.000000000000000000 ) ) ;
#1485 = DIRECTION ( 'NONE',  ( 1.000000000000000000, 0.000000000000000000, 0.000000000000000000 ) ) ;
#1486 = VECTOR ( 'NONE', #2891, 1000.000000000000000 ) ;
#1487 = CARTESIAN_POINT ( 'NONE',  ( 8.022439008654920656, -18.80320698388866774, -13.99733637893728755 ) ) ;
#1488 = ORIENTED_EDGE ( 'NONE', *, *, #2207, .T. ) ;
#1489 = LINE ( 'NONE', #2458, #2905 ) ;
#1490 = CARTESIAN_POINT ( 'NONE',  ( 7.626168383091864733, -13.29999999999998472, -3.731440883716746537 ) ) ;
#1491 = ORIENTED_EDGE ( 'NONE', *, *, #2078, .T. ) ;
#1492 = DIRECTION ( 'NONE',  ( 1.000000000000000000, 0.000000000000000000, 0.000000000000000000 ) ) ;
#1493 = CARTESIAN_POINT ( 'NONE',  ( -25.17896313470881964, -14.30000104198007449, -10.41941099741642418 ) ) ;
#1494 = DIRECTION ( 'NONE',  ( -0.000000000000000000, 1.000000000000000000, -0.000000000000000000 ) ) ;
#1495 = ORIENTED_EDGE ( 'NONE', *, *, #1743, .F. ) ;
#1496 = DIRECTION ( 'NONE',  ( -0.000000000000000000, 0.000000000000000000, 1.000000000000000000 ) ) ;
#1497 = CARTESIAN_POINT ( 'NONE',  ( -5.989283868408862510, -39.12942482742970185, -12.73439176397516626 ) ) ;
#1498 = LINE ( 'NONE', #2439, #2070 ) ;
#1499 = EDGE_CURVE ( 'NONE', #449, #1276, #222, .T. ) ;
#1500 = CARTESIAN_POINT ( 'NONE',  ( -7.230289861711734822, 0.000000000000000000, 0.9685591162832546397 ) ) ;
#1501 = ADVANCED_FACE ( 'NONE', ( #2114 ), #1690, .T. ) ;
#1502 = ADVANCED_FACE ( 'NONE', ( #2141, #672 ), #200, .T. ) ;
#1503 = VERTEX_POINT ( 'NONE', #375 ) ;
#1504 = CARTESIAN_POINT ( 'NONE',  ( 0.000000000000000000, 2.168404344971008868E-16, -7.031440883716748580 ) ) ;
#1505 = CARTESIAN_POINT ( 'NONE',  ( -19.46018530008113245, -18.34753107354639212, -11.17526247531419692 ) ) ;
#1506 = VERTEX_POINT ( 'NONE', #906 ) ;
#1507 = FACE_OUTER_BOUND ( 'NONE', #3075, .T. ) ;
#1508 = CARTESIAN_POINT ( 'NONE',  ( -26.33572060833572692, -14.45164189765087848, -10.26006071868811986 ) ) ;
#1509 = VERTEX_POINT ( 'NONE', #856 ) ;
#1510 = VECTOR ( 'NONE', #638, 1000.000000000000000 ) ;
#1511 = CARTESIAN_POINT ( 'NONE',  ( 7.626168383091863845, -17.29999999998042526, -13.96697161389469599 ) ) ;
#1512 = DIRECTION ( 'NONE',  ( -0.000000000000000000, 0.000000000000000000, -1.000000000000000000 ) ) ;
#1513 = CARTESIAN_POINT ( 'NONE',  ( -23.55269063230031890, -19.69200112861548746, -10.63979154956686024 ) ) ;
#1514 = ORIENTED_EDGE ( 'NONE', *, *, #2543, .T. ) ;
#1515 = EDGE_CURVE ( 'NONE', #2487, #1236, #1631, .T. ) ;
#1516 = DIRECTION ( 'NONE',  ( 2.168404344971008868E-16, 0.000000000000000000, 1.000000000000000000 ) ) ;
#1517 = EDGE_CURVE ( 'NONE', #681, #2606, #1575, .T. ) ;
#1518 = DIRECTION ( 'NONE',  ( 1.000000000000000000, -0.000000000000000000, 0.000000000000000000 ) ) ;
#1519 = B_SPLINE_CURVE_WITH_KNOTS ( 'NONE', 3,
 ( #1598, #2514, #1558, #361, #2288, #120 ),
 .UNSPECIFIED., .F., .F.,
 ( 4, 1, 1, 4 ),
 ( 0.7449621056509257988, 0.7527079682008201988, 0.7939233068340170174, 0.8119104485684094374 ),
 .UNSPECIFIED. ) ;
#1520 = ORIENTED_EDGE ( 'NONE', *, *, #1110, .F. ) ;
#1521 = DIRECTION ( 'NONE',  ( -0.000000000000000000, -0.000000000000000000, 1.000000000000000000 ) ) ;
#1522 = DIRECTION ( 'NONE',  ( -2.168404344971008868E-16, 1.000000000000000000, 0.000000000000000000 ) ) ;
#1523 = CARTESIAN_POINT ( 'NONE',  ( -28.06776679047007761, -15.96518864711396901, -10.01747336195678884 ) ) ;
#1524 = EDGE_LOOP ( 'NONE', ( #342, #2733, #196, #1410 ) ) ;
#1525 = VERTEX_POINT ( 'NONE', #8 ) ;
#1526 = CARTESIAN_POINT ( 'NONE',  ( -9.874860851246287652, -39.19385218100749313, -12.31789256712543335 ) ) ;
#1527 = VECTOR ( 'NONE', #2665, 1000.000000000000000 ) ;
#1528 = VECTOR ( 'NONE', #1516, 1000.000000000000000 ) ;
#1529 = CARTESIAN_POINT ( 'NONE',  ( 11.23118471009893682, -14.87431344892915064, -8.339822604851033105 ) ) ;
#1530 = CARTESIAN_POINT ( 'NONE',  ( -25.37383161690812372, -17.29999999999999716, -9.031440883716747692 ) ) ;
#1531 = DIRECTION ( 'NONE',  ( 1.000000000000000000, 0.000000000000000000, 0.000000000000000000 ) ) ;
#1532 =( BOUNDED_SURFACE ( )  B_SPLINE_SURFACE ( 3, 1, ( 
 ( #2194, #775 ),
 ( #2159, #964 ),
 ( #1924, #1687 ),
 ( #2547, #3022 ),
 ( #811, #344 ),
 ( #3009, #590 ),
 ( #843, #1563 ) ),
 .UNSPECIFIED., .T., .F., .T. ) 
 B_SPLINE_SURFACE_WITH_KNOTS ( ( 4, 3, 4 ),
 ( 2, 2 ),
 ( 0.000000000000000000, 0.5000000000000000000, 1.000000000000000000 ),
 ( 0.000000000000000000, 1.000000000000000000 ),
 .UNSPECIFIED. ) 
 GEOMETRIC_REPRESENTATION_ITEM ( )  RATIONAL_B_SPLINE_SURFACE ( (
 ( 1.000000000000000000, 1.000000000000000000),
 ( 0.3333333333333333703, 0.3333333333333333703),
 ( 0.3333333333333333703, 0.3333333333333333703),
 ( 1.000000000000000000, 1.000000000000000000),
 ( 0.3333333333333330373, 0.3333333333333333703),
 ( 0.3333333333333330373, 0.3333333333333333703),
 ( 1.000000000000000000, 1.000000000000000000) ) ) 
 REPRESENTATION_ITEM ( '' )  SURFACE ( )  );
#1533 = EDGE_LOOP ( 'NONE', ( #2949, #791, #916, #2113 ) ) ;
#1534 = CARTESIAN_POINT ( 'NONE',  ( -8.373831616908129050, -46.79999999999999716, -7.831440883716745738 ) ) ;
#1535 = LINE ( 'NONE', #2445, #1065 ) ;
#1536 = ADVANCED_FACE ( 'NONE', ( #2170 ), #1570, .F. ) ;
#1537 = EDGE_CURVE ( 'NONE', #65, #326, #761, .T. ) ;
#1538 = VERTEX_POINT ( 'NONE', #2153 ) ;
#1539 = PLANE ( 'NONE',  #893 ) ;
#1540 = CARTESIAN_POINT ( 'NONE',  ( -28.27667680980465192, -16.51756154134064758, -9.987893484660489207 ) ) ;
#1541 = CARTESIAN_POINT ( 'NONE',  ( -11.37383161690812017, -41.79999999999999716, -3.731440883716746537 ) ) ;
#1542 = VECTOR ( 'NONE', #671, 1000.000000000000000 ) ;
#1543 = VERTEX_POINT ( 'NONE', #955 ) ;
#1544 = CARTESIAN_POINT ( 'NONE',  ( -26.37383161690812727, -44.79999999999999005, 0.000000000000000000 ) ) ;
#1545 = CARTESIAN_POINT ( 'NONE',  ( -5.606172249461127244, -40.10982291487679419, -12.77393506839226411 ) ) ;
#1546 = CARTESIAN_POINT ( 'NONE',  ( -19.44203468730378859, -16.25556320984598102, -11.17759012181959832 ) ) ;
#1547 = DIRECTION ( 'NONE',  ( -1.000000000000000000, -0.000000000000000000, -0.000000000000000000 ) ) ;
#1548 = CARTESIAN_POINT ( 'NONE',  ( -26.04052824410639388, -47.79999999999999716, 4.124168717819198804 ) ) ;
#1549 = VERTEX_POINT ( 'NONE', #1916 ) ;
#1550 = EDGE_LOOP ( 'NONE', ( #760, #2396 ) ) ;
#1551 = LINE ( 'NONE', #355, #2441 ) ;
#1552 = CARTESIAN_POINT ( 'NONE',  ( -29.37383161690812372, 0.000000000000000000, 3.368729310363125506 ) ) ;
#1553 = CARTESIAN_POINT ( 'NONE',  ( 10.42616944830182746, -14.60741751731110405, -9.031440883716747692 ) ) ;
#1554 = CARTESIAN_POINT ( 'NONE',  ( 13.12616838309008394, -17.29999999999999716, -8.339822604851033105 ) ) ;
#1555 = ORIENTED_EDGE ( 'NONE', *, *, #2022, .T. ) ;
#1556 = CARTESIAN_POINT ( 'NONE',  ( 0.000000000000000000, 1.199999999999999956, -5.831440883716749290 ) ) ;
#1557 = CARTESIAN_POINT ( 'NONE',  ( -24.59999330649462834, -14.39488027522654612, -10.49836019506683549 ) ) ;
#1558 = CARTESIAN_POINT ( 'NONE',  ( 2.223142230945371001, -4.200000000000000178, 3.981238854005618499 ) ) ;
#1559 = VECTOR ( 'NONE', #3124, 1000.000000000000000 ) ;
#1560 = EDGE_LOOP ( 'NONE', ( #128, #1361, #401, #1672, #1139, #2675, #809, #172, #2912, #1751, #2686 ) ) ;
#1561 = CIRCLE ( 'NONE', #2373, 2.500000000000023093 ) ;
#1562 = ORIENTED_EDGE ( 'NONE', *, *, #1697, .F. ) ;
#1563 = CARTESIAN_POINT ( 'NONE',  ( 10.82616731788194997, -19.99258248268879967, -9.031440883716747692 ) ) ;
#1564 = CARTESIAN_POINT ( 'NONE',  ( -5.516975417206555932, -40.44962855557612613, -12.78309640728369168 ) ) ;
#1565 = DIRECTION ( 'NONE',  ( 1.000000000000000000, 0.000000000000000000, 7.228014483236714305E-16 ) ) ;
#1566 = B_SPLINE_CURVE_WITH_KNOTS ( 'NONE', 3,
 ( #823, #360, #2970, #2287, #298, #1088, #544, #1798, #2221, #60, #1024, #1739, #1275, #1102, #1119, #869 ),
 .UNSPECIFIED., .F., .F.,
 ( 4, 2, 2, 2, 2, 2, 2, 4 ),
 ( 0.000000000000000000, 0.0005864463450503133160, 0.001172892690100626632, 0.001759339035150939839, 0.002345785380201253264, 0.002932231725251566688, 0.003518678070301879679, 0.004691570760402506528 ),
 .UNSPECIFIED. ) ;
#1567 = CARTESIAN_POINT ( 'NONE',  ( 11.62616838312508349, -47.79999999999999716, -14.25838609721989592 ) ) ;
#1568 = CARTESIAN_POINT ( 'NONE',  ( -26.37383161690812727, -47.79999999999999716, -9.831440883716746626 ) ) ;
#1569 = AXIS2_PLACEMENT_3D ( 'NONE', #1937, #2190, #29 ) ;
#1570 = B_SPLINE_SURFACE_WITH_KNOTS ( 'NONE', 3, 1, ( 
 ( #268, #2909 ),
 ( #924, #2860 ),
 ( #680, #1656 ),
 ( #2620, #464 ),
 ( #2380, #3122 ),
 ( #1182, #1897 ) ),
 .UNSPECIFIED., .F., .F., .F.,
 ( 4, 1, 1, 4 ),
 ( 2, 2 ),
 ( 0.1196310720351024676, 0.1356275895091633710, 0.1549707956862048930, 0.1635103659517148644 ),
 ( 0.000000000000000000, 1.000000000000000000 ),
 .UNSPECIFIED. ) ;
#1571 = CARTESIAN_POINT ( 'NONE',  ( -7.230289861711734822, 1.199999999999999956, -7.839095975767776876E-16 ) ) ;
#1572 = CARTESIAN_POINT ( 'NONE',  ( -9.118668028785940294, -43.78811440897651153, -12.40110461925075747 ) ) ;
#1573 = FACE_OUTER_BOUND ( 'NONE', #2750, .T. ) ;
#1574 = CARTESIAN_POINT ( 'NONE',  ( -7.230289861711733934, 1.199999999999999956, -5.831440883716749290 ) ) ;
#1575 = B_SPLINE_CURVE_WITH_KNOTS ( 'NONE', 3,
 ( #3045, #1103, #871, #2091, #620, #2819, #1867, #3061, #1850, #2341, #2558, #2047, #178, #841, #1343, #2843, #1612, #390, #2301, #407, #1801, #606, #2122, #1513, #2414, #2673, #2496, #2732, #3094, #2430, #1952, #247 ),
 .UNSPECIFIED., .F., .F.,
 ( 4, 2, 2, 2, 2, 2, 2, 2, 2, 2, 2, 2, 2, 2, 2, 4 ),
 ( 0.009424112520838403770, 0.01001297798948335045, 0.01060184345812829713, 0.01119070892677324555, 0.01177957439541819223, 0.01236843986406313892, 0.01295730533270808560, 0.01354617080135303228, 0.01413503626999797896, 0.01472390173864292738, 0.01531276720728787233, 0.01590163267593282248, 0.01649049814457776916, 0.01707936361322271585, 0.01766822908186766253, 0.01884596001915754548 ),
 .UNSPECIFIED. ) ;
#1576 = EDGE_CURVE ( 'NONE', #1608, #441, #2895, .T. ) ;
#1577 = DIRECTION ( 'NONE',  ( -0.000000000000000000, -0.000000000000000000, -1.000000000000000000 ) ) ;
#1578 = CARTESIAN_POINT ( 'NONE',  ( -28.19593471678693675, -47.19126102391911814, -9.999352341698347857 ) ) ;
#1579 = CARTESIAN_POINT ( 'NONE',  ( 13.47242708461200955, -16.33172709405408085, -14.38153119813786063 ) ) ;
#1580 = ORIENTED_EDGE ( 'NONE', *, *, #2369, .T. ) ;
#1581 = DIRECTION ( 'NONE',  ( -0.000000000000000000, -0.000000000000000000, 1.000000000000000000 ) ) ;
#1582 = ORIENTED_EDGE ( 'NONE', *, *, #2951, .T. ) ;
#1583 = CARTESIAN_POINT ( 'NONE',  ( -14.37383161690682343, -41.60355275864746005, -11.80155201328103942 ) ) ;
#1584 = EDGE_CURVE ( 'NONE', #5, #2410, #219, .T. ) ;
#1585 = VERTEX_POINT ( 'NONE', #1574 ) ;
#1586 = DIRECTION ( 'NONE',  ( -1.533293416683374138E-16, -0.7071067811865474617, -0.7071067811865474617 ) ) ;
#1587 = CARTESIAN_POINT ( 'NONE',  ( -25.46937772719809345, -30.02391391873925386, 4.117201885185884258 ) ) ;
#1588 = FACE_BOUND ( 'NONE', #1642, .T. ) ;
#1589 = CIRCLE ( 'NONE', #1339, 2.999999999999999112 ) ;
#1590 = EDGE_CURVE ( 'NONE', #146, #3046, #1843, .T. ) ;
#1591 = CARTESIAN_POINT ( 'NONE',  ( 5.509150105158512112, -6.200000000000010836, -13.80395657131704468 ) ) ;
#1592 = LINE ( 'NONE', #913, #2805 ) ;
#1593 = LINE ( 'NONE', #1861, #2801 ) ;
#1594 = CARTESIAN_POINT ( 'NONE',  ( -27.87383161690812372, -17.29999999999999716, -14.45526076821776584 ) ) ;
#1595 = ORIENTED_EDGE ( 'NONE', *, *, #2148, .F. ) ;
#1596 = CARTESIAN_POINT ( 'NONE',  ( 14.62616838309187450, -5.400000000000000355, 4.182978693911425516 ) ) ;
#1597 = CARTESIAN_POINT ( 'NONE',  ( 13.62616838309186917, -13.29999999999998472, -3.731440883716746537 ) ) ;
#1598 = CARTESIAN_POINT ( 'NONE',  ( 14.62616838309187450, -4.200000000000000178, 4.182978693911425516 ) ) ;
#1599 = CARTESIAN_POINT ( 'NONE',  ( 13.23334625703752643, -27.81942216283248470, 4.158248046843607604 ) ) ;
#1600 = CARTESIAN_POINT ( 'NONE',  ( -25.37383161690812372, -17.29999999999999716, -9.031440883716747692 ) ) ;
#1601 = VECTOR ( 'NONE', #2500, 1000.000000000000000 ) ;
#1602 = CARTESIAN_POINT ( 'NONE',  ( -28.76071861254395046, -46.62788443537115768, 4.159951943692009380 ) ) ;
#1603 = AXIS2_PLACEMENT_3D ( 'NONE', #2368, #1123, #930 ) ;
#1604 = CARTESIAN_POINT ( 'NONE',  ( -12.15021165086301025, -44.70434289366080804, -12.06128098066381504 ) ) ;
#1605 = DIRECTION ( 'NONE',  ( -2.903912764265055945E-15, 0.000000000000000000, -1.000000000000000000 ) ) ;
#1606 = DIRECTION ( 'NONE',  ( -0.000000000000000000, -0.000000000000000000, 1.000000000000000000 ) ) ;
#1607 = FACE_OUTER_BOUND ( 'NONE', #602, .T. ) ;
#1608 = VERTEX_POINT ( 'NONE', #2098 ) ;
#1609 = CARTESIAN_POINT ( 'NONE',  ( -8.430289861711733224, 0.000000000000000000, -7.031440883716748580 ) ) ;
#1610 = DIRECTION ( 'NONE',  ( -1.000000000000000000, 0.000000000000000000, 0.000000000000000000 ) ) ;
#1611 = LINE ( 'NONE', #1375, #648 ) ;
#1612 = CARTESIAN_POINT ( 'NONE',  ( -25.57340834349592740, -20.29983700564299909, -10.36531614754305330 ) ) ;
#1613 = ORIENTED_EDGE ( 'NONE', *, *, #282, .T. ) ;
#1614 = DIRECTION ( 'NONE',  ( 1.000000000000000000, 0.000000000000000000, 0.000000000000000000 ) ) ;
#1615 = CARTESIAN_POINT ( 'NONE',  ( 14.22858327737854545, -46.30542204077105595, 4.175724380389826074 ) ) ;
#1616 = CARTESIAN_POINT ( 'NONE',  ( 10.62616838331042501, -27.79999999999999005, 4.117063039008507452 ) ) ;
#1617 = LINE ( 'NONE', #1185, #700 ) ;
#1618 = CARTESIAN_POINT ( 'NONE',  ( 4.983497421594941912, -15.24338460675428308, -13.75636770805352782 ) ) ;
#1619 = LINE ( 'NONE', #689, #1542 ) ;
#1620 = CARTESIAN_POINT ( 'NONE',  ( -12.34027822496344662, -44.64682584346993366, -12.03942195416058780 ) ) ;
#1621 = VERTEX_POINT ( 'NONE', #656 ) ;
#1622 = DIRECTION ( 'NONE',  ( 1.000000000000000000, 0.000000000000000000, 0.000000000000000000 ) ) ;
#1623 = CARTESIAN_POINT ( 'NONE',  ( -28.75258488046322114, -46.63859088914244211, -9.920269496372274176 ) ) ;
#1624 = CARTESIAN_POINT ( 'NONE',  ( 0.000000000000000000, 0.000000000000000000, -3.731440883716746537 ) ) ;
#1625 = AXIS2_PLACEMENT_3D ( 'NONE', #3065, #2347, #2823 ) ;
#1626 = ADVANCED_FACE ( 'NONE', ( #3070, #2280, #1080, #398, #3014 ), #1332, .T. ) ;
#1627 = EDGE_LOOP ( 'NONE', ( #1039, #2079, #1126, #1064, #2896, #306, #2522, #1870, #1762, #2071 ) ) ;
#1628 = CYLINDRICAL_SURFACE ( 'NONE', #1140, 5.999999999999998224 ) ;
#1629 = DIRECTION ( 'NONE',  ( 1.000000000000000000, 0.000000000000000000, 0.000000000000000000 ) ) ;
#1630 = CARTESIAN_POINT ( 'NONE',  ( -22.37383161690812727, -2.243491962624431111E-15, -7.831440883716745738 ) ) ;
#1631 = LINE ( 'NONE', #141, #923 ) ;
#1632 = ORIENTED_EDGE ( 'NONE', *, *, #587, .T. ) ;
#1633 = CARTESIAN_POINT ( 'NONE',  ( 7.626168383091864733, -13.29999999999998472, -3.731440883716746537 ) ) ;
#1634 = CARTESIAN_POINT ( 'NONE',  ( -13.76051213717178889, -36.28400403070887137, -11.87414759334024694 ) ) ;
#1635 = DIRECTION ( 'NONE',  ( 1.000000000000000000, 0.000000000000000000, -2.168404344971008868E-16 ) ) ;
#1636 = ORIENTED_EDGE ( 'NONE', *, *, #88, .T. ) ;
#1637 = CARTESIAN_POINT ( 'NONE',  ( -13.75616401168714376, -43.63399973085619621, -11.87457468174767605 ) ) ;
#1638 = EDGE_CURVE ( 'NONE', #2986, #1161, #1429, .T. ) ;
#1639 = ADVANCED_FACE ( 'NONE', ( #2915 ), #736, .F. ) ;
#1640 = CARTESIAN_POINT ( 'NONE',  ( -29.37383161690812372, -45.19821131218412802, -9.831440883716741297 ) ) ;
#1641 = EDGE_CURVE ( 'NONE', #2204, #1200, #1716, .T. ) ;
#1642 = EDGE_LOOP ( 'NONE', ( #1736, #1977 ) ) ;
#1643 = VERTEX_POINT ( 'NONE', #1567 ) ;
#1644 = DIRECTION ( 'NONE',  ( -0.000000000000000000, -1.000000000000000000, -0.000000000000000000 ) ) ;
#1645 = EDGE_CURVE ( 'NONE', #295, #3042, #2534, .T. ) ;
#1646 = DIRECTION ( 'NONE',  ( 1.000000000000000000, 0.000000000000000000, 0.000000000000000000 ) ) ;
#1647 = ORIENTED_EDGE ( 'NONE', *, *, #536, .F. ) ;
#1648 = DIRECTION ( 'NONE',  ( 2.168404344971007882E-16, 0.000000000000000000, 1.000000000000000000 ) ) ;
#1649 = ORIENTED_EDGE ( 'NONE', *, *, #414, .T. ) ;
#1650 = CARTESIAN_POINT ( 'NONE',  ( -11.37383161690812017, -41.79999999999999716, -4.831440883716745738 ) ) ;
#1651 = EDGE_LOOP ( 'NONE', ( #149, #1636, #2654, #2510, #1851 ) ) ;
#1652 = EDGE_LOOP ( 'NONE', ( #1970, #2571, #2356, #2648 ) ) ;
#1653 = LINE ( 'NONE', #1198, #1 ) ;
#1654 = AXIS2_PLACEMENT_3D ( 'NONE', #1127, #2554, #3037 ) ;
#1655 = FACE_OUTER_BOUND ( 'NONE', #3107, .T. ) ;
#1656 = CARTESIAN_POINT ( 'NONE',  ( -11.87672306127668698, 0.000000000000000000, -11.38231140209159165 ) ) ;
#1657 = EDGE_LOOP ( 'NONE', ( #2254, #229, #731, #1939 ) ) ;
#1658 = VECTOR ( 'NONE', #1068, 1000.000000000000000 ) ;
#1659 = CARTESIAN_POINT ( 'NONE',  ( 13.12794751529756532, -47.40442811319534400, 4.156460047094546972 ) ) ;
#1660 = CARTESIAN_POINT ( 'NONE',  ( 0.000000000000000000, 0.000000000000000000, -7.031440883716745915 ) ) ;
#1661 = CARTESIAN_POINT ( 'NONE',  ( 6.762362259238411610, -21.89777613122146249, -13.89973629873876604 ) ) ;
#1662 = CIRCLE ( 'NONE', #2363, 3.000000000000000888 ) ;
#1663 = ORIENTED_EDGE ( 'NONE', *, *, #1000, .F. ) ;
#1664 = ORIENTED_EDGE ( 'NONE', *, *, #191, .F. ) ;
#1665 = ORIENTED_EDGE ( 'NONE', *, *, #2494, .F. ) ;
#1666 = AXIS2_PLACEMENT_3D ( 'NONE', #763, #19, #1254 ) ;
#1667 = DIRECTION ( 'NONE',  ( 1.000000000000000000, 0.000000000000000000, 0.000000000000000000 ) ) ;
#1668 = PRODUCT_DEFINITION_FORMATION_WITH_SPECIFIED_SOURCE ( 'ANY', '', #2225, .NOT_KNOWN. ) ;
#1669 = ORIENTED_EDGE ( 'NONE', *, *, #2462, .T. ) ;
#1670 = DIRECTION ( 'NONE',  ( 0.000000000000000000, 0.000000000000000000, 1.000000000000000000 ) ) ;
#1671 = EDGE_CURVE ( 'NONE', #2185, #36, #2574, .T. ) ;
#1672 = ORIENTED_EDGE ( 'NONE', *, *, #2692, .T. ) ;
#1673 = CARTESIAN_POINT ( 'NONE',  ( 10.62616838309189049, -30.79999999999999361, -2.468387858168948854E-14 ) ) ;
#1674 = LINE ( 'NONE', #1688, #1992 ) ;
#1675 = CARTESIAN_POINT ( 'NONE',  ( 10.43122813594579945, -14.29996676993698301, -14.17487213599122065 ) ) ;
#1676 = B_SPLINE_CURVE_WITH_KNOTS ( 'NONE', 3,
 ( #2520, #2729, #1548, #2228 ),
 .UNSPECIFIED., .F., .F.,
 ( 4, 4 ),
 ( 0.000000000000000000, 0.2499297347241696277 ),
 .UNSPECIFIED. ) ;
#1677 = ORIENTED_EDGE ( 'NONE', *, *, #3089, .F. ) ;
#1678 = CARTESIAN_POINT ( 'NONE',  ( -7.000759320366355004E-16, 1.199999999999999956, 0.9685591162832598577 ) ) ;
#1679 = CARTESIAN_POINT ( 'NONE',  ( -27.37421146634536839, -27.79999999999998650, 4.141232079839209490 ) ) ;
#1680 = CARTESIAN_POINT ( 'NONE',  ( -11.37383161690812194, -41.79999999999999005, -3.731440883716746537 ) ) ;
#1681 = ADVANCED_FACE ( 'NONE', ( #1950 ), #701, .T. ) ;
#1682 = ORIENTED_EDGE ( 'NONE', *, *, #2132, .T. ) ;
#1683 = LINE ( 'NONE', #1454, #1849 ) ;
#1684 = CARTESIAN_POINT ( 'NONE',  ( -22.37383161690812727, -17.10082767719409347, -10.79684584942134151 ) ) ;
#1685 = EDGE_CURVE ( 'NONE', #2606, #2802, #1478, .T. ) ;
#1686 = ORIENTED_EDGE ( 'NONE', *, *, #2152, .F. ) ;
#1687 = CARTESIAN_POINT ( 'NONE',  ( 5.041004482924178021, -15.00741538689116794, -9.031440883716744139 ) ) ;
#1688 = CARTESIAN_POINT ( 'NONE',  ( -22.37383161690812727, -2.243491962624431111E-15, -7.831440883716745738 ) ) ;
#1689 = EDGE_CURVE ( 'NONE', #392, #2083, #2345, .T. ) ;
#1690 = CYLINDRICAL_SURFACE ( 'NONE', #2702, 5.999999999999998224 ) ;
#1691 = PLANE ( 'NONE',  #592 ) ;
#1692 = FACE_OUTER_BOUND ( 'NONE', #2503, .T. ) ;
#1693 = LINE ( 'NONE', #1474, #1527 ) ;
#1694 = DIRECTION ( 'NONE',  ( 0.000000000000000000, -1.000000000000000000, 0.000000000000000000 ) ) ;
#1695 = VECTOR ( 'NONE', #643, 1000.000000000000000 ) ;
#1696 = VERTEX_POINT ( 'NONE', #1436 ) ;
#1697 = EDGE_CURVE ( 'NONE', #2659, #1927, #1931, .T. ) ;
#1698 = PLANE ( 'NONE',  #2594 ) ;
#1699 = CARTESIAN_POINT ( 'NONE',  ( 7.000759320366250480E-16, 1.199999999999999956, 0.9685591162832475343 ) ) ;
#1700 = ORIENTED_EDGE ( 'NONE', *, *, #17, .F. ) ;
#1701 = ORIENTED_EDGE ( 'NONE', *, *, #148, .T. ) ;
#1702 = CARTESIAN_POINT ( 'NONE',  ( 14.62616838309187450, -27.79999999999999361, 4.182978693911428181 ) ) ;
#1703 = VECTOR ( 'NONE', #584, 1000.000000000000000 ) ;
#1704 = FACE_OUTER_BOUND ( 'NONE', #2680, .T. ) ;
#1705 = CARTESIAN_POINT ( 'NONE',  ( 10.42616944830182746, -14.60741751731110405, -9.031440883716747692 ) ) ;
#1706 = DIRECTION ( 'NONE',  ( 0.000000000000000000, -1.000000000000000000, 0.000000000000000000 ) ) ;
#1707 = AXIS2_PLACEMENT_3D ( 'NONE', #709, #495, #2176 ) ;
#1708 = ORIENTED_EDGE ( 'NONE', *, *, #2705, .T. ) ;
#1709 = DIRECTION ( 'NONE',  ( -1.000000000000000000, 0.000000000000000000, -7.228014483236714305E-16 ) ) ;
#1710 = ORIENTED_EDGE ( 'NONE', *, *, #2901, .T. ) ;
#1711 = DIRECTION ( 'NONE',  ( -0.000000000000000000, -0.000000000000000000, 1.000000000000000000 ) ) ;
#1712 = FACE_OUTER_BOUND ( 'NONE', #867, .T. ) ;
#1713 = CARTESIAN_POINT ( 'NONE',  ( 10.62616838309186562, -17.29999999999999716, -4.831440883716746626 ) ) ;
#1714 = AXIS2_PLACEMENT_3D ( 'NONE', #1118, #1610, #2907 ) ;
#1715 = VERTEX_POINT ( 'NONE', #1554 ) ;
#1716 = B_SPLINE_CURVE_WITH_KNOTS ( 'NONE', 3,
 ( #2143, #1904, #2883, #2408, #3130, #1044, #1487, #1015, #2472, #1986, #1745, #2728, #548, #315, #2507, #2242, #2001, #1759, #1294, #2195, #2260, #393, #1771, #378, #1349, #2135, #2306, #640, #877, #346, #1077, #828 ),
 .UNSPECIFIED., .F., .F.,
 ( 4, 2, 2, 2, 2, 2, 2, 2, 2, 2, 2, 2, 2, 2, 2, 4 ),
 ( 0.009391337911276892089, 0.009978161878263176743, 0.01056498584524946140, 0.01115180981223574605, 0.01173863377922203070, 0.01232545774620831536, 0.01291228171319460175, 0.01349910568018088466, 0.01408592964716717105, 0.01467275361415345397, 0.01525957758113974036, 0.01584640154812602328, 0.01643322551511230967, 0.01702004948209859259, 0.01760687344908487897, 0.01878052138305744828 ),
 .UNSPECIFIED. ) ;
#1717 = DIRECTION ( 'NONE',  ( -0.000000000000000000, -1.000000000000000000, -0.000000000000000000 ) ) ;
#1718 = EDGE_CURVE ( 'NONE', #849, #2856, #2963, .T. ) ;
#1719 = LINE ( 'NONE', #2179, #1145 ) ;
#1720 = EDGE_CURVE ( 'NONE', #902, #2587, #324, .T. ) ;
#1721 = B_SPLINE_CURVE_WITH_KNOTS ( 'NONE', 3,
 ( #1184, #3064, #144, #1392, #2076, #2608, #1659, #1170, #3048, #874, #909, #1615, #2361, #2124, #411, #2623 ),
 .UNSPECIFIED., .F., .F.,
 ( 4, 2, 2, 2, 2, 2, 2, 4 ),
 ( 0.000000000000000000, 0.0005858508397810167087, 0.001171701679562033417, 0.001757552519343050235, 0.002343403359124066835, 0.002929254198905083435, 0.003515105038686100469, 0.004686806718248133670 ),
 .UNSPECIFIED. ) ;
#1722 = ADVANCED_FACE ( 'NONE', ( #1070 ), #1320, .F. ) ;
#1723 = PLANE ( 'NONE',  #2685 ) ;
#1724 = EDGE_LOOP ( 'NONE', ( #218, #2274, #803, #273 ) ) ;
#1725 = CARTESIAN_POINT ( 'NONE',  ( -26.70765800330008588, -47.79999999999999716, 4.132108499255954470 ) ) ;
#1726 = ADVANCED_FACE ( 'NONE', ( #600 ), #2634, .F. ) ;
#1727 = ORIENTED_EDGE ( 'NONE', *, *, #1329, .F. ) ;
#1728 = ORIENTED_EDGE ( 'NONE', *, *, #2992, .T. ) ;
#1729 = AXIS2_PLACEMENT_3D ( 'NONE', #1231, #2687, #1961 ) ;
#1730 = PLANE ( 'NONE',  #2784 ) ;
#1731 = EDGE_LOOP ( 'NONE', ( #503, #2073, #2540, #163 ) ) ;
#1732 = DIRECTION ( 'NONE',  ( 0.000000000000000000, -0.000000000000000000, 1.000000000000000000 ) ) ;
#1733 = LINE ( 'NONE', #292, #2238 ) ;
#1734 = CARTESIAN_POINT ( 'NONE',  ( 13.62616838309189937, -27.79999999999999361, 4.148094435388371082 ) ) ;
#1735 = AXIS2_PLACEMENT_3D ( 'NONE', #2630, #1108, #1485 ) ;
#1736 = ORIENTED_EDGE ( 'NONE', *, *, #919, .F. ) ;
#1737 = DIRECTION ( 'NONE',  ( 0.000000000000000000, 0.000000000000000000, 1.000000000000000000 ) ) ;
#1738 = CARTESIAN_POINT ( 'NONE',  ( -26.14941288026686905, -14.39542288426358851, -10.28587238602454157 ) ) ;
#1739 = CARTESIAN_POINT ( 'NONE',  ( 13.13006082490725213, -47.40329823365262740, -14.35926957557620653 ) ) ;
#1740 = FACE_OUTER_BOUND ( 'NONE', #1177, .T. ) ;
#1741 = VERTEX_POINT ( 'NONE', #2101 ) ;
#1742 = CARTESIAN_POINT ( 'NONE',  ( -11.76688930811396361, -38.81944327663253347, -12.10516325358449841 ) ) ;
#1743 = EDGE_CURVE ( 'NONE', #1927, #2924, #901, .T. ) ;
#1744 = B_SPLINE_CURVE_WITH_KNOTS ( 'NONE', 3,
 ( #1355, #599, #417, #437, #1579, #384, #864, #195, #138, #2296, #1828, #153, #1847, #645, #169, #936, #2147, #1675, #241, #1214, #968, #2118, #499, #739, #2683, #2181, #21, #1876, #2855, #2918, #1417, #35, #1283, #2476 ),
 .UNSPECIFIED., .F., .F.,
 ( 4, 2, 2, 2, 2, 2, 2, 2, 2, 2, 2, 2, 2, 2, 2, 2, 4 ),
 ( 0.000000000000000000, 0.0005869586194548046714, 0.001173917238909609343, 0.001760875858364414123, 0.002347834477819218685, 0.002934793097274023682, 0.003521751716728828245, 0.004108710336183632808, 0.004695668955638437371, 0.005282627575093242801, 0.005869586194548047364, 0.006456544814002851927, 0.007043503433457656490, 0.007630462052912465390, 0.008217420672367274290, 0.008804379291822083189, 0.009391337911276892089 ),
 .UNSPECIFIED. ) ;
#1745 = CARTESIAN_POINT ( 'NONE',  ( 8.797106444107708256, -19.68599438621320985, -14.05575225883122847 ) ) ;
#1746 = LINE ( 'NONE', #798, #1006 ) ;
#1747 = ORIENTED_EDGE ( 'NONE', *, *, #894, .F. ) ;
#1748 = LINE ( 'NONE', #2266, #2867 ) ;
#1749 = DIRECTION ( 'NONE',  ( -1.000000000000000000, -0.000000000000000000, -0.000000000000000000 ) ) ;
#1750 = EDGE_CURVE ( 'NONE', #3024, #2405, #2550, .T. ) ;
#1751 = ORIENTED_EDGE ( 'NONE', *, *, #2165, .T. ) ;
#1752 = LINE ( 'NONE', #2739, #500 ) ;
#1753 = CARTESIAN_POINT ( 'NONE',  ( -8.430289861711731447, 1.199999999999999956, 0.9685591162832537515 ) ) ;
#1754 = ORIENTED_EDGE ( 'NONE', *, *, #1813, .F. ) ;
#1755 = ORIENTED_EDGE ( 'NONE', *, *, #1333, .T. ) ;
#1756 = CARTESIAN_POINT ( 'NONE',  ( 13.62616838309187095, -27.79999999999999361, -7.831440883716745738 ) ) ;
#1757 = AXIS2_PLACEMENT_3D ( 'NONE', #518, #1219, #1477 ) ;
#1758 = CARTESIAN_POINT ( 'NONE',  ( -20.30887333059427746, -14.07287779234377645, -11.06650468006007770 ) ) ;
#1759 = CARTESIAN_POINT ( 'NONE',  ( 10.82099402353360595, -20.30018198458007816, -14.20245735946341981 ) ) ;
#1760 = VERTEX_POINT ( 'NONE', #1988 ) ;
#1761 = CARTESIAN_POINT ( 'NONE',  ( 14.62616838309200773, -4.200000000000030376, -14.45476076821777411 ) ) ;
#1762 = ORIENTED_EDGE ( 'NONE', *, *, #1923, .F. ) ;
#1763 = LINE ( 'NONE', #2481, #484 ) ;
#1764 = CARTESIAN_POINT ( 'NONE',  ( -19.93436211098140021, -19.84591903387342171, -11.11464607623089940 ) ) ;
#1765 = ORIENTED_EDGE ( 'NONE', *, *, #1697, .T. ) ;
#1766 = DIRECTION ( 'NONE',  ( -0.000000000000000000, -0.000000000000000000, -1.000000000000000000 ) ) ;
#1767 = EDGE_LOOP ( 'NONE', ( #337, #1390, #658, #2342 ) ) ;
#1768 = VERTEX_POINT ( 'NONE', #3013 ) ;
#1769 = DIRECTION ( 'NONE',  ( 0.000000000000000000, 1.000000000000000000, -0.000000000000000000 ) ) ;
#1770 = CARTESIAN_POINT ( 'NONE',  ( -20.45542621090683255, -13.85347723326148639, -11.04760743768593123 ) ) ;
#1771 = CARTESIAN_POINT ( 'NONE',  ( 12.12528508815479000, -19.90595072203746341, -14.29242038014971605 ) ) ;
#1772 = CARTESIAN_POINT ( 'NONE',  ( -29.37383161690812372, -4.200000000000030376, -9.831440883716743073 ) ) ;
#1773 = DIRECTION ( 'NONE',  ( 0.000000000000000000, 0.000000000000000000, 1.000000000000000000 ) ) ;
#1774 = ORIENTED_EDGE ( 'NONE', *, *, #3089, .T. ) ;
#1775 = EDGE_LOOP ( 'NONE', ( #1990, #896, #1892, #111 ) ) ;
#1776 = CARTESIAN_POINT ( 'NONE',  ( -25.37383161726185321, -27.79999999999998295, 4.116049394397460759 ) ) ;
#1777 = PLANE ( 'NONE',  #3085 ) ;
#1778 = CARTESIAN_POINT ( 'NONE',  ( 10.42616944830187897, -14.60741751731109872, -9.031440883716747692 ) ) ;
#1779 = ORIENTED_EDGE ( 'NONE', *, *, #933, .F. ) ;
#1780 = ADVANCED_FACE ( 'NONE', ( #349 ), #1092, .T. ) ;
#1781 = CARTESIAN_POINT ( 'NONE',  ( -28.37383161690675237, -17.10325435871700250, -9.974114255255077666 ) ) ;
#1782 = ORIENTED_EDGE ( 'NONE', *, *, #1821, .T. ) ;
#1783 = ADVANCED_FACE ( 'NONE', ( #1281, #73 ), #91, .F. ) ;
#1784 = CARTESIAN_POINT ( 'NONE',  ( -13.87383161690812372, -41.79999999999999716, -8.031440883716745915 ) ) ;
#1785 = VECTOR ( 'NONE', #979, 1000.000000000000000 ) ;
#1786 = DIRECTION ( 'NONE',  ( 0.000000000000000000, 0.000000000000000000, -1.000000000000000000 ) ) ;
#1787 = EDGE_CURVE ( 'NONE', #2412, #309, #2332, .T. ) ;
#1788 = ORIENTED_EDGE ( 'NONE', *, *, #493, .F. ) ;
#1789 = FACE_OUTER_BOUND ( 'NONE', #2102, .T. ) ;
#1790 = CARTESIAN_POINT ( 'NONE',  ( -27.33604749201187545, -47.64825175987500927, -10.12054708592286545 ) ) ;
#1791 = DIRECTION ( 'NONE',  ( -1.000000000000000000, 0.000000000000000000, 0.000000000000000000 ) ) ;
#1792 = DIRECTION ( 'NONE',  ( -0.000000000000000000, -1.000000000000000000, -0.000000000000000000 ) ) ;
#1793 = DIRECTION ( 'NONE',  ( 1.002730332934570767E-16, -1.000000000000000000, 0.000000000000000000 ) ) ;
#1794 = ORIENTED_EDGE ( 'NONE', *, *, #1943, .T. ) ;
#1795 = LINE ( 'NONE', #2841, #2003 ) ;
#1796 = CARTESIAN_POINT ( 'NONE',  ( -8.373831616908127273, -38.79999999999999716, -3.731440883716746537 ) ) ;
#1797 = CARTESIAN_POINT ( 'NONE',  ( -25.37383161690809885, -47.79999999999999716, 7.368339351065167263E-14 ) ) ;
#1798 = CARTESIAN_POINT ( 'NONE',  ( 14.01208069519654487, -46.62916889998378167, -14.41615136134507580 ) ) ;
#1799 = CARTESIAN_POINT ( 'NONE',  ( -26.97383161690812514, -17.29999999999999716, -3.731440883716746537 ) ) ;
#1800 = ORIENTED_EDGE ( 'NONE', *, *, #453, .T. ) ;
#1801 = CARTESIAN_POINT ( 'NONE',  ( -24.41351247663464363, -20.14890757307630054, -10.52367107085491149 ) ) ;
#1802 = VERTEX_POINT ( 'NONE', #454 ) ;
#1803 = CARTESIAN_POINT ( 'NONE',  ( -14.06855221216152785, -40.46680887476558297, -11.83772652191260377 ) ) ;
#1804 = DIRECTION ( 'NONE',  ( -0.000000000000000000, 1.000000000000000000, -0.000000000000000000 ) ) ;
#1805 = LINE ( 'NONE', #2777, #2365 ) ;
#1806 = CARTESIAN_POINT ( 'NONE',  ( -11.03028986171173109, 1.412746857618370259E-15, -7.031440883716745027 ) ) ;
#1807 = AXIS2_PLACEMENT_3D ( 'NONE', #1869, #2848, #669 ) ;
#1808 = CARTESIAN_POINT ( 'NONE',  ( -13.97618018005218765, -43.30560439953400476, -11.84864417324770081 ) ) ;
#1809 = CARTESIAN_POINT ( 'NONE',  ( -8.873831616908121944, -41.79999999999999716, -14.45526076821776584 ) ) ;
#1810 = VECTOR ( 'NONE', #3050, 1000.000000000000000 ) ;
#1811 = LINE ( 'NONE', #1673, #2723 ) ;
#1812 = DIRECTION ( 'NONE',  ( 1.000000000000000000, 0.000000000000000000, 0.000000000000000000 ) ) ;
#1813 = EDGE_CURVE ( 'NONE', #756, #1300, #1619, .T. ) ;
#1814 = CARTESIAN_POINT ( 'NONE',  ( 12.93316278178114054, -5.400000000000022560, 4.151781772750913646 ) ) ;
#1815 = EDGE_LOOP ( 'NONE', ( #3019, #2355, #1774, #2431 ) ) ;
#1816 = ADVANCED_FACE ( 'NONE', ( #2837 ), #938, .F. ) ;
#1817 = LINE ( 'NONE', #1753, #1913 ) ;
#1818 = CARTESIAN_POINT ( 'NONE',  ( -7.230289861711733934, 0.000000000000000000, -7.031440883716748580 ) ) ;
#1819 = DIRECTION ( 'NONE',  ( 0.000000000000000000, 0.000000000000000000, 1.000000000000000000 ) ) ;
#1820 = ORIENTED_EDGE ( 'NONE', *, *, #364, .F. ) ;
#1821 = EDGE_CURVE ( 'NONE', #2852, #2480, #3015, .T. ) ;
#1822 = CARTESIAN_POINT ( 'NONE',  ( -12.87459272102449859, -44.40500775968627778, -11.97763162556648986 ) ) ;
#1823 = CIRCLE ( 'NONE', #977, 5.999999999999998224 ) ;
#1824 = CARTESIAN_POINT ( 'NONE',  ( -11.37383161690812017, -41.79999999999999716, -9.031440883716747692 ) ) ;
#1825 = CIRCLE ( 'NONE', #1982, 1.600000000000000755 ) ;
#1826 = PLANE ( 'NONE',  #2230 ) ;
#1827 = CARTESIAN_POINT ( 'NONE',  ( -24.71746198707720765, 0.000000000000000000, 3.302723405837325377 ) ) ;
#1828 = CARTESIAN_POINT ( 'NONE',  ( 12.45593851183271283, -14.91444640845813474, -14.31465736686260115 ) ) ;
#1829 = EDGE_CURVE ( 'NONE', #2083, #392, #232, .T. ) ;
#1830 = EDGE_LOOP ( 'NONE', ( #3101, #1267, #1998, #2158, #415, #1956, #2615, #676, #121, #99, #1380, #179 ) ) ;
#1831 = SURFACE_STYLE_USAGE ( .BOTH. , #1881 ) ;
#1832 = DIRECTION ( 'NONE',  ( 1.000000000000000000, 0.000000000000000000, 0.000000000000000000 ) ) ;
#1833 =( BOUNDED_CURVE ( )  B_SPLINE_CURVE ( 3, ( #1553, #1271, #1286, #786 ),
 .UNSPECIFIED., .F., .F. ) 
 B_SPLINE_CURVE_WITH_KNOTS ( ( 4, 4 ),
 ( 0.5000000000000000000, 1.000000000000000000 ),
 .UNSPECIFIED. ) 
 CURVE ( )  GEOMETRIC_REPRESENTATION_ITEM ( )  RATIONAL_B_SPLINE_CURVE ( ( 0.9999999999999996669, 0.3333333333333333703, 0.3333333333333336479, 1.000000000000000000 ) ) 
 REPRESENTATION_ITEM ( '' )  );
#1834 = ORIENTED_EDGE ( 'NONE', *, *, #1671, .F. ) ;
#1835 = CARTESIAN_POINT ( 'NONE',  ( 11.96020810055362738, -27.79999999999999005, 4.136480858443043473 ) ) ;
#1836 = CARTESIAN_POINT ( 'NONE',  ( -11.72614360541486711, -35.80012252034212850, -12.10988927074168586 ) ) ;
#1837 = CARTESIAN_POINT ( 'NONE',  ( -8.430289861711731447, 0.000000000000000000, 0.9685591162832537515 ) ) ;
#1838 = EDGE_CURVE ( 'NONE', #652, #1760, #1674, .T. ) ;
#1839 = ORIENTED_EDGE ( 'NONE', *, *, #2233, .F. ) ;
#1840 = ADVANCED_FACE ( 'NONE', ( #1902 ), #2438, .F. ) ;
#1841 = CARTESIAN_POINT ( 'NONE',  ( 7.626168383091866509, -12.10384757729335981, -13.96697161389486297 ) ) ;
#1842 = CARTESIAN_POINT ( 'NONE',  ( -8.680028636215197935, -43.13483086891350382, -12.44888846445623187 ) ) ;
#1843 = LINE ( 'NONE', #1809, #614 ) ;
#1844 = EDGE_LOOP ( 'NONE', ( #578, #2824, #546, #87 ) ) ;
#1845 = CIRCLE ( 'NONE', #2054, 2.499999999998218758 ) ;
#1846 = DIRECTION ( 'NONE',  ( -0.000000000000000000, 0.000000000000000000, 1.000000000000000000 ) ) ;
#1847 = CARTESIAN_POINT ( 'NONE',  ( 11.95327209351431996, -14.60242231492600773, -14.28076671737399472 ) ) ;
#1848 = ORIENTED_EDGE ( 'NONE', *, *, #2461, .T. ) ;
#1849 = VECTOR ( 'NONE', #1711, 1000.000000000000000 ) ;
#1850 = CARTESIAN_POINT ( 'NONE',  ( -27.63024617812182271, -19.28667450430426200, -10.07920395115777090 ) ) ;
#1851 = ORIENTED_EDGE ( 'NONE', *, *, #1329, .T. ) ;
#1852 = CARTESIAN_POINT ( 'NONE',  ( -29.37383161690812372, -4.200000000000000178, -9.023325197227068273 ) ) ;
#1853 = CARTESIAN_POINT ( 'NONE',  ( -12.07295649701601192, -35.83067378751326260, -12.07021853755725616 ) ) ;
#1854 = ORIENTED_EDGE ( 'NONE', *, *, #2573, .T. ) ;
#1855 = CARTESIAN_POINT ( 'NONE',  ( 4.712365670866588196, -16.25345777196673680, -13.73395006174307120 ) ) ;
#1856 = DIRECTION ( 'NONE',  ( -1.000000000000000000, 0.000000000000000000, 0.000000000000000000 ) ) ;
#1857 = VECTOR ( 'NONE', #405, 1000.000000000000114 ) ;
#1858 = VERTEX_POINT ( 'NONE', #2881 ) ;
#1859 = LINE ( 'NONE', #2085, #157 ) ;
#1860 = EDGE_CURVE ( 'NONE', #2129, #969, #1079, .T. ) ;
#1861 = CARTESIAN_POINT ( 'NONE',  ( 13.62616838309186917, -13.29999999999998472, -7.831440883716745738 ) ) ;
#1862 = AXIS2_PLACEMENT_3D ( 'NONE', #2393, #2870, #2146 ) ;
#1863 = ORIENTED_EDGE ( 'NONE', *, *, #1175, .T. ) ;
#1864 = VECTOR ( 'NONE', #2300, 1000.000000000000227 ) ;
#1865 = LINE ( 'NONE', #2599, #784 ) ;
#1866 = EDGE_CURVE ( 'NONE', #756, #2856, #250, .T. ) ;
#1867 = CARTESIAN_POINT ( 'NONE',  ( -27.97513894804803769, -18.80740945210990844, -10.03057028469887690 ) ) ;
#1868 = ORIENTED_EDGE ( 'NONE', *, *, #199, .F. ) ;
#1869 = CARTESIAN_POINT ( 'NONE',  ( -25.37383161690812372, -17.29999999999999716, -8.031440883716745915 ) ) ;
#1870 = ORIENTED_EDGE ( 'NONE', *, *, #3049, .T. ) ;
#1871 = B_SPLINE_CURVE_WITH_KNOTS ( 'NONE', 3,
 ( #1596, #1099, #173, #2060, #2314, #2074 ),
 .UNSPECIFIED., .F., .F.,
 ( 4, 1, 1, 4 ),
 ( 0.7449621056509257988, 0.7527079682008201988, 0.7939233068340170174, 0.8119104485684094374 ),
 .UNSPECIFIED. ) ;
#1872 = CARTESIAN_POINT ( 'NONE',  ( 4.897780643146196766, -19.10406532100871146, -13.74929372370742264 ) ) ;
#1873 = CARTESIAN_POINT ( 'NONE',  ( -25.37383161690812372, -17.29999999999999716, -14.50089642712106297 ) ) ;
#1874 = CARTESIAN_POINT ( 'NONE',  ( -11.37383161690812017, -41.79999999999999716, -14.45526076821776584 ) ) ;
#1875 = DIRECTION ( 'NONE',  ( 0.000000000000000000, 1.000000000000000000, 0.000000000000000000 ) ) ;
#1876 = CARTESIAN_POINT ( 'NONE',  ( 8.024431873052801478, -15.79361722290032866, -13.99748796663887163 ) ) ;
#1877 = VECTOR ( 'NONE', #915, 1000.000000000000000 ) ;
#1878 = CIRCLE ( 'NONE', #1237, 1.600000000000000755 ) ;
#1879 = EDGE_LOOP ( 'NONE', ( #2442, #2579, #332, #333 ) ) ;
#1880 = ORIENTED_EDGE ( 'NONE', *, *, #1515, .T. ) ;
#1881 = SURFACE_SIDE_STYLE ('',( #155 ) ) ;
#1882 = CARTESIAN_POINT ( 'NONE',  ( 14.62616838309182477, 0.000000000000000000, 3.382985835671268315 ) ) ;
#1883 = AXIS2_PLACEMENT_3D ( 'NONE', #1995, #1101, #2061 ) ;
#1884 = CARTESIAN_POINT ( 'NONE',  ( 13.62616838309186562, -17.29999999999999716, -9.031440883716747692 ) ) ;
#1885 = CARTESIAN_POINT ( 'NONE',  ( -9.985381157248077955, -35.95245331827540269, -12.30572506094051732 ) ) ;
#1886 = CARTESIAN_POINT ( 'NONE',  ( -5.457751833808504927, -40.79999999999999716, -7.831440883716745738 ) ) ;
#1887 = DIRECTION ( 'NONE',  ( 0.000000000000000000, 0.000000000000000000, 1.000000000000000000 ) ) ;
#1888 = VECTOR ( 'NONE', #2519, 1000.000000000000000 ) ;
#1889 = ORIENTED_EDGE ( 'NONE', *, *, #675, .F. ) ;
#1890 = DIRECTION ( 'NONE',  ( -0.000000000000000000, -0.000000000000000000, 1.000000000000000000 ) ) ;
#1891 = ORIENTED_EDGE ( 'NONE', *, *, #650, .T. ) ;
#1892 = ORIENTED_EDGE ( 'NONE', *, *, #2309, .F. ) ;
#1893 = VECTOR ( 'NONE', #1041, 1000.000000000000000 ) ;
#1894 = CARTESIAN_POINT ( 'NONE',  ( 7.000759320366250480E-16, 1.199999999999999956, 0.9685591162832475343 ) ) ;
#1895 = CARTESIAN_POINT ( 'NONE',  ( 0.000000000000000000, -40.79999999999999716, -7.831440883716745738 ) ) ;
#1896 = CARTESIAN_POINT ( 'NONE',  ( -25.37383161690812372, -17.29999999999999716, -8.031440883716745915 ) ) ;
#1897 = CARTESIAN_POINT ( 'NONE',  ( 14.62616838316597700, 0.000000000000000000, -13.65325666295257001 ) ) ;
#1898 = VECTOR ( 'NONE', #107, 1000.000000000000114 ) ;
#1899 = ORIENTED_EDGE ( 'NONE', *, *, #1372, .T. ) ;
#1900 = DIRECTION ( 'NONE',  ( 1.000000000000000000, 0.000000000000000000, 0.000000000000000000 ) ) ;
#1901 = EDGE_LOOP ( 'NONE', ( #1419, #2938, #1863, #558 ) ) ;
#1902 = FACE_OUTER_BOUND ( 'NONE', #2635, .T. ) ;
#1903 = DIRECTION ( 'NONE',  ( 1.000000000000000000, 0.000000000000000000, 0.000000000000000000 ) ) ;
#1904 = CARTESIAN_POINT ( 'NONE',  ( 7.626168383090584868, -17.49600663587477811, -13.96697161389459829 ) ) ;
#1905 = VECTOR ( 'NONE', #1614, 1000.000000000000000 ) ;
#1906 = APPLICATION_CONTEXT ( 'automotive_design' ) ;
#1907 = VERTEX_POINT ( 'NONE', #255 ) ;
#1908 = DIRECTION ( 'NONE',  ( -7.666467083416866993E-17, 0.7071067811865474617, 0.7071067811865474617 ) ) ;
#1909 = LINE ( 'NONE', #194, #277 ) ;
#1910 = CARTESIAN_POINT ( 'NONE',  ( 10.82616731788195530, -19.99258248268884230, -9.031440883716747692 ) ) ;
#1911 = ORIENTED_EDGE ( 'NONE', *, *, #2312, .T. ) ;
#1912 = DIRECTION ( 'NONE',  ( -1.000000000000000000, -0.000000000000000000, -0.000000000000000000 ) ) ;
#1913 = VECTOR ( 'NONE', #619, 1000.000000000000000 ) ;
#1914 = DIRECTION ( 'NONE',  ( -0.000000000000000000, -0.000000000000000000, -1.000000000000000000 ) ) ;
#1915 = LINE ( 'NONE', #3120, #598 ) ;
#1916 = CARTESIAN_POINT ( 'NONE',  ( -28.37383161690812372, -21.29999999999998650, -7.831440883716745738 ) ) ;
#1917 = ORIENTED_EDGE ( 'NONE', *, *, #1199, .T. ) ;
#1918 = CARTESIAN_POINT ( 'NONE',  ( 0.000000000000000000, 1.199999999999999956, 0.000000000000000000 ) ) ;
#1919 = DIRECTION ( 'NONE',  ( -0.000000000000000000, -1.000000000000000000, -0.000000000000000000 ) ) ;
#1920 = CARTESIAN_POINT ( 'NONE',  ( -27.16362606070445196, -47.72040045347796422, 4.138443436877185633 ) ) ;
#1921 = ORIENTED_EDGE ( 'NONE', *, *, #1787, .T. ) ;
#1922 = CARTESIAN_POINT ( 'NONE',  ( -29.37383161690812372, -47.79999999999999716, -9.831440883716746626 ) ) ;
#1923 = EDGE_CURVE ( 'NONE', #1741, #2405, #2493, .T. ) ;
#1924 = CARTESIAN_POINT ( 'NONE',  ( 6.976764664434769614, -13.06539818893772420, -8.031440883716745915 ) ) ;
#1925 = CARTESIAN_POINT ( 'NONE',  ( 11.86632743472976337, 1.694065894508600678E-18, -13.48122230506161223 ) ) ;
#1926 = DIRECTION ( 'NONE',  ( -0.000000000000000000, -0.000000000000000000, 1.000000000000000000 ) ) ;
#1927 = VERTEX_POINT ( 'NONE', #2776 ) ;
#1928 = ORIENTED_EDGE ( 'NONE', *, *, #2058, .F. ) ;
#1929 = DIRECTION ( 'NONE',  ( 0.000000000000000000, 0.000000000000000000, 1.000000000000000000 ) ) ;
#1930 = CARTESIAN_POINT ( 'NONE',  ( 6.976764664434769614, -13.06539818893772420, -8.031440883716745915 ) ) ;
#1931 = LINE ( 'NONE', #1699, #2957 ) ;
#1932 = ORIENTED_EDGE ( 'NONE', *, *, #2304, .T. ) ;
#1933 = CARTESIAN_POINT ( 'NONE',  ( 0.000000000000000000, 0.000000000000000000, -7.031440883716748580 ) ) ;
#1934 = VECTOR ( 'NONE', #987, 1000.000000000000000 ) ;
#1935 = DIRECTION ( 'NONE',  ( 1.000000000000000000, 0.000000000000000000, -2.322933129966761631E-15 ) ) ;
#1936 = CARTESIAN_POINT ( 'NONE',  ( -24.05071485312702961, -14.60049564549476919, -10.57275854014260119 ) ) ;
#1937 = CARTESIAN_POINT ( 'NONE',  ( -25.37383161690812372, -17.29999999999999716, -8.031440883716745915 ) ) ;
#1938 = DIRECTION ( 'NONE',  ( 1.000000000000000000, 0.000000000000000000, 0.000000000000000000 ) ) ;
#1939 = ORIENTED_EDGE ( 'NONE', *, *, #281, .F. ) ;
#1940 = CARTESIAN_POINT ( 'NONE',  ( 10.62616838309186562, -17.29999999999999716, -14.50089642712106297 ) ) ;
#1941 = CARTESIAN_POINT ( 'NONE',  ( -7.230289861711734822, 1.199999999999999956, 0.9685591162832546397 ) ) ;
#1942 = CARTESIAN_POINT ( 'NONE',  ( 14.29288680788245536, -27.79999999999999361, 4.176837332643625444 ) ) ;
#1943 = EDGE_CURVE ( 'NONE', #295, #449, #2402, .T. ) ;
#1944 = CARTESIAN_POINT ( 'NONE',  ( -14.07383161690811946, -41.79999999999999716, -9.031440883716747692 ) ) ;
#1945 = DIRECTION ( 'NONE',  ( 1.000000000000000000, 0.000000000000000000, 0.000000000000000000 ) ) ;
#1946 = DIRECTION ( 'NONE',  ( 1.000000000000000000, 0.000000000000000000, 0.000000000000000000 ) ) ;
#1947 = VERTEX_POINT ( 'NONE', #492 ) ;
#1948 = PLANE ( 'NONE',  #181 ) ;
#1949 = DIRECTION ( 'NONE',  ( 0.000000000000000000, 0.000000000000000000, 1.000000000000000000 ) ) ;
#1950 = FACE_OUTER_BOUND ( 'NONE', #2919, .T. ) ;
#1951 = CIRCLE ( 'NONE', #2350, 2.500000000000023093 ) ;
#1952 = CARTESIAN_POINT ( 'NONE',  ( -22.37383161690812727, -17.69824890613599067, -10.79684584942133974 ) ) ;
#1953 = ORIENTED_EDGE ( 'NONE', *, *, #1187, .T. ) ;
#1954 = CARTESIAN_POINT ( 'NONE',  ( 10.62616838309189049, -27.79999999999999361, -2.468387858168948854E-14 ) ) ;
#1955 = DIRECTION ( 'NONE',  ( 0.000000000000000000, -1.000000000000000000, 0.000000000000000000 ) ) ;
#1956 = ORIENTED_EDGE ( 'NONE', *, *, #370, .T. ) ;
#1957 = EDGE_CURVE ( 'NONE', #1538, #299, #2646, .T. ) ;
#1958 = DIRECTION ( 'NONE',  ( 1.000000000000000000, 0.000000000000000000, -2.168404344971007635E-16 ) ) ;
#1959 = AXIS2_PLACEMENT_3D ( 'NONE', #2712, #498, #2730 ) ;
#1960 = ORIENTED_EDGE ( 'NONE', *, *, #1645, .F. ) ;
#1961 = DIRECTION ( 'NONE',  ( 1.000000000000000000, 0.000000000000000000, 0.000000000000000000 ) ) ;
#1962 = FACE_OUTER_BOUND ( 'NONE', #142, .T. ) ;
#1963 = CARTESIAN_POINT ( 'NONE',  ( -22.37383161690812727, -17.29999999999999716, -14.50089642712106297 ) ) ;
#1964 = EDGE_CURVE ( 'NONE', #2606, #681, #2245, .T. ) ;
#1965 = AXIS2_PLACEMENT_3D ( 'NONE', #2188, #2877, #2677 ) ;
#1966 = ORIENTED_EDGE ( 'NONE', *, *, #1517, .F. ) ;
#1967 = FACE_OUTER_BOUND ( 'NONE', #1533, .T. ) ;
#1968 = CARTESIAN_POINT ( 'NONE',  ( -11.37383161690812194, -41.79999999999999005, -7.831440883716745738 ) ) ;
#1969 = CARTESIAN_POINT ( 'NONE',  ( -22.37383161690812727, -13.29999999999998472, -3.731440883716746537 ) ) ;
#1970 = ORIENTED_EDGE ( 'NONE', *, *, #626, .T. ) ;
#1971 = CARTESIAN_POINT ( 'NONE',  ( 7.626168383091866509, -22.49615242270663273, -13.96697161389486297 ) ) ;
#1972 = PLANE ( 'NONE',  #1959 ) ;
#1973 = VERTEX_POINT ( 'NONE', #1597 ) ;
#1974 = CARTESIAN_POINT ( 'NONE',  ( 7.626168383091866509, -21.29999999999998650, -3.731440883716746537 ) ) ;
#1975 = DIRECTION ( 'NONE',  ( 0.1961161351381823237, 2.401729971581246993E-17, -0.9805806756909204447 ) ) ;
#1976 = ADVANCED_FACE ( 'NONE', ( #387 ), #2045, .F. ) ;
#1977 = ORIENTED_EDGE ( 'NONE', *, *, #2975, .F. ) ;
#1978 = FACE_BOUND ( 'NONE', #2545, .T. ) ;
#1979 = CARTESIAN_POINT ( 'NONE',  ( 10.62616838309187273, -30.79999999999999361, -7.831440883716745738 ) ) ;
#1980 = AXIS2_PLACEMENT_3D ( 'NONE', #1824, #135, #1856 ) ;
#1981 = VERTEX_POINT ( 'NONE', #2328 ) ;
#1982 = AXIS2_PLACEMENT_3D ( 'NONE', #1449, #3102, #698 ) ;
#1983 = CARTESIAN_POINT ( 'NONE',  ( -9.117867264845314068, -39.81280665267186691, -12.40119215528523888 ) ) ;
#1984 = FACE_OUTER_BOUND ( 'NONE', #2171, .T. ) ;
#1985 = CARTESIAN_POINT ( 'NONE',  ( -28.37383161690808109, -27.79999999999998650, 4.154627706338913207 ) ) ;
#1986 = CARTESIAN_POINT ( 'NONE',  ( 8.642900884229522518, -19.55940268934828907, -14.04421806283675167 ) ) ;
#1987 = CARTESIAN_POINT ( 'NONE',  ( 11.62616838309187450, -47.79999999999999716, 4.132094896612386492 ) ) ;
#1988 = CARTESIAN_POINT ( 'NONE',  ( -22.37383161690812727, -12.10384757729336691, -7.831440883716745738 ) ) ;
#1989 = FACE_BOUND ( 'NONE', #1560, .T. ) ;
#1990 = ORIENTED_EDGE ( 'NONE', *, *, #1860, .T. ) ;
#1991 = DIRECTION ( 'NONE',  ( 0.000000000000000000, -1.000000000000000000, 0.000000000000000000 ) ) ;
#1992 = VECTOR ( 'NONE', #2451, 1000.000000000000000 ) ;
#1993 = ORIENTED_EDGE ( 'NONE', *, *, #2384, .T. ) ;
#1994 = LINE ( 'NONE', #769, #1461 ) ;
#1995 = CARTESIAN_POINT ( 'NONE',  ( 13.62616838309187095, -30.79999999999999361, -7.831440883716745738 ) ) ;
#1996 = EDGE_CURVE ( 'NONE', #2922, #2569, #2088, .T. ) ;
#1997 = ORIENTED_EDGE ( 'NONE', *, *, #1264, .T. ) ;
#1998 = ORIENTED_EDGE ( 'NONE', *, *, #545, .F. ) ;
#1999 = EDGE_CURVE ( 'NONE', #1802, #1022, #3059, .T. ) ;
#2000 = DIRECTION ( 'NONE',  ( 1.000000000000000000, 0.000000000000000000, 0.000000000000000000 ) ) ;
#2001 = CARTESIAN_POINT ( 'NONE',  ( 10.42577794500063959, -20.29981543483827977, -14.17448504528539388 ) ) ;
#2002 = CARTESIAN_POINT ( 'NONE',  ( -11.37383161690812017, -41.79999999999999716, -9.031440883716747692 ) ) ;
#2003 = VECTOR ( 'NONE', #1644, 1000.000000000000000 ) ;
#2004 = DIRECTION ( 'NONE',  ( 0.000000000000000000, -0.000000000000000000, -1.000000000000000000 ) ) ;
#2005 = B_SPLINE_CURVE_WITH_KNOTS ( 'NONE', 3,
 ( #2983, #581, #887, #3040, #1827, #1552 ),
 .UNSPECIFIED., .F., .F.,
 ( 4, 1, 1, 4 ),
 ( 0.7449844288021595373, 0.7612274788411783621, 0.7906192346124354398, 0.8118966012798026766 ),
 .UNSPECIFIED. ) ;
#2006 = VERTEX_POINT ( 'NONE', #2357 ) ;
#2007 = DIRECTION ( 'NONE',  ( 0.000000000000000000, 1.000000000000000000, 0.000000000000000000 ) ) ;
#2008 = CARTESIAN_POINT ( 'NONE',  ( -19.37383161690812372, -17.30000000001670557, -11.18626136410712846 ) ) ;
#2009 = LINE ( 'NONE', #530, #2168 ) ;
#2010 = DIRECTION ( 'NONE',  ( 0.000000000000000000, 1.000000000000000000, 0.000000000000000000 ) ) ;
#2011 = EDGE_LOOP ( 'NONE', ( #1367, #2469 ) ) ;
#2012 = CARTESIAN_POINT ( 'NONE',  ( 13.62616838309187273, -21.29999999999998650, -7.831440883716745738 ) ) ;
#2013 = DIRECTION ( 'NONE',  ( -0.000000000000000000, -0.000000000000000000, 1.000000000000000000 ) ) ;
#2014 = ORIENTED_EDGE ( 'NONE', *, *, #1641, .T. ) ;
#2015 = CARTESIAN_POINT ( 'NONE',  ( -10.59861693968141161, -38.89522360443199744, -12.23728358865772137 ) ) ;
#2016 = CARTESIAN_POINT ( 'NONE',  ( -29.37383161690812372, -47.80002499999999799, -7.831440883716745738 ) ) ;
#2017 = AXIS2_PLACEMENT_3D ( 'NONE', #812, #1769, #1887 ) ;
#2018 = PLANE ( 'NONE',  #2017 ) ;
#2019 = CARTESIAN_POINT ( 'NONE',  ( -19.64637987077706072, -15.49291332487541872, -11.15150506974431899 ) ) ;
#2020 = CARTESIAN_POINT ( 'NONE',  ( -13.40733805934590883, -47.79999999999999716, -11.98508227788436997 ) ) ;
#2021 = FACE_OUTER_BOUND ( 'NONE', #566, .T. ) ;
#2022 = EDGE_CURVE ( 'NONE', #392, #1321, #1401, .T. ) ;
#2023 = ORIENTED_EDGE ( 'NONE', *, *, #364, .T. ) ;
#2024 = CARTESIAN_POINT ( 'NONE',  ( -22.37383161690812727, -12.10384757729336691, -10.79684584942134329 ) ) ;
#2025 = FACE_OUTER_BOUND ( 'NONE', #2256, .T. ) ;
#2026 = VERTEX_POINT ( 'NONE', #129 ) ;
#2027 = DIRECTION ( 'NONE',  ( 0.000000000000000000, 0.000000000000000000, 1.000000000000000000 ) ) ;
#2028 = CARTESIAN_POINT ( 'NONE',  ( -28.35400919709566026, -16.90343758869600421, -9.976927754886457222 ) ) ;
#2029 = PRODUCT_RELATED_PRODUCT_CATEGORY ( 'part', '', ( #2225 ) ) ;
#2030 = ORIENTED_EDGE ( 'NONE', *, *, #115, .T. ) ;
#2031 = EDGE_LOOP ( 'NONE', ( #1344, #1183, #2265, #2773 ) ) ;
#2032 = CARTESIAN_POINT ( 'NONE',  ( -8.990781391610752848, -39.96706248295290465, -12.41506928189902759 ) ) ;
#2033 = CARTESIAN_POINT ( 'NONE',  ( 14.62616838309187273, -5.400000000000000355, -7.831440883716745738 ) ) ;
#2034 = ORIENTED_EDGE ( 'NONE', *, *, #1743, .T. ) ;
#2035 = DIRECTION ( 'NONE',  ( 1.861517035906274829E-16, 0.000000000000000000, 1.000000000000000000 ) ) ;
#2036 = EDGE_CURVE ( 'NONE', #2530, #2922, #1653, .T. ) ;
#2037 = CARTESIAN_POINT ( 'NONE',  ( -11.17915222974651712, -44.80017272846082221, -12.17193833221327814 ) ) ;
#2038 = CARTESIAN_POINT ( 'NONE',  ( -11.37383161690812017, -41.79999999999999716, -14.45526076821776584 ) ) ;
#2039 = DIRECTION ( 'NONE',  ( -0.000000000000000000, -0.000000000000000000, -1.000000000000000000 ) ) ;
#2040 = CARTESIAN_POINT ( 'NONE',  ( -22.37383161690812727, -2.243491962624431111E-15, -14.50089642712106297 ) ) ;
#2041 = ORIENTED_EDGE ( 'NONE', *, *, #650, .F. ) ;
#2042 = CARTESIAN_POINT ( 'NONE',  ( -24.71746198707720765, -4.200000000000000178, 3.302723405837325377 ) ) ;
#2043 = DIRECTION ( 'NONE',  ( -1.000000000000000000, 2.168404344971008868E-16, 0.000000000000000000 ) ) ;
#2044 = CARTESIAN_POINT ( 'NONE',  ( -11.03028986171173109, 1.199999999999999956, -5.831440883716745738 ) ) ;
#2045 = CYLINDRICAL_SURFACE ( 'NONE', #2991, 1.600000000000000755 ) ;
#2046 = ORIENTED_EDGE ( 'NONE', *, *, #1537, .F. ) ;
#2047 = CARTESIAN_POINT ( 'NONE',  ( -26.87289309284434680, -19.90597421700007175, -10.18533442851907544 ) ) ;
#2048 = ORIENTED_EDGE ( 'NONE', *, *, #1241, .F. ) ;
#2049 = CARTESIAN_POINT ( 'NONE',  ( -14.35407299411406612, -41.40404183891996581, -11.80389925293652631 ) ) ;
#2050 = CARTESIAN_POINT ( 'NONE',  ( 14.62616838309187450, -47.79999999999999716, -2.722686161515925971E-15 ) ) ;
#2051 = DIRECTION ( 'NONE',  ( 0.000000000000000000, 0.000000000000000000, 1.000000000000000000 ) ) ;
#2052 = DIRECTION ( 'NONE',  ( 0.000000000000000000, 0.000000000000000000, 1.000000000000000000 ) ) ;
#2053 = CARTESIAN_POINT ( 'NONE',  ( -25.37383161726185321, -30.79999999999998650, 4.116049394397460759 ) ) ;
#2054 = AXIS2_PLACEMENT_3D ( 'NONE', #2417, #2645, #1470 ) ;
#2055 = VECTOR ( 'NONE', #507, 1000.000000000000000 ) ;
#2056 = ORIENTED_EDGE ( 'NONE', *, *, #1128, .T. ) ;
#2057 = EDGE_CURVE ( 'NONE', #1472, #2569, #3092, .T. ) ;
#2058 = EDGE_CURVE ( 'NONE', #1019, #756, #922, .T. ) ;
#2059 = ORIENTED_EDGE ( 'NONE', *, *, #1641, .F. ) ;
#2060 = CARTESIAN_POINT ( 'NONE',  ( -12.47271977808969190, -5.400000000000000355, 3.968638531505615408 ) ) ;
#2061 = DIRECTION ( 'NONE',  ( 1.000000000000000000, 0.000000000000000000, 0.000000000000000000 ) ) ;
#2062 = CARTESIAN_POINT ( 'NONE',  ( -8.430289861711731447, 1.199999999999999956, 0.9685591162832537515 ) ) ;
#2063 = AXIS2_PLACEMENT_3D ( 'NONE', #395, #430, #164 ) ;
#2064 = ADVANCED_FACE ( 'NONE', ( #2184 ), #1090, .F. ) ;
#2065 = AXIS2_PLACEMENT_3D ( 'NONE', #1874, #2850, #1903 ) ;
#2066 = EDGE_CURVE ( 'NONE', #2006, #824, #2009, .T. ) ;
#2067 = CARTESIAN_POINT ( 'NONE',  ( 10.22046270377709298, -4.200000000000000178, -14.18060235617058495 ) ) ;
#2068 = CARTESIAN_POINT ( 'NONE',  ( -8.673831616908120878, -41.79999999999999716, -9.031440883716747692 ) ) ;
#2069 = AXIS2_PLACEMENT_3D ( 'NONE', #555, #1010, #1522 ) ;
#2070 = VECTOR ( 'NONE', #2178, 1000.000000000000000 ) ;
#2071 = ORIENTED_EDGE ( 'NONE', *, *, #800, .F. ) ;
#2072 = DIRECTION ( 'NONE',  ( -0.000000000000000000, 0.000000000000000000, 1.000000000000000000 ) ) ;
#2073 = ORIENTED_EDGE ( 'NONE', *, *, #2384, .F. ) ;
#2074 = CARTESIAN_POINT ( 'NONE',  ( -29.37383161690812372, -5.400000000000000355, 4.168559116283254262 ) ) ;
#2075 = ORIENTED_EDGE ( 'NONE', *, *, #1515, .F. ) ;
#2076 = CARTESIAN_POINT ( 'NONE',  ( 12.59258065479327549, -47.64686998884099012, 4.147516580344792203 ) ) ;
#2077 = EDGE_CURVE ( 'NONE', #2338, #857, #1535, .T. ) ;
#2078 = EDGE_CURVE ( 'NONE', #243, #1760, #102, .T. ) ;
#2079 = ORIENTED_EDGE ( 'NONE', *, *, #889, .T. ) ;
#2080 = CARTESIAN_POINT ( 'NONE',  ( 5.707041217687906176, -13.85458637740063281, -13.81545739896966474 ) ) ;
#2081 = DIRECTION ( 'NONE',  ( -0.000000000000000000, -0.000000000000000000, -1.000000000000000000 ) ) ;
#2082 = DIRECTION ( 'NONE',  ( -2.903912764265055945E-15, -0.000000000000000000, -1.000000000000000000 ) ) ;
#2083 = VERTEX_POINT ( 'NONE', #56 ) ;
#2084 = AXIS2_PLACEMENT_3D ( 'NONE', #2584, #3029, #1629 ) ;
#2085 = CARTESIAN_POINT ( 'NONE',  ( -29.37383161690812372, 0.000000000000000000, 0.000000000000000000 ) ) ;
#2086 = EDGE_CURVE ( 'NONE', #824, #1549, #2231, .T. ) ;
#2087 = EDGE_LOOP ( 'NONE', ( #988, #2229 ) ) ;
#2088 = LINE ( 'NONE', #1630, #963 ) ;
#2089 = PLANE ( 'NONE',  #3131 ) ;
#2090 = ADVANCED_FACE ( 'NONE', ( #2025, #1246 ), #2947, .F. ) ;
#2091 = CARTESIAN_POINT ( 'NONE',  ( -28.27728549553718906, -18.08048357098783399, -9.987807211355631765 ) ) ;
#2092 = EDGE_LOOP ( 'NONE', ( #233, #984, #740, #2655 ) ) ;
#2093 = CARTESIAN_POINT ( 'NONE',  ( -11.03028986171172932, 1.199999999999999956, 2.391812846242538351E-15 ) ) ;
#2094 = ORIENTED_EDGE ( 'NONE', *, *, #217, .T. ) ;
#2095 = CARTESIAN_POINT ( 'NONE',  ( 6.756248540174657258, -12.68512389012308894, -13.89935002148230581 ) ) ;
#2096 = UNCERTAINTY_MEASURE_WITH_UNIT (LENGTH_MEASURE( 1.000000000000000082E-05 ), #436, 'distance_accuracy_value', 'NONE');
#2097 = CARTESIAN_POINT ( 'NONE',  ( -10.98439895535392807, -44.78098955911118395, -12.19392572878337155 ) ) ;
#2098 = CARTESIAN_POINT ( 'NONE',  ( -28.37383161690808109, -27.79999999999998650, 4.154627706338913207 ) ) ;
#2099 = ORIENTED_EDGE ( 'NONE', *, *, #281, .T. ) ;
#2100 = AXIS2_PLACEMENT_3D ( 'NONE', #1600, #158, #2560 ) ;
#2101 = CARTESIAN_POINT ( 'NONE',  ( -29.37383161690812372, -5.400000000000000355, -7.831440883716745738 ) ) ;
#2102 = EDGE_LOOP ( 'NONE', ( #2103, #1820, #1394, #2973 ) ) ;
#2103 = ORIENTED_EDGE ( 'NONE', *, *, #2741, .T. ) ;
#2104 = FACE_OUTER_BOUND ( 'NONE', #156, .T. ) ;
#2105 = AXIS2_PLACEMENT_3D ( 'NONE', #2966, #1737, #310 ) ;
#2106 = CARTESIAN_POINT ( 'NONE',  ( 10.62616838331042501, -47.79999999999999716, 4.117063039008507452 ) ) ;
#2107 = CARTESIAN_POINT ( 'NONE',  ( -18.98098308922578781, -40.80000000000000426, -11.23857328788093213 ) ) ;
#2108 = CARTESIAN_POINT ( 'NONE',  ( -29.37383161690812372, -4.200000000000000178, -9.023325197227068273 ) ) ;
#2109 = EDGE_CURVE ( 'NONE', #2569, #1276, #613, .T. ) ;
#2110 = ORIENTED_EDGE ( 'NONE', *, *, #1720, .F. ) ;
#2111 = CARTESIAN_POINT ( 'NONE',  ( 7.626168383091864733, -13.29999999999998472, -3.731440883716746537 ) ) ;
#2112 = CARTESIAN_POINT ( 'NONE',  ( -29.37383161690812017, -44.99809024026655635, 4.168559116283254262 ) ) ;
#2113 = ORIENTED_EDGE ( 'NONE', *, *, #2152, .T. ) ;
#2114 = FACE_OUTER_BOUND ( 'NONE', #1475, .T. ) ;
#2115 = EDGE_CURVE ( 'NONE', #1022, #836, #1593, .T. ) ;
#2116 = CONICAL_SURFACE ( 'NONE', #1807, 2.500000000000002220, 0.1973955598498789710 ) ;
#2117 = CARTESIAN_POINT ( 'NONE',  ( -11.37383161690812017, -41.79999999999999716, -7.831440883716745738 ) ) ;
#2118 = CARTESIAN_POINT ( 'NONE',  ( 9.298754070770087310, -14.60249665338334779, -14.09291456578267265 ) ) ;
#2119 = VECTOR ( 'NONE', #2240, 1000.000000000000000 ) ;
#2120 = ORIENTED_EDGE ( 'NONE', *, *, #3012, .T. ) ;
#2121 = CARTESIAN_POINT ( 'NONE',  ( -21.50569505117836755, -21.91631357726418372, -10.91117849999480960 ) ) ;
#2122 = CARTESIAN_POINT ( 'NONE',  ( -23.87854811889149431, -19.90813173472414732, -10.59597417310050815 ) ) ;
#2123 = ORIENTED_EDGE ( 'NONE', *, *, #148, .F. ) ;
#2124 = CARTESIAN_POINT ( 'NONE',  ( 14.54654995636545145, -45.58987872973757050, 4.181503647426830561 ) ) ;
#2125 = ADVANCED_FACE ( 'NONE', ( #152, #3056 ), #1826, .T. ) ;
#2126 = DIRECTION ( 'NONE',  ( 1.000000000000000000, 0.000000000000000000, 0.000000000000000000 ) ) ;
#2127 = CARTESIAN_POINT ( 'NONE',  ( 1.169698262222950147, -40.80000000000000426, -13.44167752979431718 ) ) ;
#2128 = ORIENTED_EDGE ( 'NONE', *, *, #852, .F. ) ;
#2129 = VERTEX_POINT ( 'NONE', #1318 ) ;
#2130 = DIRECTION ( 'NONE',  ( -1.861517035906275076E-16, -0.000000000000000000, -1.000000000000000000 ) ) ;
#2131 = EDGE_CURVE ( 'NONE', #539, #970, #1551, .T. ) ;
#2132 = EDGE_CURVE ( 'NONE', #2703, #716, #834, .T. ) ;
#2133 = CARTESIAN_POINT ( 'NONE',  ( 11.07348558586428311, -4.200000000000000178, 3.317625516195180424 ) ) ;
#2134 = PLANE ( 'NONE',  #259 ) ;
#2135 = CARTESIAN_POINT ( 'NONE',  ( 12.88325569285322736, -19.28592992661481631, -14.34304104744409791 ) ) ;
#2136 = ORIENTED_EDGE ( 'NONE', *, *, #230, .T. ) ;
#2137 = FACE_BOUND ( 'NONE', #1550, .T. ) ;
#2138 = EDGE_LOOP ( 'NONE', ( #2046, #1788 ) ) ;
#2139 = FACE_OUTER_BOUND ( 'NONE', #13, .T. ) ;
#2140 = PLANE ( 'NONE',  #1654 ) ;
#2141 = FACE_BOUND ( 'NONE', #2861, .T. ) ;
#2142 = DIRECTION ( 'NONE',  ( 0.000000000000000000, -0.000000000000000000, 1.000000000000000000 ) ) ;
#2143 = CARTESIAN_POINT ( 'NONE',  ( 7.626168383091863845, -17.29999999998042526, -13.96697161389469599 ) ) ;
#2144 = EDGE_CURVE ( 'NONE', #210, #2703, #2389, .T. ) ;
#2145 = CARTESIAN_POINT ( 'NONE',  ( -29.37383161690812372, -44.79999999999999005, -9.831440883716746626 ) ) ;
#2146 = DIRECTION ( 'NONE',  ( 1.000000000000000000, 0.000000000000000000, 0.000000000000000000 ) ) ;
#2147 = CARTESIAN_POINT ( 'NONE',  ( 10.82213006908275510, -14.30003331700778979, -14.20253640179336152 ) ) ;
#2148 = EDGE_CURVE ( 'NONE', #535, #1465, #1909, .T. ) ;
#2149 = EDGE_LOOP ( 'NONE', ( #68, #412, #40, #1514, #2940, #2154, #941, #723 ) ) ;
#2150 = ORIENTED_EDGE ( 'NONE', *, *, #1838, .T. ) ;
#2151 = DIRECTION ( 'NONE',  ( 0.000000000000000000, 0.000000000000000000, 1.000000000000000000 ) ) ;
#2152 = EDGE_CURVE ( 'NONE', #3046, #419, #2697, .T. ) ;
#2153 = CARTESIAN_POINT ( 'NONE',  ( -14.37383161690812017, -41.79999999999999005, -3.731440883716746537 ) ) ;
#2154 = ORIENTED_EDGE ( 'NONE', *, *, #2358, .F. ) ;
#2155 = PLANE ( 'NONE',  #82 ) ;
#2156 = CARTESIAN_POINT ( 'NONE',  ( -25.37383161690812372, -17.29999999999999716, -4.831440883716745738 ) ) ;
#2157 = EDGE_CURVE ( 'NONE', #2480, #1129, #657, .T. ) ;
#2158 = ORIENTED_EDGE ( 'NONE', *, *, #446, .T. ) ;
#2159 = CARTESIAN_POINT ( 'NONE',  ( 5.048844703047788762, -17.67876188828830664, -8.031440883716745915 ) ) ;
#2160 = CARTESIAN_POINT ( 'NONE',  ( -25.98694552042279682, -28.97211432127540931, 4.123531818060198972 ) ) ;
#2161 = VECTOR ( 'NONE', #302, 1000.000000000000000 ) ;
#2162 =( NAMED_UNIT ( * ) PLANE_ANGLE_UNIT ( ) SI_UNIT ( $, .RADIAN. ) );
#2163 = ORIENTED_EDGE ( 'NONE', *, *, #2979, .T. ) ;
#2164 = ORIENTED_EDGE ( 'NONE', *, *, #2992, .F. ) ;
#2165 = EDGE_CURVE ( 'NONE', #295, #425, #1144, .T. ) ;
#2166 = VECTOR ( 'NONE', #1069, 1000.000000000000000 ) ;
#2167 = CARTESIAN_POINT ( 'NONE',  ( 10.62616838309186562, -17.29999999999999716, -8.339822604851033105 ) ) ;
#2168 = VECTOR ( 'NONE', #1749, 1000.000000000000000 ) ;
#2169 = DIRECTION ( 'NONE',  ( 0.000000000000000000, 0.000000000000000000, 1.000000000000000000 ) ) ;
#2170 = FACE_OUTER_BOUND ( 'NONE', #1775, .T. ) ;
#2171 = EDGE_LOOP ( 'NONE', ( #291, #1647, #855, #962, #686 ) ) ;
#2172 = DIRECTION ( 'NONE',  ( 0.000000000000000000, 1.000000000000000000, -0.000000000000000000 ) ) ;
#2173 = CARTESIAN_POINT ( 'NONE',  ( -23.39691125675929229, -15.03502907074470940, -10.66067212979355183 ) ) ;
#2174 = CARTESIAN_POINT ( 'NONE',  ( -7.000759320366355004E-16, 0.000000000000000000, 0.9685591162832598577 ) ) ;
#2175 = VERTEX_POINT ( 'NONE', #826 ) ;
#2176 = DIRECTION ( 'NONE',  ( -0.000000000000000000, 0.000000000000000000, 1.000000000000000000 ) ) ;
#2177 = CARTESIAN_POINT ( 'NONE',  ( 13.62616838309186562, -17.29999999999999716, -14.50089642712106297 ) ) ;
#2178 = DIRECTION ( 'NONE',  ( -1.084202172485503941E-16, 0.000000000000000000, 1.000000000000000000 ) ) ;
#2179 = CARTESIAN_POINT ( 'NONE',  ( 7.626168383091866509, -21.29999999999998650, -3.731440883716746537 ) ) ;
#2180 = APPLICATION_PROTOCOL_DEFINITION ( 'draft international standard', 'automotive_design', 1998, #1906 ) ;
#2181 = CARTESIAN_POINT ( 'NONE',  ( 8.366452780447254156, -15.31685044031830145, -14.02343177461393608 ) ) ;
#2182 = EDGE_LOOP ( 'NONE', ( #1168, #1649, #1701, #2041 ) ) ;
#2183 = DIRECTION ( 'NONE',  ( 0.000000000000000000, -1.000000000000000000, 0.000000000000000000 ) ) ;
#2184 = FACE_OUTER_BOUND ( 'NONE', #1433, .T. ) ;
#2185 = VERTEX_POINT ( 'NONE', #1348 ) ;
#2186 = CIRCLE ( 'NONE', #727, 2.499999999998218758 ) ;
#2187 = DIRECTION ( 'NONE',  ( 0.000000000000000000, -1.000000000000000000, 0.000000000000000000 ) ) ;
#2188 = CARTESIAN_POINT ( 'NONE',  ( 10.62616838309186562, -17.29999999999999716, -14.45526076821776584 ) ) ;
#2189 = CARTESIAN_POINT ( 'NONE',  ( -22.37383161690812727, -17.29999999999999716, -10.79684584942134151 ) ) ;
#2190 = DIRECTION ( 'NONE',  ( -0.000000000000000000, -0.000000000000000000, -1.000000000000000000 ) ) ;
#2191 = DIRECTION ( 'NONE',  ( 1.861517035906274829E-16, 0.000000000000000000, 1.000000000000000000 ) ) ;
#2192 = EDGE_LOOP ( 'NONE', ( #77, #459, #57, #2953 ) ) ;
#2193 = CARTESIAN_POINT ( 'NONE',  ( -8.873831616908120168, -41.79999999999999716, -8.031440883716737034 ) ) ;
#2194 = CARTESIAN_POINT ( 'NONE',  ( 9.662208402398375640, -19.60668184967529015, -8.031440883716745915 ) ) ;
#2195 = CARTESIAN_POINT ( 'NONE',  ( 11.39930175640249033, -20.20522919262414163, -14.24279328603875783 ) ) ;
#2196 = ADVANCED_FACE ( 'NONE', ( #1105 ), #366, .F. ) ;
#2197 = VECTOR ( 'NONE', #96, 1000.000000000000000 ) ;
#2198 = CARTESIAN_POINT ( 'NONE',  ( -11.37383161690812017, -41.79999999999999716, -9.031440883716747692 ) ) ;
#2199 = DIRECTION ( 'NONE',  ( 0.000000000000000000, -0.000000000000000000, -1.000000000000000000 ) ) ;
#2200 = AXIS2_PLACEMENT_3D ( 'NONE', #2050, #844, #2794 ) ;
#2201 = EDGE_LOOP ( 'NONE', ( #2698, #434, #1839, #3103 ) ) ;
#2202 = DIRECTION ( 'NONE',  ( 0.000000000000000000, 0.000000000000000000, -1.000000000000000000 ) ) ;
#2203 = FACE_BOUND ( 'NONE', #2830, .T. ) ;
#2204 = VERTEX_POINT ( 'NONE', #1511 ) ;
#2205 = CARTESIAN_POINT ( 'NONE',  ( -5.457751833808504927, -40.79999999999999716, -12.78917417119338573 ) ) ;
#2206 = AXIS2_PLACEMENT_3D ( 'NONE', #2722, #311, #2235 ) ;
#2207 = EDGE_CURVE ( 'NONE', #2582, #1236, #2778, .T. ) ;
#2208 = PLANE ( 'NONE',  #2318 ) ;
#2209 = ORIENTED_EDGE ( 'NONE', *, *, #1689, .F. ) ;
#2210 = CARTESIAN_POINT ( 'NONE',  ( -8.528169190869597571, -40.82992626614558418, -12.46535412354884897 ) ) ;
#2211 = FACE_OUTER_BOUND ( 'NONE', #753, .T. ) ;
#2212 = AXIS2_PLACEMENT_3D ( 'NONE', #2475, #1605, #2978 ) ;
#2213 = VERTEX_POINT ( 'NONE', #105 ) ;
#2214 = EDGE_CURVE ( 'NONE', #1549, #970, #1279, .T. ) ;
#2215 = DIRECTION ( 'NONE',  ( -0.000000000000000000, -0.000000000000000000, 1.000000000000000000 ) ) ;
#2216 = ADVANCED_FACE ( 'NONE', ( #1059 ), #2018, .T. ) ;
#2217 = CARTESIAN_POINT ( 'NONE',  ( -28.37383161690812372, -13.29999999999998472, -7.831440883716745738 ) ) ;
#2218 = VECTOR ( 'NONE', #1476, 1000.000000000000000 ) ;
#2219 = VERTEX_POINT ( 'NONE', #876 ) ;
#2220 = LINE ( 'NONE', #491, #3067 ) ;
#2221 = CARTESIAN_POINT ( 'NONE',  ( 13.88538216936096426, -46.78348475361998027, -14.40808912717104384 ) ) ;
#2222 = VECTOR ( 'NONE', #1232, 1000.000000000000000 ) ;
#2223 = ORIENTED_EDGE ( 'NONE', *, *, #2066, .F. ) ;
#2224 = CARTESIAN_POINT ( 'NONE',  ( -14.37383161690813260, -41.79999999998000959, -11.80155201328087955 ) ) ;
#2225 = PRODUCT ( 'Aileron Servo Mount', 'Aileron Servo Mount', '', ( #2713 ) ) ;
#2226 = EDGE_CURVE ( 'NONE', #3062, #1503, #427, .T. ) ;
#2227 = ORIENTED_EDGE ( 'NONE', *, *, #115, .F. ) ;
#2228 = CARTESIAN_POINT ( 'NONE',  ( -26.37383161690813083, -47.79999999999999005, 4.128365056571587033 ) ) ;
#2229 = ORIENTED_EDGE ( 'NONE', *, *, #1111, .F. ) ;
#2230 = AXIS2_PLACEMENT_3D ( 'NONE', #1624, #2072, #2829 ) ;
#2231 = LINE ( 'NONE', #2217, #1658 ) ;
#2232 = CARTESIAN_POINT ( 'NONE',  ( -28.37383161690812372, -21.29999999999998650, -3.731440883716746537 ) ) ;
#2233 = EDGE_CURVE ( 'NONE', #845, #2974, #881, .T. ) ;
#2234 = ORIENTED_EDGE ( 'NONE', *, *, #2473, .T. ) ;
#2235 = DIRECTION ( 'NONE',  ( 1.000000000000000000, 0.000000000000000000, 0.000000000000000000 ) ) ;
#2236 = DIRECTION ( 'NONE',  ( 0.000000000000000000, 0.000000000000000000, 1.000000000000000000 ) ) ;
#2237 = ORIENTED_EDGE ( 'NONE', *, *, #1787, .F. ) ;
#2238 = VECTOR ( 'NONE', #335, 1000.000000000000114 ) ;
#2239 = LINE ( 'NONE', #3047, #742 ) ;
#2240 = DIRECTION ( 'NONE',  ( 1.000000000000000000, -0.000000000000000000, 0.000000000000000000 ) ) ;
#2241 = CARTESIAN_POINT ( 'NONE',  ( -28.37383161690812372, -21.29999999999998650, -7.831440883716745738 ) ) ;
#2242 = CARTESIAN_POINT ( 'NONE',  ( 10.23128840026699926, -20.28030057026454003, -14.16059661361788535 ) ) ;
#2243 = DIRECTION ( 'NONE',  ( 1.000000000000000000, 0.000000000000000000, -0.000000000000000000 ) ) ;
#2244 = CARTESIAN_POINT ( 'NONE',  ( 13.29361060364491465, -27.79999999999999005, 4.158423724952641010 ) ) ;
#2245 = B_SPLINE_CURVE_WITH_KNOTS ( 'NONE', 3,
 ( #2189, #1684, #1221, #467, #1440, #231, #521, #1011, #1249, #2173, #975, #685, #1936, #2678, #1557, #773, #1493, #790, #556, #1738, #1508, #2272, #2990, #808, #2286, #1323, #822, #118, #1523, #568, #1540, #2028, #1781, #2804 ),
 .UNSPECIFIED., .F., .F.,
 ( 4, 2, 2, 2, 2, 2, 2, 2, 2, 2, 2, 2, 2, 2, 2, 2, 4 ),
 ( 0.000000000000000000, 0.0005890070325524027293, 0.001178014065104805459, 0.001767021097657207971, 0.002356028130209610917, 0.002945035162762009960, 0.003534042195314408569, 0.004123049227866808046, 0.004712056260419207089, 0.005301063292971606132, 0.005890070325524006910, 0.006479077358076405953, 0.007068084390628804996, 0.007657091423181204906, 0.008246098455733603949, 0.008835105488286004727, 0.009424112520838403770 ),
 .UNSPECIFIED. ) ;
#2246 = ORIENTED_EDGE ( 'NONE', *, *, #1395, .T. ) ;
#2247 = ORIENTED_EDGE ( 'NONE', *, *, #3091, .F. ) ;
#2248 = CYLINDRICAL_SURFACE ( 'NONE', #2504, 2.999999999999995559 ) ;
#2249 = LINE ( 'NONE', #2766, #801 ) ;
#2250 = ORIENTED_EDGE ( 'NONE', *, *, #1576, .F. ) ;
#2251 = DIRECTION ( 'NONE',  ( -0.000000000000000000, -0.000000000000000000, 1.000000000000000000 ) ) ;
#2252 = DIRECTION ( 'NONE',  ( 0.000000000000000000, 0.000000000000000000, 1.000000000000000000 ) ) ;
#2253 = CARTESIAN_POINT ( 'NONE',  ( 7.626168383091866509, -22.49615242270663273, -7.831440883716745738 ) ) ;
#2254 = ORIENTED_EDGE ( 'NONE', *, *, #2312, .F. ) ;
#2255 = CIRCLE ( 'NONE', #835, 2.999999999999999112 ) ;
#2256 = EDGE_LOOP ( 'NONE', ( #1686, #476 ) ) ;
#2257 = CARTESIAN_POINT ( 'NONE',  ( -29.37383161690812372, -44.79999999999999005, 4.168559116283254262 ) ) ;
#2258 = CARTESIAN_POINT ( 'NONE',  ( -8.667648995502409193, -36.43358150173669685, -12.45031044295302891 ) ) ;
#2259 = ADVANCED_FACE ( 'NONE', ( #960 ), #406, .F. ) ;
#2260 = CARTESIAN_POINT ( 'NONE',  ( 11.58928776325391219, -20.14799916782741462, -14.25588740984353286 ) ) ;
#2261 = B_SPLINE_CURVE_WITH_KNOTS ( 'NONE', 3,
 ( #622, #1132, #1599, #1391, #202, #2845, #2559, #1362, #635, #2317, #409, #2588, #143, #3063, #1169, #180 ),
 .UNSPECIFIED., .F., .F.,
 ( 4, 2, 2, 2, 2, 2, 2, 4 ),
 ( 1.734723475976807094E-18, 0.0005858484011270763576, 0.001171696802254150981, 0.001757545203381225387, 0.002343393604508300226, 0.002929242005635374849, 0.003515090406762449039, 0.004686787209016600453 ),
 .UNSPECIFIED. ) ;
#2262 = CARTESIAN_POINT ( 'NONE',  ( -23.70291079284920244, -4.200000000000030376, -10.64495313085142136 ) ) ;
#2263 = ORIENTED_EDGE ( 'NONE', *, *, #2036, .F. ) ;
#2264 = ADVANCED_FACE ( 'NONE', ( #745 ), #2208, .F. ) ;
#2265 = ORIENTED_EDGE ( 'NONE', *, *, #972, .T. ) ;
#2266 = CARTESIAN_POINT ( 'NONE',  ( 8.126168383091865621, -17.29999999999999716, -14.45526076821776584 ) ) ;
#2267 = DIRECTION ( 'NONE',  ( 1.000000000000000000, 0.000000000000000000, 0.000000000000000000 ) ) ;
#2268 =( BOUNDED_SURFACE ( )  B_SPLINE_SURFACE ( 3, 1, ( 
 ( #3121, #973 ),
 ( #2948, #2641 ),
 ( #1930, #308 ),
 ( #2787, #1778 ),
 ( #2753, #1319 ),
 ( #565, #1085 ),
 ( #2719, #114 ) ),
 .UNSPECIFIED., .T., .F., .T. ) 
 B_SPLINE_SURFACE_WITH_KNOTS ( ( 4, 3, 4 ),
 ( 2, 2 ),
 ( 0.000000000000000000, 0.5000000000000000000, 1.000000000000000000 ),
 ( 0.000000000000000000, 1.000000000000000000 ),
 .UNSPECIFIED. ) 
 GEOMETRIC_REPRESENTATION_ITEM ( )  RATIONAL_B_SPLINE_SURFACE ( (
 ( 1.000000000000000000, 1.000000000000000000),
 ( 0.3333333333333333703, 0.3333333333333333703),
 ( 0.3333333333333333703, 0.3333333333333333703),
 ( 1.000000000000000000, 1.000000000000000000),
 ( 0.3333333333333330373, 0.3333333333333333703),
 ( 0.3333333333333330373, 0.3333333333333333703),
 ( 1.000000000000000000, 1.000000000000000000) ) ) 
 REPRESENTATION_ITEM ( '' )  SURFACE ( )  );
#2269 = ADVANCED_FACE ( 'NONE', ( #534 ), #2707, .F. ) ;
#2270 = ORIENTED_EDGE ( 'NONE', *, *, #2057, .F. ) ;
#2271 = CARTESIAN_POINT ( 'NONE',  ( -14.37383161690812017, -41.79999999999999005, -3.731440883716746537 ) ) ;
#2272 = CARTESIAN_POINT ( 'NONE',  ( -26.69795692884041216, -14.60091377141304925, -10.20972353074394334 ) ) ;
#2273 = CARTESIAN_POINT ( 'NONE',  ( -14.37383161690812017, -41.79999999999999005, -7.831440883716745738 ) ) ;
#2274 = ORIENTED_EDGE ( 'NONE', *, *, #752, .F. ) ;
#2275 = CARTESIAN_POINT ( 'NONE',  ( -10.40958230118183714, -38.95249978115541012, -12.25842685587532443 ) ) ;
#2276 = LINE ( 'NONE', #2745, #1893 ) ;
#2277 = CARTESIAN_POINT ( 'NONE',  ( 13.62616838309189937, -27.79999999999999361, 4.165043435333927846 ) ) ;
#2278 = LINE ( 'NONE', #1327, #1260 ) ;
#2279 = PLANE ( 'NONE',  #561 ) ;
#2280 = FACE_BOUND ( 'NONE', #2958, .T. ) ;
#2281 = ORIENTED_EDGE ( 'NONE', *, *, #2057, .T. ) ;
#2282 = ORIENTED_EDGE ( 'NONE', *, *, #972, .F. ) ;
#2283 = FACE_OUTER_BOUND ( 'NONE', #1003, .T. ) ;
#2284 = EDGE_LOOP ( 'NONE', ( #166, #1135, #2246, #139, #939, #2631, #269, #501, #1677, #1013, #2531, #2754 ) ) ;
#2285 = CARTESIAN_POINT ( 'NONE',  ( -25.37383161690812372, -17.29999999999999716, -9.031440883716747692 ) ) ;
#2286 = CARTESIAN_POINT ( 'NONE',  ( -27.34962161296630612, -15.03385225627553190, -10.11863268366111512 ) ) ;
#2287 = CARTESIAN_POINT ( 'NONE',  ( 14.53043030074365483, -45.57685268197965911, -14.44879480395452731 ) ) ;
#2288 = CARTESIAN_POINT ( 'NONE',  ( -25.43909793067370728, -4.200000000000000178, 4.112708663922705732 ) ) ;
#2289 = VERTEX_POINT ( 'NONE', #2273 ) ;
#2290 = ORIENTED_EDGE ( 'NONE', *, *, #2900, .T. ) ;
#2291 = CARTESIAN_POINT ( 'NONE',  ( 0.000000000000000000, -5.400000000000000355, -7.831440883716745738 ) ) ;
#2292 = VECTOR ( 'NONE', #2613, 1000.000000000000000 ) ;
#2293 = LINE ( 'NONE', #776, #794 ) ;
#2294 = CARTESIAN_POINT ( 'NONE',  ( -10.04915201236626565, -44.49885210159840199, -12.29857035368089235 ) ) ;
#2295 = EDGE_CURVE ( 'NONE', #532, #1643, #1566, .T. ) ;
#2296 = CARTESIAN_POINT ( 'NONE',  ( 12.60710024226562531, -15.03853455464595434, -14.32473725425647437 ) ) ;
#2297 = VERTEX_POINT ( 'NONE', #2062 ) ;
#2298 = DIRECTION ( 'NONE',  ( 0.000000000000000000, 0.000000000000000000, 1.000000000000000000 ) ) ;
#2299 = DIRECTION ( 'NONE',  ( -0.000000000000000000, -0.000000000000000000, -1.000000000000000000 ) ) ;
#2300 = DIRECTION ( 'NONE',  ( -0.1961161351381823237, 0.000000000000000000, -0.9805806756909204447 ) ) ;
#2301 = CARTESIAN_POINT ( 'NONE',  ( -24.98490240480396096, -20.28103824021107471, -10.44593248124372131 ) ) ;
#2302 = ORIENTED_EDGE ( 'NONE', *, *, #2492, .T. ) ;
#2303 = LINE ( 'NONE', #445, #1905 ) ;
#2304 = EDGE_CURVE ( 'NONE', #2204, #899, #2557, .T. ) ;
#2305 = CARTESIAN_POINT ( 'NONE',  ( -13.10309578105944084, -36.04395093057538446, -11.95112628152565293 ) ) ;
#2306 = CARTESIAN_POINT ( 'NONE',  ( 13.00761146930856604, -19.13508725118942166, -14.35122249448799359 ) ) ;
#2307 = FACE_OUTER_BOUND ( 'NONE', #1767, .T. ) ;
#2308 = AXIS2_PLACEMENT_3D ( 'NONE', #2038, #2782, #596 ) ;
#2309 = EDGE_CURVE ( 'NONE', #2219, #456, #58, .T. ) ;
#2310 = DIRECTION ( 'NONE',  ( 1.000000000000000000, 0.000000000000000000, 0.000000000000000000 ) ) ;
#2311 = CARTESIAN_POINT ( 'NONE',  ( 12.93316278178114054, -4.200000000000030376, 4.151781772750913646 ) ) ;
#2312 = EDGE_CURVE ( 'NONE', #1543, #429, #662, .T. ) ;
#2313 = ORIENTED_EDGE ( 'NONE', *, *, #1448, .F. ) ;
#2314 = CARTESIAN_POINT ( 'NONE',  ( -25.43909793067370728, -5.400000000000000355, 4.112708663922705732 ) ) ;
#2315 = EDGE_CURVE ( 'NONE', #318, #1981, #1915, .T. ) ;
#2316 = VECTOR ( 'NONE', #1547, 1000.000000000000000 ) ;
#2317 = CARTESIAN_POINT ( 'NONE',  ( 11.36731396318747578, -28.81610528721191855, 4.128103096610876044 ) ) ;
#2318 = AXIS2_PLACEMENT_3D ( 'NONE', #41, #1012, #757 ) ;
#2319 = DIRECTION ( 'NONE',  ( -0.000000000000000000, -0.000000000000000000, -1.000000000000000000 ) ) ;
#2320 = ADVANCED_FACE ( 'NONE', ( #2203, #266 ), #2908, .T. ) ;
#2321 = CARTESIAN_POINT ( 'NONE',  ( 0.000000000000000000, -40.79999999999999716, -7.831440883716745738 ) ) ;
#2322 = DIRECTION ( 'NONE',  ( 0.000000000000000000, 0.000000000000000000, 1.000000000000000000 ) ) ;
#2323 = DIRECTION ( 'NONE',  ( -0.000000000000000000, -1.000000000000000000, -0.000000000000000000 ) ) ;
#2324 = EDGE_CURVE ( 'NONE', #69, #539, #517, .T. ) ;
#2325 = EDGE_LOOP ( 'NONE', ( #2415, #783 ) ) ;
#2326 = CYLINDRICAL_SURFACE ( 'NONE', #2565, 2.999999999999999112 ) ;
#2327 =( NAMED_UNIT ( * ) SI_UNIT ( $, .STERADIAN. ) SOLID_ANGLE_UNIT ( ) );
#2328 = CARTESIAN_POINT ( 'NONE',  ( -29.37383161690812372, -4.200000000000000178, 4.168559116283254262 ) ) ;
#2329 = ADVANCED_FACE ( 'NONE', ( #1655 ), #2134, .F. ) ;
#2330 = ORIENTED_EDGE ( 'NONE', *, *, #2543, .F. ) ;
#2331 = CARTESIAN_POINT ( 'NONE',  ( 5.559146201418807998, -20.52387237570765421, -13.80345978585402911 ) ) ;
#2332 = LINE ( 'NONE', #3034, #1695 ) ;
#2333 = CARTESIAN_POINT ( 'NONE',  ( -8.454030509965964058, -42.59256121875660028, -12.47339293114715808 ) ) ;
#2334 = CARTESIAN_POINT ( 'NONE',  ( 0.000000000000000000, 2.168404344971008868E-16, -7.031440883716745915 ) ) ;
#2335 = VECTOR ( 'NONE', #1421, 1000.000000000000000 ) ;
#2336 = DIRECTION ( 'NONE',  ( 1.000000000000000000, 0.000000000000000000, 0.000000000000000000 ) ) ;
#2337 = DIRECTION ( 'NONE',  ( 1.000000000000000000, 0.000000000000000000, -0.000000000000000000 ) ) ;
#2338 = VERTEX_POINT ( 'NONE', #2460 ) ;
#2339 = ORIENTED_EDGE ( 'NONE', *, *, #2577, .F. ) ;
#2340 = CARTESIAN_POINT ( 'NONE',  ( 0.000000000000000000, -6.200000000000001066, -14.50089642712106297 ) ) ;
#2341 = CARTESIAN_POINT ( 'NONE',  ( -27.35308952072404409, -19.56292297886870202, -10.11814581573516136 ) ) ;
#2342 = ORIENTED_EDGE ( 'NONE', *, *, #199, .T. ) ;
#2343 = CARTESIAN_POINT ( 'NONE',  ( -11.37383161690812194, -38.79999999999999716, -3.731440883716746537 ) ) ;
#2344 = CARTESIAN_POINT ( 'NONE',  ( -14.68085467494293361, -36.78146844343376642, -11.76509144105842353 ) ) ;
#2345 = CIRCLE ( 'NONE', #986, 2.500000000000002220 ) ;
#2346 = ADVANCED_BREP_SHAPE_REPRESENTATION ( 'Aileron Servo Mount', ( #1109, #1415 ), #2936 ) ;
#2347 = DIRECTION ( 'NONE',  ( -0.000000000000000000, -0.000000000000000000, 1.000000000000000000 ) ) ;
#2348 = CARTESIAN_POINT ( 'NONE',  ( 5.183189370173174382, -19.83816827607078892, -13.77277705598455526 ) ) ;
#2349 = EDGE_CURVE ( 'NONE', #1973, #885, #2485, .T. ) ;
#2350 = AXIS2_PLACEMENT_3D ( 'NONE', #280, #1929, #514 ) ;
#2351 = CIRCLE ( 'NONE', #1046, 2.999999999999999112 ) ;
#2352 = CARTESIAN_POINT ( 'NONE',  ( -11.37383161690812017, -41.79999999999999716, -9.031440883716747692 ) ) ;
#2353 = CARTESIAN_POINT ( 'NONE',  ( -9.830289861711730026, 1.199999999999999956, 0.9685591162832546397 ) ) ;
#2354 = AXIS2_PLACEMENT_3D ( 'NONE', #2452, #982, #510 ) ;
#2355 = ORIENTED_EDGE ( 'NONE', *, *, #428, .F. ) ;
#2356 = ORIENTED_EDGE ( 'NONE', *, *, #217, .F. ) ;
#2357 = CARTESIAN_POINT ( 'NONE',  ( -22.37383161690812727, -13.29999999999998472, -7.831440883716745738 ) ) ;
#2358 = EDGE_CURVE ( 'NONE', #857, #1122, #2984, .T. ) ;
#2359 = EDGE_CURVE ( 'NONE', #1377, #2395, #1833, .T. ) ;
#2360 = ORIENTED_EDGE ( 'NONE', *, *, #2115, .F. ) ;
#2361 = CARTESIAN_POINT ( 'NONE',  ( 14.32186624272922337, -46.13091971390033308, 4.177414206495503990 ) ) ;
#2362 = CARTESIAN_POINT ( 'NONE',  ( -22.37383161690810240, -47.79999999999999716, -10.79684584942134329 ) ) ;
#2363 = AXIS2_PLACEMENT_3D ( 'NONE', #2002, #2051, #2977 ) ;
#2364 = CARTESIAN_POINT ( 'NONE',  ( 7.626168383091866509, -21.29999999999998650, -3.731440883716746537 ) ) ;
#2365 = VECTOR ( 'NONE', #1565, 1000.000000000000000 ) ;
#2366 = VERTEX_POINT ( 'NONE', #2735 ) ;
#2367 = CARTESIAN_POINT ( 'NONE',  ( 5.301399614429507245, -14.52246364251330668, -13.78246008741351680 ) ) ;
#2368 = CARTESIAN_POINT ( 'NONE',  ( 10.62616838309186562, -17.29999999999999716, -7.831440883716745738 ) ) ;
#2369 = EDGE_CURVE ( 'NONE', #3095, #719, #2249, .T. ) ;
#2370 = DIRECTION ( 'NONE',  ( -0.000000000000000000, 1.000000000000000000, -0.000000000000000000 ) ) ;
#2371 = CARTESIAN_POINT ( 'NONE',  ( -28.62800016216104027, -46.78922342023835768, -9.938014340001778635 ) ) ;
#2372 = CARTESIAN_POINT ( 'NONE',  ( -3.214589862994850833, -40.80000000000000426, -13.01937653463662059 ) ) ;
#2373 = AXIS2_PLACEMENT_3D ( 'NONE', #2596, #2392, #223 ) ;
#2374 = ORIENTED_EDGE ( 'NONE', *, *, #1372, .F. ) ;
#2375 = ORIENTED_EDGE ( 'NONE', *, *, #2532, .F. ) ;
#2376 = DIRECTION ( 'NONE',  ( -0.000000000000000000, -0.000000000000000000, -1.000000000000000000 ) ) ;
#2377 = CARTESIAN_POINT ( 'NONE',  ( 14.62616838309187095, -4.200000000000000178, -14.45476076821776523 ) ) ;
#2378 = CARTESIAN_POINT ( 'NONE',  ( -13.61308177976165901, -4.200000000000000178, 3.184990813569347434 ) ) ;
#2379 = LINE ( 'NONE', #1895, #749 ) ;
#2380 = CARTESIAN_POINT ( 'NONE',  ( 11.86632743480483576, -4.200000000000000178, -13.48122230506696084 ) ) ;
#2381 = ORIENTED_EDGE ( 'NONE', *, *, #424, .T. ) ;
#2382 = LINE ( 'NONE', #1933, #1559 ) ;
#2383 = LINE ( 'NONE', #2806, #782 ) ;
#2384 = EDGE_CURVE ( 'NONE', #1200, #2204, #1744, .T. ) ;
#2385 = CARTESIAN_POINT ( 'NONE',  ( 14.62616838309187273, -47.80002499999999799, -7.831440883716745738 ) ) ;
#2386 = EDGE_LOOP ( 'NONE', ( #937, #61, #3090, #735, #634, #1040 ) ) ;
#2387 = CARTESIAN_POINT ( 'NONE',  ( -27.97768991236880964, -27.79999999999998295, 4.149213515097873284 ) ) ;
#2388 = CARTESIAN_POINT ( 'NONE',  ( -25.37383161690809175, -30.79999999999998650, 4.116049394397460759 ) ) ;
#2389 = CIRCLE ( 'NONE', #63, 1.600000000000002531 ) ;
#2390 = AXIS2_PLACEMENT_3D ( 'NONE', #932, #258, #2866 ) ;
#2391 = CARTESIAN_POINT ( 'NONE',  ( 14.62616838309187273, -4.200000000000000178, -13.65325666234331337 ) ) ;
#2392 = DIRECTION ( 'NONE',  ( 0.000000000000000000, 0.000000000000000000, 1.000000000000000000 ) ) ;
#2393 = CARTESIAN_POINT ( 'NONE',  ( 10.62616838309186562, -17.29999999999999716, -3.731440883716746537 ) ) ;
#2394 = VECTOR ( 'NONE', #1914, 1000.000000000000000 ) ;
#2395 = VERTEX_POINT ( 'NONE', #2762 ) ;
#2396 = ORIENTED_EDGE ( 'NONE', *, *, #1136, .F. ) ;
#2397 = DIRECTION ( 'NONE',  ( 7.228014483236714305E-16, 0.000000000000000000, -1.000000000000000000 ) ) ;
#2398 = ADVANCED_FACE ( 'NONE', ( #1002 ), #76, .F. ) ;
#2399 = ADVANCED_FACE ( 'NONE', ( #2509, #2021, #2932 ), #1723, .T. ) ;
#2400 = DIRECTION ( 'NONE',  ( -0.000000000000000000, -0.000000000000000000, -1.000000000000000000 ) ) ;
#2401 = VERTEX_POINT ( 'NONE', #1076 ) ;
#2402 = B_SPLINE_CURVE_WITH_KNOTS ( 'NONE', 3,
 ( #825, #1564, #1545, #796, #1497, #2470, #89, #70, #328, #1293, #1028, #2258, #2995, #898, #1885, #1378, #875, #1836, #1853, #654, #2305, #1634, #624, #2344, #183, #2561, #1150, #1408, #3080, #666, #204, #928, #3031, #992 ),
 .UNSPECIFIED., .F., .F.,
 ( 4, 2, 2, 2, 2, 2, 2, 2, 2, 2, 2, 2, 2, 2, 2, 2, 4 ),
 ( 7.152448122690996019E-18, 0.001051000168977399632, 0.002102000337954791891, 0.003153000506932184151, 0.004204000675909576844, 0.005255000844886969537, 0.006306001013864361363, 0.007357001182841754056, 0.008408001351819146749, 0.009459001520796539442, 0.01051000168977393213, 0.01156100185875132483, 0.01261200202772871579, 0.01366300219670610848, 0.01471400236568350117, 0.01576500253466089560, 0.01681600270363828656 ),
 .UNSPECIFIED. ) ;
#2403 = DIRECTION ( 'NONE',  ( -2.322933129966761631E-15, 0.000000000000000000, -1.000000000000000000 ) ) ;
#2404 = CARTESIAN_POINT ( 'NONE',  ( -11.03028986171173109, 0.000000000000000000, -7.031440883716745915 ) ) ;
#2405 = VERTEX_POINT ( 'NONE', #2033 ) ;
#2406 = CARTESIAN_POINT ( 'NONE',  ( -22.37383161690812727, -2.243491962624431111E-15, -14.50089642712106297 ) ) ;
#2407 = CARTESIAN_POINT ( 'NONE',  ( -11.87672306127741706, 1.694065894508600678E-18, -11.38231140209151881 ) ) ;
#2408 = CARTESIAN_POINT ( 'NONE',  ( 7.722061156010794569, -18.07788002487605539, -13.97434764247642924 ) ) ;
#2409 = CARTESIAN_POINT ( 'NONE',  ( -7.230289861711734822, 4.115720441858374379, -2.915720441858375533 ) ) ;
#2410 = VERTEX_POINT ( 'NONE', #2068 ) ;
#2411 = EDGE_CURVE ( 'NONE', #615, #1215, #573, .T. ) ;
#2412 = VERTEX_POINT ( 'NONE', #2647 ) ;
#2413 = DIRECTION ( 'NONE',  ( 0.000000000000000000, -0.000000000000000000, -1.000000000000000000 ) ) ;
#2414 = CARTESIAN_POINT ( 'NONE',  ( -23.39793088928756504, -19.56587206695468950, -10.66053558264790802 ) ) ;
#2415 = ORIENTED_EDGE ( 'NONE', *, *, #453, .F. ) ;
#2416 = DIRECTION ( 'NONE',  ( -0.000000000000000000, -0.000000000000000000, 1.000000000000000000 ) ) ;
#2417 = CARTESIAN_POINT ( 'NONE',  ( 10.62616838309186562, -17.29999999999999716, -8.339822604851033105 ) ) ;
#2418 = VERTEX_POINT ( 'NONE', #1837 ) ;
#2419 = PLANE ( 'NONE',  #594 ) ;
#2420 = ADVANCED_FACE ( 'NONE', ( #3082 ), #2589, .F. ) ;
#2421 = DIRECTION ( 'NONE',  ( 0.000000000000000000, 0.000000000000000000, 1.000000000000000000 ) ) ;
#2422 = CARTESIAN_POINT ( 'NONE',  ( 10.02115205608485660, -19.72568655107085434, -8.339822604851033105 ) ) ;
#2423 = CIRCLE ( 'NONE', #1666, 2.500000000000002220 ) ;
#2424 = ORIENTED_EDGE ( 'NONE', *, *, #1208, .F. ) ;
#2425 = AXIS2_PLACEMENT_3D ( 'NONE', #3026, #1791, #2322 ) ;
#2426 = CARTESIAN_POINT ( 'NONE',  ( 7.626168383091866509, -40.79999999999999716, -7.831440883716745738 ) ) ;
#2427 = DIRECTION ( 'NONE',  ( 1.861517035906274829E-16, 0.000000000000000000, 1.000000000000000000 ) ) ;
#2428 = ADVANCED_FACE ( 'NONE', ( #185 ), #2116, .F. ) ;
#2429 = VECTOR ( 'NONE', #2427, 1000.000000000000000 ) ;
#2430 = CARTESIAN_POINT ( 'NONE',  ( -22.45428861116241137, -18.09370677622317913, -10.78621623386501049 ) ) ;
#2431 = ORIENTED_EDGE ( 'NONE', *, *, #2499, .T. ) ;
#2432 = LINE ( 'NONE', #272, #2517 ) ;
#2433 = CARTESIAN_POINT ( 'NONE',  ( -26.37383161690813083, -47.79999999999999005, 4.128365056571587033 ) ) ;
#2434 = DIRECTION ( 'NONE',  ( -0.000000000000000000, 0.000000000000000000, -1.000000000000000000 ) ) ;
#2435 = VERTEX_POINT ( 'NONE', #2364 ) ;
#2436 = DIRECTION ( 'NONE',  ( -1.000000000000000000, 0.000000000000000000, -0.000000000000000000 ) ) ;
#2437 = DIRECTION ( 'NONE',  ( 1.002730332934570767E-16, -1.000000000000000000, 0.000000000000000000 ) ) ;
#2438 = CYLINDRICAL_SURFACE ( 'NONE', #711, 2.999999999999999112 ) ;
#2439 = CARTESIAN_POINT ( 'NONE',  ( -7.230289861711734822, 1.199999999999999956, -7.839095975767776876E-16 ) ) ;
#2440 = CARTESIAN_POINT ( 'NONE',  ( -8.430289861711731447, 1.199999999999999956, 1.828027716550075650E-15 ) ) ;
#2441 = VECTOR ( 'NONE', #1084, 1000.000000000000000 ) ;
#2442 = ORIENTED_EDGE ( 'NONE', *, *, #1999, .T. ) ;
#2443 = CARTESIAN_POINT ( 'NONE',  ( -29.37383161690812372, -27.79999999999999361, -0.000000000000000000 ) ) ;
#2444 = LINE ( 'NONE', #2671, #1934 ) ;
#2445 = CARTESIAN_POINT ( 'NONE',  ( 0.000000000000000000, -47.79999999999999716, -7.831440883716745738 ) ) ;
#2446 = ORIENTED_EDGE ( 'NONE', *, *, #2086, .F. ) ;
#2447 = CARTESIAN_POINT ( 'NONE',  ( -25.37383161690812372, -17.29999999999999716, -4.831440883716745738 ) ) ;
#2448 = B_SPLINE_CURVE_WITH_KNOTS ( 'NONE', 3,
 ( #471, #2827, #2536, #369, #1591, #125 ),
 .UNSPECIFIED., .F., .F.,
 ( 4, 1, 1, 4 ),
 ( 0.1265758827120599117, 0.1363196987847158093, 0.1499516686631872653, 0.1564037166459472106 ),
 .UNSPECIFIED. ) ;
#2449 = EDGE_LOOP ( 'NONE', ( #312, #1074, #659, #2234 ) ) ;
#2450 = CARTESIAN_POINT ( 'NONE',  ( 10.62616838309186562, -17.29999999999999716, -3.731440883716746537 ) ) ;
#2451 = DIRECTION ( 'NONE',  ( 1.002730332934570767E-16, -1.000000000000000000, 0.000000000000000000 ) ) ;
#2452 = CARTESIAN_POINT ( 'NONE',  ( 10.62616838309186562, -17.29999999999999716, -14.50089642712106297 ) ) ;
#2453 = CARTESIAN_POINT ( 'NONE',  ( -14.37383161690812017, -46.79999999999999716, -7.831440883716745738 ) ) ;
#2454 = CARTESIAN_POINT ( 'NONE',  ( -14.37383161690944000, -41.99640110225195855, -11.80155201328072323 ) ) ;
#2455 = CARTESIAN_POINT ( 'NONE',  ( 0.000000000000000000, 0.000000000000000000, 0.000000000000000000 ) ) ;
#2456 = ORIENTED_EDGE ( 'NONE', *, *, #67, .T. ) ;
#2457 = FACE_OUTER_BOUND ( 'NONE', #1879, .T. ) ;
#2458 = CARTESIAN_POINT ( 'NONE',  ( -22.37383161690812727, -6.200000000000001066, -14.50089642712106297 ) ) ;
#2459 = CARTESIAN_POINT ( 'NONE',  ( -19.73198762212809498, -19.35891441578085548, -11.14056585798957855 ) ) ;
#2460 = CARTESIAN_POINT ( 'NONE',  ( -25.37383161690812372, -47.79999999999999716, -7.831440883716745738 ) ) ;
#2461 = EDGE_CURVE ( 'NONE', #2366, #2006, #206, .T. ) ;
#2462 = EDGE_CURVE ( 'NONE', #352, #2590, #2952, .T. ) ;
#2463 = ORIENTED_EDGE ( 'NONE', *, *, #3057, .T. ) ;
#2464 = DIRECTION ( 'NONE',  ( -0.000000000000000000, -0.000000000000000000, 1.000000000000000000 ) ) ;
#2465 = MECHANICAL_DESIGN_GEOMETRIC_PRESENTATION_REPRESENTATION (  '', ( #2612 ), #3006 ) ;
#2466 = CARTESIAN_POINT ( 'NONE',  ( -11.37383161690812017, -41.79999999999999716, -14.50089642712106297 ) ) ;
#2467 = DIRECTION ( 'NONE',  ( 0.000000000000000000, 0.000000000000000000, 1.000000000000000000 ) ) ;
#2468 = AXIS2_PLACEMENT_3D ( 'NONE', #1940, #234, #996 ) ;
#2469 = ORIENTED_EDGE ( 'NONE', *, *, #1448, .T. ) ;
#2470 = CARTESIAN_POINT ( 'NONE',  ( -6.340691499157458111, -38.51475620945625877, -12.69786661287333018 ) ) ;
#2471 = B_SPLINE_CURVE_WITH_KNOTS ( 'NONE', 3,
 ( #1985, #2727, #2955, #47 ),
 .UNSPECIFIED., .F., .F.,
 ( 4, 4 ),
 ( 0.7499278215343500031, 1.000000000000000000 ),
 .UNSPECIFIED. ) ;
#2472 = CARTESIAN_POINT ( 'NONE',  ( 8.366342324999328284, -19.28278507958980370, -14.02342291175873967 ) ) ;
#2473 = EDGE_CURVE ( 'NONE', #1947, #1858, #468, .T. ) ;
#2474 = LINE ( 'NONE', #32, #2161 ) ;
#2475 = CARTESIAN_POINT ( 'NONE',  ( -28.37383161690809885, -30.79999999999998650, 8.239513180344684914E-14 ) ) ;
#2476 = CARTESIAN_POINT ( 'NONE',  ( 7.626168383091863845, -17.29999999998042526, -13.96697161389469599 ) ) ;
#2477 = ADVANCED_FACE ( 'NONE', ( #1740 ), #3126, .F. ) ;
#2478 = EDGE_CURVE ( 'NONE', #352, #1386, #2660, .T. ) ;
#2479 = VECTOR ( 'NONE', #734, 1000.000000000000000 ) ;
#2480 = VERTEX_POINT ( 'NONE', #2253 ) ;
#2481 = CARTESIAN_POINT ( 'NONE',  ( -8.373831616908127273, -38.79999999999999716, -7.831440883716745738 ) ) ;
#2482 = CARTESIAN_POINT ( 'NONE',  ( -19.39142100030754179, -17.82848587961400355, -11.18402280347680922 ) ) ;
#2483 = CARTESIAN_POINT ( 'NONE',  ( -24.71746198712514087, 0.000000000000000000, 3.302723405837833859 ) ) ;
#2484 = CARTESIAN_POINT ( 'NONE',  ( 14.62616838309187450, -47.79999999999999716, 4.182978693911425516 ) ) ;
#2485 = LINE ( 'NONE', #1490, #1014 ) ;
#2486 = VECTOR ( 'NONE', #1766, 1000.000000000000000 ) ;
#2487 = VERTEX_POINT ( 'NONE', #586 ) ;
#2488 = CARTESIAN_POINT ( 'NONE',  ( 13.62616838309186917, -13.29999999999998472, -3.731440883716746537 ) ) ;
#2489 = ORIENTED_EDGE ( 'NONE', *, *, #34, .F. ) ;
#2490 = VECTOR ( 'NONE', #1955, 1000.000000000000000 ) ;
#2491 = CARTESIAN_POINT ( 'NONE',  ( -13.97430366193403373, -40.29142087268546391, -11.84886549274512468 ) ) ;
#2492 = EDGE_CURVE ( 'NONE', #994, #2879, #853, .T. ) ;
#2493 = LINE ( 'NONE', #2291, #2119 ) ;
#2494 = EDGE_CURVE ( 'NONE', #2297, #2418, #1817, .T. ) ;
#2495 = LINE ( 'NONE', #1282, #2786 ) ;
#2496 = CARTESIAN_POINT ( 'NONE',  ( -22.99542386011852813, -19.13904027024971555, -10.71431472212104197 ) ) ;
#2497 = ORIENTED_EDGE ( 'NONE', *, *, #205, .F. ) ;
#2498 = DIRECTION ( 'NONE',  ( -0.000000000000000000, -0.000000000000000000, 1.000000000000000000 ) ) ;
#2499 = EDGE_CURVE ( 'NONE', #1386, #1981, #1519, .T. ) ;
#2500 = DIRECTION ( 'NONE',  ( 2.322933129966761631E-15, 0.000000000000000000, 1.000000000000000000 ) ) ;
#2501 = VERTEX_POINT ( 'NONE', #1799 ) ;
#2502 = FACE_OUTER_BOUND ( 'NONE', #878, .T. ) ;
#2503 = EDGE_LOOP ( 'NONE', ( #2339, #1186, #1754, #283, #2136, #1632 ) ) ;
#2504 = AXIS2_PLACEMENT_3D ( 'NONE', #354, #2039, #79 ) ;
#2505 = CARTESIAN_POINT ( 'NONE',  ( -10.04903586874083388, -39.10130578522937128, -12.29858281893326577 ) ) ;
#2506 = CARTESIAN_POINT ( 'NONE',  ( -19.37383161690812372, -17.30000000001670557, -11.18626136410712846 ) ) ;
#2507 = CARTESIAN_POINT ( 'NONE',  ( 9.848324406598715441, -20.20397665937387188, -14.13302294111614366 ) ) ;
#2508 = CARTESIAN_POINT ( 'NONE',  ( 10.62616838331042501, -47.79999999999999716, 4.117063039008507452 ) ) ;
#2509 = FACE_BOUND ( 'NONE', #225, .T. ) ;
#2510 = ORIENTED_EDGE ( 'NONE', *, *, #1957, .T. ) ;
#2511 = CARTESIAN_POINT ( 'NONE',  ( -22.37383161690812727, -21.29999999999998650, -3.731440883716746537 ) ) ;
#2512 = ADVANCED_FACE ( 'NONE', ( #604 ), #2089, .T. ) ;
#2513 = ORIENTED_EDGE ( 'NONE', *, *, #1750, .F. ) ;
#2514 = CARTESIAN_POINT ( 'NONE',  ( 12.93316278178124001, -4.200000000000000178, 4.151781772750915422 ) ) ;
#2515 = EDGE_CURVE ( 'NONE', #1525, #1643, #1191, .T. ) ;
#2516 = ORIENTED_EDGE ( 'NONE', *, *, #428, .T. ) ;
#2517 = VECTOR ( 'NONE', #2187, 1000.000000000000000 ) ;
#2518 = CARTESIAN_POINT ( 'NONE',  ( -13.19967037845150415, -39.41160897501456617, -11.93979388627628069 ) ) ;
#2519 = DIRECTION ( 'NONE',  ( -1.861517035906274829E-16, 0.000000000000000000, -1.000000000000000000 ) ) ;
#2520 = CARTESIAN_POINT ( 'NONE',  ( -25.37383161726185321, -47.79999999999999005, 4.116049394397460759 ) ) ;
#2521 = FACE_OUTER_BOUND ( 'NONE', #562, .T. ) ;
#2522 = ORIENTED_EDGE ( 'NONE', *, *, #3066, .F. ) ;
#2523 = CARTESIAN_POINT ( 'NONE',  ( -9.830289861711731803, 1.199999999999999956, -5.831440883716745738 ) ) ;
#2524 = AXIS2_PLACEMENT_3D ( 'NONE', #682, #131, #873 ) ;
#2525 = CARTESIAN_POINT ( 'NONE',  ( 0.000000000000000000, -4.200000000000000178, 0.000000000000000000 ) ) ;
#2526 = PLANE ( 'NONE',  #2425 ) ;
#2527 = VECTOR ( 'NONE', #966, 1000.000000000000000 ) ;
#2528 = ORIENTED_EDGE ( 'NONE', *, *, #2148, .T. ) ;
#2529 = VECTOR ( 'NONE', #1975, 1000.000000000000227 ) ;
#2530 = VERTEX_POINT ( 'NONE', #463 ) ;
#2531 = ORIENTED_EDGE ( 'NONE', *, *, #3049, .F. ) ;
#2532 = EDGE_CURVE ( 'NONE', #3042, #1129, #2379, .T. ) ;
#2533 = FACE_OUTER_BOUND ( 'NONE', #2201, .T. ) ;
#2534 = LINE ( 'NONE', #1328, #884 ) ;
#2535 = CARTESIAN_POINT ( 'NONE',  ( -8.774159217065928829, -43.31015379644144048, -12.43866692932605922 ) ) ;
#2536 = CARTESIAN_POINT ( 'NONE',  ( -11.11678392891604261, -6.200000000000010836, -12.22097465633579993 ) ) ;
#2537 = DIRECTION ( 'NONE',  ( 0.000000000000000000, 1.000000000000000000, -0.000000000000000000 ) ) ;
#2538 = LINE ( 'NONE', #1594, #601 ) ;
#2539 = CARTESIAN_POINT ( 'NONE',  ( 14.62616838309172707, -5.400000000000022560, 4.182978693911423740 ) ) ;
#2540 = ORIENTED_EDGE ( 'NONE', *, *, #722, .T. ) ;
#2541 = CARTESIAN_POINT ( 'NONE',  ( 10.82616731788195530, -19.99258248268884230, -9.031440883716747692 ) ) ;
#2542 = CARTESIAN_POINT ( 'NONE',  ( 14.62616838309187273, -27.79999999999999361, -7.831440883716745738 ) ) ;
#2543 = EDGE_CURVE ( 'NONE', #1643, #903, #1611, .T. ) ;
#2544 = ORIENTED_EDGE ( 'NONE', *, *, #2976, .T. ) ;
#2545 = EDGE_LOOP ( 'NONE', ( #197, #1700 ) ) ;
#2546 = AXIS2_PLACEMENT_3D ( 'NONE', #478, #2400, #228 ) ;
#2547 = CARTESIAN_POINT ( 'NONE',  ( 11.59012836378535560, -14.99331815032470239, -8.031440883716745915 ) ) ;
#2548 = CARTESIAN_POINT ( 'NONE',  ( -19.37383161690812727, -17.29999999999999716, -14.50089642712106297 ) ) ;
#2549 = EDGE_CURVE ( 'NONE', #2083, #743, #1452, .T. ) ;
#2550 = LINE ( 'NONE', #575, #1888 ) ;
#2551 = ADVANCED_FACE ( 'NONE', ( #1233 ), #954, .T. ) ;
#2552 = ADVANCED_FACE ( 'NONE', ( #1962 ), #2268, .F. ) ;
#2553 = EDGE_LOOP ( 'NONE', ( #551, #1373, #2899, #1176 ) ) ;
#2554 = DIRECTION ( 'NONE',  ( 0.000000000000000000, 1.000000000000000000, -0.000000000000000000 ) ) ;
#2555 = DIRECTION ( 'NONE',  ( -4.336808689942017736E-16, 1.000000000000000000, -0.000000000000000000 ) ) ;
#2556 = ORIENTED_EDGE ( 'NONE', *, *, #418, .F. ) ;
#2557 = LINE ( 'NONE', #422, #207 ) ;
#2558 = CARTESIAN_POINT ( 'NONE',  ( -27.19869422342964427, -19.68917630065776692, -10.13979236930293304 ) ) ;
#2559 = CARTESIAN_POINT ( 'NONE',  ( 12.12440638348119215, -28.19556186908034690, 4.139928744537641592 ) ) ;
#2560 = DIRECTION ( 'NONE',  ( -1.000000000000000000, 0.000000000000000000, 0.000000000000000000 ) ) ;
#2561 = CARTESIAN_POINT ( 'NONE',  ( -15.50797142475935431, -37.43748481250052151, -11.66581716907657906 ) ) ;
#2562 = EDGE_LOOP ( 'NONE', ( #1385, #465, #792, #1089, #665 ) ) ;
#2563 = VECTOR ( 'NONE', #1912, 1000.000000000000000 ) ;
#2564 = CARTESIAN_POINT ( 'NONE',  ( -11.76796361206694641, -44.78037473675274782, -12.10504042824452853 ) ) ;
#2565 = AXIS2_PLACEMENT_3D ( 'NONE', #1130, #1581, #837 ) ;
#2566 = ORIENTED_EDGE ( 'NONE', *, *, #88, .F. ) ;
#2567 = DIRECTION ( 'NONE',  ( -2.322933129966761631E-15, -0.000000000000000000, -1.000000000000000000 ) ) ;
#2568 = CARTESIAN_POINT ( 'NONE',  ( -27.87031965424191071, -47.40743409221009586, -10.04538033642130657 ) ) ;
#2569 = VERTEX_POINT ( 'NONE', #1272 ) ;
#2570 = VECTOR ( 'NONE', #2572, 1000.000000000000000 ) ;
#2571 = ORIENTED_EDGE ( 'NONE', *, *, #577, .T. ) ;
#2572 = DIRECTION ( 'NONE',  ( -0.000000000000000000, 1.000000000000000000, -0.000000000000000000 ) ) ;
#2573 = EDGE_CURVE ( 'NONE', #1356, #2501, #2736, .T. ) ;
#2574 = LINE ( 'NONE', #1005, #1193 ) ;
#2575 = ADVANCED_FACE ( 'NONE', ( #1052 ), #3133, .F. ) ;
#2576 = CARTESIAN_POINT ( 'NONE',  ( 4.763362314731035774, -15.99781886566547762, -13.73817955230892807 ) ) ;
#2577 = EDGE_CURVE ( 'NONE', #903, #1122, #438, .T. ) ;
#2578 = CARTESIAN_POINT ( 'NONE',  ( -14.21963090241771788, -42.76941797120726108, -11.81984704421777366 ) ) ;
#2579 = ORIENTED_EDGE ( 'NONE', *, *, #1352, .F. ) ;
#2580 = LINE ( 'NONE', #416, #725 ) ;
#2581 = CARTESIAN_POINT ( 'NONE',  ( -29.37383161690793898, -4.200000000000030376, 4.168559116283252486 ) ) ;
#2582 = VERTEX_POINT ( 'NONE', #2453 ) ;
#2583 = DIRECTION ( 'NONE',  ( 1.000000000000000000, 0.000000000000000000, 0.000000000000000000 ) ) ;
#2584 = CARTESIAN_POINT ( 'NONE',  ( 10.62616838309186562, -17.29999999999999716, -9.031440883716747692 ) ) ;
#2585 = CARTESIAN_POINT ( 'NONE',  ( -25.37383161690812372, -17.29999999999999716, -14.45526076821776584 ) ) ;
#2586 = EDGE_CURVE ( 'NONE', #146, #816, #2423, .T. ) ;
#2587 = VERTEX_POINT ( 'NONE', #1500 ) ;
#2588 = CARTESIAN_POINT ( 'NONE',  ( 11.02375356642613191, -29.29457750465143917, 4.122919544955343518 ) ) ;
#2589 = CYLINDRICAL_SURFACE ( 'NONE', #1625, 1.600000000000000755 ) ;
#2590 = VERTEX_POINT ( 'NONE', #777 ) ;
#2591 = CARTESIAN_POINT ( 'NONE',  ( 6.201330963253982809, -13.23931605723474014, -13.85521403449441635 ) ) ;
#2592 = CARTESIAN_POINT ( 'NONE',  ( -11.37383161690812017, -41.79999999999999716, -8.031440883716745915 ) ) ;
#2593 = AXIS2_PLACEMENT_3D ( 'NONE', #2352, #1383, #2336 ) ;
#2594 = AXIS2_PLACEMENT_3D ( 'NONE', #1679, #2183, #2413 ) ;
#2595 = LINE ( 'NONE', #382, #1029 ) ;
#2596 = CARTESIAN_POINT ( 'NONE',  ( 10.62616838309191358, -17.29999999999995097, -4.831440883716745738 ) ) ;
#2597 = VERTEX_POINT ( 'NONE', #967 ) ;
#2598 = ORIENTED_EDGE ( 'NONE', *, *, #414, .F. ) ;
#2599 = CARTESIAN_POINT ( 'NONE',  ( -12.97383161690811981, -41.79999999999999716, -14.45526076821776584 ) ) ;
#2600 = FACE_OUTER_BOUND ( 'NONE', #2812, .T. ) ;
#2601 = CARTESIAN_POINT ( 'NONE',  ( -22.37383161690812727, -22.49615242270662563, -10.79684584942134151 ) ) ;
#2602 = CARTESIAN_POINT ( 'NONE',  ( 7.626168383091866509, -21.29999999999998650, -7.831440883716745738 ) ) ;
#2603 = ADVANCED_FACE ( 'NONE', ( #1692 ), #2791, .T. ) ;
#2604 = CARTESIAN_POINT ( 'NONE',  ( -8.430289861711733224, 1.130854292772138909E-15, -7.031440883716747692 ) ) ;
#2605 = CARTESIAN_POINT ( 'NONE',  ( 8.196733509330487166, -47.79999999999999716, -14.02291524276094314 ) ) ;
#2606 = VERTEX_POINT ( 'NONE', #2761 ) ;
#2607 = CARTESIAN_POINT ( 'NONE',  ( 12.22616838309186882, -17.29999999999999716, -4.831440883716746626 ) ) ;
#2608 = CARTESIAN_POINT ( 'NONE',  ( 12.95571230455838574, -47.49646701688525496, 4.153550386990653820 ) ) ;
#2609 = CARTESIAN_POINT ( 'NONE',  ( -28.97819354544926185, -46.30189546379668997, 4.162981245215606307 ) ) ;
#2610 = CARTESIAN_POINT ( 'NONE',  ( 5.562186717587493945, -14.07138414358133716, -13.80370671859719778 ) ) ;
#2611 = CIRCLE ( 'NONE', #684, 2.499999999998218758 ) ;
#2612 = STYLED_ITEM ( 'NONE', ( #3044 ), #1109 ) ;
#2613 = DIRECTION ( 'NONE',  ( -0.000000000000000000, -0.000000000000000000, 1.000000000000000000 ) ) ;
#2614 = ORIENTED_EDGE ( 'NONE', *, *, #1241, .T. ) ;
#2615 = ORIENTED_EDGE ( 'NONE', *, *, #2315, .T. ) ;
#2616 = CARTESIAN_POINT ( 'NONE',  ( -13.87383161690812017, -41.79999999999999716, -14.45526076821776584 ) ) ;
#2617 = CARTESIAN_POINT ( 'NONE',  ( 1.076994098342210604, -4.200000000000000178, 3.185956594771593764 ) ) ;
#2618 = CARTESIAN_POINT ( 'NONE',  ( 0.2487340569559741421, -47.79999999999999716, -13.39145084565716282 ) ) ;
#2619 = ADVANCED_FACE ( 'NONE', ( #348 ), #159, .F. ) ;
#2620 = CARTESIAN_POINT ( 'NONE',  ( 2.777730924474994367, -4.200000000000000178, -12.83368181960926790 ) ) ;
#2621 = ORIENTED_EDGE ( 'NONE', *, *, #2586, .T. ) ;
#2622 = FACE_OUTER_BOUND ( 'NONE', #3001, .T. ) ;
#2623 = CARTESIAN_POINT ( 'NONE',  ( 14.62616838309187450, -44.79999999999999005, 4.182978693911428181 ) ) ;
#2624 = LINE ( 'NONE', #2385, #1810 ) ;
#2625 = CARTESIAN_POINT ( 'NONE',  ( -27.87911865500339559, -47.40249291948380517, 4.147924260901132421 ) ) ;
#2626 = B_SPLINE_CURVE_WITH_KNOTS ( 'NONE', 3,
 ( #2892, #7, #2107, #2639 ),
 .UNSPECIFIED., .F., .F.,
 ( 4, 4 ),
 ( 0.1265758827122240304, 0.1315591251372925929 ),
 .UNSPECIFIED. ) ;
#2627 = AXIS2_PLACEMENT_3D ( 'NONE', #1173, #2081, #883 ) ;
#2628 = EDGE_LOOP ( 'NONE', ( #1049, #380, #2513, #2516 ) ) ;
#2629 = EDGE_CURVE ( 'NONE', #885, #2435, #1149, .T. ) ;
#2630 = CARTESIAN_POINT ( 'NONE',  ( -25.37383161690812372, -17.29999999999999716, -8.031440883716745915 ) ) ;
#2631 = ORIENTED_EDGE ( 'NONE', *, *, #912, .T. ) ;
#2632 = CARTESIAN_POINT ( 'NONE',  ( -29.37383161690812372, -27.79999999999998650, -7.831440883716745738 ) ) ;
#2633 = AXIS2_PLACEMENT_3D ( 'NONE', #2093, #1635, #1151 ) ;
#2634 = B_SPLINE_SURFACE_WITH_KNOTS ( 'NONE', 3, 1, ( 
 ( #2539, #2720 ),
 ( #1814, #2311 ),
 ( #3041, #865 ),
 ( #439, #1393 ),
 ( #888, #646 ),
 ( #2814, #2581 ) ),
 .UNSPECIFIED., .F., .F., .F.,
 ( 4, 1, 1, 4 ),
 ( 2, 2 ),
 ( 0.7449621056509260209, 0.7527079682008201988, 0.7939233068340170174, 0.8119104485684092154 ),
 ( 0.000000000000000000, 1.000000000000000000 ),
 .UNSPECIFIED. ) ;
#2635 = EDGE_LOOP ( 'NONE', ( #1050, #746, #1262, #1158 ) ) ;
#2636 = VERTEX_POINT ( 'NONE', #1884 ) ;
#2637 = CARTESIAN_POINT ( 'NONE',  ( -29.37383161690812372, -4.200000000000000178, 3.368729310363125506 ) ) ;
#2638 = LINE ( 'NONE', #1197, #2394 ) ;
#2639 = CARTESIAN_POINT ( 'NONE',  ( -17.28991140000773541, -40.79999999999999716, -11.44790125164838912 ) ) ;
#2640 = ADVANCED_FACE ( 'NONE', ( #12 ), #733, .F. ) ;
#2641 = CARTESIAN_POINT ( 'NONE',  ( 5.441002352504248130, -20.39258035226887245, -9.031440883716744139 ) ) ;
#2642 = DIRECTION ( 'NONE',  ( 0.000000000000000000, 0.000000000000000000, 1.000000000000000000 ) ) ;
#2643 = ORIENTED_EDGE ( 'NONE', *, *, #900, .F. ) ;
#2644 = CARTESIAN_POINT ( 'NONE',  ( -8.373831616908127273, -38.79999999999999716, -7.831440883716745738 ) ) ;
#2645 = DIRECTION ( 'NONE',  ( 0.000000000000000000, 0.000000000000000000, -1.000000000000000000 ) ) ;
#2646 = LINE ( 'NONE', #721, #2490 ) ;
#2647 = CARTESIAN_POINT ( 'NONE',  ( -8.373831616908127273, -38.79999999999999716, -3.731440883716746537 ) ) ;
#2648 = ORIENTED_EDGE ( 'NONE', *, *, #1261, .F. ) ;
#2649 = LINE ( 'NONE', #1459, #695 ) ;
#2650 = CARTESIAN_POINT ( 'NONE',  ( -22.37383161690812727, -6.200000000000001066, -7.831440883716745738 ) ) ;
#2651 = CARTESIAN_POINT ( 'NONE',  ( -23.90767628551565593, 1.694065894508600678E-18, -9.808529459884308466 ) ) ;
#2652 = CYLINDRICAL_SURFACE ( 'NONE', #2354, 2.999999999999999112 ) ;
#2653 = VECTOR ( 'NONE', #1082, 1000.000000000000000 ) ;
#2654 = ORIENTED_EDGE ( 'NONE', *, *, #1152, .T. ) ;
#2655 = ORIENTED_EDGE ( 'NONE', *, *, #713, .T. ) ;
#2656 = LINE ( 'NONE', #677, #1096 ) ;
#2657 = CARTESIAN_POINT ( 'NONE',  ( 10.62616838309187273, -27.79999999999999361, -7.831440883716745738 ) ) ;
#2658 = CARTESIAN_POINT ( 'NONE',  ( -28.37383161690812372, -27.79999999999998650, -7.831440883716736856 ) ) ;
#2659 = VERTEX_POINT ( 'NONE', #1407 ) ;
#2660 = LINE ( 'NONE', #1457, #3083 ) ;
#2661 = ORIENTED_EDGE ( 'NONE', *, *, #1212, .T. ) ;
#2662 = CARTESIAN_POINT ( 'NONE',  ( 14.62616838309187273, 0.000000000000000000, -13.65325666234331337 ) ) ;
#2663 = DIRECTION ( 'NONE',  ( -0.000000000000000000, -0.000000000000000000, 1.000000000000000000 ) ) ;
#2664 = DIRECTION ( 'NONE',  ( 0.000000000000000000, -0.000000000000000000, -1.000000000000000000 ) ) ;
#2665 = DIRECTION ( 'NONE',  ( 1.000000000000000000, 0.000000000000000000, -7.228014483236698528E-16 ) ) ;
#2666 = CARTESIAN_POINT ( 'NONE',  ( -9.830289861711730026, 0.000000000000000000, 0.9685591162832546397 ) ) ;
#2667 = CARTESIAN_POINT ( 'NONE',  ( 10.62616838309186562, -17.29999999999999716, -4.831440883716746626 ) ) ;
#2668 =( NAMED_UNIT ( * ) SI_UNIT ( $, .STERADIAN. ) SOLID_ANGLE_UNIT ( ) );
#2669 = ORIENTED_EDGE ( 'NONE', *, *, #1222, .F. ) ;
#2670 = CARTESIAN_POINT ( 'NONE',  ( -28.37383161690812372, -27.79999999999999361, -7.831440883716745738 ) ) ;
#2671 = CARTESIAN_POINT ( 'NONE',  ( -28.37383161690812372, -13.29999999999998472, -3.731440883716746537 ) ) ;
#2672 = CARTESIAN_POINT ( 'NONE',  ( -22.37383161690812372, -40.79999999999999716, -14.50089642712106297 ) ) ;
#2673 = CARTESIAN_POINT ( 'NONE',  ( -23.12010075243546936, -19.28973794750471882, -10.69768879729864963 ) ) ;
#2674 = VECTOR ( 'NONE', #2298, 1000.000000000000000 ) ;
#2675 = ORIENTED_EDGE ( 'NONE', *, *, #2818, .F. ) ;
#2676 = CARTESIAN_POINT ( 'NONE',  ( -22.37383161690812727, -21.29999999999998650, -7.831440883716745738 ) ) ;
#2677 = DIRECTION ( 'NONE',  ( 1.000000000000000000, 0.000000000000000000, 0.000000000000000000 ) ) ;
#2678 = CARTESIAN_POINT ( 'NONE',  ( -24.41100039877391836, -14.45203269401182666, -10.52401132249626947 ) ) ;
#2679 = AXIS2_PLACEMENT_3D ( 'NONE', #2198, #998, #2902 ) ;
#2680 = EDGE_LOOP ( 'NONE', ( #3058, #3132, #2497, #394 ) ) ;
#2681 = LINE ( 'NONE', #1922, #2055 ) ;
#2682 = LINE ( 'NONE', #512, #278 ) ;
#2683 = CARTESIAN_POINT ( 'NONE',  ( 8.646667047886888113, -15.03708788398158802, -14.04450068520120531 ) ) ;
#2684 = ADVANCED_FACE ( 'NONE', ( #1439 ), #52, .F. ) ;
#2685 = AXIS2_PLACEMENT_3D ( 'NONE', #2455, #290, #51 ) ;
#2686 = ORIENTED_EDGE ( 'NONE', *, *, #737, .F. ) ;
#2687 = DIRECTION ( 'NONE',  ( 0.000000000000000000, 0.000000000000000000, 1.000000000000000000 ) ) ;
#2688 = ORIENTED_EDGE ( 'NONE', *, *, #2705, .F. ) ;
#2689 = CYLINDRICAL_SURFACE ( 'NONE', #639, 2.499999999999998668 ) ;
#2690 = CYLINDRICAL_SURFACE ( 'NONE', #2968, 2.499999999999998668 ) ;
#2691 = CARTESIAN_POINT ( 'NONE',  ( 14.62616838309187450, -4.200000000000000178, 3.382985835671271424 ) ) ;
#2692 = EDGE_CURVE ( 'NONE', #506, #1215, #958, .T. ) ;
#2693 = ORIENTED_EDGE ( 'NONE', *, *, #485, .T. ) ;
#2694 = CARTESIAN_POINT ( 'NONE',  ( -29.37383161690812372, -4.200000000000000178, 0.000000000000000000 ) ) ;
#2695 = CARTESIAN_POINT ( 'NONE',  ( 10.62616838331042501, -47.79999999999999716, 4.117063039008507452 ) ) ;
#2696 = CARTESIAN_POINT ( 'NONE',  ( 0.000000000000000000, -40.79999999999999716, -14.50089642712106297 ) ) ;
#2697 = CIRCLE ( 'NONE', #630, 2.500000000000003997 ) ;
#2698 = ORIENTED_EDGE ( 'NONE', *, *, #2885, .F. ) ;
#2699 = CARTESIAN_POINT ( 'NONE',  ( -28.04101816223091603, -27.79999999999998295, 4.149640876755032792 ) ) ;
#2700 = LINE ( 'NONE', #2657, #2335 ) ;
#2701 = CARTESIAN_POINT ( 'NONE',  ( -29.37383161697797718, 0.000000000000000000, 3.368729310501474838 ) ) ;
#2702 = AXIS2_PLACEMENT_3D ( 'NONE', #1873, #2663, #1188 ) ;
#2703 = VERTEX_POINT ( 'NONE', #203 ) ;
#2704 = CARTESIAN_POINT ( 'NONE',  ( -29.37383161690812372, -5.400000000000000355, 0.000000000000000000 ) ) ;
#2705 = EDGE_CURVE ( 'NONE', #1229, #2802, #305, .T. ) ;
#2706 = CARTESIAN_POINT ( 'NONE',  ( -9.773831616908122299, -41.79999999999999716, -3.731440883716746537 ) ) ;
#2707 = CYLINDRICAL_SURFACE ( 'NONE', #1114, 3.000000000000000888 ) ;
#2708 = ORIENTED_EDGE ( 'NONE', *, *, #2131, .T. ) ;
#2709 = LINE ( 'NONE', #275, #582 ) ;
#2710 = AXIS2_PLACEMENT_3D ( 'NONE', #2040, #3017, #1793 ) ;
#2711 = FACE_OUTER_BOUND ( 'NONE', #1731, .T. ) ;
#2712 = CARTESIAN_POINT ( 'NONE',  ( -9.830289861711730026, 1.199999999999999956, 2.131604324846017286E-15 ) ) ;
#2713 = PRODUCT_CONTEXT ( 'NONE', #300, 'mechanical' ) ;
#2714 = ORIENTED_EDGE ( 'NONE', *, *, #446, .F. ) ;
#2715 = DIRECTION ( 'NONE',  ( 0.000000000000000000, -1.000000000000000000, 0.000000000000000000 ) ) ;
#2716 = FACE_OUTER_BOUND ( 'NONE', #1657, .T. ) ;
#2717 = DIRECTION ( 'NONE',  ( 0.000000000000000000, -0.000000000000000000, 1.000000000000000000 ) ) ;
#2718 = DIRECTION ( 'NONE',  ( -1.000000000000000000, 0.000000000000000000, 7.228014483236698528E-16 ) ) ;
#2719 = CARTESIAN_POINT ( 'NONE',  ( 9.662208402398375640, -19.60668184967529015, -8.031440883716745915 ) ) ;
#2720 = CARTESIAN_POINT ( 'NONE',  ( 14.62616838309172707, -4.200000000000030376, 4.182978693911423740 ) ) ;
#2721 = ORIENTED_EDGE ( 'NONE', *, *, #2115, .T. ) ;
#2722 = CARTESIAN_POINT ( 'NONE',  ( -11.37383161690812017, -41.79999999999999716, -14.50089642712106297 ) ) ;
#2723 = VECTOR ( 'NONE', #2567, 1000.000000000000000 ) ;
#2724 = ADVANCED_FACE ( 'NONE', ( #1055 ), #1307, .F. ) ;
#2725 = VECTOR ( 'NONE', #762, 1000.000000000000000 ) ;
#2726 = ORIENTED_EDGE ( 'NONE', *, *, #1299, .T. ) ;
#2727 = CARTESIAN_POINT ( 'NONE',  ( -28.70719829996034278, -27.79999999999998650, 4.159183931938878587 ) ) ;
#2728 = CARTESIAN_POINT ( 'NONE',  ( 9.123191039084987963, -19.90374651052738031, -14.07996384945701784 ) ) ;
#2729 = CARTESIAN_POINT ( 'NONE',  ( -25.70719449209248708, -47.79999999999999716, 4.120063042214652249 ) ) ;
#2730 = DIRECTION ( 'NONE',  ( -2.168404344971008868E-16, 0.000000000000000000, -1.000000000000000000 ) ) ;
#2731 = AXIS2_PLACEMENT_3D ( 'NONE', #1442, #978, #254 ) ;
#2732 = CARTESIAN_POINT ( 'NONE',  ( -22.77514465521113607, -18.81185933481361872, -10.74363773603000460 ) ) ;
#2733 = ORIENTED_EDGE ( 'NONE', *, *, #1305, .T. ) ;
#2734 = DIRECTION ( 'NONE',  ( 2.168404344971008868E-16, 1.000000000000000000, -0.000000000000000000 ) ) ;
#2735 = CARTESIAN_POINT ( 'NONE',  ( -22.37383161690812727, -13.29999999999998472, -3.731440883716746537 ) ) ;
#2736 = LINE ( 'NONE', #323, #1164 ) ;
#2737 = AXIS2_PLACEMENT_3D ( 'NONE', #1713, #2299, #3030 ) ;
#2738 = ORIENTED_EDGE ( 'NONE', *, *, #282, .F. ) ;
#2739 = CARTESIAN_POINT ( 'NONE',  ( 7.626168383091866509, -12.10384757729335981, -14.50089642712106297 ) ) ;
#2740 = FILL_AREA_STYLE ('',( #789 ) ) ;
#2741 = EDGE_CURVE ( 'NONE', #36, #2289, #1468, .T. ) ;
#2742 = VECTOR ( 'NONE', #443, 1000.000000000000000 ) ;
#2743 = EDGE_LOOP ( 'NONE', ( #371, #1868, #224, #1848 ) ) ;
#2744 = CARTESIAN_POINT ( 'NONE',  ( -9.546482888247590282, -39.41259210971167448, -12.35415790428837823 ) ) ;
#2745 = CARTESIAN_POINT ( 'NONE',  ( -22.37383161690812727, -13.29999999999998472, -7.831440883716745738 ) ) ;
#2746 = DIRECTION ( 'NONE',  ( 1.000000000000000000, -0.000000000000000000, 1.084202172485503818E-16 ) ) ;
#2747 = FACE_OUTER_BOUND ( 'NONE', #2743, .T. ) ;
#2748 = DIRECTION ( 'NONE',  ( 1.000000000000000000, 0.000000000000000000, 0.000000000000000000 ) ) ;
#2749 = EDGE_CURVE ( 'NONE', #299, #2582, #340, .T. ) ;
#2750 = EDGE_LOOP ( 'NONE', ( #122, #1174, #2048, #211 ) ) ;
#2751 = EDGE_LOOP ( 'NONE', ( #805, #2935, #3073, #2998 ) ) ;
#2752 = CARTESIAN_POINT ( 'NONE',  ( 8.126168383093647307, -17.29999999999999716, -8.339822604851033105 ) ) ;
#2753 = CARTESIAN_POINT ( 'NONE',  ( 16.20349206313594692, -16.92123811171168413, -8.031440883716745915 ) ) ;
#2754 = ORIENTED_EDGE ( 'NONE', *, *, #2058, .T. ) ;
#2755 = LINE ( 'NONE', #1556, #1455 ) ;
#2756 = VECTOR ( 'NONE', #237, 1000.000000000000000 ) ;
#2757 = ORIENTED_EDGE ( 'NONE', *, *, #2979, .F. ) ;
#2758 = VERTEX_POINT ( 'NONE', #2923 ) ;
#2759 = CARTESIAN_POINT ( 'NONE',  ( -11.17853807928542231, -38.80001208058942552, -12.17200700404259450 ) ) ;
#2760 = CARTESIAN_POINT ( 'NONE',  ( -23.70291079284920244, -4.200000000000000178, -10.64495313085142136 ) ) ;
#2761 = CARTESIAN_POINT ( 'NONE',  ( -22.37383161690812727, -17.29999999999999716, -10.79684584942134151 ) ) ;
#2762 = CARTESIAN_POINT ( 'NONE',  ( 10.82616731788195530, -19.99258248268884230, -9.031440883716747692 ) ) ;
#2763 = EDGE_CURVE ( 'NONE', #2703, #210, #961, .T. ) ;
#2764 = VERTEX_POINT ( 'NONE', #2044 ) ;
#2765 = AXIS2_PLACEMENT_3D ( 'NONE', #2894, #246, #2169 ) ;
#2766 = CARTESIAN_POINT ( 'NONE',  ( 7.626168383094050540, -47.79999999999999716, -13.96697161389486297 ) ) ;
#2767 = ORIENTED_EDGE ( 'NONE', *, *, #1309, .T. ) ;
#2768 = DIRECTION ( 'NONE',  ( -0.000000000000000000, 1.000000000000000000, -0.000000000000000000 ) ) ;
#2769 = AXIS2_PLACEMENT_3D ( 'NONE', #226, #2376, #940 ) ;
#2770 = ORIENTED_EDGE ( 'NONE', *, *, #1638, .F. ) ;
#2771 = EDGE_CURVE ( 'NONE', #475, #1086, #386, .T. ) ;
#2772 = AXIS2_PLACEMENT_3D ( 'NONE', #1796, #2043, #1023 ) ;
#2773 = ORIENTED_EDGE ( 'NONE', *, *, #2785, .F. ) ;
#2774 = CARTESIAN_POINT ( 'NONE',  ( -12.87479504994233181, -39.19515688685875432, -11.97760798404562088 ) ) ;
#2775 = DIRECTION ( 'NONE',  ( 0.000000000000000000, 0.000000000000000000, -1.000000000000000000 ) ) ;
#2776 = CARTESIAN_POINT ( 'NONE',  ( -9.830289861711730026, 1.199999999999999956, 0.9685591162832546397 ) ) ;
#2777 = CARTESIAN_POINT ( 'NONE',  ( -7.000759320366355004E-16, 1.199999999999999956, 0.9685591162832598577 ) ) ;
#2778 = LINE ( 'NONE', #329, #724 ) ;
#2779 = CARTESIAN_POINT ( 'NONE',  ( -28.37383161690812372, -21.29999999999998650, -3.731440883716746537 ) ) ;
#2780 = CARTESIAN_POINT ( 'NONE',  ( -9.551014912187008932, -44.19073419480859855, -12.35365836152006835 ) ) ;
#2781 = DIRECTION ( 'NONE',  ( -1.000000000000000000, 0.000000000000000000, 0.000000000000000000 ) ) ;
#2782 = DIRECTION ( 'NONE',  ( -0.000000000000000000, -0.000000000000000000, 1.000000000000000000 ) ) ;
#2783 = DIRECTION ( 'NONE',  ( 1.000000000000000000, 0.000000000000000000, 0.000000000000000000 ) ) ;
#2784 = AXIS2_PLACEMENT_3D ( 'NONE', #2926, #2436, #1496 ) ;
#2785 = EDGE_CURVE ( 'NONE', #2338, #787, #3003, .T. ) ;
#2786 = VECTOR ( 'NONE', #1706, 1000.000000000000000 ) ;
#2787 = CARTESIAN_POINT ( 'NONE',  ( 11.59012836378535560, -14.99331815032470239, -8.031440883716745915 ) ) ;
#2788 = ORIENTED_EDGE ( 'NONE', *, *, #1499, .T. ) ;
#2789 = AXIS2_PLACEMENT_3D ( 'NONE', #2156, #2467, #1938 ) ;
#2790 = EDGE_LOOP ( 'NONE', ( #696, #2693, #2826, #2875 ) ) ;
#2791 = B_SPLINE_SURFACE_WITH_KNOTS ( 'NONE', 3, 1, ( 
 ( #897, #1280 ),
 ( #2244, #653 ),
 ( #1835, #637 ),
 ( #1616, #2508 ) ),
 .UNSPECIFIED., .F., .F., .F.,
 ( 4, 4 ),
 ( 2, 2 ),
 ( 0.000000000000000000, 1.000000000000000000 ),
 ( 0.000000000000000000, 1.000000000000000000 ),
 .UNSPECIFIED. ) ;
#2792 = CARTESIAN_POINT ( 'NONE',  ( -14.21993007412173071, -40.83116501160775158, -11.81981167935503940 ) ) ;
#2793 = LINE ( 'NONE', #2548, #301 ) ;
#2794 = DIRECTION ( 'NONE',  ( 1.861517035906275076E-16, 0.000000000000000000, 1.000000000000000000 ) ) ;
#2795 = CARTESIAN_POINT ( 'NONE',  ( -19.37383161690665645, -16.77317903474009952, -11.18626136410731853 ) ) ;
#2796 = CARTESIAN_POINT ( 'NONE',  ( -13.63171760308986435, -43.78499835666685414, -11.88921016587897661 ) ) ;
#2797 = EDGE_LOOP ( 'NONE', ( #1520, #1889, #1224, #212 ) ) ;
#2798 = EDGE_CURVE ( 'NONE', #2501, #670, #95, .T. ) ;
#2799 = ADVANCED_FACE ( 'NONE', ( #2803 ), #617, .T. ) ;
#2800 = LINE ( 'NONE', #1354, #1063 ) ;
#2801 = VECTOR ( 'NONE', #2555, 1000.000000000000000 ) ;
#2802 = VERTEX_POINT ( 'NONE', #1400 ) ;
#2803 = FACE_OUTER_BOUND ( 'NONE', #1830, .T. ) ;
#2804 = CARTESIAN_POINT ( 'NONE',  ( -28.37383161690813438, -17.29999999997959392, -9.974114255254885819 ) ) ;
#2805 = VECTOR ( 'NONE', #2310, 1000.000000000000000 ) ;
#2806 = CARTESIAN_POINT ( 'NONE',  ( 14.62616838309187450, 0.000000000000000000, -2.722686161515925971E-15 ) ) ;
#2807 = DIRECTION ( 'NONE',  ( -0.000000000000000000, -0.000000000000000000, 1.000000000000000000 ) ) ;
#2808 = ORIENTED_EDGE ( 'NONE', *, *, #17, .T. ) ;
#2809 = EDGE_CURVE ( 'NONE', #1472, #449, #2626, .T. ) ;
#2810 = CYLINDRICAL_SURFACE ( 'NONE', #2063, 2.999999999999999112 ) ;
#2811 = CARTESIAN_POINT ( 'NONE',  ( -9.876929419644174146, -44.40721202457024930, -12.31766313532818380 ) ) ;
#2812 = EDGE_LOOP ( 'NONE', ( #1141, #707, #974, #1928 ) ) ;
#2813 = CARTESIAN_POINT ( 'NONE',  ( -26.37383161674447507, -47.79999999999999716, -10.25474848215087853 ) ) ;
#2814 = CARTESIAN_POINT ( 'NONE',  ( -29.37383161690793898, -5.400000000000022560, 4.168559116283252486 ) ) ;
#2815 = EDGE_CURVE ( 'NONE', #419, #3046, #198, .T. ) ;
#2816 = ORIENTED_EDGE ( 'NONE', *, *, #1222, .T. ) ;
#2817 = CARTESIAN_POINT ( 'NONE',  ( -23.90767628551565593, -4.200000000000000178, -9.808529459884308466 ) ) ;
#2818 = EDGE_CURVE ( 'NONE', #2530, #615, #2893, .T. ) ;
#2819 = CARTESIAN_POINT ( 'NONE',  ( -28.06868394313388393, -18.63274111742773087, -10.01734359252547613 ) ) ;
#2820 = ORIENTED_EDGE ( 'NONE', *, *, #1460, .F. ) ;
#2821 = FACE_OUTER_BOUND ( 'NONE', #2031, .T. ) ;
#2822 = DIRECTION ( 'NONE',  ( -0.000000000000000000, -0.000000000000000000, -1.000000000000000000 ) ) ;
#2823 = DIRECTION ( 'NONE',  ( 1.000000000000000000, 0.000000000000000000, 0.000000000000000000 ) ) ;
#2824 = ORIENTED_EDGE ( 'NONE', *, *, #1218, .T. ) ;
#2825 = VECTOR ( 'NONE', #862, 1000.000000000000000 ) ;
#2826 = ORIENTED_EDGE ( 'NONE', *, *, #2815, .T. ) ;
#2827 = CARTESIAN_POINT ( 'NONE',  ( -19.05382356185970139, -6.200000000000010836, -11.23602115920461308 ) ) ;
#2828 = DIRECTION ( 'NONE',  ( -0.000000000000000000, -0.000000000000000000, 1.000000000000000000 ) ) ;
#2829 = DIRECTION ( 'NONE',  ( 1.000000000000000000, 0.000000000000000000, 0.000000000000000000 ) ) ;
#2830 = EDGE_LOOP ( 'NONE', ( #2884, #2123 ) ) ;
#2831 = CARTESIAN_POINT ( 'NONE',  ( -13.87383161690812550, -41.79999999999999716, -4.831440883716745738 ) ) ;
#2832 = VERTEX_POINT ( 'NONE', #2752 ) ;
#2833 = AXIS2_PLACEMENT_3D ( 'NONE', #1203, #504, #991 ) ;
#2834 = ORIENTED_EDGE ( 'NONE', *, *, #2359, .F. ) ;
#2835 = CARTESIAN_POINT ( 'NONE',  ( 4.626101402933504581, -17.82538926303988092, -13.72678829510809884 ) ) ;
#2836 = VECTOR ( 'NONE', #2142, 1000.000000000000000 ) ;
#2837 = FACE_OUTER_BOUND ( 'NONE', #3005, .T. ) ;
#2838 = FACE_OUTER_BOUND ( 'NONE', #2182, .T. ) ;
#2839 = ORIENTED_EDGE ( 'NONE', *, *, #2144, .F. ) ;
#2840 = ORIENTED_EDGE ( 'NONE', *, *, #860, .F. ) ;
#2841 = CARTESIAN_POINT ( 'NONE',  ( -22.37383161690810240, -47.79999999999999716, -10.79684584942134329 ) ) ;
#2842 = CARTESIAN_POINT ( 'NONE',  ( 14.62616838309187273, -4.200000000000000178, -13.65325666234331337 ) ) ;
#2843 = CARTESIAN_POINT ( 'NONE',  ( -25.76733443516366862, -20.28043966908927942, -10.33862717585387081 ) ) ;
#2844 = EDGE_LOOP ( 'NONE', ( #2980, #513, #2030, #764 ) ) ;
#2845 = CARTESIAN_POINT ( 'NONE',  ( 12.29664318221368013, -28.10352376581775147, 4.142693672031206198 ) ) ;
#2846 = EDGE_CURVE ( 'NONE', #210, #1053, #265, .T. ) ;
#2847 = CARTESIAN_POINT ( 'NONE',  ( -29.27828523683080419, -45.57608713810956402, 4.167204919776548167 ) ) ;
#2848 = DIRECTION ( 'NONE',  ( -0.000000000000000000, -0.000000000000000000, -1.000000000000000000 ) ) ;
#2849 = VERTEX_POINT ( 'NONE', #25 ) ;
#2850 = DIRECTION ( 'NONE',  ( -0.000000000000000000, -0.000000000000000000, 1.000000000000000000 ) ) ;
#2851 = AXIS2_PLACEMENT_3D ( 'NONE', #1444, #1890, #2126 ) ;
#2852 = VERTEX_POINT ( 'NONE', #38 ) ;
#2853 = LINE ( 'NONE', #674, #2292 ) ;
#2854 = CARTESIAN_POINT ( 'NONE',  ( -5.457751833808504927, -40.79999999999999716, -12.78917417119338573 ) ) ;
#2855 = CARTESIAN_POINT ( 'NONE',  ( 7.930410628974049025, -15.96895198803586702, -13.99030969108340194 ) ) ;
#2856 = VERTEX_POINT ( 'NONE', #2920 ) ;
#2857 = VERTEX_POINT ( 'NONE', #3039 ) ;
#2858 = CARTESIAN_POINT ( 'NONE',  ( -20.77591383454269902, -21.16365216524916448, -11.00614200151099809 ) ) ;
#2859 = CARTESIAN_POINT ( 'NONE',  ( 11.07348558586428311, 0.000000000000000000, 3.317625516195180424 ) ) ;
#2860 = CARTESIAN_POINT ( 'NONE',  ( -23.90767628551416024, 0.000000000000000000, -9.808529459884503865 ) ) ;
#2861 = EDGE_LOOP ( 'NONE', ( #2871, #64 ) ) ;
#2862 = ADVANCED_FACE ( 'NONE', ( #580 ), #1777, .T. ) ;
#2863 = ORIENTED_EDGE ( 'NONE', *, *, #1422, .F. ) ;
#2864 = PRODUCT_DEFINITION_CONTEXT ( 'detailed design', #1906, 'design' ) ;
#2865 = CARTESIAN_POINT ( 'NONE',  ( -27.58404601903976072, -27.87959713622051439, 4.143964599829382145 ) ) ;
#2866 = DIRECTION ( 'NONE',  ( 1.000000000000000000, 0.000000000000000000, -0.000000000000000000 ) ) ;
#2867 = VECTOR ( 'NONE', #2498, 1000.000000000000000 ) ;
#2868 = CARTESIAN_POINT ( 'NONE',  ( -25.37383161690812372, -17.29999999999999716, -4.831440883716745738 ) ) ;
#2869 = CARTESIAN_POINT ( 'NONE',  ( -29.06699133362063492, -46.13614528291834205, -9.875389257939122700 ) ) ;
#2870 = DIRECTION ( 'NONE',  ( -0.000000000000000000, 0.000000000000000000, 1.000000000000000000 ) ) ;
#2871 = ORIENTED_EDGE ( 'NONE', *, *, #770, .F. ) ;
#2872 = ORIENTED_EDGE ( 'NONE', *, *, #2157, .F. ) ;
#2873 = CARTESIAN_POINT ( 'NONE',  ( 14.62616838309187450, -27.79999999999999361, -2.722686161515925971E-15 ) ) ;
#2874 = DIRECTION ( 'NONE',  ( -7.228014483236698528E-16, 0.000000000000000000, -1.000000000000000000 ) ) ;
#2875 = ORIENTED_EDGE ( 'NONE', *, *, #1590, .F. ) ;
#2876 = FACE_OUTER_BOUND ( 'NONE', #2087, .T. ) ;
#2877 = DIRECTION ( 'NONE',  ( -0.000000000000000000, -0.000000000000000000, 1.000000000000000000 ) ) ;
#2878 = CARTESIAN_POINT ( 'NONE',  ( -27.70463504953213985, -47.49575420647867219, 4.145592098828309702 ) ) ;
#2879 = VERTEX_POINT ( 'NONE', #113 ) ;
#2880 = DIRECTION ( 'NONE',  ( -0.000000000000000000, -0.000000000000000000, 1.000000000000000000 ) ) ;
#2881 = CARTESIAN_POINT ( 'NONE',  ( -27.87383161690812727, -17.29999999999999716, -4.831440883716745738 ) ) ;
#2882 = CARTESIAN_POINT ( 'NONE',  ( -25.52699117546318064, -29.83349796917821450, 4.117898348730833824 ) ) ;
#2883 = CARTESIAN_POINT ( 'NONE',  ( 7.645192655069427801, -17.69079384389569043, -13.96843766989970703 ) ) ;
#2884 = ORIENTED_EDGE ( 'NONE', *, *, #2492, .F. ) ;
#2885 = EDGE_CURVE ( 'NONE', #1525, #2906, #18, .T. ) ;
#2886 = CARTESIAN_POINT ( 'NONE',  ( -29.37383161690812372, -44.79999999999999005, -9.831440883716746626 ) ) ;
#2887 = CARTESIAN_POINT ( 'NONE',  ( 7.626168383091866509, -40.79999999999999716, -13.96697161315169033 ) ) ;
#2888 = ORIENTED_EDGE ( 'NONE', *, *, #1576, .T. ) ;
#2889 = ORIENTED_EDGE ( 'NONE', *, *, #1860, .F. ) ;
#2890 = LINE ( 'NONE', #66, #447 ) ;
#2891 = DIRECTION ( 'NONE',  ( -0.000000000000000000, -1.000000000000000000, -0.000000000000000000 ) ) ;
#2892 = CARTESIAN_POINT ( 'NONE',  ( -22.37383161690812372, -40.79999999999999716, -10.79684584942134329 ) ) ;
#2893 = B_SPLINE_CURVE_WITH_KNOTS ( 'NONE', 3,
 ( #2601, #461, #2121, #921, #2858, #678, #1180, #2946, #1764, #2459, #1034, #541, #1505, #2482, #1269, #2008 ),
 .UNSPECIFIED., .F., .F.,
 ( 4, 2, 2, 2, 2, 2, 2, 4 ),
 ( 3.469446951953614189E-18, 0.001566966601391978466, 0.002350449902087966073, 0.003133933202783953462, 0.003917416503479940852, 0.004700899804175928676, 0.005484383104871915632, 0.006267866405567903455 ),
 .UNSPECIFIED. ) ;
#2894 = CARTESIAN_POINT ( 'NONE',  ( 0.000000000000000000, 1.199999999999999956, 0.000000000000000000 ) ) ;
#2895 = LINE ( 'NONE', #2658, #1181 ) ;
#2896 = ORIENTED_EDGE ( 'NONE', *, *, #1175, .F. ) ;
#2897 = DIRECTION ( 'NONE',  ( 0.000000000000000000, 0.000000000000000000, 1.000000000000000000 ) ) ;
#2898 = DIRECTION ( 'NONE',  ( 0.000000000000000000, 1.000000000000000000, 0.000000000000000000 ) ) ;
#2899 = ORIENTED_EDGE ( 'NONE', *, *, #2975, .T. ) ;
#2900 = EDGE_CURVE ( 'NONE', #1715, #1907, #1211, .T. ) ;
#2901 = EDGE_CURVE ( 'NONE', #2175, #1907, #1561, .T. ) ;
#2902 = DIRECTION ( 'NONE',  ( -1.000000000000000000, 0.000000000000000000, 0.000000000000000000 ) ) ;
#2903 = AXIS2_PLACEMENT_3D ( 'NONE', #2117, #1160, #2783 ) ;
#2904 = CARTESIAN_POINT ( 'NONE',  ( -26.97383161690812514, -17.29999999999999716, -4.831440883716746626 ) ) ;
#2905 = VECTOR ( 'NONE', #2215, 1000.000000000000000 ) ;
#2906 = VERTEX_POINT ( 'NONE', #2145 ) ;
#2907 = DIRECTION ( 'NONE',  ( 0.000000000000000000, 0.000000000000000000, 1.000000000000000000 ) ) ;
#2908 = PLANE ( 'NONE',  #140 ) ;
#2909 = CARTESIAN_POINT ( 'NONE',  ( -29.37383161690585709, 0.000000000000000000, -9.023325197227324068 ) ) ;
#2910 = ORIENTED_EDGE ( 'NONE', *, *, #1957, .F. ) ;
#2911 = CARTESIAN_POINT ( 'NONE',  ( -11.37383161690812017, -41.79999999999999716, -14.45526076821776584 ) ) ;
#2912 = ORIENTED_EDGE ( 'NONE', *, *, #1943, .F. ) ;
#2913 = PLANE ( 'NONE',  #1707 ) ;
#2914 = CARTESIAN_POINT ( 'NONE',  ( -25.37383161690812372, -30.79999999999998650, -7.831440883716745738 ) ) ;
#2915 = FACE_OUTER_BOUND ( 'NONE', #2192, .T. ) ;
#2916 = LINE ( 'NONE', #313, #347 ) ;
#2917 = ADVANCED_FACE ( 'NONE', ( #914 ), #3088, .F. ) ;
#2918 = CARTESIAN_POINT ( 'NONE',  ( 7.779516035403938545, -16.33285518641578449, -13.97876142152129475 ) ) ;
#2919 = EDGE_LOOP ( 'NONE', ( #1779, #1066, #2816, #1765 ) ) ;
#2920 = CARTESIAN_POINT ( 'NONE',  ( 13.62616838309189937, -27.79999999999999361, 4.165043435333927846 ) ) ;
#2921 = EDGE_CURVE ( 'NONE', #2026, #69, #2495, .T. ) ;
#2922 = VERTEX_POINT ( 'NONE', #781 ) ;
#2923 = CARTESIAN_POINT ( 'NONE',  ( 7.626168383091866509, -22.49615242270663273, -13.96697161389486297 ) ) ;
#2924 = VERTEX_POINT ( 'NONE', #2666 ) ;
#2925 = ADVANCED_FACE ( 'NONE', ( #2211 ), #1972, .T. ) ;
#2926 = CARTESIAN_POINT ( 'NONE',  ( 7.626168383091866509, 0.000000000000000000, -14.50089642712106297 ) ) ;
#2927 = CARTESIAN_POINT ( 'NONE',  ( 7.626168383091866509, -12.10384757729335981, -13.96697161389486297 ) ) ;
#2928 = ADVANCED_FACE ( 'NONE', ( #1228 ), #983, .T. ) ;
#2929 = VERTEX_POINT ( 'NONE', #1331 ) ;
#2930 = CARTESIAN_POINT ( 'NONE',  ( 11.29287700222722179, -47.79999999999999716, 4.126925684669780381 ) ) ;
#2931 = CARTESIAN_POINT ( 'NONE',  ( 10.22046270377769694, -47.79999999999999716, -14.18060235617062759 ) ) ;
#2932 = FACE_BOUND ( 'NONE', #248, .T. ) ;
#2933 = AXIS2_PLACEMENT_3D ( 'NONE', #511, #999, #260 ) ;
#2934 = EDGE_CURVE ( 'NONE', #1404, #441, #814, .T. ) ;
#2935 = ORIENTED_EDGE ( 'NONE', *, *, #1031, .T. ) ;
#2936 =( GEOMETRIC_REPRESENTATION_CONTEXT ( 3 ) GLOBAL_UNCERTAINTY_ASSIGNED_CONTEXT ( ( #2096 ) ) GLOBAL_UNIT_ASSIGNED_CONTEXT ( ( #436, #2162, #2668 ) ) REPRESENTATION_CONTEXT ( 'NONE', 'WORKASPACE' ) );
#2937 = CARTESIAN_POINT ( 'NONE',  ( -11.37383161690812017, -41.79999999999999716, -8.031440883716745915 ) ) ;
#2938 = ORIENTED_EDGE ( 'NONE', *, *, #675, .T. ) ;
#2939 = PLANE ( 'NONE',  #1402 ) ;
#2940 = ORIENTED_EDGE ( 'NONE', *, *, #2577, .T. ) ;
#2941 = B_SPLINE_CURVE_WITH_KNOTS ( 'NONE', 3,
 ( #567, #3002, #1036, #821, #2042, #2987 ),
 .UNSPECIFIED., .F., .F.,
 ( 4, 1, 1, 4 ),
 ( 0.7449844288021595373, 0.7612274788411783621, 0.7906192346124354398, 0.8118966012798026766 ),
 .UNSPECIFIED. ) ;
#2942 = CARTESIAN_POINT ( 'NONE',  ( 9.026168383091862424, -17.29999999999999716, -3.731440883716746537 ) ) ;
#2943 = ADVANCED_FACE ( 'NONE', ( #2521, #1588 ), #1094, .F. ) ;
#2944 = EDGE_LOOP ( 'NONE', ( #23, #2250, #2820, #2770 ) ) ;
#2945 = LINE ( 'NONE', #529, #1528 ) ;
#2946 = CARTESIAN_POINT ( 'NONE',  ( -20.05049474967880130, -20.08028843338778202, -11.09974677521667452 ) ) ;
#2947 = PLANE ( 'NONE',  #1148 ) ;
#2948 = CARTESIAN_POINT ( 'NONE',  ( 5.048844703047788762, -17.67876188828830664, -8.031440883716745915 ) ) ;
#2949 = ORIENTED_EDGE ( 'NONE', *, *, #485, .F. ) ;
#2950 = PLANE ( 'NONE',  #2105 ) ;
#2951 = EDGE_CURVE ( 'NONE', #1621, #1715, #1008, .T. ) ;
#2952 = LINE ( 'NONE', #2691, #1311 ) ;
#2953 = ORIENTED_EDGE ( 'NONE', *, *, #770, .T. ) ;
#2954 = CARTESIAN_POINT ( 'NONE',  ( -10.98450001675443843, -38.81887527782573954, -12.19391495719865404 ) ) ;
#2955 = CARTESIAN_POINT ( 'NONE',  ( -29.04053205280863281, -27.79999999999998650, 4.163828190911697646 ) ) ;
#2956 = ADVANCED_FACE ( 'NONE', ( #1573 ), #1412, .F. ) ;
#2957 = VECTOR ( 'NONE', #81, 1000.000000000000000 ) ;
#2958 = EDGE_LOOP ( 'NONE', ( #93, #925, #2164, #2360 ) ) ;
#2959 = CARTESIAN_POINT ( 'NONE',  ( -29.37383161690812372, -47.79999999999999716, -9.831440883716743073 ) ) ;
#2960 = EDGE_CURVE ( 'NONE', #2906, #845, #691, .T. ) ;
#2961 = ORIENTED_EDGE ( 'NONE', *, *, #2461, .F. ) ;
#2962 = B_SPLINE_CURVE_WITH_KNOTS ( 'NONE', 1,
 ( #1529, #1297 ),
 .UNSPECIFIED., .F., .F.,
 ( 2, 2 ),
 ( 0.3083817211343095055, 1.000000000000000000 ),
 .UNSPECIFIED. ) ;
#2963 = LINE ( 'NONE', #1734, #1601 ) ;
#2964 = ADVANCED_FACE ( 'NONE', ( #2838 ), #3086, .F. ) ;
#2965 = EDGE_LOOP ( 'NONE', ( #2757, #2888, #170, #2714 ) ) ;
#2966 = CARTESIAN_POINT ( 'NONE',  ( -11.37383161690812017, -41.79999999999999716, -9.031440883716747692 ) ) ;
#2967 = FACE_OUTER_BOUND ( 'NONE', #1091, .T. ) ;
#2968 = AXIS2_PLACEMENT_3D ( 'NONE', #533, #520, #1481 ) ;
#2969 = DIRECTION ( 'NONE',  ( 1.000000000000000000, 0.000000000000000000, 0.000000000000000000 ) ) ;
#2970 = CARTESIAN_POINT ( 'NONE',  ( 14.60670066107109299, -45.19327435175134866, -14.45355049709476702 ) ) ;
#2971 = DIRECTION ( 'NONE',  ( 1.000000000000000000, 0.000000000000000000, 0.000000000000000000 ) ) ;
#2972 = AXIS2_PLACEMENT_3D ( 'NONE', #732, #1670, #27 ) ;
#2973 = ORIENTED_EDGE ( 'NONE', *, *, #1671, .T. ) ;
#2974 = VERTEX_POINT ( 'NONE', #673 ) ;
#2975 = EDGE_CURVE ( 'NONE', #743, #1321, #1423, .T. ) ;
#2976 = EDGE_CURVE ( 'NONE', #1585, #2401, #1498, .T. ) ;
#2977 = DIRECTION ( 'NONE',  ( 1.000000000000000000, 0.000000000000000000, 0.000000000000000000 ) ) ;
#2978 = DIRECTION ( 'NONE',  ( -1.000000000000000000, 0.000000000000000000, 2.903912764265057128E-15 ) ) ;
#2979 = EDGE_CURVE ( 'NONE', #1608, #1768, #2471, .T. ) ;
#2980 = ORIENTED_EDGE ( 'NONE', *, *, #2921, .T. ) ;
#2981 = LINE ( 'NONE', #1004, #3111 ) ;
#2982 = DIRECTION ( 'NONE',  ( 0.000000000000000000, 0.000000000000000000, -1.000000000000000000 ) ) ;
#2983 = CARTESIAN_POINT ( 'NONE',  ( 14.62616838309187450, 0.000000000000000000, 3.382985835671271424 ) ) ;
#2984 = LINE ( 'NONE', #1302, #2166 ) ;
#2985 = VECTOR ( 'NONE', #603, 1000.000000000000000 ) ;
#2986 = VERTEX_POINT ( 'NONE', #2914 ) ;
#2987 = CARTESIAN_POINT ( 'NONE',  ( -29.37383161690812372, -4.200000000000000178, 3.368729310363125506 ) ) ;
#2988 = FACE_OUTER_BOUND ( 'NONE', #951, .T. ) ;
#2989 = CARTESIAN_POINT ( 'NONE',  ( -25.37383161690812372, -17.29999999999999716, -9.031440883716747692 ) ) ;
#2990 = CARTESIAN_POINT ( 'NONE',  ( -26.87323894644689304, -14.69427061283282043, -10.18528604319936193 ) ) ;
#2991 = AXIS2_PLACEMENT_3D ( 'NONE', #2585, #661, #1374 ) ;
#2992 = EDGE_CURVE ( 'NONE', #836, #2213, #496, .T. ) ;
#2993 = ORIENTED_EDGE ( 'NONE', *, *, #1352, .T. ) ;
#2994 = DIRECTION ( 'NONE',  ( -1.000000000000000000, 0.000000000000000000, 0.000000000000000000 ) ) ;
#2995 = CARTESIAN_POINT ( 'NONE',  ( -8.988881603649677032, -36.28317949104884832, -12.41536458680530686 ) ) ;
#2996 = CARTESIAN_POINT ( 'NONE',  ( -23.70291079284920244, -47.79999999999999716, -10.64495313085142136 ) ) ;
#2997 = ADVANCED_FACE ( 'NONE', ( #31 ), #2419, .F. ) ;
#2998 = ORIENTED_EDGE ( 'NONE', *, *, #3008, .T. ) ;
#2999 = CARTESIAN_POINT ( 'NONE',  ( 7.626168383091866509, -21.29999999999998650, -3.731440883716746537 ) ) ;
#3000 = EDGE_CURVE ( 'NONE', #3062, #2849, #2278, .T. ) ;
#3001 = EDGE_LOOP ( 'NONE', ( #1120, #2374 ) ) ;
#3002 = CARTESIAN_POINT ( 'NONE',  ( 11.07348558586413745, -4.200000000000000178, 3.317625516195179092 ) ) ;
#3003 = LINE ( 'NONE', #1797, #2985 ) ;
#3004 = AXIS2_PLACEMENT_3D ( 'NONE', #2868, #1227, #692 ) ;
#3005 = EDGE_LOOP ( 'NONE', ( #1025, #2621, #2456, #840 ) ) ;
#3006 =( GEOMETRIC_REPRESENTATION_CONTEXT ( 3 ) GLOBAL_UNCERTAINTY_ASSIGNED_CONTEXT ( ( #3053 ) ) GLOBAL_UNIT_ASSIGNED_CONTEXT ( ( #3076, #403, #2327 ) ) REPRESENTATION_CONTEXT ( 'NONE', 'WORKASPACE' ) );
#3007 = CARTESIAN_POINT ( 'NONE',  ( -12.69939360469090239, -39.10160505947072807, -11.99795206203543785 ) ) ;
#3008 = EDGE_CURVE ( 'NONE', #2297, #2401, #1805, .T. ) ;
#3009 = CARTESIAN_POINT ( 'NONE',  ( 14.27557210174896518, -21.53460181106227722, -8.031440883716745915 ) ) ;
#3010 = CARTESIAN_POINT ( 'NONE',  ( -20.94832426499078792, -13.24013446880417888, -10.98377157147745287 ) ) ;
#3011 = B_SPLINE_CURVE_WITH_KNOTS ( 'NONE', 3,
 ( #1001, #2454, #289, #1255, #2578, #3035, #1808, #1637, #2796, #432, #1382, #1822, #1350, #1620, #1604, #2564, #108, #2037, #2097, #830, #133, #2294, #2811, #2780, #1124, #1572, #882, #2535, #1842, #2333, #165, #1093 ),
 .UNSPECIFIED., .F., .F.,
 ( 4, 2, 2, 2, 2, 2, 2, 2, 2, 2, 2, 2, 2, 2, 2, 4 ),
 ( 0.009410026095739385324, 0.009998014594927094947, 0.01058600309411480457, 0.01117399159330251419, 0.01176198009249022382, 0.01234996859167793344, 0.01293795709086564133, 0.01352594559005335095, 0.01411393408924106058, 0.01470192258842877020, 0.01528991108761647982, 0.01587789958680418945, 0.01646588808599189907, 0.01705387658517960869, 0.01764186508436731832, 0.01881784208274273756 ),
 .UNSPECIFIED. ) ;
#3012 = EDGE_CURVE ( 'NONE', #615, #243, #2793, .T. ) ;
#3013 = CARTESIAN_POINT ( 'NONE',  ( -29.37383161690812372, -27.79999999999999361, 4.168559116283254262 ) ) ;
#3014 = FACE_BOUND ( 'NONE', #768, .T. ) ;
#3015 = CIRCLE ( 'NONE', #1603, 6.000000000000001776 ) ;
#3016 = CARTESIAN_POINT ( 'NONE',  ( -27.14647263986955039, -47.70531371458056924, -10.14711126388878171 ) ) ;
#3017 = DIRECTION ( 'NONE',  ( -1.000000000000000000, -1.002730332934570767E-16, 0.000000000000000000 ) ) ;
#3018 = VERTEX_POINT ( 'NONE', #377 ) ;
#3019 = ORIENTED_EDGE ( 'NONE', *, *, #2315, .F. ) ;
#3020 = AXIS2_PLACEMENT_3D ( 'NONE', #2911, #28, #1492 ) ;
#3021 = ORIENTED_EDGE ( 'NONE', *, *, #2226, .T. ) ;
#3022 = CARTESIAN_POINT ( 'NONE',  ( 10.42616944830187897, -14.60741751731109872, -9.031440883716747692 ) ) ;
#3023 = DIRECTION ( 'NONE',  ( 2.168404344971008868E-16, 0.000000000000000000, 1.000000000000000000 ) ) ;
#3024 = VERTEX_POINT ( 'NONE', #3033 ) ;
#3025 = DIRECTION ( 'NONE',  ( 0.000000000000000000, 0.000000000000000000, 1.000000000000000000 ) ) ;
#3026 = CARTESIAN_POINT ( 'NONE',  ( -22.37383161690812727, -13.29999999999998472, -3.731440883716746537 ) ) ;
#3027 = VECTOR ( 'NONE', #474, 1000.000000000000000 ) ;
#3028 = EDGE_LOOP ( 'NONE', ( #1247, #2150, #458, #362 ) ) ;
#3029 = DIRECTION ( 'NONE',  ( 0.000000000000000000, 0.000000000000000000, 1.000000000000000000 ) ) ;
#3030 = DIRECTION ( 'NONE',  ( 1.000000000000000000, 0.000000000000000000, 0.000000000000000000 ) ) ;
#3031 = CARTESIAN_POINT ( 'NONE',  ( -17.23069091484242676, -40.44964688496813210, -11.45523181353963871 ) ) ;
#3032 = AXIS2_PLACEMENT_3D ( 'NONE', #699, #175, #905 ) ;
#3033 = CARTESIAN_POINT ( 'NONE',  ( 14.62616838309187450, -5.400000000000000355, 4.182978693911425516 ) ) ;
#3034 = CARTESIAN_POINT ( 'NONE',  ( -8.373831616908127273, -38.79999999999999716, -3.731440883716746537 ) ) ;
#3035 = CARTESIAN_POINT ( 'NONE',  ( -14.06946830825287087, -43.13112268577411612, -11.83761814684633507 ) ) ;
#3036 = ORIENTED_EDGE ( 'NONE', *, *, #127, .T. ) ;
#3037 = DIRECTION ( 'NONE',  ( 0.000000000000000000, 0.000000000000000000, 1.000000000000000000 ) ) ;
#3038 = ADVANCED_FACE ( 'NONE', ( #797 ), #71, .F. ) ;
#3039 = CARTESIAN_POINT ( 'NONE',  ( 7.626168383091866509, -6.200000000000001066, -7.831440883716745738 ) ) ;
#3040 = CARTESIAN_POINT ( 'NONE',  ( -13.61308177973764977, 0.000000000000000000, 3.184990813569349211 ) ) ;
#3041 = CARTESIAN_POINT ( 'NONE',  ( 2.223142230945321707, -5.400000000000022560, 3.981238854005618499 ) ) ;
#3042 = VERTEX_POINT ( 'NONE', #1886 ) ;
#3043 = EDGE_CURVE ( 'NONE', #1220, #2764, #667, .T. ) ;
#3044 = PRESENTATION_STYLE_ASSIGNMENT (( #1831 ) ) ;
#3045 = CARTESIAN_POINT ( 'NONE',  ( -28.37383161690813438, -17.29999999997959392, -9.974114255254885819 ) ) ;
#3046 = VERTEX_POINT ( 'NONE', #655 ) ;
#3047 = CARTESIAN_POINT ( 'NONE',  ( 7.626168383091866509, -40.79999999999999716, -14.50089642712106297 ) ) ;
#3048 = CARTESIAN_POINT ( 'NONE',  ( 13.60829595138080883, -47.06040500466982479, 4.164722444239099097 ) ) ;
#3049 = EDGE_CURVE ( 'NONE', #1019, #2405, #2624, .T. ) ;
#3050 = DIRECTION ( 'NONE',  ( -0.000000000000000000, 1.000000000000000000, -0.000000000000000000 ) ) ;
#3051 = CARTESIAN_POINT ( 'NONE',  ( -22.14599412352507457, -12.23538961542956294, -10.82698451176114673 ) ) ;
#3052 = ORIENTED_EDGE ( 'NONE', *, *, #549, .F. ) ;
#3053 = UNCERTAINTY_MEASURE_WITH_UNIT (LENGTH_MEASURE( 1.000000000000000082E-05 ), #3076, 'distance_accuracy_value', 'NONE');
#3054 = ORIENTED_EDGE ( 'NONE', *, *, #126, .T. ) ;
#3055 = CARTESIAN_POINT ( 'NONE',  ( -29.37383161690808464, -27.79999999999998295, 4.168559116283254262 ) ) ;
#3056 = FACE_OUTER_BOUND ( 'NONE', #2844, .T. ) ;
#3057 = EDGE_CURVE ( 'NONE', #2289, #2582, #1617, .T. ) ;
#3058 = ORIENTED_EDGE ( 'NONE', *, *, #1645, .T. ) ;
#3059 = LINE ( 'NONE', #2602, #2742 ) ;
#3060 = ADVANCED_FACE ( 'NONE', ( #1379 ), #161, .F. ) ;
#3061 = CARTESIAN_POINT ( 'NONE',  ( -27.75483198420488407, -19.13573427768975677, -10.06165401000997939 ) ) ;
#3062 = VERTEX_POINT ( 'NONE', #2404 ) ;
#3063 = CARTESIAN_POINT ( 'NONE',  ( 10.70578567735685915, -30.01012443970817856, 4.118214261666425458 ) ) ;
#3064 = CARTESIAN_POINT ( 'NONE',  ( 11.82423979730340946, -47.79999999999997584, 4.135166902606625783 ) ) ;
#3065 = CARTESIAN_POINT ( 'NONE',  ( -25.37383161690812372, -17.29999999999999716, -14.45526076821776584 ) ) ;
#3066 = EDGE_CURVE ( 'NONE', #1019, #849, #322, .T. ) ;
#3067 = VECTOR ( 'NONE', #1248, 1000.000000000000000 ) ;
#3068 = EDGE_CURVE ( 'NONE', #2418, #2587, #785, .T. ) ;
#3069 = CARTESIAN_POINT ( 'NONE',  ( 4.898641204378259673, -15.49345547552177038, -13.74936472450021085 ) ) ;
#3070 = FACE_OUTER_BOUND ( 'NONE', #1627, .T. ) ;
#3071 = ADVANCED_FACE ( 'NONE', ( #80 ), #959, .F. ) ;
#3072 = ORIENTED_EDGE ( 'NONE', *, *, #3113, .F. ) ;
#3073 = ORIENTED_EDGE ( 'NONE', *, *, #44, .T. ) ;
#3074 = VECTOR ( 'NONE', #1586, 1000.000000000000114 ) ;
#3075 = EDGE_LOOP ( 'NONE', ( #1146, #917 ) ) ;
#3076 =( LENGTH_UNIT ( ) NAMED_UNIT ( * ) SI_UNIT ( .MILLI., .METRE. ) );
#3077 = CARTESIAN_POINT ( 'NONE',  ( 11.86632743472976337, -4.200000000000000178, -13.48122230506161223 ) ) ;
#3078 = ORIENTED_EDGE ( 'NONE', *, *, #2109, .T. ) ;
#3079 = CARTESIAN_POINT ( 'NONE',  ( 7.626168383091866509, -17.29999999999999716, -9.031440883716747692 ) ) ;
#3080 = CARTESIAN_POINT ( 'NONE',  ( -16.40745819150562568, -38.51585547066918025, -11.55649512319802419 ) ) ;
#3081 = CARTESIAN_POINT ( 'NONE',  ( -29.35440438312912192, -45.19287155850590665, 4.168283081620051789 ) ) ;
#3082 = FACE_OUTER_BOUND ( 'NONE', #631, .T. ) ;
#3083 = VECTOR ( 'NONE', #2191, 1000.000000000000000 ) ;
#3084 = EDGE_LOOP ( 'NONE', ( #3052, #1112, #1582, #2290, #1800 ) ) ;
#3085 = AXIS2_PLACEMENT_3D ( 'NONE', #2525, #2537, #1317 ) ;
#3086 = CYLINDRICAL_SURFACE ( 'NONE', #2065, 1.599999999999998979 ) ;
#3087 = CARTESIAN_POINT ( 'NONE',  ( 14.62616838309187450, -44.79999999999999005, 4.182978693911428181 ) ) ;
#3088 = PLANE ( 'NONE',  #307 ) ;
#3089 = EDGE_CURVE ( 'NONE', #3024, #1386, #542, .T. ) ;
#3090 = ORIENTED_EDGE ( 'NONE', *, *, #177, .T. ) ;
#3091 = EDGE_CURVE ( 'NONE', #2590, #1086, #2005, .T. ) ;
#3092 = LINE ( 'NONE', #2672, #410 ) ;
#3093 = ADVANCED_FACE ( 'NONE', ( #1607 ), #2526, .F. ) ;
#3094 = CARTESIAN_POINT ( 'NONE',  ( -22.68079583144241695, -18.63640701526761845, -10.75616774438807788 ) ) ;
#3095 = VERTEX_POINT ( 'NONE', #356 ) ;
#3096 = CARTESIAN_POINT ( 'NONE',  ( -28.20671754920266849, -47.18314658009484930, 4.152343974977263485 ) ) ;
#3097 = CARTESIAN_POINT ( 'NONE',  ( 6.566630680747088000, -21.72582776739839971, -13.88426994293148908 ) ) ;
#3098 = CIRCLE ( 'NONE', #1729, 2.999999999999995559 ) ;
#3099 = CARTESIAN_POINT ( 'NONE',  ( 10.62616838309186562, -17.29999999999999716, -14.45526076821776584 ) ) ;
#3100 = ORIENTED_EDGE ( 'NONE', *, *, #919, .T. ) ;
#3101 = ORIENTED_EDGE ( 'NONE', *, *, #177, .F. ) ;
#3102 = DIRECTION ( 'NONE',  ( -0.000000000000000000, -0.000000000000000000, -1.000000000000000000 ) ) ;
#3103 = ORIENTED_EDGE ( 'NONE', *, *, #2960, .F. ) ;
#3104 = CARTESIAN_POINT ( 'NONE',  ( -11.37383161690812017, -41.79999999999999716, -14.45526076821776584 ) ) ;
#3105 = DIRECTION ( 'NONE',  ( 0.000000000000000000, -1.000000000000000000, 0.000000000000000000 ) ) ;
#3106 = CARTESIAN_POINT ( 'NONE',  ( -21.92637103217413141, -12.38234204290315255, -10.85590776063738438 ) ) ;
#3107 = EDGE_LOOP ( 'NONE', ( #910, #1495, #1562, #2056 ) ) ;
#3108 = EDGE_CURVE ( 'NONE', #392, #1858, #2538, .T. ) ;
#3109 = EDGE_CURVE ( 'NONE', #1503, #2924, #2800, .T. ) ;
#3110 = ORIENTED_EDGE ( 'NONE', *, *, #469, .T. ) ;
#3111 = VECTOR ( 'NONE', #1285, 1000.000000000000000 ) ;
#3112 = CYLINDRICAL_SURFACE ( 'NONE', #2851, 6.000000000000000000 ) ;
#3113 = EDGE_CURVE ( 'NONE', #1696, #2395, #728, .T. ) ;
#3114 = DIRECTION ( 'NONE',  ( 1.000000000000000000, 0.000000000000000000, 0.000000000000000000 ) ) ;
#3115 = EDGE_LOOP ( 'NONE', ( #2313, #1194, #320, #1595 ) ) ;
#3116 = ORIENTED_EDGE ( 'NONE', *, *, #1838, .F. ) ;
#3117 = CARTESIAN_POINT ( 'NONE',  ( -11.37383161690812194, -38.79999999999999716, -7.831440883716745738 ) ) ;
#3118 = DIRECTION ( 'NONE',  ( 2.168404344971008868E-16, -1.000000000000000000, 0.000000000000000000 ) ) ;
#3119 = CARTESIAN_POINT ( 'NONE',  ( 14.62616838309182477, -4.200000000000000178, 3.382985835671268315 ) ) ;
#3120 = CARTESIAN_POINT ( 'NONE',  ( -29.37383161690812372, -47.79999999999999716, 4.168559116283254262 ) ) ;
#3121 = CARTESIAN_POINT ( 'NONE',  ( 9.662208402398375640, -19.60668184967529015, -8.031440883716745915 ) ) ;
#3122 = CARTESIAN_POINT ( 'NONE',  ( 11.86632743480483576, 0.000000000000000000, -13.48122230506696084 ) ) ;
#3123 = ORIENTED_EDGE ( 'NONE', *, *, #374, .F. ) ;
#3124 = DIRECTION ( 'NONE',  ( 1.000000000000000000, -0.000000000000000000, 0.000000000000000000 ) ) ;
#3125 = AXIS2_PLACEMENT_3D ( 'NONE', #1330, #2243, #1512 ) ;
#3126 = PLANE ( 'NONE',  #1265 ) ;
#3127 = EDGE_LOOP ( 'NONE', ( #2110, #110, #2544, #554 ) ) ;
#3128 = CARTESIAN_POINT ( 'NONE',  ( -29.37383161690812372, 0.000000000000000000, -9.023325197227068273 ) ) ;
#3129 = EDGE_CURVE ( 'NONE', #716, #1053, #470, .T. ) ;
#3130 = CARTESIAN_POINT ( 'NONE',  ( 7.779799175897065489, -18.26768667209633534, -13.97878304200588317 ) ) ;
#3131 = AXIS2_PLACEMENT_3D ( 'NONE', #2340, #214, #389 ) ;
#3132 = ORIENTED_EDGE ( 'NONE', *, *, #2532, .T. ) ;
#3133 = CYLINDRICAL_SURFACE ( 'NONE', #2933, 1.600000000000002531 ) ;
ENDSEC;
END-ISO-10303-21;
