ISO-10303-21;
HEADER;
FILE_DESCRIPTION (( 'STEP AP214' ),
    '1' );
FILE_NAME ('aileron rib7 end.STEP',
    '2026-03-22T20:01:31',
    ( '' ),
    ( '' ),
    'SwSTEP 2.0',
    'SolidWorks 2024',
    '' );
FILE_SCHEMA (( 'AUTOMOTIVE_DESIGN' ));
ENDSEC;

DATA;
#1 = CARTESIAN_POINT ( 'NONE',  ( -248.7225026532514391, 1075.559999999999945, 9.434087006954687382 ) ) ;
#2 = B_SPLINE_CURVE_WITH_KNOTS ( 'NONE', 3,
 ( #3775, #1085, #1035, #2953, #2602 ),
 .UNSPECIFIED., .F., .F.,
 ( 4, 1, 4 ),
 ( 0.04838107786650253095, 0.04858316171247652193, 0.05071265955651512586 ),
 .UNSPECIFIED. ) ;
#3 = CARTESIAN_POINT ( 'NONE',  ( -248.4092376083374916, 1076.559999999999945, -62.58141432605718535 ) ) ;
#4 = CARTESIAN_POINT ( 'NONE',  ( -199.9545621159454640, 1076.559999999999945, 22.61840892145389859 ) ) ;
#5 = CARTESIAN_POINT ( 'NONE',  ( -100.5531540498221830, 1071.559999999999945, 11.16271731101021381 ) ) ;
#6 = ORIENTED_EDGE ( 'NONE', *, *, #525, .F. ) ;
#7 = PLANE ( 'NONE',  #4036 ) ;
#8 = DIRECTION ( 'NONE',  ( 0.000000000000000000, 0.000000000000000000, 1.000000000000000000 ) ) ;
#9 = VERTEX_POINT ( 'NONE', #352 ) ;
#10 = ORIENTED_EDGE ( 'NONE', *, *, #4377, .F. ) ;
#11 = DIRECTION ( 'NONE',  ( 0.000000000000000000, 1.000000000000000000, 0.000000000000000000 ) ) ;
#12 = DIRECTION ( 'NONE',  ( 0.6888675014067582314, 0.000000000000000000, 0.7248872777926302913 ) ) ;
#13 = CARTESIAN_POINT ( 'NONE',  ( -280.0929048605771641, 1076.559999999999945, 6.043931826221444759 ) ) ;
#14 = CARTESIAN_POINT ( 'NONE',  ( -123.0258495498965630, 1076.559999999999945, 8.956862106542892832 ) ) ;
#15 = CARTESIAN_POINT ( 'NONE',  ( -178.2004695315806657, 1075.559999999999945, 22.82649320470189025 ) ) ;
#16 = DIRECTION ( 'NONE',  ( 0.01060253998720758761, 0.000000000000000000, -0.9999437914932116644 ) ) ;
#17 = ORIENTED_EDGE ( 'NONE', *, *, #2186, .F. ) ;
#18 = CARTESIAN_POINT ( 'NONE',  ( -132.5326262463357807, 1075.559999999999945, 26.94314662871752120 ) ) ;
#19 = VERTEX_POINT ( 'NONE', #1527 ) ;
#20 = CARTESIAN_POINT ( 'NONE',  ( -192.5000000004401102, 1071.559999999999945, 11.02593237100210644 ) ) ;
#21 = ORIENTED_EDGE ( 'NONE', *, *, #2818, .F. ) ;
#22 = VECTOR ( 'NONE', #715, 1000.000000000000114 ) ;
#23 = EDGE_CURVE ( 'NONE', #4505, #2066, #3583, .T. ) ;
#24 = CARTESIAN_POINT ( 'NONE',  ( 0.000000000000000000, 1071.559999999999945, 0.000000000000000000 ) ) ;
#25 = ADVANCED_FACE ( 'NONE', ( #3399 ), #2710, .T. ) ;
#26 = LINE ( 'NONE', #2698, #2919 ) ;
#27 = CARTESIAN_POINT ( 'NONE',  ( -112.2016622524414657, 1071.559999999999945, 28.10930200660904177 ) ) ;
#28 = VECTOR ( 'NONE', #1369, 1000.000000000000000 ) ;
#29 = CARTESIAN_POINT ( 'NONE',  ( -245.6731028707629321, 1075.559999999999945, 7.739038463966559256 ) ) ;
#30 = ORIENTED_EDGE ( 'NONE', *, *, #1394, .T. ) ;
#31 = FACE_OUTER_BOUND ( 'NONE', #482, .T. ) ;
#32 = EDGE_CURVE ( 'NONE', #2706, #2568, #934, .T. ) ;
#33 = CARTESIAN_POINT ( 'NONE',  ( -211.0105048050057235, 1076.160000000000082, 13.63428089195582871 ) ) ;
#34 = ORIENTED_EDGE ( 'NONE', *, *, #5028, .F. ) ;
#35 = EDGE_LOOP ( 'NONE', ( #502, #4558, #1510, #1836 ) ) ;
#36 = CARTESIAN_POINT ( 'NONE',  ( -103.7443451577470483, 1075.559999999999945, -109.1689705120440550 ) ) ;
#37 = CARTESIAN_POINT ( 'NONE',  ( -82.83959400943683704, 1075.559999999999945, 78.72328000651684476 ) ) ;
#38 = FACE_OUTER_BOUND ( 'NONE', #140, .T. ) ;
#39 = FACE_OUTER_BOUND ( 'NONE', #4641, .T. ) ;
#40 = CARTESIAN_POINT ( 'NONE',  ( -89.62753892102767850, 1075.559999999999945, 125.4662875543846070 ) ) ;
#41 = ADVANCED_FACE ( 'NONE', ( #4655 ), #4959, .F. ) ;
#42 = CARTESIAN_POINT ( 'NONE',  ( -208.5936849735137173, 1076.159999999999854, 21.14294619114843954 ) ) ;
#43 = B_SPLINE_CURVE_WITH_KNOTS ( 'NONE', 3,
 ( #1397, #964, #275, #2528, #4092, #580, #1787, #3728, #3350 ),
 .UNSPECIFIED., .F., .F.,
 ( 4, 1, 1, 1, 1, 1, 4 ),
 ( 0.9389019328317700364, 0.9448400810633529323, 0.9507782292949357172, 0.9626545257581015091, 0.9745308222212671900, 0.9804689704528500860, 0.9864071186844328709 ),
 .UNSPECIFIED. ) ;
#44 = ORIENTED_EDGE ( 'NONE', *, *, #3756, .T. ) ;
#45 = CARTESIAN_POINT ( 'NONE',  ( -207.0000000000000000, 1071.559999999999945, 12.74517338218778839 ) ) ;
#46 = ORIENTED_EDGE ( 'NONE', *, *, #2550, .T. ) ;
#47 = FACE_OUTER_BOUND ( 'NONE', #1346, .T. ) ;
#48 = ORIENTED_EDGE ( 'NONE', *, *, #3373, .F. ) ;
#49 = FACE_BOUND ( 'NONE', #4937, .T. ) ;
#50 = CARTESIAN_POINT ( 'NONE',  ( -92.49999999999820943, 1071.559999999999945, 16.74722354252501688 ) ) ;
#51 = CARTESIAN_POINT ( 'NONE',  ( -275.1101811045251111, 1071.559999999999945, 6.552289714361143602 ) ) ;
#52 = EDGE_CURVE ( 'NONE', #3541, #1146, #2663, .T. ) ;
#53 = VECTOR ( 'NONE', #1685, 1000.000000000000000 ) ;
#54 = LINE ( 'NONE', #4720, #4901 ) ;
#55 = ADVANCED_FACE ( 'NONE', ( #4198 ), #3833, .F. ) ;
#56 = EDGE_CURVE ( 'NONE', #3603, #3076, #2284, .T. ) ;
#57 = FACE_OUTER_BOUND ( 'NONE', #2972, .T. ) ;
#58 = LINE ( 'NONE', #3904, #1735 ) ;
#59 = ORIENTED_EDGE ( 'NONE', *, *, #143, .T. ) ;
#60 = EDGE_CURVE ( 'NONE', #648, #2154, #1978, .T. ) ;
#61 = VERTEX_POINT ( 'NONE', #1578 ) ;
#62 = CARTESIAN_POINT ( 'NONE',  ( -129.5036039825373280, 1075.559999999999945, 123.0685471126735138 ) ) ;
#63 = LINE ( 'NONE', #2373, #2813 ) ;
#64 = CARTESIAN_POINT ( 'NONE',  ( -133.5566762934633971, 1075.559999999999945, 9.276641230029461838 ) ) ;
#65 = DIRECTION ( 'NONE',  ( 0.000000000000000000, 1.000000000000000000, 0.000000000000000000 ) ) ;
#66 = CARTESIAN_POINT ( 'NONE',  ( -164.2408507539463471, 1075.559999999999945, 24.50836570483255628 ) ) ;
#67 = ORIENTED_EDGE ( 'NONE', *, *, #3254, .T. ) ;
#68 = CARTESIAN_POINT ( 'NONE',  ( -133.0102918858166561, 1075.559999999999945, 26.92243361101061083 ) ) ;
#69 = ORIENTED_EDGE ( 'NONE', *, *, #4814, .F. ) ;
#70 = CARTESIAN_POINT ( 'NONE',  ( -96.72838245694208581, 1076.559999999999945, 24.69208237058675337 ) ) ;
#71 = ORIENTED_EDGE ( 'NONE', *, *, #2189, .F. ) ;
#72 = VECTOR ( 'NONE', #4089, 1000.000000000000000 ) ;
#73 = AXIS2_PLACEMENT_3D ( 'NONE', #2873, #2103, #3657 ) ;
#74 = CARTESIAN_POINT ( 'NONE',  ( -178.2004695315806373, 1076.559999999999945, 22.82649320470189380 ) ) ;
#75 = DIRECTION ( 'NONE',  ( 0.000000000000000000, 0.000000000000000000, 1.000000000000000000 ) ) ;
#76 = CARTESIAN_POINT ( 'NONE',  ( -112.3038216628890638, 1071.559999999999945, 24.31067548444905668 ) ) ;
#77 = DIRECTION ( 'NONE',  ( -0.02688405537825821340, -0.000000000000000000, -0.9996385584632171417 ) ) ;
#78 = ORIENTED_EDGE ( 'NONE', *, *, #4701, .T. ) ;
#79 = CARTESIAN_POINT ( 'NONE',  ( -133.4902981710299059, 1075.559999999999945, 26.90082613893752495 ) ) ;
#80 = EDGE_CURVE ( 'NONE', #2334, #3212, #4732, .T. ) ;
#81 = DIRECTION ( 'NONE',  ( 0.9978411957034359903, 0.000000000000000000, 0.06567303980429953225 ) ) ;
#82 = VERTEX_POINT ( 'NONE', #4012 ) ;
#83 = ORIENTED_EDGE ( 'NONE', *, *, #3998, .F. ) ;
#84 = EDGE_CURVE ( 'NONE', #739, #593, #3343, .T. ) ;
#85 = CARTESIAN_POINT ( 'NONE',  ( -237.8803495755753659, 1071.559999999999945, 13.20663139703280642 ) ) ;
#86 = CARTESIAN_POINT ( 'NONE',  ( -112.2016622524414657, 1076.559999999999945, 28.10930200660904177 ) ) ;
#87 = FACE_OUTER_BOUND ( 'NONE', #3233, .T. ) ;
#88 = CARTESIAN_POINT ( 'NONE',  ( -65.70031221888388018, 1076.559999999999945, -69.13567613106529564 ) ) ;
#89 = CARTESIAN_POINT ( 'NONE',  ( -190.7528261741830136, 1071.559999999999945, 21.03932599842006823 ) ) ;
#90 = ORIENTED_EDGE ( 'NONE', *, *, #312, .T. ) ;
#91 = EDGE_CURVE ( 'NONE', #3396, #4852, #480, .T. ) ;
#92 = DIRECTION ( 'NONE',  ( 0.000000000000000000, 0.000000000000000000, -1.000000000000000000 ) ) ;
#93 = ORIENTED_EDGE ( 'NONE', *, *, #2313, .F. ) ;
#94 = DIRECTION ( 'NONE',  ( 0.000000000000000000, 0.000000000000000000, 1.000000000000000000 ) ) ;
#95 = VERTEX_POINT ( 'NONE', #833 ) ;
#96 = CARTESIAN_POINT ( 'NONE',  ( -159.3824136573540500, 1076.559999999999945, 25.03376272444343797 ) ) ;
#97 = CARTESIAN_POINT ( 'NONE',  ( -274.1238790074316398, 1071.559999999999945, 2.239275516408815836 ) ) ;
#98 = CARTESIAN_POINT ( 'NONE',  ( -246.5865632683851913, 1076.159999999999854, 7.696870105199805856 ) ) ;
#99 = EDGE_LOOP ( 'NONE', ( #3766, #656, #4445, #2318, #1422, #4519 ) ) ;
#100 = CARTESIAN_POINT ( 'NONE',  ( -207.2804213068037029, 1076.160000000000082, 21.37377749006560279 ) ) ;
#101 = VERTEX_POINT ( 'NONE', #4397 ) ;
#102 = VECTOR ( 'NONE', #1083, 1000.000000000000000 ) ;
#103 = FACE_OUTER_BOUND ( 'NONE', #518, .T. ) ;
#104 = CARTESIAN_POINT ( 'NONE',  ( -69.87710367939673972, 1075.559999999999945, -107.1733000749245264 ) ) ;
#105 = VECTOR ( 'NONE', #2577, 1000.000000000000114 ) ;
#106 = CARTESIAN_POINT ( 'NONE',  ( -98.79510912553676860, 1071.559999999999945, 10.31514758700471290 ) ) ;
#107 = ORIENTED_EDGE ( 'NONE', *, *, #3970, .F. ) ;
#108 = CARTESIAN_POINT ( 'NONE',  ( -149.8126463061967684, 1076.559999999999945, 25.87186741635287035 ) ) ;
#109 = DIRECTION ( 'NONE',  ( 0.000000000000000000, 1.000000000000000000, 0.000000000000000000 ) ) ;
#110 = EDGE_CURVE ( 'NONE', #1404, #1987, #2064, .T. ) ;
#111 = AXIS2_PLACEMENT_3D ( 'NONE', #4180, #4892, #5034 ) ;
#112 = CARTESIAN_POINT ( 'NONE',  ( -196.5973170367266505, 1076.559999999999945, 19.37185055998881467 ) ) ;
#113 = ADVANCED_FACE ( 'NONE', ( #1656 ), #456, .F. ) ;
#114 = CARTESIAN_POINT ( 'NONE',  ( -198.1819931652745765, 1071.559999999999945, 9.238543108260873993 ) ) ;
#115 = ORIENTED_EDGE ( 'NONE', *, *, #4346, .F. ) ;
#116 = CARTESIAN_POINT ( 'NONE',  ( -238.8043900246969429, 1075.559999999999945, 8.035481054986263416 ) ) ;
#117 = VERTEX_POINT ( 'NONE', #2428 ) ;
#118 = PLANE ( 'NONE',  #2620 ) ;
#119 = VERTEX_POINT ( 'NONE', #4323 ) ;
#120 = ADVANCED_FACE ( 'NONE', ( #1603 ), #3749, .F. ) ;
#121 = DIRECTION ( 'NONE',  ( 0.000000000000000000, 0.000000000000000000, 1.000000000000000000 ) ) ;
#122 = CARTESIAN_POINT ( 'NONE',  ( -297.6853304517512697, 1071.559999999999945, 0.07763497806489894071 ) ) ;
#123 = CARTESIAN_POINT ( 'NONE',  ( -290.1850476729540560, 1076.160000000000082, 2.279926096537914670 ) ) ;
#124 = ORIENTED_EDGE ( 'NONE', *, *, #293, .T. ) ;
#125 = CARTESIAN_POINT ( 'NONE',  ( -285.1034899448663396, 1076.559999999999945, 1.323141469737680875 ) ) ;
#126 = EDGE_LOOP ( 'NONE', ( #4003, #2815, #2018, #3632 ) ) ;
#127 = CARTESIAN_POINT ( 'NONE',  ( -250.7585574479967931, 1071.559999999999945, 7.495065782901232154 ) ) ;
#128 = VECTOR ( 'NONE', #354, 1000.000000000000000 ) ;
#129 = DIRECTION ( 'NONE',  ( -0.7248872777926360644, 0.000000000000000000, 0.6888675014067521252 ) ) ;
#130 = PLANE ( 'NONE',  #2753 ) ;
#131 = EDGE_LOOP ( 'NONE', ( #1050, #4628, #2237, #2361, #4209 ) ) ;
#132 = CARTESIAN_POINT ( 'NONE',  ( -210.0140581964119235, 1076.559999999999945, 21.70323821965499533 ) ) ;
#133 = CARTESIAN_POINT ( 'NONE',  ( -253.0423473113287969, 1075.559999999999945, 8.955332985767409326 ) ) ;
#134 = CARTESIAN_POINT ( 'NONE',  ( -179.2680965261199617, 1075.559999999999945, 10.95298948655051774 ) ) ;
#135 = VERTEX_POINT ( 'NONE', #2787 ) ;
#136 = ADVANCED_FACE ( 'NONE', ( #407 ), #2402, .T. ) ;
#137 = CARTESIAN_POINT ( 'NONE',  ( -190.7528261741829567, 1071.559999999999945, 21.03932599842007534 ) ) ;
#138 = EDGE_CURVE ( 'NONE', #1015, #1763, #1633, .T. ) ;
#139 = PLANE ( 'NONE',  #4825 ) ;
#140 = EDGE_LOOP ( 'NONE', ( #3348, #4895, #2949, #2623 ) ) ;
#141 = CARTESIAN_POINT ( 'NONE',  ( -83.70945874280137389, 1075.559999999999945, 79.54992100821644385 ) ) ;
#142 = PLANE ( 'NONE',  #4348 ) ;
#143 = EDGE_CURVE ( 'NONE', #2142, #4295, #3195, .T. ) ;
#144 = CARTESIAN_POINT ( 'NONE',  ( -246.0930087268364161, 1076.160000000000082, 7.719654218265648460 ) ) ;
#145 = ORIENTED_EDGE ( 'NONE', *, *, #4907, .F. ) ;
#146 = VECTOR ( 'NONE', #1775, 999.9999999999998863 ) ;
#147 = LINE ( 'NONE', #1721, #320 ) ;
#148 = VERTEX_POINT ( 'NONE', #1241 ) ;
#149 = AXIS2_PLACEMENT_3D ( 'NONE', #3547, #1993, #809 ) ;
#150 = CARTESIAN_POINT ( 'NONE',  ( -133.6659097900143536, 1075.559999999999945, 26.89289381808563562 ) ) ;
#151 = EDGE_CURVE ( 'NONE', #4227, #135, #4371, .T. ) ;
#152 = CARTESIAN_POINT ( 'NONE',  ( -267.1688184859921762, 1076.160000000000082, 8.607714735570468179 ) ) ;
#153 = CARTESIAN_POINT ( 'NONE',  ( -192.5000000004401102, 1071.559999999999945, 15.15093237100210288 ) ) ;
#154 = ORIENTED_EDGE ( 'NONE', *, *, #1465, .T. ) ;
#155 = CARTESIAN_POINT ( 'NONE',  ( -237.6737849101027678, 1076.160000000000082, 8.080994601710605352 ) ) ;
#156 = CARTESIAN_POINT ( 'NONE',  ( -205.0226850522793427, 1076.160000000000082, 18.72112452389662707 ) ) ;
#157 = CARTESIAN_POINT ( 'NONE',  ( -164.3641865687571624, 1075.559999999999945, 24.49501760962785823 ) ) ;
#158 = ORIENTED_EDGE ( 'NONE', *, *, #4057, .T. ) ;
#159 = B_SPLINE_CURVE_WITH_KNOTS ( 'NONE', 13,
 ( #3999, #3974, #2510, #495, #2078, #3205, #924, #125, #4410, #3633, #3608, #874, #1308, #469 ),
 .UNSPECIFIED., .F., .F.,
 ( 14, 14 ),
 ( 0.9375780134659722487, 1.000000000000000000 ),
 .UNSPECIFIED. ) ;
#160 = DIRECTION ( 'NONE',  ( -0.7348758801460661960, -0.000000000000000000, -0.6782016225132055931 ) ) ;
#161 = CARTESIAN_POINT ( 'NONE',  ( -197.9496424326183615, 1071.559999999999945, 20.71780934559758336 ) ) ;
#162 = AXIS2_PLACEMENT_3D ( 'NONE', #4096, #1374, #3707 ) ;
#163 = VERTEX_POINT ( 'NONE', #4423 ) ;
#164 = CARTESIAN_POINT ( 'NONE',  ( -133.4902981710299059, 1075.559999999999945, 26.90082613893752495 ) ) ;
#165 = FACE_OUTER_BOUND ( 'NONE', #3554, .T. ) ;
#166 = CARTESIAN_POINT ( 'NONE',  ( -205.0226850522793427, 1075.559999999999945, 18.72112452389662707 ) ) ;
#167 = LINE ( 'NONE', #2151, #231 ) ;
#168 = ORIENTED_EDGE ( 'NONE', *, *, #958, .T. ) ;
#169 = DIRECTION ( 'NONE',  ( 0.000000000000000000, 1.000000000000000000, 0.000000000000000000 ) ) ;
#170 = ORIENTED_EDGE ( 'NONE', *, *, #4759, .T. ) ;
#171 = ADVANCED_FACE ( 'NONE', ( #1970 ), #3597, .T. ) ;
#172 = B_SPLINE_CURVE_WITH_KNOTS ( 'NONE', 3,
 ( #3187, #2316, #4266, #373 ),
 .UNSPECIFIED., .F., .F.,
 ( 4, 4 ),
 ( 0.05602420055535783233, 0.05737537480843865612 ),
 .UNSPECIFIED. ) ;
#173 = ORIENTED_EDGE ( 'NONE', *, *, #4222, .F. ) ;
#174 = CARTESIAN_POINT ( 'NONE',  ( -238.2652901195024242, 1076.160000000000082, 8.067388918634714301 ) ) ;
#175 = CARTESIAN_POINT ( 'NONE',  ( -165.5953102936683479, 1075.559999999999945, 9.630069181646565113 ) ) ;
#176 = VECTOR ( 'NONE', #1909, 1000.000000000000000 ) ;
#177 = DIRECTION ( 'NONE',  ( 0.1609050596805300659, 0.000000000000000000, -0.9869698889881115544 ) ) ;
#178 = VECTOR ( 'NONE', #4078, 999.9999999999998863 ) ;
#179 = CARTESIAN_POINT ( 'NONE',  ( -69.87710367939673972, 1075.559999999999945, -107.1733000749245264 ) ) ;
#180 = VERTEX_POINT ( 'NONE', #15 ) ;
#181 = CARTESIAN_POINT ( 'NONE',  ( -202.8083584355939024, 1076.559999999999718, 22.14236987473928409 ) ) ;
#182 = CARTESIAN_POINT ( 'NONE',  ( 0.2273156052836086960, 1076.559999999999945, 8.452349944409522919 ) ) ;
#183 = VECTOR ( 'NONE', #299, 1000.000000000000114 ) ;
#184 = EDGE_CURVE ( 'NONE', #1043, #4454, #1676, .T. ) ;
#185 = DIRECTION ( 'NONE',  ( -0.9996385584632172527, 0.000000000000000000, 0.02688405537825435537 ) ) ;
#186 = VERTEX_POINT ( 'NONE', #1891 ) ;
#187 = CARTESIAN_POINT ( 'NONE',  ( -266.5147033832301418, 1076.160000000000082, 5.740492526924503736 ) ) ;
#188 = CARTESIAN_POINT ( 'NONE',  ( -248.7225026532514391, 1075.559999999999945, 9.434087006954687382 ) ) ;
#189 = ORIENTED_EDGE ( 'NONE', *, *, #690, .F. ) ;
#190 = EDGE_CURVE ( 'NONE', #890, #2129, #3019, .T. ) ;
#191 = B_SPLINE_CURVE_WITH_KNOTS ( 'NONE', 3,
 ( #4989, #1120, #2687, #4250 ),
 .UNSPECIFIED., .F., .F.,
 ( 4, 4 ),
 ( 0.8027821541435357089, 0.8031795761938761435 ),
 .UNSPECIFIED. ) ;
#192 = CARTESIAN_POINT ( 'NONE',  ( -192.5000000004401102, 1076.559999999999945, 15.15093237100210288 ) ) ;
#193 = ORIENTED_EDGE ( 'NONE', *, *, #3971, .T. ) ;
#194 = FACE_OUTER_BOUND ( 'NONE', #2183, .T. ) ;
#195 = CARTESIAN_POINT ( 'NONE',  ( -249.5323828181294630, 1071.559999999999945, 9.767544432598395332 ) ) ;
#196 = DIRECTION ( 'NONE',  ( -0.1756167594926664188, 0.000000000000000000, 0.9844586094830471978 ) ) ;
#197 = EDGE_LOOP ( 'NONE', ( #779, #1383, #4430, #2441 ) ) ;
#198 = CARTESIAN_POINT ( 'NONE',  ( -202.0950758117289183, 1076.559999999999945, 22.26253587117819777 ) ) ;
#199 = ORIENTED_EDGE ( 'NONE', *, *, #1870, .T. ) ;
#200 = ORIENTED_EDGE ( 'NONE', *, *, #2606, .T. ) ;
#201 = CARTESIAN_POINT ( 'NONE',  ( -207.9278920539953504, 1071.559999999999945, 22.07258754983332238 ) ) ;
#202 = ADVANCED_FACE ( 'NONE', ( #4610 ), #4939, .T. ) ;
#203 = CARTESIAN_POINT ( 'NONE',  ( -259.4108628572515158, 1071.559999999999945, 7.026082581629982116 ) ) ;
#204 = EDGE_CURVE ( 'NONE', #767, #3049, #1606, .T. ) ;
#205 = PLANE ( 'NONE',  #3261 ) ;
#206 = ADVANCED_FACE ( 'NONE', ( #711 ), #3477, .T. ) ;
#207 = VECTOR ( 'NONE', #4008, 1000.000000000000000 ) ;
#208 = LINE ( 'NONE', #2493, #5038 ) ;
#209 = ORIENTED_EDGE ( 'NONE', *, *, #1750, .T. ) ;
#210 = LINE ( 'NONE', #3341, #1706 ) ;
#211 = EDGE_CURVE ( 'NONE', #1625, #1783, #3013, .T. ) ;
#212 = PLANE ( 'NONE',  #3713 ) ;
#213 = VECTOR ( 'NONE', #1521, 1000.000000000000000 ) ;
#214 =( BOUNDED_CURVE ( )  B_SPLINE_CURVE ( 3, ( #4874, #4418, #1777, #930 ),
 .UNSPECIFIED., .F., .F. ) 
 B_SPLINE_CURVE_WITH_KNOTS ( ( 4, 4 ),
 ( 3.713564953773416999, 4.418642704665566079 ),
 .UNSPECIFIED. ) 
 CURVE ( )  GEOMETRIC_REPRESENTATION_ITEM ( )  RATIONAL_B_SPLINE_CURVE ( ( 1.000000000000000000, 0.9589994076096779452, 0.9589994076096779452, 1.000000000000000000 ) ) 
 REPRESENTATION_ITEM ( '' )  );
#215 = CARTESIAN_POINT ( 'NONE',  ( -131.6663975631995527, 1076.559999999999945, 26.97927182080880115 ) ) ;
#216 = VERTEX_POINT ( 'NONE', #4657 ) ;
#217 = LINE ( 'NONE', #915, #1378 ) ;
#218 = CARTESIAN_POINT ( 'NONE',  ( -185.6189877027449882, 1071.559999999999718, 12.12471130904595817 ) ) ;
#219 = EDGE_CURVE ( 'NONE', #2993, #1898, #4177, .T. ) ;
#220 = CARTESIAN_POINT ( 'NONE',  ( -251.8779176830737754, 1076.160000000000309, 9.227492699157885170 ) ) ;
#221 = ORIENTED_EDGE ( 'NONE', *, *, #4531, .T. ) ;
#222 = DIRECTION ( 'NONE',  ( -0.6888675014067521252, -0.000000000000000000, -0.7248872777926360644 ) ) ;
#223 = EDGE_LOOP ( 'NONE', ( #4473, #1742, #1873, #4103, #3941, #5016 ) ) ;
#224 = CARTESIAN_POINT ( 'NONE',  ( -133.3568342694792932, 1075.559999999999945, 9.271286723260869778 ) ) ;
#225 = CARTESIAN_POINT ( 'NONE',  ( -242.8309385784828578, 1076.160000000000309, 7.867559378627873912 ) ) ;
#226 = EDGE_CURVE ( 'NONE', #3810, #3710, #666, .T. ) ;
#227 = FACE_OUTER_BOUND ( 'NONE', #2489, .T. ) ;
#228 = ORIENTED_EDGE ( 'NONE', *, *, #3381, .T. ) ;
#229 = CARTESIAN_POINT ( 'NONE',  ( -200.1924347584526060, 1076.559999999999945, 22.57920569689095913 ) ) ;
#230 = ORIENTED_EDGE ( 'NONE', *, *, #3062, .T. ) ;
#231 = VECTOR ( 'NONE', #1795, 1000.000000000000000 ) ;
#232 = EDGE_LOOP ( 'NONE', ( #2828, #2348, #2238, #1703 ) ) ;
#233 = CARTESIAN_POINT ( 'NONE',  ( -259.3915731957194453, 1071.559999999999945, 7.445118414260939232 ) ) ;
#234 = LINE ( 'NONE', #1032, #4934 ) ;
#235 = AXIS2_PLACEMENT_3D ( 'NONE', #2642, #2254, #760 ) ;
#236 = CARTESIAN_POINT ( 'NONE',  ( -292.8379051512092133, 1071.559999999999945, 0.5759372687384646250 ) ) ;
#237 = VECTOR ( 'NONE', #497, 1000.000000000000000 ) ;
#238 = VECTOR ( 'NONE', #2959, 1000.000000000000000 ) ;
#239 = AXIS2_PLACEMENT_3D ( 'NONE', #3337, #3389, #4950 ) ;
#240 = CARTESIAN_POINT ( 'NONE',  ( -64.90756987943002798, 1075.559999999999945, -106.1180870880448737 ) ) ;
#241 = ORIENTED_EDGE ( 'NONE', *, *, #3031, .T. ) ;
#242 = CARTESIAN_POINT ( 'NONE',  ( -196.7460255135926559, 1071.559999999999945, 11.88892099099184030 ) ) ;
#243 = CARTESIAN_POINT ( 'NONE',  ( -65.32499969353176539, 1075.559999999999945, -106.8005475999426608 ) ) ;
#244 = PRODUCT_DEFINITION ( 'UNKNOWN', '', #3107, #4102 ) ;
#245 = CARTESIAN_POINT ( 'NONE',  ( -265.7189512413807506, 1071.559999999999945, 5.831332410555692292 ) ) ;
#246 = EDGE_LOOP ( 'NONE', ( #3963, #508, #1368, #1048 ) ) ;
#247 = LINE ( 'NONE', #4502, #4121 ) ;
#248 = CARTESIAN_POINT ( 'NONE',  ( -128.1061509150808320, 1076.559999999999945, 27.97564465478143347 ) ) ;
#249 = ORIENTED_EDGE ( 'NONE', *, *, #3976, .T. ) ;
#250 =( BOUNDED_SURFACE ( )  B_SPLINE_SURFACE ( 3, 1, ( 
 ( #3899, #4669 ),
 ( #1154, #392 ),
 ( #3436, #1485 ),
 ( #3055, #2290 ) ),
 .UNSPECIFIED., .F., .F., .T. ) 
 B_SPLINE_SURFACE_WITH_KNOTS ( ( 4, 4 ),
 ( 2, 2 ),
 ( 0.000000000000000000, 1.000000000000000000 ),
 ( 0.000000000000000000, 1.000000000000000000 ),
 .UNSPECIFIED. ) 
 GEOMETRIC_REPRESENTATION_ITEM ( )  RATIONAL_B_SPLINE_SURFACE ( (
 ( 1.000000000000000000, 1.000000000000000000),
 ( 0.6012046472235439420, 0.6012046472235439420),
 ( 0.6012046472235439420, 0.6012046472235439420),
 ( 1.000000000000000000, 1.000000000000000000) ) ) 
 REPRESENTATION_ITEM ( '' )  SURFACE ( )  );
#251 = DIRECTION ( 'NONE',  ( -0.8376768486547161441, 0.000000000000000000, 0.5461661809631788156 ) ) ;
#252 = EDGE_CURVE ( 'NONE', #1898, #2301, #1862, .T. ) ;
#253 = ORIENTED_EDGE ( 'NONE', *, *, #2408, .T. ) ;
#254 = DIRECTION ( 'NONE',  ( 0.7348758801460677503, 0.000000000000000000, 0.6782016225132037057 ) ) ;
#255 = CARTESIAN_POINT ( 'NONE',  ( -244.8321065277064292, 1076.160000000000082, 7.777216711856424602 ) ) ;
#256 = DIRECTION ( 'NONE',  ( -0.02688405537825821340, -0.000000000000000000, -0.9996385584632171417 ) ) ;
#257 = ORIENTED_EDGE ( 'NONE', *, *, #1089, .T. ) ;
#258 = DIRECTION ( 'NONE',  ( -0.7248872777926389510, 0.000000000000000000, 0.6888675014067490165 ) ) ;
#259 = EDGE_LOOP ( 'NONE', ( #257, #4387 ) ) ;
#260 = ORIENTED_EDGE ( 'NONE', *, *, #475, .T. ) ;
#261 = CARTESIAN_POINT ( 'NONE',  ( -205.8704644794069907, 1071.559999999999945, 18.57560710172811014 ) ) ;
#262 = CARTESIAN_POINT ( 'NONE',  ( -200.8700077524666199, 1076.559999999999945, 23.27837857331777016 ) ) ;
#263 = CARTESIAN_POINT ( 'NONE',  ( -124.3479217970671016, 1075.559999999999945, 118.1690516825036212 ) ) ;
#264 = DIRECTION ( 'NONE',  ( -0.6888675014067456859, -0.000000000000000000, -0.7248872777926422817 ) ) ;
#265 = ORIENTED_EDGE ( 'NONE', *, *, #3254, .F. ) ;
#266 = CARTESIAN_POINT ( 'NONE',  ( -208.1598014489442221, 1076.559999999999263, 22.03184027861093597 ) ) ;
#267 = CARTESIAN_POINT ( 'NONE',  ( -258.8181366110552517, 1076.160000000000082, 7.583199739962945607 ) ) ;
#268 = EDGE_LOOP ( 'NONE', ( #1999, #2051, #814, #2198 ) ) ;
#269 = DIRECTION ( 'NONE',  ( -0.8376768486541457115, 0.000000000000000000, 0.5461661809640537824 ) ) ;
#270 = ORIENTED_EDGE ( 'NONE', *, *, #2124, .T. ) ;
#271 = AXIS2_PLACEMENT_3D ( 'NONE', #4728, #805, #829 ) ;
#272 = EDGE_CURVE ( 'NONE', #3076, #4963, #451, .T. ) ;
#273 = FACE_OUTER_BOUND ( 'NONE', #232, .T. ) ;
#274 = EDGE_CURVE ( 'NONE', #890, #2897, #1529, .T. ) ;
#275 = CARTESIAN_POINT ( 'NONE',  ( -290.1604015055179389, 1071.559999999999945, 1.637864100023359581 ) ) ;
#276 = ADVANCED_FACE ( 'NONE', ( #2614 ), #3426, .T. ) ;
#277 = ORIENTED_EDGE ( 'NONE', *, *, #3561, .T. ) ;
#278 = AXIS2_PLACEMENT_3D ( 'NONE', #179, #1751, #3312 ) ;
#279 = DIRECTION ( 'NONE',  ( -0.6888675014067464630, 0.000000000000000000, -0.7248872777926413935 ) ) ;
#280 = ORIENTED_EDGE ( 'NONE', *, *, #4132, .F. ) ;
#281 = FACE_OUTER_BOUND ( 'NONE', #2935, .T. ) ;
#282 = ORIENTED_EDGE ( 'NONE', *, *, #722, .F. ) ;
#283 = EDGE_CURVE ( 'NONE', #4994, #2689, #191, .T. ) ;
#284 = CARTESIAN_POINT ( 'NONE',  ( -196.7460255135926559, 1076.559999999999945, 11.88892099099184030 ) ) ;
#285 = VERTEX_POINT ( 'NONE', #1816 ) ;
#286 = VERTEX_POINT ( 'NONE', #736 ) ;
#287 = DIRECTION ( 'NONE',  ( 0.000000000000000000, 1.000000000000000000, 0.000000000000000000 ) ) ;
#288 = CARTESIAN_POINT ( 'NONE',  ( -260.8576000463327773, 1076.160000000000082, 7.086686038637476592 ) ) ;
#289 = CARTESIAN_POINT ( 'NONE',  ( -225.6975725102126944, 1071.559999999999945, 8.533007167635572543 ) ) ;
#290 = FACE_OUTER_BOUND ( 'NONE', #3366, .T. ) ;
#291 = CARTESIAN_POINT ( 'NONE',  ( -123.7680119748343657, 1075.559999999999945, 117.6179576813780585 ) ) ;
#292 = DIRECTION ( 'NONE',  ( -4.302114220422519560E-12, 0.000000000000000000, 1.000000000000000000 ) ) ;
#293 = EDGE_CURVE ( 'NONE', #665, #3516, #2300, .T. ) ;
#294 = CARTESIAN_POINT ( 'NONE',  ( -266.5886069376112459, 1076.559999999999945, 9.579359346406594256 ) ) ;
#295 = EDGE_CURVE ( 'NONE', #1869, #310, #4273, .T. ) ;
#296 = CARTESIAN_POINT ( 'NONE',  ( -132.3252790877545522, 1075.559999999999945, 25.56367482687217674 ) ) ;
#297 = ORIENTED_EDGE ( 'NONE', *, *, #4816, .F. ) ;
#298 = VECTOR ( 'NONE', #2460, 1000.000000000000114 ) ;
#299 = DIRECTION ( 'NONE',  ( -0.02688405537884944879, -0.000000000000000000, -0.9996385584632011545 ) ) ;
#300 = VECTOR ( 'NONE', #3095, 1000.000000000000114 ) ;
#301 = CARTESIAN_POINT ( 'NONE',  ( -116.6994142980007751, 1071.559999999999945, 8.683379740353986520 ) ) ;
#302 = DIRECTION ( 'NONE',  ( 0.2442954651673687749, 0.000000000000000000, -0.9697008434041185509 ) ) ;
#303 = CARTESIAN_POINT ( 'NONE',  ( -258.7028822036019164, 1071.559999999999945, -42.17616278367351867 ) ) ;
#304 = ORIENTED_EDGE ( 'NONE', *, *, #32, .T. ) ;
#305 = ADVANCED_FACE ( 'NONE', ( #1557 ), #2429, .F. ) ;
#306 = CARTESIAN_POINT ( 'NONE',  ( -204.6840424348383465, 1071.559999999999945, 19.59130311651662737 ) ) ;
#307 = ORIENTED_EDGE ( 'NONE', *, *, #801, .T. ) ;
#308 = DIRECTION ( 'NONE',  ( 0.000000000000000000, 0.000000000000000000, 1.000000000000000000 ) ) ;
#309 = ORIENTED_EDGE ( 'NONE', *, *, #4966, .T. ) ;
#310 = VERTEX_POINT ( 'NONE', #1170 ) ;
#311 = CARTESIAN_POINT ( 'NONE',  ( -178.7962997729573260, 1075.559999999999945, 22.74732555274113821 ) ) ;
#312 = EDGE_CURVE ( 'NONE', #4316, #2422, #1658, .T. ) ;
#313 = B_SPLINE_SURFACE_WITH_KNOTS ( 'NONE', 3, 1, ( 
 ( #3610, #520 ),
 ( #2853, #2921 ),
 ( #3282, #1331 ),
 ( #4438, #2131 ),
 ( #1724, #2898 ),
 ( #4050, #174 ),
 ( #2160, #4800 ),
 ( #2105, #4489 ),
 ( #3305, #4415 ),
 ( #2490, #3688 ) ),
 .UNSPECIFIED., .F., .F., .F.,
 ( 4, 1, 1, 1, 1, 1, 1, 4 ),
 ( 2, 2 ),
 ( 0.000000000000000000, 0.0003460023020102065416, 0.006601694787174205992, 0.02129757267280274480, 0.03599345055843128360, 0.05068932844405982241, 0.08008108421531690002, 0.08885211648271973406 ),
 ( 0.000000000000000000, 1.000000000000000000 ),
 .UNSPECIFIED. ) ;
#314 = DIRECTION ( 'NONE',  ( -0.5812758212746280684, 0.000000000000000000, 0.8137065930674930447 ) ) ;
#315 = PLANE ( 'NONE',  #3425 ) ;
#316 = CARTESIAN_POINT ( 'NONE',  ( -178.2004695315806373, 1071.559999999999945, 22.82649320470189380 ) ) ;
#317 = CARTESIAN_POINT ( 'NONE',  ( -199.3900147404567633, 1071.559999999999945, 19.67087083983462392 ) ) ;
#318 = FACE_OUTER_BOUND ( 'NONE', #2895, .T. ) ;
#319 = VECTOR ( 'NONE', #2167, 1000.000000000000227 ) ;
#320 = VECTOR ( 'NONE', #3279, 1000.000000000000000 ) ;
#321 = EDGE_CURVE ( 'NONE', #788, #3919, #3644, .T. ) ;
#322 = CARTESIAN_POINT ( 'NONE',  ( -204.2262269578501446, 1076.160000000000082, 18.39790175667572925 ) ) ;
#323 = VECTOR ( 'NONE', #1192, 1000.000000000000114 ) ;
#324 = ORIENTED_EDGE ( 'NONE', *, *, #2874, .T. ) ;
#325 = CARTESIAN_POINT ( 'NONE',  ( -280.0929048605771641, 1071.559999999999945, 6.043931826221444759 ) ) ;
#326 = CARTESIAN_POINT ( 'NONE',  ( -116.6994142980007751, 1076.559999999999945, 8.683379740353986520 ) ) ;
#327 = CARTESIAN_POINT ( 'NONE',  ( -199.0895064422829819, 1071.559999999999945, -35.30583704478860341 ) ) ;
#328 = CARTESIAN_POINT ( 'NONE',  ( -199.5983691954635901, 1076.559999999999945, 20.44752092366473306 ) ) ;
#329 = ORIENTED_EDGE ( 'NONE', *, *, #3371, .F. ) ;
#330 = DIRECTION ( 'NONE',  ( 0.000000000000000000, -1.000000000000000000, 0.000000000000000000 ) ) ;
#331 = VERTEX_POINT ( 'NONE', #409 ) ;
#332 = DIRECTION ( 'NONE',  ( 0.7248872777926377298, 0.000000000000000000, -0.6888675014067503488 ) ) ;
#333 = ORIENTED_EDGE ( 'NONE', *, *, #4834, .F. ) ;
#334 = ORIENTED_EDGE ( 'NONE', *, *, #1426, .T. ) ;
#335 = PRESENTATION_STYLE_ASSIGNMENT (( #4210 ) ) ;
#336 = CARTESIAN_POINT ( 'NONE',  ( -192.5000000004401102, 1071.559999999999945, 15.15093237100210288 ) ) ;
#337 = CARTESIAN_POINT ( 'NONE',  ( -237.7444685135271527, 1076.160000000000082, 12.38294045382510156 ) ) ;
#338 = ADVANCED_FACE ( 'NONE', ( #813 ), #1088, .F. ) ;
#339 = CARTESIAN_POINT ( 'NONE',  ( 0.000000000000000000, 1076.160000000000082, 0.000000000000000000 ) ) ;
#340 = EDGE_CURVE ( 'NONE', #1228, #4248, #4422, .T. ) ;
#341 = CARTESIAN_POINT ( 'NONE',  ( -251.1990655653123952, 1075.559999999999945, 7.472962773550697158 ) ) ;
#342 = CARTESIAN_POINT ( 'NONE',  ( -209.0871649023638099, 1076.559999999999263, 21.86811876917246167 ) ) ;
#343 = CARTESIAN_POINT ( 'NONE',  ( -178.1952668448705879, 1075.559999999999945, 22.75369838660261124 ) ) ;
#344 = B_SPLINE_CURVE_WITH_KNOTS ( 'NONE', 3,
 ( #175, #980, #2542, #1385 ),
 .UNSPECIFIED., .F., .F.,
 ( 4, 4 ),
 ( 0.7398622031363206730, 0.7416875714968510502 ),
 .UNSPECIFIED. ) ;
#345 = ADVANCED_FACE ( 'NONE', ( #2763 ), #3871, .F. ) ;
#346 = LINE ( 'NONE', #2659, #1692 ) ;
#347 = EDGE_LOOP ( 'NONE', ( #3075, #1128, #389, #661 ) ) ;
#348 = CARTESIAN_POINT ( 'NONE',  ( -297.6249865866626010, 1071.559999999999945, 0.7942685039327329610 ) ) ;
#349 = AXIS2_PLACEMENT_3D ( 'NONE', #4142, #4625, #2196 ) ;
#350 = CARTESIAN_POINT ( 'NONE',  ( -245.4693082736705207, 1075.559999999999945, 8.268023086488323514 ) ) ;
#351 = CARTESIAN_POINT ( 'NONE',  ( -211.0105048050057235, 1071.559999999999945, 13.63428089195582871 ) ) ;
#352 = CARTESIAN_POINT ( 'NONE',  ( -202.6505986991347754, 1071.559999999999945, 9.143660632304117186 ) ) ;
#353 = VECTOR ( 'NONE', #3534, 1000.000000000000000 ) ;
#354 = DIRECTION ( 'NONE',  ( 0.000000000000000000, 1.000000000000000000, 0.000000000000000000 ) ) ;
#355 = VERTEX_POINT ( 'NONE', #4682 ) ;
#356 = DIRECTION ( 'NONE',  ( 0.000000000000000000, -1.000000000000000000, 0.000000000000000000 ) ) ;
#357 = ORIENTED_EDGE ( 'NONE', *, *, #226, .F. ) ;
#358 = LINE ( 'NONE', #3553, #3754 ) ;
#359 = ADVANCED_FACE ( 'NONE', ( #2739 ), #835, .F. ) ;
#360 = VECTOR ( 'NONE', #678, 1000.000000000000000 ) ;
#361 = EDGE_LOOP ( 'NONE', ( #1257, #2666, #5065, #3592 ) ) ;
#362 = AXIS2_PLACEMENT_3D ( 'NONE', #45, #3990, #92 ) ;
#363 = ORIENTED_EDGE ( 'NONE', *, *, #2096, .F. ) ;
#364 = CARTESIAN_POINT ( 'NONE',  ( -115.5180971449239138, 1071.559999999999945, 7.824897445543522956 ) ) ;
#365 = DIRECTION ( 'NONE',  ( 0.000000000000000000, 0.000000000000000000, 1.000000000000000000 ) ) ;
#366 = CARTESIAN_POINT ( 'NONE',  ( -241.3852872890716981, 1076.160000000000082, 11.59175294562730940 ) ) ;
#367 = CARTESIAN_POINT ( 'NONE',  ( -232.7573189821811752, 1075.559999999999945, 13.43332594171660332 ) ) ;
#368 = EDGE_CURVE ( 'NONE', #3149, #756, #4785, .T. ) ;
#369 = CARTESIAN_POINT ( 'NONE',  ( -223.9361955042999739, 1071.559999999999945, 16.07829992242480444 ) ) ;
#370 = EDGE_CURVE ( 'NONE', #1228, #4380, #3573, .T. ) ;
#371 = EDGE_CURVE ( 'NONE', #1745, #872, #4237, .T. ) ;
#372 = DIRECTION ( 'NONE',  ( 0.000000000000000000, -1.000000000000000000, 0.000000000000000000 ) ) ;
#373 = CARTESIAN_POINT ( 'NONE',  ( -248.2263911974827977, 1075.559999999999945, 10.06564403484765080 ) ) ;
#374 = ORIENTED_EDGE ( 'NONE', *, *, #1250, .F. ) ;
#375 = ORIENTED_EDGE ( 'NONE', *, *, #3976, .F. ) ;
#376 = EDGE_CURVE ( 'NONE', #4754, #2142, #1318, .T. ) ;
#377 = CARTESIAN_POINT ( 'NONE',  ( -195.6463559078458445, 1076.559999999999945, 20.27733546108195739 ) ) ;
#378 = FACE_OUTER_BOUND ( 'NONE', #197, .T. ) ;
#379 = CARTESIAN_POINT ( 'NONE',  ( -257.6570793527035335, 1076.160000000000082, 7.526381928219152861 ) ) ;
#380 = ORIENTED_EDGE ( 'NONE', *, *, #3338, .F. ) ;
#381 = AXIS2_PLACEMENT_3D ( 'NONE', #2588, #4149, #4455 ) ;
#382 = CARTESIAN_POINT ( 'NONE',  ( -209.0859260287635664, 1071.559999999999945, 21.05576183615261954 ) ) ;
#383 = ORIENTED_EDGE ( 'NONE', *, *, #1936, .T. ) ;
#384 = EDGE_CURVE ( 'NONE', #4480, #4910, #3346, .T. ) ;
#385 = CARTESIAN_POINT ( 'NONE',  ( -280.0929048605771641, 1076.559999999999945, 6.043931826221444759 ) ) ;
#386 = VERTEX_POINT ( 'NONE', #134 ) ;
#387 = CARTESIAN_POINT ( 'NONE',  ( -290.1604015055179389, 1076.160000000000082, 1.637864100023359581 ) ) ;
#388 = VERTEX_POINT ( 'NONE', #606 ) ;
#389 = ORIENTED_EDGE ( 'NONE', *, *, #2191, .F. ) ;
#390 = CARTESIAN_POINT ( 'NONE',  ( -133.5305144212688617, 1075.559999999999945, 25.38181269807620311 ) ) ;
#391 = CARTESIAN_POINT ( 'NONE',  ( -199.5983691954635901, 1071.559999999999945, 20.44752092366473306 ) ) ;
#392 = CARTESIAN_POINT ( 'NONE',  ( -185.9315778033652009, 1076.559999999999945, 18.58588332090523920 ) ) ;
#393 = LINE ( 'NONE', #2701, #4821 ) ;
#394 = CARTESIAN_POINT ( 'NONE',  ( -112.8759871213101178, 1071.559999999999945, 3.035661502869943629 ) ) ;
#395 = PLANE ( 'NONE',  #1627 ) ;
#396 = DIRECTION ( 'NONE',  ( 0.000000000000000000, 1.000000000000000000, 0.000000000000000000 ) ) ;
#397 = B_SPLINE_SURFACE_WITH_KNOTS ( 'NONE', 3, 1, ( 
 ( #1544, #1516 ),
 ( #3083, #2007 ),
 ( #369, #2420 ),
 ( #4290, #4645 ),
 ( #3978, #3134 ),
 ( #4748, #472 ),
 ( #2033, #3587 ),
 ( #1134, #2775 ),
 ( #2702, #448 ) ),
 .UNSPECIFIED., .F., .F., .F.,
 ( 4, 1, 1, 1, 1, 1, 4 ),
 ( 2, 2 ),
 ( 0.000000000000000000, 0.01436723603023243312, 0.02799920590870388915, 0.04163117578717533129, 0.05383950420748515736, 0.05554350044229408589, 0.05724749667710660878 ),
 ( 0.000000000000000000, 1.000000000000000000 ),
 .UNSPECIFIED. ) ;
#398 = ORIENTED_EDGE ( 'NONE', *, *, #3017, .T. ) ;
#399 = ORIENTED_EDGE ( 'NONE', *, *, #3844, .F. ) ;
#400 = CARTESIAN_POINT ( 'NONE',  ( -265.7189512413806938, 1071.559999999999945, 5.831332410554418644 ) ) ;
#401 = VECTOR ( 'NONE', #478, 1000.000000000000114 ) ;
#402 = VECTOR ( 'NONE', #3081, 1000.000000000000114 ) ;
#403 = FACE_OUTER_BOUND ( 'NONE', #3138, .T. ) ;
#404 = CYLINDRICAL_SURFACE ( 'NONE', #1505, 0.6010667131491724824 ) ;
#405 = CARTESIAN_POINT ( 'NONE',  ( -209.0859260276425289, 1071.559999999999945, 21.05576183635142584 ) ) ;
#406 = VECTOR ( 'NONE', #4619, 1000.000000000000000 ) ;
#407 = FACE_OUTER_BOUND ( 'NONE', #2471, .T. ) ;
#408 = VECTOR ( 'NONE', #1733, 999.9999999999998863 ) ;
#409 = CARTESIAN_POINT ( 'NONE',  ( -112.6261548481651289, 1076.559999999999945, 12.32525601775574486 ) ) ;
#410 = ORIENTED_EDGE ( 'NONE', *, *, #2738, .F. ) ;
#411 = CARTESIAN_POINT ( 'NONE',  ( -112.7508309264629105, 1076.559999999999945, 7.689384925052574538 ) ) ;
#412 = ORIENTED_EDGE ( 'NONE', *, *, #3970, .T. ) ;
#413 = FACE_OUTER_BOUND ( 'NONE', #4671, .T. ) ;
#414 = ORIENTED_EDGE ( 'NONE', *, *, #415, .T. ) ;
#415 = EDGE_CURVE ( 'NONE', #4511, #2897, #2169, .T. ) ;
#416 = CARTESIAN_POINT ( 'NONE',  ( -154.5675532238907124, 1076.559999999999945, 25.48978774251308721 ) ) ;
#417 = CARTESIAN_POINT ( 'NONE',  ( -177.8347060208644734, 1075.559999999999945, 9.552397563119125579 ) ) ;
#418 = LINE ( 'NONE', #3154, #843 ) ;
#419 = CARTESIAN_POINT ( 'NONE',  ( -265.5219321203088043, 1076.559999999999945, 2.837808823553189974 ) ) ;
#420 = ORIENTED_EDGE ( 'NONE', *, *, #4814, .T. ) ;
#421 = CARTESIAN_POINT ( 'NONE',  ( -191.1326435263994199, 1071.559999999999945, -31.28251687721536456 ) ) ;
#422 = DIRECTION ( 'NONE',  ( 0.000000000000000000, 0.000000000000000000, 1.000000000000000000 ) ) ;
#423 = AXIS2_PLACEMENT_3D ( 'NONE', #669, #1819, #3356 ) ;
#424 = ORIENTED_EDGE ( 'NONE', *, *, #4174, .F. ) ;
#425 = VERTEX_POINT ( 'NONE', #2551 ) ;
#426 = FACE_OUTER_BOUND ( 'NONE', #2906, .T. ) ;
#427 = CARTESIAN_POINT ( 'NONE',  ( -214.3987120984500905, 1075.559999999999945, 8.852874272441676240 ) ) ;
#428 = CARTESIAN_POINT ( 'NONE',  ( -227.5076778556159240, 1076.160000000000082, 8.453911118182777074 ) ) ;
#429 = CARTESIAN_POINT ( 'NONE',  ( -202.8083584354855589, 1076.559999999999945, 22.14236987475667817 ) ) ;
#430 = CARTESIAN_POINT ( 'NONE',  ( -207.0000000000000000, 1071.559999999999945, 12.74517338218778839 ) ) ;
#431 = CARTESIAN_POINT ( 'NONE',  ( -208.1013072351374831, 1076.159999999999854, 21.22977619805093141 ) ) ;
#432 = EDGE_CURVE ( 'NONE', #4364, #2102, #961, .T. ) ;
#433 = ORIENTED_EDGE ( 'NONE', *, *, #4759, .F. ) ;
#434 = EDGE_CURVE ( 'NONE', #3505, #1497, #2884, .T. ) ;
#435 = CARTESIAN_POINT ( 'NONE',  ( -199.7284476102948645, 1071.559999999999945, 21.23687484048213747 ) ) ;
#436 = ADVANCED_FACE ( 'NONE', ( #3268 ), #3289, .T. ) ;
#437 = ORIENTED_EDGE ( 'NONE', *, *, #1622, .F. ) ;
#438 = LINE ( 'NONE', #1896, #490 ) ;
#439 = VERTEX_POINT ( 'NONE', #2113 ) ;
#440 = CIRCLE ( 'NONE', #271, 10.28966281883528033 ) ;
#441 = LINE ( 'NONE', #4334, #4718 ) ;
#442 = B_SPLINE_SURFACE_WITH_KNOTS ( 'NONE', 3, 1, ( 
 ( #4746, #896 ),
 ( #2462, #846 ),
 ( #1231, #4023 ),
 ( #51, #3277 ),
 ( #3204, #3181 ),
 ( #515, #2417 ),
 ( #2075, #123 ),
 ( #1695, #3255 ),
 ( #4842, #3973 ) ),
 .UNSPECIFIED., .F., .F., .F.,
 ( 4, 1, 1, 1, 1, 1, 4 ),
 ( 2, 2 ),
 ( 0.000000000000000000, 0.003752057358490032413, 0.007504114716980057886, 0.01500822943396011577, 0.02251234415094017366, 0.02626440150943019913, 0.03001645886792022808 ),
 ( 0.000000000000000000, 1.000000000000000000 ),
 .UNSPECIFIED. ) ;
#443 = LINE ( 'NONE', #2004, #4654 ) ;
#444 = EDGE_CURVE ( 'NONE', #2615, #1167, #4424, .T. ) ;
#445 = DIRECTION ( 'NONE',  ( 0.000000000000000000, -1.000000000000000000, 0.000000000000000000 ) ) ;
#446 = VECTOR ( 'NONE', #3623, 1000.000000000000000 ) ;
#447 = CARTESIAN_POINT ( 'NONE',  ( -276.9279722768468446, 1071.559999999999945, 2.022114238081729187 ) ) ;
#448 = CARTESIAN_POINT ( 'NONE',  ( -265.8557205421093954, 1076.559999999999945, 6.670256816194850558 ) ) ;
#449 = DIRECTION ( 'NONE',  ( 0.000000000000000000, 0.000000000000000000, 1.000000000000000000 ) ) ;
#450 = ORIENTED_EDGE ( 'NONE', *, *, #1809, .F. ) ;
#451 = B_SPLINE_CURVE_WITH_KNOTS ( 'NONE', 3,
 ( #1840, #1044, #3400, #328 ),
 .UNSPECIFIED., .F., .F.,
 ( 4, 4 ),
 ( 0.1053064997681881498, 0.1057815385233631528 ),
 .UNSPECIFIED. ) ;
#452 = ORIENTED_EDGE ( 'NONE', *, *, #556, .F. ) ;
#453 = LINE ( 'NONE', #400, #3056 ) ;
#454 = DIRECTION ( 'NONE',  ( 0.000000000000000000, 1.000000000000000000, 0.000000000000000000 ) ) ;
#455 = LINE ( 'NONE', #758, #2330 ) ;
#456 = CYLINDRICAL_SURFACE ( 'NONE', #4651, 8.289662818848576364 ) ;
#457 = DIRECTION ( 'NONE',  ( 0.9844586094830473089, 0.000000000000000000, 0.1756167594926664466 ) ) ;
#458 = ORIENTED_EDGE ( 'NONE', *, *, #802, .F. ) ;
#459 = CARTESIAN_POINT ( 'NONE',  ( -292.7816016975697835, 1076.559999999999945, 2.342604849884805773 ) ) ;
#460 = ORIENTED_EDGE ( 'NONE', *, *, #3069, .F. ) ;
#461 = DIRECTION ( 'NONE',  ( 0.000000000000000000, -1.000000000000000000, 0.000000000000000000 ) ) ;
#462 = EDGE_LOOP ( 'NONE', ( #2335, #4534, #3955, #551, #2766, #1757 ) ) ;
#463 = CIRCLE ( 'NONE', #1276, 0.6010667131491724824 ) ;
#464 = EDGE_CURVE ( 'NONE', #4148, #3427, #2065, .T. ) ;
#465 = CARTESIAN_POINT ( 'NONE',  ( -164.2408507512692211, 1076.559999999999945, 24.50836570411415138 ) ) ;
#466 = DIRECTION ( 'NONE',  ( 0.000000000000000000, 1.000000000000000000, -0.000000000000000000 ) ) ;
#467 = LINE ( 'NONE', #2027, #1910 ) ;
#468 = VECTOR ( 'NONE', #2643, 1000.000000000000000 ) ;
#469 = CARTESIAN_POINT ( 'NONE',  ( -300.0000000000000000, 1076.559999999999945, -0.1621621621621254228 ) ) ;
#470 = EDGE_CURVE ( 'NONE', #286, #3433, #4058, .T. ) ;
#471 = VERTEX_POINT ( 'NONE', #114 ) ;
#472 = CARTESIAN_POINT ( 'NONE',  ( -259.4640068570307108, 1076.559999999999945, 8.261595196954861109 ) ) ;
#473 = LINE ( 'NONE', #3539, #4606 ) ;
#474 = ORIENTED_EDGE ( 'NONE', *, *, #1621, .F. ) ;
#475 = EDGE_CURVE ( 'NONE', #577, #186, #4857, .T. ) ;
#476 = ORIENTED_EDGE ( 'NONE', *, *, #2981, .F. ) ;
#477 = LINE ( 'NONE', #36, #4526 ) ;
#478 = DIRECTION ( 'NONE',  ( 0.01060253998720758761, 0.000000000000000000, -0.9999437914932116644 ) ) ;
#479 = DIRECTION ( 'NONE',  ( -0.9997746533195408514, -0.000000000000000000, -0.02122834378352999457 ) ) ;
#480 = LINE ( 'NONE', #2761, #2930 ) ;
#481 = CARTESIAN_POINT ( 'NONE',  ( -208.9218591136550742, 1071.559999999999945, 21.08485684542692695 ) ) ;
#482 = EDGE_LOOP ( 'NONE', ( #1009, #1373, #5042, #2083 ) ) ;
#483 = AXIS2_PLACEMENT_3D ( 'NONE', #327, #1890, #3448 ) ;
#484 = B_SPLINE_CURVE_WITH_KNOTS ( 'NONE', 3,
 ( #2772, #4338, #2442, #2418 ),
 .UNSPECIFIED., .F., .F.,
 ( 4, 4 ),
 ( 0.8257716611427050601, 0.8303174517985441039 ),
 .UNSPECIFIED. ) ;
#485 = CARTESIAN_POINT ( 'NONE',  ( -164.2408507512692211, 1076.559999999999945, 24.50836570411415138 ) ) ;
#486 = EDGE_LOOP ( 'NONE', ( #3738, #4374, #260, #4866 ) ) ;
#487 = CARTESIAN_POINT ( 'NONE',  ( -111.7890298152393882, 1075.559999999999945, 11.46489243595243757 ) ) ;
#488 = ORIENTED_EDGE ( 'NONE', *, *, #2658, .F. ) ;
#489 = VECTOR ( 'NONE', #5026, 1000.000000000000000 ) ;
#490 = VECTOR ( 'NONE', #2000, 1000.000000000000000 ) ;
#491 = FACE_BOUND ( 'NONE', #1273, .T. ) ;
#492 = CARTESIAN_POINT ( 'NONE',  ( -265.5219321219680637, 1071.559999999999945, 2.837808823443983997 ) ) ;
#493 = CARTESIAN_POINT ( 'NONE',  ( -100.5531540498221830, 1071.559999999999945, 11.16271731101021381 ) ) ;
#494 = ORIENTED_EDGE ( 'NONE', *, *, #2473, .T. ) ;
#495 = CARTESIAN_POINT ( 'NONE',  ( -274.1238790074316398, 1076.559999999999945, 2.239275516408815836 ) ) ;
#496 = VERTEX_POINT ( 'NONE', #2141 ) ;
#497 = DIRECTION ( 'NONE',  ( 0.000000000000000000, 1.000000000000000000, 0.000000000000000000 ) ) ;
#498 = ADVANCED_FACE ( 'NONE', ( #532 ), #4772, .F. ) ;
#499 = ADVANCED_FACE ( 'NONE', ( #3317 ), #4880, .T. ) ;
#500 = CARTESIAN_POINT ( 'NONE',  ( 0.000000000000000000, 1076.160000000000082, 0.000000000000000000 ) ) ;
#501 = LINE ( 'NONE', #879, #546 ) ;
#502 = ORIENTED_EDGE ( 'NONE', *, *, #2781, .F. ) ;
#503 = CARTESIAN_POINT ( 'NONE',  ( -209.0859260276425289, 1071.559999999999945, 21.05576183635142584 ) ) ;
#504 = EDGE_CURVE ( 'NONE', #2566, #3044, #4777, .T. ) ;
#505 = DIRECTION ( 'NONE',  ( 0.9996385584632171417, 0.000000000000000000, -0.02688405537825548641 ) ) ;
#506 = CARTESIAN_POINT ( 'NONE',  ( -133.3568342694792932, 1076.559999999999945, 9.271286723260869778 ) ) ;
#507 = CARTESIAN_POINT ( 'NONE',  ( 0.5721654584182909176, 1071.559999999999945, 21.27501398164598356 ) ) ;
#508 = ORIENTED_EDGE ( 'NONE', *, *, #3687, .F. ) ;
#509 = CARTESIAN_POINT ( 'NONE',  ( -290.3110310810689043, 1076.559999999999945, 3.099905874881267120 ) ) ;
#510 = ORIENTED_EDGE ( 'NONE', *, *, #2846, .T. ) ;
#511 = LINE ( 'NONE', #2070, #4171 ) ;
#512 = VERTEX_POINT ( 'NONE', #296 ) ;
#513 = FACE_BOUND ( 'NONE', #2023, .T. ) ;
#514 = CARTESIAN_POINT ( 'NONE',  ( -285.1034899448663396, 1071.559999999999945, 1.323141469737680875 ) ) ;
#515 = CARTESIAN_POINT ( 'NONE',  ( -285.9904385892309051, 1071.559999999999945, 3.527721545625652766 ) ) ;
#516 = VERTEX_POINT ( 'NONE', #322 ) ;
#517 = FACE_OUTER_BOUND ( 'NONE', #4183, .T. ) ;
#518 = EDGE_LOOP ( 'NONE', ( #1419, #4306, #2782, #3404 ) ) ;
#519 = VECTOR ( 'NONE', #4490, 1000.000000000000114 ) ;
#520 = CARTESIAN_POINT ( 'NONE',  ( -260.8337779112932253, 1076.160000000000082, 6.940564282576517918 ) ) ;
#521 = EDGE_CURVE ( 'NONE', #4073, #2102, #346, .T. ) ;
#522 = PLANE ( 'NONE',  #4408 ) ;
#523 = AXIS2_PLACEMENT_3D ( 'NONE', #240, #2979, #5001 ) ;
#524 = EDGE_CURVE ( 'NONE', #3396, #286, #1347, .T. ) ;
#525 = EDGE_CURVE ( 'NONE', #607, #3498, #3857, .T. ) ;
#526 = CARTESIAN_POINT ( 'NONE',  ( -151.9060143339743547, 1071.559999999999945, 9.644634931176618409 ) ) ;
#527 = ORIENTED_EDGE ( 'NONE', *, *, #2089, .F. ) ;
#528 = CARTESIAN_POINT ( 'NONE',  ( -201.9202256176888568, 1076.559999999999718, 23.10351947040018672 ) ) ;
#529 = CARTESIAN_POINT ( 'NONE',  ( -196.7460255135926559, 1071.559999999999945, 11.88892099099184030 ) ) ;
#530 = CARTESIAN_POINT ( 'NONE',  ( -115.5180971449239138, 1071.559999999999945, 7.824897445543522956 ) ) ;
#531 = ADVANCED_FACE ( 'NONE', ( #3395 ), #1067, .T. ) ;
#532 = FACE_OUTER_BOUND ( 'NONE', #639, .T. ) ;
#533 = ORIENTED_EDGE ( 'NONE', *, *, #654, .T. ) ;
#534 = DIRECTION ( 'NONE',  ( -0.6755766284714695979, -0.000000000000000000, -0.7372897795732163972 ) ) ;
#535 = CARTESIAN_POINT ( 'NONE',  ( -190.7528261741829567, 1075.559999999999945, 21.03932599842007178 ) ) ;
#536 = CARTESIAN_POINT ( 'NONE',  ( -244.8321065277064008, 1075.559999999999945, 7.777216711856437925 ) ) ;
#537 = VERTEX_POINT ( 'NONE', #4551 ) ;
#538 = B_SPLINE_CURVE_WITH_KNOTS ( 'NONE', 3,
 ( #4386, #4822, #3683, #4460, #4074, #100, #2056 ),
 .UNSPECIFIED., .F., .F.,
 ( 4, 1, 1, 1, 4 ),
 ( 0.09692444223303886552, 0.09740275825444758007, 0.09788107427587411369, 0.09835939029730064731, 0.09883770631874498613 ),
 .UNSPECIFIED. ) ;
#539 = LINE ( 'NONE', #1399, #2346 ) ;
#540 = EDGE_CURVE ( 'NONE', #4150, #3919, #1911, .T. ) ;
#541 = CARTESIAN_POINT ( 'NONE',  ( -128.1061509150808320, 1071.559999999999945, 27.97564465478143347 ) ) ;
#542 = CARTESIAN_POINT ( 'NONE',  ( -113.5068429449937497, 1071.559999999999945, 9.335759885576655037 ) ) ;
#543 = ORIENTED_EDGE ( 'NONE', *, *, #2724, .T. ) ;
#544 = LINE ( 'NONE', #2464, #1216 ) ;
#545 = ORIENTED_EDGE ( 'NONE', *, *, #80, .F. ) ;
#546 = VECTOR ( 'NONE', #4082, 1000.000000000000000 ) ;
#547 = CARTESIAN_POINT ( 'NONE',  ( -195.6463559078458445, 1071.559999999999945, 20.27733546108195739 ) ) ;
#548 = VECTOR ( 'NONE', #3806, 999.9999999999998863 ) ;
#549 = CARTESIAN_POINT ( 'NONE',  ( -205.0226850522793427, 1076.160000000000082, 18.72112452389662707 ) ) ;
#550 = CARTESIAN_POINT ( 'NONE',  ( -213.2678935476478443, 1076.160000000000082, 8.883460927920250327 ) ) ;
#551 = ORIENTED_EDGE ( 'NONE', *, *, #1755, .F. ) ;
#552 = CARTESIAN_POINT ( 'NONE',  ( -207.3627706221427047, 1076.160000000000082, 19.12716558964351066 ) ) ;
#553 = DIRECTION ( 'NONE',  ( 0.2442954651670563027, 0.000000000000000000, -0.9697008434041973768 ) ) ;
#554 = CARTESIAN_POINT ( 'NONE',  ( -117.3872845654308179, 1076.559999999999945, 27.32359723883181246 ) ) ;
#555 = ORIENTED_EDGE ( 'NONE', *, *, #3525, .T. ) ;
#556 = EDGE_CURVE ( 'NONE', #4134, #2615, #4523, .T. ) ;
#557 = CARTESIAN_POINT ( 'NONE',  ( -266.3727187654356499, 987.6799999999998363, 3.583167371676566404 ) ) ;
#558 = ORIENTED_EDGE ( 'NONE', *, *, #4057, .F. ) ;
#559 = LINE ( 'NONE', #3297, #3164 ) ;
#560 = CARTESIAN_POINT ( 'NONE',  ( -255.8870986851620160, 1075.559999999999945, 7.681003567253958053 ) ) ;
#561 = CARTESIAN_POINT ( 'NONE',  ( -188.4128544194610129, 1075.559999999999945, 19.10625565341862853 ) ) ;
#562 = CARTESIAN_POINT ( 'NONE',  ( -255.0873318160392671, 1076.160000000000082, 7.269166107440369728 ) ) ;
#563 = ORIENTED_EDGE ( 'NONE', *, *, #3812, .T. ) ;
#564 = VECTOR ( 'NONE', #3878, 999.9999999999998863 ) ;
#565 = VECTOR ( 'NONE', #2896, 999.9999999999998863 ) ;
#566 = DIRECTION ( 'NONE',  ( 3.348215267877944312E-15, 0.000000000000000000, 1.000000000000000000 ) ) ;
#567 = VERTEX_POINT ( 'NONE', #1886 ) ;
#568 = EDGE_LOOP ( 'NONE', ( #4637, #667, #2790, #399 ) ) ;
#569 = AXIS2_PLACEMENT_3D ( 'NONE', #5057, #3909, #1599 ) ;
#570 = CARTESIAN_POINT ( 'NONE',  ( -195.3360694465488905, 1071.559999999999945, 9.294554018944200635 ) ) ;
#571 = CARTESIAN_POINT ( 'NONE',  ( -205.5936947258637417, 1071.559999999999945, 22.47887061952034671 ) ) ;
#572 = CARTESIAN_POINT ( 'NONE',  ( -270.6058122691731000, 1076.160000000000082, 7.731282320555692422 ) ) ;
#573 = ORIENTED_EDGE ( 'NONE', *, *, #1904, .T. ) ;
#574 = CARTESIAN_POINT ( 'NONE',  ( -114.4461369916279239, 1075.559999999999945, 8.572950447545627739 ) ) ;
#575 = CARTESIAN_POINT ( 'NONE',  ( -300.0000000000000000, 1076.559999999999945, 0.000000000000000000 ) ) ;
#576 = CARTESIAN_POINT ( 'NONE',  ( -133.3568342694792932, 1076.559999999999945, 9.271286723260869778 ) ) ;
#577 = VERTEX_POINT ( 'NONE', #1039 ) ;
#578 = B_SPLINE_CURVE_WITH_KNOTS ( 'NONE', 3,
 ( #1086, #679, #3392, #3855, #4953, #4241, #3084 ),
 .UNSPECIFIED., .F., .F.,
 ( 4, 1, 1, 1, 4 ),
 ( 0.09692444223303886552, 0.09740275825444758007, 0.09788107427587411369, 0.09835939029730064731, 0.09883770631874498613 ),
 .UNSPECIFIED. ) ;
#579 = DIRECTION ( 'NONE',  ( 0.1615200779517748375, 0.000000000000000000, -0.9868694262254011917 ) ) ;
#580 = CARTESIAN_POINT ( 'NONE',  ( -274.6155771348952612, 1071.559999999999945, 2.997052627296134197 ) ) ;
#581 = ORIENTED_EDGE ( 'NONE', *, *, #2779, .F. ) ;
#582 = EDGE_CURVE ( 'NONE', #3102, #1745, #3037, .T. ) ;
#583 = CARTESIAN_POINT ( 'NONE',  ( -199.0895064422829819, 1076.160000000000082, -35.30583704478860341 ) ) ;
#584 = EDGE_CURVE ( 'NONE', #3664, #2256, #4170, .T. ) ;
#585 = EDGE_LOOP ( 'NONE', ( #1098, #4009, #3682, #3383 ) ) ;
#586 = EDGE_CURVE ( 'NONE', #577, #4836, #2607, .T. ) ;
#587 = DIRECTION ( 'NONE',  ( 0.000000000000000000, -1.000000000000000000, 0.000000000000000000 ) ) ;
#588 = LINE ( 'NONE', #996, #4285 ) ;
#589 = CARTESIAN_POINT ( 'NONE',  ( -260.8337779112932253, 1076.160000000000082, 6.940564282576517918 ) ) ;
#590 = VERTEX_POINT ( 'NONE', #4218 ) ;
#591 = CARTESIAN_POINT ( 'NONE',  ( -187.6898994665143050, 1076.559999999999945, 10.88360650331931012 ) ) ;
#592 = VERTEX_POINT ( 'NONE', #3369 ) ;
#593 = VERTEX_POINT ( 'NONE', #634 ) ;
#594 = ADVANCED_FACE ( 'NONE', ( #2225 ), #1168, .T. ) ;
#595 = CARTESIAN_POINT ( 'NONE',  ( -204.6840424348300189, 1071.559999999999945, 19.59130311651804845 ) ) ;
#596 = CARTESIAN_POINT ( 'NONE',  ( -203.4950804227415233, 1071.559999999999945, 22.83819049947048896 ) ) ;
#597 = MANIFOLD_SOLID_BREP ( 'Boss-Extrude29', #1543 ) ;
#598 = VECTOR ( 'NONE', #5004, 1000.000000000000114 ) ;
#599 = FACE_OUTER_BOUND ( 'NONE', #2539, .T. ) ;
#600 = VECTOR ( 'NONE', #4972, 1000.000000000000000 ) ;
#601 = CARTESIAN_POINT ( 'NONE',  ( -190.0016062505970922, 1076.559999999999945, 21.15314922413213949 ) ) ;
#602 = ORIENTED_EDGE ( 'NONE', *, *, #4908, .T. ) ;
#603 = CARTESIAN_POINT ( 'NONE',  ( -0.2853840190707158109, 1071.559999999999945, 13.44050725948424407 ) ) ;
#604 = CARTESIAN_POINT ( 'NONE',  ( -190.0016062505970922, 1076.559999999999945, 21.15314922413213949 ) ) ;
#605 = AXIS2_PLACEMENT_3D ( 'NONE', #4010, #2399, #1629 ) ;
#606 = CARTESIAN_POINT ( 'NONE',  ( -251.4243920417408162, 1076.160000000000082, 7.965703907404510176 ) ) ;
#607 = VERTEX_POINT ( 'NONE', #390 ) ;
#608 = CARTESIAN_POINT ( 'NONE',  ( -145.7690503019791208, 1076.559999999999945, 26.18834114502518062 ) ) ;
#609 = CARTESIAN_POINT ( 'NONE',  ( -113.5285485838877975, 1071.559999999999945, 8.528672068350594770 ) ) ;
#610 = VECTOR ( 'NONE', #4854, 1000.000000000000114 ) ;
#611 = B_SPLINE_CURVE_WITH_KNOTS ( 'NONE', 3,
 ( #3267, #1291, #2928, #985, #2496 ),
 .UNSPECIFIED., .F., .F.,
 ( 4, 1, 4 ),
 ( 0.8785003871908376727, 0.8787945019262066726, 0.8925888473526895073 ),
 .UNSPECIFIED. ) ;
#612 = CARTESIAN_POINT ( 'NONE',  ( -141.1614346981550625, 1071.559999999999945, 27.35412429335869788 ) ) ;
#613 = ORIENTED_EDGE ( 'NONE', *, *, #2788, .F. ) ;
#614 = DIRECTION ( 'NONE',  ( -0.02688405537871830370, -0.000000000000000000, -0.9996385584632047072 ) ) ;
#615 = ORIENTED_EDGE ( 'NONE', *, *, #1268, .F. ) ;
#616 = FACE_OUTER_BOUND ( 'NONE', #3839, .T. ) ;
#617 = CARTESIAN_POINT ( 'NONE',  ( -240.8210911555593725, 1076.160000000000082, 7.953508479292822564 ) ) ;
#618 = CARTESIAN_POINT ( 'NONE',  ( -253.0423473113287969, 1076.160000000000082, 8.955332985767435972 ) ) ;
#619 = ORIENTED_EDGE ( 'NONE', *, *, #2443, .F. ) ;
#620 = CARTESIAN_POINT ( 'NONE',  ( -200.0871256530375035, 1071.559999999999945, 20.36680898016317443 ) ) ;
#621 = VERTEX_POINT ( 'NONE', #3053 ) ;
#622 = ADVANCED_FACE ( 'NONE', ( #674 ), #1483, .F. ) ;
#623 = ORIENTED_EDGE ( 'NONE', *, *, #884, .T. ) ;
#624 = CARTESIAN_POINT ( 'NONE',  ( -213.8241092923920519, 1076.160000000000082, 17.18689246815576510 ) ) ;
#625 = CARTESIAN_POINT ( 'NONE',  ( -200.3448264661655287, 1071.559999999999945, 23.36519103574086742 ) ) ;
#626 = CARTESIAN_POINT ( 'NONE',  ( 0.000000000000000000, 1076.160000000000082, 0.000000000000000000 ) ) ;
#627 = ADVANCED_FACE ( 'NONE', ( #2336 ), #1927, .F. ) ;
#628 = VECTOR ( 'NONE', #1361, 1000.000000000000000 ) ;
#629 = CARTESIAN_POINT ( 'NONE',  ( -198.8098066529176435, 1071.559999999999945, 20.57702700072442425 ) ) ;
#630 = ORIENTED_EDGE ( 'NONE', *, *, #1750, .F. ) ;
#631 = CARTESIAN_POINT ( 'NONE',  ( -202.0950758117649855, 1076.559999999999718, 22.26253587117216171 ) ) ;
#632 = PLANE ( 'NONE',  #3050 ) ;
#633 = EDGE_CURVE ( 'NONE', #3105, #3264, #1847, .T. ) ;
#634 = CARTESIAN_POINT ( 'NONE',  ( -133.9566291355089902, 1076.559999999999945, 9.286974893465032466 ) ) ;
#635 = ORIENTED_EDGE ( 'NONE', *, *, #1132, .F. ) ;
#636 = CARTESIAN_POINT ( 'NONE',  ( -114.1403301990448682, 1075.559999999999945, 8.558357345100571223 ) ) ;
#637 = DIRECTION ( 'NONE',  ( 0.6888675014061123036, 0.000000000000000000, 0.7248872777932442446 ) ) ;
#638 = CARTESIAN_POINT ( 'NONE',  ( -172.8587101762493887, 1076.559999999999945, 24.44703151162762822 ) ) ;
#639 = EDGE_LOOP ( 'NONE', ( #4341, #1456, #3993, #2514 ) ) ;
#640 = CARTESIAN_POINT ( 'NONE',  ( -113.0233135672802405, 1076.559999999999945, 27.31498970425845485 ) ) ;
#641 = ORIENTED_EDGE ( 'NONE', *, *, #1908, .T. ) ;
#642 = CARTESIAN_POINT ( 'NONE',  ( -164.3938166502456966, 1076.559999999999945, 9.632323722520098386 ) ) ;
#643 = CARTESIAN_POINT ( 'NONE',  ( -187.8555102931843237, 1075.559999999999945, 17.45826335425561382 ) ) ;
#644 = DIRECTION ( 'NONE',  ( -0.6755766284709778802, -0.000000000000000000, -0.7372897795736670368 ) ) ;
#645 = ORIENTED_EDGE ( 'NONE', *, *, #2313, .T. ) ;
#646 = CARTESIAN_POINT ( 'NONE',  ( -202.5706112383104482, 1076.559999999999945, 22.18250123608388336 ) ) ;
#647 = ORIENTED_EDGE ( 'NONE', *, *, #3005, .F. ) ;
#648 = VERTEX_POINT ( 'NONE', #4235 ) ;
#649 = FACE_OUTER_BOUND ( 'NONE', #1648, .T. ) ;
#650 = VECTOR ( 'NONE', #77, 1000.000000000000000 ) ;
#651 = CARTESIAN_POINT ( 'NONE',  ( -204.0631272397255032, 1071.559999999999945, 9.111841880134704752 ) ) ;
#652 = CARTESIAN_POINT ( 'NONE',  ( -79.60021247432550240, 1075.559999999999945, -83.76237986898325971 ) ) ;
#653 = CIRCLE ( 'NONE', #1303, 9.000000000001181277 ) ;
#654 = EDGE_CURVE ( 'NONE', #1671, #3433, #3819, .T. ) ;
#655 = DIRECTION ( 'NONE',  ( 0.000000000000000000, 1.000000000000000000, 0.000000000000000000 ) ) ;
#656 = ORIENTED_EDGE ( 'NONE', *, *, #803, .T. ) ;
#657 = ADVANCED_FACE ( 'NONE', ( #3870 ), #4282, .T. ) ;
#658 = LINE ( 'NONE', #3777, #489 ) ;
#659 = CARTESIAN_POINT ( 'NONE',  ( -200.1924347584526060, 1071.559999999999945, 22.57920569689095913 ) ) ;
#660 = CARTESIAN_POINT ( 'NONE',  ( -134.1085022721686926, 1075.559999999999945, 3.550555210029526787 ) ) ;
#661 = ORIENTED_EDGE ( 'NONE', *, *, #3523, .T. ) ;
#662 = EDGE_CURVE ( 'NONE', #1559, #180, #463, .T. ) ;
#663 = LINE ( 'NONE', #5007, #847 ) ;
#664 = DIRECTION ( 'NONE',  ( -0.000000000000000000, -1.000000000000000000, -0.000000000000000000 ) ) ;
#665 = VERTEX_POINT ( 'NONE', #1951 ) ;
#666 = LINE ( 'NONE', #3836, #1115 ) ;
#667 = ORIENTED_EDGE ( 'NONE', *, *, #3135, .F. ) ;
#668 = CARTESIAN_POINT ( 'NONE',  ( -123.5565654830479332, 1076.160000000000082, 129.7396513526184947 ) ) ;
#669 = CARTESIAN_POINT ( 'NONE',  ( -104.2954391588726253, 1075.559999999999945, -109.7488803342781409 ) ) ;
#670 = ORIENTED_EDGE ( 'NONE', *, *, #1360, .F. ) ;
#671 = DIRECTION ( 'NONE',  ( 0.000000000000000000, 1.000000000000000000, 0.000000000000000000 ) ) ;
#672 = ORIENTED_EDGE ( 'NONE', *, *, #2827, .T. ) ;
#673 = VERTEX_POINT ( 'NONE', #1537 ) ;
#674 = FACE_OUTER_BOUND ( 'NONE', #3501, .T. ) ;
#675 = CARTESIAN_POINT ( 'NONE',  ( -205.8704644794069907, 1076.160000000000082, 18.57560710172811014 ) ) ;
#676 = DIRECTION ( 'NONE',  ( 0.000000000000000000, 1.000000000000000000, 0.000000000000000000 ) ) ;
#677 = CARTESIAN_POINT ( 'NONE',  ( -179.1318213269134105, 1075.559999999999945, -1.899359058738946615 ) ) ;
#678 = DIRECTION ( 'NONE',  ( -0.000000000000000000, -1.000000000000000000, -0.000000000000000000 ) ) ;
#679 = CARTESIAN_POINT ( 'NONE',  ( -208.9218591129075548, 1071.559999999999945, 21.08485684555923356 ) ) ;
#680 = CARTESIAN_POINT ( 'NONE',  ( -260.8576000463327773, 1076.160000000000082, 7.086686038637493468 ) ) ;
#681 = CIRCLE ( 'NONE', #1495, 8.289662818848574588 ) ;
#682 = EDGE_CURVE ( 'NONE', #4454, #1674, #3106, .T. ) ;
#683 = ORIENTED_EDGE ( 'NONE', *, *, #4166, .T. ) ;
#684 = CARTESIAN_POINT ( 'NONE',  ( -252.2572995699182741, 1076.559999999999718, 6.637396135036434330 ) ) ;
#685 = VERTEX_POINT ( 'NONE', #1 ) ;
#686 = AXIS2_PLACEMENT_3D ( 'NONE', #2451, #830, #3142 ) ;
#687 = CARTESIAN_POINT ( 'NONE',  ( -206.1180856855522165, 1071.559999999999945, 22.38807029477560917 ) ) ;
#688 = CARTESIAN_POINT ( 'NONE',  ( -253.0423473113287969, 1076.160000000000082, 8.955332985767435972 ) ) ;
#689 = ORIENTED_EDGE ( 'NONE', *, *, #3678, .T. ) ;
#690 = EDGE_CURVE ( 'NONE', #386, #3409, #3000, .T. ) ;
#691 = CARTESIAN_POINT ( 'NONE',  ( -265.7189512413806938, 1071.559999999999945, 5.831332410554418644 ) ) ;
#692 = ORIENTED_EDGE ( 'NONE', *, *, #4373, .F. ) ;
#693 = CARTESIAN_POINT ( 'NONE',  ( -210.0140581964119235, 1071.559999999999945, 21.70323821965499533 ) ) ;
#694 = ORIENTED_EDGE ( 'NONE', *, *, #151, .F. ) ;
#695 = PLANE ( 'NONE',  #4575 ) ;
#696 = VERTEX_POINT ( 'NONE', #4766 ) ;
#697 = ORIENTED_EDGE ( 'NONE', *, *, #1118, .T. ) ;
#698 = CARTESIAN_POINT ( 'NONE',  ( -65.32499969353176539, 1075.559999999999945, -106.8005475999426608 ) ) ;
#699 = CARTESIAN_POINT ( 'NONE',  ( -207.6959565576754301, 1076.559999999999945, 22.11326104438594697 ) ) ;
#700 = LINE ( 'NONE', #2309, #3139 ) ;
#701 = FACE_OUTER_BOUND ( 'NONE', #2696, .T. ) ;
#702 = LINE ( 'NONE', #316, #4938 ) ;
#703 = CARTESIAN_POINT ( 'NONE',  ( -206.9999999999983515, 1076.559999999999945, 22.23483620102785352 ) ) ;
#704 = LINE ( 'NONE', #243, #3510 ) ;
#705 = CARTESIAN_POINT ( 'NONE',  ( -213.8241093199533225, 1071.559999999999945, 17.18689246290024641 ) ) ;
#706 = VERTEX_POINT ( 'NONE', #1277 ) ;
#707 = CARTESIAN_POINT ( 'NONE',  ( -203.4950804227403012, 1071.559999999999945, 22.83819049947062751 ) ) ;
#708 = AXIS2_PLACEMENT_3D ( 'NONE', #576, #2476, #3621 ) ;
#709 = LINE ( 'NONE', #3832, #323 ) ;
#710 = VERTEX_POINT ( 'NONE', #3152 ) ;
#711 = FACE_OUTER_BOUND ( 'NONE', #4245, .T. ) ;
#712 = EDGE_CURVE ( 'NONE', #186, #4839, #441, .T. ) ;
#713 = ORIENTED_EDGE ( 'NONE', *, *, #3770, .F. ) ;
#714 = EDGE_CURVE ( 'NONE', #1791, #673, #1252, .T. ) ;
#715 = DIRECTION ( 'NONE',  ( -0.7241518884010720303, -0.000000000000000000, -0.6896405168819197407 ) ) ;
#716 = VERTEX_POINT ( 'NONE', #2745 ) ;
#717 = DIRECTION ( 'NONE',  ( -0.1615200779515907903, 0.000000000000000000, 0.9868694262254312788 ) ) ;
#718 = EDGE_LOOP ( 'NONE', ( #3982, #3957, #282, #1068 ) ) ;
#719 = VERTEX_POINT ( 'NONE', #3969 ) ;
#720 = CARTESIAN_POINT ( 'NONE',  ( -57.13222982526927041, 1075.559999999999945, 61.90651317224558881 ) ) ;
#721 = CARTESIAN_POINT ( 'NONE',  ( -207.2320098774881387, 1076.559999999999945, 22.19438563647893403 ) ) ;
#722 = EDGE_CURVE ( 'NONE', #1926, #4798, #3557, .T. ) ;
#723 = CARTESIAN_POINT ( 'NONE',  ( -123.3137327467877640, 1071.559999999999945, 27.25623171729949945 ) ) ;
#724 = LINE ( 'NONE', #1617, #2524 ) ;
#725 = DIRECTION ( 'NONE',  ( -9.760710758162922365E-12, 0.000000000000000000, 1.000000000000000000 ) ) ;
#726 = B_SPLINE_CURVE_WITH_KNOTS ( 'NONE', 3,
 ( #3300, #1766, #3090, #2592 ),
 .UNSPECIFIED., .F., .F.,
 ( 4, 4 ),
 ( 0.1389052602008564175, 0.1400897950132578285 ),
 .UNSPECIFIED. ) ;
#727 = CARTESIAN_POINT ( 'NONE',  ( -227.5076778544629690, 1075.559999999999945, 8.453911119396014584 ) ) ;
#728 = DIRECTION ( 'NONE',  ( -0.000000000000000000, -1.000000000000000000, -0.000000000000000000 ) ) ;
#729 = CIRCLE ( 'NONE', #3752, 0.3999999999999871436 ) ;
#730 = VECTOR ( 'NONE', #3875, 1000.000000000000000 ) ;
#731 = CARTESIAN_POINT ( 'NONE',  ( -225.0224362187566953, 1071.559999999999945, 15.05154234427599036 ) ) ;
#732 = ORIENTED_EDGE ( 'NONE', *, *, #5061, .F. ) ;
#733 = CARTESIAN_POINT ( 'NONE',  ( -282.6978133706207927, 1071.559999999999945, 5.318962716773922850 ) ) ;
#734 = DIRECTION ( 'NONE',  ( -0.7248872777926366195, 0.000000000000000000, 0.6888675014067515701 ) ) ;
#735 = ORIENTED_EDGE ( 'NONE', *, *, #3567, .F. ) ;
#736 = CARTESIAN_POINT ( 'NONE',  ( -132.7570495598770890, 1076.559999999999945, 9.255214942794436794 ) ) ;
#737 = ORIENTED_EDGE ( 'NONE', *, *, #4845, .T. ) ;
#738 = CARTESIAN_POINT ( 'NONE',  ( -208.6235393136655887, 1071.559999999999945, 21.95012547425757887 ) ) ;
#739 = VERTEX_POINT ( 'NONE', #4404 ) ;
#740 = CARTESIAN_POINT ( 'NONE',  ( -269.9384435895143497, 1076.160000000000082, 3.340010526439208149 ) ) ;
#741 = ORIENTED_EDGE ( 'NONE', *, *, #4501, .F. ) ;
#742 = EDGE_CURVE ( 'NONE', #2332, #4467, #2822, .T. ) ;
#743 = EDGE_CURVE ( 'NONE', #4295, #4754, #2026, .T. ) ;
#744 = ADVANCED_FACE ( 'NONE', ( #3202, #819, #49, #491, #2414, #2438, #4021, #1613, #4307, #513, #2003, #894, #1666, #3579, #2024, #3628, #2073 ), #3230, .F. ) ;
#745 = ORIENTED_EDGE ( 'NONE', *, *, #4132, .T. ) ;
#746 = CARTESIAN_POINT ( 'NONE',  ( -264.1907845933566250, 1071.559999999999945, -17.38774865901275035 ) ) ;
#747 = CARTESIAN_POINT ( 'NONE',  ( -209.7823812563222248, 1076.559999999999945, 21.74456607994692448 ) ) ;
#748 = DIRECTION ( 'NONE',  ( -0.000000000000000000, -1.000000000000000000, -0.000000000000000000 ) ) ;
#749 = CARTESIAN_POINT ( 'NONE',  ( -260.8337779111441250, 1071.559999999999945, 6.940564282585498290 ) ) ;
#750 = EDGE_CURVE ( 'NONE', #4399, #516, #1565, .T. ) ;
#751 = FACE_OUTER_BOUND ( 'NONE', #3068, .T. ) ;
#752 = CARTESIAN_POINT ( 'NONE',  ( -208.8400884915487836, 1076.160000000000082, 19.67766512372449128 ) ) ;
#753 = CARTESIAN_POINT ( 'NONE',  ( -195.6463559078458445, 1071.559999999999945, 20.27733546108195739 ) ) ;
#754 = ORIENTED_EDGE ( 'NONE', *, *, #1872, .F. ) ;
#755 = CARTESIAN_POINT ( 'NONE',  ( -200.4954640087551923, 1076.559999999999718, 8.438484520300974623 ) ) ;
#756 = VERTEX_POINT ( 'NONE', #794 ) ;
#757 = CARTESIAN_POINT ( 'NONE',  ( -272.0829353892401059, 1071.559999999999945, 8.182179439901650753 ) ) ;
#758 = CARTESIAN_POINT ( 'NONE',  ( -248.2263911974838493, 1071.559999999999945, 10.06564403484831161 ) ) ;
#759 = CARTESIAN_POINT ( 'NONE',  ( -190.1890343107854449, 1071.559999999999945, 9.385866078296773551 ) ) ;
#760 = DIRECTION ( 'NONE',  ( 0.000000000000000000, 0.000000000000000000, 1.000000000000000000 ) ) ;
#761 = CARTESIAN_POINT ( 'NONE',  ( -171.0000680293060213, 1076.559999999999945, 23.74827596676725250 ) ) ;
#762 = ORIENTED_EDGE ( 'NONE', *, *, #742, .T. ) ;
#763 = CARTESIAN_POINT ( 'NONE',  ( -277.4549981299106776, 1076.559999999999945, 6.762558882593997289 ) ) ;
#764 = ORIENTED_EDGE ( 'NONE', *, *, #1975, .F. ) ;
#765 = CARTESIAN_POINT ( 'NONE',  ( -290.1604015055179389, 1071.559999999999945, 1.637864100023359581 ) ) ;
#766 = VECTOR ( 'NONE', #2800, 1000.000000000000000 ) ;
#767 = VERTEX_POINT ( 'NONE', #74 ) ;
#768 = ORIENTED_EDGE ( 'NONE', *, *, #4440, .T. ) ;
#769 = FILL_AREA_STYLE ('',( #1080 ) ) ;
#770 = CARTESIAN_POINT ( 'NONE',  ( -208.6235393136658445, 1071.559999999999945, 21.95012547425750782 ) ) ;
#771 = PLANE ( 'NONE',  #2569 ) ;
#772 = VECTOR ( 'NONE', #4805, 1000.000000000000114 ) ;
#773 = CARTESIAN_POINT ( 'NONE',  ( -128.9236941603080311, 1076.160000000000082, 122.5174531115550280 ) ) ;
#774 =( BOUNDED_CURVE ( )  B_SPLINE_CURVE ( 3, ( #643, #561, #4941, #2966 ),
 .UNSPECIFIED., .F., .T. ) 
 B_SPLINE_CURVE_WITH_KNOTS ( ( 4, 4 ),
 ( 1.879331243436174637, 2.689789384820433504 ),
 .UNSPECIFIED. ) 
 CURVE ( )  GEOMETRIC_REPRESENTATION_ITEM ( )  RATIONAL_B_SPLINE_CURVE ( ( 1.000000000000000000, 0.9460080766014723475, 0.9460080766014723475, 1.000000000000000000 ) ) 
 REPRESENTATION_ITEM ( '' )  );
#775 = CARTESIAN_POINT ( 'NONE',  ( -138.8161405302388403, 1076.559999999999945, 9.412531083933936671 ) ) ;
#776 = CARTESIAN_POINT ( 'NONE',  ( -177.8347060208644734, 1075.559999999999945, 9.552397563119125579 ) ) ;
#777 = CARTESIAN_POINT ( 'NONE',  ( -233.5342942829102810, 1075.559999999999945, 13.27134239835526586 ) ) ;
#778 = ORIENTED_EDGE ( 'NONE', *, *, #4531, .F. ) ;
#779 = ORIENTED_EDGE ( 'NONE', *, *, #662, .F. ) ;
#780 = CARTESIAN_POINT ( 'NONE',  ( -214.3996353644230908, 1071.559999999999945, 17.87368700834485580 ) ) ;
#781 = CARTESIAN_POINT ( 'NONE',  ( -172.8587101762493887, 1076.559999999999945, 24.44703151162762822 ) ) ;
#782 = CARTESIAN_POINT ( 'NONE',  ( -133.9566291355090470, 1075.559999999999945, 9.286974893465032466 ) ) ;
#783 = ADVANCED_FACE ( 'NONE', ( #3179, #4355, #2362, #3604, #1979, #3994, #2386, #1641, #4743, #3947 ), #3531, .T. ) ;
#784 = LINE ( 'NONE', #5035, #1466 ) ;
#785 = ORIENTED_EDGE ( 'NONE', *, *, #1424, .F. ) ;
#786 = AXIS2_PLACEMENT_3D ( 'NONE', #2175, #2892, #121 ) ;
#787 = CARTESIAN_POINT ( 'NONE',  ( -211.0105048050057235, 1076.559999999999945, 13.63428089195582871 ) ) ;
#788 = VERTEX_POINT ( 'NONE', #2795 ) ;
#789 = VECTOR ( 'NONE', #1145, 1000.000000000000000 ) ;
#790 = PLANE ( 'NONE',  #4609 ) ;
#791 = VERTEX_POINT ( 'NONE', #844 ) ;
#792 = CARTESIAN_POINT ( 'NONE',  ( -148.7718042799485261, 1075.559999999999945, 11.08556981308239742 ) ) ;
#793 = EDGE_LOOP ( 'NONE', ( #1659, #1925, #5056 ) ) ;
#794 = CARTESIAN_POINT ( 'NONE',  ( -164.4258649725422288, 1075.559999999999945, 24.48832680889258739 ) ) ;
#795 = CARTESIAN_POINT ( 'NONE',  ( -112.3038216628890638, 1076.559999999999945, 24.31067548444905668 ) ) ;
#796 = CARTESIAN_POINT ( 'NONE',  ( -140.1163786704161112, 1071.559999999999945, 26.58487205923218966 ) ) ;
#797 = CARTESIAN_POINT ( 'NONE',  ( -271.2861602184574963, 1076.559999999999945, 2.447696926411727869 ) ) ;
#798 = DIRECTION ( 'NONE',  ( -0.9999982381285569266, 0.000000000000000000, -0.001877162694588379796 ) ) ;
#799 = CARTESIAN_POINT ( 'NONE',  ( -164.4189516322943518, 1075.559999999999945, 23.02218692098826480 ) ) ;
#800 = EDGE_LOOP ( 'NONE', ( #249, #1326, #2021, #48 ) ) ;
#801 = EDGE_CURVE ( 'NONE', #1987, #3541, #3311, .T. ) ;
#802 = EDGE_CURVE ( 'NONE', #82, #2622, #3319, .T. ) ;
#803 = EDGE_CURVE ( 'NONE', #4808, #791, #4122, .T. ) ;
#804 = ORIENTED_EDGE ( 'NONE', *, *, #802, .T. ) ;
#805 = DIRECTION ( 'NONE',  ( 0.000000000000000000, -1.000000000000000000, 0.000000000000000000 ) ) ;
#806 = AXIS2_PLACEMENT_3D ( 'NONE', #1585, #4305, #717 ) ;
#807 = CARTESIAN_POINT ( 'NONE',  ( -141.1614346981550625, 1076.559999999999945, 27.35412429335869788 ) ) ;
#808 = CARTESIAN_POINT ( 'NONE',  ( -133.5305144212688617, 1076.559999999999945, 25.38181269807620311 ) ) ;
#809 = DIRECTION ( 'NONE',  ( 0.000000000000000000, 0.000000000000000000, -1.000000000000000000 ) ) ;
#810 = CARTESIAN_POINT ( 'NONE',  ( -165.7224952649620207, 1075.559999999999945, 24.34615050123136371 ) ) ;
#811 = VECTOR ( 'NONE', #5009, 1000.000000000000000 ) ;
#812 = EDGE_CURVE ( 'NONE', #1662, #1212, #3653, .T. ) ;
#813 = FACE_OUTER_BOUND ( 'NONE', #3929, .T. ) ;
#814 = ORIENTED_EDGE ( 'NONE', *, *, #1597, .F. ) ;
#815 = CARTESIAN_POINT ( 'NONE',  ( -238.6193992919647542, 1075.559999999999945, 8.043000348058093607 ) ) ;
#816 = ORIENTED_EDGE ( 'NONE', *, *, #2467, .T. ) ;
#817 = CARTESIAN_POINT ( 'NONE',  ( -192.5000000004401102, 1071.559999999999945, 19.27593237100209933 ) ) ;
#818 = ORIENTED_EDGE ( 'NONE', *, *, #3371, .T. ) ;
#819 = FACE_BOUND ( 'NONE', #2712, .T. ) ;
#820 = CARTESIAN_POINT ( 'NONE',  ( -209.5506729540250603, 1076.559999999999945, 21.78582230357037375 ) ) ;
#821 = CARTESIAN_POINT ( 'NONE',  ( -250.7585574397953678, 1076.160000000000082, 7.495065790711824327 ) ) ;
#822 = CARTESIAN_POINT ( 'NONE',  ( -279.6950824991582181, 1071.559999999999945, 1.796581939595402355 ) ) ;
#823 = ORIENTED_EDGE ( 'NONE', *, *, #3944, .F. ) ;
#824 = DIRECTION ( 'NONE',  ( -0.7348758801460678614, -0.000000000000000000, -0.6782016225132037057 ) ) ;
#825 = CARTESIAN_POINT ( 'NONE',  ( -290.1850476729540560, 1071.559999999999945, 2.279926096537914670 ) ) ;
#826 = VECTOR ( 'NONE', #1401, 1000.000000000000000 ) ;
#827 = ORIENTED_EDGE ( 'NONE', *, *, #4471, .F. ) ;
#828 = ORIENTED_EDGE ( 'NONE', *, *, #4882, .T. ) ;
#829 = DIRECTION ( 'NONE',  ( 5.394846479288357073E-15, 0.000000000000000000, 1.000000000000000000 ) ) ;
#830 = DIRECTION ( 'NONE',  ( -0.000000000000000000, 1.000000000000000000, -0.000000000000000000 ) ) ;
#831 = DIRECTION ( 'NONE',  ( 0.000000000000000000, 1.000000000000000000, 0.000000000000000000 ) ) ;
#832 = ADVANCED_FACE ( 'NONE', ( #1715 ), #2483, .F. ) ;
#833 = CARTESIAN_POINT ( 'NONE',  ( -178.0713867839719740, 1075.559999999999945, 11.07035666520402017 ) ) ;
#834 = PRODUCT ( 'aileron rib7 end', 'aileron rib7 end', '', ( #1343 ) ) ;
#835 = PLANE ( 'NONE',  #2910 ) ;
#836 = ORIENTED_EDGE ( 'NONE', *, *, #3779, .T. ) ;
#837 = CIRCLE ( 'NONE', #1488, 0.6007478931679237633 ) ;
#838 = DIRECTION ( 'NONE',  ( -0.7248872777932466871, 0.000000000000000000, 0.6888675014061096391 ) ) ;
#839 = EDGE_LOOP ( 'NONE', ( #2276, #1027, #573, #4811 ) ) ;
#840 = EDGE_CURVE ( 'NONE', #1926, #4631, #2994, .T. ) ;
#841 = CARTESIAN_POINT ( 'NONE',  ( -198.1422474298466057, 1071.559999999999945, 19.87634079533030018 ) ) ;
#842 = ORIENTED_EDGE ( 'NONE', *, *, #521, .T. ) ;
#843 = VECTOR ( 'NONE', #2722, 1000.000000000000000 ) ;
#844 = CARTESIAN_POINT ( 'NONE',  ( -113.5285485838870159, 1075.559999999999945, 8.528672068350596547 ) ) ;
#845 = CARTESIAN_POINT ( 'NONE',  ( -254.6226053298047987, 1071.559999999999945, 8.584301414283393328 ) ) ;
#846 = CARTESIAN_POINT ( 'NONE',  ( -268.3117575011433473, 1076.160000000000082, 8.318369645161142856 ) ) ;
#847 = VECTOR ( 'NONE', #3831, 1000.000000000000227 ) ;
#848 = PLANE ( 'NONE',  #3506 ) ;
#849 = EDGE_CURVE ( 'NONE', #1788, #3712, #2762, .T. ) ;
#850 = VERTEX_POINT ( 'NONE', #4506 ) ;
#851 = CARTESIAN_POINT ( 'NONE',  ( -101.2206899534065627, 1071.559999999999945, 21.21819287104276341 ) ) ;
#852 = VECTOR ( 'NONE', #4757, 1000.000000000000000 ) ;
#853 = CARTESIAN_POINT ( 'NONE',  ( -233.9222184833684253, 1075.559999999999945, 13.19005079516628953 ) ) ;
#854 = ORIENTED_EDGE ( 'NONE', *, *, #2231, .F. ) ;
#855 = ORIENTED_EDGE ( 'NONE', *, *, #2724, .F. ) ;
#856 = DIRECTION ( 'NONE',  ( 0.8376768486547161441, 0.000000000000000000, -0.5461661809631789266 ) ) ;
#857 = CARTESIAN_POINT ( 'NONE',  ( -187.7373297089175423, 1076.559999999999945, 22.37045568536771256 ) ) ;
#858 = CARTESIAN_POINT ( 'NONE',  ( -241.3852872890716981, 1076.160000000000082, 11.59175294562730940 ) ) ;
#859 = CARTESIAN_POINT ( 'NONE',  ( -124.3479217970671016, 1075.559999999999945, 118.1690516825036212 ) ) ;
#860 = CARTESIAN_POINT ( 'NONE',  ( -123.3137327467877640, 1071.559999999999945, 27.25623171729949945 ) ) ;
#861 = ORIENTED_EDGE ( 'NONE', *, *, #5071, .F. ) ;
#862 = LINE ( 'NONE', #3198, #4207 ) ;
#863 = VERTEX_POINT ( 'NONE', #2531 ) ;
#864 = CARTESIAN_POINT ( 'NONE',  ( -198.1422474298466057, 1076.559999999999945, 19.87634079533030018 ) ) ;
#865 = VERTEX_POINT ( 'NONE', #1020 ) ;
#866 = AXIS2_PLACEMENT_3D ( 'NONE', #698, #4566, #3484 ) ;
#867 = EDGE_CURVE ( 'NONE', #4076, #872, #559, .T. ) ;
#868 = DIRECTION ( 'NONE',  ( 0.000000000000000000, 0.000000000000000000, 1.000000000000000000 ) ) ;
#869 = ADVANCED_FACE ( 'NONE', ( #992 ), #3275, .T. ) ;
#870 = DIRECTION ( 'NONE',  ( 0.02688405537825821687, 0.000000000000000000, 0.9996385584632171417 ) ) ;
#871 = LINE ( 'NONE', #542, #926 ) ;
#872 = VERTEX_POINT ( 'NONE', #640 ) ;
#873 = STYLED_ITEM ( 'NONE', ( #335 ), #597 ) ;
#874 = CARTESIAN_POINT ( 'NONE',  ( -295.2960495101465881, 1076.559999999999945, 0.3249056940759760259 ) ) ;
#875 = ORIENTED_EDGE ( 'NONE', *, *, #4060, .T. ) ;
#876 = EDGE_CURVE ( 'NONE', #1674, #2831, #4094, .T. ) ;
#877 = LINE ( 'NONE', #4388, #4411 ) ;
#878 = CARTESIAN_POINT ( 'NONE',  ( -268.3117575011433473, 1076.160000000000082, 8.318369645161142856 ) ) ;
#879 = CARTESIAN_POINT ( 'NONE',  ( -255.0873318284988613, 1071.559999999999945, 7.269166098539726839 ) ) ;
#880 = ORIENTED_EDGE ( 'NONE', *, *, #2319, .F. ) ;
#881 = DIRECTION ( 'NONE',  ( -0.7248872777926388400, 0.000000000000000000, 0.6888675014067492386 ) ) ;
#882 = CARTESIAN_POINT ( 'NONE',  ( -254.0970210353905543, 1075.559999999999945, 8.708266203061503674 ) ) ;
#883 = CARTESIAN_POINT ( 'NONE',  ( -197.4637948362279758, 1076.559999999999945, 16.61013806504954360 ) ) ;
#884 = EDGE_CURVE ( 'NONE', #4910, #3427, #4915, .T. ) ;
#885 = DIRECTION ( 'NONE',  ( 0.000000000000000000, 1.000000000000000000, 0.000000000000000000 ) ) ;
#886 = ORIENTED_EDGE ( 'NONE', *, *, #4752, .T. ) ;
#887 = DIRECTION ( 'NONE',  ( 0.02646596929541232893, 0.000000000000000000, 0.9996497148847961478 ) ) ;
#888 = VERTEX_POINT ( 'NONE', #3352 ) ;
#889 = DIRECTION ( 'NONE',  ( 0.000000000000000000, 1.000000000000000000, -0.000000000000000000 ) ) ;
#890 = VERTEX_POINT ( 'NONE', #4815 ) ;
#891 = VECTOR ( 'NONE', #3747, 1000.000000000000114 ) ;
#892 = VECTOR ( 'NONE', #1076, 1000.000000000000227 ) ;
#893 = B_SPLINE_CURVE_WITH_KNOTS ( 'NONE', 13,
 ( #3089, #1859, #3014, #4957, #1069, #707, #3495, #4984, #3784, #3808, #1473, #5059, #1553, #3859 ),
 .UNSPECIFIED., .F., .F.,
 ( 14, 14 ),
 ( 0.09993906340412528344, 0.1065480104831137004 ),
 .UNSPECIFIED. ) ;
#894 = FACE_BOUND ( 'NONE', #4401, .T. ) ;
#895 = DIRECTION ( 'NONE',  ( 0.6888675014067494606, 0.000000000000000000, 0.7248872777926387290 ) ) ;
#896 = CARTESIAN_POINT ( 'NONE',  ( -267.1688184859922330, 1076.160000000000082, 8.607714735570466402 ) ) ;
#897 = ORIENTED_EDGE ( 'NONE', *, *, #4689, .T. ) ;
#898 = FACE_OUTER_BOUND ( 'NONE', #1770, .T. ) ;
#899 = EDGE_CURVE ( 'NONE', #471, #3249, #3676, .T. ) ;
#900 = EDGE_CURVE ( 'NONE', #3212, #2993, #539, .T. ) ;
#901 = VERTEX_POINT ( 'NONE', #1693 ) ;
#902 = CARTESIAN_POINT ( 'NONE',  ( -253.5796452974663566, 1076.160000000000082, 8.346190340468080393 ) ) ;
#903 = CARTESIAN_POINT ( 'NONE',  ( -165.5953102936683479, 1075.559999999999945, 9.630069181646565113 ) ) ;
#904 = EDGE_CURVE ( 'NONE', #2536, #1869, #3252, .T. ) ;
#905 = B_SPLINE_CURVE_WITH_KNOTS ( 'NONE', 3,
 ( #1359, #2924, #1725, #3283, #2830, #2878, #572, #878, #152 ),
 .UNSPECIFIED., .F., .F.,
 ( 4, 1, 1, 1, 1, 1, 4 ),
 ( 0.008052357163078591867, 0.01180441452156862081, 0.01555647188005864802, 0.02306058659703870417, 0.03056470131401876206, 0.03431675867250878753, 0.03806881603099881994 ),
 .UNSPECIFIED. ) ;
#906 = CARTESIAN_POINT ( 'NONE',  ( -204.0631272397255032, 1076.160000000000082, 9.111841880134704752 ) ) ;
#907 = EDGE_LOOP ( 'NONE', ( #4889, #4419, #4068, #4407 ) ) ;
#908 = CARTESIAN_POINT ( 'NONE',  ( -194.3434337935484848, 1071.559999999999945, 9.312927148811843026 ) ) ;
#909 = CARTESIAN_POINT ( 'NONE',  ( -250.7585574397953678, 1075.559999999999945, 7.495065790711741727 ) ) ;
#910 = CARTESIAN_POINT ( 'NONE',  ( -173.4395179607336104, 1071.559999999999945, 8.866531246998681226 ) ) ;
#911 = APPLICATION_CONTEXT ( 'automotive_design' ) ;
#912 = ADVANCED_FACE ( 'NONE', ( #1790 ), #4862, .F. ) ;
#913 = CARTESIAN_POINT ( 'NONE',  ( -206.0857816699618468, 1071.559999999999945, 22.19069640953050992 ) ) ;
#914 = VERTEX_POINT ( 'NONE', #3705 ) ;
#915 = CARTESIAN_POINT ( 'NONE',  ( -133.9566240984102024, 1075.559999999999945, 9.287166304838097020 ) ) ;
#916 = DIRECTION ( 'NONE',  ( -0.2442954651670563027, 0.000000000000000000, 0.9697008434041973768 ) ) ;
#917 = B_SPLINE_CURVE_WITH_KNOTS ( 'NONE', 3,
 ( #4283, #3485, #1589, #417 ),
 .UNSPECIFIED., .F., .F.,
 ( 4, 4 ),
 ( 0.7190952934081240588, 0.7212579515970732880 ),
 .UNSPECIFIED. ) ;
#918 = CARTESIAN_POINT ( 'NONE',  ( -199.3900147404567917, 1076.559999999999945, 19.67087083983497564 ) ) ;
#919 = ORIENTED_EDGE ( 'NONE', *, *, #958, .F. ) ;
#920 = DIRECTION ( 'NONE',  ( -0.6888675014067525693, -0.000000000000000000, -0.7248872777926356203 ) ) ;
#921 = CARTESIAN_POINT ( 'NONE',  ( -113.8284090580020518, 1071.559999999999945, 28.12009005535462336 ) ) ;
#922 = CARTESIAN_POINT ( 'NONE',  ( -128.9236941603080311, 1075.559999999999945, 122.5174531115550280 ) ) ;
#923 = ORIENTED_EDGE ( 'NONE', *, *, #1057, .F. ) ;
#924 = CARTESIAN_POINT ( 'NONE',  ( -282.4215676313726817, 1076.559999999999945, 1.563290642116749174 ) ) ;
#925 = ORIENTED_EDGE ( 'NONE', *, *, #3191, .F. ) ;
#926 = VECTOR ( 'NONE', #445, 1000.000000000000000 ) ;
#927 = CARTESIAN_POINT ( 'NONE',  ( -207.3627706221287212, 1071.559999999999945, 19.12716558964595137 ) ) ;
#928 = DIRECTION ( 'NONE',  ( 0.000000000000000000, 1.000000000000000000, 0.000000000000000000 ) ) ;
#929 = EDGE_CURVE ( 'NONE', #3264, #3290, #2426, .T. ) ;
#930 = CARTESIAN_POINT ( 'NONE',  ( -197.4637948362277768, 1076.559999999999945, 16.61013806504951518 ) ) ;
#931 = VERTEX_POINT ( 'NONE', #2857 ) ;
#932 = CARTESIAN_POINT ( 'NONE',  ( -203.4950804227403012, 1076.559999999999718, 22.83819049947062751 ) ) ;
#933 = CARTESIAN_POINT ( 'NONE',  ( -242.5546761616219555, 1075.559999999999945, 11.33505663525546936 ) ) ;
#934 = B_SPLINE_CURVE_WITH_KNOTS ( 'NONE', 3,
 ( #2686, #2299, #3861, #3016 ),
 .UNSPECIFIED., .F., .F.,
 ( 4, 4 ),
 ( 0.04725479771933126932, 0.04838107786650251013 ),
 .UNSPECIFIED. ) ;
#935 = CARTESIAN_POINT ( 'NONE',  ( -164.4258649725422288, 1075.559999999999945, 24.48832680889258739 ) ) ;
#936 = ORIENTED_EDGE ( 'NONE', *, *, #2717, .T. ) ;
#937 = EDGE_CURVE ( 'NONE', #82, #4342, #3263, .T. ) ;
#938 = DIRECTION ( 'NONE',  ( -0.7248872777926391731, 0.000000000000000000, 0.6888675014067489055 ) ) ;
#939 = DIRECTION ( 'NONE',  ( -0.7248872777926403943, 0.000000000000000000, 0.6888675014067476843 ) ) ;
#940 = VERTEX_POINT ( 'NONE', #4829 ) ;
#941 = DIRECTION ( 'NONE',  ( 0.000000000000000000, 1.000000000000000000, 0.000000000000000000 ) ) ;
#942 = LINE ( 'NONE', #3231, #4066 ) ;
#943 = CARTESIAN_POINT ( 'NONE',  ( -208.7003987831496659, 1071.559999999999945, 18.88995528795540224 ) ) ;
#944 = ORIENTED_EDGE ( 'NONE', *, *, #4133, .F. ) ;
#945 = PLANE ( 'NONE',  #73 ) ;
#946 = ORIENTED_EDGE ( 'NONE', *, *, #4346, .T. ) ;
#947 = ORIENTED_EDGE ( 'NONE', *, *, #2088, .T. ) ;
#948 = B_SPLINE_CURVE_WITH_KNOTS ( 'NONE', 3,
 ( #1046, #617, #225, #255 ),
 .UNSPECIFIED., .F., .F.,
 ( 4, 4 ),
 ( 0.8943606213776792435, 0.9038476758049008852 ),
 .UNSPECIFIED. ) ;
#949 = VECTOR ( 'NONE', #4043, 1000.000000000000000 ) ;
#950 = FACE_OUTER_BOUND ( 'NONE', #1912, .T. ) ;
#951 = VECTOR ( 'NONE', #2811, 1000.000000000000000 ) ;
#952 = CARTESIAN_POINT ( 'NONE',  ( -204.0631272397255032, 1071.559999999999945, 9.111841880134704752 ) ) ;
#953 = PLANE ( 'NONE',  #1461 ) ;
#954 = DIRECTION ( 'NONE',  ( 0.000000000000000000, -1.000000000000000000, 0.000000000000000000 ) ) ;
#955 = VERTEX_POINT ( 'NONE', #1314 ) ;
#956 = CARTESIAN_POINT ( 'NONE',  ( -200.1924347586849251, 1076.559999999999718, 22.57920569685256140 ) ) ;
#957 = CARTESIAN_POINT ( 'NONE',  ( -186.0164287420212474, 1076.559999999999945, 21.75117456710557207 ) ) ;
#958 = EDGE_CURVE ( 'NONE', #1645, #4961, #208, .T. ) ;
#959 = ADVANCED_FACE ( 'NONE', ( #4029 ), #2880, .T. ) ;
#960 = EDGE_CURVE ( 'NONE', #496, #2792, #3004, .T. ) ;
#961 = LINE ( 'NONE', #1730, #2267 ) ;
#962 = ORIENTED_EDGE ( 'NONE', *, *, #2231, .T. ) ;
#963 = CARTESIAN_POINT ( 'NONE',  ( -113.3033073900973449, 1076.559999999999945, 7.716868825675275545 ) ) ;
#964 = CARTESIAN_POINT ( 'NONE',  ( -292.2254576542359246, 1071.559999999999945, 1.434434858990511596 ) ) ;
#965 = ORIENTED_EDGE ( 'NONE', *, *, #3163, .F. ) ;
#966 = EDGE_CURVE ( 'NONE', #1920, #4662, #214, .T. ) ;
#967 = CARTESIAN_POINT ( 'NONE',  ( -164.9945637137987831, 1075.559999999999945, 9.631325334794965443 ) ) ;
#968 = ORIENTED_EDGE ( 'NONE', *, *, #2492, .F. ) ;
#969 = CARTESIAN_POINT ( 'NONE',  ( -133.4887941578116397, 1075.559999999999945, 26.90089384464909372 ) ) ;
#970 = CARTESIAN_POINT ( 'NONE',  ( -113.0233135672802405, 1071.559999999999945, 27.31498970425845485 ) ) ;
#971 = CARTESIAN_POINT ( 'NONE',  ( 0.5936727027209521834, 1071.559999999999945, 22.07472482841619765 ) ) ;
#972 = ORIENTED_EDGE ( 'NONE', *, *, #56, .T. ) ;
#973 = AXIS2_PLACEMENT_3D ( 'NONE', #3008, #372, #4646 ) ;
#974 = VECTOR ( 'NONE', #981, 1000.000000000000000 ) ;
#975 = CARTESIAN_POINT ( 'NONE',  ( -293.2676002059569100, 1071.559999999999945, 1.330312713633649668 ) ) ;
#976 = ORIENTED_EDGE ( 'NONE', *, *, #2781, .T. ) ;
#977 = ORIENTED_EDGE ( 'NONE', *, *, #2690, .F. ) ;
#978 = VECTOR ( 'NONE', #1639, 1000.000000000000000 ) ;
#979 = CARTESIAN_POINT ( 'NONE',  ( -195.3360694465486347, 1071.559999999999945, 9.294554018944209517 ) ) ;
#980 = CARTESIAN_POINT ( 'NONE',  ( -165.1948187438384537, 1075.559999999999945, 9.630991950536781587 ) ) ;
#981 = DIRECTION ( 'NONE',  ( 0.000000000000000000, 1.000000000000000000, 0.000000000000000000 ) ) ;
#982 = LINE ( 'NONE', #3639, #2097 ) ;
#983 = ORIENTED_EDGE ( 'NONE', *, *, #4377, .T. ) ;
#984 = CARTESIAN_POINT ( 'NONE',  ( -200.8700077524659378, 1076.559999999999718, 23.27837857331778793 ) ) ;
#985 = CARTESIAN_POINT ( 'NONE',  ( -234.7378271084721177, 1076.160000000000082, 8.198046345904334231 ) ) ;
#986 = DIRECTION ( 'NONE',  ( 0.000000000000000000, 1.000000000000000000, 0.000000000000000000 ) ) ;
#987 = ORIENTED_EDGE ( 'NONE', *, *, #1125, .T. ) ;
#988 = DIRECTION ( 'NONE',  ( -0.7248872777926372857, 0.000000000000000000, 0.6888675014067506819 ) ) ;
#989 = EDGE_CURVE ( 'NONE', #2546, #901, #3614, .T. ) ;
#990 = DIRECTION ( 'NONE',  ( 0.000000000000000000, -1.000000000000000000, 0.000000000000000000 ) ) ;
#991 = ORIENTED_EDGE ( 'NONE', *, *, #4906, .T. ) ;
#992 = FACE_OUTER_BOUND ( 'NONE', #2158, .T. ) ;
#993 = EDGE_LOOP ( 'NONE', ( #836, #1381, #1477, #2176, #2499, #3858, #613, #4675, #3615, #4726, #3235, #3125, #545, #4739, #713, #510, #2148, #3601, #785, #4982, #329, #199, #1824, #307, #1036, #1045, #976, #5068 ) ) ;
#994 = CARTESIAN_POINT ( 'NONE',  ( -190.1890343106762202, 1076.559999999999945, 9.385866078298587212 ) ) ;
#995 = EDGE_CURVE ( 'NONE', #2256, #3515, #982, .T. ) ;
#996 = CARTESIAN_POINT ( 'NONE',  ( -102.3130301130719459, 1076.559999999999945, 93.74915243285636279 ) ) ;
#997 = DIRECTION ( 'NONE',  ( -0.9996385584632171417, 0.000000000000000000, 0.02688405537825740502 ) ) ;
#998 = ORIENTED_EDGE ( 'NONE', *, *, #633, .F. ) ;
#999 = CARTESIAN_POINT ( 'NONE',  ( -292.2254576542359246, 1076.160000000000082, 1.434434858990511596 ) ) ;
#1000 = ORIENTED_EDGE ( 'NONE', *, *, #1604, .F. ) ;
#1001 = ORIENTED_EDGE ( 'NONE', *, *, #4503, .T. ) ;
#1002 = CARTESIAN_POINT ( 'NONE',  ( -260.7629341020928564, 1076.160000000000082, 6.944829825282281988 ) ) ;
#1003 = CARTESIAN_POINT ( 'NONE',  ( -200.3448264661655287, 1076.559999999999945, 23.36519103574086742 ) ) ;
#1004 = VECTOR ( 'NONE', #2727, 999.9999999999998863 ) ;
#1005 = LINE ( 'NONE', #1880, #4741 ) ;
#1006 = B_SPLINE_CURVE_WITH_KNOTS ( 'NONE', 13,
 ( #132, #4976, #3825, #1442, #342, #2656, #2604, #5002, #266, #1492, #3490, #3033, #1136, #703 ),
 .UNSPECIFIED., .F., .F.,
 ( 14, 14 ),
 ( 0.09615886558896399872, 0.09908392822498211794 ),
 .UNSPECIFIED. ) ;
#1007 = VECTOR ( 'NONE', #3232, 1000.000000000000000 ) ;
#1008 = CARTESIAN_POINT ( 'NONE',  ( -148.6143614906584105, 1075.559999999999945, 25.96668747503433750 ) ) ;
#1009 = ORIENTED_EDGE ( 'NONE', *, *, #4849, .F. ) ;
#1010 = CARTESIAN_POINT ( 'NONE',  ( -113.5068429449937497, 1075.559999999999945, 9.335759885576639050 ) ) ;
#1011 = CARTESIAN_POINT ( 'NONE',  ( -165.6171606190784189, 1075.559999999999945, 22.88600174150739974 ) ) ;
#1012 = AXIS2_PLACEMENT_3D ( 'NONE', #2165, #4951, #3439 ) ;
#1013 = VECTOR ( 'NONE', #1888, 1000.000000000000000 ) ;
#1014 = CARTESIAN_POINT ( 'NONE',  ( -204.5316711866049388, 1071.559999999999945, 18.80566606377154315 ) ) ;
#1015 = VERTEX_POINT ( 'NONE', #1288 ) ;
#1016 = DIRECTION ( 'NONE',  ( -0.7248872777926391731, 0.000000000000000000, 0.6888675014067489055 ) ) ;
#1017 = VECTOR ( 'NONE', #1416, 1000.000000000000227 ) ;
#1018 = CARTESIAN_POINT ( 'NONE',  ( -112.7120578011266474, 1071.559999999999945, 28.11340712249482721 ) ) ;
#1019 = ORIENTED_EDGE ( 'NONE', *, *, #4174, .T. ) ;
#1020 = CARTESIAN_POINT ( 'NONE',  ( -209.4872335914045323, 1076.559999999999945, 18.75000630952692404 ) ) ;
#1021 = EDGE_LOOP ( 'NONE', ( #4507, #2481, #2174, #4219 ) ) ;
#1022 = CARTESIAN_POINT ( 'NONE',  ( -164.3938166502456966, 1076.559999999999945, 9.632323722520098386 ) ) ;
#1023 = CARTESIAN_POINT ( 'NONE',  ( -133.3568342694792932, 1075.559999999999945, 9.271286723260869778 ) ) ;
#1024 = CARTESIAN_POINT ( 'NONE',  ( -112.8759871213074035, 1071.559999999999945, 3.035661502803514988 ) ) ;
#1025 = ORIENTED_EDGE ( 'NONE', *, *, #3186, .F. ) ;
#1026 = DIRECTION ( 'NONE',  ( -0.6888675014067500157, -0.000000000000000000, -0.7248872777926381739 ) ) ;
#1027 = ORIENTED_EDGE ( 'NONE', *, *, #1242, .F. ) ;
#1028 = EDGE_CURVE ( 'NONE', #2832, #888, #3805, .T. ) ;
#1029 = ADVANCED_FACE ( 'NONE', ( #3663 ), #130, .F. ) ;
#1030 = ORIENTED_EDGE ( 'NONE', *, *, #204, .F. ) ;
#1031 = PLANE ( 'NONE',  #2209 ) ;
#1032 = CARTESIAN_POINT ( 'NONE',  ( -242.5546761516747551, 1071.559999999999945, 11.33505664572282612 ) ) ;
#1033 = DIRECTION ( 'NONE',  ( 0.6888675014067501268, 0.000000000000000000, 0.7248872777926378408 ) ) ;
#1034 = EDGE_CURVE ( 'NONE', #1987, #2057, #501, .T. ) ;
#1035 = CARTESIAN_POINT ( 'NONE',  ( -256.0355795994393020, 1076.160000000000082, 8.250016920178529389 ) ) ;
#1036 = ORIENTED_EDGE ( 'NONE', *, *, #4389, .F. ) ;
#1037 = CARTESIAN_POINT ( 'NONE',  ( -112.2823144185779967, 1071.559999999999945, 25.11038633121939512 ) ) ;
#1038 = CARTESIAN_POINT ( 'NONE',  ( -257.8976825154149424, 1076.160000000000082, 7.804466760825782501 ) ) ;
#1039 = CARTESIAN_POINT ( 'NONE',  ( -233.2191333188967235, 1075.559999999999945, 12.76857277730700879 ) ) ;
#1040 = VERTEX_POINT ( 'NONE', #106 ) ;
#1041 = CARTESIAN_POINT ( 'NONE',  ( -222.8468073653594104, 1076.559999999999945, 7.840947217310170636 ) ) ;
#1042 = CARTESIAN_POINT ( 'NONE',  ( -172.8587101762493887, 1071.559999999999945, 24.44703151162762822 ) ) ;
#1043 = VERTEX_POINT ( 'NONE', #2901 ) ;
#1044 = CARTESIAN_POINT ( 'NONE',  ( -199.9242113624516435, 1076.560000000000173, 20.39376857745499549 ) ) ;
#1045 = ORIENTED_EDGE ( 'NONE', *, *, #1487, .T. ) ;
#1046 = CARTESIAN_POINT ( 'NONE',  ( -238.8043900246968292, 1076.160000000000082, 8.035481054986171046 ) ) ;
#1047 = LINE ( 'NONE', #4560, #1864 ) ;
#1048 = ORIENTED_EDGE ( 'NONE', *, *, #876, .T. ) ;
#1049 = CARTESIAN_POINT ( 'NONE',  ( -117.0799586928299334, 1075.559999999999945, 111.2622349437988021 ) ) ;
#1050 = ORIENTED_EDGE ( 'NONE', *, *, #2513, .F. ) ;
#1051 = VERTEX_POINT ( 'NONE', #4466 ) ;
#1052 = CARTESIAN_POINT ( 'NONE',  ( -179.1318213269134105, 1075.559999999999945, -1.899359058738946615 ) ) ;
#1053 = VECTOR ( 'NONE', #4446, 1000.000000000000114 ) ;
#1054 = CARTESIAN_POINT ( 'NONE',  ( -254.9539109580283309, 1076.160000000000082, 8.516572991783290192 ) ) ;
#1055 = AXIS2_PLACEMENT_3D ( 'NONE', #2128, #169, #1741 ) ;
#1056 = CARTESIAN_POINT ( 'NONE',  ( -202.4452475236412567, 1071.559999999999945, 23.01547883700186148 ) ) ;
#1057 = EDGE_CURVE ( 'NONE', #119, #3105, #3405, .T. ) ;
#1058 = CARTESIAN_POINT ( 'NONE',  ( -249.1849982831033969, 987.6799999999998363, -62.77685069811641938 ) ) ;
#1059 = VECTOR ( 'NONE', #3180, 1000.000000000000114 ) ;
#1060 = EDGE_CURVE ( 'NONE', #940, #1938, #3285, .T. ) ;
#1061 = VECTOR ( 'NONE', #4630, 1000.000000000000000 ) ;
#1062 = CARTESIAN_POINT ( 'NONE',  ( -257.6570793527035335, 1075.559999999999945, 7.526381928219152861 ) ) ;
#1063 = ORIENTED_EDGE ( 'NONE', *, *, #1470, .F. ) ;
#1064 = LINE ( 'NONE', #1517, #564 ) ;
#1065 = ADVANCED_FACE ( 'NONE', ( #2136 ), #3691, .F. ) ;
#1066 = LINE ( 'NONE', #1855, #3455 ) ;
#1067 = PLANE ( 'NONE',  #4392 ) ;
#1068 = ORIENTED_EDGE ( 'NONE', *, *, #4968, .F. ) ;
#1069 = CARTESIAN_POINT ( 'NONE',  ( -204.0198766031240041, 1071.559999999999945, 22.74894886021436236 ) ) ;
#1070 = CARTESIAN_POINT ( 'NONE',  ( -198.8098066475956784, 1071.559999999999945, 20.57702700159547149 ) ) ;
#1071 = ORIENTED_EDGE ( 'NONE', *, *, #1621, .T. ) ;
#1072 = CARTESIAN_POINT ( 'NONE',  ( -83.70945874280137389, 1075.559999999999945, 79.54992100821644385 ) ) ;
#1073 = ORIENTED_EDGE ( 'NONE', *, *, #4987, .T. ) ;
#1074 = CARTESIAN_POINT ( 'NONE',  ( -272.0829353892401059, 1076.559999999999945, 8.182179439901650753 ) ) ;
#1075 = VERTEX_POINT ( 'NONE', #601 ) ;
#1076 = DIRECTION ( 'NONE',  ( -0.8376768486547161441, 0.000000000000000000, 0.5461661809631788156 ) ) ;
#1077 = ORIENTED_EDGE ( 'NONE', *, *, #1116, .F. ) ;
#1078 = B_SPLINE_CURVE_WITH_KNOTS ( 'NONE', 13,
 ( #1682, #3240, #1290, #3693, #4141, #932, #2495, #4032, #528, #2927, #984, #2138, #2084, #2580 ),
 .UNSPECIFIED., .F., .F.,
 ( 14, 14 ),
 ( 0.09993906340412528344, 0.1065480104831137004 ),
 .UNSPECIFIED. ) ;
#1079 = ORIENTED_EDGE ( 'NONE', *, *, #3315, .F. ) ;
#1080 = FILL_AREA_STYLE_COLOUR ( '', #1852 ) ;
#1081 = CARTESIAN_POINT ( 'NONE',  ( -179.1318213269134105, 1076.559999999999945, -1.899359058738946615 ) ) ;
#1082 = B_SPLINE_CURVE_WITH_KNOTS ( 'NONE', 3,
 ( #4429, #2434, #3602, #1301, #2866, #2480, #1345, #3294, #3701 ),
 .UNSPECIFIED., .F., .F.,
 ( 4, 1, 1, 1, 1, 1, 4 ),
 ( 0.9389019328317700364, 0.9448400810633528213, 0.9507782292949357172, 0.9626545257581013981, 0.9745308222212671900, 0.9804689704528499750, 0.9864071186844328709 ),
 .UNSPECIFIED. ) ;
#1083 = DIRECTION ( 'NONE',  ( 0.000000000000000000, 1.000000000000000000, 0.000000000000000000 ) ) ;
#1084 = CARTESIAN_POINT ( 'NONE',  ( -282.4215676313726817, 1071.559999999999945, 1.563290642116749174 ) ) ;
#1085 = CARTESIAN_POINT ( 'NONE',  ( -256.7706833590909810, 1076.160000000000082, 8.074497407324159326 ) ) ;
#1086 = CARTESIAN_POINT ( 'NONE',  ( -209.0859260276425289, 1071.559999999999945, 21.05576183635142584 ) ) ;
#1087 = LINE ( 'NONE', #1109, #4131 ) ;
#1088 = B_SPLINE_SURFACE_WITH_KNOTS ( 'NONE', 3, 1, ( 
 ( #1971, #3146 ),
 ( #1996, #2378 ),
 ( #4784, #2328 ),
 ( #860, #3962 ),
 ( #4760, #1195 ),
 ( #1945, #4324 ),
 ( #3522, #3173 ),
 ( #1581, #1634 ),
 ( #4733, #3598 ),
 ( #4708, #3940 ),
 ( #89, #1267 ) ),
 .UNSPECIFIED., .F., .F., .F.,
 ( 4, 1, 1, 1, 1, 1, 1, 1, 4 ),
 ( 2, 2 ),
 ( 0.000000000000000000, 0.004835801544260359686, 0.009671603088520747127, 0.01934320617704152201, 0.02901480926556229689, 0.03868641235408304402, 0.05802961853112456603, 0.07737282470816608804, 0.07939465621435617959 ),
 ( 0.000000000000000000, 1.000000000000000000 ),
 .UNSPECIFIED. ) ;
#1089 = EDGE_CURVE ( 'NONE', #3290, #3264, #2076, .T. ) ;
#1090 = PRODUCT_RELATED_PRODUCT_CATEGORY ( 'part', '', ( #834 ) ) ;
#1091 = CARTESIAN_POINT ( 'NONE',  ( -240.4624955004808839, 1071.559999999999945, 7.187158872640684315 ) ) ;
#1092 = ORIENTED_EDGE ( 'NONE', *, *, #966, .T. ) ;
#1093 = VECTOR ( 'NONE', #160, 1000.000000000000114 ) ;
#1094 = CARTESIAN_POINT ( 'NONE',  ( -292.7816016975697835, 1071.559999999999945, 2.342604849884805773 ) ) ;
#1095 = LINE ( 'NONE', #2685, #4336 ) ;
#1096 = ORIENTED_EDGE ( 'NONE', *, *, #1535, .T. ) ;
#1097 = CARTESIAN_POINT ( 'NONE',  ( -90.09255957804862192, 1075.559999999999945, 126.1172528288390140 ) ) ;
#1098 = ORIENTED_EDGE ( 'NONE', *, *, #3499, .F. ) ;
#1099 = CARTESIAN_POINT ( 'NONE',  ( -274.7847390680257718, 1076.559999999999945, 7.475225215045603555 ) ) ;
#1100 = ORIENTED_EDGE ( 'NONE', *, *, #1651, .T. ) ;
#1101 = CARTESIAN_POINT ( 'NONE',  ( -267.5579742966418735, 1076.160000000000082, 3.504036228201333092 ) ) ;
#1102 = ORIENTED_EDGE ( 'NONE', *, *, #1335, .F. ) ;
#1103 = VERTEX_POINT ( 'NONE', #1413 ) ;
#1104 = CARTESIAN_POINT ( 'NONE',  ( -258.0653487639738728, 1076.160000000000082, 7.103995780298227203 ) ) ;
#1105 = CARTESIAN_POINT ( 'NONE',  ( -182.7476535926390113, 1071.559999999999945, 22.24537223474090553 ) ) ;
#1106 = CARTESIAN_POINT ( 'NONE',  ( -297.6853304517512697, 1071.559999999999945, 0.07763497806489894071 ) ) ;
#1107 = DIRECTION ( 'NONE',  ( 0.000000000000000000, 1.000000000000000000, 0.000000000000000000 ) ) ;
#1108 = CARTESIAN_POINT ( 'NONE',  ( -150.2687402434187902, 1076.559999999999945, 9.575102033732816764 ) ) ;
#1109 = CARTESIAN_POINT ( 'NONE',  ( -132.3252790877545522, 1075.559999999999945, 25.56367482687217674 ) ) ;
#1110 = AXIS2_PLACEMENT_3D ( 'NONE', #967, #4532, #1736 ) ;
#1111 = CARTESIAN_POINT ( 'NONE',  ( -260.7875091709786375, 1071.559999999999945, 7.103832979033927408 ) ) ;
#1112 = EDGE_LOOP ( 'NONE', ( #124, #4565, #778, #581 ) ) ;
#1113 = ADVANCED_FACE ( 'NONE', ( #3390 ), #1804, .T. ) ;
#1114 = CARTESIAN_POINT ( 'NONE',  ( -101.2206899534065769, 1076.559999999999945, 21.21819287104275631 ) ) ;
#1115 = VECTOR ( 'NONE', #4634, 1000.000000000000000 ) ;
#1116 = EDGE_CURVE ( 'NONE', #2193, #3201, #3431, .T. ) ;
#1117 = CARTESIAN_POINT ( 'NONE',  ( -171.1374583195587036, 1076.559999999999945, 9.645899208250041212 ) ) ;
#1118 = EDGE_CURVE ( 'NONE', #1564, #1640, #2, .T. ) ;
#1119 = CARTESIAN_POINT ( 'NONE',  ( -248.4092376083374916, 987.6799999999998363, -62.58141432605718535 ) ) ;
#1120 = CARTESIAN_POINT ( 'NONE',  ( -179.3433351503920790, 1075.559999999999945, 9.536462948354310853 ) ) ;
#1121 = ORIENTED_EDGE ( 'NONE', *, *, #662, .T. ) ;
#1122 = AXIS2_PLACEMENT_3D ( 'NONE', #50, #1538, #5048 ) ;
#1123 = LINE ( 'NONE', #2691, #2654 ) ;
#1124 = EDGE_LOOP ( 'NONE', ( #1092, #5044, #2644, #4659 ) ) ;
#1125 = EDGE_CURVE ( 'NONE', #2841, #2597, #4927, .T. ) ;
#1126 = DIRECTION ( 'NONE',  ( 0.6888675014067503488, 0.000000000000000000, 0.7248872777926377298 ) ) ;
#1127 = ORIENTED_EDGE ( 'NONE', *, *, #1871, .T. ) ;
#1128 = ORIENTED_EDGE ( 'NONE', *, *, #274, .F. ) ;
#1129 = CARTESIAN_POINT ( 'NONE',  ( -209.7823812563222248, 1071.559999999999945, 21.74456607994692448 ) ) ;
#1130 = DIRECTION ( 'NONE',  ( 0.000000000000000000, -1.000000000000000000, 0.000000000000000000 ) ) ;
#1131 = CARTESIAN_POINT ( 'NONE',  ( -164.3938168790714371, 1075.559999999999945, 9.632453036328874063 ) ) ;
#1132 = EDGE_CURVE ( 'NONE', #4861, #3478, #1883, .T. ) ;
#1133 = AXIS2_PLACEMENT_3D ( 'NONE', #506, #3171, #3986 ) ;
#1134 = CARTESIAN_POINT ( 'NONE',  ( -265.3338636067466041, 1071.559999999999945, 6.801727551362758639 ) ) ;
#1135 = AXIS2_PLACEMENT_3D ( 'NONE', #1484, #1848, #4236 ) ;
#1136 = CARTESIAN_POINT ( 'NONE',  ( -207.2320098774880250, 1076.559999999999263, 22.19438563647895535 ) ) ;
#1137 = DIRECTION ( 'NONE',  ( 0.000000000000000000, 1.000000000000000000, 0.000000000000000000 ) ) ;
#1138 = VECTOR ( 'NONE', #3928, 1000.000000000000114 ) ;
#1139 = CARTESIAN_POINT ( 'NONE',  ( -173.4395179607336104, 1076.559999999999718, 8.866531246998681226 ) ) ;
#1140 = ORIENTED_EDGE ( 'NONE', *, *, #3638, .F. ) ;
#1141 = CARTESIAN_POINT ( 'NONE',  ( -112.2823144185779967, 1076.559999999999945, 25.11038633121939512 ) ) ;
#1142 = PLANE ( 'NONE',  #423 ) ;
#1143 = CARTESIAN_POINT ( 'NONE',  ( -256.7794921471719931, 1075.559999999999945, 7.175935369861149660 ) ) ;
#1144 = VERTEX_POINT ( 'NONE', #2655 ) ;
#1145 = DIRECTION ( 'NONE',  ( 0.000000000000000000, 1.000000000000000000, 0.000000000000000000 ) ) ;
#1146 = VERTEX_POINT ( 'NONE', #1062 ) ;
#1147 = CARTESIAN_POINT ( 'NONE',  ( -266.5886069377961576, 1076.559999999999945, 9.579359346360071470 ) ) ;
#1148 = ORIENTED_EDGE ( 'NONE', *, *, #3315, .T. ) ;
#1149 = PLANE ( 'NONE',  #4979 ) ;
#1150 = ORIENTED_EDGE ( 'NONE', *, *, #2562, .F. ) ;
#1151 = ORIENTED_EDGE ( 'NONE', *, *, #3158, .F. ) ;
#1152 = EDGE_CURVE ( 'NONE', #1146, #3478, #4163, .T. ) ;
#1153 = CARTESIAN_POINT ( 'NONE',  ( -150.2687402473197835, 1075.559999999999945, 9.575102029627830191 ) ) ;
#1154 = CARTESIAN_POINT ( 'NONE',  ( -185.9315778033652009, 1071.559999999999718, 18.58588332090523920 ) ) ;
#1155 = CARTESIAN_POINT ( 'NONE',  ( -148.8736908028978974, 1076.559999999999945, 1.598898269525066418 ) ) ;
#1156 = VERTEX_POINT ( 'NONE', #629 ) ;
#1157 = CARTESIAN_POINT ( 'NONE',  ( -202.8083584354855589, 1071.559999999999945, 22.14236987475667817 ) ) ;
#1158 = EDGE_CURVE ( 'NONE', #1624, #716, #2268, .T. ) ;
#1159 = DIRECTION ( 'NONE',  ( -0.7248872777926367306, 0.000000000000000000, 0.6888675014067514590 ) ) ;
#1160 = CARTESIAN_POINT ( 'NONE',  ( -178.0713867839719740, 1076.559999999999945, 11.07035666520402017 ) ) ;
#1161 = VERTEX_POINT ( 'NONE', #4570 ) ;
#1162 = ORIENTED_EDGE ( 'NONE', *, *, #2253, .T. ) ;
#1163 = CARTESIAN_POINT ( 'NONE',  ( -123.7680119748343657, 1075.559999999999945, 117.6179576813780585 ) ) ;
#1164 = DIRECTION ( 'NONE',  ( 0.7248872777926365085, 0.000000000000000000, -0.6888675014067515701 ) ) ;
#1165 = CARTESIAN_POINT ( 'NONE',  ( -255.0873318160392671, 1076.160000000000082, 7.269166107440369728 ) ) ;
#1166 = CARTESIAN_POINT ( 'NONE',  ( -178.2004695315806657, 1075.559999999999945, 22.82649320470189025 ) ) ;
#1167 = VERTEX_POINT ( 'NONE', #2629 ) ;
#1168 = B_SPLINE_SURFACE_WITH_KNOTS ( 'NONE', 3, 1, ( 
 ( #245, #4602 ),
 ( #3782, #1810 ),
 ( #4932, #4194 ),
 ( #1835, #684 ),
 ( #1091, #2272 ),
 ( #3828, #3064 ),
 ( #3086, #755 ),
 ( #2705, #1139 ),
 ( #4267, #4648 ),
 ( #4185, #3027 ),
 ( #2307, #3410 ),
 ( #364, #1874 ),
 ( #2624, #4996 ),
 ( #1459, #3848 ) ),
 .UNSPECIFIED., .F., .F., .F.,
 ( 4, 1, 1, 1, 1, 1, 1, 1, 1, 1, 1, 4 ),
 ( 2, 2 ),
 ( 0.000000000000000000, 0.005151917329155542014, 0.02000869073511346574, 0.04061636005171187502, 0.06122402936831028430, 0.1024393680015069918, 0.1436547066347036994, 0.1848700452679005179, 0.2054777145844989272, 0.2260853839010973365, 0.2338268493149209259, 0.2364028079794717740 ),
 ( 0.000000000000000000, 1.000000000000000000 ),
 .UNSPECIFIED. ) ;
#1169 = AXIS2_PLACEMENT_3D ( 'NONE', #2508, #3355, #1738 ) ;
#1170 = CARTESIAN_POINT ( 'NONE',  ( -248.2263911974827977, 1075.559999999999945, 10.06564403484765080 ) ) ;
#1171 = ORIENTED_EDGE ( 'NONE', *, *, #2997, .F. ) ;
#1172 = CARTESIAN_POINT ( 'NONE',  ( -207.0000000000000000, 1071.559999999999945, 12.74517338218778839 ) ) ;
#1173 = ORIENTED_EDGE ( 'NONE', *, *, #4069, .F. ) ;
#1174 = LINE ( 'NONE', #20, #4168 ) ;
#1175 = VECTOR ( 'NONE', #2340, 999.9999999999998863 ) ;
#1176 = ORIENTED_EDGE ( 'NONE', *, *, #3465, .F. ) ;
#1177 = DIRECTION ( 'NONE',  ( 0.000000000000000000, 1.000000000000000000, 0.000000000000000000 ) ) ;
#1178 = CARTESIAN_POINT ( 'NONE',  ( -208.6235393136658445, 1076.559999999999945, 21.95012547425750782 ) ) ;
#1179 = CARTESIAN_POINT ( 'NONE',  ( -190.7528261741829567, 1071.559999999999945, 21.03932599842007534 ) ) ;
#1180 = EDGE_CURVE ( 'NONE', #1625, #2689, #1906, .T. ) ;
#1181 = FACE_OUTER_BOUND ( 'NONE', #3692, .T. ) ;
#1182 = EDGE_CURVE ( 'NONE', #439, #940, #2244, .T. ) ;
#1183 = EDGE_CURVE ( 'NONE', #4776, #2222, #3802, .T. ) ;
#1184 = FACE_OUTER_BOUND ( 'NONE', #4026, .T. ) ;
#1185 = CARTESIAN_POINT ( 'NONE',  ( -270.6058122691731000, 1071.559999999999945, 7.731282320555692422 ) ) ;
#1186 = ORIENTED_EDGE ( 'NONE', *, *, #1270, .F. ) ;
#1187 = ADVANCED_FACE ( 'NONE', ( #3416 ), #4139, .T. ) ;
#1188 = VERTEX_POINT ( 'NONE', #3032 ) ;
#1189 = CARTESIAN_POINT ( 'NONE',  ( -246.0930087268364161, 1076.160000000000082, 7.719654218265648460 ) ) ;
#1190 = CARTESIAN_POINT ( 'NONE',  ( -197.9496424361666413, 1076.559999999999945, 20.71780934502336535 ) ) ;
#1191 = CARTESIAN_POINT ( 'NONE',  ( -241.3852872890716981, 1075.559999999999945, 11.59175294562728098 ) ) ;
#1192 = DIRECTION ( 'NONE',  ( -0.6888675014067582314, -0.000000000000000000, -0.7248872777926302913 ) ) ;
#1193 = CARTESIAN_POINT ( 'NONE',  ( -196.5973170367266505, 1071.559999999999945, 19.37185055998881467 ) ) ;
#1194 = AXIS2_PLACEMENT_3D ( 'NONE', #153, #954, #1726 ) ;
#1195 = CARTESIAN_POINT ( 'NONE',  ( -130.8533786264969194, 1076.560000000000173, 27.04426762654682648 ) ) ;
#1196 = VERTEX_POINT ( 'NONE', #4215 ) ;
#1197 = CARTESIAN_POINT ( 'NONE',  ( -228.0922669548139936, 1076.160000000000082, 9.000081170459584001 ) ) ;
#1198 = ORIENTED_EDGE ( 'NONE', *, *, #714, .T. ) ;
#1199 = LINE ( 'NONE', #2304, #2114 ) ;
#1200 = ORIENTED_EDGE ( 'NONE', *, *, #1426, .F. ) ;
#1201 = DIRECTION ( 'NONE',  ( 0.000000000000000000, 0.000000000000000000, 1.000000000000000000 ) ) ;
#1202 = AXIS2_PLACEMENT_3D ( 'NONE', #1981, #3849, #3872 ) ;
#1203 = FACE_OUTER_BOUND ( 'NONE', #2578, .T. ) ;
#1204 = PLANE ( 'NONE',  #3460 ) ;
#1205 = B_SPLINE_CURVE_WITH_KNOTS ( 'NONE', 3,
 ( #1942, #4680, #2709, #1166 ),
 .UNSPECIFIED., .F., .F.,
 ( 4, 4 ),
 ( 0.1253476670934019210, 0.1265145920008334535 ),
 .UNSPECIFIED. ) ;
#1206 = LINE ( 'NONE', #749, #2934 ) ;
#1207 = ORIENTED_EDGE ( 'NONE', *, *, #2157, .F. ) ;
#1208 = CARTESIAN_POINT ( 'NONE',  ( -194.3434337935484848, 1076.559999999999945, 9.312927148811843026 ) ) ;
#1209 = EDGE_CURVE ( 'NONE', #180, #767, #702, .T. ) ;
#1210 = VECTOR ( 'NONE', #644, 999.9999999999998863 ) ;
#1211 = CARTESIAN_POINT ( 'NONE',  ( -267.1688184859922330, 1071.559999999999945, 8.607714735570466402 ) ) ;
#1212 = VERTEX_POINT ( 'NONE', #2679 ) ;
#1213 = ORIENTED_EDGE ( 'NONE', *, *, #4626, .F. ) ;
#1214 = EDGE_CURVE ( 'NONE', #1963, #3357, #2732, .T. ) ;
#1215 = LINE ( 'NONE', #4755, #2778 ) ;
#1216 = VECTOR ( 'NONE', #4025, 1000.000000000000000 ) ;
#1217 = DIRECTION ( 'NONE',  ( 0.9997746533195408514, 0.000000000000000000, 0.02122834378352999457 ) ) ;
#1218 = CARTESIAN_POINT ( 'NONE',  ( -214.3987121032641596, 1076.160000000000082, 8.852874277016599791 ) ) ;
#1219 = LINE ( 'NONE', #3937, #2121 ) ;
#1220 = DIRECTION ( 'NONE',  ( 0.000000000000000000, 1.000000000000000000, 0.000000000000000000 ) ) ;
#1221 = VECTOR ( 'NONE', #4912, 1000.000000000000000 ) ;
#1222 = CARTESIAN_POINT ( 'NONE',  ( -208.1013072351374831, 1071.559999999999945, 21.22977619805093141 ) ) ;
#1223 = ORIENTED_EDGE ( 'NONE', *, *, #1152, .T. ) ;
#1224 = EDGE_CURVE ( 'NONE', #3710, #2568, #2292, .T. ) ;
#1225 = CARTESIAN_POINT ( 'NONE',  ( -238.2426487844837197, 1075.559999999999945, 8.058241179850808678 ) ) ;
#1226 = ORIENTED_EDGE ( 'NONE', *, *, #525, .T. ) ;
#1227 = CARTESIAN_POINT ( 'NONE',  ( -196.8942442888730966, 1076.559999999999945, 20.07854190588587784 ) ) ;
#1228 = VERTEX_POINT ( 'NONE', #1008 ) ;
#1229 = CARTESIAN_POINT ( 'NONE',  ( -265.8557205421092817, 1071.559999999999945, 6.670256816194243932 ) ) ;
#1230 = CARTESIAN_POINT ( 'NONE',  ( -92.49999999999820943, 1071.559999999999945, 16.74722354252501688 ) ) ;
#1231 = CARTESIAN_POINT ( 'NONE',  ( -270.6058122691731000, 1071.559999999999945, 7.731282320555692422 ) ) ;
#1232 = CARTESIAN_POINT ( 'NONE',  ( -274.1238790074316398, 1076.559999999999945, 2.239275516408815836 ) ) ;
#1233 = CARTESIAN_POINT ( 'NONE',  ( -57.94607177228483863, 1075.559999999999945, 62.78836422842088183 ) ) ;
#1234 = DIRECTION ( 'NONE',  ( 2.924822108591978816E-15, 0.000000000000000000, 1.000000000000000000 ) ) ;
#1235 = ORIENTED_EDGE ( 'NONE', *, *, #321, .F. ) ;
#1236 = ORIENTED_EDGE ( 'NONE', *, *, #4193, .F. ) ;
#1237 = CARTESIAN_POINT ( 'NONE',  ( -264.2871590457025377, 1071.559999999999945, 7.064132261341821817 ) ) ;
#1238 = CARTESIAN_POINT ( 'NONE',  ( -177.9340017912604992, 1075.559999999999945, -1.886658415328051452 ) ) ;
#1239 = CARTESIAN_POINT ( 'NONE',  ( -246.0930087170448246, 1075.559999999999945, 7.719654211881643135 ) ) ;
#1240 = EDGE_CURVE ( 'NONE', #592, #1212, #5025, .T. ) ;
#1241 = CARTESIAN_POINT ( 'NONE',  ( -101.2206899534065627, 1075.559999999999945, 21.21819287104277052 ) ) ;
#1242 = EDGE_CURVE ( 'NONE', #3492, #865, #4339, .T. ) ;
#1243 = CARTESIAN_POINT ( 'NONE',  ( -149.3391113037710056, 1075.559999999999945, 25.90982806079617973 ) ) ;
#1244 = ORIENTED_EDGE ( 'NONE', *, *, #4224, .F. ) ;
#1245 = VECTOR ( 'NONE', #3856, 1000.000000000000000 ) ;
#1246 = FACE_OUTER_BOUND ( 'NONE', #4425, .T. ) ;
#1247 = ORIENTED_EDGE ( 'NONE', *, *, #2879, .F. ) ;
#1248 = CARTESIAN_POINT ( 'NONE',  ( -192.5000000004401102, 1076.559999999999945, 19.27593237100209933 ) ) ;
#1249 = ORIENTED_EDGE ( 'NONE', *, *, #4914, .F. ) ;
#1250 = EDGE_CURVE ( 'NONE', #4916, #537, #3514, .T. ) ;
#1251 = VECTOR ( 'NONE', #2798, 1000.000000000000000 ) ;
#1252 = LINE ( 'NONE', #1229, #4145 ) ;
#1253 = CARTESIAN_POINT ( 'NONE',  ( -295.2960495101465881, 1071.559999999999945, 0.3249056940759760259 ) ) ;
#1254 = LINE ( 'NONE', #4357, #1251 ) ;
#1255 = AXIS2_PLACEMENT_3D ( 'NONE', #3224, #4710, #887 ) ;
#1256 = LINE ( 'NONE', #2647, #3184 ) ;
#1257 = ORIENTED_EDGE ( 'NONE', *, *, #4701, .F. ) ;
#1258 = CARTESIAN_POINT ( 'NONE',  ( -148.7718042799485261, 1076.559999999999945, 11.08556981308239742 ) ) ;
#1259 = AXIS2_PLACEMENT_3D ( 'NONE', #3596, #2374, #2043 ) ;
#1260 = LINE ( 'NONE', #104, #1379 ) ;
#1261 = ORIENTED_EDGE ( 'NONE', *, *, #900, .T. ) ;
#1262 = VERTEX_POINT ( 'NONE', #1931 ) ;
#1263 = DIRECTION ( 'NONE',  ( -0.1756167594944640087, 0.000000000000000000, 0.9844586094827265654 ) ) ;
#1264 = DIRECTION ( 'NONE',  ( 0.000000000000000000, -1.000000000000000000, 0.000000000000000000 ) ) ;
#1265 = CARTESIAN_POINT ( 'NONE',  ( -295.2192840322690586, 1076.559999999999945, 1.574556936924517148 ) ) ;
#1266 = CARTESIAN_POINT ( 'NONE',  ( -112.7508309264629105, 1071.559999999999945, 7.689384925052574538 ) ) ;
#1267 = CARTESIAN_POINT ( 'NONE',  ( -190.7528261741830136, 1076.560000000000173, 21.03932599842006823 ) ) ;
#1268 = EDGE_CURVE ( 'NONE', #863, #4499, #2314, .T. ) ;
#1269 = ORIENTED_EDGE ( 'NONE', *, *, #1916, .T. ) ;
#1270 = EDGE_CURVE ( 'NONE', #4617, #148, #4361, .T. ) ;
#1271 = CARTESIAN_POINT ( 'NONE',  ( -190.0016062542100883, 1075.559999999999945, 21.15314922756557436 ) ) ;
#1272 = ADVANCED_FACE ( 'NONE', ( #31 ), #7, .F. ) ;
#1273 = EDGE_LOOP ( 'NONE', ( #3776, #533, #2938, #2556 ) ) ;
#1274 = DIRECTION ( 'NONE',  ( 0.9978411957034430957, 0.000000000000000000, 0.06567303980419199327 ) ) ;
#1275 = ORIENTED_EDGE ( 'NONE', *, *, #3040, .F. ) ;
#1276 = AXIS2_PLACEMENT_3D ( 'NONE', #311, #3077, #4258 ) ;
#1277 = CARTESIAN_POINT ( 'NONE',  ( -199.2943556865412518, 1071.559999999999945, 23.53756684725033921 ) ) ;
#1278 = CARTESIAN_POINT ( 'NONE',  ( -300.0000000000000000, 1071.559999999999945, -0.1621621621621254228 ) ) ;
#1279 = ADVANCED_FACE ( 'NONE', ( #57 ), #397, .T. ) ;
#1280 = DIRECTION ( 'NONE',  ( 0.000000000000000000, 1.000000000000000000, 0.000000000000000000 ) ) ;
#1281 = ORIENTED_EDGE ( 'NONE', *, *, #840, .F. ) ;
#1282 = DIRECTION ( 'NONE',  ( 0.01073934591758078476, 0.000000000000000000, 0.9999423315618068964 ) ) ;
#1283 = ORIENTED_EDGE ( 'NONE', *, *, #2088, .F. ) ;
#1284 = CARTESIAN_POINT ( 'NONE',  ( 0.5721654584182909176, 1071.559999999999945, 21.27501398164598356 ) ) ;
#1285 = ADVANCED_FACE ( 'NONE', ( #751 ), #3877, .F. ) ;
#1286 = CARTESIAN_POINT ( 'NONE',  ( -252.9784568474884736, 987.6799999999998363, -41.24291343747756855 ) ) ;
#1287 = B_SPLINE_CURVE_WITH_KNOTS ( 'NONE', 3,
 ( #3799, #1104, #1801, #1002, #1876 ),
 .UNSPECIFIED., .F., .F.,
 ( 4, 1, 4 ),
 ( 0.9229142185286772770, 0.9291378280682562885, 0.9294838303702664950 ),
 .UNSPECIFIED. ) ;
#1288 = CARTESIAN_POINT ( 'NONE',  ( -164.3938166502456966, 1075.559999999999945, 9.632323722520098386 ) ) ;
#1289 = VERTEX_POINT ( 'NONE', #1570 ) ;
#1290 = CARTESIAN_POINT ( 'NONE',  ( -205.0691912267860175, 1076.559999999999718, 22.56928586450379726 ) ) ;
#1291 = CARTESIAN_POINT ( 'NONE',  ( -228.7014718455789364, 1076.160000000000082, 8.413236183609573260 ) ) ;
#1292 = DIRECTION ( 'NONE',  ( -0.6888675014067501268, -0.000000000000000000, -0.7248872777926378408 ) ) ;
#1293 =( BOUNDED_CURVE ( )  B_SPLINE_CURVE ( 3, ( #2585, #218, #4065, #137 ),
 .UNSPECIFIED., .F., .T. ) 
 B_SPLINE_CURVE_WITH_KNOTS ( ( 4, 4 ),
 ( 0.3751752574793590367, 2.689789384820433504 ),
 .UNSPECIFIED. ) 
 CURVE ( )  GEOMETRIC_REPRESENTATION_ITEM ( )  RATIONAL_B_SPLINE_CURVE ( ( 1.000000000000000000, 0.6012046472235442751, 0.6012046472235442751, 1.000000000000000000 ) ) 
 REPRESENTATION_ITEM ( '' )  );
#1294 = DIRECTION ( 'NONE',  ( -0.6888675014058652790, -0.000000000000000000, -0.7248872777934789458 ) ) ;
#1295 = VECTOR ( 'NONE', #1430, 1000.000000000000000 ) ;
#1296 = VERTEX_POINT ( 'NONE', #1157 ) ;
#1297 =( LENGTH_UNIT ( ) NAMED_UNIT ( * ) SI_UNIT ( .MILLI., .METRE. ) );
#1298 = FACE_OUTER_BOUND ( 'NONE', #2430, .T. ) ;
#1299 = VECTOR ( 'NONE', #1409, 999.9999999999998863 ) ;
#1300 = ORIENTED_EDGE ( 'NONE', *, *, #4313, .T. ) ;
#1301 = CARTESIAN_POINT ( 'NONE',  ( -274.6155771348952612, 1076.160000000000082, 2.997052627296134197 ) ) ;
#1302 = ORIENTED_EDGE ( 'NONE', *, *, #904, .F. ) ;
#1303 = AXIS2_PLACEMENT_3D ( 'NONE', #1370, #990, #2586 ) ;
#1304 = CARTESIAN_POINT ( 'NONE',  ( -255.0873318160392103, 1075.559999999999945, 7.269166107440369728 ) ) ;
#1305 = CARTESIAN_POINT ( 'NONE',  ( -197.9496424361666413, 1071.559999999999945, 20.71780934502336535 ) ) ;
#1306 = CARTESIAN_POINT ( 'NONE',  ( -165.5736163542944439, 1075.559999999999945, -0.3108091634372668888 ) ) ;
#1307 = ORIENTED_EDGE ( 'NONE', *, *, #4668, .F. ) ;
#1308 = CARTESIAN_POINT ( 'NONE',  ( -297.6853304517512697, 1076.559999999999945, 0.07763497806489894071 ) ) ;
#1309 = ORIENTED_EDGE ( 'NONE', *, *, #4130, .F. ) ;
#1310 = LINE ( 'NONE', #2445, #4823 ) ;
#1311 = PLANE ( 'NONE',  #1542 ) ;
#1312 = ADVANCED_BREP_SHAPE_REPRESENTATION ( 'aileron rib7 end', ( #597, #2112 ), #3345 ) ;
#1313 = EDGE_CURVE ( 'NONE', #593, #4824, #4830, .T. ) ;
#1314 = CARTESIAN_POINT ( 'NONE',  ( -210.0140581964119235, 1071.559999999999945, 21.70323821965499533 ) ) ;
#1315 = ORIENTED_EDGE ( 'NONE', *, *, #2738, .T. ) ;
#1316 = CARTESIAN_POINT ( 'NONE',  ( -190.0016062546593787, 1071.559999999999945, 21.15314922799253239 ) ) ;
#1317 = B_SPLINE_CURVE_WITH_KNOTS ( 'NONE', 13,
 ( #1448, #4605, #757, #2250, #2684, #325, #733, #2640, #3119, #4196, #1094, #4678, #348, #3446 ),
 .UNSPECIFIED., .F., .F.,
 ( 14, 14 ),
 ( 0.000000000000000000, 0.03891155862375503260 ),
 .UNSPECIFIED. ) ;
#1318 = LINE ( 'NONE', #4061, #4640 ) ;
#1319 = ORIENTED_EDGE ( 'NONE', *, *, #1597, .T. ) ;
#1320 = CARTESIAN_POINT ( 'NONE',  ( -265.7189512413806938, 1076.559999999999945, 5.831332410554418644 ) ) ;
#1321 = LINE ( 'NONE', #2094, #4745 ) ;
#1322 = ORIENTED_EDGE ( 'NONE', *, *, #2658, .T. ) ;
#1323 = DIRECTION ( 'NONE',  ( -0.7248872777926386179, 0.000000000000000000, 0.6888675014067493496 ) ) ;
#1324 = DIRECTION ( 'NONE',  ( 0.000000000000000000, 0.000000000000000000, -1.000000000000000000 ) ) ;
#1325 = CARTESIAN_POINT ( 'NONE',  ( -300.0000000000000000, 1076.559999999999945, -0.1621621621621254228 ) ) ;
#1326 = ORIENTED_EDGE ( 'NONE', *, *, #4264, .T. ) ;
#1327 = CYLINDRICAL_SURFACE ( 'NONE', #1055, 9.489662818840820080 ) ;
#1328 = VECTOR ( 'NONE', #1263, 1000.000000000000000 ) ;
#1329 = ORIENTED_EDGE ( 'NONE', *, *, #3063, .T. ) ;
#1330 = VECTOR ( 'NONE', #2765, 1000.000000000000000 ) ;
#1331 = CARTESIAN_POINT ( 'NONE',  ( -259.4108628572991506, 1076.160000000000082, 7.026082581627227874 ) ) ;
#1332 = EDGE_CURVE ( 'NONE', #1051, #1043, #2368, .T. ) ;
#1333 = ADVANCED_FACE ( 'NONE', ( #1184 ), #4312, .F. ) ;
#1334 = CARTESIAN_POINT ( 'NONE',  ( -213.2678935476478443, 1075.559999999999945, 8.883460927920264538 ) ) ;
#1335 = EDGE_CURVE ( 'NONE', #607, #2001, #3930, .T. ) ;
#1336 = DIRECTION ( 'NONE',  ( 0.000000000000000000, 1.000000000000000000, 0.000000000000000000 ) ) ;
#1337 = ORIENTED_EDGE ( 'NONE', *, *, #2998, .T. ) ;
#1338 = CARTESIAN_POINT ( 'NONE',  ( -202.0950758117649855, 1071.559999999999945, 22.26253587117216171 ) ) ;
#1339 = EDGE_CURVE ( 'NONE', #2768, #1400, #1594, .T. ) ;
#1340 = CARTESIAN_POINT ( 'NONE',  ( -242.1653741804576327, 1075.559999999999945, 11.42079789401639545 ) ) ;
#1341 = CARTESIAN_POINT ( 'NONE',  ( -194.3434337935484848, 1076.559999999999945, 9.312927148811821709 ) ) ;
#1342 = ORIENTED_EDGE ( 'NONE', *, *, #2779, .T. ) ;
#1343 = PRODUCT_CONTEXT ( 'NONE', #911, 'mechanical' ) ;
#1344 = FACE_OUTER_BOUND ( 'NONE', #2184, .T. ) ;
#1345 = CARTESIAN_POINT ( 'NONE',  ( -290.1604015055179389, 1076.160000000000082, 1.637864100023359581 ) ) ;
#1346 = EDGE_LOOP ( 'NONE', ( #3787, #670, #2285, #158 ) ) ;
#1347 = B_SPLINE_CURVE_WITH_KNOTS ( 'NONE', 3,
 ( #4143, #1446, #3011, #2984, #1857, #3470 ),
 .UNSPECIFIED., .F., .F.,
 ( 4, 1, 1, 4 ),
 ( 0.7038618315159215211, 0.7171398451842927457, 0.7318357230699212845, 0.7320330935912516823 ),
 .UNSPECIFIED. ) ;
#1348 = DIRECTION ( 'NONE',  ( -0.02688405537825549335, 0.000000000000000000, -0.9996385584632172527 ) ) ;
#1349 = ORIENTED_EDGE ( 'NONE', *, *, #2879, .T. ) ;
#1350 = CARTESIAN_POINT ( 'NONE',  ( -276.9279722768468446, 1071.559999999999945, 2.022114238081729187 ) ) ;
#1351 = CARTESIAN_POINT ( 'NONE',  ( -265.8557205421092817, 1076.559999999999945, 6.670256816194243932 ) ) ;
#1352 = VERTEX_POINT ( 'NONE', #1208 ) ;
#1353 = CARTESIAN_POINT ( 'NONE',  ( -112.8759871213074035, 1076.559999999999945, 3.035661502803514988 ) ) ;
#1354 = ORIENTED_EDGE ( 'NONE', *, *, #1183, .F. ) ;
#1355 = ORIENTED_EDGE ( 'NONE', *, *, #371, .T. ) ;
#1356 = CARTESIAN_POINT ( 'NONE',  ( -197.3200412465120053, 1071.559999999999945, 9.255823950561763880 ) ) ;
#1357 = VECTOR ( 'NONE', #16, 1000.000000000000114 ) ;
#1358 = LINE ( 'NONE', #4568, #519 ) ;
#1359 = CARTESIAN_POINT ( 'NONE',  ( -293.2676002059569100, 1076.160000000000082, 1.330312713633433841 ) ) ;
#1360 = EDGE_CURVE ( 'NONE', #4232, #1920, #3563, .T. ) ;
#1361 = DIRECTION ( 'NONE',  ( -0.000000000000000000, -1.000000000000000000, -0.000000000000000000 ) ) ;
#1362 = CIRCLE ( 'NONE', #4476, 4.124999999999996447 ) ;
#1363 = ORIENTED_EDGE ( 'NONE', *, *, #4214, .F. ) ;
#1364 = CARTESIAN_POINT ( 'NONE',  ( -200.1924347586849251, 1071.559999999999945, 22.57920569685256140 ) ) ;
#1365 = DIRECTION ( 'NONE',  ( 0.7248872777926391731, 0.000000000000000000, -0.6888675014067489055 ) ) ;
#1366 = ADVANCED_FACE ( 'NONE', ( #4827 ), #313, .F. ) ;
#1367 = CARTESIAN_POINT ( 'NONE',  ( -196.1653603157738246, 1071.559999999999718, 10.73525661145951382 ) ) ;
#1368 = ORIENTED_EDGE ( 'NONE', *, *, #682, .T. ) ;
#1369 = DIRECTION ( 'NONE',  ( 0.000000000000000000, 1.000000000000000000, 0.000000000000000000 ) ) ;
#1370 = CARTESIAN_POINT ( 'NONE',  ( -92.49999999999820943, 1076.559999999999945, 16.74722354252501688 ) ) ;
#1371 = ORIENTED_EDGE ( 'NONE', *, *, #3069, .T. ) ;
#1372 = CARTESIAN_POINT ( 'NONE',  ( -192.5000000004401102, 1071.559999999999945, 15.15093237100210288 ) ) ;
#1373 = ORIENTED_EDGE ( 'NONE', *, *, #4313, .F. ) ;
#1374 = DIRECTION ( 'NONE',  ( 0.000000000000000000, -1.000000000000000000, 0.000000000000000000 ) ) ;
#1375 = CARTESIAN_POINT ( 'NONE',  ( -300.0000000000000000, 987.6799999999998363, -0.1621621621621254228 ) ) ;
#1376 = CARTESIAN_POINT ( 'NONE',  ( -264.2871590457025377, 1076.559999999999945, 7.064132261341821817 ) ) ;
#1377 = ORIENTED_EDGE ( 'NONE', *, *, #4214, .T. ) ;
#1378 = VECTOR ( 'NONE', #4809, 1000.000000000000000 ) ;
#1379 = VECTOR ( 'NONE', #3260, 1000.000000000000000 ) ;
#1380 = CARTESIAN_POINT ( 'NONE',  ( -199.9545621159454640, 1076.559999999999945, 22.61840892145389859 ) ) ;
#1381 = ORIENTED_EDGE ( 'NONE', *, *, #960, .T. ) ;
#1382 = B_SPLINE_CURVE_WITH_KNOTS ( 'NONE', 3,
 ( #1179, #2747, #1105, #2676, #4309, #796, #4238, #723, #2771, #1643, #2871 ),
 .UNSPECIFIED., .F., .F.,
 ( 4, 1, 1, 1, 1, 1, 1, 1, 4 ),
 ( 0.1142625518259317574, 0.1162843833321218490, 0.1356275895091633710, 0.1549707956862048930, 0.1646423987747256401, 0.1743140018632464150, 0.1839856049517671899, 0.1888214064960275773, 0.1936572080402879370 ),
 .UNSPECIFIED. ) ;
#1383 = ORIENTED_EDGE ( 'NONE', *, *, #2349, .T. ) ;
#1384 = CARTESIAN_POINT ( 'NONE',  ( -204.5316711034029709, 1071.559999999999945, 18.80566607806760615 ) ) ;
#1385 = CARTESIAN_POINT ( 'NONE',  ( -164.3938166502456966, 1075.559999999999945, 9.632323722520098386 ) ) ;
#1386 = CARTESIAN_POINT ( 'NONE',  ( -199.0895064422829819, 1071.559999999999945, -35.30583704478860341 ) ) ;
#1387 = DIRECTION ( 'NONE',  ( -0.7241518884010690327, 0.000000000000000000, -0.6896405168819227383 ) ) ;
#1388 = ORIENTED_EDGE ( 'NONE', *, *, #4598, .T. ) ;
#1389 = CARTESIAN_POINT ( 'NONE',  ( -199.9545621162941131, 1076.559999999999718, 22.61840892139642989 ) ) ;
#1390 = LINE ( 'NONE', #2246, #1017 ) ;
#1391 = CARTESIAN_POINT ( 'NONE',  ( -258.7028822036019164, 1076.160000000000082, -42.17616278367351867 ) ) ;
#1392 = EDGE_LOOP ( 'NONE', ( #433, #3456, #1573, #309 ) ) ;
#1393 = SHAPE_DEFINITION_REPRESENTATION ( #3820, #1312 ) ;
#1394 = EDGE_CURVE ( 'NONE', #3123, #590, #4870, .T. ) ;
#1395 = FACE_OUTER_BOUND ( 'NONE', #3568, .T. ) ;
#1396 = EDGE_CURVE ( 'NONE', #4702, #2692, #3798, .T. ) ;
#1397 = CARTESIAN_POINT ( 'NONE',  ( -293.2676002059569100, 1071.559999999999945, 1.330312713633433841 ) ) ;
#1398 = ORIENTED_EDGE ( 'NONE', *, *, #2031, .F. ) ;
#1399 = CARTESIAN_POINT ( 'NONE',  ( -109.3093335793662391, 1075.559999999999945, -115.0249432494100716 ) ) ;
#1400 = VERTEX_POINT ( 'NONE', #902 ) ;
#1401 = DIRECTION ( 'NONE',  ( 0.000000000000000000, 1.000000000000000000, 0.000000000000000000 ) ) ;
#1402 = DIRECTION ( 'NONE',  ( -0.000000000000000000, -1.000000000000000000, -0.000000000000000000 ) ) ;
#1403 = CARTESIAN_POINT ( 'NONE',  ( -254.0872411126863142, 1076.160000000000082, 7.323425104399207797 ) ) ;
#1404 = VERTEX_POINT ( 'NONE', #3635 ) ;
#1405 = ADVANCED_FACE ( 'NONE', ( #103 ), #2403, .T. ) ;
#1406 = CARTESIAN_POINT ( 'NONE',  ( -199.7612922686337527, 1071.559999999999945, 20.42067266884671994 ) ) ;
#1407 = ORIENTED_EDGE ( 'NONE', *, *, #3629, .F. ) ;
#1408 = ORIENTED_EDGE ( 'NONE', *, *, #654, .F. ) ;
#1409 = DIRECTION ( 'NONE',  ( 0.01060253998722140815, 0.000000000000000000, -0.9999437914932116644 ) ) ;
#1410 = CARTESIAN_POINT ( 'NONE',  ( -238.2652901195024242, 1071.559999999999945, 8.067388918634714301 ) ) ;
#1411 = CARTESIAN_POINT ( 'NONE',  ( -199.5983691954635901, 1071.559999999999945, 20.44752092366473306 ) ) ;
#1412 = VECTOR ( 'NONE', #1280, 1000.000000000000000 ) ;
#1413 = CARTESIAN_POINT ( 'NONE',  ( -257.8976825154149424, 1076.160000000000082, 7.804466760825782501 ) ) ;
#1414 = ORIENTED_EDGE ( 'NONE', *, *, #4668, .T. ) ;
#1415 = CARTESIAN_POINT ( 'NONE',  ( -228.6383456793252265, 1075.559999999999945, 8.415405281588835606 ) ) ;
#1416 = DIRECTION ( 'NONE',  ( -0.8530756398718960520, 0.000000000000000000, 0.5217872676265252752 ) ) ;
#1417 = AXIS2_PLACEMENT_3D ( 'NONE', #3489, #3113, #4672 ) ;
#1418 = DIRECTION ( 'NONE',  ( 0.1615200779515907903, 0.000000000000000000, -0.9868694262254312788 ) ) ;
#1419 = ORIENTED_EDGE ( 'NONE', *, *, #4873, .F. ) ;
#1420 = CARTESIAN_POINT ( 'NONE',  ( -80.42685347601852186, 1075.559999999999945, -84.63224460233963953 ) ) ;
#1421 = CARTESIAN_POINT ( 'NONE',  ( -112.7120578011266474, 1076.559999999999945, 28.11340712249482721 ) ) ;
#1422 = ORIENTED_EDGE ( 'NONE', *, *, #867, .T. ) ;
#1423 = DIRECTION ( 'NONE',  ( 0.8137065930674900471, 0.000000000000000000, 0.5812758212746321762 ) ) ;
#1424 = EDGE_CURVE ( 'NONE', #2193, #3515, #4462, .T. ) ;
#1425 = ORIENTED_EDGE ( 'NONE', *, *, #3017, .F. ) ;
#1426 = EDGE_CURVE ( 'NONE', #1662, #3712, #2392, .T. ) ;
#1427 = CARTESIAN_POINT ( 'NONE',  ( -204.8590266678264982, 1075.559999999999945, 18.74935791121631468 ) ) ;
#1428 = CARTESIAN_POINT ( 'NONE',  ( -102.3130301130719459, 1075.559999999999945, 93.74915243285636279 ) ) ;
#1429 = EDGE_LOOP ( 'NONE', ( #4274, #3012, #1722, #4016 ) ) ;
#1430 = DIRECTION ( 'NONE',  ( 0.000000000000000000, 1.000000000000000000, 0.000000000000000000 ) ) ;
#1431 = ORIENTED_EDGE ( 'NONE', *, *, #3719, .F. ) ;
#1432 = APPLICATION_CONTEXT ( 'automotive_design' ) ;
#1433 = ORIENTED_EDGE ( 'NONE', *, *, #2310, .T. ) ;
#1434 = EDGE_CURVE ( 'NONE', #1404, #1400, #877, .T. ) ;
#1435 = DIRECTION ( 'NONE',  ( 0.000000000000000000, -1.000000000000000000, 0.000000000000000000 ) ) ;
#1436 = CARTESIAN_POINT ( 'NONE',  ( -199.3900147404567633, 1076.559999999999945, 19.67087083983462392 ) ) ;
#1437 = PLANE ( 'NONE',  #239 ) ;
#1438 = AXIS2_PLACEMENT_3D ( 'NONE', #2963, #1348, #2911 ) ;
#1439 = VECTOR ( 'NONE', #4758, 1000.000000000000114 ) ;
#1440 = DIRECTION ( 'NONE',  ( -0.9286912196815861886, 0.000000000000000000, 0.3708539045046282401 ) ) ;
#1441 = ORIENTED_EDGE ( 'NONE', *, *, #690, .T. ) ;
#1442 = CARTESIAN_POINT ( 'NONE',  ( -209.3189339495794457, 1076.559999999999263, 21.82700662259047775 ) ) ;
#1443 = CARTESIAN_POINT ( 'NONE',  ( -260.7875091711331947, 1076.160000000000082, 7.103832978996146963 ) ) ;
#1444 = VERTEX_POINT ( 'NONE', #1258 ) ;
#1445 = ADVANCED_FACE ( 'NONE', ( #950 ), #3914, .F. ) ;
#1446 = CARTESIAN_POINT ( 'NONE',  ( -117.3099561672650566, 1076.559999999999945, 8.709611862594785592 ) ) ;
#1447 = EDGE_LOOP ( 'NONE', ( #1322, #2232, #3813, #1300 ) ) ;
#1448 = CARTESIAN_POINT ( 'NONE',  ( -266.5886069376112459, 1071.559999999999945, 9.579359346406606690 ) ) ;
#1449 = CARTESIAN_POINT ( 'NONE',  ( -154.5807832906197916, 1071.559999999999945, 26.32937649834314442 ) ) ;
#1450 = DIRECTION ( 'NONE',  ( -0.9286912196815861886, 0.000000000000000000, 0.3708539045046282956 ) ) ;
#1451 = CARTESIAN_POINT ( 'NONE',  ( -252.2572995699182741, 1071.559999999999945, 6.637396135036434330 ) ) ;
#1452 = ORIENTED_EDGE ( 'NONE', *, *, #1649, .F. ) ;
#1453 = FACE_OUTER_BOUND ( 'NONE', #2283, .T. ) ;
#1454 = ORIENTED_EDGE ( 'NONE', *, *, #1465, .F. ) ;
#1455 = LINE ( 'NONE', #2182, #4249 ) ;
#1456 = ORIENTED_EDGE ( 'NONE', *, *, #2780, .F. ) ;
#1457 = B_SPLINE_CURVE_WITH_KNOTS ( 'NONE', 3,
 ( #2111, #2474, #4086, #2549, #156 ),
 .UNSPECIFIED., .F., .F.,
 ( 4, 1, 4 ),
 ( 0.08511555471261227079, 0.09694117715508032695, 0.1003748877806320272 ),
 .UNSPECIFIED. ) ;
#1458 = ORIENTED_EDGE ( 'NONE', *, *, #4007, .F. ) ;
#1459 = CARTESIAN_POINT ( 'NONE',  ( -112.7508309264678985, 1071.559999999999945, 7.689384925053563968 ) ) ;
#1460 = CARTESIAN_POINT ( 'NONE',  ( -237.9153930459915784, 1071.559999999999945, 12.36233482739457301 ) ) ;
#1461 = AXIS2_PLACEMENT_3D ( 'NONE', #1286, #4108, #177 ) ;
#1462 = CARTESIAN_POINT ( 'NONE',  ( -201.9202256176897663, 1071.559999999999945, 23.10351947040012277 ) ) ;
#1463 = EDGE_CURVE ( 'NONE', #1820, #2379, #1310, .T. ) ;
#1464 = CARTESIAN_POINT ( 'NONE',  ( -285.1034899448663396, 1071.559999999999945, 1.323141469737680875 ) ) ;
#1465 = EDGE_CURVE ( 'NONE', #1400, #2057, #4135, .T. ) ;
#1466 = VECTOR ( 'NONE', #4985, 1000.000000000000000 ) ;
#1467 = DIRECTION ( 'NONE',  ( 0.9844586094827265654, 0.000000000000000000, 0.1756167594944640087 ) ) ;
#1468 = CARTESIAN_POINT ( 'NONE',  ( -199.5983691954635901, 1076.559999999999945, 20.44752092366473306 ) ) ;
#1469 = CARTESIAN_POINT ( 'NONE',  ( -202.5706112383104482, 1071.559999999999945, 22.18250123608388336 ) ) ;
#1470 = EDGE_CURVE ( 'NONE', #512, #3357, #2598, .T. ) ;
#1471 = CARTESIAN_POINT ( 'NONE',  ( -197.1720843583220812, 1071.559999999999945, -32.27098701116202761 ) ) ;
#1472 = ORIENTED_EDGE ( 'NONE', *, *, #2690, .T. ) ;
#1473 = CARTESIAN_POINT ( 'NONE',  ( -200.8700077524659378, 1071.559999999999945, 23.27837857331778793 ) ) ;
#1474 = CARTESIAN_POINT ( 'NONE',  ( -135.8203959127808957, 1076.559999999999945, 9.371846716018461976 ) ) ;
#1475 = ORIENTED_EDGE ( 'NONE', *, *, #2846, .F. ) ;
#1476 = CARTESIAN_POINT ( 'NONE',  ( -260.6240663350704381, 1071.559999999999945, 6.159236989585118671 ) ) ;
#1477 = ORIENTED_EDGE ( 'NONE', *, *, #4417, .F. ) ;
#1478 = CARTESIAN_POINT ( 'NONE',  ( -209.3189339495794457, 1071.559999999999945, 21.82700662259047775 ) ) ;
#1479 = EDGE_LOOP ( 'NONE', ( #3370, #4366, #230, #2570 ) ) ;
#1480 = LINE ( 'NONE', #792, #3018 ) ;
#1481 = ORIENTED_EDGE ( 'NONE', *, *, #226, .T. ) ;
#1482 = ORIENTED_EDGE ( 'NONE', *, *, #2010, .F. ) ;
#1483 = PLANE ( 'NONE',  #866 ) ;
#1484 = CARTESIAN_POINT ( 'NONE',  ( 0.000000000000000000, 1076.160000000000082, 0.000000000000000000 ) ) ;
#1485 = CARTESIAN_POINT ( 'NONE',  ( -185.6189877027450166, 1076.559999999999945, 12.12471130904595640 ) ) ;
#1486 = LINE ( 'NONE', #1411, #4656 ) ;
#1487 = EDGE_CURVE ( 'NONE', #4861, #1820, #1287, .T. ) ;
#1488 = AXIS2_PLACEMENT_3D ( 'NONE', #2704, #2369, #1960 ) ;
#1489 = DIRECTION ( 'NONE',  ( -0.8530756398718961631, 0.000000000000000000, 0.5217872676265251641 ) ) ;
#1490 = ADVANCED_FACE ( 'NONE', ( #3771 ), #2317, .F. ) ;
#1491 = EDGE_CURVE ( 'NONE', #3932, #3409, #1826, .T. ) ;
#1492 = CARTESIAN_POINT ( 'NONE',  ( -207.9278920539951798, 1076.559999999999263, 22.07258754983337212 ) ) ;
#1493 = CARTESIAN_POINT ( 'NONE',  ( -242.5546761616219555, 1076.160000000000082, 11.33505663525546936 ) ) ;
#1494 = B_SPLINE_CURVE_WITH_KNOTS ( 'NONE', 3,
 ( #317, #2680, #1854, #3060 ),
 .UNSPECIFIED., .F., .F.,
 ( 4, 4 ),
 ( 0.1058581375166447597, 0.1095003286792484154 ),
 .UNSPECIFIED. ) ;
#1495 = AXIS2_PLACEMENT_3D ( 'NONE', #1568, #3132, #4692 ) ;
#1496 = CARTESIAN_POINT ( 'NONE',  ( -259.3915731956416835, 1071.559999999999945, 7.445118414279723318 ) ) ;
#1497 = VERTEX_POINT ( 'NONE', #4515 ) ;
#1498 = ADVANCED_FACE ( 'NONE', ( #4971 ), #3387, .F. ) ;
#1499 = AXIS2_PLACEMENT_3D ( 'NONE', #3397, #4269, #4629 ) ;
#1500 = LINE ( 'NONE', #3066, #183 ) ;
#1501 = LINE ( 'NONE', #4706, #1061 ) ;
#1502 = ORIENTED_EDGE ( 'NONE', *, *, #3629, .T. ) ;
#1503 = CARTESIAN_POINT ( 'NONE',  ( -132.5334251630783058, 1076.160000000000082, 125.9478159459216329 ) ) ;
#1504 = ORIENTED_EDGE ( 'NONE', *, *, #2948, .T. ) ;
#1505 = AXIS2_PLACEMENT_3D ( 'NONE', #1991, #3120, #4345 ) ;
#1506 = CARTESIAN_POINT ( 'NONE',  ( -207.0000000000000000, 1071.559999999999945, 12.74517338218778839 ) ) ;
#1507 = EDGE_LOOP ( 'NONE', ( #2863, #3881, #1720, #3652 ) ) ;
#1508 = CARTESIAN_POINT ( 'NONE',  ( -256.8343786850405195, 1071.559999999999945, 8.059280522143888348 ) ) ;
#1509 = ORIENTED_EDGE ( 'NONE', *, *, #633, .T. ) ;
#1510 = ORIENTED_EDGE ( 'NONE', *, *, #3031, .F. ) ;
#1511 = DIRECTION ( 'NONE',  ( -0.9999437914932116644, 0.000000000000000000, -0.01060253998722140815 ) ) ;
#1512 = CARTESIAN_POINT ( 'NONE',  ( -165.5953102936683194, 1076.559999999999945, 9.630069181646565113 ) ) ;
#1513 = DIRECTION ( 'NONE',  ( 0.6888675014058621704, 0.000000000000000000, 0.7248872777934817213 ) ) ;
#1514 = CARTESIAN_POINT ( 'NONE',  ( -228.6383456793252265, 1075.559999999999945, 8.415405281588835606 ) ) ;
#1515 = ADVANCED_FACE ( 'NONE', ( #4997 ), #2950, .F. ) ;
#1516 = CARTESIAN_POINT ( 'NONE',  ( -209.4872335913868255, 1076.559999999999945, 18.75000630953008951 ) ) ;
#1517 = CARTESIAN_POINT ( 'NONE',  ( -264.1907845933566250, 1076.559999999999945, -17.38774865901275035 ) ) ;
#1518 = DIRECTION ( 'NONE',  ( 0.000000000000000000, 1.000000000000000000, -0.000000000000000000 ) ) ;
#1519 = VECTOR ( 'NONE', #4690, 1000.000000000000000 ) ;
#1520 = ADVANCED_FACE ( 'NONE', ( #2974 ), #1031, .T. ) ;
#1521 = DIRECTION ( 'NONE',  ( 0.000000000000000000, 1.000000000000000000, 0.000000000000000000 ) ) ;
#1522 = ORIENTED_EDGE ( 'NONE', *, *, #1487, .F. ) ;
#1523 = DIRECTION ( 'NONE',  ( 0.6755766284714695979, 0.000000000000000000, 0.7372897795732163972 ) ) ;
#1524 = VECTOR ( 'NONE', #1418, 1000.000000000000114 ) ;
#1525 = LINE ( 'NONE', #3735, #1786 ) ;
#1526 = CARTESIAN_POINT ( 'NONE',  ( -183.8902233028021840, 1076.559999999999945, 9.490411956954645234 ) ) ;
#1527 = CARTESIAN_POINT ( 'NONE',  ( -150.2687402473197835, 1075.559999999999945, 9.575102029627830191 ) ) ;
#1528 = ADVANCED_FACE ( 'NONE', ( #649 ), #3137, .T. ) ;
#1529 = LINE ( 'NONE', #4960, #468 ) ;
#1530 = ORIENTED_EDGE ( 'NONE', *, *, #80, .T. ) ;
#1531 = DIRECTION ( 'NONE',  ( 0.000000000000000000, 0.000000000000000000, 1.000000000000000000 ) ) ;
#1532 = ORIENTED_EDGE ( 'NONE', *, *, #2312, .T. ) ;
#1533 = CARTESIAN_POINT ( 'NONE',  ( -213.8485997193557466, 1076.160000000000082, 9.433716939735505846 ) ) ;
#1534 = EDGE_LOOP ( 'NONE', ( #998, #1071, #3452, #4157 ) ) ;
#1535 = EDGE_CURVE ( 'NONE', #4617, #3020, #3131, .T. ) ;
#1536 = ORIENTED_EDGE ( 'NONE', *, *, #3338, .T. ) ;
#1537 = CARTESIAN_POINT ( 'NONE',  ( -265.8557205421092817, 1076.559999999999945, 6.670256816194243932 ) ) ;
#1538 = DIRECTION ( 'NONE',  ( 0.000000000000000000, -1.000000000000000000, 0.000000000000000000 ) ) ;
#1539 = DIRECTION ( 'NONE',  ( -0.7248872777934818323, 0.000000000000000000, 0.6888675014058622814 ) ) ;
#1540 = DIRECTION ( 'NONE',  ( 0.000000000000000000, 0.000000000000000000, 1.000000000000000000 ) ) ;
#1541 = VECTOR ( 'NONE', #4549, 1000.000000000000000 ) ;
#1542 = AXIS2_PLACEMENT_3D ( 'NONE', #500, #3661, #2491 ) ;
#1543 = CLOSED_SHELL ( 'NONE', ( #3588, #2537, #3091, #2579, #305, #2718, #4049, #1366, #113, #4751, #345, #1187, #55, #1405, #1490, #3306, #202, #3704, #4533, #3667, #1815, #4002, #1679, #1285, #1065, #3046, #622, #1498, #4695, #4599, #3472, #206, #1113, #5029, #3714, #2628, #499, #3886, #2868, #2639, #1279, #3284, #2730, #2931, #4288, #25, #3938, #3463, #912, #2249, #1272, #4789, #136, #4688, #1637, #338, #120, #3310, #1445, #498, #3780, #4442, #3411, #1808, #1944, #1937, #869, #2557, #594, #359, #1528, #3228, #1969, #2939, #959, #436, #3619, #4230, #4412, #3121, #832, #783, #744, #1520, #3906, #1779, #627, #4535, #4294, #4097, #1776, #2045, #4714, #3157, #1333, #2030, #4059, #4000, #4632, #2134, #171, #657, #2028, #3246, #4522, #531, #2900, #1650, #41, #276, #4138, #3280, #2976, #1515, #2375, #2672, #1717, #3217, #2163, #4220, #2391, #2341, #2560, #2664, #1029, #2810, #3088 ) ) ;
#1544 = CARTESIAN_POINT ( 'NONE',  ( -209.4872335913868255, 1071.559999999999945, 18.75000630953008951 ) ) ;
#1545 = AXIS2_PLACEMENT_3D ( 'NONE', #2393, #798, #3953 ) ;
#1546 = LINE ( 'NONE', #776, #2697 ) ;
#1547 = CARTESIAN_POINT ( 'NONE',  ( -164.3938168790714371, 1075.559999999999945, 9.632453036328874063 ) ) ;
#1549 = ORIENTED_EDGE ( 'NONE', *, *, #4252, .F. ) ;
#1548 = AXIS2_PLACEMENT_3D ( 'NONE', #1932, #2245, #292 ) ;
#1550 = VECTOR ( 'NONE', #2677, 1000.000000000000227 ) ;
#1551 = ORIENTED_EDGE ( 'NONE', *, *, #2286, .F. ) ;
#1552 = CARTESIAN_POINT ( 'NONE',  ( -165.6171606190784189, 1076.559999999999945, 22.88600174150739974 ) ) ;
#1553 = CARTESIAN_POINT ( 'NONE',  ( -199.8196066857249491, 1071.559999999999945, 23.45158811887811012 ) ) ;
#1554 = CARTESIAN_POINT ( 'NONE',  ( -255.0873318160392103, 1075.559999999999945, 7.269166107440369728 ) ) ;
#1555 = DIRECTION ( 'NONE',  ( -9.709824276846038030E-14, 0.000000000000000000, 1.000000000000000000 ) ) ;
#1556 = ORIENTED_EDGE ( 'NONE', *, *, #3879, .F. ) ;
#1557 = FACE_OUTER_BOUND ( 'NONE', #4403, .T. ) ;
#1558 = EDGE_CURVE ( 'NONE', #4808, #914, #443, .T. ) ;
#1559 = VERTEX_POINT ( 'NONE', #2337 ) ;
#1560 = EDGE_CURVE ( 'NONE', #4994, #2457, #917, .T. ) ;
#1561 = CARTESIAN_POINT ( 'NONE',  ( -206.9999999999983515, 1071.559999999999945, 22.23483620102785352 ) ) ;
#1562 = ORIENTED_EDGE ( 'NONE', *, *, #1620, .T. ) ;
#1563 = CARTESIAN_POINT ( 'NONE',  ( -274.6155771348952612, 1071.559999999999945, 2.997052627296134197 ) ) ;
#1564 = VERTEX_POINT ( 'NONE', #2388 ) ;
#1565 = LINE ( 'NONE', #3130, #1519 ) ;
#1566 = DIRECTION ( 'NONE',  ( -0.2442954651673687472, 0.000000000000000000, 0.9697008434041185509 ) ) ;
#1567 = EDGE_CURVE ( 'NONE', #567, #1040, #3262, .T. ) ;
#1568 = CARTESIAN_POINT ( 'NONE',  ( -211.0105048050057235, 1071.559999999999945, 13.63428089195582871 ) ) ;
#1569 = DIRECTION ( 'NONE',  ( 0.000000000000000000, 1.000000000000000000, 0.000000000000000000 ) ) ;
#1570 = CARTESIAN_POINT ( 'NONE',  ( -221.0877470024899480, 1076.160000000000082, 15.20952985507489963 ) ) ;
#1571 = DIRECTION ( 'NONE',  ( 0.000000000000000000, 1.000000000000000000, 0.000000000000000000 ) ) ;
#1572 = ORIENTED_EDGE ( 'NONE', *, *, #3437, .T. ) ;
#1573 = ORIENTED_EDGE ( 'NONE', *, *, #4543, .T. ) ;
#1574 = DIRECTION ( 'NONE',  ( 0.6888675014067500157, 0.000000000000000000, 0.7248872777926381739 ) ) ;
#1575 = DIRECTION ( 'NONE',  ( 0.000000000000000000, 1.000000000000000000, 0.000000000000000000 ) ) ;
#1576 = CARTESIAN_POINT ( 'NONE',  ( -277.4549981299106776, 1076.559999999999945, 6.762558882593997289 ) ) ;
#1577 = CARTESIAN_POINT ( 'NONE',  ( -113.5285485838877833, 1071.559999999999945, 8.528672068350594770 ) ) ;
#1578 = CARTESIAN_POINT ( 'NONE',  ( -100.5531540498221830, 1076.559999999999945, 11.16271731101021381 ) ) ;
#1579 = B_SPLINE_SURFACE_WITH_KNOTS ( 'NONE', 3, 1, ( 
 ( #759, #2275 ),
 ( #1968, #1526 ),
 ( #3887, #1117 ),
 ( #3809, #2736 ),
 ( #4607, #1474 ),
 ( #4247, #14 ),
 ( #301, #326 ),
 ( #1577, #3144 ) ),
 .UNSPECIFIED., .F., .F., .F.,
 ( 4, 1, 1, 1, 1, 4 ),
 ( 2, 2 ),
 ( 0.000000000000000000, 0.02881424564072787575, 0.05820600141198495336, 0.08759775718324203098, 0.1022936350688705698, 0.1169895129544989976 ),
 ( 0.000000000000000000, 1.000000000000000000 ),
 .UNSPECIFIED. ) ;
#1580 = VECTOR ( 'NONE', #4991, 1000.000000000000000 ) ;
#1581 = CARTESIAN_POINT ( 'NONE',  ( -168.8641331842243858, 1071.559999999999945, 24.10239613039014017 ) ) ;
#1582 = ORIENTED_EDGE ( 'NONE', *, *, #4876, .F. ) ;
#1583 = CARTESIAN_POINT ( 'NONE',  ( -190.0016062542100883, 1075.559999999999945, 21.15314922756557436 ) ) ;
#1584 = ORIENTED_EDGE ( 'NONE', *, *, #3613, .T. ) ;
#1585 = CARTESIAN_POINT ( 'NONE',  ( -197.1720843583220812, 1071.559999999999945, -32.27098701116202761 ) ) ;
#1586 = ORIENTED_EDGE ( 'NONE', *, *, #2118, .F. ) ;
#1587 = EDGE_CURVE ( 'NONE', #673, #2306, #1901, .T. ) ;
#1588 = DIRECTION ( 'NONE',  ( 0.000000000000000000, -1.000000000000000000, 0.000000000000000000 ) ) ;
#1589 = CARTESIAN_POINT ( 'NONE',  ( -178.3086121559190360, 1075.559999999999945, 9.547596985844883477 ) ) ;
#1590 = CARTESIAN_POINT ( 'NONE',  ( -206.9999999999983515, 1076.559999999999945, 22.23483620102785352 ) ) ;
#1591 = CARTESIAN_POINT ( 'NONE',  ( -246.0930087170448246, 1075.559999999999945, 7.719654211881643135 ) ) ;
#1592 = EDGE_CURVE ( 'NONE', #1103, #3478, #1792, .T. ) ;
#1593 = VERTEX_POINT ( 'NONE', #795 ) ;
#1594 = LINE ( 'NONE', #3160, #5063 ) ;
#1595 = DIRECTION ( 'NONE',  ( 0.000000000000000000, 1.000000000000000000, 0.000000000000000000 ) ) ;
#1596 = ORIENTED_EDGE ( 'NONE', *, *, #1240, .F. ) ;
#1597 = EDGE_CURVE ( 'NONE', #3656, #4342, #3078, .T. ) ;
#1598 = EDGE_LOOP ( 'NONE', ( #4541, #1441, #2851, #1586 ) ) ;
#1599 = DIRECTION ( 'NONE',  ( 0.02688405537871830370, 0.000000000000000000, 0.9996385584632047072 ) ) ;
#1600 = CARTESIAN_POINT ( 'NONE',  ( -0.2853840190707158109, 1076.559999999999945, 13.44050725948424407 ) ) ;
#1601 = CARTESIAN_POINT ( 'NONE',  ( -132.7570495598770890, 1075.559999999999945, 9.255214942794436794 ) ) ;
#1602 = CYLINDRICAL_SURFACE ( 'NONE', #149, 4.124999999999996447 ) ;
#1603 = FACE_OUTER_BOUND ( 'NONE', #1124, .T. ) ;
#1604 = EDGE_CURVE ( 'NONE', #590, #4014, #3333, .T. ) ;
#1605 = CARTESIAN_POINT ( 'NONE',  ( -207.1162059258674049, 1071.559999999999945, 21.40246447226967774 ) ) ;
#1606 = B_SPLINE_CURVE_WITH_KNOTS ( 'NONE', 3,
 ( #3449, #2255, #761, #4557, #5013 ),
 .UNSPECIFIED., .F., .F.,
 ( 4, 1, 4 ),
 ( 0.1265145920008334257, 0.1356275895091633710, 0.1386002152324957992 ),
 .UNSPECIFIED. ) ;
#1607 = VERTEX_POINT ( 'NONE', #391 ) ;
#1608 = VECTOR ( 'NONE', #4114, 1000.000000000000000 ) ;
#1609 = CARTESIAN_POINT ( 'NONE',  ( -300.0000000000000000, 1076.559999999999945, 0.000000000000000000 ) ) ;
#1610 = EDGE_LOOP ( 'NONE', ( #4268, #2465, #154 ) ) ;
#1611 = CARTESIAN_POINT ( 'NONE',  ( -195.6463559078455035, 1071.559999999999945, 20.27733546108201423 ) ) ;
#1612 = ORIENTED_EDGE ( 'NONE', *, *, #867, .F. ) ;
#1613 = FACE_BOUND ( 'NONE', #1507, .T. ) ;
#1614 = VECTOR ( 'NONE', #4667, 1000.000000000000227 ) ;
#1615 = DIRECTION ( 'NONE',  ( -0.7248872777926413935, 0.000000000000000000, 0.6888675014067465741 ) ) ;
#1616 = FACE_OUTER_BOUND ( 'NONE', #4281, .T. ) ;
#1617 = CARTESIAN_POINT ( 'NONE',  ( -227.5076778612845487, 1071.559999999999945, 8.453911112217689094 ) ) ;
#1618 = EDGE_LOOP ( 'NONE', ( #380, #2941, #414, #4613, #3052 ) ) ;
#1619 = DIRECTION ( 'NONE',  ( 0.9868694262254086302, 0.000000000000000000, 0.1615200779517296792 ) ) ;
#1620 = EDGE_CURVE ( 'NONE', #3227, #101, #2750, .T. ) ;
#1621 = EDGE_CURVE ( 'NONE', #3105, #119, #1362, .T. ) ;
#1622 = EDGE_CURVE ( 'NONE', #2529, #19, #1900, .T. ) ;
#1623 = CARTESIAN_POINT ( 'NONE',  ( -149.2125205955655929, 1076.559999999999945, 25.91972275192642883 ) ) ;
#1624 = VERTEX_POINT ( 'NONE', #2721 ) ;
#1625 = VERTEX_POINT ( 'NONE', #2364 ) ;
#1626 = CARTESIAN_POINT ( 'NONE',  ( -117.0799586928299334, 1075.559999999999945, 111.2622349437988021 ) ) ;
#1627 = AXIS2_PLACEMENT_3D ( 'NONE', #2478, #4474, #3671 ) ;
#1628 = CIRCLE ( 'NONE', #3109, 8.289662818848574588 ) ;
#1629 = DIRECTION ( 'NONE',  ( 0.9286912196815860776, 0.000000000000000000, -0.3708539045046281846 ) ) ;
#1630 = EDGE_CURVE ( 'NONE', #2993, #3269, #26, .T. ) ;
#1631 = CARTESIAN_POINT ( 'NONE',  ( -149.8126463061967684, 1075.559999999999945, 25.87186741635287035 ) ) ;
#1632 = B_SPLINE_CURVE_WITH_KNOTS ( 'NONE', 3,
 ( #166, #1427, #3299, #2178 ),
 .UNSPECIFIED., .F., .F.,
 ( 4, 4 ),
 ( 0.1003748877806320272, 0.1008531779153183233 ),
 .UNSPECIFIED. ) ;
#1633 = LINE ( 'NONE', #1684, #951 ) ;
#1634 = CARTESIAN_POINT ( 'NONE',  ( -168.8641331842243858, 1076.560000000000173, 24.10239613039014017 ) ) ;
#1635 = ORIENTED_EDGE ( 'NONE', *, *, #4091, .F. ) ;
#1636 = CARTESIAN_POINT ( 'NONE',  ( -190.2519878843100685, 1075.559999999999945, 21.11535364897323319 ) ) ;
#1637 = ADVANCED_FACE ( 'NONE', ( #1203 ), #2770, .F. ) ;
#1638 = ORIENTED_EDGE ( 'NONE', *, *, #184, .F. ) ;
#1639 = DIRECTION ( 'NONE',  ( 0.000000000000000000, 1.000000000000000000, 0.000000000000000000 ) ) ;
#1640 = VERTEX_POINT ( 'NONE', #3605 ) ;
#1641 = FACE_BOUND ( 'NONE', #4062, .T. ) ;
#1642 = CARTESIAN_POINT ( 'NONE',  ( -112.2016622524414657, 1071.559999999999945, 28.10930200660904177 ) ) ;
#1643 = CARTESIAN_POINT ( 'NONE',  ( -114.4828442445582510, 1071.559999999999945, 27.32352736051254283 ) ) ;
#1644 = DIRECTION ( 'NONE',  ( 0.000000000000000000, 1.000000000000000000, -0.000000000000000000 ) ) ;
#1645 = VERTEX_POINT ( 'NONE', #4405 ) ;
#1646 = CARTESIAN_POINT ( 'NONE',  ( -206.0238319645381182, 1076.160000000000082, 19.36100969080447243 ) ) ;
#1647 = CARTESIAN_POINT ( 'NONE',  ( -199.3900147404567633, 1071.559999999999945, 19.67087083983462392 ) ) ;
#1648 = EDGE_LOOP ( 'NONE', ( #1582, #297, #1377, #3483 ) ) ;
#1649 = EDGE_CURVE ( 'NONE', #4127, #3096, #2461, .T. ) ;
#1650 = ADVANCED_FACE ( 'NONE', ( #165 ), #4767, .T. ) ;
#1651 = EDGE_CURVE ( 'NONE', #696, #1674, #2140, .T. ) ;
#1652 = ORIENTED_EDGE ( 'NONE', *, *, #2010, .T. ) ;
#1653 = FACE_OUTER_BOUND ( 'NONE', #99, .T. ) ;
#1654 = CARTESIAN_POINT ( 'NONE',  ( -112.7120578011266474, 1076.559999999999945, 28.11340712249482721 ) ) ;
#1655 = LINE ( 'NONE', #2353, #3229 ) ;
#1656 = FACE_OUTER_BOUND ( 'NONE', #4202, .T. ) ;
#1657 = EDGE_CURVE ( 'NONE', #95, #2422, #942, .T. ) ;
#1658 = LINE ( 'NONE', #2356, #1357 ) ;
#1659 = ORIENTED_EDGE ( 'NONE', *, *, #4031, .F. ) ;
#1660 = VECTOR ( 'NONE', #4217, 1000.000000000000000 ) ;
#1661 = CARTESIAN_POINT ( 'NONE',  ( -287.8070055319132052, 1071.559999999999945, 3.847726477019951297 ) ) ;
#1662 = VERTEX_POINT ( 'NONE', #3995 ) ;
#1663 = FACE_OUTER_BOUND ( 'NONE', #3295, .T. ) ;
#1664 = ORIENTED_EDGE ( 'NONE', *, *, #2406, .T. ) ;
#1665 = VECTOR ( 'NONE', #2943, 1000.000000000000114 ) ;
#1666 = FACE_BOUND ( 'NONE', #1800, .T. ) ;
#1667 = EDGE_CURVE ( 'NONE', #1640, #3810, #2507, .T. ) ;
#1668 = DIRECTION ( 'NONE',  ( -0.9996385584632171417, 0.000000000000000000, 0.02688405537825821687 ) ) ;
#1669 = CARTESIAN_POINT ( 'NONE',  ( -248.1457962178298260, 1076.159999999999854, 7.623944615941788072 ) ) ;
#1670 = VECTOR ( 'NONE', #3365, 1000.000000000000000 ) ;
#1671 = VERTEX_POINT ( 'NONE', #2074 ) ;
#1672 = CIRCLE ( 'NONE', #686, 10.28966281883204736 ) ;
#1673 = PLANE ( 'NONE',  #4414 ) ;
#1674 = VERTEX_POINT ( 'NONE', #492 ) ;
#1675 = CARTESIAN_POINT ( 'NONE',  ( -208.7003987831323570, 1076.160000000000082, 18.88995528795846823 ) ) ;
#1676 = B_SPLINE_CURVE_WITH_KNOTS ( 'NONE', 3,
 ( #1266, #4035, #530, #2475, #2087, #3645, #910, #3043, #3811, #3376, #1451, #1476, #2989, #691 ),
 .UNSPECIFIED., .F., .F.,
 ( 4, 1, 1, 1, 1, 1, 1, 1, 1, 1, 1, 4 ),
 ( 0.7011752054892489427, 0.7037511641537997908, 0.7114926295676233803, 0.7321002988842217896, 0.7527079682008201988, 0.7939233068340170174, 0.8351386454672137249, 0.8763539841004104325, 0.8969616534170088418, 0.9175693227336072511, 0.9324260961395651748, 0.9375780134687207168 ),
 .UNSPECIFIED. ) ;
#1677 = AXIS2_PLACEMENT_3D ( 'NONE', #3826, #2270, #3468 ) ;
#1678 = DIRECTION ( 'NONE',  ( 0.06567303980429951837, 0.000000000000000000, -0.9978411957034358792 ) ) ;
#1679 = ADVANCED_FACE ( 'NONE', ( #4071 ), #2847, .F. ) ;
#1680 = DIRECTION ( 'NONE',  ( 0.000000000000000000, 0.000000000000000000, 1.000000000000000000 ) ) ;
#1681 = ORIENTED_EDGE ( 'NONE', *, *, #2195, .F. ) ;
#1682 = CARTESIAN_POINT ( 'NONE',  ( -206.1180856855522165, 1076.559999999999945, 22.38807029477560917 ) ) ;
#1683 = FACE_OUTER_BOUND ( 'NONE', #3865, .T. ) ;
#1684 = CARTESIAN_POINT ( 'NONE',  ( -164.3938166502456966, 1075.559999999999945, 9.632323722520098386 ) ) ;
#1685 = DIRECTION ( 'NONE',  ( 0.000000000000000000, 1.000000000000000000, 0.000000000000000000 ) ) ;
#1686 = ORIENTED_EDGE ( 'NONE', *, *, #2932, .T. ) ;
#1687 = PLANE ( 'NONE',  #1255 ) ;
#1688 = ORIENTED_EDGE ( 'NONE', *, *, #3402, .T. ) ;
#1689 = CARTESIAN_POINT ( 'NONE',  ( -177.9340017912604992, 1075.559999999999945, -1.886658415328051452 ) ) ;
#1690 = ORIENTED_EDGE ( 'NONE', *, *, #1491, .F. ) ;
#1691 = VECTOR ( 'NONE', #1899, 1000.000000000000000 ) ;
#1692 = VECTOR ( 'NONE', #2295, 1000.000000000000000 ) ;
#1693 = CARTESIAN_POINT ( 'NONE',  ( -205.0226850522793427, 1075.559999999999945, 18.72112452389662707 ) ) ;
#1694 = LINE ( 'NONE', #560, #2512 ) ;
#1695 = CARTESIAN_POINT ( 'NONE',  ( -292.2377533026756282, 1071.559999999999945, 1.650914772663081065 ) ) ;
#1696 = ORIENTED_EDGE ( 'NONE', *, *, #4317, .F. ) ;
#1697 = DIRECTION ( 'NONE',  ( -0.000000000000000000, -1.000000000000000000, 0.000000000000000000 ) ) ;
#1698 = EDGE_CURVE ( 'NONE', #3710, #2612, #1694, .T. ) ;
#1699 = ORIENTED_EDGE ( 'NONE', *, *, #4752, .F. ) ;
#1700 = CARTESIAN_POINT ( 'NONE',  ( -197.3200412465125453, 1071.559999999999945, 9.255823950561126168 ) ) ;
#1701 = DIRECTION ( 'NONE',  ( 0.6888675014067521252, 0.000000000000000000, 0.7248872777926360644 ) ) ;
#1702 = DIRECTION ( 'NONE',  ( 0.000000000000000000, 1.000000000000000000, -0.000000000000000000 ) ) ;
#1703 = ORIENTED_EDGE ( 'NONE', *, *, #4723, .F. ) ;
#1704 = CARTESIAN_POINT ( 'NONE',  ( -201.3816641243797960, 1076.559999999999718, 22.38189762034626540 ) ) ;
#1705 = CARTESIAN_POINT ( 'NONE',  ( -221.0062520988226140, 1075.559999999999945, 15.79369152114550801 ) ) ;
#1706 = VECTOR ( 'NONE', #3722, 1000.000000000000114 ) ;
#1707 = DIRECTION ( 'NONE',  ( -0.01073934591758078476, -0.000000000000000000, -0.9999423315618068964 ) ) ;
#1708 = VECTOR ( 'NONE', #3535, 1000.000000000000000 ) ;
#1709 = ORIENTED_EDGE ( 'NONE', *, *, #1667, .T. ) ;
#1710 = CARTESIAN_POINT ( 'NONE',  ( -190.3431479854152144, 1071.559999999999945, -31.15330081486230185 ) ) ;
#1711 = FACE_OUTER_BOUND ( 'NONE', #3755, .T. ) ;
#1712 = ORIENTED_EDGE ( 'NONE', *, *, #1182, .F. ) ;
#1713 = AXIS2_PLACEMENT_3D ( 'NONE', #3272, #4017, #4838 ) ;
#1714 = EDGE_CURVE ( 'NONE', #1156, #1645, #2327, .T. ) ;
#1715 = FACE_OUTER_BOUND ( 'NONE', #1534, .T. ) ;
#1716 = EDGE_CURVE ( 'NONE', #9, #788, #2893, .T. ) ;
#1717 = ADVANCED_FACE ( 'NONE', ( #2100 ), #142, .F. ) ;
#1718 = CARTESIAN_POINT ( 'NONE',  ( 0.000000000000000000, 1076.160000000000082, 0.000000000000000000 ) ) ;
#1719 = CARTESIAN_POINT ( 'NONE',  ( -228.0922669548139936, 1075.559999999999945, 9.000081170459584001 ) ) ;
#1720 = ORIENTED_EDGE ( 'NONE', *, *, #3595, .F. ) ;
#1721 = CARTESIAN_POINT ( 'NONE',  ( -99.13813852873971655, 1071.559999999999945, 23.95660055259052967 ) ) ;
#1722 = ORIENTED_EDGE ( 'NONE', *, *, #4826, .T. ) ;
#1723 = EDGE_CURVE ( 'NONE', #4342, #3227, #1894, .T. ) ;
#1724 = CARTESIAN_POINT ( 'NONE',  ( -247.5948149815329487, 1071.559999999999945, 7.661474984079974959 ) ) ;
#1725 = CARTESIAN_POINT ( 'NONE',  ( -290.1850476729540560, 1076.160000000000082, 2.279926096537914670 ) ) ;
#1726 = DIRECTION ( 'NONE',  ( 0.000000000000000000, 0.000000000000000000, 1.000000000000000000 ) ) ;
#1727 = ORIENTED_EDGE ( 'NONE', *, *, #2929, .F. ) ;
#1728 = CARTESIAN_POINT ( 'NONE',  ( -221.0877470024899480, 1075.559999999999945, 15.20952985507489963 ) ) ;
#1729 = CARTESIAN_POINT ( 'NONE',  ( -220.6196549042584252, 1075.559999999999945, 15.86831720104284216 ) ) ;
#1730 = CARTESIAN_POINT ( 'NONE',  ( -300.0000000000000000, 987.6799999999998363, 0.000000000000000000 ) ) ;
#1731 = ORIENTED_EDGE ( 'NONE', *, *, #2548, .F. ) ;
#1732 = CARTESIAN_POINT ( 'NONE',  ( -252.2572995699182741, 1076.559999999999945, 6.637396135036434330 ) ) ;
#1733 = DIRECTION ( 'NONE',  ( -0.1615200779517748653, 0.000000000000000000, 0.9868694262254013028 ) ) ;
#1734 = ORIENTED_EDGE ( 'NONE', *, *, #5000, .F. ) ;
#1735 = VECTOR ( 'NONE', #1137, 1000.000000000000000 ) ;
#1736 = DIRECTION ( 'NONE',  ( 4.620170279626856566E-14, 0.000000000000000000, 1.000000000000000000 ) ) ;
#1737 = CARTESIAN_POINT ( 'NONE',  ( -292.8379051512092133, 1071.559999999999945, 0.5759372687384646250 ) ) ;
#1738 = DIRECTION ( 'NONE',  ( 0.7248872777926413935, 0.000000000000000000, -0.6888675014067465741 ) ) ;
#1739 = LINE ( 'NONE', #2708, #3097 ) ;
#1740 = ORIENTED_EDGE ( 'NONE', *, *, #3308, .F. ) ;
#1741 = DIRECTION ( 'NONE',  ( 0.000000000000000000, 0.000000000000000000, -1.000000000000000000 ) ) ;
#1742 = ORIENTED_EDGE ( 'NONE', *, *, #3774, .F. ) ;
#1743 = AXIS2_PLACEMENT_3D ( 'NONE', #4537, #3403, #2211 ) ;
#1744 = EDGE_CURVE ( 'NONE', #4910, #2996, #2149, .T. ) ;
#1745 = VERTEX_POINT ( 'NONE', #2965 ) ;
#1746 = AXIS2_PLACEMENT_3D ( 'NONE', #2960, #637, #3758 ) ;
#1747 = CARTESIAN_POINT ( 'NONE',  ( -196.3282871629824342, 1071.559999999999945, 9.275515527396397175 ) ) ;
#1748 = CARTESIAN_POINT ( 'NONE',  ( -260.7629341019982689, 1071.559999999999945, 6.944829825287971659 ) ) ;
#1749 = FACE_OUTER_BOUND ( 'NONE', #35, .T. ) ;
#1750 = EDGE_CURVE ( 'NONE', #2129, #4511, #3733, .T. ) ;
#1751 = DIRECTION ( 'NONE',  ( 0.5461661809640537824, 0.000000000000000000, 0.8376768486541457115 ) ) ;
#1752 = ORIENTED_EDGE ( 'NONE', *, *, #2844, .F. ) ;
#1753 = LINE ( 'NONE', #2194, #1053 ) ;
#1754 = LINE ( 'NONE', #182, #4370 ) ;
#1755 = EDGE_CURVE ( 'NONE', #2755, #148, #2387, .T. ) ;
#1756 = CARTESIAN_POINT ( 'NONE',  ( -196.7460255135903253, 1076.559999999999945, 11.88892099099301802 ) ) ;
#1757 = ORIENTED_EDGE ( 'NONE', *, *, #1250, .T. ) ;
#1758 = CARTESIAN_POINT ( 'NONE',  ( -113.8344749874592878, 1075.559999999999945, 8.543598326971469703 ) ) ;
#1759 = LINE ( 'NONE', #2200, #3703 ) ;
#1760 = CARTESIAN_POINT ( 'NONE',  ( -249.5323828282672878, 1075.559999999999945, 9.767544422943682747 ) ) ;
#1761 = ORIENTED_EDGE ( 'NONE', *, *, #1434, .F. ) ;
#1762 = DIRECTION ( 'NONE',  ( 0.000000000000000000, -1.000000000000000000, 0.000000000000000000 ) ) ;
#1763 = VERTEX_POINT ( 'NONE', #642 ) ;
#1764 = CARTESIAN_POINT ( 'NONE',  ( -57.94607177228483863, 1075.559999999999945, 62.78836422842088183 ) ) ;
#1765 = DIRECTION ( 'NONE',  ( -0.000000000000000000, -1.000000000000000000, -0.000000000000000000 ) ) ;
#1766 = CARTESIAN_POINT ( 'NONE',  ( -165.2216190392950921, 1075.559999999999945, 24.40157154486061941 ) ) ;
#1767 = ORIENTED_EDGE ( 'NONE', *, *, #340, .T. ) ;
#1768 = VECTOR ( 'NONE', #4840, 1000.000000000000114 ) ;
#1769 = CARTESIAN_POINT ( 'NONE',  ( -248.2263911974828545, 1076.160000000000082, 10.06564403484766501 ) ) ;
#1770 = EDGE_LOOP ( 'NONE', ( #2890, #855, #5006, #2519 ) ) ;
#1771 = ORIENTED_EDGE ( 'NONE', *, *, #211, .F. ) ;
#1772 = CARTESIAN_POINT ( 'NONE',  ( -208.1598014489444211, 1071.559999999999945, 22.03184027861088268 ) ) ;
#1773 = AXIS2_PLACEMENT_3D ( 'NONE', #4301, #3222, #3196 ) ;
#1774 = LINE ( 'NONE', #651, #600 ) ;
#1775 = DIRECTION ( 'NONE',  ( 0.1625980185390379085, 0.000000000000000000, -0.9866923960217687251 ) ) ;
#1776 = ADVANCED_FACE ( 'NONE', ( #194 ), #4508, .T. ) ;
#1777 = CARTESIAN_POINT ( 'NONE',  ( -197.2290306450148876, 1076.559999999999945, 18.09718957238962034 ) ) ;
#1778 = EDGE_LOOP ( 'NONE', ( #2407, #420, #602 ) ) ;
#1779 = ADVANCED_FACE ( 'NONE', ( #2210 ), #3763, .T. ) ;
#1780 = CARTESIAN_POINT ( 'NONE',  ( -213.8485997193557466, 1075.559999999999945, 9.433716939735505846 ) ) ;
#1781 = DIRECTION ( 'NONE',  ( 0.000000000000000000, 0.000000000000000000, 1.000000000000000000 ) ) ;
#1782 = CARTESIAN_POINT ( 'NONE',  ( -113.0233135672802405, 1076.559999999999945, 27.31498970425845485 ) ) ;
#1783 = VERTEX_POINT ( 'NONE', #994 ) ;
#1784 = EDGE_CURVE ( 'NONE', #4928, #1763, #2201, .T. ) ;
#1785 = CARTESIAN_POINT ( 'NONE',  ( -132.8079613817489815, 1076.559999999999945, 8.488640521341494605 ) ) ;
#1786 = VECTOR ( 'NONE', #2915, 1000.000000000000000 ) ;
#1787 = CARTESIAN_POINT ( 'NONE',  ( -269.9384435895143497, 1071.559999999999945, 3.340010526439208149 ) ) ;
#1788 = VERTEX_POINT ( 'NONE', #969 ) ;
#1789 = VECTOR ( 'NONE', #2861, 999.9999999999998863 ) ;
#1790 = FACE_OUTER_BOUND ( 'NONE', #223, .T. ) ;
#1791 = VERTEX_POINT ( 'NONE', #2533 ) ;
#1792 = CIRCLE ( 'NONE', #1202, 0.3999999999999871436 ) ;
#1793 = CARTESIAN_POINT ( 'NONE',  ( -155.5229316077984265, 1076.559999999999945, 9.623945755272075075 ) ) ;
#1794 = DIRECTION ( 'NONE',  ( -0.6755766284709778802, -0.000000000000000000, -0.7372897795736670368 ) ) ;
#1795 = DIRECTION ( 'NONE',  ( -0.8137065930674900471, 0.000000000000000000, -0.5812758212746321762 ) ) ;
#1796 = ORIENTED_EDGE ( 'NONE', *, *, #2818, .T. ) ;
#1797 = AXIS2_PLACEMENT_3D ( 'NONE', #3302, #2826, #4435 ) ;
#1798 = CARTESIAN_POINT ( 'NONE',  ( -187.8555102931843521, 1076.559999999999945, 17.45826335425562803 ) ) ;
#1799 = ORIENTED_EDGE ( 'NONE', *, *, #1698, .T. ) ;
#1800 = EDGE_LOOP ( 'NONE', ( #4129, #2752, #4048 ) ) ;
#1801 = CARTESIAN_POINT ( 'NONE',  ( -259.4174336591268570, 1076.160000000000082, 7.025687709121835489 ) ) ;
#1802 = CARTESIAN_POINT ( 'NONE',  ( -198.8098066529176435, 1071.559999999999945, 20.57702700072442425 ) ) ;
#1803 = CARTESIAN_POINT ( 'NONE',  ( -292.8379051512092133, 1076.559999999999945, 0.5759372687384646250 ) ) ;
#1804 = PLANE ( 'NONE',  #523 ) ;
#1805 = ORIENTED_EDGE ( 'NONE', *, *, #32, .F. ) ;
#1806 = CARTESIAN_POINT ( 'NONE',  ( -196.1653603157740804, 1071.559999999999945, 10.73525661145974652 ) ) ;
#1807 = CARTESIAN_POINT ( 'NONE',  ( -202.8083584354855589, 1071.559999999999945, 22.14236987475667817 ) ) ;
#1808 = ADVANCED_FACE ( 'NONE', ( #616 ), #3354, .F. ) ;
#1809 = EDGE_CURVE ( 'NONE', #3123, #1624, #2944, .T. ) ;
#1810 = CARTESIAN_POINT ( 'NONE',  ( -264.6795704296176268, 1076.559999999999718, 5.899739385248923718 ) ) ;
#1811 = ORIENTED_EDGE ( 'NONE', *, *, #5051, .T. ) ;
#1812 = DIRECTION ( 'NONE',  ( 0.000000000000000000, 1.000000000000000000, 0.000000000000000000 ) ) ;
#1813 = CARTESIAN_POINT ( 'NONE',  ( -197.9496424326183615, 1076.559999999999945, 20.71780934559758336 ) ) ;
#1814 = EDGE_LOOP ( 'NONE', ( #3890, #83, #2216, #2858 ) ) ;
#1815 = ADVANCED_FACE ( 'NONE', ( #227 ), #1142, .F. ) ;
#1816 = CARTESIAN_POINT ( 'NONE',  ( -233.9222184833684253, 1076.160000000000082, 13.19005079516628953 ) ) ;
#1817 = ORIENTED_EDGE ( 'NONE', *, *, #4503, .F. ) ;
#1818 = CARTESIAN_POINT ( 'NONE',  ( -245.4693082736705207, 1075.559999999999945, 8.268023086488323514 ) ) ;
#1819 = DIRECTION ( 'NONE',  ( 0.6888675014067514590, 0.000000000000000000, 0.7248872777926367306 ) ) ;
#1820 = VERTEX_POINT ( 'NONE', #589 ) ;
#1821 = LINE ( 'NONE', #4944, #3922 ) ;
#1822 = EDGE_LOOP ( 'NONE', ( #5070, #3892, #886, #1974 ) ) ;
#1823 = EDGE_CURVE ( 'NONE', #285, #3516, #1915, .T. ) ;
#1824 = ORIENTED_EDGE ( 'NONE', *, *, #1034, .F. ) ;
#1825 =( BOUNDED_CURVE ( )  B_SPLINE_CURVE ( 3, ( #242, #1806, #4420, #908 ),
 .UNSPECIFIED., .F., .T. ) 
 B_SPLINE_CURVE_WITH_KNOTS ( ( 4, 4 ),
 ( 5.188061922439845652, 5.811030525341560171 ),
 .UNSPECIFIED. ) 
 CURVE ( )  GEOMETRIC_REPRESENTATION_ITEM ( )  RATIONAL_B_SPLINE_CURVE ( ( 1.000000000000000000, 0.9679198146721790241, 0.9679198146721790241, 1.000000000000000000 ) ) 
 REPRESENTATION_ITEM ( '' )  );
#1826 = LINE ( 'NONE', #1081, #1299 ) ;
#1827 = CARTESIAN_POINT ( 'NONE',  ( -201.9202256176897663, 1076.559999999999945, 23.10351947040012277 ) ) ;
#1828 = DIRECTION ( 'NONE',  ( -0.7248872777926379518, 0.000000000000000000, 0.6888675014067502378 ) ) ;
#1829 = VECTOR ( 'NONE', #1765, 1000.000000000000000 ) ;
#1830 = CARTESIAN_POINT ( 'NONE',  ( -112.6486715160237964, 1071.559999999999945, 11.48801144721272749 ) ) ;
#1831 = EDGE_LOOP ( 'NONE', ( #59, #3686, #4461, #543 ) ) ;
#1832 = CARTESIAN_POINT ( 'NONE',  ( -227.8847318274319775, 1075.559999999999945, 8.441184859150778763 ) ) ;
#1833 = CARTESIAN_POINT ( 'NONE',  ( -179.3923076441887758, 1071.559999999999945, 22.66755377934908111 ) ) ;
#1834 = VECTOR ( 'NONE', #655, 1000.000000000000000 ) ;
#1835 = CARTESIAN_POINT ( 'NONE',  ( -252.2572995699182741, 1071.559999999999945, 6.637396135036434330 ) ) ;
#1836 = ORIENTED_EDGE ( 'NONE', *, *, #3675, .T. ) ;
#1837 = CARTESIAN_POINT ( 'NONE',  ( -204.0631272397255032, 1071.559999999999945, 9.111841880134704752 ) ) ;
#1838 = CARTESIAN_POINT ( 'NONE',  ( -114.4461369847590078, 1076.559999999999945, 8.572950441018029721 ) ) ;
#1839 = ORIENTED_EDGE ( 'NONE', *, *, #2086, .T. ) ;
#1840 = CARTESIAN_POINT ( 'NONE',  ( -200.0871256530375035, 1076.559999999999945, 20.36680898016317443 ) ) ;
#1841 = ORIENTED_EDGE ( 'NONE', *, *, #4130, .T. ) ;
#1842 = LINE ( 'NONE', #4864, #3952 ) ;
#1843 = ORIENTED_EDGE ( 'NONE', *, *, #1809, .T. ) ;
#1844 = FACE_OUTER_BOUND ( 'NONE', #1618, .T. ) ;
#1845 = ORIENTED_EDGE ( 'NONE', *, *, #4439, .F. ) ;
#1846 = ORIENTED_EDGE ( 'NONE', *, *, #3845, .F. ) ;
#1847 = LINE ( 'NONE', #2720, #1691 ) ;
#1848 = DIRECTION ( 'NONE',  ( 0.000000000000000000, 1.000000000000000000, -0.000000000000000000 ) ) ;
#1849 = CARTESIAN_POINT ( 'NONE',  ( -247.5948149815329487, 1071.559999999999945, 7.661474984079974959 ) ) ;
#1850 = EDGE_CURVE ( 'NONE', #1640, #2612, #167, .T. ) ;
#1851 = CARTESIAN_POINT ( 'NONE',  ( -149.9729130415771863, 1075.559999999999945, 10.94940432800109420 ) ) ;
#1852 = COLOUR_RGB ( '',0.7921568627450980005, 0.8196078431372548767, 0.9333333333333333481 ) ;
#1853 = CARTESIAN_POINT ( 'NONE',  ( -232.7573189821813173, 1071.559999999999945, 13.43332594171669214 ) ) ;
#1854 = CARTESIAN_POINT ( 'NONE',  ( -196.8942442888733240, 1071.559999999999945, 20.07854190588583876 ) ) ;
#1855 = CARTESIAN_POINT ( 'NONE',  ( -164.3751559483993958, 1076.559999999999945, -0.3085594543055735772 ) ) ;
#1856 = VECTOR ( 'NONE', #4022, 1000.000000000000000 ) ;
#1857 = CARTESIAN_POINT ( 'NONE',  ( -132.7140058270197187, 1076.559999999999945, 9.254047714990706552 ) ) ;
#1858 = ORIENTED_EDGE ( 'NONE', *, *, #3135, .T. ) ;
#1859 = CARTESIAN_POINT ( 'NONE',  ( -205.5936947258621501, 1071.559999999999945, 22.47887061952057763 ) ) ;
#1860 = DIRECTION ( 'NONE',  ( 0.9286912196815764187, 0.000000000000000000, -0.3708539045046523874 ) ) ;
#1861 = ORIENTED_EDGE ( 'NONE', *, *, #1560, .T. ) ;
#1862 = LINE ( 'NONE', #1503, #2678 ) ;
#1863 = ORIENTED_EDGE ( 'NONE', *, *, #4039, .F. ) ;
#1864 = VECTOR ( 'NONE', #4483, 1000.000000000000000 ) ;
#1865 = CARTESIAN_POINT ( 'NONE',  ( -207.9278920539951798, 1071.559999999999945, 22.07258754983337212 ) ) ;
#1866 = EDGE_LOOP ( 'NONE', ( #4514, #189, #2867, #4434 ) ) ;
#1867 = B_SPLINE_CURVE_WITH_KNOTS ( 'NONE', 3,
 ( #4337, #2101, #3996, #3949, #3655 ),
 .UNSPECIFIED., .F., .F.,
 ( 4, 1, 4 ),
 ( 0.07307916071570239036, 0.07759797097803880495, 0.08397392713542731202 ),
 .UNSPECIFIED. ) ;
#1868 = FACE_OUTER_BOUND ( 'NONE', #2435, .T. ) ;
#1869 = VERTEX_POINT ( 'NONE', #350 ) ;
#1870 = EDGE_CURVE ( 'NONE', #2768, #2057, #2630, .T. ) ;
#1871 = EDGE_CURVE ( 'NONE', #673, #865, #1955, .T. ) ;
#1872 = EDGE_CURVE ( 'NONE', #2371, #3656, #1525, .T. ) ;
#1873 = ORIENTED_EDGE ( 'NONE', *, *, #1158, .F. ) ;
#1874 = CARTESIAN_POINT ( 'NONE',  ( -115.5180971449239138, 1076.559999999999718, 7.824897445543522956 ) ) ;
#1875 = VECTOR ( 'NONE', #2547, 1000.000000000000000 ) ;
#1876 = CARTESIAN_POINT ( 'NONE',  ( -260.8337779112932253, 1076.160000000000082, 6.940564282576517918 ) ) ;
#1877 = VECTOR ( 'NONE', #928, 1000.000000000000000 ) ;
#1878 = LINE ( 'NONE', #2365, #1992 ) ;
#1879 = B_SPLINE_CURVE_WITH_KNOTS ( 'NONE', 3,
 ( #366, #2338, #337, #1929, #4212 ),
 .UNSPECIFIED., .F., .F.,
 ( 4, 1, 4 ),
 ( 0.06438286562773354316, 0.06792636788951804394, 0.07191289096771157074 ),
 .UNSPECIFIED. ) ;
#1880 = CARTESIAN_POINT ( 'NONE',  ( -99.99778022952412471, 1071.559999999999945, 23.97971956385083914 ) ) ;
#1881 = VECTOR ( 'NONE', #2119, 1000.000000000000000 ) ;
#1882 = EDGE_CURVE ( 'NONE', #4076, #2832, #1739, .T. ) ;
#1883 = LINE ( 'NONE', #4623, #2322 ) ;
#1884 = LINE ( 'NONE', #4624, #4820 ) ;
#1885 = DIRECTION ( 'NONE',  ( 0.001877162694588379579, 0.000000000000000000, -0.9999982381285568156 ) ) ;
#1886 = CARTESIAN_POINT ( 'NONE',  ( -96.72838245694208581, 1071.559999999999945, 24.69208237058675337 ) ) ;
#1887 = ORIENTED_EDGE ( 'NONE', *, *, #3853, .F. ) ;
#1888 = DIRECTION ( 'NONE',  ( 0.000000000000000000, 1.000000000000000000, 0.000000000000000000 ) ) ;
#1889 = CARTESIAN_POINT ( 'NONE',  ( -32.54741776726844904, 1075.559999999999945, -81.50514457746841401 ) ) ;
#1890 = DIRECTION ( 'NONE',  ( -0.9846372947113711804, 0.000000000000000000, -0.1746121354988603991 ) ) ;
#1891 = CARTESIAN_POINT ( 'NONE',  ( -237.6737849101027678, 1075.559999999999945, 8.080994601710605352 ) ) ;
#1892 = ORIENTED_EDGE ( 'NONE', *, *, #3523, .F. ) ;
#1893 = DIRECTION ( 'NONE',  ( 0.000000000000000000, 1.000000000000000000, -0.000000000000000000 ) ) ;
#1894 = CIRCLE ( 'NONE', #3036, 0.6007478931679237633 ) ;
#1895 = ORIENTED_EDGE ( 'NONE', *, *, #1604, .T. ) ;
#1896 = CARTESIAN_POINT ( 'NONE',  ( -199.9545621159454640, 1071.559999999999945, 22.61840892145389859 ) ) ;
#1897 = ORIENTED_EDGE ( 'NONE', *, *, #3533, .F. ) ;
#1898 = VERTEX_POINT ( 'NONE', #2967 ) ;
#1899 = DIRECTION ( 'NONE',  ( 0.000000000000000000, 1.000000000000000000, 0.000000000000000000 ) ) ;
#1900 = B_SPLINE_CURVE_WITH_KNOTS ( 'NONE', 3,
 ( #3458, #1928, #3532, #1153 ),
 .UNSPECIFIED., .F., .F.,
 ( 4, 4 ),
 ( 0.7561382821183466607, 0.7587236421649252716 ),
 .UNSPECIFIED. ) ;
#1901 = LINE ( 'NONE', #3, #3923 ) ;
#1902 = DIRECTION ( 'NONE',  ( 0.000000000000000000, 1.000000000000000000, 0.000000000000000000 ) ) ;
#1903 = LINE ( 'NONE', #1155, #1138 ) ;
#1904 = EDGE_CURVE ( 'NONE', #3492, #955, #2234, .T. ) ;
#1905 = VECTOR ( 'NONE', #1595, 1000.000000000000000 ) ;
#1906 = LINE ( 'NONE', #4597, #360 ) ;
#1907 = CARTESIAN_POINT ( 'NONE',  ( -150.0731987924721693, 1075.559999999999945, 1.611780943679957057 ) ) ;
#1908 = EDGE_CURVE ( 'NONE', #648, #756, #726, .T. ) ;
#1909 = DIRECTION ( 'NONE',  ( 0.000000000000000000, 1.000000000000000000, 0.000000000000000000 ) ) ;
#1910 = VECTOR ( 'NONE', #3582, 1000.000000000000000 ) ;
#1911 = LINE ( 'NONE', #4980, #213 ) ;
#1912 = EDGE_LOOP ( 'NONE', ( #5055, #4488, #3829, #2683 ) ) ;
#1913 = VECTOR ( 'NONE', #4452, 1000.000000000000000 ) ;
#1914 = FACE_OUTER_BOUND ( 'NONE', #4903, .T. ) ;
#1915 = LINE ( 'NONE', #4652, #4487 ) ;
#1916 = EDGE_CURVE ( 'NONE', #2154, #95, #4865, .T. ) ;
#1917 = DIRECTION ( 'NONE',  ( 2.924822108590287103E-15, 0.000000000000000000, 1.000000000000000000 ) ) ;
#1918 = ORIENTED_EDGE ( 'NONE', *, *, #5061, .T. ) ;
#1919 = DIRECTION ( 'NONE',  ( -0.7248872777926356203, 0.000000000000000000, 0.6888675014067525693 ) ) ;
#1920 = VERTEX_POINT ( 'NONE', #2992 ) ;
#1921 = AXIS2_PLACEMENT_3D ( 'NONE', #4270, #4369, #2758 ) ;
#1922 = CARTESIAN_POINT ( 'NONE',  ( -266.3727187654356499, 1071.559999999999945, 3.583167371676566404 ) ) ;
#1923 = ORIENTED_EDGE ( 'NONE', *, *, #876, .F. ) ;
#1924 = CARTESIAN_POINT ( 'NONE',  ( -252.0785529214669793, 1075.559999999999945, 7.428040937625709716 ) ) ;
#1925 = ORIENTED_EDGE ( 'NONE', *, *, #584, .T. ) ;
#1926 = VERTEX_POINT ( 'NONE', #2618 ) ;
#1927 = PLANE ( 'NONE',  #3726 ) ;
#1928 = CARTESIAN_POINT ( 'NONE',  ( -149.1355522215224312, 1075.559999999999945, 9.563395545386097041 ) ) ;
#1929 = CARTESIAN_POINT ( 'NONE',  ( -235.2482142749611000, 1076.160000000000082, 12.91218124333007644 ) ) ;
#1930 = DIRECTION ( 'NONE',  ( 0.000000000000000000, -1.000000000000000000, 0.000000000000000000 ) ) ;
#1931 = CARTESIAN_POINT ( 'NONE',  ( -149.9729130415771863, 1075.559999999999945, 10.94940432800109420 ) ) ;
#1932 = CARTESIAN_POINT ( 'NONE',  ( -133.3568342694792932, 1075.559999999999945, 9.271286723260869778 ) ) ;
#1933 = DIRECTION ( 'NONE',  ( 0.000000000000000000, 1.000000000000000000, 0.000000000000000000 ) ) ;
#1934 = ORIENTED_EDGE ( 'NONE', *, *, #368, .T. ) ;
#1935 = AXIS2_PLACEMENT_3D ( 'NONE', #24, #1588, #1201 ) ;
#1936 = EDGE_CURVE ( 'NONE', #117, #4683, #1047, .T. ) ;
#1937 = ADVANCED_FACE ( 'NONE', ( #3329 ), #2212, .F. ) ;
#1938 = VERTEX_POINT ( 'NONE', #618 ) ;
#1939 = CARTESIAN_POINT ( 'NONE',  ( -265.8557205421093954, 1071.559999999999945, 6.670256816194850558 ) ) ;
#1940 = CARTESIAN_POINT ( 'NONE',  ( -50.02817683524136783, 1075.559999999999945, -52.64406993357885511 ) ) ;
#1941 = DIRECTION ( 'NONE',  ( 0.000000000000000000, 1.000000000000000000, 0.000000000000000000 ) ) ;
#1942 = CARTESIAN_POINT ( 'NONE',  ( -179.3923076441887474, 1075.559999999999945, 22.66755377934962112 ) ) ;
#1943 = ORIENTED_EDGE ( 'NONE', *, *, #1057, .T. ) ;
#1944 = ADVANCED_FACE ( 'NONE', ( #3792 ), #3474, .F. ) ;
#1945 = CARTESIAN_POINT ( 'NONE',  ( -140.1163786704161112, 1071.559999999999945, 26.58487205923218966 ) ) ;
#1946 = ORIENTED_EDGE ( 'NONE', *, *, #5064, .F. ) ;
#1947 = DIRECTION ( 'NONE',  ( 0.000000000000000000, 0.000000000000000000, -1.000000000000000000 ) ) ;
#1948 = ORIENTED_EDGE ( 'NONE', *, *, #4967, .F. ) ;
#1949 = DIRECTION ( 'NONE',  ( 0.000000000000000000, 1.000000000000000000, 0.000000000000000000 ) ) ;
#1950 = ORIENTED_EDGE ( 'NONE', *, *, #2067, .T. ) ;
#1951 = CARTESIAN_POINT ( 'NONE',  ( -238.2618435604875629, 1075.559999999999945, 8.623513685522880223 ) ) ;
#1952 = CARTESIAN_POINT ( 'NONE',  ( -175.6433355926455135, 1076.560000000000173, 9.574595747463044759 ) ) ;
#1953 = LINE ( 'NONE', #3512, #5012 ) ;
#1954 = CARTESIAN_POINT ( 'NONE',  ( -265.5219321219680637, 1076.559999999999945, 2.837808823443983997 ) ) ;
#1955 = B_SPLINE_CURVE_WITH_KNOTS ( 'NONE', 3,
 ( #1351, #3379, #1376, #3765, #3709, #2126, #4099, #4942, #2565 ),
 .UNSPECIFIED., .F., .F.,
 ( 4, 1, 1, 1, 1, 1, 4 ),
 ( 0.03891155862395586501, 0.04061555485876838789, 0.04231955109357731643, 0.05452787951388714249, 0.06815984939235858464, 0.08179181927083004067, 0.09615905530104609800 ),
 .UNSPECIFIED. ) ;
#1956 = VECTOR ( 'NONE', #4621, 999.9999999999998863 ) ;
#1957 = DIRECTION ( 'NONE',  ( -0.02688405537884543811, -0.000000000000000000, -0.9996385584632012655 ) ) ;
#1958 = VECTOR ( 'NONE', #1957, 1000.000000000000000 ) ;
#1959 = FACE_OUTER_BOUND ( 'NONE', #4083, .T. ) ;
#1960 = DIRECTION ( 'NONE',  ( 9.748559290012667140E-12, 0.000000000000000000, 1.000000000000000000 ) ) ;
#1961 = ORIENTED_EDGE ( 'NONE', *, *, #1118, .F. ) ;
#1962 = AXIS2_PLACEMENT_3D ( 'NONE', #1689, #3992, #4764 ) ;
#1963 = VERTEX_POINT ( 'NONE', #1601 ) ;
#1964 = LINE ( 'NONE', #62, #4117 ) ;
#1965 = CARTESIAN_POINT ( 'NONE',  ( -211.0105048050057235, 1071.559999999999945, 13.63428089195582871 ) ) ;
#1966 = CARTESIAN_POINT ( 'NONE',  ( -218.7857932307453837, 1076.159999999999854, 8.733099515211987907 ) ) ;
#1967 = EDGE_CURVE ( 'NONE', #4248, #4754, #3215, .T. ) ;
#1968 = CARTESIAN_POINT ( 'NONE',  ( -183.8902233028021840, 1071.559999999999945, 9.490411956954645234 ) ) ;
#1969 = ADVANCED_FACE ( 'NONE', ( #3194 ), #4298, .F. ) ;
#1970 = FACE_OUTER_BOUND ( 'NONE', #1598, .T. ) ;
#1971 = CARTESIAN_POINT ( 'NONE',  ( -113.0233135672802547, 1071.559999999999945, 27.31498970425845130 ) ) ;
#1972 = ORIENTED_EDGE ( 'NONE', *, *, #3507, .F. ) ;
#1973 = CARTESIAN_POINT ( 'NONE',  ( -149.2125205955655929, 1075.559999999999945, 25.91972275192642883 ) ) ;
#1974 = ORIENTED_EDGE ( 'NONE', *, *, #1657, .T. ) ;
#1975 = EDGE_CURVE ( 'NONE', #2622, #3227, #3546, .T. ) ;
#1976 = CARTESIAN_POINT ( 'NONE',  ( -66.52695322057222427, 1075.559999999999945, -70.00554086441650270 ) ) ;
#1977 = ORIENTED_EDGE ( 'NONE', *, *, #1132, .T. ) ;
#1978 = B_SPLINE_CURVE_WITH_KNOTS ( 'NONE', 3,
 ( #4707, #810, #2837, #2377 ),
 .UNSPECIFIED., .F., .F.,
 ( 4, 4 ),
 ( 0.1690144996653632492, 0.1693195446337238952 ),
 .UNSPECIFIED. ) ;
#1979 = FACE_BOUND ( 'NONE', #1778, .T. ) ;
#1980 = AXIS2_PLACEMENT_3D ( 'NONE', #4917, #4919, #3681 ) ;
#1981 = CARTESIAN_POINT ( 'NONE',  ( -257.5087377909017050, 1076.160000000000082, 7.897858416091774636 ) ) ;
#1982 = CARTESIAN_POINT ( 'NONE',  ( -190.1890343106762202, 1071.559999999999945, 9.385866078298587212 ) ) ;
#1983 = CARTESIAN_POINT ( 'NONE',  ( -104.2954391588726253, 1076.160000000000082, -109.7488803342781409 ) ) ;
#1984 = ORIENTED_EDGE ( 'NONE', *, *, #3005, .T. ) ;
#1985 = CARTESIAN_POINT ( 'NONE',  ( -133.5305144212688617, 1075.559999999999945, 25.38181269807620311 ) ) ;
#1986 = CARTESIAN_POINT ( 'NONE',  ( -96.76864102633759046, 1076.160000000000082, -101.8285180040453213 ) ) ;
#1987 = VERTEX_POINT ( 'NONE', #1554 ) ;
#1988 = ORIENTED_EDGE ( 'NONE', *, *, #3417, .F. ) ;
#1989 = PLANE ( 'NONE',  #3216 ) ;
#1990 = PLANE ( 'NONE',  #3542 ) ;
#1991 = CARTESIAN_POINT ( 'NONE',  ( -178.7962997729573260, 1075.559999999999945, 22.74732555274113821 ) ) ;
#1992 = VECTOR ( 'NONE', #4998, 1000.000000000000000 ) ;
#1993 = DIRECTION ( 'NONE',  ( 0.000000000000000000, 1.000000000000000000, 0.000000000000000000 ) ) ;
#1994 = DIRECTION ( 'NONE',  ( 0.000000000000000000, 0.000000000000000000, -1.000000000000000000 ) ) ;
#1995 = VECTOR ( 'NONE', #1812, 1000.000000000000000 ) ;
#1996 = CARTESIAN_POINT ( 'NONE',  ( -114.4828442445582510, 1071.559999999999945, 27.32352736051254283 ) ) ;
#1997 = EDGE_LOOP ( 'NONE', ( #3503, #383, #4046, #3917 ) ) ;
#1998 = CARTESIAN_POINT ( 'NONE',  ( -133.4887941578116397, 1075.559999999999945, 26.90089384464909372 ) ) ;
#1999 = ORIENTED_EDGE ( 'NONE', *, *, #1620, .F. ) ;
#2000 = DIRECTION ( 'NONE',  ( 0.000000000000000000, 1.000000000000000000, 0.000000000000000000 ) ) ;
#2001 = VERTEX_POINT ( 'NONE', #808 ) ;
#2002 = EDGE_CURVE ( 'NONE', #310, #3197, #455, .T. ) ;
#2003 = FACE_BOUND ( 'NONE', #259, .T. ) ;
#2004 = CARTESIAN_POINT ( 'NONE',  ( -49.20153583355251925, 1075.559999999999945, -51.77420520022761252 ) ) ;
#2005 = DIRECTION ( 'NONE',  ( -0.7248872777934789458, 0.000000000000000000, 0.6888675014058652790 ) ) ;
#2006 = CARTESIAN_POINT ( 'NONE',  ( -265.5219321203088043, 1071.559999999999945, 2.837808823553189974 ) ) ;
#2007 = CARTESIAN_POINT ( 'NONE',  ( -214.3996353644119779, 1076.559999999999945, 17.87368700834695545 ) ) ;
#2008 = CARTESIAN_POINT ( 'NONE',  ( -191.0408821864118067, 1071.559999999999945, -31.48181644928276768 ) ) ;
#2009 = EDGE_LOOP ( 'NONE', ( #968, #4513, #3670, #623, #4765 ) ) ;
#2010 = EDGE_CURVE ( 'NONE', #163, #1963, #4456, .T. ) ;
#2011 = ORIENTED_EDGE ( 'NONE', *, *, #4162, .T. ) ;
#2012 = CARTESIAN_POINT ( 'NONE',  ( -133.4902981710299059, 1075.559999999999945, 26.90082613893752495 ) ) ;
#2013 = CYLINDRICAL_SURFACE ( 'NONE', #2522, 8.689662818835428126 ) ;
#2014 = CARTESIAN_POINT ( 'NONE',  ( -133.1568151895789640, 1075.559999999999945, 9.266055488606523838 ) ) ;
#2015 = CARTESIAN_POINT ( 'NONE',  ( -211.0105048050057235, 1071.559999999999945, 13.63428089195582871 ) ) ;
#2016 = B_SPLINE_CURVE_WITH_KNOTS ( 'NONE', 3,
 ( #604, #2168, #957, #2521, #2063 ),
 .UNSPECIFIED., .F., .F.,
 ( 4, 1, 4 ),
 ( 0.1149940070054615571, 0.1162843833321218490, 0.1253476670934018655 ),
 .UNSPECIFIED. ) ;
#2017 = DIRECTION ( 'NONE',  ( 0.1756167594926664188, 0.000000000000000000, -0.9844586094830471978 ) ) ;
#2018 = ORIENTED_EDGE ( 'NONE', *, *, #2002, .F. ) ;
#2019 = VECTOR ( 'NONE', #4450, 1000.000000000000000 ) ;
#2020 = CARTESIAN_POINT ( 'NONE',  ( -96.76864102633759046, 1075.559999999999945, -101.8285180040453213 ) ) ;
#2021 = ORIENTED_EDGE ( 'NONE', *, *, #2416, .T. ) ;
#2022 = CARTESIAN_POINT ( 'NONE',  ( -116.5000488705965438, 1075.559999999999945, 110.7111409426733530 ) ) ;
#2023 = EDGE_LOOP ( 'NONE', ( #2411, #3087, #3482 ) ) ;
#2024 = FACE_OUTER_BOUND ( 'NONE', #3795, .T. ) ;
#2025 = DIRECTION ( 'NONE',  ( 0.9996385584632172527, 0.000000000000000000, -0.02688405537825339434 ) ) ;
#2026 = B_SPLINE_CURVE_WITH_KNOTS ( 'NONE', 3,
 ( #465, #96, #416, #3924 ),
 .UNSPECIFIED., .F., .F.,
 ( 4, 4 ),
 ( 0.1402734871943979722, 0.1547462937130344718 ),
 .UNSPECIFIED. ) ;
#2027 = CARTESIAN_POINT ( 'NONE',  ( -199.3900147404567633, 1071.559999999999945, 19.67087083983462392 ) ) ;
#2028 = ADVANCED_FACE ( 'NONE', ( #378 ), #404, .T. ) ;
#2029 = CARTESIAN_POINT ( 'NONE',  ( -266.6398104252421604, 1076.160000000000082, 6.507882213807825167 ) ) ;
#2030 = ADVANCED_FACE ( 'NONE', ( #38 ), #3169, .T. ) ;
#2031 = EDGE_CURVE ( 'NONE', #117, #3706, #4275, .T. ) ;
#2032 = VERTEX_POINT ( 'NONE', #1239 ) ;
#2033 = CARTESIAN_POINT ( 'NONE',  ( -264.2871590457025377, 1071.559999999999945, 7.064132261341821817 ) ) ;
#2034 = PLANE ( 'NONE',  #2803 ) ;
#2035 = ORIENTED_EDGE ( 'NONE', *, *, #3746, .T. ) ;
#2036 = EDGE_CURVE ( 'NONE', #516, #2792, #4679, .T. ) ;
#2037 = AXIS2_PLACEMENT_3D ( 'NONE', #1119, #4225, #302 ) ;
#2038 = ORIENTED_EDGE ( 'NONE', *, *, #4512, .T. ) ;
#2039 = CARTESIAN_POINT ( 'NONE',  ( -259.4640068570307108, 1071.559999999999945, 8.261595196954861109 ) ) ;
#2040 = VECTOR ( 'NONE', #2703, 1000.000000000000114 ) ;
#2041 = VECTOR ( 'NONE', #2854, 1000.000000000000114 ) ;
#2042 = CARTESIAN_POINT ( 'NONE',  ( -199.9242113585883089, 1071.559999999999945, 20.39376857809346433 ) ) ;
#2043 = DIRECTION ( 'NONE',  ( 0.000000000000000000, 0.000000000000000000, -1.000000000000000000 ) ) ;
#2044 = CARTESIAN_POINT ( 'NONE',  ( -197.2290306450148591, 1071.559999999999945, 18.09718957238959902 ) ) ;
#2045 = ADVANCED_FACE ( 'NONE', ( #87 ), #3936, .T. ) ;
#2046 = CARTESIAN_POINT ( 'NONE',  ( -207.2804213072818129, 1076.159999999999854, 21.37377748998192573 ) ) ;
#2047 = EDGE_LOOP ( 'NONE', ( #2449, #1349, #2744 ) ) ;
#2048 = CARTESIAN_POINT ( 'NONE',  ( -300.0000000000000000, 1071.559999999999945, 0.000000000000000000 ) ) ;
#2049 = VERTEX_POINT ( 'NONE', #1191 ) ;
#2050 = DIRECTION ( 'NONE',  ( 0.000000000000000000, 0.000000000000000000, 1.000000000000000000 ) ) ;
#2051 = ORIENTED_EDGE ( 'NONE', *, *, #1723, .F. ) ;
#2052 = CARTESIAN_POINT ( 'NONE',  ( -207.1162059251502399, 1071.559999999999945, 21.40246447239501393 ) ) ;
#2053 = CARTESIAN_POINT ( 'NONE',  ( -287.7366072058259761, 1071.559999999999945, 1.077373546408352922 ) ) ;
#2054 = DIRECTION ( 'NONE',  ( 0.000000000000000000, -1.000000000000000000, 0.000000000000000000 ) ) ;
#2055 = ORIENTED_EDGE ( 'NONE', *, *, #2804, .F. ) ;
#2056 = CARTESIAN_POINT ( 'NONE',  ( -207.1162059251502399, 1076.160000000000082, 21.40246447239501393 ) ) ;
#2057 = VERTEX_POINT ( 'NONE', #1165 ) ;
#2058 = DIRECTION ( 'NONE',  ( -0.1609050596805300659, 0.000000000000000000, 0.9869698889881115544 ) ) ;
#2059 = PLANE ( 'NONE',  #2774 ) ;
#2060 = CARTESIAN_POINT ( 'NONE',  ( -191.0408821864118067, 1071.559999999999945, -31.48181644928276768 ) ) ;
#2061 = VERTEX_POINT ( 'NONE', #858 ) ;
#2062 = DIRECTION ( 'NONE',  ( -0.7248872777926302913, 0.000000000000000000, 0.6888675014067582314 ) ) ;
#2063 = CARTESIAN_POINT ( 'NONE',  ( -179.3923076441887474, 1076.559999999999945, 22.66755377934926585 ) ) ;
#2064 = LINE ( 'NONE', #40, #1789 ) ;
#2065 = LINE ( 'NONE', #4087, #5045 ) ;
#2066 = VERTEX_POINT ( 'NONE', #2427 ) ;
#2067 = EDGE_CURVE ( 'NONE', #4635, #3256, #1655, .T. ) ;
#2068 = CARTESIAN_POINT ( 'NONE',  ( -292.7816016975697835, 1071.559999999999945, 2.342604849884805773 ) ) ;
#2069 = ORIENTED_EDGE ( 'NONE', *, *, #1332, .T. ) ;
#2070 = CARTESIAN_POINT ( 'NONE',  ( -109.3093335793662391, 1076.160000000000082, -115.0249432494100716 ) ) ;
#2071 = ORIENTED_EDGE ( 'NONE', *, *, #4876, .T. ) ;
#2072 = VECTOR ( 'NONE', #4296, 999.9999999999998863 ) ;
#2073 = FACE_BOUND ( 'NONE', #4293, .T. ) ;
#2074 = CARTESIAN_POINT ( 'NONE',  ( -132.3252790877545522, 1076.559999999999945, 25.56367482687217674 ) ) ;
#2075 = CARTESIAN_POINT ( 'NONE',  ( -290.1850476729540560, 1071.559999999999945, 2.279926096537914670 ) ) ;
#2076 = CIRCLE ( 'NONE', #1012, 4.124999999999996447 ) ;
#2077 = ORIENTED_EDGE ( 'NONE', *, *, #2312, .F. ) ;
#2078 = CARTESIAN_POINT ( 'NONE',  ( -276.9279722768468446, 1076.559999999999945, 2.022114238081729187 ) ) ;
#2079 = ORIENTED_EDGE ( 'NONE', *, *, #219, .T. ) ;
#2080 = CARTESIAN_POINT ( 'NONE',  ( -207.3627706221287212, 1076.160000000000082, 19.12716558964595137 ) ) ;
#2081 = CARTESIAN_POINT ( 'NONE',  ( -133.1133349853133154, 1075.559999999999945, 126.4989099470498530 ) ) ;
#2082 = CARTESIAN_POINT ( 'NONE',  ( -165.5923904649430654, 1075.559999999999945, 9.690496330747539133 ) ) ;
#2083 = ORIENTED_EDGE ( 'NONE', *, *, #3186, .T. ) ;
#2084 = CARTESIAN_POINT ( 'NONE',  ( -199.8196066857249491, 1076.559999999999718, 23.45158811887811012 ) ) ;
#2085 = CARTESIAN_POINT ( 'NONE',  ( -221.3926199749355987, 1075.559999999999945, 15.71882597934136427 ) ) ;
#2086 = EDGE_CURVE ( 'NONE', #2102, #2306, #2380, .T. ) ;
#2087 = CARTESIAN_POINT ( 'NONE',  ( -132.8079613817489815, 1071.559999999999945, 8.488640521341494605 ) ) ;
#2088 = EDGE_CURVE ( 'NONE', #1075, #3932, #2016, .T. ) ;
#2089 = EDGE_CURVE ( 'NONE', #1161, #2546, #1457, .T. ) ;
#2090 = CARTESIAN_POINT ( 'NONE',  ( -123.3137327467877640, 1076.559999999999945, 27.25623171729949945 ) ) ;
#2091 = ORIENTED_EDGE ( 'NONE', *, *, #5071, .T. ) ;
#2092 = LINE ( 'NONE', #2116, #72 ) ;
#2093 = CARTESIAN_POINT ( 'NONE',  ( -197.3200412465120053, 1076.559999999999945, 9.255823950561763880 ) ) ;
#2094 = CARTESIAN_POINT ( 'NONE',  ( -199.7847458220604153, 1076.559999999999945, -35.63943605080581278 ) ) ;
#2095 = ORIENTED_EDGE ( 'NONE', *, *, #52, .T. ) ;
#2096 = EDGE_CURVE ( 'NONE', #4399, #3162, #4905, .T. ) ;
#2097 = VECTOR ( 'NONE', #1387, 1000.000000000000114 ) ;
#2098 = AXIS2_PLACEMENT_3D ( 'NONE', #3521, #3218, #4783 ) ;
#2099 = CARTESIAN_POINT ( 'NONE',  ( -113.6756979680783388, 1075.559999999999945, 3.057168747158489630 ) ) ;
#2100 = FACE_OUTER_BOUND ( 'NONE', #4778, .T. ) ;
#2101 = CARTESIAN_POINT ( 'NONE',  ( -231.2513789649447062, 1076.160000000000082, 13.74674283284558207 ) ) ;
#2102 = VERTEX_POINT ( 'NONE', #575 ) ;
#2103 = DIRECTION ( 'NONE',  ( 1.000000000000000000, 0.000000000000000000, 0.000000000000000000 ) ) ;
#2104 = EDGE_LOOP ( 'NONE', ( #4038, #2920, #3565 ) ) ;
#2105 = CARTESIAN_POINT ( 'NONE',  ( -214.2693268016380159, 1071.559999999999945, 8.868458665993404821 ) ) ;
#2106 = LINE ( 'NONE', #2135, #974 ) ;
#2107 = VECTOR ( 'NONE', #196, 1000.000000000000227 ) ;
#2108 = CARTESIAN_POINT ( 'NONE',  ( -171.1374583195221533, 1071.559999999999945, 9.645899208250039436 ) ) ;
#2109 = ORIENTED_EDGE ( 'NONE', *, *, #743, .T. ) ;
#2110 = CARTESIAN_POINT ( 'NONE',  ( -207.0000000000000000, 1071.559999999999945, 12.74517338218778839 ) ) ;
#2111 = CARTESIAN_POINT ( 'NONE',  ( -220.6196549160298161, 1076.160000000000082, 15.86831721222931080 ) ) ;
#2112 = AXIS2_PLACEMENT_3D ( 'NONE', #4064, #4426, #3270 ) ;
#2113 = CARTESIAN_POINT ( 'NONE',  ( -251.4243920417408162, 1075.559999999999945, 7.965703907404510176 ) ) ;
#2114 = VECTOR ( 'NONE', #3945, 1000.000000000000114 ) ;
#2115 = ORIENTED_EDGE ( 'NONE', *, *, #5037, .T. ) ;
#2116 = CARTESIAN_POINT ( 'NONE',  ( -221.7787467614721777, 1071.559999999999945, 15.64372520489935425 ) ) ;
#2117 = CARTESIAN_POINT ( 'NONE',  ( -102.3130301130719459, 1075.559999999999945, 93.74915243285636279 ) ) ;
#2118 = EDGE_CURVE ( 'NONE', #4394, #1075, #2139, .T. ) ;
#2119 = DIRECTION ( 'NONE',  ( 0.000000000000000000, 1.000000000000000000, 0.000000000000000000 ) ) ;
#2120 = VERTEX_POINT ( 'NONE', #529 ) ;
#2121 = VECTOR ( 'NONE', #2786, 999.9999999999998863 ) ;
#2122 = DIRECTION ( 'NONE',  ( 0.000000000000000000, 1.000000000000000000, 0.000000000000000000 ) ) ;
#2123 = CARTESIAN_POINT ( 'NONE',  ( -202.6505986991347754, 1071.559999999999945, 9.143660632304117186 ) ) ;
#2124 = EDGE_CURVE ( 'NONE', #3020, #61, #1754, .T. ) ;
#2125 = FACE_OUTER_BOUND ( 'NONE', #3967, .T. ) ;
#2126 = CARTESIAN_POINT ( 'NONE',  ( -237.8803495755753659, 1076.559999999999945, 13.20663139703280642 ) ) ;
#2127 = ORIENTED_EDGE ( 'NONE', *, *, #3402, .F. ) ;
#2128 = CARTESIAN_POINT ( 'NONE',  ( -207.0000000000000000, 1071.559999999999945, 12.74517338218778839 ) ) ;
#2129 = VERTEX_POINT ( 'NONE', #4396 ) ;
#2130 = ORIENTED_EDGE ( 'NONE', *, *, #1560, .F. ) ;
#2131 = CARTESIAN_POINT ( 'NONE',  ( -255.0275276099420694, 1076.160000000000082, 7.279903762745472129 ) ) ;
#2132 = CARTESIAN_POINT ( 'NONE',  ( -244.8321065346838452, 1071.559999999999945, 7.777216704514217760 ) ) ;
#2133 = B_SPLINE_CURVE_WITH_KNOTS ( 'NONE', 3,
 ( #2860, #882, #4421, #133 ),
 .UNSPECIFIED., .F., .F.,
 ( 4, 4 ),
 ( 0.05071265955651509116, 0.05236955718785128722 ),
 .UNSPECIFIED. ) ;
#2134 = ADVANCED_FACE ( 'NONE', ( #1683 ), #4878, .F. ) ;
#2135 = CARTESIAN_POINT ( 'NONE',  ( -197.3200412465120053, 1071.559999999999945, 9.255823950561763880 ) ) ;
#2136 = FACE_OUTER_BOUND ( 'NONE', #3375, .T. ) ;
#2137 = ORIENTED_EDGE ( 'NONE', *, *, #4252, .T. ) ;
#2138 = CARTESIAN_POINT ( 'NONE',  ( -200.3448264661649603, 1076.559999999999718, 23.36519103574086387 ) ) ;
#2139 = LINE ( 'NONE', #1316, #2978 ) ;
#2140 = B_SPLINE_CURVE_WITH_KNOTS ( 'NONE', 13,
 ( #1278, #122, #1253, #1737, #4863, #2053, #514, #2823, #3298, #1350, #97, #3679, #2913, #4044 ),
 .UNSPECIFIED., .F., .F.,
 ( 14, 14 ),
 ( 0.9375780134659722487, 1.000000000000000000 ),
 .UNSPECIFIED. ) ;
#2141 = CARTESIAN_POINT ( 'NONE',  ( -204.0631272397255032, 1076.160000000000082, 9.111841880134704752 ) ) ;
#2142 = VERTEX_POINT ( 'NONE', #3316 ) ;
#2143 = CARTESIAN_POINT ( 'NONE',  ( -112.7508309264629105, 1076.559999999999945, 7.689384925052574538 ) ) ;
#2144 = CARTESIAN_POINT ( 'NONE',  ( -128.1061509150808320, 1071.559999999999945, 27.97564465478143347 ) ) ;
#2145 = ORIENTED_EDGE ( 'NONE', *, *, #1470, .T. ) ;
#2146 = AXIS2_PLACEMENT_3D ( 'NONE', #2776, #3880, #1234 ) ;
#2147 = DIRECTION ( 'NONE',  ( 0.000000000000000000, 1.000000000000000000, 0.000000000000000000 ) ) ;
#2148 = ORIENTED_EDGE ( 'NONE', *, *, #4512, .F. ) ;
#2149 = LINE ( 'NONE', #2177, #3443 ) ;
#2150 = CARTESIAN_POINT ( 'NONE',  ( -206.9999999999983515, 1071.559999999999945, 22.23483620102785352 ) ) ;
#2151 = CARTESIAN_POINT ( 'NONE',  ( -90.09255957804862192, 1076.160000000000082, 126.1172528288390140 ) ) ;
#2152 = ORIENTED_EDGE ( 'NONE', *, *, #1850, .F. ) ;
#2153 = CARTESIAN_POINT ( 'NONE',  ( -241.8427587424435785, 1075.559999999999945, 10.92287269651167492 ) ) ;
#2154 = VERTEX_POINT ( 'NONE', #4833 ) ;
#2155 = AXIS2_PLACEMENT_3D ( 'NONE', #1626, #4367, #1574 ) ;
#2156 = EDGE_CURVE ( 'NONE', #1144, #1791, #4469, .T. ) ;
#2157 = EDGE_CURVE ( 'NONE', #3174, #4839, #611, .T. ) ;
#2158 = EDGE_LOOP ( 'NONE', ( #4413, #1972, #2532, #689 ) ) ;
#2159 = VECTOR ( 'NONE', #838, 1000.000000000000114 ) ;
#2160 = CARTESIAN_POINT ( 'NONE',  ( -225.6975725102126944, 1071.559999999999945, 8.533007167635572543 ) ) ;
#2161 = CARTESIAN_POINT ( 'NONE',  ( -205.5936947258637417, 1076.559999999999945, 22.47887061952034671 ) ) ;
#2162 = CARTESIAN_POINT ( 'NONE',  ( -191.0408821864118067, 1076.559999999999945, -31.48181644928276768 ) ) ;
#2163 = ADVANCED_FACE ( 'NONE', ( #4448 ), #212, .F. ) ;
#2164 = VECTOR ( 'NONE', #553, 999.9999999999998863 ) ;
#2165 = CARTESIAN_POINT ( 'NONE',  ( -192.5000000004401102, 1076.559999999999945, 15.15093237100210288 ) ) ;
#2166 = VERTEX_POINT ( 'NONE', #3342 ) ;
#2167 = DIRECTION ( 'NONE',  ( 0.9997746533195408514, 0.000000000000000000, 0.02122834378352999457 ) ) ;
#2168 = CARTESIAN_POINT ( 'NONE',  ( -189.5599024553716276, 1076.559999999999945, 21.21982524920021973 ) ) ;
#2169 = LINE ( 'NONE', #1391, #3408 ) ;
#2170 = ORIENTED_EDGE ( 'NONE', *, *, #3527, .T. ) ;
#2171 = CARTESIAN_POINT ( 'NONE',  ( -113.5285485838870159, 1075.559999999999945, 8.528672068350596547 ) ) ;
#2172 = CARTESIAN_POINT ( 'NONE',  ( -200.4954640087551923, 1076.559999999999945, 8.438484520300974623 ) ) ;
#2173 = CARTESIAN_POINT ( 'NONE',  ( -198.8098066475956784, 1076.559999999999945, 20.57702700159547149 ) ) ;
#2174 = ORIENTED_EDGE ( 'NONE', *, *, #1183, .T. ) ;
#2175 = CARTESIAN_POINT ( 'NONE',  ( -211.0105048050057235, 1071.559999999999945, 13.63428089195582871 ) ) ;
#2176 = ORIENTED_EDGE ( 'NONE', *, *, #2562, .T. ) ;
#2177 = CARTESIAN_POINT ( 'NONE',  ( -198.9971789343064756, 1076.160000000000082, -35.49894264355672391 ) ) ;
#2178 = CARTESIAN_POINT ( 'NONE',  ( -204.5316711866047115, 1075.559999999999945, 18.80566606377018246 ) ) ;
#2179 = DIRECTION ( 'NONE',  ( -0.02688405537871830370, -0.000000000000000000, -0.9996385584632047072 ) ) ;
#2180 = ORIENTED_EDGE ( 'NONE', *, *, #295, .T. ) ;
#2181 = AXIS2_PLACEMENT_3D ( 'NONE', #192, #1762, #1680 ) ;
#2182 = CARTESIAN_POINT ( 'NONE',  ( -251.4243920417408162, 1075.559999999999945, 7.965703907404510176 ) ) ;
#2183 = EDGE_LOOP ( 'NONE', ( #3997, #1307, #2213, #1811 ) ) ;
#2184 = EDGE_LOOP ( 'NONE', ( #3933, #4858, #1988, #44 ) ) ;
#2185 = CARTESIAN_POINT ( 'NONE',  ( -260.7875091711331947, 1076.160000000000082, 7.103832978996146963 ) ) ;
#2186 = EDGE_CURVE ( 'NONE', #3810, #940, #2133, .T. ) ;
#2187 = PRESENTATION_LAYER_ASSIGNMENT (  '', '', ( #873 ) ) ;
#2188 = CARTESIAN_POINT ( 'NONE',  ( -202.9702015903480401, 1076.559999999999945, 22.92703483733168923 ) ) ;
#2189 = EDGE_CURVE ( 'NONE', #2536, #2049, #3051, .T. ) ;
#2190 = LINE ( 'NONE', #3773, #2450 ) ;
#2191 = EDGE_CURVE ( 'NONE', #2603, #890, #2452, .T. ) ;
#2192 = CARTESIAN_POINT ( 'NONE',  ( -133.3568342694792932, 1075.559999999999945, 9.271286723260869778 ) ) ;
#2193 = VERTEX_POINT ( 'NONE', #909 ) ;
#2194 = CARTESIAN_POINT ( 'NONE',  ( -97.31973502746332372, 1075.559999999999945, -102.4084278262800609 ) ) ;
#2195 = EDGE_CURVE ( 'NONE', #4227, #3099, #3360, .T. ) ;
#2196 = DIRECTION ( 'NONE',  ( 0.000000000000000000, 0.000000000000000000, 1.000000000000000000 ) ) ;
#2197 = DIRECTION ( 'NONE',  ( 0.6888675014067492386, 0.000000000000000000, 0.7248872777926388400 ) ) ;
#2198 = ORIENTED_EDGE ( 'NONE', *, *, #4907, .T. ) ;
#2199 = CARTESIAN_POINT ( 'NONE',  ( -140.7803349309901932, 1076.559999999999945, 26.53285290004804509 ) ) ;
#2200 = CARTESIAN_POINT ( 'NONE',  ( -241.3852872890717549, 1071.559999999999945, 11.59175294562733249 ) ) ;
#2201 = B_SPLINE_CURVE_WITH_KNOTS ( 'NONE', 3,
 ( #2563, #4124, #1793, #4481, #1022 ),
 .UNSPECIFIED., .F., .F.,
 ( 4, 1, 4 ),
 ( 0.7587236421590558555, 0.7612274788411783621, 0.7801898760548089395 ),
 .UNSPECIFIED. ) ;
#2202 = EDGE_CURVE ( 'NONE', #872, #3102, #3668, .T. ) ;
#2203 = CARTESIAN_POINT ( 'NONE',  ( -187.7373297071445677, 1076.559999999999945, 22.37045568561516617 ) ) ;
#2204 = ORIENTED_EDGE ( 'NONE', *, *, #722, .T. ) ;
#2205 = CIRCLE ( 'NONE', #4081, 0.6007478931679237633 ) ;
#2206 = AXIS2_PLACEMENT_3D ( 'NONE', #3243, #3939, #2453 ) ;
#2207 = CARTESIAN_POINT ( 'NONE',  ( -265.5219321219680637, 987.6799999999998363, 2.837808823443983997 ) ) ;
#2208 = EDGE_LOOP ( 'NONE', ( #2204, #3562, #3176, #1281 ) ) ;
#2209 = AXIS2_PLACEMENT_3D ( 'NONE', #3001, #1435, #3412 ) ;
#2210 = FACE_OUTER_BOUND ( 'NONE', #2593, .T. ) ;
#2211 = DIRECTION ( 'NONE',  ( -1.416100796715585046E-15, 0.000000000000000000, 1.000000000000000000 ) ) ;
#2212 = CYLINDRICAL_SURFACE ( 'NONE', #111, 9.000000000001181277 ) ;
#2213 = ORIENTED_EDGE ( 'NONE', *, *, #4987, .F. ) ;
#2214 = AXIS2_PLACEMENT_3D ( 'NONE', #3520, #3497, #1555 ) ;
#2215 = CARTESIAN_POINT ( 'NONE',  ( -242.5546761616219555, 1076.160000000000082, 11.33505663525546936 ) ) ;
#2216 = ORIENTED_EDGE ( 'NONE', *, *, #582, .T. ) ;
#2217 = ORIENTED_EDGE ( 'NONE', *, *, #1784, .F. ) ;
#2218 = CARTESIAN_POINT ( 'NONE',  ( -260.8576000463327773, 1071.559999999999945, 7.086686038637476592 ) ) ;
#2219 = CARTESIAN_POINT ( 'NONE',  ( -199.8196066857253754, 1076.559999999999945, 23.45158811887814565 ) ) ;
#2220 = CARTESIAN_POINT ( 'NONE',  ( -300.0000000000000000, 1071.559999999999945, -0.1621621621621254228 ) ) ;
#2221 = CARTESIAN_POINT ( 'NONE',  ( -64.90756987943002798, 1075.559999999999945, -106.1180870880448737 ) ) ;
#2222 = VERTEX_POINT ( 'NONE', #2904 ) ;
#2223 = LINE ( 'NONE', #3803, #4740 ) ;
#2224 = LINE ( 'NONE', #1833, #1660 ) ;
#2225 = FACE_OUTER_BOUND ( 'NONE', #4486, .T. ) ;
#2226 = ORIENTED_EDGE ( 'NONE', *, *, #5003, .F. ) ;
#2227 = LINE ( 'NONE', #1600, #4365 ) ;
#2228 = CARTESIAN_POINT ( 'NONE',  ( -208.7003987831496659, 1076.160000000000082, 18.88995528795540224 ) ) ;
#2229 = ORIENTED_EDGE ( 'NONE', *, *, #586, .T. ) ;
#2230 = CARTESIAN_POINT ( 'NONE',  ( -179.5174658424798508, 1076.559999999999945, 9.534537799482864173 ) ) ;
#2231 = EDGE_CURVE ( 'NONE', #512, #1671, #1087, .T. ) ;
#2232 = ORIENTED_EDGE ( 'NONE', *, *, #2633, .F. ) ;
#2233 = CARTESIAN_POINT ( 'NONE',  ( -82.83959400943683704, 1076.559999999999945, 78.72328000651684476 ) ) ;
#2234 = LINE ( 'NONE', #4538, #2107 ) ;
#2235 = EDGE_LOOP ( 'NONE', ( #1398, #3837, #3286 ) ) ;
#2236 = DIRECTION ( 'NONE',  ( -0.6888675014067501268, 0.000000000000000000, -0.7248872777926378408 ) ) ;
#2237 = ORIENTED_EDGE ( 'NONE', *, *, #190, .T. ) ;
#2238 = ORIENTED_EDGE ( 'NONE', *, *, #1152, .F. ) ;
#2239 = CARTESIAN_POINT ( 'NONE',  ( -179.2680965261199617, 1075.559999999999945, 10.95298948655051774 ) ) ;
#2240 = CARTESIAN_POINT ( 'NONE',  ( -247.4112030334044618, 1076.160000000000082, 10.26930581630612593 ) ) ;
#2241 = CARTESIAN_POINT ( 'NONE',  ( -204.0198766031253399, 1076.559999999999945, 22.74894886021420248 ) ) ;
#2242 = DIRECTION ( 'NONE',  ( 0.2442954651670562749, 0.000000000000000000, -0.9697008434041972658 ) ) ;
#2243 = CIRCLE ( 'NONE', #1743, 9.800000000001217515 ) ;
#2244 = LINE ( 'NONE', #2221, #4696 ) ;
#2245 = DIRECTION ( 'NONE',  ( 0.000000000000000000, -1.000000000000000000, 0.000000000000000000 ) ) ;
#2246 = CARTESIAN_POINT ( 'NONE',  ( -64.90756987943002798, 1076.160000000000082, -106.1180870880448737 ) ) ;
#2247 = CARTESIAN_POINT ( 'NONE',  ( -205.8704645348404938, 1071.559999999999945, 18.57560709204936700 ) ) ;
#2248 = ORIENTED_EDGE ( 'NONE', *, *, #540, .F. ) ;
#2249 = ADVANCED_FACE ( 'NONE', ( #3778 ), #3441, .T. ) ;
#2250 = CARTESIAN_POINT ( 'NONE',  ( -274.7847390680257718, 1071.559999999999945, 7.475225215045603555 ) ) ;
#2251 = EDGE_CURVE ( 'NONE', #2379, #1103, #3852, .T. ) ;
#2252 = CARTESIAN_POINT ( 'NONE',  ( -233.9222184833734559, 1071.559999999999945, 13.19005079516094803 ) ) ;
#2253 = EDGE_CURVE ( 'NONE', #388, #1938, #1390, .T. ) ;
#2254 = DIRECTION ( 'NONE',  ( 0.000000000000000000, -1.000000000000000000, 0.000000000000000000 ) ) ;
#2255 = CARTESIAN_POINT ( 'NONE',  ( -175.0992433268709760, 1076.559999999999945, 23.23703682229185574 ) ) ;
#2256 = VERTEX_POINT ( 'NONE', #3419 ) ;
#2257 = CARTESIAN_POINT ( 'NONE',  ( -207.2320098774880250, 1071.559999999999945, 22.19438563647895535 ) ) ;
#2258 = ORIENTED_EDGE ( 'NONE', *, *, #3466, .T. ) ;
#2259 = EDGE_CURVE ( 'NONE', #3201, #1404, #704, .T. ) ;
#2260 = LINE ( 'NONE', #4588, #892 ) ;
#2261 = ORIENTED_EDGE ( 'NONE', *, *, #1908, .F. ) ;
#2262 = ORIENTED_EDGE ( 'NONE', *, *, #2156, .T. ) ;
#2263 = DIRECTION ( 'NONE',  ( 0.7348758801460661960, 0.000000000000000000, 0.6782016225132055931 ) ) ;
#2264 = CARTESIAN_POINT ( 'NONE',  ( -207.9278920539953504, 1076.559999999999945, 22.07258754983332238 ) ) ;
#2265 = CARTESIAN_POINT ( 'NONE',  ( -179.3923076441887474, 1076.559999999999945, 22.66755377934926585 ) ) ;
#2266 = CARTESIAN_POINT ( 'NONE',  ( -197.3200412465120053, 1071.559999999999945, 9.255823950561763880 ) ) ;
#2267 = VECTOR ( 'NONE', #4037, 1000.000000000000000 ) ;
#2268 = LINE ( 'NONE', #1830, #1670 ) ;
#2269 = DIRECTION ( 'NONE',  ( -0.6755766284714695979, -0.000000000000000000, -0.7372897795732163972 ) ) ;
#2270 = DIRECTION ( 'NONE',  ( 0.000000000000000000, 1.000000000000000000, 0.000000000000000000 ) ) ;
#2271 = AXIS2_PLACEMENT_3D ( 'NONE', #4382, #1668, #870 ) ;
#2272 = CARTESIAN_POINT ( 'NONE',  ( -240.4624955004808839, 1076.559999999999718, 7.187158872640684315 ) ) ;
#2273 = EDGE_LOOP ( 'NONE', ( #241, #4813, #1433, #304, #2670, #697, #1709, #2477, #4933, #228, #3745, #253, #3781, #1337, #2035, #3127, #221, #3159, #4913, #4024, #987, #2970, #2091, #2502, #2511, #4053, #4795, #745, #1079, #5018 ) ) ;
#2274 = CYLINDRICAL_SURFACE ( 'NONE', #1499, 0.3999999999999863110 ) ;
#2275 = CARTESIAN_POINT ( 'NONE',  ( -190.1890343107854449, 1076.559999999999945, 9.385866078296773551 ) ) ;
#2276 = ORIENTED_EDGE ( 'NONE', *, *, #3248, .F. ) ;
#2277 = DIRECTION ( 'NONE',  ( 0.6888675014061096391, 0.000000000000000000, 0.7248872777932466871 ) ) ;
#2278 = ORIENTED_EDGE ( 'NONE', *, *, #584, .F. ) ;
#2279 = EDGE_CURVE ( 'NONE', #3117, #2281, #1066, .T. ) ;
#2280 = CARTESIAN_POINT ( 'NONE',  ( -208.7003987831496659, 1071.559999999999945, 18.88995528795540224 ) ) ;
#2281 = VERTEX_POINT ( 'NONE', #2681 ) ;
#2282 = PLANE ( 'NONE',  #806 ) ;
#2283 = EDGE_LOOP ( 'NONE', ( #3626, #3768, #1213, #946 ) ) ;
#2284 = CIRCLE ( 'NONE', #2206, 10.28966281883204736 ) ;
#2285 = ORIENTED_EDGE ( 'NONE', *, *, #4908, .F. ) ;
#2286 = EDGE_CURVE ( 'NONE', #2129, #4229, #2605, .T. ) ;
#2287 = VECTOR ( 'NONE', #4600, 1000.000000000000000 ) ;
#2288 = DIRECTION ( 'NONE',  ( 0.000000000000000000, -1.000000000000000000, 0.000000000000000000 ) ) ;
#2289 = VECTOR ( 'NONE', #3823, 1000.000000000000000 ) ;
#2290 = CARTESIAN_POINT ( 'NONE',  ( -190.1890343106762202, 1076.559999999999945, 9.385866078298578330 ) ) ;
#2291 = PLANE ( 'NONE',  #4004 ) ;
#2292 = LINE ( 'NONE', #3854, #3876 ) ;
#2293 = CARTESIAN_POINT ( 'NONE',  ( -228.2616225055374173, 1075.559999999999945, 8.428349987522123499 ) ) ;
#2294 = CARTESIAN_POINT ( 'NONE',  ( -50.02817683524136783, 1076.559999999999945, -52.64406993357885511 ) ) ;
#2295 = DIRECTION ( 'NONE',  ( 0.000000000000000000, 0.000000000000000000, 1.000000000000000000 ) ) ;
#2296 = EDGE_LOOP ( 'NONE', ( #1454, #1761, #3797, #4277 ) ) ;
#2297 = CARTESIAN_POINT ( 'NONE',  ( -204.6840424348383465, 1071.559999999999945, 19.59130311651662737 ) ) ;
#2298 = LINE ( 'NONE', #5062, #3265 ) ;
#2299 = CARTESIAN_POINT ( 'NONE',  ( -257.5438128820294992, 1075.559999999999945, 7.889533120923365672 ) ) ;
#2300 = LINE ( 'NONE', #3862, #128 ) ;
#2301 = VERTEX_POINT ( 'NONE', #3009 ) ;
#2302 = CARTESIAN_POINT ( 'NONE',  ( -209.0871649023638099, 1071.559999999999945, 21.86811876917246167 ) ) ;
#2303 = ORIENTED_EDGE ( 'NONE', *, *, #2156, .F. ) ;
#2304 = CARTESIAN_POINT ( 'NONE',  ( 0.2273156052836086960, 1071.559999999999945, 8.452349944409522919 ) ) ;
#2305 = ORIENTED_EDGE ( 'NONE', *, *, #4974, .F. ) ;
#2306 = VERTEX_POINT ( 'NONE', #294 ) ;
#2307 = CARTESIAN_POINT ( 'NONE',  ( -122.1786715887263881, 1071.559999999999945, 8.123971859965671172 ) ) ;
#2308 = CARTESIAN_POINT ( 'NONE',  ( -210.0140581964122930, 1071.559999999999945, 21.70323821965487099 ) ) ;
#2309 = CARTESIAN_POINT ( 'NONE',  ( -293.2676002059569100, 987.6799999999998363, 1.330312713633433841 ) ) ;
#2310 = EDGE_CURVE ( 'NONE', #1103, #2706, #4192, .T. ) ;
#2311 = CARTESIAN_POINT ( 'NONE',  ( -213.2678935476478443, 1076.160000000000082, 8.883460927920250327 ) ) ;
#2312 = EDGE_CURVE ( 'NONE', #1296, #1497, #3785, .T. ) ;
#2313 = EDGE_CURVE ( 'NONE', #425, #331, #2956, .T. ) ;
#2314 = LINE ( 'NONE', #4263, #1175 ) ;
#2315 = LINE ( 'NONE', #4165, #2287 ) ;
#2316 = CARTESIAN_POINT ( 'NONE',  ( -249.0977906977080352, 1075.559999999999945, 9.867109379992013984 ) ) ;
#2317 = B_SPLINE_SURFACE_WITH_KNOTS ( 'NONE', 3, 1, ( 
 ( #1384, #3740 ),
 ( #261, #675 ),
 ( #3028, #624 ),
 ( #3821, #4924 ),
 ( #1460, #2573 ),
 ( #2650, #2240 ),
 ( #3435, #1054 ),
 ( #233, #4592 ),
 ( #3362, #2185 ),
 ( #2218, #288 ) ),
 .UNSPECIFIED., .F., .F., .F.,
 ( 4, 1, 1, 1, 1, 1, 1, 4 ),
 ( 2, 2 ),
 ( 0.000000000000000000, 0.003912000841277282759, 0.02325520701831880477, 0.03292681010683956577, 0.04259841319536032678, 0.05227001628388108778, 0.05652795963763484338, 0.05675314359727191144 ),
 ( 0.000000000000000000, 1.000000000000000000 ),
 .UNSPECIFIED. ) ;
#2318 = ORIENTED_EDGE ( 'NONE', *, *, #1882, .F. ) ;
#2319 = EDGE_CURVE ( 'NONE', #3396, #1671, #4242, .T. ) ;
#2320 = VECTOR ( 'NONE', #2350, 1000.000000000000000 ) ;
#2321 = ORIENTED_EDGE ( 'NONE', *, *, #1158, .T. ) ;
#2322 = VECTOR ( 'NONE', #1440, 999.9999999999998863 ) ;
#2323 = CARTESIAN_POINT ( 'NONE',  ( -112.2823144185779967, 1071.559999999999945, 25.11038633121939512 ) ) ;
#2324 = CARTESIAN_POINT ( 'NONE',  ( -292.7816016975697835, 1076.559999999999945, 2.342604849884805773 ) ) ;
#2325 = DIRECTION ( 'NONE',  ( 0.000000000000000000, 1.000000000000000000, 0.000000000000000000 ) ) ;
#2326 = DIRECTION ( 'NONE',  ( 0.01073934591757908820, 0.000000000000000000, 0.9999423315618068964 ) ) ;
#2327 = B_SPLINE_CURVE_WITH_KNOTS ( 'NONE', 3,
 ( #4817, #1305, #3581, #3654, #2870, #3276, #541, #4432, #921, #4841, #1642 ),
 .UNSPECIFIED., .F., .F.,
 ( 4, 1, 1, 1, 1, 1, 1, 1, 4 ),
 ( 0.1065479219957353868, 0.1090557590277729250, 0.1363196987847158093, 0.1499516686631872653, 0.1635836385416586936, 0.1772156084201301496, 0.1908475782986016056, 0.1928611597997472449, 0.1945651560345575404 ),
 .UNSPECIFIED. ) ;
#2328 = CARTESIAN_POINT ( 'NONE',  ( -117.3872845654308179, 1076.560000000000173, 27.32359723883181246 ) ) ;
#2329 = ORIENTED_EDGE ( 'NONE', *, *, #4465, .T. ) ;
#2330 = VECTOR ( 'NONE', #1941, 1000.000000000000000 ) ;
#2331 = CARTESIAN_POINT ( 'NONE',  ( -280.0929048605771641, 1071.559999999999945, 6.043931826221444759 ) ) ;
#2332 = VERTEX_POINT ( 'NONE', #1493 ) ;
#2333 = CARTESIAN_POINT ( 'NONE',  ( -274.6155771348952612, 1076.160000000000082, 2.997052627296134197 ) ) ;
#2334 = VERTEX_POINT ( 'NONE', #2657 ) ;
#2335 = ORIENTED_EDGE ( 'NONE', *, *, #4834, .T. ) ;
#2336 = FACE_OUTER_BOUND ( 'NONE', #4819, .T. ) ;
#2337 = CARTESIAN_POINT ( 'NONE',  ( -178.1952668448705879, 1075.559999999999945, 22.75369838660261124 ) ) ;
#2338 = CARTESIAN_POINT ( 'NONE',  ( -240.2231530928512484, 1076.160000000000082, 11.84600902010692280 ) ) ;
#2339 = CARTESIAN_POINT ( 'NONE',  ( -113.5285485838877975, 1071.559999999999945, 8.528672068350594770 ) ) ;
#2340 = DIRECTION ( 'NONE',  ( -0.1615200779517748653, 0.000000000000000000, 0.9868694262254013028 ) ) ;
#2341 = ADVANCED_FACE ( 'NONE', ( #318 ), #3393, .F. ) ;
#2342 = EDGE_CURVE ( 'NONE', #3932, #621, #2224, .T. ) ;
#2343 = DIRECTION ( 'NONE',  ( 0.000000000000000000, 1.000000000000000000, 0.000000000000000000 ) ) ;
#2344 = DIRECTION ( 'NONE',  ( -0.7248872777932466871, 0.000000000000000000, 0.6888675014061096391 ) ) ;
#2345 = VERTEX_POINT ( 'NONE', #3368 ) ;
#2346 = VECTOR ( 'NONE', #1323, 1000.000000000000227 ) ;
#2347 = MECHANICAL_DESIGN_GEOMETRIC_PRESENTATION_REPRESENTATION (  '', ( #873 ), #2754 ) ;
#2348 = ORIENTED_EDGE ( 'NONE', *, *, #1592, .T. ) ;
#2349 = EDGE_CURVE ( 'NONE', #1559, #4316, #3061, .T. ) ;
#2350 = DIRECTION ( 'NONE',  ( 0.000000000000000000, 1.000000000000000000, 0.000000000000000000 ) ) ;
#2351 =( BOUNDED_CURVE ( )  B_SPLINE_CURVE ( 3, ( #284, #2567, #4562, #4540 ),
 .UNSPECIFIED., .F., .T. ) 
 B_SPLINE_CURVE_WITH_KNOTS ( ( 4, 4 ),
 ( 5.188061922439845652, 5.811030525341560171 ),
 .UNSPECIFIED. ) 
 CURVE ( )  GEOMETRIC_REPRESENTATION_ITEM ( )  RATIONAL_B_SPLINE_CURVE ( ( 1.000000000000000000, 0.9679198146721790241, 0.9679198146721790241, 1.000000000000000000 ) ) 
 REPRESENTATION_ITEM ( '' )  );
#2352 = FACE_OUTER_BOUND ( 'NONE', #1479, .T. ) ;
#2353 = CARTESIAN_POINT ( 'NONE',  ( 0.5936727027209521834, 1076.559999999999945, 22.07472482841619765 ) ) ;
#2354 = DIRECTION ( 'NONE',  ( 0.000000000000000000, -1.000000000000000000, 0.000000000000000000 ) ) ;
#2355 = DIRECTION ( 'NONE',  ( -0.000000000000000000, -1.000000000000000000, -0.000000000000000000 ) ) ;
#2356 = CARTESIAN_POINT ( 'NONE',  ( -177.9340017912604992, 1076.559999999999945, -1.886658415328051452 ) ) ;
#2357 = ORIENTED_EDGE ( 'NONE', *, *, #2253, .F. ) ;
#2358 = FACE_OUTER_BOUND ( 'NONE', #4154, .T. ) ;
#2359 = ORIENTED_EDGE ( 'NONE', *, *, #2447, .F. ) ;
#2360 = FACE_OUTER_BOUND ( 'NONE', #800, .T. ) ;
#2361 = ORIENTED_EDGE ( 'NONE', *, *, #2286, .T. ) ;
#2362 = FACE_BOUND ( 'NONE', #131, .T. ) ;
#2363 = B_SPLINE_SURFACE_WITH_KNOTS ( 'NONE', 3, 1, ( 
 ( #975, #2946 ),
 ( #2538, #999 ),
 ( #765, #387 ),
 ( #4638, #4614 ),
 ( #2693, #4278 ),
 ( #1563, #2333 ),
 ( #3893, #740 ),
 ( #3504, #1101 ),
 ( #3453, #4686 ) ),
 .UNSPECIFIED., .F., .F., .F.,
 ( 4, 1, 1, 1, 1, 1, 4 ),
 ( 2, 2 ),
 ( 0.000000000000000000, 0.005938148231582895953, 0.01187629646316568088, 0.02375259292633147279, 0.03562888938949715367, 0.04156703762108004963, 0.04750518585266283456 ),
 ( 0.000000000000000000, 1.000000000000000000 ),
 .UNSPECIFIED. ) ;
#2364 = CARTESIAN_POINT ( 'NONE',  ( -179.5174658424798508, 1076.559999999999945, 9.534537799482864173 ) ) ;
#2365 = CARTESIAN_POINT ( 'NONE',  ( -83.70945874280137389, 1076.559999999999945, 79.54992100821644385 ) ) ;
#2366 = CARTESIAN_POINT ( 'NONE',  ( -293.2676002059569100, 1071.559999999999945, 1.330312713633433841 ) ) ;
#2367 = VECTOR ( 'NONE', #5072, 1000.000000000000114 ) ;
#2368 = LINE ( 'NONE', #394, #1958 ) ;
#2369 = DIRECTION ( 'NONE',  ( 0.000000000000000000, -1.000000000000000000, 0.000000000000000000 ) ) ;
#2370 = VERTEX_POINT ( 'NONE', #4521 ) ;
#2371 = VERTEX_POINT ( 'NONE', #1011 ) ;
#2372 = FACE_OUTER_BOUND ( 'NONE', #126, .T. ) ;
#2373 = CARTESIAN_POINT ( 'NONE',  ( -133.9566291355090470, 1075.559999999999945, 9.286974893465032466 ) ) ;
#2374 = DIRECTION ( 'NONE',  ( 0.000000000000000000, 1.000000000000000000, 0.000000000000000000 ) ) ;
#2375 = ADVANCED_FACE ( 'NONE', ( #2581 ), #632, .F. ) ;
#2376 = CARTESIAN_POINT ( 'NONE',  ( -165.5736163542944439, 1075.559999999999945, -0.3108091634372668888 ) ) ;
#2377 = CARTESIAN_POINT ( 'NONE',  ( -165.9276959241796590, 1075.559999999999945, 24.32335977380942182 ) ) ;
#2378 = CARTESIAN_POINT ( 'NONE',  ( -114.4828442445582510, 1076.560000000000173, 27.32352736051254283 ) ) ;
#2379 = VERTEX_POINT ( 'NONE', #3085 ) ;
#2380 = B_SPLINE_CURVE_WITH_KNOTS ( 'NONE', 13,
 ( #3985, #3519, #1265, #2324, #2735, #3885, #3496, #5060, #13, #1576, #3143, #4705, #4321, #3694 ),
 .UNSPECIFIED., .F., .F.,
 ( 14, 14 ),
 ( 0.000000000000000000, 0.03891155862375503260 ),
 .UNSPECIFIED. ) ;
#2381 = CARTESIAN_POINT ( 'NONE',  ( -132.0558163141116665, 1075.559999999999945, 26.96303150407470994 ) ) ;
#2382 = ORIENTED_EDGE ( 'NONE', *, *, #1434, .T. ) ;
#2383 = LINE ( 'NONE', #1508, #4493 ) ;
#2384 = ORIENTED_EDGE ( 'NONE', *, *, #1060, .F. ) ;
#2385 = EDGE_CURVE ( 'NONE', #4164, #4380, #3211, .T. ) ;
#2386 = FACE_BOUND ( 'NONE', #4608, .T. ) ;
#2387 = CIRCLE ( 'NONE', #162, 9.800000000001217515 ) ;
#2388 = CARTESIAN_POINT ( 'NONE',  ( -256.8343786850403490, 1076.160000000000082, 8.059280522143815517 ) ) ;
#2389 = LINE ( 'NONE', #1719, #1007 ) ;
#2390 = CARTESIAN_POINT ( 'NONE',  ( -279.6950824991582181, 1076.559999999999945, 1.796581939595402355 ) ) ;
#2391 = ADVANCED_FACE ( 'NONE', ( #5027 ), #2034, .F. ) ;
#2392 = B_SPLINE_CURVE_WITH_KNOTS ( 'NONE', 3,
 ( #4077, #150, #4005, #79 ),
 .UNSPECIFIED., .F., .F.,
 ( 4, 4 ),
 ( 0.1712988811185770510, 0.1715753042780679138 ),
 .UNSPECIFIED. ) ;
#2393 = CARTESIAN_POINT ( 'NONE',  ( -164.3751559483993958, 1075.559999999999945, -0.3085594543055735772 ) ) ;
#2394 = CARTESIAN_POINT ( 'NONE',  ( -292.2377533026756282, 1071.559999999999945, 1.650914772663081065 ) ) ;
#2395 = ORIENTED_EDGE ( 'NONE', *, *, #3373, .T. ) ;
#2396 = AXIS2_PLACEMENT_3D ( 'NONE', #33, #3931, #8 ) ;
#2397 = ORIENTED_EDGE ( 'NONE', *, *, #3062, .F. ) ;
#2398 = CARTESIAN_POINT ( 'NONE',  ( -112.6701787603263796, 1071.559999999999945, 10.68830060044215280 ) ) ;
#2399 = DIRECTION ( 'NONE',  ( 0.3708539045046282401, 0.000000000000000000, 0.9286912196815861886 ) ) ;
#2400 = CARTESIAN_POINT ( 'NONE',  ( -165.5953102936683479, 1075.559999999999945, 9.630069181646565113 ) ) ;
#2401 = VECTOR ( 'NONE', #2713, 1000.000000000000114 ) ;
#2402 = CYLINDRICAL_SURFACE ( 'NONE', #3165, 10.28966281883204559 ) ;
#2403 = B_SPLINE_SURFACE_WITH_KNOTS ( 'NONE', 3, 1, ( 
 ( #595, #2541 ),
 ( #2877, #1646 ),
 ( #927, #2080 ),
 ( #2466, #1675 ) ),
 .UNSPECIFIED., .F., .F., .F.,
 ( 4, 4 ),
 ( 2, 2 ),
 ( 0.000000000000000000, 0.003910588221709310197 ),
 ( 0.000000000000000000, 1.000000000000000000 ),
 .UNSPECIFIED. ) ;
#2404 = VECTOR ( 'NONE', #916, 999.9999999999998863 ) ;
#2405 = CARTESIAN_POINT ( 'NONE',  ( -199.7847458220604153, 1071.559999999999945, -35.63943605080581278 ) ) ;
#2406 = EDGE_CURVE ( 'NONE', #3249, #1167, #4113, .T. ) ;
#2407 = ORIENTED_EDGE ( 'NONE', *, *, #2497, .T. ) ;
#2408 = EDGE_CURVE ( 'NONE', #3359, #310, #172, .T. ) ;
#2409 = CARTESIAN_POINT ( 'NONE',  ( -285.2692632529531238, 1076.559999999999945, 4.587123813293795038 ) ) ;
#2410 = EDGE_CURVE ( 'NONE', #3505, #1607, #4749, .T. ) ;
#2411 = ORIENTED_EDGE ( 'NONE', *, *, #143, .F. ) ;
#2412 = PLANE ( 'NONE',  #3511 ) ;
#2413 = ORIENTED_EDGE ( 'NONE', *, *, #2998, .F. ) ;
#2414 = FACE_BOUND ( 'NONE', #4088, .T. ) ;
#2415 = DIRECTION ( 'NONE',  ( 0.7248872777926386179, 0.000000000000000000, -0.6888675014067493496 ) ) ;
#2416 = EDGE_CURVE ( 'NONE', #719, #3117, #2801, .T. ) ;
#2417 = CARTESIAN_POINT ( 'NONE',  ( -285.9904385892309051, 1076.160000000000082, 3.527721545625652766 ) ) ;
#2418 = CARTESIAN_POINT ( 'NONE',  ( -197.3200412465120053, 1076.559999999999945, 9.255823950561763880 ) ) ;
#2419 = ORIENTED_EDGE ( 'NONE', *, *, #1240, .T. ) ;
#2420 = CARTESIAN_POINT ( 'NONE',  ( -223.9361955042999739, 1076.559999999999945, 16.07829992242480444 ) ) ;
#2421 = LINE ( 'NONE', #1986, #3951 ) ;
#2422 = VERTEX_POINT ( 'NONE', #1160 ) ;
#2423 = ORIENTED_EDGE ( 'NONE', *, *, #1657, .F. ) ;
#2424 = LINE ( 'NONE', #3118, #2072 ) ;
#2425 = CARTESIAN_POINT ( 'NONE',  ( -199.5983691911525852, 1071.559999999999945, 20.44752092437513014 ) ) ;
#2426 = CIRCLE ( 'NONE', #2181, 4.124999999999996447 ) ;
#2427 = CARTESIAN_POINT ( 'NONE',  ( -196.7460255135926559, 1076.559999999999945, 11.88892099099184030 ) ) ;
#2428 = CARTESIAN_POINT ( 'NONE',  ( -214.3987121032641596, 1076.160000000000082, 8.852874277016599791 ) ) ;
#2429 = PLANE ( 'NONE',  #1773 ) ;
#2430 = EDGE_LOOP ( 'NONE', ( #1408, #854, #2145, #3697 ) ) ;
#2431 = VECTOR ( 'NONE', #1294, 1000.000000000000000 ) ;
#2432 = CARTESIAN_POINT ( 'NONE',  ( -266.5886069376112459, 987.6799999999998363, 9.579359346406594256 ) ) ;
#2433 = ORIENTED_EDGE ( 'NONE', *, *, #1630, .F. ) ;
#2434 = CARTESIAN_POINT ( 'NONE',  ( -267.5579742966418735, 1076.160000000000082, 3.504036228201333092 ) ) ;
#2435 = EDGE_LOOP ( 'NONE', ( #4385, #1536, #4436, #3624 ) ) ;
#2436 = B_SPLINE_CURVE_WITH_KNOTS ( 'NONE', 3,
 ( #620, #4128, #1406, #3432 ),
 .UNSPECIFIED., .F., .F.,
 ( 4, 4 ),
 ( 0.1053064997681881498, 0.1057815385233631528 ),
 .UNSPECIFIED. ) ;
#2437 = EDGE_CURVE ( 'NONE', #2839, #2281, #3115, .T. ) ;
#2438 = FACE_BOUND ( 'NONE', #3685, .T. ) ;
#2439 = DIRECTION ( 'NONE',  ( 0.000000000000000000, 1.000000000000000000, 0.000000000000000000 ) ) ;
#2440 = PLANE ( 'NONE',  #2971 ) ;
#2441 = ORIENTED_EDGE ( 'NONE', *, *, #1209, .F. ) ;
#2442 = CARTESIAN_POINT ( 'NONE',  ( -196.3282871629824342, 1076.560000000000173, 9.275515527396397175 ) ) ;
#2443 = EDGE_CURVE ( 'NONE', #3445, #2841, #4333, .T. ) ;
#2444 = ORIENTED_EDGE ( 'NONE', *, *, #5028, .T. ) ;
#2445 = CARTESIAN_POINT ( 'NONE',  ( -252.9784568474884736, 1076.160000000000082, -41.24291343747756855 ) ) ;
#2446 = PLANE ( 'NONE',  #2855 ) ;
#2447 = EDGE_CURVE ( 'NONE', #3206, #1161, #2421, .T. ) ;
#2448 = CARTESIAN_POINT ( 'NONE',  ( -209.0429909032285991, 1076.159999999999854, 8.994307023534652501 ) ) ;
#2449 = ORIENTED_EDGE ( 'NONE', *, *, #960, .F. ) ;
#2450 = VECTOR ( 'NONE', #3057, 1000.000000000000000 ) ;
#2451 = CARTESIAN_POINT ( 'NONE',  ( -207.0000000000000000, 1071.559999999999945, 12.74517338218778839 ) ) ;
#2452 = LINE ( 'NONE', #4011, #2164 ) ;
#2453 = DIRECTION ( 'NONE',  ( 0.000000000000000000, 0.000000000000000000, 1.000000000000000000 ) ) ;
#2454 = DIRECTION ( 'NONE',  ( -0.1609050596807223010, 0.000000000000000000, 0.9869698889880801351 ) ) ;
#2455 = EDGE_LOOP ( 'NONE', ( #4945, #3010, #1482, #1414, #4529, #2463, #3989, #375, #2728, #3867, #2968, #4140, #1562, #34, #2130, #2954, #4583, #3225, #1887, #3674, #768, #2115, #3450 ) ) ;
#2456 = CARTESIAN_POINT ( 'NONE',  ( -290.3110310810689043, 1071.559999999999945, 3.099905874881267120 ) ) ;
#2457 = VERTEX_POINT ( 'NONE', #3979 ) ;
#2458 = CYLINDRICAL_SURFACE ( 'NONE', #1713, 9.489662818846312575 ) ;
#2459 = ORIENTED_EDGE ( 'NONE', *, *, #2342, .T. ) ;
#2460 = DIRECTION ( 'NONE',  ( -0.6888675014067521252, 0.000000000000000000, -0.7248872777926360644 ) ) ;
#2461 = LINE ( 'NONE', #4793, #3172 ) ;
#2462 = CARTESIAN_POINT ( 'NONE',  ( -268.3117575011433473, 1071.559999999999945, 8.318369645161142856 ) ) ;
#2463 = ORIENTED_EDGE ( 'NONE', *, *, #3846, .F. ) ;
#2464 = CARTESIAN_POINT ( 'NONE',  ( -165.9276959241796590, 1075.559999999999945, 24.32335977380942182 ) ) ;
#2465 = ORIENTED_EDGE ( 'NONE', *, *, #1339, .T. ) ;
#2466 = CARTESIAN_POINT ( 'NONE',  ( -208.7003987831323570, 1071.559999999999945, 18.88995528795846823 ) ) ;
#2467 = EDGE_CURVE ( 'NONE', #4676, #4662, #58, .T. ) ;
#2468 = EDGE_CURVE ( 'NONE', #2561, #3725, #473, .T. ) ;
#2469 = CARTESIAN_POINT ( 'NONE',  ( -112.8759871213101178, 1071.559999999999945, 3.035661502869943629 ) ) ;
#2470 = CARTESIAN_POINT ( 'NONE',  ( -183.8902233027291970, 1071.559999999999945, 9.490411956955535189 ) ) ;
#2471 = EDGE_LOOP ( 'NONE', ( #4548, #4093, #897, #3112 ) ) ;
#2472 = CARTESIAN_POINT ( 'NONE',  ( -256.7794921470460849, 1076.160000000000082, 7.175935369810884978 ) ) ;
#2473 = EDGE_CURVE ( 'NONE', #1015, #2839, #837, .T. ) ;
#2474 = CARTESIAN_POINT ( 'NONE',  ( -216.6150631228228747, 1076.160000000000082, 16.64133208221866767 ) ) ;
#2475 = CARTESIAN_POINT ( 'NONE',  ( -122.1786715887263881, 1071.559999999999945, 8.123971859965671172 ) ) ;
#2476 = DIRECTION ( 'NONE',  ( 0.000000000000000000, -1.000000000000000000, 0.000000000000000000 ) ) ;
#2477 = ORIENTED_EDGE ( 'NONE', *, *, #2186, .T. ) ;
#2478 = CARTESIAN_POINT ( 'NONE',  ( -123.5565654830479332, 1075.559999999999945, 129.7396513526184947 ) ) ;
#2479 = CARTESIAN_POINT ( 'NONE',  ( -295.2192840322690586, 1076.559999999999945, 1.574556936924517148 ) ) ;
#2480 = CARTESIAN_POINT ( 'NONE',  ( -285.8727052897787075, 1076.160000000000082, 2.045397586167052584 ) ) ;
#2481 = ORIENTED_EDGE ( 'NONE', *, *, #4736, .F. ) ;
#2482 = VECTOR ( 'NONE', #4559, 1000.000000000000000 ) ;
#2483 = CYLINDRICAL_SURFACE ( 'NONE', #3080, 4.124999999999996447 ) ;
#2484 = DIRECTION ( 'NONE',  ( 0.000000000000000000, 1.000000000000000000, 0.000000000000000000 ) ) ;
#2485 = DIRECTION ( 'NONE',  ( 0.6888675014058652790, 0.000000000000000000, 0.7248872777934789458 ) ) ;
#2486 = AXIS2_PLACEMENT_3D ( 'NONE', #2192, #4240, #725 ) ;
#2487 = ORIENTED_EDGE ( 'NONE', *, *, #23, .F. ) ;
#2488 = CARTESIAN_POINT ( 'NONE',  ( -211.0105048050057235, 1076.160000000000082, 13.63428089195582871 ) ) ;
#2489 = EDGE_LOOP ( 'NONE', ( #21, #2011, #5032, #2229 ) ) ;
#2490 = CARTESIAN_POINT ( 'NONE',  ( -204.0631272397253611, 1071.559999999999945, 9.111841880131478888 ) ) ;
#2491 = DIRECTION ( 'NONE',  ( 0.000000000000000000, 0.000000000000000000, 1.000000000000000000 ) ) ;
#2492 = EDGE_CURVE ( 'NONE', #4798, #2820, #5008, .T. ) ;
#2493 = CARTESIAN_POINT ( 'NONE',  ( -112.8759871213102315, 1071.559999999999945, 3.035661502870400152 ) ) ;
#2494 = EDGE_LOOP ( 'NONE', ( #2916, #1923, #2540, #4030 ) ) ;
#2495 = CARTESIAN_POINT ( 'NONE',  ( -202.9702015903469032, 1076.559999999999718, 22.92703483733179937 ) ) ;
#2496 = CARTESIAN_POINT ( 'NONE',  ( -237.6737849101027678, 1076.160000000000082, 8.080994601710605352 ) ) ;
#2497 = EDGE_CURVE ( 'NONE', #4232, #4676, #3555, .T. ) ;
#2498 = CARTESIAN_POINT ( 'NONE',  ( -148.6143614906584105, 1075.559999999999945, 25.96668747503433750 ) ) ;
#2499 = ORIENTED_EDGE ( 'NONE', *, *, #1936, .F. ) ;
#2500 = LINE ( 'NONE', #1420, #3221 ) ;
#2501 = LINE ( 'NONE', #557, #1881 ) ;
#2502 = ORIENTED_EDGE ( 'NONE', *, *, #2195, .T. ) ;
#2503 = VECTOR ( 'NONE', #4792, 1000.000000000000000 ) ;
#2504 = VECTOR ( 'NONE', #1292, 1000.000000000000114 ) ;
#2505 = CARTESIAN_POINT ( 'NONE',  ( -256.2097432673789967, 1075.559999999999945, 7.207805313091468769 ) ) ;
#2506 = EDGE_CURVE ( 'NONE', #3149, #4295, #4725, .T. ) ;
#2507 = LINE ( 'NONE', #845, #1856 ) ;
#2508 = CARTESIAN_POINT ( 'NONE',  ( -49.20153583355251925, 1075.559999999999945, -51.77420520022761252 ) ) ;
#2509 = ORIENTED_EDGE ( 'NONE', *, *, #4060, .F. ) ;
#2510 = CARTESIAN_POINT ( 'NONE',  ( -271.2861602184574963, 1076.559999999999945, 2.447696926411727869 ) ) ;
#2511 = ORIENTED_EDGE ( 'NONE', *, *, #4326, .T. ) ;
#2512 = VECTOR ( 'NONE', #3253, 1000.000000000000000 ) ;
#2513 = EDGE_CURVE ( 'NONE', #2603, #2825, #3649, .T. ) ;
#2514 = ORIENTED_EDGE ( 'NONE', *, *, #3987, .T. ) ;
#2515 = CARTESIAN_POINT ( 'NONE',  ( -196.3282871629828321, 1071.559999999999945, 9.275515527396384741 ) ) ;
#2516 = DIRECTION ( 'NONE',  ( -0.7248872777926372857, 0.000000000000000000, 0.6888675014067506819 ) ) ;
#2517 = CARTESIAN_POINT ( 'NONE',  ( -264.9890575499149463, 987.6799999999998363, -17.44028709088449247 ) ) ;
#2518 = DIRECTION ( 'NONE',  ( 0.000000000000000000, 0.000000000000000000, 1.000000000000000000 ) ) ;
#2519 = ORIENTED_EDGE ( 'NONE', *, *, #1967, .T. ) ;
#2520 = CARTESIAN_POINT ( 'NONE',  ( -201.3816641243797960, 1071.559999999999945, 22.38189762034626540 ) ) ;
#2521 = CARTESIAN_POINT ( 'NONE',  ( -182.4791594191162574, 1076.559999999999945, 22.25289976212031817 ) ) ;
#2522 = AXIS2_PLACEMENT_3D ( 'NONE', #1965, #1575, #4368 ) ;
#2523 = CARTESIAN_POINT ( 'NONE',  ( -196.1653603157738246, 1076.559999999999945, 10.73525661145951382 ) ) ;
#2524 = VECTOR ( 'NONE', #3182, 1000.000000000000000 ) ;
#2525 = EDGE_LOOP ( 'NONE', ( #923, #474 ) ) ;
#2526 = EDGE_CURVE ( 'NONE', #850, #2345, #905, .T. ) ;
#2527 = DIRECTION ( 'NONE',  ( 0.6755766284709777691, 0.000000000000000000, 0.7372897795736670368 ) ) ;
#2528 = CARTESIAN_POINT ( 'NONE',  ( -285.8727052897787075, 1071.559999999999945, 2.045397586167052584 ) ) ;
#2529 = VERTEX_POINT ( 'NONE', #4079 ) ;
#2530 = VECTOR ( 'NONE', #664, 1000.000000000000000 ) ;
#2531 = CARTESIAN_POINT ( 'NONE',  ( -198.8098066529176435, 1076.559999999999945, 20.57702700072442425 ) ) ;
#2532 = ORIENTED_EDGE ( 'NONE', *, *, #3830, .F. ) ;
#2533 = CARTESIAN_POINT ( 'NONE',  ( -265.8557205421093954, 1071.559999999999945, 6.670256816194850558 ) ) ;
#2534 = DIRECTION ( 'NONE',  ( 0.000000000000000000, 0.000000000000000000, -1.000000000000000000 ) ) ;
#2535 = CARTESIAN_POINT ( 'NONE',  ( -252.0785529312161088, 1076.160000000000082, 7.428040943588809952 ) ) ;
#2536 = VERTEX_POINT ( 'NONE', #4006 ) ;
#2537 = ADVANCED_FACE ( 'NONE', ( #1749 ), #953, .T. ) ;
#2538 = CARTESIAN_POINT ( 'NONE',  ( -292.2254576542359246, 1071.559999999999945, 1.434434858990511596 ) ) ;
#2539 = EDGE_LOOP ( 'NONE', ( #4181, #4354, #2069, #4664 ) ) ;
#2540 = ORIENTED_EDGE ( 'NONE', *, *, #1651, .F. ) ;
#2541 = CARTESIAN_POINT ( 'NONE',  ( -204.6840424348300189, 1076.160000000000082, 19.59130311651804845 ) ) ;
#2542 = CARTESIAN_POINT ( 'NONE',  ( -164.7943195962286893, 1075.559999999999945, 9.631744620679031144 ) ) ;
#2543 = CARTESIAN_POINT ( 'NONE',  ( -260.8576000460811315, 1071.559999999999945, 7.086686038612372229 ) ) ;
#2544 = B_SPLINE_CURVE_WITH_KNOTS ( 'NONE', 3,
 ( #2280, #3126, #3072, #306 ),
 .UNSPECIFIED., .F., .F.,
 ( 4, 4 ),
 ( 0.09692598288788474570, 0.1008365711096023132 ),
 .UNSPECIFIED. ) ;
#2545 = CARTESIAN_POINT ( 'NONE',  ( -113.5285485838877975, 1071.559999999999945, 8.528672068350594770 ) ) ;
#2546 = VERTEX_POINT ( 'NONE', #549 ) ;
#2547 = DIRECTION ( 'NONE',  ( 0.000000000000000000, 1.000000000000000000, 0.000000000000000000 ) ) ;
#2548 = EDGE_CURVE ( 'NONE', #685, #2193, #4441, .T. ) ;
#2549 = CARTESIAN_POINT ( 'NONE',  ( -206.1976110917350695, 1076.160000000000309, 18.51843315521560740 ) ) ;
#2550 = EDGE_CURVE ( 'NONE', #1296, #3603, #4775, .T. ) ;
#2551 = CARTESIAN_POINT ( 'NONE',  ( -99.99778022952415313, 1076.559999999999945, 23.97971956385083203 ) ) ;
#2552 = EDGE_LOOP ( 'NONE', ( #265, #1530, #1261, #2079 ) ) ;
#2553 =( NAMED_UNIT ( * ) PLANE_ANGLE_UNIT ( ) SI_UNIT ( $, .RADIAN. ) );
#2554 = PLANE ( 'NONE',  #2572 ) ;
#2555 = CARTESIAN_POINT ( 'NONE',  ( -119.0667696627180590, 1076.559999999999945, 28.12804715761673435 ) ) ;
#2556 = ORIENTED_EDGE ( 'NONE', *, *, #524, .F. ) ;
#2557 = ADVANCED_FACE ( 'NONE', ( #599 ), #2446, .F. ) ;
#2558 = VECTOR ( 'NONE', #2635, 1000.000000000000114 ) ;
#2559 = CARTESIAN_POINT ( 'NONE',  ( -256.7728635070293421, 1075.559999999999945, 7.176306221512089856 ) ) ;
#2560 = ADVANCED_FACE ( 'NONE', ( #4491 ), #1311, .F. ) ;
#2561 = VERTEX_POINT ( 'NONE', #4848 ) ;
#2562 = EDGE_CURVE ( 'NONE', #3162, #4683, #4020, .T. ) ;
#2563 = CARTESIAN_POINT ( 'NONE',  ( -150.2687402434187902, 1076.559999999999945, 9.575102033732816764 ) ) ;
#2564 = PLANE ( 'NONE',  #1169 ) ;
#2565 = CARTESIAN_POINT ( 'NONE',  ( -209.4872335914045323, 1076.559999999999945, 18.75000630952692404 ) ) ;
#2566 = VERTEX_POINT ( 'NONE', #2543 ) ;
#2567 = CARTESIAN_POINT ( 'NONE',  ( -196.1653603157740804, 1076.559999999999718, 10.73525661145974652 ) ) ;
#2568 = VERTEX_POINT ( 'NONE', #3590 ) ;
#2569 = AXIS2_PLACEMENT_3D ( 'NONE', #3110, #1130, #3079 ) ;
#2570 = ORIENTED_EDGE ( 'NONE', *, *, #2633, .T. ) ;
#2571 = EDGE_CURVE ( 'NONE', #2692, #4505, #2106, .T. ) ;
#2572 = AXIS2_PLACEMENT_3D ( 'NONE', #2117, #3672, #2527 ) ;
#2573 = CARTESIAN_POINT ( 'NONE',  ( -237.9153930459915784, 1076.160000000000082, 12.36233482739457301 ) ) ;
#2574 = LINE ( 'NONE', #4925, #102 ) ;
#2575 = DIRECTION ( 'NONE',  ( 0.9697008434041973768, 0.000000000000000000, 0.2442954651670563027 ) ) ;
#2576 = AXIS2_PLACEMENT_3D ( 'NONE', #3960, #4730, #479 ) ;
#2577 = DIRECTION ( 'NONE',  ( -0.01073934591757908993, -0.000000000000000000, -0.9999423315618068964 ) ) ;
#2578 = EDGE_LOOP ( 'NONE', ( #4478, #4234, #1843, #2321, #333, #1151 ) ) ;
#2579 = ADVANCED_FACE ( 'NONE', ( #4464 ), #2059, .F. ) ;
#2580 = CARTESIAN_POINT ( 'NONE',  ( -199.2943556865412518, 1076.559999999999945, 23.53756684725033921 ) ) ;
#2581 = FACE_OUTER_BOUND ( 'NONE', #2619, .T. ) ;
#2582 = DIRECTION ( 'NONE',  ( 0.000000000000000000, 1.000000000000000000, 0.000000000000000000 ) ) ;
#2583 = ORIENTED_EDGE ( 'NONE', *, *, #3853, .T. ) ;
#2584 = CARTESIAN_POINT ( 'NONE',  ( -133.7537577246343119, 1076.559999999999945, 26.88888592686829071 ) ) ;
#2585 = CARTESIAN_POINT ( 'NONE',  ( -190.1890343106762202, 1071.559999999999945, 9.385866078298587212 ) ) ;
#2586 = DIRECTION ( 'NONE',  ( 0.000000000000000000, 0.000000000000000000, 1.000000000000000000 ) ) ;
#2587 = ORIENTED_EDGE ( 'NONE', *, *, #3191, .T. ) ;
#2588 = CARTESIAN_POINT ( 'NONE',  ( 0.2058083609809945591, 1071.559999999999945, 7.652639097639181820 ) ) ;
#2589 = VERTEX_POINT ( 'NONE', #1647 ) ;
#2590 = DIRECTION ( 'NONE',  ( 4.620170279626856566E-14, 0.000000000000000000, 1.000000000000000000 ) ) ;
#2591 = LINE ( 'NONE', #668, #1665 ) ;
#2592 = CARTESIAN_POINT ( 'NONE',  ( -164.4258649725422288, 1075.559999999999945, 24.48832680889258739 ) ) ;
#2593 = EDGE_LOOP ( 'NONE', ( #4156, #374, #977, #645 ) ) ;
#2594 = VECTOR ( 'NONE', #920, 1000.000000000000000 ) ;
#2595 = PLANE ( 'NONE',  #3586 ) ;
#2596 = EDGE_LOOP ( 'NONE', ( #1249, #1740, #1551, #209 ) ) ;
#2597 = VERTEX_POINT ( 'NONE', #3208 ) ;
#2598 = LINE ( 'NONE', #4947, #4001 ) ;
#2599 = DIRECTION ( 'NONE',  ( -0.000000000000000000, -1.000000000000000000, -0.000000000000000000 ) ) ;
#2600 = DIRECTION ( 'NONE',  ( 0.000000000000000000, 1.000000000000000000, 0.000000000000000000 ) ) ;
#2601 = B_SPLINE_CURVE_WITH_KNOTS ( 'NONE', 3,
 ( #2882, #552, #3467, #3440 ),
 .UNSPECIFIED., .F., .F.,
 ( 4, 4 ),
 ( 0.09692598288788474570, 0.1008365711096023132 ),
 .UNSPECIFIED. ) ;
#2602 = CARTESIAN_POINT ( 'NONE',  ( -254.6226053298199474, 1076.160000000000082, 8.584301414272562880 ) ) ;
#2603 = VERTEX_POINT ( 'NONE', #3611 ) ;
#2604 = CARTESIAN_POINT ( 'NONE',  ( -208.6235393136655887, 1076.559999999999263, 21.95012547425757887 ) ) ;
#2605 = LINE ( 'NONE', #2983, #2558 ) ;
#2606 = EDGE_CURVE ( 'NONE', #2032, #685, #1260, .T. ) ;
#2607 = LINE ( 'NONE', #2637, #3566 ) ;
#2608 = B_SPLINE_CURVE_WITH_KNOTS ( 'NONE', 3,
 ( #1998, #68, #18, #2381 ),
 .UNSPECIFIED., .F., .F.,
 ( 4, 4 ),
 ( 0.1715768828050884542, 0.1730835121489162076 ),
 .UNSPECIFIED. ) ;
#2609 = ORIENTED_EDGE ( 'NONE', *, *, #2759, .F. ) ;
#2610 = LINE ( 'NONE', #3700, #28 ) ;
#2611 = CARTESIAN_POINT ( 'NONE',  ( -132.7570444405484409, 1076.559999999999945, 9.255407141683624772 ) ) ;
#2612 = VERTEX_POINT ( 'NONE', #3237 ) ;
#2613 = VECTOR ( 'NONE', #1569, 1000.000000000000000 ) ;
#2614 = FACE_OUTER_BOUND ( 'NONE', #568, .T. ) ;
#2615 = VERTEX_POINT ( 'NONE', #4416 ) ;
#2616 = VECTOR ( 'NONE', #3538, 1000.000000000000000 ) ;
#2617 = CARTESIAN_POINT ( 'NONE',  ( -206.1180856855522165, 1071.559999999999945, 22.38807029477560917 ) ) ;
#2618 = CARTESIAN_POINT ( 'NONE',  ( -207.1162059251502399, 1071.559999999999945, 21.40246447239501393 ) ) ;
#2619 = EDGE_LOOP ( 'NONE', ( #2413, #1171, #3732 ) ) ;
#2620 = AXIS2_PLACEMENT_3D ( 'NONE', #2022, #939, #4067 ) ;
#2621 = DIRECTION ( 'NONE',  ( 0.7241518884010690327, 0.000000000000000000, 0.6896405168819227383 ) ) ;
#2622 = VERTEX_POINT ( 'NONE', #903 ) ;
#2623 = ORIENTED_EDGE ( 'NONE', *, *, #138, .T. ) ;
#2624 = CARTESIAN_POINT ( 'NONE',  ( -113.3033073900973449, 1071.559999999999945, 7.716868825675275545 ) ) ;
#2625 = CARTESIAN_POINT ( 'NONE',  ( -89.62753892102767850, 1075.559999999999945, 125.4662875543846070 ) ) ;
#2626 = CARTESIAN_POINT ( 'NONE',  ( -202.4452475236412567, 1076.559999999999945, 23.01547883700186148 ) ) ;
#2627 = CARTESIAN_POINT ( 'NONE',  ( -300.0000000000000000, 1076.559999999999945, -0.1621621621621254228 ) ) ;
#2628 = ADVANCED_FACE ( 'NONE', ( #4028 ), #522, .T. ) ;
#2629 = CARTESIAN_POINT ( 'NONE',  ( -206.0857816699618468, 1076.559999999999945, 22.19069640953050992 ) ) ;
#2630 = B_SPLINE_CURVE_WITH_KNOTS ( 'NONE', 3,
 ( #2535, #4126, #1403, #562 ),
 .UNSPECIFIED., .F., .F.,
 ( 4, 4 ),
 ( 0.9153643481061224385, 0.9201887431910438231 ),
 .UNSPECIFIED. ) ;
#2631 = ORIENTED_EDGE ( 'NONE', *, *, #1850, .T. ) ;
#2632 = EDGE_CURVE ( 'NONE', #4480, #4148, #4828, .T. ) ;
#2633 = EDGE_CURVE ( 'NONE', #1607, #4963, #1486, .T. ) ;
#2634 = CARTESIAN_POINT ( 'NONE',  ( -204.5316711866047115, 1075.559999999999945, 18.80566606377018246 ) ) ;
#2635 = DIRECTION ( 'NONE',  ( 0.06567303980429951837, 0.000000000000000000, -0.9978411957034358792 ) ) ;
#2636 = VECTOR ( 'NONE', #256, 1000.000000000000000 ) ;
#2637 = CARTESIAN_POINT ( 'NONE',  ( -233.2191333188967235, 1075.559999999999945, 12.76857277730700879 ) ) ;
#2638 = ORIENTED_EDGE ( 'NONE', *, *, #4208, .F. ) ;
#2639 = ADVANCED_FACE ( 'NONE', ( #701 ), #205, .T. ) ;
#2640 = CARTESIAN_POINT ( 'NONE',  ( -285.2692632529531238, 1071.559999999999945, 4.587123813293795038 ) ) ;
#2641 = CARTESIAN_POINT ( 'NONE',  ( -190.3431479854152144, 1071.559999999999945, -31.15330081486230185 ) ) ;
#2642 = CARTESIAN_POINT ( 'NONE',  ( -207.0000000000000000, 1076.559999999999945, 12.74517338218778839 ) ) ;
#2643 = DIRECTION ( 'NONE',  ( 0.000000000000000000, 1.000000000000000000, 0.000000000000000000 ) ) ;
#2644 = ORIENTED_EDGE ( 'NONE', *, *, #2497, .F. ) ;
#2645 = CARTESIAN_POINT ( 'NONE',  ( -208.3916840874414902, 1071.559999999999945, 21.99101949770105691 ) ) ;
#2646 = EDGE_LOOP ( 'NONE', ( #4946, #4881, #3323, #3883 ) ) ;
#2647 = CARTESIAN_POINT ( 'NONE',  ( -79.60021247432550240, 1076.559999999999945, -83.76237986898325971 ) ) ;
#2648 = ORIENTED_EDGE ( 'NONE', *, *, #432, .T. ) ;
#2649 = ORIENTED_EDGE ( 'NONE', *, *, #4286, .T. ) ;
#2650 = CARTESIAN_POINT ( 'NONE',  ( -247.4112030334044618, 1071.559999999999945, 10.26930581630612593 ) ) ;
#2651 = CARTESIAN_POINT ( 'NONE',  ( -199.2943556865412802, 1071.559999999999945, 23.53756684725036052 ) ) ;
#2652 = VECTOR ( 'NONE', #1902, 1000.000000000000000 ) ;
#2653 = CARTESIAN_POINT ( 'NONE',  ( -282.4215676313726817, 1076.559999999999945, 1.563290642116749174 ) ) ;
#2654 = VECTOR ( 'NONE', #5041, 1000.000000000000000 ) ;
#2655 = CARTESIAN_POINT ( 'NONE',  ( -266.5886069376112459, 1071.559999999999945, 9.579359346406606690 ) ) ;
#2656 = CARTESIAN_POINT ( 'NONE',  ( -208.8553664710642011, 1076.559999999999263, 21.90915847559414331 ) ) ;
#2657 = CARTESIAN_POINT ( 'NONE',  ( -238.8043900246968292, 1076.160000000000082, 8.035481054986171046 ) ) ;
#2658 = EDGE_CURVE ( 'NONE', #931, #4963, #3742, .T. ) ;
#2659 = CARTESIAN_POINT ( 'NONE',  ( -300.0000000000000000, 1076.559999999999945, 0.000000000000000000 ) ) ;
#2660 = ORIENTED_EDGE ( 'NONE', *, *, #4949, .F. ) ;
#2661 = FACE_OUTER_BOUND ( 'NONE', #3480, .T. ) ;
#2662 = FACE_OUTER_BOUND ( 'NONE', #2455, .T. ) ;
#2663 = LINE ( 'NONE', #3888, #2695 ) ;
#2664 = ADVANCED_FACE ( 'NONE', ( #290 ), #1437, .F. ) ;
#2665 = CARTESIAN_POINT ( 'NONE',  ( -183.0782561719249770, 1076.559999999999945, 9.495039263352545333 ) ) ;
#2666 = ORIENTED_EDGE ( 'NONE', *, *, #3756, .F. ) ;
#2667 = CARTESIAN_POINT ( 'NONE',  ( -277.4549981299106776, 1071.559999999999945, 6.762558882593997289 ) ) ;
#2668 = ORIENTED_EDGE ( 'NONE', *, *, #1209, .T. ) ;
#2669 = LINE ( 'NONE', #4231, #2367 ) ;
#2670 = ORIENTED_EDGE ( 'NONE', *, *, #3155, .T. ) ;
#2671 = B_SPLINE_CURVE_WITH_KNOTS ( 'NONE', 3,
 ( #3545, #1190, #857, #781, #3984, #807, #3910, #3935, #2784, #1654, #86 ),
 .UNSPECIFIED., .F., .F.,
 ( 4, 1, 1, 1, 1, 1, 1, 1, 4 ),
 ( 0.1065479219957353868, 0.1090557590277729250, 0.1363196987847158093, 0.1499516686631872653, 0.1635836385416586936, 0.1772156084201301496, 0.1908475782986016056, 0.1928611597997472449, 0.1945651560345575404 ),
 .UNSPECIFIED. ) ;
#2672 = ADVANCED_FACE ( 'NONE', ( #4899 ), #315, .F. ) ;
#2673 = VERTEX_POINT ( 'NONE', #3801 ) ;
#2674 =( NAMED_UNIT ( * ) SI_UNIT ( $, .STERADIAN. ) SOLID_ANGLE_UNIT ( ) );
#2675 = CARTESIAN_POINT ( 'NONE',  ( -207.2320098774881387, 1071.559999999999945, 22.19438563647893403 ) ) ;
#2676 = CARTESIAN_POINT ( 'NONE',  ( -168.8641331842243858, 1071.559999999999945, 24.10239613039014017 ) ) ;
#2677 = DIRECTION ( 'NONE',  ( -0.7248872777926389510, 0.000000000000000000, 0.6888675014067490165 ) ) ;
#2678 = VECTOR ( 'NONE', #279, 1000.000000000000114 ) ;
#2679 = CARTESIAN_POINT ( 'NONE',  ( -148.7718042799485261, 1075.559999999999945, 11.08556981308239742 ) ) ;
#2680 = CARTESIAN_POINT ( 'NONE',  ( -198.1422474298467478, 1071.559999999999945, 19.87634079533027887 ) ) ;
#2681 = CARTESIAN_POINT ( 'NONE',  ( -164.3938168790714371, 1076.559999999999945, 9.632453036328874063 ) ) ;
#2682 = CARTESIAN_POINT ( 'NONE',  ( -247.4112030334044618, 1071.559999999999945, 10.26930581630612593 ) ) ;
#2683 = ORIENTED_EDGE ( 'NONE', *, *, #2780, .T. ) ;
#2684 = CARTESIAN_POINT ( 'NONE',  ( -277.4549981299106776, 1071.559999999999945, 6.762558882593997289 ) ) ;
#2685 = CARTESIAN_POINT ( 'NONE',  ( -50.02817683524136783, 1075.559999999999945, -52.64406993357885511 ) ) ;
#2686 = CARTESIAN_POINT ( 'NONE',  ( -257.8976825154149424, 1075.559999999999945, 7.804466760825779836 ) ) ;
#2687 = CARTESIAN_POINT ( 'NONE',  ( -179.4304014303830002, 1075.559999999999945, 9.535503572493016833 ) ) ;
#2688 = EDGE_CURVE ( 'NONE', #386, #4394, #3438, .T. ) ;
#2689 = VERTEX_POINT ( 'NONE', #3030 ) ;
#2690 = EDGE_CURVE ( 'NONE', #425, #4916, #1005, .T. ) ;
#2691 = CARTESIAN_POINT ( 'NONE',  ( -66.52695322057222427, 1075.559999999999945, -70.00554086441650270 ) ) ;
#2692 = VERTEX_POINT ( 'NONE', #2266 ) ;
#2693 = CARTESIAN_POINT ( 'NONE',  ( -280.3490536555156041, 1071.559999999999945, 2.537585519907809672 ) ) ;
#2694 = EDGE_LOOP ( 'NONE', ( #2587, #4734, #4685, #1696 ) ) ;
#2695 = VECTOR ( 'NONE', #1450, 999.9999999999998863 ) ;
#2696 = EDGE_LOOP ( 'NONE', ( #861, #398, #1863, #694 ) ) ;
#2697 = VECTOR ( 'NONE', #2343, 1000.000000000000000 ) ;
#2698 = CARTESIAN_POINT ( 'NONE',  ( -132.5334251630783058, 1075.559999999999945, 125.9478159459216329 ) ) ;
#2699 = EDGE_CURVE ( 'NONE', #4127, #4279, #2190, .T. ) ;
#2700 = LINE ( 'NONE', #3850, #4360 ) ;
#2701 = CARTESIAN_POINT ( 'NONE',  ( -187.8555102931842953, 1071.559999999999945, 17.45826335425559606 ) ) ;
#2702 = CARTESIAN_POINT ( 'NONE',  ( -265.8557205421093954, 1071.559999999999945, 6.670256816194850558 ) ) ;
#2703 = DIRECTION ( 'NONE',  ( -0.01073934591758078476, -0.000000000000000000, -0.9999423315618068964 ) ) ;
#2704 = CARTESIAN_POINT ( 'NONE',  ( -164.9945637137987831, 1075.559999999999945, 9.631325334794965443 ) ) ;
#2705 = CARTESIAN_POINT ( 'NONE',  ( -173.4395179607336104, 1071.559999999999945, 8.866531246998681226 ) ) ;
#2706 = VERTEX_POINT ( 'NONE', #4999 ) ;
#2707 = LINE ( 'NONE', #2323, #2891 ) ;
#2708 = CARTESIAN_POINT ( 'NONE',  ( -113.6756979680783388, 1071.559999999999945, 3.057168747158489630 ) ) ;
#2709 = CARTESIAN_POINT ( 'NONE',  ( -178.5975834448180137, 1075.559999999999945, 22.77392284324674421 ) ) ;
#2710 = PLANE ( 'NONE',  #2037 ) ;
#2711 = CARTESIAN_POINT ( 'NONE',  ( -186.6359213441797635, 1076.559999999999718, 9.444839639591519287 ) ) ;
#2712 = EDGE_LOOP ( 'NONE', ( #2305, #90, #1309, #1030 ) ) ;
#2713 = DIRECTION ( 'NONE',  ( -0.7248872777932441336, 0.000000000000000000, 0.6888675014061121926 ) ) ;
#2714 = ORIENTED_EDGE ( 'NONE', *, *, #4604, .T. ) ;
#2715 = CARTESIAN_POINT ( 'NONE',  ( 0.000000000000000000, 1076.160000000000082, 0.000000000000000000 ) ) ;
#2716 = ORIENTED_EDGE ( 'NONE', *, *, #370, .F. ) ;
#2717 = EDGE_CURVE ( 'NONE', #621, #386, #4926, .T. ) ;
#2718 = ADVANCED_FACE ( 'NONE', ( #3003 ), #3364, .F. ) ;
#2719 = ORIENTED_EDGE ( 'NONE', *, *, #4576, .T. ) ;
#2720 = CARTESIAN_POINT ( 'NONE',  ( -192.5000000004401102, 1071.559999999999945, 19.27593237100209933 ) ) ;
#2721 = CARTESIAN_POINT ( 'NONE',  ( -112.6486715160237964, 1071.559999999999945, 11.48801144721272749 ) ) ;
#2722 = DIRECTION ( 'NONE',  ( 0.9996385584632172527, 0.000000000000000000, -0.02688405537825339434 ) ) ;
#2723 = CARTESIAN_POINT ( 'NONE',  ( -268.4179018058591737, 1071.559999999999945, 2.647210226057559179 ) ) ;
#2724 = EDGE_CURVE ( 'NONE', #1262, #2142, #4517, .T. ) ;
#2725 = CARTESIAN_POINT ( 'NONE',  ( -133.9566291355089902, 1076.559999999999945, 9.286974893465032466 ) ) ;
#2726 = LINE ( 'NONE', #4291, #4574 ) ;
#2727 = DIRECTION ( 'NONE',  ( 0.1625980185390379085, 0.000000000000000000, -0.9866923960217687251 ) ) ;
#2728 = ORIENTED_EDGE ( 'NONE', *, *, #1784, .T. ) ;
#2729 = VECTOR ( 'NONE', #4871, 1000.000000000000000 ) ;
#2730 = ADVANCED_FACE ( 'NONE', ( #2977 ), #5011, .T. ) ;
#2731 = ORIENTED_EDGE ( 'NONE', *, *, #1125, .F. ) ;
#2732 = CIRCLE ( 'NONE', #2486, 0.5999999999999946487 ) ;
#2733 = PLANE ( 'NONE',  #4773 ) ;
#2734 = DIRECTION ( 'NONE',  ( -0.7372897795732163972, 0.000000000000000000, 0.6755766284714695979 ) ) ;
#2735 = CARTESIAN_POINT ( 'NONE',  ( -290.3110310810689043, 1076.559999999999945, 3.099905874881267120 ) ) ;
#2736 = CARTESIAN_POINT ( 'NONE',  ( -151.9060143339743547, 1076.559999999999945, 9.644634931176618409 ) ) ;
#2737 = ORIENTED_EDGE ( 'NONE', *, *, #4019, .T. ) ;
#2738 = EDGE_CURVE ( 'NONE', #4164, #1444, #1903, .T. ) ;
#2739 = FACE_OUTER_BOUND ( 'NONE', #839, .T. ) ;
#2740 = ORIENTED_EDGE ( 'NONE', *, *, #1089, .F. ) ;
#2741 = CARTESIAN_POINT ( 'NONE',  ( -208.1598014489442221, 1071.559999999999945, 22.03184027861093597 ) ) ;
#2742 = ORIENTED_EDGE ( 'NONE', *, *, #3525, .F. ) ;
#2743 = CARTESIAN_POINT ( 'NONE',  ( -164.4189516322943518, 1076.559999999999945, 23.02218692098826480 ) ) ;
#2744 = ORIENTED_EDGE ( 'NONE', *, *, #2036, .T. ) ;
#2745 = CARTESIAN_POINT ( 'NONE',  ( -112.6486715160237964, 1075.559999999999945, 11.48801144721272749 ) ) ;
#2746 = CARTESIAN_POINT ( 'NONE',  ( -57.13222982526927041, 1076.559999999999945, 61.90651317224558881 ) ) ;
#2747 = CARTESIAN_POINT ( 'NONE',  ( -190.0606051026418584, 1071.559999999999945, 21.14460090871749998 ) ) ;
#2748 = CARTESIAN_POINT ( 'NONE',  ( -244.8321065277064008, 1075.559999999999945, 7.777216711856437925 ) ) ;
#2749 = CARTESIAN_POINT ( 'NONE',  ( -148.5690912535325765, 1076.559999999999945, 9.556892812099384571 ) ) ;
#2750 = B_SPLINE_CURVE_WITH_KNOTS ( 'NONE', 3,
 ( #1512, #2797, #4260, #1952, #3509 ),
 .UNSPECIFIED., .F., .F.,
 ( 4, 1, 4 ),
 ( 0.7820152444153389837, 0.7906192346124354398, 0.8006194959545864798 ),
 .UNSPECIFIED. ) ;
#2751 = CARTESIAN_POINT ( 'NONE',  ( -275.1101811045251111, 1071.559999999999945, 6.552289714361143602 ) ) ;
#2752 = ORIENTED_EDGE ( 'NONE', *, *, #4596, .F. ) ;
#2753 = AXIS2_PLACEMENT_3D ( 'NONE', #4109, #1702, #2518 ) ;
#2754 =( GEOMETRIC_REPRESENTATION_CONTEXT ( 3 ) GLOBAL_UNCERTAINTY_ASSIGNED_CONTEXT ( ( #3684 ) ) GLOBAL_UNIT_ASSIGNED_CONTEXT ( ( #4591, #3508, #2674 ) ) REPRESENTATION_CONTEXT ( 'NONE', 'WORKASPACE' ) );
#2755 = VERTEX_POINT ( 'NONE', #3851 ) ;
#2756 = CARTESIAN_POINT ( 'NONE',  ( -227.5076778556159240, 1076.160000000000082, 8.453911118182777074 ) ) ;
#2757 = CARTESIAN_POINT ( 'NONE',  ( -199.7612922645464835, 1071.559999999999945, 20.42067266952125237 ) ) ;
#2758 = DIRECTION ( 'NONE',  ( 0.02646596929541078502, 0.000000000000000000, 0.9996497148847962588 ) ) ;
#2759 = EDGE_CURVE ( 'NONE', #4014, #61, #3156, .T. ) ;
#2760 = DIRECTION ( 'NONE',  ( 0.3708539045046524429, 0.000000000000000000, 0.9286912196815765297 ) ) ;
#2761 = CARTESIAN_POINT ( 'NONE',  ( -114.4461369854704742, 1071.559999999999945, 8.572950441694210610 ) ) ;
#2762 = B_SPLINE_CURVE_WITH_KNOTS ( 'NONE', 3,
 ( #2869, #4070, #4479, #164 ),
 .UNSPECIFIED., .F., .F.,
 ( 4, 4 ),
 ( 0.1363428770611312402, 0.1363444555881517806 ),
 .UNSPECIFIED. ) ;
#2763 = FACE_OUTER_BOUND ( 'NONE', #718, .T. ) ;
#2764 = ORIENTED_EDGE ( 'NONE', *, *, #4882, .F. ) ;
#2765 = DIRECTION ( 'NONE',  ( 0.000000000000000000, 1.000000000000000000, 0.000000000000000000 ) ) ;
#2766 = ORIENTED_EDGE ( 'NONE', *, *, #4931, .F. ) ;
#2767 = CARTESIAN_POINT ( 'NONE',  ( -220.6196549042584252, 1075.559999999999945, 15.86831720104284216 ) ) ;
#2768 = VERTEX_POINT ( 'NONE', #3461 ) ;
#2769 = CARTESIAN_POINT ( 'NONE',  ( 0.000000000000000000, 1076.559999999999945, 0.000000000000000000 ) ) ;
#2770 = PLANE ( 'NONE',  #2271 ) ;
#2771 = CARTESIAN_POINT ( 'NONE',  ( -117.3872845654308179, 1071.559999999999945, 27.32359723883181246 ) ) ;
#2772 = CARTESIAN_POINT ( 'NONE',  ( -194.3434337935484848, 1076.559999999999945, 9.312927148811843026 ) ) ;
#2773 = VECTOR ( 'NONE', #4853, 1000.000000000000000 ) ;
#2774 = AXIS2_PLACEMENT_3D ( 'NONE', #2517, #81, #1678 ) ;
#2775 = CARTESIAN_POINT ( 'NONE',  ( -265.3338636067466041, 1076.559999999999945, 6.801727551362758639 ) ) ;
#2776 = CARTESIAN_POINT ( 'NONE',  ( -207.0000000000000000, 1076.559999999999945, 12.74517338218778839 ) ) ;
#2777 = ORIENTED_EDGE ( 'NONE', *, *, #3219, .T. ) ;
#2778 = VECTOR ( 'NONE', #3958, 1000.000000000000114 ) ;
#2779 = EDGE_CURVE ( 'NONE', #665, #2049, #3133, .T. ) ;
#2780 = EDGE_CURVE ( 'NONE', #4702, #1352, #54, .T. ) ;
#2781 = EDGE_CURVE ( 'NONE', #1820, #216, #1206, .T. ) ;
#2782 = ORIENTED_EDGE ( 'NONE', *, *, #4224, .T. ) ;
#2783 = CARTESIAN_POINT ( 'NONE',  ( -265.3338636067466041, 1071.559999999999945, 6.801727551362758639 ) ) ;
#2784 = CARTESIAN_POINT ( 'NONE',  ( -113.8284090580020518, 1076.559999999999945, 28.12009005535462336 ) ) ;
#2785 = CARTESIAN_POINT ( 'NONE',  ( -116.5000488705965438, 1076.160000000000082, 110.7111409426733530 ) ) ;
#2786 = DIRECTION ( 'NONE',  ( -0.02646596929541078502, -0.000000000000000000, -0.9996497148847962588 ) ) ;
#2787 = CARTESIAN_POINT ( 'NONE',  ( -228.0922669548139936, 1075.559999999999945, 9.000081170459584001 ) ) ;
#2788 = EDGE_CURVE ( 'NONE', #2222, #3706, #724, .T. ) ;
#2789 = CARTESIAN_POINT ( 'NONE',  ( -207.1162059258674049, 1076.159999999999854, 21.40246447226967774 ) ) ;
#2790 = ORIENTED_EDGE ( 'NONE', *, *, #812, .F. ) ;
#2791 = LINE ( 'NONE', #435, #3058 ) ;
#2792 = VERTEX_POINT ( 'NONE', #2311 ) ;
#2793 = LINE ( 'NONE', #3250, #4981 ) ;
#2794 = ORIENTED_EDGE ( 'NONE', *, *, #5037, .F. ) ;
#2795 = CARTESIAN_POINT ( 'NONE',  ( -202.6505986991347754, 1076.559999999999945, 9.143660632304117186 ) ) ;
#2796 = AXIS2_PLACEMENT_3D ( 'NONE', #1764, #4890, #254 ) ;
#2797 = CARTESIAN_POINT ( 'NONE',  ( -167.4830527588412963, 1076.559999999999945, 9.625719651624425666 ) ) ;
#2798 = DIRECTION ( 'NONE',  ( -0.000000000000000000, -1.000000000000000000, -0.000000000000000000 ) ) ;
#2799 = FACE_OUTER_BOUND ( 'NONE', #2009, .T. ) ;
#2800 = DIRECTION ( 'NONE',  ( 0.000000000000000000, 1.000000000000000000, 0.000000000000000000 ) ) ;
#2801 = LINE ( 'NONE', #799, #3868 ) ;
#2802 = EDGE_LOOP ( 'NONE', ( #93, #1946, #1504 ) ) ;
#2803 = AXIS2_PLACEMENT_3D ( 'NONE', #4674, #5054, #422 ) ;
#2804 = EDGE_CURVE ( 'NONE', #1763, #2281, #2205, .T. ) ;
#2805 = VERTEX_POINT ( 'NONE', #1514 ) ;
#2806 = PLANE ( 'NONE',  #569 ) ;
#2807 = CARTESIAN_POINT ( 'NONE',  ( -65.70031221888388018, 1075.559999999999945, -69.13567613106529564 ) ) ;
#2808 = DIRECTION ( 'NONE',  ( -0.6888675014067476843, 0.000000000000000000, -0.7248872777926403943 ) ) ;
#2809 = AXIS2_PLACEMENT_3D ( 'NONE', #4433, #2054, #4818 ) ;
#2810 = ADVANCED_FACE ( 'NONE', ( #2799 ), #2291, .F. ) ;
#2811 = DIRECTION ( 'NONE',  ( 0.000000000000000000, 1.000000000000000000, 0.000000000000000000 ) ) ;
#2812 = B_SPLINE_SURFACE_WITH_KNOTS ( 'NONE', 3, 1, ( 
 ( #4904, #1389 ),
 ( #1364, #956 ),
 ( #2955, #4111 ),
 ( #2520, #1704 ),
 ( #1338, #631 ),
 ( #3367, #4520 ),
 ( #4496, #181 ) ),
 .UNSPECIFIED., .F., .F., .F.,
 ( 4, 1, 1, 1, 4 ),
 ( 2, 2 ),
 ( 0.000000000000000000, 0.0006915119401126462728, 0.001383023880564257513, 0.002074535821015868753, 0.002766047761573561803 ),
 ( 0.000000000000000000, 1.000000000000000000 ),
 .UNSPECIFIED. ) ;
#2813 = VECTOR ( 'NONE', #3214, 1000.000000000000000 ) ;
#2814 = DIRECTION ( 'NONE',  ( 0.000000000000000000, -1.000000000000000000, 0.000000000000000000 ) ) ;
#2815 = ORIENTED_EDGE ( 'NONE', *, *, #2997, .T. ) ;
#2816 = CARTESIAN_POINT ( 'NONE',  ( -190.5023954708485689, 1075.559999999999945, 21.07741219792069387 ) ) ;
#2817 = ORIENTED_EDGE ( 'NONE', *, *, #370, .T. ) ;
#2818 = EDGE_CURVE ( 'NONE', #3174, #4836, #4287, .T. ) ;
#2819 = DIRECTION ( 'NONE',  ( -0.1756167594926664188, 0.000000000000000000, 0.9844586094830471978 ) ) ;
#2820 = VERTEX_POINT ( 'NONE', #4694 ) ;
#2821 = VECTOR ( 'NONE', #831, 1000.000000000000000 ) ;
#2822 = LINE ( 'NONE', #4715, #298 ) ;
#2823 = CARTESIAN_POINT ( 'NONE',  ( -282.4215676313726817, 1071.559999999999945, 1.563290642116749174 ) ) ;
#2824 = DIRECTION ( 'NONE',  ( -0.001877162694607148420, 0.000000000000000000, 0.9999982381285568156 ) ) ;
#2825 = VERTEX_POINT ( 'NONE', #2366 ) ;
#2826 = DIRECTION ( 'NONE',  ( 0.6888675014067507929, 0.000000000000000000, 0.7248872777926373967 ) ) ;
#2827 = EDGE_CURVE ( 'NONE', #4836, #4839, #4644, .T. ) ;
#2828 = ORIENTED_EDGE ( 'NONE', *, *, #2310, .F. ) ;
#2829 = CARTESIAN_POINT ( 'NONE',  ( -194.3434337935486838, 1071.559999999999945, 9.312927148811835920 ) ) ;
#2830 = CARTESIAN_POINT ( 'NONE',  ( -280.6338063822633444, 1076.160000000000082, 5.055185953166628998 ) ) ;
#2831 = VERTEX_POINT ( 'NONE', #1954 ) ;
#2832 = VERTEX_POINT ( 'NONE', #2339 ) ;
#2833 = CARTESIAN_POINT ( 'NONE',  ( -112.2016622524414657, 1076.559999999999945, 28.10930200660904177 ) ) ;
#2834 = FACE_OUTER_BOUND ( 'NONE', #2208, .T. ) ;
#2835 = AXIS2_PLACEMENT_3D ( 'NONE', #2060, #4444, #2925 ) ;
#2836 = CARTESIAN_POINT ( 'NONE',  ( -241.3852872890716981, 1075.559999999999945, 11.59175294562728098 ) ) ;
#2837 = CARTESIAN_POINT ( 'NONE',  ( -165.8250863354020339, 1075.559999999999945, 24.33477042565874271 ) ) ;
#2838 = CARTESIAN_POINT ( 'NONE',  ( -149.7388882563057848, 1075.559999999999945, 25.87779423093265407 ) ) ;
#2839 = VERTEX_POINT ( 'NONE', #1131 ) ;
#2840 = CARTESIAN_POINT ( 'NONE',  ( -297.6249865866626010, 1071.559999999999945, 0.7942685039327329610 ) ) ;
#2841 = VERTEX_POINT ( 'NONE', #367 ) ;
#2842 = CARTESIAN_POINT ( 'NONE',  ( -192.5000000004401102, 1076.559999999999945, 11.02593237100210644 ) ) ;
#2843 = ORIENTED_EDGE ( 'NONE', *, *, #3219, .F. ) ;
#2844 = EDGE_CURVE ( 'NONE', #355, #3380, #393, .T. ) ;
#2845 = DIRECTION ( 'NONE',  ( 0.000000000000000000, 1.000000000000000000, 0.000000000000000000 ) ) ;
#2846 = EDGE_CURVE ( 'NONE', #3269, #2032, #3414, .T. ) ;
#2847 = PLANE ( 'NONE',  #4724 ) ;
#2848 = FACE_OUTER_BOUND ( 'NONE', #4484, .T. ) ;
#2849 = EDGE_LOOP ( 'NONE', ( #683, #4940, #1817, #2583, #1984, #1752 ) ) ;
#2850 = CARTESIAN_POINT ( 'NONE',  ( -123.7680119748343657, 1076.160000000000082, 117.6179576813780585 ) ) ;
#2851 = ORIENTED_EDGE ( 'NONE', *, *, #2981, .T. ) ;
#2852 = EDGE_CURVE ( 'NONE', #1352, #4505, #484, .T. ) ;
#2853 = CARTESIAN_POINT ( 'NONE',  ( -260.7629341020929132, 1071.559999999999945, 6.944829825282281099 ) ) ;
#2854 = DIRECTION ( 'NONE',  ( -0.7241518884010690327, -0.000000000000000000, -0.6896405168819228493 ) ) ;
#2855 = AXIS2_PLACEMENT_3D ( 'NONE', #2469, #3309, #4801 ) ;
#2856 = VECTOR ( 'NONE', #4847, 1000.000000000000000 ) ;
#2857 = CARTESIAN_POINT ( 'NONE',  ( -199.7284476102948645, 1076.559999999999945, 21.23687484048213747 ) ) ;
#2858 = ORIENTED_EDGE ( 'NONE', *, *, #3812, .F. ) ;
#2859 = CARTESIAN_POINT ( 'NONE',  ( -191.1326435263994199, 1076.559999999999945, -31.28251687721536456 ) ) ;
#2860 = CARTESIAN_POINT ( 'NONE',  ( -254.6226053298199474, 1075.559999999999945, 8.584301414272562880 ) ) ;
#2861 = DIRECTION ( 'NONE',  ( -0.8137065930674930447, -0.000000000000000000, -0.5812758212746280684 ) ) ;
#2862 = CARTESIAN_POINT ( 'NONE',  ( -114.4828442445582510, 1076.559999999999945, 27.32352736051254283 ) ) ;
#2863 = ORIENTED_EDGE ( 'NONE', *, *, #1313, .F. ) ;
#2864 = CARTESIAN_POINT ( 'NONE',  ( -165.5923904649430654, 1076.559999999999945, 9.690496330747539133 ) ) ;
#2865 = ORIENTED_EDGE ( 'NONE', *, *, #2408, .F. ) ;
#2866 = CARTESIAN_POINT ( 'NONE',  ( -280.3490536555156041, 1076.160000000000082, 2.537585519907809672 ) ) ;
#2867 = ORIENTED_EDGE ( 'NONE', *, *, #2717, .F. ) ;
#2868 = ADVANCED_FACE ( 'NONE', ( #1181 ), #3234, .T. ) ;
#2869 = CARTESIAN_POINT ( 'NONE',  ( -133.4887941578116397, 1075.559999999999945, 26.90089384464909372 ) ) ;
#2870 = CARTESIAN_POINT ( 'NONE',  ( -154.5807832906197916, 1071.559999999999945, 26.32937649834314442 ) ) ;
#2871 = CARTESIAN_POINT ( 'NONE',  ( -113.0233135672802405, 1071.559999999999945, 27.31498970425845485 ) ) ;
#2872 = ORIENTED_EDGE ( 'NONE', *, *, #4604, .F. ) ;
#2873 = CARTESIAN_POINT ( 'NONE',  ( -300.0000000000000000, 987.6799999999998363, 0.000000000000000000 ) ) ;
#2874 = EDGE_CURVE ( 'NONE', #2831, #4073, #159, .T. ) ;
#2875 = EDGE_CURVE ( 'NONE', #2996, #4798, #538, .T. ) ;
#2876 = ORIENTED_EDGE ( 'NONE', *, *, #750, .F. ) ;
#2877 = CARTESIAN_POINT ( 'NONE',  ( -206.0238319645381182, 1071.559999999999945, 19.36100969080447243 ) ) ;
#2878 = CARTESIAN_POINT ( 'NONE',  ( -275.1101811045251111, 1076.160000000000082, 6.552289714361143602 ) ) ;
#2879 = EDGE_CURVE ( 'NONE', #496, #516, #1628, .T. ) ;
#2880 = PLANE ( 'NONE',  #2835 ) ;
#2881 = EDGE_LOOP ( 'NONE', ( #4571, #3702, #2487 ) ) ;
#2882 = CARTESIAN_POINT ( 'NONE',  ( -208.7003987831496659, 1076.160000000000082, 18.88995528795540224 ) ) ;
#2883 = CARTESIAN_POINT ( 'NONE',  ( 0.000000000000000000, 1076.160000000000082, 0.000000000000000000 ) ) ;
#2884 = LINE ( 'NONE', #4013, #2019 ) ;
#2885 = ORIENTED_EDGE ( 'NONE', *, *, #3830, .T. ) ;
#2886 = CARTESIAN_POINT ( 'NONE',  ( -135.8692035692614581, 1076.559999999999945, 26.79237269302958779 ) ) ;
#2887 = AXIS2_PLACEMENT_3D ( 'NONE', #1172, #4253, #1947 ) ;
#2888 = CARTESIAN_POINT ( 'NONE',  ( -199.2943556865412518, 1076.559999999999945, 23.53756684725033921 ) ) ;
#2889 = CARTESIAN_POINT ( 'NONE',  ( -198.1819931652745765, 1076.559999999999945, 9.238543108260873993 ) ) ;
#2890 = ORIENTED_EDGE ( 'NONE', *, *, #376, .T. ) ;
#2891 = VECTOR ( 'NONE', #3884, 1000.000000000000000 ) ;
#2892 = DIRECTION ( 'NONE',  ( -0.000000000000000000, 1.000000000000000000, -0.000000000000000000 ) ) ;
#2893 = LINE ( 'NONE', #2123, #4595 ) ;
#2894 = CARTESIAN_POINT ( 'NONE',  ( -112.6701787603263796, 1076.559999999999945, 10.68830060044215280 ) ) ;
#2895 = EDGE_LOOP ( 'NONE', ( #1207, #1796, #672 ) ) ;
#2896 = DIRECTION ( 'NONE',  ( -0.6888675014067456859, 0.000000000000000000, -0.7248872777926422817 ) ) ;
#2897 = VERTEX_POINT ( 'NONE', #2029 ) ;
#2898 = CARTESIAN_POINT ( 'NONE',  ( -247.5948149815329487, 1076.160000000000082, 7.661474984079974959 ) ) ;
#2899 = CARTESIAN_POINT ( 'NONE',  ( -213.6449430047711928, 1075.559999999999945, 8.873357482925714024 ) ) ;
#2900 = ADVANCED_FACE ( 'NONE', ( #898 ), #1673, .T. ) ;
#2901 = CARTESIAN_POINT ( 'NONE',  ( -112.7508309264629105, 1071.559999999999945, 7.689384925052574538 ) ) ;
#2902 = ORIENTED_EDGE ( 'NONE', *, *, #1214, .F. ) ;
#2903 = LINE ( 'NONE', #2859, #2773 ) ;
#2904 = CARTESIAN_POINT ( 'NONE',  ( -227.5076778544629690, 1075.559999999999945, 8.453911119396014584 ) ) ;
#2905 = CARTESIAN_POINT ( 'NONE',  ( -195.3379530300248632, 1071.559999999999718, 9.848132904470201510 ) ) ;
#2906 = EDGE_LOOP ( 'NONE', ( #4315, #828, #925, #1275 ) ) ;
#2907 = LINE ( 'NONE', #3650, #1093 ) ;
#2908 = LINE ( 'NONE', #4477, #2530 ) ;
#2909 = ORIENTED_EDGE ( 'NONE', *, *, #3556, .F. ) ;
#2910 = AXIS2_PLACEMENT_3D ( 'NONE', #2405, #457, #2017 ) ;
#2911 = DIRECTION ( 'NONE',  ( -0.9996385584632171417, 0.000000000000000000, 0.02688405537825548988 ) ) ;
#2912 = ORIENTED_EDGE ( 'NONE', *, *, #3844, .T. ) ;
#2913 = CARTESIAN_POINT ( 'NONE',  ( -268.4179018058591737, 1071.559999999999945, 2.647210226057559179 ) ) ;
#2914 = CARTESIAN_POINT ( 'NONE',  ( -148.6125551966285343, 1076.559999999999945, 25.91327914437588475 ) ) ;
#2915 = DIRECTION ( 'NONE',  ( 0.000000000000000000, 1.000000000000000000, 0.000000000000000000 ) ) ;
#2916 = ORIENTED_EDGE ( 'NONE', *, *, #2874, .F. ) ;
#2917 = CARTESIAN_POINT ( 'NONE',  ( -186.7415213031813437, 1076.559999999999945, 14.16434638209465469 ) ) ;
#2918 = ORIENTED_EDGE ( 'NONE', *, *, #1332, .F. ) ;
#2919 = VECTOR ( 'NONE', #4716, 1000.000000000000114 ) ;
#2920 = ORIENTED_EDGE ( 'NONE', *, *, #3612, .F. ) ;
#2921 = CARTESIAN_POINT ( 'NONE',  ( -260.7629341020929132, 1076.160000000000082, 6.944829825282281099 ) ) ;
#2922 = CARTESIAN_POINT ( 'NONE',  ( -205.0691912267875239, 1076.559999999999945, 22.56928586450358765 ) ) ;
#2923 = EDGE_CURVE ( 'NONE', #1289, #3706, #4796, .T. ) ;
#2924 = CARTESIAN_POINT ( 'NONE',  ( -292.2377533026756282, 1076.160000000000082, 1.650914772663081065 ) ) ;
#2925 = DIRECTION ( 'NONE',  ( -0.1625980185390379362, 0.000000000000000000, 0.9866923960217687251 ) ) ;
#2926 = EDGE_LOOP ( 'NONE', ( #1329, #1025, #2077, #46 ) ) ;
#2927 = CARTESIAN_POINT ( 'NONE',  ( -201.3951432444773673, 1076.559999999999718, 23.19115371877665766 ) ) ;
#2928 = CARTESIAN_POINT ( 'NONE',  ( -231.7250680944250689, 1076.160000000000082, 8.309185957980938397 ) ) ;
#2929 = EDGE_CURVE ( 'NONE', #2154, #3049, #544, .T. ) ;
#2930 = VECTOR ( 'NONE', #2355, 1000.000000000000000 ) ;
#2931 = ADVANCED_FACE ( 'NONE', ( #517 ), #945, .F. ) ;
#2932 = EDGE_CURVE ( 'NONE', #590, #2755, #147, .T. ) ;
#2933 = CARTESIAN_POINT ( 'NONE',  ( -108.7582395782407332, 1075.559999999999945, -114.4450334271760141 ) ) ;
#2934 = VECTOR ( 'NONE', #3900, 1000.000000000000000 ) ;
#2935 = EDGE_LOOP ( 'NONE', ( #3576, #823, #2902, #3536 ) ) ;
#2936 = PLANE ( 'NONE',  #1746 ) ;
#2937 = CARTESIAN_POINT ( 'NONE',  ( -66.52695322057222427, 1076.559999999999945, -70.00554086441650270 ) ) ;
#2938 = ORIENTED_EDGE ( 'NONE', *, *, #470, .F. ) ;
#2939 = ADVANCED_FACE ( 'NONE', ( #4844 ), #1327, .F. ) ;
#2940 = CARTESIAN_POINT ( 'NONE',  ( -255.6456684864424460, 1075.559999999999945, 7.238874054512193013 ) ) ;
#2941 = ORIENTED_EDGE ( 'NONE', *, *, #4914, .T. ) ;
#2942 = CARTESIAN_POINT ( 'NONE',  ( -266.5147033832301418, 987.6799999999998363, 5.740492526924503736 ) ) ;
#2943 = DIRECTION ( 'NONE',  ( -0.7241518884010719193, 0.000000000000000000, -0.6896405168819197407 ) ) ;
#2944 = LINE ( 'NONE', #1024, #2636 ) ;
#2945 = ORIENTED_EDGE ( 'NONE', *, *, #321, .T. ) ;
#2946 = CARTESIAN_POINT ( 'NONE',  ( -293.2676002059569100, 1076.160000000000082, 1.330312713633649668 ) ) ;
#2947 = ORIENTED_EDGE ( 'NONE', *, *, #1630, .T. ) ;
#2948 = EDGE_CURVE ( 'NONE', #1593, #331, #4867, .T. ) ;
#2949 = ORIENTED_EDGE ( 'NONE', *, *, #2473, .F. ) ;
#2950 = PLANE ( 'NONE',  #1135 ) ;
#2951 = LINE ( 'NONE', #3363, #2652 ) ;
#2952 = DIRECTION ( 'NONE',  ( 0.000000000000000000, 0.000000000000000000, 1.000000000000000000 ) ) ;
#2953 = CARTESIAN_POINT ( 'NONE',  ( -255.2981030797633082, 1076.160000000000082, 8.424977901797126023 ) ) ;
#2954 = ORIENTED_EDGE ( 'NONE', *, *, #283, .T. ) ;
#2955 = CARTESIAN_POINT ( 'NONE',  ( -200.6681584775574265, 1071.559999999999945, 22.50056321958523853 ) ) ;
#2956 = LINE ( 'NONE', #4954, #598 ) ;
#2957 = CARTESIAN_POINT ( 'NONE',  ( -164.3025151513572837, 1075.559999999999945, 24.50169724439309960 ) ) ;
#2958 = EDGE_LOOP ( 'NONE', ( #1371, #1162, #2384, #1712 ) ) ;
#2959 = DIRECTION ( 'NONE',  ( 0.9996385584632172527, 0.000000000000000000, -0.02688405537825435190 ) ) ;
#2960 = CARTESIAN_POINT ( 'NONE',  ( -97.31973502746332372, 1075.559999999999945, -102.4084278262800609 ) ) ;
#2961 = CARTESIAN_POINT ( 'NONE',  ( -132.7570444405484409, 1075.559999999999945, 9.255407141683624772 ) ) ;
#2962 = ORIENTED_EDGE ( 'NONE', *, *, #1872, .T. ) ;
#2963 = CARTESIAN_POINT ( 'NONE',  ( 0.2273156052836086960, 1071.559999999999945, 8.452349944409522919 ) ) ;
#2964 = ORIENTED_EDGE ( 'NONE', *, *, #4660, .T. ) ;
#2965 = CARTESIAN_POINT ( 'NONE',  ( -132.0558163141116665, 1076.559999999999945, 26.96303150407470994 ) ) ;
#2966 = CARTESIAN_POINT ( 'NONE',  ( -190.7528261741829567, 1075.559999999999945, 21.03932599842007178 ) ) ;
#2967 = CARTESIAN_POINT ( 'NONE',  ( -241.8427587424435785, 1076.160000000000082, 10.92287269651167492 ) ) ;
#2968 = ORIENTED_EDGE ( 'NONE', *, *, #3788, .F. ) ;
#2969 = CARTESIAN_POINT ( 'NONE',  ( -244.1700937978397690, 1076.159999999999854, 10.97927132805637385 ) ) ;
#2970 = ORIENTED_EDGE ( 'NONE', *, *, #4007, .T. ) ;
#2971 = AXIS2_PLACEMENT_3D ( 'NONE', #922, #2005, #2485 ) ;
#2972 = EDGE_LOOP ( 'NONE', ( #4100, #3429, #1584, #4495 ) ) ;
#2973 = VECTOR ( 'NONE', #4189, 1000.000000000000000 ) ;
#2974 = FACE_OUTER_BOUND ( 'NONE', #3793, .T. ) ;
#2975 = CARTESIAN_POINT ( 'NONE',  ( -203.4950804227415233, 1076.559999999999945, 22.83819049947048896 ) ) ;
#2976 = ADVANCED_FACE ( 'NONE', ( #4358 ), #848, .F. ) ;
#2977 = FACE_OUTER_BOUND ( 'NONE', #2494, .T. ) ;
#2978 = VECTOR ( 'NONE', #109, 1000.000000000000000 ) ;
#2979 = DIRECTION ( 'NONE',  ( 0.5217872676265252752, 0.000000000000000000, 0.8530756398718960520 ) ) ;
#2980 = ORIENTED_EDGE ( 'NONE', *, *, #3589, .F. ) ;
#2981 = EDGE_CURVE ( 'NONE', #3409, #1075, #1256, .T. ) ;
#2982 = LINE ( 'NONE', #1907, #2040 ) ;
#2983 = CARTESIAN_POINT ( 'NONE',  ( -264.9890575499149463, 1071.559999999999945, -17.44028709088449247 ) ) ;
#2984 = CARTESIAN_POINT ( 'NONE',  ( -129.4660814831989342, 1076.559999999999945, 9.165747756566915427 ) ) ;
#2985 = ORIENTED_EDGE ( 'NONE', *, *, #682, .F. ) ;
#2986 = PLANE ( 'NONE',  #3296 ) ;
#2987 = CARTESIAN_POINT ( 'NONE',  ( -154.5807832906197916, 1076.559999999999945, 26.32937649834314442 ) ) ;
#2988 = ORIENTED_EDGE ( 'NONE', *, *, #3063, .F. ) ;
#2989 = CARTESIAN_POINT ( 'NONE',  ( -264.6795704296176268, 1071.559999999999945, 5.899739385248923718 ) ) ;
#2990 = ORIENTED_EDGE ( 'NONE', *, *, #3093, .F. ) ;
#2991 = LINE ( 'NONE', #3328, #2482 ) ;
#2992 = CARTESIAN_POINT ( 'NONE',  ( -195.6463559078458445, 1076.559999999999945, 20.27733546108195739 ) ) ;
#2993 = VERTEX_POINT ( 'NONE', #2153 ) ;
#2994 = CIRCLE ( 'NONE', #786, 8.689662818835429903 ) ;
#2995 = CARTESIAN_POINT ( 'NONE',  ( -247.9425849139421132, 1076.159999999999854, 10.13018560512179533 ) ) ;
#2996 = VERTEX_POINT ( 'NONE', #3024 ) ;
#2997 = EDGE_CURVE ( 'NONE', #4467, #3197, #2260, .T. ) ;
#2998 = EDGE_CURVE ( 'NONE', #3197, #2332, #3902, .T. ) ;
#2999 = EDGE_LOOP ( 'NONE', ( #3640, #1635, #1102, #2258 ) ) ;
#3000 = LINE ( 'NONE', #2239, #4055 ) ;
#3001 = CARTESIAN_POINT ( 'NONE',  ( 0.000000000000000000, 1075.559999999999945, 0.000000000000000000 ) ) ;
#3002 = CARTESIAN_POINT ( 'NONE',  ( -201.3951432444781915, 1071.559999999999945, 23.19115371877662213 ) ) ;
#3003 = FACE_OUTER_BOUND ( 'NONE', #347, .T. ) ;
#3004 = B_SPLINE_CURVE_WITH_KNOTS ( 'NONE', 3,
 ( #906, #4494, #2448, #4052, #550 ),
 .UNSPECIFIED., .F., .F.,
 ( 4, 1, 4 ),
 ( 0.8406317138875467609, 0.8494027461549495950, 0.8547559085613830598 ),
 .UNSPECIFIED. ) ;
#3005 = EDGE_CURVE ( 'NONE', #1783, #3380, #4280, .T. ) ;
#3006 = CARTESIAN_POINT ( 'NONE',  ( -251.6390689033642332, 1075.559999999999945, 7.450622648270432968 ) ) ;
#3007 = ORIENTED_EDGE ( 'NONE', *, *, #840, .T. ) ;
#3008 = CARTESIAN_POINT ( 'NONE',  ( -178.7962997729573260, 1076.559999999999945, 22.74732555274113821 ) ) ;
#3009 = CARTESIAN_POINT ( 'NONE',  ( -244.8321065277064292, 1076.160000000000082, 7.777216711856424602 ) ) ;
#3010 = ORIENTED_EDGE ( 'NONE', *, *, #4160, .F. ) ;
#3011 = CARTESIAN_POINT ( 'NONE',  ( -123.3344552964391454, 1076.559999999999945, 8.966871577107818680 ) ) ;
#3012 = ORIENTED_EDGE ( 'NONE', *, *, #1716, .F. ) ;
#3013 = B_SPLINE_CURVE_WITH_KNOTS ( 'NONE', 3,
 ( #2230, #2665, #2711, #4584 ),
 .UNSPECIFIED., .F., .F.,
 ( 4, 4 ),
 ( 0.8031795761945765832, 0.8194334802529967821 ),
 .UNSPECIFIED. ) ;
#3014 = CARTESIAN_POINT ( 'NONE',  ( -205.0691912267860175, 1071.559999999999945, 22.56928586450379726 ) ) ;
#3015 = LINE ( 'NONE', #2937, #3430 ) ;
#3016 = CARTESIAN_POINT ( 'NONE',  ( -256.8343786850404058, 1075.559999999999945, 8.059280522143829728 ) ) ;
#3017 = EDGE_CURVE ( 'NONE', #2166, #4328, #1821, .T. ) ;
#3018 = VECTOR ( 'NONE', #5043, 1000.000000000000000 ) ;
#3019 = LINE ( 'NONE', #303, #300 ) ;
#3020 = VERTEX_POINT ( 'NONE', #3382 ) ;
#3021 = CARTESIAN_POINT ( 'NONE',  ( -266.5886069377961576, 1071.559999999999945, 9.579359346360071470 ) ) ;
#3022 = ORIENTED_EDGE ( 'NONE', *, *, #2571, .T. ) ;
#3023 = VECTOR ( 'NONE', #4731, 1000.000000000000227 ) ;
#3024 = CARTESIAN_POINT ( 'NONE',  ( -209.0859260276425289, 1076.160000000000082, 21.05576183635142584 ) ) ;
#3025 = ORIENTED_EDGE ( 'NONE', *, *, #4389, .T. ) ;
#3026 = ORIENTED_EDGE ( 'NONE', *, *, #4501, .T. ) ;
#3027 = CARTESIAN_POINT ( 'NONE',  ( -132.8079613817489815, 1076.559999999999718, 8.488640521341494605 ) ) ;
#3028 = CARTESIAN_POINT ( 'NONE',  ( -213.8241092923920519, 1071.559999999999945, 17.18689246815576510 ) ) ;
#3029 = CARTESIAN_POINT ( 'NONE',  ( -204.5445826916472356, 1076.559999999999945, 22.65931296444701104 ) ) ;
#3030 = CARTESIAN_POINT ( 'NONE',  ( -179.5174658420146159, 1075.559999999999945, 9.534537799040732509 ) ) ;
#3031 = EDGE_CURVE ( 'NONE', #2566, #2379, #4101, .T. ) ;
#3032 = CARTESIAN_POINT ( 'NONE',  ( -206.1180856855522165, 1076.559999999999945, 22.38807029477560917 ) ) ;
#3033 = CARTESIAN_POINT ( 'NONE',  ( -207.4639956143156212, 1076.559999999999263, 22.15386049546945912 ) ) ;
#3034 = EDGE_CURVE ( 'NONE', #2066, #1352, #2351, .T. ) ;
#3035 = CARTESIAN_POINT ( 'NONE',  ( -259.8051931883842371, 1076.160000000000082, 7.343994521964248179 ) ) ;
#3036 = AXIS2_PLACEMENT_3D ( 'NONE', #4457, #587, #2590 ) ;
#3037 = LINE ( 'NONE', #3444, #4310 ) ;
#3038 = EDGE_LOOP ( 'NONE', ( #476, #1690, #1283 ) ) ;
#3039 = LINE ( 'NONE', #687, #1013 ) ;
#3040 = EDGE_CURVE ( 'NONE', #901, #4761, #4993, .T. ) ;
#3041 = CARTESIAN_POINT ( 'NONE',  ( -238.2618435604875629, 1076.160000000000082, 8.623513685522880223 ) ) ;
#3042 = CARTESIAN_POINT ( 'NONE',  ( -148.8736908028978974, 1075.559999999999945, 1.598898269525066418 ) ) ;
#3043 = CARTESIAN_POINT ( 'NONE',  ( -200.4954640087551923, 1071.559999999999945, 8.438484520300974623 ) ) ;
#3044 = VERTEX_POINT ( 'NONE', #4964 ) ;
#3045 = CARTESIAN_POINT ( 'NONE',  ( -269.3505351005277362, 1076.559999999999945, 8.883550396761069834 ) ) ;
#3046 = ADVANCED_FACE ( 'NONE', ( #4921 ), #2595, .F. ) ;
#3047 = EDGE_LOOP ( 'NONE', ( #4887, #762, #944, #1302 ) ) ;
#3048 = LINE ( 'NONE', #3481, #4332 ) ;
#3049 = VERTEX_POINT ( 'NONE', #3331 ) ;
#3050 = AXIS2_PLACEMENT_3D ( 'NONE', #3748, #1518, #449 ) ;
#3051 = B_SPLINE_CURVE_WITH_KNOTS ( 'NONE', 3,
 ( #933, #1340, #4056, #2836 ),
 .UNSPECIFIED., .F., .F.,
 ( 4, 4 ),
 ( 0.06319283297549192768, 0.06438286562773347377 ),
 .UNSPECIFIED. ) ;
#3052 = ORIENTED_EDGE ( 'NONE', *, *, #2526, .F. ) ;
#3053 = CARTESIAN_POINT ( 'NONE',  ( -179.3923076441887474, 1075.559999999999945, 22.66755377934962112 ) ) ;
#3054 = CARTESIAN_POINT ( 'NONE',  ( -206.9999999999962483, 1076.559999999999945, 22.23483620101558955 ) ) ;
#3055 = CARTESIAN_POINT ( 'NONE',  ( -190.1890343106762202, 1071.559999999999945, 9.385866078298578330 ) ) ;
#3056 = VECTOR ( 'NONE', #11, 1000.000000000000000 ) ;
#3057 = DIRECTION ( 'NONE',  ( -0.02688405537884543811, -0.000000000000000000, -0.9996385584632012655 ) ) ;
#3058 = VECTOR ( 'NONE', #4327, 1000.000000000000000 ) ;
#3059 = CARTESIAN_POINT ( 'NONE',  ( -252.0785529214669793, 1075.559999999999945, 7.428040937625709716 ) ) ;
#3060 = CARTESIAN_POINT ( 'NONE',  ( -195.6463559078458445, 1071.559999999999945, 20.27733546108195739 ) ) ;
#3061 = LINE ( 'NONE', #343, #176 ) ;
#3062 = EDGE_CURVE ( 'NONE', #2370, #1607, #2436, .T. ) ;
#3063 = EDGE_CURVE ( 'NONE', #3603, #3946, #3895, .T. ) ;
#3064 = CARTESIAN_POINT ( 'NONE',  ( -222.8468073653594104, 1076.559999999999718, 7.840947217310170636 ) ) ;
#3065 = ORIENTED_EDGE ( 'NONE', *, *, #1224, .T. ) ;
#3066 = CARTESIAN_POINT ( 'NONE',  ( -112.8759871213102315, 1076.559999999999945, 3.035661502870400152 ) ) ;
#3067 = LINE ( 'NONE', #2252, #811 ) ;
#3068 = EDGE_LOOP ( 'NONE', ( #3609, #3151, #2947, #3790 ) ) ;
#3069 = EDGE_CURVE ( 'NONE', #439, #388, #1455, .T. ) ;
#3070 = DIRECTION ( 'NONE',  ( 0.7248872777932466871, 0.000000000000000000, -0.6888675014061096391 ) ) ;
#3071 = ORIENTED_EDGE ( 'NONE', *, *, #272, .T. ) ;
#3072 = CARTESIAN_POINT ( 'NONE',  ( -206.0238319645493164, 1071.559999999999945, 19.36100969080254686 ) ) ;
#3073 = ORIENTED_EDGE ( 'NONE', *, *, #2468, .T. ) ;
#3074 = DIRECTION ( 'NONE',  ( 0.000000000000000000, 1.000000000000000000, 0.000000000000000000 ) ) ;
#3075 = ORIENTED_EDGE ( 'NONE', *, *, #4375, .F. ) ;
#3076 = VERTEX_POINT ( 'NONE', #3794 ) ;
#3077 = DIRECTION ( 'NONE',  ( 0.000000000000000000, -1.000000000000000000, 0.000000000000000000 ) ) ;
#3078 = LINE ( 'NONE', #5022, #1614 ) ;
#3079 = DIRECTION ( 'NONE',  ( 0.000000000000000000, 0.000000000000000000, 1.000000000000000000 ) ) ;
#3080 = AXIS2_PLACEMENT_3D ( 'NONE', #1372, #941, #3325 ) ;
#3081 = DIRECTION ( 'NONE',  ( -0.7248872777926391731, 0.000000000000000000, 0.6888675014067489055 ) ) ;
#3082 = AXIS2_PLACEMENT_3D ( 'NONE', #507, #4835, #185 ) ;
#3083 = CARTESIAN_POINT ( 'NONE',  ( -214.3996353644119779, 1071.559999999999945, 17.87368700834695545 ) ) ;
#3084 = CARTESIAN_POINT ( 'NONE',  ( -207.1162059251502399, 1071.559999999999945, 21.40246447239501393 ) ) ;
#3085 = CARTESIAN_POINT ( 'NONE',  ( -260.8576000463327773, 1076.160000000000082, 7.086686038637493468 ) ) ;
#3086 = CARTESIAN_POINT ( 'NONE',  ( -200.4954640087551923, 1071.559999999999945, 8.438484520300974623 ) ) ;
#3087 = ORIENTED_EDGE ( 'NONE', *, *, #376, .F. ) ;
#3088 = ADVANCED_FACE ( 'NONE', ( #1844 ), #695, .F. ) ;
#3089 = CARTESIAN_POINT ( 'NONE',  ( -206.1180856855522165, 1071.559999999999945, 22.38807029477560917 ) ) ;
#3090 = CARTESIAN_POINT ( 'NONE',  ( -164.8235967487510436, 1075.559999999999945, 24.44518133337139076 ) ) ;
#3091 = ADVANCED_FACE ( 'NONE', ( #1868 ), #2363, .F. ) ;
#3092 = FACE_OUTER_BOUND ( 'NONE', #3129, .T. ) ;
#3093 = EDGE_CURVE ( 'NONE', #119, #3290, #1174, .T. ) ;
#3094 = DIRECTION ( 'NONE',  ( -0.9999423315618068964, 0.000000000000000000, 0.01073934591757908820 ) ) ;
#3095 = DIRECTION ( 'NONE',  ( 0.1609050596807223010, 0.000000000000000000, -0.9869698889880801351 ) ) ;
#3096 = VERTEX_POINT ( 'NONE', #4255 ) ;
#3097 = VECTOR ( 'NONE', #2179, 1000.000000000000114 ) ;
#3098 = CARTESIAN_POINT ( 'NONE',  ( -269.3505351005277362, 1071.559999999999945, 8.883550396761069834 ) ) ;
#3099 = VERTEX_POINT ( 'NONE', #2767 ) ;
#3100 = EDGE_CURVE ( 'NONE', #1188, #1167, #2669, .T. ) ;
#3101 = CARTESIAN_POINT ( 'NONE',  ( -238.8043900246969429, 1075.559999999999945, 8.035481054986263416 ) ) ;
#3102 = VERTEX_POINT ( 'NONE', #3128 ) ;
#3103 = VECTOR ( 'NONE', #3913, 1000.000000000000000 ) ;
#3104 = AXIS2_PLACEMENT_3D ( 'NONE', #2625, #314, #4544 ) ;
#3105 = VERTEX_POINT ( 'NONE', #817 ) ;
#3106 = LINE ( 'NONE', #746, #4633 ) ;
#3107 = PRODUCT_DEFINITION_FORMATION_WITH_SPECIFIED_SOURCE ( 'ANY', '', #834, .NOT_KNOWN. ) ;
#3108 = CARTESIAN_POINT ( 'NONE',  ( -208.8553664710644853, 1071.559999999999945, 21.90915847559406515 ) ) ;
#3109 = AXIS2_PLACEMENT_3D ( 'NONE', #2488, #1697, #566 ) ;
#3110 = CARTESIAN_POINT ( 'NONE',  ( 0.000000000000000000, 1075.559999999999945, 0.000000000000000000 ) ) ;
#3111 = DIRECTION ( 'NONE',  ( 0.000000000000000000, 1.000000000000000000, 0.000000000000000000 ) ) ;
#3112 = ORIENTED_EDGE ( 'NONE', *, *, #3743, .T. ) ;
#3113 = DIRECTION ( 'NONE',  ( -0.7248872777926415045, 0.000000000000000000, 0.6888675014067465741 ) ) ;
#3114 = LINE ( 'NONE', #4673, #4331 ) ;
#3115 = LINE ( 'NONE', #1547, #4770 ) ;
#3116 = ORIENTED_EDGE ( 'NONE', *, *, #3466, .F. ) ;
#3117 = VERTEX_POINT ( 'NONE', #2743 ) ;
#3118 = CARTESIAN_POINT ( 'NONE',  ( -252.9784568474884736, 1071.559999999999945, -41.24291343747756855 ) ) ;
#3119 = CARTESIAN_POINT ( 'NONE',  ( -287.8070055319132052, 1071.559999999999945, 3.847726477019951297 ) ) ;
#3120 = DIRECTION ( 'NONE',  ( 0.000000000000000000, 1.000000000000000000, 0.000000000000000000 ) ) ;
#3121 = ADVANCED_FACE ( 'NONE', ( #413 ), #2282, .T. ) ;
#3122 = CARTESIAN_POINT ( 'NONE',  ( -250.7585574397953678, 1076.160000000000082, 7.495065790711824327 ) ) ;
#3123 = VERTEX_POINT ( 'NONE', #3841 ) ;
#3124 = CARTESIAN_POINT ( 'NONE',  ( -207.2804213072818129, 1071.559999999999945, 21.37377748998192573 ) ) ;
#3125 = ORIENTED_EDGE ( 'NONE', *, *, #4373, .T. ) ;
#3126 = CARTESIAN_POINT ( 'NONE',  ( -207.3627706221427047, 1071.559999999999945, 19.12716558964351066 ) ) ;
#3127 = ORIENTED_EDGE ( 'NONE', *, *, #2189, .T. ) ;
#3128 = CARTESIAN_POINT ( 'NONE',  ( -113.5068429449937497, 1076.559999999999945, 9.335759885576639050 ) ) ;
#3129 = EDGE_LOOP ( 'NONE', ( #1799, #737, #3391, #4727 ) ) ;
#3130 = CARTESIAN_POINT ( 'NONE',  ( -204.2262269578501446, 1071.559999999999945, 18.39790175667572925 ) ) ;
#3131 = LINE ( 'NONE', #2746, #1059 ) ;
#3132 = DIRECTION ( 'NONE',  ( 0.000000000000000000, -1.000000000000000000, 0.000000000000000000 ) ) ;
#3133 = LINE ( 'NONE', #3560, #402 ) ;
#3134 = CARTESIAN_POINT ( 'NONE',  ( -250.7667120139445274, 1076.559999999999945, 10.33830807117599448 ) ) ;
#3135 = EDGE_CURVE ( 'NONE', #1212, #1444, #1480, .T. ) ;
#3136 = CARTESIAN_POINT ( 'NONE',  ( -164.2408507539463471, 1075.559999999999945, 24.50836570483255628 ) ) ;
#3137 = B_SPLINE_SURFACE_WITH_KNOTS ( 'NONE', 13, 1, ( 
 ( #4211, #3054 ),
 ( #2675, #721 ),
 ( #4567, #4186 ),
 ( #3716, #699 ),
 ( #201, #2264 ),
 ( #1772, #3335 ),
 ( #4642, #3925 ),
 ( #770, #1178 ),
 ( #3108, #4356 ),
 ( #3898, #3558 ),
 ( #3948, #4335 ),
 ( #4691, #820 ),
 ( #1129, #747 ),
 ( #2308, #4744 ) ),
 .UNSPECIFIED., .F., .F., .F.,
 ( 14, 14 ),
 ( 2, 2 ),
 ( 0.000000000000000000, 0.002925062636018521678 ),
 ( 0.000000000000000000, 1.000000000000000000 ),
 .UNSPECIFIED. ) ;
#3138 = EDGE_LOOP ( 'NONE', ( #635, #3025, #2095, #1223 ) ) ;
#3139 = VECTOR ( 'NONE', #3873, 1000.000000000000000 ) ;
#3140 = ORIENTED_EDGE ( 'NONE', *, *, #2259, .F. ) ;
#3141 = PLANE ( 'NONE',  #2155 ) ;
#3142 = DIRECTION ( 'NONE',  ( 0.000000000000000000, 0.000000000000000000, 1.000000000000000000 ) ) ;
#3143 = CARTESIAN_POINT ( 'NONE',  ( -274.7847390680257718, 1076.559999999999945, 7.475225215045603555 ) ) ;
#3144 = CARTESIAN_POINT ( 'NONE',  ( -113.5285485838877833, 1076.559999999999945, 8.528672068350594770 ) ) ;
#3145 = CARTESIAN_POINT ( 'NONE',  ( -238.8043900246968292, 1071.559999999999945, 8.035481054986171046 ) ) ;
#3146 = CARTESIAN_POINT ( 'NONE',  ( -113.0233135672802547, 1076.560000000000173, 27.31498970425845130 ) ) ;
#3147 = ORIENTED_EDGE ( 'NONE', *, *, #2279, .T. ) ;
#3148 = CARTESIAN_POINT ( 'NONE',  ( -204.2262269578501446, 1075.559999999999945, 18.39790175667572925 ) ) ;
#3149 = VERTEX_POINT ( 'NONE', #4329 ) ;
#3150 = CARTESIAN_POINT ( 'NONE',  ( -228.6383456797496763, 1076.160000000000082, 8.415405281992237363 ) ) ;
#3151 = ORIENTED_EDGE ( 'NONE', *, *, #219, .F. ) ;
#3152 = CARTESIAN_POINT ( 'NONE',  ( -266.3727187654356499, 1076.160000000000082, 3.583167371676566404 ) ) ;
#3153 = DIRECTION ( 'NONE',  ( 0.000000000000000000, -1.000000000000000000, 0.000000000000000000 ) ) ;
#3154 = CARTESIAN_POINT ( 'NONE',  ( 0.2058083609809945591, 1071.559999999999945, 7.652639097639181820 ) ) ;
#3155 = EDGE_CURVE ( 'NONE', #2568, #1564, #2383, .T. ) ;
#3156 = LINE ( 'NONE', #5, #2613 ) ;
#3157 = ADVANCED_FACE ( 'NONE', ( #2360 ), #3920, .F. ) ;
#3158 = EDGE_CURVE ( 'NONE', #331, #537, #3048, .T. ) ;
#3159 = ORIENTED_EDGE ( 'NONE', *, *, #3915, .T. ) ;
#3160 = CARTESIAN_POINT ( 'NONE',  ( -65.32499969353176539, 1076.160000000000082, -106.8005475999426608 ) ) ;
#3161 = CARTESIAN_POINT ( 'NONE',  ( -197.2290306450148876, 1071.559999999999945, 18.09718957238962034 ) ) ;
#3162 = VERTEX_POINT ( 'NONE', #3529 ) ;
#3163 = EDGE_CURVE ( 'NONE', #1624, #4014, #1199, .T. ) ;
#3164 = VECTOR ( 'NONE', #2122, 1000.000000000000000 ) ;
#3165 = AXIS2_PLACEMENT_3D ( 'NONE', #430, #65, #1994 ) ;
#3166 = ORIENTED_EDGE ( 'NONE', *, *, #3595, .T. ) ;
#3167 = DIRECTION ( 'NONE',  ( -0.6888675014058621704, -0.000000000000000000, -0.7248872777934817213 ) ) ;
#3168 = CARTESIAN_POINT ( 'NONE',  ( -199.7612922645464835, 1076.559999999999945, 20.42067266952125237 ) ) ;
#3169 = CYLINDRICAL_SURFACE ( 'NONE', #1259, 0.6007478931679237633 ) ;
#3170 = LINE ( 'NONE', #2376, #3023 ) ;
#3171 = DIRECTION ( 'NONE',  ( 0.000000000000000000, -1.000000000000000000, 0.000000000000000000 ) ) ;
#3172 = VECTOR ( 'NONE', #2025, 1000.000000000000000 ) ;
#3173 = CARTESIAN_POINT ( 'NONE',  ( -152.7139117670832320, 1076.560000000000173, 25.70190672669911436 ) ) ;
#3174 = VERTEX_POINT ( 'NONE', #3150 ) ;
#3175 = CARTESIAN_POINT ( 'NONE',  ( -178.1952668448705879, 1076.559999999999945, 22.75369838660261124 ) ) ;
#3176 = ORIENTED_EDGE ( 'NONE', *, *, #4201, .F. ) ;
#3177 = CARTESIAN_POINT ( 'NONE',  ( -195.6463559078455035, 1076.559999999999945, 20.27733546108201423 ) ) ;
#3178 = ORIENTED_EDGE ( 'NONE', *, *, #4166, .F. ) ;
#3179 = FACE_BOUND ( 'NONE', #907, .T. ) ;
#3180 = DIRECTION ( 'NONE',  ( -0.7348758801460661960, -0.000000000000000000, -0.6782016225132055931 ) ) ;
#3181 = CARTESIAN_POINT ( 'NONE',  ( -280.6338063822633444, 1076.160000000000082, 5.055185953166628998 ) ) ;
#3182 = DIRECTION ( 'NONE',  ( 0.000000000000000000, 1.000000000000000000, 0.000000000000000000 ) ) ;
#3183 = CIRCLE ( 'NONE', #973, 0.6010667131491724824 ) ;
#3184 = VECTOR ( 'NONE', #258, 1000.000000000000227 ) ;
#3185 = DIRECTION ( 'NONE',  ( -0.000000000000000000, -1.000000000000000000, -0.000000000000000000 ) ) ;
#3186 = EDGE_CURVE ( 'NONE', #1497, #3946, #438, .T. ) ;
#3187 = CARTESIAN_POINT ( 'NONE',  ( -249.5323828282672878, 1075.559999999999945, 9.767544422943682747 ) ) ;
#3188 = ORIENTED_EDGE ( 'NONE', *, *, #1339, .F. ) ;
#3189 = CIRCLE ( 'NONE', #4579, 9.489662818846310799 ) ;
#3190 = ORIENTED_EDGE ( 'NONE', *, *, #4471, .T. ) ;
#3191 = EDGE_CURVE ( 'NONE', #4761, #3206, #358, .T. ) ;
#3192 = CARTESIAN_POINT ( 'NONE',  ( -250.7667120139445274, 1071.559999999999945, 10.33830807117599448 ) ) ;
#3193 = DIRECTION ( 'NONE',  ( 0.000000000000000000, 0.000000000000000000, 1.000000000000000000 ) ) ;
#3194 = FACE_OUTER_BOUND ( 'NONE', #1429, .T. ) ;
#3195 = LINE ( 'NONE', #88, #1439 ) ;
#3196 = DIRECTION ( 'NONE',  ( 0.1609050596807223010, 0.000000000000000000, -0.9869698889880801351 ) ) ;
#3197 = VERTEX_POINT ( 'NONE', #3866 ) ;
#3198 = CARTESIAN_POINT ( 'NONE',  ( -256.7794921478471224, 1071.559999999999945, 7.175935370131302449 ) ) ;
#3199 = ORIENTED_EDGE ( 'NONE', *, *, #3613, .F. ) ;
#3200 = DIRECTION ( 'NONE',  ( -0.7248872777926386179, 0.000000000000000000, 0.6888675014067493496 ) ) ;
#3201 = VERTEX_POINT ( 'NONE', #1924 ) ;
#3202 = FACE_BOUND ( 'NONE', #3038, .T. ) ;
#3203 = CARTESIAN_POINT ( 'NONE',  ( -149.2125205955655929, 1075.559999999999945, 25.91972275192642883 ) ) ;
#3204 = CARTESIAN_POINT ( 'NONE',  ( -280.6338063822633444, 1071.559999999999945, 5.055185953166628998 ) ) ;
#3205 = CARTESIAN_POINT ( 'NONE',  ( -279.6950824991582181, 1076.559999999999945, 1.796581939595402355 ) ) ;
#3206 = VERTEX_POINT ( 'NONE', #1533 ) ;
#3207 = CARTESIAN_POINT ( 'NONE',  ( -196.3282871629828321, 1076.559999999999718, 9.275515527396384741 ) ) ;
#3208 = CARTESIAN_POINT ( 'NONE',  ( -232.7573189821812605, 1076.160000000000082, 13.43332594171667260 ) ) ;
#3209 = ORIENTED_EDGE ( 'NONE', *, *, #5030, .F. ) ;
#3210 = B_SPLINE_CURVE_WITH_KNOTS ( 'NONE', 3,
 ( #4787, #4427, #1225, #815, #116 ),
 .UNSPECIFIED., .F., .F.,
 ( 4, 1, 4 ),
 ( 0.8925888473526901734, 0.8934903798118352114, 0.8943606213776793545 ),
 .UNSPECIFIED. ) ;
#3211 = CIRCLE ( 'NONE', #3695, 0.5999999999999685585 ) ;
#3212 = VERTEX_POINT ( 'NONE', #3101 ) ;
#3213 = LINE ( 'NONE', #4779, #1328 ) ;
#3214 = DIRECTION ( 'NONE',  ( 0.000000000000000000, 1.000000000000000000, 0.000000000000000000 ) ) ;
#3215 = LINE ( 'NONE', #1631, #852 ) ;
#3216 = AXIS2_PLACEMENT_3D ( 'NONE', #3569, #3983, #856 ) ;
#3217 = ADVANCED_FACE ( 'NONE', ( #4663 ), #1149, .F. ) ;
#3218 = DIRECTION ( 'NONE',  ( 0.6888675014067491276, 0.000000000000000000, 0.7248872777926390620 ) ) ;
#3219 = EDGE_CURVE ( 'NONE', #567, #3256, #2793, .T. ) ;
#3220 = AXIS2_PLACEMENT_3D ( 'NONE', #4975, #1467, #3824 ) ;
#3221 = VECTOR ( 'NONE', #1016, 1000.000000000000114 ) ;
#3222 = DIRECTION ( 'NONE',  ( 0.9869698889880801351, 0.000000000000000000, 0.1609050596807223010 ) ) ;
#3223 = ORIENTED_EDGE ( 'NONE', *, *, #4447, .T. ) ;
#3224 = CARTESIAN_POINT ( 'NONE',  ( -132.9089226143069595, 1075.559999999999945, 3.518796046875239725 ) ) ;
#3225 = ORIENTED_EDGE ( 'NONE', *, *, #211, .T. ) ;
#3226 = PLANE ( 'NONE',  #1962 ) ;
#3227 = VERTEX_POINT ( 'NONE', #4402 ) ;
#3228 = ADVANCED_FACE ( 'NONE', ( #1663 ), #2458, .T. ) ;
#3229 = VECTOR ( 'NONE', #4781, 999.9999999999998863 ) ;
#3230 = PLANE ( 'NONE',  #3977 ) ;
#3231 = CARTESIAN_POINT ( 'NONE',  ( -178.0713867839719740, 1075.559999999999945, 11.07035666520402017 ) ) ;
#3232 = DIRECTION ( 'NONE',  ( 0.000000000000000000, 1.000000000000000000, 0.000000000000000000 ) ) ;
#3233 = EDGE_LOOP ( 'NONE', ( #3166, #3239, #6, #4330 ) ) ;
#3234 = PLANE ( 'NONE',  #1797 ) ;
#3235 = ORIENTED_EDGE ( 'NONE', *, *, #712, .F. ) ;
#3236 = CARTESIAN_POINT ( 'NONE',  ( -194.3434337935486838, 1076.559999999999718, 9.312927148811835920 ) ) ;
#3237 = CARTESIAN_POINT ( 'NONE',  ( -255.8870986851620160, 1076.160000000000082, 7.681003567253958053 ) ) ;
#3238 = DIRECTION ( 'NONE',  ( -0.02688405537884944879, -0.000000000000000000, -0.9996385584632011545 ) ) ;
#3239 = ORIENTED_EDGE ( 'NONE', *, *, #5051, .F. ) ;
#3240 = CARTESIAN_POINT ( 'NONE',  ( -205.5936947258621501, 1076.559999999999718, 22.47887061952057763 ) ) ;
#3241 = VECTOR ( 'NONE', #2147, 1000.000000000000000 ) ;
#3242 = DIRECTION ( 'NONE',  ( 0.000000000000000000, 1.000000000000000000, -0.000000000000000000 ) ) ;
#3243 = CARTESIAN_POINT ( 'NONE',  ( -207.0000000000000000, 1076.559999999999945, 12.74517338218778839 ) ) ;
#3244 = CARTESIAN_POINT ( 'NONE',  ( -128.9236941603080311, 1075.559999999999945, 122.5174531115550280 ) ) ;
#3245 = ORIENTED_EDGE ( 'NONE', *, *, #4264, .F. ) ;
#3246 = ADVANCED_FACE ( 'NONE', ( #4041 ), #3226, .F. ) ;
#3247 = CARTESIAN_POINT ( 'NONE',  ( -297.6249865866626010, 1076.559999999999945, 0.7942685039327329610 ) ) ;
#3248 = EDGE_CURVE ( 'NONE', #865, #5014, #1321, .T. ) ;
#3249 = VERTEX_POINT ( 'NONE', #2889 ) ;
#3250 = CARTESIAN_POINT ( 'NONE',  ( -96.72838245694208581, 1071.559999999999945, 24.69208237058675337 ) ) ;
#3251 = ORIENTED_EDGE ( 'NONE', *, *, #1180, .T. ) ;
#3252 = LINE ( 'NONE', #4431, #3642 ) ;
#3253 = DIRECTION ( 'NONE',  ( 0.000000000000000000, 1.000000000000000000, 0.000000000000000000 ) ) ;
#3254 = EDGE_CURVE ( 'NONE', #2334, #1898, #511, .T. ) ;
#3255 = CARTESIAN_POINT ( 'NONE',  ( -292.2377533026756282, 1076.160000000000082, 1.650914772663081065 ) ) ;
#3256 = VERTEX_POINT ( 'NONE', #70 ) ;
#3257 = DIRECTION ( 'NONE',  ( -0.9999423315618068964, 0.000000000000000000, 0.01073934591758078476 ) ) ;
#3258 = ORIENTED_EDGE ( 'NONE', *, *, #750, .T. ) ;
#3259 = CARTESIAN_POINT ( 'NONE',  ( -197.3200412465125453, 1076.559999999999718, 9.255823950561126168 ) ) ;
#3260 = DIRECTION ( 'NONE',  ( -0.8376768486541457115, 0.000000000000000000, 0.5461661809640537824 ) ) ;
#3261 = AXIS2_PLACEMENT_3D ( 'NONE', #263, #1828, #1033 ) ;
#3262 = CIRCLE ( 'NONE', #3751, 9.000000000001181277 ) ;
#3263 = LINE ( 'NONE', #2082, #207 ) ;
#3264 = VERTEX_POINT ( 'NONE', #1248 ) ;
#3265 = VECTOR ( 'NONE', #4653, 1000.000000000000000 ) ;
#3266 = CARTESIAN_POINT ( 'NONE',  ( -210.0140581964119235, 1071.559999999999945, 21.70323821965499533 ) ) ;
#3267 = CARTESIAN_POINT ( 'NONE',  ( -228.6383456797496763, 1076.160000000000082, 8.415405281992237363 ) ) ;
#3268 = FACE_OUTER_BOUND ( 'NONE', #4352, .T. ) ;
#3269 = VERTEX_POINT ( 'NONE', #536 ) ;
#3270 = DIRECTION ( 'NONE',  ( 1.000000000000000000, 0.000000000000000000, 0.000000000000000000 ) ) ;
#3271 = CARTESIAN_POINT ( 'NONE',  ( -150.8221721565745383, 1076.559999999999945, 8.847120223398674099 ) ) ;
#3272 = CARTESIAN_POINT ( 'NONE',  ( -211.0105048050057235, 1071.559999999999945, 13.63428089195582871 ) ) ;
#3273 = ORIENTED_EDGE ( 'NONE', *, *, #3719, .T. ) ;
#3274 = B_SPLINE_CURVE_WITH_KNOTS ( 'NONE', 3,
 ( #144, #98, #1669, #3631, #821 ),
 .UNSPECIFIED., .F., .F.,
 ( 4, 1, 4 ),
 ( 0.9058420654179148990, 0.9081862576974637502, 0.9132561284995254214 ),
 .UNSPECIFIED. ) ;
#3275 = PLANE ( 'NONE',  #381 ) ;
#3276 = CARTESIAN_POINT ( 'NONE',  ( -141.1614346981550625, 1071.559999999999945, 27.35412429335869788 ) ) ;
#3277 = CARTESIAN_POINT ( 'NONE',  ( -275.1101811045251111, 1076.160000000000082, 6.552289714361143602 ) ) ;
#3278 = ORIENTED_EDGE ( 'NONE', *, *, #3344, .F. ) ;
#3279 = DIRECTION ( 'NONE',  ( 0.000000000000000000, 1.000000000000000000, 0.000000000000000000 ) ) ;
#3280 = ADVANCED_FACE ( 'NONE', ( #4790 ), #2412, .T. ) ;
#3281 = ORIENTED_EDGE ( 'NONE', *, *, #900, .F. ) ;
#3282 = CARTESIAN_POINT ( 'NONE',  ( -259.4108628572991506, 1071.559999999999945, 7.026082581627227874 ) ) ;
#3283 = CARTESIAN_POINT ( 'NONE',  ( -285.9904385892309051, 1076.160000000000082, 3.527721545625652766 ) ) ;
#3284 = ADVANCED_FACE ( 'NONE', ( #3625 ), #139, .T. ) ;
#3285 = LINE ( 'NONE', #4851, #4289 ) ;
#3286 = ORIENTED_EDGE ( 'NONE', *, *, #2923, .T. ) ;
#3287 = CARTESIAN_POINT ( 'NONE',  ( -32.54741776726844904, 1076.160000000000082, -81.50514457746841401 ) ) ;
#3288 = CARTESIAN_POINT ( 'NONE',  ( -113.6756979680783388, 1076.559999999999945, 3.057168747158489630 ) ) ;
#3289 = PLANE ( 'NONE',  #3082 ) ;
#3290 = VERTEX_POINT ( 'NONE', #2842 ) ;
#3291 = CARTESIAN_POINT ( 'NONE',  ( 0.5721654584182909176, 1076.559999999999945, 21.27501398164598356 ) ) ;
#3292 = VECTOR ( 'NONE', #3606, 1000.000000000000000 ) ;
#3293 = CARTESIAN_POINT ( 'NONE',  ( -260.6240663350704381, 1076.559999999999945, 6.159236989585118671 ) ) ;
#3294 = CARTESIAN_POINT ( 'NONE',  ( -292.2254576542359246, 1076.160000000000082, 1.434434858990511596 ) ) ;
#3295 = EDGE_LOOP ( 'NONE', ( #2945, #2248, #2909, #3894 ) ) ;
#3296 = AXIS2_PLACEMENT_3D ( 'NONE', #1710, #4090, #579 ) ;
#3297 = CARTESIAN_POINT ( 'NONE',  ( -113.0233135672802405, 1071.559999999999945, 27.31498970425845485 ) ) ;
#3298 = CARTESIAN_POINT ( 'NONE',  ( -279.6950824991582181, 1071.559999999999945, 1.796581939595402355 ) ) ;
#3299 = CARTESIAN_POINT ( 'NONE',  ( -204.6953551146225152, 1075.559999999999945, 18.77753852921332367 ) ) ;
#3300 = CARTESIAN_POINT ( 'NONE',  ( -165.6199228654897695, 1075.559999999999945, 24.35749995129728163 ) ) ;
#3301 = ORIENTED_EDGE ( 'NONE', *, *, #4856, .T. ) ;
#3302 = CARTESIAN_POINT ( 'NONE',  ( -103.7443451577470483, 1075.559999999999945, -109.1689705120440550 ) ) ;
#3303 = ORIENTED_EDGE ( 'NONE', *, *, #1028, .T. ) ;
#3304 = ORIENTED_EDGE ( 'NONE', *, *, #812, .T. ) ;
#3305 = CARTESIAN_POINT ( 'NONE',  ( -205.9721878599850129, 1071.559999999999945, 9.068250896802055649 ) ) ;
#3306 = ADVANCED_FACE ( 'NONE', ( #1711 ), #118, .F. ) ;
#3307 = CARTESIAN_POINT ( 'NONE',  ( -260.8337779111555506, 1071.559999999999945, 6.940564282655069306 ) ) ;
#3308 = EDGE_CURVE ( 'NONE', #4229, #710, #2501, .T. ) ;
#3309 = DIRECTION ( 'NONE',  ( -0.9996385584632013765, 0.000000000000000000, 0.02688405537884543811 ) ) ;
#3310 = ADVANCED_FACE ( 'NONE', ( #47 ), #4243, .F. ) ;
#3311 = B_SPLINE_CURVE_WITH_KNOTS ( 'NONE', 3,
 ( #1304, #2940, #2505, #2559, #4888 ),
 .UNSPECIFIED., .F., .F.,
 ( 4, 1, 4 ),
 ( 0.9201887431910438231, 0.9228821355830922890, 0.9229142185288814471 ),
 .UNSPECIFIED. ) ;
#3312 = DIRECTION ( 'NONE',  ( 0.8376768486541457115, 0.000000000000000000, -0.5461661809640537824 ) ) ;
#3313 = ORIENTED_EDGE ( 'NONE', *, *, #3465, .T. ) ;
#3314 = CARTESIAN_POINT ( 'NONE',  ( -207.1162059251502399, 1076.160000000000082, 21.40246447239501393 ) ) ;
#3315 = EDGE_CURVE ( 'NONE', #3044, #4923, #3577, .T. ) ;
#3316 = CARTESIAN_POINT ( 'NONE',  ( -149.9729130415771863, 1076.559999999999945, 10.94940432800109420 ) ) ;
#3317 = FACE_OUTER_BOUND ( 'NONE', #1112, .T. ) ;
#3318 = ORIENTED_EDGE ( 'NONE', *, *, #1882, .T. ) ;
#3319 = CIRCLE ( 'NONE', #1110, 0.6007478931679237633 ) ;
#3320 = CARTESIAN_POINT ( 'NONE',  ( -101.4282823774628639, 1075.559999999999945, 92.93846047870506766 ) ) ;
#3321 = CARTESIAN_POINT ( 'NONE',  ( -208.8400884915487836, 1071.559999999999945, 19.67766512372449128 ) ) ;
#3322 = LINE ( 'NONE', #188, #1221 ) ;
#3323 = ORIENTED_EDGE ( 'NONE', *, *, #2632, .T. ) ;
#3324 = AXIS2_PLACEMENT_3D ( 'NONE', #2933, #4498, #3420 ) ;
#3325 = DIRECTION ( 'NONE',  ( 0.000000000000000000, 0.000000000000000000, -1.000000000000000000 ) ) ;
#3326 = ORIENTED_EDGE ( 'NONE', *, *, #4968, .T. ) ;
#3327 = DIRECTION ( 'NONE',  ( -0.1756167594944640087, 0.000000000000000000, 0.9844586094827265654 ) ) ;
#3328 = CARTESIAN_POINT ( 'NONE',  ( -204.6840424348383465, 1071.559999999999945, 19.59130311651662737 ) ) ;
#3329 = FACE_OUTER_BOUND ( 'NONE', #4943, .T. ) ;
#3330 = ORIENTED_EDGE ( 'NONE', *, *, #1592, .F. ) ;
#3331 = CARTESIAN_POINT ( 'NONE',  ( -165.9276959241796590, 1076.559999999999945, 24.32335977380942182 ) ) ;
#3332 = VERTEX_POINT ( 'NONE', #487 ) ;
#3333 = CIRCLE ( 'NONE', #1122, 9.800000000001217515 ) ;
#3334 = ORIENTED_EDGE ( 'NONE', *, *, #2688, .T. ) ;
#3335 = CARTESIAN_POINT ( 'NONE',  ( -208.1598014489444211, 1076.559999999999945, 22.03184027861088268 ) ) ;
#3336 = CARTESIAN_POINT ( 'NONE',  ( -204.0198766031253399, 1071.559999999999945, 22.74894886021420248 ) ) ;
#3337 = CARTESIAN_POINT ( 'NONE',  ( 0.000000000000000000, 1076.160000000000082, 0.000000000000000000 ) ) ;
#3338 = EDGE_CURVE ( 'NONE', #710, #850, #1082, .T. ) ;
#3339 = CARTESIAN_POINT ( 'NONE',  ( -123.0258495498965630, 1071.559999999999945, 8.956862106542892832 ) ) ;
#3340 = ORIENTED_EDGE ( 'NONE', *, *, #1535, .F. ) ;
#3341 = CARTESIAN_POINT ( 'NONE',  ( -112.8759871213074035, 1075.559999999999945, 3.035661502803514988 ) ) ;
#3342 = CARTESIAN_POINT ( 'NONE',  ( -221.7787467708240285, 1076.160000000000082, 15.64372519505848125 ) ) ;
#3343 = CIRCLE ( 'NONE', #1133, 0.5999999999999946487 ) ;
#3344 = EDGE_CURVE ( 'NONE', #685, #2256, #3322, .T. ) ;
#3345 =( GEOMETRIC_REPRESENTATION_CONTEXT ( 3 ) GLOBAL_UNCERTAINTY_ASSIGNED_CONTEXT ( ( #3842 ) ) GLOBAL_UNIT_ASSIGNED_CONTEXT ( ( #1297, #2553, #3757 ) ) REPRESENTATION_CONTEXT ( 'NONE', 'WORKASPACE' ) );
#3346 = LINE ( 'NONE', #3646, #1608 ) ;
#3347 = VECTOR ( 'NONE', #4213, 1000.000000000000000 ) ;
#3348 = ORIENTED_EDGE ( 'NONE', *, *, #2804, .T. ) ;
#3349 = DIRECTION ( 'NONE',  ( 0.000000000000000000, 1.000000000000000000, 0.000000000000000000 ) ) ;
#3350 = CARTESIAN_POINT ( 'NONE',  ( -266.3727187654356499, 1071.559999999999945, 3.583167371676566404 ) ) ;
#3351 = ORIENTED_EDGE ( 'NONE', *, *, #937, .F. ) ;
#3352 = CARTESIAN_POINT ( 'NONE',  ( -190.1890343106762202, 1071.559999999999945, 9.385866078298587212 ) ) ;
#3353 = ORIENTED_EDGE ( 'NONE', *, *, #415, .F. ) ;
#3354 = PLANE ( 'NONE',  #1980 ) ;
#3355 = DIRECTION ( 'NONE',  ( 0.6888675014067465741, 0.000000000000000000, 0.7248872777926413935 ) ) ;
#3356 = DIRECTION ( 'NONE',  ( 0.7248872777926367306, 0.000000000000000000, -0.6888675014067514590 ) ) ;
#3357 = VERTEX_POINT ( 'NONE', #2961 ) ;
#3358 = DIRECTION ( 'NONE',  ( -0.6896405168819227383, 0.000000000000000000, 0.7241518884010690327 ) ) ;
#3359 = VERTEX_POINT ( 'NONE', #1760 ) ;
#3360 = B_SPLINE_CURVE_WITH_KNOTS ( 'NONE', 3,
 ( #4033, #2085, #1705, #1729 ),
 .UNSPECIFIED., .F., .F.,
 ( 4, 4 ),
 ( 0.08397392713542040088, 0.08511555472173387704 ),
 .UNSPECIFIED. ) ;
#3361 = ORIENTED_EDGE ( 'NONE', *, *, #937, .T. ) ;
#3362 = CARTESIAN_POINT ( 'NONE',  ( -260.7875091711331947, 1071.559999999999945, 7.103832978996146963 ) ) ;
#3363 = CARTESIAN_POINT ( 'NONE',  ( -132.0558163152615805, 1071.559999999999945, 26.96303150517845992 ) ) ;
#3364 = PLANE ( 'NONE',  #5058 ) ;
#3365 = DIRECTION ( 'NONE',  ( 0.000000000000000000, 1.000000000000000000, 0.000000000000000000 ) ) ;
#3366 = EDGE_LOOP ( 'NONE', ( #527, #2359, #2764 ) ) ;
#3367 = CARTESIAN_POINT ( 'NONE',  ( -202.5706112383826110, 1071.559999999999945, 22.18250123607173663 ) ) ;
#3368 = CARTESIAN_POINT ( 'NONE',  ( -267.1688184859921762, 1076.160000000000082, 8.607714735570468179 ) ) ;
#3369 = CARTESIAN_POINT ( 'NONE',  ( -148.6125551966285343, 1075.559999999999945, 25.91327914437588475 ) ) ;
#3370 = ORIENTED_EDGE ( 'NONE', *, *, #272, .F. ) ;
#3371 = EDGE_CURVE ( 'NONE', #2768, #3201, #2908, .T. ) ;
#3372 = CARTESIAN_POINT ( 'NONE',  ( -245.4693082736705207, 1076.160000000000082, 8.268023086488323514 ) ) ;
#3373 = EDGE_CURVE ( 'NONE', #4928, #3117, #3015, .T. ) ;
#3374 = DIRECTION ( 'NONE',  ( -0.7248872777926377298, 0.000000000000000000, 0.6888675014067503488 ) ) ;
#3375 = EDGE_LOOP ( 'NONE', ( #2278, #2038, #200, #3622 ) ) ;
#3376 = CARTESIAN_POINT ( 'NONE',  ( -240.4624955004808839, 1071.559999999999945, 7.187158872640684315 ) ) ;
#3377 = EDGE_LOOP ( 'NONE', ( #4095, #3552, #4590, #2777 ) ) ;
#3378 = LINE ( 'NONE', #195, #1829 ) ;
#3379 = CARTESIAN_POINT ( 'NONE',  ( -265.3338636067466041, 1076.559999999999945, 6.801727551362758639 ) ) ;
#3380 = VERTEX_POINT ( 'NONE', #4958 ) ;
#3381 = EDGE_CURVE ( 'NONE', #1938, #1196, #3637, .T. ) ;
#3382 = CARTESIAN_POINT ( 'NONE',  ( -111.7890298152393882, 1076.559999999999945, 11.46489243595243757 ) ) ;
#3383 = ORIENTED_EDGE ( 'NONE', *, *, #3658, .F. ) ;
#3384 = VECTOR ( 'NONE', #5023, 1000.000000000000000 ) ;
#3385 = ORIENTED_EDGE ( 'NONE', *, *, #4797, .F. ) ;
#3386 = VECTOR ( 'NONE', #824, 1000.000000000000114 ) ;
#3387 = PLANE ( 'NONE',  #3104 ) ;
#3388 = FACE_OUTER_BOUND ( 'NONE', #1392, .T. ) ;
#3389 = DIRECTION ( 'NONE',  ( 0.000000000000000000, 1.000000000000000000, -0.000000000000000000 ) ) ;
#3390 = FACE_OUTER_BOUND ( 'NONE', #2958, .T. ) ;
#3391 = ORIENTED_EDGE ( 'NONE', *, *, #3155, .F. ) ;
#3392 = CARTESIAN_POINT ( 'NONE',  ( -208.5936849731398866, 1071.559999999999945, 21.14294619121436369 ) ) ;
#3393 = PLANE ( 'NONE',  #349 ) ;
#3394 = B_SPLINE_CURVE_WITH_KNOTS ( 'NONE', 3,
 ( #2171, #1758, #636, #4525 ),
 .UNSPECIFIED., .F., .F.,
 ( 4, 4 ),
 ( 0.7024439672986643179, 0.7038618315269935533 ),
 .UNSPECIFIED. ) ;
#3395 = FACE_OUTER_BOUND ( 'NONE', #1831, .T. ) ;
#3396 = VERTEX_POINT ( 'NONE', #1838 ) ;
#3397 = CARTESIAN_POINT ( 'NONE',  ( -257.5087377909017050, 1075.559999999999945, 7.897858416091774636 ) ) ;
#3398 = CARTESIAN_POINT ( 'NONE',  ( -250.7078635272862925, 1076.160000000000309, 9.498242092611329568 ) ) ;
#3399 = FACE_OUTER_BOUND ( 'NONE', #3729, .T. ) ;
#3400 = CARTESIAN_POINT ( 'NONE',  ( -199.7612922686337527, 1076.560000000000173, 20.42067266884671994 ) ) ;
#3401 = EDGE_LOOP ( 'NONE', ( #3007, #1244, #3863, #3273, #3326 ) ) ;
#3402 = EDGE_CURVE ( 'NONE', #3256, #3096, #653, .T. ) ;
#3403 = DIRECTION ( 'NONE',  ( 0.000000000000000000, -1.000000000000000000, 0.000000000000000000 ) ) ;
#3404 = ORIENTED_EDGE ( 'NONE', *, *, #4201, .T. ) ;
#3405 = CIRCLE ( 'NONE', #1194, 4.124999999999996447 ) ;
#3406 = CARTESIAN_POINT ( 'NONE',  ( -190.1890343106762202, 1076.559999999999945, 9.385866078298587212 ) ) ;
#3407 = ORIENTED_EDGE ( 'NONE', *, *, #2416, .F. ) ;
#3408 = VECTOR ( 'NONE', #2454, 1000.000000000000114 ) ;
#3409 = VERTEX_POINT ( 'NONE', #4936 ) ;
#3410 = CARTESIAN_POINT ( 'NONE',  ( -122.1786715887263881, 1076.559999999999718, 8.123971859965671172 ) ) ;
#3411 = ADVANCED_FACE ( 'NONE', ( #4860 ), #3827, .T. ) ;
#3412 = DIRECTION ( 'NONE',  ( 0.000000000000000000, 0.000000000000000000, 1.000000000000000000 ) ) ;
#3413 = LINE ( 'NONE', #1802, #3699 ) ;
#3414 = B_SPLINE_CURVE_WITH_KNOTS ( 'NONE', 3,
 ( #2748, #4311, #29, #1591 ),
 .UNSPECIFIED., .F., .F.,
 ( 4, 4 ),
 ( 0.9038476758049011073, 0.9058420654029113450 ),
 .UNSPECIFIED. ) ;
#3415 = CARTESIAN_POINT ( 'NONE',  ( -287.7366072058259761, 1071.559999999999945, 1.077373546408352922 ) ) ;
#3416 = FACE_OUTER_BOUND ( 'NONE', #3736, .T. ) ;
#3417 = EDGE_CURVE ( 'NONE', #1156, #706, #4555, .T. ) ;
#3418 = CARTESIAN_POINT ( 'NONE',  ( -179.2562670229021933, 1075.559999999999945, 9.537415898453824425 ) ) ;
#3419 = CARTESIAN_POINT ( 'NONE',  ( -248.7225026532514391, 1076.160000000000082, 9.434087006954687382 ) ) ;
#3420 = DIRECTION ( 'NONE',  ( 0.7248872777926391731, 0.000000000000000000, -0.6888675014067489055 ) ) ;
#3421 = ORIENTED_EDGE ( 'NONE', *, *, #3417, .T. ) ;
#3422 = DIRECTION ( 'NONE',  ( 0.6888675014067516811, 0.000000000000000000, 0.7248872777926366195 ) ) ;
#3423 = CARTESIAN_POINT ( 'NONE',  ( -199.7284476102948645, 1071.559999999999945, 21.23687484048213747 ) ) ;
#3424 = ORIENTED_EDGE ( 'NONE', *, *, #995, .F. ) ;
#3425 = AXIS2_PLACEMENT_3D ( 'NONE', #626, #4161, #2952 ) ;
#3426 = PLANE ( 'NONE',  #3981 ) ;
#3427 = VERTEX_POINT ( 'NONE', #2228 ) ;
#3428 = CYLINDRICAL_SURFACE ( 'NONE', #2887, 10.28966281883527856 ) ;
#3429 = ORIENTED_EDGE ( 'NONE', *, *, #714, .F. ) ;
#3430 = VECTOR ( 'NONE', #3374, 1000.000000000000000 ) ;
#3431 = B_SPLINE_CURVE_WITH_KNOTS ( 'NONE', 3,
 ( #4547, #341, #3006, #3059 ),
 .UNSPECIFIED., .F., .F.,
 ( 4, 4 ),
 ( 0.9132561284995256434, 0.9153643480910631514 ),
 .UNSPECIFIED. ) ;
#3432 = CARTESIAN_POINT ( 'NONE',  ( -199.5983691954635901, 1071.559999999999945, 20.44752092366473306 ) ) ;
#3433 = VERTEX_POINT ( 'NONE', #2611 ) ;
#3434 = EDGE_LOOP ( 'NONE', ( #1019, #2609, #1000, #1686, #4556, #1186 ) ) ;
#3435 = CARTESIAN_POINT ( 'NONE',  ( -254.9539109580283309, 1071.559999999999945, 8.516572991783290192 ) ) ;
#3436 = CARTESIAN_POINT ( 'NONE',  ( -185.6189877027450166, 1071.559999999999718, 12.12471130904595640 ) ) ;
#3437 = EDGE_CURVE ( 'NONE', #592, #4164, #4175, .T. ) ;
#3438 = LINE ( 'NONE', #652, #1550 ) ;
#3439 = DIRECTION ( 'NONE',  ( 0.000000000000000000, 0.000000000000000000, 1.000000000000000000 ) ) ;
#3440 = CARTESIAN_POINT ( 'NONE',  ( -204.6840424348383465, 1076.160000000000082, 19.59130311651662737 ) ) ;
#3441 = CYLINDRICAL_SURFACE ( 'NONE', #1677, 9.800000000001217515 ) ;
#3442 = EDGE_CURVE ( 'NONE', #2825, #4229, #43, .T. ) ;
#3443 = VECTOR ( 'NONE', #3327, 1000.000000000000114 ) ;
#3444 = CARTESIAN_POINT ( 'NONE',  ( -49.20153583355251925, 1076.559999999999945, -51.77420520022761252 ) ) ;
#3445 = VERTEX_POINT ( 'NONE', #4223 ) ;
#3446 = CARTESIAN_POINT ( 'NONE',  ( -300.0000000000000000, 1071.559999999999945, 0.000000000000000000 ) ) ;
#3447 = CARTESIAN_POINT ( 'NONE',  ( -209.4872335914045323, 1071.559999999999945, 18.75000630952692404 ) ) ;
#3448 = DIRECTION ( 'NONE',  ( -0.1746121354988603991, 0.000000000000000000, 0.9846372947113711804 ) ) ;
#3449 = CARTESIAN_POINT ( 'NONE',  ( -178.2004695315806373, 1076.559999999999945, 22.82649320470189380 ) ) ;
#3450 = ORIENTED_EDGE ( 'NONE', *, *, #91, .F. ) ;
#3451 = CARTESIAN_POINT ( 'NONE',  ( -208.8553664710642011, 1071.559999999999945, 21.90915847559414331 ) ) ;
#3452 = ORIENTED_EDGE ( 'NONE', *, *, #3093, .T. ) ;
#3453 = CARTESIAN_POINT ( 'NONE',  ( -266.3727187654357067, 1071.559999999999945, 3.583167371676564628 ) ) ;
#3454 = ORIENTED_EDGE ( 'NONE', *, *, #4465, .F. ) ;
#3455 = VECTOR ( 'NONE', #1885, 1000.000000000000227 ) ;
#3456 = ORIENTED_EDGE ( 'NONE', *, *, #4598, .F. ) ;
#3457 = CARTESIAN_POINT ( 'NONE',  ( -132.9089226143069595, 1076.559999999999945, 3.518796046875239725 ) ) ;
#3458 = CARTESIAN_POINT ( 'NONE',  ( -148.5690912535352766, 1075.559999999999945, 9.556892812096512202 ) ) ;
#3459 = DIRECTION ( 'NONE',  ( 0.000000000000000000, 1.000000000000000000, 0.000000000000000000 ) ) ;
#3460 = AXIS2_PLACEMENT_3D ( 'NONE', #4261, #1539, #1513 ) ;
#3461 = CARTESIAN_POINT ( 'NONE',  ( -252.0785529312161088, 1076.160000000000082, 7.428040943588809952 ) ) ;
#3462 = CIRCLE ( 'NONE', #4855, 0.5999999999999685585 ) ;
#3463 = ADVANCED_FACE ( 'NONE', ( #2662 ), #1579, .F. ) ;
#3464 = DIRECTION ( 'NONE',  ( -0.9286912196815765297, 0.000000000000000000, 0.3708539045046523319 ) ) ;
#3465 = EDGE_CURVE ( 'NONE', #4852, #512, #1095, .T. ) ;
#3466 = EDGE_CURVE ( 'NONE', #607, #2529, #709, .T. ) ;
#3467 = CARTESIAN_POINT ( 'NONE',  ( -206.0238319645493164, 1076.160000000000082, 19.36100969080254686 ) ) ;
#3468 = DIRECTION ( 'NONE',  ( 0.000000000000000000, 0.000000000000000000, -1.000000000000000000 ) ) ;
#3469 = AXIS2_PLACEMENT_3D ( 'NONE', #3723, #4497, #1365 ) ;
#3470 = CARTESIAN_POINT ( 'NONE',  ( -132.7570495598770890, 1076.559999999999945, 9.255214942794436794 ) ) ;
#3471 = ORIENTED_EDGE ( 'NONE', *, *, #1270, .T. ) ;
#3472 = ADVANCED_FACE ( 'NONE', ( #3092 ), #4299, .T. ) ;
#3473 = PLANE ( 'NONE',  #5019 ) ;
#3474 = PLANE ( 'NONE',  #4782 ) ;
#3475 = LINE ( 'NONE', #4271, #3665 ) ;
#3476 = ORIENTED_EDGE ( 'NONE', *, *, #2251, .F. ) ;
#3477 = PLANE ( 'NONE',  #4719 ) ;
#3478 = VERTEX_POINT ( 'NONE', #379 ) ;
#3479 = LINE ( 'NONE', #3864, #2401 ) ;
#3480 = EDGE_LOOP ( 'NONE', ( #4920, #3313, #962, #880 ) ) ;
#3481 = CARTESIAN_POINT ( 'NONE',  ( -112.6261548481651289, 1071.559999999999945, 12.32525601775576796 ) ) ;
#3482 = ORIENTED_EDGE ( 'NONE', *, *, #743, .F. ) ;
#3483 = ORIENTED_EDGE ( 'NONE', *, *, #540, .T. ) ;
#3484 = DIRECTION ( 'NONE',  ( 0.8530756398718948308, 0.000000000000000000, -0.5217872676265272736 ) ) ;
#3485 = CARTESIAN_POINT ( 'NONE',  ( -178.7824669437391094, 1075.559999999999945, 9.542601582878249999 ) ) ;
#3486 = FACE_OUTER_BOUND ( 'NONE', #585, .T. ) ;
#3487 = VECTOR ( 'NONE', #5021, 1000.000000000000000 ) ;
#3488 = CARTESIAN_POINT ( 'NONE',  ( -274.1238790074316398, 1071.559999999999945, 2.239275516408815836 ) ) ;
#3489 = CARTESIAN_POINT ( 'NONE',  ( -132.5334251630783058, 1075.559999999999945, 125.9478159459216329 ) ) ;
#3490 = CARTESIAN_POINT ( 'NONE',  ( -207.6959565576752880, 1076.559999999999263, 22.11326104438598961 ) ) ;
#3491 = CARTESIAN_POINT ( 'NONE',  ( -197.4637948362277768, 1071.559999999999945, 16.61013806504951518 ) ) ;
#3492 = VERTEX_POINT ( 'NONE', #3447 ) ;
#3493 = ORIENTED_EDGE ( 'NONE', *, *, #4658, .T. ) ;
#3494 = CARTESIAN_POINT ( 'NONE',  ( -209.4872335914045323, 1071.559999999999945, 18.75000630952692404 ) ) ;
#3495 = CARTESIAN_POINT ( 'NONE',  ( -202.9702015903469032, 1071.559999999999945, 22.92703483733179937 ) ) ;
#3496 = CARTESIAN_POINT ( 'NONE',  ( -285.2692632529531238, 1076.559999999999945, 4.587123813293795038 ) ) ;
#3497 = DIRECTION ( 'NONE',  ( 0.000000000000000000, -1.000000000000000000, 0.000000000000000000 ) ) ;
#3498 = VERTEX_POINT ( 'NONE', #3860 ) ;
#3499 = EDGE_CURVE ( 'NONE', #285, #3445, #3067, .T. ) ;
#3500 = CARTESIAN_POINT ( 'NONE',  ( -209.0859260287635664, 1076.159999999999854, 21.05576183615261954 ) ) ;
#3501 = EDGE_LOOP ( 'NONE', ( #3188, #818, #4190, #2382 ) ) ;
#3502 = CARTESIAN_POINT ( 'NONE',  ( -282.6978133706207927, 1071.559999999999945, 5.318962716773922850 ) ) ;
#3503 = ORIENTED_EDGE ( 'NONE', *, *, #4259, .F. ) ;
#3504 = CARTESIAN_POINT ( 'NONE',  ( -267.5579742966418735, 1071.559999999999945, 3.504036228201333092 ) ) ;
#3505 = VERTEX_POINT ( 'NONE', #3423 ) ;
#3506 = AXIS2_PLACEMENT_3D ( 'NONE', #3584, #1644, #4769 ) ;
#3507 = EDGE_CURVE ( 'NONE', #1040, #3096, #2298, .T. ) ;
#3508 =( NAMED_UNIT ( * ) PLANE_ANGLE_UNIT ( ) SI_UNIT ( $, .RADIAN. ) );
#3509 = CARTESIAN_POINT ( 'NONE',  ( -177.8347060208644734, 1076.559999999999945, 9.552397563119125579 ) ) ;
#3510 = VECTOR ( 'NONE', #3804, 1000.000000000000114 ) ;
#3511 = AXIS2_PLACEMENT_3D ( 'NONE', #4353, #461, #2050 ) ;
#3512 = CARTESIAN_POINT ( 'NONE',  ( -132.7570444405484409, 1075.559999999999945, 9.255407141683624772 ) ) ;
#3513 = DIRECTION ( 'NONE',  ( 9.748559290012667140E-12, 0.000000000000000000, 1.000000000000000000 ) ) ;
#3514 = LINE ( 'NONE', #1233, #3386 ) ;
#3515 = VERTEX_POINT ( 'NONE', #3122 ) ;
#3516 = VERTEX_POINT ( 'NONE', #3041 ) ;
#3517 = FACE_OUTER_BOUND ( 'NONE', #1021, .T. ) ;
#3518 = PLANE ( 'NONE',  #605 ) ;
#3519 = CARTESIAN_POINT ( 'NONE',  ( -297.6249865866626010, 1076.559999999999945, 0.7942685039327329610 ) ) ;
#3520 = CARTESIAN_POINT ( 'NONE',  ( -211.0105048050057235, 1075.559999999999945, 13.63428089195582871 ) ) ;
#3521 = CARTESIAN_POINT ( 'NONE',  ( -79.60021247432550240, 1075.559999999999945, -83.76237986898325971 ) ) ;
#3522 = CARTESIAN_POINT ( 'NONE',  ( -152.7139117670832320, 1071.559999999999945, 25.70190672669911436 ) ) ;
#3523 = EDGE_CURVE ( 'NONE', #2603, #2345, #3475, .T. ) ;
#3524 = ORIENTED_EDGE ( 'NONE', *, *, #2699, .T. ) ;
#3525 = EDGE_CURVE ( 'NONE', #621, #180, #1205, .T. ) ;
#3526 = CARTESIAN_POINT ( 'NONE',  ( -285.2692632529531238, 1071.559999999999945, 4.587123813293795038 ) ) ;
#3527 = EDGE_CURVE ( 'NONE', #4364, #696, #1501, .T. ) ;
#3528 = ORIENTED_EDGE ( 'NONE', *, *, #434, .F. ) ;
#3529 = CARTESIAN_POINT ( 'NONE',  ( -213.2678935476478443, 1075.559999999999945, 8.883460927920264538 ) ) ;
#3530 = EDGE_LOOP ( 'NONE', ( #4257, #3762, #3301 ) ) ;
#3531 = PLANE ( 'NONE',  #1935 ) ;
#3532 = CARTESIAN_POINT ( 'NONE',  ( -149.7021053800383754, 1075.559999999999945, 9.569462738245579914 ) ) ;
#3533 = EDGE_CURVE ( 'NONE', #1043, #4279, #784, .T. ) ;
#3534 = DIRECTION ( 'NONE',  ( 0.000000000000000000, 1.000000000000000000, 0.000000000000000000 ) ) ;
#3535 = DIRECTION ( 'NONE',  ( -0.6888675014058652790, 0.000000000000000000, -0.7248872777934789458 ) ) ;
#3536 = ORIENTED_EDGE ( 'NONE', *, *, #4160, .T. ) ;
#3537 = VECTOR ( 'NONE', #3764, 1000.000000000000000 ) ;
#3538 = DIRECTION ( 'NONE',  ( 0.000000000000000000, 1.000000000000000000, 0.000000000000000000 ) ) ;
#3539 = CARTESIAN_POINT ( 'NONE',  ( -190.7528261741829567, 1071.559999999999945, 21.03932599842007534 ) ) ;
#3540 = B_SPLINE_SURFACE_WITH_KNOTS ( 'NONE', 13, 1, ( 
 ( #2651, #4516 ),
 ( #4107, #2219 ),
 ( #625, #1003 ),
 ( #3800, #262 ),
 ( #3002, #4159 ),
 ( #1462, #1827 ),
 ( #1056, #2626 ),
 ( #4187, #2188 ),
 ( #596, #2975 ),
 ( #3336, #2241 ),
 ( #4545, #3029 ),
 ( #4593, #2922 ),
 ( #571, #2161 ),
 ( #3741, #3689 ) ),
 .UNSPECIFIED., .F., .F., .F.,
 ( 14, 14 ),
 ( 2, 2 ),
 ( 0.000000000000000000, 0.006608947078989985124 ),
 ( 0.000000000000000000, 1.000000000000000000 ),
 .UNSPECIFIED. ) ;
#3541 = VERTEX_POINT ( 'NONE', #1143 ) ;
#3542 = AXIS2_PLACEMENT_3D ( 'NONE', #37, #2062, #12 ) ;
#3543 = ORIENTED_EDGE ( 'NONE', *, *, #4317, .T. ) ;
#3544 = CARTESIAN_POINT ( 'NONE',  ( -223.9361955043054593, 1071.559999999999945, 16.07829992242367467 ) ) ;
#3545 = CARTESIAN_POINT ( 'NONE',  ( -198.8098066529176435, 1076.559999999999945, 20.57702700072442425 ) ) ;
#3546 = LINE ( 'NONE', #2400, #2821 ) ;
#3547 = CARTESIAN_POINT ( 'NONE',  ( -192.5000000004401102, 1071.559999999999945, 15.15093237100210288 ) ) ;
#3548 = DIRECTION ( 'NONE',  ( 0.000000000000000000, 0.000000000000000000, -1.000000000000000000 ) ) ;
#3549 = CARTESIAN_POINT ( 'NONE',  ( -208.5936849735137173, 1071.559999999999945, 21.14294619114843954 ) ) ;
#3550 = ORIENTED_EDGE ( 'NONE', *, *, #1723, .T. ) ;
#3551 = CYLINDRICAL_SURFACE ( 'NONE', #362, 10.28966281883023726 ) ;
#3552 = ORIENTED_EDGE ( 'NONE', *, *, #4658, .F. ) ;
#3553 = CARTESIAN_POINT ( 'NONE',  ( -213.8485997193557466, 1075.559999999999945, 9.433716939735505846 ) ) ;
#3554 = EDGE_LOOP ( 'NONE', ( #4176, #2716, #3599, #1572 ) ) ;
#3555 =( BOUNDED_CURVE ( )  B_SPLINE_CURVE ( 3, ( #753, #3954, #3161, #3491 ),
 .UNSPECIFIED., .F., .F. ) 
 B_SPLINE_CURVE_WITH_KNOTS ( ( 4, 4 ),
 ( 3.713564953773416999, 4.418642704665566079 ),
 .UNSPECIFIED. ) 
 CURVE ( )  GEOMETRIC_REPRESENTATION_ITEM ( )  RATIONAL_B_SPLINE_CURVE ( ( 1.000000000000000000, 0.9589994076096779452, 0.9589994076096779452, 1.000000000000000000 ) ) 
 REPRESENTATION_ITEM ( '' )  );
#3556 = EDGE_CURVE ( 'NONE', #9, #4150, #3189, .T. ) ;
#3557 = LINE ( 'NONE', #2052, #2503 ) ;
#3558 = CARTESIAN_POINT ( 'NONE',  ( -209.0871649023641226, 1076.559999999999945, 21.86811876917237640 ) ) ;
#3559 = LINE ( 'NONE', #76, #3292 ) ;
#3560 = CARTESIAN_POINT ( 'NONE',  ( -108.7582395782407332, 1075.559999999999945, -114.4450334271760141 ) ) ;
#3561 = EDGE_CURVE ( 'NONE', #4399, #4923, #3840, .T. ) ;
#3562 = ORIENTED_EDGE ( 'NONE', *, *, #2492, .T. ) ;
#3563 = LINE ( 'NONE', #547, #2856 ) ;
#3564 = DIRECTION ( 'NONE',  ( 0.000000000000000000, -1.000000000000000000, 0.000000000000000000 ) ) ;
#3565 = ORIENTED_EDGE ( 'NONE', *, *, #1823, .F. ) ;
#3566 = VECTOR ( 'NONE', #2582, 1000.000000000000000 ) ;
#3567 = EDGE_CURVE ( 'NONE', #4697, #2996, #3912, .T. ) ;
#3568 = EDGE_LOOP ( 'NONE', ( #1841, #2423, #4831, #4302 ) ) ;
#3569 = CARTESIAN_POINT ( 'NONE',  ( -69.44017073439228227, 1075.559999999999945, -106.5031585958866600 ) ) ;
#3570 = CARTESIAN_POINT ( 'NONE',  ( -197.4637948362277768, 1076.559999999999945, 16.61013806504951518 ) ) ;
#3571 = CARTESIAN_POINT ( 'NONE',  ( -223.1576030408867837, 1076.159999999999854, 8.600734002296384517 ) ) ;
#3572 = CARTESIAN_POINT ( 'NONE',  ( -195.6463559078458445, 1076.559999999999945, 20.27733546108197160 ) ) ;
#3573 = LINE ( 'NONE', #2498, #4233 ) ;
#3574 = ORIENTED_EDGE ( 'NONE', *, *, #1714, .F. ) ;
#3575 = LINE ( 'NONE', #3600, #2404 ) ;
#3576 = ORIENTED_EDGE ( 'NONE', *, *, #470, .T. ) ;
#3577 = LINE ( 'NONE', #4812, #978 ) ;
#3578 = ORIENTED_EDGE ( 'NONE', *, *, #4039, .T. ) ;
#3579 = FACE_BOUND ( 'NONE', #2881, .T. ) ;
#3580 = B_SPLINE_SURFACE_WITH_KNOTS ( 'NONE', 3, 1, ( 
 ( #2425, #4320 ),
 ( #2757, #3168 ),
 ( #2042, #3594 ),
 ( #4729, #4704 ) ),
 .UNSPECIFIED., .F., .F., .F.,
 ( 4, 4 ),
 ( 2, 2 ),
 ( 0.000000000000000000, 0.0004750387558278001965 ),
 ( 0.000000000000000000, 1.000000000000000000 ),
 .UNSPECIFIED. ) ;
#3581 = CARTESIAN_POINT ( 'NONE',  ( -187.7373297089175423, 1071.559999999999945, 22.37045568536771256 ) ) ;
#3582 = DIRECTION ( 'NONE',  ( 0.000000000000000000, 1.000000000000000000, 0.000000000000000000 ) ) ;
#3583 = CIRCLE ( 'NONE', #235, 10.28966281883023548 ) ;
#3584 = CARTESIAN_POINT ( 'NONE',  ( 0.000000000000000000, 1076.160000000000082, 0.000000000000000000 ) ) ;
#3585 = ORIENTED_EDGE ( 'NONE', *, *, #2506, .T. ) ;
#3586 = AXIS2_PLACEMENT_3D ( 'NONE', #4155, #3358, #2621 ) ;
#3587 = CARTESIAN_POINT ( 'NONE',  ( -264.2871590457025377, 1076.559999999999945, 7.064132261341821817 ) ) ;
#3588 = ADVANCED_FACE ( 'NONE', ( #39 ), #1602, .F. ) ;
#3589 = EDGE_CURVE ( 'NONE', #2371, #82, #3170, .T. ) ;
#3590 = CARTESIAN_POINT ( 'NONE',  ( -256.8343786850404058, 1075.559999999999945, 8.059280522143829728 ) ) ;
#3591 = ORIENTED_EDGE ( 'NONE', *, *, #2410, .T. ) ;
#3592 = ORIENTED_EDGE ( 'NONE', *, *, #3879, .T. ) ;
#3593 = CARTESIAN_POINT ( 'NONE',  ( -255.8870986851620160, 1075.559999999999945, 7.681003567253958053 ) ) ;
#3594 = CARTESIAN_POINT ( 'NONE',  ( -199.9242113585883089, 1076.559999999999945, 20.39376857809346433 ) ) ;
#3595 = EDGE_CURVE ( 'NONE', #2001, #739, #1219, .T. ) ;
#3596 = CARTESIAN_POINT ( 'NONE',  ( -164.9945637137987831, 1075.559999999999945, 9.631325334794965443 ) ) ;
#3597 = PLANE ( 'NONE',  #2098 ) ;
#3598 = CARTESIAN_POINT ( 'NONE',  ( -182.7476535926390113, 1076.560000000000173, 22.24537223474090553 ) ) ;
#3599 = ORIENTED_EDGE ( 'NONE', *, *, #4286, .F. ) ;
#3600 = CARTESIAN_POINT ( 'NONE',  ( -249.1849982831033969, 1076.160000000000082, -62.77685069811641938 ) ) ;
#3601 = ORIENTED_EDGE ( 'NONE', *, *, #4031, .T. ) ;
#3602 = CARTESIAN_POINT ( 'NONE',  ( -269.9384435895143497, 1076.160000000000082, 3.340010526439208149 ) ) ;
#3603 = VERTEX_POINT ( 'NONE', #429 ) ;
#3604 = FACE_BOUND ( 'NONE', #3530, .T. ) ;
#3605 = CARTESIAN_POINT ( 'NONE',  ( -254.6226053298199474, 1076.160000000000082, 8.584301414272562880 ) ) ;
#3606 = DIRECTION ( 'NONE',  ( 0.000000000000000000, 1.000000000000000000, 0.000000000000000000 ) ) ;
#3607 = ORIENTED_EDGE ( 'NONE', *, *, #190, .F. ) ;
#3608 = CARTESIAN_POINT ( 'NONE',  ( -292.8379051512092133, 1076.559999999999945, 0.5759372687384646250 ) ) ;
#3609 = ORIENTED_EDGE ( 'NONE', *, *, #252, .F. ) ;
#3610 = CARTESIAN_POINT ( 'NONE',  ( -260.8337779112932253, 1071.559999999999945, 6.940564282576517918 ) ) ;
#3611 = CARTESIAN_POINT ( 'NONE',  ( -267.1688184859922330, 1071.559999999999945, 8.607714735570466402 ) ) ;
#3612 = EDGE_CURVE ( 'NONE', #3516, #2061, #1215, .T. ) ;
#3613 = EDGE_CURVE ( 'NONE', #1791, #3492, #4319, .T. ) ;
#3614 = LINE ( 'NONE', #3720, #628 ) ;
#3615 = ORIENTED_EDGE ( 'NONE', *, *, #4162, .F. ) ;
#3616 = LINE ( 'NONE', #2807, #4492 ) ;
#3617 = CARTESIAN_POINT ( 'NONE',  ( -116.5000488705965438, 1075.559999999999945, 110.7111409426733530 ) ) ;
#3618 = AXIS2_PLACEMENT_3D ( 'NONE', #1023, #3791, #2534 ) ;
#3619 = ADVANCED_FACE ( 'NONE', ( #1653 ), #2806, .T. ) ;
#3620 = VECTOR ( 'NONE', #3185, 1000.000000000000000 ) ;
#3621 = DIRECTION ( 'NONE',  ( -9.760710758162922365E-12, 0.000000000000000000, 1.000000000000000000 ) ) ;
#3622 = ORIENTED_EDGE ( 'NONE', *, *, #3344, .T. ) ;
#3623 = DIRECTION ( 'NONE',  ( 0.000000000000000000, 1.000000000000000000, 0.000000000000000000 ) ) ;
#3624 = ORIENTED_EDGE ( 'NONE', *, *, #3442, .T. ) ;
#3625 = FACE_OUTER_BOUND ( 'NONE', #246, .T. ) ;
#3626 = ORIENTED_EDGE ( 'NONE', *, *, #2086, .F. ) ;
#3627 = VECTOR ( 'NONE', #2808, 999.9999999999998863 ) ;
#3628 = FACE_BOUND ( 'NONE', #2802, .T. ) ;
#3629 = EDGE_CURVE ( 'NONE', #135, #2841, #477, .T. ) ;
#3630 = CARTESIAN_POINT ( 'NONE',  ( -109.3093335793662391, 1075.559999999999945, -115.0249432494100716 ) ) ;
#3631 = CARTESIAN_POINT ( 'NONE',  ( -249.6992184149363823, 1076.159999999999854, 7.548219356315072126 ) ) ;
#3632 = ORIENTED_EDGE ( 'NONE', *, *, #295, .F. ) ;
#3633 = CARTESIAN_POINT ( 'NONE',  ( -290.3163669963039979, 1076.559999999999945, 0.8276152839852459753 ) ) ;
#3634 = ORIENTED_EDGE ( 'NONE', *, *, #2118, .T. ) ;
#3635 = CARTESIAN_POINT ( 'NONE',  ( -253.5796452974663566, 1075.559999999999945, 8.346190340468080393 ) ) ;
#3636 = CARTESIAN_POINT ( 'NONE',  ( -214.0218838871540754, 1075.559999999999945, 8.863162326977569450 ) ) ;
#3637 = B_SPLINE_CURVE_WITH_KNOTS ( 'NONE', 3,
 ( #688, #220, #3398, #4528 ),
 .UNSPECIFIED., .F., .F.,
 ( 4, 4 ),
 ( 0.05236955718785133579, 0.05602420055535812377 ),
 .UNSPECIFIED. ) ;
#3638 = EDGE_CURVE ( 'NONE', #4961, #567, #4343, .T. ) ;
#3639 = CARTESIAN_POINT ( 'NONE',  ( -123.0048530695434579, 1076.160000000000082, 129.1603298418976067 ) ) ;
#3640 = ORIENTED_EDGE ( 'NONE', *, *, #3846, .T. ) ;
#3641 = CARTESIAN_POINT ( 'NONE',  ( -148.5690912535325765, 1076.559999999999945, 9.556892812099384571 ) ) ;
#3642 = VECTOR ( 'NONE', #222, 1000.000000000000000 ) ;
#3643 = CARTESIAN_POINT ( 'NONE',  ( -248.4092376083374916, 1071.559999999999945, -62.58141432605718535 ) ) ;
#3644 = CIRCLE ( 'NONE', #4470, 9.489662818846310799 ) ;
#3645 = CARTESIAN_POINT ( 'NONE',  ( -150.8221721565745383, 1071.559999999999945, 8.847120223398674099 ) ) ;
#3646 = CARTESIAN_POINT ( 'NONE',  ( -208.8400884915487836, 1071.559999999999945, 19.67766512372449128 ) ) ;
#3647 = ORIENTED_EDGE ( 'NONE', *, *, #4417, .T. ) ;
#3648 = APPLICATION_PROTOCOL_DEFINITION ( 'draft international standard', 'automotive_design', 1998, #1432 ) ;
#3649 = B_SPLINE_CURVE_WITH_KNOTS ( 'NONE', 3,
 ( #1211, #4699, #1185, #2751, #4314, #4340, #825, #2394, #3690 ),
 .UNSPECIFIED., .F., .F.,
 ( 4, 1, 1, 1, 1, 1, 4 ),
 ( 0.008052357163078591867, 0.01180441452156862428, 0.01555647188005864975, 0.02306058659703870764, 0.03056470131401876553, 0.03431675867250878753, 0.03806881603099881994 ),
 .UNSPECIFIED. ) ;
#3650 = CARTESIAN_POINT ( 'NONE',  ( -57.13222982526927041, 1075.559999999999945, 61.90651317224558881 ) ) ;
#3651 = DIRECTION ( 'NONE',  ( 0.000000000000000000, 1.000000000000000000, 0.000000000000000000 ) ) ;
#3652 = ORIENTED_EDGE ( 'NONE', *, *, #4091, .T. ) ;
#3653 = LINE ( 'NONE', #141, #2594 ) ;
#3654 = CARTESIAN_POINT ( 'NONE',  ( -172.8587101762493887, 1071.559999999999945, 24.44703151162762822 ) ) ;
#3655 = CARTESIAN_POINT ( 'NONE',  ( -221.7787467708240285, 1076.160000000000082, 15.64372519505848125 ) ) ;
#3656 = VERTEX_POINT ( 'NONE', #1552 ) ;
#3657 = DIRECTION ( 'NONE',  ( 0.000000000000000000, -0.000000000000000000, -1.000000000000000000 ) ) ;
#3658 = EDGE_CURVE ( 'NONE', #3445, #665, #1964, .T. ) ;
#3659 = ORIENTED_EDGE ( 'NONE', *, *, #4723, .T. ) ;
#3660 = CARTESIAN_POINT ( 'NONE',  ( -194.3434337935484848, 1071.559999999999945, 9.312927148811843026 ) ) ;
#3661 = DIRECTION ( 'NONE',  ( 0.000000000000000000, 1.000000000000000000, -0.000000000000000000 ) ) ;
#3662 = AXIS2_PLACEMENT_3D ( 'NONE', #1976, #1126, #332 ) ;
#3663 = FACE_OUTER_BOUND ( 'NONE', #2047, .T. ) ;
#3664 = VERTEX_POINT ( 'NONE', #1189 ) ;
#3665 = VECTOR ( 'NONE', #2325, 1000.000000000000000 ) ;
#3666 = DIRECTION ( 'NONE',  ( 5.394846479288357073E-15, 0.000000000000000000, 1.000000000000000000 ) ) ;
#3667 = ADVANCED_FACE ( 'NONE', ( #3517 ), #2733, .F. ) ;
#3668 = LINE ( 'NONE', #3288, #610 ) ;
#3669 = CARTESIAN_POINT ( 'NONE',  ( -194.3434337935484848, 1071.559999999999945, 9.312927148811821709 ) ) ;
#3670 = ORIENTED_EDGE ( 'NONE', *, *, #1744, .F. ) ;
#3671 = DIRECTION ( 'NONE',  ( 0.7241518884010719193, 0.000000000000000000, 0.6896405168819197407 ) ) ;
#3672 = DIRECTION ( 'NONE',  ( -0.7372897795736670368, 0.000000000000000000, 0.6755766284709777691 ) ) ;
#3673 = DIRECTION ( 'NONE',  ( 0.000000000000000000, 1.000000000000000000, 0.000000000000000000 ) ) ;
#3674 = ORIENTED_EDGE ( 'NONE', *, *, #1028, .F. ) ;
#3675 = EDGE_CURVE ( 'NONE', #2566, #216, #2424, .T. ) ;
#3676 = LINE ( 'NONE', #3731, #3241 ) ;
#3677 = EDGE_CURVE ( 'NONE', #4662, #3739, #440, .T. ) ;
#3678 = EDGE_CURVE ( 'NONE', #1051, #4127, #3934, .T. ) ;
#3679 = CARTESIAN_POINT ( 'NONE',  ( -271.2861602184574963, 1071.559999999999945, 2.447696926411727869 ) ) ;
#3680 = CYLINDRICAL_SURFACE ( 'NONE', #3618, 0.5999999999999946487 ) ;
#3681 = DIRECTION ( 'NONE',  ( 0.02688405537884944879, 0.000000000000000000, 0.9996385584632011545 ) ) ;
#3682 = ORIENTED_EDGE ( 'NONE', *, *, #293, .F. ) ;
#3683 = CARTESIAN_POINT ( 'NONE',  ( -208.5936849731398866, 1076.160000000000082, 21.14294619121436369 ) ) ;
#3684 = UNCERTAINTY_MEASURE_WITH_UNIT (LENGTH_MEASURE( 1.000000000000000082E-05 ), #4591, 'distance_accuracy_value', 'NONE');
#3685 = EDGE_LOOP ( 'NONE', ( #4803, #647, #1771 ) ) ;
#3686 = ORIENTED_EDGE ( 'NONE', *, *, #2506, .F. ) ;
#3687 = EDGE_CURVE ( 'NONE', #4454, #4272, #453, .T. ) ;
#3688 = CARTESIAN_POINT ( 'NONE',  ( -204.0631272397253611, 1076.160000000000082, 9.111841880131478888 ) ) ;
#3689 = CARTESIAN_POINT ( 'NONE',  ( -206.1180856855525292, 1076.559999999999945, 22.38807029477553456 ) ) ;
#3690 = CARTESIAN_POINT ( 'NONE',  ( -293.2676002059569100, 1071.559999999999945, 1.330312713633433841 ) ) ;
#3691 = PLANE ( 'NONE',  #278 ) ;
#3692 = EDGE_LOOP ( 'NONE', ( #3578, #3026, #2731, #1407 ) ) ;
#3693 = CARTESIAN_POINT ( 'NONE',  ( -204.5445826916458145, 1076.559999999999718, 22.65931296444719223 ) ) ;
#3694 = CARTESIAN_POINT ( 'NONE',  ( -266.5886069376112459, 1076.559999999999945, 9.579359346406594256 ) ) ;
#3695 = AXIS2_PLACEMENT_3D ( 'NONE', #1623, #3564, #4362 ) ;
#3696 = CARTESIAN_POINT ( 'NONE',  ( -196.7460255135903253, 1071.559999999999945, 11.88892099099301802 ) ) ;
#3697 = ORIENTED_EDGE ( 'NONE', *, *, #3944, .T. ) ;
#3698 = APPLICATION_PROTOCOL_DEFINITION ( 'draft international standard', 'automotive_design', 1998, #911 ) ;
#3699 = VECTOR ( 'NONE', #676, 1000.000000000000000 ) ;
#3700 = CARTESIAN_POINT ( 'NONE',  ( -213.2678935476452580, 1071.559999999999945, 8.883460927922982364 ) ) ;
#3701 = CARTESIAN_POINT ( 'NONE',  ( -293.2676002059569100, 1076.160000000000082, 1.330312713633433841 ) ) ;
#3702 = ORIENTED_EDGE ( 'NONE', *, *, #3034, .F. ) ;
#3703 = VECTOR ( 'NONE', #3349, 1000.000000000000000 ) ;
#3704 = ADVANCED_FACE ( 'NONE', ( #426 ), #3141, .T. ) ;
#3705 = CARTESIAN_POINT ( 'NONE',  ( -132.0558163141116665, 1075.559999999999945, 26.96303150407470994 ) ) ;
#3706 = VERTEX_POINT ( 'NONE', #2756 ) ;
#3707 = DIRECTION ( 'NONE',  ( -1.416100796715585046E-15, 0.000000000000000000, 1.000000000000000000 ) ) ;
#3708 = DIRECTION ( 'NONE',  ( 0.000000000000000000, 1.000000000000000000, 0.000000000000000000 ) ) ;
#3709 = CARTESIAN_POINT ( 'NONE',  ( -250.7667120139445274, 1076.559999999999945, 10.33830807117599448 ) ) ;
#3710 = VERTEX_POINT ( 'NONE', #3593 ) ;
#3711 = CARTESIAN_POINT ( 'NONE',  ( -260.8576000460946602, 1071.559999999999945, 7.086686038695743761 ) ) ;
#3712 = VERTEX_POINT ( 'NONE', #2012 ) ;
#3713 = AXIS2_PLACEMENT_3D ( 'NONE', #2883, #3242, #1781 ) ;
#3714 = ADVANCED_FACE ( 'NONE', ( #2372 ), #1989, .T. ) ;
#3715 = ORIENTED_EDGE ( 'NONE', *, *, #1587, .T. ) ;
#3716 = CARTESIAN_POINT ( 'NONE',  ( -207.6959565576754301, 1071.559999999999945, 22.11326104438594697 ) ) ;
#3717 = CARTESIAN_POINT ( 'NONE',  ( -255.0275276099420694, 1071.559999999999945, 7.279903762745472129 ) ) ;
#3718 = CARTESIAN_POINT ( 'NONE',  ( -295.2960495101465881, 1071.559999999999945, 0.3249056940759760259 ) ) ;
#3719 = EDGE_CURVE ( 'NONE', #4480, #4697, #3213, .T. ) ;
#3720 = CARTESIAN_POINT ( 'NONE',  ( -205.0226850522767563, 1071.559999999999945, 18.72112452389936266 ) ) ;
#3721 = VERTEX_POINT ( 'NONE', #2833 ) ;
#3722 = DIRECTION ( 'NONE',  ( -0.02688405537825821687, -0.000000000000000000, -0.9996385584632171417 ) ) ;
#3723 = CARTESIAN_POINT ( 'NONE',  ( -80.42685347601852186, 1075.559999999999945, -84.63224460233963953 ) ) ;
#3724 = EDGE_CURVE ( 'NONE', #4585, #216, #4988, .T. ) ;
#3725 = VERTEX_POINT ( 'NONE', #4136 ) ;
#3726 = AXIS2_PLACEMENT_3D ( 'NONE', #720, #4618, #2263 ) ;
#3727 = LINE ( 'NONE', #4475, #3956 ) ;
#3728 = CARTESIAN_POINT ( 'NONE',  ( -267.5579742966418735, 1071.559999999999945, 3.504036228201333092 ) ) ;
#3729 = EDGE_LOOP ( 'NONE', ( #3715, #115, #2262, #1198 ) ) ;
#3730 = AXIS2_PLACEMENT_3D ( 'NONE', #3789, #2277, #3070 ) ;
#3731 = CARTESIAN_POINT ( 'NONE',  ( -198.1819931652745765, 1071.559999999999945, 9.238543108260873993 ) ) ;
#3732 = ORIENTED_EDGE ( 'NONE', *, *, #742, .F. ) ;
#3733 = LINE ( 'NONE', #2942, #826 ) ;
#3734 = FACE_OUTER_BOUND ( 'NONE', #1814, .T. ) ;
#3735 = CARTESIAN_POINT ( 'NONE',  ( -165.6171606190784189, 1075.559999999999945, 22.88600174150739974 ) ) ;
#3736 = EDGE_LOOP ( 'NONE', ( #4561, #4763, #735, #1431 ) ) ;
#3737 = DIRECTION ( 'NONE',  ( 0.000000000000000000, 1.000000000000000000, -0.000000000000000000 ) ) ;
#3738 = ORIENTED_EDGE ( 'NONE', *, *, #2827, .F. ) ;
#3739 = VERTEX_POINT ( 'NONE', #1436 ) ;
#3740 = CARTESIAN_POINT ( 'NONE',  ( -204.5316711034029709, 1076.160000000000082, 18.80566607806760615 ) ) ;
#3741 = CARTESIAN_POINT ( 'NONE',  ( -206.1180856855525292, 1071.559999999999945, 22.38807029477553456 ) ) ;
#3742 = LINE ( 'NONE', #2162, #146 ) ;
#3743 = EDGE_CURVE ( 'NONE', #2370, #3076, #2574, .T. ) ;
#3744 = CARTESIAN_POINT ( 'NONE',  ( -257.6570793527035335, 1075.559999999999945, 7.526381928219152861 ) ) ;
#3745 = ORIENTED_EDGE ( 'NONE', *, *, #4193, .T. ) ;
#3746 = EDGE_CURVE ( 'NONE', #2332, #2536, #234, .T. ) ;
#3747 = DIRECTION ( 'NONE',  ( -0.9286912196815764187, 0.000000000000000000, 0.3708539045046523874 ) ) ;
#3748 = CARTESIAN_POINT ( 'NONE',  ( 0.000000000000000000, 1076.160000000000082, 0.000000000000000000 ) ) ;
#3749 =( BOUNDED_SURFACE ( )  B_SPLINE_SURFACE ( 3, 1, ( 
 ( #4347, #883 ),
 ( #2044, #4806 ),
 ( #1193, #112 ),
 ( #3961, #3572 ) ),
 .UNSPECIFIED., .F., .F., .F. ) 
 B_SPLINE_SURFACE_WITH_KNOTS ( ( 4, 4 ),
 ( 2, 2 ),
 ( 0.000000000000000000, 1.000000000000000000 ),
 ( 0.000000000000000000, 1.000000000000000000 ),
 .UNSPECIFIED. ) 
 GEOMETRIC_REPRESENTATION_ITEM ( )  RATIONAL_B_SPLINE_SURFACE ( (
 ( 1.000000000000000000, 1.000000000000000000),
 ( 0.9589994076096772790, 0.9589994076096772790),
 ( 0.9589994076096772790, 0.9589994076096772790),
 ( 1.000000000000000000, 1.000000000000000000) ) ) 
 REPRESENTATION_ITEM ( '' )  SURFACE ( )  );
#3750 = VECTOR ( 'NONE', #534, 1000.000000000000000 ) ;
#3751 = AXIS2_PLACEMENT_3D ( 'NONE', #1230, #2288, #4308 ) ;
#3752 = AXIS2_PLACEMENT_3D ( 'NONE', #4344, #1264, #3193 ) ;
#3753 = DIRECTION ( 'NONE',  ( -0.7248872777926413935, 0.000000000000000000, 0.6888675014067465741 ) ) ;
#3754 = VECTOR ( 'NONE', #3074, 1000.000000000000000 ) ;
#3755 = EDGE_LOOP ( 'NONE', ( #3905, #2876, #4893, #3647 ) ) ;
#3756 = EDGE_CURVE ( 'NONE', #1156, #863, #3413, .T. ) ;
#3757 =( NAMED_UNIT ( * ) SI_UNIT ( $, .STERADIAN. ) SOLID_ANGLE_UNIT ( ) );
#3758 = DIRECTION ( 'NONE',  ( 0.7248872777932441336, 0.000000000000000000, -0.6888675014061121926 ) ) ;
#3759 = CARTESIAN_POINT ( 'NONE',  ( -113.8284090580020518, 1071.559999999999945, 28.12009005535462336 ) ) ;
#3760 = ORIENTED_EDGE ( 'NONE', *, *, #904, .T. ) ;
#3761 = CARTESIAN_POINT ( 'NONE',  ( -69.44017073439228227, 1075.559999999999945, -106.5031585958866600 ) ) ;
#3762 = ORIENTED_EDGE ( 'NONE', *, *, #4222, .T. ) ;
#3763 = PLANE ( 'NONE',  #2796 ) ;
#3764 = DIRECTION ( 'NONE',  ( 0.000000000000000000, 1.000000000000000000, 0.000000000000000000 ) ) ;
#3765 = CARTESIAN_POINT ( 'NONE',  ( -259.4640068570307108, 1076.559999999999945, 8.261595196954861109 ) ) ;
#3766 = ORIENTED_EDGE ( 'NONE', *, *, #3998, .T. ) ;
#3767 = CARTESIAN_POINT ( 'NONE',  ( -246.0630612166604578, 1076.159999999999854, 10.55659016579863341 ) ) ;
#3768 = ORIENTED_EDGE ( 'NONE', *, *, #432, .F. ) ;
#3769 = ORIENTED_EDGE ( 'NONE', *, *, #371, .F. ) ;
#3770 = EDGE_CURVE ( 'NONE', #3269, #2301, #3772, .T. ) ;
#3771 = FACE_OUTER_BOUND ( 'NONE', #2273, .T. ) ;
#3772 = LINE ( 'NONE', #2132, #2729 ) ;
#3773 = CARTESIAN_POINT ( 'NONE',  ( -112.8759871213101178, 1076.559999999999945, 3.035661502869943629 ) ) ;
#3774 = EDGE_CURVE ( 'NONE', #716, #3332, #1358, .T. ) ;
#3775 = CARTESIAN_POINT ( 'NONE',  ( -256.8343786850403490, 1076.160000000000082, 8.059280522143815517 ) ) ;
#3776 = ORIENTED_EDGE ( 'NONE', *, *, #2319, .T. ) ;
#3777 = CARTESIAN_POINT ( 'NONE',  ( 0.5721654584182909176, 1075.559999999999945, 21.27501398164598356 ) ) ;
#3778 = FACE_OUTER_BOUND ( 'NONE', #3434, .T. ) ;
#3779 = EDGE_CURVE ( 'NONE', #4585, #496, #1774, .T. ) ;
#3780 = ADVANCED_FACE ( 'NONE', ( #3388 ), #3540, .T. ) ;
#3781 = ORIENTED_EDGE ( 'NONE', *, *, #2002, .T. ) ;
#3782 = CARTESIAN_POINT ( 'NONE',  ( -264.6795704296176268, 1071.559999999999945, 5.899739385248923718 ) ) ;
#3783 = ORIENTED_EDGE ( 'NONE', *, *, #110, .F. ) ;
#3784 = CARTESIAN_POINT ( 'NONE',  ( -201.9202256176888568, 1071.559999999999945, 23.10351947040018672 ) ) ;
#3785 = B_SPLINE_CURVE_WITH_KNOTS ( 'NONE', 3,
 ( #1807, #1469, #4977, #4573, #4601, #659, #4167 ),
 .UNSPECIFIED., .F., .F.,
 ( 4, 1, 1, 1, 4 ),
 ( 0.1030170138426742266, 0.1037085257831270035, 0.1044000377235786148, 0.1050915496640302260, 0.1057830616044805327 ),
 .UNSPECIFIED. ) ;
#3786 = CARTESIAN_POINT ( 'NONE',  ( -148.6125551966285343, 1075.559999999999945, 25.91327914437588475 ) ) ;
#3787 = ORIENTED_EDGE ( 'NONE', *, *, #4596, .T. ) ;
#3788 = EDGE_CURVE ( 'NONE', #2622, #1015, #344, .T. ) ;
#3789 = CARTESIAN_POINT ( 'NONE',  ( -96.76864102633759046, 1075.559999999999945, -101.8285180040453213 ) ) ;
#3790 = ORIENTED_EDGE ( 'NONE', *, *, #3770, .T. ) ;
#3791 = DIRECTION ( 'NONE',  ( 0.000000000000000000, 1.000000000000000000, 0.000000000000000000 ) ) ;
#3792 = FACE_OUTER_BOUND ( 'NONE', #3377, .T. ) ;
#3793 = EDGE_LOOP ( 'NONE', ( #363, #277, #280, #4846, #3543, #1681, #3815, #1502, #619, #4378, #1342, #71, #3760, #2180, #2865, #2137, #4649, #17, #1481, #3065, #1805, #3659, #5020, #5046, #3783, #3140, #1077, #1731, #4391, #1475, #2433, #3281, #692, #4587, #2226, #2660, #1354, #3385, #1150 ) ) ;
#3794 = CARTESIAN_POINT ( 'NONE',  ( -200.0871256530375035, 1076.559999999999945, 20.36680898016317443 ) ) ;
#3795 = EDGE_LOOP ( 'NONE', ( #3190, #1948, #324, #842, #1839, #4990, #1127, #3807, #2071, #1235, #2964, #1664, #4875, #170, #615, #78, #2719, #1950, #1688, #1452, #3524 ) ) ;
#3796 = VECTOR ( 'NONE', #4072, 1000.000000000000114 ) ;
#3797 = ORIENTED_EDGE ( 'NONE', *, *, #110, .T. ) ;
#3798 = B_SPLINE_CURVE_WITH_KNOTS ( 'NONE', 3,
 ( #3660, #979, #1747, #1356 ),
 .UNSPECIFIED., .F., .F.,
 ( 4, 4 ),
 ( 0.8257716611427050601, 0.8303174517985441039 ),
 .UNSPECIFIED. ) ;
#3799 = CARTESIAN_POINT ( 'NONE',  ( -256.7794921470460849, 1076.160000000000082, 7.175935369810884978 ) ) ;
#3800 = CARTESIAN_POINT ( 'NONE',  ( -200.8700077524666199, 1071.559999999999945, 23.27837857331777016 ) ) ;
#3801 = CARTESIAN_POINT ( 'NONE',  ( -133.7537577246343119, 1076.559999999999945, 26.88888592686829071 ) ) ;
#3802 = LINE ( 'NONE', #291, #4530 ) ;
#3803 = CARTESIAN_POINT ( 'NONE',  ( -101.4282823774628639, 1076.559999999999945, 92.93846047870506766 ) ) ;
#3804 = DIRECTION ( 'NONE',  ( -0.8530756398718948308, 0.000000000000000000, 0.5217872676265272736 ) ) ;
#3805 = B_SPLINE_CURVE_WITH_KNOTS ( 'NONE', 3,
 ( #2545, #4802, #3339, #4902, #526, #2108, #2470, #4393 ),
 .UNSPECIFIED., .F., .F.,
 ( 4, 1, 1, 1, 1, 4 ),
 ( 0.7024439672986643179, 0.7171398451842927457, 0.7318357230699212845, 0.7612274788411783621, 0.7906192346124354398, 0.8194334802529967821 ),
 .UNSPECIFIED. ) ;
#3806 = DIRECTION ( 'NONE',  ( -0.02646596929541078502, -0.000000000000000000, -0.9996497148847962588 ) ) ;
#3807 = ORIENTED_EDGE ( 'NONE', *, *, #3248, .T. ) ;
#3808 = CARTESIAN_POINT ( 'NONE',  ( -201.3951432444773673, 1071.559999999999945, 23.19115371877665766 ) ) ;
#3809 = CARTESIAN_POINT ( 'NONE',  ( -151.9060143339743547, 1071.559999999999945, 9.644634931176618409 ) ) ;
#3810 = VERTEX_POINT ( 'NONE', #4898 ) ;
#3811 = CARTESIAN_POINT ( 'NONE',  ( -222.8468073653594104, 1071.559999999999945, 7.840947217310170636 ) ) ;
#3812 = EDGE_CURVE ( 'NONE', #914, #1745, #2951, .T. ) ;
#3813 = ORIENTED_EDGE ( 'NONE', *, *, #2410, .F. ) ;
#3814 = CARTESIAN_POINT ( 'NONE',  ( -221.7787467708240570, 1075.559999999999945, 15.64372519505846704 ) ) ;
#3815 = ORIENTED_EDGE ( 'NONE', *, *, #151, .T. ) ;
#3816 = AXIS2_PLACEMENT_3D ( 'NONE', #1052, #1511, #5047 ) ;
#3817 = ORIENTED_EDGE ( 'NONE', *, *, #3907, .T. ) ;
#3818 = ORIENTED_EDGE ( 'NONE', *, *, #5064, .T. ) ;
#3819 = LINE ( 'NONE', #3457, #3487 ) ;
#3820 = PRODUCT_DEFINITION_SHAPE ( 'NONE', 'NONE',  #244 ) ;
#3821 = CARTESIAN_POINT ( 'NONE',  ( -225.0224362187566953, 1071.559999999999945, 15.05154234427599036 ) ) ;
#3822 = FACE_OUTER_BOUND ( 'NONE', #2849, .T. ) ;
#3823 = DIRECTION ( 'NONE',  ( 0.000000000000000000, 1.000000000000000000, 0.000000000000000000 ) ) ;
#3824 = DIRECTION ( 'NONE',  ( 0.1756167594944640087, 0.000000000000000000, -0.9844586094827265654 ) ) ;
#3825 = CARTESIAN_POINT ( 'NONE',  ( -209.5506729540247477, 1076.559999999999491, 21.78582230357046967 ) ) ;
#3826 = CARTESIAN_POINT ( 'NONE',  ( -92.49999999999820943, 1071.559999999999945, 16.74722354252501688 ) ) ;
#3827 = B_SPLINE_SURFACE_WITH_KNOTS ( 'NONE', 3, 1, ( 
 ( #4886, #4147 ),
 ( #1018, #1421 ),
 ( #3759, #4504 ),
 ( #4197, #2555 ),
 ( #2144, #248 ),
 ( #612, #4119 ),
 ( #1449, #2987 ),
 ( #1042, #638 ),
 ( #4582, #2203 ),
 ( #161, #1813 ),
 ( #1070, #2173 ) ),
 .UNSPECIFIED., .F., .F., .F.,
 ( 4, 1, 1, 1, 1, 1, 1, 1, 4 ),
 ( 2, 2 ),
 ( 0.000000000000000000, 0.001703996234810295496, 0.003717577735955934770, 0.01734954761442739080, 0.03098151749289884682, 0.04461348737137027509, 0.05824545724984173112, 0.08550939700678461541, 0.08801723403365002696 ),
 ( 0.000000000000000000, 1.000000000000000000 ),
 .UNSPECIFIED. ) ;
#3828 = CARTESIAN_POINT ( 'NONE',  ( -222.8468073653594104, 1071.559999999999945, 7.840947217310170636 ) ) ;
#3829 = ORIENTED_EDGE ( 'NONE', *, *, #1396, .F. ) ;
#3830 = EDGE_CURVE ( 'NONE', #1051, #1040, #418, .T. ) ;
#3831 = DIRECTION ( 'NONE',  ( 0.001877162694588379579, 0.000000000000000000, -0.9999982381285568156 ) ) ;
#3832 = CARTESIAN_POINT ( 'NONE',  ( -82.83959400943683704, 1075.559999999999945, 78.72328000651684476 ) ) ;
#3833 = PLANE ( 'NONE',  #483 ) ;
#3834 = CIRCLE ( 'NONE', #1548, 0.5999999999999946487 ) ;
#3835 = VECTOR ( 'NONE', #1026, 1000.000000000000000 ) ;
#3836 = CARTESIAN_POINT ( 'NONE',  ( -90.09255957804862192, 1075.559999999999945, 126.1172528288390140 ) ) ;
#3837 = ORIENTED_EDGE ( 'NONE', *, *, #4259, .T. ) ;
#3838 = CARTESIAN_POINT ( 'NONE',  ( -209.7823812563218837, 1071.559999999999945, 21.74456607994702750 ) ) ;
#3839 = EDGE_LOOP ( 'NONE', ( #4713, #1556, #168, #3493 ) ) ;
#3840 = CIRCLE ( 'NONE', #2214, 8.289662818848574588 ) ;
#3841 = CARTESIAN_POINT ( 'NONE',  ( -112.3038216628890638, 1071.559999999999945, 24.31067548444905668 ) ) ;
#3842 = UNCERTAINTY_MEASURE_WITH_UNIT (LENGTH_MEASURE( 1.000000000000000082E-05 ), #1297, 'distance_accuracy_value', 'NONE');
#3843 = ORIENTED_EDGE ( 'NONE', *, *, #1567, .T. ) ;
#3844 = EDGE_CURVE ( 'NONE', #2673, #1662, #4284, .T. ) ;
#3845 = EDGE_CURVE ( 'NONE', #2673, #1444, #1878, .T. ) ;
#3846 = EDGE_CURVE ( 'NONE', #2529, #4824, #2700, .T. ) ;
#3847 = ORIENTED_EDGE ( 'NONE', *, *, #3687, .T. ) ;
#3848 = CARTESIAN_POINT ( 'NONE',  ( -112.7508309264678985, 1076.559999999999718, 7.689384925053563968 ) ) ;
#3849 = DIRECTION ( 'NONE',  ( -0.000000000000000000, -1.000000000000000000, 0.000000000000000000 ) ) ;
#3850 = CARTESIAN_POINT ( 'NONE',  ( -148.5690912593317989, 1071.559999999999945, 9.556892805996856310 ) ) ;
#3851 = CARTESIAN_POINT ( 'NONE',  ( -99.13813852873970234, 1075.559999999999945, 23.95660055259052967 ) ) ;
#3852 = B_SPLINE_CURVE_WITH_KNOTS ( 'NONE', 3,
 ( #680, #1443, #3035, #267, #1038 ),
 .UNSPECIFIED., .F., .F.,
 ( 4, 1, 4 ),
 ( 0.04410003439908569828, 0.04432521835872276633, 0.04725479771932824397 ),
 .UNSPECIFIED. ) ;
#3853 = EDGE_CURVE ( 'NONE', #888, #1783, #3927, .T. ) ;
#3854 = CARTESIAN_POINT ( 'NONE',  ( -32.54741776726844904, 1075.559999999999945, -81.50514457746841401 ) ) ;
#3855 = CARTESIAN_POINT ( 'NONE',  ( -208.1013072351374831, 1071.559999999999945, 21.22977619805093141 ) ) ;
#3856 = DIRECTION ( 'NONE',  ( -0.7248872777926366195, 0.000000000000000000, 0.6888675014067515701 ) ) ;
#3857 = LINE ( 'NONE', #660, #548 ) ;
#3858 = ORIENTED_EDGE ( 'NONE', *, *, #2031, .T. ) ;
#3859 = CARTESIAN_POINT ( 'NONE',  ( -199.2943556865412518, 1071.559999999999945, 23.53756684725033921 ) ) ;
#3860 = CARTESIAN_POINT ( 'NONE',  ( -133.9566240984102024, 1075.559999999999945, 9.287166304838097020 ) ) ;
#3861 = CARTESIAN_POINT ( 'NONE',  ( -257.1893738146047212, 1075.559999999999945, 7.974471785464941398 ) ) ;
#3862 = CARTESIAN_POINT ( 'NONE',  ( -238.2618435604875629, 1075.559999999999945, 8.623513685522880223 ) ) ;
#3863 = ORIENTED_EDGE ( 'NONE', *, *, #2632, .F. ) ;
#3864 = CARTESIAN_POINT ( 'NONE',  ( -97.31973502746332372, 1076.160000000000082, -102.4084278262800609 ) ) ;
#3865 = EDGE_LOOP ( 'NONE', ( #3921, #1845, #3251, #2329 ) ) ;
#3866 = CARTESIAN_POINT ( 'NONE',  ( -248.2263911974828545, 1076.160000000000082, 10.06564403484766501 ) ) ;
#3867 = ORIENTED_EDGE ( 'NONE', *, *, #138, .F. ) ;
#3868 = VECTOR ( 'NONE', #1933, 1000.000000000000000 ) ;
#3869 = EDGE_LOOP ( 'NONE', ( #732, #4042, #1315, #1846 ) ) ;
#3870 = FACE_OUTER_BOUND ( 'NONE', #1866, .T. ) ;
#3871 = B_SPLINE_SURFACE_WITH_KNOTS ( 'NONE', 3, 1, ( 
 ( #1605, #2789 ),
 ( #3124, #2046 ),
 ( #4398, #5067 ),
 ( #1222, #431 ),
 ( #3549, #42 ),
 ( #481, #3889 ),
 ( #382, #3500 ) ),
 .UNSPECIFIED., .F., .F., .F.,
 ( 4, 1, 1, 1, 4 ),
 ( 2, 2 ),
 ( 0.000000000000000000, 0.0004783160207480208204, 0.0009566320421745544422, 0.001434948063601088064, 0.001913264086099264460 ),
 ( 0.000000000000000000, 1.000000000000000000 ),
 .UNSPECIFIED. ) ;
#3872 = DIRECTION ( 'NONE',  ( 0.000000000000000000, 0.000000000000000000, 1.000000000000000000 ) ) ;
#3873 = DIRECTION ( 'NONE',  ( 0.000000000000000000, 1.000000000000000000, 0.000000000000000000 ) ) ;
#3874 = AXIS2_PLACEMENT_3D ( 'NONE', #4098, #4458, #4482 ) ;
#3875 = DIRECTION ( 'NONE',  ( -0.7248872777926367306, 0.000000000000000000, 0.6888675014067514590 ) ) ;
#3876 = VECTOR ( 'NONE', #3464, 1000.000000000000000 ) ;
#3877 = PLANE ( 'NONE',  #1417 ) ;
#3878 = DIRECTION ( 'NONE',  ( -0.06567303980419200715, 0.000000000000000000, 0.9978411957034432067 ) ) ;
#3879 = EDGE_CURVE ( 'NONE', #1645, #3721, #5049, .T. ) ;
#3880 = DIRECTION ( 'NONE',  ( 0.000000000000000000, -1.000000000000000000, 0.000000000000000000 ) ) ;
#3881 = ORIENTED_EDGE ( 'NONE', *, *, #84, .F. ) ;
#3882 = VECTOR ( 'NONE', #4112, 999.9999999999998863 ) ;
#3883 = ORIENTED_EDGE ( 'NONE', *, *, #464, .T. ) ;
#3884 = DIRECTION ( 'NONE',  ( 0.000000000000000000, 1.000000000000000000, 0.000000000000000000 ) ) ;
#3885 = CARTESIAN_POINT ( 'NONE',  ( -287.8070055319132052, 1076.559999999999945, 3.847726477019951297 ) ) ;
#3886 = ADVANCED_FACE ( 'NONE', ( #3486 ), #1204, .T. ) ;
#3887 = CARTESIAN_POINT ( 'NONE',  ( -171.1374583195587036, 1071.559999999999945, 9.645899208250041212 ) ) ;
#3888 = CARTESIAN_POINT ( 'NONE',  ( -32.84410089086770057, 1075.559999999999945, -82.24809755320866600 ) ) ;
#3889 = CARTESIAN_POINT ( 'NONE',  ( -208.9218591136550742, 1076.159999999999854, 21.08485684542692695 ) ) ;
#3890 = ORIENTED_EDGE ( 'NONE', *, *, #1558, .F. ) ;
#3891 = CARTESIAN_POINT ( 'NONE',  ( -195.6463559078458445, 1071.559999999999945, 20.27733546108195739 ) ) ;
#3892 = ORIENTED_EDGE ( 'NONE', *, *, #2349, .F. ) ;
#3893 = CARTESIAN_POINT ( 'NONE',  ( -269.9384435895143497, 1071.559999999999945, 3.340010526439208149 ) ) ;
#3894 = ORIENTED_EDGE ( 'NONE', *, *, #1716, .T. ) ;
#3895 = B_SPLINE_CURVE_WITH_KNOTS ( 'NONE', 3,
 ( #4182, #646, #198, #4205, #4894, #229, #1380 ),
 .UNSPECIFIED., .F., .F.,
 ( 4, 1, 1, 1, 4 ),
 ( 0.1030170138426742266, 0.1037085257831270035, 0.1044000377235786148, 0.1050915496640302260, 0.1057830616044805327 ),
 .UNSPECIFIED. ) ;
#3896 = ORIENTED_EDGE ( 'NONE', *, *, #3589, .T. ) ;
#3897 = SURFACE_SIDE_STYLE ('',( #4970 ) ) ;
#3898 = CARTESIAN_POINT ( 'NONE',  ( -209.0871649023641226, 1071.559999999999945, 21.86811876917237640 ) ) ;
#3899 = CARTESIAN_POINT ( 'NONE',  ( -190.7528261741829567, 1071.559999999999945, 21.03932599842007178 ) ) ;
#3900 = DIRECTION ( 'NONE',  ( -0.000000000000000000, -1.000000000000000000, -0.000000000000000000 ) ) ;
#3901 = DIRECTION ( 'NONE',  ( 0.1615200779517296514, 0.000000000000000000, -0.9868694262254085192 ) ) ;
#3902 = B_SPLINE_CURVE_WITH_KNOTS ( 'NONE', 3,
 ( #1769, #2995, #3767, #2969, #2215 ),
 .UNSPECIFIED., .F., .F.,
 ( 4, 1, 4 ),
 ( 0.05737537480843856591, 0.05825476480099728294, 0.06319283297549561917 ),
 .UNSPECIFIED. ) ;
#3903 = DIRECTION ( 'NONE',  ( 0.000000000000000000, -1.000000000000000000, 0.000000000000000000 ) ) ;
#3904 = CARTESIAN_POINT ( 'NONE',  ( -197.4637948362277768, 1071.559999999999945, 16.61013806504951518 ) ) ;
#3905 = ORIENTED_EDGE ( 'NONE', *, *, #2036, .F. ) ;
#3906 = ADVANCED_FACE ( 'NONE', ( #4643 ), #771, .T. ) ;
#3907 = EDGE_CURVE ( 'NONE', #2825, #850, #700, .T. ) ;
#3908 = ORIENTED_EDGE ( 'NONE', *, *, #4753, .T. ) ;
#3909 = DIRECTION ( 'NONE',  ( -0.9996385584632048182, 0.000000000000000000, 0.02688405537871830717 ) ) ;
#3910 = CARTESIAN_POINT ( 'NONE',  ( -128.1061509150808320, 1076.559999999999945, 27.97564465478143347 ) ) ;
#3911 = CARTESIAN_POINT ( 'NONE',  ( -132.7570495598770890, 1075.559999999999945, 9.255214942794436794 ) ) ;
#3912 = LINE ( 'NONE', #405, #5066 ) ;
#3913 = DIRECTION ( 'NONE',  ( -0.000000000000000000, -1.000000000000000000, -0.000000000000000000 ) ) ;
#3914 = B_SPLINE_SURFACE_WITH_KNOTS ( 'NONE', 3, 1, ( 
 ( #1700, #3259 ),
 ( #2515, #3207 ),
 ( #570, #4774 ),
 ( #2829, #3236 ) ),
 .UNSPECIFIED., .F., .F., .F.,
 ( 4, 4 ),
 ( 2, 2 ),
 ( 0.000000000000000000, 0.004545790655839709871 ),
 ( 0.000000000000000000, 1.000000000000000000 ),
 .UNSPECIFIED. ) ;
#3915 = EDGE_CURVE ( 'NONE', #2061, #285, #1879, .T. ) ;
#3916 = DIRECTION ( 'NONE',  ( 2.924822108590287103E-15, 0.000000000000000000, 1.000000000000000000 ) ) ;
#3917 = ORIENTED_EDGE ( 'NONE', *, *, #4736, .T. ) ;
#3918 = CARTESIAN_POINT ( 'NONE',  ( -265.7189512413806938, 1076.559999999999945, 5.831332410554418644 ) ) ;
#3919 = VERTEX_POINT ( 'NONE', #1590 ) ;
#3920 = PLANE ( 'NONE',  #3662 ) ;
#3921 = ORIENTED_EDGE ( 'NONE', *, *, #2844, .T. ) ;
#3922 = VECTOR ( 'NONE', #2236, 1000.000000000000114 ) ;
#3923 = VECTOR ( 'NONE', #1566, 1000.000000000000000 ) ;
#3924 = CARTESIAN_POINT ( 'NONE',  ( -149.8126463061967684, 1076.559999999999945, 25.87186741635287035 ) ) ;
#3925 = CARTESIAN_POINT ( 'NONE',  ( -208.3916840874417176, 1076.559999999999945, 21.99101949770100006 ) ) ;
#3926 = VECTOR ( 'NONE', #3673, 1000.000000000000000 ) ;
#3927 = LINE ( 'NONE', #1982, #353 ) ;
#3928 = DIRECTION ( 'NONE',  ( -0.01073934591757908993, -0.000000000000000000, -0.9999423315618068964 ) ) ;
#3929 = EDGE_LOOP ( 'NONE', ( #3634, #947, #2459, #555, #2668, #4788, #1727, #3980, #641, #4204, #3585, #2109, #4178, #4639, #2817, #1918, #2912, #334, #4350, #983, #563, #1355, #1612, #107, #3073, #3991 ) ) ;
#3930 = LINE ( 'NONE', #1985, #2616 ) ;
#3931 = DIRECTION ( 'NONE',  ( 0.000000000000000000, 1.000000000000000000, -0.000000000000000000 ) ) ;
#3932 = VERTEX_POINT ( 'NONE', #2265 ) ;
#3933 = ORIENTED_EDGE ( 'NONE', *, *, #1268, .T. ) ;
#3934 = LINE ( 'NONE', #2398, #2320 ) ;
#3935 = CARTESIAN_POINT ( 'NONE',  ( -119.0667696627180590, 1076.559999999999945, 28.12804715761673435 ) ) ;
#3936 = PLANE ( 'NONE',  #1921 ) ;
#3937 = CARTESIAN_POINT ( 'NONE',  ( -134.1085022721686926, 1076.559999999999945, 3.550555210029526787 ) ) ;
#3938 = ADVANCED_FACE ( 'NONE', ( #3822 ), #250, .F. ) ;
#3939 = DIRECTION ( 'NONE',  ( -0.000000000000000000, 1.000000000000000000, -0.000000000000000000 ) ) ;
#3940 = CARTESIAN_POINT ( 'NONE',  ( -190.0606051026418584, 1076.560000000000173, 21.14460090871749998 ) ) ;
#3941 = ORIENTED_EDGE ( 'NONE', *, *, #2759, .T. ) ;
#3942 = CARTESIAN_POINT ( 'NONE',  ( -148.6143614906584105, 1076.559999999999945, 25.96668747503434105 ) ) ;
#3943 = EDGE_LOOP ( 'NONE', ( #1173, #67, #4195 ) ) ;
#3944 = EDGE_CURVE ( 'NONE', #3357, #3433, #1953, .T. ) ;
#3945 = DIRECTION ( 'NONE',  ( 0.9996385584632171417, 0.000000000000000000, -0.02688405537825548641 ) ) ;
#3946 = VERTEX_POINT ( 'NONE', #4 ) ;
#3947 = FACE_BOUND ( 'NONE', #2525, .T. ) ;
#3948 = CARTESIAN_POINT ( 'NONE',  ( -209.3189339495797867, 1071.559999999999945, 21.82700662259038893 ) ) ;
#3949 = CARTESIAN_POINT ( 'NONE',  ( -223.9352534658154923, 1076.159999999999854, 15.22428959661575831 ) ) ;
#3950 = CARTESIAN_POINT ( 'NONE',  ( -276.9279722768468446, 1076.559999999999945, 2.022114238081729187 ) ) ;
#3951 = VECTOR ( 'NONE', #2344, 1000.000000000000114 ) ;
#3952 = VECTOR ( 'NONE', #3708, 1000.000000000000000 ) ;
#3953 = DIRECTION ( 'NONE',  ( -0.001877162694588379579, 0.000000000000000000, 0.9999982381285568156 ) ) ;
#3954 = CARTESIAN_POINT ( 'NONE',  ( -196.5973170367266505, 1071.559999999999945, 19.37185055998881822 ) ) ;
#3955 = ORIENTED_EDGE ( 'NONE', *, *, #4447, .F. ) ;
#3956 = VECTOR ( 'NONE', #988, 1000.000000000000114 ) ;
#3957 = ORIENTED_EDGE ( 'NONE', *, *, #2875, .T. ) ;
#3958 = DIRECTION ( 'NONE',  ( -0.7248872777926391731, 0.000000000000000000, 0.6888675014067489055 ) ) ;
#3959 = LINE ( 'NONE', #4804, #4900 ) ;
#3960 = CARTESIAN_POINT ( 'NONE',  ( -0.2853840190707158109, 1071.559999999999945, 13.44050725948424407 ) ) ;
#3961 = CARTESIAN_POINT ( 'NONE',  ( -195.6463559078458445, 1071.559999999999945, 20.27733546108197160 ) ) ;
#3962 = CARTESIAN_POINT ( 'NONE',  ( -123.3137327467877640, 1076.560000000000173, 27.25623171729949945 ) ) ;
#3963 = ORIENTED_EDGE ( 'NONE', *, *, #4967, .T. ) ;
#3964 = CARTESIAN_POINT ( 'NONE',  ( -220.6196549042584536, 1071.559999999999945, 15.86831720104279952 ) ) ;
#3965 = ORIENTED_EDGE ( 'NONE', *, *, #3561, .F. ) ;
#3966 = CARTESIAN_POINT ( 'NONE',  ( -199.3900147404567917, 1071.559999999999945, 19.67087083983497564 ) ) ;
#3967 = EDGE_LOOP ( 'NONE', ( #3550, #764, #458, #3361 ) ) ;
#3968 = EDGE_CURVE ( 'NONE', #4585, #3044, #681, .T. ) ;
#3969 = CARTESIAN_POINT ( 'NONE',  ( -164.4189516322943518, 1075.559999999999945, 23.02218692098826480 ) ) ;
#3970 = EDGE_CURVE ( 'NONE', #2561, #4076, #1382, .T. ) ;
#3971 = EDGE_CURVE ( 'NONE', #471, #2615, #4850, .T. ) ;
#3972 = DIRECTION ( 'NONE',  ( 0.000000000000000000, 1.000000000000000000, 0.000000000000000000 ) ) ;
#3973 = CARTESIAN_POINT ( 'NONE',  ( -293.2676002059569100, 1076.160000000000082, 1.330312713633433841 ) ) ;
#3974 = CARTESIAN_POINT ( 'NONE',  ( -268.4179018058591737, 1076.559999999999945, 2.647210226057559179 ) ) ;
#3975 = ORIENTED_EDGE ( 'NONE', *, *, #3381, .F. ) ;
#3976 = EDGE_CURVE ( 'NONE', #4928, #19, #1254, .T. ) ;
#3977 = AXIS2_PLACEMENT_3D ( 'NONE', #2769, #4381, #868 ) ;
#3978 = CARTESIAN_POINT ( 'NONE',  ( -250.7667120139445274, 1071.559999999999945, 10.33830807117599448 ) ) ;
#3979 = CARTESIAN_POINT ( 'NONE',  ( -177.8347060208644734, 1075.559999999999945, 9.552397563119125579 ) ) ;
#3980 = ORIENTED_EDGE ( 'NONE', *, *, #60, .F. ) ;
#3981 = AXIS2_PLACEMENT_3D ( 'NONE', #1072, #1919, #4200 ) ;
#3982 = ORIENTED_EDGE ( 'NONE', *, *, #3567, .T. ) ;
#3983 = DIRECTION ( 'NONE',  ( 0.5461661809631789266, 0.000000000000000000, 0.8376768486547161441 ) ) ;
#3984 = CARTESIAN_POINT ( 'NONE',  ( -154.5807832906197916, 1076.559999999999945, 26.32937649834314442 ) ) ;
#3985 = CARTESIAN_POINT ( 'NONE',  ( -300.0000000000000000, 1076.559999999999945, 0.000000000000000000 ) ) ;
#3986 = DIRECTION ( 'NONE',  ( 1.063963731932451243E-12, 0.000000000000000000, 1.000000000000000000 ) ) ;
#3987 = EDGE_CURVE ( 'NONE', #2120, #2066, #4794, .T. ) ;
#3988 = CARTESIAN_POINT ( 'NONE',  ( -149.8126463061967684, 1075.559999999999945, 25.87186741635287035 ) ) ;
#3989 = ORIENTED_EDGE ( 'NONE', *, *, #1622, .T. ) ;
#3990 = DIRECTION ( 'NONE',  ( 0.000000000000000000, 1.000000000000000000, 0.000000000000000000 ) ) ;
#3991 = ORIENTED_EDGE ( 'NONE', *, *, #4383, .T. ) ;
#3992 = DIRECTION ( 'NONE',  ( -0.9999437914932117755, 0.000000000000000000, -0.01060253998720758935 ) ) ;
#3993 = ORIENTED_EDGE ( 'NONE', *, *, #4856, .F. ) ;
#3994 = FACE_BOUND ( 'NONE', #4206, .T. ) ;
#3995 = CARTESIAN_POINT ( 'NONE',  ( -133.7537577246343119, 1075.559999999999945, 26.88888592686829782 ) ) ;
#3996 = CARTESIAN_POINT ( 'NONE',  ( -227.6072848814146425, 1076.159999999999854, 14.49505114377446624 ) ) ;
#3997 = ORIENTED_EDGE ( 'NONE', *, *, #84, .T. ) ;
#3998 = EDGE_CURVE ( 'NONE', #3102, #4808, #871, .T. ) ;
#3999 = CARTESIAN_POINT ( 'NONE',  ( -265.5219321219680637, 1076.559999999999945, 2.837808823443983997 ) ) ;
#4000 = ADVANCED_FACE ( 'NONE', ( #2848 ), #4406, .T. ) ;
#4001 = VECTOR ( 'NONE', #4158, 1000.000000000000000 ) ;
#4002 = ADVANCED_FACE ( 'NONE', ( #4045 ), #2440, .F. ) ;
#4003 = ORIENTED_EDGE ( 'NONE', *, *, #4133, .T. ) ;
#4004 = AXIS2_PLACEMENT_3D ( 'NONE', #339, #5050, #1540 ) ;
#4005 = CARTESIAN_POINT ( 'NONE',  ( -133.5780898996233077, 1075.559999999999945, 26.89687389336853940 ) ) ;
#4006 = CARTESIAN_POINT ( 'NONE',  ( -242.5546761616219555, 1075.559999999999945, 11.33505663525546936 ) ) ;
#4007 = EDGE_CURVE ( 'NONE', #2597, #2166, #1867, .T. ) ;
#4008 = DIRECTION ( 'NONE',  ( 0.000000000000000000, 1.000000000000000000, 0.000000000000000000 ) ) ;
#4009 = ORIENTED_EDGE ( 'NONE', *, *, #1823, .T. ) ;
#4010 = CARTESIAN_POINT ( 'NONE',  ( -32.84410089086770057, 1075.559999999999945, -82.24809755320866600 ) ) ;
#4011 = CARTESIAN_POINT ( 'NONE',  ( -249.1849982831033969, 1071.559999999999945, -62.77685069811641938 ) ) ;
#4012 = CARTESIAN_POINT ( 'NONE',  ( -165.5923904649430654, 1075.559999999999945, 9.690496330747539133 ) ) ;
#4013 = CARTESIAN_POINT ( 'NONE',  ( -191.1326435263994199, 1071.559999999999945, -31.28251687721536456 ) ) ;
#4014 = VERTEX_POINT ( 'NONE', #493 ) ;
#4015 = CARTESIAN_POINT ( 'NONE',  ( -282.6978133706207927, 1076.559999999999945, 5.318962716773922850 ) ) ;
#4016 = ORIENTED_EDGE ( 'NONE', *, *, #899, .T. ) ;
#4017 = DIRECTION ( 'NONE',  ( 0.000000000000000000, 1.000000000000000000, 0.000000000000000000 ) ) ;
#4018 = ORIENTED_EDGE ( 'NONE', *, *, #1394, .F. ) ;
#4019 = EDGE_CURVE ( 'NONE', #3123, #1593, #3559, .T. ) ;
#4020 = B_SPLINE_CURVE_WITH_KNOTS ( 'NONE', 3,
 ( #1334, #2899, #3636, #4051 ),
 .UNSPECIFIED., .F., .F.,
 ( 4, 4 ),
 ( 0.8547559085613813945, 0.8564952732778354783 ),
 .UNSPECIFIED. ) ;
#4021 = FACE_BOUND ( 'NONE', #3869, .T. ) ;
#4022 = DIRECTION ( 'NONE',  ( -0.000000000000000000, -1.000000000000000000, -0.000000000000000000 ) ) ;
#4023 = CARTESIAN_POINT ( 'NONE',  ( -270.6058122691731000, 1076.160000000000082, 7.731282320555692422 ) ) ;
#4024 = ORIENTED_EDGE ( 'NONE', *, *, #2443, .T. ) ;
#4025 = DIRECTION ( 'NONE',  ( 0.000000000000000000, 1.000000000000000000, 0.000000000000000000 ) ) ;
#4026 = EDGE_LOOP ( 'NONE', ( #4922, #3407, #2714, #4992 ) ) ;
#4027 = DIRECTION ( 'NONE',  ( 0.9996385584632172527, 0.000000000000000000, -0.02688405537825435190 ) ) ;
#4028 = FACE_OUTER_BOUND ( 'NONE', #3047, .T. ) ;
#4029 = FACE_OUTER_BOUND ( 'NONE', #1447, .T. ) ;
#4030 = ORIENTED_EDGE ( 'NONE', *, *, #4208, .T. ) ;
#4031 = EDGE_CURVE ( 'NONE', #3664, #3515, #3274, .T. ) ;
#4032 = CARTESIAN_POINT ( 'NONE',  ( -202.4452475236402336, 1076.559999999999718, 23.01547883700195030 ) ) ;
#4033 = CARTESIAN_POINT ( 'NONE',  ( -221.7787467708240570, 1075.559999999999945, 15.64372519505846704 ) ) ;
#4034 = VECTOR ( 'NONE', #1402, 1000.000000000000000 ) ;
#4035 = CARTESIAN_POINT ( 'NONE',  ( -113.3033073900973449, 1071.559999999999945, 7.716868825675275545 ) ) ;
#4036 = AXIS2_PLACEMENT_3D ( 'NONE', #421, #1619, #3901 ) ;
#4037 = DIRECTION ( 'NONE',  ( 0.000000000000000000, 1.000000000000000000, 0.000000000000000000 ) ) ;
#4038 = ORIENTED_EDGE ( 'NONE', *, *, #3915, .F. ) ;
#4039 = EDGE_CURVE ( 'NONE', #135, #4328, #2389, .T. ) ;
#4040 = LINE ( 'NONE', #3964, #446 ) ;
#4041 = FACE_OUTER_BOUND ( 'NONE', #1822, .T. ) ;
#4042 = ORIENTED_EDGE ( 'NONE', *, *, #2385, .F. ) ;
#4043 = DIRECTION ( 'NONE',  ( 0.000000000000000000, 1.000000000000000000, 0.000000000000000000 ) ) ;
#4044 = CARTESIAN_POINT ( 'NONE',  ( -265.5219321219680637, 1071.559999999999945, 2.837808823443983997 ) ) ;
#4045 = FACE_OUTER_BOUND ( 'NONE', #486, .T. ) ;
#4046 = ORIENTED_EDGE ( 'NONE', *, *, #4797, .T. ) ;
#4047 = CARTESIAN_POINT ( 'NONE',  ( -150.0731987924721693, 1075.559999999999945, 1.611780943679957057 ) ) ;
#4048 = ORIENTED_EDGE ( 'NONE', *, *, #3677, .F. ) ;
#4049 = ADVANCED_FACE ( 'NONE', ( #1616 ), #442, .F. ) ;
#4050 = CARTESIAN_POINT ( 'NONE',  ( -238.2652901195024242, 1071.559999999999945, 8.067388918634714301 ) ) ;
#4051 = CARTESIAN_POINT ( 'NONE',  ( -214.3987120984500905, 1075.559999999999945, 8.852874272441676240 ) ) ;
#4052 = CARTESIAN_POINT ( 'NONE',  ( -212.1074658580725441, 1076.159999999999854, 8.914555833679576935 ) ) ;
#4053 = ORIENTED_EDGE ( 'NONE', *, *, #2089, .T. ) ;
#4054 = DIRECTION ( 'NONE',  ( 0.000000000000000000, -1.000000000000000000, 0.000000000000000000 ) ) ;
#4055 = VECTOR ( 'NONE', #287, 1000.000000000000000 ) ;
#4056 = CARTESIAN_POINT ( 'NONE',  ( -241.7755728138486688, 1075.559999999999945, 11.50636481594427529 ) ) ;
#4057 = EDGE_CURVE ( 'NONE', #2589, #3739, #467, .T. ) ;
#4058 = CIRCLE ( 'NONE', #708, 0.5999999999999946487 ) ;
#4059 = ADVANCED_FACE ( 'NONE', ( #2125 ), #4179, .T. ) ;
#4060 = EDGE_CURVE ( 'NONE', #1196, #388, #2591, .T. ) ;
#4061 = CARTESIAN_POINT ( 'NONE',  ( -150.0731987924721693, 1076.559999999999945, 1.611780943679957057 ) ) ;
#4062 = EDGE_LOOP ( 'NONE', ( #3528, #3591, #2397, #4869, #1532 ) ) ;
#4063 = B_SPLINE_CURVE_WITH_KNOTS ( 'NONE', 3,
 ( #727, #1832, #2293, #1415 ),
 .UNSPECIFIED., .F., .F.,
 ( 4, 4 ),
 ( 0.8767451746707228821, 0.8785003871902007377 ),
 .UNSPECIFIED. ) ;
#4064 = CARTESIAN_POINT ( 'NONE',  ( 0.000000000000000000, 0.000000000000000000, 0.000000000000000000 ) ) ;
#4065 = CARTESIAN_POINT ( 'NONE',  ( -185.9315778033651441, 1071.559999999999718, 18.58588332090524275 ) ) ;
#4066 = VECTOR ( 'NONE', #2484, 1000.000000000000000 ) ;
#4067 = DIRECTION ( 'NONE',  ( 0.6888675014067476843, 0.000000000000000000, 0.7248872777926403943 ) ) ;
#4068 = ORIENTED_EDGE ( 'NONE', *, *, #3724, .T. ) ;
#4069 = EDGE_CURVE ( 'NONE', #2334, #2301, #948, .T. ) ;
#4070 = CARTESIAN_POINT ( 'NONE',  ( -133.4892954946326711, 1075.559999999999718, 26.90087127698614111 ) ) ;
#4071 = FACE_OUTER_BOUND ( 'NONE', #2552, .T. ) ;
#4072 = DIRECTION ( 'NONE',  ( -0.6888675014067582314, -0.000000000000000000, -0.7248872777926302913 ) ) ;
#4073 = VERTEX_POINT ( 'NONE', #1325 ) ;
#4074 = CARTESIAN_POINT ( 'NONE',  ( -207.6088182444988774, 1076.160000000000082, 21.31630018228780443 ) ) ;
#4075 = ORIENTED_EDGE ( 'NONE', *, *, #3527, .F. ) ;
#4076 = VERTEX_POINT ( 'NONE', #970 ) ;
#4077 = CARTESIAN_POINT ( 'NONE',  ( -133.7537577246343119, 1075.559999999999945, 26.88888592686829782 ) ) ;
#4078 = DIRECTION ( 'NONE',  ( 0.9996385584632172527, 0.000000000000000000, -0.02688405537825740849 ) ) ;
#4079 = CARTESIAN_POINT ( 'NONE',  ( -148.5690912535352766, 1075.559999999999945, 9.556892812096512202 ) ) ;
#4080 = CIRCLE ( 'NONE', #4978, 10.28966281883528033 ) ;
#4081 = AXIS2_PLACEMENT_3D ( 'NONE', #4747, #1930, #3513 ) ;
#4082 = DIRECTION ( 'NONE',  ( 0.000000000000000000, 1.000000000000000000, 0.000000000000000000 ) ) ;
#4083 = EDGE_LOOP ( 'NONE', ( #1236, #875, #460, #1549 ) ) ;
#4084 = AXIS2_PLACEMENT_3D ( 'NONE', #1889, #2760, #1860 ) ;
#4085 = LINE ( 'NONE', #603, #319 ) ;
#4086 = CARTESIAN_POINT ( 'NONE',  ( -211.4159398742862379, 1076.160000000000082, 17.60559082917006180 ) ) ;
#4087 = CARTESIAN_POINT ( 'NONE',  ( -208.7003987831496659, 1071.559999999999945, 18.88995528795540224 ) ) ;
#4088 = EDGE_LOOP ( 'NONE', ( #2395, #3147, #2055, #2217 ) ) ;
#4089 = DIRECTION ( 'NONE',  ( -0.000000000000000000, -1.000000000000000000, -0.000000000000000000 ) ) ;
#4090 = DIRECTION ( 'NONE',  ( 0.9868694262254011917, 0.000000000000000000, 0.1615200779517748375 ) ) ;
#4091 = EDGE_CURVE ( 'NONE', #2001, #4824, #4509, .T. ) ;
#4092 = CARTESIAN_POINT ( 'NONE',  ( -280.3490536555156041, 1071.559999999999945, 2.537585519907809672 ) ) ;
#4093 = ORIENTED_EDGE ( 'NONE', *, *, #2550, .F. ) ;
#4094 = LINE ( 'NONE', #2207, #949 ) ;
#4095 = ORIENTED_EDGE ( 'NONE', *, *, #2067, .F. ) ;
#4096 = CARTESIAN_POINT ( 'NONE',  ( -92.49999999999820943, 1075.559999999999945, 16.74722354252501688 ) ) ;
#4097 = ADVANCED_FACE ( 'NONE', ( #281 ), #3680, .T. ) ;
#4098 = CARTESIAN_POINT ( 'NONE',  ( -164.9945637137987831, 1075.559999999999945, 9.631325334794965443 ) ) ;
#4099 = CARTESIAN_POINT ( 'NONE',  ( -223.9361955043054593, 1076.559999999999945, 16.07829992242367467 ) ) ;
#4100 = ORIENTED_EDGE ( 'NONE', *, *, #1871, .F. ) ;
#4101 = LINE ( 'NONE', #3711, #1295 ) ;
#4102 = PRODUCT_DEFINITION_CONTEXT ( 'detailed design', #1432, 'design' ) ;
#4103 = ORIENTED_EDGE ( 'NONE', *, *, #3163, .T. ) ;
#4104 = AXIS2_PLACEMENT_3D ( 'NONE', #224, #4151, #4536 ) ;
#4105 = ORIENTED_EDGE ( 'NONE', *, *, #1567, .F. ) ;
#4106 = DIRECTION ( 'NONE',  ( 0.000000000000000000, 1.000000000000000000, 0.000000000000000000 ) ) ;
#4107 = CARTESIAN_POINT ( 'NONE',  ( -199.8196066857253754, 1071.559999999999945, 23.45158811887814565 ) ) ;
#4108 = DIRECTION ( 'NONE',  ( 0.9869698889881115544, 0.000000000000000000, 0.1609050596805300659 ) ) ;
#4109 = CARTESIAN_POINT ( 'NONE',  ( 0.000000000000000000, 1076.160000000000082, 0.000000000000000000 ) ) ;
#4110 = ORIENTED_EDGE ( 'NONE', *, *, #2406, .F. ) ;
#4111 = CARTESIAN_POINT ( 'NONE',  ( -200.6681584775574265, 1076.559999999999718, 22.50056321958523853 ) ) ;
#4112 = DIRECTION ( 'NONE',  ( -0.6888675014067476843, -0.000000000000000000, -0.7248872777926403943 ) ) ;
#4113 = CIRCLE ( 'NONE', #2146, 9.489662818840821856 ) ;
#4114 = DIRECTION ( 'NONE',  ( 0.000000000000000000, 1.000000000000000000, 0.000000000000000000 ) ) ;
#4115 = ORIENTED_EDGE ( 'NONE', *, *, #1463, .F. ) ;
#4116 = LINE ( 'NONE', #3320, #3750 ) ;
#4117 = VECTOR ( 'NONE', #3167, 1000.000000000000114 ) ;
#4118 = CARTESIAN_POINT ( 'NONE',  ( -265.7189512413806938, 1071.559999999999945, 5.831332410554418644 ) ) ;
#4119 = CARTESIAN_POINT ( 'NONE',  ( -141.1614346981550625, 1076.559999999999945, 27.35412429335869788 ) ) ;
#4120 = ORIENTED_EDGE ( 'NONE', *, *, #4383, .F. ) ;
#4121 = VECTOR ( 'NONE', #938, 1000.000000000000114 ) ;
#4122 = LINE ( 'NONE', #2099, #4799 ) ;
#4123 = ORIENTED_EDGE ( 'NONE', *, *, #3556, .T. ) ;
#4124 = CARTESIAN_POINT ( 'NONE',  ( -150.8175075873884339, 1076.559999999999945, 9.580563507086214514 ) ) ;
#4125 = CARTESIAN_POINT ( 'NONE',  ( -228.6383456797496763, 1071.559999999999945, 8.415405281992237363 ) ) ;
#4126 = CARTESIAN_POINT ( 'NONE',  ( -253.0842567710388948, 1076.160000000000082, 7.376365556833778037 ) ) ;
#4127 = VERTEX_POINT ( 'NONE', #2894 ) ;
#4128 = CARTESIAN_POINT ( 'NONE',  ( -199.9242113624516435, 1071.559999999999945, 20.39376857745499549 ) ) ;
#4129 = ORIENTED_EDGE ( 'NONE', *, *, #966, .F. ) ;
#4130 = EDGE_CURVE ( 'NONE', #3049, #2422, #588, .T. ) ;
#4131 = VECTOR ( 'NONE', #4550, 1000.000000000000000 ) ;
#4132 = EDGE_CURVE ( 'NONE', #901, #4923, #1632, .T. ) ;
#4133 = EDGE_CURVE ( 'NONE', #1869, #4467, #4152, .T. ) ;
#4134 = VERTEX_POINT ( 'NONE', #2617 ) ;
#4135 = LINE ( 'NONE', #4897, #406 ) ;
#4136 = CARTESIAN_POINT ( 'NONE',  ( -190.7528261741829567, 1075.559999999999945, 21.03932599842007178 ) ) ;
#4137 = CARTESIAN_POINT ( 'NONE',  ( -295.2960495101465881, 1076.559999999999945, 0.3249056940759760259 ) ) ;
#4138 = ADVANCED_FACE ( 'NONE', ( #3734 ), #2564, .T. ) ;
#4139 = PLANE ( 'NONE',  #3220 ) ;
#4140 = ORIENTED_EDGE ( 'NONE', *, *, #1975, .T. ) ;
#4141 = CARTESIAN_POINT ( 'NONE',  ( -204.0198766031240041, 1076.559999999999718, 22.74894886021436236 ) ) ;
#4142 = CARTESIAN_POINT ( 'NONE',  ( 0.000000000000000000, 1076.160000000000082, 0.000000000000000000 ) ) ;
#4143 = CARTESIAN_POINT ( 'NONE',  ( -114.4461369847590078, 1076.559999999999945, 8.572950441018029721 ) ) ;
#4144 = ORIENTED_EDGE ( 'NONE', *, *, #4849, .T. ) ;
#4145 = VECTOR ( 'NONE', #2845, 1000.000000000000000 ) ;
#4146 = LINE ( 'NONE', #4911, #1913 ) ;
#4147 = CARTESIAN_POINT ( 'NONE',  ( -112.2016622524414657, 1076.559999999999945, 28.10930200660953204 ) ) ;
#4148 = VERTEX_POINT ( 'NONE', #943 ) ;
#4149 = DIRECTION ( 'NONE',  ( -0.02688405537825339434, 0.000000000000000000, -0.9996385584632172527 ) ) ;
#4150 = VERTEX_POINT ( 'NONE', #2150 ) ;
#4151 = DIRECTION ( 'NONE',  ( 0.000000000000000000, 1.000000000000000000, 0.000000000000000000 ) ) ;
#4152 = LINE ( 'NONE', #1818, #3537 ) ;
#4153 = DIRECTION ( 'NONE',  ( -0.6888675014058621704, 0.000000000000000000, -0.7248872777934817213 ) ) ;
#4154 = EDGE_LOOP ( 'NONE', ( #4611, #558, #69, #816 ) ) ;
#4155 = CARTESIAN_POINT ( 'NONE',  ( -123.0048530695434579, 1075.559999999999945, 129.1603298418976067 ) ) ;
#4156 = ORIENTED_EDGE ( 'NONE', *, *, #3158, .T. ) ;
#4157 = ORIENTED_EDGE ( 'NONE', *, *, #929, .F. ) ;
#4158 = DIRECTION ( 'NONE',  ( -0.02646596929541232893, -0.000000000000000000, -0.9996497148847961478 ) ) ;
#4159 = CARTESIAN_POINT ( 'NONE',  ( -201.3951432444781915, 1076.559999999999945, 23.19115371877662213 ) ) ;
#4160 = EDGE_CURVE ( 'NONE', #1963, #286, #1842, .T. ) ;
#4161 = DIRECTION ( 'NONE',  ( 0.000000000000000000, 1.000000000000000000, -0.000000000000000000 ) ) ;
#4162 = EDGE_CURVE ( 'NONE', #3174, #2805, #4918, .T. ) ;
#4163 = LINE ( 'NONE', #3744, #2973 ) ;
#4164 = VERTEX_POINT ( 'NONE', #2914 ) ;
#4165 = CARTESIAN_POINT ( 'NONE',  ( -199.2943556865412518, 1071.559999999999945, 23.53756684725033921 ) ) ;
#4166 = EDGE_CURVE ( 'NONE', #355, #3725, #774, .T. ) ;
#4167 = CARTESIAN_POINT ( 'NONE',  ( -199.9545621159454640, 1071.559999999999945, 22.61840892145389859 ) ) ;
#4168 = VECTOR ( 'NONE', #1949, 1000.000000000000000 ) ;
#4169 = VECTOR ( 'NONE', #4027, 1000.000000000000000 ) ;
#4170 = LINE ( 'NONE', #5005, #4879 ) ;
#4171 = VECTOR ( 'NONE', #3200, 1000.000000000000227 ) ;
#4172 = ORIENTED_EDGE ( 'NONE', *, *, #444, .F. ) ;
#4173 = CARTESIAN_POINT ( 'NONE',  ( -240.4624955004808839, 1076.559999999999945, 7.187158872640684315 ) ) ;
#4174 = EDGE_CURVE ( 'NONE', #4617, #61, #2243, .T. ) ;
#4175 = LINE ( 'NONE', #3786, #3926 ) ;
#4176 = ORIENTED_EDGE ( 'NONE', *, *, #2385, .T. ) ;
#4177 = LINE ( 'NONE', #4226, #789 ) ;
#4178 = ORIENTED_EDGE ( 'NONE', *, *, #1967, .F. ) ;
#4179 = CYLINDRICAL_SURFACE ( 'NONE', #3874, 0.6007478931679237633 ) ;
#4180 = CARTESIAN_POINT ( 'NONE',  ( -92.49999999999820943, 1071.559999999999945, 16.74722354252501688 ) ) ;
#4181 = ORIENTED_EDGE ( 'NONE', *, *, #2699, .F. ) ;
#4182 = CARTESIAN_POINT ( 'NONE',  ( -202.8083584354855589, 1076.559999999999945, 22.14236987475667817 ) ) ;
#4183 = EDGE_LOOP ( 'NONE', ( #4539, #2638, #4075, #2648 ) ) ;
#4184 = ORIENTED_EDGE ( 'NONE', *, *, #1424, .T. ) ;
#4185 = CARTESIAN_POINT ( 'NONE',  ( -132.8079613817489815, 1071.559999999999945, 8.488640521341494605 ) ) ;
#4186 = CARTESIAN_POINT ( 'NONE',  ( -207.4639956143157349, 1076.559999999999945, 22.15386049546942360 ) ) ;
#4187 = CARTESIAN_POINT ( 'NONE',  ( -202.9702015903480401, 1071.559999999999945, 22.92703483733168923 ) ) ;
#4188 = CARTESIAN_POINT ( 'NONE',  ( -290.3163669963039979, 1076.559999999999945, 0.8276152839852459753 ) ) ;
#4189 = DIRECTION ( 'NONE',  ( 0.000000000000000000, 1.000000000000000000, 0.000000000000000000 ) ) ;
#4190 = ORIENTED_EDGE ( 'NONE', *, *, #2259, .T. ) ;
#4191 = CARTESIAN_POINT ( 'NONE',  ( -99.99778022952415313, 1075.559999999999945, 23.97971956385083914 ) ) ;
#4192 = LINE ( 'NONE', #4930, #4359 ) ;
#4193 = EDGE_CURVE ( 'NONE', #1196, #3359, #3378, .T. ) ;
#4194 = CARTESIAN_POINT ( 'NONE',  ( -260.6240663350704381, 1076.559999999999718, 6.159236989585118671 ) ) ;
#4195 = ORIENTED_EDGE ( 'NONE', *, *, #252, .T. ) ;
#4196 = CARTESIAN_POINT ( 'NONE',  ( -290.3110310810689043, 1071.559999999999945, 3.099905874881267120 ) ) ;
#4197 = CARTESIAN_POINT ( 'NONE',  ( -119.0667696627180590, 1071.559999999999945, 28.12804715761673435 ) ) ;
#4198 = FACE_OUTER_BOUND ( 'NONE', #2646, .T. ) ;
#4199 = VECTOR ( 'NONE', #748, 1000.000000000000000 ) ;
#4200 = DIRECTION ( 'NONE',  ( 0.6888675014067525693, 0.000000000000000000, 0.7248872777926356203 ) ) ;
#4201 = EDGE_CURVE ( 'NONE', #4631, #2820, #2991, .T. ) ;
#4202 = EDGE_LOOP ( 'NONE', ( #1247, #4615, #4750, #1148, #3965, #3258 ) ) ;
#4203 = DIRECTION ( 'NONE',  ( 0.000000000000000000, 0.000000000000000000, 1.000000000000000000 ) ) ;
#4204 = ORIENTED_EDGE ( 'NONE', *, *, #368, .F. ) ;
#4205 = CARTESIAN_POINT ( 'NONE',  ( -201.3816641243797960, 1076.559999999999945, 22.38189762034626540 ) ) ;
#4206 = EDGE_LOOP ( 'NONE', ( #412, #3318, #3303, #1001 ) ) ;
#4207 = VECTOR ( 'NONE', #4762, 1000.000000000000000 ) ;
#4208 = EDGE_CURVE ( 'NONE', #696, #4073, #4891, .T. ) ;
#4209 = ORIENTED_EDGE ( 'NONE', *, *, #3442, .F. ) ;
#4210 = SURFACE_STYLE_USAGE ( .BOTH. , #3897 ) ;
#4211 = CARTESIAN_POINT ( 'NONE',  ( -206.9999999999962483, 1071.559999999999945, 22.23483620101558955 ) ) ;
#4212 = CARTESIAN_POINT ( 'NONE',  ( -233.9222184833684253, 1076.160000000000082, 13.19005079516628953 ) ) ;
#4213 = DIRECTION ( 'NONE',  ( 0.1746121354988603991, 0.000000000000000000, -0.9846372947113711804 ) ) ;
#4214 = EDGE_CURVE ( 'NONE', #955, #4150, #4622, .T. ) ;
#4215 = CARTESIAN_POINT ( 'NONE',  ( -249.5323828282672309, 1076.160000000000082, 9.767544422943682747 ) ) ;
#4216 = CARTESIAN_POINT ( 'NONE',  ( -117.0799586928299334, 1076.160000000000082, 111.2622349437988021 ) ) ;
#4217 = DIRECTION ( 'NONE',  ( -0.000000000000000000, -1.000000000000000000, -0.000000000000000000 ) ) ;
#4218 = CARTESIAN_POINT ( 'NONE',  ( -99.13813852873971655, 1071.559999999999945, 23.95660055259052967 ) ) ;
#4219 = ORIENTED_EDGE ( 'NONE', *, *, #2788, .T. ) ;
#4220 = ADVANCED_FACE ( 'NONE', ( #4684 ), #790, .F. ) ;
#4221 = PLANE ( 'NONE',  #4616 ) ;
#4222 = EDGE_CURVE ( 'NONE', #2692, #2120, #4449, .T. ) ;
#4223 = CARTESIAN_POINT ( 'NONE',  ( -233.9222184833684253, 1075.559999999999945, 13.19005079516628953 ) ) ;
#4224 = EDGE_CURVE ( 'NONE', #4148, #4631, #2544, .T. ) ;
#4225 = DIRECTION ( 'NONE',  ( 0.9697008434041186620, 0.000000000000000000, 0.2442954651673688027 ) ) ;
#4226 = CARTESIAN_POINT ( 'NONE',  ( -241.8427587424435785, 1075.559999999999945, 10.92287269651167492 ) ) ;
#4227 = VERTEX_POINT ( 'NONE', #3814 ) ;
#4228 = CARTESIAN_POINT ( 'NONE',  ( -207.6959565576752880, 1071.559999999999945, 22.11326104438598961 ) ) ;
#4229 = VERTEX_POINT ( 'NONE', #1922 ) ;
#4230 = ADVANCED_FACE ( 'NONE', ( #2358 ), #3428, .T. ) ;
#4231 = CARTESIAN_POINT ( 'NONE',  ( -197.1720843583220812, 1076.559999999999945, -32.27098701116202761 ) ) ;
#4232 = VERTEX_POINT ( 'NONE', #3891 ) ;
#4233 = VECTOR ( 'NONE', #885, 1000.000000000000000 ) ;
#4234 = ORIENTED_EDGE ( 'NONE', *, *, #4019, .F. ) ;
#4235 = CARTESIAN_POINT ( 'NONE',  ( -165.6199228654897695, 1075.559999999999945, 24.35749995129728163 ) ) ;
#4236 = DIRECTION ( 'NONE',  ( 0.000000000000000000, 0.000000000000000000, 1.000000000000000000 ) ) ;
#4237 = B_SPLINE_CURVE_WITH_KNOTS ( 'NONE', 3,
 ( #4807, #215, #4909, #2090, #554, #2862, #1782 ),
 .UNSPECIFIED., .F., .F.,
 ( 4, 1, 1, 1, 4 ),
 ( 0.1730835121489162076, 0.1743140018632464150, 0.1839856049517671899, 0.1888214064960275773, 0.1936572080402879370 ),
 .UNSPECIFIED. ) ;
#4238 = CARTESIAN_POINT ( 'NONE',  ( -130.8533786264969194, 1071.559999999999945, 27.04426762654682648 ) ) ;
#4239 = CARTESIAN_POINT ( 'NONE',  ( -297.6853304517512697, 1076.559999999999945, 0.07763497806489894071 ) ) ;
#4240 = DIRECTION ( 'NONE',  ( 0.000000000000000000, -1.000000000000000000, 0.000000000000000000 ) ) ;
#4241 = CARTESIAN_POINT ( 'NONE',  ( -207.2804213068037029, 1071.559999999999945, 21.37377749006560279 ) ) ;
#4242 = LINE ( 'NONE', #2294, #1245 ) ;
#4243 = B_SPLINE_SURFACE_WITH_KNOTS ( 'NONE', 3, 1, ( 
 ( #1611, #3177 ),
 ( #4738, #1227 ),
 ( #841, #864 ),
 ( #3966, #918 ) ),
 .UNSPECIFIED., .F., .F., .F.,
 ( 4, 4 ),
 ( 2, 2 ),
 ( 0.000000000000000000, 0.003642191162603974908 ),
 ( 0.000000000000000000, 1.000000000000000000 ),
 .UNSPECIFIED. ) ;
#4244 = CARTESIAN_POINT ( 'NONE',  ( -254.9539109580283309, 1071.559999999999945, 8.516572991783290192 ) ) ;
#4245 = EDGE_LOOP ( 'NONE', ( #4700, #2631, #4304, #357 ) ) ;
#4246 = CARTESIAN_POINT ( 'NONE',  ( -198.1422474298467478, 1076.560000000000173, 19.87634079533027887 ) ) ;
#4247 = CARTESIAN_POINT ( 'NONE',  ( -123.0258495498965630, 1071.559999999999945, 8.956862106542892832 ) ) ;
#4248 = VERTEX_POINT ( 'NONE', #4276 ) ;
#4249 = VECTOR ( 'NONE', #671, 1000.000000000000000 ) ;
#4250 = CARTESIAN_POINT ( 'NONE',  ( -179.5174658420146159, 1075.559999999999945, 9.534537799040732509 ) ) ;
#4251 = ORIENTED_EDGE ( 'NONE', *, *, #3100, .T. ) ;
#4252 = EDGE_CURVE ( 'NONE', #3359, #439, #4636, .T. ) ;
#4253 = DIRECTION ( 'NONE',  ( 0.000000000000000000, 1.000000000000000000, 0.000000000000000000 ) ) ;
#4254 = ORIENTED_EDGE ( 'NONE', *, *, #4543, .F. ) ;
#4255 = CARTESIAN_POINT ( 'NONE',  ( -98.79510912553676860, 1076.559999999999945, 10.31514758700471290 ) ) ;
#4256 = ORIENTED_EDGE ( 'NONE', *, *, #1904, .F. ) ;
#4257 = ORIENTED_EDGE ( 'NONE', *, *, #1396, .T. ) ;
#4258 = DIRECTION ( 'NONE',  ( 0.000000000000000000, 0.000000000000000000, 1.000000000000000000 ) ) ;
#4259 = EDGE_CURVE ( 'NONE', #117, #1289, #3479, .T. ) ;
#4260 = CARTESIAN_POINT ( 'NONE',  ( -171.5645189584764694, 1076.560000000000173, 9.608143046185489311 ) ) ;
#4261 = CARTESIAN_POINT ( 'NONE',  ( -129.5036039825373280, 1075.559999999999945, 123.0685471126735138 ) ) ;
#4262 = CARTESIAN_POINT ( 'NONE',  ( -271.2861602184574963, 1071.559999999999945, 2.447696926411727869 ) ) ;
#4263 = CARTESIAN_POINT ( 'NONE',  ( -190.3431479854152144, 1076.559999999999945, -31.15330081486230185 ) ) ;
#4264 = EDGE_CURVE ( 'NONE', #19, #719, #1123, .T. ) ;
#4265 = LINE ( 'NONE', #4216, #1541 ) ;
#4266 = CARTESIAN_POINT ( 'NONE',  ( -248.6624568184566044, 1075.559999999999945, 9.966476533802739013 ) ) ;
#4267 = CARTESIAN_POINT ( 'NONE',  ( -150.8221721565745383, 1071.559999999999945, 8.847120223398674099 ) ) ;
#4268 = ORIENTED_EDGE ( 'NONE', *, *, #1870, .F. ) ;
#4269 = DIRECTION ( 'NONE',  ( 0.000000000000000000, 1.000000000000000000, 0.000000000000000000 ) ) ;
#4270 = CARTESIAN_POINT ( 'NONE',  ( -134.1085022721686926, 1075.559999999999945, 3.550555210029526787 ) ) ;
#4271 = CARTESIAN_POINT ( 'NONE',  ( -267.1688184859921762, 987.6799999999998363, 8.607714735570468179 ) ) ;
#4272 = VERTEX_POINT ( 'NONE', #3918 ) ;
#4273 = LINE ( 'NONE', #3761, #4554 ) ;
#4274 = ORIENTED_EDGE ( 'NONE', *, *, #4660, .F. ) ;
#4275 = B_SPLINE_CURVE_WITH_KNOTS ( 'NONE', 3,
 ( #1218, #1966, #3571, #428 ),
 .UNSPECIFIED., .F., .F.,
 ( 4, 4 ),
 ( 0.8564952732850421580, 0.8767451746725726247 ),
 .UNSPECIFIED. ) ;
#4276 = CARTESIAN_POINT ( 'NONE',  ( -149.8126463061967684, 1075.559999999999945, 25.87186741635287035 ) ) ;
#4277 = ORIENTED_EDGE ( 'NONE', *, *, #1034, .T. ) ;
#4278 = CARTESIAN_POINT ( 'NONE',  ( -280.3490536555156041, 1076.160000000000082, 2.537585519907809672 ) ) ;
#4279 = VERTEX_POINT ( 'NONE', #411 ) ;
#4280 =( BOUNDED_CURVE ( )  B_SPLINE_CURVE ( 3, ( #3406, #591, #2917, #1798 ),
 .UNSPECIFIED., .F., .T. ) 
 B_SPLINE_CURVE_WITH_KNOTS ( ( 4, 4 ),
 ( 0.3751752574793590367, 1.879331243436178633 ),
 .UNSPECIFIED. ) 
 CURVE ( )  GEOMETRIC_REPRESENTATION_ITEM ( )  RATIONAL_B_SPLINE_CURVE ( ( 1.000000000000000000, 0.8201805664002025376, 0.8201805664002025376, 1.000000000000000000 ) ) 
 REPRESENTATION_ITEM ( '' )  );
#4281 = EDGE_LOOP ( 'NONE', ( #3817, #4589, #1892, #4771 ) ) ;
#4282 = PLANE ( 'NONE',  #3816 ) ;
#4283 = CARTESIAN_POINT ( 'NONE',  ( -179.2562670229021933, 1075.559999999999945, 9.537415898453824425 ) ) ;
#4284 = LINE ( 'NONE', #4717, #4199 ) ;
#4285 = VECTOR ( 'NONE', #1794, 999.9999999999998863 ) ;
#4286 = EDGE_CURVE ( 'NONE', #592, #1228, #3462, .T. ) ;
#4287 = LINE ( 'NONE', #1983, #730 ) ;
#4288 = ADVANCED_FACE ( 'NONE', ( #1453 ), #4363, .T. ) ;
#4289 = VECTOR ( 'NONE', #1336, 1000.000000000000000 ) ;
#4290 = CARTESIAN_POINT ( 'NONE',  ( -237.8803495755753659, 1071.559999999999945, 13.20663139703280642 ) ) ;
#4291 = CARTESIAN_POINT ( 'NONE',  ( -111.7890298152394024, 1071.559999999999945, 11.46489243595242691 ) ) ;
#4292 = CARTESIAN_POINT ( 'NONE',  ( -232.7573189821811752, 1075.559999999999945, 13.43332594171660332 ) ) ;
#4293 = EDGE_LOOP ( 'NONE', ( #270, #424, #1096 ) ) ;
#4294 = ADVANCED_FACE ( 'NONE', ( #1298 ), #1687, .F. ) ;
#4295 = VERTEX_POINT ( 'NONE', #485 ) ;
#4296 = DIRECTION ( 'NONE',  ( 0.1609050596805300659, 0.000000000000000000, -0.9869698889881115544 ) ) ;
#4297 = CARTESIAN_POINT ( 'NONE',  ( -197.4637948362277768, 1071.559999999999945, 16.61013806504951518 ) ) ;
#4298 = PLANE ( 'NONE',  #2576 ) ;
#4299 = PLANE ( 'NONE',  #4084 ) ;
#4300 = ORIENTED_EDGE ( 'NONE', *, *, #1214, .T. ) ;
#4301 = CARTESIAN_POINT ( 'NONE',  ( -258.7028822036019164, 987.6799999999998363, -42.17616278367351867 ) ) ;
#4302 = ORIENTED_EDGE ( 'NONE', *, *, #2929, .T. ) ;
#4303 = CARTESIAN_POINT ( 'NONE',  ( -207.4639956143156212, 1071.559999999999945, 22.15386049546945912 ) ) ;
#4304 = ORIENTED_EDGE ( 'NONE', *, *, #1698, .F. ) ;
#4305 = DIRECTION ( 'NONE',  ( -0.9868694262254313898, 0.000000000000000000, -0.1615200779515908180 ) ) ;
#4306 = ORIENTED_EDGE ( 'NONE', *, *, #464, .F. ) ;
#4307 = FACE_BOUND ( 'NONE', #268, .T. ) ;
#4308 = DIRECTION ( 'NONE',  ( 0.000000000000000000, 0.000000000000000000, 1.000000000000000000 ) ) ;
#4309 = CARTESIAN_POINT ( 'NONE',  ( -152.7139117670832320, 1071.559999999999945, 25.70190672669911436 ) ) ;
#4310 = VECTOR ( 'NONE', #3753, 1000.000000000000000 ) ;
#4311 = CARTESIAN_POINT ( 'NONE',  ( -245.2527964867221897, 1075.559999999999945, 7.758224667827782639 ) ) ;
#4312 = PLANE ( 'NONE',  #1545 ) ;
#4313 = EDGE_CURVE ( 'NONE', #3505, #931, #2791, .T. ) ;
#4314 = CARTESIAN_POINT ( 'NONE',  ( -280.6338063822633444, 1071.559999999999945, 5.055185953166628998 ) ) ;
#4315 = ORIENTED_EDGE ( 'NONE', *, *, #989, .F. ) ;
#4316 = VERTEX_POINT ( 'NONE', #3175 ) ;
#4317 = EDGE_CURVE ( 'NONE', #4761, #3099, #4351, .T. ) ;
#4318 = DIRECTION ( 'NONE',  ( 0.6888675014067456859, 0.000000000000000000, 0.7248872777926422817 ) ) ;
#4319 = B_SPLINE_CURVE_WITH_KNOTS ( 'NONE', 3,
 ( #1939, #2783, #1237, #2039, #3192, #85, #3544, #780, #3494 ),
 .UNSPECIFIED., .F., .F.,
 ( 4, 1, 1, 1, 1, 1, 4 ),
 ( 0.03891155862395586501, 0.04061555485876838789, 0.04231955109357731643, 0.05452787951388714249, 0.06815984939235858464, 0.08179181927083004067, 0.09615905530104609800 ),
 .UNSPECIFIED. ) ;
#4320 = CARTESIAN_POINT ( 'NONE',  ( -199.5983691911525852, 1076.559999999999945, 20.44752092437513014 ) ) ;
#4321 = CARTESIAN_POINT ( 'NONE',  ( -269.3505351005277362, 1076.559999999999945, 8.883550396761069834 ) ) ;
#4322 = DIRECTION ( 'NONE',  ( 0.000000000000000000, 1.000000000000000000, 0.000000000000000000 ) ) ;
#4323 = CARTESIAN_POINT ( 'NONE',  ( -192.5000000004401102, 1071.559999999999945, 11.02593237100210644 ) ) ;
#4324 = CARTESIAN_POINT ( 'NONE',  ( -140.1163786704161112, 1076.560000000000173, 26.58487205923218966 ) ) ;
#4325 = ORIENTED_EDGE ( 'NONE', *, *, #899, .F. ) ;
#4326 = EDGE_CURVE ( 'NONE', #3099, #1161, #4040, .T. ) ;
#4327 = DIRECTION ( 'NONE',  ( 0.000000000000000000, 1.000000000000000000, 0.000000000000000000 ) ) ;
#4328 = VERTEX_POINT ( 'NONE', #1197 ) ;
#4329 = CARTESIAN_POINT ( 'NONE',  ( -164.2408507539463471, 1075.559999999999945, 24.50836570483255628 ) ) ;
#4330 = ORIENTED_EDGE ( 'NONE', *, *, #1335, .T. ) ;
#4331 = VECTOR ( 'NONE', #1159, 1000.000000000000000 ) ;
#4332 = VECTOR ( 'NONE', #4712, 1000.000000000000000 ) ;
#4333 = B_SPLINE_CURVE_WITH_KNOTS ( 'NONE', 3,
 ( #853, #777, #4647, #4292 ),
 .UNSPECIFIED., .F., .F.,
 ( 4, 4 ),
 ( 0.07191289096770601963, 0.07307916071570241812 ),
 .UNSPECIFIED. ) ;
#4334 = CARTESIAN_POINT ( 'NONE',  ( -237.6737849170121422, 1071.559999999999945, 8.080994594439903977 ) ) ;
#4335 = CARTESIAN_POINT ( 'NONE',  ( -209.3189339495797867, 1076.559999999999945, 21.82700662259038893 ) ) ;
#4336 = VECTOR ( 'NONE', #734, 1000.000000000000000 ) ;
#4337 = CARTESIAN_POINT ( 'NONE',  ( -232.7573189821812605, 1076.160000000000082, 13.43332594171667260 ) ) ;
#4338 = CARTESIAN_POINT ( 'NONE',  ( -195.3360694465486347, 1076.560000000000173, 9.294554018944209517 ) ) ;
#4339 = LINE ( 'NONE', #5052, #766 ) ;
#4340 = CARTESIAN_POINT ( 'NONE',  ( -285.9904385892309051, 1071.559999999999945, 3.527721545625652766 ) ) ;
#4341 = ORIENTED_EDGE ( 'NONE', *, *, #3034, .T. ) ;
#4342 = VERTEX_POINT ( 'NONE', #2864 ) ;
#4343 = LINE ( 'NONE', #4677, #178 ) ;
#4344 = CARTESIAN_POINT ( 'NONE',  ( -257.5087377909017050, 1075.559999999999945, 7.897858416091774636 ) ) ;
#4345 = DIRECTION ( 'NONE',  ( 0.000000000000000000, 0.000000000000000000, -1.000000000000000000 ) ) ;
#4346 = EDGE_CURVE ( 'NONE', #1144, #2306, #4735, .T. ) ;
#4347 = CARTESIAN_POINT ( 'NONE',  ( -197.4637948362279758, 1071.559999999999945, 16.61013806504954360 ) ) ;
#4348 = AXIS2_PLACEMENT_3D ( 'NONE', #1718, #466, #75 ) ;
#4349 = CARTESIAN_POINT ( 'NONE',  ( -148.9397601185791871, 1075.559999999999945, 25.94133847265610981 ) ) ;
#4350 = ORIENTED_EDGE ( 'NONE', *, *, #849, .F. ) ;
#4351 = LINE ( 'NONE', #2020, #2159 ) ;
#4352 = EDGE_LOOP ( 'NONE', ( #1472, #4563, #4956, #4018, #2737, #3818 ) ) ;
#4353 = CARTESIAN_POINT ( 'NONE',  ( 0.000000000000000000, 1075.559999999999945, 0.000000000000000000 ) ) ;
#4354 = ORIENTED_EDGE ( 'NONE', *, *, #3678, .F. ) ;
#4355 = FACE_OUTER_BOUND ( 'NONE', #4721, .T. ) ;
#4356 = CARTESIAN_POINT ( 'NONE',  ( -208.8553664710644853, 1076.559999999999945, 21.90915847559406515 ) ) ;
#4357 = CARTESIAN_POINT ( 'NONE',  ( -150.2687402517264559, 1071.559999999999945, 9.575102033815495517 ) ) ;
#4358 = FACE_OUTER_BOUND ( 'NONE', #4969, .T. ) ;
#4359 = VECTOR ( 'NONE', #728, 1000.000000000000000 ) ;
#4360 = VECTOR ( 'NONE', #3459, 1000.000000000000000 ) ;
#4361 = LINE ( 'NONE', #851, #3620 ) ;
#4362 = DIRECTION ( 'NONE',  ( 4.625929269271728134E-14, 0.000000000000000000, 1.000000000000000000 ) ) ;
#4363 = B_SPLINE_SURFACE_WITH_KNOTS ( 'NONE', 13, 1, ( 
 ( #3021, #1147 ),
 ( #3098, #3045 ),
 ( #4661, #1074 ),
 ( #4612, #1099 ),
 ( #2667, #763 ),
 ( #2331, #385 ),
 ( #3502, #4015 ),
 ( #3526, #2409 ),
 ( #1661, #4400 ),
 ( #2456, #509 ),
 ( #2068, #459 ),
 ( #4376, #2479 ),
 ( #2840, #3247 ),
 ( #4810, #1609 ) ),
 .UNSPECIFIED., .F., .F., .F.,
 ( 14, 14 ),
 ( 2, 2 ),
 ( 0.000000000000000000, 0.03891155862375503260 ),
 ( 0.000000000000000000, 1.000000000000000000 ),
 .UNSPECIFIED. ) ;
#4364 = VERTEX_POINT ( 'NONE', #2048 ) ;
#4365 = VECTOR ( 'NONE', #1217, 1000.000000000000227 ) ;
#4366 = ORIENTED_EDGE ( 'NONE', *, *, #3743, .F. ) ;
#4367 = DIRECTION ( 'NONE',  ( -0.7248872777926381739, 0.000000000000000000, 0.6888675014067500157 ) ) ;
#4368 = DIRECTION ( 'NONE',  ( 0.000000000000000000, 0.000000000000000000, -1.000000000000000000 ) ) ;
#4369 = DIRECTION ( 'NONE',  ( -0.9996497148847962588, 0.000000000000000000, 0.02646596929541078502 ) ) ;
#4370 = VECTOR ( 'NONE', #505, 1000.000000000000114 ) ;
#4371 = LINE ( 'NONE', #859, #2504 ) ;
#4372 = CARTESIAN_POINT ( 'NONE',  ( -148.6143614906584105, 1075.559999999999945, 25.96668747503433750 ) ) ;
#4373 = EDGE_CURVE ( 'NONE', #186, #3212, #3210, .T. ) ;
#4374 = ORIENTED_EDGE ( 'NONE', *, *, #586, .F. ) ;
#4375 = EDGE_CURVE ( 'NONE', #2897, #2345, #3575, .T. ) ;
#4376 = CARTESIAN_POINT ( 'NONE',  ( -295.2192840322690586, 1071.559999999999945, 1.574556936924517148 ) ) ;
#4377 = EDGE_CURVE ( 'NONE', #1788, #914, #2608, .T. ) ;
#4378 = ORIENTED_EDGE ( 'NONE', *, *, #3658, .T. ) ;
#4379 = CARTESIAN_POINT ( 'NONE',  ( -264.1907845933566250, 987.6799999999998363, -17.38774865901275035 ) ) ;
#4380 = VERTEX_POINT ( 'NONE', #3942 ) ;
#4381 = DIRECTION ( 'NONE',  ( 0.000000000000000000, -1.000000000000000000, 0.000000000000000000 ) ) ;
#4382 = CARTESIAN_POINT ( 'NONE',  ( -112.8759871213074035, 1071.559999999999945, 3.035661502803514988 ) ) ;
#4383 = EDGE_CURVE ( 'NONE', #3725, #4394, #4437, .T. ) ;
#4384 = CARTESIAN_POINT ( 'NONE',  ( -196.7460255135926559, 1071.559999999999945, 11.88892099099184030 ) ) ;
#4385 = ORIENTED_EDGE ( 'NONE', *, *, #3308, .T. ) ;
#4386 = CARTESIAN_POINT ( 'NONE',  ( -209.0859260276425289, 1076.160000000000082, 21.05576183635142584 ) ) ;
#4387 = ORIENTED_EDGE ( 'NONE', *, *, #929, .T. ) ;
#4388 = CARTESIAN_POINT ( 'NONE',  ( -253.5796452974663566, 1075.559999999999945, 8.346190340468080393 ) ) ;
#4389 = EDGE_CURVE ( 'NONE', #4861, #3541, #862, .T. ) ;
#4390 = CARTESIAN_POINT ( 'NONE',  ( -202.8083584354855589, 1071.559999999999945, 22.14236987475667817 ) ) ;
#4391 = ORIENTED_EDGE ( 'NONE', *, *, #2606, .F. ) ;
#4392 = AXIS2_PLACEMENT_3D ( 'NONE', #4955, #2197, #4578 ) ;
#4393 = CARTESIAN_POINT ( 'NONE',  ( -190.1890343106762202, 1071.559999999999945, 9.385866078298587212 ) ) ;
#4394 = VERTEX_POINT ( 'NONE', #1583 ) ;
#4395 = CARTESIAN_POINT ( 'NONE',  ( -194.3434337935484848, 1071.559999999999945, 9.312927148811843026 ) ) ;
#4396 = CARTESIAN_POINT ( 'NONE',  ( -266.5147033832301418, 1071.559999999999945, 5.740492526924503736 ) ) ;
#4397 = CARTESIAN_POINT ( 'NONE',  ( -177.8347060208644734, 1076.559999999999945, 9.552397563119125579 ) ) ;
#4398 = CARTESIAN_POINT ( 'NONE',  ( -207.6088182447378472, 1071.559999999999945, 21.31630018224581846 ) ) ;
#4399 = VERTEX_POINT ( 'NONE', #3148 ) ;
#4400 = CARTESIAN_POINT ( 'NONE',  ( -287.8070055319132052, 1076.559999999999945, 3.847726477019951297 ) ) ;
#4401 = EDGE_LOOP ( 'NONE', ( #4144, #2988, #972, #3071, #488 ) ) ;
#4402 = CARTESIAN_POINT ( 'NONE',  ( -165.5953102936683194, 1076.559999999999945, 9.630069181646565113 ) ) ;
#4403 = EDGE_LOOP ( 'NONE', ( #3353, #630, #3607, #5040 ) ) ;
#4404 = CARTESIAN_POINT ( 'NONE',  ( -133.9566240984102024, 1076.559999999999945, 9.287166304838097020 ) ) ;
#4405 = CARTESIAN_POINT ( 'NONE',  ( -112.2016622524414657, 1071.559999999999945, 28.10930200660904177 ) ) ;
#4406 = PLANE ( 'NONE',  #4693 ) ;
#4407 = ORIENTED_EDGE ( 'NONE', *, *, #3675, .F. ) ;
#4408 = AXIS2_PLACEMENT_3D ( 'NONE', #2081, #129, #1701 ) ;
#4409 = AXIS2_PLACEMENT_3D ( 'NONE', #3042, #3094, #2326 ) ;
#4410 = CARTESIAN_POINT ( 'NONE',  ( -287.7366072058259761, 1076.559999999999945, 1.077373546408352922 ) ) ;
#4411 = VECTOR ( 'NONE', #4106, 1000.000000000000000 ) ;
#4412 = ADVANCED_FACE ( 'NONE', ( #1246 ), #3551, .T. ) ;
#4413 = ORIENTED_EDGE ( 'NONE', *, *, #1649, .T. ) ;
#4414 = AXIS2_PLACEMENT_3D ( 'NONE', #4047, #3257, #1282 ) ;
#4415 = CARTESIAN_POINT ( 'NONE',  ( -205.9721878599850129, 1076.160000000000082, 9.068250896802055649 ) ) ;
#4416 = CARTESIAN_POINT ( 'NONE',  ( -206.0857816699618468, 1071.559999999999945, 22.19069640953050992 ) ) ;
#4417 = EDGE_CURVE ( 'NONE', #3162, #2792, #2610, .T. ) ;
#4418 = CARTESIAN_POINT ( 'NONE',  ( -196.5973170367266505, 1076.559999999999945, 19.37185055998881822 ) ) ;
#4419 = ORIENTED_EDGE ( 'NONE', *, *, #3968, .F. ) ;
#4420 = CARTESIAN_POINT ( 'NONE',  ( -195.3379530300249769, 1071.559999999999945, 9.848132904470276117 ) ) ;
#4421 = CARTESIAN_POINT ( 'NONE',  ( -253.5702622127026302, 1075.559999999999945, 8.831944534661470669 ) ) ;
#4422 = B_SPLINE_CURVE_WITH_KNOTS ( 'NONE', 3,
 ( #4372, #4349, #1243, #2838, #3988 ),
 .UNSPECIFIED., .F., .F.,
 ( 4, 1, 4 ),
 ( 0.1519564020860878495, 0.1529489641800148014, 0.1531734661531852226 ),
 .UNSPECIFIED. ) ;
#4423 = CARTESIAN_POINT ( 'NONE',  ( -133.9566291355090470, 1075.559999999999945, 9.286974893465032466 ) ) ;
#4424 = LINE ( 'NONE', #913, #53 ) ;
#4425 = EDGE_LOOP ( 'NONE', ( #4868, #4995, #173, #3022 ) ) ;
#4426 = DIRECTION ( 'NONE',  ( 0.000000000000000000, 0.000000000000000000, 1.000000000000000000 ) ) ;
#4427 = CARTESIAN_POINT ( 'NONE',  ( -237.8656650733815923, 1075.559999999999945, 8.073344651954698747 ) ) ;
#4428 = ORIENTED_EDGE ( 'NONE', *, *, #4845, .F. ) ;
#4429 = CARTESIAN_POINT ( 'NONE',  ( -266.3727187654356499, 1076.160000000000082, 3.583167371676566404 ) ) ;
#4430 = ORIENTED_EDGE ( 'NONE', *, *, #4974, .T. ) ;
#4431 = CARTESIAN_POINT ( 'NONE',  ( -133.1133349853133154, 1075.559999999999945, 126.4989099470498530 ) ) ;
#4432 = CARTESIAN_POINT ( 'NONE',  ( -119.0667696627180590, 1071.559999999999945, 28.12804715761673435 ) ) ;
#4433 = CARTESIAN_POINT ( 'NONE',  ( -207.0000000000000000, 1071.559999999999945, 12.74517338218778839 ) ) ;
#4434 = ORIENTED_EDGE ( 'NONE', *, *, #2342, .F. ) ;
#4435 = DIRECTION ( 'NONE',  ( 0.7248872777926372857, 0.000000000000000000, -0.6888675014067506819 ) ) ;
#4436 = ORIENTED_EDGE ( 'NONE', *, *, #3907, .F. ) ;
#4437 = B_SPLINE_CURVE_WITH_KNOTS ( 'NONE', 3,
 ( #535, #2816, #1636, #1271 ),
 .UNSPECIFIED., .F., .F.,
 ( 4, 4 ),
 ( 0.1142625518259317574, 0.1149940070025151501 ),
 .UNSPECIFIED. ) ;
#4438 = CARTESIAN_POINT ( 'NONE',  ( -255.0275276099420694, 1071.559999999999945, 7.279903762745472129 ) ) ;
#4439 = EDGE_CURVE ( 'NONE', #1625, #3380, #247, .T. ) ;
#4440 = EDGE_CURVE ( 'NONE', #2832, #791, #4859, .T. ) ;
#4441 = LINE ( 'NONE', #4872, #2041 ) ;
#4442 = ADVANCED_FACE ( 'NONE', ( #1344 ), #2986, .T. ) ;
#4443 = AXIS2_PLACEMENT_3D ( 'NONE', #1506, #330, #4203 ) ;
#4444 = DIRECTION ( 'NONE',  ( -0.9866923960217687251, 0.000000000000000000, -0.1625980185390379362 ) ) ;
#4445 = ORIENTED_EDGE ( 'NONE', *, *, #4440, .F. ) ;
#4446 = DIRECTION ( 'NONE',  ( -0.7248872777932441336, 0.000000000000000000, 0.6888675014061121926 ) ) ;
#4447 = EDGE_CURVE ( 'NONE', #148, #3332, #2907, .T. ) ;
#4448 = FACE_OUTER_BOUND ( 'NONE', #1610, .T. ) ;
#4449 = CIRCLE ( 'NONE', #4443, 10.28966281883023548 ) ;
#4450 = DIRECTION ( 'NONE',  ( -0.1615200779517296792, 0.000000000000000000, 0.9868694262254085192 ) ) ;
#4451 = ORIENTED_EDGE ( 'NONE', *, *, #582, .F. ) ;
#4452 = DIRECTION ( 'NONE',  ( -0.000000000000000000, -1.000000000000000000, -0.000000000000000000 ) ) ;
#4453 = DIRECTION ( 'NONE',  ( 0.06567303980419199327, 0.000000000000000000, -0.9978411957034430957 ) ) ;
#4454 = VERTEX_POINT ( 'NONE', #4118 ) ;
#4455 = DIRECTION ( 'NONE',  ( -0.9996385584632172527, 0.000000000000000000, 0.02688405537825339434 ) ) ;
#4456 = B_SPLINE_CURVE_WITH_KNOTS ( 'NONE', 3,
 ( #782, #64, #2014, #3911 ),
 .UNSPECIFIED., .F., .F.,
 ( 4, 4 ),
 ( 0.7880112891793900065, 0.7898443539604079744 ),
 .UNSPECIFIED. ) ;
#4457 = CARTESIAN_POINT ( 'NONE',  ( -164.9945637137987831, 1076.559999999999945, 9.631325334794965443 ) ) ;
#4458 = DIRECTION ( 'NONE',  ( 0.000000000000000000, 1.000000000000000000, 0.000000000000000000 ) ) ;
#4459 = EDGE_LOOP ( 'NONE', ( #4110, #4325, #193, #4665 ) ) ;
#4460 = CARTESIAN_POINT ( 'NONE',  ( -208.1013072351374831, 1076.160000000000082, 21.22977619805093141 ) ) ;
#4461 = ORIENTED_EDGE ( 'NONE', *, *, #4753, .F. ) ;
#4462 = LINE ( 'NONE', #127, #237 ) ;
#4463 = CARTESIAN_POINT ( 'NONE',  ( -205.9721878599850129, 1071.559999999999945, 9.068250896802055649 ) ) ;
#4464 = FACE_OUTER_BOUND ( 'NONE', #2596, .T. ) ;
#4465 = EDGE_CURVE ( 'NONE', #2689, #355, #2500, .T. ) ;
#4466 = CARTESIAN_POINT ( 'NONE',  ( -112.6701787603263796, 1071.559999999999945, 10.68830060044215280 ) ) ;
#4467 = VERTEX_POINT ( 'NONE', #3372 ) ;
#4468 = FACE_OUTER_BOUND ( 'NONE', #2926, .T. ) ;
#4469 = LINE ( 'NONE', #3643, #772 ) ;
#4470 = AXIS2_PLACEMENT_3D ( 'NONE', #787, #2814, #3916 ) ;
#4471 = EDGE_CURVE ( 'NONE', #4279, #4272, #4983, .T. ) ;
#4472 = CARTESIAN_POINT ( 'NONE',  ( -195.3379530300248632, 1076.559999999999945, 9.848132904470201510 ) ) ;
#4473 = ORIENTED_EDGE ( 'NONE', *, *, #5000, .T. ) ;
#4474 = DIRECTION ( 'NONE',  ( -0.6896405168819198517, 0.000000000000000000, 0.7241518884010720303 ) ) ;
#4475 = CARTESIAN_POINT ( 'NONE',  ( -103.7443451577470483, 1076.160000000000082, -109.1689705120440550 ) ) ;
#4476 = AXIS2_PLACEMENT_3D ( 'NONE', #336, #3153, #365 ) ;
#4477 = CARTESIAN_POINT ( 'NONE',  ( -252.0785529312161088, 1071.559999999999945, 7.428040943588809952 ) ) ;
#4478 = ORIENTED_EDGE ( 'NONE', *, *, #2948, .F. ) ;
#4479 = CARTESIAN_POINT ( 'NONE',  ( -133.4897968323721216, 1075.559999999999491, 26.90084870841565845 ) ) ;
#4480 = VERTEX_POINT ( 'NONE', #3321 ) ;
#4481 = CARTESIAN_POINT ( 'NONE',  ( -160.2332887747899122, 1076.559999999999945, 9.638339581770708264 ) ) ;
#4482 = DIRECTION ( 'NONE',  ( 0.000000000000000000, 0.000000000000000000, -1.000000000000000000 ) ) ;
#4483 = DIRECTION ( 'NONE',  ( -0.000000000000000000, -1.000000000000000000, -0.000000000000000000 ) ) ;
#4484 = EDGE_LOOP ( 'NONE', ( #1319, #3351, #2980, #2962 ) ) ;
#4485 = CARTESIAN_POINT ( 'NONE',  ( 0.000000000000000000, 1076.160000000000082, 0.000000000000000000 ) ) ;
#4486 = EDGE_LOOP ( 'NONE', ( #3847, #827, #1897, #5010 ) ) ;
#4487 = VECTOR ( 'NONE', #4153, 1000.000000000000114 ) ;
#4488 = ORIENTED_EDGE ( 'NONE', *, *, #2571, .F. ) ;
#4489 = CARTESIAN_POINT ( 'NONE',  ( -214.2693268016380159, 1076.160000000000082, 8.868458665993404821 ) ) ;
#4490 = DIRECTION ( 'NONE',  ( 0.9996385584632171417, 0.000000000000000000, -0.02688405537825548988 ) ) ;
#4491 = FACE_OUTER_BOUND ( 'NONE', #2235, .T. ) ;
#4492 = VECTOR ( 'NONE', #881, 1000.000000000000114 ) ;
#4493 = VECTOR ( 'NONE', #5017, 1000.000000000000000 ) ;
#4494 = CARTESIAN_POINT ( 'NONE',  ( -205.9721878599850129, 1076.159999999999854, 9.068250896802055649 ) ) ;
#4495 = ORIENTED_EDGE ( 'NONE', *, *, #1242, .T. ) ;
#4496 = CARTESIAN_POINT ( 'NONE',  ( -202.8083584355939024, 1071.559999999999945, 22.14236987473928409 ) ) ;
#4497 = DIRECTION ( 'NONE',  ( 0.6888675014067489055, 0.000000000000000000, 0.7248872777926391731 ) ) ;
#4498 = DIRECTION ( 'NONE',  ( 0.6888675014067489055, 0.000000000000000000, 0.7248872777926391731 ) ) ;
#4499 = VERTEX_POINT ( 'NONE', #2888 ) ;
#4500 = CARTESIAN_POINT ( 'NONE',  ( -148.6143614906584105, 1076.559999999999945, 25.96668747503434105 ) ) ;
#4501 = EDGE_CURVE ( 'NONE', #4328, #2597, #3727, .T. ) ;
#4502 = CARTESIAN_POINT ( 'NONE',  ( -80.42685347601852186, 1076.559999999999945, -84.63224460233963953 ) ) ;
#4503 = EDGE_CURVE ( 'NONE', #888, #2561, #1293, .T. ) ;
#4504 = CARTESIAN_POINT ( 'NONE',  ( -113.8284090580020518, 1076.559999999999945, 28.12009005535462336 ) ) ;
#4505 = VERTEX_POINT ( 'NONE', #2093 ) ;
#4506 = CARTESIAN_POINT ( 'NONE',  ( -293.2676002059569100, 1076.160000000000082, 1.330312713633433841 ) ) ;
#4507 = ORIENTED_EDGE ( 'NONE', *, *, #2923, .F. ) ;
#4508 = CYLINDRICAL_SURFACE ( 'NONE', #4104, 0.5999999999999946487 ) ;
#4509 = LINE ( 'NONE', #2233, #3796 ) ;
#4510 = DIRECTION ( 'NONE',  ( -0.02688405537825740502, 0.000000000000000000, -0.9996385584632171417 ) ) ;
#4511 = VERTEX_POINT ( 'NONE', #187 ) ;
#4512 = EDGE_CURVE ( 'NONE', #3664, #2032, #4146, .T. ) ;
#4513 = ORIENTED_EDGE ( 'NONE', *, *, #2875, .F. ) ;
#4514 = ORIENTED_EDGE ( 'NONE', *, *, #1491, .T. ) ;
#4515 = CARTESIAN_POINT ( 'NONE',  ( -199.9545621159454640, 1071.559999999999945, 22.61840892145389859 ) ) ;
#4516 = CARTESIAN_POINT ( 'NONE',  ( -199.2943556865412802, 1076.559999999999945, 23.53756684725036052 ) ) ;
#4517 = LINE ( 'NONE', #1851, #2289 ) ;
#4518 = CARTESIAN_POINT ( 'NONE',  ( -148.8736908028978974, 1075.559999999999945, 1.598898269525066418 ) ) ;
#4519 = ORIENTED_EDGE ( 'NONE', *, *, #2202, .T. ) ;
#4520 = CARTESIAN_POINT ( 'NONE',  ( -202.5706112383826110, 1076.559999999999718, 22.18250123607173663 ) ) ;
#4521 = CARTESIAN_POINT ( 'NONE',  ( -200.0871256530375035, 1071.559999999999945, 20.36680898016317443 ) ) ;
#4522 = ADVANCED_FACE ( 'NONE', ( #1395 ), #2554, .T. ) ;
#4523 = LINE ( 'NONE', #1471, #1524 ) ;
#4524 = ORIENTED_EDGE ( 'NONE', *, *, #3507, .T. ) ;
#4525 = CARTESIAN_POINT ( 'NONE',  ( -114.4461369916279239, 1075.559999999999945, 8.572950447545627739 ) ) ;
#4526 = VECTOR ( 'NONE', #2516, 1000.000000000000114 ) ;
#4527 = CARTESIAN_POINT ( 'NONE',  ( -173.4395179607336104, 1076.559999999999945, 8.866531246998681226 ) ) ;
#4528 = CARTESIAN_POINT ( 'NONE',  ( -249.5323828282672309, 1076.160000000000082, 9.767544422943682747 ) ) ;
#4529 = ORIENTED_EDGE ( 'NONE', *, *, #1313, .T. ) ;
#4530 = VECTOR ( 'NONE', #264, 999.9999999999998863 ) ;
#4531 = EDGE_CURVE ( 'NONE', #2049, #2061, #1759, .T. ) ;
#4532 = DIRECTION ( 'NONE',  ( 0.000000000000000000, -1.000000000000000000, 0.000000000000000000 ) ) ;
#4533 = ADVANCED_FACE ( 'NONE', ( #4884 ), #2936, .F. ) ;
#4534 = ORIENTED_EDGE ( 'NONE', *, *, #3774, .T. ) ;
#4535 = ADVANCED_FACE ( 'NONE', ( #2661 ), #4221, .F. ) ;
#4536 = DIRECTION ( 'NONE',  ( 0.000000000000000000, 0.000000000000000000, -1.000000000000000000 ) ) ;
#4537 = CARTESIAN_POINT ( 'NONE',  ( -92.49999999999820943, 1076.559999999999945, 16.74722354252501688 ) ) ;
#4538 = CARTESIAN_POINT ( 'NONE',  ( -199.7847458220604153, 1071.559999999999945, -35.63943605080581278 ) ) ;
#4539 = ORIENTED_EDGE ( 'NONE', *, *, #521, .F. ) ;
#4540 = CARTESIAN_POINT ( 'NONE',  ( -194.3434337935484848, 1076.559999999999945, 9.312927148811843026 ) ) ;
#4541 = ORIENTED_EDGE ( 'NONE', *, *, #2688, .F. ) ;
#4542 = EDGE_LOOP ( 'NONE', ( #4115, #1522, #1977, #3330, #3476 ) ) ;
#4543 = EDGE_CURVE ( 'NONE', #4134, #706, #893, .T. ) ;
#4544 = DIRECTION ( 'NONE',  ( 0.8137065930674930447, 0.000000000000000000, 0.5812758212746280684 ) ) ;
#4545 = CARTESIAN_POINT ( 'NONE',  ( -204.5445826916472356, 1071.559999999999945, 22.65931296444701104 ) ) ;
#4546 = CARTESIAN_POINT ( 'NONE',  ( -290.3163669963039979, 1071.559999999999945, 0.8276152839852459753 ) ) ;
#4547 = CARTESIAN_POINT ( 'NONE',  ( -250.7585574397953678, 1075.559999999999945, 7.495065790711741727 ) ) ;
#4548 = ORIENTED_EDGE ( 'NONE', *, *, #56, .F. ) ;
#4549 = DIRECTION ( 'NONE',  ( -0.6888675014067500157, 0.000000000000000000, -0.7248872777926381739 ) ) ;
#4550 = DIRECTION ( 'NONE',  ( 0.000000000000000000, 1.000000000000000000, 0.000000000000000000 ) ) ;
#4551 = CARTESIAN_POINT ( 'NONE',  ( -112.6261548481651005, 1075.559999999999945, 12.32525601775581237 ) ) ;
#4552 = EDGE_LOOP ( 'NONE', ( #936, #3334, #4120, #3178, #3454, #4681, #1861, #3209, #3896, #804, #4709, #494, #2872, #3245, #437, #3116, #1226, #1073, #1652, #4300, #1063, #1176, #2794, #4843, #4603, #10, #4896, #1200, #3304, #1596, #2649, #1767, #991, #3908, #1934, #2261, #4791, #1269, #1699, #1121, #2742 ) ) ;
#4553 = CARTESIAN_POINT ( 'NONE',  ( -115.5180971449239138, 1076.559999999999945, 7.824897445543522956 ) ) ;
#4554 = VECTOR ( 'NONE', #251, 1000.000000000000227 ) ;
#4555 = LINE ( 'NONE', #2641, #408 ) ;
#4556 = ORIENTED_EDGE ( 'NONE', *, *, #1755, .T. ) ;
#4557 = CARTESIAN_POINT ( 'NONE',  ( -166.9276137466527814, 1076.559999999999945, 24.21216429911450518 ) ) ;
#4558 = ORIENTED_EDGE ( 'NONE', *, *, #1463, .T. ) ;
#4559 = DIRECTION ( 'NONE',  ( 0.000000000000000000, 1.000000000000000000, 0.000000000000000000 ) ) ;
#4560 = CARTESIAN_POINT ( 'NONE',  ( -214.3987121032641596, 1071.559999999999945, 8.852874277016599791 ) ) ;
#4561 = ORIENTED_EDGE ( 'NONE', *, *, #384, .T. ) ;
#4562 = CARTESIAN_POINT ( 'NONE',  ( -195.3379530300249769, 1076.559999999999718, 9.848132904470276117 ) ) ;
#4563 = ORIENTED_EDGE ( 'NONE', *, *, #4931, .T. ) ;
#4564 = B_SPLINE_CURVE_WITH_KNOTS ( 'NONE', 3,
 ( #4650, #4246, #4581, #377 ),
 .UNSPECIFIED., .F., .F.,
 ( 4, 4 ),
 ( 0.1058581375166447597, 0.1095003286792484154 ),
 .UNSPECIFIED. ) ;
#4565 = ORIENTED_EDGE ( 'NONE', *, *, #3612, .T. ) ;
#4566 = DIRECTION ( 'NONE',  ( 0.5217872676265272736, 0.000000000000000000, 0.8530756398718948308 ) ) ;
#4567 = CARTESIAN_POINT ( 'NONE',  ( -207.4639956143157349, 1071.559999999999945, 22.15386049546942360 ) ) ;
#4568 = CARTESIAN_POINT ( 'NONE',  ( 0.2273156052836086960, 1075.559999999999945, 8.452349944409522919 ) ) ;
#4569 = DIRECTION ( 'NONE',  ( 0.000000000000000000, -1.000000000000000000, 0.000000000000000000 ) ) ;
#4570 = CARTESIAN_POINT ( 'NONE',  ( -220.6196549160298161, 1076.160000000000082, 15.86831721222931080 ) ) ;
#4571 = ORIENTED_EDGE ( 'NONE', *, *, #2852, .F. ) ;
#4572 = DIRECTION ( 'NONE',  ( -0.06567303980429951837, 0.000000000000000000, 0.9978411957034358792 ) ) ;
#4573 = CARTESIAN_POINT ( 'NONE',  ( -201.3816641243797960, 1071.559999999999945, 22.38189762034626540 ) ) ;
#4574 = VECTOR ( 'NONE', #3903, 1000.000000000000000 ) ;
#4575 = AXIS2_PLACEMENT_3D ( 'NONE', #4485, #3737, #308 ) ;
#4576 = EDGE_CURVE ( 'NONE', #3721, #4635, #1500, .T. ) ;
#4577 = EDGE_LOOP ( 'NONE', ( #3975, #2357, #2509 ) ) ;
#4578 = DIRECTION ( 'NONE',  ( 0.7248872777926388400, 0.000000000000000000, -0.6888675014067492386 ) ) ;
#4579 = AXIS2_PLACEMENT_3D ( 'NONE', #351, #2354, #1917 ) ;
#4580 = ORIENTED_EDGE ( 'NONE', *, *, #4826, .F. ) ;
#4581 = CARTESIAN_POINT ( 'NONE',  ( -196.8942442888733240, 1076.560000000000173, 20.07854190588583876 ) ) ;
#4582 = CARTESIAN_POINT ( 'NONE',  ( -187.7373297071445677, 1071.559999999999945, 22.37045568561516617 ) ) ;
#4583 = ORIENTED_EDGE ( 'NONE', *, *, #1180, .F. ) ;
#4584 = CARTESIAN_POINT ( 'NONE',  ( -190.1890343106762202, 1076.559999999999945, 9.385866078298587212 ) ) ;
#4585 = VERTEX_POINT ( 'NONE', #1837 ) ;
#4586 = CARTESIAN_POINT ( 'NONE',  ( 0.000000000000000000, 1076.160000000000082, 0.000000000000000000 ) ) ;
#4587 = ORIENTED_EDGE ( 'NONE', *, *, #475, .F. ) ;
#4588 = CARTESIAN_POINT ( 'NONE',  ( -69.44017073439228227, 1076.160000000000082, -106.5031585958866600 ) ) ;
#4589 = ORIENTED_EDGE ( 'NONE', *, *, #2526, .T. ) ;
#4590 = ORIENTED_EDGE ( 'NONE', *, *, #3638, .T. ) ;
#4591 =( LENGTH_UNIT ( ) NAMED_UNIT ( * ) SI_UNIT ( .MILLI., .METRE. ) );
#4592 = CARTESIAN_POINT ( 'NONE',  ( -259.3915731957194453, 1076.160000000000082, 7.445118414260939232 ) ) ;
#4593 = CARTESIAN_POINT ( 'NONE',  ( -205.0691912267875239, 1071.559999999999945, 22.56928586450358765 ) ) ;
#4594 = CARTESIAN_POINT ( 'NONE',  ( -285.1034899448663396, 1076.559999999999945, 1.323141469737680875 ) ) ;
#4595 = VECTOR ( 'NONE', #3972, 1000.000000000000000 ) ;
#4596 = EDGE_CURVE ( 'NONE', #3739, #1920, #4564, .T. ) ;
#4597 = CARTESIAN_POINT ( 'NONE',  ( -179.5174658420144738, 1071.559999999999945, 9.534537799040691652 ) ) ;
#4598 = EDGE_CURVE ( 'NONE', #4134, #1188, #3039, .T. ) ;
#4599 = ADVANCED_FACE ( 'NONE', ( #273 ), #2274, .T. ) ;
#4600 = DIRECTION ( 'NONE',  ( 0.000000000000000000, 1.000000000000000000, 0.000000000000000000 ) ) ;
#4601 = CARTESIAN_POINT ( 'NONE',  ( -200.6681584774412954, 1071.559999999999945, 22.50056321960455463 ) ) ;
#4602 = CARTESIAN_POINT ( 'NONE',  ( -265.7189512413807506, 1076.559999999999718, 5.831332410555692292 ) ) ;
#4603 = ORIENTED_EDGE ( 'NONE', *, *, #1558, .T. ) ;
#4604 = EDGE_CURVE ( 'NONE', #719, #2839, #663, .T. ) ;
#4605 = CARTESIAN_POINT ( 'NONE',  ( -269.3505351005277362, 1071.559999999999945, 8.883550396761069834 ) ) ;
#4606 = VECTOR ( 'NONE', #396, 1000.000000000000000 ) ;
#4607 = CARTESIAN_POINT ( 'NONE',  ( -135.8203959127808957, 1071.559999999999945, 9.371846716018461976 ) ) ;
#4608 = EDGE_LOOP ( 'NONE', ( #450, #30, #1895, #965 ) ) ;
#4609 = AXIS2_PLACEMENT_3D ( 'NONE', #4586, #1893, #5015 ) ;
#4610 = FACE_OUTER_BOUND ( 'NONE', #2694, .T. ) ;
#4611 = ORIENTED_EDGE ( 'NONE', *, *, #3677, .T. ) ;
#4612 = CARTESIAN_POINT ( 'NONE',  ( -274.7847390680257718, 1071.559999999999945, 7.475225215045603555 ) ) ;
#4613 = ORIENTED_EDGE ( 'NONE', *, *, #4375, .T. ) ;
#4614 = CARTESIAN_POINT ( 'NONE',  ( -285.8727052897787075, 1076.160000000000082, 2.045397586167052584 ) ) ;
#4615 = ORIENTED_EDGE ( 'NONE', *, *, #3779, .F. ) ;
#4616 = AXIS2_PLACEMENT_3D ( 'NONE', #1940, #3422, #1164 ) ;
#4617 = VERTEX_POINT ( 'NONE', #1114 ) ;
#4618 = DIRECTION ( 'NONE',  ( -0.6782016225132055931, 0.000000000000000000, 0.7348758801460661960 ) ) ;
#4619 = DIRECTION ( 'NONE',  ( -0.8137065930674930447, 0.000000000000000000, -0.5812758212746280684 ) ) ;
#4620 = DIRECTION ( 'NONE',  ( 0.000000000000000000, 1.000000000000000000, 0.000000000000000000 ) ) ;
#4621 = DIRECTION ( 'NONE',  ( 0.01060253998722140815, 0.000000000000000000, -0.9999437914932116644 ) ) ;
#4622 = B_SPLINE_CURVE_WITH_KNOTS ( 'NONE', 13,
 ( #693, #3838, #5069, #1478, #2302, #3451, #738, #2645, #2741, #1865, #4228, #4303, #2257, #1561 ),
 .UNSPECIFIED., .F., .F.,
 ( 14, 14 ),
 ( 0.09615886558896399872, 0.09908392822498211794 ),
 .UNSPECIFIED. ) ;
#4623 = CARTESIAN_POINT ( 'NONE',  ( -32.84410089086770057, 1076.160000000000082, -82.24809755320866600 ) ) ;
#4624 = CARTESIAN_POINT ( 'NONE',  ( -264.9890575499149463, 1076.160000000000082, -17.44028709088449247 ) ) ;
#4625 = DIRECTION ( 'NONE',  ( 0.000000000000000000, 1.000000000000000000, -0.000000000000000000 ) ) ;
#4626 = EDGE_CURVE ( 'NONE', #1144, #4364, #1317, .T. ) ;
#4627 = CARTESIAN_POINT ( 'NONE',  ( -260.8576000460811315, 1071.559999999999945, 7.086686038612372229 ) ) ;
#4628 = ORIENTED_EDGE ( 'NONE', *, *, #2191, .T. ) ;
#4629 = DIRECTION ( 'NONE',  ( 0.000000000000000000, 0.000000000000000000, -1.000000000000000000 ) ) ;
#4630 = DIRECTION ( 'NONE',  ( 0.000000000000000000, 0.000000000000000000, -1.000000000000000000 ) ) ;
#4631 = VERTEX_POINT ( 'NONE', #2297 ) ;
#4632 = ADVANCED_FACE ( 'NONE', ( #1914 ), #3473, .F. ) ;
#4633 = VECTOR ( 'NONE', #4666, 1000.000000000000114 ) ;
#4634 = DIRECTION ( 'NONE',  ( -0.8137065930674900471, -0.000000000000000000, -0.5812758212746321762 ) ) ;
#4635 = VERTEX_POINT ( 'NONE', #1141 ) ;
#4636 = LINE ( 'NONE', #4962, #22 ) ;
#4637 = ORIENTED_EDGE ( 'NONE', *, *, #3845, .T. ) ;
#4638 = CARTESIAN_POINT ( 'NONE',  ( -285.8727052897787075, 1071.559999999999945, 2.045397586167052584 ) ) ;
#4639 = ORIENTED_EDGE ( 'NONE', *, *, #340, .F. ) ;
#4640 = VECTOR ( 'NONE', #1707, 1000.000000000000114 ) ;
#4641 = EDGE_LOOP ( 'NONE', ( #1943, #1509, #2740, #2990 ) ) ;
#4642 = CARTESIAN_POINT ( 'NONE',  ( -208.3916840874417176, 1071.559999999999945, 21.99101949770100006 ) ) ;
#4643 = FACE_OUTER_BOUND ( 'NONE', #462, .T. ) ;
#4644 = LINE ( 'NONE', #773, #1708 ) ;
#4645 = CARTESIAN_POINT ( 'NONE',  ( -237.8803495755753659, 1076.559999999999945, 13.20663139703280642 ) ) ;
#4646 = DIRECTION ( 'NONE',  ( 0.000000000000000000, 0.000000000000000000, 1.000000000000000000 ) ) ;
#4647 = CARTESIAN_POINT ( 'NONE',  ( -233.1459903762954582, 1075.559999999999945, 13.35243548218993936 ) ) ;
#4648 = CARTESIAN_POINT ( 'NONE',  ( -150.8221721565745383, 1076.559999999999718, 8.847120223398674099 ) ) ;
#4649 = ORIENTED_EDGE ( 'NONE', *, *, #1182, .T. ) ;
#4650 = CARTESIAN_POINT ( 'NONE',  ( -199.3900147404567633, 1076.559999999999945, 19.67087083983462392 ) ) ;
#4651 = AXIS2_PLACEMENT_3D ( 'NONE', #2015, #1220, #3548 ) ;
#4652 = CARTESIAN_POINT ( 'NONE',  ( -129.5036039825373280, 1076.160000000000082, 123.0685471126735138 ) ) ;
#4653 = DIRECTION ( 'NONE',  ( 0.000000000000000000, 1.000000000000000000, 0.000000000000000000 ) ) ;
#4654 = VECTOR ( 'NONE', #1615, 1000.000000000000000 ) ;
#4655 = FACE_OUTER_BOUND ( 'NONE', #4952, .T. ) ;
#4656 = VECTOR ( 'NONE', #2600, 1000.000000000000000 ) ;
#4657 = CARTESIAN_POINT ( 'NONE',  ( -260.8337779111555506, 1071.559999999999945, 6.940564282655069306 ) ) ;
#4658 = EDGE_CURVE ( 'NONE', #4961, #4635, #2707, .T. ) ;
#4659 = ORIENTED_EDGE ( 'NONE', *, *, #1360, .T. ) ;
#4660 = EDGE_CURVE ( 'NONE', #788, #3249, #2227, .T. ) ;
#4661 = CARTESIAN_POINT ( 'NONE',  ( -272.0829353892401059, 1071.559999999999945, 8.182179439901650753 ) ) ;
#4662 = VERTEX_POINT ( 'NONE', #3570 ) ;
#4663 = FACE_OUTER_BOUND ( 'NONE', #4542, .T. ) ;
#4664 = ORIENTED_EDGE ( 'NONE', *, *, #3533, .T. ) ;
#4665 = ORIENTED_EDGE ( 'NONE', *, *, #444, .T. ) ;
#4666 = DIRECTION ( 'NONE',  ( 0.06567303980419199327, 0.000000000000000000, -0.9978411957034430957 ) ) ;
#4667 = DIRECTION ( 'NONE',  ( 0.001877162694607148203, 0.000000000000000000, -0.9999982381285568156 ) ) ;
#4668 = EDGE_CURVE ( 'NONE', #163, #593, #63, .T. ) ;
#4669 = CARTESIAN_POINT ( 'NONE',  ( -190.7528261741829567, 1076.559999999999945, 21.03932599842007178 ) ) ;
#4670 = CARTESIAN_POINT ( 'NONE',  ( -268.4179018058591737, 1076.559999999999945, 2.647210226057559179 ) ) ;
#4671 = EDGE_LOOP ( 'NONE', ( #4251, #4172, #452, #1388 ) ) ;
#4672 = DIRECTION ( 'NONE',  ( 0.6888675014067464630, 0.000000000000000000, 0.7248872777926413935 ) ) ;
#4673 = CARTESIAN_POINT ( 'NONE',  ( -104.2954391588726253, 1075.559999999999945, -109.7488803342781409 ) ) ;
#4674 = CARTESIAN_POINT ( 'NONE',  ( 0.000000000000000000, 1076.160000000000082, 0.000000000000000000 ) ) ;
#4675 = ORIENTED_EDGE ( 'NONE', *, *, #4949, .T. ) ;
#4676 = VERTEX_POINT ( 'NONE', #4297 ) ;
#4677 = CARTESIAN_POINT ( 'NONE',  ( 0.5936727027209521834, 1071.559999999999945, 22.07472482841619765 ) ) ;
#4678 = CARTESIAN_POINT ( 'NONE',  ( -295.2192840322690586, 1071.559999999999945, 1.574556936924517148 ) ) ;
#4679 = LINE ( 'NONE', #2785, #3627 ) ;
#4680 = CARTESIAN_POINT ( 'NONE',  ( -178.9948662403234891, 1075.559999999999945, 22.72094172497846643 ) ) ;
#4681 = ORIENTED_EDGE ( 'NONE', *, *, #283, .F. ) ;
#4682 = CARTESIAN_POINT ( 'NONE',  ( -187.8555102931843237, 1075.559999999999945, 17.45826335425561382 ) ) ;
#4683 = VERTEX_POINT ( 'NONE', #427 ) ;
#4684 = FACE_OUTER_BOUND ( 'NONE', #793, .T. ) ;
#4685 = ORIENTED_EDGE ( 'NONE', *, *, #4326, .F. ) ;
#4686 = CARTESIAN_POINT ( 'NONE',  ( -266.3727187654357067, 1076.160000000000082, 3.583167371676564628 ) ) ;
#4687 = ORIENTED_EDGE ( 'NONE', *, *, #4626, .T. ) ;
#4688 = ADVANCED_FACE ( 'NONE', ( #2352 ), #3580, .T. ) ;
#4689 = EDGE_CURVE ( 'NONE', #1296, #2370, #1672, .T. ) ;
#4690 = DIRECTION ( 'NONE',  ( 0.000000000000000000, 1.000000000000000000, 0.000000000000000000 ) ) ;
#4691 = CARTESIAN_POINT ( 'NONE',  ( -209.5506729540250603, 1071.559999999999945, 21.78582230357037375 ) ) ;
#4692 = DIRECTION ( 'NONE',  ( 3.348215267877944312E-15, 0.000000000000000000, 1.000000000000000000 ) ) ;
#4693 = AXIS2_PLACEMENT_3D ( 'NONE', #1306, #4768, #2824 ) ;
#4694 = CARTESIAN_POINT ( 'NONE',  ( -204.6840424348383465, 1076.160000000000082, 19.59130311651662737 ) ) ;
#4695 = ADVANCED_FACE ( 'NONE', ( #403 ), #3518, .F. ) ;
#4696 = VECTOR ( 'NONE', #1489, 1000.000000000000114 ) ;
#4697 = VERTEX_POINT ( 'NONE', #503 ) ;
#4698 = CARTESIAN_POINT ( 'NONE',  ( -143.6891950119036778, 1076.559999999999945, 9.500873599623222532 ) ) ;
#4699 = CARTESIAN_POINT ( 'NONE',  ( -268.3117575011433473, 1071.559999999999945, 8.318369645161142856 ) ) ;
#4700 = ORIENTED_EDGE ( 'NONE', *, *, #1667, .F. ) ;
#4701 = EDGE_CURVE ( 'NONE', #863, #3721, #2671, .T. ) ;
#4702 = VERTEX_POINT ( 'NONE', #4395 ) ;
#4703 = DIRECTION ( 'NONE',  ( -0.7248872777926422817, 0.000000000000000000, 0.6888675014067456859 ) ) ;
#4704 = CARTESIAN_POINT ( 'NONE',  ( -200.0871256493979899, 1076.559999999999945, 20.36680898076434332 ) ) ;
#4705 = CARTESIAN_POINT ( 'NONE',  ( -272.0829353892401059, 1076.559999999999945, 8.182179439901650753 ) ) ;
#4706 = CARTESIAN_POINT ( 'NONE',  ( -300.0000000000000000, 1071.559999999999945, 0.000000000000000000 ) ) ;
#4707 = CARTESIAN_POINT ( 'NONE',  ( -165.6199228654897695, 1075.559999999999945, 24.35749995129728163 ) ) ;
#4708 = CARTESIAN_POINT ( 'NONE',  ( -190.0606051026418584, 1071.559999999999945, 21.14460090871749998 ) ) ;
#4709 = ORIENTED_EDGE ( 'NONE', *, *, #3788, .T. ) ;
#4710 = DIRECTION ( 'NONE',  ( -0.9996497148847961478, 0.000000000000000000, 0.02646596929541232893 ) ) ;
#4711 = ORIENTED_EDGE ( 'NONE', *, *, #5030, .T. ) ;
#4712 = DIRECTION ( 'NONE',  ( 0.000000000000000000, -1.000000000000000000, 0.000000000000000000 ) ) ;
#4713 = ORIENTED_EDGE ( 'NONE', *, *, #4576, .F. ) ;
#4714 = ADVANCED_FACE ( 'NONE', ( #4780 ), #1990, .F. ) ;
#4715 = CARTESIAN_POINT ( 'NONE',  ( -133.1133349853133154, 1076.160000000000082, 126.4989099470498530 ) ) ;
#4716 = DIRECTION ( 'NONE',  ( -0.6888675014067464630, -0.000000000000000000, -0.7248872777926413935 ) ) ;
#4717 = CARTESIAN_POINT ( 'NONE',  ( -133.7537577297897826, 1071.559999999999945, 26.88888592144322232 ) ) ;
#4718 = VECTOR ( 'NONE', #1177, 1000.000000000000000 ) ;
#4719 = AXIS2_PLACEMENT_3D ( 'NONE', #1097, #5039, #1423 ) ;
#4720 = CARTESIAN_POINT ( 'NONE',  ( -194.3434337935484848, 1071.559999999999945, 9.312927148811843026 ) ) ;
#4721 = EDGE_LOOP ( 'NONE', ( #2985, #1638, #2918, #2885, #4105, #1140, #919, #3574, #3421, #4254, #5073, #5036, #4580, #4123, #1363, #4256, #3199, #2303, #4687, #2170, #1100 ) ) ;
#4722 = DIRECTION ( 'NONE',  ( -0.8530756398718948308, 0.000000000000000000, 0.5217872676265272736 ) ) ;
#4723 = EDGE_CURVE ( 'NONE', #2706, #1146, #729, .T. ) ;
#4724 = AXIS2_PLACEMENT_3D ( 'NONE', #3630, #895, #2415 ) ;
#4725 = LINE ( 'NONE', #3136, #1905 ) ;
#4726 = ORIENTED_EDGE ( 'NONE', *, *, #2157, .T. ) ;
#4727 = ORIENTED_EDGE ( 'NONE', *, *, #1224, .F. ) ;
#4728 = CARTESIAN_POINT ( 'NONE',  ( -207.0000000000000000, 1076.559999999999945, 12.74517338218778839 ) ) ;
#4729 = CARTESIAN_POINT ( 'NONE',  ( -200.0871256493979899, 1071.559999999999945, 20.36680898076434332 ) ) ;
#4730 = DIRECTION ( 'NONE',  ( 0.02122834378352999804, 0.000000000000000000, -0.9997746533195409624 ) ) ;
#4731 = DIRECTION ( 'NONE',  ( 0.001877162694607148203, 0.000000000000000000, -0.9999982381285568156 ) ) ;
#4732 = LINE ( 'NONE', #3145, #3103 ) ;
#4733 = CARTESIAN_POINT ( 'NONE',  ( -182.7476535926390113, 1071.559999999999945, 22.24537223474090553 ) ) ;
#4734 = ORIENTED_EDGE ( 'NONE', *, *, #2447, .T. ) ;
#4735 = LINE ( 'NONE', #2432, #1330 ) ;
#4736 = EDGE_CURVE ( 'NONE', #4776, #1289, #3959, .T. ) ;
#4737 = ORIENTED_EDGE ( 'NONE', *, *, #3437, .F. ) ;
#4738 = CARTESIAN_POINT ( 'NONE',  ( -196.8942442888730966, 1071.559999999999945, 20.07854190588587784 ) ) ;
#4739 = ORIENTED_EDGE ( 'NONE', *, *, #4069, .T. ) ;
#4740 = VECTOR ( 'NONE', #2269, 1000.000000000000000 ) ;
#4741 = VECTOR ( 'NONE', #4569, 1000.000000000000000 ) ;
#4742 = B_SPLINE_CURVE_WITH_KNOTS ( 'NONE', 3,
 ( #4500, #608, #2199, #2886, #2584 ),
 .UNSPECIFIED., .F., .F.,
 ( 4, 1, 4 ),
 ( 0.1559633577801318449, 0.1646423987747256401, 0.1712988811185770788 ),
 .UNSPECIFIED. ) ;
#4743 = FACE_BOUND ( 'NONE', #3401, .T. ) ;
#4744 = CARTESIAN_POINT ( 'NONE',  ( -210.0140581964122930, 1076.559999999999945, 21.70323821965487099 ) ) ;
#4745 = VECTOR ( 'NONE', #2819, 1000.000000000000227 ) ;
#4746 = CARTESIAN_POINT ( 'NONE',  ( -267.1688184859922330, 1071.559999999999945, 8.607714735570466402 ) ) ;
#4747 = CARTESIAN_POINT ( 'NONE',  ( -164.9945637137987831, 1076.559999999999945, 9.631325334794965443 ) ) ;
#4748 = CARTESIAN_POINT ( 'NONE',  ( -259.4640068570307108, 1071.559999999999945, 8.261595196954861109 ) ) ;
#4749 = LINE ( 'NONE', #2008, #1004 ) ;
#4750 = ORIENTED_EDGE ( 'NONE', *, *, #3968, .T. ) ;
#4751 = ADVANCED_FACE ( 'NONE', ( #2834 ), #2013, .F. ) ;
#4752 = EDGE_CURVE ( 'NONE', #1559, #95, #4756, .T. ) ;
#4753 = EDGE_CURVE ( 'NONE', #1262, #3149, #3616, .T. ) ;
#4754 = VERTEX_POINT ( 'NONE', #108 ) ;
#4755 = CARTESIAN_POINT ( 'NONE',  ( -108.7582395782407332, 1076.160000000000082, -114.4450334271760141 ) ) ;
#4756 = LINE ( 'NONE', #1238, #401 ) ;
#4757 = DIRECTION ( 'NONE',  ( 0.000000000000000000, 1.000000000000000000, 0.000000000000000000 ) ) ;
#4758 = DIRECTION ( 'NONE',  ( -0.7248872777926388400, 0.000000000000000000, 0.6888675014067492386 ) ) ;
#4759 = EDGE_CURVE ( 'NONE', #1188, #4499, #1078, .T. ) ;
#4760 = CARTESIAN_POINT ( 'NONE',  ( -130.8533786264969194, 1071.559999999999945, 27.04426762654682648 ) ) ;
#4761 = VERTEX_POINT ( 'NONE', #1780 ) ;
#4762 = DIRECTION ( 'NONE',  ( -0.000000000000000000, -1.000000000000000000, -0.000000000000000000 ) ) ;
#4763 = ORIENTED_EDGE ( 'NONE', *, *, #1744, .T. ) ;
#4764 = DIRECTION ( 'NONE',  ( -0.01060253998720758761, 0.000000000000000000, 0.9999437914932116644 ) ) ;
#4765 = ORIENTED_EDGE ( 'NONE', *, *, #4873, .T. ) ;
#4766 = CARTESIAN_POINT ( 'NONE',  ( -300.0000000000000000, 1071.559999999999945, -0.1621621621621254228 ) ) ;
#4767 = CYLINDRICAL_SURFACE ( 'NONE', #4885, 0.5999999999999685585 ) ;
#4768 = DIRECTION ( 'NONE',  ( -0.9999982381285569266, 0.000000000000000000, -0.001877162694607148637 ) ) ;
#4769 = DIRECTION ( 'NONE',  ( 0.000000000000000000, 0.000000000000000000, 1.000000000000000000 ) ) ;
#4770 = VECTOR ( 'NONE', #1571, 1000.000000000000000 ) ;
#4771 = ORIENTED_EDGE ( 'NONE', *, *, #2513, .T. ) ;
#4772 =( BOUNDED_SURFACE ( )  B_SPLINE_SURFACE ( 3, 1, ( 
 ( #3669, #1341 ),
 ( #2905, #4472 ),
 ( #1367, #2523 ),
 ( #3696, #1756 ) ),
 .UNSPECIFIED., .F., .F., .T. ) 
 B_SPLINE_SURFACE_WITH_KNOTS ( ( 4, 4 ),
 ( 2, 2 ),
 ( 0.000000000000000000, 1.000000000000000000 ),
 ( 0.000000000000000000, 1.000000000000000000 ),
 .UNSPECIFIED. ) 
 GEOMETRIC_REPRESENTATION_ITEM ( )  RATIONAL_B_SPLINE_SURFACE ( (
 ( 1.000000000000000000, 1.000000000000000000),
 ( 0.9679198146721873508, 0.9679198146721873508),
 ( 0.9679198146721873508, 0.9679198146721873508),
 ( 1.000000000000000000, 1.000000000000000000) ) ) 
 REPRESENTATION_ITEM ( '' )  SURFACE ( )  );
#4773 = AXIS2_PLACEMENT_3D ( 'NONE', #1163, #4703, #4318 ) ;
#4774 = CARTESIAN_POINT ( 'NONE',  ( -195.3360694465488905, 1076.559999999999718, 9.294554018944200635 ) ) ;
#4775 = LINE ( 'NONE', #4390, #1877 ) ;
#4776 = VERTEX_POINT ( 'NONE', #1728 ) ;
#4777 = B_SPLINE_CURVE_WITH_KNOTS ( 'NONE', 3,
 ( #4627, #1111, #1496, #4244, #2682, #5031, #731, #705, #2247, #1014 ),
 .UNSPECIFIED., .F., .F.,
 ( 4, 1, 1, 1, 1, 1, 1, 4 ),
 ( 0.04410003439933384700, 0.04432521835872276633, 0.04858316171247652193, 0.05825476480099728294, 0.06792636788951804394, 0.07759797097803880495, 0.09694117715508032695, 0.1008531779153181845 ),
 .UNSPECIFIED. ) ;
#4778 = EDGE_LOOP ( 'NONE', ( #1961, #4428, #2152 ) ) ;
#4779 = CARTESIAN_POINT ( 'NONE',  ( -198.9971789343064756, 1071.559999999999945, -35.49894264355672391 ) ) ;
#4780 = FACE_OUTER_BOUND ( 'NONE', #2999, .T. ) ;
#4781 = DIRECTION ( 'NONE',  ( 0.9996385584632172527, 0.000000000000000000, -0.02688405537825740849 ) ) ;
#4782 = AXIS2_PLACEMENT_3D ( 'NONE', #971, #4510, #997 ) ;
#4783 = DIRECTION ( 'NONE',  ( 0.7248872777926389510, 0.000000000000000000, -0.6888675014067490165 ) ) ;
#4784 = CARTESIAN_POINT ( 'NONE',  ( -117.3872845654308179, 1071.559999999999945, 27.32359723883181246 ) ) ;
#4785 = B_SPLINE_CURVE_WITH_KNOTS ( 'NONE', 3,
 ( #66, #2957, #157, #935 ),
 .UNSPECIFIED., .F., .F.,
 ( 4, 4 ),
 ( 0.1676462726743730425, 0.1678299648529732457 ),
 .UNSPECIFIED. ) ;
#4786 = ORIENTED_EDGE ( 'NONE', *, *, #2548, .T. ) ;
#4787 = CARTESIAN_POINT ( 'NONE',  ( -237.6737849101027678, 1075.559999999999945, 8.080994601710605352 ) ) ;
#4788 = ORIENTED_EDGE ( 'NONE', *, *, #204, .T. ) ;
#4789 = ADVANCED_FACE ( 'NONE', ( #4468 ), #2812, .F. ) ;
#4790 = FACE_OUTER_BOUND ( 'NONE', #4552, .T. ) ;
#4791 = ORIENTED_EDGE ( 'NONE', *, *, #60, .T. ) ;
#4792 = DIRECTION ( 'NONE',  ( 0.000000000000000000, 1.000000000000000000, 0.000000000000000000 ) ) ;
#4793 = CARTESIAN_POINT ( 'NONE',  ( 0.2058083609809945591, 1076.559999999999945, 7.652639097639181820 ) ) ;
#4794 = LINE ( 'NONE', #4384, #1412 ) ;
#4795 = ORIENTED_EDGE ( 'NONE', *, *, #989, .T. ) ;
#4796 = LINE ( 'NONE', #2850, #565 ) ;
#4797 = EDGE_CURVE ( 'NONE', #4683, #4776, #1753, .T. ) ;
#4798 = VERTEX_POINT ( 'NONE', #3314 ) ;
#4799 = VECTOR ( 'NONE', #614, 1000.000000000000114 ) ;
#4800 = CARTESIAN_POINT ( 'NONE',  ( -225.6975725102126944, 1076.160000000000082, 8.533007167635572543 ) ) ;
#4801 = DIRECTION ( 'NONE',  ( 0.02688405537884543464, 0.000000000000000000, 0.9996385584632012655 ) ) ;
#4802 = CARTESIAN_POINT ( 'NONE',  ( -116.6994142980007751, 1071.559999999999945, 8.683379740353986520 ) ) ;
#4803 = ORIENTED_EDGE ( 'NONE', *, *, #4439, .T. ) ;
#4804 = CARTESIAN_POINT ( 'NONE',  ( -221.0877470024899480, 1075.559999999999945, 15.20952985507489963 ) ) ;
#4805 = DIRECTION ( 'NONE',  ( 0.2442954651673687749, 0.000000000000000000, -0.9697008434041185509 ) ) ;
#4806 = CARTESIAN_POINT ( 'NONE',  ( -197.2290306450148591, 1076.559999999999945, 18.09718957238959902 ) ) ;
#4807 = CARTESIAN_POINT ( 'NONE',  ( -132.0558163141116665, 1076.559999999999945, 26.96303150407470994 ) ) ;
#4808 = VERTEX_POINT ( 'NONE', #1010 ) ;
#4809 = DIRECTION ( 'NONE',  ( 0.000000000000000000, 1.000000000000000000, 0.000000000000000000 ) ) ;
#4810 = CARTESIAN_POINT ( 'NONE',  ( -300.0000000000000000, 1071.559999999999945, 0.000000000000000000 ) ) ;
#4811 = ORIENTED_EDGE ( 'NONE', *, *, #4816, .T. ) ;
#4812 = CARTESIAN_POINT ( 'NONE',  ( -204.5316711866049388, 1071.559999999999945, 18.80566606377154315 ) ) ;
#4813 = ORIENTED_EDGE ( 'NONE', *, *, #2251, .T. ) ;
#4814 = EDGE_CURVE ( 'NONE', #4676, #2589, #4080, .T. ) ;
#4815 = CARTESIAN_POINT ( 'NONE',  ( -266.6398104252421604, 1071.559999999999945, 6.507882213807839378 ) ) ;
#4816 = EDGE_CURVE ( 'NONE', #955, #5014, #4877, .T. ) ;
#4817 = CARTESIAN_POINT ( 'NONE',  ( -198.8098066529176435, 1071.559999999999945, 20.57702700072442425 ) ) ;
#4818 = DIRECTION ( 'NONE',  ( 2.924822108591978816E-15, 0.000000000000000000, 1.000000000000000000 ) ) ;
#4819 = EDGE_LOOP ( 'NONE', ( #3340, #3471, #3223, #1734 ) ) ;
#4820 = VECTOR ( 'NONE', #4572, 1000.000000000000114 ) ;
#4821 = VECTOR ( 'NONE', #3111, 1000.000000000000000 ) ;
#4822 = CARTESIAN_POINT ( 'NONE',  ( -208.9218591129075548, 1076.159999999999854, 21.08485684555923356 ) ) ;
#4823 = VECTOR ( 'NONE', #2058, 999.9999999999998863 ) ;
#4824 = VERTEX_POINT ( 'NONE', #3641 ) ;
#4825 = AXIS2_PLACEMENT_3D ( 'NONE', #4379, #1274, #4453 ) ;
#4826 = EDGE_CURVE ( 'NONE', #9, #471, #4085, .T. ) ;
#4827 = FACE_OUTER_BOUND ( 'NONE', #993, .T. ) ;
#4828 = LINE ( 'NONE', #1386, #3347 ) ;
#4829 = CARTESIAN_POINT ( 'NONE',  ( -253.0423473113287969, 1075.559999999999945, 8.955332985767409326 ) ) ;
#4830 = B_SPLINE_CURVE_WITH_KNOTS ( 'NONE', 3,
 ( #2725, #775, #4698, #2749 ),
 .UNSPECIFIED., .F., .F.,
 ( 4, 4 ),
 ( 0.7338661583722697612, 0.7561382821183416647 ),
 .UNSPECIFIED. ) ;
#4831 = ORIENTED_EDGE ( 'NONE', *, *, #1916, .F. ) ;
#4832 = CARTESIAN_POINT ( 'NONE',  ( -233.2191333188967235, 1076.160000000000082, 12.76857277730700879 ) ) ;
#4833 = CARTESIAN_POINT ( 'NONE',  ( -165.9276959241796590, 1075.559999999999945, 24.32335977380942182 ) ) ;
#4834 = EDGE_CURVE ( 'NONE', #537, #716, #210, .T. ) ;
#4835 = DIRECTION ( 'NONE',  ( -0.02688405537825435537, 0.000000000000000000, -0.9996385584632172527 ) ) ;
#4836 = VERTEX_POINT ( 'NONE', #4832 ) ;
#4837 = CARTESIAN_POINT ( 'NONE',  ( -264.6795704296176268, 1076.559999999999945, 5.899739385248923718 ) ) ;
#4838 = DIRECTION ( 'NONE',  ( 0.000000000000000000, 0.000000000000000000, -1.000000000000000000 ) ) ;
#4839 = VERTEX_POINT ( 'NONE', #155 ) ;
#4840 = DIRECTION ( 'NONE',  ( 0.1746121354988603991, -0.000000000000000000, -0.9846372947113711804 ) ) ;
#4841 = CARTESIAN_POINT ( 'NONE',  ( -112.7120578011266474, 1071.559999999999945, 28.11340712249482721 ) ) ;
#4842 = CARTESIAN_POINT ( 'NONE',  ( -293.2676002059569100, 1071.559999999999945, 1.330312713633433841 ) ) ;
#4843 = ORIENTED_EDGE ( 'NONE', *, *, #803, .F. ) ;
#4844 = FACE_OUTER_BOUND ( 'NONE', #4459, .T. ) ;
#4845 = EDGE_CURVE ( 'NONE', #2612, #1564, #4929, .T. ) ;
#4846 = ORIENTED_EDGE ( 'NONE', *, *, #3040, .T. ) ;
#4847 = DIRECTION ( 'NONE',  ( 0.000000000000000000, 1.000000000000000000, 0.000000000000000000 ) ) ;
#4848 = CARTESIAN_POINT ( 'NONE',  ( -190.7528261741829567, 1071.559999999999945, 21.03932599842007534 ) ) ;
#4849 = EDGE_CURVE ( 'NONE', #931, #3946, #2903, .T. ) ;
#4850 = CIRCLE ( 'NONE', #2809, 9.489662818840821856 ) ;
#4851 = CARTESIAN_POINT ( 'NONE',  ( -253.0423473113289106, 1071.559999999999945, 8.955332985767496368 ) ) ;
#4852 = VERTEX_POINT ( 'NONE', #574 ) ;
#4853 = DIRECTION ( 'NONE',  ( -0.1615200779517296792, 0.000000000000000000, 0.9868694262254085192 ) ) ;
#4854 = DIRECTION ( 'NONE',  ( -0.02688405537871830370, -0.000000000000000000, -0.9996385584632047072 ) ) ;
#4855 = AXIS2_PLACEMENT_3D ( 'NONE', #1973, #356, #1531 ) ;
#4856 = EDGE_CURVE ( 'NONE', #2120, #4702, #1825, .T. ) ;
#4857 = LINE ( 'NONE', #3244, #2431 ) ;
#4858 = ORIENTED_EDGE ( 'NONE', *, *, #4966, .F. ) ;
#4859 = LINE ( 'NONE', #609, #1995 ) ;
#4860 = FACE_OUTER_BOUND ( 'NONE', #361, .T. ) ;
#4861 = VERTEX_POINT ( 'NONE', #2472 ) ;
#4862 = PLANE ( 'NONE',  #1438 ) ;
#4863 = CARTESIAN_POINT ( 'NONE',  ( -290.3163669963039979, 1071.559999999999945, 0.8276152839852459753 ) ) ;
#4864 = CARTESIAN_POINT ( 'NONE',  ( -132.7570495598770890, 1075.559999999999945, 9.255214942794436794 ) ) ;
#4865 = LINE ( 'NONE', #1428, #1210 ) ;
#4866 = ORIENTED_EDGE ( 'NONE', *, *, #712, .T. ) ;
#4867 = LINE ( 'NONE', #1353, #650 ) ;
#4868 = ORIENTED_EDGE ( 'NONE', *, *, #23, .T. ) ;
#4869 = ORIENTED_EDGE ( 'NONE', *, *, #4689, .F. ) ;
#4870 = LINE ( 'NONE', #1284, #4169 ) ;
#4871 = DIRECTION ( 'NONE',  ( 0.000000000000000000, 1.000000000000000000, 0.000000000000000000 ) ) ;
#4872 = CARTESIAN_POINT ( 'NONE',  ( -123.0048530695434579, 1075.559999999999945, 129.1603298418976067 ) ) ;
#4873 = EDGE_CURVE ( 'NONE', #3427, #2820, #2601, .T. ) ;
#4874 = CARTESIAN_POINT ( 'NONE',  ( -195.6463559078458445, 1076.559999999999945, 20.27733546108195739 ) ) ;
#4875 = ORIENTED_EDGE ( 'NONE', *, *, #3100, .F. ) ;
#4876 = EDGE_CURVE ( 'NONE', #5014, #3919, #1006, .T. ) ;
#4877 = LINE ( 'NONE', #3266, #1875 ) ;
#4878 = PLANE ( 'NONE',  #3469 ) ;
#4879 = VECTOR ( 'NONE', #269, 1000.000000000000000 ) ;
#4880 = PLANE ( 'NONE',  #3324 ) ;
#4881 = ORIENTED_EDGE ( 'NONE', *, *, #384, .F. ) ;
#4882 = EDGE_CURVE ( 'NONE', #2546, #3206, #4265, .T. ) ;
#4883 = LINE ( 'NONE', #3291, #238 ) ;
#4884 = FACE_OUTER_BOUND ( 'NONE', #1997, .T. ) ;
#4885 = AXIS2_PLACEMENT_3D ( 'NONE', #3203, #2439, #1324 ) ;
#4886 = CARTESIAN_POINT ( 'NONE',  ( -112.2016622524414657, 1071.559999999999945, 28.10930200660953204 ) ) ;
#4887 = ORIENTED_EDGE ( 'NONE', *, *, #3746, .F. ) ;
#4888 = CARTESIAN_POINT ( 'NONE',  ( -256.7794921471719931, 1075.559999999999945, 7.175935369861149660 ) ) ;
#4889 = ORIENTED_EDGE ( 'NONE', *, *, #504, .T. ) ;
#4890 = DIRECTION ( 'NONE',  ( -0.6782016225132038167, 0.000000000000000000, 0.7348758801460678614 ) ) ;
#4891 = LINE ( 'NONE', #1375, #1580 ) ;
#4892 = DIRECTION ( 'NONE',  ( 0.000000000000000000, 1.000000000000000000, 0.000000000000000000 ) ) ;
#4893 = ORIENTED_EDGE ( 'NONE', *, *, #2096, .T. ) ;
#4894 = CARTESIAN_POINT ( 'NONE',  ( -200.6681584774412954, 1076.559999999999945, 22.50056321960455463 ) ) ;
#4895 = ORIENTED_EDGE ( 'NONE', *, *, #2437, .F. ) ;
#4896 = ORIENTED_EDGE ( 'NONE', *, *, #849, .T. ) ;
#4897 = CARTESIAN_POINT ( 'NONE',  ( -89.62753892102767850, 1076.160000000000082, 125.4662875543846070 ) ) ;
#4898 = CARTESIAN_POINT ( 'NONE',  ( -254.6226053298199474, 1075.559999999999945, 8.584301414272562880 ) ) ;
#4899 = FACE_OUTER_BOUND ( 'NONE', #4577, .T. ) ;
#4900 = VECTOR ( 'NONE', #454, 1000.000000000000000 ) ;
#4901 = VECTOR ( 'NONE', #5024, 1000.000000000000000 ) ;
#4902 = CARTESIAN_POINT ( 'NONE',  ( -135.8203959127808957, 1071.559999999999945, 9.371846716018461976 ) ) ;
#4903 = EDGE_LOOP ( 'NONE', ( #145, #754, #4711, #2444 ) ) ;
#4904 = CARTESIAN_POINT ( 'NONE',  ( -199.9545621162941131, 1071.559999999999945, 22.61840892139642989 ) ) ;
#4905 = LINE ( 'NONE', #3617, #3882 ) ;
#4906 = EDGE_CURVE ( 'NONE', #4248, #1262, #2982, .T. ) ;
#4907 = EDGE_CURVE ( 'NONE', #3656, #101, #2223, .T. ) ;
#4908 = EDGE_CURVE ( 'NONE', #2589, #4232, #1494, .T. ) ;
#4909 = CARTESIAN_POINT ( 'NONE',  ( -128.2212190935065337, 1076.560000000000173, 27.11826623484059340 ) ) ;
#4910 = VERTEX_POINT ( 'NONE', #752 ) ;
#4911 = CARTESIAN_POINT ( 'NONE',  ( -246.0930087268364161, 1071.559999999999945, 7.719654218265648460 ) ) ;
#4912 = DIRECTION ( 'NONE',  ( 0.000000000000000000, 1.000000000000000000, 0.000000000000000000 ) ) ;
#4913 = ORIENTED_EDGE ( 'NONE', *, *, #3499, .T. ) ;
#4914 = EDGE_CURVE ( 'NONE', #710, #4511, #1884, .T. ) ;
#4915 = LINE ( 'NONE', #583, #1768 ) ;
#4916 = VERTEX_POINT ( 'NONE', #4191 ) ;
#4917 = CARTESIAN_POINT ( 'NONE',  ( -112.8759871213102315, 1071.559999999999945, 3.035661502870400152 ) ) ;
#4918 = LINE ( 'NONE', #4125, #4034 ) ;
#4919 = DIRECTION ( 'NONE',  ( -0.9996385584632012655, 0.000000000000000000, 0.02688405537884945226 ) ) ;
#4920 = ORIENTED_EDGE ( 'NONE', *, *, #91, .T. ) ;
#4921 = FACE_OUTER_BOUND ( 'NONE', #4986, .T. ) ;
#4922 = ORIENTED_EDGE ( 'NONE', *, *, #2279, .F. ) ;
#4923 = VERTEX_POINT ( 'NONE', #2634 ) ;
#4924 = CARTESIAN_POINT ( 'NONE',  ( -225.0224362187566953, 1076.160000000000082, 15.05154234427599036 ) ) ;
#4925 = CARTESIAN_POINT ( 'NONE',  ( -200.0871256530375035, 1071.559999999999945, 20.36680898016317443 ) ) ;
#4926 = LINE ( 'NONE', #677, #1956 ) ;
#4927 = LINE ( 'NONE', #1853, #1834 ) ;
#4928 = VERTEX_POINT ( 'NONE', #1108 ) ;
#4929 = LINE ( 'NONE', #3287, #891 ) ;
#4930 = CARTESIAN_POINT ( 'NONE',  ( -257.8976825154148855, 1071.559999999999945, 7.804466760825791383 ) ) ;
#4931 = EDGE_CURVE ( 'NONE', #4916, #2755, #658, .T. ) ;
#4932 = CARTESIAN_POINT ( 'NONE',  ( -260.6240663350704381, 1071.559999999999945, 6.159236989585118671 ) ) ;
#4933 = ORIENTED_EDGE ( 'NONE', *, *, #1060, .T. ) ;
#4934 = VECTOR ( 'NONE', #2599, 1000.000000000000000 ) ;
#4935 = CARTESIAN_POINT ( 'NONE',  ( -122.1786715887263881, 1076.559999999999945, 8.123971859965671172 ) ) ;
#4936 = CARTESIAN_POINT ( 'NONE',  ( -179.2680965261199617, 1076.559999999999945, 10.95298948655051774 ) ) ;
#4937 = EDGE_LOOP ( 'NONE', ( #4451, #4965, #3769 ) ) ;
#4938 = VECTOR ( 'NONE', #1107, 1000.000000000000000 ) ;
#4939 = PLANE ( 'NONE',  #3730 ) ;
#4940 = ORIENTED_EDGE ( 'NONE', *, *, #2468, .F. ) ;
#4941 = CARTESIAN_POINT ( 'NONE',  ( -189.4337462957782350, 1075.559999999999945, 20.36807104123553813 ) ) ;
#4942 = CARTESIAN_POINT ( 'NONE',  ( -214.3996353644231476, 1076.560000000000173, 17.87368700834485580 ) ) ;
#4943 = EDGE_LOOP ( 'NONE', ( #2127, #2843, #3843, #4524 ) ) ;
#4944 = CARTESIAN_POINT ( 'NONE',  ( -124.3479217970671016, 1076.160000000000082, 118.1690516825036212 ) ) ;
#4945 = ORIENTED_EDGE ( 'NONE', *, *, #524, .T. ) ;
#4946 = ORIENTED_EDGE ( 'NONE', *, *, #884, .F. ) ;
#4947 = CARTESIAN_POINT ( 'NONE',  ( -132.9089226143069595, 1075.559999999999945, 3.518796046875239725 ) ) ;
#4948 = CARTESIAN_POINT ( 'NONE',  ( -214.2693268016380159, 1071.559999999999945, 8.868458665993404821 ) ) ;
#4949 = EDGE_CURVE ( 'NONE', #2222, #2805, #4063, .T. ) ;
#4950 = DIRECTION ( 'NONE',  ( 0.000000000000000000, 0.000000000000000000, 1.000000000000000000 ) ) ;
#4951 = DIRECTION ( 'NONE',  ( 0.000000000000000000, -1.000000000000000000, 0.000000000000000000 ) ) ;
#4952 = EDGE_LOOP ( 'NONE', ( #410, #4737, #2419, #1858 ) ) ;
#4953 = CARTESIAN_POINT ( 'NONE',  ( -207.6088182444988774, 1071.559999999999945, 21.31630018228780443 ) ) ;
#4954 = CARTESIAN_POINT ( 'NONE',  ( -57.94607177228483863, 1076.559999999999945, 62.78836422842088183 ) ) ;
#4955 = CARTESIAN_POINT ( 'NONE',  ( -65.70031221888388018, 1075.559999999999945, -69.13567613106529564 ) ) ;
#4956 = ORIENTED_EDGE ( 'NONE', *, *, #2932, .F. ) ;
#4957 = CARTESIAN_POINT ( 'NONE',  ( -204.5445826916458145, 1071.559999999999945, 22.65931296444719223 ) ) ;
#4958 = CARTESIAN_POINT ( 'NONE',  ( -187.8555102931843521, 1076.559999999999945, 17.45826335425562803 ) ) ;
#4959 = PLANE ( 'NONE',  #4409 ) ;
#4960 = CARTESIAN_POINT ( 'NONE',  ( -266.6398104252421604, 987.6799999999998363, 6.507882213807852700 ) ) ;
#4961 = VERTEX_POINT ( 'NONE', #1037 ) ;
#4962 = CARTESIAN_POINT ( 'NONE',  ( -123.5565654830479332, 1075.559999999999945, 129.7396513526184947 ) ) ;
#4963 = VERTEX_POINT ( 'NONE', #1468 ) ;
#4964 = CARTESIAN_POINT ( 'NONE',  ( -204.5316711866049388, 1071.559999999999945, 18.80566606377154315 ) ) ;
#4965 = ORIENTED_EDGE ( 'NONE', *, *, #2202, .F. ) ;
#4966 = EDGE_CURVE ( 'NONE', #706, #4499, #2315, .T. ) ;
#4967 = EDGE_CURVE ( 'NONE', #2831, #4272, #1064, .T. ) ;
#4968 = EDGE_CURVE ( 'NONE', #4697, #1926, #578, .T. ) ;
#4969 = EDGE_LOOP ( 'NONE', ( #1458, #741, #1425 ) ) ;
#4970 = SURFACE_STYLE_FILL_AREA ( #769 ) ;
#4971 = FACE_OUTER_BOUND ( 'NONE', #2296, .T. ) ;
#4972 = DIRECTION ( 'NONE',  ( 0.000000000000000000, 1.000000000000000000, 0.000000000000000000 ) ) ;
#4973 = CARTESIAN_POINT ( 'NONE',  ( -287.7366072058259761, 1076.559999999999945, 1.077373546408352922 ) ) ;
#4974 = EDGE_CURVE ( 'NONE', #4316, #767, #3183, .T. ) ;
#4975 = CARTESIAN_POINT ( 'NONE',  ( -198.9971789343064756, 1071.559999999999945, -35.49894264355672391 ) ) ;
#4976 = CARTESIAN_POINT ( 'NONE',  ( -209.7823812563218837, 1076.559999999999718, 21.74456607994702750 ) ) ;
#4977 = CARTESIAN_POINT ( 'NONE',  ( -202.0950758117289183, 1071.559999999999945, 22.26253587117819777 ) ) ;
#4978 = AXIS2_PLACEMENT_3D ( 'NONE', #2110, #4054, #3666 ) ;
#4979 = AXIS2_PLACEMENT_3D ( 'NONE', #2715, #889, #94 ) ;
#4980 = CARTESIAN_POINT ( 'NONE',  ( -206.9999999999983515, 1071.559999999999945, 22.23483620102785352 ) ) ;
#4981 = VECTOR ( 'NONE', #3651, 1000.000000000000000 ) ;
#4982 = ORIENTED_EDGE ( 'NONE', *, *, #1116, .T. ) ;
#4983 = B_SPLINE_CURVE_WITH_KNOTS ( 'NONE', 3,
 ( #2143, #963, #4553, #4935, #1785, #3271, #4527, #2172, #1041, #4173, #1732, #3293, #4837, #1320 ),
 .UNSPECIFIED., .F., .F.,
 ( 4, 1, 1, 1, 1, 1, 1, 1, 1, 1, 1, 4 ),
 ( 0.7011752054892489427, 0.7037511641537997908, 0.7114926295676233803, 0.7321002988842217896, 0.7527079682008201988, 0.7939233068340170174, 0.8351386454672137249, 0.8763539841004104325, 0.8969616534170088418, 0.9175693227336072511, 0.9324260961395651748, 0.9375780134687207168 ),
 .UNSPECIFIED. ) ;
#4984 = CARTESIAN_POINT ( 'NONE',  ( -202.4452475236402336, 1071.559999999999945, 23.01547883700195030 ) ) ;
#4985 = DIRECTION ( 'NONE',  ( 0.000000000000000000, 1.000000000000000000, 0.000000000000000000 ) ) ;
#4986 = EDGE_LOOP ( 'NONE', ( #3424, #3278, #4786, #4184 ) ) ;
#4987 = EDGE_CURVE ( 'NONE', #3498, #163, #3834, .T. ) ;
#4988 = B_SPLINE_CURVE_WITH_KNOTS ( 'NONE', 3,
 ( #952, #4463, #4948, #289, #1410, #1849, #3717, #203, #1748, #3307 ),
 .UNSPECIFIED., .F., .F.,
 ( 4, 1, 1, 1, 1, 1, 1, 4 ),
 ( 0.8406317138875467609, 0.8494027461549495950, 0.8787945019262066726, 0.8934903798118352114, 0.9081862576974637502, 0.9228821355830922890, 0.9291378280682562885, 0.9294838303700353466 ),
 .UNSPECIFIED. ) ;
#4989 = CARTESIAN_POINT ( 'NONE',  ( -179.2562670229021933, 1075.559999999999945, 9.537415898453824425 ) ) ;
#4990 = ORIENTED_EDGE ( 'NONE', *, *, #1587, .F. ) ;
#4991 = DIRECTION ( 'NONE',  ( 0.000000000000000000, 1.000000000000000000, 0.000000000000000000 ) ) ;
#4992 = ORIENTED_EDGE ( 'NONE', *, *, #2437, .T. ) ;
#4993 = LINE ( 'NONE', #1049, #3835 ) ;
#4994 = VERTEX_POINT ( 'NONE', #3418 ) ;
#4995 = ORIENTED_EDGE ( 'NONE', *, *, #3987, .F. ) ;
#4996 = CARTESIAN_POINT ( 'NONE',  ( -113.3033073900973449, 1076.559999999999718, 7.716868825675275545 ) ) ;
#4997 = FACE_OUTER_BOUND ( 'NONE', #2104, .T. ) ;
#4998 = DIRECTION ( 'NONE',  ( -0.6888675014067525693, -0.000000000000000000, -0.7248872777926356203 ) ) ;
#4999 = CARTESIAN_POINT ( 'NONE',  ( -257.8976825154149424, 1075.559999999999945, 7.804466760825779836 ) ) ;
#5000 = EDGE_CURVE ( 'NONE', #3020, #3332, #2726, .T. ) ;
#5001 = DIRECTION ( 'NONE',  ( 0.8530756398718960520, 0.000000000000000000, -0.5217872676265252752 ) ) ;
#5002 = CARTESIAN_POINT ( 'NONE',  ( -208.3916840874414902, 1076.559999999999263, 21.99101949770105691 ) ) ;
#5003 = EDGE_CURVE ( 'NONE', #2805, #577, #3114, .T. ) ;
#5004 = DIRECTION ( 'NONE',  ( -0.7348758801460678614, -0.000000000000000000, -0.6782016225132037057 ) ) ;
#5005 = CARTESIAN_POINT ( 'NONE',  ( -69.87710367939673972, 1076.160000000000082, -107.1733000749245264 ) ) ;
#5006 = ORIENTED_EDGE ( 'NONE', *, *, #4906, .F. ) ;
#5007 = CARTESIAN_POINT ( 'NONE',  ( -164.3751559483993958, 1075.559999999999945, -0.3085594543055735772 ) ) ;
#5008 = CIRCLE ( 'NONE', #2396, 8.689662818835429903 ) ;
#5009 = DIRECTION ( 'NONE',  ( -0.000000000000000000, -1.000000000000000000, -0.000000000000000000 ) ) ;
#5010 = ORIENTED_EDGE ( 'NONE', *, *, #184, .T. ) ;
#5011 = B_SPLINE_SURFACE_WITH_KNOTS ( 'NONE', 13, 1, ( 
 ( #2220, #2627 ),
 ( #1106, #4239 ),
 ( #3718, #4137 ),
 ( #236, #1803 ),
 ( #4546, #4188 ),
 ( #3415, #4973 ),
 ( #1464, #4594 ),
 ( #1084, #2653 ),
 ( #822, #2390 ),
 ( #447, #3950 ),
 ( #3488, #1232 ),
 ( #4262, #797 ),
 ( #2723, #4670 ),
 ( #2006, #419 ) ),
 .UNSPECIFIED., .F., .F., .F.,
 ( 14, 14 ),
 ( 2, 2 ),
 ( 0.000000000000000000, 0.06242198653402775133 ),
 ( 0.000000000000000000, 1.000000000000000000 ),
 .UNSPECIFIED. ) ;
#5012 = VECTOR ( 'NONE', #4620, 1000.000000000000000 ) ;
#5013 = CARTESIAN_POINT ( 'NONE',  ( -165.9276959241796590, 1076.559999999999945, 24.32335977380942182 ) ) ;
#5014 = VERTEX_POINT ( 'NONE', #5053 ) ;
#5015 = DIRECTION ( 'NONE',  ( 0.000000000000000000, 0.000000000000000000, 1.000000000000000000 ) ) ;
#5016 = ORIENTED_EDGE ( 'NONE', *, *, #2124, .F. ) ;
#5017 = DIRECTION ( 'NONE',  ( 0.000000000000000000, 1.000000000000000000, 0.000000000000000000 ) ) ;
#5018 = ORIENTED_EDGE ( 'NONE', *, *, #504, .F. ) ;
#5019 = AXIS2_PLACEMENT_3D ( 'NONE', #5033, #2734, #1523 ) ;
#5020 = ORIENTED_EDGE ( 'NONE', *, *, #52, .F. ) ;
#5021 = DIRECTION ( 'NONE',  ( -0.02646596929541232893, -0.000000000000000000, -0.9996497148847961478 ) ) ;
#5022 = CARTESIAN_POINT ( 'NONE',  ( -165.5736163542944439, 1076.559999999999945, -0.3108091634372668888 ) ) ;
#5023 = DIRECTION ( 'NONE',  ( 0.000000000000000000, 1.000000000000000000, 0.000000000000000000 ) ) ;
#5024 = DIRECTION ( 'NONE',  ( 0.000000000000000000, 1.000000000000000000, 0.000000000000000000 ) ) ;
#5025 = LINE ( 'NONE', #4518, #105 ) ;
#5026 = DIRECTION ( 'NONE',  ( 0.9996385584632172527, 0.000000000000000000, -0.02688405537825435537 ) ) ;
#5027 = FACE_OUTER_BOUND ( 'NONE', #3943, .T. ) ;
#5028 = EDGE_CURVE ( 'NONE', #2457, #101, #1546, .T. ) ;
#5029 = ADVANCED_FACE ( 'NONE', ( #1959 ), #395, .T. ) ;
#5030 = EDGE_CURVE ( 'NONE', #2371, #2457, #4116, .T. ) ;
#5031 = CARTESIAN_POINT ( 'NONE',  ( -237.9153930459915784, 1071.559999999999945, 12.36233482739457301 ) ) ;
#5032 = ORIENTED_EDGE ( 'NONE', *, *, #5003, .T. ) ;
#5033 = CARTESIAN_POINT ( 'NONE',  ( -101.4282823774628639, 1075.559999999999945, 92.93846047870506766 ) ) ;
#5034 = DIRECTION ( 'NONE',  ( 0.000000000000000000, 0.000000000000000000, -1.000000000000000000 ) ) ;
#5035 = CARTESIAN_POINT ( 'NONE',  ( -112.7508309264629105, 1071.559999999999945, 7.689384925052574538 ) ) ;
#5036 = ORIENTED_EDGE ( 'NONE', *, *, #3971, .F. ) ;
#5037 = EDGE_CURVE ( 'NONE', #791, #4852, #3394, .T. ) ;
#5038 = VECTOR ( 'NONE', #3238, 1000.000000000000114 ) ;
#5039 = DIRECTION ( 'NONE',  ( -0.5812758212746321762, 0.000000000000000000, 0.8137065930674900471 ) ) ;
#5040 = ORIENTED_EDGE ( 'NONE', *, *, #274, .T. ) ;
#5041 = DIRECTION ( 'NONE',  ( -0.7248872777926377298, 0.000000000000000000, 0.6888675014067503488 ) ) ;
#5042 = ORIENTED_EDGE ( 'NONE', *, *, #434, .T. ) ;
#5043 = DIRECTION ( 'NONE',  ( 0.000000000000000000, 1.000000000000000000, 0.000000000000000000 ) ) ;
#5044 = ORIENTED_EDGE ( 'NONE', *, *, #2467, .F. ) ;
#5045 = VECTOR ( 'NONE', #986, 1000.000000000000000 ) ;
#5046 = ORIENTED_EDGE ( 'NONE', *, *, #801, .F. ) ;
#5047 = DIRECTION ( 'NONE',  ( -0.01060253998722140642, 0.000000000000000000, 0.9999437914932115534 ) ) ;
#5048 = DIRECTION ( 'NONE',  ( 1.416100796715585046E-15, 0.000000000000000000, 1.000000000000000000 ) ) ;
#5049 = LINE ( 'NONE', #27, #3384 ) ;
#5050 = DIRECTION ( 'NONE',  ( 0.000000000000000000, 1.000000000000000000, -0.000000000000000000 ) ) ;
#5051 = EDGE_CURVE ( 'NONE', #3498, #739, #217, .T. ) ;
#5052 = CARTESIAN_POINT ( 'NONE',  ( -209.4872335914045323, 1071.559999999999945, 18.75000630952692404 ) ) ;
#5053 = CARTESIAN_POINT ( 'NONE',  ( -210.0140581964119235, 1076.559999999999945, 21.70323821965499533 ) ) ;
#5054 = DIRECTION ( 'NONE',  ( 0.000000000000000000, 1.000000000000000000, -0.000000000000000000 ) ) ;
#5055 = ORIENTED_EDGE ( 'NONE', *, *, #2852, .T. ) ;
#5056 = ORIENTED_EDGE ( 'NONE', *, *, #995, .T. ) ;
#5057 = CARTESIAN_POINT ( 'NONE',  ( -113.6756979680783388, 1071.559999999999945, 3.057168747158489630 ) ) ;
#5058 = AXIS2_PLACEMENT_3D ( 'NONE', #1058, #2575, #2242 ) ;
#5059 = CARTESIAN_POINT ( 'NONE',  ( -200.3448264661649603, 1071.559999999999945, 23.36519103574086387 ) ) ;
#5060 = CARTESIAN_POINT ( 'NONE',  ( -282.6978133706207927, 1076.559999999999945, 5.318962716773922850 ) ) ;
#5061 = EDGE_CURVE ( 'NONE', #4380, #2673, #4742, .T. ) ;
#5062 = CARTESIAN_POINT ( 'NONE',  ( -98.79510912553676860, 1071.559999999999945, 10.31514758700471290 ) ) ;
#5063 = VECTOR ( 'NONE', #4722, 1000.000000000000114 ) ;
#5064 = EDGE_CURVE ( 'NONE', #1593, #425, #4883, .T. ) ;
#5065 = ORIENTED_EDGE ( 'NONE', *, *, #1714, .T. ) ;
#5066 = VECTOR ( 'NONE', #4322, 1000.000000000000000 ) ;
#5067 = CARTESIAN_POINT ( 'NONE',  ( -207.6088182447378472, 1076.159999999999854, 21.31630018224581846 ) ) ;
#5068 = ORIENTED_EDGE ( 'NONE', *, *, #3724, .F. ) ;
#5069 = CARTESIAN_POINT ( 'NONE',  ( -209.5506729540247477, 1071.559999999999945, 21.78582230357046967 ) ) ;
#5070 = ORIENTED_EDGE ( 'NONE', *, *, #312, .F. ) ;
#5071 = EDGE_CURVE ( 'NONE', #2166, #4227, #2092, .T. ) ;
#5072 = DIRECTION ( 'NONE',  ( 0.1615200779515907903, 0.000000000000000000, -0.9868694262254312788 ) ) ;
#5073 = ORIENTED_EDGE ( 'NONE', *, *, #556, .T. ) ;
ENDSEC;
END-ISO-10303-21;
