ISO-10303-21;
HEADER;
FILE_DESCRIPTION (( 'STEP AP214' ),
    '1' );
FILE_NAME ('Central dihedral junction.STEP',
    '2026-03-29T18:05:14',
    ( '' ),
    ( '' ),
    'SwSTEP 2.0',
    'SolidWorks 2024',
    '' );
FILE_SCHEMA (( 'AUTOMOTIVE_DESIGN' ));
ENDSEC;

DATA;
#1 = CARTESIAN_POINT ( 'NONE',  ( -11.81187330244807754, 19.86410086006197417, 23.83411573849895149 ) ) ;
#2 = CARTESIAN_POINT ( 'NONE',  ( -16.29242308840588649, 16.38127106756986606, 2.527724364860304274 ) ) ;
#3 = FACE_BOUND ( 'NONE', #1587, .T. ) ;
#4 = AXIS2_PLACEMENT_3D ( 'NONE', #159, #167, #34 ) ;
#5 = ORIENTED_EDGE ( 'NONE', *, *, #139, .F. ) ;
#6 = CARTESIAN_POINT ( 'NONE',  ( -17.11762545630643118, 19.27172226697523172, 21.85112933892439457 ) ) ;
#7 = CARTESIAN_POINT ( 'NONE',  ( 0.000000000000000000, 0.000000000000000000, 27.99999999999960920 ) ) ;
#8 = ADVANCED_FACE ( 'NONE', ( #1611 ), #352, .T. ) ;
#9 = AXIS2_PLACEMENT_3D ( 'NONE', #419, #1227, #941 ) ;
#10 = CARTESIAN_POINT ( 'NONE',  ( 8.535104242580088041, 21.89329085255166518, 14.99999999999999822 ) ) ;
#11 = CARTESIAN_POINT ( 'NONE',  ( -27.60437233702116799, 7.422451034640641154, 20.67254139871817742 ) ) ;
#12 = CARTESIAN_POINT ( 'NONE',  ( 21.19233832220430358, 9.201533815391860216, 28.58604539657546795 ) ) ;
#13 = ORIENTED_EDGE ( 'NONE', *, *, #1171, .T. ) ;
#14 = CARTESIAN_POINT ( 'NONE',  ( 22.68730692087122947, 6.179030671502098393, 10.63668889842411680 ) ) ;
#15 = CARTESIAN_POINT ( 'NONE',  ( -25.19919784268451579, 13.01495867580509369, 23.84983681658099641 ) ) ;
#16 = CARTESIAN_POINT ( 'NONE',  ( -15.99155325572532504, 16.67484958792219985, 2.723786959793066842 ) ) ;
#17 = EDGE_CURVE ( 'NONE', #799, #215, #230, .T. ) ;
#18 = ORIENTED_EDGE ( 'NONE', *, *, #542, .T. ) ;
#19 = CARTESIAN_POINT ( 'NONE',  ( 8.639292872840595550, 21.87521373640666766, 14.32939124000214015 ) ) ;
#20 = CARTESIAN_POINT ( 'NONE',  ( -22.97336417785531637, 5.267429611438151582, 16.91102636835064033 ) ) ;
#22 = DIRECTION ( 'NONE',  ( -0.000000000000000000, -0.000000000000000000, -1.000000000000000000 ) ) ;
#21 = CARTESIAN_POINT ( 'NONE',  ( -14.76689889477708562, 17.77917083253928254, 26.40880660824210224 ) ) ;
#23 = ORIENTED_EDGE ( 'NONE', *, *, #760, .F. ) ;
#24 = CARTESIAN_POINT ( 'NONE',  ( 0.000000000000000000, 0.000000000000000000, 0.000000000000000000 ) ) ;
#25 = CARTESIAN_POINT ( 'NONE',  ( -22.99658616931318988, 2.194353353083847047, 22.62540275759257113 ) ) ;
#27 = CARTESIAN_POINT ( 'NONE',  ( 23.09131334078856312, 0.6788287373321776341, 11.48295958309611109 ) ) ;
#26 = DIRECTION ( 'NONE',  ( -0.06975647374412549673, 0.9975640502598241977, 0.000000000000000000 ) ) ;
#28 = ORIENTED_EDGE ( 'NONE', *, *, #1219, .T. ) ;
#29 = CARTESIAN_POINT ( 'NONE',  ( -22.99507426745716998, 15.42868517474689050, 6.214036901204385899 ) ) ;
#30 = CARTESIAN_POINT ( 'NONE',  ( -21.55725542355798297, 8.310131910344033201, 28.29360279767865194 ) ) ;
#31 = CARTESIAN_POINT ( 'NONE',  ( -23.02233427287054113, 5.089667451517103203, 14.23146065381372694 ) ) ;
#32 = VECTOR ( 'NONE', #443, 1000.000000000000227 ) ;
#33 = EDGE_CURVE ( 'NONE', #746, #1449, #874, .T. ) ;
#35 = CARTESIAN_POINT ( 'NONE',  ( 6.816145790614895006, 22.07147835014870196, 13.95264474562132051 ) ) ;
#34 = DIRECTION ( 'NONE',  ( 0.06975647374412546897, 0.9975640502598241977, 0.000000000000000000 ) ) ;
#36 = ORIENTED_EDGE ( 'NONE', *, *, #631, .F. ) ;
#37 = CARTESIAN_POINT ( 'NONE',  ( 27.69428869187109399, 6.727987696449547528, 19.70001683323178199 ) ) ;
#38 = CARTESIAN_POINT ( 'NONE',  ( 20.31746426190769483, 10.99968342077752581, 6.299114804028111969 ) ) ;
#39 = AXIS2_PLACEMENT_3D ( 'NONE', #128, #916, #1676 ) ;
#40 = CARTESIAN_POINT ( 'NONE',  ( -27.41640347273572687, 8.352560622701011184, 21.65049959820996150 ) ) ;
#42 = CARTESIAN_POINT ( 'NONE',  ( 22.67663260248644264, 4.457457263568412209, 4.240215898714074783 ) ) ;
#41 = CARTESIAN_POINT ( 'NONE',  ( 23.09999999999999787, 2.828934106030386103E-15, 0.000000000000000000 ) ) ;
#43 = CARTESIAN_POINT ( 'NONE',  ( -9.441796079977805789, 21.11264701180001779, 11.11373269511054396 ) ) ;
#44 = EDGE_LOOP ( 'NONE', ( #427, #1172, #951, #89 ) ) ;
#45 = CARTESIAN_POINT ( 'NONE',  ( 78.94400957190970303, 17.89502824174170215, 15.00000000000000000 ) ) ;
#46 = CARTESIAN_POINT ( 'NONE',  ( -25.45113944227941971, 12.63992743854580780, 23.77617326197405134 ) ) ;
#47 = VERTEX_POINT ( 'NONE', #78 ) ;
#48 = CARTESIAN_POINT ( 'NONE',  ( 6.816145790614895006, 22.07147835014870196, 13.95264474562132051 ) ) ;
#50 = CARTESIAN_POINT ( 'NONE',  ( 22.02787753001581095, 6.967915334798116866, 2.338004396092593584 ) ) ;
#49 = CYLINDRICAL_SURFACE ( 'NONE', #1663, 8.900000000000002132 ) ;
#51 = ADVANCED_FACE ( 'NONE', ( #1384 ), #1431, .T. ) ;
#52 = CARTESIAN_POINT ( 'NONE',  ( 14.04224785918145990, 18.35628748491597051, 25.83584915867101017 ) ) ;
#53 = CARTESIAN_POINT ( 'NONE',  ( 7.707245081347194215, 21.79628778143429457, 14.14785892832133030 ) ) ;
#54 = ORIENTED_EDGE ( 'NONE', *, *, #271, .F. ) ;
#55 = FILL_AREA_STYLE ('',( #1197 ) ) ;
#56 = CARTESIAN_POINT ( 'NONE',  ( -23.40883929140256825, 15.05140958067125112, 23.85395779406734107 ) ) ;
#57 = ORIENTED_EDGE ( 'NONE', *, *, #217, .F. ) ;
#58 = AXIS2_PLACEMENT_3D ( 'NONE', #7, #918, #806 ) ;
#59 = CARTESIAN_POINT ( 'NONE',  ( 27.74873482656424883, 5.416270025466756621, 14.26653916895774543 ) ) ;
#61 = CARTESIAN_POINT ( 'NONE',  ( 21.81952464457926055, 7.596079249097702935, 27.98858129025460428 ) ) ;
#60 = CARTESIAN_POINT ( 'NONE',  ( 0.000000000000000000, 0.000000000000000000, 30.00000000000000000 ) ) ;
#62 = CARTESIAN_POINT ( 'NONE',  ( -27.74829136005345376, 5.393341989105839396, 14.99999999999999822 ) ) ;
#63 = CARTESIAN_POINT ( 'NONE',  ( 7.381287787677152323, 21.88917776731628706, 17.92244424231647670 ) ) ;
#64 = CARTESIAN_POINT ( 'NONE',  ( -15.74998962743854491, 19.87602707000110769, 8.780374509318562559 ) ) ;
#65 = B_SPLINE_CURVE_WITH_KNOTS ( 'NONE', 3,
 ( #1303, #410, #548, #1315, #1063, #144 ),
 .UNSPECIFIED., .F., .F.,
 ( 4, 2, 4 ),
 ( 0.03555734844398752981, 0.03590226990973532928, 0.03624719137548312875 ),
 .UNSPECIFIED. ) ;
#66 = SURFACE_STYLE_USAGE ( .BOTH. , #971 ) ;
#67 = CARTESIAN_POINT ( 'NONE',  ( -27.10861691467929546, 9.429018748900753977, 22.50758869914476179 ) ) ;
#68 = CARTESIAN_POINT ( 'NONE',  ( 19.44257031578796813, 18.05228453345807438, 22.80185862206891301 ) ) ;
#69 = CARTESIAN_POINT ( 'NONE',  ( 23.62389565865733587, 14.82564181501960299, 6.131278487784475928 ) ) ;
#71 = CARTESIAN_POINT ( 'NONE',  ( 7.234851699683294335, 21.93866974855164642, 17.58692453493308960 ) ) ;
#70 = FACE_OUTER_BOUND ( 'NONE', #1415, .T. ) ;
#72 = DIRECTION ( 'NONE',  ( -0.9939789259883208272, -0.1095714136584180209, 0.000000000000000000 ) ) ;
#73 = CARTESIAN_POINT ( 'NONE',  ( 15.17738756848474502, 17.48791126538935359, 23.19648607866011503 ) ) ;
#74 = CARTESIAN_POINT ( 'NONE',  ( -11.55168076564524959, 20.01644601775107901, 6.423782053626129418 ) ) ;
#75 = CARTESIAN_POINT ( 'NONE',  ( -19.84898916734999474, 11.81860865690292250, 28.89866190766121790 ) ) ;
#76 = CARTESIAN_POINT ( 'NONE',  ( -23.02431708227875973, 1.881929051249731089, 7.991343480865108262 ) ) ;
#77 = APPLICATION_CONTEXT ( 'automotive_design' ) ;
#78 = CARTESIAN_POINT ( 'NONE',  ( 74.57702193693422998, 8.667925825708705290, 15.00000000000000178 ) ) ;
#79 = CARTESIAN_POINT ( 'NONE',  ( 10.42944575746385460, 21.51902092987664616, 17.96734066055363499 ) ) ;
#80 = DIRECTION ( 'NONE',  ( 1.000000000000000000, 0.000000000000000000, 0.000000000000000000 ) ) ;
#82 = CARTESIAN_POINT ( 'NONE',  ( 8.527012165682871014, 21.47041718922352871, 19.97306877207757836 ) ) ;
#81 = CARTESIAN_POINT ( 'NONE',  ( 79.38558354143583529, 6.823544559012241884, 15.00000000000000000 ) ) ;
#83 = CARTESIAN_POINT ( 'NONE',  ( 27.21541027541395863, 9.108990913037466441, 7.716534702232777043 ) ) ;
#84 = DIRECTION ( 'NONE',  ( -0.9995549848236947588, -0.02983005722594397890, 4.894673023214020101E-18 ) ) ;
#85 = CARTESIAN_POINT ( 'NONE',  ( -8.587710408911405580, 21.88423237442696134, 15.50200568936382339 ) ) ;
#86 = DIRECTION ( 'NONE',  ( 0.000000000000000000, 0.000000000000000000, 1.000000000000000000 ) ) ;
#87 = CARTESIAN_POINT ( 'NONE',  ( 12.26209296884993449, 19.58002919672940934, 24.25810396952965320 ) ) ;
#88 = CARTESIAN_POINT ( 'NONE',  ( 8.639292872840595550, 21.87521373640666766, 14.32939124000214015 ) ) ;
#89 = ORIENTED_EDGE ( 'NONE', *, *, #1065, .F. ) ;
#90 = CARTESIAN_POINT ( 'NONE',  ( -20.84137163837534956, 10.00452070158181073, 28.79731463790214008 ) ) ;
#91 = CARTESIAN_POINT ( 'NONE',  ( -27.44680659130586164, 8.224112916168856202, 8.468903356849555308 ) ) ;
#92 = CARTESIAN_POINT ( 'NONE',  ( 27.75212864119540157, 5.620475607520344141, 17.12323862837638089 ) ) ;
#93 = CARTESIAN_POINT ( 'NONE',  ( 27.33657280714618665, 8.706630389097727019, 8.019058318874037639 ) ) ;
#95 = CARTESIAN_POINT ( 'NONE',  ( 6.713872087444728187, 22.10281909228772790, 14.88032463330921118 ) ) ;
#94 = CARTESIAN_POINT ( 'NONE',  ( -24.52767175430146906, 19.58131633308731168, 15.00000000000000000 ) ) ;
#96 = CARTESIAN_POINT ( 'NONE',  ( 22.82649997592083224, 3.557199536346427937, 5.295864243561024587 ) ) ;
#97 = CARTESIAN_POINT ( 'NONE',  ( 78.94400957190970303, 17.89502824174170215, 15.00000000000000000 ) ) ;
#98 = CARTESIAN_POINT ( 'NONE',  ( -8.660008395118675040, 21.44087280165389231, 17.91616384382258786 ) ) ;
#99 = CARTESIAN_POINT ( 'NONE',  ( -74.57702193692834669, 8.667925825708293175, 15.00000000000000000 ) ) ;
#100 = CARTESIAN_POINT ( 'NONE',  ( 20.02426304479092067, 17.68681494910803309, 23.00297180516736617 ) ) ;
#101 = CARTESIAN_POINT ( 'NONE',  ( -24.80618026322825287, 13.50449429663578016, 6.115485129988219803 ) ) ;
#102 = CARTESIAN_POINT ( 'NONE',  ( -6.966483350324558010, 22.02470903344045539, 16.79460215429181247 ) ) ;
#103 = CARTESIAN_POINT ( 'NONE',  ( -21.79376207046353287, 8.258947370166731972, 8.050724805736939160 ) ) ;
#104 = CARTESIAN_POINT ( 'NONE',  ( 26.70765798363062160, 10.44730327860569474, 23.08547890876522501 ) ) ;
#105 = CARTESIAN_POINT ( 'NONE',  ( 18.19264170890136967, 14.29211391290793109, 5.791836381638240994 ) ) ;
#106 = CARTESIAN_POINT ( 'NONE',  ( -8.686080035440058467, 21.86703365244797581, 15.82362376580244145 ) ) ;
#107 = CARTESIAN_POINT ( 'NONE',  ( -22.24525099392569061, 6.228760219470477644, 2.804038270064078908 ) ) ;
#108 = CARTESIAN_POINT ( 'NONE',  ( 25.70472686903600490, 12.26143425183065716, 23.69897870740224022 ) ) ;
#109 = CARTESIAN_POINT ( 'NONE',  ( -25.65147211354727830, 12.34290432340367616, 6.282735311738825601 ) ) ;
#110 = CARTESIAN_POINT ( 'NONE',  ( -18.47074012561488843, 13.87947092067912180, 28.59541141536956133 ) ) ;
#111 = CARTESIAN_POINT ( 'NONE',  ( -27.71912218096905889, 6.439673898480567260, 10.80097958152570392 ) ) ;
#112 = CARTESIAN_POINT ( 'NONE',  ( 9.869702830320857601, 20.91793030309302281, 10.65745697703683703 ) ) ;
#113 = CARTESIAN_POINT ( 'NONE',  ( -10.88152451772238294, 21.41494298390591311, 18.32611830303498124 ) ) ;
#114 = CARTESIAN_POINT ( 'NONE',  ( -18.01717002276637203, 14.46343130690787326, 1.587316050401432532 ) ) ;
#115 = CARTESIAN_POINT ( 'NONE',  ( 26.37932440892517860, 11.09923835449452767, 23.34402270248652655 ) ) ;
#116 = CARTESIAN_POINT ( 'NONE',  ( -18.50810669670648068, 13.87608867750117447, 5.766677372813530766 ) ) ;
#117 = EDGE_CURVE ( 'NONE', #1346, #697, #1210, .T. ) ;
#118 = CARTESIAN_POINT ( 'NONE',  ( 16.79805598570239411, 15.92962233591853582, 6.116663697197218141 ) ) ;
#119 = VERTEX_POINT ( 'NONE', #1666 ) ;
#120 = CARTESIAN_POINT ( 'NONE',  ( -10.58161579649635797, 20.57068142529899646, 20.02249271190026647 ) ) ;
#121 = CARTESIAN_POINT ( 'NONE',  ( 18.20911862262793690, 18.73895576144936470, 7.677928779379755042 ) ) ;
#122 = CARTESIAN_POINT ( 'NONE',  ( 26.22678877693301303, 11.38643552075077992, 23.44879907550732767 ) ) ;
#123 = CARTESIAN_POINT ( 'NONE',  ( -18.89082549240061226, 13.33404699515362068, 5.773730738403980212 ) ) ;
#124 = VECTOR ( 'NONE', #724, 1000.000000000000227 ) ;
#125 = EDGE_CURVE ( 'NONE', #155, #384, #533, .T. ) ;
#126 = CARTESIAN_POINT ( 'NONE',  ( 20.98060812434775357, 9.781697867215765285, 6.921021647818629496 ) ) ;
#127 = CARTESIAN_POINT ( 'NONE',  ( 13.18025001981538580, 18.97420429006781006, 4.904280558182846583 ) ) ;
#128 = CARTESIAN_POINT ( 'NONE',  ( -73.95618932060570216, 17.54624587302073380, 15.00000000000000000 ) ) ;
#129 = CARTESIAN_POINT ( 'NONE',  ( -13.93329433048213062, 20.54866884075702060, 20.27845052309893958 ) ) ;
#130 = DIRECTION ( 'NONE',  ( 0.9975640502598243087, -0.06975647374412510815, -0.000000000000000000 ) ) ;
#131 = CARTESIAN_POINT ( 'NONE',  ( -24.46055641838728079, 13.92008830725271906, 6.097231390048595046 ) ) ;
#132 = EDGE_LOOP ( 'NONE', ( #553, #447 ) ) ;
#133 = CARTESIAN_POINT ( 'NONE',  ( 22.97606573346408254, 5.259013375974872062, 13.01209039351159191 ) ) ;
#134 = CARTESIAN_POINT ( 'NONE',  ( -18.80560570472022874, 13.42132942387520522, 28.70761310463010219 ) ) ;
#135 = DIRECTION ( 'NONE',  ( -0.06975647374412548285, -0.9975640502598241977, 0.000000000000000000 ) ) ;
#136 = CARTESIAN_POINT ( 'NONE',  ( -22.99456868878946381, 2.216580455276845107, 22.66456657781664674 ) ) ;
#137 = AXIS2_PLACEMENT_3D ( 'NONE', #1079, #955, #1453 ) ;
#138 = CARTESIAN_POINT ( 'NONE',  ( -21.43745231972908627, 8.933454635126404142, 22.49146350623325930 ) ) ;
#139 = EDGE_CURVE ( 'NONE', #578, #826, #489, .T. ) ;
#140 = CARTESIAN_POINT ( 'NONE',  ( -19.94042940902416916, 11.66899131176171345, 28.90685288476408843 ) ) ;
#141 = CARTESIAN_POINT ( 'NONE',  ( -13.25745256469207156, 18.93221667774802341, 4.826637502114460965 ) ) ;
#142 = ORIENTED_EDGE ( 'NONE', *, *, #217, .T. ) ;
#143 = CONICAL_SURFACE ( 'NONE', #58, 20.10000000000000142, 0.09966865249115755554 ) ;
#144 = CARTESIAN_POINT ( 'NONE',  ( 27.74829136005344310, 5.393341989105837619, 14.99999999997700506 ) ) ;
#145 = CARTESIAN_POINT ( 'NONE',  ( -27.74979293407868752, 5.731248741651570278, 17.51448312600939516 ) ) ;
#146 = CARTESIAN_POINT ( 'NONE',  ( 19.61406042305939224, 12.21118824881180132, 24.07014800242356500 ) ) ;
#148 = CARTESIAN_POINT ( 'NONE',  ( 23.07005700444135954, 1.186672881370604227, 9.708621233746560719 ) ) ;
#147 = CARTESIAN_POINT ( 'NONE',  ( -13.88860083876008034, 18.46224042083974481, 25.70007840576533908 ) ) ;
#149 = DIRECTION ( 'NONE',  ( 0.9975640502598241977, 0.06975647374412546897, 0.000000000000000000 ) ) ;
#150 = ORIENTED_EDGE ( 'NONE', *, *, #1287, .T. ) ;
#151 = CARTESIAN_POINT ( 'NONE',  ( -18.27027537487963471, 18.73697071742324383, 7.634747024857309938 ) ) ;
#152 = CARTESIAN_POINT ( 'NONE',  ( -22.55015805089416148, 5.052252512597808831, 26.32298681904985216 ) ) ;
#154 = CARTESIAN_POINT ( 'NONE',  ( 12.07618171701556165, 19.70557551750460590, 5.908562715338619320 ) ) ;
#153 = DIRECTION ( 'NONE',  ( 0.9975640502598241977, 0.06975647374412546897, 0.000000000000000000 ) ) ;
#155 = VERTEX_POINT ( 'NONE', #266 ) ;
#156 = FACE_BOUND ( 'NONE', #1568, .T. ) ;
#157 = CARTESIAN_POINT ( 'NONE',  ( -21.29484106794471998, 9.199351463974339893, 22.68819958504450440 ) ) ;
#158 = CIRCLE ( 'NONE', #818, 20.10000000000000142 ) ;
#160 = CARTESIAN_POINT ( 'NONE',  ( 22.78459331411247035, 3.844386530965895332, 4.910329482304521598 ) ) ;
#159 = CARTESIAN_POINT ( 'NONE',  ( -79.80512402078596779, 5.580517899530037518, 5.249889213055663405E-34 ) ) ;
#161 = ORIENTED_EDGE ( 'NONE', *, *, #466, .F. ) ;
#162 = CARTESIAN_POINT ( 'NONE',  ( 22.62692528491145794, 6.349085931148633399, 19.65898218118655905 ) ) ;
#163 = CARTESIAN_POINT ( 'NONE',  ( 20.55284710181199870, 10.57205911382314056, 6.487255590480168088 ) ) ;
#164 = CARTESIAN_POINT ( 'NONE',  ( -27.66104721558262725, 7.027803260495010029, 20.15357945332464240 ) ) ;
#165 = CARTESIAN_POINT ( 'NONE',  ( -22.98329510162462697, 5.232714233923972280, 13.22643548788271950 ) ) ;
#166 = AXIS2_PLACEMENT_3D ( 'NONE', #1454, #296, #1217 ) ;
#168 = CARTESIAN_POINT ( 'NONE',  ( 22.34974924079537573, 5.842333748924706249, 3.077983838089038748 ) ) ;
#167 = DIRECTION ( 'NONE',  ( -0.9975640502598243087, 0.06975647374412548285, 6.938893903907226837E-18 ) ) ;
#169 = ORIENTED_EDGE ( 'NONE', *, *, #373, .T. ) ;
#170 = CARTESIAN_POINT ( 'NONE',  ( 27.75147739779783151, 5.592992121399176675, 16.98266053876158566 ) ) ;
#171 = CIRCLE ( 'NONE', #999, 23.09999999999999787 ) ;
#172 = CARTESIAN_POINT ( 'NONE',  ( -27.74875155660570414, 5.418578418067581559, 14.25366733831217125 ) ) ;
#173 = ADVANCED_FACE ( 'NONE', ( #1019 ), #1281, .F. ) ;
#175 = CARTESIAN_POINT ( 'NONE',  ( 13.30046486777605708, 18.89050776876152327, 4.799041528114460498 ) ) ;
#174 = CARTESIAN_POINT ( 'NONE',  ( 79.55089089348361142, 9.216221004481182533, 15.00000000000000000 ) ) ;
#176 = CARTESIAN_POINT ( 'NONE',  ( 9.097107076646484103, 21.79247797036037326, 16.57818998153650725 ) ) ;
#177 = CARTESIAN_POINT ( 'NONE',  ( 6.768439008240026311, 22.08616456790215565, 15.74603671055812093 ) ) ;
#178 = ORIENTED_EDGE ( 'NONE', *, *, #33, .F. ) ;
#179 = CARTESIAN_POINT ( 'NONE',  ( 27.74942301352089302, 5.470475023078026133, 16.34068438915637955 ) ) ;
#180 = CARTESIAN_POINT ( 'NONE',  ( -24.82213998391592824, 13.48420438287542922, 23.88297913578779585 ) ) ;
#181 = ORIENTED_EDGE ( 'NONE', *, *, #943, .T. ) ;
#182 = DIRECTION ( 'NONE',  ( -0.000000000000000000, -0.000000000000000000, -1.000000000000000000 ) ) ;
#184 = CARTESIAN_POINT ( 'NONE',  ( 17.89727093803814739, 14.63182337207962114, 28.37624153638015301 ) ) ;
#183 = DIRECTION ( 'NONE',  ( 0.000000000000000000, 0.000000000000000000, 1.000000000000000000 ) ) ;
#185 = EDGE_CURVE ( 'NONE', #215, #1437, #787, .T. ) ;
#186 = CARTESIAN_POINT ( 'NONE',  ( -27.74793163494026160, 5.829923534071300928, 12.22771683143839461 ) ) ;
#187 = CARTESIAN_POINT ( 'NONE',  ( 7.481607724690028327, 21.85516479524575217, 18.14433939242385563 ) ) ;
#188 = CARTESIAN_POINT ( 'NONE',  ( 7.800441602748789727, 21.76355431565020382, 16.22208387721637379 ) ) ;
#189 = ORIENTED_EDGE ( 'NONE', *, *, #854, .T. ) ;
#190 = CARTESIAN_POINT ( 'NONE',  ( 6.816145790614895006, 22.07147835014870196, 13.95264474562132051 ) ) ;
#191 = B_SPLINE_CURVE_WITH_KNOTS ( 'NONE', 3,
 ( #596, #224, #321, #1476, #1266, #468, #1497, #711, #208, #605, #976, #341, #843, #749, #1352, #878, #61, #357, #1387, #987, #864, #1228, #222, #586, #618, #1374, #1624, #184, #330, #1485, #1100, #735, #197, #1475, #1614, #998, #454, #853, #1123, #1252, #723, #82, #1238, #1636, #1362, #71, #595, #1111, #1264, #95, #480, #1513 ),
 .UNSPECIFIED., .F., .F.,
 ( 4, 2, 2, 2, 2, 2, 2, 2, 2, 2, 2, 2, 2, 2, 2, 2, 2, 2, 2, 2, 2, 2, 2, 2, 2, 4 ),
 ( 0.04573484836268202486, 0.04852611521753636553, 0.05131738207239071314, 0.05410864892724505382, 0.05550428235467222415, 0.05689991578209939449, 0.05829554920952656483, 0.05969118263695373516, 0.06108681606438090550, 0.06248244949180807584, 0.06527371634666241651, 0.06597153306037600862, 0.06666934977408958685, 0.06806498320151677106, 0.07085625005637111173, 0.07225188348379829595, 0.07364751691122548016, 0.07643878376607983471, 0.07923005062093417539, 0.08202131747578852994, 0.08341695090321570027, 0.08481258433064287061, 0.08620821775807004095, 0.08760385118549721128, 0.08899948461292438162, 0.09039511804035155196 ),
 .UNSPECIFIED. ) ;
#192 = CARTESIAN_POINT ( 'NONE',  ( -24.59656860380484034, 13.75974115061293190, 23.89816360671485995 ) ) ;
#193 = DIRECTION ( 'NONE',  ( 0.06975647374412549673, 0.9975640502598241977, 0.000000000000000000 ) ) ;
#194 = AXIS2_PLACEMENT_3D ( 'NONE', #1376, #1638, #737 ) ;
#195 = CARTESIAN_POINT ( 'NONE',  ( 26.22644189251428770, 11.38760225698119299, 6.549993061163986496 ) ) ;
#197 = CARTESIAN_POINT ( 'NONE',  ( 15.25571126804424615, 17.35019930525313825, 26.76391232203835102 ) ) ;
#196 = DIRECTION ( 'NONE',  ( -0.06975647374412548285, -0.9975640502598241977, 0.000000000000000000 ) ) ;
#198 = CARTESIAN_POINT ( 'NONE',  ( 78.33712825033580884, 26.57383547900222354, 15.00000000000000178 ) ) ;
#199 = CARTESIAN_POINT ( 'NONE',  ( 13.15614367665666506, 18.99099490155950321, 25.07440156969604672 ) ) ;
#200 = LINE ( 'NONE', #1103, #1671 ) ;
#201 = CARTESIAN_POINT ( 'NONE',  ( 22.72948767275116211, 6.056725810733559534, 19.13250519557324481 ) ) ;
#202 = CARTESIAN_POINT ( 'NONE',  ( -26.62118560762475283, 10.60636732055930942, 6.863445409171135658 ) ) ;
#203 = CIRCLE ( 'NONE', #1581, 20.30000000000002913 ) ;
#204 = CARTESIAN_POINT ( 'NONE',  ( 27.66671276568990834, 6.981559064371253953, 20.08979632326535025 ) ) ;
#205 = CARTESIAN_POINT ( 'NONE',  ( 10.71098429671227770, 21.45474701297970554, 18.19304420193453709 ) ) ;
#206 = CARTESIAN_POINT ( 'NONE',  ( 23.36414093873733933, 15.08172826262075716, 6.160593410391638436 ) ) ;
#208 = CARTESIAN_POINT ( 'NONE',  ( 22.84110780387999640, 3.461381880107240683, 24.58152770934454168 ) ) ;
#207 = DIRECTION ( 'NONE',  ( -0.000000000000000000, -0.000000000000000000, -1.000000000000000000 ) ) ;
#209 = CARTESIAN_POINT ( 'NONE',  ( 23.03038890471095712, 1.802340507290222105, 8.160590319899775125 ) ) ;
#210 = CARTESIAN_POINT ( 'NONE',  ( -26.25077888630221778, 11.36788496704270912, 6.537970847901594773 ) ) ;
#211 = CARTESIAN_POINT ( 'NONE',  ( -7.951153961116810720, 21.70961547950586024, 16.63589763550311318 ) ) ;
#212 = CARTESIAN_POINT ( 'NONE',  ( 14.54040525952301977, 20.33621749484999341, 9.397426048938307019 ) ) ;
#213 = CARTESIAN_POINT ( 'NONE',  ( 8.118736766845241704, 21.64831879549792504, 17.00134163184200986 ) ) ;
#214 = CARTESIAN_POINT ( 'NONE',  ( -9.788909333527351819, 20.93348391070070491, 8.344673623052436540 ) ) ;
#215 = VERTEX_POINT ( 'NONE', #974 ) ;
#216 = CARTESIAN_POINT ( 'NONE',  ( -21.20984581431494576, 9.192547150698015201, 28.61534789481656560 ) ) ;
#217 = EDGE_CURVE ( 'NONE', #1300, #1449, #203, .T. ) ;
#218 = CARTESIAN_POINT ( 'NONE',  ( -22.95765962355316248, 2.573924625741073058, 6.710272366844128200 ) ) ;
#219 = ORIENTED_EDGE ( 'NONE', *, *, #670, .T. ) ;
#220 = CARTESIAN_POINT ( 'NONE',  ( -23.90683913797875348, 10.70299628577487461, 15.00000000000000000 ) ) ;
#222 = CARTESIAN_POINT ( 'NONE',  ( 19.71458769329673544, 12.04151179350609979, 28.88947887734935449 ) ) ;
#221 = FACE_OUTER_BOUND ( 'NONE', #304, .T. ) ;
#223 = CARTESIAN_POINT ( 'NONE',  ( 22.23874118280708956, 7.317352725750390086, 9.011786914393352887 ) ) ;
#224 = CARTESIAN_POINT ( 'NONE',  ( 23.09615547385999790, 0.4254490973481885874, 16.98754303147688560 ) ) ;
#225 = CARTESIAN_POINT ( 'NONE',  ( -6.724407310733004906, 22.09960352532728578, 15.00809996880580499 ) ) ;
#226 = CARTESIAN_POINT ( 'NONE',  ( 20.87320006447704657, 17.12161091951940506, 6.722809020008048364 ) ) ;
#227 = CARTESIAN_POINT ( 'NONE',  ( 15.77149868574879221, 16.88264325104737651, 27.12748913594951006 ) ) ;
#228 = CARTESIAN_POINT ( 'NONE',  ( -14.32717852649466650, 20.41441117237977210, 9.508752537905310831 ) ) ;
#229 = CARTESIAN_POINT ( 'NONE',  ( -11.35736414472567013, 20.12734245752480078, 23.37997029311824448 ) ) ;
#230 = B_SPLINE_CURVE_WITH_KNOTS ( 'NONE', 3,
 ( #720, #1235, #337, #464, #984, #1494, #602, #861, #1371, #79, #205, #1633, #614, #745, #1397, #850, #719, #1120, #1132, #374, #68, #353, #1261, #232, #601, #462, #1509, #1107, #1016, #1620, #1358, #1646, #490, #1493, #104, #758, #1009, #983, #336, #475, #1143, #1532, #204, #1522, #860, #731, #627, #92, #895, #1405 ),
 .UNSPECIFIED., .F., .F.,
 ( 4, 2, 2, 2, 2, 2, 2, 2, 2, 2, 2, 2, 2, 2, 2, 2, 2, 2, 2, 2, 2, 2, 2, 2, 4 ),
 ( 1.734723475976807094E-18, 0.0005555835694373051532, 0.001111167138874608572, 0.002222334277749216710, 0.003333501416623825282, 0.004444668555498433420, 0.006667002833247649696, 0.008889337110996866839, 0.01111167138874608051, 0.01333400566649529939, 0.01555633994424451653, 0.01777867422199373715, 0.02000100849974294909, 0.02111217563861756547, 0.02222334277749217490, 0.02333450991636678434, 0.02444567705524139378, 0.02666801133299061266, 0.02777917847186522210, 0.02889034561073983154, 0.03000151274961444792, 0.03111267988848906429, 0.03222384702736368067, 0.03333501416623829011, 0.03555734844398752981 ),
 .UNSPECIFIED. ) ;
#231 = CARTESIAN_POINT ( 'NONE',  ( -27.58406827658700422, 7.544872922616731259, 9.181136368369907430 ) ) ;
#232 = CARTESIAN_POINT ( 'NONE',  ( 22.32643613804135185, 16.02521255415507895, 23.66665064539327190 ) ) ;
#233 = CARTESIAN_POINT ( 'NONE',  ( 11.39001396175682679, 21.29013727838654901, 11.30171850590126148 ) ) ;
#234 = AXIS2_PLACEMENT_3D ( 'NONE', #1478, #959, #755 ) ;
#235 = CARTESIAN_POINT ( 'NONE',  ( -7.749361456133168069, 21.78156797237402031, 16.04649802501515055 ) ) ;
#236 = CARTESIAN_POINT ( 'NONE',  ( -23.06161962262310183, 1.339223807527795795, 9.277815383569871344 ) ) ;
#237 = CARTESIAN_POINT ( 'NONE',  ( 18.57798720653497071, 13.77637937854439798, 24.23325928136728535 ) ) ;
#238 = CARTESIAN_POINT ( 'NONE',  ( -22.43314550101735705, 15.93984955479971255, 6.307148701040050653 ) ) ;
#239 = CARTESIAN_POINT ( 'NONE',  ( -15.88862427627257468, 16.77274468050309153, 27.20719239602315653 ) ) ;
#240 = CARTESIAN_POINT ( 'NONE',  ( -27.70646158171563656, 6.600550872794778812, 10.51244294814810587 ) ) ;
#241 = CARTESIAN_POINT ( 'NONE',  ( 16.62977320851912921, 19.49423343171666190, 8.369690346393369396 ) ) ;
#242 = EDGE_CURVE ( 'NONE', #697, #1346, #1650, .T. ) ;
#243 = CARTESIAN_POINT ( 'NONE',  ( 23.09793046915375569, 0.3324064048677100591, 13.99454293625352896 ) ) ;
#244 = CARTESIAN_POINT ( 'NONE',  ( -6.807194549207585155, 22.07430180242916151, 13.97838341230345804 ) ) ;
#245 = CARTESIAN_POINT ( 'NONE',  ( 8.747925714293078414, 21.85621361734697032, 13.97827642095724343 ) ) ;
#246 = CARTESIAN_POINT ( 'NONE',  ( 19.11976812964351069, 12.98613728796740752, 24.18758549954711867 ) ) ;
#247 = CARTESIAN_POINT ( 'NONE',  ( -18.55006963147191712, 18.56123291362142780, 7.537980010346799098 ) ) ;
#248 = CARTESIAN_POINT ( 'NONE',  ( 21.04796757544552932, 9.527112937019094119, 1.330820735797523691 ) ) ;
#249 = CARTESIAN_POINT ( 'NONE',  ( 19.39620055553713485, 18.08270241454548355, 7.213396627353852786 ) ) ;
#250 = VERTEX_POINT ( 'NONE', #1473 ) ;
#251 = CARTESIAN_POINT ( 'NONE',  ( 22.92879874277872787, 5.429290471120429729, 12.37335094428801341 ) ) ;
#252 = CARTESIAN_POINT ( 'NONE',  ( -10.28623850995352562, 20.71837713791163793, 19.75053760914039458 ) ) ;
#253 = CARTESIAN_POINT ( 'NONE',  ( 0.000000000000000000, 0.000000000000000000, 30.00000000000000000 ) ) ;
#254 = ADVANCED_FACE ( 'NONE', ( #888 ), #491, .T. ) ;
#255 = CARTESIAN_POINT ( 'NONE',  ( 24.66241511251853069, 13.70074914080933048, 23.91038343520634868 ) ) ;
#256 = CARTESIAN_POINT ( 'NONE',  ( -20.26236393409897474, 11.09920788842146955, 6.259259314700183374 ) ) ;
#257 = CARTESIAN_POINT ( 'NONE',  ( 21.17847227205579230, 9.415255815630228398, 7.158732273135391289 ) ) ;
#258 = CARTESIAN_POINT ( 'NONE',  ( 13.45813513718636045, 18.83909672445922112, 7.786421314520509895 ) ) ;
#259 = VERTEX_POINT ( 'NONE', #318 ) ;
#260 = CARTESIAN_POINT ( 'NONE',  ( -14.63849701248216384, 20.30335111156033534, 20.65637626417402828 ) ) ;
#261 = CARTESIAN_POINT ( 'NONE',  ( -27.66727417903657482, 6.976252827057452421, 20.08147328580544411 ) ) ;
#262 = STYLED_ITEM ( 'NONE', ( #1479 ), #665 ) ;
#263 = CARTESIAN_POINT ( 'NONE',  ( -23.99340158402915435, 14.44157376919581459, 6.104171002266772561 ) ) ;
#264 = AXIS2_PLACEMENT_3D ( 'NONE', #1541, #1559, #638 ) ;
#265 = ORIENTED_EDGE ( 'NONE', *, *, #780, .T. ) ;
#266 = CARTESIAN_POINT ( 'NONE',  ( -23.09999999999999787, 0.000000000000000000, 30.00000000000000000 ) ) ;
#267 = CARTESIAN_POINT ( 'NONE',  ( -22.64911344849881303, 15.73876796964369262, 23.72537086383460903 ) ) ;
#268 = CARTESIAN_POINT ( 'NONE',  ( -9.679597292061410840, 20.98405769538493004, 8.476266639544057568 ) ) ;
#269 = CLOSED_SHELL ( 'NONE', ( #412, #173, #1672, #8, #1446, #435, #1407, #1586, #677, #567, #1321, #1094, #962, #254, #1081, #1051, #1246, #1609, #51, #497, #549, #1304 ) ) ;
#270 = CARTESIAN_POINT ( 'NONE',  ( -22.62513052172255357, 4.672388659181513582, 25.93637486728477271 ) ) ;
#271 = EDGE_CURVE ( 'NONE', #973, #1434, #456, .T. ) ;
#272 = CARTESIAN_POINT ( 'NONE',  ( -26.12071096052437369, 11.57635416913493920, 23.51173128788689226 ) ) ;
#273 = ORIENTED_EDGE ( 'NONE', *, *, #139, .T. ) ;
#274 = CARTESIAN_POINT ( 'NONE',  ( 23.02965171534108535, 5.063378952269904865, 14.33353557610124440 ) ) ;
#275 = CARTESIAN_POINT ( 'NONE',  ( -12.89174107951697223, 20.87455874304585990, 19.67060681612725048 ) ) ;
#276 = CARTESIAN_POINT ( 'NONE',  ( -9.214421946886860226, 21.77014372170819811, 13.26760718776085923 ) ) ;
#277 = EDGE_LOOP ( 'NONE', ( #795, #1036 ) ) ;
#278 = CARTESIAN_POINT ( 'NONE',  ( -23.08120015666994718, 0.9816520971608769797, 19.70824569372970814 ) ) ;
#279 = CARTESIAN_POINT ( 'NONE',  ( -27.47935004194083319, 8.080223131007109316, 21.39262948088561345 ) ) ;
#280 = CARTESIAN_POINT ( 'NONE',  ( 22.43328232639975184, 5.520721784689095912, 26.68264290717246823 ) ) ;
#282 = CARTESIAN_POINT ( 'NONE',  ( 23.09787785764790513, 0.3265773002682661463, 14.21320178313290761 ) ) ;
#281 = CARTESIAN_POINT ( 'NONE',  ( -10.06649388409835488, 20.79358719474852180, 21.96730636771709300 ) ) ;
#283 = CARTESIAN_POINT ( 'NONE',  ( -10.83442112131729118, 20.41177601448929124, 7.162774661214173832 ) ) ;
#284 =( BOUNDED_SURFACE ( )  B_SPLINE_SURFACE ( 3, 2, ( 
 ( #1137, #1417, #1409 ),
 ( #1542, #367, #898 ),
 ( #889, #1516, #867 ),
 ( #244, #1255, #1399 ),
 ( #639, #1628, #1377 ),
 ( #502, #621, #1651 ),
 ( #225, #483, #1145 ),
 ( #1002, #1275, #990 ),
 ( #471, #512, #85 ),
 ( #1028, #235, #106 ),
 ( #1153, #1500, #360 ),
 ( #761, #211, #881 ),
 ( #738, #1524, #752 ),
 ( #608, #768, #629 ),
 ( #386, #1293, #1267 ),
 ( #1020, #98, #1658 ),
 ( #492, #1390, #1126 ),
 ( #1534, #377, #1285 ),
 ( #344, #1667, #113 ),
 ( #1639, #252, #907 ),
 ( #776, #120, #1114 ),
 ( #281, #1435, #288 ),
 ( #1167, #1570, #275 ),
 ( #1306, #660, #129 ),
 ( #1, #527, #260 ),
 ( #1043, #930, #1429 ),
 ( #1441, #395, #1174 ),
 ( #804, #923, #935 ),
 ( #147, #1424, #6 ),
 ( #21, #674, #913 ),
 ( #1677, #1055, #1186 ),
 ( #785, #545, #1318 ),
 ( #1301, #1312, #656 ),
 ( #407, #648, #520 ),
 ( #1060, #534, #413 ),
 ( #796, #539, #267 ),
 ( #134, #1555, #1447 ),
 ( #811, #402, #1560 ),
 ( #917, #790, #1049 ),
 ( #140, #1161, #392 ),
 ( #667, #1037, #1324 ),
 ( #1566, #1181, #15 ),
 ( #1550, #793, #423 ),
 ( #30, #946, #272 ),
 ( #680, #1433, #1072 ),
 ( #1452, #664, #822 ),
 ( #411, #157, #1046 ),
 ( #928, #1309, #1199 ),
 ( #294, #138, #685 ),
 ( #1574, #1564, #1558 ),
 ( #152, #1329, #1191 ),
 ( #405, #1053, #815 ),
 ( #1457, #556, #279 ),
 ( #1177, #1582, #810 ),
 ( #1208, #299, #11 ),
 ( #1185, #1334, #164 ),
 ( #25, #399, #940 ),
 ( #692, #550, #531 ),
 ( #1439, #1064, #934 ),
 ( #801, #1059, #537 ),
 ( #1316, #920, #145 ),
 ( #673, #20, #544 ) ),
 .UNSPECIFIED., .F., .F., .F. ) 
 B_SPLINE_SURFACE_WITH_KNOTS ( ( 4, 2, 2, 2, 2, 2, 2, 2, 2, 2, 2, 2, 2, 2, 2, 2, 2, 2, 2, 2, 2, 2, 2, 2, 2, 2, 2, 2, 2, 2, 4 ),
 ( 3, 3 ),
 ( 0.04908037546948457869, 0.05061413720290597329, 0.05138101806961666712, 0.05214789893632736095, 0.05291477980303806172, 0.05368166066974875555, 0.05444854153645944939, 0.05521542240317015016, 0.05674918413659154476, 0.05828294587001293936, 0.05981670760343433396, 0.06135046933685572856, 0.06441799280369851777, 0.06595175453711990543, 0.06748551627054130697, 0.07055303973738409617, 0.07362056320422688538, 0.07515432493764828692, 0.07668808667106967458, 0.07822184840449106225, 0.07975561013791246379, 0.08282313360475525299, 0.08435689533817664065, 0.08512377620488734142, 0.08589065707159804219, 0.08895818053844083140, 0.09049194227186221906, 0.09202570400528362060, 0.09355946573870502214, 0.09509322747212640980, 0.09816075093896919901 ),
 ( 0.000000000000000000, 1.000000000000000000 ),
 .UNSPECIFIED. ) 
 GEOMETRIC_REPRESENTATION_ITEM ( )  RATIONAL_B_SPLINE_SURFACE ( (
 ( 1.000000000000000000, 0.9764286425425873217, 1.000000000000000000),
 ( 1.000000000000000000, 0.9787939150703520719, 1.000000000000000000),
 ( 1.000000000000000000, 0.9806372184027060124, 1.000000000000000000),
 ( 1.000000000000000000, 0.9824312496186181631, 1.000000000000000000),
 ( 1.000000000000000000, 0.9828672711419736974, 1.000000000000000000),
 ( 1.000000000000000000, 0.9833578321798515098, 1.000000000000000000),
 ( 1.000000000000000000, 0.9834168556179105902, 1.000000000000000000),
 ( 1.000000000000000000, 0.9831580258849896836, 1.000000000000000000),
 ( 1.000000000000000000, 0.9828356592548599391, 1.000000000000000000),
 ( 1.000000000000000000, 0.9818563486741926916, 1.000000000000000000),
 ( 1.000000000000000000, 0.9811995253797386463, 1.000000000000000000),
 ( 1.000000000000000000, 0.9795874233809548359, 1.000000000000000000),
 ( 1.000000000000000000, 0.9786320412425872917, 1.000000000000000000),
 ( 1.000000000000000000, 0.9764479604624418663, 1.000000000000000000),
 ( 1.000000000000000000, 0.9752143987547903237, 1.000000000000000000),
 ( 1.000000000000000000, 0.9712145517660268901, 1.000000000000000000),
 ( 1.000000000000000000, 0.9681332691927029277, 1.000000000000000000),
 ( 1.000000000000000000, 0.9612795621896774723, 1.000000000000000000),
 ( 1.000000000000000000, 0.9575049284492636037, 1.000000000000000000),
 ( 1.000000000000000000, 0.9493221800215796424, 1.000000000000000000),
 ( 1.000000000000000000, 0.9449363199769705846, 1.000000000000000000),
 ( 1.000000000000000000, 0.9356954835177816454, 1.000000000000000000),
 ( 1.000000000000000000, 0.9308289137682879133, 1.000000000000000000),
 ( 1.000000000000000000, 0.9155355373184582701, 1.000000000000000000),
 ( 1.000000000000000000, 0.9044154855684300998, 1.000000000000000000),
 ( 1.000000000000000000, 0.8864760774833608803, 1.000000000000000000),
 ( 1.000000000000000000, 0.8802860254589158773, 1.000000000000000000),
 ( 1.000000000000000000, 0.8675067826710267660, 1.000000000000000000),
 ( 1.000000000000000000, 0.8609410707589517653, 1.000000000000000000),
 ( 1.000000000000000000, 0.8409709210347589003, 1.000000000000000000),
 ( 1.000000000000000000, 0.8272168277460594243, 1.000000000000000000),
 ( 1.000000000000000000, 0.7993380226870054894, 1.000000000000000000),
 ( 1.000000000000000000, 0.7852074491824736491, 1.000000000000000000),
 ( 1.000000000000000000, 0.7643043499530735030, 1.000000000000000000),
 ( 1.000000000000000000, 0.7573599224575381372, 1.000000000000000000),
 ( 1.000000000000000000, 0.7439746748085663830, 1.000000000000000000),
 ( 1.000000000000000000, 0.7375084869144655775, 1.000000000000000000),
 ( 1.000000000000000000, 0.7251750186815962840, 1.000000000000000000),
 ( 1.000000000000000000, 0.7193077003662859958, 1.000000000000000000),
 ( 1.000000000000000000, 0.7083352430908690378, 1.000000000000000000),
 ( 1.000000000000000000, 0.7032110482063508305, 1.000000000000000000),
 ( 1.000000000000000000, 0.6893827044910898483, 1.000000000000000000),
 ( 1.000000000000000000, 0.6824110506239238205, 1.000000000000000000),
 ( 1.000000000000000000, 0.6756545260088309135, 1.000000000000000000),
 ( 1.000000000000000000, 0.6740163117741411192, 1.000000000000000000),
 ( 1.000000000000000000, 0.6724890128462780448, 1.000000000000000000),
 ( 1.000000000000000000, 0.6721349911868225169, 1.000000000000000000),
 ( 1.000000000000000000, 0.6717367537960220458, 1.000000000000000000),
 ( 1.000000000000000000, 0.6716901776306123395, 1.000000000000000000),
 ( 1.000000000000000000, 0.6721604793441487979, 1.000000000000000000),
 ( 1.000000000000000000, 0.6747942913524958009, 1.000000000000000000),
 ( 1.000000000000000000, 0.6808978643524818963, 1.000000000000000000),
 ( 1.000000000000000000, 0.6832785072239686563, 1.000000000000000000),
 ( 1.000000000000000000, 0.6883760884362477572, 1.000000000000000000),
 ( 1.000000000000000000, 0.6911043420584728203, 1.000000000000000000),
 ( 1.000000000000000000, 0.6966738620767829460, 1.000000000000000000),
 ( 1.000000000000000000, 0.6995155478755796796, 1.000000000000000000),
 ( 1.000000000000000000, 0.7050891211435861283, 1.000000000000000000),
 ( 1.000000000000000000, 0.7077758599488899183, 1.000000000000000000),
 ( 1.000000000000000000, 0.7152372357582728046, 1.000000000000000000),
 ( 1.000000000000000000, 0.7194250646119600967, 1.000000000000000000),
 ( 1.000000000000000000, 0.7222722267984305056, 1.000000000000000000) ) ) 
 REPRESENTATION_ITEM ( '' )  SURFACE ( )  );
#285 = VERTEX_POINT ( 'NONE', #99 ) ;
#286 = CARTESIAN_POINT ( 'NONE',  ( -17.09869490887189514, 19.30803693967757795, 8.137244065386633807 ) ) ;
#287 =( LENGTH_UNIT ( ) NAMED_UNIT ( * ) SI_UNIT ( .MILLI., .METRE. ) );
#289 = FACE_OUTER_BOUND ( 'NONE', #1069, .T. ) ;
#288 = CARTESIAN_POINT ( 'NONE',  ( -12.54734816893718730, 20.97614154250035057, 19.46108105552140444 ) ) ;
#290 = EDGE_CURVE ( 'NONE', #1213, #155, #171, .T. ) ;
#291 = ORIENTED_EDGE ( 'NONE', *, *, #631, .T. ) ;
#292 = CARTESIAN_POINT ( 'NONE',  ( -10.43444669833427696, 21.51794440201404868, 12.03031617324410441 ) ) ;
#293 = B_SPLINE_CURVE_WITH_KNOTS ( 'NONE', 3,
 ( #19, #1569, #1052, #1450, #788, #10 ),
 .UNSPECIFIED., .F., .F.,
 ( 4, 2, 4 ),
 ( 0.07176682381161378355, 0.07211185631826720621, 0.07245688882492062888 ),
 .UNSPECIFIED. ) ;
#294 = CARTESIAN_POINT ( 'NONE',  ( -22.12745917991254885, 6.634808540009139222, 27.45761821430085092 ) ) ;
#296 = DIRECTION ( 'NONE',  ( -0.9975640502598243087, -0.06975647374412496937, 0.000000000000000000 ) ) ;
#295 = DIRECTION ( 'NONE',  ( -0.000000000000000000, -0.000000000000000000, -1.000000000000000000 ) ) ;
#297 = VERTEX_POINT ( 'NONE', #739 ) ;
#298 = CARTESIAN_POINT ( 'NONE',  ( 27.73100416917969824, 6.257986950251201108, 18.83894214681177104 ) ) ;
#299 = CARTESIAN_POINT ( 'NONE',  ( -22.39962370651237933, 6.938733259666729047, 20.52554853764814169 ) ) ;
#300 = AXIS2_PLACEMENT_3D ( 'NONE', #722, #207, #1512 ) ;
#301 = CARTESIAN_POINT ( 'NONE',  ( -27.52742568588179495, 7.854419606376644936, 21.16394757524977166 ) ) ;
#303 = CARTESIAN_POINT ( 'NONE',  ( 7.925699785266145270, 21.69891112115651310, 10.98580794851990561 ) ) ;
#302 = CARTESIAN_POINT ( 'NONE',  ( 0.000000000000000000, 0.000000000000000000, 0.000000000000000000 ) ) ;
#304 = EDGE_LOOP ( 'NONE', ( #1291, #169, #547, #476, #1462 ) ) ;
#305 = CARTESIAN_POINT ( 'NONE',  ( 27.59257702024550341, 7.496783346531048053, 20.76220438748311281 ) ) ;
#306 = CARTESIAN_POINT ( 'NONE',  ( 24.68053694666413378, 13.65913066797762809, 6.105981922112222016 ) ) ;
#307 = CARTESIAN_POINT ( 'NONE',  ( 0.000000000000000000, 0.000000000000000000, 0.000000000000000000 ) ) ;
#308 = EDGE_CURVE ( 'NONE', #578, #250, #848, .T. ) ;
#309 = CARTESIAN_POINT ( 'NONE',  ( -8.535104242580093370, 21.89329085255166873, 15.17563900216224404 ) ) ;
#311 = CARTESIAN_POINT ( 'NONE',  ( 16.61467531533500619, 16.05418802018083824, 2.327512456671884333 ) ) ;
#310 = DIRECTION ( 'NONE',  ( 1.000000000000000000, 0.000000000000000000, 0.000000000000000000 ) ) ;
#312 = CARTESIAN_POINT ( 'NONE',  ( 10.48662443630994190, 20.59216110740683092, 22.45987837542152832 ) ) ;
#313 = CARTESIAN_POINT ( 'NONE',  ( -8.426426341923381358, 21.51016703618714132, 10.17656733292700189 ) ) ;
#314 = ORIENTED_EDGE ( 'NONE', *, *, #373, .F. ) ;
#315 = CARTESIAN_POINT ( 'NONE',  ( 23.08041233564416572, 0.9590569788854932387, 19.56413602042874444 ) ) ;
#316 = CARTESIAN_POINT ( 'NONE',  ( -12.28922278572970228, 21.04938026529044137, 19.29777911782386823 ) ) ;
#317 = ORIENTED_EDGE ( 'NONE', *, *, #346, .T. ) ;
#318 = CARTESIAN_POINT ( 'NONE',  ( -20.10000000000000142, 0.000000000000000000, 0.000000000000000000 ) ) ;
#320 = CYLINDRICAL_SURFACE ( 'NONE', #994, 20.10000000000000142 ) ;
#319 = FACE_OUTER_BOUND ( 'NONE', #727, .T. ) ;
#321 = CARTESIAN_POINT ( 'NONE',  ( 23.09419395097748051, 0.5581839080499010342, 17.89487933276635445 ) ) ;
#322 = CARTESIAN_POINT ( 'NONE',  ( 8.037348210811288141, 21.65834427326403855, 19.20441974931851448 ) ) ;
#323 = CARTESIAN_POINT ( 'NONE',  ( -10.29212698715578966, 20.72247578029476145, 10.21988158546452752 ) ) ;
#324 = ORIENTED_EDGE ( 'NONE', *, *, #1189, .F. ) ;
#325 = CARTESIAN_POINT ( 'NONE',  ( 27.46890975466081386, 8.155714890792616245, 21.49068297365431235 ) ) ;
#326 = CARTESIAN_POINT ( 'NONE',  ( -23.01311683114007423, 5.126144966571483330, 16.25714151580480049 ) ) ;
#327 = DIRECTION ( 'NONE',  ( 0.9975640502598243087, -0.06975647374412510815, -0.000000000000000000 ) ) ;
#328 = CARTESIAN_POINT ( 'NONE',  ( 27.60162816918856876, 7.444943941380551600, 9.297881202102644238 ) ) ;
#330 = CARTESIAN_POINT ( 'NONE',  ( 17.33378109766259101, 15.29310103593315162, 28.09508280857457052 ) ) ;
#329 = DIRECTION ( 'NONE',  ( 1.000000000000000000, 0.000000000000000000, -0.000000000000000000 ) ) ;
#331 = CARTESIAN_POINT ( 'NONE',  ( -25.11919155285361427, 13.10043306458872614, 6.154805614656138957 ) ) ;
#332 = CARTESIAN_POINT ( 'NONE',  ( 12.85900479695969523, 19.19329213431772274, 24.80974827206516053 ) ) ;
#333 = CARTESIAN_POINT ( 'NONE',  ( -9.214421946886918846, 21.77014372170822298, 13.26760718776089298 ) ) ;
#334 = CARTESIAN_POINT ( 'NONE',  ( 23.02200601361698062, 5.090666865862099932, 15.70255673811635511 ) ) ;
#335 = CARTESIAN_POINT ( 'NONE',  ( -15.50806054522280775, 19.97059455652092907, 21.09767106239640455 ) ) ;
#336 = CARTESIAN_POINT ( 'NONE',  ( 27.39992620549804769, 8.419651324103407219, 21.71105060325090008 ) ) ;
#337 = CARTESIAN_POINT ( 'NONE',  ( 8.559906247991666106, 21.88904172715996310, 15.37175965092600194 ) ) ;
#338 = AXIS2_PLACEMENT_3D ( 'NONE', #1436, #1302, #1313 ) ;
#339 = CARTESIAN_POINT ( 'NONE',  ( 7.384960301137684091, 21.88848284426800461, 12.04436676786273352 ) ) ;
#341 = CARTESIAN_POINT ( 'NONE',  ( 22.55388688192688917, 5.004273660744649632, 26.24557297584077631 ) ) ;
#340 = CYLINDRICAL_SURFACE ( 'NONE', #300, 20.10000000000000142 ) ;
#342 = CARTESIAN_POINT ( 'NONE',  ( 22.93996742271781386, 2.728071676850324145, 6.461817767037133287 ) ) ;
#343 = CARTESIAN_POINT ( 'NONE',  ( -27.03471875969915672, 9.608849053083369895, 7.400760707421354390 ) ) ;
#344 = CARTESIAN_POINT ( 'NONE',  ( -8.679234639585512667, 21.40951256298528804, 20.19472409116806944 ) ) ;
#345 = CARTESIAN_POINT ( 'NONE',  ( -22.53343292756679972, 5.139458437255218115, 3.599374517491411130 ) ) ;
#346 = EDGE_CURVE ( 'NONE', #1133, #285, #728, .T. ) ;
#347 = AXIS2_PLACEMENT_3D ( 'NONE', #519, #1549, #1048 ) ;
#348 = CARTESIAN_POINT ( 'NONE',  ( 8.318591032823755782, 21.57314418959279578, 17.37021150468208575 ) ) ;
#349 = CARTESIAN_POINT ( 'NONE',  ( 6.964318062719795144, 22.02530851384841171, 16.74724772480119128 ) ) ;
#350 = CARTESIAN_POINT ( 'NONE',  ( -7.442705867828715682, 21.86888427477904884, 18.07961950414142294 ) ) ;
#351 = CARTESIAN_POINT ( 'NONE',  ( -26.99249620443072217, 9.754883630852875243, 7.291897617581303059 ) ) ;
#352 = CONICAL_SURFACE ( 'NONE', #561, 8.899999999999998579, 0.03997868712328403462 ) ;
#353 = CARTESIAN_POINT ( 'NONE',  ( 20.62456813355797536, 17.30200120979665712, 23.20590233179479611 ) ) ;
#354 = EDGE_LOOP ( 'NONE', ( #1104, #716, #1196, #1683, #54 ) ) ;
#355 = CARTESIAN_POINT ( 'NONE',  ( 9.577757726897493384, 21.70017168921537731, 12.82473023369177056 ) ) ;
#357 = CARTESIAN_POINT ( 'NONE',  ( 21.52410556016195642, 8.396722902953221990, 28.32790927076096210 ) ) ;
#356 = DIRECTION ( 'NONE',  ( -0.06975647374412549673, 0.9975640502598241977, 0.000000000000000000 ) ) ;
#358 = CARTESIAN_POINT ( 'NONE',  ( 22.86911278528317126, 3.269275278006631869, 5.671745583813850189 ) ) ;
#359 = CARTESIAN_POINT ( 'NONE',  ( -74.57702193692841774, 8.667925825708298504, 15.00000000000000178 ) ) ;
#360 = CARTESIAN_POINT ( 'NONE',  ( -8.751709828788243328, 21.85546696589839044, 15.98076898948261970 ) ) ;
#361 = CARTESIAN_POINT ( 'NONE',  ( -21.28254504500641531, 8.992539735326731787, 1.472279420241315862 ) ) ;
#362 = CARTESIAN_POINT ( 'NONE',  ( 11.96257498607995728, 19.76423372117594468, 23.97128428224401731 ) ) ;
#363 = CARTESIAN_POINT ( 'NONE',  ( -9.439536757266932199, 21.72725127100935083, 12.97286206266918818 ) ) ;
#364 = CARTESIAN_POINT ( 'NONE',  ( -21.68155030129727834, 7.981728959224358100, 28.16237299126006732 ) ) ;
#365 = CARTESIAN_POINT ( 'NONE',  ( -22.91791466814106570, 5.462680598248010888, 12.25991295615993870 ) ) ;
#366 = CARTESIAN_POINT ( 'NONE',  ( 7.595358396205477369, 21.81697578062848564, 11.60266856741078279 ) ) ;
#367 = CARTESIAN_POINT ( 'NONE',  ( -8.022837686555838843, 21.68444581571532837, 13.17417529171892099 ) ) ;
#368 = CARTESIAN_POINT ( 'NONE',  ( 12.12195609948292230, 21.09999013417388269, 10.79800392737031522 ) ) ;
#369 = CARTESIAN_POINT ( 'NONE',  ( 18.17227698311161888, 14.32199956708166333, 24.20757722352759700 ) ) ;
#370 = CARTESIAN_POINT ( 'NONE',  ( -19.86273078673471915, 11.79702666185777638, 6.029510201618554888 ) ) ;
#371 = CARTESIAN_POINT ( 'NONE',  ( -14.38889147119141398, 18.08726867154852869, 26.11565313557749590 ) ) ;
#372 = CARTESIAN_POINT ( 'NONE',  ( -27.54517470695590120, 7.761804772683156273, 8.936332806813345186 ) ) ;
#373 = EDGE_CURVE ( 'NONE', #1338, #400, #774, .T. ) ;
#374 = CARTESIAN_POINT ( 'NONE',  ( 18.84528517036735806, 18.39497859116954359, 22.57579588014963079 ) ) ;
#375 = CARTESIAN_POINT ( 'NONE',  ( 17.46550783089078962, 15.14067633107713995, 1.837042634447915601 ) ) ;
#376 = CONICAL_SURFACE ( 'NONE', #338, 8.700000000000049027, 0.03997868712328674079 ) ;
#377 = CARTESIAN_POINT ( 'NONE',  ( -9.433062338708205985, 21.11619041853420953, 18.87822786618965765 ) ) ;
#378 = CARTESIAN_POINT ( 'NONE',  ( -19.60827235477081132, 12.24637025431528592, 1.091883259567800524 ) ) ;
#379 = CARTESIAN_POINT ( 'NONE',  ( 21.44881815504132661, 8.912810007133513679, 22.47774644689818402 ) ) ;
#380 = CARTESIAN_POINT ( 'NONE',  ( -15.09221408576380874, 17.50560630921562932, 3.345833948344850928 ) ) ;
#381 = CARTESIAN_POINT ( 'NONE',  ( -6.727965557832360943, 22.09851766167480136, 15.43689392035173036 ) ) ;
#382 = CARTESIAN_POINT ( 'NONE',  ( 21.27428539751689485, 9.237841007913521807, 7.282341527308244800 ) ) ;
#383 = CARTESIAN_POINT ( 'NONE',  ( 18.98057480243006623, 13.20713361590162549, 5.778763359180991266 ) ) ;
#384 = VERTEX_POINT ( 'NONE', #1567 ) ;
#385 = CARTESIAN_POINT ( 'NONE',  ( 27.75027021881319200, 5.582999100284302685, 13.06157033985653371 ) ) ;
#386 = CARTESIAN_POINT ( 'NONE',  ( -7.389381763199269315, 21.88649891524262969, 17.94015870594612139 ) ) ;
#387 = CARTESIAN_POINT ( 'NONE',  ( -23.05153537329628932, 1.507215209688531399, 8.843765451223502438 ) ) ;
#388 = CARTESIAN_POINT ( 'NONE',  ( 22.14304160966992541, 6.590435741147810944, 27.43784696396553358 ) ) ;
#389 = CARTESIAN_POINT ( 'NONE',  ( -20.60598446019921681, 10.44902296946772147, 1.163651938533329044 ) ) ;
#390 = CARTESIAN_POINT ( 'NONE',  ( 18.71993202564280523, 18.46743344755370231, 7.471268622848519669 ) ) ;
#391 = VERTEX_POINT ( 'NONE', #924 ) ;
#392 = CARTESIAN_POINT ( 'NONE',  ( -24.25963950589587981, 14.15041729779053625, 23.90438781851505823 ) ) ;
#393 = CARTESIAN_POINT ( 'NONE',  ( -11.43789375994078128, 20.08202393735394509, 6.537919410251841867 ) ) ;
#394 = CARTESIAN_POINT ( 'NONE',  ( -17.16407676763357415, 15.51825656855508839, 6.014188192725046456 ) ) ;
#395 = CARTESIAN_POINT ( 'NONE',  ( -14.15581660865236557, 18.31159271941228539, 22.63043796779432526 ) ) ;
#396 = CARTESIAN_POINT ( 'NONE',  ( -9.214421946886860226, 21.77014372170819811, 13.26760718776085923 ) ) ;
#397 = EDGE_CURVE ( 'NONE', #973, #47, #786, .T. ) ;
#398 = CARTESIAN_POINT ( 'NONE',  ( -9.427951933332241907, 21.72945859450071282, 12.98803018494943906 ) ) ;
#399 = CARTESIAN_POINT ( 'NONE',  ( -22.58964314197937284, 6.451050907036718129, 19.82504361077262089 ) ) ;
#400 = VERTEX_POINT ( 'NONE', #396 ) ;
#401 = CARTESIAN_POINT ( 'NONE',  ( 27.74869747898256378, 5.419679637661127813, 15.68298980523500852 ) ) ;
#402 = CARTESIAN_POINT ( 'NONE',  ( -19.52014511955444576, 12.36328694247672644, 24.10007971908119728 ) ) ;
#403 = CARTESIAN_POINT ( 'NONE',  ( -9.022373387135699474, 21.80673586604147474, 13.51905833812758928 ) ) ;
#404 = LINE ( 'NONE', #1323, #937 ) ;
#405 = CARTESIAN_POINT ( 'NONE',  ( -22.73692130871529571, 4.092509046309812604, 25.33631040760135278 ) ) ;
#406 = CARTESIAN_POINT ( 'NONE',  ( 21.72553946818683812, 8.386350287994964958, 22.04958406742216326 ) ) ;
#407 = CARTESIAN_POINT ( 'NONE',  ( -17.79628490734283730, 14.73319571202407019, 28.31139966781109507 ) ) ;
#408 = CARTESIAN_POINT ( 'NONE',  ( -15.08263097765891736, 17.51587223160399276, 3.351372047481101291 ) ) ;
#409 = ORIENTED_EDGE ( 'NONE', *, *, #1530, .T. ) ;
#410 = CARTESIAN_POINT ( 'NONE',  ( 27.74857251495209454, 5.410930780221788083, 15.56971029946738838 ) ) ;
#411 = CARTESIAN_POINT ( 'NONE',  ( -21.95456640897446476, 7.186414589249879192, 27.77367730220349884 ) ) ;
#412 = ADVANCED_FACE ( 'NONE', ( #668 ), #143, .F. ) ;
#414 = CARTESIAN_POINT ( 'NONE',  ( 22.30079647614846650, 6.026769664775846636, 2.944121108197971015 ) ) ;
#413 = CARTESIAN_POINT ( 'NONE',  ( -22.05684487519516779, 16.23531470030779644, 23.59872050928471410 ) ) ;
#415 = ORIENTED_EDGE ( 'NONE', *, *, #803, .F. ) ;
#416 = APPLICATION_CONTEXT ( 'automotive_design' ) ;
#417 = DIRECTION ( 'NONE',  ( -0.000000000000000000, -0.000000000000000000, -1.000000000000000000 ) ) ;
#418 = B_SPLINE_CURVE_WITH_KNOTS ( 'NONE', 3,
 ( #35, #1075, #546, #552, #682, #303, #688, #967, #1325, #1331, #1061, #560, #154, #433, #175, #702, #1468, #675, #1067, #311, #805, #426, #1218, #950, #1585, #1460, #1337, #1577, #825, #812, #420, #1193, #1571, #50, #575, #414, #168, #696, #1212, #42, #160, #566, #936, #1090, #1080, #1593, #956, #148, #1603, #27, #1187, #282, #942, #1448 ),
 .UNSPECIFIED., .F., .F.,
 ( 4, 2, 2, 2, 2, 2, 2, 2, 2, 2, 2, 2, 2, 2, 2, 2, 2, 2, 2, 2, 2, 2, 2, 2, 2, 2, 4 ),
 ( 0.001051252747833623935, 0.002447615110797634295, 0.003843977473761644222, 0.005240339836725654149, 0.006636702199689664509, 0.009429426925617691302, 0.01222215165154571896, 0.01361851401450973713, 0.01501487637747375356, 0.01780760110340178295, 0.01920396346636579765, 0.02060032582932980888, 0.02199668819229382011, 0.02339305055525782787, 0.02618577528118586073, 0.02758213764414986849, 0.02897850000711387972, 0.03037486237007788747, 0.03107304355155989309, 0.03177122473304189870, 0.03456394945896992116, 0.03596031182193393932, 0.03735667418489795749, 0.03875303654786196872, 0.04014939891082598689, 0.04294212363675400240, 0.04573484836268202486 ),
 .UNSPECIFIED. ) ;
#420 = CARTESIAN_POINT ( 'NONE',  ( 21.29698147395017571, 8.957647975466768386, 1.482717871023591982 ) ) ;
#419 = CARTESIAN_POINT ( 'NONE',  ( 79.80512402078596779, 5.580517899530037518, 5.249889213055663405E-34 ) ) ;
#421 = VERTEX_POINT ( 'NONE', #1050 ) ;
#422 =( NAMED_UNIT ( * ) PLANE_ANGLE_UNIT ( ) SI_UNIT ( $, .RADIAN. ) );
#423 = CARTESIAN_POINT ( 'NONE',  ( -25.60103614786247661, 12.44050459393243990, 23.75417666968228403 ) ) ;
#424 = CARTESIAN_POINT ( 'NONE',  ( -8.557377232390335209, 21.88947452114668835, 15.35385753563457634 ) ) ;
#426 = CARTESIAN_POINT ( 'NONE',  ( 17.48998913520020082, 15.09636591215199175, 1.837739310884270560 ) ) ;
#425 = FACE_OUTER_BOUND ( 'NONE', #1322, .T. ) ;
#427 = ORIENTED_EDGE ( 'NONE', *, *, #1171, .F. ) ;
#428 = CARTESIAN_POINT ( 'NONE',  ( 0.000000000000000000, 0.000000000000000000, 30.00000000000000000 ) ) ;
#429 = CARTESIAN_POINT ( 'NONE',  ( 20.30316861884851320, 11.02580698589544284, 1.109342552709734919 ) ) ;
#430 = AXIS2_PLACEMENT_3D ( 'NONE', #824, #695, #1211 ) ;
#431 = CARTESIAN_POINT ( 'NONE',  ( -10.60360926528816883, 21.47949535415813571, 18.10752415672126503 ) ) ;
#433 = CARTESIAN_POINT ( 'NONE',  ( 12.99208859953818340, 19.10364105756727682, 5.070725037086119436 ) ) ;
#432 = PLANE ( 'NONE',  #798 ) ;
#434 = CARTESIAN_POINT ( 'NONE',  ( -9.222107292064105621, 21.18703670586773313, 9.037908723282521706 ) ) ;
#435 = ADVANCED_FACE ( 'NONE', ( #1182 ), #376, .T. ) ;
#436 = CARTESIAN_POINT ( 'NONE',  ( 27.67578962576590129, 6.904757772188781395, 19.97461242345188026 ) ) ;
#437 = CARTESIAN_POINT ( 'NONE',  ( 19.92675386947259497, 11.68710667128397418, 6.060913544381452134 ) ) ;
#438 = CONICAL_SURFACE ( 'NONE', #166, 8.700000000000049027, 0.03997868712328674079 ) ;
#439 = CARTESIAN_POINT ( 'NONE',  ( -9.824606426564322703, 21.64965035318527597, 17.42400310867855495 ) ) ;
#440 = EDGE_LOOP ( 'NONE', ( #518, #654, #273, #1621, #1242 ) ) ;
#441 = CARTESIAN_POINT ( 'NONE',  ( 24.37933998949303671, 14.03210008257177499, 6.082284216635809315 ) ) ;
#443 = DIRECTION ( 'NONE',  ( 0.9995549848236947588, -0.02983005722594682385, 0.000000000000000000 ) ) ;
#442 = DIRECTION ( 'NONE',  ( -0.06975647374412546897, 0.9975640502598241977, 0.000000000000000000 ) ) ;
#444 = CARTESIAN_POINT ( 'NONE',  ( -79.55089089348359721, 9.216221004481395696, 15.00000000000000178 ) ) ;
#445 = CARTESIAN_POINT ( 'NONE',  ( 16.33550994512179244, 16.33753129360547973, 27.49902338090155496 ) ) ;
#446 = CARTESIAN_POINT ( 'NONE',  ( 7.694358425003565038, 21.80086095621221531, 15.81628002901972430 ) ) ;
#447 = ORIENTED_EDGE ( 'NONE', *, *, #290, .T. ) ;
#448 = CARTESIAN_POINT ( 'NONE',  ( -23.09251519973350852, 0.5879980867968659375, 17.91655184420718783 ) ) ;
#449 = CARTESIAN_POINT ( 'NONE',  ( 23.14395471519449998, 15.30846886658250483, 6.178158417812099401 ) ) ;
#450 = CARTESIAN_POINT ( 'NONE',  ( -26.00600219690838699, 11.77430120714191908, 23.57260280406625341 ) ) ;
#451 = ORIENTED_EDGE ( 'NONE', *, *, #290, .F. ) ;
#452 = DIRECTION ( 'NONE',  ( -0.9975640502598244197, 0.06975647374412548285, 6.938893903907228378E-18 ) ) ;
#454 = CARTESIAN_POINT ( 'NONE',  ( 11.91468120080399196, 19.80190982617975592, 23.93647341422263608 ) ) ;
#453 = FACE_OUTER_BOUND ( 'NONE', #132, .T. ) ;
#455 = LINE ( 'NONE', #359, #124 ) ;
#456 = B_SPLINE_CURVE_WITH_KNOTS ( 'NONE', 3,
 ( #603, #1372, #59, #747, #1634, #840, #1523, #478, #985, #1262, #1088, #996, #328, #1601, #93, #584, #1511, #851, #616, #195, #1398, #1236, #862, #700, #441, #69, #206, #733, #1525, #609, #753, #868, #226, #1400, #1268, #121, #1378, #1294, #1652, #212, #1502, #1127, #368, #493, #908, #777, #1011, #630, #1029, #649, #245, #1418 ),
 .UNSPECIFIED., .F., .F.,
 ( 4, 2, 2, 2, 2, 2, 2, 2, 2, 2, 2, 2, 2, 2, 2, 2, 2, 2, 2, 2, 2, 2, 2, 2, 2, 4 ),
 ( 0.03624719137548312875, 0.03735717988911221171, 0.03846716840274128774, 0.03957715691637037070, 0.04068714542999944672, 0.04179713394362852968, 0.04290712245725761265, 0.04512709948451576469, 0.04623708799814484766, 0.04734707651177393062, 0.04845706502540300664, 0.04956705353903208960, 0.05178703056629024859, 0.05289701907991933849, 0.05400700759354841451, 0.05511699610717750442, 0.05622698462080659432, 0.05844696164806476024, 0.06066693867532292617, 0.06288691570258109209, 0.06510689272983925802, 0.06732686975709742394, 0.06843685827072651384, 0.06954684678435560374, 0.07065683529798469364, 0.07176682381161378355 ),
 .UNSPECIFIED. ) ;
#457 = CARTESIAN_POINT ( 'NONE',  ( 8.770909387483008857, 21.39632018339775854, 18.06959408360382469 ) ) ;
#458 = CARTESIAN_POINT ( 'NONE',  ( -12.71744127676002378, 19.34372360310143435, 8.279590379038349823 ) ) ;
#459 = ORIENTED_EDGE ( 'NONE', *, *, #820, .T. ) ;
#460 = FACE_OUTER_BOUND ( 'NONE', #572, .T. ) ;
#461 = CARTESIAN_POINT ( 'NONE',  ( -22.97336417785531637, 5.267429611438151582, 16.91102636835064033 ) ) ;
#462 = CARTESIAN_POINT ( 'NONE',  ( 23.65126471816367371, 14.79779733526461172, 23.87105476167034723 ) ) ;
#463 = CIRCLE ( 'NONE', #137, 23.09999999999999787 ) ;
#464 = CARTESIAN_POINT ( 'NONE',  ( 8.650811117215448931, 21.87322513299052673, 15.72881747198776026 ) ) ;
#465 = CARTESIAN_POINT ( 'NONE',  ( -78.94400957190970303, 17.89502824174169859, 15.00000000000000000 ) ) ;
#466 = EDGE_CURVE ( 'NONE', #826, #1338, #1369, .T. ) ;
#468 = CARTESIAN_POINT ( 'NONE',  ( 23.01772439984885565, 1.981042097710419281, 22.25623406825809170 ) ) ;
#467 = DIRECTION ( 'NONE',  ( 0.9975640502598241977, 0.06975647374412546897, 0.000000000000000000 ) ) ;
#469 = CARTESIAN_POINT ( 'NONE',  ( 22.96795798349677753, 2.477292594503720746, 6.871927151885851792 ) ) ;
#470 = DIRECTION ( 'NONE',  ( 0.9975640502598244197, 0.06975647374412548285, 6.938893903907228378E-18 ) ) ;
#471 = CARTESIAN_POINT ( 'NONE',  ( -6.773335945734553221, 22.08469481896795017, 15.78403135750953368 ) ) ;
#472 = CARTESIAN_POINT ( 'NONE',  ( 16.50327058225459709, 16.22517760225571948, 23.76803677733917297 ) ) ;
#473 = CARTESIAN_POINT ( 'NONE',  ( 8.624924603344432228, 21.87777078590443480, 15.64220379648295989 ) ) ;
#474 = CARTESIAN_POINT ( 'NONE',  ( -26.48308573084232620, 10.89463447513503169, 6.737876871370108489 ) ) ;
#475 = CARTESIAN_POINT ( 'NONE',  ( 27.51776764654738372, 7.903214645714768949, 21.21557790963289136 ) ) ;
#476 = ORIENTED_EDGE ( 'NONE', *, *, #507, .T. ) ;
#477 = CIRCLE ( 'NONE', #234, 20.10000000000000142 ) ;
#478 = CARTESIAN_POINT ( 'NONE',  ( 27.73814942779618065, 6.122002034508023272, 11.45653949792846227 ) ) ;
#480 = CARTESIAN_POINT ( 'NONE',  ( 6.740499510913907422, 22.09483954339455636, 14.41275059939888870 ) ) ;
#479 = DIRECTION ( 'NONE',  ( -0.9975640502598243087, -0.06975647374412496937, 0.000000000000000000 ) ) ;
#481 = CARTESIAN_POINT ( 'NONE',  ( 26.91291567156514475, 9.927746293373230557, 7.211027753167750021 ) ) ;
#482 = CARTESIAN_POINT ( 'NONE',  ( -27.74929705611687680, 5.727547005592531271, 12.56186607805006084 ) ) ;
#483 = CARTESIAN_POINT ( 'NONE',  ( -7.607761571731863626, 21.83081939640310054, 15.00663391518532208 ) ) ;
#484 = CARTESIAN_POINT ( 'NONE',  ( -22.86533914948570967, 3.294784462255417878, 5.638400436880020017 ) ) ;
#485 = CARTESIAN_POINT ( 'NONE',  ( 9.633706671663640364, 20.99763780880473973, 21.45117980510841349 ) ) ;
#486 = CARTESIAN_POINT ( 'NONE',  ( -9.167627813997031083, 21.23144916823765982, 11.42731346700507800 ) ) ;
#487 = CARTESIAN_POINT ( 'NONE',  ( -17.06448850685362473, 15.57571685167853559, 27.93504103991351073 ) ) ;
#488 = CARTESIAN_POINT ( 'NONE',  ( -23.07601103445227508, 1.116690238030547677, 9.838403987315219368 ) ) ;
#489 = CIRCLE ( 'NONE', #347, 4.999999999999999112 ) ;
#490 = CARTESIAN_POINT ( 'NONE',  ( 25.89165522307360590, 11.96491286485366423, 23.62624524237291723 ) ) ;
#491 = CYLINDRICAL_SURFACE ( 'NONE', #1032, 8.900000000000002132 ) ;
#492 = CARTESIAN_POINT ( 'NONE',  ( -7.927823656044837186, 21.69858111779507226, 19.01662863128397163 ) ) ;
#493 = CARTESIAN_POINT ( 'NONE',  ( 11.24347041481956744, 21.32652644579702184, 11.40721024297502240 ) ) ;
#494 = CARTESIAN_POINT ( 'NONE',  ( 21.94320117716123519, 16.34036657734961295, 23.58091809270240091 ) ) ;
#495 = CARTESIAN_POINT ( 'NONE',  ( -23.56100196502656274, 14.88903153240882382, 6.137347353644760695 ) ) ;
#496 = CARTESIAN_POINT ( 'NONE',  ( -7.642817850947875691, 21.80026115260499964, 18.48909359104608185 ) ) ;
#497 = ADVANCED_FACE ( 'NONE', ( #1619 ), #1382, .F. ) ;
#498 = CARTESIAN_POINT ( 'NONE',  ( -27.64658869088038529, 7.138974880404124868, 9.692188781668363617 ) ) ;
#499 = CARTESIAN_POINT ( 'NONE',  ( 14.33518584847794308, 18.17198067894388913, 7.265818781074605326 ) ) ;
#500 = VECTOR ( 'NONE', #997, 1000.000000000000114 ) ;
#501 = DIRECTION ( 'NONE',  ( -0.000000000000000000, -0.000000000000000000, -1.000000000000000000 ) ) ;
#502 = CARTESIAN_POINT ( 'NONE',  ( -6.729398570743772900, 22.09809175376496881, 14.75030137150329601 ) ) ;
#503 = CARTESIAN_POINT ( 'NONE',  ( -21.44939175797638242, 8.585919339794735095, 1.603912650560495035 ) ) ;
#504 = CARTESIAN_POINT ( 'NONE',  ( 26.65577294086404336, 10.53157013023290745, 23.10152103599152085 ) ) ;
#505 = CARTESIAN_POINT ( 'NONE',  ( -17.86673599224409870, 14.66427076874134450, 1.642632746388609899 ) ) ;
#506 = CARTESIAN_POINT ( 'NONE',  ( -6.731488595683046583, 22.09744475447151402, 14.51483873444682438 ) ) ;
#507 = EDGE_CURVE ( 'NONE', #421, #285, #200, .T. ) ;
#508 = CARTESIAN_POINT ( 'NONE',  ( -21.32997888500381123, 9.134438841660779573, 7.356655051736053608 ) ) ;
#509 = CARTESIAN_POINT ( 'NONE',  ( 25.53932803853189526, 12.51131799394529054, 6.247791694152374120 ) ) ;
#510 = CARTESIAN_POINT ( 'NONE',  ( 9.312350218310145422, 21.16941642484619734, 11.26015597528939338 ) ) ;
#511 = CIRCLE ( 'NONE', #717, 20.10000000000000142 ) ;
#512 = CARTESIAN_POINT ( 'NONE',  ( -7.660858530252481202, 21.81250028127447038, 15.63819867284601628 ) ) ;
#513 = CARTESIAN_POINT ( 'NONE',  ( -23.09251519973350852, 0.5879980867968659375, 17.91655184420718783 ) ) ;
#514 = CARTESIAN_POINT ( 'NONE',  ( 21.35470630380361712, 8.817634987971940674, 28.47228757183325598 ) ) ;
#515 = CARTESIAN_POINT ( 'NONE',  ( -19.34079741909426886, 12.63808904267297883, 1.158329012798245961 ) ) ;
#516 = CARTESIAN_POINT ( 'NONE',  ( 22.57281554458260331, 15.81963105745472653, 6.279923376533852242 ) ) ;
#517 = AXIS2_PLACEMENT_3D ( 'NONE', #1622, #1098, #1250 ) ;
#518 = ORIENTED_EDGE ( 'NONE', *, *, #1463, .F. ) ;
#519 = CARTESIAN_POINT ( 'NONE',  ( -28.09089511309574050, 0.7152703999563607695, 17.91655184420718783 ) ) ;
#520 = CARTESIAN_POINT ( 'NONE',  ( -21.74926214784949607, 16.47829630033361070, 23.52312640620189299 ) ) ;
#521 = CARTESIAN_POINT ( 'NONE',  ( -23.09771311310036523, 0.3251615822184772964, 14.24061732988579188 ) ) ;
#522 = CARTESIAN_POINT ( 'NONE',  ( -19.10571363772554321, 12.99071310988198746, 1.209689705796963555 ) ) ;
#523 = CARTESIAN_POINT ( 'NONE',  ( 21.37713433674943531, 8.763614980148949130, 1.545239745057276348 ) ) ;
#524 = CARTESIAN_POINT ( 'NONE',  ( 12.39411241913750672, 21.02536685655083204, 10.62164778256849829 ) ) ;
#525 = EDGE_CURVE ( 'NONE', #1434, #583, #1600, .T. ) ;
#526 = ORIENTED_EDGE ( 'NONE', *, *, #943, .F. ) ;
#527 = CARTESIAN_POINT ( 'NONE',  ( -12.98168393156763756, 19.16840207803187113, 21.90098877434594371 ) ) ;
#528 = CARTESIAN_POINT ( 'NONE',  ( -12.64843786814894955, 19.34244344905070889, 5.370932928364569925 ) ) ;
#529 = AXIS2_PLACEMENT_3D ( 'NONE', #1330, #710, #1613 ) ;
#530 = CARTESIAN_POINT ( 'NONE',  ( -9.214421946886860226, 21.77014372170819811, 13.26760718776085923 ) ) ;
#531 = CARTESIAN_POINT ( 'NONE',  ( -27.71457003277544118, 6.503313732536709857, 19.31617426973452112 ) ) ;
#532 = ORIENTED_EDGE ( 'NONE', *, *, #886, .T. ) ;
#533 = LINE ( 'NONE', #1173, #1562 ) ;
#534 = CARTESIAN_POINT ( 'NONE',  ( -18.64160603480963019, 13.67742783718524002, 24.22000862165551993 ) ) ;
#535 = CARTESIAN_POINT ( 'NONE',  ( -7.466859251730002534, 21.86068051694282133, 11.86773537591330729 ) ) ;
#536 = FACE_OUTER_BOUND ( 'NONE', #562, .T. ) ;
#537 = CARTESIAN_POINT ( 'NONE',  ( -27.74770961135026326, 5.939252902907440124, 18.13456037701217838 ) ) ;
#538 = CARTESIAN_POINT ( 'NONE',  ( 21.32734203326316447, 16.80976077736949037, 23.41808156185626899 ) ) ;
#539 = CARTESIAN_POINT ( 'NONE',  ( -19.01657156659109660, 13.14010905957994524, 24.20068848300033792 ) ) ;
#540 = CARTESIAN_POINT ( 'NONE',  ( -23.28600652165603435, 1.824676238462437983, 15.00000000000000178 ) ) ;
#541 = ORIENTED_EDGE ( 'NONE', *, *, #125, .F. ) ;
#542 = EDGE_CURVE ( 'NONE', #119, #746, #477, .T. ) ;
#543 = CARTESIAN_POINT ( 'NONE',  ( -15.33049124932261087, 20.04028027181832528, 8.990946841047934512 ) ) ;
#544 = CARTESIAN_POINT ( 'NONE',  ( -27.74987691913997878, 5.592057779184358424, 16.86743247578733929 ) ) ;
#546 = CARTESIAN_POINT ( 'NONE',  ( 7.012960812377080799, 22.01032715017673169, 13.05172226035948491 ) ) ;
#545 = CARTESIAN_POINT ( 'NONE',  ( -17.36436388032242562, 15.30544047719177136, 24.05292167588789098 ) ) ;
#547 = ORIENTED_EDGE ( 'NONE', *, *, #794, .T. ) ;
#548 = CARTESIAN_POINT ( 'NONE',  ( 27.74846888413780732, 5.404328895272639599, 15.45579804278951386 ) ) ;
#549 = ADVANCED_FACE ( 'NONE', ( #1092 ), #1554, .F. ) ;
#550 = CARTESIAN_POINT ( 'NONE',  ( -22.69845426703275848, 6.147405643849065626, 19.30470035268556472 ) ) ;
#552 = CARTESIAN_POINT ( 'NONE',  ( 7.320248897496028917, 21.91004510932032545, 12.19941051234370200 ) ) ;
#551 = CARTESIAN_POINT ( 'NONE',  ( 0.000000000000000000, 0.000000000000000000, 0.000000000000000000 ) ) ;
#553 = ORIENTED_EDGE ( 'NONE', *, *, #1189, .T. ) ;
#554 = AXIS2_PLACEMENT_3D ( 'NONE', #607, #1125, #1389 ) ;
#555 = CARTESIAN_POINT ( 'NONE',  ( -23.25281033647193851, 15.18837162747100145, 6.175233190546609130 ) ) ;
#556 = CARTESIAN_POINT ( 'NONE',  ( -22.17905826065672770, 7.451296784487499103, 21.13973009744848142 ) ) ;
#557 = CARTESIAN_POINT ( 'NONE',  ( -23.09530009413946061, 0.4687985140602327627, 12.80551907277940415 ) ) ;
#558 = VECTOR ( 'NONE', #1248, 1000.000000000000114 ) ;
#560 = CARTESIAN_POINT ( 'NONE',  ( 11.47443242326868074, 20.05965297514984158, 6.499382079447799221 ) ) ;
#559 = CARTESIAN_POINT ( 'NONE',  ( -73.33535670428291553, 26.42456592033316909, 15.00000000000000178 ) ) ;
#561 = AXIS2_PLACEMENT_3D ( 'NONE', #1481, #327, #193 ) ;
#562 = EDGE_LOOP ( 'NONE', ( #451, #532, #708, #541 ) ) ;
#563 = CARTESIAN_POINT ( 'NONE',  ( 23.00783499840473567, 5.143339556534768597, 16.37909952097208688 ) ) ;
#564 = CARTESIAN_POINT ( 'NONE',  ( -25.82931340817448529, 12.06514662919208014, 23.65154531264176185 ) ) ;
#566 = CARTESIAN_POINT ( 'NONE',  ( 22.90317924788409698, 3.021776035965833440, 6.019421364116408490 ) ) ;
#565 = FACE_BOUND ( 'NONE', #1314, .T. ) ;
#567 = ADVANCED_FACE ( 'NONE', ( #460 ), #1339, .T. ) ;
#568 = CARTESIAN_POINT ( 'NONE',  ( -7.698054031334288005, 21.78102822531116090, 11.40189131923307642 ) ) ;
#569 = EDGE_LOOP ( 'NONE', ( #1359, #659, #1083, #732, #526 ) ) ;
#570 = CARTESIAN_POINT ( 'NONE',  ( 22.15319138681857325, 7.516290412539890831, 21.22779596629538190 ) ) ;
#571 = AXIS2_PLACEMENT_3D ( 'NONE', #852, #1192, #26 ) ;
#572 = EDGE_LOOP ( 'NONE', ( #1283, #324, #1455, #28 ) ) ;
#573 = CARTESIAN_POINT ( 'NONE',  ( 8.055908974327762095, 21.65114851403232876, 10.76142586935429613 ) ) ;
#575 = CARTESIAN_POINT ( 'NONE',  ( 22.14458850354121111, 6.586129687476252492, 2.563935467898180498 ) ) ;
#574 = FACE_BOUND ( 'NONE', #1062, .T. ) ;
#576 = CARTESIAN_POINT ( 'NONE',  ( 10.72178366826846485, 20.49865320748113717, 20.14790115771607049 ) ) ;
#577 = CARTESIAN_POINT ( 'NONE',  ( 7.616575831140353969, 21.82798724916404254, 14.56136417718124143 ) ) ;
#578 = VERTEX_POINT ( 'NONE', #448 ) ;
#579 = SURFACE_STYLE_FILL_AREA ( #55 ) ;
#580 = ADVANCED_BREP_SHAPE_REPRESENTATION ( 'Central dihedral junction', ( #665, #1118 ), #1626 ) ;
#581 = VECTOR ( 'NONE', #821, 1000.000000000000114 ) ;
#582 = CARTESIAN_POINT ( 'NONE',  ( -23.03104506075871427, 5.056929616824596074, 15.58214097173420498 ) ) ;
#583 = VERTEX_POINT ( 'NONE', #190 ) ;
#584 = CARTESIAN_POINT ( 'NONE',  ( 27.04805059663222977, 9.571945294595511911, 7.423180302663809904 ) ) ;
#586 = CARTESIAN_POINT ( 'NONE',  ( 19.47074179806166327, 12.43194224661006508, 28.85947120972646474 ) ) ;
#585 = CARTESIAN_POINT ( 'NONE',  ( 20.10000000000000142, 2.461540066286179870E-15, 30.00000000000000000 ) ) ;
#587 = CARTESIAN_POINT ( 'NONE',  ( -27.75057930809497009, 5.479523933857448625, 13.58223475130188262 ) ) ;
#588 = CARTESIAN_POINT ( 'NONE',  ( 8.426826219033099363, 21.53163620418567703, 17.54861683521660964 ) ) ;
#589 = CARTESIAN_POINT ( 'NONE',  ( -10.95190922857575266, 20.34918128153124428, 7.037987370117457786 ) ) ;
#590 = CARTESIAN_POINT ( 'NONE',  ( 27.62507694108629508, 7.288429082184771701, 20.50495574165347890 ) ) ;
#591 = CARTESIAN_POINT ( 'NONE',  ( -26.48677980049524905, 10.88738626254516362, 23.25976178713577980 ) ) ;
#592 = CARTESIAN_POINT ( 'NONE',  ( 20.10000000000000142, 0.000000000000000000, 27.99999999999960920 ) ) ;
#593 = CARTESIAN_POINT ( 'NONE',  ( 7.038131983670966818, 22.00245481880651255, 12.96319407580463690 ) ) ;
#595 = CARTESIAN_POINT ( 'NONE',  ( 7.075394703307421373, 21.99008751153741414, 17.15179834451781105 ) ) ;
#594 = FACE_OUTER_BOUND ( 'NONE', #1249, .T. ) ;
#596 = CARTESIAN_POINT ( 'NONE',  ( 23.09708276204598576, 0.3671074545668673861, 16.06669194300748771 ) ) ;
#597 = CARTESIAN_POINT ( 'NONE',  ( 19.01829543875765438, 18.29072680881071378, 22.63820772015576210 ) ) ;
#598 = CARTESIAN_POINT ( 'NONE',  ( 6.708810355794162739, 22.10437946029873757, 14.97378559375483675 ) ) ;
#599 = CARTESIAN_POINT ( 'NONE',  ( -20.19231718725569635, 11.22199362623559793, 28.89531239132520213 ) ) ;
#600 = CARTESIAN_POINT ( 'NONE',  ( -21.14582158669540135, 9.307661446030333963, 1.385395599093742769 ) ) ;
#601 = CARTESIAN_POINT ( 'NONE',  ( 22.86921058342677071, 15.55793192536895120, 23.77557622286053274 ) ) ;
#602 = CARTESIAN_POINT ( 'NONE',  ( 9.168286140385850658, 21.77966308217359526, 16.69059840987566545 ) ) ;
#603 = CARTESIAN_POINT ( 'NONE',  ( 27.74829136005344310, 5.393341989105837619, 14.99999999997700506 ) ) ;
#605 = CARTESIAN_POINT ( 'NONE',  ( 22.74506101497481225, 4.044696484716173934, 25.28255589702735406 ) ) ;
#604 = CARTESIAN_POINT ( 'NONE',  ( 20.30000000000002913, 0.000000000000000000, 30.00000000000000000 ) ) ;
#606 = CARTESIAN_POINT ( 'NONE',  ( 22.53892314623141502, 5.112653677736991753, 3.624700265066565841 ) ) ;
#607 = CARTESIAN_POINT ( 'NONE',  ( -73.95618932060564532, 17.54624587302073024, 15.00000000000000000 ) ) ;
#608 = CARTESIAN_POINT ( 'NONE',  ( -7.292516613227163269, 21.91888624281605402, 17.71202845178213892 ) ) ;
#609 = CARTESIAN_POINT ( 'NONE',  ( 22.01429390830507771, 16.26883214494258567, 6.411801197483567805 ) ) ;
#610 = CARTESIAN_POINT ( 'NONE',  ( 7.111147839827593131, 21.97834201228663886, 17.22796171492683825 ) ) ;
#611 = CARTESIAN_POINT ( 'NONE',  ( -13.91287858057934734, 18.50752546143108646, 7.503098703784296220 ) ) ;
#612 = CARTESIAN_POINT ( 'NONE',  ( -6.785354200182755591, 22.08120088314167972, 14.05122009244219328 ) ) ;
#613 = CARTESIAN_POINT ( 'NONE',  ( -22.35884104889692381, 7.037373743300006979, 9.347913464276713214 ) ) ;
#614 = CARTESIAN_POINT ( 'NONE',  ( 12.16203540035112063, 21.08944039988289987, 19.22440159004132454 ) ) ;
#615 = ORIENTED_EDGE ( 'NONE', *, *, #346, .F. ) ;
#616 = CARTESIAN_POINT ( 'NONE',  ( 26.53930335491807924, 10.78064283365101161, 6.785476034116106447 ) ) ;
#618 = CARTESIAN_POINT ( 'NONE',  ( 19.34507608492315001, 12.62658157233507872, 28.83778546789516284 ) ) ;
#617 = CYLINDRICAL_SURFACE ( 'NONE', #662, 8.900000000000000355 ) ;
#619 = CARTESIAN_POINT ( 'NONE',  ( 22.31387065188476981, 7.144018204574085651, 9.215801282333252686 ) ) ;
#620 = CARTESIAN_POINT ( 'NONE',  ( -25.91329899677336002, 11.95297741116986678, 6.361855141389466617 ) ) ;
#621 = CARTESIAN_POINT ( 'NONE',  ( -7.613181562549398151, 21.82896045529138718, 14.79666803796945374 ) ) ;
#622 = CARTESIAN_POINT ( 'NONE',  ( -20.71504471900197686, 10.23271812702149219, 1.192901697799658489 ) ) ;
#623 = CARTESIAN_POINT ( 'NONE',  ( 17.99564837232409431, 18.85212452447957787, 22.23557714942507602 ) ) ;
#624 = CARTESIAN_POINT ( 'NONE',  ( -14.51011635525013155, 17.98912793106732266, 3.789850494524895197 ) ) ;
#625 = CARTESIAN_POINT ( 'NONE',  ( -10.76844051387296908, 20.44637433125146586, 22.76617223290874037 ) ) ;
#626 = CARTESIAN_POINT ( 'NONE',  ( -27.17743525835025054, 9.218872710492837186, 7.638335195336550143 ) ) ;
#627 = CARTESIAN_POINT ( 'NONE',  ( 27.74416187307591386, 5.966425592634145403, 18.16018340867516656 ) ) ;
#628 = CARTESIAN_POINT ( 'NONE',  ( 11.06059451704685870, 21.37170240627806805, 11.53849739616845405 ) ) ;
#629 = CARTESIAN_POINT ( 'NONE',  ( -9.213113672801432230, 21.77054324598343626, 16.73647864895288251 ) ) ;
#630 = CARTESIAN_POINT ( 'NONE',  ( 9.600858410425386680, 21.69539467562415780, 12.80186358566355764 ) ) ;
#631 = EDGE_CURVE ( 'NONE', #391, #1327, #669, .T. ) ;
#632 = CARTESIAN_POINT ( 'NONE',  ( 25.11014091752398159, 13.13352638352936985, 23.86579199089555203 ) ) ;
#633 = CARTESIAN_POINT ( 'NONE',  ( -20.88881653913264458, 17.11156238186938694, 6.717516328507508128 ) ) ;
#634 = CARTESIAN_POINT ( 'NONE',  ( -9.087201286412570411, 21.23963228491877686, 20.75555257371848583 ) ) ;
#635 = CARTESIAN_POINT ( 'NONE',  ( -27.38777046194229214, 8.466950952890618609, 8.249067496630203777 ) ) ;
#636 = CARTESIAN_POINT ( 'NONE',  ( 14.36388847959171677, 18.09502386338134983, 3.914478148572124283 ) ) ;
#637 = ORIENTED_EDGE ( 'NONE', *, *, #713, .T. ) ;
#638 = DIRECTION ( 'NONE',  ( -0.06975647374412570489, -0.9975640502598241977, 0.000000000000000000 ) ) ;
#639 = CARTESIAN_POINT ( 'NONE',  ( -6.770612102571401891, 22.08549922547048538, 14.23578011901299867 ) ) ;
#640 = CARTESIAN_POINT ( 'NONE',  ( -17.73870995490824143, 14.80324461431621152, 1.715196484063090665 ) ) ;
#641 = CARTESIAN_POINT ( 'NONE',  ( 26.77968018316763477, 10.25109540228539728, 22.96380129331308950 ) ) ;
#642 = CARTESIAN_POINT ( 'NONE',  ( -20.61776623169741285, 10.45276466925030867, 6.545482952310610614 ) ) ;
#643 = CARTESIAN_POINT ( 'NONE',  ( 26.54251470741652952, 10.77239050607716209, 6.789621981852663524 ) ) ;
#644 = CARTESIAN_POINT ( 'NONE',  ( 17.68359579872776877, 18.99939550974865199, 7.902075936902605235 ) ) ;
#645 = CIRCLE ( 'NONE', #1428, 8.700000000000049027 ) ;
#646 = ORIENTED_EDGE ( 'NONE', *, *, #271, .T. ) ;
#647 = CARTESIAN_POINT ( 'NONE',  ( 23.08855625814059209, 0.7881029724605779219, 10.98465676031903193 ) ) ;
#648 = CARTESIAN_POINT ( 'NONE',  ( -18.44137992328416686, 13.95206994867481498, 24.21489423248629080 ) ) ;
#649 = CARTESIAN_POINT ( 'NONE',  ( 8.929676671025903900, 21.82390660802400717, 13.65770683368692140 ) ) ;
#650 = CARTESIAN_POINT ( 'NONE',  ( -17.63514857825871118, 14.97444541073960700, 5.895884974931453471 ) ) ;
#651 = EDGE_CURVE ( 'NONE', #1338, #1133, #705, .T. ) ;
#652 = CARTESIAN_POINT ( 'NONE',  ( 25.91579430508909354, 11.92504327554209098, 6.385081563373363522 ) ) ;
#653 = CARTESIAN_POINT ( 'NONE',  ( 11.65280001092097706, 19.99788167017256768, 9.064987058228874517 ) ) ;
#654 = ORIENTED_EDGE ( 'NONE', *, *, #308, .F. ) ;
#655 = CARTESIAN_POINT ( 'NONE',  ( 23.06698663302196195, 1.243889772896802581, 9.538430149927394908 ) ) ;
#656 = CARTESIAN_POINT ( 'NONE',  ( -20.81441405849443171, 17.17606970494684049, 23.26778448475850780 ) ) ;
#657 = CARTESIAN_POINT ( 'NONE',  ( -27.64112380707804562, 7.180921994301902700, 20.36564467584974381 ) ) ;
#658 = CARTESIAN_POINT ( 'NONE',  ( -24.68596515033387107, 13.65208392884784594, 6.106499654933852383 ) ) ;
#659 = ORIENTED_EDGE ( 'NONE', *, *, #17, .F. ) ;
#660 = CARTESIAN_POINT ( 'NONE',  ( -12.37959532358340908, 19.55959272494254009, 21.48370259243423064 ) ) ;
#661 = CARTESIAN_POINT ( 'NONE',  ( -8.854499265291678967, 21.83715131411876698, 13.78689808642390346 ) ) ;
#662 = AXIS2_PLACEMENT_3D ( 'NONE', #1135, #1649, #1237 ) ;
#663 = CARTESIAN_POINT ( 'NONE',  ( -23.09251519973350852, 0.5879980867968659375, 17.91655184420718783 ) ) ;
#664 = CARTESIAN_POINT ( 'NONE',  ( -21.24624421104488547, 9.289553358091664492, 22.75221152100145616 ) ) ;
#665 = MANIFOLD_SOLID_BREP ( 'Chamfer2', #269 ) ;
#666 = CARTESIAN_POINT ( 'NONE',  ( 21.16404684164103500, 9.442117601707842311, 22.85926260716468050 ) ) ;
#667 = CARTESIAN_POINT ( 'NONE',  ( -20.15119390686826861, 11.30124869412223632, 28.90376874378942418 ) ) ;
#668 = FACE_OUTER_BOUND ( 'NONE', #1117, .T. ) ;
#669 = CIRCLE ( 'NONE', #1158, 8.700000000000049027 ) ;
#670 = EDGE_CURVE ( 'NONE', #250, #578, #1363, .T. ) ;
#671 = ORIENTED_EDGE ( 'NONE', *, *, #308, .T. ) ;
#672 = CARTESIAN_POINT ( 'NONE',  ( -11.25041644468868185, 21.32787887959180750, 11.38687632388075066 ) ) ;
#673 = CARTESIAN_POINT ( 'NONE',  ( -23.09251519973350852, 0.5879980867968659375, 17.91655184420718783 ) ) ;
#675 = CARTESIAN_POINT ( 'NONE',  ( 15.12804057752964404, 17.47457917184412679, 3.319087020806779975 ) ) ;
#674 = CARTESIAN_POINT ( 'NONE',  ( -15.85831540759111746, 16.87203557865467829, 23.51746223433478988 ) ) ;
#676 = CARTESIAN_POINT ( 'NONE',  ( -8.671165837220803141, 21.86967575819425846, 14.22009375472384640 ) ) ;
#677 = ADVANCED_FACE ( 'NONE', ( #3, #156, #536 ), #1169, .T. ) ;
#678 = ORIENTED_EDGE ( 'NONE', *, *, #820, .F. ) ;
#679 = CARTESIAN_POINT ( 'NONE',  ( -23.04411852676575378, 1.617448953936130973, 21.42120996945987343 ) ) ;
#680 = CARTESIAN_POINT ( 'NONE',  ( -21.69787139852921598, 7.935317286914699508, 28.14147953451258743 ) ) ;
#682 = CARTESIAN_POINT ( 'NONE',  ( 7.506451409430402677, 21.84748608348058596, 11.78769955467694786 ) ) ;
#681 = CARTESIAN_POINT ( 'NONE',  ( -27.74860337551037048, 5.410055326189493918, 15.62774771963477960 ) ) ;
#683 = ORIENTED_EDGE ( 'NONE', *, *, #1547, .F. ) ;
#684 = CARTESIAN_POINT ( 'NONE',  ( -21.67382606486924246, 16.54549492013924095, 6.490671844497981624 ) ) ;
#685 = CARTESIAN_POINT ( 'NONE',  ( -26.76210922445100593, 10.28527641537601589, 22.97646058325696927 ) ) ;
#686 = CARTESIAN_POINT ( 'NONE',  ( -23.90085178398489774, 14.55611408209838942, 23.90319685127706961 ) ) ;
#688 = CARTESIAN_POINT ( 'NONE',  ( 8.159673860639907517, 21.61250626957028231, 10.59450783399153018 ) ) ;
#687 = DIRECTION ( 'NONE',  ( 0.000000000000000000, 0.000000000000000000, 1.000000000000000000 ) ) ;
#689 = ORIENTED_EDGE ( 'NONE', *, *, #1004, .F. ) ;
#690 = CIRCLE ( 'NONE', #757, 20.10000000000000142 ) ;
#691 = CARTESIAN_POINT ( 'NONE',  ( 23.04334039969363346, 1.630296760492154995, 21.45363132391271677 ) ) ;
#692 = CARTESIAN_POINT ( 'NONE',  ( -23.03412592082800359, 1.757044434348937756, 21.74099127509290241 ) ) ;
#693 = CARTESIAN_POINT ( 'NONE',  ( -23.08573276764996507, 0.8346272680803813460, 10.80282810649530312 ) ) ;
#694 = EDGE_CURVE ( 'NONE', #259, #1076, #511, .T. ) ;
#696 = CARTESIAN_POINT ( 'NONE',  ( 22.44036479256755356, 5.483993320268775840, 3.354866324234324626 ) ) ;
#695 = DIRECTION ( 'NONE',  ( 0.000000000000000000, 0.000000000000000000, 1.000000000000000000 ) ) ;
#697 = VERTEX_POINT ( 'NONE', #444 ) ;
#698 = CARTESIAN_POINT ( 'NONE',  ( 22.90163815201140451, 3.034245831601540822, 23.99939786346699577 ) ) ;
#699 = CARTESIAN_POINT ( 'NONE',  ( -26.33422498107525200, 11.18656426151262018, 23.37725076353847697 ) ) ;
#700 = CARTESIAN_POINT ( 'NONE',  ( 24.84493631020379922, 13.47648605575204606, 6.101069048403840789 ) ) ;
#702 = CARTESIAN_POINT ( 'NONE',  ( 13.91302750824877243, 18.44400485294063330, 4.279455079565324560 ) ) ;
#701 = FACE_OUTER_BOUND ( 'NONE', #1599, .T. ) ;
#703 = CARTESIAN_POINT ( 'NONE',  ( 10.42662629384949469, 20.64877096064157413, 19.88174194660396310 ) ) ;
#704 = CARTESIAN_POINT ( 'NONE',  ( -10.57759893223416903, 21.48585708099478353, 11.91161505479572824 ) ) ;
#705 = LINE ( 'NONE', #1223, #581 ) ;
#706 = CIRCLE ( 'NONE', #1486, 8.899999999999998579 ) ;
#707 = CARTESIAN_POINT ( 'NONE',  ( -10.33646372594170160, 21.53970536868802554, 17.88888208622311637 ) ) ;
#708 = ORIENTED_EDGE ( 'NONE', *, *, #1150, .T. ) ;
#709 = DIRECTION ( 'NONE',  ( -0.06975647374412570489, -0.9975640502598241977, 0.000000000000000000 ) ) ;
#711 = CARTESIAN_POINT ( 'NONE',  ( 22.88077879299703810, 3.185466498552576464, 24.21230566021542785 ) ) ;
#710 = DIRECTION ( 'NONE',  ( 0.000000000000000000, 0.000000000000000000, 1.000000000000000000 ) ) ;
#712 = CARTESIAN_POINT ( 'NONE',  ( -27.30245178781872184, 8.783773309011225550, 7.984090036608862739 ) ) ;
#713 = EDGE_CURVE ( 'NONE', #1434, #799, #293, .T. ) ;
#714 = CARTESIAN_POINT ( 'NONE',  ( 7.800708537505872897, 21.74418717282497937, 18.79348124773318318 ) ) ;
#715 = CARTESIAN_POINT ( 'NONE',  ( 6.902107657601640689, 22.04480747447743028, 16.50255444045795272 ) ) ;
#716 = ORIENTED_EDGE ( 'NONE', *, *, #185, .T. ) ;
#717 = AXIS2_PLACEMENT_3D ( 'NONE', #24, #1176, #800 ) ;
#718 = CARTESIAN_POINT ( 'NONE',  ( -14.91705316574337736, 20.19738764563025768, 20.79932525967084445 ) ) ;
#719 = CARTESIAN_POINT ( 'NONE',  ( 15.81128545957451514, 19.84902382865853809, 21.24690738756943631 ) ) ;
#720 = CARTESIAN_POINT ( 'NONE',  ( 8.535104242580088041, 21.89329085255166518, 14.99999999999999822 ) ) ;
#721 = CARTESIAN_POINT ( 'NONE',  ( 8.740306093033170853, 21.85754630767964457, 14.00290400957650228 ) ) ;
#723 = CARTESIAN_POINT ( 'NONE',  ( 9.046076691336182307, 21.25693409801781897, 20.70190523085644685 ) ) ;
#722 = CARTESIAN_POINT ( 'NONE',  ( 0.000000000000000000, 0.000000000000000000, 30.00000000000000000 ) ) ;
#724 = DIRECTION ( 'NONE',  ( 0.9939789259883210493, -0.1095714136584154813, 4.894673023213689612E-18 ) ) ;
#725 = CARTESIAN_POINT ( 'NONE',  ( 17.30097608609845494, 19.19365065688458927, 21.93806169155637775 ) ) ;
#726 = CARTESIAN_POINT ( 'NONE',  ( 6.732424789838053591, 22.09733319040806521, 14.46186373131649461 ) ) ;
#727 = EDGE_LOOP ( 'NONE', ( #459, #291 ) ) ;
#728 = CIRCLE ( 'NONE', #1679, 8.900000000000000355 ) ;
#729 = CARTESIAN_POINT ( 'NONE',  ( -9.913467466246480342, 20.86705648610489661, 21.78741685813709594 ) ) ;
#730 = CARTESIAN_POINT ( 'NONE',  ( -26.01359749036153701, 11.76150952760134594, 6.431453590500616713 ) ) ;
#731 = CARTESIAN_POINT ( 'NONE',  ( 27.73926227425472035, 6.104568241770782500, 18.50268558523444185 ) ) ;
#732 = ORIENTED_EDGE ( 'NONE', *, *, #525, .T. ) ;
#733 = CARTESIAN_POINT ( 'NONE',  ( 22.83500441299537087, 15.57406332734567300, 6.240684187704095720 ) ) ;
#735 = CARTESIAN_POINT ( 'NONE',  ( 15.55573781650956455, 17.08208602726212177, 26.97836020393356549 ) ) ;
#734 = CARTESIAN_POINT ( 'NONE',  ( -27.74941539057518369, 5.476315534012152320, 16.25022267119284081 ) ) ;
#736 = CARTESIAN_POINT ( 'NONE',  ( 22.67391256486592255, 4.458112579242862417, 4.240252195593680717 ) ) ;
#737 = DIRECTION ( 'NONE',  ( 1.000000000000000000, 0.000000000000000000, 0.000000000000000000 ) ) ;
#738 = CARTESIAN_POINT ( 'NONE',  ( -7.118642912150054514, 21.97597087204569277, 17.24870604625432691 ) ) ;
#739 = CARTESIAN_POINT ( 'NONE',  ( 73.33535670428879882, 26.42456592033357765, 15.00000000000000000 ) ) ;
#740 = CARTESIAN_POINT ( 'NONE',  ( 10.71556763532989187, 21.45379841714688141, 18.19918848625960095 ) ) ;
#741 = CARTESIAN_POINT ( 'NONE',  ( -12.74182234261836832, 19.28070027468071501, 5.286202885296553688 ) ) ;
#742 = CARTESIAN_POINT ( 'NONE',  ( -21.82568256167428800, 7.577560979925377360, 27.97985635886421107 ) ) ;
#743 =( NAMED_UNIT ( * ) PLANE_ANGLE_UNIT ( ) SI_UNIT ( $, .RADIAN. ) );
#744 = CARTESIAN_POINT ( 'NONE',  ( -22.89307882402247429, 3.096153311290190224, 5.912111856249348207 ) ) ;
#745 = CARTESIAN_POINT ( 'NONE',  ( 13.36189381641658258, 20.73321690044705434, 19.95395249344309363 ) ) ;
#746 = VERTEX_POINT ( 'NONE', #1058 ) ;
#747 = CARTESIAN_POINT ( 'NONE',  ( 27.74969432410048853, 5.505836719470275753, 13.54565232531919605 ) ) ;
#749 = CARTESIAN_POINT ( 'NONE',  ( 22.29128108860107815, 6.070254976023033322, 27.09503043115758558 ) ) ;
#748 = CARTESIAN_POINT ( 'NONE',  ( -8.872310881895147716, 26.66255988488365603, 12.29435279886250143 ) ) ;
#750 = CARTESIAN_POINT ( 'NONE',  ( 27.56023722511357477, 7.679352715812214569, 9.027232783797972004 ) ) ;
#751 = DIRECTION ( 'NONE',  ( -0.06975647374412559387, 0.9975640502598241977, 0.000000000000000000 ) ) ;
#752 = CARTESIAN_POINT ( 'NONE',  ( -9.003713362483894755, 21.80983246236247908, 16.43981897928629721 ) ) ;
#753 = CARTESIAN_POINT ( 'NONE',  ( 21.73389371728258723, 16.48947437282020445, 6.481255740322341197 ) ) ;
#754 = CARTESIAN_POINT ( 'NONE',  ( 14.01958705455453646, 18.41581975987272202, 22.55025085943924879 ) ) ;
#755 = DIRECTION ( 'NONE',  ( 1.000000000000000000, 0.000000000000000000, 0.000000000000000000 ) ) ;
#756 = CARTESIAN_POINT ( 'NONE',  ( -22.98319762756773343, 2.330978522298323696, 7.126101938444146633 ) ) ;
#757 = AXIS2_PLACEMENT_3D ( 'NONE', #302, #1467, #310 ) ;
#758 = CARTESIAN_POINT ( 'NONE',  ( 27.05627163800269841, 9.550192616975827775, 22.56288222419787104 ) ) ;
#759 = CARTESIAN_POINT ( 'NONE',  ( 10.16089665543196396, 20.77969075962090173, 10.37032928331854365 ) ) ;
#760 = EDGE_CURVE ( 'NONE', #119, #259, #404, .T. ) ;
#761 = CARTESIAN_POINT ( 'NONE',  ( -7.041280469413270460, 22.00079885610182018, 17.01294916772351939 ) ) ;
#762 = CARTESIAN_POINT ( 'NONE',  ( -22.82351420122447649, 3.576330103792801474, 5.271861770443531547 ) ) ;
#763 = CARTESIAN_POINT ( 'NONE',  ( 19.41473311039780825, 12.52417655370168070, 28.85479747771212189 ) ) ;
#764 = CARTESIAN_POINT ( 'NONE',  ( -17.85982006048279302, 14.70138257854769570, 5.852487217484318549 ) ) ;
#765 = CARTESIAN_POINT ( 'NONE',  ( -16.77222351736480377, 15.88956294193264185, 27.76673007262894188 ) ) ;
#766 = CARTESIAN_POINT ( 'NONE',  ( -22.55515703939049743, 6.543321394254498991, 10.03152473210585427 ) ) ;
#767 = CARTESIAN_POINT ( 'NONE',  ( 12.85667601561682183, 19.25182994666603165, 8.181800273379957744 ) ) ;
#768 = CARTESIAN_POINT ( 'NONE',  ( -8.222765633655500395, 21.60941996812925936, 17.20074788454225612 ) ) ;
#769 = CARTESIAN_POINT ( 'NONE',  ( -23.09745254727275210, 0.3431718754830470619, 16.08848988446498751 ) ) ;
#770 = CARTESIAN_POINT ( 'NONE',  ( 23.09938838995505961, 15.33348133481475273, 23.80316158151489958 ) ) ;
#771 = CARTESIAN_POINT ( 'NONE',  ( -17.85793894083835198, 18.92114251344154852, 7.822278374098538656 ) ) ;
#772 = CARTESIAN_POINT ( 'NONE',  ( 22.15975523377571932, 6.534686179578014453, 2.597164679559144318 ) ) ;
#773 = CARTESIAN_POINT ( 'NONE',  ( 15.23524805366635348, 17.37992923533374423, 3.241644253809333964 ) ) ;
#774 = B_SPLINE_CURVE_WITH_KNOTS ( 'NONE', 3,
 ( #1556, #791, #1561, #1442, #676, #661, #403, #276 ),
 .UNSPECIFIED., .F., .F.,
 ( 4, 2, 2, 4 ),
 ( 0.03576424967688011936, 0.03624010618184436011, 0.03671596268680860087, 0.03766767569673707544 ),
 .UNSPECIFIED. ) ;
#775 = EDGE_LOOP ( 'NONE', ( #839, #1578, #925, #964 ) ) ;
#776 = CARTESIAN_POINT ( 'NONE',  ( -9.500574675946996450, 21.05817295899513653, 21.28679795133021813 ) ) ;
#777 = CARTESIAN_POINT ( 'NONE',  ( 10.39190709198955886, 21.52755908739704438, 12.06535344532767517 ) ) ;
#778 = CARTESIAN_POINT ( 'NONE',  ( 20.75758127188084501, 10.19469644960994259, 23.31962797666353993 ) ) ;
#779 = CARTESIAN_POINT ( 'NONE',  ( -24.33263839295639031, 14.06801809413577686, 6.095023948457916063 ) ) ;
#780 = EDGE_CURVE ( 'NONE', #215, #973, #65, .T. ) ;
#781 = CARTESIAN_POINT ( 'NONE',  ( 21.80486139429655879, 7.636577960065674020, 1.993561906727410182 ) ) ;
#782 = CARTESIAN_POINT ( 'NONE',  ( 11.68989107836738128, 19.93498146071747712, 6.284323770474488313 ) ) ;
#783 = ORIENTED_EDGE ( 'NONE', *, *, #1530, .F. ) ;
#784 = CARTESIAN_POINT ( 'NONE',  ( 27.73235053750859436, 6.238678176209254467, 11.20208028881935647 ) ) ;
#785 = CARTESIAN_POINT ( 'NONE',  ( -16.45838537015731262, 16.22730670033619660, 27.58653796019797255 ) ) ;
#786 = LINE ( 'NONE', #540, #1164 ) ;
#787 = CIRCLE ( 'NONE', #517, 5.000000000000000000 ) ;
#788 = CARTESIAN_POINT ( 'NONE',  ( 8.535104242580091594, 21.89329085255166518, 14.88436904671841354 ) ) ;
#789 = EDGE_LOOP ( 'NONE', ( #36, #1349, #1548, #960 ) ) ;
#790 = CARTESIAN_POINT ( 'NONE',  ( -19.67314831692078769, 12.11353128444733862, 24.04856734209205271 ) ) ;
#791 = CARTESIAN_POINT ( 'NONE',  ( -8.535104242580093370, 21.89329085255166873, 14.84214689321046876 ) ) ;
#792 = CARTESIAN_POINT ( 'NONE',  ( -22.92113730622830303, 2.906051785794247611, 23.84900296355465343 ) ) ;
#793 = CARTESIAN_POINT ( 'NONE',  ( -20.69547549400183328, 10.30945469601097031, 23.38969061987191012 ) ) ;
#794 = EDGE_CURVE ( 'NONE', #400, #421, #1675, .T. ) ;
#795 = ORIENTED_EDGE ( 'NONE', *, *, #117, .T. ) ;
#796 = CARTESIAN_POINT ( 'NONE',  ( -18.56180905456582408, 13.75645993889644281, 28.62726460741668433 ) ) ;
#797 = CARTESIAN_POINT ( 'NONE',  ( -8.114836279581577827, 21.62904304468498751, 10.66561414615769721 ) ) ;
#798 = AXIS2_PLACEMENT_3D ( 'NONE', #975, #1342, #329 ) ;
#799 = VERTEX_POINT ( 'NONE', #1101 ) ;
#800 = DIRECTION ( 'NONE',  ( 1.000000000000000000, 0.000000000000000000, 0.000000000000000000 ) ) ;
#801 = CARTESIAN_POINT ( 'NONE',  ( -23.07957070855215775, 1.033050552558107515, 19.89554935292603233 ) ) ;
#802 = CARTESIAN_POINT ( 'NONE',  ( 19.64178465396730999, 12.16500743514992067, 28.88724148581734852 ) ) ;
#803 = EDGE_CURVE ( 'NONE', #1449, #1300, #1403, .T. ) ;
#805 = CARTESIAN_POINT ( 'NONE',  ( 16.90803911401157933, 15.74541828666550458, 2.153701503810410145 ) ) ;
#804 = CARTESIAN_POINT ( 'NONE',  ( -13.59196111847172084, 18.68156383748645410, 25.45137062450119103 ) ) ;
#806 = DIRECTION ( 'NONE',  ( 1.000000000000000000, 0.000000000000000000, 0.000000000000000000 ) ) ;
#807 = PRESENTATION_LAYER_ASSIGNMENT (  '', '', ( #262 ) ) ;
#808 = ORIENTED_EDGE ( 'NONE', *, *, #1547, .T. ) ;
#809 = DIRECTION ( 'NONE',  ( -1.000000000000000000, 0.000000000000000000, 0.000000000000000000 ) ) ;
#810 = CARTESIAN_POINT ( 'NONE',  ( -27.56895944063168713, 7.633011422650930911, 20.92037376665221160 ) ) ;
#812 = CARTESIAN_POINT ( 'NONE',  ( 21.11715919437008893, 9.374474665841697529, 1.366946361641922847 ) ) ;
#811 = CARTESIAN_POINT ( 'NONE',  ( -19.27643469858153580, 12.73585312167607064, 28.82857517591978080 ) ) ;
#813 = ORIENTED_EDGE ( 'NONE', *, *, #397, .F. ) ;
#814 = CARTESIAN_POINT ( 'NONE',  ( -23.01374553189592120, 2.003760561383989280, 22.25536743800473971 ) ) ;
#815 = CARTESIAN_POINT ( 'NONE',  ( -27.42478108888795063, 8.318279271133752317, 21.61821313880679440 ) ) ;
#817 = CARTESIAN_POINT ( 'NONE',  ( 0.000000000000000000, 0.000000000000000000, 30.00000000000000000 ) ) ;
#816 = DIRECTION ( 'NONE',  ( 1.000000000000000000, 0.000000000000000000, 0.000000000000000000 ) ) ;
#818 = AXIS2_PLACEMENT_3D ( 'NONE', #1459, #1074, #1584 ) ;
#819 = ORIENTED_EDGE ( 'NONE', *, *, #466, .T. ) ;
#820 = EDGE_CURVE ( 'NONE', #1327, #391, #645, .T. ) ;
#821 = DIRECTION ( 'NONE',  ( -0.9975640502598241977, 0.06975647374412546897, 0.000000000000000000 ) ) ;
#822 = CARTESIAN_POINT ( 'NONE',  ( -26.49910471437728177, 10.85536657209091871, 23.24124119065091421 ) ) ;
#823 = CARTESIAN_POINT ( 'NONE',  ( -23.09752437656707613, 0.3382097395012873542, 14.34754784235299674 ) ) ;
#825 = CARTESIAN_POINT ( 'NONE',  ( 20.54153747391725204, 10.60546976852804058, 1.114309155100813520 ) ) ;
#824 = CARTESIAN_POINT ( 'NONE',  ( 0.000000000000000000, 0.000000000000000000, 27.99999999999960920 ) ) ;
#826 = VERTEX_POINT ( 'NONE', #1254 ) ;
#827 = CARTESIAN_POINT ( 'NONE',  ( 23.01018734147489297, 2.045649728974322290, 22.34047572832287187 ) ) ;
#828 = CARTESIAN_POINT ( 'NONE',  ( 24.19883503203335451, 14.21830672759637793, 6.096368966481122698 ) ) ;
#829 = SHAPE_DEFINITION_REPRESENTATION ( #1195, #580 ) ;
#830 = CARTESIAN_POINT ( 'NONE',  ( -23.09251519973350852, 0.5879980867968659375, 17.91655184420718783 ) ) ;
#832 = CARTESIAN_POINT ( 'NONE',  ( 27.74829136005344310, 5.393341989105837619, 14.99999999997700506 ) ) ;
#831 = CARTESIAN_POINT ( 'NONE',  ( -20.30000000000002913, 2.486033002269130923E-15, 30.00000000000000000 ) ) ;
#833 = CARTESIAN_POINT ( 'NONE',  ( 15.88962524173272861, 19.81132876856033675, 21.28106184325276473 ) ) ;
#834 = CARTESIAN_POINT ( 'NONE',  ( 8.538400858145251959, 21.89285996759840813, 14.65548673993199102 ) ) ;
#835 = EDGE_LOOP ( 'NONE', ( #813, #646, #637, #921, #808 ) ) ;
#836 = CARTESIAN_POINT ( 'NONE',  ( 22.88913260139977268, 5.557335387363149692, 17.96679182151401832 ) ) ;
#837 = APPLICATION_PROTOCOL_DEFINITION ( 'draft international standard', 'automotive_design', 1998, #77 ) ;
#838 = CARTESIAN_POINT ( 'NONE',  ( -23.09707320970176880, 0.4089908470863253820, 16.90253203464540377 ) ) ;
#839 = ORIENTED_EDGE ( 'NONE', *, *, #854, .F. ) ;
#840 = CARTESIAN_POINT ( 'NONE',  ( 27.74905789398624023, 5.748657071915034500, 12.48727636008294084 ) ) ;
#841 = EDGE_CURVE ( 'NONE', #391, #297, #1615, .T. ) ;
#843 = CARTESIAN_POINT ( 'NONE',  ( 22.47569304548913749, 5.347188997025241974, 26.54215611647362394 ) ) ;
#842 = LINE ( 'NONE', #585, #1310 ) ;
#844 = CARTESIAN_POINT ( 'NONE',  ( -25.32814156716258580, 12.81497036613891538, 6.194282362097277783 ) ) ;
#845 = CARTESIAN_POINT ( 'NONE',  ( 11.61946357531851248, 20.01648141776869139, 20.91263135181951682 ) ) ;
#846 = DIRECTION ( 'NONE',  ( -0.9975640502598241977, 0.06975647374412546897, 0.000000000000000000 ) ) ;
#847 =( LENGTH_UNIT ( ) NAMED_UNIT ( * ) SI_UNIT ( .MILLI., .METRE. ) );
#848 = B_SPLINE_CURVE_WITH_KNOTS ( 'NONE', 3,
 ( #513, #1162, #769, #521, #890, #1286, #1391, #236, #387, #1021, #1543, #1138, #1641, #484, #762, #1276, #345, #1256, #107, #1146, #1003, #1517, #1659, #503, #361, #882, #622, #1535, #378, #899, #1410, #114, #640, #1154, #1668, #2, #16, #408, #1307, #141, #528, #393, #283, #268, #914, #1038, #797, #1044, #535, #1175 ),
 .UNSPECIFIED., .F., .F.,
 ( 4, 2, 2, 2, 2, 2, 2, 2, 2, 2, 2, 2, 2, 2, 2, 2, 2, 2, 2, 2, 2, 2, 2, 2, 4 ),
 ( 0.08593995417872292431, 0.08872223250571514841, 0.09150451083270735864, 0.09428678915969958274, 0.09567792832319568785, 0.09706906748669180685, 0.09846020665018791196, 0.09985134581368401707, 0.1026336241406762412, 0.1033291937224243007, 0.1040247633041723463, 0.1054159024676684653, 0.1068070416311645843, 0.1081981807946606894, 0.1109804591216529135, 0.1123715982851490325, 0.1137627374486451515, 0.1151538766121412705, 0.1165450157756373756, 0.1193272941026295997, 0.1221095724296218238, 0.1248918507566140479, 0.1276741290836062581, 0.1290652682471023771, 0.1304564074105984961 ),
 .UNSPECIFIED. ) ;
#849 = CARTESIAN_POINT ( 'NONE',  ( -23.09380574844827549, 0.5436460952954080827, 12.29817760877089583 ) ) ;
#850 = CARTESIAN_POINT ( 'NONE',  ( 15.19469494526981457, 20.09283268395260791, 20.94158514343327582 ) ) ;
#851 = CARTESIAN_POINT ( 'NONE',  ( 26.68081793416475733, 10.47741171137153238, 6.922870568803089597 ) ) ;
#853 = CARTESIAN_POINT ( 'NONE',  ( 10.72551328220714240, 20.47043296352435249, 22.71727780941737151 ) ) ;
#852 = CARTESIAN_POINT ( 'NONE',  ( 73.95618932061151440, 17.54624587302114236, 15.00000000000000000 ) ) ;
#854 = EDGE_CURVE ( 'NONE', #697, #285, #455, .T. ) ;
#855 = CARTESIAN_POINT ( 'NONE',  ( 23.09999999999999787, 2.828934106030386103E-15, 30.00000000000000000 ) ) ;
#856 = CARTESIAN_POINT ( 'NONE',  ( 11.03659265181382843, 21.37769792605137553, 18.44266162892517968 ) ) ;
#857 = DIRECTION ( 'NONE',  ( -0.9805811828493545823, 0.000000000000000000, -0.1961135993289616353 ) ) ;
#858 = CARTESIAN_POINT ( 'NONE',  ( 27.74647857636682602, 5.881489000448383742, 17.92236047353162576 ) ) ;
#859 = CARTESIAN_POINT ( 'NONE',  ( -9.579523557610801987, 21.69943753267003927, 17.17819279795346787 ) ) ;
#860 = CARTESIAN_POINT ( 'NONE',  ( 27.72086931901550955, 6.417929505013129976, 19.16071839682891209 ) ) ;
#861 = CARTESIAN_POINT ( 'NONE',  ( 9.636852919725082955, 21.68795072798490153, 17.23917176648437533 ) ) ;
#862 = CARTESIAN_POINT ( 'NONE',  ( 25.47936591081889546, 12.59951240588234889, 6.231101359606049606 ) ) ;
#864 = CARTESIAN_POINT ( 'NONE',  ( 20.41010585548386302, 10.85704173463535227, 28.90661123387566533 ) ) ;
#863 = DIRECTION ( 'NONE',  ( -0.9975640502598243087, 0.06975647374412546897, 0.000000000000000000 ) ) ;
#865 = CARTESIAN_POINT ( 'NONE',  ( 21.83107973003013669, 8.183015561009881367, 8.121467894311107827 ) ) ;
#866 = CARTESIAN_POINT ( 'NONE',  ( -27.74829136005345021, 5.393341989105840284, 14.29057296086424245 ) ) ;
#867 = CARTESIAN_POINT ( 'NONE',  ( -8.807786131820879660, 21.84555415964435809, 13.86652566214874938 ) ) ;
#868 = CARTESIAN_POINT ( 'NONE',  ( 21.16359768945588726, 16.91571978825545841, 6.636663012187217880 ) ) ;
#869 = CARTESIAN_POINT ( 'NONE',  ( 10.10964505225090626, 21.58973751105070349, 17.69203854460431202 ) ) ;
#870 = CARTESIAN_POINT ( 'NONE',  ( 8.994684137733843343, 21.81145612137826362, 16.42653663758736826 ) ) ;
#871 = ORIENTED_EDGE ( 'NONE', *, *, #1065, .T. ) ;
#872 = CARTESIAN_POINT ( 'NONE',  ( -19.24716985458365315, 12.78116703475178717, 28.82347573644636185 ) ) ;
#873 = CARTESIAN_POINT ( 'NONE',  ( -21.87787376022624386, 7.424759714386217624, 2.096234664516217983 ) ) ;
#874 = LINE ( 'NONE', #592, #558 ) ;
#875 = ORIENTED_EDGE ( 'NONE', *, *, #17, .T. ) ;
#876 = CARTESIAN_POINT ( 'NONE',  ( 8.305312010918957100, 21.55715787317615195, 10.36235856734391092 ) ) ;
#878 = CARTESIAN_POINT ( 'NONE',  ( 21.95124288143285440, 7.205022330305445699, 27.79169968847973493 ) ) ;
#877 = CARTESIAN_POINT ( 'NONE',  ( -27.74987691913998233, 5.592057779184356647, 16.86743247578733929 ) ) ;
#879 = CARTESIAN_POINT ( 'NONE',  ( 27.62979832300760563, 7.258826157019262482, 9.533106340128197687 ) ) ;
#880 = LINE ( 'NONE', #855, #1178 ) ;
#881 = CARTESIAN_POINT ( 'NONE',  ( -8.910526513510705016, 21.82686768222774276, 16.28886673326108436 ) ) ;
#882 = CARTESIAN_POINT ( 'NONE',  ( -20.91617754170748356, 9.814581576813603547, 1.266722283582425446 ) ) ;
#883 = CARTESIAN_POINT ( 'NONE',  ( 15.17655847631810495, 20.09519783446958030, 20.92785074309211879 ) ) ;
#884 = CARTESIAN_POINT ( 'NONE',  ( -7.293607877999217948, 21.91833214735988378, 12.29435279886251919 ) ) ;
#885 = CARTESIAN_POINT ( 'NONE',  ( -8.318013565870815640, 21.55212314548043295, 19.65653357440856297 ) ) ;
#886 = EDGE_CURVE ( 'NONE', #1213, #1311, #880, .T. ) ;
#887 = CARTESIAN_POINT ( 'NONE',  ( -27.74593377980479048, 6.004467727939682753, 11.69509320063275659 ) ) ;
#888 = FACE_OUTER_BOUND ( 'NONE', #835, .T. ) ;
#889 = CARTESIAN_POINT ( 'NONE',  ( -6.955989874236938597, 22.02805020085682131, 13.22974232618945578 ) ) ;
#890 = CARTESIAN_POINT ( 'NONE',  ( -23.09710102982356972, 0.3929855256617714176, 13.30615658988809535 ) ) ;
#891 = CARTESIAN_POINT ( 'NONE',  ( 20.67418760093649865, 10.33835961434691164, 28.84657400900978885 ) ) ;
#892 = CARTESIAN_POINT ( 'NONE',  ( -18.37732198688038565, 14.02111691095432988, 1.423524375029858291 ) ) ;
#893 = CARTESIAN_POINT ( 'NONE',  ( -14.99393335986415821, 17.59105865033611238, 26.58207218577397768 ) ) ;
#894 = CARTESIAN_POINT ( 'NONE',  ( -23.03992352845415681, 1.675334113081200282, 8.441979346522719752 ) ) ;
#895 = CARTESIAN_POINT ( 'NONE',  ( 27.74950262414202840, 5.476048659907621463, 16.41285139287196415 ) ) ;
#896 = CARTESIAN_POINT ( 'NONE',  ( 15.19401680731603754, 17.46107871421436641, 6.805650659929616708 ) ) ;
#897 = ORIENTED_EDGE ( 'NONE', *, *, #1483, .F. ) ;
#898 = CARTESIAN_POINT ( 'NONE',  ( -8.989764142317604012, 21.81294909639795065, 13.56175395046572163 ) ) ;
#899 = CARTESIAN_POINT ( 'NONE',  ( -18.83050876379380156, 13.38782738097734182, 1.283516407244427171 ) ) ;
#900 = CARTESIAN_POINT ( 'NONE',  ( 25.89020433522474463, 11.96655038760613721, 23.62614096322797863 ) ) ;
#901 = CARTESIAN_POINT ( 'NONE',  ( -20.41170744104572776, 10.82357934704321956, 1.124184641515753258 ) ) ;
#902 = CARTESIAN_POINT ( 'NONE',  ( 21.93079034427668006, 7.266175772839454261, 2.177050061330328301 ) ) ;
#903 = CARTESIAN_POINT ( 'NONE',  ( 13.47930777239023925, 18.76310028403179686, 4.644797282544298689 ) ) ;
#904 = EDGE_CURVE ( 'NONE', #285, #1133, #1068, .T. ) ;
#905 = ORIENTED_EDGE ( 'NONE', *, *, #651, .T. ) ;
#906 = CARTESIAN_POINT ( 'NONE',  ( 23.09313052381138931, 0.5763753864187239895, 11.97256491278584001 ) ) ;
#907 = CARTESIAN_POINT ( 'NONE',  ( -11.53248247376597035, 21.25360614384815605, 18.79856124303532638 ) ) ;
#908 = CARTESIAN_POINT ( 'NONE',  ( 10.95373700787501470, 21.39724596796706990, 11.61950094963339808 ) ) ;
#909 = CARTESIAN_POINT ( 'NONE',  ( 27.00142532018455555, 9.698185675860459654, 22.65373463290602629 ) ) ;
#910 = CARTESIAN_POINT ( 'NONE',  ( -19.78907208969519615, 11.92394084545126098, 1.099757065158963654 ) ) ;
#911 = CARTESIAN_POINT ( 'NONE',  ( 14.62643037471058882, 17.93878731869290988, 7.103166773910752241 ) ) ;
#912 = CARTESIAN_POINT ( 'NONE',  ( 27.73884837366466982, 6.103536721204329218, 11.50302362112779164 ) ) ;
#913 = CARTESIAN_POINT ( 'NONE',  ( -18.16336236217014388, 18.76498326871836042, 22.30491933912803049 ) ) ;
#914 = CARTESIAN_POINT ( 'NONE',  ( -9.124109968033319973, 21.22883456717666562, 9.166960228967765190 ) ) ;
#915 = CARTESIAN_POINT ( 'NONE',  ( -15.95396764895985342, 16.71028757448197766, 2.749229604812052585 ) ) ;
#916 = DIRECTION ( 'NONE',  ( 0.9975640502598243087, -0.06975647374412510815, -0.000000000000000000 ) ) ;
#917 = CARTESIAN_POINT ( 'NONE',  ( -19.50346770024432175, 12.38550890822709505, 28.86920008484197453 ) ) ;
#918 = DIRECTION ( 'NONE',  ( 0.000000000000000000, 0.000000000000000000, 1.000000000000000000 ) ) ;
#919 = CARTESIAN_POINT ( 'NONE',  ( -22.39109123123743927, 5.691264548805350820, 26.81635625560165082 ) ) ;
#920 = CARTESIAN_POINT ( 'NONE',  ( -22.93342515349879562, 5.409376636427303708, 17.56797680200319078 ) ) ;
#921 = ORIENTED_EDGE ( 'NONE', *, *, #1483, .T. ) ;
#922 = CARTESIAN_POINT ( 'NONE',  ( 23.03617811580686947, 5.037990134890490523, 15.02596206058942485 ) ) ;
#923 = CARTESIAN_POINT ( 'NONE',  ( -14.73532538074002041, 17.84967026733397688, 22.95608861725303029 ) ) ;
#924 = CARTESIAN_POINT ( 'NONE',  ( 78.33712825033580884, 26.57383547900222354, 15.00000000000000178 ) ) ;
#925 = ORIENTED_EDGE ( 'NONE', *, *, #1004, .T. ) ;
#926 = CARTESIAN_POINT ( 'NONE',  ( -14.73932042432235967, 20.26316725949411790, 9.292717740784480540 ) ) ;
#927 = EDGE_CURVE ( 'NONE', #1327, #47, #1239, .T. ) ;
#928 = CARTESIAN_POINT ( 'NONE',  ( -22.07202322818557505, 6.817135136484377078, 27.56702292886222949 ) ) ;
#929 = CARTESIAN_POINT ( 'NONE',  ( 20.28689307550773435, 11.07972971255304095, 28.91621682543462057 ) ) ;
#930 = CARTESIAN_POINT ( 'NONE',  ( -13.86252570931707062, 18.53384786628463843, 22.45580306168355378 ) ) ;
#931 = CARTESIAN_POINT ( 'NONE',  ( -27.74978683148370706, 5.741361729008856329, 17.56149490721454143 ) ) ;
#932 = ORIENTED_EDGE ( 'NONE', *, *, #1150, .F. ) ;
#933 = CARTESIAN_POINT ( 'NONE',  ( -11.81747748492481875, 21.18258810975551754, 11.00138810217510965 ) ) ;
#934 = CARTESIAN_POINT ( 'NONE',  ( -27.72534847785916767, 6.349710730019142879, 19.02543040806687102 ) ) ;
#936 = CARTESIAN_POINT ( 'NONE',  ( 22.93509848932463058, 2.765372095892788540, 6.405030950143463464 ) ) ;
#935 = CARTESIAN_POINT ( 'NONE',  ( -16.76408781925711722, 19.43398305908898749, 21.69188478840561984 ) ) ;
#937 = VECTOR ( 'NONE', #417, 1000.000000000000000 ) ;
#938 = EDGE_LOOP ( 'NONE', ( #18, #13, #1367, #23 ) ) ;
#939 = CARTESIAN_POINT ( 'NONE',  ( -20.56953703120591825, 17.33909143359100824, 6.811460619938980443 ) ) ;
#940 = CARTESIAN_POINT ( 'NONE',  ( -27.68230039842078583, 6.843712184533279341, 19.88245212529430361 ) ) ;
#942 = CARTESIAN_POINT ( 'NONE',  ( 23.09801053455211672, 0.3087353401044803936, 15.14535989652337022 ) ) ;
#941 = DIRECTION ( 'NONE',  ( -0.06975647374412546897, 0.9975640502598241977, 0.000000000000000000 ) ) ;
#943 = EDGE_CURVE ( 'NONE', #1437, #583, #191, .T. ) ;
#944 = ORIENTED_EDGE ( 'NONE', *, *, #1219, .F. ) ;
#945 = CARTESIAN_POINT ( 'NONE',  ( 22.56983657598162196, 6.504571144902970836, 19.90803948725537253 ) ) ;
#946 = CARTESIAN_POINT ( 'NONE',  ( -21.00116822292117291, 9.743649509391620001, 23.05564167473193038 ) ) ;
#947 = CARTESIAN_POINT ( 'NONE',  ( -11.43364410819537369, 21.27857140085922083, 18.72767025981182698 ) ) ;
#948 = UNCERTAINTY_MEASURE_WITH_UNIT (LENGTH_MEASURE( 1.000000000000000082E-05 ), #287, 'distance_accuracy_value', 'NONE');
#950 = CARTESIAN_POINT ( 'NONE',  ( 18.32701926519653313, 14.06864463360915352, 1.459059160366550145 ) ) ;
#949 = PLANE ( 'NONE',  #4 ) ;
#951 = ORIENTED_EDGE ( 'NONE', *, *, #760, .T. ) ;
#952 = CARTESIAN_POINT ( 'NONE',  ( 22.97350660267363409, 5.271511575001928129, 17.03566948254770708 ) ) ;
#953 = CARTESIAN_POINT ( 'NONE',  ( 20.19360870593990498, 11.22182094084469561, 6.213090191432162790 ) ) ;
#954 = CARTESIAN_POINT ( 'NONE',  ( -11.15183895137689696, 21.34902087651165203, 18.52678760206675790 ) ) ;
#956 = CARTESIAN_POINT ( 'NONE',  ( 23.05135560616582424, 1.506893305327810850, 8.845055645412617906 ) ) ;
#955 = DIRECTION ( 'NONE',  ( 0.000000000000000000, 0.000000000000000000, 1.000000000000000000 ) ) ;
#957 = AXIS2_PLACEMENT_3D ( 'NONE', #551, #687, #1099 ) ;
#958 = CARTESIAN_POINT ( 'NONE',  ( 16.24428745093872450, 19.66238075117717443, 21.45051611295424721 ) ) ;
#959 = DIRECTION ( 'NONE',  ( 0.000000000000000000, 0.000000000000000000, 1.000000000000000000 ) ) ;
#960 = ORIENTED_EDGE ( 'NONE', *, *, #927, .F. ) ;
#961 = CARTESIAN_POINT ( 'NONE',  ( 22.85497034473473121, 5.669690824231717663, 18.27174609018744889 ) ) ;
#962 = ADVANCED_FACE ( 'NONE', ( #1136 ), #320, .F. ) ;
#963 = CARTESIAN_POINT ( 'NONE',  ( -19.03646141959487892, 18.31406779066249513, 22.66603235638709535 ) ) ;
#964 = ORIENTED_EDGE ( 'NONE', *, *, #904, .F. ) ;
#965 = CARTESIAN_POINT ( 'NONE',  ( 9.044967590857737605, 21.28336412018126467, 11.57612099480579815 ) ) ;
#967 = CARTESIAN_POINT ( 'NONE',  ( 8.655008193449177156, 21.41895277401658504, 9.838971971409643302 ) ) ;
#966 = CARTESIAN_POINT ( 'NONE',  ( -27.74829136005345376, 5.393341989105839396, 14.99999999999999822 ) ) ;
#968 = CARTESIAN_POINT ( 'NONE',  ( -27.74017858666404379, 6.073917678917380769, 11.57134187685137938 ) ) ;
#969 = CARTESIAN_POINT ( 'NONE',  ( 16.61602927938621121, 16.05237718440759664, 27.67302495816610630 ) ) ;
#970 = CARTESIAN_POINT ( 'NONE',  ( 7.655525634783004740, 21.81431318412430187, 15.60721962448194233 ) ) ;
#971 = SURFACE_SIDE_STYLE ('',( #579 ) ) ;
#972 = CARTESIAN_POINT ( 'NONE',  ( -9.130024987964739935, 21.78682290005099986, 16.63822787269882397 ) ) ;
#973 = VERTEX_POINT ( 'NONE', #832 ) ;
#974 = CARTESIAN_POINT ( 'NONE',  ( 27.74869747898254602, 5.419679637660132165, 15.68298980522210506 ) ) ;
#976 = CARTESIAN_POINT ( 'NONE',  ( 22.68858258215707835, 4.353020648585884445, 25.61578138719955788 ) ) ;
#975 = CARTESIAN_POINT ( 'NONE',  ( 0.000000000000000000, 0.000000000000000000, 30.00000000000000000 ) ) ;
#977 = CARTESIAN_POINT ( 'NONE',  ( -27.54407899790505709, 7.766824856779211750, 8.929811381169395545 ) ) ;
#978 = CARTESIAN_POINT ( 'NONE',  ( 11.07260398769666132, 20.28496932369042227, 23.08581127212650586 ) ) ;
#979 = CARTESIAN_POINT ( 'NONE',  ( -13.60899484840912876, 20.65601735737438815, 9.902020690279968562 ) ) ;
#980 = CARTESIAN_POINT ( 'NONE',  ( -7.293607877999166433, 21.91833214735985180, 12.29435279886248367 ) ) ;
#981 = CIRCLE ( 'NONE', #1220, 4.999999999999999112 ) ;
#982 = CARTESIAN_POINT ( 'NONE',  ( -23.09770916560218268, 0.3254288205930066513, 15.88340201948286179 ) ) ;
#983 = CARTESIAN_POINT ( 'NONE',  ( 27.32904755968347743, 8.690158134126722445, 21.94113057846561077 ) ) ;
#984 = CARTESIAN_POINT ( 'NONE',  ( 8.715649475653441058, 21.86186454461342521, 15.89849646243415826 ) ) ;
#985 = CARTESIAN_POINT ( 'NONE',  ( 27.73057032975431824, 6.274133438792741657, 11.12456665318036286 ) ) ;
#987 = CARTESIAN_POINT ( 'NONE',  ( 20.81979183361170982, 10.04774957746282205, 28.80745741755249156 ) ) ;
#986 = CARTESIAN_POINT ( 'NONE',  ( -20.10000000000000142, 2.461540066286179870E-15, 27.99999999999960920 ) ) ;
#988 = CARTESIAN_POINT ( 'NONE',  ( 22.63470172504873901, 6.327909924761812022, 10.37735646435662851 ) ) ;
#989 = DIRECTION ( 'NONE',  ( -0.000000000000000000, -0.000000000000000000, -1.000000000000000000 ) ) ;
#990 = CARTESIAN_POINT ( 'NONE',  ( -8.554999765290283165, 21.88986369810377397, 15.33601718290943694 ) ) ;
#991 = CARTESIAN_POINT ( 'NONE',  ( 19.35597050860803847, 18.09537777454988827, 22.76508297180921403 ) ) ;
#992 = CARTESIAN_POINT ( 'NONE',  ( 8.742866068705168914, 21.85700104843688862, 15.96206723163657060 ) ) ;
#993 = CARTESIAN_POINT ( 'NONE',  ( -7.103289411973381817, 21.98147514586855422, 17.22929859574964695 ) ) ;
#994 = AXIS2_PLACEMENT_3D ( 'NONE', #817, #22, #1203 ) ;
#995 = CARTESIAN_POINT ( 'NONE',  ( -20.72695563361092752, 10.25102183450488447, 6.650401115506166860 ) ) ;
#996 = CARTESIAN_POINT ( 'NONE',  ( 27.63565009271835748, 7.217897793911022930, 9.584492400615602037 ) ) ;
#998 = CARTESIAN_POINT ( 'NONE',  ( 12.52757460403670287, 19.42209215856322402, 24.51692361425011768 ) ) ;
#997 = DIRECTION ( 'NONE',  ( -0.09950371902099448829, 1.218569110023184805E-17, 0.9950371902099895971 ) ) ;
#999 = AXIS2_PLACEMENT_3D ( 'NONE', #253, #86, #1678 ) ;
#1000 = CARTESIAN_POINT ( 'NONE',  ( 22.00216132571708272, 7.838457803881208719, 8.442079477250006292 ) ) ;
#1001 = CARTESIAN_POINT ( 'NONE',  ( 79.55089089348361142, 9.216221004481182533, 15.00000000000000000 ) ) ;
#1002 = CARTESIAN_POINT ( 'NONE',  ( -6.746191215611665903, 22.09296344404031132, 15.52479088117163641 ) ) ;
#1003 = CARTESIAN_POINT ( 'NONE',  ( -22.07734130318781496, 6.800221083776374797, 2.442620683902125833 ) ) ;
#1004 = EDGE_CURVE ( 'NONE', #1346, #1133, #1343, .T. ) ;
#1005 = CARTESIAN_POINT ( 'NONE',  ( 14.31166930389895953, 18.19034077929351412, 22.72055707354343213 ) ) ;
#1006 = CARTESIAN_POINT ( 'NONE',  ( -10.26963591841045087, 21.55470023836751992, 12.16589209488214074 ) ) ;
#1007 = CARTESIAN_POINT ( 'NONE',  ( -8.080040448285950916, 21.64201925372512747, 19.27666727363793342 ) ) ;
#1008 = CARTESIAN_POINT ( 'NONE',  ( -20.93665386277023188, 9.863152363413764334, 6.870900472328931308 ) ) ;
#1009 = CARTESIAN_POINT ( 'NONE',  ( 27.15779963313675793, 9.254010452582365431, 22.36628604674727328 ) ) ;
#1010 = CARTESIAN_POINT ( 'NONE',  ( 10.13196467247261445, 21.58468272779897035, 12.28609282294198479 ) ) ;
#1011 = CARTESIAN_POINT ( 'NONE',  ( 10.11902707548856739, 21.58734116679016068, 12.29909012698570869 ) ) ;
#1012 = CARTESIAN_POINT ( 'NONE',  ( 17.96058375013521768, 14.55018531006183302, 28.40165859475172283 ) ) ;
#1013 = CARTESIAN_POINT ( 'NONE',  ( -13.33496928182025698, 18.87672626850624980, 4.760054292422395861 ) ) ;
#1014 = CARTESIAN_POINT ( 'NONE',  ( -13.47237348376703814, 18.76832502264168667, 25.34946736219602670 ) ) ;
#1015 = CARTESIAN_POINT ( 'NONE',  ( -22.85404678427183711, 3.375434070463348313, 5.529778203760384869 ) ) ;
#1016 = CARTESIAN_POINT ( 'NONE',  ( 24.62908105714827656, 13.72124806072856273, 23.89711728492865106 ) ) ;
#1017 = CIRCLE ( 'NONE', #529, 23.09999999999999787 ) ;
#1018 = CARTESIAN_POINT ( 'NONE',  ( 18.98354101577510278, 13.18906394543684790, 1.222067640537531030 ) ) ;
#1019 = FACE_OUTER_BOUND ( 'NONE', #354, .T. ) ;
#1020 = CARTESIAN_POINT ( 'NONE',  ( -7.697617490639077964, 21.78081438800399994, 18.60142158027986881 ) ) ;
#1021 = CARTESIAN_POINT ( 'NONE',  ( -23.02410825569074149, 1.880271199821854866, 7.996999644791713990 ) ) ;
#1022 = CARTESIAN_POINT ( 'NONE',  ( 22.03188973311490173, 6.953888383545081986, 27.65293734819553606 ) ) ;
#1023 = CARTESIAN_POINT ( 'NONE',  ( -17.06665831214243312, 15.57247402006045256, 2.064435614004865638 ) ) ;
#1024 = CARTESIAN_POINT ( 'NONE',  ( -6.980649140348936577, 22.02024072627137485, 13.15483823114745299 ) ) ;
#1025 = CARTESIAN_POINT ( 'NONE',  ( -27.74915051247617015, 5.784470477390224019, 12.31260216893136672 ) ) ;
#1026 = CARTESIAN_POINT ( 'NONE',  ( 20.66407172267685866, 10.36707301431178152, 6.589427541921808462 ) ) ;
#1027 = CARTESIAN_POINT ( 'NONE',  ( 16.28788632115050561, 16.45604364242834095, 6.303001285092566519 ) ) ;
#1028 = CARTESIAN_POINT ( 'NONE',  ( -6.854975865345501518, 22.05949072318443527, 16.28633374662654631 ) ) ;
#1029 = CARTESIAN_POINT ( 'NONE',  ( 9.355324498053509075, 21.74364594511680693, 13.07071499971246453 ) ) ;
#1030 = CARTESIAN_POINT ( 'NONE',  ( 20.86358693043942480, 9.998333732578631228, 23.20871468956443096 ) ) ;
#1031 = CARTESIAN_POINT ( 'NONE',  ( -20.97446994881938309, 9.688151885499541649, 1.294708730464247504 ) ) ;
#1032 = AXIS2_PLACEMENT_3D ( 'NONE', #220, #1482, #1360 ) ;
#1033 = CARTESIAN_POINT ( 'NONE',  ( 26.40087496201062223, 11.05784293106251326, 6.672136760350034557 ) ) ;
#1034 = CARTESIAN_POINT ( 'NONE',  ( 16.91847753193018633, 15.74792247619759245, 2.137138650661664752 ) ) ;
#1035 = EDGE_CURVE ( 'NONE', #583, #1437, #418, .T. ) ;
#1036 = ORIENTED_EDGE ( 'NONE', *, *, #242, .T. ) ;
#1037 = CARTESIAN_POINT ( 'NONE',  ( -20.09624898008163640, 11.39310687378153730, 23.84681998483416265 ) ) ;
#1038 = CARTESIAN_POINT ( 'NONE',  ( -8.358230025189307355, 21.53661279759085545, 10.28112801770536144 ) ) ;
#1039 = CARTESIAN_POINT ( 'NONE',  ( -25.03069001371546065, 13.21787855735303907, 6.140755558032645389 ) ) ;
#1040 = CARTESIAN_POINT ( 'NONE',  ( 11.04733940560340955, 20.33463509519562962, 9.551675549009718935 ) ) ;
#1041 = CIRCLE ( 'NONE', #1461, 23.09999999999999787 ) ;
#1042 = CARTESIAN_POINT ( 'NONE',  ( 23.05728729542584077, 1.417302713836005701, 9.068417529771577890 ) ) ;
#1043 = CARTESIAN_POINT ( 'NONE',  ( -12.70022750544870149, 19.29863815876121436, 24.66558646036501301 ) ) ;
#1044 = CARTESIAN_POINT ( 'NONE',  ( -7.669748775005388097, 21.79084726672078531, 11.45808332149678321 ) ) ;
#1045 = CARTESIAN_POINT ( 'NONE',  ( -22.85138428507570296, 3.436120211642935907, 24.58871204074075223 ) ) ;
#1046 = CARTESIAN_POINT ( 'NONE',  ( -26.56895782381433335, 10.71082039129954566, 23.17882935178716508 ) ) ;
#1047 = ORIENTED_EDGE ( 'NONE', *, *, #803, .T. ) ;
#1048 = DIRECTION ( 'NONE',  ( 0.000000000000000000, -0.9777107724439411118, 0.2099562941354036205 ) ) ;
#1049 = CARTESIAN_POINT ( 'NONE',  ( -23.75084505983915761, 14.69671774481200899, 23.88027919080105477 ) ) ;
#1050 = CARTESIAN_POINT ( 'NONE',  ( -27.74829136005345376, 5.393341989105839396, 14.99999999999999822 ) ) ;
#1051 = ADVANCED_FACE ( 'NONE', ( #289 ), #438, .T. ) ;
#1052 = CARTESIAN_POINT ( 'NONE',  ( 8.579476669823920432, 21.88563182343478175, 14.54891152090046802 ) ) ;
#1053 = CARTESIAN_POINT ( 'NONE',  ( -22.09863325271570744, 7.626838721478181427, 21.32787486153009837 ) ) ;
#1054 = CARTESIAN_POINT ( 'NONE',  ( 21.35531889484017398, 9.087014009090095712, 22.60858580337798429 ) ) ;
#1055 = CARTESIAN_POINT ( 'NONE',  ( -16.38279510733406141, 16.35922280604753709, 23.73308274108737237 ) ) ;
#1056 = CARTESIAN_POINT ( 'NONE',  ( -27.74987691913998233, 5.592057779184356647, 16.86743247578733929 ) ) ;
#1057 = ORIENTED_EDGE ( 'NONE', *, *, #1426, .T. ) ;
#1058 = CARTESIAN_POINT ( 'NONE',  ( 20.10000000000000142, 2.461540066286179870E-15, 27.99999999999960920 ) ) ;
#1059 = CARTESIAN_POINT ( 'NONE',  ( -22.87243377052197957, 5.619189695398408624, 18.18320419678705235 ) ) ;
#1061 = CARTESIAN_POINT ( 'NONE',  ( 10.30136627288620232, 20.68656882693309029, 7.750667890830643003 ) ) ;
#1060 = CARTESIAN_POINT ( 'NONE',  ( -18.05763763341393613, 14.41189330133057922, 28.42946236857866893 ) ) ;
#1062 = EDGE_LOOP ( 'NONE', ( #1108, #871 ) ) ;
#1063 = CARTESIAN_POINT ( 'NONE',  ( 27.74829136005343955, 5.393341989105544521, 15.11396469799381670 ) ) ;
#1064 = CARTESIAN_POINT ( 'NONE',  ( -22.74662433479655022, 6.005408994852273530, 19.03194251732094600 ) ) ;
#1065 = EDGE_CURVE ( 'NONE', #1076, #259, #690, .T. ) ;
#1067 = CARTESIAN_POINT ( 'NONE',  ( 15.72799885118653052, 16.93923278730047599, 2.889948849267131248 ) ) ;
#1066 = FACE_OUTER_BOUND ( 'NONE', #1087, .T. ) ;
#1068 = CIRCLE ( 'NONE', #554, 8.900000000000000355 ) ;
#1069 = EDGE_LOOP ( 'NONE', ( #1093, #678, #1205, #683 ) ) ;
#1070 = CARTESIAN_POINT ( 'NONE',  ( 22.66693946655557923, 4.505769086305470239, 25.80746197304607037 ) ) ;
#1071 = CARTESIAN_POINT ( 'NONE',  ( -23.75165331192365059, 14.69505290226932104, 6.120393977249801054 ) ) ;
#1072 = CARTESIAN_POINT ( 'NONE',  ( -26.28005111424512918, 11.28790280597727858, 23.41432862258341174 ) ) ;
#1073 = CARTESIAN_POINT ( 'NONE',  ( -22.99978570981406634, 5.172616530282623692, 13.55729240515717571 ) ) ;
#1075 = CARTESIAN_POINT ( 'NONE',  ( 6.891831580161677628, 22.04810495541525839, 13.49229857980984981 ) ) ;
#1074 = DIRECTION ( 'NONE',  ( 0.000000000000000000, 0.000000000000000000, 1.000000000000000000 ) ) ;
#1076 = VERTEX_POINT ( 'NONE', #1202 ) ;
#1077 = CARTESIAN_POINT ( 'NONE',  ( 27.74869747898254957, 5.419679637660131277, 15.68298980522210506 ) ) ;
#1078 = CARTESIAN_POINT ( 'NONE',  ( -22.37706775398890358, 15.98316530736729213, 23.67825621800034241 ) ) ;
#1080 = CARTESIAN_POINT ( 'NONE',  ( 23.00708446920379657, 2.079213012355245915, 7.596138033527168432 ) ) ;
#1079 = CARTESIAN_POINT ( 'NONE',  ( 0.000000000000000000, 0.000000000000000000, 0.000000000000000000 ) ) ;
#1081 = ADVANCED_FACE ( 'NONE', ( #319 ), #1336, .T. ) ;
#1082 = CARTESIAN_POINT ( 'NONE',  ( -8.660793472352915856, 21.44097766437578656, 12.08631454272134853 ) ) ;
#1083 = ORIENTED_EDGE ( 'NONE', *, *, #713, .F. ) ;
#1084 = DIRECTION ( 'NONE',  ( 0.9975640502598244197, 0.06975647374412548285, 6.938893903907228378E-18 ) ) ;
#1085 = CARTESIAN_POINT ( 'NONE',  ( 24.90817637934559059, 13.37585637120670334, 6.125538862799632334 ) ) ;
#1086 = CARTESIAN_POINT ( 'NONE',  ( -20.17791432975873533, 17.63468998833355528, 23.08360238524860719 ) ) ;
#1087 = EDGE_LOOP ( 'NONE', ( #944, #932 ) ) ;
#1088 = CARTESIAN_POINT ( 'NONE',  ( 27.68725856292730825, 6.803579685484680617, 10.17743591550248894 ) ) ;
#1090 = CARTESIAN_POINT ( 'NONE',  ( 22.98694846626729671, 2.294825865492754247, 7.192415658929800060 ) ) ;
#1089 = CARTESIAN_POINT ( 'NONE',  ( -8.535104242580107581, 21.89329085255166518, 14.99999999999999289 ) ) ;
#1091 = CARTESIAN_POINT ( 'NONE',  ( 9.564019142544060159, 21.05789928153317803, 19.02216922636756991 ) ) ;
#1092 = FACE_OUTER_BOUND ( 'NONE', #569, .T. ) ;
#1093 = ORIENTED_EDGE ( 'NONE', *, *, #841, .F. ) ;
#1094 = ADVANCED_FACE ( 'NONE', ( #1066, #574 ), #1484, .F. ) ;
#1095 = CARTESIAN_POINT ( 'NONE',  ( 23.09708276204599997, 0.3671074545655937382, 16.06669194298733316 ) ) ;
#1096 = CARTESIAN_POINT ( 'NONE',  ( 23.94404094277259176, 14.49494793153627725, 6.106389457711018487 ) ) ;
#1097 = CARTESIAN_POINT ( 'NONE',  ( -27.74962915185907519, 5.499046827479655342, 13.59490070125860406 ) ) ;
#1098 = DIRECTION ( 'NONE',  ( -0.001221330928434933173, 0.07684175622963325403, 0.9970425531793059015 ) ) ;
#1100 = CARTESIAN_POINT ( 'NONE',  ( 16.15307052839921553, 16.51838232283447283, 27.38232907866046517 ) ) ;
#1099 = DIRECTION ( 'NONE',  ( 1.000000000000000000, 0.000000000000000000, -0.000000000000000000 ) ) ;
#1101 = CARTESIAN_POINT ( 'NONE',  ( 8.535104242580088041, 21.89329085255166518, 14.99999999999999822 ) ) ;
#1102 = CARTESIAN_POINT ( 'NONE',  ( 13.12480559030498917, 19.06096336831844340, 21.98731533685741724 ) ) ;
#1103 = CARTESIAN_POINT ( 'NONE',  ( 78.76475092511311971, -2.054775488300193853, 15.00000000000000000 ) ) ;
#1104 = ORIENTED_EDGE ( 'NONE', *, *, #780, .F. ) ;
#1105 = CARTESIAN_POINT ( 'NONE',  ( 23.07412539451824784, 1.105927359030421719, 20.04981710094349268 ) ) ;
#1106 = CARTESIAN_POINT ( 'NONE',  ( -13.74112983412679156, 20.61072534970193715, 20.16730454031624475 ) ) ;
#1107 = CARTESIAN_POINT ( 'NONE',  ( 24.39452713506554105, 13.99690726630165827, 23.90418052671848059 ) ) ;
#1108 = ORIENTED_EDGE ( 'NONE', *, *, #694, .T. ) ;
#1109 = CARTESIAN_POINT ( 'NONE',  ( 6.899960570246929770, 22.04559454896796211, 13.44285539889192549 ) ) ;
#1111 = CARTESIAN_POINT ( 'NONE',  ( 6.840587363646284835, 22.06425896088483540, 16.26384985580546783 ) ) ;
#1110 = CYLINDRICAL_SURFACE ( 'NONE', #1395, 8.900000000000000355 ) ;
#1112 = CARTESIAN_POINT ( 'NONE',  ( 27.69696428217437401, 6.703692510143249628, 10.33954522662227760 ) ) ;
#1113 = CARTESIAN_POINT ( 'NONE',  ( -27.13271782968924839, 9.328346431897143631, 7.583390982125316704 ) ) ;
#1114 = CARTESIAN_POINT ( 'NONE',  ( -11.86819699255005034, 21.16555323837145508, 19.02535983940816777 ) ) ;
#1115 = CARTESIAN_POINT ( 'NONE',  ( 9.320005777529910773, 21.75004371126016522, 16.87120530616954639 ) ) ;
#1116 = CARTESIAN_POINT ( 'NONE',  ( 6.816145790614895006, 22.07147835014870196, 13.95264474562132051 ) ) ;
#1117 = EDGE_LOOP ( 'NONE', ( #1225, #409, #415, #178 ) ) ;
#1118 = AXIS2_PLACEMENT_3D ( 'NONE', #307, #1590, #1506 ) ;
#1119 = CARTESIAN_POINT ( 'NONE',  ( -22.85290408562227071, 5.683267317710735789, 11.65027702308877089 ) ) ;
#1120 = CARTESIAN_POINT ( 'NONE',  ( 17.03328687136259845, 19.31646440026803191, 21.81742395473801110 ) ) ;
#1121 = CARTESIAN_POINT ( 'NONE',  ( 7.798207522618054277, 21.76448580921272580, 13.73301658229641120 ) ) ;
#1123 = CARTESIAN_POINT ( 'NONE',  ( 10.14535901432061848, 20.76177604092626794, 22.07612034836085257 ) ) ;
#1122 = LINE ( 'NONE', #94, #1194 ) ;
#1124 = CARTESIAN_POINT ( 'NONE',  ( 22.26326073674824713, 6.171733340206372098, 2.835200648314977645 ) ) ;
#1125 = DIRECTION ( 'NONE',  ( 0.9975640502598243087, -0.06975647374412510815, -0.000000000000000000 ) ) ;
#1126 = CARTESIAN_POINT ( 'NONE',  ( -9.977872261518449193, 21.61782785756950531, 17.57179818846951136 ) ) ;
#1127 = CARTESIAN_POINT ( 'NONE',  ( 12.72117441452899200, 20.92959125333014114, 10.42663143846593066 ) ) ;
#1128 = CARTESIAN_POINT ( 'NONE',  ( 9.848691984069725791, 20.92792605170678755, 19.31966340632995127 ) ) ;
#1129 = CARTESIAN_POINT ( 'NONE',  ( -10.89188435959776413, 20.41842405813865824, 9.689439219629614186 ) ) ;
#1130 = CARTESIAN_POINT ( 'NONE',  ( -9.633314036911960088, 20.99758241999725428, 21.45136076130993175 ) ) ;
#1131 = CARTESIAN_POINT ( 'NONE',  ( -26.17952810607723180, 11.47164944427821176, 6.522159845868038097 ) ) ;
#1132 = CARTESIAN_POINT ( 'NONE',  ( 17.64065526295057396, 19.02711026549173567, 22.08360064014599544 ) ) ;
#1133 = VERTEX_POINT ( 'NONE', #559 ) ;
#1134 = CARTESIAN_POINT ( 'NONE',  ( 8.639292872840595550, 21.87521373640666766, 14.32939124000214015 ) ) ;
#1136 = FACE_OUTER_BOUND ( 'NONE', #44, .T. ) ;
#1135 = CARTESIAN_POINT ( 'NONE',  ( 79.38558354143583529, 6.823544559012241884, 15.00000000000000000 ) ) ;
#1137 = CARTESIAN_POINT ( 'NONE',  ( -7.293607877999225053, 21.91833214735987667, 12.29435279886248544 ) ) ;
#1138 = CARTESIAN_POINT ( 'NONE',  ( -22.96200518328596374, 2.531125757437356238, 6.782815890727514230 ) ) ;
#1139 = CARTESIAN_POINT ( 'NONE',  ( 17.24753779715495838, 15.42471208739213395, 24.00929605619464624 ) ) ;
#1140 = CARTESIAN_POINT ( 'NONE',  ( -20.00127350160123996, 11.55869911054785426, 6.099494630474128876 ) ) ;
#1141 = CARTESIAN_POINT ( 'NONE',  ( -12.25544611453300980, 19.58408663209425526, 24.25200056184587538 ) ) ;
#1142 = CARTESIAN_POINT ( 'NONE',  ( -21.23354396534843502, 9.313189163335268361, 7.229100042675151272 ) ) ;
#1143 = CARTESIAN_POINT ( 'NONE',  ( 27.56486880555265628, 7.656331764078052160, 20.94902240788262304 ) ) ;
#1144 = CARTESIAN_POINT ( 'NONE',  ( 18.49631709767626120, 13.86255017576332094, 1.381003925512475750 ) ) ;
#1145 = CARTESIAN_POINT ( 'NONE',  ( -8.528749296720507189, 21.89438634985382492, 15.00518631096100819 ) ) ;
#1146 = CARTESIAN_POINT ( 'NONE',  ( -22.13602112224760532, 6.606452492057869996, 2.559582633324762213 ) ) ;
#1147 = CARTESIAN_POINT ( 'NONE',  ( 23.91209216467709098, 14.52871609170574985, 23.89183087930031135 ) ) ;
#1148 = CARTESIAN_POINT ( 'NONE',  ( -16.79425023746545875, 15.86572346608543604, 2.220732218424612103 ) ) ;
#1149 = CARTESIAN_POINT ( 'NONE',  ( -19.96505532481065615, 11.62150507530174259, 28.90213882493033637 ) ) ;
#1150 = EDGE_CURVE ( 'NONE', #1311, #384, #463, .T. ) ;
#1151 = CARTESIAN_POINT ( 'NONE',  ( -21.61503180237521349, 8.600920356717407955, 7.761491427676997290 ) ) ;
#1152 = CARTESIAN_POINT ( 'NONE',  ( 8.828233708436419747, 21.34833840740262900, 9.593833011870389171 ) ) ;
#1153 = CARTESIAN_POINT ( 'NONE',  ( -6.909446970576365032, 22.04255710021832115, 16.53176280375260276 ) ) ;
#1154 = CARTESIAN_POINT ( 'NONE',  ( -17.17087566953213340, 15.45829585423671482, 2.006201612744910268 ) ) ;
#1155 = CARTESIAN_POINT ( 'NONE',  ( 21.78576668771439628, 7.690325005577506090, 28.03167590628141781 ) ) ;
#1156 = CARTESIAN_POINT ( 'NONE',  ( -16.91716346011042660, 15.78995723361004977, 6.088870681224020309 ) ) ;
#1157 = PRODUCT_DEFINITION ( 'UNKNOWN', '', #1594, #1201 ) ;
#1158 = AXIS2_PLACEMENT_3D ( 'NONE', #45, #1084, #1618 ) ;
#1159 = CARTESIAN_POINT ( 'NONE',  ( 15.47126680131738397, 17.21552858065170710, 6.670546550467895131 ) ) ;
#1160 = CARTESIAN_POINT ( 'NONE',  ( 22.82242614074242937, 5.772997633197356926, 11.47268422682105005 ) ) ;
#1161 = CARTESIAN_POINT ( 'NONE',  ( -19.96123454101724803, 11.62851876014439512, 23.92221602441289363 ) ) ;
#1162 = CARTESIAN_POINT ( 'NONE',  ( -23.09660869749000156, 0.4272336875845703097, 17.00587200210554784 ) ) ;
#1163 = CARTESIAN_POINT ( 'NONE',  ( -21.83271367575013855, 16.42661058321235856, 6.447441110765215200 ) ) ;
#1164 = VECTOR ( 'NONE', #149, 1000.000000000000227 ) ;
#1165 = CARTESIAN_POINT ( 'NONE',  ( 15.20351430325065856, 20.09276252561494047, 9.052329143193748706 ) ) ;
#1166 = CARTESIAN_POINT ( 'NONE',  ( 22.78105376279168226, 5.901871356875280306, 11.18389552588867453 ) ) ;
#1167 = CARTESIAN_POINT ( 'NONE',  ( -10.35364546888583526, 20.65232564703725870, 22.29454322962569890 ) ) ;
#1168 = CARTESIAN_POINT ( 'NONE',  ( -27.57119333662246419, 7.620003260739109052, 20.90688269206578198 ) ) ;
#1169 = CYLINDRICAL_SURFACE ( 'NONE', #1445, 23.09999999999999787 ) ;
#1170 = CIRCLE ( 'NONE', #571, 8.899999999999998579 ) ;
#1171 = EDGE_CURVE ( 'NONE', #746, #1076, #842, .T. ) ;
#1172 = ORIENTED_EDGE ( 'NONE', *, *, #1274, .T. ) ;
#1173 = CARTESIAN_POINT ( 'NONE',  ( -23.09999999999999787, 0.000000000000000000, 30.00000000000000000 ) ) ;
#1174 = CARTESIAN_POINT ( 'NONE',  ( -16.05460321705994531, 19.74277707073921917, 21.36035806290258066 ) ) ;
#1175 = CARTESIAN_POINT ( 'NONE',  ( -7.293607877999166433, 21.91833214735985180, 12.29435279886248367 ) ) ;
#1176 = DIRECTION ( 'NONE',  ( 0.000000000000000000, 0.000000000000000000, 1.000000000000000000 ) ) ;
#1177 = CARTESIAN_POINT ( 'NONE',  ( -22.87779189518278145, 3.209601625351197196, 24.24642644459674656 ) ) ;
#1178 = VECTOR ( 'NONE', #989, 1000.000000000000000 ) ;
#1179 = CARTESIAN_POINT ( 'NONE',  ( 22.34359772718339343, 5.874672381637744856, 26.95358555001713441 ) ) ;
#1180 = CARTESIAN_POINT ( 'NONE',  ( 27.71141132097231008, 6.538576512241530025, 10.62080962931553785 ) ) ;
#1181 = CARTESIAN_POINT ( 'NONE',  ( -20.48018593485556238, 10.70994224860091037, 23.59080787366473686 ) ) ;
#1182 = FACE_OUTER_BOUND ( 'NONE', #789, .T. ) ;
#1183 = ORIENTED_EDGE ( 'NONE', *, *, #1274, .F. ) ;
#1184 = CARTESIAN_POINT ( 'NONE',  ( 0.000000000000000000, 0.000000000000000000, 30.00000000000000000 ) ) ;
#1185 = CARTESIAN_POINT ( 'NONE',  ( -22.97315071789813601, 2.430976800642431712, 23.04884880908377554 ) ) ;
#1187 = CARTESIAN_POINT ( 'NONE',  ( 23.09450786013634627, 0.5121727813659364692, 12.38448340215990129 ) ) ;
#1186 = CARTESIAN_POINT ( 'NONE',  ( -18.84462115123826109, 18.39897513369265880, 22.57762137864077090 ) ) ;
#1188 = ORIENTED_EDGE ( 'NONE', *, *, #1035, .T. ) ;
#1189 = EDGE_CURVE ( 'NONE', #155, #1213, #1041, .T. ) ;
#1190 = CARTESIAN_POINT ( 'NONE',  ( -23.08843508773738407, 0.7482367855322403782, 18.82425375817510727 ) ) ;
#1191 = CARTESIAN_POINT ( 'NONE',  ( -27.22721389210078868, 9.062159248651600052, 22.24996997741142835 ) ) ;
#1193 = CARTESIAN_POINT ( 'NONE',  ( 21.62046507299137943, 8.145941761498226796, 1.769478881603187892 ) ) ;
#1192 = DIRECTION ( 'NONE',  ( -0.9975640502598243087, -0.06975647374412496937, 0.000000000000000000 ) ) ;
#1194 = VECTOR ( 'NONE', #467, 1000.000000000000227 ) ;
#1195 = PRODUCT_DEFINITION_SHAPE ( 'NONE', 'NONE',  #1157 ) ;
#1196 = ORIENTED_EDGE ( 'NONE', *, *, #1035, .F. ) ;
#1197 = FILL_AREA_STYLE_COLOUR ( '', #1297 ) ;
#1198 = CARTESIAN_POINT ( 'NONE',  ( -22.21217728242443101, 16.12003339455522521, 6.358034026327980648 ) ) ;
#1199 = CARTESIAN_POINT ( 'NONE',  ( -26.70034386986653274, 10.42598686134941843, 23.04651108393117198 ) ) ;
#1200 = CARTESIAN_POINT ( 'NONE',  ( -23.09716272914161195, 0.3656943377942294959, 13.83437932610079457 ) ) ;
#1201 = PRODUCT_DEFINITION_CONTEXT ( 'detailed design', #416, 'design' ) ;
#1203 = DIRECTION ( 'NONE',  ( -1.000000000000000000, 0.000000000000000000, 0.000000000000000000 ) ) ;
#1202 = CARTESIAN_POINT ( 'NONE',  ( 20.10000000000000142, 2.461540066286179870E-15, 0.000000000000000000 ) ) ;
#1204 = AXIS2_PLACEMENT_3D ( 'NONE', #1617, #1222, #857 ) ;
#1205 = ORIENTED_EDGE ( 'NONE', *, *, #927, .T. ) ;
#1206 = CARTESIAN_POINT ( 'NONE',  ( 22.77508078241475431, 5.919641499648381711, 18.85516459264414735 ) ) ;
#1207 = CARTESIAN_POINT ( 'NONE',  ( 20.87216181903573187, 9.906449726407284828, 1.250531120259280371 ) ) ;
#1208 = CARTESIAN_POINT ( 'NONE',  ( -22.91375001419524438, 2.938598713586566546, 23.85936240927523500 ) ) ;
#1209 = CARTESIAN_POINT ( 'NONE',  ( -27.34864225813009853, 8.617452757212303638, 21.88046222420747000 ) ) ;
#1210 = CIRCLE ( 'NONE', #264, 8.699999999999835865 ) ;
#1212 = CARTESIAN_POINT ( 'NONE',  ( 22.48225598616449972, 5.309303413618753353, 3.498387883618990113 ) ) ;
#1211 = DIRECTION ( 'NONE',  ( 1.000000000000000000, 0.000000000000000000, 0.000000000000000000 ) ) ;
#1213 = VERTEX_POINT ( 'NONE', #1576 ) ;
#1214 = DIRECTION ( 'NONE',  ( -0.000000000000000000, -0.000000000000000000, -1.000000000000000000 ) ) ;
#1215 = CARTESIAN_POINT ( 'NONE',  ( -13.15607047794276596, 20.79725565590536362, 19.83387619021344150 ) ) ;
#1216 = CARTESIAN_POINT ( 'NONE',  ( 8.906753663942302168, 21.82806513383538061, 13.69585807723139048 ) ) ;
#1218 = CARTESIAN_POINT ( 'NONE',  ( 17.77392623466098698, 14.76123108614233637, 1.698142188795610741 ) ) ;
#1217 = DIRECTION ( 'NONE',  ( 0.06975647374412559387, -0.9975640502598241977, 0.000000000000000000 ) ) ;
#1219 = EDGE_CURVE ( 'NONE', #384, #1311, #1017, .T. ) ;
#1220 = AXIS2_PLACEMENT_3D ( 'NONE', #748, #1496, #1386 ) ;
#1221 = CARTESIAN_POINT ( 'NONE',  ( 15.48687128864941620, 17.14386444877891691, 26.92933565269509799 ) ) ;
#1222 = DIRECTION ( 'NONE',  ( 0.1957549126166434339, -0.06045331456536218173, -0.9787877251705355830 ) ) ;
#1223 = CARTESIAN_POINT ( 'NONE',  ( 80.00641615775855087, 15.70186460632467806, 15.00000000000000178 ) ) ;
#1224 = CARTESIAN_POINT ( 'NONE',  ( -8.928118859289597253, 21.82387732654421342, 16.34734281924366783 ) ) ;
#1225 = ORIENTED_EDGE ( 'NONE', *, *, #542, .F. ) ;
#1226 = CARTESIAN_POINT ( 'NONE',  ( 9.324444227893497583, 21.74961279574817752, 13.10754418957721334 ) ) ;
#1228 = CARTESIAN_POINT ( 'NONE',  ( 19.83321482825441606, 11.84508128264802629, 28.89792644523571852 ) ) ;
#1227 = DIRECTION ( 'NONE',  ( 0.9975640502598243087, 0.06975647374412548285, 6.938893903907226837E-18 ) ) ;
#1229 = CARTESIAN_POINT ( 'NONE',  ( -27.66053728341375262, 7.089215244819404127, 9.724766722499374794 ) ) ;
#1230 = MECHANICAL_DESIGN_GEOMETRIC_PRESENTATION_REPRESENTATION (  '', ( #262 ), #1365 ) ;
#1231 = CARTESIAN_POINT ( 'NONE',  ( 14.81845636506962371, 20.22994287100181410, 20.74420360518534778 ) ) ;
#1232 = CARTESIAN_POINT ( 'NONE',  ( 7.867871141736515028, 21.73963084288704906, 16.42065570492087900 ) ) ;
#1233 = CARTESIAN_POINT ( 'NONE',  ( 19.66920561502955422, 12.12070170358546584, 1.109979041076998962 ) ) ;
#1234 = CARTESIAN_POINT ( 'NONE',  ( -25.24965541340443664, 12.92386684255133744, 23.82184593918705318 ) ) ;
#1235 = CARTESIAN_POINT ( 'NONE',  ( 8.535104242580095146, 21.89329085255166873, 15.18619305869099634 ) ) ;
#1236 = CARTESIAN_POINT ( 'NONE',  ( 25.68149992704072915, 12.29761839002223134, 6.292241090486719202 ) ) ;
#1238 = CARTESIAN_POINT ( 'NONE',  ( 8.277475149970978663, 21.56742100747101532, 19.59511910253761968 ) ) ;
#1237 = DIRECTION ( 'NONE',  ( -0.06975647374412548285, -0.9975640502598241977, 0.000000000000000000 ) ) ;
#1239 = LINE ( 'NONE', #1001, #1501 ) ;
#1240 = CARTESIAN_POINT ( 'NONE',  ( 7.196186136893801155, 21.95072704529084717, 17.46481356657275086 ) ) ;
#1241 = CARTESIAN_POINT ( 'NONE',  ( 8.509955009807196546, 21.89764147677784223, 14.98321523628542984 ) ) ;
#1242 = ORIENTED_EDGE ( 'NONE', *, *, #794, .F. ) ;
#1243 = CARTESIAN_POINT ( 'NONE',  ( -18.73572783740288727, 13.51977368834944038, 28.68672021083300905 ) ) ;
#1244 = CARTESIAN_POINT ( 'NONE',  ( 19.78393913733508924, 11.93003424687752023, 5.994569238857760496 ) ) ;
#1245 =( NAMED_UNIT ( * ) SI_UNIT ( $, .STERADIAN. ) SOLID_ANGLE_UNIT ( ) );
#1246 = ADVANCED_FACE ( 'NONE', ( #1592 ), #949, .T. ) ;
#1247 = CARTESIAN_POINT ( 'NONE',  ( -22.33441522975532223, 5.947626304093100558, 2.961503020538378550 ) ) ;
#1248 = DIRECTION ( 'NONE',  ( 0.09950371902099448829, 0.000000000000000000, 0.9950371902099895971 ) ) ;
#1249 = EDGE_LOOP ( 'NONE', ( #1057, #819, #905, #317, #1490 ) ) ;
#1250 = DIRECTION ( 'NONE',  ( 0.000000000000000000, -0.9970432967990194850, 0.07684181354017105559 ) ) ;
#1252 = CARTESIAN_POINT ( 'NONE',  ( 9.315717062945592986, 21.14047844962132672, 21.05321751231444338 ) ) ;
#1251 = FACE_OUTER_BOUND ( 'NONE', #938, .T. ) ;
#1253 = CARTESIAN_POINT ( 'NONE',  ( 27.35940055536687865, 8.601899777048888751, 8.110665075003074875 ) ) ;
#1254 = CARTESIAN_POINT ( 'NONE',  ( -27.74987691913998233, 5.592057779184356647, 16.86743247578733929 ) ) ;
#1255 = CARTESIAN_POINT ( 'NONE',  ( -7.697584751259264557, 21.79973678889076183, 14.16857761464710741 ) ) ;
#1256 = CARTESIAN_POINT ( 'NONE',  ( -22.29609185238994229, 6.043944501968860017, 2.932009291317111188 ) ) ;
#1257 = CARTESIAN_POINT ( 'NONE',  ( 12.02801872902799296, 21.12232859080181413, 19.13061152994247038 ) ) ;
#1258 = CARTESIAN_POINT ( 'NONE',  ( -11.53397198724064587, 21.25771768924453653, 11.18254587338085138 ) ) ;
#1259 = CARTESIAN_POINT ( 'NONE',  ( -22.08208986384315864, 6.794200242310784787, 27.56204784952037201 ) ) ;
#1260 = CARTESIAN_POINT ( 'NONE',  ( -22.66763629029262717, 6.235556199120065202, 10.53636459103808498 ) ) ;
#1261 = CARTESIAN_POINT ( 'NONE',  ( 21.20526087282532046, 16.89662140741241103, 23.38233747225948633 ) ) ;
#1262 = CARTESIAN_POINT ( 'NONE',  ( 27.70512542446541815, 6.614744339014646535, 10.48547189264847646 ) ) ;
#1264 = CARTESIAN_POINT ( 'NONE',  ( 6.764130979517855913, 22.08749017713182994, 15.80610666291626032 ) ) ;
#1263 = CARTESIAN_POINT ( 'NONE',  ( -27.74991686037992267, 5.525862418682247146, 16.55971313605587270 ) ) ;
#1265 = CARTESIAN_POINT ( 'NONE',  ( 22.45381208851235399, 6.804849926180366104, 9.654240822396500832 ) ) ;
#1266 = CARTESIAN_POINT ( 'NONE',  ( 23.06836360483624659, 1.261255301421801756, 20.56803115376089863 ) ) ;
#1267 = CARTESIAN_POINT ( 'NONE',  ( -9.329752893422829985, 21.74819796329077448, 16.88254766070680191 ) ) ;
#1268 = CARTESIAN_POINT ( 'NONE',  ( 19.40615830255935137, 18.07280660709626119, 7.212129027726047248 ) ) ;
#1269 = CARTESIAN_POINT ( 'NONE',  ( 8.541185789024300590, 21.46464507599484506, 19.99648538877231729 ) ) ;
#1270 = CARTESIAN_POINT ( 'NONE',  ( -19.57229832337709752, 17.96632273529574420, 7.155981545399397348 ) ) ;
#1271 =( NAMED_UNIT ( * ) SI_UNIT ( $, .STERADIAN. ) SOLID_ANGLE_UNIT ( ) );
#1272 = CARTESIAN_POINT ( 'NONE',  ( -27.67020252811824932, 6.950009784128195811, 9.958439370690193471 ) ) ;
#1273 = CARTESIAN_POINT ( 'NONE',  ( 17.33449659710977997, 19.16915082544149485, 8.053078671298811386 ) ) ;
#1274 = EDGE_CURVE ( 'NONE', #746, #119, #158, .T. ) ;
#1275 = CARTESIAN_POINT ( 'NONE',  ( -7.631391709458444694, 21.82266378014946184, 15.42718288285263739 ) ) ;
#1276 = CARTESIAN_POINT ( 'NONE',  ( -22.67002239956260468, 4.477927469543024230, 4.220367290575156360 ) ) ;
#1277 = CARTESIAN_POINT ( 'NONE',  ( 20.42720548003331160, 10.80274528124376410, 23.62854409904993247 ) ) ;
#1278 = CARTESIAN_POINT ( 'NONE',  ( -20.00325131577582027, 11.56103833306052664, 1.092228413585512703 ) ) ;
#1279 = CARTESIAN_POINT ( 'NONE',  ( -17.92258518806264789, 14.58042845744304117, 28.37057017967741146 ) ) ;
#1280 = CARTESIAN_POINT ( 'NONE',  ( -22.71849061746785381, 6.088660747230006720, 10.80469741675202577 ) ) ;
#1281 =( BOUNDED_SURFACE ( )  B_SPLINE_SURFACE ( 3, 2, ( 
 ( #401, #1423, #1408 ),
 ( #1292, #922, #1305 ),
 ( #1284, #274, #243 ),
 ( #385, #133, #906 ),
 ( #1416, #251, #647 ),
 ( #912, #1160, #655 ),
 ( #784, #1166, #1042 ),
 ( #1180, #14, #209 ),
 ( #1112, #988, #1625 ),
 ( #1498, #1375, #469 ),
 ( #879, #1265, #342 ),
 ( #750, #619, #358 ),
 ( #1388, #223, #96 ),
 ( #1253, #1000, #736 ),
 ( #83, #865, #606 ),
 ( #481, #1637, #1124 ),
 ( #1514, #1539, #772 ),
 ( #643, #382, #902 ),
 ( #1033, #257, #781 ),
 ( #1298, #126, #1413 ),
 ( #652, #1681, #523 ),
 ( #509, #1026, #248 ),
 ( #1340, #163, #1207 ),
 ( #1085, #38, #1589 ),
 ( #306, #953, #429 ),
 ( #828, #437, #1607 ),
 ( #1096, #1244, #1233 ),
 ( #449, #1540, #1018 ),
 ( #516, #383, #1144 ),
 ( #1533, #105, #375 ),
 ( #1290, #1414, #1034 ),
 ( #249, #118, #1546 ),
 ( #390, #1027, #773 ),
 ( #644, #1159, #636 ),
 ( #1273, #896, #1674 ),
 ( #241, #911, #903 ),
 ( #1422, #499, #127 ),
 ( #1165, #258, #1406 ),
 ( #1657, #767, #782 ),
 ( #1299, #653, #1682 ),
 ( #524, #1040, #1553 ),
 ( #233, #759, #1282 ),
 ( #628, #112, #1152 ),
 ( #1665, #510, #876 ),
 ( #1010, #965, #573 ),
 ( #355, #1495, #366 ),
 ( #1226, #1648, #339 ),
 ( #1216, #1350, #593 ),
 ( #721, #1121, #1109 ),
 ( #1134, #1612, #48 ) ),
 .UNSPECIFIED., .F., .F., .F. ) 
 B_SPLINE_SURFACE_WITH_KNOTS ( ( 4, 2, 2, 2, 2, 2, 2, 2, 2, 2, 2, 2, 2, 2, 2, 2, 2, 2, 2, 2, 2, 2, 2, 2, 4 ),
 ( 3, 3 ),
 ( 0.04921826635786993864, 0.05229440800523682542, 0.05537054965260370526, 0.05690862047628714171, 0.05844669129997058510, 0.05998476212365402849, 0.06152283294733747188, 0.06459897459470434478, 0.06613704541838778816, 0.06767511624207123155, 0.06921318706575467494, 0.07075125788943811833, 0.07228932871312156172, 0.07382739953680500511, 0.07690354118417189189, 0.07997968283153876479, 0.08305582447890563769, 0.08459389530258908108, 0.08613196612627252446, 0.08920810777363941124, 0.09228424942100629802, 0.09382232024468974141, 0.09536039106837318480, 0.09689846189205661431, 0.09843653271574005770 ),
 ( 0.000000000000000000, 1.000000000000000000 ),
 .UNSPECIFIED. ) 
 GEOMETRIC_REPRESENTATION_ITEM ( )  RATIONAL_B_SPLINE_SURFACE ( (
 ( 1.000000000000000000, 0.7258565115039604665, 1.000000000000000000),
 ( 1.000000000000000000, 0.7269506747656768741, 1.000000000000000000),
 ( 1.000000000000000000, 0.7264130264296758677, 1.000000000000000000),
 ( 1.000000000000000000, 0.7224417650415232428, 1.000000000000000000),
 ( 1.000000000000000000, 0.7190130562841607897, 1.000000000000000000),
 ( 1.000000000000000000, 0.7122473034715860463, 1.000000000000000000),
 ( 1.000000000000000000, 0.7097518927727288762, 1.000000000000000000),
 ( 1.000000000000000000, 0.7045039954400195148, 1.000000000000000000),
 ( 1.000000000000000000, 0.7017442687457162709, 1.000000000000000000),
 ( 1.000000000000000000, 0.6961535043989890426, 1.000000000000000000),
 ( 1.000000000000000000, 0.6933219032884827548, 1.000000000000000000),
 ( 1.000000000000000000, 0.6878216616019032781, 1.000000000000000000),
 ( 1.000000000000000000, 0.6851831674124967408, 1.000000000000000000),
 ( 1.000000000000000000, 0.6780825435913342414, 1.000000000000000000),
 ( 1.000000000000000000, 0.6743794365232087529, 1.000000000000000000),
 ( 1.000000000000000000, 0.6718685994607013212, 1.000000000000000000),
 ( 1.000000000000000000, 0.6715559185631290173, 1.000000000000000000),
 ( 1.000000000000000000, 0.6721273674171397428, 1.000000000000000000),
 ( 1.000000000000000000, 0.6730064132098175778, 1.000000000000000000),
 ( 1.000000000000000000, 0.6760318115120044213, 1.000000000000000000),
 ( 1.000000000000000000, 0.6781780936888739397, 1.000000000000000000),
 ( 1.000000000000000000, 0.6837856582071868417, 1.000000000000000000),
 ( 1.000000000000000000, 0.6872057314788947435, 1.000000000000000000),
 ( 1.000000000000000000, 0.6951279606815520262, 1.000000000000000000),
 ( 1.000000000000000000, 0.6996351563565507137, 1.000000000000000000),
 ( 1.000000000000000000, 0.7096135846968413263, 1.000000000000000000),
 ( 1.000000000000000000, 0.7151007959557049709, 1.000000000000000000),
 ( 1.000000000000000000, 0.7327033596981571417, 1.000000000000000000),
 ( 1.000000000000000000, 0.7457245234138685230, 1.000000000000000000),
 ( 1.000000000000000000, 0.7730663617968690504, 1.000000000000000000),
 ( 1.000000000000000000, 0.7874721179323012077, 1.000000000000000000),
 ( 1.000000000000000000, 0.8157870144861041339, 1.000000000000000000),
 ( 1.000000000000000000, 0.8297955922832623843, 1.000000000000000000),
 ( 1.000000000000000000, 0.8501681584760002464, 1.000000000000000000),
 ( 1.000000000000000000, 0.8568542454014734799, 1.000000000000000000),
 ( 1.000000000000000000, 0.8699647346977305018, 1.000000000000000000),
 ( 1.000000000000000000, 0.8764081241497917452, 1.000000000000000000),
 ( 1.000000000000000000, 0.8951228118355734065, 1.000000000000000000),
 ( 1.000000000000000000, 0.9067581847392361949, 1.000000000000000000),
 ( 1.000000000000000000, 0.9281914774204732543, 1.000000000000000000),
 ( 1.000000000000000000, 0.9379948914824217665, 1.000000000000000000),
 ( 1.000000000000000000, 0.9511537302071084721, 1.000000000000000000),
 ( 1.000000000000000000, 0.9552936484496411529, 1.000000000000000000),
 ( 1.000000000000000000, 0.9628980236802379133, 1.000000000000000000),
 ( 1.000000000000000000, 0.9663728339552104529, 1.000000000000000000),
 ( 1.000000000000000000, 0.9725723349952952734, 1.000000000000000000),
 ( 1.000000000000000000, 0.9752852233622897327, 1.000000000000000000),
 ( 1.000000000000000000, 0.9796448357652270955, 1.000000000000000000),
 ( 1.000000000000000000, 0.9813124267351972518, 1.000000000000000000),
 ( 1.000000000000000000, 0.9823221314667422988, 1.000000000000000000) ) ) 
 REPRESENTATION_ITEM ( '' )  SURFACE ( )  );
#1282 = CARTESIAN_POINT ( 'NONE',  ( 9.102399179471717616, 21.23321372719416544, 9.224032273388182546 ) ) ;
#1283 = ORIENTED_EDGE ( 'NONE', *, *, #886, .F. ) ;
#1284 = CARTESIAN_POINT ( 'NONE',  ( 27.74867025103915097, 5.392603672674464832, 14.35621813902479005 ) ) ;
#1285 = CARTESIAN_POINT ( 'NONE',  ( -10.56808591695335053, 21.48779489475459670, 18.08195160029434234 ) ) ;
#1286 = CARTESIAN_POINT ( 'NONE',  ( -23.09045222364746408, 0.6793597814931464640, 11.48232231789079272 ) ) ;
#1287 = EDGE_CURVE ( 'NONE', #47, #297, #1170, .T. ) ;
#1288 = CARTESIAN_POINT ( 'NONE',  ( 20.18957629783908558, 11.23668402240247133, 23.80689725806357870 ) ) ;
#1289 = CARTESIAN_POINT ( 'NONE',  ( -23.28627188619019961, 15.15727544459443266, 6.170232976852337181 ) ) ;
#1290 = CARTESIAN_POINT ( 'NONE',  ( 20.71421975714712360, 17.24407695010514630, 6.764067193329721839 ) ) ;
#1291 = ORIENTED_EDGE ( 'NONE', *, *, #651, .F. ) ;
#1292 = CARTESIAN_POINT ( 'NONE',  ( 27.74796972548735141, 5.368728900394892811, 15.02328373801129757 ) ) ;
#1293 = CARTESIAN_POINT ( 'NONE',  ( -8.327364598533590012, 21.56985678981718735, 17.38449138601766109 ) ) ;
#1294 = CARTESIAN_POINT ( 'NONE',  ( 16.38249184209175269, 19.60861463473570154, 8.480576800037368912 ) ) ;
#1295 = CARTESIAN_POINT ( 'NONE',  ( 21.63386672403982658, 8.562668168863623919, 22.19848507473368926 ) ) ;
#1296 = CARTESIAN_POINT ( 'NONE',  ( -24.08360612453552108, 14.34492607361503147, 6.099844451665968670 ) ) ;
#1297 = COLOUR_RGB ( '',0.7921568627450980005, 0.8196078431372548767, 0.9333333333333333481 ) ;
#1298 = CARTESIAN_POINT ( 'NONE',  ( 26.08751178134169990, 11.63416785320515245, 6.469864710361071580 ) ) ;
#1299 = CARTESIAN_POINT ( 'NONE',  ( 13.08818045677133668, 20.82129677120999744, 10.20437974275149706 ) ) ;
#1300 = VERTEX_POINT ( 'NONE', #831 ) ;
#1301 = CARTESIAN_POINT ( 'NONE',  ( -17.00325440592044757, 15.65754096836533016, 27.91260722960882035 ) ) ;
#1302 = DIRECTION ( 'NONE',  ( -0.9975640502598243087, -0.06975647374412496937, 0.000000000000000000 ) ) ;
#1303 = CARTESIAN_POINT ( 'NONE',  ( 27.74869747898254602, 5.419679637660132165, 15.68298980522210506 ) ) ;
#1304 = ADVANCED_FACE ( 'NONE', ( #425 ), #1529, .F. ) ;
#1305 = CARTESIAN_POINT ( 'NONE',  ( 23.09812027470676199, 0.3018308836484314139, 15.03638155187086944 ) ) ;
#1306 = CARTESIAN_POINT ( 'NONE',  ( -11.22268286803755721, 20.20117585067930932, 23.24387216540171863 ) ) ;
#1307 = CARTESIAN_POINT ( 'NONE',  ( -14.47450049212932655, 18.01881550883987870, 3.816899464352390581 ) ) ;
#1308 = CARTESIAN_POINT ( 'NONE',  ( -22.68889001647341530, 4.349705884728359173, 25.61218863842498550 ) ) ;
#1309 = CARTESIAN_POINT ( 'NONE',  ( -21.39039475975192772, 9.021396262987661174, 22.55788409585911225 ) ) ;
#1310 = VECTOR ( 'NONE', #295, 1000.000000000000000 ) ;
#1311 = VERTEX_POINT ( 'NONE', #41 ) ;
#1312 = CARTESIAN_POINT ( 'NONE',  ( -17.81940974709223013, 14.76311048610265964, 24.15320124516936673 ) ) ;
#1313 = DIRECTION ( 'NONE',  ( 0.06975647374412559387, -0.9975640502598241977, 0.000000000000000000 ) ) ;
#1314 = EDGE_LOOP ( 'NONE', ( #1047, #142 ) ) ;
#1315 = CARTESIAN_POINT ( 'NONE',  ( 27.74832834375898116, 5.395538090810112486, 15.22791725310386290 ) ) ;
#1316 = CARTESIAN_POINT ( 'NONE',  ( -23.08797287315024604, 0.7663893911590080599, 18.92708256490488949 ) ) ;
#1317 = CARTESIAN_POINT ( 'NONE',  ( 27.35238407598730959, 8.638907537415182247, 21.91988572366852139 ) ) ;
#1319 = CARTESIAN_POINT ( 'NONE',  ( -73.33535670428298658, 26.42456592033316909, 15.00000000000000000 ) ) ;
#1318 = CARTESIAN_POINT ( 'NONE',  ( -20.17011701179607641, 17.60447017485527255, 23.05900632001688066 ) ) ;
#1320 = CARTESIAN_POINT ( 'NONE',  ( -27.74750375400838109, 5.969693448045934048, 18.22461940245998946 ) ) ;
#1321 = ADVANCED_FACE ( 'NONE', ( #565, #453 ), #432, .T. ) ;
#1322 = EDGE_LOOP ( 'NONE', ( #783, #1183, #1596, #57 ) ) ;
#1323 = CARTESIAN_POINT ( 'NONE',  ( -20.10000000000000142, 0.000000000000000000, 30.00000000000000000 ) ) ;
#1325 = CARTESIAN_POINT ( 'NONE',  ( 8.917700162192254254, 21.31130210746642462, 9.472535426278636095 ) ) ;
#1324 = CARTESIAN_POINT ( 'NONE',  ( -24.50437782103933770, 13.86962518474115313, 23.90241308051520619 ) ) ;
#1326 = PRODUCT_RELATED_PRODUCT_CATEGORY ( 'part', '', ( #1673 ) ) ;
#1327 = VERTEX_POINT ( 'NONE', #174 ) ;
#1328 = CARTESIAN_POINT ( 'NONE',  ( -23.05531961650364892, 1.444332980615020245, 20.99758256843182025 ) ) ;
#1329 = CARTESIAN_POINT ( 'NONE',  ( -21.84656752792598411, 8.154720542849537068, 21.85623341576241430 ) ) ;
#1331 = CARTESIAN_POINT ( 'NONE',  ( 9.729438609742711463, 20.95938737494761028, 8.410576236988243082 ) ) ;
#1330 = CARTESIAN_POINT ( 'NONE',  ( 0.000000000000000000, 0.000000000000000000, 0.000000000000000000 ) ) ;
#1332 = ORIENTED_EDGE ( 'NONE', *, *, #397, .T. ) ;
#1333 = CARTESIAN_POINT ( 'NONE',  ( 22.37482600995917892, 6.999093764113490934, 20.60280193834915607 ) ) ;
#1334 = CARTESIAN_POINT ( 'NONE',  ( -22.52975228234971894, 6.610437337345131503, 20.06848799594225241 ) ) ;
#1335 = CARTESIAN_POINT ( 'NONE',  ( -23.02827776883470534, 5.067286645166382719, 14.56991564561992902 ) ) ;
#1337 = CARTESIAN_POINT ( 'NONE',  ( 19.37417816251047498, 12.58829333002620743, 1.150760749452828247 ) ) ;
#1336 = PLANE ( 'NONE',  #9 ) ;
#1338 = VERTEX_POINT ( 'NONE', #1089 ) ;
#1339 = CYLINDRICAL_SURFACE ( 'NONE', #1640, 23.09999999999999787 ) ;
#1340 = CARTESIAN_POINT ( 'NONE',  ( 25.33739389004479037, 12.80222970419680273, 6.196383235081778018 ) ) ;
#1341 = CARTESIAN_POINT ( 'NONE',  ( -27.74996118903400344, 5.452394868019312391, 16.21818789925368165 ) ) ;
#1343 = LINE ( 'NONE', #1319, #32 ) ;
#1342 = DIRECTION ( 'NONE',  ( 0.000000000000000000, 0.000000000000000000, 1.000000000000000000 ) ) ;
#1344 = CARTESIAN_POINT ( 'NONE',  ( 17.48577987325900196, 15.15056855230601940, 24.07024937000248599 ) ) ;
#1345 = CARTESIAN_POINT ( 'NONE',  ( 7.590865734314030888, 21.83667711181965743, 14.97895262106045244 ) ) ;
#1346 = VERTEX_POINT ( 'NONE', #1474 ) ;
#1347 = CARTESIAN_POINT ( 'NONE',  ( 21.98950112706490145, 7.863068923741518113, 21.57785984192864603 ) ) ;
#1348 = CARTESIAN_POINT ( 'NONE',  ( -27.74835383056021954, 5.397123754893859982, 14.58224286308857387 ) ) ;
#1349 = ORIENTED_EDGE ( 'NONE', *, *, #841, .T. ) ;
#1350 = CARTESIAN_POINT ( 'NONE',  ( 7.948226559484858456, 21.71145543416985646, 13.34369103282983282 ) ) ;
#1352 = CARTESIAN_POINT ( 'NONE',  ( 22.18712170995226529, 6.442130163821704336, 27.34494010015234977 ) ) ;
#1351 = CARTESIAN_POINT ( 'NONE',  ( -27.74829136005345021, 5.393341989105842949, 15.31476323567044417 ) ) ;
#1353 = CARTESIAN_POINT ( 'NONE',  ( -27.37417965964241873, 8.519695298805965322, 8.202151501870025285 ) ) ;
#1354 = CARTESIAN_POINT ( 'NONE',  ( 11.69201482363720856, 21.21213013344141274, 18.90776939199971807 ) ) ;
#1355 = CARTESIAN_POINT ( 'NONE',  ( -9.701368622180387646, 21.67522337466392202, 12.69617501725424624 ) ) ;
#1356 = CARTESIAN_POINT ( 'NONE',  ( 23.09604840705914341, 0.4321853559800100664, 17.09386658045466589 ) ) ;
#1357 = CARTESIAN_POINT ( 'NONE',  ( -27.75009358025735651, 5.557457841363640405, 13.27005616675482358 ) ) ;
#1358 = CARTESIAN_POINT ( 'NONE',  ( 25.29211711509131533, 12.86574338236145287, 23.81394132229306848 ) ) ;
#1359 = ORIENTED_EDGE ( 'NONE', *, *, #185, .F. ) ;
#1360 = DIRECTION ( 'NONE',  ( -0.06975647374412546897, 0.9975640502598241977, 0.000000000000000000 ) ) ;
#1362 = CARTESIAN_POINT ( 'NONE',  ( 7.605562200607465684, 21.81292582541636449, 18.41874562762883016 ) ) ;
#1361 = CARTESIAN_POINT ( 'NONE',  ( 23.09708276204598576, 0.3671074545668673861, 16.06669194300748771 ) ) ;
#1363 = B_SPLINE_CURVE_WITH_KNOTS ( 'NONE', 3,
 ( #980, #1528, #1024, #612, #506, #381, #1505, #102, #993, #350, #496, #1007, #885, #1394, #634, #1130, #729, #625, #229, #1141, #1644, #1655, #1014, #371, #893, #239, #1662, #765, #487, #1520, #1279, #110, #1243, #872, #1631, #75, #1149, #599, #1381, #90, #216, #364, #742, #1259, #1438, #919, #1580, #270, #1308, #1045, #792, #136, #814, #679, #1328, #278, #1190, #663 ),
 .UNSPECIFIED., .F., .F.,
 ( 4, 2, 2, 2, 2, 2, 2, 2, 2, 2, 2, 2, 2, 2, 2, 2, 2, 2, 2, 2, 2, 2, 2, 2, 2, 2, 2, 2, 4 ),
 ( 0.04156906999577549000, 0.04295566012649258691, 0.04434225025720967689, 0.04572884038792677380, 0.04711543051864386378, 0.04850202064936096069, 0.04988861078007805760, 0.05127520091079514758, 0.05266179104151224449, 0.05543497130294643832, 0.05682156143366354217, 0.05820815156438064603, 0.06098133182581485373, 0.06236792195653195758, 0.06375451208724905450, 0.06514110221796616529, 0.06652769234868327608, 0.06791428247940037299, 0.06860757754475892145, 0.06930087261011746991, 0.07207405287155170537, 0.07346064300226881616, 0.07484723313298594083, 0.07623382326370306550, 0.07762041339442019017, 0.08039359365585441175, 0.08178018378657153642, 0.08316677391728866109, 0.08593995417872292431 ),
 .UNSPECIFIED. ) ;
#1364 = CARTESIAN_POINT ( 'NONE',  ( -27.73376164851141823, 6.216119778045398725, 11.24798236528412687 ) ) ;
#1365 =( GEOMETRIC_REPRESENTATION_CONTEXT ( 3 ) GLOBAL_UNCERTAINTY_ASSIGNED_CONTEXT ( ( #1508 ) ) GLOBAL_UNIT_ASSIGNED_CONTEXT ( ( #847, #422, #1271 ) ) REPRESENTATION_CONTEXT ( 'NONE', 'WORKASPACE' ) );
#1366 = CARTESIAN_POINT ( 'NONE',  ( 13.75360183195962804, 20.60954239327832482, 20.17724606631055195 ) ) ;
#1367 = ORIENTED_EDGE ( 'NONE', *, *, #694, .F. ) ;
#1368 = CARTESIAN_POINT ( 'NONE',  ( 22.93512417315022489, 2.766164014856927533, 23.59762750656247832 ) ) ;
#1369 = B_SPLINE_CURVE_WITH_KNOTS ( 'NONE', 3,
 ( #1056, #931, #1320, #1551, #1425, #261, #657, #1168, #301, #40, #1209, #67, #1610, #591, #699, #450, #564, #46, #1234, #180, #192, #686, #56, #1078, #1598, #1086, #963, #1458, #1583, #335, #718, #1106, #1215, #316, #1591, #947, #954, #431, #707, #439, #859, #972, #1224, #1472, #1466, #424, #309, #1492 ),
 .UNSPECIFIED., .F., .F.,
 ( 4, 2, 2, 2, 2, 2, 2, 2, 2, 2, 2, 2, 2, 2, 2, 2, 2, 2, 2, 2, 2, 2, 2, 4 ),
 ( 0.001877976179521288628, 0.003995868273106216104, 0.005054814319898680817, 0.006113760366691144664, 0.007172706413483609378, 0.008231652460276074959, 0.01034954455386100265, 0.01140849060065346476, 0.01246743664744592688, 0.01352638269423838725, 0.01458532874103084936, 0.01670322083461578053, 0.01882111292820070475, 0.02305689711537056361, 0.02517478920895548436, 0.02729268130254041205, 0.02941057339612534322, 0.03046951944291780706, 0.03152846548971027091, 0.03258741153650272782, 0.03364635758329519860, 0.03470530363008766245, 0.03523477665348389437, 0.03576424967688011936 ),
 .UNSPECIFIED. ) ;
#1370 = CARTESIAN_POINT ( 'NONE',  ( -27.74818905594407070, 5.387147389364898231, 15.56563150887902403 ) ) ;
#1371 = CARTESIAN_POINT ( 'NONE',  ( 9.893039603606641919, 21.63547722399095363, 17.49056045159590411 ) ) ;
#1372 = CARTESIAN_POINT ( 'NONE',  ( 27.74829136005345731, 5.393341989106791523, 14.63325128086319360 ) ) ;
#1374 = CARTESIAN_POINT ( 'NONE',  ( 18.96356072084967437, 13.19861691708004692, 28.75475552613809782 ) ) ;
#1373 = LINE ( 'NONE', #986, #500 ) ;
#1375 = CARTESIAN_POINT ( 'NONE',  ( 22.51800541411427403, 6.640754706228472415, 9.886041829869389730 ) ) ;
#1376 = CARTESIAN_POINT ( 'NONE',  ( 0.000000000000000000, 0.000000000000000000, 30.00000000000000000 ) ) ;
#1377 = CARTESIAN_POINT ( 'NONE',  ( -8.584427282360506339, 21.88477768273420665, 14.51067935677863474 ) ) ;
#1378 = CARTESIAN_POINT ( 'NONE',  ( 17.60381085689977354, 19.04460035738432211, 7.932297301147358759 ) ) ;
#1379 = CARTESIAN_POINT ( 'NONE',  ( 13.05138827507477828, 20.83161888498300840, 19.77646888775400669 ) ) ;
#1380 = CARTESIAN_POINT ( 'NONE',  ( 8.026749346386319317, 21.68211977663016654, 16.80990178946388625 ) ) ;
#1381 = CARTESIAN_POINT ( 'NONE',  ( -20.30393419446270542, 11.01875476706679180, 28.88490374255806614 ) ) ;
#1382 =( BOUNDED_SURFACE ( )  B_SPLINE_SURFACE ( 3, 2, ( 
 ( #830, #461, #1480 ),
 ( #838, #326, #1341 ),
 ( #982, #582, #1370 ),
 ( #823, #1335, #1348 ),
 ( #1200, #31, #172 ),
 ( #557, #1073, #1097 ),
 ( #849, #165, #1357 ),
 ( #693, #365, #1025 ),
 ( #488, #1119, #887 ),
 ( #894, #1280, #111 ),
 ( #76, #1260, #240 ),
 ( #756, #766, #1272 ),
 ( #218, #1507, #498 ),
 ( #744, #613, #231 ),
 ( #1015, #1521, #372 ),
 ( #1396, #1656, #91 ),
 ( #1645, #1632, #635 ),
 ( #1538, #103, #626 ),
 ( #1247, #1151, #351 ),
 ( #1664, #508, #202 ),
 ( #873, #1142, #474 ),
 ( #1531, #1404, #1131 ),
 ( #1383, #1008, #730 ),
 ( #600, #995, #109 ),
 ( #1031, #642, #1402 ),
 ( #389, #1527, #1039 ),
 ( #901, #256, #101 ),
 ( #1278, #1140, #779 ),
 ( #910, #370, #1296 ),
 ( #515, #1552, #495 ),
 ( #522, #1420, #1289 ),
 ( #892, #123, #238 ),
 ( #505, #116, #1163 ),
 ( #1023, #764, #633 ),
 ( #1148, #650, #1680 ),
 ( #1537, #394, #1661 ),
 ( #915, #1156, #1270 ),
 ( #380, #1412, #247 ),
 ( #624, #1654, #771 ),
 ( #1013, #1670, #1545 ),
 ( #741, #611, #64 ),
 ( #74, #458, #228 ),
 ( #589, #1470, #979 ),
 ( #214, #1129, #1643 ),
 ( #434, #323, #1258 ),
 ( #313, #43, #704 ),
 ( #1489, #486, #1006 ),
 ( #568, #1082, #1355 ),
 ( #1519, #1595, #363 ),
 ( #884, #1393, #333 ) ),
 .UNSPECIFIED., .F., .F., .F. ) 
 B_SPLINE_SURFACE_WITH_KNOTS ( ( 4, 2, 2, 2, 2, 2, 2, 2, 2, 2, 2, 2, 2, 2, 2, 2, 2, 2, 2, 2, 2, 2, 2, 2, 4 ),
 ( 3, 3 ),
 ( 0.000000000000000000, 0.003067523466842787903, 0.004601285200264182071, 0.006135046933685575805, 0.009202570400528364142, 0.01073633213394975874, 0.01227009386737115161, 0.01380385560079254448, 0.01533761733421393908, 0.01840514080105672828, 0.01993890253447812289, 0.02147266426789951749, 0.02300642600132091209, 0.02454018773474230322, 0.02607394946816369435, 0.02760771120158508896, 0.03067523466842787816, 0.03220899640184927276, 0.03374275813527066736, 0.03681028160211345657, 0.03987780506895624577, 0.04294532853579903497, 0.04601285200264182418, 0.04754661373606321184, 0.04908037546948460644 ),
 ( 0.000000000000000000, 1.000000000000000000 ),
 .UNSPECIFIED. ) 
 GEOMETRIC_REPRESENTATION_ITEM ( )  RATIONAL_B_SPLINE_SURFACE ( (
 ( 1.000000000000000000, 0.7222722267984305056, 1.000000000000000000),
 ( 1.000000000000000000, 0.7251377874706966820, 1.000000000000000000),
 ( 1.000000000000000000, 0.7265447121652161000, 1.000000000000000000),
 ( 1.000000000000000000, 0.7263333059597676389, 1.000000000000000000),
 ( 1.000000000000000000, 0.7258768823501250411, 1.000000000000000000),
 ( 1.000000000000000000, 0.7241901890129697206, 1.000000000000000000),
 ( 1.000000000000000000, 0.7229728387692845315, 1.000000000000000000),
 ( 1.000000000000000000, 0.7183561079201475907, 1.000000000000000000),
 ( 1.000000000000000000, 0.7139733539385925143, 1.000000000000000000),
 ( 1.000000000000000000, 0.7061989347053616584, 1.000000000000000000),
 ( 1.000000000000000000, 0.7034462974066734153, 1.000000000000000000),
 ( 1.000000000000000000, 0.6978673283674280414, 1.000000000000000000),
 ( 1.000000000000000000, 0.6950337474763508272, 1.000000000000000000),
 ( 1.000000000000000000, 0.6895052331631126297, 1.000000000000000000),
 ( 1.000000000000000000, 0.6868097815738413159, 1.000000000000000000),
 ( 1.000000000000000000, 0.6818186173658208338, 1.000000000000000000),
 ( 1.000000000000000000, 0.6795556908893621850, 1.000000000000000000),
 ( 1.000000000000000000, 0.6739114805296234634, 1.000000000000000000),
 ( 1.000000000000000000, 0.6716346748116682752, 1.000000000000000000),
 ( 1.000000000000000000, 0.6717942564136315520, 1.000000000000000000),
 ( 1.000000000000000000, 0.6724485657314667186, 1.000000000000000000),
 ( 1.000000000000000000, 0.6750113623684099728, 1.000000000000000000),
 ( 1.000000000000000000, 0.6769196126923856527, 1.000000000000000000),
 ( 1.000000000000000000, 0.6820048712009268987, 1.000000000000000000),
 ( 1.000000000000000000, 0.6851871027406053472, 1.000000000000000000),
 ( 1.000000000000000000, 0.6927809332132828235, 1.000000000000000000),
 ( 1.000000000000000000, 0.6971313239144868446, 1.000000000000000000),
 ( 1.000000000000000000, 0.7067848473844690060, 1.000000000000000000),
 ( 1.000000000000000000, 0.7120878310483023110, 1.000000000000000000),
 ( 1.000000000000000000, 0.7234948631289566112, 1.000000000000000000),
 ( 1.000000000000000000, 0.7296249210580322275, 1.000000000000000000),
 ( 1.000000000000000000, 0.7488136012827705246, 1.000000000000000000),
 ( 1.000000000000000000, 0.7624970066844980465, 1.000000000000000000),
 ( 1.000000000000000000, 0.7834950319218443315, 1.000000000000000000),
 ( 1.000000000000000000, 0.7905768687922245519, 1.000000000000000000),
 ( 1.000000000000000000, 0.8047973276504907236, 1.000000000000000000),
 ( 1.000000000000000000, 0.8119609378726622140, 1.000000000000000000),
 ( 1.000000000000000000, 0.8332144993707674141, 1.000000000000000000),
 ( 1.000000000000000000, 0.8469744748386890398, 1.000000000000000000),
 ( 1.000000000000000000, 0.8732712306327393703, 1.000000000000000000),
 ( 1.000000000000000000, 0.8858121644139099748, 1.000000000000000000),
 ( 1.000000000000000000, 0.9093966782014671901, 1.000000000000000000),
 ( 1.000000000000000000, 0.9204800758195348376, 1.000000000000000000),
 ( 1.000000000000000000, 0.9404776743969300856, 1.000000000000000000),
 ( 1.000000000000000000, 0.9494575639566238401, 1.000000000000000000),
 ( 1.000000000000000000, 0.9611738252061650112, 1.000000000000000000),
 ( 1.000000000000000000, 0.9647863644592126198, 1.000000000000000000),
 ( 1.000000000000000000, 0.9712186759029747263, 1.000000000000000000),
 ( 1.000000000000000000, 0.9740546796422693276, 1.000000000000000000),
 ( 1.000000000000000000, 0.9764286425425875438, 1.000000000000000000) ) ) 
 REPRESENTATION_ITEM ( '' )  SURFACE ( )  );
#1383 = CARTESIAN_POINT ( 'NONE',  ( -21.46301016216744983, 8.550878723790283686, 1.617663472943143610 ) ) ;
#1384 = FACE_OUTER_BOUND ( 'NONE', #775, .T. ) ;
#1385 = CARTESIAN_POINT ( 'NONE',  ( 0.000000000000000000, 0.000000000000000000, 30.00000000000000000 ) ) ;
#1387 = CARTESIAN_POINT ( 'NONE',  ( 21.35907776997671803, 8.809230823838623436, 28.47101027949884511 ) ) ;
#1386 = DIRECTION ( 'NONE',  ( -0.8965663790936385658, 0.000000000000000000, 0.4429093901453456383 ) ) ;
#1388 = CARTESIAN_POINT ( 'NONE',  ( 27.51725863869391020, 7.902926171357063545, 8.786560558763568451 ) ) ;
#1389 = DIRECTION ( 'NONE',  ( -0.06975647374412548285, -0.9975640502598241977, 0.000000000000000000 ) ) ;
#1390 = CARTESIAN_POINT ( 'NONE',  ( -8.907785990913964724, 21.34076166572501876, 18.24756555155400051 ) ) ;
#1391 = CARTESIAN_POINT ( 'NONE',  ( -23.08448116196771593, 0.8966658148799466765, 10.58886350930568909 ) ) ;
#1392 = CARTESIAN_POINT ( 'NONE',  ( 14.62584985865393783, 17.89624536346408590, 26.30050813251302344 ) ) ;
#1393 = CARTESIAN_POINT ( 'NONE',  ( -8.223802797561820199, 21.60879778371469939, 12.80475830892334521 ) ) ;
#1394 = CARTESIAN_POINT ( 'NONE',  ( -8.821066222319799977, 21.35116278944574830, 20.39540564589261962 ) ) ;
#1395 = AXIS2_PLACEMENT_3D ( 'NONE', #81, #863, #196 ) ;
#1396 = CARTESIAN_POINT ( 'NONE',  ( -22.75810344371279825, 3.971112844908632589, 4.799747939488416826 ) ) ;
#1397 = CARTESIAN_POINT ( 'NONE',  ( 13.97018042149607986, 20.53479661717085847, 20.29497489978673030 ) ) ;
#1398 = CARTESIAN_POINT ( 'NONE',  ( 26.05509926560426592, 11.69133823767411862, 6.451918353865783828 ) ) ;
#1399 = CARTESIAN_POINT ( 'NONE',  ( -8.628509164067128978, 21.87714631647997265, 14.34587139346115414 ) ) ;
#1400 = CARTESIAN_POINT ( 'NONE',  ( 19.99791383016642499, 17.71239258451265997, 7.000630025618595376 ) ) ;
#1401 = CARTESIAN_POINT ( 'NONE',  ( 18.94600065316287996, 13.22255343519623061, 28.74875797599776206 ) ) ;
#1402 = CARTESIAN_POINT ( 'NONE',  ( -25.45498182229347961, 12.63485266686764952, 6.224669618519758529 ) ) ;
#1403 = CIRCLE ( 'NONE', #194, 20.30000000000002913 ) ;
#1404 = CARTESIAN_POINT ( 'NONE',  ( -21.03687659211048455, 9.677534107860752854, 6.986281208530864539 ) ) ;
#1405 = CARTESIAN_POINT ( 'NONE',  ( 27.74869747898254602, 5.419679637660132165, 15.68298980522210506 ) ) ;
#1406 = CARTESIAN_POINT ( 'NONE',  ( 12.28439122666232386, 19.57604169117409398, 5.710941021256283001 ) ) ;
#1407 = ADVANCED_FACE ( 'NONE', ( #701 ), #49, .T. ) ;
#1408 = CARTESIAN_POINT ( 'NONE',  ( 23.09708276204597865, 0.3671074545668697731, 16.06669194300748416 ) ) ;
#1409 = CARTESIAN_POINT ( 'NONE',  ( -9.214421946886927728, 21.77014372170821943, 13.26760718776087167 ) ) ;
#1410 = CARTESIAN_POINT ( 'NONE',  ( -18.56249560428039658, 13.75656271530008290, 1.371627864570646782 ) ) ;
#1411 = CARTESIAN_POINT ( 'NONE',  ( 18.70466022381582860, 13.56155600262344585, 28.67552164941041681 ) ) ;
#1412 = CARTESIAN_POINT ( 'NONE',  ( -16.15822800683443106, 16.58295241428499622, 6.355559581935246172 ) ) ;
#1413 = CARTESIAN_POINT ( 'NONE',  ( 21.52803098200750398, 8.385295785025736137, 1.677653873371957038 ) ) ;
#1414 = CARTESIAN_POINT ( 'NONE',  ( 17.75062127497499986, 14.84989986106194593, 5.858619208231890418 ) ) ;
#1415 = EDGE_LOOP ( 'NONE', ( #1510, #1647, #314, #161, #5 ) ) ;
#1416 = CARTESIAN_POINT ( 'NONE',  ( 27.75116251282752344, 5.748220630938570608, 12.42902483224420429 ) ) ;
#1417 = CARTESIAN_POINT ( 'NONE',  ( -8.223802797561825528, 21.60879778371469939, 12.80475830892331857 ) ) ;
#1418 = CARTESIAN_POINT ( 'NONE',  ( 8.639292872840595550, 21.87521373640666766, 14.32939124000214015 ) ) ;
#1419 = CARTESIAN_POINT ( 'NONE',  ( 23.64731509207379645, 14.80231631210474497, 23.87105737805473638 ) ) ;
#1420 = CARTESIAN_POINT ( 'NONE',  ( -19.40280895537394557, 12.55024265584012078, 5.867582963761050152 ) ) ;
#1421 = B_SPLINE_CURVE_WITH_KNOTS ( 'NONE', 3,
 ( #966, #1351, #681, #734, #1263, #877 ),
 .UNSPECIFIED., .F., .F.,
 ( 4, 2, 4 ),
 ( 1.734723475976807094E-18, 0.0009389880897606451811, 0.001877976179521288628 ),
 .UNSPECIFIED. ) ;
#1422 = CARTESIAN_POINT ( 'NONE',  ( 16.27304903019280502, 19.65000117627743137, 8.535834314188576855 ) ) ;
#1423 = CARTESIAN_POINT ( 'NONE',  ( 23.02200601361670351, 5.090666865863126667, 15.70255673812960495 ) ) ;
#1424 = CARTESIAN_POINT ( 'NONE',  ( -15.02048262096703013, 17.61043706200138104, 23.10615038590711734 ) ) ;
#1425 = CARTESIAN_POINT ( 'NONE',  ( -27.70689677465788847, 6.598215099286127483, 19.48544117047311630 ) ) ;
#1426 = EDGE_CURVE ( 'NONE', #421, #826, #1421, .T. ) ;
#1427 = CARTESIAN_POINT ( 'NONE',  ( -20.00329638046498815, 17.70727512721212804, 6.999882058008874530 ) ) ;
#1428 = AXIS2_PLACEMENT_3D ( 'NONE', #97, #470, #751 ) ;
#1429 = CARTESIAN_POINT ( 'NONE',  ( -15.70002633586235774, 19.88877016391709063, 21.18875679838557247 ) ) ;
#1430 = CARTESIAN_POINT ( 'NONE',  ( -73.95618932060564532, 17.54624587302073024, 15.00000000000000000 ) ) ;
#1431 = CONICAL_SURFACE ( 'NONE', #39, 8.899999999999998579, 0.03997868712328403462 ) ;
#1432 = CARTESIAN_POINT ( 'NONE',  ( -13.55775258453038745, 20.67068009826439479, 9.935985980371890847 ) ) ;
#1433 = CARTESIAN_POINT ( 'NONE',  ( -21.09989233026333721, 9.560889468812733938, 22.93841260597635312 ) ) ;
#1434 = VERTEX_POINT ( 'NONE', #1623 ) ;
#1435 = CARTESIAN_POINT ( 'NONE',  ( -11.17540813251312848, 20.25702578936996545, 20.53809455732956835 ) ) ;
#1436 = CARTESIAN_POINT ( 'NONE',  ( 78.94400957190970303, 17.89502824174170215, 15.00000000000000000 ) ) ;
#1437 = VERTEX_POINT ( 'NONE', #1361 ) ;
#1438 = CARTESIAN_POINT ( 'NONE',  ( -22.19394360717372550, 6.417189871873775431, 27.32861328539446433 ) ) ;
#1439 = CARTESIAN_POINT ( 'NONE',  ( -23.04794711931849349, 1.559832673365391553, 21.28690816537565311 ) ) ;
#1440 = CARTESIAN_POINT ( 'NONE',  ( 19.76522910815441136, 11.96064080975991395, 24.01258294720115671 ) ) ;
#1441 = CARTESIAN_POINT ( 'NONE',  ( -12.99720108460848245, 19.10013084840993258, 24.93359292978915320 ) ) ;
#1442 = CARTESIAN_POINT ( 'NONE',  ( -8.621223987431484659, 21.87838542987200441, 14.37087414288399323 ) ) ;
#1443 = EDGE_LOOP ( 'NONE', ( #1572, #189, #615, #689 ) ) ;
#1444 = DIRECTION ( 'NONE',  ( -0.000000000000000000, -0.000000000000000000, -1.000000000000000000 ) ) ;
#1445 = AXIS2_PLACEMENT_3D ( 'NONE', #1184, #1444, #809 ) ;
#1446 = ADVANCED_FACE ( 'NONE', ( #594 ), #1110, .T. ) ;
#1448 = CARTESIAN_POINT ( 'NONE',  ( 23.09708276204598576, 0.3671074545668673861, 16.06669194300748771 ) ) ;
#1447 = CARTESIAN_POINT ( 'NONE',  ( -22.93495641026646581, 15.48445195051262147, 23.77681702368048278 ) ) ;
#1449 = VERTEX_POINT ( 'NONE', #604 ) ;
#1450 = CARTESIAN_POINT ( 'NONE',  ( 8.544265340376384188, 21.89171719137210559, 14.77237131362553413 ) ) ;
#1451 = AXIS2_PLACEMENT_3D ( 'NONE', #465, #452, #709 ) ;
#1452 = CARTESIAN_POINT ( 'NONE',  ( -21.89234035880544837, 7.373917176914726923, 27.87115197173274339 ) ) ;
#1454 = CARTESIAN_POINT ( 'NONE',  ( 78.94400957190970303, 17.89502824174170215, 15.00000000000000000 ) ) ;
#1453 = DIRECTION ( 'NONE',  ( 1.000000000000000000, 0.000000000000000000, 0.000000000000000000 ) ) ;
#1455 = ORIENTED_EDGE ( 'NONE', *, *, #125, .T. ) ;
#1456 = CARTESIAN_POINT ( 'NONE',  ( 22.44407175707922875, 6.828992679928875376, 20.37944606486254884 ) ) ;
#1457 = CARTESIAN_POINT ( 'NONE',  ( -22.78955362457621092, 3.785650563022583626, 24.98399435773761113 ) ) ;
#1458 = CARTESIAN_POINT ( 'NONE',  ( -17.28484778231795360, 19.19850998798768771, 21.92867057444991730 ) ) ;
#1460 = CARTESIAN_POINT ( 'NONE',  ( 19.11919622738571789, 12.97194383898797021, 1.205464150579947713 ) ) ;
#1459 = CARTESIAN_POINT ( 'NONE',  ( 0.000000000000000000, 0.000000000000000000, 27.99999999999960920 ) ) ;
#1461 = AXIS2_PLACEMENT_3D ( 'NONE', #60, #183, #816 ) ;
#1462 = ORIENTED_EDGE ( 'NONE', *, *, #904, .T. ) ;
#1463 = EDGE_CURVE ( 'NONE', #250, #400, #981, .T. ) ;
#1464 = CARTESIAN_POINT ( 'NONE',  ( 23.09380446477140580, 0.5891441515638859983, 18.09651477408243636 ) ) ;
#1465 = PRODUCT_CONTEXT ( 'NONE', #77, 'mechanical' ) ;
#1466 = CARTESIAN_POINT ( 'NONE',  ( -8.641363850073231490, 21.87487513728152777, 15.69864038678775486 ) ) ;
#1468 = CARTESIAN_POINT ( 'NONE',  ( 14.21803044513310255, 18.21015492790701273, 4.030761900177282087 ) ) ;
#1467 = DIRECTION ( 'NONE',  ( 0.000000000000000000, 0.000000000000000000, 1.000000000000000000 ) ) ;
#1469 = CARTESIAN_POINT ( 'NONE',  ( 8.808256018490538963, 21.35679392556179934, 20.37674119560021069 ) ) ;
#1470 = CARTESIAN_POINT ( 'NONE',  ( -12.10131838569073714, 19.73177193966349563, 8.719347691509412357 ) ) ;
#1471 = CARTESIAN_POINT ( 'NONE',  ( 22.77852146760114493, 3.882740140552407571, 25.13713408270932703 ) ) ;
#1472 = CARTESIAN_POINT ( 'NONE',  ( -8.702903968847028437, 21.86410966515868992, 15.86653222381611705 ) ) ;
#1473 = CARTESIAN_POINT ( 'NONE',  ( -7.293607877999166433, 21.91833214735985180, 12.29435279886248367 ) ) ;
#1475 = CARTESIAN_POINT ( 'NONE',  ( 14.35220651681292381, 18.11763607655552022, 26.08679935977436060 ) ) ;
#1474 = CARTESIAN_POINT ( 'NONE',  ( -78.33712825033582305, 26.57383547900200682, 15.00000000000000000 ) ) ;
#1476 = CARTESIAN_POINT ( 'NONE',  ( 23.08037790203355399, 0.9744328709006454536, 19.68211386719184830 ) ) ;
#1477 = CARTESIAN_POINT ( 'NONE',  ( 9.440790719154295019, 21.72653398349900655, 17.01328205707489616 ) ) ;
#1478 = CARTESIAN_POINT ( 'NONE',  ( 0.000000000000000000, 0.000000000000000000, 27.99999999999960920 ) ) ;
#1479 = PRESENTATION_STYLE_ASSIGNMENT (( #66 ) ) ;
#1480 = CARTESIAN_POINT ( 'NONE',  ( -27.74987691913997878, 5.592057779184358424, 16.86743247578733929 ) ) ;
#1481 = CARTESIAN_POINT ( 'NONE',  ( -73.95618932060570216, 17.54624587302073380, 15.00000000000000000 ) ) ;
#1482 = DIRECTION ( 'NONE',  ( 0.9975640502598241977, 0.06975647374412546897, 0.000000000000000000 ) ) ;
#1483 = EDGE_CURVE ( 'NONE', #799, #297, #1122, .T. ) ;
#1485 = CARTESIAN_POINT ( 'NONE',  ( 16.45163561137400876, 16.22146455532935505, 27.57259721041273082 ) ) ;
#1484 = PLANE ( 'NONE',  #957 ) ;
#1486 = AXIS2_PLACEMENT_3D ( 'NONE', #1635, #479, #356 ) ;
#1487 = CARTESIAN_POINT ( 'NONE',  ( -27.49522341571382356, 8.010479682125556167, 8.675452217638113694 ) ) ;
#1488 = CARTESIAN_POINT ( 'NONE',  ( 13.42611142561979598, 18.85105332580833348, 22.18349821056896687 ) ) ;
#1489 = CARTESIAN_POINT ( 'NONE',  ( -8.170356501123263726, 21.60829704224042658, 10.57369664241813290 ) ) ;
#1490 = ORIENTED_EDGE ( 'NONE', *, *, #507, .F. ) ;
#1491 = CARTESIAN_POINT ( 'NONE',  ( 27.72190001194785225, 6.404603433430095194, 19.13218120740826933 ) ) ;
#1492 = CARTESIAN_POINT ( 'NONE',  ( -8.535104242580107581, 21.89329085255166518, 14.99999999999999289 ) ) ;
#1493 = CARTESIAN_POINT ( 'NONE',  ( 26.41849862213127764, 11.05422449096652215, 23.34598556983048923 ) ) ;
#1494 = CARTESIAN_POINT ( 'NONE',  ( 8.952487036956272348, 21.81944953409210441, 16.38814939197733267 ) ) ;
#1495 = CARTESIAN_POINT ( 'NONE',  ( 8.550207928130047819, 21.48475625961904001, 12.24704517776659074 ) ) ;
#1497 = CARTESIAN_POINT ( 'NONE',  ( 22.97938783742627322, 2.413850568489877446, 23.06364713780902420 ) ) ;
#1496 = DIRECTION ( 'NONE',  ( -0.4381759307113622937, -0.1458086956023696978, -0.8869845985314327441 ) ) ;
#1498 = CARTESIAN_POINT ( 'NONE',  ( 27.65615184401418603, 7.063818124256908249, 9.795694363419054085 ) ) ;
#1499 = CARTESIAN_POINT ( 'NONE',  ( -26.67864903329076753, 10.48201763043300794, 6.921431035622781280 ) ) ;
#1500 = CARTESIAN_POINT ( 'NONE',  ( -7.808427635721770343, 21.76078125308724154, 16.24584214641785707 ) ) ;
#1501 = VECTOR ( 'NONE', #72, 1000.000000000000227 ) ;
#1502 = CARTESIAN_POINT ( 'NONE',  ( 13.93021049088227059, 20.54771249669140332, 9.726010137021138036 ) ) ;
#1503 = CARTESIAN_POINT ( 'NONE',  ( 16.75661985477072946, 15.96134079183771881, 23.85800937065558003 ) ) ;
#1504 = CARTESIAN_POINT ( 'NONE',  ( 8.817815744204651196, 21.84366646904087617, 16.11874134900108757 ) ) ;
#1505 = CARTESIAN_POINT ( 'NONE',  ( -6.778442219879108777, 22.08330635004240960, 15.90091044775600260 ) ) ;
#1506 = DIRECTION ( 'NONE',  ( 1.000000000000000000, 0.000000000000000000, 0.000000000000000000 ) ) ;
#1507 = CARTESIAN_POINT ( 'NONE',  ( -22.49331205528094202, 6.704689922800382895, 9.794450762264425236 ) ) ;
#1508 = UNCERTAINTY_MEASURE_WITH_UNIT (LENGTH_MEASURE( 1.000000000000000082E-05 ), #847, 'distance_accuracy_value', 'NONE');
#1509 = CARTESIAN_POINT ( 'NONE',  ( 23.90623626658772238, 14.53460182116326571, 23.89124426995623551 ) ) ;
#1510 = ORIENTED_EDGE ( 'NONE', *, *, #670, .F. ) ;
#1511 = CARTESIAN_POINT ( 'NONE',  ( 26.93511107757904099, 9.873660402317991469, 7.241090545918694055 ) ) ;
#1513 = CARTESIAN_POINT ( 'NONE',  ( 6.816145790614895006, 22.07147835014870196, 13.95264474562132051 ) ) ;
#1512 = DIRECTION ( 'NONE',  ( -1.000000000000000000, 0.000000000000000000, 0.000000000000000000 ) ) ;
#1514 = CARTESIAN_POINT ( 'NONE',  ( 26.79827836290261800, 10.20806349699045867, 7.058616233537000184 ) ) ;
#1515 = CARTESIAN_POINT ( 'NONE',  ( -26.80834690693104250, 10.18442786636556541, 7.070235936527566878 ) ) ;
#1516 = CARTESIAN_POINT ( 'NONE',  ( -7.858930808621711783, 21.74296309031601382, 13.56010870279148328 ) ) ;
#1517 = CARTESIAN_POINT ( 'NONE',  ( -21.89113867537628977, 7.386208142082032246, 2.114167081021487427 ) ) ;
#1518 = CARTESIAN_POINT ( 'NONE',  ( 15.72767070225893882, 16.99301403186261439, 23.45844454720436900 ) ) ;
#1519 = CARTESIAN_POINT ( 'NONE',  ( -7.480476446833419502, 21.85614921954237033, 11.83420414991834591 ) ) ;
#1520 = CARTESIAN_POINT ( 'NONE',  ( -17.63953960781752528, 14.92133927864516352, 28.23692659872739341 ) ) ;
#1521 = CARTESIAN_POINT ( 'NONE',  ( -22.28616463475973575, 7.208671285586066624, 9.138769140961096937 ) ) ;
#1522 = CARTESIAN_POINT ( 'NONE',  ( 27.70739375562099838, 6.593523529538231287, 19.47808717878844575 ) ) ;
#1523 = CARTESIAN_POINT ( 'NONE',  ( 27.74740421549454084, 5.858302008259936855, 12.14056086849087635 ) ) ;
#1524 = CARTESIAN_POINT ( 'NONE',  ( -8.034896259223271997, 21.67920126375422640, 16.82671572613611843 ) ) ;
#1525 = CARTESIAN_POINT ( 'NONE',  ( 22.56484828222686900, 15.81112429460509361, 6.291520424573467274 ) ) ;
#1526 = CARTESIAN_POINT ( 'NONE',  ( 19.29087623548334918, 12.72445318380841428, 24.15741118680059074 ) ) ;
#1527 = CARTESIAN_POINT ( 'NONE',  ( -20.38433952684999184, 10.87892707593831965, 6.349062189311394100 ) ) ;
#1528 = CARTESIAN_POINT ( 'NONE',  ( -7.120923037221171370, 21.97579525662572664, 12.71957518047286939 ) ) ;
#1529 = CONICAL_SURFACE ( 'NONE', #430, 20.10000000000000142, 0.09966865249115755554 ) ;
#1530 = EDGE_CURVE ( 'NONE', #119, #1300, #1373, .T. ) ;
#1531 = CARTESIAN_POINT ( 'NONE',  ( -21.60910400229618133, 8.174046813097881170, 1.759328298361334975 ) ) ;
#1532 = CARTESIAN_POINT ( 'NONE',  ( 27.63952492415188544, 7.194000171856222536, 20.38413802458150315 ) ) ;
#1533 = CARTESIAN_POINT ( 'NONE',  ( 21.36000002515259055, 16.78646980847128489, 6.571919384879637782 ) ) ;
#1534 = CARTESIAN_POINT ( 'NONE',  ( -8.418522379493884600, 21.51295636105920295, 19.81338508375170804 ) ) ;
#1535 = CARTESIAN_POINT ( 'NONE',  ( -20.07935141740924578, 11.45757559719725904, 1.062603524856750470 ) ) ;
#1536 = CARTESIAN_POINT ( 'NONE',  ( 17.43783896694014146, 15.17157675716996934, 28.14734086605434626 ) ) ;
#1537 = CARTESIAN_POINT ( 'NONE',  ( -16.23841241239292188, 16.43417124366014903, 2.562770645577877371 ) ) ;
#1538 = CARTESIAN_POINT ( 'NONE',  ( -22.50408859357738933, 5.254704160804977597, 3.502568450904785635 ) ) ;
#1539 = CARTESIAN_POINT ( 'NONE',  ( 21.46343002389328447, 8.885105770719452067, 7.543604377352052914 ) ) ;
#1540 = CARTESIAN_POINT ( 'NONE',  ( 19.32528940650363225, 12.67979296837819980, 5.835096609239154297 ) ) ;
#1541 = CARTESIAN_POINT ( 'NONE',  ( -78.94400957190970303, 17.89502824174169859, 15.00000000000000000 ) ) ;
#1542 = CARTESIAN_POINT ( 'NONE',  ( -7.106994196219948989, 21.98043025822054730, 12.75387380917726965 ) ) ;
#1543 = CARTESIAN_POINT ( 'NONE',  ( -23.00681292005160827, 2.084907407766714460, 7.584680290987686924 ) ) ;
#1544 = CARTESIAN_POINT ( 'NONE',  ( 21.65080006353746001, 8.063313506961222288, 28.19531541001177644 ) ) ;
#1545 = CARTESIAN_POINT ( 'NONE',  ( -16.45795975963066837, 19.57858118609141940, 8.443488000277783456 ) ) ;
#1546 = CARTESIAN_POINT ( 'NONE',  ( 15.80506812224454904, 16.86510497939354281, 2.838900350181221555 ) ) ;
#1547 = EDGE_CURVE ( 'NONE', #297, #47, #706, .T. ) ;
#1548 = ORIENTED_EDGE ( 'NONE', *, *, #1287, .F. ) ;
#1549 = DIRECTION ( 'NONE',  ( 0.005345980464076982748, 0.2099532938902653190, 0.9776968010981246238 ) ) ;
#1550 = CARTESIAN_POINT ( 'NONE',  ( -21.10111002851681050, 9.434371766036148799, 28.67225345091677724 ) ) ;
#1551 = CARTESIAN_POINT ( 'NONE',  ( -27.72023569715506497, 6.425782473514481730, 19.17446605853296759 ) ) ;
#1552 = CARTESIAN_POINT ( 'NONE',  ( -19.56352535798938419, 12.29267761564764072, 5.913728005199078375 ) ) ;
#1553 = CARTESIAN_POINT ( 'NONE',  ( 9.938597945897598152, 20.86160144615980272, 8.161899345555902130 ) ) ;
#1554 =( BOUNDED_SURFACE ( )  B_SPLINE_SURFACE ( 3, 2, ( 
 ( #88, #53, #1116 ),
 ( #834, #577, #726 ),
 ( #1241, #1345, #598 ),
 ( #1630, #970, #177 ),
 ( #473, #446, #1605 ),
 ( #992, #188, #715 ),
 ( #1504, #1232, #349 ),
 ( #870, #1380, #610 ),
 ( #176, #213, #1240 ),
 ( #1115, #348, #63 ),
 ( #1477, #588, #187 ),
 ( #1616, #457, #714 ),
 ( #869, #1629, #322 ),
 ( #740, #1091, #1269 ),
 ( #856, #1128, #1469 ),
 ( #1354, #703, #1642 ),
 ( #1257, #576, #485 ),
 ( #1379, #845, #312 ),
 ( #1366, #1604, #978 ),
 ( #1231, #1102, #362 ),
 ( #883, #1488, #87 ),
 ( #833, #754, #332 ),
 ( #958, #1005, #199 ),
 ( #725, #73, #52 ),
 ( #623, #1518, #1392 ),
 ( #597, #472, #1221 ),
 ( #991, #1503, #227 ),
 ( #100, #1139, #445 ),
 ( #1653, #1344, #969 ),
 ( #538, #369, #1536 ),
 ( #494, #237, #1012 ),
 ( #1669, #246, #1411 ),
 ( #770, #1526, #1401 ),
 ( #1419, #146, #763 ),
 ( #1147, #1440, #802 ),
 ( #255, #1288, #929 ),
 ( #632, #1277, #891 ),
 ( #108, #778, #12 ),
 ( #900, #1030, #514 ),
 ( #122, #1660, #1544 ),
 ( #115, #666, #1155 ),
 ( #504, #1054, #1022 ),
 ( #641, #379, #388 ),
 ( #909, #1295, #1179 ),
 ( #1565, #406, #280 ),
 ( #1317, #1347, #1070 ),
 ( #325, #570, #1471 ),
 ( #305, #1333, #698 ),
 ( #590, #1456, #1368 ),
 ( #436, #945, #1579 ),
 ( #37, #162, #827 ),
 ( #1491, #201, #691 ),
 ( #298, #1206, #1606 ),
 ( #1597, #961, #1105 ),
 ( #858, #836, #315 ),
 ( #170, #952, #1464 ),
 ( #179, #563, #1356 ),
 ( #1077, #334, #1095 ) ),
 .UNSPECIFIED., .F., .F., .T. ) 
 B_SPLINE_SURFACE_WITH_KNOTS ( ( 4, 2, 2, 2, 2, 2, 2, 2, 2, 2, 2, 2, 2, 2, 2, 2, 2, 2, 2, 2, 2, 2, 2, 2, 2, 2, 2, 2, 4 ),
 ( 3, 3 ),
 ( 0.000000000000000000, 0.001538070823684064203, 0.002307106235526096196, 0.003076141647368128406, 0.003845177059210160182, 0.004614212471052192392, 0.006152283294736256812, 0.007690354118420320365, 0.009228424942104384784, 0.01230456658947251362, 0.01384263741315657631, 0.01538070823684064073, 0.01845684988420876957, 0.01999492070789283399, 0.02153299153157689841, 0.02460913317894502725, 0.02614720400262909167, 0.02768527482631315262, 0.03076141647368128146, 0.03229948729736534241, 0.03383755812104941030, 0.03537562894473347819, 0.03691369976841753914, 0.03998984141578566798, 0.04152791223946973587, 0.04306598306315379682, 0.04460405388683785777, 0.04614212471052192566, 0.04921826635789005450 ),
 ( 0.000000000000000000, 1.000000000000000000 ),
 .UNSPECIFIED. ) 
 GEOMETRIC_REPRESENTATION_ITEM ( )  RATIONAL_B_SPLINE_SURFACE ( (
 ( 1.000000000000000000, 0.9823221314667422988, 1.000000000000000000),
 ( 1.000000000000000000, 0.9833259673168966986, 1.000000000000000000),
 ( 1.000000000000000000, 0.9836028076535249243, 1.000000000000000000),
 ( 1.000000000000000000, 0.9828931771577970045, 1.000000000000000000),
 ( 1.000000000000000000, 0.9824668516709569310, 1.000000000000000000),
 ( 1.000000000000000000, 0.9812871254241126717, 1.000000000000000000),
 ( 1.000000000000000000, 0.9805323516776017767, 1.000000000000000000),
 ( 1.000000000000000000, 0.9787236330120560046, 1.000000000000000000),
 ( 1.000000000000000000, 0.9776641357837589918, 1.000000000000000000),
 ( 1.000000000000000000, 0.9753167269300992981, 1.000000000000000000),
 ( 1.000000000000000000, 0.9740257516000911941, 1.000000000000000000),
 ( 1.000000000000000000, 0.9698405228162817471, 1.000000000000000000),
 ( 1.000000000000000000, 0.9666363530763785183, 1.000000000000000000),
 ( 1.000000000000000000, 0.9595137919109616442, 1.000000000000000000),
 ( 1.000000000000000000, 0.9555960779522126858, 1.000000000000000000),
 ( 1.000000000000000000, 0.9472508920552306089, 1.000000000000000000),
 ( 1.000000000000000000, 0.9428054549582048915, 1.000000000000000000),
 ( 1.000000000000000000, 0.9287091625713951304, 1.000000000000000000),
 ( 1.000000000000000000, 0.9183002832073960953, 1.000000000000000000),
 ( 1.000000000000000000, 0.9012940933043015468, 1.000000000000000000),
 ( 1.000000000000000000, 0.8953741293986565708, 1.000000000000000000),
 ( 1.000000000000000000, 0.8831835605221811658, 1.000000000000000000),
 ( 1.000000000000000000, 0.8769196404937649181, 1.000000000000000000),
 ( 1.000000000000000000, 0.8576813826191348467, 1.000000000000000000),
 ( 1.000000000000000000, 0.8442557232137228862, 1.000000000000000000),
 ( 1.000000000000000000, 0.8235131580094825487, 1.000000000000000000),
 ( 1.000000000000000000, 0.8164992762282795580, 1.000000000000000000),
 ( 1.000000000000000000, 0.8023397786120015640, 1.000000000000000000),
 ( 1.000000000000000000, 0.7951641757082713591, 1.000000000000000000),
 ( 1.000000000000000000, 0.7738626709354508026, 1.000000000000000000),
 ( 1.000000000000000000, 0.7599273586599398778, 1.000000000000000000),
 ( 1.000000000000000000, 0.7401886884886007545, 1.000000000000000000),
 ( 1.000000000000000000, 0.7338056797199848935, 1.000000000000000000),
 ( 1.000000000000000000, 0.7215976106445055605, 1.000000000000000000),
 ( 1.000000000000000000, 0.7157839357497918220, 1.000000000000000000),
 ( 1.000000000000000000, 0.6998031230867778341, 1.000000000000000000),
 ( 1.000000000000000000, 0.6909635479557793003, 1.000000000000000000),
 ( 1.000000000000000000, 0.6811931507266830721, 1.000000000000000000),
 ( 1.000000000000000000, 0.6785228815095429855, 1.000000000000000000),
 ( 1.000000000000000000, 0.6745268540070881169, 1.000000000000000000),
 ( 1.000000000000000000, 0.6731752421350227777, 1.000000000000000000),
 ( 1.000000000000000000, 0.6716885657271132182, 1.000000000000000000),
 ( 1.000000000000000000, 0.6715535346910820325, 1.000000000000000000),
 ( 1.000000000000000000, 0.6723913768335404439, 1.000000000000000000),
 ( 1.000000000000000000, 0.6733766981729061296, 1.000000000000000000),
 ( 1.000000000000000000, 0.6776350656170458953, 1.000000000000000000),
 ( 1.000000000000000000, 0.6821915776346906268, 1.000000000000000000),
 ( 1.000000000000000000, 0.6901067227045656338, 1.000000000000000000),
 ( 1.000000000000000000, 0.6929273888820456362, 1.000000000000000000),
 ( 1.000000000000000000, 0.6985477689031193149, 1.000000000000000000),
 ( 1.000000000000000000, 0.7013642731304740030, 1.000000000000000000),
 ( 1.000000000000000000, 0.7067973326664388489, 1.000000000000000000),
 ( 1.000000000000000000, 0.7094143880886093489, 1.000000000000000000),
 ( 1.000000000000000000, 0.7142626379314652718, 1.000000000000000000),
 ( 1.000000000000000000, 0.7164784357985178875, 1.000000000000000000),
 ( 1.000000000000000000, 0.7221856350433786265, 1.000000000000000000),
 ( 1.000000000000000000, 0.7247887307481671870, 1.000000000000000000),
 ( 1.000000000000000000, 0.7258565115039812277, 1.000000000000000000) ) ) 
 REPRESENTATION_ITEM ( '' )  SURFACE ( )  );
#1555 = CARTESIAN_POINT ( 'NONE',  ( -19.19153680134163054, 12.87690853504427579, 24.17595262709952664 ) ) ;
#1556 = CARTESIAN_POINT ( 'NONE',  ( -8.535104242580107581, 21.89329085255166518, 14.99999999999999289 ) ) ;
#1557 = CARTESIAN_POINT ( 'NONE',  ( -10.16913814870537713, 21.57643220760301617, 12.25545526682569886 ) ) ;
#1558 = CARTESIAN_POINT ( 'NONE',  ( -27.05271918065075454, 9.590443573503044661, 22.60688113111473996 ) ) ;
#1559 = DIRECTION ( 'NONE',  ( -0.9975640502598244197, 0.06975647374412548285, 6.938893903907228378E-18 ) ) ;
#1560 = CARTESIAN_POINT ( 'NONE',  ( -23.48582179237826395, 14.96342621353853453, 23.85426755882987493 ) ) ;
#1561 = CARTESIAN_POINT ( 'NONE',  ( -8.552611134489881195, 21.89028946730477898, 14.68433007388335731 ) ) ;
#1562 = VECTOR ( 'NONE', #501, 1000.000000000000000 ) ;
#1563 = CARTESIAN_POINT ( 'NONE',  ( -12.97036126889286045, 20.85416567858003845, 10.27558120619222493 ) ) ;
#1564 = CARTESIAN_POINT ( 'NONE',  ( -21.66984120109049528, 8.496362815584170392, 22.15132232732790030 ) ) ;
#1565 = CARTESIAN_POINT ( 'NONE',  ( 27.09955372552554209, 9.424478455842061564, 22.48025337225854514 ) ) ;
#1566 = CARTESIAN_POINT ( 'NONE',  ( -20.75140869243676889, 10.18353518940633684, 28.82165525273559936 ) ) ;
#1567 = CARTESIAN_POINT ( 'NONE',  ( -23.09999999999999787, 0.000000000000000000, 0.000000000000000000 ) ) ;
#1568 = EDGE_LOOP ( 'NONE', ( #1188, #181 ) ) ;
#1569 = CARTESIAN_POINT ( 'NONE',  ( 8.605525080533730886, 21.88111979635718995, 14.43853293349780920 ) ) ;
#1571 = CARTESIAN_POINT ( 'NONE',  ( 21.76581073905311214, 7.747820045794176380, 1.940777031877272352 ) ) ;
#1570 = CARTESIAN_POINT ( 'NONE',  ( -11.47504527226978333, 20.09032170573232179, 20.78248471891245686 ) ) ;
#1572 = ORIENTED_EDGE ( 'NONE', *, *, #242, .F. ) ;
#1573 = CARTESIAN_POINT ( 'NONE',  ( -9.666568881737013896, 21.68205653382210585, 12.73415889972121207 ) ) ;
#1574 = CARTESIAN_POINT ( 'NONE',  ( -22.38934238975175717, 5.734936206694530192, 26.88040985645750069 ) ) ;
#1575 = VECTOR ( 'NONE', #84, 1000.000000000000227 ) ;
#1577 = CARTESIAN_POINT ( 'NONE',  ( 20.10670379712639999, 11.40991218881831770, 1.065844050626001183 ) ) ;
#1576 = CARTESIAN_POINT ( 'NONE',  ( 23.09999999999999787, 2.828934106030386103E-15, 30.00000000000000000 ) ) ;
#1578 = ORIENTED_EDGE ( 'NONE', *, *, #117, .F. ) ;
#1579 = CARTESIAN_POINT ( 'NONE',  ( 22.98925741769445352, 2.272801702280583758, 22.76933850410769011 ) ) ;
#1580 = CARTESIAN_POINT ( 'NONE',  ( -22.47636487273074124, 5.342356129584151070, 26.53751852596779059 ) ) ;
#1581 = AXIS2_PLACEMENT_3D ( 'NONE', #1385, #182, #80 ) ;
#1582 = CARTESIAN_POINT ( 'NONE',  ( -22.32933038908716128, 7.107644687818062579, 20.73884369077337197 ) ) ;
#1583 = CARTESIAN_POINT ( 'NONE',  ( -16.69224260669042081, 19.47112949003546589, 21.66259347362873555 ) ) ;
#1585 = CARTESIAN_POINT ( 'NONE',  ( 18.59620763916036523, 13.71116525990304424, 1.359538740897410003 ) ) ;
#1584 = DIRECTION ( 'NONE',  ( 1.000000000000000000, 0.000000000000000000, 0.000000000000000000 ) ) ;
#1586 = ADVANCED_FACE ( 'NONE', ( #1251 ), #340, .F. ) ;
#1587 = EDGE_LOOP ( 'NONE', ( #671, #219 ) ) ;
#1588 = DIRECTION ( 'NONE',  ( -1.000000000000000000, 0.000000000000000000, 0.000000000000000000 ) ) ;
#1589 = CARTESIAN_POINT ( 'NONE',  ( 20.49991808522129944, 10.65543259004836152, 1.139886538229661461 ) ) ;
#1590 = DIRECTION ( 'NONE',  ( 0.000000000000000000, 0.000000000000000000, 1.000000000000000000 ) ) ;
#1591 = CARTESIAN_POINT ( 'NONE',  ( -12.00210483336376655, 21.12879482507843321, 19.11300536034794106 ) ) ;
#1593 = CARTESIAN_POINT ( 'NONE',  ( 23.03929295790743836, 1.685242571128236166, 8.422455734280493544 ) ) ;
#1592 = FACE_OUTER_BOUND ( 'NONE', #277, .T. ) ;
#1594 = PRODUCT_DEFINITION_FORMATION_WITH_SPECIFIED_SOURCE ( 'ANY', '', #1673, .NOT_KNOWN. ) ;
#1595 = CARTESIAN_POINT ( 'NONE',  ( -8.426082023498514317, 21.53265508770343573, 12.43292570100429906 ) ) ;
#1596 = ORIENTED_EDGE ( 'NONE', *, *, #33, .T. ) ;
#1597 = CARTESIAN_POINT ( 'NONE',  ( 27.74331628703712482, 5.996004423254533755, 18.23333612942775162 ) ) ;
#1598 = CARTESIAN_POINT ( 'NONE',  ( -21.83343374863159170, 16.42206403542476778, 23.55025267423913604 ) ) ;
#1599 = EDGE_LOOP ( 'NONE', ( #875, #265, #1332, #150, #897 ) ) ;
#1600 = CIRCLE ( 'NONE', #1204, 5.000000000000000000 ) ;
#1601 = CARTESIAN_POINT ( 'NONE',  ( 27.46714636530740350, 8.171719125574382403, 8.486546399221492010 ) ) ;
#1603 = CARTESIAN_POINT ( 'NONE',  ( 23.07669121892238806, 1.044611148125192290, 10.15083923730590065 ) ) ;
#1602 = CARTESIAN_POINT ( 'NONE',  ( -23.90683913797875348, 10.70299628577487461, 15.00000000000000000 ) ) ;
#1604 = CARTESIAN_POINT ( 'NONE',  ( 12.22697058328620479, 19.65513437398787033, 21.37039817947029974 ) ) ;
#1605 = CARTESIAN_POINT ( 'NONE',  ( 6.804219686373800258, 22.07521735257576978, 16.00299244615569805 ) ) ;
#1606 = CARTESIAN_POINT ( 'NONE',  ( 23.05555693505477066, 1.442093082936017900, 20.99565121812722168 ) ) ;
#1607 = CARTESIAN_POINT ( 'NONE',  ( 19.88812580174692712, 11.75795593415385731, 1.094329059812452432 ) ) ;
#1608 = APPLICATION_PROTOCOL_DEFINITION ( 'draft international standard', 'automotive_design', 1998, #416 ) ;
#1609 = ADVANCED_FACE ( 'NONE', ( #221 ), #617, .T. ) ;
#1610 = CARTESIAN_POINT ( 'NONE',  ( -26.89839292368852952, 9.999632846809639375, 22.85050831514574199 ) ) ;
#1611 = FACE_OUTER_BOUND ( 'NONE', #1443, .T. ) ;
#1612 = CARTESIAN_POINT ( 'NONE',  ( 7.707245081347194215, 21.79628778143429457, 14.14785892832133030 ) ) ;
#1614 = CARTESIAN_POINT ( 'NONE',  ( 13.74517790878556767, 18.58030875769457069, 25.59078542415804947 ) ) ;
#1613 = DIRECTION ( 'NONE',  ( 1.000000000000000000, 0.000000000000000000, 0.000000000000000000 ) ) ;
#1615 = LINE ( 'NONE', #198, #1575 ) ;
#1616 = CARTESIAN_POINT ( 'NONE',  ( 9.824902367261215019, 21.64957597871563522, 17.42891964771855484 ) ) ;
#1617 = CARTESIAN_POINT ( 'NONE',  ( 8.291502022349719780, 26.84885461641465554, 13.95264474562132051 ) ) ;
#1618 = DIRECTION ( 'NONE',  ( -0.06975647374412559387, 0.9975640502598241977, 0.000000000000000000 ) ) ;
#1619 = FACE_OUTER_BOUND ( 'NONE', #440, .T. ) ;
#1620 = CARTESIAN_POINT ( 'NONE',  ( 25.07787498593091158, 13.15566600390696372, 23.85198701349732531 ) ) ;
#1621 = ORIENTED_EDGE ( 'NONE', *, *, #1426, .F. ) ;
#1622 = CARTESIAN_POINT ( 'NONE',  ( 28.09645132525939459, 0.4465679425683493076, 16.06669194300739889 ) ) ;
#1624 = CARTESIAN_POINT ( 'NONE',  ( 18.70205388316274053, 13.56618299694491192, 28.67555331929754914 ) ) ;
#1623 = CARTESIAN_POINT ( 'NONE',  ( 8.639292872840595550, 21.87521373640666766, 14.32939124000214015 ) ) ;
#1625 = CARTESIAN_POINT ( 'NONE',  ( 23.01317364491032080, 2.014425803960326000, 7.721312207841618758 ) ) ;
#1626 =( GEOMETRIC_REPRESENTATION_CONTEXT ( 3 ) GLOBAL_UNCERTAINTY_ASSIGNED_CONTEXT ( ( #948 ) ) GLOBAL_UNIT_ASSIGNED_CONTEXT ( ( #287, #743, #1245 ) ) REPRESENTATION_CONTEXT ( 'NONE', 'WORKASPACE' ) );
#1627 = CARTESIAN_POINT ( 'NONE',  ( -27.70045632786789724, 6.699936410724045999, 10.30391956380082341 ) ) ;
#1628 = CARTESIAN_POINT ( 'NONE',  ( -7.657882775885933135, 21.81349607191953766, 14.37798721754136899 ) ) ;
#1629 = CARTESIAN_POINT ( 'NONE',  ( 9.025347568557091193, 21.29193044043049099, 18.39688121826099731 ) ) ;
#1630 = CARTESIAN_POINT ( 'NONE',  ( 8.581808707356536559, 21.88523115134920971, 15.47767818158219733 ) ) ;
#1631 = CARTESIAN_POINT ( 'NONE',  ( -19.49362552255699299, 12.40226149493335406, 28.86894253981951053 ) ) ;
#1632 = CARTESIAN_POINT ( 'NONE',  ( -22.04839915754406121, 7.733935732858847167, 8.561574912092124734 ) ) ;
#1633 = CARTESIAN_POINT ( 'NONE',  ( 11.56984112708596335, 21.24729003397308347, 18.83691191830783396 ) ) ;
#1634 = CARTESIAN_POINT ( 'NONE',  ( 27.75020782888001492, 5.572422315379460755, 13.18982163050342749 ) ) ;
#1636 = CARTESIAN_POINT ( 'NONE',  ( 7.817334376054531297, 21.73843432781775675, 18.81863970572471345 ) ) ;
#1635 = CARTESIAN_POINT ( 'NONE',  ( 73.95618932061151440, 17.54624587302114236, 15.00000000000000000 ) ) ;
#1637 = CARTESIAN_POINT ( 'NONE',  ( 21.55689951831809381, 8.709444885615315712, 7.681606124113738332 ) ) ;
#1638 = DIRECTION ( 'NONE',  ( -0.000000000000000000, -0.000000000000000000, -1.000000000000000000 ) ) ;
#1639 = CARTESIAN_POINT ( 'NONE',  ( -9.221011603657480293, 21.18181501002263545, 20.93258441336870490 ) ) ;
#1640 = AXIS2_PLACEMENT_3D ( 'NONE', #428, #1214, #1588 ) ;
#1641 = CARTESIAN_POINT ( 'NONE',  ( -22.93450403914251723, 2.772699686637385863, 6.393265159492910854 ) ) ;
#1642 = CARTESIAN_POINT ( 'NONE',  ( 9.353848858018361412, 21.12353030171653856, 21.10314545505777772 ) ) ;
#1643 = CARTESIAN_POINT ( 'NONE',  ( -12.21453115138418255, 21.07694970696527292, 10.73867591685758782 ) ) ;
#1644 = CARTESIAN_POINT ( 'NONE',  ( -12.55738905351394763, 19.39216041229245846, 24.53440953482877873 ) ) ;
#1645 = CARTESIAN_POINT ( 'NONE',  ( -22.70163510598900913, 4.284243611866366486, 4.456408786991301163 ) ) ;
#1646 = CARTESIAN_POINT ( 'NONE',  ( 25.69886277465138491, 12.27086352546452375, 23.70137831023943775 ) ) ;
#1647 = ORIENTED_EDGE ( 'NONE', *, *, #1463, .T. ) ;
#1648 = CARTESIAN_POINT ( 'NONE',  ( 8.322954037393769156, 21.57214201832411504, 12.60201602761228123 ) ) ;
#1649 = DIRECTION ( 'NONE',  ( -0.9975640502598243087, 0.06975647374412546897, 0.000000000000000000 ) ) ;
#1650 = CIRCLE ( 'NONE', #1451, 8.699999999999835865 ) ;
#1651 = CARTESIAN_POINT ( 'NONE',  ( -8.534764256481487621, 21.89335762466157931, 14.84012102204114925 ) ) ;
#1652 = CARTESIAN_POINT ( 'NONE',  ( 15.76552008681695050, 19.86714830251319697, 8.775041425767607706 ) ) ;
#1653 = CARTESIAN_POINT ( 'NONE',  ( 20.35622087132754743, 17.47264904678771913, 23.11438288681432240 ) ) ;
#1654 = CARTESIAN_POINT ( 'NONE',  ( -15.61918483216165399, 17.09415469639720442, 6.590412342631429610 ) ) ;
#1655 = CARTESIAN_POINT ( 'NONE',  ( -13.16532265501366616, 18.98468289666114472, 25.08271389682550279 ) ) ;
#1656 = CARTESIAN_POINT ( 'NONE',  ( -22.13048589524329657, 7.558066054401617606, 8.744221752843259310 ) ) ;
#1657 = CARTESIAN_POINT ( 'NONE',  ( 14.49252968755437898, 20.35499513303116004, 9.419459104871965138 ) ) ;
#1658 = CARTESIAN_POINT ( 'NONE',  ( -9.700832010271192019, 21.67504307251454776, 17.30594619155990799 ) ) ;
#1659 = CARTESIAN_POINT ( 'NONE',  ( -21.75369238154372198, 7.782755647312382230, 1.924858108925755484 ) ) ;
#1660 = CARTESIAN_POINT ( 'NONE',  ( 21.06663889856820404, 9.622391559492857738, 22.97868245211669702 ) ) ;
#1661 = CARTESIAN_POINT ( 'NONE',  ( -19.90929807349342440, 17.75933493072421854, 7.036594154434151704 ) ) ;
#1662 = CARTESIAN_POINT ( 'NONE',  ( -16.18473045233523422, 16.48757691073302922, 27.40303901096226014 ) ) ;
#1663 = AXIS2_PLACEMENT_3D ( 'NONE', #1602, #153, #442 ) ;
#1664 = CARTESIAN_POINT ( 'NONE',  ( -22.00097521462403449, 7.050863789817940486, 2.292347324525073393 ) ) ;
#1665 = CARTESIAN_POINT ( 'NONE',  ( 10.43195808597051588, 21.51886944700623161, 12.03057490994717504 ) ) ;
#1666 = CARTESIAN_POINT ( 'NONE',  ( -20.10000000000000142, 0.000000000000000000, 27.99999999999960920 ) ) ;
#1667 = CARTESIAN_POINT ( 'NONE',  ( -9.711408652331559921, 20.99132203713801559, 19.17755734188535044 ) ) ;
#1668 = CARTESIAN_POINT ( 'NONE',  ( -16.88149961347825823, 15.77352410468110122, 2.169345098491759050 ) ) ;
#1669 = CARTESIAN_POINT ( 'NONE',  ( 22.81664596919118893, 15.59089624529438822, 23.75626925770620446 ) ) ;
#1670 = CARTESIAN_POINT ( 'NONE',  ( -14.49664857925555950, 18.05485985617347922, 7.165451631784913289 ) ) ;
#1671 = VECTOR ( 'NONE', #846, 1000.000000000000114 ) ;
#1672 = ADVANCED_FACE ( 'NONE', ( #70 ), #284, .F. ) ;
#1673 = PRODUCT ( 'Central dihedral junction', 'Central dihedral junction', '', ( #1465 ) ) ;
#1674 = CARTESIAN_POINT ( 'NONE',  ( 14.07066655723978243, 18.32381000028182072, 4.150313879918767768 ) ) ;
#1675 = B_SPLINE_CURVE_WITH_KNOTS ( 'NONE', 3,
 ( #530, #398, #1573, #1557, #292, #672, #933, #1563, #1432, #926, #543, #286, #151, #1427, #939, #684, #1198, #29, #555, #1071, #263, #131, #658, #331, #844, #620, #210, #1499, #1515, #343, #1113, #712, #1353, #1487, #977, #1229, #1627, #1364, #968, #186, #482, #587, #866, #62 ),
 .UNSPECIFIED., .F., .F.,
 ( 4, 2, 2, 2, 2, 2, 2, 2, 2, 2, 2, 2, 2, 2, 2, 2, 2, 2, 2, 2, 2, 4 ),
 ( 0.03766767569673707544, 0.03872584174793384376, 0.03978400779913061208, 0.04190033990152414872, 0.04401667200391768536, 0.04613300410631122894, 0.05036566831109830916, 0.05248200041349185274, 0.05459833251588539632, 0.05565649856708215770, 0.05671466461827893296, 0.05777283066947569434, 0.05883099672067246266, 0.06094732882306599930, 0.06200549487426276762, 0.06306366092545953594, 0.06412182697665630426, 0.06517999302785307258, 0.06729632513024660923, 0.06835449118144337755, 0.06941265723264014587, 0.07152898933503369638 ),
 .UNSPECIFIED. ) ;
#1676 = DIRECTION ( 'NONE',  ( 0.06975647374412549673, 0.9975640502598241977, 0.000000000000000000 ) ) ;
#1677 = CARTESIAN_POINT ( 'NONE',  ( -15.34023078499967241, 17.28818241465344130, 26.83471204107634023 ) ) ;
#1678 = DIRECTION ( 'NONE',  ( 1.000000000000000000, 0.000000000000000000, 0.000000000000000000 ) ) ;
#1679 = AXIS2_PLACEMENT_3D ( 'NONE', #1430, #130, #135 ) ;
#1680 = CARTESIAN_POINT ( 'NONE',  ( -20.56695488147688167, 17.33229778299367752, 6.817591132589026159 ) ) ;
#1681 = CARTESIAN_POINT ( 'NONE',  ( 20.87896137649049066, 9.970019276903876460, 6.807315156140372636 ) ) ;
#1682 = CARTESIAN_POINT ( 'NONE',  ( 10.51728437417551376, 20.57774935837168684, 7.510211058959909813 ) ) ;
#1683 = ORIENTED_EDGE ( 'NONE', *, *, #525, .F. ) ;
ENDSEC;
END-ISO-10303-21;
