ISO-10303-21;
HEADER;
FILE_DESCRIPTION (( 'STEP AP214' ),
    '1' );
FILE_NAME ('motor pylon bracket secondary spar.STEP',
    '2026-03-22T20:17:03',
    ( '' ),
    ( '' ),
    'SwSTEP 2.0',
    'SolidWorks 2024',
    '' );
FILE_SCHEMA (( 'AUTOMOTIVE_DESIGN' ));
ENDSEC;

DATA;
#1 = CARTESIAN_POINT ( 'NONE',  ( -198.3662491785119357, -16.80028186423015768, 12.81155665805760435 ) ) ;
#2 = CARTESIAN_POINT ( 'NONE',  ( -185.0862688553291662, -23.13923620637476120, 12.65899127702923366 ) ) ;
#3 = CARTESIAN_POINT ( 'NONE',  ( -187.7664752162830268, -13.61548452977769408, 8.938546104720208163 ) ) ;
#4 = VERTEX_POINT ( 'NONE', #94 ) ;
#5 = CARTESIAN_POINT ( 'NONE',  ( -200.0835641220804177, -23.08680516715108055, 13.75174305431762534 ) ) ;
#6 = CARTESIAN_POINT ( 'NONE',  ( -187.6178821208136469, -23.20059110588024964, 12.34188752546745071 ) ) ;
#7 = B_SPLINE_CURVE_WITH_KNOTS ( 'NONE', 3,
 ( #737, #1722, #77, #235, #1699, #1535, #1711, #66, #2011, #874, #1830, #1083, #1219, #1060, #1368, #1229, #715, #378, #1073, #1378, #1240, #1399, #1411, #898, #2034, #1870, #422, #1523, #555, #921, #1569, #1848, #2046 ),
 .UNSPECIFIED., .F., .F.,
 ( 4, 1, 1, 1, 1, 1, 2, 2, 1, 1, 1, 1, 2, 2, 2, 1, 1, 1, 1, 1, 1, 2, 2, 4 ),
 ( 0.000000000000000000, 0.06249999999998395728, 0.09374999999997593592, 0.1093749999999721750, 0.1171874999999702877, 0.1210937499999690248, 0.1230468749999689415, 0.1249999999999688582, 0.1874999999999572564, 0.2187499999999507616, 0.2343749999999469313, 0.2421874999999444333, 0.2460937499999436007, 0.2499999999999427680, 0.4999999999998847589, 0.6249999999998545608, 0.6874999999998391287, 0.7187499999998316902, 0.7343749999998291367, 0.7421874999998280265, 0.7460937499998274713, 0.7480468749998274713, 0.7499999999998273603, 1.000000000000000000 ),
 .UNSPECIFIED. ) ;
#8 = CARTESIAN_POINT ( 'NONE',  ( -200.0397832176498696, -17.22437685659672368, 14.74668176819868570 ) ) ;
#9 = EDGE_CURVE ( 'NONE', #1454, #1882, #763, .T. ) ;
#10 = CARTESIAN_POINT ( 'NONE',  ( -197.7789675199933868, -13.61548452977769408, 8.870626085597983490 ) ) ;
#11 = ORIENTED_EDGE ( 'NONE', *, *, #492, .F. ) ;
#12 = CARTESIAN_POINT ( 'NONE',  ( -183.7663039729071386, -16.00000000000000000, 8.855187912364518965 ) ) ;
#13 = CARTESIAN_POINT ( 'NONE',  ( 0.2939850733891999357, -13.00000000000000178, 6.733365195645736101 ) ) ;
#14 = DIRECTION ( 'NONE',  ( 0.04361938736533817196, 0.000000000000000000, 0.9990482215818576872 ) ) ;
#15 = CARTESIAN_POINT ( 'NONE',  ( -188.9967538342235684, -13.00000000000000355, 14.99797734019961837 ) ) ;
#16 = ORIENTED_EDGE ( 'NONE', *, *, #1123, .T. ) ;
#17 = CARTESIAN_POINT ( 'NONE',  ( -196.7623487017370394, -14.00000000000000355, 9.331671460031785159 ) ) ;
#18 = CARTESIAN_POINT ( 'NONE',  ( -185.5066624489273011, -23.00000000000000000, 14.84559665948070339 ) ) ;
#19 = CARTESIAN_POINT ( 'NONE',  ( -197.7163624222660872, -23.89856771951283321, 8.152405347516387124 ) ) ;
#20 = CARTESIAN_POINT ( 'NONE',  ( -188.4991281833713401, -23.00000000000000000, 14.97625053506794579 ) ) ;
#21 = CARTESIAN_POINT ( 'NONE',  ( -197.7659747490231439, -16.22798244141503687, 9.168209465725018603 ) ) ;
#22 = CARTESIAN_POINT ( 'NONE',  ( -199.4933375510731821, -23.00000000000000000, 15.45626808259536134 ) ) ;
#23 = EDGE_CURVE ( 'NONE', #1055, #1442, #1995, .T. ) ;
#24 = ORIENTED_EDGE ( 'NONE', *, *, #1350, .F. ) ;
#25 = PLANE ( 'NONE',  #1896 ) ;
#26 = CARTESIAN_POINT ( 'NONE',  ( -194.7753473563353452, -24.00000000000000000, 9.208683621353802806 ) ) ;
#27 = CARTESIAN_POINT ( 'NONE',  ( -197.4952411079094929, -13.00000000000000178, 15.36902930786470911 ) ) ;
#28 = CARTESIAN_POINT ( 'NONE',  ( -187.5777944342755745, -23.03207810179351256, 13.26004649931353541 ) ) ;
#29 = EDGE_LOOP ( 'NONE', ( #153, #267, #1553, #515, #1359, #2043 ) ) ;
#30 = CARTESIAN_POINT ( 'NONE',  ( -201.8840084805249546, -26.00000000000000000, 6.552072863089311028 ) ) ;
#31 = CARTESIAN_POINT ( 'NONE',  ( -197.7569574321015580, -13.74134957252517353, 9.374739978373536786 ) ) ;
#32 = CARTESIAN_POINT ( 'NONE',  ( -188.9963128290114582, -23.00000000000000000, 14.99795808549622933 ) ) ;
#33 = DIRECTION ( 'NONE',  ( 0.9990482215818580203, -0.000000000000000000, -0.04361938736532862404 ) ) ;
#34 = VERTEX_POINT ( 'NONE', #605 ) ;
#35 = CARTESIAN_POINT ( 'NONE',  ( -183.7663039729071386, -15.33333333333333215, 8.855187912364518965 ) ) ;
#36 = CARTESIAN_POINT ( 'NONE',  ( -189.8900756739194264, -24.00000000000000711, 6.028406447571638793 ) ) ;
#37 = CARTESIAN_POINT ( 'NONE',  ( -187.5047588920910187, -27.00199999999999889, 14.93283543421138049 ) ) ;
#38 = CARTESIAN_POINT ( 'NONE',  ( -188.4994221868460613, -13.00000000000000355, 14.97626337153687182 ) ) ;
#39 = VERTEX_POINT ( 'NONE', #758 ) ;
#40 = CARTESIAN_POINT ( 'NONE',  ( -199.4933385691173839, -19.27738911397970867, 15.45624476556956850 ) ) ;
#41 = CARTESIAN_POINT ( 'NONE',  ( -196.1914762265844558, -23.99951962005655304, 6.417649240845011427 ) ) ;
#42 = CARTESIAN_POINT ( 'NONE',  ( -199.4933375510731821, -27.00199999999999889, 15.45626808259536134 ) ) ;
#43 = CARTESIAN_POINT ( 'NONE',  ( -195.3947848222275354, -15.46150515674477610, 6.268747239423832163 ) ) ;
#44 = CARTESIAN_POINT ( 'NONE',  ( -188.2568564069880210, -26.03095341584995381, 6.923430345541492947 ) ) ;
#45 = CARTESIAN_POINT ( 'NONE',  ( -185.5066644568713059, -19.37328724713747263, 14.84555066986944993 ) ) ;
#46 = CARTESIAN_POINT ( 'NONE',  ( -189.8862502575734652, -24.53849484326173425, 6.028239426286899239 ) ) ;
#47 = VERTEX_POINT ( 'NONE', #939 ) ;
#48 = CARTESIAN_POINT ( 'NONE',  ( -197.8878155941975194, -20.00000000000000000, 6.377595313627996809 ) ) ;
#49 = ADVANCED_FACE ( 'NONE', ( #2072 ), #1844, .F. ) ;
#50 = CARTESIAN_POINT ( 'NONE',  ( -185.5066624489273011, -13.00000000000000355, 14.84559665948070339 ) ) ;
#51 = EDGE_LOOP ( 'NONE', ( #2064, #761, #862, #2015 ) ) ;
#52 = CARTESIAN_POINT ( 'NONE',  ( -194.9040360797958726, -14.00000000000000355, 6.247320686598138550 ) ) ;
#53 = B_SPLINE_CURVE_WITH_KNOTS ( 'NONE', 3,
 ( #1064, #294, #924, #757, #571, #435, #92, #1703, #283, #913, #448, #1393, #1427, #2051, #261, #902, #594, #1096, #115, #1233, #1738, #741, #604, #938, #766, #1863, #1077, #1586, #1551, #2060, #1714, #1269, #252, #1899, #1404, #2038, #581, #1107, #1748, #947, #1595 ),
 .UNSPECIFIED., .F., .F.,
 ( 4, 2, 2, 1, 1, 1, 1, 2, 2, 2, 2, 2, 2, 1, 1, 1, 2, 2, 2, 1, 1, 1, 1, 2, 2, 4 ),
 ( 0.000000000000000000, 0.1249999999998054612, 0.1874999999997088163, 0.2187499999996622146, 0.2343749999996389277, 0.2421874999996249389, 0.2460937499996204980, 0.2480468749996153632, 0.2499999999996102007, 0.3749999999993992028, 0.4999999999991881494, 0.6249999999989771515, 0.6874999999988639088, 0.7187499999988071764, 0.7343749999987861932, 0.7421874999987756460, 0.7460937499987776444, 0.7499999999987797539, 0.8124999999990422106, 0.8437499999991651123, 0.8593749999992266186, 0.8671874999992494892, 0.8710937499992686961, 0.8730468749992861266, 0.8749999999993034461, 1.000000000000000000 ),
 .UNSPECIFIED. ) ;
#54 = CARTESIAN_POINT ( 'NONE',  ( -199.4978271251365527, -18.61893858815104252, 15.36634298899665829 ) ) ;
#55 = CARTESIAN_POINT ( 'NONE',  ( -197.7682975333131026, -13.77991737144999540, 9.115008958927351301 ) ) ;
#56 = CARTESIAN_POINT ( 'NONE',  ( -185.8725244966034893, -19.77350381445944549, 14.86157054145668965 ) ) ;
#57 = DIRECTION ( 'NONE',  ( -0.000000000000000000, 1.000000000000000000, -0.000000000000000000 ) ) ;
#58 = AXIS2_PLACEMENT_3D ( 'NONE', #71, #1704, #1740 ) ;
#59 = CARTESIAN_POINT ( 'NONE',  ( -197.0005907732237063, -14.53849484325853325, 6.554138900365759746 ) ) ;
#60 = CARTESIAN_POINT ( 'NONE',  ( -187.9135216284636556, -26.10140286569152224, 7.724124807843889329 ) ) ;
#61 = CARTESIAN_POINT ( 'NONE',  ( -194.8906709294519430, -25.46150515673837234, 6.246737151531965182 ) ) ;
#62 = VECTOR ( 'NONE', #296, 1000.000000000000000 ) ;
#63 = DIRECTION ( 'NONE',  ( -0.9990482215818580203, 0.000000000000000000, 0.04361938736532848526 ) ) ;
#64 = ORIENTED_EDGE ( 'NONE', *, *, #1504, .T. ) ;
#65 = CARTESIAN_POINT ( 'NONE',  ( -197.7569574321015580, -13.74134957252517353, 9.374739978373536786 ) ) ;
#66 = CARTESIAN_POINT ( 'NONE',  ( -197.5844786921001912, -23.11586958591989927, 13.32515260145217972 ) ) ;
#67 = CARTESIAN_POINT ( 'NONE',  ( -190.8871083261822150, -14.00000000000000178, 6.071937909594538496 ) ) ;
#68 = B_SPLINE_CURVE_WITH_KNOTS ( 'NONE', 3,
 ( #1243, #1883, #1401, #250 ),
 .UNSPECIFIED., .F., .F.,
 ( 4, 4 ),
 ( 0.2876217844688788161, 0.6671234471342479821 ),
 .UNSPECIFIED. ) ;
#69 = CARTESIAN_POINT ( 'NONE',  ( -187.7664752162830553, -23.74134957252516998, 8.938546104720215268 ) ) ;
#70 = CARTESIAN_POINT ( 'NONE',  ( -196.8975469639069615, -16.00578688549447648, 6.740282937852486889 ) ) ;
#71 = CARTESIAN_POINT ( 'NONE',  ( 0.000000000000000000, 0.000000000000000000, 0.000000000000000000 ) ) ;
#72 = CARTESIAN_POINT ( 'NONE',  ( -187.7778165628421618, -26.22007839311072175, 8.678786562127946524 ) ) ;
#73 = CARTESIAN_POINT ( 'NONE',  ( -197.7569574321015011, -23.61548452977768520, 9.374739978373543892 ) ) ;
#74 = CARTESIAN_POINT ( 'NONE',  ( -185.5128008030749811, -21.73887600143351406, 14.66026995306691738 ) ) ;
#75 = LINE ( 'NONE', #1239, #927 ) ;
#76 = B_SPLINE_CURVE_WITH_KNOTS ( 'NONE', 3,
 ( #1594, #1614, #1457, #123 ),
 .UNSPECIFIED., .F., .F.,
 ( 4, 4 ),
 ( 0.000000000000000000, 1.000000000000000000 ),
 .UNSPECIFIED. ) ;
#77 = CARTESIAN_POINT ( 'NONE',  ( -197.5956051800980617, -23.15929863889041584, 13.07031412897146616 ) ) ;
#78 = ORIENTED_EDGE ( 'NONE', *, *, #1380, .T. ) ;
#79 = CARTESIAN_POINT ( 'NONE',  ( -185.5066624489272726, -17.00000000000000000, 14.84559665948070339 ) ) ;
#80 = EDGE_CURVE ( 'NONE', #4, #1723, #243, .T. ) ;
#81 = VERTEX_POINT ( 'NONE', #469 ) ;
#82 = DIRECTION ( 'NONE',  ( 0.04361938736533594457, 0.000000000000000000, 0.9990482215818577982 ) ) ;
#83 = EDGE_CURVE ( 'NONE', #499, #1052, #1758, .T. ) ;
#84 = CARTESIAN_POINT ( 'NONE',  ( -189.6206577222836529, -26.00041088921359744, 6.122057822035202435 ) ) ;
#85 = B_SPLINE_CURVE_WITH_KNOTS ( 'NONE', 3,
 ( #776, #1438, #2070, #614 ),
 .UNSPECIFIED., .F., .F.,
 ( 4, 4 ),
 ( 0.000000000000000000, 1.000000000000000000 ),
 .UNSPECIFIED. ) ;
#86 = CARTESIAN_POINT ( 'NONE',  ( -197.7569574321015011, -26.38451547022231125, 9.374739978373545668 ) ) ;
#87 = CARTESIAN_POINT ( 'NONE',  ( -188.0738769651167672, -24.53849484326493879, 6.828626260948391646 ) ) ;
#88 = CARTESIAN_POINT ( 'NONE',  ( -190.8944780431245931, -24.66666666666534979, 6.072259602070627871 ) ) ;
#89 = CARTESIAN_POINT ( 'NONE',  ( -183.9011404920515815, -14.00000000000000178, 5.766923890513322881 ) ) ;
#90 = EDGE_LOOP ( 'NONE', ( #962, #846, #1550, #638, #1400, #1639 ) ) ;
#91 = CARTESIAN_POINT ( 'NONE',  ( -198.4079782252662483, -16.80033256087389049, 12.81341513750418137 ) ) ;
#92 = CARTESIAN_POINT ( 'NONE',  ( -187.8832166575220981, -16.11514550321339811, 7.850442939072993731 ) ) ;
#93 = B_SPLINE_CURVE_WITH_KNOTS ( 'NONE', 3,
 ( #430, #1206, #88, #1544 ),
 .UNSPECIFIED., .F., .F.,
 ( 4, 4 ),
 ( 0.000000000000000000, 1.000000000000000000 ),
 .UNSPECIFIED. ) ;
#94 = CARTESIAN_POINT ( 'NONE',  ( -199.4933375510732390, -13.00000000000000178, 15.45626808259536666 ) ) ;
#95 = CARTESIAN_POINT ( 'NONE',  ( -197.7569574321015011, -24.53849484325532870, 9.374739978373543892 ) ) ;
#96 = CARTESIAN_POINT ( 'NONE',  ( -185.2244587423595306, -23.19782660220213799, 12.23854277581417094 ) ) ;
#97 = CARTESIAN_POINT ( 'NONE',  ( -201.7491719613805401, -24.00000000000000000, 9.640336884940516882 ) ) ;
#98 = ORIENTED_EDGE ( 'NONE', *, *, #1922, .T. ) ;
#99 = CARTESIAN_POINT ( 'NONE',  ( -200.5519441850824762, -16.00000000000000000, 6.493913679935539918 ) ) ;
#100 = VECTOR ( 'NONE', #897, 1000.000000000000000 ) ;
#101 = CARTESIAN_POINT ( 'NONE',  ( -187.7664752162830553, -13.74134957252517708, 8.938546104720206387 ) ) ;
#102 = ORIENTED_EDGE ( 'NONE', *, *, #1577, .T. ) ;
#103 = CARTESIAN_POINT ( 'NONE',  ( -196.1556968476137683, -13.99958839259192445, 6.407476491479769720 ) ) ;
#104 = PRODUCT ( 'motor pylon bracket secondary spar', 'motor pylon bracket secondary spar', '', ( #1727 ) ) ;
#105 = ORIENTED_EDGE ( 'NONE', *, *, #670, .F. ) ;
#106 = CARTESIAN_POINT ( 'NONE',  ( -197.5527233173332036, -17.09491131420367793, 14.05247026001895350 ) ) ;
#107 = CARTESIAN_POINT ( 'NONE',  ( -197.4952411079094929, -13.00000000000000178, 15.36902930786470733 ) ) ;
#108 = PLANE ( 'NONE',  #131 ) ;
#109 = CARTESIAN_POINT ( 'NONE',  ( -190.3903641503490576, -13.61548452977769408, 6.050249514178764443 ) ) ;
#110 = EDGE_LOOP ( 'NONE', ( #1409, #24, #1087, #726 ) ) ;
#111 = CARTESIAN_POINT ( 'NONE',  ( -197.7569574321015011, -24.58044985750853328, 9.374739978373543892 ) ) ;
#112 = CARTESIAN_POINT ( 'NONE',  ( -187.6793552522730408, -26.55494630628371766, 10.93392133499317076 ) ) ;
#113 = CARTESIAN_POINT ( 'NONE',  ( -197.0607933001550975, -26.00966914351877435, 6.866857702968138355 ) ) ;
#114 = FACE_OUTER_BOUND ( 'NONE', #488, .T. ) ;
#115 = CARTESIAN_POINT ( 'NONE',  ( -188.8189352227979612, -16.00595820012177128, 6.399840131626687523 ) ) ;
#116 = CARTESIAN_POINT ( 'NONE',  ( -197.5098737742193578, -17.93315752471162128, 15.03388614935526491 ) ) ;
#117 = CARTESIAN_POINT ( 'NONE',  ( -188.7613038393138538, -16.00000000000000000, 8.982333727107169707 ) ) ;
#118 = CARTESIAN_POINT ( 'NONE',  ( -190.3903641503490576, -16.38451547022230770, 6.050249514178764443 ) ) ;
#119 = ORIENTED_EDGE ( 'NONE', *, *, #1163, .T. ) ;
#120 = CARTESIAN_POINT ( 'NONE',  ( -198.2508933047798791, -21.12614577047099118, 15.40202179527738657 ) ) ;
#121 = EDGE_CURVE ( 'NONE', #1775, #995, #793, .T. ) ;
#122 = CARTESIAN_POINT ( 'NONE',  ( -187.5047588920910471, -26.99999999999999645, 14.93283543421138226 ) ) ;
#123 = CARTESIAN_POINT ( 'NONE',  ( -199.4933375558864270, -20.23436887958970232, 15.45626797235553518 ) ) ;
#124 = CARTESIAN_POINT ( 'NONE',  ( -197.7569574321015864, -26.25865042747483358, 9.374739978373547444 ) ) ;
#125 = CARTESIAN_POINT ( 'NONE',  ( -185.2244587423594453, -16.80217339779779095, 12.23854277581363093 ) ) ;
#126 = CARTESIAN_POINT ( 'NONE',  ( -197.4952411079094929, -27.00000000000000000, 15.36902930786470911 ) ) ;
#127 = CARTESIAN_POINT ( 'NONE',  ( -187.7884853041749125, -13.61548452977769408, 8.434432211944629998 ) ) ;
#128 = B_SPLINE_CURVE_WITH_KNOTS ( 'NONE', 3,
 ( #1692, #1724, #889, #2036 ),
 .UNSPECIFIED., .F., .F.,
 ( 4, 4 ),
 ( 0.000000000000000000, 1.000000000000000000 ),
 .UNSPECIFIED. ) ;
#129 = ORIENTED_EDGE ( 'NONE', *, *, #612, .F. ) ;
#130 = CARTESIAN_POINT ( 'NONE',  ( -199.2198798896399978, -25.99999999999999645, 6.435754496781767919 ) ) ;
#131 = AXIS2_PLACEMENT_3D ( 'NONE', #2027, #213, #1204 ) ;
#132 = CARTESIAN_POINT ( 'NONE',  ( -185.5066624489273295, -25.66666666666666430, 14.84559665948070695 ) ) ;
#133 = AXIS2_PLACEMENT_3D ( 'NONE', #1289, #1583, #1917 ) ;
#134 = CARTESIAN_POINT ( 'NONE',  ( -192.5000000000002274, -27.00000000000000000, 15.15093237103806700 ) ) ;
#135 = APPLICATION_CONTEXT ( 'automotive_design' ) ;
#136 = CARTESIAN_POINT ( 'NONE',  ( -187.7664752162830268, -15.41955014249170475, 8.938546104720206387 ) ) ;
#137 = CARTESIAN_POINT ( 'NONE',  ( -199.4933375510732390, -20.24045861126841572, 15.45626808259536489 ) ) ;
#138 = CARTESIAN_POINT ( 'NONE',  ( -185.2332047874940599, -16.00000000000000000, 5.825083073667103761 ) ) ;
#139 = CARTESIAN_POINT ( 'NONE',  ( -187.8104953920667981, -14.53849484325773034, 7.930318319169054497 ) ) ;
#140 = EDGE_LOOP ( 'NONE', ( #565, #1155, #1412, #980, #367, #1768, #1691, #388, #1558, #467, #477, #884 ) ) ;
#141 = CARTESIAN_POINT ( 'NONE',  ( -201.7491719613805401, -25.99999999999999645, 9.640336884940516882 ) ) ;
#142 = CARTESIAN_POINT ( 'NONE',  ( -199.5733183879019919, -17.37665027502026760, 14.63291769659285890 ) ) ;
#143 = CARTESIAN_POINT ( 'NONE',  ( -187.5047588920910187, -23.00000000000000000, 14.93283543421138049 ) ) ;
#144 = CARTESIAN_POINT ( 'NONE',  ( -183.7663039729071386, -23.54141515864602852, 8.855187912364518965 ) ) ;
#145 = CARTESIAN_POINT ( 'NONE',  ( -187.6271532123850534, -20.67780729170537768, 14.93817928564206809 ) ) ;
#146 = CARTESIAN_POINT ( 'NONE',  ( -185.5066624489273295, -17.92077416740923113, 14.84559665948070872 ) ) ;
#147 = CARTESIAN_POINT ( 'NONE',  ( -198.2508933048408153, -18.87385422953358471, 15.40202179528956705 ) ) ;
#148 = EDGE_CURVE ( 'NONE', #1882, #1874, #1655, .T. ) ;
#149 = CARTESIAN_POINT ( 'NONE',  ( -197.7256472671660958, -13.89245385287987311, 8.210289667091052124 ) ) ;
#150 = EDGE_CURVE ( 'NONE', #415, #236, #2026, .T. ) ;
#151 = CARTESIAN_POINT ( 'NONE',  ( -188.1330544053234917, -17.00000000000000000, 11.95705688658132537 ) ) ;
#152 = CARTESIAN_POINT ( 'NONE',  ( -199.4933375510732390, -17.91974925055627565, 15.45626808259536489 ) ) ;
#153 = ORIENTED_EDGE ( 'NONE', *, *, #249, .F. ) ;
#154 = CARTESIAN_POINT ( 'NONE',  ( -200.4181653554214506, -25.99999999999999645, 9.557952629835781977 ) ) ;
#155 = CARTESIAN_POINT ( 'NONE',  ( -199.7332689702936364, -16.98828400746078060, 13.83046326462062581 ) ) ;
#156 = CARTESIAN_POINT ( 'NONE',  ( -189.8868865641518937, -25.99999999999999645, 6.028267208032151103 ) ) ;
#157 = CARTESIAN_POINT ( 'NONE',  ( -196.8910883957896658, -16.00000000000000355, 6.334077264322957035 ) ) ;
#158 = CARTESIAN_POINT ( 'NONE',  ( -197.8878155941975194, -16.00000000000000000, 6.377595313627951512 ) ) ;
#159 = CYLINDRICAL_SURFACE ( 'NONE', #610, 4.999999999999990230 ) ;
#160 = CARTESIAN_POINT ( 'NONE',  ( -187.7851913175242942, -13.80112892823258974, 8.525139449446680118 ) ) ;
#161 = SURFACE_STYLE_FILL_AREA ( #792 ) ;
#162 = ORIENTED_EDGE ( 'NONE', *, *, #1298, .T. ) ;
#163 = CARTESIAN_POINT ( 'NONE',  ( -199.6281740702177103, -26.99999999999999645, 12.36800406074416081 ) ) ;
#164 = CARTESIAN_POINT ( 'NONE',  ( -187.5047588920910471, -13.00000000000000178, 14.93283543421138404 ) ) ;
#165 = CARTESIAN_POINT ( 'NONE',  ( -199.0871587494623611, -24.00000000000000000, 9.475568374731050625 ) ) ;
#166 = B_SPLINE_CURVE_WITH_KNOTS ( 'NONE', 3,
 ( #1343, #701, #529, #1495, #825, #344, #364, #519, #1366, #1679, #1786, #28, #1001, #681, #1190, #6 ),
 .UNSPECIFIED., .F., .F.,
 ( 4, 2, 2, 2, 2, 2, 2, 4 ),
 ( 0.000000000000000000, 0.001119527938176475028, 0.001679291907264707879, 0.002239055876352940948, 0.002798819845441174233, 0.003358583814529407085, 0.003918347783617640370, 0.004478111752705873222 ),
 .UNSPECIFIED. ) ;
#167 = CARTESIAN_POINT ( 'NONE',  ( -185.6414989680717440, -22.08283031729206058, 11.75733263762950642 ) ) ;
#168 = CARTESIAN_POINT ( 'NONE',  ( -187.8973333783790167, -14.00000000000000355, 5.941401439974669962 ) ) ;
#169 = CARTESIAN_POINT ( 'NONE',  ( -185.5066624489272726, -17.00000000000000000, 14.84559665948070339 ) ) ;
#170 = AXIS2_PLACEMENT_3D ( 'NONE', #48, #1152, #1568 ) ;
#171 = CARTESIAN_POINT ( 'NONE',  ( -187.7664752162830553, -13.74134957252517708, 8.938546104720206387 ) ) ;
#172 = DIRECTION ( 'NONE',  ( -0.04361938736533521599, 0.000000000000000000, -0.9990482215818577982 ) ) ;
#173 = ORIENTED_EDGE ( 'NONE', *, *, #232, .T. ) ;
#174 = CARTESIAN_POINT ( 'NONE',  ( -187.6097552393584635, -16.82489473503252597, 12.52802371295634920 ) ) ;
#175 = LINE ( 'NONE', #208, #1367 ) ;
#176 = CARTESIAN_POINT ( 'NONE',  ( -197.3453876813428849, -26.02218475434676037, 7.166658131747759342 ) ) ;
#177 = DIRECTION ( 'NONE',  ( 0.9990482215818580203, -0.000000000000000000, -0.04361938736532862404 ) ) ;
#178 = ORIENTED_EDGE ( 'NONE', *, *, #215, .T. ) ;
#179 = CARTESIAN_POINT ( 'NONE',  ( -187.5855726878456835, -16.92208835055256699, 13.08189520316626364 ) ) ;
#180 = CARTESIAN_POINT ( 'NONE',  ( -185.5066624489273295, -13.00000000000000178, 14.84559665948070872 ) ) ;
#181 = EDGE_CURVE ( 'NONE', #279, #341, #1288, .T. ) ;
#182 = CARTESIAN_POINT ( 'NONE',  ( -188.8919966731340310, -14.00000000000000355, 5.984829377300161291 ) ) ;
#183 = ORIENTED_EDGE ( 'NONE', *, *, #1637, .T. ) ;
#184 = CARTESIAN_POINT ( 'NONE',  ( -199.1279648781043647, -19.32421254207275751, 15.44031556718554299 ) ) ;
#185 = CARTESIAN_POINT ( 'NONE',  ( -199.4977478477740078, -18.62542009581286706, 15.36775697103013449 ) ) ;
#186 = CARTESIAN_POINT ( 'NONE',  ( -196.5672520450816307, -23.99805025646313794, 6.554033226671542423 ) ) ;
#187 = EDGE_CURVE ( 'NONE', #1312, #1825, #1582, .T. ) ;
#188 = CARTESIAN_POINT ( 'NONE',  ( -199.4933375558864270, -20.23436887958970232, 15.45626797235553518 ) ) ;
#189 = CARTESIAN_POINT ( 'NONE',  ( -197.7789675199933868, -16.38451547022231125, 8.870626085597983490 ) ) ;
#190 = VERTEX_POINT ( 'NONE', #260 ) ;
#191 = CARTESIAN_POINT ( 'NONE',  ( -185.6414989680717440, -19.75073968900882448, 11.75733263762950642 ) ) ;
#192 = CARTESIAN_POINT ( 'NONE',  ( -194.9046420991198261, -24.00000000000000000, 6.247347145973243698 ) ) ;
#193 = CARTESIAN_POINT ( 'NONE',  ( -187.7664752162830553, -23.74134957252516998, 8.938546104720215268 ) ) ;
#194 = CARTESIAN_POINT ( 'NONE',  ( -187.5047588920910187, -23.00000000000000000, 14.93283543421138049 ) ) ;
#195 = EDGE_CURVE ( 'NONE', #81, #1570, #128, .T. ) ;
#196 = B_SPLINE_CURVE_WITH_KNOTS ( 'NONE', 3,
 ( #1697, #724, #111, #1388 ),
 .UNSPECIFIED., .F., .F.,
 ( 4, 4 ),
 ( 0.000000000000000000, 1.000000000000000000 ),
 .UNSPECIFIED. ) ;
#197 = CARTESIAN_POINT ( 'NONE',  ( -189.8905166791313377, -14.00000000000000533, 6.028425702275018949 ) ) ;
#198 = VERTEX_POINT ( 'NONE', #1265 ) ;
#199 = CARTESIAN_POINT ( 'NONE',  ( -198.2504058478134255, -19.32320114125246491, 15.40200051245598267 ) ) ;
#200 = CARTESIAN_POINT ( 'NONE',  ( -195.5437784475068099, -23.99999010128913923, 6.291496678305552592 ) ) ;
#201 = CYLINDRICAL_SURFACE ( 'NONE', #1059, 6.999999999999995559 ) ;
#202 = CARTESIAN_POINT ( 'NONE',  ( -197.6083643366321212, -23.20059110588030649, 12.77808139912032814 ) ) ;
#203 = VECTOR ( 'NONE', #1803, 1000.000000000000000 ) ;
#204 = ORIENTED_EDGE ( 'NONE', *, *, #1423, .T. ) ;
#205 = CARTESIAN_POINT ( 'NONE',  ( -183.9011404920516100, -14.66666666666666785, 5.766923890513321105 ) ) ;
#206 = CARTESIAN_POINT ( 'NONE',  ( -196.0036543603706320, -23.00000000000000000, 15.30390522403732767 ) ) ;
#207 = CARTESIAN_POINT ( 'NONE',  ( -190.8864468176499258, -24.00000000000000000, 6.071909043895129088 ) ) ;
#208 = CARTESIAN_POINT ( 'NONE',  ( -197.4952411079094929, -16.00000000000000000, 15.36902930786470556 ) ) ;
#209 = CARTESIAN_POINT ( 'NONE',  ( -190.7520291680911555, -14.00000000000000355, 9.033006880385613613 ) ) ;
#210 = ORIENTED_EDGE ( 'NONE', *, *, #2024, .F. ) ;
#211 = CARTESIAN_POINT ( 'NONE',  ( -197.7203123599523451, -13.89607360484467335, 8.176169743345678143 ) ) ;
#212 = CARTESIAN_POINT ( 'NONE',  ( -194.8976339960423729, -16.00000000000000000, 6.247041232853797865 ) ) ;
#213 = DIRECTION ( 'NONE',  ( 0.000000000000000000, 1.000000000000000000, 0.000000000000000000 ) ) ;
#214 = CARTESIAN_POINT ( 'NONE',  ( -194.8906709294519430, -13.61548452977769408, 6.246737151531964294 ) ) ;
#215 = EDGE_CURVE ( 'NONE', #1055, #1035, #503, .T. ) ;
#216 = CARTESIAN_POINT ( 'NONE',  ( -190.2061640481630604, -26.00001306477661700, 6.060923791699559970 ) ) ;
#217 = CARTESIAN_POINT ( 'NONE',  ( -197.7789675199933868, -24.53849484325532870, 8.870626085597983490 ) ) ;
#218 = CARTESIAN_POINT ( 'NONE',  ( -196.8934244291716311, -24.00000000000000000, 6.334179257743078217 ) ) ;
#219 = CARTESIAN_POINT ( 'NONE',  ( -188.6768751174363388, -23.99028326497933250, 6.502117674767775135 ) ) ;
#220 = ORIENTED_EDGE ( 'NONE', *, *, #121, .T. ) ;
#221 = CARTESIAN_POINT ( 'NONE',  ( -199.4933375510732390, -27.00000000000000000, 15.45626808259536666 ) ) ;
#222 = CARTESIAN_POINT ( 'NONE',  ( -183.9011404920515531, -14.00000000000000355, 5.766923890513319328 ) ) ;
#223 = VERTEX_POINT ( 'NONE', #67 ) ;
#224 = CARTESIAN_POINT ( 'NONE',  ( -197.8878155941975194, -14.00000000000000355, 6.377595313627995921 ) ) ;
#225 = CARTESIAN_POINT ( 'NONE',  ( -199.4944353489121056, -18.90189397251987202, 15.42714502742896165 ) ) ;
#226 = CARTESIAN_POINT ( 'NONE',  ( -197.0836486152522298, -13.99047279897500395, 6.876909282926519928 ) ) ;
#227 = CARTESIAN_POINT ( 'NONE',  ( -199.7452736061056555, -23.03415319366906999, 13.77521412744879470 ) ) ;
#228 = CARTESIAN_POINT ( 'NONE',  ( -197.0005907732237063, -13.61548452977769408, 6.554138900365759746 ) ) ;
#229 = CARTESIAN_POINT ( 'NONE',  ( -190.0626930197394415, -26.00003525716680031, 6.067442725345934207 ) ) ;
#230 = CARTESIAN_POINT ( 'NONE',  ( -197.7789675199933868, -25.46150515673836878, 8.870626085597985266 ) ) ;
#231 = CARTESIAN_POINT ( 'NONE',  ( -188.9449904353758711, -23.99559518497530064, 6.339711740587765654 ) ) ;
#232 = EDGE_CURVE ( 'NONE', #1975, #309, #948, .T. ) ;
#233 = ORIENTED_EDGE ( 'NONE', *, *, #1914, .F. ) ;
#234 = CARTESIAN_POINT ( 'NONE',  ( -197.4952411079094929, -17.00000000000000000, 15.36902930786470733 ) ) ;
#235 = CARTESIAN_POINT ( 'NONE',  ( -197.5892147967242352, -23.13552556130206028, 13.21667797153122947 ) ) ;
#236 = VERTEX_POINT ( 'NONE', #910 ) ;
#237 = CARTESIAN_POINT ( 'NONE',  ( -187.7664752162830553, -16.25865042747483002, 8.938546104720215268 ) ) ;
#238 = CARTESIAN_POINT ( 'NONE',  ( -195.7335921384656103, -15.99969082347793581, 6.292186872480486137 ) ) ;
#239 = VECTOR ( 'NONE', #1962, 1000.000000000000000 ) ;
#240 = EDGE_LOOP ( 'NONE', ( #2012, #1464, #710, #1663 ) ) ;
#241 = CARTESIAN_POINT ( 'NONE',  ( -195.3947848222275354, -25.46150515673837234, 6.268747239423833939 ) ) ;
#242 = EDGE_CURVE ( 'NONE', #4, #257, #557, .T. ) ;
#243 = CIRCLE ( 'NONE', #1957, 6.999999999999995559 ) ;
#244 = CARTESIAN_POINT ( 'NONE',  ( -190.8944780431246215, -24.53849484326173425, 6.072259602070628759 ) ) ;
#245 = EDGE_CURVE ( 'NONE', #1052, #1112, #1431, .T. ) ;
#246 = CARTESIAN_POINT ( 'NONE',  ( -197.7569574321015580, -13.74134957252517353, 9.374739978373536786 ) ) ;
#247 = CARTESIAN_POINT ( 'NONE',  ( -185.6414989680717156, -13.00000000000000355, 11.75733263762950109 ) ) ;
#248 = EDGE_LOOP ( 'NONE', ( #697, #556, #1815, #11, #1850, #1610, #975, #738, #405, #781, #823, #2047 ) ) ;
#249 = EDGE_CURVE ( 'NONE', #1694, #34, #455, .T. ) ;
#250 = CARTESIAN_POINT ( 'NONE',  ( -197.7569574321015580, -16.25865042747482647, 9.374739978373517246 ) ) ;
#251 = CARTESIAN_POINT ( 'NONE',  ( -185.0002879943335188, -17.88971643742214823, 14.65409747839023602 ) ) ;
#252 = CARTESIAN_POINT ( 'NONE',  ( -190.1580319567831339, -16.00001877286413432, 6.062692312846349019 ) ) ;
#253 = APPLICATION_CONTEXT ( 'automotive_design' ) ;
#254 = CARTESIAN_POINT ( 'NONE',  ( -189.6061903362392229, -26.00043744670086454, 6.124802059136652765 ) ) ;
#255 = CARTESIAN_POINT ( 'NONE',  ( -197.8009776078852724, -23.61548452977768520, 8.366512192822419536 ) ) ;
#256 = CARTESIAN_POINT ( 'NONE',  ( -186.8182314662244607, -23.19966743912608820, 12.30739586593371371 ) ) ;
#257 = VERTEX_POINT ( 'NONE', #1851 ) ;
#258 = CARTESIAN_POINT ( 'NONE',  ( -199.6281740702177103, -17.00000000000000000, 12.36800406074416081 ) ) ;
#259 = EDGE_LOOP ( 'NONE', ( #1546, #425, #322, #526, #269, #922 ) ) ;
#260 = CARTESIAN_POINT ( 'NONE',  ( -197.4952411079094929, -17.00000000000000000, 15.36902930786470911 ) ) ;
#261 = CARTESIAN_POINT ( 'NONE',  ( -188.0569793567440797, -16.05802348762735932, 7.281904275104794877 ) ) ;
#262 = CARTESIAN_POINT ( 'NONE',  ( -187.9766701588709168, -26.07614179655372766, 7.486084775195674723 ) ) ;
#263 = CARTESIAN_POINT ( 'NONE',  ( -197.6346170708511067, -25.46150515673516068, 7.246057188868008758 ) ) ;
#264 = B_SPLINE_SURFACE_WITH_KNOTS ( 'NONE', 3, 3, ( 
 ( #1306, #772, #1297, #783 ),
 ( #609, #472, #1629, #1433 ),
 ( #1621, #1763, #2057, #1276 ),
 ( #1933, #631, #976, #1893 ),
 ( #130, #943, #1753, #2065 ),
 ( #964, #154, #985, #599 ),
 ( #1465, #141, #163, #2095 ) ),
 .UNSPECIFIED., .F., .F., .F.,
 ( 4, 3, 4 ),
 ( 4, 4 ),
 ( -0.7474397098124651029, 0.000000000000000000, 1.000000000000000000 ),
 ( 0.000000000000000000, 1.000000000000000000 ),
 .UNSPECIFIED. ) ;
#265 = B_SPLINE_CURVE_WITH_KNOTS ( 'NONE', 3,
 ( #1023, #1172, #197, #1809 ),
 .UNSPECIFIED., .F., .F.,
 ( 4, 4 ),
 ( 0.9999999999999791278, 1.748155816341529611 ),
 .UNSPECIFIED. ) ;
#266 = CARTESIAN_POINT ( 'NONE',  ( -189.8862502575734652, -16.38451547022230770, 6.028239426286899239 ) ) ;
#267 = ORIENTED_EDGE ( 'NONE', *, *, #1912, .T. ) ;
#268 = CARTESIAN_POINT ( 'NONE',  ( -201.8840084805249262, -24.66666666666666785, 6.552072863089311916 ) ) ;
#269 = ORIENTED_EDGE ( 'NONE', *, *, #436, .F. ) ;
#270 = CARTESIAN_POINT ( 'NONE',  ( -187.6674729126073942, -23.35610746684350403, 11.20607165686211104 ) ) ;
#271 = CARTESIAN_POINT ( 'NONE',  ( -185.8720351219327256, -19.32421254207123695, 14.86154917488976146 ) ) ;
#272 = EDGE_CURVE ( 'NONE', #1658, #1472, #1991, .T. ) ;
#273 = B_SPLINE_CURVE_WITH_KNOTS ( 'NONE', 3,
 ( #65, #1720, #554, #1556 ),
 .UNSPECIFIED., .F., .F.,
 ( 4, 4 ),
 ( 0.3328765528657543493, 1.000000000000000000 ),
 .UNSPECIFIED. ) ;
#274 = CARTESIAN_POINT ( 'NONE',  ( -197.5006724764399166, -18.45381603601598997, 15.24463051643994227 ) ) ;
#275 = CARTESIAN_POINT ( 'NONE',  ( -187.5047588920910471, -27.00000000000000000, 14.93283543421138404 ) ) ;
#276 = CARTESIAN_POINT ( 'NONE',  ( -185.4511883204106084, -22.91142101482596516, 13.50295330216791889 ) ) ;
#277 = UNCERTAINTY_MEASURE_WITH_UNIT (LENGTH_MEASURE( 1.000000000000000082E-05 ), #1130, 'distance_accuracy_value', 'NONE');
#278 = B_SPLINE_CURVE_WITH_KNOTS ( 'NONE', 3,
 ( #668, #864, #1987, #522 ),
 .UNSPECIFIED., .F., .F.,
 ( 4, 4 ),
 ( 0.000000000000000000, 1.000000000000000000 ),
 .UNSPECIFIED. ) ;
#279 = VERTEX_POINT ( 'NONE', #1094 ) ;
#280 = CARTESIAN_POINT ( 'NONE',  ( -183.9011404920515815, -24.00000000000000000, 5.766923890513322881 ) ) ;
#281 = ORIENTED_EDGE ( 'NONE', *, *, #1448, .T. ) ;
#282 = DIRECTION ( 'NONE',  ( 0.04361938736533826910, 0.000000000000000000, 0.9990482215818577982 ) ) ;
#283 = CARTESIAN_POINT ( 'NONE',  ( -187.9074879863837850, -16.10390743022605520, 7.747554329132498196 ) ) ;
#284 = B_SPLINE_CURVE_WITH_KNOTS ( 'NONE', 3,
 ( #1829, #1332, #1963, #221 ),
 .UNSPECIFIED., .F., .F.,
 ( 4, 4 ),
 ( 0.000000000000000000, 1.000000000000000000 ),
 .UNSPECIFIED. ) ;
#285 = CARTESIAN_POINT ( 'NONE',  ( -201.7491719613805117, -23.08015287042280406, 9.640336884940511553 ) ) ;
#286 = CARTESIAN_POINT ( 'NONE',  ( -194.8906709294519430, -24.66666666666868224, 6.246737151531965182 ) ) ;
#287 = CARTESIAN_POINT ( 'NONE',  ( -187.7884853041749125, -24.53849484326173069, 8.434432211944629998 ) ) ;
#288 = EDGE_CURVE ( 'NONE', #1052, #2031, #68, .T. ) ;
#289 = EDGE_LOOP ( 'NONE', ( #829, #1792, #804, #64 ) ) ;
#290 = CARTESIAN_POINT ( 'NONE',  ( -197.3723612716396474, -20.22840182467336945, 15.36366425834872906 ) ) ;
#291 = CARTESIAN_POINT ( 'NONE',  ( -199.4933375510732390, -13.00000000000000178, 15.45626808259537022 ) ) ;
#292 = CARTESIAN_POINT ( 'NONE',  ( -185.9017195382663203, -22.77671987237102869, 14.12915215379350364 ) ) ;
#293 = CARTESIAN_POINT ( 'NONE',  ( -187.8973333783790167, -14.00000000000000178, 5.941401439974622001 ) ) ;
#294 = CARTESIAN_POINT ( 'NONE',  ( -187.7778170203952470, -16.22007683696777036, 8.678776082437398287 ) ) ;
#295 = CARTESIAN_POINT ( 'NONE',  ( -184.7349449315090908, -16.51069919631638783, 10.08581880455350621 ) ) ;
#296 = DIRECTION ( 'NONE',  ( 0.000000000000000000, -1.000000000000000000, -0.000000000000000000 ) ) ;
#297 = CARTESIAN_POINT ( 'NONE',  ( -201.8840084805249262, -16.00000000000000000, 6.552072863089310140 ) ) ;
#298 = VERTEX_POINT ( 'NONE', #79 ) ;
#299 = CARTESIAN_POINT ( 'NONE',  ( -197.3817911355619117, -22.11432082120919773, 15.19443923447801481 ) ) ;
#300 = CARTESIAN_POINT ( 'NONE',  ( -199.6607691786371959, -17.09623419050695503, 14.14493338552817470 ) ) ;
#301 = CARTESIAN_POINT ( 'NONE',  ( -197.4952411079094929, -27.00000000000000000, 15.36902930786470911 ) ) ;
#302 = CARTESIAN_POINT ( 'NONE',  ( -185.6414989680717156, -26.99999999999999645, 11.75733263762950109 ) ) ;
#303 = CARTESIAN_POINT ( 'NONE',  ( -185.8725244965674790, -20.22649618553903039, 14.86157054145511758 ) ) ;
#304 = CARTESIAN_POINT ( 'NONE',  ( -199.1369140018786368, -17.88837374082679332, 15.27123527804350545 ) ) ;
#305 = CARTESIAN_POINT ( 'NONE',  ( -201.7491719613805117, -25.99999999999999645, 9.640336884940511553 ) ) ;
#306 = CARTESIAN_POINT ( 'NONE',  ( -189.8870213439354018, -16.00000000000000000, 6.028273092644583997 ) ) ;
#307 = CARTESIAN_POINT ( 'NONE',  ( -199.4933375510732390, -15.66666666666666607, 15.45626808259536489 ) ) ;
#308 = B_SPLINE_CURVE_WITH_KNOTS ( 'NONE', 3,
 ( #410, #1228, #1880, #280 ),
 .UNSPECIFIED., .F., .F.,
 ( 4, 4 ),
 ( 0.000000000000000000, 1.000000000000000000 ),
 .UNSPECIFIED. ) ;
#309 = VERTEX_POINT ( 'NONE', #237 ) ;
#310 = EDGE_CURVE ( 'NONE', #1570, #688, #1633, .T. ) ;
#311 = CARTESIAN_POINT ( 'NONE',  ( -198.2593525942228325, -22.11297236492888985, 15.23283794523257662 ) ) ;
#312 = PRODUCT_RELATED_PRODUCT_CATEGORY ( 'part', '', ( #104 ) ) ;
#313 = EDGE_CURVE ( 'NONE', #2035, #1874, #579, .T. ) ;
#314 = CARTESIAN_POINT ( 'NONE',  ( -183.9011404920516100, -25.99999999999999645, 5.766923890513321105 ) ) ;
#315 = VECTOR ( 'NONE', #1056, 1000.000000000000000 ) ;
#316 = EDGE_CURVE ( 'NONE', #257, #854, #1231, .T. ) ;
#317 = CARTESIAN_POINT ( 'NONE',  ( -201.8840084805249546, -26.00000000000000000, 6.552072863089311028 ) ) ;
#318 = CARTESIAN_POINT ( 'NONE',  ( -198.2846688968504054, -17.22217260542494444, 14.66954991781453543 ) ) ;
#319 = CARTESIAN_POINT ( 'NONE',  ( -197.4955546601727292, -19.00687484278444472, 15.36184778034040654 ) ) ;
#320 = CARTESIAN_POINT ( 'NONE',  ( -189.2316068526069444, -13.99863395478271855, 6.212939836924498138 ) ) ;
#321 = CARTESIAN_POINT ( 'NONE',  ( -199.4933375510732390, -14.33333333333333570, 15.45626808259536489 ) ) ;
#322 = ORIENTED_EDGE ( 'NONE', *, *, #9, .F. ) ;
#323 = CARTESIAN_POINT ( 'NONE',  ( -200.0055238752914875, -20.67477346855842768, 15.47863062045557037 ) ) ;
#324 = CARTESIAN_POINT ( 'NONE',  ( -190.8881716834531517, -15.99999999999943157, 6.071984294096557377 ) ) ;
#325 = DIRECTION ( 'NONE',  ( -0.9990482215818580203, 0.000000000000000000, 0.04361938736533081673 ) ) ;
#326 = CARTESIAN_POINT ( 'NONE',  ( -187.8639500186605460, -13.87893805829183869, 7.909768830956540597 ) ) ;
#327 = CARTESIAN_POINT ( 'NONE',  ( -201.8840084805249262, -17.37962387583441171, 6.552072863089310140 ) ) ;
#328 = VERTEX_POINT ( 'NONE', #324 ) ;
#329 = CARTESIAN_POINT ( 'NONE',  ( -199.2059862463933939, -23.08773435987854228, 13.71361823339733199 ) ) ;
#330 = CARTESIAN_POINT ( 'NONE',  ( -183.7663039729071386, -25.99999999999999645, 8.855187912364518965 ) ) ;
#331 = CARTESIAN_POINT ( 'NONE',  ( -188.3680461112489013, -13.97775599361911780, 6.775792448844416782 ) ) ;
#332 = CARTESIAN_POINT ( 'NONE',  ( -201.7491719613805117, -15.33333333333333215, 9.640336884940511553 ) ) ;
#333 = EDGE_LOOP ( 'NONE', ( #644, #1581, #1642, #1186 ) ) ;
#334 = CARTESIAN_POINT ( 'NONE',  ( -183.9011404920516100, -16.45845661483480526, 5.766923890513321105 ) ) ;
#335 = AXIS2_PLACEMENT_3D ( 'NONE', #1563, #1245, #82 ) ;
#336 = CARTESIAN_POINT ( 'NONE',  ( -200.0016871049519693, -16.80217339779786911, 12.88373049969932360 ) ) ;
#337 = CARTESIAN_POINT ( 'NONE',  ( -197.4508335446474518, -16.91038484395857822, 13.63728689053816545 ) ) ;
#338 = CIRCLE ( 'NONE', #1065, 5.999999999999998224 ) ;
#339 = B_SPLINE_CURVE_WITH_KNOTS ( 'NONE', 3,
 ( #1339, #1814, #1018, #1662 ),
 .UNSPECIFIED., .F., .F.,
 ( 4, 4 ),
 ( 0.000000000000000000, 1.000000000000000000 ),
 .UNSPECIFIED. ) ;
#340 = CARTESIAN_POINT ( 'NONE',  ( -197.8009776078852724, -16.38451547022231125, 8.366512192822419536 ) ) ;
#341 = VERTEX_POINT ( 'NONE', #623 ) ;
#342 = CARTESIAN_POINT ( 'NONE',  ( -183.7663039729071386, -14.00000000000000355, 8.855187912364518965 ) ) ;
#343 = ADVANCED_FACE ( 'NONE', ( #1145 ), #1496, .T. ) ;
#344 = CARTESIAN_POINT ( 'NONE',  ( -187.5194998855440360, -22.07117208096839178, 14.59521117621371467 ) ) ;
#345 = CARTESIAN_POINT ( 'NONE',  ( -187.5047588920910471, -13.00000000000000355, 14.93283543421138226 ) ) ;
#346 = CARTESIAN_POINT ( 'NONE',  ( -197.8878155941975194, -14.00000000000000178, 6.377595313627996809 ) ) ;
#347 = CARTESIAN_POINT ( 'NONE',  ( -183.7663039729071102, -24.00000000000000000, 8.855187912364524294 ) ) ;
#348 = CARTESIAN_POINT ( 'NONE',  ( -195.1724199849184913, -23.99999999999985079, 6.259049266231015096 ) ) ;
#349 = CARTESIAN_POINT ( 'NONE',  ( -197.7789675199933868, -14.53849484325853325, 8.870626085597983490 ) ) ;
#350 = ORIENTED_EDGE ( 'NONE', *, *, #996, .T. ) ;
#351 = CARTESIAN_POINT ( 'NONE',  ( -185.5066624489273295, -18.83382645933921751, 14.84559665948070695 ) ) ;
#352 = CARTESIAN_POINT ( 'NONE',  ( -196.6309342549713222, -23.00000000000000000, 12.34619266639330881 ) ) ;
#353 = ADVANCED_FACE ( 'NONE', ( #1778 ), #375, .T. ) ;
#354 = CARTESIAN_POINT ( 'NONE',  ( -190.8944780431246215, -26.38451547022231125, 6.072259602070629647 ) ) ;
#355 = CARTESIAN_POINT ( 'NONE',  ( -185.2244587423595306, -23.19782660220213799, 12.23854277581417094 ) ) ;
#356 = CARTESIAN_POINT ( 'NONE',  ( -187.7656699276847974, -24.00000000000000000, 8.956990245972994202 ) ) ;
#357 = CARTESIAN_POINT ( 'NONE',  ( -197.0838827116095899, -23.99046546713442751, 6.877120153302490380 ) ) ;
#358 = CARTESIAN_POINT ( 'NONE',  ( -197.7495062453492949, -16.12104888034805938, 8.341268441517300403 ) ) ;
#359 = CARTESIAN_POINT ( 'NONE',  ( -200.0016871049515998, -23.19782660220195325, 12.88373049970065587 ) ) ;
#360 = ORIENTED_EDGE ( 'NONE', *, *, #514, .T. ) ;
#361 = CARTESIAN_POINT ( 'NONE',  ( -187.5047588920908765, -19.39522756382044122, 14.93283543421252979 ) ) ;
#362 = CARTESIAN_POINT ( 'NONE',  ( -196.9980455253965488, -23.00000000000000000, 15.34732127992224804 ) ) ;
#363 = CARTESIAN_POINT ( 'NONE',  ( -190.3903641503490576, -26.38451547022231125, 6.050249514178766219 ) ) ;
#364 = CARTESIAN_POINT ( 'NONE',  ( -187.5239474017610632, -22.23233287604546504, 14.49334630750615105 ) ) ;
#365 = ADVANCED_FACE ( 'NONE', ( #651 ), #1942, .F. ) ;
#366 = CARTESIAN_POINT ( 'NONE',  ( -197.7743525594581229, -26.19883632844610233, 8.961028125688082824 ) ) ;
#367 = ORIENTED_EDGE ( 'NONE', *, *, #1808, .F. ) ;
#368 = CARTESIAN_POINT ( 'NONE',  ( -198.1612732556307321, -13.00000000000000355, 15.39810889944159378 ) ) ;
#369 = CARTESIAN_POINT ( 'NONE',  ( -186.1726945966485403, -23.00000000000000000, 14.87467625105759872 ) ) ;
#370 = CARTESIAN_POINT ( 'NONE',  ( -196.0492207787146697, -23.99977387680960206, 6.378197391436932762 ) ) ;
#371 = EDGE_CURVE ( 'NONE', #1472, #412, #284, .T. ) ;
#372 = CARTESIAN_POINT ( 'NONE',  ( -199.5158938632631020, -22.07732895191240985, 15.11431351075935758 ) ) ;
#373 = CARTESIAN_POINT ( 'NONE',  ( -187.8832070037878736, -26.11515036725578653, 7.850486307391754792 ) ) ;
#374 = CARTESIAN_POINT ( 'NONE',  ( -185.6414989680717440, -17.91691322966961053, 11.75733263762950642 ) ) ;
#375 = B_SPLINE_SURFACE_WITH_KNOTS ( 'NONE', 3, 3, ( 
 ( #314, #330, #1602, #2097 ),
 ( #640, #1926, #1314, #132 ),
 ( #785, #1444, #1307, #1916 ),
 ( #1124, #1613, #818, #2106 ),
 ( #2078, #144, #167, #2087 ),
 ( #1630, #632, #474, #484 ),
 ( #1136, #1770, #1934, #1474 ) ),
 .UNSPECIFIED., .F., .F., .F.,
 ( 4, 3, 4 ),
 ( 4, 4 ),
 ( 0.000000000000000000, 1.000000000000000000, 1.687877262030951009 ),
 ( 0.000000000000000000, 1.000000000000000000 ),
 .UNSPECIFIED. ) ;
#376 = CARTESIAN_POINT ( 'NONE',  ( -189.8862502575734652, -23.61548452977769230, 6.028239426286899239 ) ) ;
#377 = CARTESIAN_POINT ( 'NONE',  ( -199.4933375510732390, -27.00000000000000000, 15.45626808259536666 ) ) ;
#378 = CARTESIAN_POINT ( 'NONE',  ( -197.5607970005857510, -22.97107380014130484, 13.86755251168886183 ) ) ;
#379 = CARTESIAN_POINT ( 'NONE',  ( -197.3723612716396474, -19.77159817532663411, 15.36366425834872551 ) ) ;
#380 = CARTESIAN_POINT ( 'NONE',  ( -186.5652690829365383, -24.00000000000000000, 5.883242256820888194 ) ) ;
#381 = CARTESIAN_POINT ( 'NONE',  ( -201.8840084805249546, -24.00000000000000000, 6.552072863089311028 ) ) ;
#382 = CARTESIAN_POINT ( 'NONE',  ( -183.9011404920515815, -14.66666666666666607, 5.766923890513320217 ) ) ;
#383 = CARTESIAN_POINT ( 'NONE',  ( -195.8988987150030994, -14.53849484325853325, 6.290757327315700032 ) ) ;
#384 = CARTESIAN_POINT ( 'NONE',  ( -197.6579551284258116, -23.35610746684355732, 11.64226553051513768 ) ) ;
#385 = CARTESIAN_POINT ( 'NONE',  ( -183.8047819723162206, -24.00000000000000000, 7.973896835126375038 ) ) ;
#386 = B_SPLINE_CURVE_WITH_KNOTS ( 'NONE', 3,
 ( #126, #2053, #1597, #1259 ),
 .UNSPECIFIED., .F., .F.,
 ( 4, 4 ),
 ( 0.000000000000000000, 1.000000000000000000 ),
 .UNSPECIFIED. ) ;
#387 = CARTESIAN_POINT ( 'NONE',  ( -190.0496005854338648, -24.00030987260131710, 6.044144200018588542 ) ) ;
#388 = ORIENTED_EDGE ( 'NONE', *, *, #981, .T. ) ;
#389 = CARTESIAN_POINT ( 'NONE',  ( -185.2332047874940599, -24.00000000000000000, 5.825083073667127742 ) ) ;
#390 = EDGE_CURVE ( 'NONE', #1143, #1112, #652, .T. ) ;
#391 = CARTESIAN_POINT ( 'NONE',  ( -185.0994259578330059, -14.00000000000000355, 8.889122023567345821 ) ) ;
#392 = VERTEX_POINT ( 'NONE', #355 ) ;
#393 = CARTESIAN_POINT ( 'NONE',  ( -196.1561297291213748, -23.99958760045124251, 6.407597542564659854 ) ) ;
#394 = CARTESIAN_POINT ( 'NONE',  ( -197.6226432434644664, -16.06068156075028242, 7.731413304612566151 ) ) ;
#395 = CARTESIAN_POINT ( 'NONE',  ( -190.6135643287935295, -26.00000000000008527, 6.060003634717979537 ) ) ;
#396 = LINE ( 'NONE', #1530, #315 ) ;
#397 = CARTESIAN_POINT ( 'NONE',  ( -197.8878155941975194, -16.00000000000000000, 6.377595313627996809 ) ) ;
#398 = B_SPLINE_CURVE_WITH_KNOTS ( 'NONE', 3,
 ( #754, #1241, #1422, #1871 ),
 .UNSPECIFIED., .F., .F.,
 ( 4, 4 ),
 ( 0.000000000000000000, 1.000000000000000000 ),
 .UNSPECIFIED. ) ;
#399 = ORIENTED_EDGE ( 'NONE', *, *, #1179, .T. ) ;
#400 = CARTESIAN_POINT ( 'NONE',  ( -185.5066624489273295, -23.00000000000000000, 14.84559665948070872 ) ) ;
#401 = CARTESIAN_POINT ( 'NONE',  ( -185.2332047874940599, -14.00000000000000000, 5.825083073667091327 ) ) ;
#402 = VERTEX_POINT ( 'NONE', #1819 ) ;
#403 = CARTESIAN_POINT ( 'NONE',  ( -187.7664752162830553, -26.25865042747481937, 8.938546104720199281 ) ) ;
#404 = CARTESIAN_POINT ( 'NONE',  ( -186.7495941522358862, -19.32320114124942023, 14.89986422962925161 ) ) ;
#405 = ORIENTED_EDGE ( 'NONE', *, *, #1719, .T. ) ;
#406 = CARTESIAN_POINT ( 'NONE',  ( -199.5253735036275771, -22.23928142499584482, 15.01082032535957644 ) ) ;
#407 = CARTESIAN_POINT ( 'NONE',  ( -187.7664752162830553, -26.25865042747481937, 8.938546104720199281 ) ) ;
#408 = CARTESIAN_POINT ( 'NONE',  ( -201.7491719613805401, -14.00000000000000355, 9.640336884940516882 ) ) ;
#409 = CARTESIAN_POINT ( 'NONE',  ( -190.3903641503490576, -15.46150515673836878, 6.050249514178764443 ) ) ;
#410 = CARTESIAN_POINT ( 'NONE',  ( -183.9011404920515815, -26.00000000000000000, 5.766923890513322881 ) ) ;
#411 = CARTESIAN_POINT ( 'NONE',  ( -199.7759268075700732, -16.94137055380477364, 13.65856341048463563 ) ) ;
#412 = VERTEX_POINT ( 'NONE', #377 ) ;
#413 = CARTESIAN_POINT ( 'NONE',  ( -195.3804153880866750, -14.00000288785742519, 6.273195357852452858 ) ) ;
#414 = CARTESIAN_POINT ( 'NONE',  ( -185.0241406953632577, -17.22437685659672368, 14.09108465729855020 ) ) ;
#415 = VERTEX_POINT ( 'NONE', #1794 ) ;
#416 = CARTESIAN_POINT ( 'NONE',  ( -201.8840084805249546, -24.00000000000000000, 6.552072863089311028 ) ) ;
#417 = CARTESIAN_POINT ( 'NONE',  ( -189.7297461312627718, -26.00022514171611121, 6.102113037538988927 ) ) ;
#418 = DIRECTION ( 'NONE',  ( 0.04361938736532725014, 0.000000000000000000, 0.9990482215818581313 ) ) ;
#419 = CARTESIAN_POINT ( 'NONE',  ( -185.5074506483178425, -21.00278024227870333, 14.83772305820496662 ) ) ;
#420 = ORIENTED_EDGE ( 'NONE', *, *, #1451, .T. ) ;
#421 = CARTESIAN_POINT ( 'NONE',  ( -196.8929715687336852, -16.00000000000000000, 6.334159485429350589 ) ) ;
#422 = CARTESIAN_POINT ( 'NONE',  ( -197.4991896705264196, -21.38554296145317934, 15.27859235543332872 ) ) ;
#423 = EDGE_LOOP ( 'NONE', ( #888, #1047, #1620, #1093, #102, #1931 ) ) ;
#424 = CARTESIAN_POINT ( 'NONE',  ( -196.1472456663281605, -13.99960354560594844, 6.405129591781197895 ) ) ;
#425 = ORIENTED_EDGE ( 'NONE', *, *, #653, .T. ) ;
#426 = CARTESIAN_POINT ( 'NONE',  ( -201.8840084805249262, -24.66666666666667140, 6.552072863089310140 ) ) ;
#427 = FACE_OUTER_BOUND ( 'NONE', #333, .T. ) ;
#428 = CARTESIAN_POINT ( 'NONE',  ( -188.7657952536190180, -13.61548452977769408, 6.194599963321032021 ) ) ;
#429 = VERTEX_POINT ( 'NONE', #1638 ) ;
#430 = CARTESIAN_POINT ( 'NONE',  ( -190.8880705985440045, -26.00000000000093436, 6.071979882276223428 ) ) ;
#431 = CARTESIAN_POINT ( 'NONE',  ( -199.5001766457026804, -18.45431256265326425, 15.32612159061121737 ) ) ;
#432 = ORIENTED_EDGE ( 'NONE', *, *, #1396, .T. ) ;
#433 = CARTESIAN_POINT ( 'NONE',  ( -183.9011404920515815, -20.00000000000000000, 5.766923890513322881 ) ) ;
#434 = CARTESIAN_POINT ( 'NONE',  ( -185.0672410130887613, -16.91319483284892300, 13.09611622836022349 ) ) ;
#435 = CARTESIAN_POINT ( 'NONE',  ( -187.8705523567615501, -16.12234870373312745, 7.913832117409129729 ) ) ;
#436 = EDGE_CURVE ( 'NONE', #47, #620, #175, .T. ) ;
#437 = CARTESIAN_POINT ( 'NONE',  ( -201.8840084805249262, -24.00000000000000000, 6.552072863089310140 ) ) ;
#438 = CARTESIAN_POINT ( 'NONE',  ( -189.7569377509429387, -16.00000000000000000, 9.007677208241346989 ) ) ;
#439 = CARTESIAN_POINT ( 'NONE',  ( -187.7664752162830268, -23.61548452977768875, 8.938546104720208163 ) ) ;
#440 = ORIENTED_EDGE ( 'NONE', *, *, #1560, .T. ) ;
#441 = CARTESIAN_POINT ( 'NONE',  ( -192.5000000000002274, -27.00000000000000000, 15.15093237103806700 ) ) ;
#442 = VECTOR ( 'NONE', #1718, 1000.000000000000114 ) ;
#443 = CARTESIAN_POINT ( 'NONE',  ( -199.7065951766731473, -17.02552008839780484, 13.94443275716565545 ) ) ;
#444 = CARTESIAN_POINT ( 'NONE',  ( -187.7664752162830553, -23.74134957252516998, 8.938546104720215268 ) ) ;
#445 = CARTESIAN_POINT ( 'NONE',  ( -200.5519441850824762, -26.00000000000000355, 6.493913679935539918 ) ) ;
#446 = CARTESIAN_POINT ( 'NONE',  ( -186.8414090030834984, -16.85872437438688465, 12.73560862389798487 ) ) ;
#447 = ORIENTED_EDGE ( 'NONE', *, *, #2096, .T. ) ;
#448 = CARTESIAN_POINT ( 'NONE',  ( -187.9135342890508298, -16.10139772305293704, 7.724076532394053451 ) ) ;
#449 = CARTESIAN_POINT ( 'NONE',  ( -183.9011404920515815, -16.00000000000000000, 5.766923890513322881 ) ) ;
#450 = DIRECTION ( 'NONE',  ( 0.9990482215818580203, 9.992007221626406892E-16, -0.04361938736532942895 ) ) ;
#451 = CARTESIAN_POINT ( 'NONE',  ( -186.0204280391033649, -16.80125406965447610, 12.27294733095020973 ) ) ;
#452 = ORIENTED_EDGE ( 'NONE', *, *, #853, .F. ) ;
#453 = CARTESIAN_POINT ( 'NONE',  ( -198.2504058477525177, -20.67679885875210388, 15.40200051244379864 ) ) ;
#454 = CARTESIAN_POINT ( 'NONE',  ( -199.5015595587563553, -18.38197941643737465, 15.30430805675777606 ) ) ;
#455 = B_SPLINE_CURVE_WITH_KNOTS ( 'NONE', 3,
 ( #739, #270, #1701, #444 ),
 .UNSPECIFIED., .F., .F.,
 ( 4, 4 ),
 ( 0.2876217844688565561, 0.6671234471342453176 ),
 .UNSPECIFIED. ) ;
#456 = CARTESIAN_POINT ( 'NONE',  ( -186.4325479427589300, -25.99999999999999645, 8.923056134770167347 ) ) ;
#457 = CARTESIAN_POINT ( 'NONE',  ( -187.6329936805647094, -22.11432082120919063, 14.76879754536875922 ) ) ;
#458 = CARTESIAN_POINT ( 'NONE',  ( -199.4933375510732390, -21.16030574084561167, 15.45626808259536489 ) ) ;
#459 = CARTESIAN_POINT ( 'NONE',  ( -185.4972604748909646, -17.35953073664477486, 13.99487035824013326 ) ) ;
#460 = EDGE_CURVE ( 'NONE', #1312, #1694, #166, .T. ) ;
#461 = ORIENTED_EDGE ( 'NONE', *, *, #181, .T. ) ;
#462 = CARTESIAN_POINT ( 'NONE',  ( -183.9011404920515815, -14.00000000000000178, 5.766923890513322881 ) ) ;
#463 = EDGE_CURVE ( 'NONE', #1035, #1481, #645, .T. ) ;
#464 = CARTESIAN_POINT ( 'NONE',  ( -187.7664752162830553, -13.74134957252517708, 8.938546104720206387 ) ) ;
#465 = CARTESIAN_POINT ( 'NONE',  ( -189.7568028641412070, -25.99999999999999645, 9.007673774749303419 ) ) ;
#466 = CARTESIAN_POINT ( 'NONE',  ( -187.6276387283608926, -20.22840182467336589, 14.93820048372737119 ) ) ;
#467 = ORIENTED_EDGE ( 'NONE', *, *, #837, .T. ) ;
#468 = CARTESIAN_POINT ( 'NONE',  ( -197.4071118270375393, -17.22105545813265337, 14.63097693413523359 ) ) ;
#469 = CARTESIAN_POINT ( 'NONE',  ( -187.8973333783790167, -26.00000000000000000, 5.941401439974623777 ) ) ;
#470 = CARTESIAN_POINT ( 'NONE',  ( -186.9714478845474162, -17.00000000000000000, 11.86394196468521045 ) ) ;
#471 = ORIENTED_EDGE ( 'NONE', *, *, #2071, .F. ) ;
#472 = CARTESIAN_POINT ( 'NONE',  ( -195.7664577608701961, -25.99999999999999645, 9.270029592169120036 ) ) ;
#473 = CARTESIAN_POINT ( 'NONE',  ( -199.5046998300796020, -18.24105996098667859, 15.25732350651351510 ) ) ;
#474 = CARTESIAN_POINT ( 'NONE',  ( -185.6414989680717440, -21.16566063458412472, 11.75733263762950642 ) ) ;
#475 = AXIS2_PLACEMENT_3D ( 'NONE', #1623, #325, #476 ) ;
#476 = DIRECTION ( 'NONE',  ( 0.000000000000000000, 1.000000000000000000, 0.000000000000000000 ) ) ;
#477 = ORIENTED_EDGE ( 'NONE', *, *, #996, .F. ) ;
#478 = CARTESIAN_POINT ( 'NONE',  ( -199.2438008454937233, -16.80129564945705667, 12.85029519022698352 ) ) ;
#479 = CARTESIAN_POINT ( 'NONE',  ( -197.3402090647905709, -23.97794592408468617, 7.162378985760098793 ) ) ;
#480 = CARTESIAN_POINT ( 'NONE',  ( -190.0503453570828754, -14.00030944158262258, 6.044098794590472501 ) ) ;
#481 = CARTESIAN_POINT ( 'NONE',  ( -199.4933375510732390, -18.83949850111255131, 15.45626808259536489 ) ) ;
#482 = ORIENTED_EDGE ( 'NONE', *, *, #1135, .F. ) ;
#483 = CARTESIAN_POINT ( 'NONE',  ( -200.0144753513523597, -22.11028356257785532, 15.30963105540269353 ) ) ;
#484 = CARTESIAN_POINT ( 'NONE',  ( -185.5066624489273295, -21.16566063458412472, 14.84559665948070695 ) ) ;
#485 = CARTESIAN_POINT ( 'NONE',  ( -196.8963662483322139, -26.00576508910016926, 6.739464490335305591 ) ) ;
#486 = CARTESIAN_POINT ( 'NONE',  ( -185.9638382055101431, -23.14025502224580677, 12.69731433026456280 ) ) ;
#487 =( NAMED_UNIT ( * ) PLANE_ANGLE_UNIT ( ) SI_UNIT ( $, .RADIAN. ) );
#488 = EDGE_LOOP ( 'NONE', ( #1305, #1820, #1310, #1117, #350, #1220 ) ) ;
#489 = DIRECTION ( 'NONE',  ( -0.9990482215818581313, -9.992007221626408864E-16, 0.04361938736532943589 ) ) ;
#490 = LINE ( 'NONE', #1950, #1736 ) ;
#491 = CARTESIAN_POINT ( 'NONE',  ( -197.8878155941975194, -20.00000000000000000, 6.377595313627997697 ) ) ;
#492 = EDGE_CURVE ( 'NONE', #223, #341, #490, .T. ) ;
#493 = CARTESIAN_POINT ( 'NONE',  ( -187.9703088204965695, -13.92115618771991770, 7.511177416527663020 ) ) ;
#494 = CARTESIAN_POINT ( 'NONE',  ( -201.8840084805249262, -14.66666666666666785, 6.552072863089310140 ) ) ;
#495 = EDGE_LOOP ( 'NONE', ( #984, #2037, #682, #420, #1903, #1183 ) ) ;
#496 = FACE_OUTER_BOUND ( 'NONE', #1318, .T. ) ;
#497 = CARTESIAN_POINT ( 'NONE',  ( -196.8904931020598781, -26.00000000000000355, 6.334051273237403912 ) ) ;
#498 = CARTESIAN_POINT ( 'NONE',  ( -188.1329642047823256, -13.00000000000000355, 11.95704965606376291 ) ) ;
#499 = VERTEX_POINT ( 'NONE', #1022 ) ;
#500 = CARTESIAN_POINT ( 'NONE',  ( -198.8273054033519998, -13.00000000000000355, 15.42718849101847844 ) ) ;
#501 = FACE_OUTER_BOUND ( 'NONE', #29, .T. ) ;
#502 = VECTOR ( 'NONE', #900, 1000.000000000000000 ) ;
#503 = B_SPLINE_CURVE_WITH_KNOTS ( 'NONE', 3,
 ( #403, #112, #1392, #756 ),
 .UNSPECIFIED., .F., .F.,
 ( 4, 4 ),
 ( 0.3328765528657529060, 1.000000000000000000 ),
 .UNSPECIFIED. ) ;
#504 = CARTESIAN_POINT ( 'NONE',  ( -198.4079782252638324, -23.19966743912607043, 12.81341513750438388 ) ) ;
#505 = ORIENTED_EDGE ( 'NONE', *, *, #1270, .T. ) ;
#506 = CARTESIAN_POINT ( 'NONE',  ( -187.5776488613867059, -16.96882971472260593, 13.26338066663217496 ) ) ;
#507 = CARTESIAN_POINT ( 'NONE',  ( -189.2310365283013596, -23.99863079020937562, 6.213133071119797179 ) ) ;
#508 = CARTESIAN_POINT ( 'NONE',  ( -201.7876499607895653, -16.00000000000000000, 8.759045807702367625 ) ) ;
#509 = CARTESIAN_POINT ( 'NONE',  ( -185.2332047874940599, -14.00000000000000355, 5.825083073667103761 ) ) ;
#510 = ORIENTED_EDGE ( 'NONE', *, *, #2030, .F. ) ;
#511 = CARTESIAN_POINT ( 'NONE',  ( -186.8387267443698363, -23.00000000000000000, 14.90375584263449049 ) ) ;
#512 = CARTESIAN_POINT ( 'NONE',  ( -196.6627087633504800, -23.99730685884749448, 6.600373383233200109 ) ) ;
#513 = CARTESIAN_POINT ( 'NONE',  ( -197.8009776078852724, -15.46150515674477610, 8.366512192822419536 ) ) ;
#514 = EDGE_CURVE ( 'NONE', #1892, #587, #1980, .T. ) ;
#515 = ORIENTED_EDGE ( 'NONE', *, *, #615, .F. ) ;
#516 = CARTESIAN_POINT ( 'NONE',  ( -187.5236093154778132, -17.77841601735588384, 14.50108975646971210 ) ) ;
#517 = EDGE_CURVE ( 'NONE', #1296, #1723, #1037, .T. ) ;
#518 = CARTESIAN_POINT ( 'NONE',  ( -190.3903641503490576, -23.61548452977769230, 6.050249514178764443 ) ) ;
#519 = CARTESIAN_POINT ( 'NONE',  ( -187.5346662770543560, -22.51005974365203244, 14.24784370084514862 ) ) ;
#520 = EDGE_CURVE ( 'NONE', #1709, #412, #1421, .T. ) ;
#521 = B_SPLINE_SURFACE_WITH_KNOTS ( 'NONE', 5, 3, ( 
 ( #290, #1925, #1133, #1443 ),
 ( #1769, #453, #1611, #323 ),
 ( #1591, #120, #1122, #1113 ),
 ( #299, #311, #1455, #483 ),
 ( #805, #2076, #621, #1144 ),
 ( #1776, #2086, #329, #5 ),
 ( #1032, #824, #679, #1020 ),
 ( #1473, #657, #1816, #1354 ) ),
 .UNSPECIFIED., .F., .F., .F.,
 ( 6, 2, 6 ),
 ( 4, 4 ),
 ( 0.000000000000000000, 0.5000000000000000000, 1.000000000000000000 ),
 ( 0.009572952448372007081, 0.01220813345302819083 ),
 .UNSPECIFIED. ) ;
#522 = CARTESIAN_POINT ( 'NONE',  ( -183.9011404920515815, -16.00000000000000000, 5.766923890513322881 ) ) ;
#523 = CARTESIAN_POINT ( 'NONE',  ( -197.7203359745838895, -23.89605832921034079, 8.176314338844033358 ) ) ;
#524 = CARTESIAN_POINT ( 'NONE',  ( -199.5032568293789268, -21.73433535721472154, 15.27282016013390020 ) ) ;
#525 =( LENGTH_UNIT ( ) NAMED_UNIT ( * ) SI_UNIT ( .MILLI., .METRE. ) );
#526 = ORIENTED_EDGE ( 'NONE', *, *, #1223, .T. ) ;
#527 = CARTESIAN_POINT ( 'NONE',  ( -183.9011404920516100, -16.00000000000000000, 5.766923890513321105 ) ) ;
#528 = LINE ( 'NONE', #13, #993 ) ;
#529 = CARTESIAN_POINT ( 'NONE',  ( -187.5051029951714838, -21.00014656521205225, 14.92495417793208645 ) ) ;
#530 = STYLED_ITEM ( 'NONE', ( #2093 ), #1947 ) ;
#531 = CARTESIAN_POINT ( 'NONE',  ( -188.7611230078202595, -14.00000000000000355, 8.982329124110533414 ) ) ;
#532 = ORIENTED_EDGE ( 'NONE', *, *, #232, .F. ) ;
#533 = PLANE ( 'NONE',  #1330 ) ;
#534 = CARTESIAN_POINT ( 'NONE',  ( -197.7607641631812214, -13.85073028621880731, 8.574469487801774648 ) ) ;
#535 = VECTOR ( 'NONE', #569, 1000.000000000000114 ) ;
#536 = B_SPLINE_CURVE_WITH_KNOTS ( 'NONE', 3,
 ( #1532, #1021, #36, #207 ),
 .UNSPECIFIED., .F., .F.,
 ( 4, 4 ),
 ( 0.9999999999999791278, 1.747990281834878035 ),
 .UNSPECIFIED. ) ;
#537 = CARTESIAN_POINT ( 'NONE',  ( -197.7569574321015011, -16.38451547022231125, 9.374739978373543892 ) ) ;
#538 = CARTESIAN_POINT ( 'NONE',  ( -197.7073981318922620, -23.57279789122556579, 10.50983457111004782 ) ) ;
#539 = CARTESIAN_POINT ( 'NONE',  ( -197.0005907732237063, -26.38451547022230770, 6.554138900365761522 ) ) ;
#540 = CARTESIAN_POINT ( 'NONE',  ( -196.7625505477806485, -24.00000000000000000, 9.331683953535478082 ) ) ;
#541 = B_SPLINE_SURFACE_WITH_KNOTS ( 'NONE', 5, 3, ( 
 ( #214, #840, #1651, #2006 ),
 ( #549, #1528, #43, #709 ),
 ( #867, #383, #1201, #828 ),
 ( #228, #59, #1490, #1361 ),
 ( #696, #1325, #1483, #1030 ),
 ( #1969, #1641, #513, #340 ),
 ( #10, #349, #660, #189 ),
 ( #1503, #1673, #1045, #537 ) ),
 .UNSPECIFIED., .F., .F., .F.,
 ( 6, 2, 6 ),
 ( 4, 4 ),
 ( 0.000000000000000000, 0.5000000000000000000, 1.000000000000000000 ),
 ( -0.0003845154702223081808, 0.002384515470222310120 ),
 .UNSPECIFIED. ) ;
#542 = CARTESIAN_POINT ( 'NONE',  ( -188.0738769651167672, -26.38451547022231480, 6.828626260948393423 ) ) ;
#543 = ORIENTED_EDGE ( 'NONE', *, *, #1480, .T. ) ;
#544 = CARTESIAN_POINT ( 'NONE',  ( -196.6304806753702792, -17.00000000000000000, 12.34618936562188196 ) ) ;
#545 = ADVANCED_FACE ( 'NONE', ( #1656 ), #691, .F. ) ;
#546 = CARTESIAN_POINT ( 'NONE',  ( -199.8705523212706794, -16.86632696837212819, 13.30845799692828280 ) ) ;
#547 = ORIENTED_EDGE ( 'NONE', *, *, #1637, .F. ) ;
#548 = CARTESIAN_POINT ( 'NONE',  ( -196.2399661973898901, -13.99941380787346290, 6.432055928223626928 ) ) ;
#549 = CARTESIAN_POINT ( 'NONE',  ( -195.3947848222275354, -13.61548452977769408, 6.268747239423832163 ) ) ;
#550 = CARTESIAN_POINT ( 'NONE',  ( -190.2526088124755290, -26.00000886021452118, 6.059600872121079007 ) ) ;
#551 = CARTESIAN_POINT ( 'NONE',  ( -185.5135255623558805, -17.75687263650258885, 14.39620304797217187 ) ) ;
#552 = CARTESIAN_POINT ( 'NONE',  ( -187.7851876051126681, -23.80111845548942284, 8.525213892611288813 ) ) ;
#553 = ORIENTED_EDGE ( 'NONE', *, *, #1227, .T. ) ;
#554 = CARTESIAN_POINT ( 'NONE',  ( -197.5830768829982276, -13.00000000000000533, 13.35725930846766474 ) ) ;
#555 = CARTESIAN_POINT ( 'NONE',  ( -197.4990388188782902, -21.36960136441623348, 15.28204742621497481 ) ) ;
#556 = ORIENTED_EDGE ( 'NONE', *, *, #1698, .F. ) ;
#557 = LINE ( 'NONE', #1712, #1027 ) ;
#558 = CARTESIAN_POINT ( 'NONE',  ( -187.6999287677975587, -16.91038484395858532, 13.21155319376980763 ) ) ;
#559 = B_SPLINE_SURFACE_WITH_KNOTS ( 'NONE', 3, 3, ( 
 ( #1317, #1284, #1149, #2084 ),
 ( #494, #1761, #812, #321 ),
 ( #629, #332, #1154, #307 ),
 ( #297, #1304, #1598, #1294 ),
 ( #780, #2074, #1923, #152 ),
 ( #1463, #1141, #1930, #481 ),
 ( #327, #983, #1517, #1833 ) ),
 .UNSPECIFIED., .F., .F., .F.,
 ( 4, 3, 4 ),
 ( 4, 4 ),
 ( 0.000000000000000000, 1.000000000000000000, 1.689811937917205631 ),
 ( 0.000000000000000000, 1.000000000000000000 ),
 .UNSPECIFIED. ) ;
#560 = CARTESIAN_POINT ( 'NONE',  ( -197.0617805606993613, -16.00969890505245985, 6.867720218822507050 ) ) ;
#561 = ADVANCED_FACE ( 'NONE', ( #872 ), #1522, .F. ) ;
#562 = ORIENTED_EDGE ( 'NONE', *, *, #288, .F. ) ;
#563 = CARTESIAN_POINT ( 'NONE',  ( -197.0005907732237063, -25.46150515673516068, 6.554138900365761522 ) ) ;
#564 = CARTESIAN_POINT ( 'NONE',  ( -186.0204280391043596, -23.19874593034553101, 12.27294733095024171 ) ) ;
#565 = ORIENTED_EDGE ( 'NONE', *, *, #911, .F. ) ;
#566 = CARTESIAN_POINT ( 'NONE',  ( -200.4181653554214506, -16.00000000000000000, 9.557952629835781977 ) ) ;
#567 = CARTESIAN_POINT ( 'NONE',  ( -199.9298123499906410, -16.83319733463371648, 13.10744919588273838 ) ) ;
#568 = ORIENTED_EDGE ( 'NONE', *, *, #195, .T. ) ;
#569 = DIRECTION ( 'NONE',  ( -0.9990482215818577982, -0.000000000000000000, 0.04361938736533521599 ) ) ;
#570 = CARTESIAN_POINT ( 'NONE',  ( -186.7491066952085248, -18.87385422953053293, 14.89984294679566190 ) ) ;
#571 = CARTESIAN_POINT ( 'NONE',  ( -187.8465932901442272, -16.13771978296343690, 8.045857442619915645 ) ) ;
#572 = CARTESIAN_POINT ( 'NONE',  ( -187.9116966115492744, -26.10214888323204008, 7.731124760594537015 ) ) ;
#573 = CARTESIAN_POINT ( 'NONE',  ( -195.3947848222275354, -26.38451547022231480, 6.268747239423833939 ) ) ;
#574 = CARTESIAN_POINT ( 'NONE',  ( -187.7664752162830268, -24.53849484326173069, 8.938546104720208163 ) ) ;
#575 = ORIENTED_EDGE ( 'NONE', *, *, #965, .F. ) ;
#576 = CARTESIAN_POINT ( 'NONE',  ( -197.6269045586037407, -17.00000000000000000, 12.35344050186638754 ) ) ;
#577 = CARTESIAN_POINT ( 'NONE',  ( -197.8878155941975194, -24.00000000000000000, 6.377595313627971052 ) ) ;
#578 = VERTEX_POINT ( 'NONE', #1217 ) ;
#579 = LINE ( 'NONE', #727, #535 ) ;
#580 = CARTESIAN_POINT ( 'NONE',  ( -185.9823750950709211, -16.80129564945644205, 12.27128883764822831 ) ) ;
#581 = CARTESIAN_POINT ( 'NONE',  ( -190.2481255875489126, -16.00000921600386050, 6.059712282372133885 ) ) ;
#582 = CARTESIAN_POINT ( 'NONE',  ( -197.7549674815295475, -23.86225133060060699, 8.478708082905500376 ) ) ;
#583 = CARTESIAN_POINT ( 'NONE',  ( -197.8009776078852724, -24.53849484325532870, 8.366512192822419536 ) ) ;
#584 = PLANE ( 'NONE',  #1436 ) ;
#585 = EDGE_CURVE ( 'NONE', #1709, #415, #1142, .T. ) ;
#586 = CARTESIAN_POINT ( 'NONE',  ( -200.5519441850824762, -24.00000000000000000, 6.493913679935539918 ) ) ;
#587 = VERTEX_POINT ( 'NONE', #1377 ) ;
#588 = CARTESIAN_POINT ( 'NONE',  ( -196.9978190951775900, -17.00000000000000000, 15.34731139376538422 ) ) ;
#589 = CARTESIAN_POINT ( 'NONE',  ( -185.5066624489272442, -20.23729281820419956, 14.84559665948070695 ) ) ;
#590 = CARTESIAN_POINT ( 'NONE',  ( -187.6793552522730408, -13.44505369371628412, 10.93392133499317609 ) ) ;
#591 = ORIENTED_EDGE ( 'NONE', *, *, #242, .F. ) ;
#592 = EDGE_CURVE ( 'NONE', #1731, #190, #75, .T. ) ;
#593 = CARTESIAN_POINT ( 'NONE',  ( -199.2057481571349911, -16.80125406965446899, 12.84863083985393928 ) ) ;
#594 = CARTESIAN_POINT ( 'NONE',  ( -188.3748771927649273, -16.02202659435702614, 6.770432287559057016 ) ) ;
#595 = CARTESIAN_POINT ( 'NONE',  ( -197.5453237220426956, -17.17314005781077668, 14.22194885570528378 ) ) ;
#596 = CARTESIAN_POINT ( 'NONE',  ( -194.8976565122945033, -23.99999999999907629, 6.247042194369913481 ) ) ;
#597 = CARTESIAN_POINT ( 'NONE',  ( -187.8104953920667981, -24.53849484326173069, 7.930318319169054497 ) ) ;
#598 = ORIENTED_EDGE ( 'NONE', *, *, #1657, .T. ) ;
#599 = CARTESIAN_POINT ( 'NONE',  ( -198.8273054033519998, -26.99999999999999645, 15.42718849101847844 ) ) ;
#600 = CARTESIAN_POINT ( 'NONE',  ( -199.4979470914676654, -18.60923119747388554, 15.36420882590907944 ) ) ;
#601 = CARTESIAN_POINT ( 'NONE',  ( -187.7664752162830553, -16.25865042747483002, 8.938546104720215268 ) ) ;
#602 = CARTESIAN_POINT ( 'NONE',  ( -185.8715457472251842, -21.12507873031545813, 14.86152780833873166 ) ) ;
#603 = CARTESIAN_POINT ( 'NONE',  ( -185.9638382055467787, -16.85974497775418968, 12.69731433025770784 ) ) ;
#604 = CARTESIAN_POINT ( 'NONE',  ( -189.4365718038505975, -16.00084315950272540, 6.161380017650780694 ) ) ;
#605 = CARTESIAN_POINT ( 'NONE',  ( -187.7664752162830553, -23.74134957252516998, 8.938546104720215268 ) ) ;
#606 = CARTESIAN_POINT ( 'NONE',  ( -187.7664752162830553, -26.25865042747481937, 8.938546104720199281 ) ) ;
#607 = CARTESIAN_POINT ( 'NONE',  ( -187.8104953920667981, -25.46150515674476722, 7.930318319169056274 ) ) ;
#608 = ORIENTED_EDGE ( 'NONE', *, *, #1912, .F. ) ;
#609 = CARTESIAN_POINT ( 'NONE',  ( -195.8965400933233809, -25.99999999999999645, 6.290654347669225821 ) ) ;
#610 = AXIS2_PLACEMENT_3D ( 'NONE', #626, #1617, #1290 ) ;
#611 = CARTESIAN_POINT ( 'NONE',  ( -188.1330207638867194, -26.99999999999999645, 11.95705418986802293 ) ) ;
#612 = EDGE_CURVE ( 'NONE', #279, #1731, #273, .T. ) ;
#613 = CARTESIAN_POINT ( 'NONE',  ( -186.7491066952206893, -21.12614577047403586, 14.89984294678195553 ) ) ;
#614 = CARTESIAN_POINT ( 'NONE',  ( -194.8976339960423729, -16.00000000000000000, 6.247041232853797865 ) ) ;
#615 = EDGE_CURVE ( 'NONE', #39, #1628, #974, .T. ) ;
#616 = CARTESIAN_POINT ( 'NONE',  ( -199.4933375510732390, -26.99999999999999645, 15.45626808259536489 ) ) ;
#617 = EDGE_CURVE ( 'NONE', #1570, #1628, #308, .T. ) ;
#618 = CARTESIAN_POINT ( 'NONE',  ( -186.3064734263095943, -17.00000000000000000, 11.81063730115735666 ) ) ;
#619 = FILL_AREA_STYLE_COLOUR ( '', #1100 ) ;
#620 = VERTEX_POINT ( 'NONE', #2010 ) ;
#621 = CARTESIAN_POINT ( 'NONE',  ( -199.1622260263377768, -22.77671987237408047, 14.70811837051149062 ) ) ;
#622 = CARTESIAN_POINT ( 'NONE',  ( -199.4982344450544360, -18.58668466419987908, 15.35913679632569284 ) ) ;
#623 = CARTESIAN_POINT ( 'NONE',  ( -194.8973535028803497, -13.99999999999910116, 6.247028959004642168 ) ) ;
#624 = FACE_OUTER_BOUND ( 'NONE', #1585, .T. ) ;
#625 = CARTESIAN_POINT ( 'NONE',  ( -199.2251366282835932, -16.85974497775418968, 13.27631512359489108 ) ) ;
#626 = CARTESIAN_POINT ( 'NONE',  ( -192.5000000000002274, -13.00000000000000178, 15.15093237103806700 ) ) ;
#627 = CARTESIAN_POINT ( 'NONE',  ( -201.7491719613805117, -25.33333333333333215, 9.640336884940511553 ) ) ;
#628 = CARTESIAN_POINT ( 'NONE',  ( -188.6296864678617169, -17.00000000000000000, 11.99686714494958650 ) ) ;
#629 = CARTESIAN_POINT ( 'NONE',  ( -201.8840084805249262, -15.33333333333333215, 6.552072863089310140 ) ) ;
#630 = VERTEX_POINT ( 'NONE', #400 ) ;
#631 = CARTESIAN_POINT ( 'NONE',  ( -197.7561521435032716, -25.99999999999999645, 9.393184119626315720 ) ) ;
#632 = CARTESIAN_POINT ( 'NONE',  ( -183.7663039729071386, -23.08283031729206058, 8.855187912364518965 ) ) ;
#633 = CARTESIAN_POINT ( 'NONE',  ( -184.9944761247091094, -20.67477346855842413, 14.82323412162049792 ) ) ;
#634 = PLANE ( 'NONE',  #1273 ) ;
#635 = CARTESIAN_POINT ( 'NONE',  ( -197.7175447930253540, -13.89783715662159658, 8.159389480283548934 ) ) ;
#636 = CARTESIAN_POINT ( 'NONE',  ( -188.8519395364479010, -13.99420814426869342, 6.389178814430936271 ) ) ;
#637 =( NAMED_UNIT ( * ) SI_UNIT ( $, .STERADIAN. ) SOLID_ANGLE_UNIT ( ) );
#638 = ORIENTED_EDGE ( 'NONE', *, *, #148, .T. ) ;
#639 = DIRECTION ( 'NONE',  ( 0.000000000000000000, 0.000000000000000000, -1.000000000000000000 ) ) ;
#640 = CARTESIAN_POINT ( 'NONE',  ( -183.9011404920516100, -25.33333333333333215, 5.766923890513321105 ) ) ;
#641 = B_SPLINE_CURVE_WITH_KNOTS ( 'NONE', 3,
 ( #883, #1836, #387, #663, #507, #231, #1170, #219, #1654, #1981, #690, #1376, #1845, #1050, #1827, #552, #870, #193 ),
 .UNSPECIFIED., .F., .F.,
 ( 4, 2, 2, 2, 2, 2, 2, 2, 4 ),
 ( 0.000000000000000000, 0.001242833951676663735, 0.001864250927514995385, 0.002174959415434160777, 0.002485667903353326168, 0.003107084879191718534, 0.003728501855030110033, 0.004349918830868501965, 0.004971335806706894331 ),
 .UNSPECIFIED. ) ;
#642 = AXIS2_PLACEMENT_3D ( 'NONE', #491, #1624, #969 ) ;
#643 = CARTESIAN_POINT ( 'NONE',  ( -201.8840084805249546, -16.00000000000000000, 6.552072863089311028 ) ) ;
#644 = ORIENTED_EDGE ( 'NONE', *, *, #148, .F. ) ;
#645 = B_SPLINE_CURVE_WITH_KNOTS ( 'NONE', 3,
 ( #1479, #1012, #1320, #194 ),
 .UNSPECIFIED., .F., .F.,
 ( 4, 4 ),
 ( 0.000000000000000000, 1.000000000000000000 ),
 .UNSPECIFIED. ) ;
#646 = CARTESIAN_POINT ( 'NONE',  ( -187.7664752162830553, -13.74134957252517708, 8.938546104720206387 ) ) ;
#647 = FACE_OUTER_BOUND ( 'NONE', #1484, .T. ) ;
#648 = CARTESIAN_POINT ( 'NONE',  ( -187.7884853041749125, -16.38451547022230770, 8.434432211944629998 ) ) ;
#649 = ORIENTED_EDGE ( 'NONE', *, *, #1480, .F. ) ;
#650 = CARTESIAN_POINT ( 'NONE',  ( -201.8840084805249546, -2.018162207776303192E-13, 6.552072863089311028 ) ) ;
#651 = FACE_OUTER_BOUND ( 'NONE', #1842, .T. ) ;
#652 = B_SPLINE_CURVE_WITH_KNOTS ( 'NONE', 3,
 ( #1667, #508, #992, #336 ),
 .UNSPECIFIED., .F., .F.,
 ( 4, 4 ),
 ( 0.000000000000000000, 0.7146322105226381449 ),
 .UNSPECIFIED. ) ;
#653 = EDGE_CURVE ( 'NONE', #1658, #1882, #196, .T. ) ;
#654 = CARTESIAN_POINT ( 'NONE',  ( -187.6999287677975303, -23.08961515604142178, 13.21155319376980763 ) ) ;
#655 = FACE_OUTER_BOUND ( 'NONE', #1599, .T. ) ;
#656 = EDGE_LOOP ( 'NONE', ( #547, #649, #1391, #755 ) ) ;
#657 = CARTESIAN_POINT ( 'NONE',  ( -198.3662491784510564, -23.19971813577025088, 12.81155665805246713 ) ) ;
#658 = DIRECTION ( 'NONE',  ( 0.9990482215818576872, 0.000000000000000000, -0.04361938736533817196 ) ) ;
#659 = CARTESIAN_POINT ( 'NONE',  ( -197.3817911355619117, -17.88567917879080227, 15.19443923447801303 ) ) ;
#660 = CARTESIAN_POINT ( 'NONE',  ( -197.7789675199933868, -15.46150515674477610, 8.870626085597983490 ) ) ;
#661 = ORIENTED_EDGE ( 'NONE', *, *, #1123, .F. ) ;
#662 = CARTESIAN_POINT ( 'NONE',  ( -185.5066624489273295, -17.00000000000000000, 14.84559665948070695 ) ) ;
#663 = CARTESIAN_POINT ( 'NONE',  ( -189.4328555454963805, -23.99927470225346227, 6.156109039968893804 ) ) ;
#664 = VECTOR ( 'NONE', #1990, 1000.000000000000114 ) ;
#665 = CARTESIAN_POINT ( 'NONE',  ( -197.8878155941975194, -26.00000000000000000, 6.377595313627996809 ) ) ;
#666 = CARTESIAN_POINT ( 'NONE',  ( -186.8387267443698363, -13.00000000000000355, 14.90375584263449049 ) ) ;
#667 = CARTESIAN_POINT ( 'NONE',  ( -198.2499183907858935, -19.77254805297135221, 15.40197922962672017 ) ) ;
#668 = CARTESIAN_POINT ( 'NONE',  ( -187.8973333783790167, -16.00000000000000000, 5.941401439974622001 ) ) ;
#669 = CARTESIAN_POINT ( 'NONE',  ( -197.7549584244527523, -13.86226421734228786, 8.478599872003517390 ) ) ;
#670 = EDGE_CURVE ( 'NONE', #429, #1825, #1398, .T. ) ;
#671 = EDGE_CURVE ( 'NONE', #2031, #279, #675, .T. ) ;
#672 = CARTESIAN_POINT ( 'NONE',  ( -189.1256076239006916, -23.00000000000000000, 12.03662041672043337 ) ) ;
#673 = EDGE_CURVE ( 'NONE', #1442, #2035, #93, .T. ) ;
#674 = CARTESIAN_POINT ( 'NONE',  ( -199.4933375510732390, -24.33333333333333570, 15.45626808259536489 ) ) ;
#675 = B_SPLINE_CURVE_WITH_KNOTS ( 'NONE', 3,
 ( #1869, #2019, #1710, #246 ),
 .UNSPECIFIED., .F., .F.,
 ( 4, 4 ),
 ( 0.000000000000000000, 1.000000000000000000 ),
 .UNSPECIFIED. ) ;
#676 = LINE ( 'NONE', #852, #1635 ) ;
#677 = ADVANCED_FACE ( 'NONE', ( #1732 ), #1218, .T. ) ;
#678 = ORIENTED_EDGE ( 'NONE', *, *, #316, .T. ) ;
#679 = CARTESIAN_POINT ( 'NONE',  ( -199.2251366282105778, -23.14025502224581388, 13.27631512360175137 ) ) ;
#680 = CARTESIAN_POINT ( 'NONE',  ( -187.5047588920910471, -17.00000000000000000, 14.93283543421138404 ) ) ;
#681 = CARTESIAN_POINT ( 'NONE',  ( -187.6016977045541978, -23.15049877341042972, 12.71257160101660766 ) ) ;
#682 = ORIENTED_EDGE ( 'NONE', *, *, #1071, .T. ) ;
#683 = CARTESIAN_POINT ( 'NONE',  ( -195.7685452599707787, -14.00000000000000355, 9.270158800437252822 ) ) ;
#684 = CARTESIAN_POINT ( 'NONE',  ( -186.3064734263095943, -23.00000000000000000, 11.81063730115735666 ) ) ;
#685 = CARTESIAN_POINT ( 'NONE',  ( -196.5669027619586586, -13.99805268301041217, 6.553872444233874717 ) ) ;
#686 = FACE_OUTER_BOUND ( 'NONE', #2094, .T. ) ;
#687 = CARTESIAN_POINT ( 'NONE',  ( -197.1377290728450760, -16.01221994767513479, 6.937716988093737491 ) ) ;
#688 = VERTEX_POINT ( 'NONE', #462 ) ;
#689 = CARTESIAN_POINT ( 'NONE',  ( -187.6178821208135616, -16.79940889411987825, 12.34188752546835488 ) ) ;
#690 = CARTESIAN_POINT ( 'NONE',  ( -188.2404871484940543, -23.96749818541060861, 6.947375253412418239 ) ) ;
#691 = PLANE ( 'NONE',  #2067 ) ;
#692 = ORIENTED_EDGE ( 'NONE', *, *, #1468, .F. ) ;
#693 = CARTESIAN_POINT ( 'NONE',  ( -199.6281740702177103, -13.00000000000000355, 12.36800406074416081 ) ) ;
#694 = CARTESIAN_POINT ( 'NONE',  ( -188.7608287709000194, -24.00000000000000000, 8.982321634422056889 ) ) ;
#695 = CARTESIAN_POINT ( 'NONE',  ( -196.3361517253613329, -23.99915383955907089, 6.462893542842156336 ) ) ;
#696 = CARTESIAN_POINT ( 'NONE',  ( -197.6346170708511067, -13.61548452977769408, 7.246057188868006982 ) ) ;
#697 = ORIENTED_EDGE ( 'NONE', *, *, #1046, .T. ) ;
#698 = CARTESIAN_POINT ( 'NONE',  ( -195.8988987150030994, -26.38451547022231480, 6.290757327315701808 ) ) ;
#699 = CARTESIAN_POINT ( 'NONE',  ( -188.7657952536190180, -25.46150515673516423, 6.194599963321033798 ) ) ;
#700 = EDGE_LOOP ( 'NONE', ( #562, #1536, #989, #692, #919, #440 ) ) ;
#701 = CARTESIAN_POINT ( 'NONE',  ( -187.5047609724982749, -20.62636055789186784, 14.93278778505302640 ) ) ;
#702 = CARTESIAN_POINT ( 'NONE',  ( -186.8387267485389316, -19.77245591866496000, 14.90375584281651733 ) ) ;
#703 = ORIENTED_EDGE ( 'NONE', *, *, #316, .F. ) ;
#704 = CARTESIAN_POINT ( 'NONE',  ( -197.6269045586037407, -13.00000000000000355, 12.35344050186638754 ) ) ;
#705 = CARTESIAN_POINT ( 'NONE',  ( -197.7153691823151291, -23.89917546029470330, 8.146586861089277321 ) ) ;
#706 = CARTESIAN_POINT ( 'NONE',  ( -184.9949673901228380, -19.77446529710843137, 14.82325557073167666 ) ) ;
#707 = CARTESIAN_POINT ( 'NONE',  ( -199.4933375510732390, -27.00000000000000000, 15.45626808259536666 ) ) ;
#708 = VECTOR ( 'NONE', #1904, 1000.000000000000000 ) ;
#709 = CARTESIAN_POINT ( 'NONE',  ( -195.3947848222275354, -16.38451547022231125, 6.268747239423832163 ) ) ;
#710 = ORIENTED_EDGE ( 'NONE', *, *, #1560, .F. ) ;
#711 = CARTESIAN_POINT ( 'NONE',  ( -197.6346170708511067, -24.53849484326493524, 7.246057188868006982 ) ) ;
#712 = CARTESIAN_POINT ( 'NONE',  ( -187.5047588920910471, -13.00000000000000178, 14.93283543421138404 ) ) ;
#713 = CARTESIAN_POINT ( 'NONE',  ( -201.8840084805249830, -16.00000000000000000, 6.552072863089311916 ) ) ;
#714 = PRODUCT_DEFINITION ( 'UNKNOWN', '', #1894, #896 ) ;
#715 = CARTESIAN_POINT ( 'NONE',  ( -197.5609745816192344, -22.97250757563135792, 13.86348523733339810 ) ) ;
#716 = CARTESIAN_POINT ( 'NONE',  ( -195.5536537268575614, -13.99998923856320765, 6.292633332997969120 ) ) ;
#717 = ADVANCED_FACE ( 'NONE', ( #1600 ), #264, .F. ) ;
#718 = CARTESIAN_POINT ( 'NONE',  ( -197.8878155941975194, -16.00000000000000000, 6.377595313627995921 ) ) ;
#719 = CARTESIAN_POINT ( 'NONE',  ( -183.9011404920515815, -26.00000000000000000, 5.766923890513322881 ) ) ;
#720 = CARTESIAN_POINT ( 'NONE',  ( -189.6292831727117800, -26.00039575478842835, 6.120457211704933620 ) ) ;
#721 = DIRECTION ( 'NONE',  ( 0.000000000000000000, 0.000000000000000000, -1.000000000000000000 ) ) ;
#722 = FACE_OUTER_BOUND ( 'NONE', #1996, .T. ) ;
#723 = CARTESIAN_POINT ( 'NONE',  ( -189.8862502575734652, -15.46150515673836878, 6.028239426286899239 ) ) ;
#724 = CARTESIAN_POINT ( 'NONE',  ( -197.7569574321015011, -25.41955014249170119, 9.374739978373545668 ) ) ;
#725 = CARTESIAN_POINT ( 'NONE',  ( -186.1726946049364528, -19.77318061705576469, 14.87467625141945682 ) ) ;
#726 = ORIENTED_EDGE ( 'NONE', *, *, #673, .F. ) ;
#727 = CARTESIAN_POINT ( 'NONE',  ( -183.8991423956084645, -24.00000000000000000, 5.766836651738550756 ) ) ;
#728 = PRODUCT_DEFINITION_SHAPE ( 'NONE', 'NONE',  #714 ) ;
#729 = CARTESIAN_POINT ( 'NONE',  ( -199.2198798896399694, -24.00000000000000000, 6.435754496781767031 ) ) ;
#730 = CARTESIAN_POINT ( 'NONE',  ( -189.9835874644840317, -26.00006102282008058, 6.073552336837087395 ) ) ;
#731 = CARTESIAN_POINT ( 'NONE',  ( -185.5128097594648011, -18.26011234876641254, 14.65993857405237044 ) ) ;
#732 = CARTESIAN_POINT ( 'NONE',  ( -185.5066643248397611, -20.62594520060502035, 14.84555369390820800 ) ) ;
#733 = CARTESIAN_POINT ( 'NONE',  ( -201.8840084805249830, -24.00000000000000000, 6.552072863089311916 ) ) ;
#734 = ORIENTED_EDGE ( 'NONE', *, *, #789, .T. ) ;
#735 = CARTESIAN_POINT ( 'NONE',  ( -198.1612732556307321, -17.00000000000000000, 15.39810889944159378 ) ) ;
#736 = B_SPLINE_CURVE_WITH_KNOTS ( 'NONE', 3,
 ( #1626, #811, #1773, #1470 ),
 .UNSPECIFIED., .F., .F.,
 ( 4, 4 ),
 ( 0.000000000000000000, 1.000000000000000000 ),
 .UNSPECIFIED. ) ;
#737 = CARTESIAN_POINT ( 'NONE',  ( -197.6083643366321212, -23.20059110588030649, 12.77808139912032814 ) ) ;
#738 = ORIENTED_EDGE ( 'NONE', *, *, #195, .F. ) ;
#739 = CARTESIAN_POINT ( 'NONE',  ( -187.6178821208136469, -23.20059110588024964, 12.34188752546745071 ) ) ;
#740 = CARTESIAN_POINT ( 'NONE',  ( -186.8223648469557929, -16.91132872243044716, 13.17310103219944928 ) ) ;
#741 = CARTESIAN_POINT ( 'NONE',  ( -189.3557092657466683, -16.00115573657797796, 6.183529634163583033 ) ) ;
#742 = APPLICATION_PROTOCOL_DEFINITION ( 'draft international standard', 'automotive_design', 1998, #135 ) ;
#743 = EDGE_CURVE ( 'NONE', #1035, #1472, #1534, .T. ) ;
#744 = CARTESIAN_POINT ( 'NONE',  ( -190.8880705985440045, -26.00000000000093436, 6.071979882276223428 ) ) ;
#745 = CARTESIAN_POINT ( 'NONE',  ( -194.8906709294519430, -26.38451547022231480, 6.246737151531966070 ) ) ;
#746 = CLOSED_SHELL ( 'NONE', ( #1357, #1295, #1515, #1169, #1713, #677, #1958, #1552, #1501, #545, #1382, #561, #810, #717, #1721, #49, #1726, #1197, #1002, #815, #1129, #343, #1308, #353, #832, #365, #1932, #1955, #1935, #2003, #773, #1661, #1111, #1324, #954, #1887 ) ) ;
#747 = CARTESIAN_POINT ( 'NONE',  ( -185.5066624489272442, -20.23729281820419956, 14.84559665948070695 ) ) ;
#748 = EDGE_CURVE ( 'NONE', #1224, #198, #1103, .T. ) ;
#749 = CARTESIAN_POINT ( 'NONE',  ( -200.4181653554214506, -24.00000000000000000, 9.557952629835781977 ) ) ;
#750 = ORIENTED_EDGE ( 'NONE', *, *, #1804, .F. ) ;
#751 = CARTESIAN_POINT ( 'NONE',  ( -196.7620980469241943, -16.00000000000000000, 9.331655945450602729 ) ) ;
#752 = B_SPLINE_SURFACE_WITH_KNOTS ( 'NONE', 5, 3, ( 
 ( #895, #1542, #1717, #1743 ),
 ( #118, #409, #1226, #109 ),
 ( #266, #723, #918, #1385 ),
 ( #1855, #1248, #1878, #428 ),
 ( #928, #1576, #1911, #1774 ),
 ( #951, #1627, #139, #1783 ),
 ( #648, #973, #1609, #127 ),
 ( #1441, #960, #822, #3 ) ),
 .UNSPECIFIED., .F., .F., .F.,
 ( 6, 2, 6 ),
 ( 4, 4 ),
 ( 0.000000000000000000, 0.5000000000000000000, 1.000000000000000000 ),
 ( -0.002384515470222306217, 0.0003845154702223080182 ),
 .UNSPECIFIED. ) ;
#753 = CARTESIAN_POINT ( 'NONE',  ( -186.5652690829365383, -14.00000000000000000, 5.883242256820861549 ) ) ;
#754 = CARTESIAN_POINT ( 'NONE',  ( -187.5047588920910471, -27.00000000000000000, 14.93283543421138404 ) ) ;
#755 = ORIENTED_EDGE ( 'NONE', *, *, #1075, .F. ) ;
#756 = CARTESIAN_POINT ( 'NONE',  ( -187.5047588920910471, -27.00000000000000000, 14.93283543421138404 ) ) ;
#757 = CARTESIAN_POINT ( 'NONE',  ( -187.8324492667606478, -16.14925494669425987, 8.140870225891694290 ) ) ;
#758 = CARTESIAN_POINT ( 'NONE',  ( -187.8973333783790167, -24.00000000000000000, 5.941401439974669962 ) ) ;
#759 = CARTESIAN_POINT ( 'NONE',  ( -185.2244587423594453, -16.80217339779779095, 12.23854277581363093 ) ) ;
#760 = CARTESIAN_POINT ( 'NONE',  ( -185.2244587423595306, -23.19782660220213799, 12.23854277581417094 ) ) ;
#761 = ORIENTED_EDGE ( 'NONE', *, *, #517, .F. ) ;
#762 = CARTESIAN_POINT ( 'NONE',  ( -201.8840084805249546, -26.00000000000000000, 6.552072863089311028 ) ) ;
#763 = B_SPLINE_CURVE_WITH_KNOTS ( 'NONE', 3,
 ( #1853, #384, #538, #1078 ),
 .UNSPECIFIED., .F., .F.,
 ( 4, 4 ),
 ( 0.2876217844689059056, 0.6671234471342458727 ),
 .UNSPECIFIED. ) ;
#764 = CARTESIAN_POINT ( 'NONE',  ( -197.5830768829982560, -26.99999999999999645, 13.35725930846766829 ) ) ;
#765 = CARTESIAN_POINT ( 'NONE',  ( -197.8878155941975194, -16.00000000000000000, 6.377595313627996809 ) ) ;
#766 = CARTESIAN_POINT ( 'NONE',  ( -189.5847020566726258, -16.00047839734659405, 6.128954030577441259 ) ) ;
#767 = CARTESIAN_POINT ( 'NONE',  ( -197.7569574321014727, -23.74134957252516642, 9.374739978373533233 ) ) ;
#768 = CARTESIAN_POINT ( 'NONE',  ( -186.5652690829365383, -16.00000000000000000, 5.883242256820888194 ) ) ;
#769 = B_SPLINE_SURFACE_WITH_KNOTS ( 'NONE', 3, 3, ( 
 ( #52, #1370, #1004, #834 ),
 ( #1525, #683, #1334, #1965 ),
 ( #1681, #17, #1322, #1160 ),
 ( #224, #863, #704, #1347 ),
 ( #1184, #2001, #1821, #368 ),
 ( #1510, #1647, #1952, #500 ),
 ( #1024, #1796, #693, #1986 ) ),
 .UNSPECIFIED., .F., .F., .F.,
 ( 4, 3, 4 ),
 ( 4, 4 ),
 ( -0.7466555292189148707, 0.000000000000000000, 1.000000000000000000 ),
 ( 0.000000000000000000, 1.000000000000000000 ),
 .UNSPECIFIED. ) ;
#770 = CARTESIAN_POINT ( 'NONE',  ( -183.8991423956084645, -24.00000000000000000, 5.766836651738550756 ) ) ;
#771 = ORIENTED_EDGE ( 'NONE', *, *, #1603, .F. ) ;
#772 = CARTESIAN_POINT ( 'NONE',  ( -194.7716105695536726, -25.99999999999999645, 9.208452328440522194 ) ) ;
#773 = ADVANCED_FACE ( 'NONE', ( #795 ), #521, .T. ) ;
#774 = CARTESIAN_POINT ( 'NONE',  ( -186.8387267443698363, -26.99999999999999645, 14.90375584263449049 ) ) ;
#775 = CARTESIAN_POINT ( 'NONE',  ( -185.6414989680717156, -26.99999999999999645, 11.75733263762950109 ) ) ;
#776 = CARTESIAN_POINT ( 'NONE',  ( -194.8973535028803497, -13.99999999999910116, 6.247028959004642168 ) ) ;
#777 = CARTESIAN_POINT ( 'NONE',  ( -197.7607703597152238, -23.85071839237774682, 8.574566142534939317 ) ) ;
#778 = CARTESIAN_POINT ( 'NONE',  ( -188.4996028748692822, -17.00000000000000000, 14.97627126054633884 ) ) ;
#779 = B_SPLINE_CURVE_WITH_KNOTS ( 'NONE', 3,
 ( #69, #1244, #936, #1584 ),
 .UNSPECIFIED., .F., .F.,
 ( 4, 4 ),
 ( 0.000000000000000000, 1.000000000000000000 ),
 .UNSPECIFIED. ) ;
#780 = CARTESIAN_POINT ( 'NONE',  ( -201.8840084805249262, -16.45987462527813605, 6.552072863089310140 ) ) ;
#781 = ORIENTED_EDGE ( 'NONE', *, *, #2030, .T. ) ;
#782 = VECTOR ( 'NONE', #869, 1000.000000000000000 ) ;
#783 = CARTESIAN_POINT ( 'NONE',  ( -196.0017844822539530, -26.99999999999999645, 15.30382358339562821 ) ) ;
#784 = CARTESIAN_POINT ( 'NONE',  ( -199.7469061970962514, -16.97235503271523882, 13.77462014877780483 ) ) ;
#785 = CARTESIAN_POINT ( 'NONE',  ( -183.9011404920516100, -24.66666666666667140, 5.766923890513321105 ) ) ;
#786 = CARTESIAN_POINT ( 'NONE',  ( -185.0241406953632008, -22.77562314340327276, 14.09108465729855020 ) ) ;
#787 = FACE_OUTER_BOUND ( 'NONE', #248, .T. ) ;
#788 = CARTESIAN_POINT ( 'NONE',  ( -197.4699997665308047, -16.85770260121631026, 13.19961429893665894 ) ) ;
#789 = EDGE_CURVE ( 'NONE', #1975, #1825, #1352, .T. ) ;
#790 = CARTESIAN_POINT ( 'NONE',  ( -199.6281740702176819, -20.24045861126841572, 12.36800406074416259 ) ) ;
#791 = CARTESIAN_POINT ( 'NONE',  ( -190.7525716625719951, -16.00000000000000000, 9.033020689375522494 ) ) ;
#792 = FILL_AREA_STYLE ('',( #619 ) ) ;
#793 = B_SPLINE_CURVE_WITH_KNOTS ( 'NONE', 3,
 ( #449, #1749, #295, #125 ),
 .UNSPECIFIED., .F., .F.,
 ( 4, 4 ),
 ( 0.000000000000000000, 0.7146322105225776378 ),
 .UNSPECIFIED. ) ;
#794 = EDGE_LOOP ( 'NONE', ( #1346, #543, #532, #734, #105, #942 ) ) ;
#795 = FACE_OUTER_BOUND ( 'NONE', #1369, .T. ) ;
#796 = CARTESIAN_POINT ( 'NONE',  ( -199.4988395339927649, -18.54200736906223668, 15.34862359289614631 ) ) ;
#797 = CARTESIAN_POINT ( 'NONE',  ( -188.0021471885342805, -26.99999999999999645, 14.95455187622575366 ) ) ;
#798 = CARTESIAN_POINT ( 'NONE',  ( -186.7792987599782180, -22.77782739457354211, 14.16721460912703279 ) ) ;
#799 = CARTESIAN_POINT ( 'NONE',  ( -199.1284542527752990, -18.87492126968454187, 15.44033693374800009 ) ) ;
#800 = EDGE_CURVE ( 'NONE', #2069, #1143, #1178, .T. ) ;
#801 = CARTESIAN_POINT ( 'NONE',  ( -199.4933375547503829, -19.76657653356809163, 15.45626802407760714 ) ) ;
#802 = CARTESIAN_POINT ( 'NONE',  ( -197.7175695012634264, -23.89782178104044164, 8.159536090577843126 ) ) ;
#803 = CARTESIAN_POINT ( 'NONE',  ( -185.5066624489273011, -17.00000000000000000, 14.84559665948070339 ) ) ;
#804 = ORIENTED_EDGE ( 'NONE', *, *, #1531, .T. ) ;
#805 = CARTESIAN_POINT ( 'NONE',  ( -197.4071118270375678, -22.77894454186735373, 14.63097693413523714 ) ) ;
#806 = CARTESIAN_POINT ( 'NONE',  ( -199.7089977042861051, -17.02189960024924531, 13.93397886380135020 ) ) ;
#807 = CARTESIAN_POINT ( 'NONE',  ( -189.1262176060895968, -26.99999999999999645, 12.03666931317794209 ) ) ;
#808 = CARTESIAN_POINT ( 'NONE',  ( -185.5066624489272726, -17.00000000000000000, 14.84559665948070339 ) ) ;
#809 = DIRECTION ( 'NONE',  ( -0.9990482215818580203, 0.000000000000000000, 0.04361938736533081673 ) ) ;
#810 = ADVANCED_FACE ( 'NONE', ( #496 ), #999, .T. ) ;
#811 = CARTESIAN_POINT ( 'NONE',  ( -190.8944780431246215, -15.33333333333457560, 6.072259602070628759 ) ) ;
#812 = CARTESIAN_POINT ( 'NONE',  ( -199.6281740702176819, -14.33333333333333570, 12.36800406074416259 ) ) ;
#813 = ORIENTED_EDGE ( 'NONE', *, *, #371, .F. ) ;
#814 = CARTESIAN_POINT ( 'NONE',  ( -185.5066624489273295, -17.91691322966961053, 14.84559665948070695 ) ) ;
#815 = ADVANCED_FACE ( 'NONE', ( #1313 ), #1998, .F. ) ;
#816 = AXIS2_PLACEMENT_3D ( 'NONE', #1156, #489, #1151 ) ;
#817 = CARTESIAN_POINT ( 'NONE',  ( -197.8878155941975194, -16.00000000000000000, 6.377595313627996809 ) ) ;
#818 = CARTESIAN_POINT ( 'NONE',  ( -185.6414989680717440, -23.00000000000000000, 11.75733263762950642 ) ) ;
#819 = CARTESIAN_POINT ( 'NONE',  ( -187.7656699276847974, -14.00000000000000355, 8.956990245972994202 ) ) ;
#820 = DIRECTION ( 'NONE',  ( 0.04361938736532899874, 0.000000000000000000, 0.9990482215818581313 ) ) ;
#821 = CARTESIAN_POINT ( 'NONE',  ( -186.8599636985531163, -23.19971813576966113, 12.30918138462978639 ) ) ;
#822 = CARTESIAN_POINT ( 'NONE',  ( -187.7664752162830268, -14.53849484325773034, 8.938546104720208163 ) ) ;
#823 = ORIENTED_EDGE ( 'NONE', *, *, #514, .F. ) ;
#824 = CARTESIAN_POINT ( 'NONE',  ( -198.3475676849286629, -23.14127562560854656, 13.23797836118688309 ) ) ;
#825 = CARTESIAN_POINT ( 'NONE',  ( -187.5126939249095130, -21.73113556452350892, 14.75109330292032084 ) ) ;
#826 = CARTESIAN_POINT ( 'NONE',  ( -188.0020905394685542, -13.00000000000000355, 14.95454940287412704 ) ) ;
#827 = ORIENTED_EDGE ( 'NONE', *, *, #1603, .T. ) ;
#828 = CARTESIAN_POINT ( 'NONE',  ( -195.8988987150030994, -16.38451547022231125, 6.290757327315700032 ) ) ;
#829 = ORIENTED_EDGE ( 'NONE', *, *, #837, .F. ) ;
#830 = CARTESIAN_POINT ( 'NONE',  ( -185.5066624489273295, -15.66666666666666607, 14.84559665948070695 ) ) ;
#831 = CARTESIAN_POINT ( 'NONE',  ( -199.6281740702177103, -26.99999999999999645, 12.36800406074416081 ) ) ;
#832 = ADVANCED_FACE ( 'NONE', ( #1492 ), #25, .F. ) ;
#833 = ORIENTED_EDGE ( 'NONE', *, *, #1000, .T. ) ;
#834 = CARTESIAN_POINT ( 'NONE',  ( -196.0033513507086695, -13.00000000000000355, 15.30389199434977954 ) ) ;
#835 = CARTESIAN_POINT ( 'NONE',  ( -183.9011404920515531, -24.00000000000000000, 5.766923890513319328 ) ) ;
#836 = CARTESIAN_POINT ( 'NONE',  ( -195.9518966131827540, -23.99986039474697463, 6.355998540458749346 ) ) ;
#837 = EDGE_CURVE ( 'NONE', #620, #499, #1835, .T. ) ;
#838 = CARTESIAN_POINT ( 'NONE',  ( -189.7559876141152699, -24.00000000000000000, 9.007653022871119575 ) ) ;
#839 = CARTESIAN_POINT ( 'NONE',  ( -199.5763898091622650, -22.63834143971891777, 14.61254892143820783 ) ) ;
#840 = CARTESIAN_POINT ( 'NONE',  ( -194.8906709294519430, -14.53849484325853325, 6.246737151531964294 ) ) ;
#841 = B_SPLINE_CURVE_WITH_KNOTS ( 'NONE', 3,
 ( #1138, #1280, #935, #808 ),
 .UNSPECIFIED., .F., .F.,
 ( 4, 4 ),
 ( 0.000000000000000000, 1.000000000000000000 ),
 .UNSPECIFIED. ) ;
#842 = ORIENTED_EDGE ( 'NONE', *, *, #1046, .F. ) ;
#843 = CARTESIAN_POINT ( 'NONE',  ( -185.5066624489273295, -19.75073968900882448, 14.84559665948070695 ) ) ;
#844 = CARTESIAN_POINT ( 'NONE',  ( -197.7569574321014727, -23.74134957252516642, 9.374739978373533233 ) ) ;
#845 = CARTESIAN_POINT ( 'NONE',  ( -201.7491719613805401, -25.99999999999999645, 9.640336884940516882 ) ) ;
#846 = ORIENTED_EDGE ( 'NONE', *, *, #2024, .T. ) ;
#847 = CARTESIAN_POINT ( 'NONE',  ( -200.0055238752913453, -19.32522653144157587, 15.47863062045556681 ) ) ;
#848 = B_SPLINE_CURVE_WITH_KNOTS ( 'NONE', 3,
 ( #188, #1832, #1351, #1977, #524, #372, #406, #1044, #839, #1029, #1683, #227, #1725, #1875, #2023, #1573 ),
 .UNSPECIFIED., .F., .F.,
 ( 4, 2, 2, 2, 2, 2, 2, 4 ),
 ( 0.000000000000000000, 0.001130703163114101482, 0.001696054744671146586, 0.002261406326228192123, 0.002826757907785237226, 0.003392109489342282330, 0.003957461070899327867, 0.004522812652456372970 ),
 .UNSPECIFIED. ) ;
#849 = CARTESIAN_POINT ( 'NONE',  ( -194.8976565122945033, -23.99999999999907629, 6.247042194369913481 ) ) ;
#850 = CARTESIAN_POINT ( 'NONE',  ( -190.7511464573305204, -24.00000000000000000, 9.032984411320182261 ) ) ;
#851 = CARTESIAN_POINT ( 'NONE',  ( -196.8086726954696530, -16.00439405729632369, 6.682613394846967481 ) ) ;
#852 = CARTESIAN_POINT ( 'NONE',  ( -197.8878155941975194, -24.00000000000000000, 6.377595313627995921 ) ) ;
#853 = EDGE_CURVE ( 'NONE', #2069, #4, #2005, .T. ) ;
#854 = VERTEX_POINT ( 'NONE', #2016 ) ;
#855 = B_SPLINE_CURVE_WITH_KNOTS ( 'NONE', 3,
 ( #212, #2004, #238, #891, #1338, #851, #70, #560, #687, #1210, #1516, #394, #1813, #358, #1538, #1222, #21, #1502 ),
 .UNSPECIFIED., .F., .F.,
 ( 4, 2, 2, 2, 2, 2, 2, 2, 4 ),
 ( 0.000000000000000000, 0.001243160440625690547, 0.001864740660938496138, 0.002175530771094897741, 0.002486320881251299995, 0.003107901101564047256, 0.003729481321876794951, 0.004351061542189548284, 0.004972641762502300750 ),
 .UNSPECIFIED. ) ;
#856 = CARTESIAN_POINT ( 'NONE',  ( -183.7663039729071386, -14.66666666666666785, 8.855187912364518965 ) ) ;
#857 = CARTESIAN_POINT ( 'NONE',  ( -196.5008499428835762, -23.00000000000000000, 15.32561325197978697 ) ) ;
#858 = CARTESIAN_POINT ( 'NONE',  ( -183.7663039729071102, -14.00000000000000355, 8.855187912364524294 ) ) ;
#859 = CARTESIAN_POINT ( 'NONE',  ( -198.1612732556307321, -23.00000000000000000, 15.39810889944159378 ) ) ;
#860 = CARTESIAN_POINT ( 'NONE',  ( -201.8840084805249546, -26.00000000000000000, 6.552072863089311028 ) ) ;
#861 = CARTESIAN_POINT ( 'NONE',  ( -197.6224010840185201, -26.06061554183384388, 7.730636274455764401 ) ) ;
#862 = ORIENTED_EDGE ( 'NONE', *, *, #911, .T. ) ;
#863 = CARTESIAN_POINT ( 'NONE',  ( -197.7561521435032716, -14.00000000000000355, 9.393184119626315720 ) ) ;
#864 = CARTESIAN_POINT ( 'NONE',  ( -186.5652690829365383, -16.00000000000000000, 5.883242256820888194 ) ) ;
#865 = CARTESIAN_POINT ( 'NONE',  ( -196.3357548420693774, -13.99915517936263676, 6.462755121399601954 ) ) ;
#866 = CARTESIAN_POINT ( 'NONE',  ( -187.6271532123850534, -19.32219270829461877, 14.93817928564206099 ) ) ;
#867 = CARTESIAN_POINT ( 'NONE',  ( -195.8988987150030994, -13.61548452977769408, 6.290757327315700032 ) ) ;
#868 = ORIENTED_EDGE ( 'NONE', *, *, #1291, .F. ) ;
#869 = DIRECTION ( 'NONE',  ( -0.000000000000000000, 1.000000000000000000, -0.000000000000000000 ) ) ;
#870 = CARTESIAN_POINT ( 'NONE',  ( -187.7754899194986535, -23.77200866934490620, 8.732075455777696504 ) ) ;
#871 = VERTEX_POINT ( 'NONE', #1406 ) ;
#872 = FACE_OUTER_BOUND ( 'NONE', #2103, .T. ) ;
#873 = B_SPLINE_CURVE_WITH_KNOTS ( 'NONE', 3,
 ( #596, #286, #1889, #940 ),
 .UNSPECIFIED., .F., .F.,
 ( 4, 4 ),
 ( 0.000000000000000000, 1.000000000000000000 ),
 .UNSPECIFIED. ) ;
#874 = CARTESIAN_POINT ( 'NONE',  ( -197.5842963046856937, -23.11505840905516607, 13.32932996003390080 ) ) ;
#875 = VERTEX_POINT ( 'NONE', #1865 ) ;
#876 = CARTESIAN_POINT ( 'NONE',  ( -200.0050326098777020, -19.77446529710843137, 15.47860917134438985 ) ) ;
#877 = CARTESIAN_POINT ( 'NONE',  ( -199.4933375558864270, -20.23436887958970232, 15.45626797235553518 ) ) ;
#878 = CARTESIAN_POINT ( 'NONE',  ( -196.9301008725789757, -13.99403521853448495, 6.754209891367013441 ) ) ;
#879 = CARTESIAN_POINT ( 'NONE',  ( -183.9011404920515815, -14.00000000000000178, 5.766923890513322881 ) ) ;
#880 = LINE ( 'NONE', #1166, #664 ) ;
#881 = CARTESIAN_POINT ( 'NONE',  ( -190.2409626506474183, -26.00000981242197895, 6.059899645741205987 ) ) ;
#882 = CARTESIAN_POINT ( 'NONE',  ( -201.8840084805249546, -14.00000000000000178, 6.552072863089311028 ) ) ;
#883 = CARTESIAN_POINT ( 'NONE',  ( -190.8864468176499258, -24.00000000000000000, 6.071909043895129088 ) ) ;
#884 = ORIENTED_EDGE ( 'NONE', *, *, #592, .F. ) ;
#885 = CARTESIAN_POINT ( 'NONE',  ( -196.5003970824456587, -17.00000000000000000, 15.32559347966606111 ) ) ;
#886 = EDGE_CURVE ( 'NONE', #1628, #392, #1264, .T. ) ;
#887 = PRESENTATION_LAYER_ASSIGNMENT (  '', '', ( #530 ) ) ;
#888 = ORIENTED_EDGE ( 'NONE', *, *, #585, .F. ) ;
#889 = CARTESIAN_POINT ( 'NONE',  ( -185.2332047874940884, -26.00000000000000000, 5.825083073667105538 ) ) ;
#890 = B_SPLINE_CURVE_WITH_KNOTS ( 'NONE', 3,
 ( #1557, #753, #401, #89 ),
 .UNSPECIFIED., .F., .F.,
 ( 4, 4 ),
 ( 0.000000000000000000, 1.000000000000000000 ),
 .UNSPECIFIED. ) ;
#891 = CARTESIAN_POINT ( 'NONE',  ( -196.3384231986230191, -16.00072222238623709, 6.457309146225170160 ) ) ;
#892 = AXIS2_PLACEMENT_3D ( 'NONE', #1120, #172, #1939 ) ;
#893 = ORIENTED_EDGE ( 'NONE', *, *, #748, .F. ) ;
#894 = CARTESIAN_POINT ( 'NONE',  ( -197.0005907732237063, -23.61548452977768164, 6.554138900365759746 ) ) ;
#895 = CARTESIAN_POINT ( 'NONE',  ( -190.8944780431246215, -16.38451547022230770, 6.072259602070627871 ) ) ;
#896 = PRODUCT_DEFINITION_CONTEXT ( 'detailed design', #253, 'design' ) ;
#897 = DIRECTION ( 'NONE',  ( -0.000000000000000000, -1.000000000000000000, -0.000000000000000000 ) ) ;
#898 = CARTESIAN_POINT ( 'NONE',  ( -197.5008105042601585, -21.53832703205211629, 15.24146915960235482 ) ) ;
#899 = ORIENTED_EDGE ( 'NONE', *, *, #460, .F. ) ;
#900 = DIRECTION ( 'NONE',  ( -0.000000000000000000, 1.000000000000000000, -0.000000000000000000 ) ) ;
#901 = CARTESIAN_POINT ( 'NONE',  ( -201.8840084805249546, -20.00000000000000000, 6.552072863089311028 ) ) ;
#902 = CARTESIAN_POINT ( 'NONE',  ( -188.2569036079842704, -16.03094881599967536, 6.923360712085882440 ) ) ;
#903 = CARTESIAN_POINT ( 'NONE',  ( -189.5845569018560752, -26.00047869198369455, 6.128982977388950815 ) ) ;
#904 = CARTESIAN_POINT ( 'NONE',  ( -185.5074548050596661, -18.99648066803003843, 14.83763149166762751 ) ) ;
#905 = CARTESIAN_POINT ( 'NONE',  ( -187.6178821208135616, -16.79940889411987825, 12.34188752546835488 ) ) ;
#906 = CARTESIAN_POINT ( 'NONE',  ( -201.8840084805249546, -24.00000000000000000, 6.552072863089311028 ) ) ;
#907 = CARTESIAN_POINT ( 'NONE',  ( -186.1726945966485403, -13.00000000000000355, 14.87467625105759872 ) ) ;
#908 = CARTESIAN_POINT ( 'NONE',  ( -186.8387267295736649, -20.22754408131441295, 14.90375584198847747 ) ) ;
#909 = ORIENTED_EDGE ( 'NONE', *, *, #1396, .F. ) ;
#910 = CARTESIAN_POINT ( 'NONE',  ( -200.0016871049515998, -23.19782660220195325, 12.88373049970065587 ) ) ;
#911 = EDGE_CURVE ( 'NONE', #1296, #1731, #1097, .T. ) ;
#912 = B_SPLINE_SURFACE_WITH_KNOTS ( 'NONE', 5, 3, ( 
 ( #354, #1493, #244, #1520 ),
 ( #363, #1486, #1507, #518 ),
 ( #1817, #1188, #46, #376 ),
 ( #1676, #699, #1364, #1994 ),
 ( #542, #2029, #87, #1110 ),
 ( #1751, #607, #597, #1902 ),
 ( #1417, #941, #287, #2017 ),
 ( #1430, #1274, #574, #439 ) ),
 .UNSPECIFIED., .F., .F., .F.,
 ( 6, 2, 6 ),
 ( 4, 4 ),
 ( 0.000000000000000000, 0.5000000000000000000, 1.000000000000000000 ),
 ( -0.002384515470222310120, 0.0003845154702223081808 ),
 .UNSPECIFIED. ) ;
#913 = CARTESIAN_POINT ( 'NONE',  ( -187.9117090892067097, -16.10214375441154289, 7.731076755819637825 ) ) ;
#914 = EDGE_CURVE ( 'NONE', #630, #1224, #396, .T. ) ;
#915 = CARTESIAN_POINT ( 'NONE',  ( -188.6551506507115050, -26.00952054731669350, 6.508730960018551670 ) ) ;
#916 = CARTESIAN_POINT ( 'NONE',  ( -197.7789675199933868, -26.38451547022231125, 8.870626085597985266 ) ) ;
#917 = CARTESIAN_POINT ( 'NONE',  ( -185.5066624489273295, -13.00000000000000178, 14.84559665948070872 ) ) ;
#918 = CARTESIAN_POINT ( 'NONE',  ( -189.8862502575734652, -14.53849484325773034, 6.028239426286899239 ) ) ;
#919 = ORIENTED_EDGE ( 'NONE', *, *, #1132, .T. ) ;
#920 = CARTESIAN_POINT ( 'NONE',  ( -199.2198798896399978, -16.00000000000000000, 6.435754496781767919 ) ) ;
#921 = CARTESIAN_POINT ( 'NONE',  ( -197.4989987323498326, -21.36530395153841155, 15.28296555866579887 ) ) ;
#922 = ORIENTED_EDGE ( 'NONE', *, *, #981, .F. ) ;
#923 = CARTESIAN_POINT ( 'NONE',  ( -196.0487742435214216, -13.99977439163830795, 6.378088698970376669 ) ) ;
#924 = CARTESIAN_POINT ( 'NONE',  ( -187.7953599777505644, -16.18822204811822019, 8.446857247933685642 ) ) ;
#925 = DIRECTION ( 'NONE',  ( -0.000000000000000000, 1.000000000000000000, -0.000000000000000000 ) ) ;
#926 = CARTESIAN_POINT ( 'NONE',  ( -188.5955272870619410, -13.98777225573160088, 6.564948064911572345 ) ) ;
#927 = VECTOR ( 'NONE', #1410, 1000.000000000000000 ) ;
#928 = CARTESIAN_POINT ( 'NONE',  ( -188.0738769651167672, -16.38451547022230770, 6.828626260948391646 ) ) ;
#929 = CARTESIAN_POINT ( 'NONE',  ( -197.8878155941975194, -26.00000000000000355, 6.377595313627916873 ) ) ;
#930 = EDGE_LOOP ( 'NONE', ( #482, #360, #1867, #1959, #1235, #1253 ) ) ;
#931 = CARTESIAN_POINT ( 'NONE',  ( -199.4933375510732674, -17.00000000000000000, 15.45626808259536489 ) ) ;
#932 = ORIENTED_EDGE ( 'NONE', *, *, #853, .T. ) ;
#933 = CARTESIAN_POINT ( 'NONE',  ( -195.5316815181292327, -13.99999110177234662, 6.290123156501858936 ) ) ;
#934 = B_SPLINE_CURVE_WITH_KNOTS ( 'NONE', 3,
 ( #96, #1730, #2054, #1069, #2042, #276, #1708, #2063, #1237, #1260, #1555, #74, #1866, #419, #732, #747 ),
 .UNSPECIFIED., .F., .F.,
 ( 4, 2, 2, 2, 2, 2, 2, 4 ),
 ( 0.000000000000000000, 0.0005639890801380953618, 0.001127978160276190724, 0.001691967240414285869, 0.002255956320552381447, 0.002819945400690476809, 0.003383934480828571737, 0.004511912641104771568 ),
 .UNSPECIFIED. ) ;
#935 = CARTESIAN_POINT ( 'NONE',  ( -185.5066624489273295, -15.66666666666666607, 14.84559665948070695 ) ) ;
#936 = CARTESIAN_POINT ( 'NONE',  ( -187.7664752162830268, -25.41955014249144895, 8.938546104720209939 ) ) ;
#937 = ORIENTED_EDGE ( 'NONE', *, *, #1446, .F. ) ;
#938 = CARTESIAN_POINT ( 'NONE',  ( -189.5346943430423039, -16.00058492123311993, 6.139159694597549510 ) ) ;
#939 = CARTESIAN_POINT ( 'NONE',  ( -197.4952411079094645, -23.00000000000000000, 15.36902930786470733 ) ) ;
#940 = CARTESIAN_POINT ( 'NONE',  ( -194.8958481162185024, -25.99999999999998934, 6.246963228313703986 ) ) ;
#941 = CARTESIAN_POINT ( 'NONE',  ( -187.7884853041749125, -25.46150515674476722, 8.434432211944631774 ) ) ;
#942 = ORIENTED_EDGE ( 'NONE', *, *, #1868, .F. ) ;
#943 = CARTESIAN_POINT ( 'NONE',  ( -199.0871587494623611, -25.99999999999999645, 9.475568374731050625 ) ) ;
#944 = CARTESIAN_POINT ( 'NONE',  ( -188.4995354849774856, -26.99999999999999645, 14.97626831824012505 ) ) ;
#945 = PLANE ( 'NONE',  #133 ) ;
#946 = CARTESIAN_POINT ( 'NONE',  ( -185.8715457472618198, -18.87492126968301775, 14.86152780832730258 ) ) ;
#947 = CARTESIAN_POINT ( 'NONE',  ( -190.6137103450330130, -16.00000000000008882, 6.060009728588492628 ) ) ;
#948 = B_SPLINE_CURVE_WITH_KNOTS ( 'NONE', 3,
 ( #1413, #1537, #2013, #601 ),
 .UNSPECIFIED., .F., .F.,
 ( 4, 4 ),
 ( 0.2876217844687553593, 0.6671234471342453176 ),
 .UNSPECIFIED. ) ;
#949 = CARTESIAN_POINT ( 'NONE',  ( -197.7710357574935358, -23.81175964131402978, 8.882538044684791245 ) ) ;
#950 = CARTESIAN_POINT ( 'NONE',  ( -187.5047588920910471, -17.00000000000000000, 14.93283543421138226 ) ) ;
#951 = CARTESIAN_POINT ( 'NONE',  ( -187.8104953920667981, -16.38451547022230770, 7.930318319169054497 ) ) ;
#952 = ORIENTED_EDGE ( 'NONE', *, *, #1872, .T. ) ;
#953 = CARTESIAN_POINT ( 'NONE',  ( -185.5066624489272726, -27.00199999999999889, 14.84559665948070339 ) ) ;
#954 = ADVANCED_FACE ( 'NONE', ( #427 ), #1389, .T. ) ;
#955 = CARTESIAN_POINT ( 'NONE',  ( -185.5066624489273011, -26.99999999999999645, 14.84559665948070339 ) ) ;
#956 = CARTESIAN_POINT ( 'NONE',  ( -200.0016871049519693, -16.80217339779786911, 12.88373049969932360 ) ) ;
#957 =( GEOMETRIC_REPRESENTATION_CONTEXT ( 3 ) GLOBAL_UNCERTAINTY_ASSIGNED_CONTEXT ( ( #1386 ) ) GLOBAL_UNIT_ASSIGNED_CONTEXT ( ( #525, #1824, #1539 ) ) REPRESENTATION_CONTEXT ( 'NONE', 'WORKASPACE' ) );
#958 = CARTESIAN_POINT ( 'NONE',  ( -192.5000000000002274, -13.00000000000000178, 15.15093237103806700 ) ) ;
#959 = CARTESIAN_POINT ( 'NONE',  ( -185.4701128955796321, -17.16511667949971098, 13.67393487693934695 ) ) ;
#960 = CARTESIAN_POINT ( 'NONE',  ( -187.7664752162830268, -15.46150515673836878, 8.938546104720208163 ) ) ;
#961 = B_SPLINE_CURVE_WITH_KNOTS ( 'NONE', 3,
 ( #1057, #858, #1033, #1696 ),
 .UNSPECIFIED., .F., .F.,
 ( 4, 4 ),
 ( 0.000000000000000000, 1.000000000000000000 ),
 .UNSPECIFIED. ) ;
#962 = ORIENTED_EDGE ( 'NONE', *, *, #150, .T. ) ;
#963 = CIRCLE ( 'NONE', #1234, 4.000000000000000000 ) ;
#964 = CARTESIAN_POINT ( 'NONE',  ( -200.5519441850824762, -25.99999999999999645, 6.493913679935539918 ) ) ;
#965 = EDGE_CURVE ( 'NONE', #198, #995, #1153, .T. ) ;
#966 = CARTESIAN_POINT ( 'NONE',  ( -199.7118827257562828, -17.01760424704941954, 13.92146099403883319 ) ) ;
#967 = CARTESIAN_POINT ( 'NONE',  ( -188.7612363959129880, -25.99999999999999645, 8.982332010361147923 ) ) ;
#968 = CARTESIAN_POINT ( 'NONE',  ( -183.7663039729071102, -25.99999999999999645, 8.855187912364524294 ) ) ;
#969 = DIRECTION ( 'NONE',  ( 0.04361938736532901262, 0.000000000000000000, 0.9990482215818580203 ) ) ;
#970 = CARTESIAN_POINT ( 'NONE',  ( -197.3733323035913259, -18.87278724126260698, 15.36370665451932993 ) ) ;
#971 = CARTESIAN_POINT ( 'NONE',  ( -197.7682961618124864, -23.77991270696258752, 9.115040371455480184 ) ) ;
#972 = CARTESIAN_POINT ( 'NONE',  ( -187.7656699276847974, -16.00000000000000000, 8.956990245972994202 ) ) ;
#973 = CARTESIAN_POINT ( 'NONE',  ( -187.7884853041749125, -15.46150515673836878, 8.434432211944629998 ) ) ;
#974 = B_SPLINE_CURVE_WITH_KNOTS ( 'NONE', 3,
 ( #1847, #1690, #389, #1058 ),
 .UNSPECIFIED., .F., .F.,
 ( 4, 4 ),
 ( 0.000000000000000000, 1.000000000000000000 ),
 .UNSPECIFIED. ) ;
#975 = ORIENTED_EDGE ( 'NONE', *, *, #310, .F. ) ;
#976 = CARTESIAN_POINT ( 'NONE',  ( -197.6269045586037407, -26.99999999999999645, 12.35344050186638754 ) ) ;
#977 = CARTESIAN_POINT ( 'NONE',  ( -187.7656699276847974, -25.99999999999999645, 8.956990245972994202 ) ) ;
#978 = CARTESIAN_POINT ( 'NONE',  ( -195.7315995354115330, -25.99969198847671947, 6.291890383441840484 ) ) ;
#979 = CYLINDRICAL_SURFACE ( 'NONE', #642, 5.999999999999998224 ) ;
#980 = ORIENTED_EDGE ( 'NONE', *, *, #187, .F. ) ;
#981 = EDGE_CURVE ( 'NONE', #1472, #47, #386, .T. ) ;
#982 = CARTESIAN_POINT ( 'NONE',  ( -187.7754915381048875, -13.77201417424092078, 8.732038383601118170 ) ) ;
#983 = CARTESIAN_POINT ( 'NONE',  ( -201.7491719613805117, -17.37962387583441171, 9.640336884940511553 ) ) ;
#984 = ORIENTED_EDGE ( 'NONE', *, *, #1212, .F. ) ;
#985 = CARTESIAN_POINT ( 'NONE',  ( -198.9610842330130254, -26.99999999999999645, 12.36314954111823816 ) ) ;
#986 = CARTESIAN_POINT ( 'NONE',  ( -186.5652690829365383, -25.99999999999999645, 5.883242256820888194 ) ) ;
#987 = CARTESIAN_POINT ( 'NONE',  ( -188.2406916134517303, -13.96751933945994750, 6.947062031442164276 ) ) ;
#988 = VECTOR ( 'NONE', #1208, 1000.000000000000114 ) ;
#989 = ORIENTED_EDGE ( 'NONE', *, *, #390, .F. ) ;
#990 = CARTESIAN_POINT ( 'NONE',  ( -183.7663039729071386, -16.45845661483480526, 8.855187912364518965 ) ) ;
#991 = AXIS2_PLACEMENT_3D ( 'NONE', #1706, #1048, #721 ) ;
#992 = CARTESIAN_POINT ( 'NONE',  ( -200.6769604246096037, -16.51069919631647309, 10.78186223284468603 ) ) ;
#993 = VECTOR ( 'NONE', #63, 1000.000000000000114 ) ;
#994 = CARTESIAN_POINT ( 'NONE',  ( -189.8866599678890452, -14.00000000000000355, 6.028257314625652619 ) ) ;
#995 = VERTEX_POINT ( 'NONE', #1128 ) ;
#996 = EDGE_CURVE ( 'NONE', #190, #499, #1272, .T. ) ;
#997 = CARTESIAN_POINT ( 'NONE',  ( -197.8878155941975194, -14.00000000000000000, 6.377595313627996809 ) ) ;
#998 = ORIENTED_EDGE ( 'NONE', *, *, #1914, .T. ) ;
#999 = PLANE ( 'NONE',  #816 ) ;
#1000 = EDGE_CURVE ( 'NONE', #1874, #587, #873, .T. ) ;
#1001 = CARTESIAN_POINT ( 'NONE',  ( -187.5857106614078589, -23.07862920549873564, 13.07873508905140270 ) ) ;
#1002 = ADVANCED_FACE ( 'NONE', ( #1440 ), #1688, .F. ) ;
#1003 = CARTESIAN_POINT ( 'NONE',  ( -197.7569574321015864, -26.25865042747483358, 9.374739978373547444 ) ) ;
#1004 = CARTESIAN_POINT ( 'NONE',  ( -196.1326456122999389, -13.00000000000000355, 12.34256654010519405 ) ) ;
#1005 = CARTESIAN_POINT ( 'NONE',  ( -199.4933375510732390, -22.07812295986323647, 15.45626808259536489 ) ) ;
#1006 = CARTESIAN_POINT ( 'NONE',  ( -201.7876499607895653, -24.00000000000000000, 8.759045807702833031 ) ) ;
#1007 = CARTESIAN_POINT ( 'NONE',  ( -187.7664752162830268, -14.58044985750844624, 8.938546104720206387 ) ) ;
#1008 = FACE_OUTER_BOUND ( 'NONE', #240, .T. ) ;
#1009 = ORIENTED_EDGE ( 'NONE', *, *, #187, .T. ) ;
#1010 = CARTESIAN_POINT ( 'NONE',  ( -183.9011404920516100, -17.37536984450441224, 5.766923890513321105 ) ) ;
#1011 = CARTESIAN_POINT ( 'NONE',  ( -187.5047588920909618, -15.66666666666666963, 14.93283543421138049 ) ) ;
#1012 = CARTESIAN_POINT ( 'NONE',  ( -187.5047588920910471, -25.66666666666666430, 14.93283543421138226 ) ) ;
#1013 = EDGE_LOOP ( 'NONE', ( #1102, #932, #750, #129, #461, #1652 ) ) ;
#1014 = CARTESIAN_POINT ( 'NONE',  ( -187.5047588920910471, -23.00000000000000000, 14.93283543421138226 ) ) ;
#1015 = CARTESIAN_POINT ( 'NONE',  ( -195.6262931682402950, -23.99998105859350872, 6.301542368378710179 ) ) ;
#1016 = CARTESIAN_POINT ( 'NONE',  ( -190.8804412522197538, -24.00000000000000000, 6.071646742544367648 ) ) ;
#1017 = CARTESIAN_POINT ( 'NONE',  ( -183.9011404920515815, -16.00000000000000000, 5.766923890513322881 ) ) ;
#1018 = CARTESIAN_POINT ( 'NONE',  ( -185.5066624489272158, -24.33333333333333215, 14.84559665948071050 ) ) ;
#1019 = ORIENTED_EDGE ( 'NONE', *, *, #1572, .T. ) ;
#1020 = CARTESIAN_POINT ( 'NONE',  ( -200.1027066363311064, -23.13923620637476475, 13.31462310967473250 ) ) ;
#1021 = CARTESIAN_POINT ( 'NONE',  ( -188.8937045261492358, -24.00000000000000711, 5.984903943773153934 ) ) ;
#1022 = CARTESIAN_POINT ( 'NONE',  ( -197.4952411136981425, -19.76277383694005962, 15.36902917528271217 ) ) ;
#1023 = CARTESIAN_POINT ( 'NONE',  ( -187.8973333783790167, -14.00000000000000178, 5.941401439974622001 ) ) ;
#1024 = CARTESIAN_POINT ( 'NONE',  ( -201.8840084805249830, -14.00000000000000355, 6.552072863089311916 ) ) ;
#1025 = CARTESIAN_POINT ( 'NONE',  ( -187.8973333783790167, -24.00000000000000000, 5.941401439974669962 ) ) ;
#1026 = CARTESIAN_POINT ( 'NONE',  ( -196.2403823181843450, -23.99941278266238953, 6.432185103540629001 ) ) ;
#1027 = VECTOR ( 'NONE', #2048, 1000.000000000000000 ) ;
#1028 = CARTESIAN_POINT ( 'NONE',  ( -189.8860719609395176, -24.00000000000000000, 6.028231641687802345 ) ) ;
#1029 = CARTESIAN_POINT ( 'NONE',  ( -199.6313669488920084, -22.83361797453677156, 14.29482965863287269 ) ) ;
#1030 = CARTESIAN_POINT ( 'NONE',  ( -197.6346170708511067, -16.38451547022231125, 7.246057188868006982 ) ) ;
#1031 = CARTESIAN_POINT ( 'NONE',  ( -187.8324443959695884, -26.14925891439353123, 8.140902167773052867 ) ) ;
#1032 = CARTESIAN_POINT ( 'NONE',  ( -197.4699997665308047, -23.14229739878368974, 13.19961429893665894 ) ) ;
#1033 = CARTESIAN_POINT ( 'NONE',  ( -185.6414989680717156, -13.00000000000000355, 11.75733263762950109 ) ) ;
#1034 = B_SPLINE_CURVE_WITH_KNOTS ( 'NONE', 3,
 ( #359, #1176, #504, #202 ),
 .UNSPECIFIED., .F., .F.,
 ( 4, 4 ),
 ( 0.000000000000000000, 1.000000000000000000 ),
 .UNSPECIFIED. ) ;
#1035 = VERTEX_POINT ( 'NONE', #275 ) ;
#1036 = DIRECTION ( 'NONE',  ( 0.000000000000000000, 1.000000000000000000, 0.000000000000000000 ) ) ;
#1037 = B_SPLINE_CURVE_WITH_KNOTS ( 'NONE', 3,
 ( #1807, #1158, #1645, #180 ),
 .UNSPECIFIED., .F., .F.,
 ( 4, 4 ),
 ( 0.000000000000000000, 1.000000000000000000 ),
 .UNSPECIFIED. ) ;
#1038 = CARTESIAN_POINT ( 'NONE',  ( -187.5047588920910187, -19.77173122027415531, 14.93283543421138049 ) ) ;
#1039 = CARTESIAN_POINT ( 'NONE',  ( -197.6083643366321212, -23.20059110588030649, 12.77808139912032814 ) ) ;
#1040 = LINE ( 'NONE', #346, #988 ) ;
#1041 = CARTESIAN_POINT ( 'NONE',  ( -187.5047588920910471, -13.00000000000000178, 14.93283543421138404 ) ) ;
#1042 = CARTESIAN_POINT ( 'NONE',  ( -197.7155274347326213, -13.89907828344549756, 8.147516802848361550 ) ) ;
#1043 = B_SPLINE_CURVE_WITH_KNOTS ( 'NONE', 3,
 ( #464, #1007, #136, #1449 ),
 .UNSPECIFIED., .F., .F.,
 ( 4, 4 ),
 ( 0.000000000000000000, 1.000000000000000000 ),
 .UNSPECIFIED. ) ;
#1044 = CARTESIAN_POINT ( 'NONE',  ( -199.5552466481972260, -22.51762139570332977, 14.76193353074551595 ) ) ;
#1045 = CARTESIAN_POINT ( 'NONE',  ( -197.7569574321015011, -15.46150515674477610, 9.374739978373543892 ) ) ;
#1046 = EDGE_CURVE ( 'NONE', #1709, #2069, #338, .T. ) ;
#1047 = ORIENTED_EDGE ( 'NONE', *, *, #520, .T. ) ;
#1048 = DIRECTION ( 'NONE',  ( 0.000000000000000000, -1.000000000000000000, 0.000000000000000000 ) ) ;
#1049 = CARTESIAN_POINT ( 'NONE',  ( -197.1289194067875314, -23.00000000000000000, 12.34981658412984906 ) ) ;
#1050 = CARTESIAN_POINT ( 'NONE',  ( -187.8639158446494832, -23.87891680840558450, 7.909951328561310113 ) ) ;
#1051 = CARTESIAN_POINT ( 'NONE',  ( -198.2939943958083973, -17.00000000000000000, 12.35829502149231196 ) ) ;
#1052 = VERTEX_POINT ( 'NONE', #1462 ) ;
#1053 = CARTESIAN_POINT ( 'NONE',  ( -196.1698674545695837, -13.99956180173976605, 6.411472441819708656 ) ) ;
#1054 = SHAPE_DEFINITION_REPRESENTATION ( #728, #1445 ) ;
#1055 = VERTEX_POINT ( 'NONE', #606 ) ;
#1056 = DIRECTION ( 'NONE',  ( -0.000000000000000000, 1.000000000000000000, 0.000000000000000000 ) ) ;
#1057 = CARTESIAN_POINT ( 'NONE',  ( -183.9011404920515815, -14.00000000000000178, 5.766923890513322881 ) ) ;
#1058 = CARTESIAN_POINT ( 'NONE',  ( -183.9011404920515815, -24.00000000000000000, 5.766923890513322881 ) ) ;
#1059 = AXIS2_PLACEMENT_3D ( 'NONE', #1693, #1200, #1840 ) ;
#1060 = CARTESIAN_POINT ( 'NONE',  ( -197.5636942581411972, -22.99385510983988468, 13.80119440390563490 ) ) ;
#1061 = ORIENTED_EDGE ( 'NONE', *, *, #215, .F. ) ;
#1062 = CARTESIAN_POINT ( 'NONE',  ( -195.5778248651699585, -13.99998688395043267, 6.295492251913939796 ) ) ;
#1063 = CARTESIAN_POINT ( 'NONE',  ( -185.8778563703987174, -17.88837374082678977, 14.69233231977119480 ) ) ;
#1064 = CARTESIAN_POINT ( 'NONE',  ( -187.7664752162830553, -16.25865042747483002, 8.938546104720215268 ) ) ;
#1065 = AXIS2_PLACEMENT_3D ( 'NONE', #1901, #450, #1742 ) ;
#1066 = CARTESIAN_POINT ( 'NONE',  ( -187.8991853305234940, -26.10753247110945452, 7.781130354201599708 ) ) ;
#1067 = CARTESIAN_POINT ( 'NONE',  ( -185.2244587423595306, -23.19782660220213799, 12.23854277581417094 ) ) ;
#1068 = B_SPLINE_SURFACE_WITH_KNOTS ( 'NONE', 3, 3, ( 
 ( #835, #347, #1348, #18 ),
 ( #1499, #1966, #684, #369 ),
 ( #380, #1161, #1797, #511 ),
 ( #1025, #356, #1670, #1014 ),
 ( #1512, #694, #1165, #1800 ),
 ( #1028, #838, #1514, #20 ),
 ( #1016, #850, #672, #32 ) ),
 .UNSPECIFIED., .F., .F., .F.,
 ( 4, 3, 4 ),
 ( 4, 4 ),
 ( 0.000000000000000000, 1.000000000000000000, 1.746487459113192031 ),
 ( 0.000000000000000000, 1.000000000000000000 ),
 .UNSPECIFIED. ) ;
#1069 = CARTESIAN_POINT ( 'NONE',  ( -185.3723119082168864, -23.07945902195503152, 12.96728369260523550 ) ) ;
#1070 = B_SPLINE_CURVE_WITH_KNOTS ( 'NONE', 3,
 ( #1999, #567, #546, #1858, #411, #784, #155, #1134, #966, #806, #2077, #443, #300, #1592, #142, #1278, #1905, #1580, #1252, #473, #454, #431, #796, #622, #600, #54, #185, #1953, #225, #40, #1526 ),
 .UNSPECIFIED., .F., .F.,
 ( 4, 2, 2, 1, 1, 1, 2, 2, 2, 2, 2, 2, 1, 1, 1, 1, 2, 2, 4 ),
 ( 0.000000000000000000, 0.1249999999999667488, 0.1874999999999501232, 0.2187499999999421296, 0.2343749999999381606, 0.2421874999999361622, 0.2460937499999363010, 0.2499999999999364952, 0.3749999999999372724, 0.4999999999999380496, 0.6249999999999387157, 0.6874999999999399369, 0.7187499999999417133, 0.7343749999999428235, 0.7421874999999424904, 0.7460937499999411582, 0.7480468749999393818, 0.7499999999999374944, 1.000000000000000000 ),
 .UNSPECIFIED. ) ;
#1071 = EDGE_CURVE ( 'NONE', #223, #1518, #2105, .T. ) ;
#1072 = CARTESIAN_POINT ( 'NONE',  ( -201.7491719613805401, -16.00000000000000000, 9.640336884940516882 ) ) ;
#1073 = CARTESIAN_POINT ( 'NONE',  ( -197.5432552187552062, -22.82792213123929059, 14.26932537003906631 ) ) ;
#1074 = ORIENTED_EDGE ( 'NONE', *, *, #2071, .T. ) ;
#1075 = EDGE_CURVE ( 'NONE', #328, #223, #736, .T. ) ;
#1076 = CARTESIAN_POINT ( 'NONE',  ( -195.1719815216721656, -13.99999999999988631, 6.259029215915227873 ) ) ;
#1077 = CARTESIAN_POINT ( 'NONE',  ( -189.6208051081978567, -16.00041062560056560, 6.122030211716560366 ) ) ;
#1078 = CARTESIAN_POINT ( 'NONE',  ( -197.7569574321014727, -23.74134957252516642, 9.374739978373533233 ) ) ;
#1079 = CARTESIAN_POINT ( 'NONE',  ( -195.3947848222275354, -24.53849484325533226, 6.268747239423832163 ) ) ;
#1080 = FACE_OUTER_BOUND ( 'NONE', #1084, .T. ) ;
#1081 = ORIENTED_EDGE ( 'NONE', *, *, #965, .T. ) ;
#1082 = CARTESIAN_POINT ( 'NONE',  ( -198.9610842330130254, -17.00000000000000000, 12.36314954111823816 ) ) ;
#1083 = CARTESIAN_POINT ( 'NONE',  ( -197.5736749510050458, -23.06237240788723852, 13.57259895454228449 ) ) ;
#1084 = EDGE_LOOP ( 'NONE', ( #1256, #833, #510, #1940 ) ) ;
#1085 = CARTESIAN_POINT ( 'NONE',  ( -195.9514370174054250, -13.99986074710901107, 6.355900395793072200 ) ) ;
#1086 = B_SPLINE_SURFACE_WITH_KNOTS ( 'NONE', 5, 3, ( 
 ( #1672, #1198, #56, #706 ),
 ( #866, #404, #271, #2022 ),
 ( #2049, #570, #946, #1414 ),
 ( #1898, #1106, #1063, #251 ),
 ( #1268, #1862, #1232, #414 ),
 ( #558, #740, #1737, #434 ),
 ( #1255, #446, #603, #1884 ),
 ( #1095, #1561, #580, #1402 ) ),
 .UNSPECIFIED., .F., .F., .F.,
 ( 6, 2, 6 ),
 ( 4, 4 ),
 ( 0.000000000000000000, 0.5000000000000000000, 1.000000000000000000 ),
 ( 0.009572952448371991468, 0.01220813345302805553 ),
 .UNSPECIFIED. ) ;
#1087 = ORIENTED_EDGE ( 'NONE', *, *, #1754, .F. ) ;
#1088 = CARTESIAN_POINT ( 'NONE',  ( -199.6281740702176819, -21.16030574084561167, 12.36800406074416259 ) ) ;
#1089 = CARTESIAN_POINT ( 'NONE',  ( -195.8988987150030994, -25.46150515673837234, 6.290757327315701808 ) ) ;
#1090 = CARTESIAN_POINT ( 'NONE',  ( -187.6178821208136469, -23.20059110588024964, 12.34188752546745071 ) ) ;
#1091 = ORIENTED_EDGE ( 'NONE', *, *, #1137, .F. ) ;
#1092 = CARTESIAN_POINT ( 'NONE',  ( -187.5047588920910471, -16.00000000000000000, 14.93283543421138226 ) ) ;
#1093 = ORIENTED_EDGE ( 'NONE', *, *, #1291, .T. ) ;
#1094 = CARTESIAN_POINT ( 'NONE',  ( -197.7569574321015580, -13.74134957252517353, 9.374739978373536786 ) ) ;
#1095 = CARTESIAN_POINT ( 'NONE',  ( -187.7375534424467105, -16.79927103557226076, 12.34705181189926648 ) ) ;
#1096 = CARTESIAN_POINT ( 'NONE',  ( -188.6552346001917329, -16.00951810357042859, 6.508667709255052891 ) ) ;
#1097 = CIRCLE ( 'NONE', #991, 4.999999999999990230 ) ;
#1098 = CARTESIAN_POINT ( 'NONE',  ( -199.6281740702176819, -22.08015287042280406, 12.36800406074416259 ) ) ;
#1099 = CARTESIAN_POINT ( 'NONE',  ( -185.2659155795388983, -16.82685829586257853, 12.42085658431233064 ) ) ;
#1100 = COLOUR_RGB ( '',0.7921568627450980005, 0.8196078431372548767, 0.9333333333333333481 ) ;
#1101 = FACE_OUTER_BOUND ( 'NONE', #656, .T. ) ;
#1102 = ORIENTED_EDGE ( 'NONE', *, *, #1698, .T. ) ;
#1103 = LINE ( 'NONE', #953, #708 ) ;
#1104 = DIRECTION ( 'NONE',  ( 0.000000000000000000, -1.000000000000000000, -0.000000000000000000 ) ) ;
#1105 = CARTESIAN_POINT ( 'NONE',  ( -186.7554249400867832, -22.11297236493802743, 14.73056561671780784 ) ) ;
#1106 = CARTESIAN_POINT ( 'NONE',  ( -186.7554249399772175, -17.88702763505130022, 14.73056561672999720 ) ) ;
#1107 = CARTESIAN_POINT ( 'NONE',  ( -190.2527864409736651, -16.00000884628135722, 6.059596517002258764 ) ) ;
#1108 = CARTESIAN_POINT ( 'NONE',  ( -199.4933375510732390, -24.33333333333333570, 15.45626808259536489 ) ) ;
#1109 = CARTESIAN_POINT ( 'NONE',  ( -187.6364223427852664, -17.00000000000000000, 11.91724662821306246 ) ) ;
#1110 = CARTESIAN_POINT ( 'NONE',  ( -188.0738769651167672, -23.61548452977769585, 6.828626260948391646 ) ) ;
#1111 = ADVANCED_FACE ( 'NONE', ( #647 ), #1668, .T. ) ;
#1112 = VERTEX_POINT ( 'NONE', #956 ) ;
#1113 = CARTESIAN_POINT ( 'NONE',  ( -200.0060151407051592, -21.12401223422528318, 15.47865206956674911 ) ) ;
#1114 = DIRECTION ( 'NONE',  ( -0.9990482215818580203, 0.000000000000000000, 0.04361938736532862404 ) ) ;
#1115 = CARTESIAN_POINT ( 'NONE',  ( -186.1726945966485403, -26.99999999999999645, 14.87467625105759872 ) ) ;
#1116 = CARTESIAN_POINT ( 'NONE',  ( -187.6266676964092142, -21.12721275873739302, 14.93815808755676500 ) ) ;
#1117 = ORIENTED_EDGE ( 'NONE', *, *, #592, .T. ) ;
#1118 = CARTESIAN_POINT ( 'NONE',  ( -199.6281740702176819, -26.99999999999999645, 12.36800406074416259 ) ) ;
#1119 = CARTESIAN_POINT ( 'NONE',  ( -185.4511507981041802, -17.08845173649522664, 13.50264395402577300 ) ) ;
#1120 = CARTESIAN_POINT ( 'NONE',  ( -183.8991423956084645, -14.00000000000000178, 5.766836651738550756 ) ) ;
#1121 = ORIENTED_EDGE ( 'NONE', *, *, #1227, .F. ) ;
#1122 = CARTESIAN_POINT ( 'NONE',  ( -199.1284542527022552, -21.12507873031698935, 15.44033693375790506 ) ) ;
#1123 = EDGE_CURVE ( 'NONE', #412, #871, #2101, .T. ) ;
#1124 = CARTESIAN_POINT ( 'NONE',  ( -183.9011404920516100, -24.00000000000000000, 5.766923890513321105 ) ) ;
#1125 = CARTESIAN_POINT ( 'NONE',  ( -197.8878155941975194, -26.00000000000000000, 6.377595313627996809 ) ) ;
#1126 = CARTESIAN_POINT ( 'NONE',  ( -200.0144753513522176, -17.88971643742214823, 15.30963105540268643 ) ) ;
#1127 = CARTESIAN_POINT ( 'NONE',  ( -197.5921499071996266, -16.84959621263807250, 13.14945288934401546 ) ) ;
#1128 = CARTESIAN_POINT ( 'NONE',  ( -185.2244587423594453, -16.80217339779779095, 12.23854277581363093 ) ) ;
#1129 = ADVANCED_FACE ( 'NONE', ( #624 ), #945, .T. ) ;
#1130 =( LENGTH_UNIT ( ) NAMED_UNIT ( * ) SI_UNIT ( .MILLI., .METRE. ) );
#1131 = EDGE_LOOP ( 'NONE', ( #1403, #1734, #178, #1802, #1497, #1167 ) ) ;
#1132 = EDGE_CURVE ( 'NONE', #1879, #402, #1799, .T. ) ;
#1133 = CARTESIAN_POINT ( 'NONE',  ( -199.1274755033610688, -20.22649618554055451, 15.44029420061781011 ) ) ;
#1134 = CARTESIAN_POINT ( 'NONE',  ( -199.7187827687429831, -17.00768944162343388, 13.89177049312816692 ) ) ;
#1135 = EDGE_CURVE ( 'NONE', #1892, #1709, #1331, .T. ) ;
#1136 = CARTESIAN_POINT ( 'NONE',  ( -183.9011404920516100, -22.62424547593808910, 5.766923890513321105 ) ) ;
#1137 = EDGE_CURVE ( 'NONE', #620, #1262, #76, .T. ) ;
#1138 = CARTESIAN_POINT ( 'NONE',  ( -185.5066624489273295, -13.00000000000000178, 14.84559665948070872 ) ) ;
#1139 = CARTESIAN_POINT ( 'NONE',  ( -200.1027066363309928, -16.86076379362523880, 13.31462310967472895 ) ) ;
#1140 = CARTESIAN_POINT ( 'NONE',  ( -185.0672410130887044, -23.08680516715107700, 13.09611622836022171 ) ) ;
#1141 = CARTESIAN_POINT ( 'NONE',  ( -201.7491719613805117, -16.91974925055627565, 9.640336884940511553 ) ) ;
#1142 = B_SPLINE_CURVE_WITH_KNOTS ( 'NONE', 3,
 ( #762, #1856, #268, #906 ),
 .UNSPECIFIED., .F., .F.,
 ( 4, 4 ),
 ( 0.000000000000000000, 1.000000000000000000 ),
 .UNSPECIFIED. ) ;
#1143 = VERTEX_POINT ( 'NONE', #643 ) ;
#1144 = CARTESIAN_POINT ( 'NONE',  ( -200.0397832176500117, -22.77562314340327632, 14.74668176819869281 ) ) ;
#1145 = FACE_OUTER_BOUND ( 'NONE', #1477, .T. ) ;
#1146 = CARTESIAN_POINT ( 'NONE',  ( -195.8943611973817838, -16.00000000000000355, 6.290559215017916372 ) ) ;
#1147 = CARTESIAN_POINT ( 'NONE',  ( -190.8880705985440045, -26.00000000000093436, 6.071979882276223428 ) ) ;
#1148 = CARTESIAN_POINT ( 'NONE',  ( -187.7375534424466821, -23.20072896442773569, 12.34705181189926826 ) ) ;
#1149 = CARTESIAN_POINT ( 'NONE',  ( -199.6281740702176819, -13.00000000000000355, 12.36800406074416259 ) ) ;
#1150 = ORIENTED_EDGE ( 'NONE', *, *, #1468, .T. ) ;
#1151 = DIRECTION ( 'NONE',  ( 0.04361938736532943589, 0.000000000000000000, 0.9990482215818581313 ) ) ;
#1152 = DIRECTION ( 'NONE',  ( -0.9990482215818581313, 0.000000000000000000, 0.04361938736532862404 ) ) ;
#1153 = B_SPLINE_CURVE_WITH_KNOTS ( 'NONE', 3,
 ( #1225, #45, #904, #1554, #731, #1565, #551, #1214, #459, #959, #1119, #1929, #1416, #1910, #1099, #759 ),
 .UNSPECIFIED., .F., .F.,
 ( 4, 2, 2, 2, 2, 2, 2, 4 ),
 ( 0.000000000000000000, 0.001128601014725850223, 0.001692901522088780756, 0.002257202029451711289, 0.002821502536814642255, 0.003385803044177572354, 0.003950103551540503320, 0.004514404058903433853 ),
 .UNSPECIFIED. ) ;
#1154 = CARTESIAN_POINT ( 'NONE',  ( -199.6281740702176819, -15.66666666666666607, 12.36800406074416259 ) ) ;
#1155 = ORIENTED_EDGE ( 'NONE', *, *, #1868, .T. ) ;
#1156 = CARTESIAN_POINT ( 'NONE',  ( -201.7854190676262078, -2.018162207776303192E-13, 8.810141661680480851 ) ) ;
#1157 = AXIS2_PLACEMENT_3D ( 'NONE', #134, #1447, #2079 ) ;
#1158 = CARTESIAN_POINT ( 'NONE',  ( -186.8387267443698647, -13.00000000000000533, 14.90375584263449227 ) ) ;
#1159 = ORIENTED_EDGE ( 'NONE', *, *, #617, .T. ) ;
#1160 = CARTESIAN_POINT ( 'NONE',  ( -196.9979445221758851, -13.00000000000000355, 15.34731687002639866 ) ) ;
#1161 = CARTESIAN_POINT ( 'NONE',  ( -186.4325479427589300, -24.00000000000000000, 8.923056134770167347 ) ) ;
#1162 = CARTESIAN_POINT ( 'NONE',  ( -195.3808276402143349, -24.00000290047557883, 6.273226222545361885 ) ) ;
#1163 = EDGE_CURVE ( 'NONE', #1570, #871, #1707, .T. ) ;
#1164 = B_SPLINE_CURVE_WITH_KNOTS ( 'NONE', 3,
 ( #801, #1772, #1460, #1919 ),
 .UNSPECIFIED., .F., .F.,
 ( 4, 4 ),
 ( 0.000000000000000000, 1.000000000000000000 ),
 .UNSPECIFIED. ) ;
#1165 = CARTESIAN_POINT ( 'NONE',  ( -188.1328174364903987, -23.00000000000000000, 11.95703789104885217 ) ) ;
#1166 = CARTESIAN_POINT ( 'NONE',  ( -183.8991423956084645, -26.00000000000000000, 5.766836651738552533 ) ) ;
#1167 = ORIENTED_EDGE ( 'NONE', *, *, #460, .T. ) ;
#1168 = CARTESIAN_POINT ( 'NONE',  ( -187.5124597928614776, -18.28380804215314370, 14.75645580845260518 ) ) ;
#1169 = ADVANCED_FACE ( 'NONE', ( #1300 ), #1437, .T. ) ;
#1170 = CARTESIAN_POINT ( 'NONE',  ( -188.8514778538850862, -23.99420005320556015, 6.389442871698485682 ) ) ;
#1171 = CARTESIAN_POINT ( 'NONE',  ( -195.8931706099221799, -26.00000000000000355, 6.290507232846811903 ) ) ;
#1172 = CARTESIAN_POINT ( 'NONE',  ( -188.8939250287551772, -14.00000000000000533, 5.984913571124844900 ) ) ;
#1173 = CARTESIAN_POINT ( 'NONE',  ( -187.6178821208136469, -23.20059110588024964, 12.34188752546745071 ) ) ;
#1174 = CARTESIAN_POINT ( 'NONE',  ( -196.6623797566804228, -13.99730990890615878, 6.600203347349120619 ) ) ;
#1175 = CARTESIAN_POINT ( 'NONE',  ( -199.4933375510732390, -25.66666666666666785, 15.45626808259536489 ) ) ;
#1176 = CARTESIAN_POINT ( 'NONE',  ( -199.2057481571337405, -23.19874593034541732, 12.84863083985474042 ) ) ;
#1177 = EDGE_LOOP ( 'NONE', ( #1970, #2018, #1250, #1762 ) ) ;
#1178 = LINE ( 'NONE', #650, #203 ) ;
#1179 = EDGE_CURVE ( 'NONE', #1723, #298, #841, .T. ) ;
#1180 = LINE ( 'NONE', #1666, #1739 ) ;
#1181 = CARTESIAN_POINT ( 'NONE',  ( 0.000000000000000000, -13.00000000000000178, 0.000000000000000000 ) ) ;
#1182 = CARTESIAN_POINT ( 'NONE',  ( -197.7658217759527872, -26.14523649897716950, 8.546531738396465627 ) ) ;
#1183 = ORIENTED_EDGE ( 'NONE', *, *, #1872, .F. ) ;
#1184 = CARTESIAN_POINT ( 'NONE',  ( -199.2198798896399978, -14.00000000000000355, 6.435754496781767919 ) ) ;
#1185 = CARTESIAN_POINT ( 'NONE',  ( -197.7163372386617368, -13.89858313654229427, 8.152257881094023162 ) ) ;
#1186 = ORIENTED_EDGE ( 'NONE', *, *, #1000, .F. ) ;
#1187 = CARTESIAN_POINT ( 'NONE',  ( -185.6414989680717440, -17.00000000000000000, 11.75733263762950642 ) ) ;
#1188 = CARTESIAN_POINT ( 'NONE',  ( -189.8862502575734652, -25.46150515674477077, 6.028239426286901015 ) ) ;
#1189 = EDGE_CURVE ( 'NONE', #587, #1658, #2080, .T. ) ;
#1190 = CARTESIAN_POINT ( 'NONE',  ( -187.6097928291851815, -23.17522314638931036, 12.52716276437846155 ) ) ;
#1191 = EDGE_CURVE ( 'NONE', #1327, #223, #265, .T. ) ;
#1192 = VECTOR ( 'NONE', #1114, 1000.000000000000114 ) ;
#1193 = FACE_OUTER_BOUND ( 'NONE', #1013, .T. ) ;
#1194 = CARTESIAN_POINT ( 'NONE',  ( -199.4933375510731821, -23.00000000000000000, 15.45626808259536134 ) ) ;
#1195 = CARTESIAN_POINT ( 'NONE',  ( -197.7155529367314841, -23.89906283908870321, 8.147664838387846942 ) ) ;
#1196 = VECTOR ( 'NONE', #2099, 1000.000000000000114 ) ;
#1197 = ADVANCED_FACE ( 'NONE', ( #1964 ), #1407, .F. ) ;
#1198 = CARTESIAN_POINT ( 'NONE',  ( -186.7500816092272657, -19.77254805296830042, 14.89988551244990767 ) ) ;
#1199 = B_SPLINE_SURFACE_WITH_KNOTS ( 'NONE', 5, 3, ( 
 ( #1616, #1, #478, #1944 ),
 ( #788, #1789, #625, #1139 ),
 ( #337, #1757, #1640, #1918 ),
 ( #468, #318, #1482, #8 ),
 ( #659, #1323, #304, #1126 ),
 ( #970, #147, #799, #1459 ),
 ( #1659, #199, #184, #847 ),
 ( #379, #667, #1498, #876 ) ),
 .UNSPECIFIED., .F., .F., .F.,
 ( 6, 2, 6 ),
 ( 4, 4 ),
 ( 0.000000000000000000, 0.5000000000000000000, 1.000000000000000000 ),
 ( 0.009572952448372040041, 0.01220813345302813012 ),
 .UNSPECIFIED. ) ;
#1200 = DIRECTION ( 'NONE',  ( 0.000000000000000000, -1.000000000000000000, -0.000000000000000000 ) ) ;
#1201 = CARTESIAN_POINT ( 'NONE',  ( -195.8988987150030994, -15.46150515674477610, 6.290757327315700032 ) ) ;
#1202 = CARTESIAN_POINT ( 'NONE',  ( -190.1578602921000538, -26.00001879786977099, 6.062699773835298345 ) ) ;
#1203 = CARTESIAN_POINT ( 'NONE',  ( -197.6346170708511067, -23.61548452977768520, 7.246057188868006982 ) ) ;
#1204 = DIRECTION ( 'NONE',  ( 0.000000000000000000, 0.000000000000000000, -1.000000000000000000 ) ) ;
#1205 = ORIENTED_EDGE ( 'NONE', *, *, #1549, .F. ) ;
#1206 = CARTESIAN_POINT ( 'NONE',  ( -190.8944780431245931, -25.33333333333126092, 6.072259602070628759 ) ) ;
#1207 = VERTEX_POINT ( 'NONE', #577 ) ;
#1208 = DIRECTION ( 'NONE',  ( -0.9990482215818580203, 0.000000000000000000, 0.04361938736532862404 ) ) ;
#1209 = CARTESIAN_POINT ( 'NONE',  ( -195.5322107755377488, -23.99999105975506097, 6.290182650388651986 ) ) ;
#1210 = CARTESIAN_POINT ( 'NONE',  ( -197.3460266995691939, -16.02223301020113055, 7.167576713109694353 ) ) ;
#1211 = B_SPLINE_CURVE_WITH_KNOTS ( 'NONE', 3,
 ( #1408, #451, #1589, #905 ),
 .UNSPECIFIED., .F., .F.,
 ( 4, 4 ),
 ( 0.000000000000000000, 1.000000000000000000 ),
 .UNSPECIFIED. ) ;
#1212 = EDGE_CURVE ( 'NONE', #1327, #688, #890, .T. ) ;
#1213 = CARTESIAN_POINT ( 'NONE',  ( -190.4046661047651412, -25.99999712359807802, 6.055937820418242801 ) ) ;
#1214 = CARTESIAN_POINT ( 'NONE',  ( -185.5053600611399531, -17.47971285249379747, 14.14548137330872102 ) ) ;
#1215 = CARTESIAN_POINT ( 'NONE',  ( -187.5047588920910187, -19.77173122027415531, 14.93283543421138049 ) ) ;
#1216 = ORIENTED_EDGE ( 'NONE', *, *, #313, .F. ) ;
#1217 = CARTESIAN_POINT ( 'NONE',  ( -187.8973333783790167, -16.00000000000000000, 5.941401439974622001 ) ) ;
#1218 = B_SPLINE_SURFACE_WITH_KNOTS ( 'NONE', 3, 3, ( 
 ( #713, #1072, #258, #931 ),
 ( #99, #566, #1082, #1533 ),
 ( #920, #1579, #1051, #735 ),
 ( #1837, #2032, #576, #234 ),
 ( #421, #751, #2044, #588 ),
 ( #1251, #1997, #544, #885 ),
 ( #1263, #1915, #1745, #1286 ) ),
 .UNSPECIFIED., .F., .F., .F.,
 ( 4, 3, 4 ),
 ( 4, 4 ),
 ( 0.000000000000000000, 1.000000000000000000, 1.746843848955054845 ),
 ( 0.000000000000000000, 1.000000000000000000 ),
 .UNSPECIFIED. ) ;
#1219 = CARTESIAN_POINT ( 'NONE',  ( -197.5669412725129632, -23.01776648104759104, 13.72682554800461396 ) ) ;
#1220 = ORIENTED_EDGE ( 'NONE', *, *, #83, .T. ) ;
#1221 = CARTESIAN_POINT ( 'NONE',  ( -197.6083643366321212, -16.79940889411972549, 12.77808139912057150 ) ) ;
#1222 = CARTESIAN_POINT ( 'NONE',  ( -197.7743450301781820, -16.19886463172088042, 8.961229440739320040 ) ) ;
#1223 = EDGE_CURVE ( 'NONE', #1454, #620, #7, .T. ) ;
#1224 = VERTEX_POINT ( 'NONE', #589 ) ;
#1225 = CARTESIAN_POINT ( 'NONE',  ( -185.5066624489273011, -19.76232250222767206, 14.84559665948070517 ) ) ;
#1226 = CARTESIAN_POINT ( 'NONE',  ( -190.3903641503490576, -14.53849484325773034, 6.050249514178764443 ) ) ;
#1227 = EDGE_CURVE ( 'NONE', #1825, #198, #1344, .T. ) ;
#1228 = CARTESIAN_POINT ( 'NONE',  ( -183.9011404920516100, -25.33333333333333215, 5.766923890513321105 ) ) ;
#1229 = CARTESIAN_POINT ( 'NONE',  ( -197.5614241759492415, -22.97611496292149624, 13.85318783420826882 ) ) ;
#1230 = EDGE_LOOP ( 'NONE', ( #220, #998, #173, #183, #1432, #162 ) ) ;
#1231 = LINE ( 'NONE', #291, #2100 ) ;
#1232 = CARTESIAN_POINT ( 'NONE',  ( -185.9017195382663488, -17.22328012763658478, 14.12915215378359512 ) ) ;
#1233 = CARTESIAN_POINT ( 'NONE',  ( -189.0991298759092558, -16.00268630791212487, 6.269791517906975642 ) ) ;
#1234 = AXIS2_PLACEMENT_3D ( 'NONE', #901, #1605, #820 ) ;
#1235 = ORIENTED_EDGE ( 'NONE', *, *, #371, .T. ) ;
#1236 = CARTESIAN_POINT ( 'NONE',  ( -195.8988987150030994, -24.53849484325533226, 6.290757327315700032 ) ) ;
#1237 = CARTESIAN_POINT ( 'NONE',  ( -185.5054032254787728, -22.51943909932682075, 14.14641886612271726 ) ) ;
#1238 = ORIENTED_EDGE ( 'NONE', *, *, #1781, .F. ) ;
#1239 = CARTESIAN_POINT ( 'NONE',  ( -197.4952411079094929, -13.00000000000000178, 15.36902930786470911 ) ) ;
#1240 = CARTESIAN_POINT ( 'NONE',  ( -197.5146641019950948, -22.23772938824308198, 14.92416960507919299 ) ) ;
#1241 = CARTESIAN_POINT ( 'NONE',  ( -186.8387267443697795, -27.00000000000000000, 14.90375584263448694 ) ) ;
#1242 = ORIENTED_EDGE ( 'NONE', *, *, #789, .F. ) ;
#1243 = CARTESIAN_POINT ( 'NONE',  ( -197.6083643366321212, -16.79940889411972549, 12.77808139912057150 ) ) ;
#1244 = CARTESIAN_POINT ( 'NONE',  ( -187.7664752162830268, -24.58044985750828104, 8.938546104720209939 ) ) ;
#1245 = DIRECTION ( 'NONE',  ( -0.9990482215818577982, 9.992007221626408864E-16, 0.04361938736533660377 ) ) ;
#1246 = CARTESIAN_POINT ( 'NONE',  ( -201.7491719613805117, -24.66666666666667140, 9.640336884940511553 ) ) ;
#1247 = CARTESIAN_POINT ( 'NONE',  ( -197.4952411079094645, -27.00199999999999889, 15.36902930786470733 ) ) ;
#1248 = CARTESIAN_POINT ( 'NONE',  ( -188.7657952536190180, -15.46150515673836878, 6.194599963321032021 ) ) ;
#1249 = CARTESIAN_POINT ( 'NONE',  ( -198.9610842330130254, -23.00000000000000000, 12.36314954111823816 ) ) ;
#1250 = ORIENTED_EDGE ( 'NONE', *, *, #1270, .F. ) ;
#1251 = CARTESIAN_POINT ( 'NONE',  ( -195.8981275432698226, -16.00000000000000000, 6.290723657230706145 ) ) ;
#1252 = CARTESIAN_POINT ( 'NONE',  ( -199.5072901750290271, -18.15210941032537661, 15.22152338853732090 ) ) ;
#1253 = ORIENTED_EDGE ( 'NONE', *, *, #520, .F. ) ;
#1254 = CARTESIAN_POINT ( 'NONE',  ( -200.0016871049519693, -16.80217339779786911, 12.88373049969932360 ) ) ;
#1255 = CARTESIAN_POINT ( 'NONE',  ( -187.7189811589762485, -16.85770260121631381, 12.77387563221240363 ) ) ;
#1256 = ORIENTED_EDGE ( 'NONE', *, *, #313, .T. ) ;
#1257 = CARTESIAN_POINT ( 'NONE',  ( -200.5519441850824762, -24.00000000000000000, 6.493913679935539918 ) ) ;
#1258 = CARTESIAN_POINT ( 'NONE',  ( -197.5682044690796602, -16.96837861003831804, 13.69789358999929085 ) ) ;
#1259 = CARTESIAN_POINT ( 'NONE',  ( -197.4952411079094645, -23.00000000000000000, 15.36902930786470733 ) ) ;
#1260 = CARTESIAN_POINT ( 'NONE',  ( -185.5135349878532054, -22.24218636975891172, 14.39688283837980798 ) ) ;
#1261 = CARTESIAN_POINT ( 'NONE',  ( -199.4933375510732674, -23.00000000000000000, 15.45626808259536489 ) ) ;
#1262 = VERTEX_POINT ( 'NONE', #1545 ) ;
#1263 = CARTESIAN_POINT ( 'NONE',  ( -194.9032835178059884, -16.00000000000000000, 6.247287829032061701 ) ) ;
#1264 = B_SPLINE_CURVE_WITH_KNOTS ( 'NONE', 3,
 ( #2028, #385, #1384, #1067 ),
 .UNSPECIFIED., .F., .F.,
 ( 4, 4 ),
 ( 0.000000000000000000, 0.7146322105226377008 ),
 .UNSPECIFIED. ) ;
#1265 = CARTESIAN_POINT ( 'NONE',  ( -185.5066624489273011, -19.76232250222767206, 14.84559665948070517 ) ) ;
#1266 = VECTOR ( 'NONE', #177, 1000.000000000000114 ) ;
#1267 = CARTESIAN_POINT ( 'NONE',  ( -184.9939848592954661, -21.12401223422527963, 14.82321267250931918 ) ) ;
#1268 = CARTESIAN_POINT ( 'NONE',  ( -187.6568783172614303, -17.22105545813264982, 14.20527254552026264 ) ) ;
#1269 = CARTESIAN_POINT ( 'NONE',  ( -190.0628596668131536, -16.00003521615780144, 6.067432028086046536 ) ) ;
#1270 = EDGE_CURVE ( 'NONE', #1112, #854, #1070, .T. ) ;
#1271 = CARTESIAN_POINT ( 'NONE',  ( -201.8840084805249262, -22.62022930563420431, 6.552072863089310140 ) ) ;
#1272 = LINE ( 'NONE', #107, #62 ) ;
#1273 = AXIS2_PLACEMENT_3D ( 'NONE', #1301, #809, #1469 ) ;
#1274 = CARTESIAN_POINT ( 'NONE',  ( -187.7664752162830268, -25.46150515674476722, 8.938546104720209939 ) ) ;
#1275 = ORIENTED_EDGE ( 'NONE', *, *, #800, .T. ) ;
#1276 = CARTESIAN_POINT ( 'NONE',  ( -196.9974222326909796, -26.99999999999999645, 15.34729406637501370 ) ) ;
#1277 = B_SPLINE_CURVE_WITH_KNOTS ( 'NONE', 3,
 ( #169, #146, #1615, #1458 ),
 .UNSPECIFIED., .F., .F.,
 ( 4, 4 ),
 ( 1.000000000000003553, 1.690580625556919347 ),
 .UNSPECIFIED. ) ;
#1278 = CARTESIAN_POINT ( 'NONE',  ( -199.5541344518651954, -17.49257759974018001, 14.77114321467131752 ) ) ;
#1279 = CARTESIAN_POINT ( 'NONE',  ( -190.7523693323694260, -25.99999999999999645, 9.033015539137458916 ) ) ;
#1280 = CARTESIAN_POINT ( 'NONE',  ( -185.5066624489273295, -14.33333333333333570, 14.84559665948070695 ) ) ;
#1281 = CARTESIAN_POINT ( 'NONE',  ( -197.8878155941975194, -24.00000000000000000, 6.377595313627971052 ) ) ;
#1282 = CARTESIAN_POINT ( 'NONE',  ( -199.6281740702176819, -25.66666666666666430, 12.36800406074416259 ) ) ;
#1283 = CARTESIAN_POINT ( 'NONE',  ( -186.4325479427589300, -16.00000000000000000, 8.923056134770167347 ) ) ;
#1284 = CARTESIAN_POINT ( 'NONE',  ( -201.7491719613805117, -14.00000000000000355, 9.640336884940511553 ) ) ;
#1285 = ORIENTED_EDGE ( 'NONE', *, *, #23, .T. ) ;
#1286 = CARTESIAN_POINT ( 'NONE',  ( -196.0029750697137274, -17.00000000000000000, 15.30387556556673800 ) ) ;
#1287 = CARTESIAN_POINT ( 'NONE',  ( -190.8816631570383322, -25.99999999999999645, 6.071700092060891230 ) ) ;
#1288 = B_SPLINE_CURVE_WITH_KNOTS ( 'NONE', 3,
 ( #31, #55, #1489, #534, #669, #1976, #1461, #149, #211, #635, #1185, #1042, #1823, #1336, #1967, #1682, #1371, #226, #878, #1174, #685, #1349, #865, #548, #1839, #1053, #103, #424, #923, #1085, #1895, #1379, #1873, #1062, #716, #1571, #1861, #933, #413, #1076, #1424 ),
 .UNSPECIFIED., .F., .F.,
 ( 4, 2, 2, 1, 1, 1, 1, 2, 2, 2, 2, 2, 2, 1, 1, 1, 2, 2, 2, 1, 1, 1, 1, 2, 2, 4 ),
 ( 0.000000000000000000, 0.1250000000000089928, 0.1875000000000134892, 0.2187500000000157374, 0.2343750000000174305, 0.2421875000000166533, 0.2460937500000145162, 0.2480468750000134337, 0.2500000000000123235, 0.3749999999998252509, 0.4999999999996381228, 0.6249999999994509947, 0.6874999999993575139, 0.7187499999993035571, 0.7343749999992765787, 0.7421874999992630340, 0.7460937499992633670, 0.7499999999992638111, 0.8124999999993562927, 0.8437499999994025890, 0.8593749999994256816, 0.8671874999994294564, 0.8710937499994312327, 0.8730468749994322319, 0.8749999999994331201, 1.000000000000000000 ),
 .UNSPECIFIED. ) ;
#1289 = CARTESIAN_POINT ( 'NONE',  ( -183.8025510791527779, -2.018162207776303192E-13, 8.024992689104486487 ) ) ;
#1290 = DIRECTION ( 'NONE',  ( 0.000000000000000000, 0.000000000000000000, -1.000000000000000000 ) ) ;
#1291 = EDGE_CURVE ( 'NONE', #2050, #1262, #1984, .T. ) ;
#1292 = CARTESIAN_POINT ( 'NONE',  ( -201.8840084805249262, -23.54007643521140025, 6.552072863089310140 ) ) ;
#1293 = CARTESIAN_POINT ( 'NONE',  ( -188.9970248662583856, -17.00000000000000000, 14.99798917371381712 ) ) ;
#1294 = CARTESIAN_POINT ( 'NONE',  ( -199.4933375510732390, -17.00000000000000000, 15.45626808259536489 ) ) ;
#1295 = ADVANCED_FACE ( 'NONE', ( #1811 ), #533, .T. ) ;
#1296 = VERTEX_POINT ( 'NONE', #1041 ) ;
#1297 = CARTESIAN_POINT ( 'NONE',  ( -196.1310762555865210, -26.99999999999999645, 12.34255511964495078 ) ) ;
#1298 = EDGE_CURVE ( 'NONE', #578, #1775, #278, .T. ) ;
#1299 = CARTESIAN_POINT ( 'NONE',  ( -186.3064734263095943, -26.99999999999999645, 11.81063730115735666 ) ) ;
#1300 = FACE_OUTER_BOUND ( 'NONE', #1131, .T. ) ;
#1301 = CARTESIAN_POINT ( 'NONE',  ( -187.8973333783790167, -16.00000000000000000, 5.941401439974669962 ) ) ;
#1302 = CARTESIAN_POINT ( 'NONE',  ( -195.7989032996357537, -23.99993862128283695, 6.327572598223586198 ) ) ;
#1303 = CARTESIAN_POINT ( 'NONE',  ( -188.6772669627103767, -13.99029430969349086, 6.501831097795032655 ) ) ;
#1304 = CARTESIAN_POINT ( 'NONE',  ( -201.7491719613805117, -16.00000000000000000, 9.640336884940511553 ) ) ;
#1305 = ORIENTED_EDGE ( 'NONE', *, *, #288, .T. ) ;
#1306 = CARTESIAN_POINT ( 'NONE',  ( -194.9009023428863259, -25.99999999999999645, 6.247183864689840327 ) ) ;
#1307 = CARTESIAN_POINT ( 'NONE',  ( -185.6414989680717440, -24.33333333333333570, 11.75733263762950642 ) ) ;
#1308 = ADVANCED_FACE ( 'NONE', ( #501 ), #1068, .T. ) ;
#1309 = CARTESIAN_POINT ( 'NONE',  ( -196.5331251414964981, -26.00135559235854288, 6.531008808600691218 ) ) ;
#1310 = ORIENTED_EDGE ( 'NONE', *, *, #612, .T. ) ;
#1311 = CARTESIAN_POINT ( 'NONE',  ( -187.7189811589762201, -23.14229739878368619, 12.77387563221240541 ) ) ;
#1312 = VERTEX_POINT ( 'NONE', #1337 ) ;
#1313 = FACE_OUTER_BOUND ( 'NONE', #1340, .T. ) ;
#1314 = CARTESIAN_POINT ( 'NONE',  ( -185.6414989680717440, -25.66666666666666430, 11.75733263762950642 ) ) ;
#1315 = ORIENTED_EDGE ( 'NONE', *, *, #1531, .F. ) ;
#1316 = CARTESIAN_POINT ( 'NONE',  ( -186.8223648469923148, -23.08867127756193938, 13.17310103219106487 ) ) ;
#1317 = CARTESIAN_POINT ( 'NONE',  ( -201.8840084805249262, -14.00000000000000355, 6.552072863089310140 ) ) ;
#1318 = EDGE_LOOP ( 'NONE', ( #842, #1924, #1846, #1419 ) ) ;
#1319 = CARTESIAN_POINT ( 'NONE',  ( -187.5621232662421960, -17.09602501666925178, 13.61897525782163854 ) ) ;
#1320 = CARTESIAN_POINT ( 'NONE',  ( -187.5047588920910471, -24.33333333333333215, 14.93283543421138226 ) ) ;
#1321 = CARTESIAN_POINT ( 'NONE',  ( -197.6781080309956167, -26.07876318618591327, 7.934195988984203751 ) ) ;
#1322 = CARTESIAN_POINT ( 'NONE',  ( -197.1288182431691212, -13.00000000000000355, 12.34981584794599030 ) ) ;
#1323 = CARTESIAN_POINT ( 'NONE',  ( -198.2593525942349686, -17.88702763507567894, 15.23283794523790036 ) ) ;
#1324 = ADVANCED_FACE ( 'NONE', ( #686 ), #1086, .T. ) ;
#1325 = CARTESIAN_POINT ( 'NONE',  ( -197.6346170708511067, -14.53849484325853325, 7.246057188868006982 ) ) ;
#1326 =( GEOMETRIC_REPRESENTATION_CONTEXT ( 3 ) GLOBAL_UNCERTAINTY_ASSIGNED_CONTEXT ( ( #277 ) ) GLOBAL_UNIT_ASSIGNED_CONTEXT ( ( #1130, #487, #637 ) ) REPRESENTATION_CONTEXT ( 'NONE', 'WORKASPACE' ) );
#1327 = VERTEX_POINT ( 'NONE', #293 ) ;
#1328 = CARTESIAN_POINT ( 'NONE',  ( -183.9011404920516100, -16.91691322966960698, 5.766923890513321105 ) ) ;
#1329 = LINE ( 'NONE', #1689, #239 ) ;
#1330 = AXIS2_PLACEMENT_3D ( 'NONE', #1648, #1822, #1488 ) ;
#1331 = B_SPLINE_CURVE_WITH_KNOTS ( 'NONE', 3,
 ( #1125, #1765, #445, #317 ),
 .UNSPECIFIED., .F., .F.,
 ( 4, 4 ),
 ( 0.000000000000000000, 1.000000000000000000 ),
 .UNSPECIFIED. ) ;
#1332 = CARTESIAN_POINT ( 'NONE',  ( -198.1612732556307037, -26.99999999999999645, 15.39810889944159200 ) ) ;
#1333 = ORIENTED_EDGE ( 'NONE', *, *, #80, .F. ) ;
#1334 = CARTESIAN_POINT ( 'NONE',  ( -196.6307319277345300, -13.00000000000000355, 12.34619119402559129 ) ) ;
#1335 = CARTESIAN_POINT ( 'NONE',  ( -199.4933375510732390, -21.15624591972647295, 15.45626808259536489 ) ) ;
#1336 = CARTESIAN_POINT ( 'NONE',  ( -197.6741904154654037, -13.92384305418027424, 7.909645412448866431 ) ) ;
#1337 = CARTESIAN_POINT ( 'NONE',  ( -187.5047589135808153, -20.24010201378537843, 14.93283494201446793 ) ) ;
#1338 = CARTESIAN_POINT ( 'NONE',  ( -196.5346143379075556, -16.00136410237794493, 6.531661992291466490 ) ) ;
#1339 = CARTESIAN_POINT ( 'NONE',  ( -185.5066624489273295, -27.00000000000000000, 14.84559665948070872 ) ) ;
#1340 = EDGE_LOOP ( 'NONE', ( #1937, #952, #399, #432, #1081, #1784 ) ) ;
#1341 = CARTESIAN_POINT ( 'NONE',  ( -187.6016222793999475, -16.84974428640629895, 12.71429912106066951 ) ) ;
#1342 = CARTESIAN_POINT ( 'NONE',  ( -194.8976565122945033, -23.99999999999907629, 6.247042194369913481 ) ) ;
#1343 = CARTESIAN_POINT ( 'NONE',  ( -187.5047589135808153, -20.24010201378537843, 14.93283494201446793 ) ) ;
#1344 = B_SPLINE_CURVE_WITH_KNOTS ( 'NONE', 3,
 ( #1038, #702, #725, #2020 ),
 .UNSPECIFIED., .F., .F.,
 ( 4, 4 ),
 ( 0.000000000000000000, 1.000000000000000000 ),
 .UNSPECIFIED. ) ;
#1345 = CARTESIAN_POINT ( 'NONE',  ( -197.4575296419209565, -26.03241058863855173, 7.348410112587490772 ) ) ;
#1346 = ORIENTED_EDGE ( 'NONE', *, *, #1451, .F. ) ;
#1347 = CARTESIAN_POINT ( 'NONE',  ( -197.4952411079094929, -13.00000000000000355, 15.36902930786470733 ) ) ;
#1348 = CARTESIAN_POINT ( 'NONE',  ( -185.6414989680717156, -23.00000000000000000, 11.75733263762950109 ) ) ;
#1349 = CARTESIAN_POINT ( 'NONE',  ( -196.4143592774075273, -13.99884219001912733, 6.491877525258969328 ) ) ;
#1350 = EDGE_CURVE ( 'NONE', #34, #1055, #779, .T. ) ;
#1351 = CARTESIAN_POINT ( 'NONE',  ( -199.4932166709567980, -20.99615739684099580, 15.44900650384029284 ) ) ;
#1352 = B_SPLINE_CURVE_WITH_KNOTS ( 'NONE', 3,
 ( #689, #174, #1341, #179, #506, #1319, #1971, #1675, #1478, #516, #1664, #1168, #2104, #1949, #361, #1979 ),
 .UNSPECIFIED., .F., .F.,
 ( 4, 2, 2, 2, 2, 2, 2, 4 ),
 ( 0.000000000000000000, 0.0005623566811763701595, 0.001124713362352740319, 0.001687070043529110153, 0.002249426724705480638, 0.002811783405881850689, 0.003374140087058220307, 0.004498853449410950001 ),
 .UNSPECIFIED. ) ;
#1353 = CARTESIAN_POINT ( 'NONE',  ( -189.4364358722273209, -26.00084360557162810, 6.161414448672124067 ) ) ;
#1354 = CARTESIAN_POINT ( 'NONE',  ( -200.1213533510544664, -23.19768802886249404, 12.88900992776438770 ) ) ;
#1355 = DIRECTION ( 'NONE',  ( -0.9990482215818577982, -0.000000000000000000, 0.04361938736533521599 ) ) ;
#1356 = DIRECTION ( 'NONE',  ( 0.000000000000000000, -1.000000000000000000, 0.000000000000000000 ) ) ;
#1357 = ADVANCED_FACE ( 'NONE', ( #114 ), #1426, .T. ) ;
#1358 = CARTESIAN_POINT ( 'NONE',  ( -197.7659791202180486, -26.22796757493658149, 9.168109348899198707 ) ) ;
#1359 = ORIENTED_EDGE ( 'NONE', *, *, #1781, .T. ) ;
#1360 = CARTESIAN_POINT ( 'NONE',  ( -195.7206547343760406, -23.99996450754271393, 6.314577589274993130 ) ) ;
#1361 = CARTESIAN_POINT ( 'NONE',  ( -197.0005907732237063, -16.38451547022231125, 6.554138900365759746 ) ) ;
#1362 = CARTESIAN_POINT ( 'NONE',  ( -187.8705439253911607, -26.12235339647092047, 7.913873004056026339 ) ) ;
#1363 = CARTESIAN_POINT ( 'NONE',  ( -194.8906709294519430, -24.53849484325533226, 6.246737151531965182 ) ) ;
#1364 = CARTESIAN_POINT ( 'NONE',  ( -188.7657952536190180, -24.53849484326493879, 6.194599963321032021 ) ) ;
#1365 = ORIENTED_EDGE ( 'NONE', *, *, #1179, .F. ) ;
#1366 = CARTESIAN_POINT ( 'NONE',  ( -187.5411105007197534, -22.63102521790026600, 14.10024671287221665 ) ) ;
#1367 = VECTOR ( 'NONE', #1036, 1000.000000000000000 ) ;
#1368 = CARTESIAN_POINT ( 'NONE',  ( -197.5621007071739825, -22.98149732228905506, 13.83769272164860809 ) ) ;
#1369 = EDGE_LOOP ( 'NONE', ( #1838, #210, #1578, #1091 ) ) ;
#1370 = CARTESIAN_POINT ( 'NONE',  ( -194.7747418182045465, -14.00000000000000355, 9.208646140842722261 ) ) ;
#1371 = CARTESIAN_POINT ( 'NONE',  ( -197.3400418487061927, -13.97795818681045787, 7.162143323771572589 ) ) ;
#1372 = CARTESIAN_POINT ( 'NONE',  ( -199.4933375510731821, -23.00000000000000000, 15.45626808259536134 ) ) ;
#1373 = CARTESIAN_POINT ( 'NONE',  ( -190.8864468176499258, -24.00000000000000000, 6.071909043895129088 ) ) ;
#1374 = CARTESIAN_POINT ( 'NONE',  ( -187.9147418961434255, -26.10090769398528110, 7.719471860327308477 ) ) ;
#1375 = CARTESIAN_POINT ( 'NONE',  ( -195.3947848222275354, -23.61548452977768875, 6.268747239423832163 ) ) ;
#1376 = CARTESIAN_POINT ( 'NONE',  ( -188.0433190158191223, -23.93927894394181521, 7.313629333450194281 ) ) ;
#1377 = CARTESIAN_POINT ( 'NONE',  ( -194.8958481162185024, -25.99999999999998934, 6.246963228313703986 ) ) ;
#1378 = CARTESIAN_POINT ( 'NONE',  ( -197.5296436855219326, -22.62786203027590659, 14.58108073596832099 ) ) ;
#1379 = CARTESIAN_POINT ( 'NONE',  ( -195.7201598933012292, -13.99996463101892807, 6.314502015879680741 ) ) ;
#1380 = EDGE_CURVE ( 'NONE', #1143, #415, #963, .T. ) ;
#1381 = DIRECTION ( 'NONE',  ( 0.9990482215818577982, 0.000000000000000000, -0.04361938736533522293 ) ) ;
#1382 = ADVANCED_FACE ( 'NONE', ( #787 ), #979, .T. ) ;
#1383 = CARTESIAN_POINT ( 'NONE',  ( -190.2479489676343576, -26.00000923032973077, 6.059716770941832920 ) ) ;
#1384 = CARTESIAN_POINT ( 'NONE',  ( -184.7349449315092613, -23.48930080368353046, 10.08581880455386326 ) ) ;
#1385 = CARTESIAN_POINT ( 'NONE',  ( -189.8862502575734652, -13.61548452977769408, 6.028239426286899239 ) ) ;
#1386 = UNCERTAINTY_MEASURE_WITH_UNIT (LENGTH_MEASURE( 1.000000000000000082E-05 ), #525, 'distance_accuracy_value', 'NONE');
#1387 = EDGE_LOOP ( 'NONE', ( #1159, #1913, #98, #1700, #471, #1752 ) ) ;
#1388 = CARTESIAN_POINT ( 'NONE',  ( -197.7569574321014727, -23.74134957252516642, 9.374739978373533233 ) ) ;
#1389 = B_SPLINE_SURFACE_WITH_KNOTS ( 'NONE', 5, 3, ( 
 ( #1716, #1363, #61, #745 ),
 ( #1375, #1079, #241, #573 ),
 ( #1993, #1236, #1089, #698 ),
 ( #894, #1519, #563, #539 ),
 ( #1203, #711, #263, #2041 ),
 ( #255, #583, #1843, #1541 ),
 ( #1686, #217, #230, #916 ),
 ( #73, #95, #2008, #86 ) ),
 .UNSPECIFIED., .F., .F., .F.,
 ( 6, 2, 6 ),
 ( 4, 4 ),
 ( 0.000000000000000000, 0.5000000000000000000, 1.000000000000000000 ),
 ( -0.0003845154702223120297, 0.002384515470222313589 ),
 .UNSPECIFIED. ) ;
#1390 = CARTESIAN_POINT ( 'NONE',  ( -186.3064734263095943, -13.00000000000000355, 11.81063730115735666 ) ) ;
#1391 = ORIENTED_EDGE ( 'NONE', *, *, #1071, .F. ) ;
#1392 = CARTESIAN_POINT ( 'NONE',  ( -187.5925946671797533, -26.99999999999999645, 12.92106543481433611 ) ) ;
#1393 = CARTESIAN_POINT ( 'NONE',  ( -187.9147546791295724, -16.10090254223637984, 7.719423405014112838 ) ) ;
#1394 = CARTESIAN_POINT ( 'NONE',  ( -189.0990155765658471, -26.00268732399571192, 6.269838432173658660 ) ) ;
#1395 = CARTESIAN_POINT ( 'NONE',  ( -199.6281740702177103, -13.00000000000000355, 12.36800406074416081 ) ) ;
#1396 = EDGE_CURVE ( 'NONE', #298, #198, #1277, .T. ) ;
#1397 = DIRECTION ( 'NONE',  ( -0.04361938736533521599, -8.665362018054644445E-16, -0.9990482215818577982 ) ) ;
#1398 = LINE ( 'NONE', #1092, #100 ) ;
#1399 = CARTESIAN_POINT ( 'NONE',  ( -197.5083344529610940, -22.01462522234136188, 15.06914240255861692 ) ) ;
#1400 = ORIENTED_EDGE ( 'NONE', *, *, #2096, .F. ) ;
#1401 = CARTESIAN_POINT ( 'NONE',  ( -197.7073981318922620, -16.42720210877443776, 10.50983457111011887 ) ) ;
#1402 = CARTESIAN_POINT ( 'NONE',  ( -185.1047877299775735, -16.80231197113750952, 12.23337251350067234 ) ) ;
#1403 = ORIENTED_EDGE ( 'NONE', *, *, #249, .T. ) ;
#1404 = CARTESIAN_POINT ( 'NONE',  ( -190.2306716904086272, -16.00001070142246107, 6.060179522109555350 ) ) ;
#1405 = CARTESIAN_POINT ( 'NONE',  ( -199.6281740702176819, -23.00000000000000000, 12.36800406074416259 ) ) ;
#1406 = CARTESIAN_POINT ( 'NONE',  ( -185.5066624489273295, -27.00000000000000000, 14.84559665948070872 ) ) ;
#1407 = B_SPLINE_SURFACE_WITH_KNOTS ( 'NONE', 3, 3, ( 
 ( #1669, #209, #1787, #15 ),
 ( #994, #1509, #1951, #38 ),
 ( #182, #531, #498, #826 ),
 ( #168, #819, #1795, #345 ),
 ( #1943, #2107, #1646, #666 ),
 ( #509, #391, #1390, #907 ),
 ( #222, #1680, #247, #50 ) ),
 .UNSPECIFIED., .F., .F., .F.,
 ( 4, 3, 4 ),
 ( 4, 4 ),
 ( -0.7467081717888086612, 0.000000000000000000, 1.000000000000000000 ),
 ( 0.000000000000000000, 1.000000000000000000 ),
 .UNSPECIFIED. ) ;
#1408 = CARTESIAN_POINT ( 'NONE',  ( -185.2244587423594453, -16.80217339779779095, 12.23854277581363093 ) ) ;
#1409 = ORIENTED_EDGE ( 'NONE', *, *, #23, .F. ) ;
#1410 = DIRECTION ( 'NONE',  ( 0.000000000000000000, -1.000000000000000000, -0.000000000000000000 ) ) ;
#1411 = CARTESIAN_POINT ( 'NONE',  ( -197.5029801121976902, -21.70527080024006850, 15.19177696806827527 ) ) ;
#1412 = ORIENTED_EDGE ( 'NONE', *, *, #670, .T. ) ;
#1413 = CARTESIAN_POINT ( 'NONE',  ( -187.6178821208135616, -16.79940889411987825, 12.34188752546835488 ) ) ;
#1414 = CARTESIAN_POINT ( 'NONE',  ( -184.9939848592955229, -18.87598776577472037, 14.82321267250931918 ) ) ;
#1415 = CARTESIAN_POINT ( 'NONE',  ( -197.5030921694735753, -18.27417343161467755, 15.18921043449330632 ) ) ;
#1416 = CARTESIAN_POINT ( 'NONE',  ( -185.3722655668871653, -16.92048245889672131, 12.96701954867585371 ) ) ;
#1417 = CARTESIAN_POINT ( 'NONE',  ( -187.7884853041749125, -26.38451547022230770, 8.434432211944631774 ) ) ;
#1418 = FACE_OUTER_BOUND ( 'NONE', #90, .T. ) ;
#1419 = ORIENTED_EDGE ( 'NONE', *, *, #800, .F. ) ;
#1420 = DIRECTION ( 'NONE',  ( -0.000000000000000000, -1.000000000000000000, -0.000000000000000000 ) ) ;
#1421 = B_SPLINE_CURVE_WITH_KNOTS ( 'NONE', 3,
 ( #860, #845, #831, #1487 ),
 .UNSPECIFIED., .F., .F.,
 ( 4, 4 ),
 ( 0.000000000000000000, 1.000000000000000000 ),
 .UNSPECIFIED. ) ;
#1422 = CARTESIAN_POINT ( 'NONE',  ( -186.1726945966485118, -27.00000000000000000, 14.87467625105759517 ) ) ;
#1423 = EDGE_CURVE ( 'NONE', #578, #328, #2089, .T. ) ;
#1424 = CARTESIAN_POINT ( 'NONE',  ( -194.8973535028803497, -13.99999999999910116, 6.247028959004642168 ) ) ;
#1425 = CARTESIAN_POINT ( 'NONE',  ( -184.9949673901227811, -20.22553470289157218, 14.82325557073167666 ) ) ;
#1426 = PLANE ( 'NONE',  #1857 ) ;
#1427 = CARTESIAN_POINT ( 'NONE',  ( -187.9150318823151338, -16.10078990334310944, 7.718365234886801929 ) ) ;
#1428 = CARTESIAN_POINT ( 'NONE',  ( -201.8840084805249262, -25.99999999999999645, 6.552072863089310140 ) ) ;
#1429 = CARTESIAN_POINT ( 'NONE',  ( -186.8387267443698363, -17.00000000000000000, 14.90375584263449049 ) ) ;
#1430 = CARTESIAN_POINT ( 'NONE',  ( -187.7664752162830268, -26.38451547022230770, 8.938546104720209939 ) ) ;
#1431 = B_SPLINE_CURVE_WITH_KNOTS ( 'NONE', 3,
 ( #1221, #91, #593, #1254 ),
 .UNSPECIFIED., .F., .F.,
 ( 4, 4 ),
 ( 0.000000000000000000, 1.000000000000000000 ),
 .UNSPECIFIED. ) ;
#1432 = ORIENTED_EDGE ( 'NONE', *, *, #1423, .F. ) ;
#1433 = CARTESIAN_POINT ( 'NONE',  ( -196.4996033574724663, -26.99999999999999645, 15.32555882488532184 ) ) ;
#1434 = CARTESIAN_POINT ( 'NONE',  ( -187.5925946671797533, -13.00000000000000533, 12.92106543481433789 ) ) ;
#1435 = CARTESIAN_POINT ( 'NONE',  ( -188.8921099712654552, -25.99999999999999645, 5.984834324003410977 ) ) ;
#1436 = AXIS2_PLACEMENT_3D ( 'NONE', #770, #1397, #1890 ) ;
#1437 = PLANE ( 'NONE',  #475 ) ;
#1438 = CARTESIAN_POINT ( 'NONE',  ( -194.8906709294519430, -14.66666666666699292, 6.246737151531964294 ) ) ;
#1439 = CARTESIAN_POINT ( 'NONE',  ( -197.7426185294623053, -23.87761976277311504, 8.345133039993442026 ) ) ;
#1440 = FACE_OUTER_BOUND ( 'NONE', #1230, .T. ) ;
#1441 = CARTESIAN_POINT ( 'NONE',  ( -187.7664752162830268, -16.38451547022230770, 8.938546104720208163 ) ) ;
#1442 = VERTEX_POINT ( 'NONE', #1147 ) ;
#1443 = CARTESIAN_POINT ( 'NONE',  ( -200.0050326098778442, -20.22553470289157573, 15.47860917134439340 ) ) ;
#1444 = CARTESIAN_POINT ( 'NONE',  ( -183.7663039729071386, -24.66666666666667140, 8.855187912364518965 ) ) ;
#1445 = ADVANCED_BREP_SHAPE_REPRESENTATION ( 'motor pylon bracket secondary spar', ( #1947, #58 ), #957 ) ;
#1446 = EDGE_CURVE ( 'NONE', #1035, #871, #398, .T. ) ;
#1447 = DIRECTION ( 'NONE',  ( 0.000000000000000000, 1.000000000000000000, 0.000000000000000000 ) ) ;
#1448 = EDGE_CURVE ( 'NONE', #1224, #1312, #2014, .T. ) ;
#1449 = CARTESIAN_POINT ( 'NONE',  ( -187.7664752162830553, -16.25865042747483002, 8.938546104720215268 ) ) ;
#1450 = CARTESIAN_POINT ( 'NONE',  ( -197.5761341925601187, -16.92167477030821487, 13.51627306253723759 ) ) ;
#1451 = EDGE_CURVE ( 'NONE', #1518, #1296, #1625, .T. ) ;
#1452 = CARTESIAN_POINT ( 'NONE',  ( -189.1263185303999421, -17.00000000000000000, 12.03667740331784941 ) ) ;
#1453 = B_SPLINE_CURVE_WITH_KNOTS ( 'NONE', 3,
 ( #879, #382, #1650, #1017 ),
 .UNSPECIFIED., .F., .F.,
 ( 4, 4 ),
 ( 0.000000000000000000, 1.000000000000000000 ),
 .UNSPECIFIED. ) ;
#1454 = VERTEX_POINT ( 'NONE', #1039 ) ;
#1455 = CARTESIAN_POINT ( 'NONE',  ( -199.1369140018177575, -22.11162625916711377, 15.27123527804579695 ) ) ;
#1456 = CARTESIAN_POINT ( 'NONE',  ( -183.7663039729071102, -25.99999999999999645, 8.855187912364524294 ) ) ;
#1457 = CARTESIAN_POINT ( 'NONE',  ( -198.8273053950652525, -20.22681938294437742, 15.42718849065667186 ) ) ;
#1458 = CARTESIAN_POINT ( 'NONE',  ( -185.5066624489273011, -19.76232250222767206, 14.84559665948070517 ) ) ;
#1459 = CARTESIAN_POINT ( 'NONE',  ( -200.0060151407050171, -18.87598776577472037, 15.47865206956674555 ) ) ;
#1460 = CARTESIAN_POINT ( 'NONE',  ( -198.1612732704410291, -19.77245591868611996, 15.39810890008822497 ) ) ;
#1461 = CARTESIAN_POINT ( 'NONE',  ( -197.7355163889065182, -13.88483639342478959, 8.280766611651463549 ) ) ;
#1462 = CARTESIAN_POINT ( 'NONE',  ( -197.6083643366321212, -16.79940889411972549, 12.77808139912057150 ) ) ;
#1463 = CARTESIAN_POINT ( 'NONE',  ( -201.8840084805249262, -16.91974925055627565, 6.552072863089310140 ) ) ;
#1464 = ORIENTED_EDGE ( 'NONE', *, *, #671, .F. ) ;
#1465 = CARTESIAN_POINT ( 'NONE',  ( -201.8840084805249830, -25.99999999999999645, 6.552072863089311916 ) ) ;
#1466 = CARTESIAN_POINT ( 'NONE',  ( -183.9011404920515531, -25.99999999999999645, 5.766923890513319328 ) ) ;
#1467 = CARTESIAN_POINT ( 'NONE',  ( -194.8976339960423729, -16.00000000000000000, 6.247041232853797865 ) ) ;
#1468 = EDGE_CURVE ( 'NONE', #1879, #1143, #1612, .T. ) ;
#1469 = DIRECTION ( 'NONE',  ( 0.000000000000000000, 1.000000000000000000, 0.000000000000000000 ) ) ;
#1470 = CARTESIAN_POINT ( 'NONE',  ( -190.8871083261822150, -14.00000000000000178, 6.071937909594538496 ) ) ;
#1471 = SURFACE_SIDE_STYLE ('',( #161 ) ) ;
#1472 = VERTEX_POINT ( 'NONE', #301 ) ;
#1473 = CARTESIAN_POINT ( 'NONE',  ( -197.4886983032878902, -23.20072896442773924, 12.77279599096105756 ) ) ;
#1474 = CARTESIAN_POINT ( 'NONE',  ( -185.5066624489273295, -20.24849095187618531, 14.84559665948070695 ) ) ;
#1475 = CARTESIAN_POINT ( 'NONE',  ( -185.1047877299775166, -23.19768802886249048, 12.23337251350067234 ) ) ;
#1476 = FACE_OUTER_BOUND ( 'NONE', #2000, .T. ) ;
#1477 = EDGE_LOOP ( 'NONE', ( #568, #119, #937, #1061, #1285, #1562 ) ) ;
#1478 = CARTESIAN_POINT ( 'NONE',  ( -187.5343022201999759, -17.49750992479870604, 14.25618197367973750 ) ) ;
#1479 = CARTESIAN_POINT ( 'NONE',  ( -187.5047588920910471, -27.00000000000000000, 14.93283543421138404 ) ) ;
#1480 = EDGE_CURVE ( 'NONE', #1518, #309, #1043, .T. ) ;
#1481 = VERTEX_POINT ( 'NONE', #143 ) ;
#1482 = CARTESIAN_POINT ( 'NONE',  ( -199.1622260263986277, -17.22328012762287486, 14.70811837050309911 ) ) ;
#1483 = CARTESIAN_POINT ( 'NONE',  ( -197.6346170708511067, -15.46150515674477610, 7.246057188868006982 ) ) ;
#1484 = EDGE_LOOP ( 'NONE', ( #899, #1524, #1521, #608 ) ) ;
#1485 = CARTESIAN_POINT ( 'NONE',  ( -185.5066624489273295, -14.33333333333333570, 14.84559665948070695 ) ) ;
#1486 = CARTESIAN_POINT ( 'NONE',  ( -190.3903641503490576, -25.46150515674477077, 6.050249514178766219 ) ) ;
#1487 = CARTESIAN_POINT ( 'NONE',  ( -199.4933375510732390, -27.00000000000000000, 15.45626808259536666 ) ) ;
#1488 = DIRECTION ( 'NONE',  ( 0.000000000000000000, 1.000000000000000000, 0.000000000000000000 ) ) ;
#1489 = CARTESIAN_POINT ( 'NONE',  ( -197.7710359076295674, -13.81176780980053920, 8.882478547080054909 ) ) ;
#1490 = CARTESIAN_POINT ( 'NONE',  ( -197.0005907732237063, -15.46150515674477610, 6.554138900365759746 ) ) ;
#1491 = ORIENTED_EDGE ( 'NONE', *, *, #242, .T. ) ;
#1492 = FACE_OUTER_BOUND ( 'NONE', #289, .T. ) ;
#1493 = CARTESIAN_POINT ( 'NONE',  ( -190.8944780431246215, -25.46150515674477077, 6.072259602070628759 ) ) ;
#1494 = AXIS2_PLACEMENT_3D ( 'NONE', #441, #1420, #639 ) ;
#1495 = CARTESIAN_POINT ( 'NONE',  ( -187.5102625527845532, -21.55208832936114405, 14.80678088002887272 ) ) ;
#1496 = B_SPLINE_SURFACE_WITH_KNOTS ( 'NONE', 3, 3, ( 
 ( #1287, #1279, #807, #1755 ),
 ( #156, #465, #1593, #944 ),
 ( #1435, #967, #611, #797 ),
 ( #1746, #977, #1764, #122 ),
 ( #986, #456, #1622, #774 ),
 ( #2066, #1906, #1299, #1115 ),
 ( #1466, #1456, #302, #955 ) ),
 .UNSPECIFIED., .F., .F., .F.,
 ( 4, 3, 4 ),
 ( 4, 4 ),
 ( -0.7467932263404853943, 0.000000000000000000, 1.000000000000000000 ),
 ( 0.000000000000000000, 1.000000000000000000 ),
 .UNSPECIFIED. ) ;
#1497 = ORIENTED_EDGE ( 'NONE', *, *, #1808, .T. ) ;
#1498 = CARTESIAN_POINT ( 'NONE',  ( -199.1274755034335442, -19.77350381446096961, 15.44029420062097913 ) ) ;
#1499 = CARTESIAN_POINT ( 'NONE',  ( -185.2332047874940599, -24.00000000000000000, 5.825083073667103761 ) ) ;
#1500 = CARTESIAN_POINT ( 'NONE',  ( -200.0016871049515998, -23.19782660220195325, 12.88373049970065587 ) ) ;
#1501 = ADVANCED_FACE ( 'NONE', ( #2081 ), #159, .F. ) ;
#1502 = CARTESIAN_POINT ( 'NONE',  ( -197.7569574321015580, -16.25865042747482647, 9.374739978373517246 ) ) ;
#1503 = CARTESIAN_POINT ( 'NONE',  ( -197.7569574321015011, -13.61548452977769408, 9.374739978373543892 ) ) ;
#1504 = EDGE_CURVE ( 'NONE', #854, #499, #1164, .T. ) ;
#1505 = ORIENTED_EDGE ( 'NONE', *, *, #1601, .F. ) ;
#1506 = CARTESIAN_POINT ( 'NONE',  ( -183.9011404920516100, -15.33333333333333215, 5.766923890513321105 ) ) ;
#1507 = CARTESIAN_POINT ( 'NONE',  ( -190.3903641503490576, -24.53849484326173425, 6.050249514178764443 ) ) ;
#1508 = CARTESIAN_POINT ( 'NONE',  ( -194.8958481162185024, -25.99999999999998934, 6.246963228313703986 ) ) ;
#1509 = CARTESIAN_POINT ( 'NONE',  ( -189.7565760879557217, -14.00000000000000355, 9.007668002248072625 ) ) ;
#1510 = CARTESIAN_POINT ( 'NONE',  ( -200.5519441850824762, -14.00000000000000355, 6.493913679935539918 ) ) ;
#1511 = B_SPLINE_CURVE_WITH_KNOTS ( 'NONE', 3,
 ( #1281, #729, #1257, #416 ),
 .UNSPECIFIED., .F., .F.,
 ( 4, 4 ),
 ( 0.000000000000000000, 1.000000000000000000 ),
 .UNSPECIFIED. ) ;
#1512 = CARTESIAN_POINT ( 'NONE',  ( -188.8917026696592529, -24.00000000000000000, 5.984816540831236154 ) ) ;
#1513 = CARTESIAN_POINT ( 'NONE',  ( -197.6742319531126384, -23.92382636801359652, 7.909820975228734063 ) ) ;
#1514 = CARTESIAN_POINT ( 'NONE',  ( -188.6292125301955309, -23.00000000000000000, 11.99682915388464366 ) ) ;
#1515 = ADVANCED_FACE ( 'NONE', ( #2090 ), #634, .T. ) ;
#1516 = CARTESIAN_POINT ( 'NONE',  ( -197.4580063754732180, -16.03246765957415931, 7.349300651674940177 ) ) ;
#1517 = CARTESIAN_POINT ( 'NONE',  ( -199.6281740702176819, -19.75924775166882341, 12.36800406074416259 ) ) ;
#1518 = VERTEX_POINT ( 'NONE', #646 ) ;
#1519 = CARTESIAN_POINT ( 'NONE',  ( -197.0005907732237063, -24.53849484326493169, 6.554138900365759746 ) ) ;
#1520 = CARTESIAN_POINT ( 'NONE',  ( -190.8944780431246215, -23.61548452977769230, 6.072259602070627871 ) ) ;
#1521 = ORIENTED_EDGE ( 'NONE', *, *, #1922, .F. ) ;
#1522 = CYLINDRICAL_SURFACE ( 'NONE', #170, 4.000000000000000000 ) ;
#1523 = CARTESIAN_POINT ( 'NONE',  ( -197.4990989329471915, -21.37598347937260002, 15.28067058767517672 ) ) ;
#1524 = ORIENTED_EDGE ( 'NONE', *, *, #1448, .F. ) ;
#1525 = CARTESIAN_POINT ( 'NONE',  ( -195.8986292512630882, -14.00000000000000355, 6.290745562274757674 ) ) ;
#1526 = CARTESIAN_POINT ( 'NONE',  ( -199.4933375547503829, -19.76657653356809163, 15.45626802407760714 ) ) ;
#1527 = CARTESIAN_POINT ( 'NONE',  ( -195.5783438030169350, -23.99998682729329857, 6.295555362335246485 ) ) ;
#1528 = CARTESIAN_POINT ( 'NONE',  ( -195.3947848222275354, -14.53849484325853325, 6.268747239423832163 ) ) ;
#1529 = CARTESIAN_POINT ( 'NONE',  ( -187.9074759308815032, -26.10391252572532750, 7.747601696174275077 ) ) ;
#1530 = CARTESIAN_POINT ( 'NONE',  ( -185.5066624489272158, -13.00000000000000178, 14.84559665948071050 ) ) ;
#1531 = EDGE_CURVE ( 'NONE', #1262, #854, #1852, .T. ) ;
#1532 = CARTESIAN_POINT ( 'NONE',  ( -187.8973333783790167, -24.00000000000000000, 5.941401439974669962 ) ) ;
#1533 = CARTESIAN_POINT ( 'NONE',  ( -198.8273054033519998, -17.00000000000000000, 15.42718849101847844 ) ) ;
#1534 = CIRCLE ( 'NONE', #1494, 4.999999999999990230 ) ;
#1535 = CARTESIAN_POINT ( 'NONE',  ( -197.5852996662694352, -23.11946819776940742, 13.30634920155807777 ) ) ;
#1536 = ORIENTED_EDGE ( 'NONE', *, *, #245, .T. ) ;
#1537 = CARTESIAN_POINT ( 'NONE',  ( -187.6674729126073373, -16.64389253315660966, 11.20607165686271323 ) ) ;
#1538 = CARTESIAN_POINT ( 'NONE',  ( -197.7658416892347759, -16.14528611561006599, 8.546932965419108186 ) ) ;
#1539 =( NAMED_UNIT ( * ) SI_UNIT ( $, .STERADIAN. ) SOLID_ANGLE_UNIT ( ) );
#1540 = CARTESIAN_POINT ( 'NONE',  ( -187.8465871323175804, -26.13772408182958173, 8.045893141744450361 ) ) ;
#1541 = CARTESIAN_POINT ( 'NONE',  ( -197.8009776078852724, -26.38451547022231125, 8.366512192822421312 ) ) ;
#1542 = CARTESIAN_POINT ( 'NONE',  ( -190.8944780431246215, -15.46150515673836878, 6.072259602070627871 ) ) ;
#1543 = ORIENTED_EDGE ( 'NONE', *, *, #617, .F. ) ;
#1544 = CARTESIAN_POINT ( 'NONE',  ( -190.8864468176499258, -24.00000000000000000, 6.071909043895129088 ) ) ;
#1545 = CARTESIAN_POINT ( 'NONE',  ( -199.4933375558864270, -20.23436887958970232, 15.45626797235553518 ) ) ;
#1546 = ORIENTED_EDGE ( 'NONE', *, *, #272, .F. ) ;
#1547 = CARTESIAN_POINT ( 'NONE',  ( -197.6698374680915151, -26.55494630628372477, 11.37011520864651182 ) ) ;
#1548 = B_SPLINE_CURVE_WITH_KNOTS ( 'NONE', 3,
 ( #707, #1175, #674, #1372 ),
 .UNSPECIFIED., .F., .F.,
 ( 4, 4 ),
 ( 0.000000000000000000, 1.000000000000000000 ),
 .UNSPECIFIED. ) ;
#1549 = EDGE_CURVE ( 'NONE', #412, #2050, #1548, .T. ) ;
#1550 = ORIENTED_EDGE ( 'NONE', *, *, #9, .T. ) ;
#1551 = CARTESIAN_POINT ( 'NONE',  ( -189.7298976896408647, -16.00022497046366254, 6.102089931508344556 ) ) ;
#1552 = ADVANCED_FACE ( 'NONE', ( #1968 ), #201, .T. ) ;
#1553 = ORIENTED_EDGE ( 'NONE', *, *, #886, .F. ) ;
#1554 = CARTESIAN_POINT ( 'NONE',  ( -185.5112454203645314, -18.44018214036067604, 14.71680194766729777 ) ) ;
#1555 = CARTESIAN_POINT ( 'NONE',  ( -185.5139902179825526, -22.08023742600464345, 14.50122783760387790 ) ) ;
#1556 = CARTESIAN_POINT ( 'NONE',  ( -197.4952411079094929, -13.00000000000000178, 15.36902930786470911 ) ) ;
#1557 = CARTESIAN_POINT ( 'NONE',  ( -187.8973333783790167, -14.00000000000000178, 5.941401439974622001 ) ) ;
#1558 = ORIENTED_EDGE ( 'NONE', *, *, #436, .T. ) ;
#1559 = CARTESIAN_POINT ( 'NONE',  ( -197.4952411079094929, -27.00000000000000000, 15.36902930786470911 ) ) ;
#1560 = EDGE_CURVE ( 'NONE', #402, #2031, #855, .T. ) ;
#1561 = CARTESIAN_POINT ( 'NONE',  ( -186.8599636985044299, -16.80028186423141534, 12.30918138463517941 ) ) ;
#1562 = ORIENTED_EDGE ( 'NONE', *, *, #1719, .F. ) ;
#1563 = CARTESIAN_POINT ( 'NONE',  ( -183.9011404920515815, -20.00000000000000000, 5.766923890513322881 ) ) ;
#1564 = CARTESIAN_POINT ( 'NONE',  ( -187.7953582974338360, -26.18822477317891995, 8.446877025883564372 ) ) ;
#1565 = CARTESIAN_POINT ( 'NONE',  ( -185.5139903591644952, -17.91815123436365198, 14.50033607447028849 ) ) ;
#1566 = CARTESIAN_POINT ( 'NONE',  ( -197.8878155941975194, -26.00000000000000000, 6.377595313627996809 ) ) ;
#1567 = LINE ( 'NONE', #929, #442 ) ;
#1568 = DIRECTION ( 'NONE',  ( 0.04361938736532899874, 0.000000000000000000, 0.9990482215818581313 ) ) ;
#1569 = CARTESIAN_POINT ( 'NONE',  ( -197.4964882550395657, -21.09461132774902481, 15.34046494239362879 ) ) ;
#1570 = VERTEX_POINT ( 'NONE', #719 ) ;
#1571 = CARTESIAN_POINT ( 'NONE',  ( -195.5432534482276310, -13.99999014659048591, 6.291436470513898982 ) ) ;
#1572 = EDGE_CURVE ( 'NONE', #688, #1775, #1453, .T. ) ;
#1573 = CARTESIAN_POINT ( 'NONE',  ( -200.0016871049515998, -23.19782660220195325, 12.88373049970065587 ) ) ;
#1574 = CARTESIAN_POINT ( 'NONE',  ( -197.5314691737100361, -17.37104889998317603, 14.53927018249711089 ) ) ;
#1575 = CARTESIAN_POINT ( 'NONE',  ( -190.8818653267135801, -16.00000000000000000, 6.071708918979540570 ) ) ;
#1576 = CARTESIAN_POINT ( 'NONE',  ( -188.0738769651167672, -15.46150515673836878, 6.828626260948391646 ) ) ;
#1577 = EDGE_CURVE ( 'NONE', #1262, #236, #848, .T. ) ;
#1578 = ORIENTED_EDGE ( 'NONE', *, *, #1577, .F. ) ;
#1579 = CARTESIAN_POINT ( 'NONE',  ( -199.0871587494623611, -16.00000000000000000, 9.475568374731050625 ) ) ;
#1580 = CARTESIAN_POINT ( 'NONE',  ( -199.5171148011528715, -17.89998800360950781, 15.10079401442770219 ) ) ;
#1581 = ORIENTED_EDGE ( 'NONE', *, *, #653, .F. ) ;
#1582 = LINE ( 'NONE', #2058, #502 ) ;
#1583 = DIRECTION ( 'NONE',  ( 0.9990482215818577982, -9.992007221626408864E-16, -0.04361938736533662458 ) ) ;
#1584 = CARTESIAN_POINT ( 'NONE',  ( -187.7664752162830553, -26.25865042747481937, 8.938546104720199281 ) ) ;
#1585 = EDGE_LOOP ( 'NONE', ( #1678, #1019, #827, #1543 ) ) ;
#1586 = CARTESIAN_POINT ( 'NONE',  ( -189.6294312503234494, -16.00039549800121819, 6.120429891570459802 ) ) ;
#1587 = DIRECTION ( 'NONE',  ( 0.000000000000000000, 0.000000000000000000, -1.000000000000000000 ) ) ;
#1588 = CARTESIAN_POINT ( 'NONE',  ( -186.1726945966485403, -17.00000000000000000, 14.87467625105759872 ) ) ;
#1589 = CARTESIAN_POINT ( 'NONE',  ( -186.8182314662227554, -16.80033256087397220, 12.30739586593409207 ) ) ;
#1590 = ORIENTED_EDGE ( 'NONE', *, *, #1446, .T. ) ;
#1591 = CARTESIAN_POINT ( 'NONE',  ( -197.3733323035913259, -21.12721275873739657, 15.36370665451933348 ) ) ;
#1592 = CARTESIAN_POINT ( 'NONE',  ( -199.6265361828197626, -17.17922329566503947, 14.32048757007474293 ) ) ;
#1593 = CARTESIAN_POINT ( 'NONE',  ( -188.6296191849881723, -26.99999999999999645, 11.99686175152298162 ) ) ;
#1594 = CARTESIAN_POINT ( 'NONE',  ( -197.4946426386774760, -20.23591049981544998, 15.36900302333571133 ) ) ;
#1595 = CARTESIAN_POINT ( 'NONE',  ( -190.8881716834531517, -15.99999999999943157, 6.071984294096557377 ) ) ;
#1596 = CARTESIAN_POINT ( 'NONE',  ( -197.6083643366321212, -16.79940889411972549, 12.77808139912057150 ) ) ;
#1597 = CARTESIAN_POINT ( 'NONE',  ( -197.4952411079094929, -24.33333333333333215, 15.36902930786470733 ) ) ;
#1598 = CARTESIAN_POINT ( 'NONE',  ( -199.6281740702176819, -17.00000000000000000, 12.36800406074416259 ) ) ;
#1599 = EDGE_LOOP ( 'NONE', ( #1275, #2075, #505, #703, #591, #452 ) ) ;
#1600 = FACE_OUTER_BOUND ( 'NONE', #930, .T. ) ;
#1601 = EDGE_CURVE ( 'NONE', #1207, #415, #1511, .T. ) ;
#1602 = CARTESIAN_POINT ( 'NONE',  ( -185.6414989680717440, -26.99999999999999645, 11.75733263762950642 ) ) ;
#1603 = EDGE_CURVE ( 'NONE', #1775, #1628, #1790, .T. ) ;
#1604 = CARTESIAN_POINT ( 'NONE',  ( -185.8778563704231033, -22.11162625917929958, 14.69233231977881893 ) ) ;
#1605 = DIRECTION ( 'NONE',  ( -0.9990482215818580203, -9.992007221626406892E-16, 0.04361938736532942895 ) ) ;
#1606 = AXIS2_PLACEMENT_3D ( 'NONE', #433, #1735, #282 ) ;
#1607 = CARTESIAN_POINT ( 'NONE',  ( -197.4952419715252177, -19.38137414530029545, 15.36900952781301299 ) ) ;
#1608 = CARTESIAN_POINT ( 'NONE',  ( -183.7663039729071102, -16.00000000000000000, 8.855187912364524294 ) ) ;
#1609 = CARTESIAN_POINT ( 'NONE',  ( -187.7884853041749125, -14.53849484325773034, 8.434432211944629998 ) ) ;
#1610 = ORIENTED_EDGE ( 'NONE', *, *, #1212, .T. ) ;
#1611 = CARTESIAN_POINT ( 'NONE',  ( -199.1279648780312925, -20.67578745792877370, 15.44031556719545151 ) ) ;
#1612 = LINE ( 'NONE', #817, #1192 ) ;
#1613 = CARTESIAN_POINT ( 'NONE',  ( -183.7663039729071386, -24.00000000000000000, 8.855187912364518965 ) ) ;
#1614 = CARTESIAN_POINT ( 'NONE',  ( -198.1612732514639390, -20.22754408133520698, 15.39810889925966819 ) ) ;
#1615 = CARTESIAN_POINT ( 'NONE',  ( -185.5066624489273295, -18.84154833481846225, 14.84559665948070872 ) ) ;
#1616 = CARTESIAN_POINT ( 'NONE',  ( -197.4886983032878902, -16.79927103557226076, 12.77279599096105756 ) ) ;
#1617 = DIRECTION ( 'NONE',  ( 0.000000000000000000, -1.000000000000000000, -0.000000000000000000 ) ) ;
#1618 = CARTESIAN_POINT ( 'NONE',  ( -197.7355338784534524, -23.88482181197072052, 8.280898638138298296 ) ) ;
#1619 = CARTESIAN_POINT ( 'NONE',  ( -185.0994259578330059, -16.00000000000000000, 8.889122023567345821 ) ) ;
#1620 = ORIENTED_EDGE ( 'NONE', *, *, #1549, .T. ) ;
#1621 = CARTESIAN_POINT ( 'NONE',  ( -196.8921778437604644, -25.99999999999999645, 6.334124830648610427 ) ) ;
#1622 = CARTESIAN_POINT ( 'NONE',  ( -186.9714478845474162, -26.99999999999999645, 11.86394196468521045 ) ) ;
#1623 = CARTESIAN_POINT ( 'NONE',  ( -187.8973333783790167, -16.00000000000000000, 5.941401439974669962 ) ) ;
#1624 = DIRECTION ( 'NONE',  ( -0.9990482215818581313, 0.000000000000000000, 0.04361938736532862404 ) ) ;
#1625 = B_SPLINE_CURVE_WITH_KNOTS ( 'NONE', 3,
 ( #101, #590, #1434, #164 ),
 .UNSPECIFIED., .F., .F.,
 ( 4, 4 ),
 ( 0.3328765528657537942, 1.000000000000000000 ),
 .UNSPECIFIED. ) ;
#1626 = CARTESIAN_POINT ( 'NONE',  ( -190.8881716834531517, -15.99999999999943157, 6.071984294096557377 ) ) ;
#1627 = CARTESIAN_POINT ( 'NONE',  ( -187.8104953920667981, -15.46150515673836878, 7.930318319169054497 ) ) ;
#1628 = VERTEX_POINT ( 'NONE', #1886 ) ;
#1629 = CARTESIAN_POINT ( 'NONE',  ( -196.6296856899255943, -26.99999999999999645, 12.34618358038542851 ) ) ;
#1630 = CARTESIAN_POINT ( 'NONE',  ( -183.9011404920516100, -23.08283031729206058, 5.766923890513321105 ) ) ;
#1631 = CARTESIAN_POINT ( 'NONE',  ( -188.0434333501282538, -13.93930340421659331, 7.313350470242022894 ) ) ;
#1632 = PLANE ( 'NONE',  #892 ) ;
#1633 = CIRCLE ( 'NONE', #1606, 5.999999999999997335 ) ;
#1634 = ORIENTED_EDGE ( 'NONE', *, *, #748, .T. ) ;
#1635 = VECTOR ( 'NONE', #33, 1000.000000000000114 ) ;
#1636 = CARTESIAN_POINT ( 'NONE',  ( -185.6414989680717440, -18.83382645933921751, 11.75733263762950642 ) ) ;
#1637 = EDGE_CURVE ( 'NONE', #309, #328, #53, .T. ) ;
#1638 = CARTESIAN_POINT ( 'NONE',  ( -187.5047588920910471, -17.00000000000000000, 14.93283543421138404 ) ) ;
#1639 = ORIENTED_EDGE ( 'NONE', *, *, #1601, .T. ) ;
#1640 = CARTESIAN_POINT ( 'NONE',  ( -199.2059862464664661, -16.91226564012146127, 13.71361823339046992 ) ) ;
#1641 = CARTESIAN_POINT ( 'NONE',  ( -197.8009776078852724, -14.53849484325853325, 8.366512192822419536 ) ) ;
#1642 = ORIENTED_EDGE ( 'NONE', *, *, #1189, .F. ) ;
#1643 = CARTESIAN_POINT ( 'NONE',  ( -185.5066624489273295, -13.00000000000000355, 14.84559665948070695 ) ) ;
#1644 = CARTESIAN_POINT ( 'NONE',  ( -197.4952411079094929, -23.00000000000000000, 15.36902930786470733 ) ) ;
#1645 = CARTESIAN_POINT ( 'NONE',  ( -186.1726945966485687, -13.00000000000000533, 14.87467625105760050 ) ) ;
#1646 = CARTESIAN_POINT ( 'NONE',  ( -186.9714478845474162, -13.00000000000000355, 11.86394196468521045 ) ) ;
#1647 = CARTESIAN_POINT ( 'NONE',  ( -200.4181653554214506, -14.00000000000000355, 9.557952629835781977 ) ) ;
#1648 = CARTESIAN_POINT ( 'NONE',  ( -197.8878155941975194, -16.00000000000000000, 6.377595313627995921 ) ) ;
#1649 = CARTESIAN_POINT ( 'NONE',  ( -196.4147401054418367, -23.99884051791201145, 6.492023547050599142 ) ) ;
#1650 = CARTESIAN_POINT ( 'NONE',  ( -183.9011404920515815, -15.33333333333333037, 5.766923890513320217 ) ) ;
#1651 = CARTESIAN_POINT ( 'NONE',  ( -194.8906709294519430, -15.46150515674477610, 6.246737151531964294 ) ) ;
#1652 = ORIENTED_EDGE ( 'NONE', *, *, #2045, .F. ) ;
#1653 = CARTESIAN_POINT ( 'NONE',  ( -183.7663039729071386, -17.37536984450441224, 8.855187912364518965 ) ) ;
#1654 = CARTESIAN_POINT ( 'NONE',  ( -188.5951686992843008, -23.98775956540075427, 6.565244247109236042 ) ) ;
#1655 = B_SPLINE_CURVE_WITH_KNOTS ( 'NONE', 3,
 ( #767, #971, #949, #777, #582, #1439, #1618, #1988, #523, #802, #19, #1195, #705, #1513, #1831, #2091, #479, #357, #1798, #512, #186, #1649, #695, #1026, #41, #1671, #393, #1928, #370, #836, #1302, #1360, #1015, #1527, #1660, #200, #2002, #1209, #1162, #348, #849 ),
 .UNSPECIFIED., .F., .F.,
 ( 4, 2, 2, 1, 1, 1, 1, 2, 2, 2, 2, 2, 2, 1, 1, 1, 2, 2, 2, 1, 1, 1, 1, 2, 2, 4 ),
 ( 0.000000000000000000, 0.1249999999996767586, 0.1874999999995155264, 0.2187499999994353683, 0.2343749999993959554, 0.2421874999993751387, 0.2460937499993647304, 0.2480468749993603450, 0.2499999999993559596, 0.3749999999992601474, 0.4999999999991643351, 0.6249999999990685229, 0.6874999999990133448, 0.7187499999989784838, 0.7343749999989681587, 0.7421874999989702681, 0.7460937499989712673, 0.7499999999989722665, 0.8124999999991248112, 0.8437499999992092992, 0.8593749999992436051, 0.8671874999992608135, 0.8710937499992771338, 0.8730468749992853494, 0.8749999999992934541, 1.000000000000000000 ),
 .UNSPECIFIED. ) ;
#1656 = FACE_OUTER_BOUND ( 'NONE', #51, .T. ) ;
#1657 = EDGE_CURVE ( 'NONE', #341, #402, #85, .T. ) ;
#1658 = VERTEX_POINT ( 'NONE', #124 ) ;
#1659 = CARTESIAN_POINT ( 'NONE',  ( -197.3728467876154866, -19.32219270829461877, 15.36368545643402861 ) ) ;
#1660 = CARTESIAN_POINT ( 'NONE',  ( -195.5541768940114480, -23.99998919002846165, 6.292694408838761078 ) ) ;
#1661 = ADVANCED_FACE ( 'NONE', ( #1908 ), #1199, .T. ) ;
#1662 = CARTESIAN_POINT ( 'NONE',  ( -185.5066624489273295, -23.00000000000000000, 14.84559665948070872 ) ) ;
#1663 = ORIENTED_EDGE ( 'NONE', *, *, #1657, .F. ) ;
#1664 = CARTESIAN_POINT ( 'NONE',  ( -187.5191899400081468, -17.94131800686528067, 14.60231009609796082 ) ) ;
#1665 = CARTESIAN_POINT ( 'NONE',  ( -196.1329491031551129, -23.00000000000000000, 12.34256874865677034 ) ) ;
#1666 = CARTESIAN_POINT ( 'NONE',  ( -183.8991423956084645, -16.00000000000000000, 5.766836651738550756 ) ) ;
#1667 = CARTESIAN_POINT ( 'NONE',  ( -201.8840084805249546, -16.00000000000000000, 6.552072863089311028 ) ) ;
#1668 = B_SPLINE_SURFACE_WITH_KNOTS ( 'NONE', 5, 3, ( 
 ( #1148, #821, #2102, #1475 ),
 ( #1311, #1938, #486, #2 ),
 ( #654, #1316, #1945, #1140 ),
 ( #2068, #798, #292, #786 ),
 ( #457, #1105, #1604, #2098 ),
 ( #1116, #613, #602, #1267 ),
 ( #145, #1756, #1747, #633 ),
 ( #466, #2088, #303, #1425 ) ),
 .UNSPECIFIED., .F., .F., .F.,
 ( 6, 2, 6 ),
 ( 4, 4 ),
 ( 0.000000000000000000, 0.5000000000000000000, 1.000000000000000000 ),
 ( 0.009572952448372014020, 0.01220813345302817175 ),
 .UNSPECIFIED. ) ;
#1669 = CARTESIAN_POINT ( 'NONE',  ( -190.8813232626440310, -14.00000000000000355, 6.071685251951143059 ) ) ;
#1670 = CARTESIAN_POINT ( 'NONE',  ( -187.6364223427852664, -23.00000000000000000, 11.91724662821306246 ) ) ;
#1671 = CARTESIAN_POINT ( 'NONE',  ( -196.1702975267925240, -23.99956097282039380, 6.411594858448589562 ) ) ;
#1672 = CARTESIAN_POINT ( 'NONE',  ( -187.6276387283609210, -19.77159817532663411, 14.93820048372736409 ) ) ;
#1673 = CARTESIAN_POINT ( 'NONE',  ( -197.7569574321015011, -14.53849484325853325, 9.374739978373543892 ) ) ;
#1674 = CARTESIAN_POINT ( 'NONE',  ( -188.0569523412366948, -26.05802890781270875, 7.281967322375452412 ) ) ;
#1675 = CARTESIAN_POINT ( 'NONE',  ( -187.5407484011637109, -17.37505653262350336, 14.10854015620701318 ) ) ;
#1676 = CARTESIAN_POINT ( 'NONE',  ( -188.7657952536190180, -26.38451547022231125, 6.194599963321033798 ) ) ;
#1677 = CARTESIAN_POINT ( 'NONE',  ( -197.6269045586037407, -23.00000000000000000, 12.35344050186638754 ) ) ;
#1678 = ORIENTED_EDGE ( 'NONE', *, *, #310, .T. ) ;
#1679 = CARTESIAN_POINT ( 'NONE',  ( -187.5549505134486026, -22.82810249931682023, 13.78325830614255310 ) ) ;
#1680 = CARTESIAN_POINT ( 'NONE',  ( -183.7663039729071102, -14.00000000000000355, 8.855187912364524294 ) ) ;
#1681 = CARTESIAN_POINT ( 'NONE',  ( -196.8932224227303038, -14.00000000000000355, 6.334170437951376798 ) ) ;
#1682 = CARTESIAN_POINT ( 'NONE',  ( -197.4441826502245760, -13.96903406197278841, 7.324752821920752055 ) ) ;
#1683 = CARTESIAN_POINT ( 'NONE',  ( -199.6651944182870011, -22.91060579562684651, 14.12556228875348552 ) ) ;
#1684 = CARTESIAN_POINT ( 'NONE',  ( -197.7569574321015580, -16.25865042747482647, 9.374739978373517246 ) ) ;
#1685 = CARTESIAN_POINT ( 'NONE',  ( -190.2304960454724778, -26.00001071752080506, 6.060184579857617493 ) ) ;
#1686 = CARTESIAN_POINT ( 'NONE',  ( -197.7789675199933868, -23.61548452977768520, 8.870626085597983490 ) ) ;
#1687 = CARTESIAN_POINT ( 'NONE',  ( -195.8990332641457428, -24.00000000000000000, 6.290763201858160514 ) ) ;
#1688 = B_SPLINE_SURFACE_WITH_KNOTS ( 'NONE', 3, 3, ( 
 ( #2083, #1608, #2073, #803 ),
 ( #138, #1619, #618, #1588 ),
 ( #768, #1283, #470, #1429 ),
 ( #1729, #972, #1109, #950 ),
 ( #1760, #117, #151, #2062 ),
 ( #306, #438, #628, #778 ),
 ( #1575, #791, #1452, #1293 ) ),
 .UNSPECIFIED., .F., .F., .F.,
 ( 4, 3, 4 ),
 ( 4, 4 ),
 ( 0.000000000000000000, 1.000000000000000000, 1.746843816910306879 ),
 ( 0.000000000000000000, 1.000000000000000000 ),
 .UNSPECIFIED. ) ;
#1689 = CARTESIAN_POINT ( 'NONE',  ( -187.5047588920910471, -21.62596762393260974, 14.93283543421141957 ) ) ;
#1690 = CARTESIAN_POINT ( 'NONE',  ( -186.5652690829365383, -24.00000000000000000, 5.883242256820897964 ) ) ;
#1691 = ORIENTED_EDGE ( 'NONE', *, *, #743, .T. ) ;
#1692 = CARTESIAN_POINT ( 'NONE',  ( -187.8973333783790167, -26.00000000000000000, 5.941401439974623777 ) ) ;
#1693 = CARTESIAN_POINT ( 'NONE',  ( -192.5000000000002274, -13.00000000000000178, 15.15093237103806700 ) ) ;
#1694 = VERTEX_POINT ( 'NONE', #1173 ) ;
#1695 = CARTESIAN_POINT ( 'NONE',  ( -199.4933375510732390, -13.00000000000000178, 15.45626808259536666 ) ) ;
#1696 = CARTESIAN_POINT ( 'NONE',  ( -185.5066624489273295, -13.00000000000000178, 14.84559665948070872 ) ) ;
#1697 = CARTESIAN_POINT ( 'NONE',  ( -197.7569574321015864, -26.25865042747483358, 9.374739978373547444 ) ) ;
#1698 = EDGE_CURVE ( 'NONE', #875, #2069, #1040, .T. ) ;
#1699 = CARTESIAN_POINT ( 'NONE',  ( -197.5865211233661967, -23.12465184802709572, 13.27837323458656016 ) ) ;
#1700 = ORIENTED_EDGE ( 'NONE', *, *, #914, .F. ) ;
#1701 = CARTESIAN_POINT ( 'NONE',  ( -187.7169159160737877, -23.57279789122554803, 10.07364069745687551 ) ) ;
#1702 = DIRECTION ( 'NONE',  ( 0.000000000000000000, 1.000000000000000000, 0.000000000000000000 ) ) ;
#1703 = CARTESIAN_POINT ( 'NONE',  ( -187.8991965604462280, -16.10752744665681391, 7.781084287252152620 ) ) ;
#1704 = DIRECTION ( 'NONE',  ( 0.000000000000000000, 0.000000000000000000, 1.000000000000000000 ) ) ;
#1705 = CARTESIAN_POINT ( 'NONE',  ( -189.3555784472229107, -26.00115629338343837, 6.183567058522840831 ) ) ;
#1706 = CARTESIAN_POINT ( 'NONE',  ( -192.5000000000002274, -13.00000000000000178, 15.15093237103806700 ) ) ;
#1707 = B_SPLINE_CURVE_WITH_KNOTS ( 'NONE', 3,
 ( #1927, #968, #775, #2059 ),
 .UNSPECIFIED., .F., .F.,
 ( 4, 4 ),
 ( 0.000000000000000000, 1.000000000000000000 ),
 .UNSPECIFIED. ) ;
#1708 = CARTESIAN_POINT ( 'NONE',  ( -185.4702010345336873, -22.83453375191195178, 13.67472936768132818 ) ) ;
#1709 = VERTEX_POINT ( 'NONE', #30 ) ;
#1710 = CARTESIAN_POINT ( 'NONE',  ( -197.7569574321015011, -14.58044985750841782, 9.374739978373542115 ) ) ;
#1711 = CARTESIAN_POINT ( 'NONE',  ( -197.5847202826166153, -23.11693967423551044, 13.31961926890480186 ) ) ;
#1712 = CARTESIAN_POINT ( 'NONE',  ( -199.4933375510732390, -13.00000000000000178, 15.45626808259536666 ) ) ;
#1713 = ADVANCED_FACE ( 'NONE', ( #1193 ), #769, .T. ) ;
#1714 = CARTESIAN_POINT ( 'NONE',  ( -189.9837502363948261, -16.00006096076656448, 6.073538818870345857 ) ) ;
#1715 = CARTESIAN_POINT ( 'NONE',  ( -187.9150190701339227, -26.10079505772545261, 7.718413736369142519 ) ) ;
#1716 = CARTESIAN_POINT ( 'NONE',  ( -194.8906709294519430, -23.61548452977768875, 6.246737151531964294 ) ) ;
#1717 = CARTESIAN_POINT ( 'NONE',  ( -190.8944780431246215, -14.53849484325773034, 6.072259602070627871 ) ) ;
#1718 = DIRECTION ( 'NONE',  ( -0.9990482215818580203, 0.000000000000000000, 0.04361938736532862404 ) ) ;
#1719 = EDGE_CURVE ( 'NONE', #81, #1442, #1567, .T. ) ;
#1720 = CARTESIAN_POINT ( 'NONE',  ( -197.6698374680915151, -13.44505369371628234, 11.37011520864650294 ) ) ;
#1721 = ADVANCED_FACE ( 'NONE', ( #1418 ), #1881, .F. ) ;
#1722 = CARTESIAN_POINT ( 'NONE',  ( -197.6028021429749799, -23.18314810717481933, 12.90547657857888630 ) ) ;
#1723 = VERTEX_POINT ( 'NONE', #917 ) ;
#1724 = CARTESIAN_POINT ( 'NONE',  ( -186.5652690829365667, -26.00000000000000000, 5.883242256820889082 ) ) ;
#1725 = CARTESIAN_POINT ( 'NONE',  ( -199.7905883040651815, -23.07921241457864880, 13.59791159679172345 ) ) ;
#1726 = ADVANCED_FACE ( 'NONE', ( #722 ), #108, .F. ) ;
#1727 = PRODUCT_CONTEXT ( 'NONE', #135, 'mechanical' ) ;
#1728 = CARTESIAN_POINT ( 'NONE',  ( -197.4952411136981425, -19.76277383694005962, 15.36902917528271217 ) ) ;
#1729 = CARTESIAN_POINT ( 'NONE',  ( -187.8973333783790167, -16.00000000000000000, 5.941401439974669962 ) ) ;
#1730 = CARTESIAN_POINT ( 'NONE',  ( -185.2659330699756595, -23.17313128970514313, 12.42093350161616350 ) ) ;
#1731 = VERTEX_POINT ( 'NONE', #27 ) ;
#1732 = FACE_OUTER_BOUND ( 'NONE', #700, .T. ) ;
#1733 = CARTESIAN_POINT ( 'NONE',  ( -187.5047589135808153, -20.24010201378537843, 14.93283494201446793 ) ) ;
#1734 = ORIENTED_EDGE ( 'NONE', *, *, #1350, .T. ) ;
#1735 = DIRECTION ( 'NONE',  ( 0.9990482215818577982, -9.992007221626408864E-16, -0.04361938736533660377 ) ) ;
#1736 = VECTOR ( 'NONE', #1973, 1000.000000000000114 ) ;
#1737 = CARTESIAN_POINT ( 'NONE',  ( -185.9448022369793136, -16.91226564012146127, 13.13462243544186236 ) ) ;
#1738 = CARTESIAN_POINT ( 'NONE',  ( -189.1983056299717134, -16.00194430751998809, 6.231971928611692135 ) ) ;
#1739 = VECTOR ( 'NONE', #1355, 1000.000000000000114 ) ;
#1740 = DIRECTION ( 'NONE',  ( 1.000000000000000000, 0.000000000000000000, 0.000000000000000000 ) ) ;
#1741 = CARTESIAN_POINT ( 'NONE',  ( -199.4933375510732390, -25.66666666666666430, 15.45626808259536489 ) ) ;
#1742 = DIRECTION ( 'NONE',  ( 0.04361938736532901262, 1.156482317317871725E-15, 0.9990482215818580203 ) ) ;
#1743 = CARTESIAN_POINT ( 'NONE',  ( -190.8944780431246215, -13.61548452977769408, 6.072259602070627871 ) ) ;
#1744 = ORIENTED_EDGE ( 'NONE', *, *, #1298, .F. ) ;
#1745 = CARTESIAN_POINT ( 'NONE',  ( -196.1322687337535626, -17.00000000000000000, 12.34256379749962917 ) ) ;
#1746 = CARTESIAN_POINT ( 'NONE',  ( -187.8973333783790167, -25.99999999999999645, 5.941401439974669962 ) ) ;
#1747 = CARTESIAN_POINT ( 'NONE',  ( -185.8720351218961468, -20.67578745792724604, 14.86154917490119054 ) ) ;
#1748 = CARTESIAN_POINT ( 'NONE',  ( -190.4048037261112825, -15.99999712780645211, 6.055939567308925575 ) ) ;
#1749 = CARTESIAN_POINT ( 'NONE',  ( -183.8047819723162206, -16.00000000000000000, 7.973896835126188520 ) ) ;
#1750 = CARTESIAN_POINT ( 'NONE',  ( -190.8871083261822150, -14.00000000000000178, 6.071937909594538496 ) ) ;
#1751 = CARTESIAN_POINT ( 'NONE',  ( -187.8104953920667981, -26.38451547022230770, 7.930318319169056274 ) ) ;
#1752 = ORIENTED_EDGE ( 'NONE', *, *, #1163, .F. ) ;
#1753 = CARTESIAN_POINT ( 'NONE',  ( -198.2939943958083973, -26.99999999999999645, 12.35829502149231196 ) ) ;
#1754 = EDGE_CURVE ( 'NONE', #2035, #34, #641, .T. ) ;
#1755 = CARTESIAN_POINT ( 'NONE',  ( -188.9969237814207190, -26.99999999999999645, 14.99798476025449467 ) ) ;
#1756 = CARTESIAN_POINT ( 'NONE',  ( -186.7495941522480507, -20.67679885875362444, 14.89986422961554169 ) ) ;
#1757 = CARTESIAN_POINT ( 'NONE',  ( -198.3284093965726811, -16.91132872244415353, 13.67546578636174281 ) ) ;
#1758 = B_SPLINE_CURVE_WITH_KNOTS ( 'NONE', 3,
 ( #1728, #1607, #319, #274, #1415, #116, #2040, #1900, #1574, #595, #106, #1258, #1450, #1127, #1766, #1596 ),
 .UNSPECIFIED., .F., .F.,
 ( 4, 2, 2, 2, 2, 2, 2, 4 ),
 ( 0.000000000000000000, 0.001121529307387584369, 0.001682293961081376878, 0.002243058614775169605, 0.002803823268468961898, 0.003364587922162754624, 0.003925352575856547351, 0.004486117229550340077 ),
 .UNSPECIFIED. ) ;
#1759 = CARTESIAN_POINT ( 'NONE',  ( -201.7491719613805117, -22.62022930563420431, 9.640336884940511553 ) ) ;
#1760 = CARTESIAN_POINT ( 'NONE',  ( -188.8921773611572235, -16.00000000000000000, 5.984837266309626536 ) ) ;
#1761 = CARTESIAN_POINT ( 'NONE',  ( -201.7491719613805117, -14.66666666666666785, 9.640336884940511553 ) ) ;
#1762 = ORIENTED_EDGE ( 'NONE', *, *, #245, .F. ) ;
#1763 = CARTESIAN_POINT ( 'NONE',  ( -196.7613049521867481, -25.99999999999999645, 9.331606855897717878 ) ) ;
#1764 = CARTESIAN_POINT ( 'NONE',  ( -187.6364223427852664, -26.99999999999999645, 11.91724662821306246 ) ) ;
#1765 = CARTESIAN_POINT ( 'NONE',  ( -199.2198798896399978, -26.00000000000000355, 6.435754496781768808 ) ) ;
#1766 = CARTESIAN_POINT ( 'NONE',  ( -197.6002600390084467, -16.82482391230233176, 12.96370033182689774 ) ) ;
#1767 = CARTESIAN_POINT ( 'NONE',  ( -189.4334914179426619, -13.99927660800535811, 6.155948811937766330 ) ) ;
#1768 = ORIENTED_EDGE ( 'NONE', *, *, #463, .F. ) ;
#1769 = CARTESIAN_POINT ( 'NONE',  ( -197.3728467876154866, -20.67780729170538123, 15.36368545643403216 ) ) ;
#1770 = CARTESIAN_POINT ( 'NONE',  ( -183.7663039729071386, -22.62424547593808910, 8.855187912364518965 ) ) ;
#1771 = CARTESIAN_POINT ( 'NONE',  ( -194.8958481162185024, -25.99999999999998934, 6.246963228313703986 ) ) ;
#1772 = CARTESIAN_POINT ( 'NONE',  ( -198.8273054141173475, -19.77318061707721952, 15.42718849148850424 ) ) ;
#1773 = CARTESIAN_POINT ( 'NONE',  ( -190.8944780431246215, -14.66666666666745655, 6.072259602070628759 ) ) ;
#1774 = CARTESIAN_POINT ( 'NONE',  ( -188.0738769651167672, -13.61548452977769408, 6.828626260948391646 ) ) ;
#1775 = VERTEX_POINT ( 'NONE', #1805 ) ;
#1776 = CARTESIAN_POINT ( 'NONE',  ( -197.4508335446474518, -23.08961515604142534, 13.63728689053816368 ) ) ;
#1777 = CARTESIAN_POINT ( 'NONE',  ( -199.2198798896399978, -24.00000000000000000, 6.435754496781767919 ) ) ;
#1778 = FACE_OUTER_BOUND ( 'NONE', #1387, .T. ) ;
#1779 = CARTESIAN_POINT ( 'NONE',  ( -196.3367500594928572, -26.00071710285196858, 6.456729435723135069 ) ) ;
#1780 = B_SPLINE_CURVE_WITH_KNOTS ( 'NONE', 3,
 ( #1090, #256, #564, #760 ),
 .UNSPECIFIED., .F., .F.,
 ( 4, 4 ),
 ( 0.000000000000000000, 1.000000000000000000 ),
 .UNSPECIFIED. ) ;
#1781 = EDGE_CURVE ( 'NONE', #39, #2035, #536, .T. ) ;
#1782 = CARTESIAN_POINT ( 'NONE',  ( -187.8297604263801190, -13.85470258493656992, 8.113205456683045824 ) ) ;
#1783 = CARTESIAN_POINT ( 'NONE',  ( -187.8104953920667981, -13.61548452977769408, 7.930318319169054497 ) ) ;
#1784 = ORIENTED_EDGE ( 'NONE', *, *, #121, .F. ) ;
#1785 = CARTESIAN_POINT ( 'NONE',  ( -185.6414989680717440, -15.66666666666666607, 11.75733263762950642 ) ) ;
#1786 = CARTESIAN_POINT ( 'NONE',  ( -187.5623393629573741, -22.90602359605918892, 13.61402582932004890 ) ) ;
#1787 = CARTESIAN_POINT ( 'NONE',  ( -189.1260479287764156, -13.00000000000000355, 12.03665571176516380 ) ) ;
#1788 = EDGE_LOOP ( 'NONE', ( #1491, #678, #1315, #868, #1205, #16, #1074, #1885, #1634, #909, #1365, #1333 ) ) ;
#1789 = CARTESIAN_POINT ( 'NONE',  ( -198.3475676849895990, -16.85872437439602223, 13.23797836118840365 ) ) ;
#1790 = CIRCLE ( 'NONE', #335, 3.999999999999999556 ) ;
#1791 = LINE ( 'NONE', #997, #1266 ) ;
#1792 = ORIENTED_EDGE ( 'NONE', *, *, #1137, .T. ) ;
#1793 = CARTESIAN_POINT ( 'NONE',  ( -183.9011404920516100, -14.00000000000000355, 5.766923890513321105 ) ) ;
#1794 = CARTESIAN_POINT ( 'NONE',  ( -201.8840084805249546, -24.00000000000000000, 6.552072863089311028 ) ) ;
#1795 = CARTESIAN_POINT ( 'NONE',  ( -187.6364223427852664, -13.00000000000000355, 11.91724662821306246 ) ) ;
#1796 = CARTESIAN_POINT ( 'NONE',  ( -201.7491719613805401, -14.00000000000000355, 9.640336884940516882 ) ) ;
#1797 = CARTESIAN_POINT ( 'NONE',  ( -186.9714478845474162, -23.00000000000000000, 11.86394196468521045 ) ) ;
#1798 = CARTESIAN_POINT ( 'NONE',  ( -196.9303712151080674, -23.99402991379506744, 6.754405878669729191 ) ) ;
#1799 = B_SPLINE_CURVE_WITH_KNOTS ( 'NONE', 3,
 ( #765, #157, #1146, #1467 ),
 .UNSPECIFIED., .F., .F.,
 ( 4, 4 ),
 ( 0.9999999999999790168, 1.748257574216264931 ),
 .UNSPECIFIED. ) ;
#1800 = CARTESIAN_POINT ( 'NONE',  ( -188.0019435377311936, -23.00000000000000000, 14.95454298463966403 ) ) ;
#1801 = CARTESIAN_POINT ( 'NONE',  ( -201.8840084805249546, -14.00000000000000178, 6.552072863089311028 ) ) ;
#1802 = ORIENTED_EDGE ( 'NONE', *, *, #463, .T. ) ;
#1803 = DIRECTION ( 'NONE',  ( 9.982497044798945919E-16, -1.000000000000000000, -4.358452335572832703E-17 ) ) ;
#1804 = EDGE_CURVE ( 'NONE', #1731, #4, #528, .T. ) ;
#1805 = CARTESIAN_POINT ( 'NONE',  ( -183.9011404920515815, -16.00000000000000000, 5.766923890513322881 ) ) ;
#1806 = B_SPLINE_CURVE_WITH_KNOTS ( 'NONE', 3,
 ( #712, #2009, #1011, #680 ),
 .UNSPECIFIED., .F., .F.,
 ( 4, 4 ),
 ( 0.000000000000000000, 1.000000000000000000 ),
 .UNSPECIFIED. ) ;
#1807 = CARTESIAN_POINT ( 'NONE',  ( -187.5047588920910471, -13.00000000000000178, 14.93283543421138404 ) ) ;
#1808 = EDGE_CURVE ( 'NONE', #1481, #1312, #1329, .T. ) ;
#1809 = CARTESIAN_POINT ( 'NONE',  ( -190.8871083261822150, -14.00000000000000178, 6.071937909594538496 ) ) ;
#1810 = ORIENTED_EDGE ( 'NONE', *, *, #1075, .T. ) ;
#1811 = FACE_OUTER_BOUND ( 'NONE', #259, .T. ) ;
#1812 = CARTESIAN_POINT ( 'NONE',  ( -200.6769604246091490, -23.48930080368331375, 10.78186223284553868 ) ) ;
#1813 = CARTESIAN_POINT ( 'NONE',  ( -197.6782667406736209, -16.07882885682285945, 7.934881505656413481 ) ) ;
#1814 = CARTESIAN_POINT ( 'NONE',  ( -185.5066624489272158, -25.66666666666666785, 14.84559665948071050 ) ) ;
#1815 = ORIENTED_EDGE ( 'NONE', *, *, #2045, .T. ) ;
#1816 = CARTESIAN_POINT ( 'NONE',  ( -199.2438008454207079, -23.19870435054146895, 12.85029519023516364 ) ) ;
#1817 = CARTESIAN_POINT ( 'NONE',  ( -189.8862502575734652, -26.38451547022231125, 6.028239426286901015 ) ) ;
#1818 = CARTESIAN_POINT ( 'NONE',  ( -198.2939943958083973, -23.00000000000000000, 12.35829502149231196 ) ) ;
#1819 = CARTESIAN_POINT ( 'NONE',  ( -194.8976339960423729, -16.00000000000000000, 6.247041232853797865 ) ) ;
#1820 = ORIENTED_EDGE ( 'NONE', *, *, #671, .T. ) ;
#1821 = CARTESIAN_POINT ( 'NONE',  ( -198.2939943958083973, -13.00000000000000355, 12.35829502149231196 ) ) ;
#1822 = DIRECTION ( 'NONE',  ( 0.9990482215818577982, 0.000000000000000000, -0.04361938736533522293 ) ) ;
#1823 = CARTESIAN_POINT ( 'NONE',  ( -197.7153436052437314, -13.89919091253968375, 8.146438680144193256 ) ) ;
#1824 =( NAMED_UNIT ( * ) PLANE_ANGLE_UNIT ( ) SI_UNIT ( $, .RADIAN. ) );
#1825 = VERTEX_POINT ( 'NONE', #1215 ) ;
#1826 = CARTESIAN_POINT ( 'NONE',  ( -185.6414989680717440, -14.33333333333333570, 11.75733263762950642 ) ) ;
#1827 = CARTESIAN_POINT ( 'NONE',  ( -187.8297401359429273, -23.85468420216347951, 8.113352883617395150 ) ) ;
#1828 = CARTESIAN_POINT ( 'NONE',  ( -197.7561521435032716, -24.00000000000000000, 9.393184119626315720 ) ) ;
#1829 = CARTESIAN_POINT ( 'NONE',  ( -197.4952411079094929, -27.00000000000000000, 15.36902930786470911 ) ) ;
#1830 = CARTESIAN_POINT ( 'NONE',  ( -197.5798575035676379, -23.09509151847706221, 13.43099522015692138 ) ) ;
#1831 = CARTESIAN_POINT ( 'NONE',  ( -197.6120884799832709, -23.94194008591871992, 7.699520936638790225 ) ) ;
#1832 = CARTESIAN_POINT ( 'NONE',  ( -199.4933383202769051, -20.61860105709537550, 15.45625046494889965 ) ) ;
#1833 = CARTESIAN_POINT ( 'NONE',  ( -199.4933375510732390, -19.75924775166882341, 15.45626808259536489 ) ) ;
#1834 = ORIENTED_EDGE ( 'NONE', *, *, #1841, .F. ) ;
#1835 = LINE ( 'NONE', #1247, #782 ) ;
#1836 = CARTESIAN_POINT ( 'NONE',  ( -190.4648101077091269, -23.99999999999977618, 6.053516534808014882 ) ) ;
#1837 = CARTESIAN_POINT ( 'NONE',  ( -197.8878155941975194, -16.00000000000000000, 6.377595313627995921 ) ) ;
#1838 = ORIENTED_EDGE ( 'NONE', *, *, #1223, .F. ) ;
#1839 = CARTESIAN_POINT ( 'NONE',  ( -196.1910503590805490, -13.99952050533154413, 6.417524782571154773 ) ) ;
#1840 = DIRECTION ( 'NONE',  ( 0.000000000000000000, 0.000000000000000000, -1.000000000000000000 ) ) ;
#1841 = EDGE_CURVE ( 'NONE', #328, #402, #1180, .T. ) ;
#1842 = EDGE_LOOP ( 'NONE', ( #893, #281, #1009, #553 ) ) ;
#1843 = CARTESIAN_POINT ( 'NONE',  ( -197.8009776078852724, -25.46150515673836878, 8.366512192822421312 ) ) ;
#1844 = B_SPLINE_SURFACE_WITH_KNOTS ( 'NONE', 3, 3, ( 
 ( #1428, #305, #1118, #616 ),
 ( #1920, #627, #1282, #1741 ),
 ( #426, #1246, #1888, #1108 ),
 ( #437, #1876, #1405, #2082 ),
 ( #1292, #1909, #1098, #2052 ),
 ( #2061, #285, #1088, #458 ),
 ( #1271, #1759, #790, #137 ) ),
 .UNSPECIFIED., .F., .F., .F.,
 ( 4, 3, 4 ),
 ( 4, 4 ),
 ( 0.000000000000000000, 1.000000000000000000, 1.689885347182894959 ),
 ( 0.000000000000000000, 1.000000000000000000 ),
 .UNSPECIFIED. ) ;
#1845 = CARTESIAN_POINT ( 'NONE',  ( -187.9702281858925517, -23.92113185710895351, 7.511425235688633073 ) ) ;
#1846 = ORIENTED_EDGE ( 'NONE', *, *, #1380, .F. ) ;
#1847 = CARTESIAN_POINT ( 'NONE',  ( -187.8973333783790167, -24.00000000000000000, 5.941401439974669962 ) ) ;
#1848 = CARTESIAN_POINT ( 'NONE',  ( -197.4952422044372042, -20.72138944601326216, 15.36900419325065315 ) ) ;
#1849 = CARTESIAN_POINT ( 'NONE',  ( -185.5066624489272442, -20.23729281820419956, 14.84559665948070695 ) ) ;
#1850 = ORIENTED_EDGE ( 'NONE', *, *, #1191, .F. ) ;
#1851 = CARTESIAN_POINT ( 'NONE',  ( -199.4933375510732390, -17.00000000000000000, 15.45626808259536666 ) ) ;
#1852 = LINE ( 'NONE', #42, #1989 ) ;
#1853 = CARTESIAN_POINT ( 'NONE',  ( -197.6083643366321212, -23.20059110588030649, 12.77808139912032814 ) ) ;
#1854 = CARTESIAN_POINT ( 'NONE',  ( -199.4933375510731821, -27.00199999999999889, 15.45626808259536134 ) ) ;
#1855 = CARTESIAN_POINT ( 'NONE',  ( -188.7657952536190180, -16.38451547022230770, 6.194599963321032021 ) ) ;
#1856 = CARTESIAN_POINT ( 'NONE',  ( -201.8840084805249262, -25.33333333333333215, 6.552072863089311916 ) ) ;
#1857 = AXIS2_PLACEMENT_3D ( 'NONE', #718, #1381, #1702 ) ;
#1858 = CARTESIAN_POINT ( 'NONE',  ( -199.7976033645525717, -16.92188036396683515, 13.57536514081154877 ) ) ;
#1859 = CARTESIAN_POINT ( 'NONE',  ( -186.1726945859187197, -20.22681938292328496, 14.87467625058912191 ) ) ;
#1860 = ORIENTED_EDGE ( 'NONE', *, *, #492, .T. ) ;
#1861 = CARTESIAN_POINT ( 'NONE',  ( -195.5363107683690203, -13.99999073058651256, 6.290644869500914282 ) ) ;
#1862 = CARTESIAN_POINT ( 'NONE',  ( -186.7792987598564594, -17.22217260541884443, 14.16721460913312391 ) ) ;
#1863 = CARTESIAN_POINT ( 'NONE',  ( -189.6063368285694253, -16.00043717083660511, 6.124773913227486766 ) ) ;
#1864 = CARTESIAN_POINT ( 'NONE',  ( -188.8188396612364386, -26.00595996790066877, 6.399897379610057335 ) ) ;
#1865 = CARTESIAN_POINT ( 'NONE',  ( -197.8878155941975194, -14.00000000000000178, 6.377595313627996809 ) ) ;
#1866 = CARTESIAN_POINT ( 'NONE',  ( -185.5112420529621602, -21.55938806146309616, 14.71692970963416691 ) ) ;
#1867 = ORIENTED_EDGE ( 'NONE', *, *, #1189, .T. ) ;
#1868 = EDGE_CURVE ( 'NONE', #1296, #429, #1806, .T. ) ;
#1869 = CARTESIAN_POINT ( 'NONE',  ( -197.7569574321015580, -16.25865042747482647, 9.374739978373517246 ) ) ;
#1870 = CARTESIAN_POINT ( 'NONE',  ( -197.4994053568763093, -21.40775258716356788, 15.27365232584383747 ) ) ;
#1871 = CARTESIAN_POINT ( 'NONE',  ( -185.5066624489273295, -27.00000000000000000, 14.84559665948070872 ) ) ;
#1872 = EDGE_CURVE ( 'NONE', #688, #1723, #961, .T. ) ;
#1873 = CARTESIAN_POINT ( 'NONE',  ( -195.6257825063396751, -13.99998113393303534, 6.301475152280675118 ) ) ;
#1874 = VERTEX_POINT ( 'NONE', #1342 ) ;
#1875 = CARTESIAN_POINT ( 'NONE',  ( -199.8901246829452703, -23.14901896970225437, 13.24141095502723076 ) ) ;
#1876 = CARTESIAN_POINT ( 'NONE',  ( -201.7491719613805117, -24.00000000000000000, 9.640336884940511553 ) ) ;
#1877 = DIRECTION ( 'NONE',  ( 0.9990482215818581313, 0.000000000000000000, -0.04361938736532725014 ) ) ;
#1878 = CARTESIAN_POINT ( 'NONE',  ( -188.7657952536190180, -14.53849484325773034, 6.194599963321032021 ) ) ;
#1879 = VERTEX_POINT ( 'NONE', #397 ) ;
#1880 = CARTESIAN_POINT ( 'NONE',  ( -183.9011404920516100, -24.66666666666667140, 5.766923890513321105 ) ) ;
#1881 = B_SPLINE_SURFACE_WITH_KNOTS ( 'NONE', 3, 3, ( 
 ( #733, #97, #1891, #1261 ),
 ( #586, #749, #1249, #2055 ),
 ( #1777, #165, #1818, #859 ),
 ( #1982, #1828, #1677, #1644 ),
 ( #218, #540, #1049, #362 ),
 ( #1687, #1961, #352, #857 ),
 ( #192, #26, #1665, #206 ) ),
 .UNSPECIFIED., .F., .F., .F.,
 ( 4, 3, 4 ),
 ( 4, 4 ),
 ( 0.000000000000000000, 1.000000000000000000, 1.746503880051520907 ),
 ( 0.000000000000000000, 1.000000000000000000 ),
 .UNSPECIFIED. ) ;
#1882 = VERTEX_POINT ( 'NONE', #844 ) ;
#1883 = CARTESIAN_POINT ( 'NONE',  ( -197.6579551284258116, -16.64389253315646755, 11.64226553051529400 ) ) ;
#1884 = CARTESIAN_POINT ( 'NONE',  ( -185.0862688553292230, -16.86076379362523880, 12.65899127702923543 ) ) ;
#1885 = ORIENTED_EDGE ( 'NONE', *, *, #914, .T. ) ;
#1886 = CARTESIAN_POINT ( 'NONE',  ( -183.9011404920515815, -24.00000000000000000, 5.766923890513322881 ) ) ;
#1887 = ADVANCED_FACE ( 'NONE', ( #1972 ), #912, .T. ) ;
#1888 = CARTESIAN_POINT ( 'NONE',  ( -199.6281740702176819, -24.33333333333333570, 12.36800406074416259 ) ) ;
#1889 = CARTESIAN_POINT ( 'NONE',  ( -194.8906709294519430, -25.33333333333459336, 6.246737151531965182 ) ) ;
#1890 = DIRECTION ( 'NONE',  ( -0.9990482215818577982, 0.000000000000000000, 0.04361938736533521599 ) ) ;
#1891 = CARTESIAN_POINT ( 'NONE',  ( -199.6281740702177103, -23.00000000000000000, 12.36800406074416081 ) ) ;
#1892 = VERTEX_POINT ( 'NONE', #1566 ) ;
#1893 = CARTESIAN_POINT ( 'NONE',  ( -197.4952411079094929, -26.99999999999999645, 15.36902930786470733 ) ) ;
#1894 = PRODUCT_DEFINITION_FORMATION_WITH_SPECIFIED_SOURCE ( 'ANY', '', #104, .NOT_KNOWN. ) ;
#1895 = CARTESIAN_POINT ( 'NONE',  ( -195.7984207648352140, -13.99993880802224311, 6.327489611662924673 ) ) ;
#1896 = AXIS2_PLACEMENT_3D ( 'NONE', #1854, #418, #1877 ) ;
#1897 = CARTESIAN_POINT ( 'NONE',  ( -197.1368335952709288, -26.01218574694279795, 6.936836457309717652 ) ) ;
#1898 = CARTESIAN_POINT ( 'NONE',  ( -187.6329936805647947, -17.88567917879080227, 14.76879754536875566 ) ) ;
#1899 = CARTESIAN_POINT ( 'NONE',  ( -190.2063383456863619, -16.00001304597964236, 6.060917935156975744 ) ) ;
#1900 = CARTESIAN_POINT ( 'NONE',  ( -197.5250236279401861, -17.49252291404817328, 14.68689745163743510 ) ) ;
#1901 = CARTESIAN_POINT ( 'NONE',  ( -201.8840084805249546, -20.00000000000000000, 6.552072863089311916 ) ) ;
#1902 = CARTESIAN_POINT ( 'NONE',  ( -187.8104953920667981, -23.61548452977768875, 7.930318319169054497 ) ) ;
#1903 = ORIENTED_EDGE ( 'NONE', *, *, #517, .T. ) ;
#1904 = DIRECTION ( 'NONE',  ( -0.000000000000000000, 1.000000000000000000, -0.000000000000000000 ) ) ;
#1905 = CARTESIAN_POINT ( 'NONE',  ( -199.5263752871719589, -17.75154899191384317, 15.00253076597918245 ) ) ;
#1906 = CARTESIAN_POINT ( 'NONE',  ( -185.0994259578330059, -25.99999999999999645, 8.889122023567345821 ) ) ;
#1907 = CARTESIAN_POINT ( 'NONE',  ( -195.3168204850481970, -26.00000000000002842, 6.265352071636155706 ) ) ;
#1908 = FACE_OUTER_BOUND ( 'NONE', #1177, .T. ) ;
#1909 = CARTESIAN_POINT ( 'NONE',  ( -201.7491719613805117, -23.54007643521140025, 9.640336884940511553 ) ) ;
#1910 = CARTESIAN_POINT ( 'NONE',  ( -185.3042753386255299, -16.85088550700709220, 12.60388127829726379 ) ) ;
#1911 = CARTESIAN_POINT ( 'NONE',  ( -188.0738769651167672, -14.53849484325773034, 6.828626260948391646 ) ) ;
#1912 = EDGE_CURVE ( 'NONE', #1694, #392, #1780, .T. ) ;
#1913 = ORIENTED_EDGE ( 'NONE', *, *, #886, .T. ) ;
#1914 = EDGE_CURVE ( 'NONE', #995, #1975, #1211, .T. ) ;
#1915 = CARTESIAN_POINT ( 'NONE',  ( -194.7739898537659826, -16.00000000000000000, 9.208599597099174972 ) ) ;
#1916 = CARTESIAN_POINT ( 'NONE',  ( -185.5066624489273295, -24.33333333333333570, 14.84559665948070695 ) ) ;
#1917 = DIRECTION ( 'NONE',  ( 0.04361938736533662458, 0.000000000000000000, 0.9990482215818577982 ) ) ;
#1918 = CARTESIAN_POINT ( 'NONE',  ( -200.0835641220802756, -16.91319483284892300, 13.75174305431762178 ) ) ;
#1919 = CARTESIAN_POINT ( 'NONE',  ( -197.4952411136981425, -19.76277383694005962, 15.36902917528271217 ) ) ;
#1920 = CARTESIAN_POINT ( 'NONE',  ( -201.8840084805249262, -25.33333333333333215, 6.552072863089310140 ) ) ;
#1921 = CARTESIAN_POINT ( 'NONE',  ( -190.4656253962108963, -13.99999999999983302, 6.053550101013800422 ) ) ;
#1922 = EDGE_CURVE ( 'NONE', #392, #1224, #934, .T. ) ;
#1923 = CARTESIAN_POINT ( 'NONE',  ( -199.6281740702176819, -17.91974925055627565, 12.36800406074416259 ) ) ;
#1924 = ORIENTED_EDGE ( 'NONE', *, *, #585, .T. ) ;
#1925 = CARTESIAN_POINT ( 'NONE',  ( -198.2499183907245595, -20.22745194703322014, 15.40197922962404498 ) ) ;
#1926 = CARTESIAN_POINT ( 'NONE',  ( -183.7663039729071386, -25.33333333333333215, 8.855187912364518965 ) ) ;
#1927 = CARTESIAN_POINT ( 'NONE',  ( -183.9011404920515815, -26.00000000000000000, 5.766923890513322881 ) ) ;
#1928 = CARTESIAN_POINT ( 'NONE',  ( -196.1476806891371325, -23.99960277395529928, 6.405249957306265784 ) ) ;
#1929 = CARTESIAN_POINT ( 'NONE',  ( -185.4019258559571028, -16.96538636048934023, 13.14726748165877623 ) ) ;
#1930 = CARTESIAN_POINT ( 'NONE',  ( -199.6281740702176819, -18.83949850111255131, 12.36800406074416259 ) ) ;
#1931 = ORIENTED_EDGE ( 'NONE', *, *, #150, .F. ) ;
#1932 = ADVANCED_FACE ( 'NONE', ( #1080 ), #584, .F. ) ;
#1933 = CARTESIAN_POINT ( 'NONE',  ( -197.8878155941975194, -25.99999999999999645, 6.377595313627995921 ) ) ;
#1934 = CARTESIAN_POINT ( 'NONE',  ( -185.6414989680717440, -20.24849095187618531, 11.75733263762950642 ) ) ;
#1935 = ADVANCED_FACE ( 'NONE', ( #1101 ), #752, .T. ) ;
#1936 = CARTESIAN_POINT ( 'NONE',  ( -196.8074055434334184, -26.00437611427120999, 6.681832830208138674 ) ) ;
#1937 = ORIENTED_EDGE ( 'NONE', *, *, #1572, .F. ) ;
#1938 = CARTESIAN_POINT ( 'NONE',  ( -186.8414090031321848, -23.14127562561006712, 12.73560862389036608 ) ) ;
#1939 = DIRECTION ( 'NONE',  ( -0.9990482215818577982, 0.000000000000000000, 0.04361938736533521599 ) ) ;
#1940 = ORIENTED_EDGE ( 'NONE', *, *, #673, .T. ) ;
#1941 = CARTESIAN_POINT ( 'NONE',  ( -185.6414989680717440, -13.00000000000000355, 11.75733263762950642 ) ) ;
#1942 = PLANE ( 'NONE',  #2033 ) ;
#1943 = CARTESIAN_POINT ( 'NONE',  ( -186.5652690829365383, -14.00000000000000355, 5.883242256820888194 ) ) ;
#1944 = CARTESIAN_POINT ( 'NONE',  ( -200.1213533510543243, -16.80231197113750952, 12.88900992776438237 ) ) ;
#1945 = CARTESIAN_POINT ( 'NONE',  ( -185.9448022369915066, -23.08773435987853873, 13.13462243545100350 ) ) ;
#1946 = SURFACE_STYLE_USAGE ( .BOTH. , #1471 ) ;
#1947 = MANIFOLD_SOLID_BREP ( 'Fillet1', #746 ) ;
#1948 = ORIENTED_EDGE ( 'NONE', *, *, #1841, .T. ) ;
#1949 = CARTESIAN_POINT ( 'NONE',  ( -187.5050234376498679, -19.01820362018531796, 14.92677634475782966 ) ) ;
#1950 = CARTESIAN_POINT ( 'NONE',  ( -183.8991423956084645, -14.00000000000000178, 5.766836651738550756 ) ) ;
#1951 = CARTESIAN_POINT ( 'NONE',  ( -188.6295060667793564, -13.00000000000000355, 11.99685268391446336 ) ) ;
#1952 = CARTESIAN_POINT ( 'NONE',  ( -198.9610842330130254, -13.00000000000000355, 12.36314954111823816 ) ) ;
#1953 = CARTESIAN_POINT ( 'NONE',  ( -199.4976948846232290, -18.62980727751511267, 15.36870473682885141 ) ) ;
#1954 = MECHANICAL_DESIGN_GEOMETRIC_PRESENTATION_REPRESENTATION (  '', ( #530 ), #1326 ) ;
#1955 = ADVANCED_FACE ( 'NONE', ( #1476 ), #1632, .F. ) ;
#1956 = CARTESIAN_POINT ( 'NONE',  ( -187.6178821208135616, -16.79940889411987825, 12.34188752546835488 ) ) ;
#1957 = AXIS2_PLACEMENT_3D ( 'NONE', #958, #925, #1587 ) ;
#1958 = ADVANCED_FACE ( 'NONE', ( #655 ), #559, .T. ) ;
#1959 = ORIENTED_EDGE ( 'NONE', *, *, #272, .T. ) ;
#1960 = CARTESIAN_POINT ( 'NONE',  ( -183.7663039729071386, -16.91691322966960698, 8.855187912364518965 ) ) ;
#1961 = CARTESIAN_POINT ( 'NONE',  ( -195.7689489520579968, -24.00000000000000000, 9.270183787444640444 ) ) ;
#1962 = DIRECTION ( 'NONE',  ( -0.000000000000000000, 1.000000000000000000, 0.000000000000000000 ) ) ;
#1963 = CARTESIAN_POINT ( 'NONE',  ( -198.8273054033519713, -26.99999999999999645, 15.42718849101847667 ) ) ;
#1964 = FACE_OUTER_BOUND ( 'NONE', #495, .T. ) ;
#1965 = CARTESIAN_POINT ( 'NONE',  ( -196.5006479364422773, -13.00000000000000355, 15.32560443218808821 ) ) ;
#1966 = CARTESIAN_POINT ( 'NONE',  ( -185.0994259578330059, -24.00000000000000000, 8.889122023567345821 ) ) ;
#1967 = CARTESIAN_POINT ( 'NONE',  ( -197.6120243011729656, -13.94195633792047317, 7.699325592122678863 ) ) ;
#1968 = FACE_OUTER_BOUND ( 'NONE', #1788, .T. ) ;
#1969 = CARTESIAN_POINT ( 'NONE',  ( -197.8009776078852724, -13.61548452977769408, 8.366512192822419536 ) ) ;
#1970 = ORIENTED_EDGE ( 'NONE', *, *, #83, .F. ) ;
#1971 = CARTESIAN_POINT ( 'NONE',  ( -187.5546443691065122, -17.17537469882913115, 13.79027016437798814 ) ) ;
#1972 = FACE_OUTER_BOUND ( 'NONE', #110, .T. ) ;
#1973 = DIRECTION ( 'NONE',  ( -0.9990482215818577982, -0.000000000000000000, 0.04361938736533521599 ) ) ;
#1974 = CARTESIAN_POINT ( 'NONE',  ( -197.7494572393197245, -26.12099153103657656, 8.340769679879830534 ) ) ;
#1975 = VERTEX_POINT ( 'NONE', #1956 ) ;
#1976 = CARTESIAN_POINT ( 'NONE',  ( -197.7426040405929655, -13.87763383053483679, 8.345008743834368303 ) ) ;
#1977 = CARTESIAN_POINT ( 'NONE',  ( -199.4998911107284130, -21.55363083329764251, 15.32932266946236055 ) ) ;
#1978 = CARTESIAN_POINT ( 'NONE',  ( -189.8286577724629183, -26.00013893357534300, 6.088503239677596213 ) ) ;
#1979 = CARTESIAN_POINT ( 'NONE',  ( -187.5047588920910187, -19.77173122027415531, 14.93283543421138049 ) ) ;
#1980 = B_SPLINE_CURVE_WITH_KNOTS ( 'NONE', 3,
 ( #665, #497, #1171, #1508 ),
 .UNSPECIFIED., .F., .F.,
 ( 4, 4 ),
 ( 0.9999999999999791278, 1.748704469859271748 ),
 .UNSPECIFIED. ) ;
#1981 = CARTESIAN_POINT ( 'NONE',  ( -188.3677809101903620, -23.97773809896915509, 6.776110850081790815 ) ) ;
#1982 = CARTESIAN_POINT ( 'NONE',  ( -197.8878155941975194, -24.00000000000000000, 6.377595313627995921 ) ) ;
#1983 = DIRECTION ( 'NONE',  ( 0.000000000000000000, -0.000000000000000000, -1.000000000000000000 ) ) ;
#1984 = B_SPLINE_CURVE_WITH_KNOTS ( 'NONE', 3,
 ( #1194, #1005, #1335, #877 ),
 .UNSPECIFIED., .F., .F.,
 ( 4, 4 ),
 ( 0.9999999999999982236, 1.691407780102571756 ),
 .UNSPECIFIED. ) ;
#1985 = ORIENTED_EDGE ( 'NONE', *, *, #615, .T. ) ;
#1986 = CARTESIAN_POINT ( 'NONE',  ( -199.4933375510732674, -13.00000000000000355, 15.45626808259536489 ) ) ;
#1987 = CARTESIAN_POINT ( 'NONE',  ( -185.2332047874940599, -16.00000000000000000, 5.825083073667103761 ) ) ;
#1988 = CARTESIAN_POINT ( 'NONE',  ( -197.7256687569315829, -23.89243879033925566, 8.210430164365837058 ) ) ;
#1989 = VECTOR ( 'NONE', #57, 1000.000000000000000 ) ;
#1990 = DIRECTION ( 'NONE',  ( -0.9990482215818577982, -0.000000000000000000, 0.04361938736533521599 ) ) ;
#1991 = B_SPLINE_CURVE_WITH_KNOTS ( 'NONE', 3,
 ( #2021, #1547, #764, #1559 ),
 .UNSPECIFIED., .F., .F.,
 ( 4, 4 ),
 ( 0.3328765528657554040, 1.000000000000000000 ),
 .UNSPECIFIED. ) ;
#1992 = CARTESIAN_POINT ( 'NONE',  ( -188.3748147501709127, -26.02203068275328235, 6.770505728298690684 ) ) ;
#1993 = CARTESIAN_POINT ( 'NONE',  ( -195.8988987150030994, -23.61548452977768875, 6.290757327315700032 ) ) ;
#1994 = CARTESIAN_POINT ( 'NONE',  ( -188.7657952536190180, -23.61548452977769230, 6.194599963321032021 ) ) ;
#1995 = B_SPLINE_CURVE_WITH_KNOTS ( 'NONE', 3,
 ( #407, #72, #1564, #1031, #1540, #1362, #373, #1066, #1529, #572, #60, #1374, #1715, #262, #1674, #44, #1992, #915, #1864, #1394, #2025, #1705, #1353, #2007, #903, #254, #84, #720, #417, #1978, #730, #229, #1202, #216, #1685, #881, #1383, #550, #1213, #395, #744 ),
 .UNSPECIFIED., .F., .F.,
 ( 4, 2, 2, 1, 1, 1, 1, 2, 2, 2, 2, 2, 2, 1, 1, 1, 2, 2, 2, 1, 1, 1, 1, 2, 2, 4 ),
 ( 0.000000000000000000, 0.1249999999998470945, 0.1874999999997705169, 0.2187499999997303546, 0.2343749999997103151, 0.2421874999997027933, 0.2460937499996990463, 0.2480468749997002953, 0.2499999999997015165, 0.3749999999997153943, 0.4999999999997293276, 0.6249999999997433164, 0.6874999999997577493, 0.7187499999997575273, 0.7343749999997500888, 0.7421874999997536415, 0.7460937499997627453, 0.7499999999997717381, 0.8124999999997583044, 0.8437499999997516431, 0.8593749999997482014, 0.8671874999997386535, 0.8710937499997416511, 0.8730468749997354339, 0.8749999999997291056, 1.000000000000000000 ),
 .UNSPECIFIED. ) ;
#1996 = EDGE_LOOP ( 'NONE', ( #661, #813, #2085, #1590 ) ) ;
#1997 = CARTESIAN_POINT ( 'NONE',  ( -195.7680439503450884, -16.00000000000000000, 9.270127771274889739 ) ) ;
#1998 = B_SPLINE_SURFACE_WITH_KNOTS ( 'NONE', 3, 3, ( 
 ( #1793, #342, #1941, #1643 ),
 ( #205, #856, #1826, #1485 ),
 ( #1506, #35, #1785, #830 ),
 ( #527, #12, #1187, #662 ),
 ( #334, #990, #374, #814 ),
 ( #1328, #1960, #1636, #351 ),
 ( #1010, #1653, #191, #843 ) ),
 .UNSPECIFIED., .F., .F., .F.,
 ( 4, 3, 4 ),
 ( 4, 4 ),
 ( 0.000000000000000000, 1.000000000000000000, 1.687684922252205677 ),
 ( 0.000000000000000000, 1.000000000000000000 ),
 .UNSPECIFIED. ) ;
#1999 = CARTESIAN_POINT ( 'NONE',  ( -200.0016871049519693, -16.80217339779786911, 12.88373049969932360 ) ) ;
#2000 = EDGE_LOOP ( 'NONE', ( #1834, #1810, #1860, #598 ) ) ;
#2001 = CARTESIAN_POINT ( 'NONE',  ( -199.0871587494623611, -14.00000000000000355, 9.475568374731050625 ) ) ;
#2002 = CARTESIAN_POINT ( 'NONE',  ( -195.5368369934120665, -23.99999068738722130, 6.290704499463074306 ) ) ;
#2003 = ADVANCED_FACE ( 'NONE', ( #1008 ), #541, .T. ) ;
#2004 = CARTESIAN_POINT ( 'NONE',  ( -195.3190212225161986, -16.00000000000013500, 6.265452756985131266 ) ) ;
#2005 = B_SPLINE_CURVE_WITH_KNOTS ( 'NONE', 3,
 ( #882, #408, #1395, #1695 ),
 .UNSPECIFIED., .F., .F.,
 ( 4, 4 ),
 ( 0.000000000000000000, 1.000000000000000000 ),
 .UNSPECIFIED. ) ;
#2006 = CARTESIAN_POINT ( 'NONE',  ( -194.8906709294519430, -16.38451547022231125, 6.246737151531964294 ) ) ;
#2007 = CARTESIAN_POINT ( 'NONE',  ( -189.5345522891120424, -26.00058526248790969, 6.139190492769099450 ) ) ;
#2008 = CARTESIAN_POINT ( 'NONE',  ( -197.7569574321015011, -25.46150515673836878, 9.374739978373545668 ) ) ;
#2009 = CARTESIAN_POINT ( 'NONE',  ( -187.5047588920909618, -14.33333333333333570, 14.93283543421138049 ) ) ;
#2010 = CARTESIAN_POINT ( 'NONE',  ( -197.4946426386774760, -20.23591049981544998, 15.36900302333571133 ) ) ;
#2011 = CARTESIAN_POINT ( 'NONE',  ( -197.5843191243699550, -23.11515920807115876, 13.32880730333428332 ) ) ;
#2012 = ORIENTED_EDGE ( 'NONE', *, *, #181, .F. ) ;
#2013 = CARTESIAN_POINT ( 'NONE',  ( -187.7169159160737593, -16.42720210877449816, 10.07364069745717750 ) ) ;
#2014 = B_SPLINE_CURVE_WITH_KNOTS ( 'NONE', 3,
 ( #1849, #1859, #908, #1733 ),
 .UNSPECIFIED., .F., .F.,
 ( 4, 4 ),
 ( 0.000000000000000000, 1.000000000000000000 ),
 .UNSPECIFIED. ) ;
#2015 = ORIENTED_EDGE ( 'NONE', *, *, #1804, .T. ) ;
#2016 = CARTESIAN_POINT ( 'NONE',  ( -199.4933375547503829, -19.76657653356809163, 15.45626802407760714 ) ) ;
#2017 = CARTESIAN_POINT ( 'NONE',  ( -187.7884853041749125, -23.61548452977768875, 8.434432211944629998 ) ) ;
#2018 = ORIENTED_EDGE ( 'NONE', *, *, #1504, .F. ) ;
#2019 = CARTESIAN_POINT ( 'NONE',  ( -197.7569574321015011, -15.41955014249147204, 9.374739978373540339 ) ) ;
#2020 = CARTESIAN_POINT ( 'NONE',  ( -185.5066624489273011, -19.76232250222767206, 14.84559665948070517 ) ) ;
#2021 = CARTESIAN_POINT ( 'NONE',  ( -197.7569574321015864, -26.25865042747483358, 9.374739978373547444 ) ) ;
#2022 = CARTESIAN_POINT ( 'NONE',  ( -184.9944761247091662, -19.32522653144157587, 14.82323412162049792 ) ) ;
#2023 = CARTESIAN_POINT ( 'NONE',  ( -199.9443882037685967, -23.17309417017087370, 13.06208012290661991 ) ) ;
#2024 = EDGE_CURVE ( 'NONE', #236, #1454, #1034, .T. ) ;
#2025 = CARTESIAN_POINT ( 'NONE',  ( -189.1981848627444833, -26.00194511576460954, 6.232015177039415654 ) ) ;
#2026 = B_SPLINE_CURVE_WITH_KNOTS ( 'NONE', 3,
 ( #381, #1006, #1812, #1500 ),
 .UNSPECIFIED., .F., .F.,
 ( 4, 4 ),
 ( 0.000000000000000000, 0.7146322105227891353 ),
 .UNSPECIFIED. ) ;
#2027 = CARTESIAN_POINT ( 'NONE',  ( 0.000000000000000000, -27.00000000000000000, 0.000000000000000000 ) ) ;
#2028 = CARTESIAN_POINT ( 'NONE',  ( -183.9011404920515815, -24.00000000000000000, 5.766923890513322881 ) ) ;
#2029 = CARTESIAN_POINT ( 'NONE',  ( -188.0738769651167672, -25.46150515673516779, 6.828626260948393423 ) ) ;
#2030 = EDGE_CURVE ( 'NONE', #1442, #587, #880, .T. ) ;
#2031 = VERTEX_POINT ( 'NONE', #1684 ) ;
#2032 = CARTESIAN_POINT ( 'NONE',  ( -197.7561521435032716, -16.00000000000000000, 9.393184119626315720 ) ) ;
#2033 = AXIS2_PLACEMENT_3D ( 'NONE', #37, #14, #658 ) ;
#2034 = CARTESIAN_POINT ( 'NONE',  ( -197.4998525909024067, -21.45178850867381115, 15.26340898256420964 ) ) ;
#2035 = VERTEX_POINT ( 'NONE', #1373 ) ;
#2036 = CARTESIAN_POINT ( 'NONE',  ( -183.9011404920515815, -26.00000000000000000, 5.766923890513322881 ) ) ;
#2037 = ORIENTED_EDGE ( 'NONE', *, *, #1191, .T. ) ;
#2038 = CARTESIAN_POINT ( 'NONE',  ( -190.2411388796855078, -16.00000979739780504, 6.059894929598263147 ) ) ;
#2039 = APPLICATION_PROTOCOL_DEFINITION ( 'draft international standard', 'automotive_design', 1998, #253 ) ;
#2040 = CARTESIAN_POINT ( 'NONE',  ( -197.5143124195762141, -17.77137123167383237, 14.93222445674825494 ) ) ;
#2041 = CARTESIAN_POINT ( 'NONE',  ( -197.6346170708511067, -26.38451547022231125, 7.246057188868008758 ) ) ;
#2042 = CARTESIAN_POINT ( 'NONE',  ( -185.4019726286145158, -23.03453008839070293, 13.14756676168031291 ) ) ;
#2043 = ORIENTED_EDGE ( 'NONE', *, *, #1754, .T. ) ;
#2044 = CARTESIAN_POINT ( 'NONE',  ( -197.1286926169870242, -17.00000000000000000, 12.34981493374413475 ) ) ;
#2045 = EDGE_CURVE ( 'NONE', #875, #341, #1791, .T. ) ;
#2046 = CARTESIAN_POINT ( 'NONE',  ( -197.4946426386774760, -20.23591049981544998, 15.36900302333571133 ) ) ;
#2047 = ORIENTED_EDGE ( 'NONE', *, *, #1135, .T. ) ;
#2048 = DIRECTION ( 'NONE',  ( 0.000000000000000000, -1.000000000000000000, -0.000000000000000000 ) ) ;
#2049 = CARTESIAN_POINT ( 'NONE',  ( -187.6266676964092142, -18.87278724126260698, 14.93815808755675789 ) ) ;
#2050 = VERTEX_POINT ( 'NONE', #22 ) ;
#2051 = CARTESIAN_POINT ( 'NONE',  ( -187.9766890727549651, -16.07613623105773470, 7.486027640784795878 ) ) ;
#2052 = CARTESIAN_POINT ( 'NONE',  ( -199.4933375510732390, -22.08015287042280406, 15.45626808259536489 ) ) ;
#2053 = CARTESIAN_POINT ( 'NONE',  ( -197.4952411079094929, -25.66666666666666785, 15.36902930786470733 ) ) ;
#2054 = CARTESIAN_POINT ( 'NONE',  ( -185.3043072078783950, -23.14909294057359901, 12.60403487903857034 ) ) ;
#2055 = CARTESIAN_POINT ( 'NONE',  ( -198.8273054033519998, -23.00000000000000000, 15.42718849101847844 ) ) ;
#2056 = ORIENTED_EDGE ( 'NONE', *, *, #1132, .F. ) ;
#2057 = CARTESIAN_POINT ( 'NONE',  ( -197.1282951242646675, -26.99999999999999645, 12.34981204112590802 ) ) ;
#2058 = CARTESIAN_POINT ( 'NONE',  ( -187.5047588920910187, -27.00199999999999889, 14.93283543421138049 ) ) ;
#2059 = CARTESIAN_POINT ( 'NONE',  ( -185.5066624489273295, -27.00000000000000000, 14.84559665948070872 ) ) ;
#2060 = CARTESIAN_POINT ( 'NONE',  ( -189.8288133618590052, -16.00013881640732194, 6.088484018390984076 ) ) ;
#2061 = CARTESIAN_POINT ( 'NONE',  ( -201.8840084805249262, -23.08015287042280406, 6.552072863089310140 ) ) ;
#2062 = CARTESIAN_POINT ( 'NONE',  ( -188.0021808834801789, -17.00000000000000000, 14.95455334737886055 ) ) ;
#2063 = CARTESIAN_POINT ( 'NONE',  ( -185.4973674691106851, -22.63941938141557841, 13.99638449140739027 ) ) ;
#2064 = ORIENTED_EDGE ( 'NONE', *, *, #80, .T. ) ;
#2065 = CARTESIAN_POINT ( 'NONE',  ( -198.1612732556307321, -26.99999999999999645, 15.39810889944159378 ) ) ;
#2066 = CARTESIAN_POINT ( 'NONE',  ( -185.2332047874940599, -25.99999999999999645, 5.825083073667103761 ) ) ;
#2067 = AXIS2_PLACEMENT_3D ( 'NONE', #1181, #1356, #1983 ) ;
#2068 = CARTESIAN_POINT ( 'NONE',  ( -187.6568783172613450, -22.77894454186735373, 14.20527254552026619 ) ) ;
#2069 = VERTEX_POINT ( 'NONE', #1801 ) ;
#2070 = CARTESIAN_POINT ( 'NONE',  ( -194.8906709294519430, -15.33333333333128579, 6.246737151531964294 ) ) ;
#2071 = EDGE_CURVE ( 'NONE', #871, #630, #339, .T. ) ;
#2072 = FACE_OUTER_BOUND ( 'NONE', #423, .T. ) ;
#2073 = CARTESIAN_POINT ( 'NONE',  ( -185.6414989680717156, -17.00000000000000000, 11.75733263762950109 ) ) ;
#2074 = CARTESIAN_POINT ( 'NONE',  ( -201.7491719613805117, -16.45987462527813605, 9.640336884940511553 ) ) ;
#2075 = ORIENTED_EDGE ( 'NONE', *, *, #390, .T. ) ;
#2076 = CARTESIAN_POINT ( 'NONE',  ( -198.2846688968017190, -22.77782739457506267, 14.66954991780234785 ) ) ;
#2077 = CARTESIAN_POINT ( 'NONE',  ( -199.7070902357615125, -17.02477350160138414, 13.94227816480579385 ) ) ;
#2078 = CARTESIAN_POINT ( 'NONE',  ( -183.9011404920516100, -23.54141515864602852, 5.766923890513321105 ) ) ;
#2079 = DIRECTION ( 'NONE',  ( 0.000000000000000000, 0.000000000000000000, -1.000000000000000000 ) ) ;
#2080 = B_SPLINE_CURVE_WITH_KNOTS ( 'NONE', 3,
 ( #1771, #1907, #978, #1779, #1309, #1936, #485, #113, #1897, #176, #1345, #861, #1321, #1974, #1182, #366, #1358, #1003 ),
 .UNSPECIFIED., .F., .F.,
 ( 4, 2, 2, 2, 2, 2, 2, 2, 4 ),
 ( 0.000000000000000000, 0.001243705944786110138, 0.001865558917179204563, 0.002176485403375787338, 0.002487411889572370329, 0.003109264861965536312, 0.003731117834358702728, 0.004352970806751868711, 0.004974823779145034694 ),
 .UNSPECIFIED. ) ;
#2081 = FACE_OUTER_BOUND ( 'NONE', #140, .T. ) ;
#2082 = CARTESIAN_POINT ( 'NONE',  ( -199.4933375510732390, -23.00000000000000000, 15.45626808259536489 ) ) ;
#2083 = CARTESIAN_POINT ( 'NONE',  ( -183.9011404920515531, -16.00000000000000000, 5.766923890513319328 ) ) ;
#2084 = CARTESIAN_POINT ( 'NONE',  ( -199.4933375510732390, -13.00000000000000355, 15.45626808259536489 ) ) ;
#2085 = ORIENTED_EDGE ( 'NONE', *, *, #743, .F. ) ;
#2086 = CARTESIAN_POINT ( 'NONE',  ( -198.3284093965605166, -23.08867127756041882, 13.67546578636250487 ) ) ;
#2087 = CARTESIAN_POINT ( 'NONE',  ( -185.5066624489273295, -22.08283031729206058, 14.84559665948070695 ) ) ;
#2088 = CARTESIAN_POINT ( 'NONE',  ( -186.7500816092752416, -20.22745194703321658, 14.89988551245201620 ) ) ;
#2089 = LINE ( 'NONE', #158, #1196 ) ;
#2090 = FACE_OUTER_BOUND ( 'NONE', #794, .T. ) ;
#2091 = CARTESIAN_POINT ( 'NONE',  ( -197.4443053679506193, -23.96902026705081568, 7.324973124512291101 ) ) ;
#2092 = CARTESIAN_POINT ( 'NONE',  ( -188.9454829302228802, -13.99560184953331010, 6.339464355968170928 ) ) ;
#2093 = PRESENTATION_STYLE_ASSIGNMENT (( #1946 ) ) ;
#2094 = EDGE_LOOP ( 'NONE', ( #1242, #233, #575, #1121 ) ) ;
#2095 = CARTESIAN_POINT ( 'NONE',  ( -199.4933375510732674, -26.99999999999999645, 15.45626808259536489 ) ) ;
#2096 = EDGE_CURVE ( 'NONE', #1207, #1874, #676, .T. ) ;
#2097 = CARTESIAN_POINT ( 'NONE',  ( -185.5066624489273295, -26.99999999999999645, 14.84559665948070695 ) ) ;
#2098 = CARTESIAN_POINT ( 'NONE',  ( -185.0002879943334619, -22.11028356257785177, 14.65409747839023957 ) ) ;
#2099 = DIRECTION ( 'NONE',  ( -0.9990482215818580203, 0.000000000000000000, 0.04361938736532862404 ) ) ;
#2100 = VECTOR ( 'NONE', #1104, 1000.000000000000000 ) ;
#2101 = CIRCLE ( 'NONE', #1157, 6.999999999999995559 ) ;
#2102 = CARTESIAN_POINT ( 'NONE',  ( -185.9823750950343424, -23.19870435054299662, 12.27128883765043632 ) ) ;
#2103 = EDGE_LOOP ( 'NONE', ( #78, #1505, #447, #1216, #1238, #1985, #771, #1744, #204, #1948, #2056, #1150 ) ) ;
#2104 = CARTESIAN_POINT ( 'NONE',  ( -187.5100774196499742, -18.46311433604638808, 14.81102112594344433 ) ) ;
#2105 = B_SPLINE_CURVE_WITH_KNOTS ( 'NONE', 3,
 ( #1750, #1921, #480, #1767, #320, #2092, #636, #1303, #926, #331, #987, #1631, #493, #326, #1782, #160, #982, #171 ),
 .UNSPECIFIED., .F., .F.,
 ( 4, 2, 2, 2, 2, 2, 2, 2, 4 ),
 ( 0.000000000000000000, 0.001243036165795676547, 0.001864554248693514821, 0.002175313290142471580, 0.002486072331591428555, 0.003107590414489279189, 0.003729108497387130256, 0.004350626580284981323, 0.004972144663182832824 ),
 .UNSPECIFIED. ) ;
#2106 = CARTESIAN_POINT ( 'NONE',  ( -185.5066624489273295, -23.00000000000000000, 14.84559665948070695 ) ) ;
#2107 = CARTESIAN_POINT ( 'NONE',  ( -186.4325479427589300, -14.00000000000000355, 8.923056134770167347 ) ) ;
ENDSEC;
END-ISO-10303-21;
