ISO-10303-21;
HEADER;
FILE_DESCRIPTION (( 'STEP AP214' ),
    '1' );
FILE_NAME ('motor pylon bracket primary spar.STEP',
    '2026-03-22T20:17:33',
    ( '' ),
    ( '' ),
    'SwSTEP 2.0',
    'SolidWorks 2024',
    '' );
FILE_SCHEMA (( 'AUTOMOTIVE_DESIGN' ));
ENDSEC;

DATA;
#1 = CARTESIAN_POINT ( 'NONE',  ( -107.1390776551929349, -20.00000000000000000, 2.415419847454189473 ) ) ;
#2 = ORIENTED_EDGE ( 'NONE', *, *, #2333, .T. ) ;
#3 = CARTESIAN_POINT ( 'NONE',  ( -102.4631510425826235, -23.03977998596361232, 15.30526630865742277 ) ) ;
#4 = CARTESIAN_POINT ( 'NONE',  ( -80.51142340358954641, -19.89351641220237354, 16.22379089054596690 ) ) ;
#5 = VERTEX_POINT ( 'NONE', #2132 ) ;
#6 = CARTESIAN_POINT ( 'NONE',  ( -80.51142134101772285, -24.33333333333333570, 16.22379089414270581 ) ) ;
#7 = DIRECTION ( 'NONE',  ( -0.9990482215818580203, 9.458446908795389462E-18, 0.04361938736532942201 ) ) ;
#8 = EDGE_CURVE ( 'NONE', #1428, #607, #595, .T. ) ;
#9 = AXIS2_PLACEMENT_3D ( 'NONE', #1394, #2164, #277 ) ;
#10 = CARTESIAN_POINT ( 'NONE',  ( -82.58808427469942615, -17.02785360619633437, 14.51156119008678402 ) ) ;
#11 = CARTESIAN_POINT ( 'NONE',  ( -102.5874548702116869, -16.95556944910202191, 14.96237847535044985 ) ) ;
#12 = CARTESIAN_POINT ( 'NONE',  ( -104.8635165431363987, -16.96076043195447625, 15.40939543288081381 ) ) ;
#13 = DIRECTION ( 'NONE',  ( 0.000000000000000000, 0.000000000000000000, -1.000000000000000000 ) ) ;
#14 = CARTESIAN_POINT ( 'NONE',  ( -82.50951778418142624, -18.92203024089299035, 16.31102966887337757 ) ) ;
#15 = CARTESIAN_POINT ( 'NONE',  ( -101.1539678896710654, -14.59507160838599482, 2.154104311680352879 ) ) ;
#16 = ORIENTED_EDGE ( 'NONE', *, *, #270, .T. ) ;
#17 = CARTESIAN_POINT ( 'NONE',  ( -79.16572745090121543, -26.00000000000000000, 1.194077001224732149 ) ) ;
#18 = CARTESIAN_POINT ( 'NONE',  ( -104.4899886038252816, -20.89053779790519982, 17.23893120420351011 ) ) ;
#19 = VERTEX_POINT ( 'NONE', #1642 ) ;
#20 = CARTESIAN_POINT ( 'NONE',  ( -78.94584305046592476, -23.03879346085119906, 6.230257756551084825 ) ) ;
#21 = CARTESIAN_POINT ( 'NONE',  ( -79.16372935445814107, -24.00000000000000000, 1.193989762450005765 ) ) ;
#22 = CARTESIAN_POINT ( 'NONE',  ( -80.49779174634369383, -24.00000000000000000, 1.252236184378528350 ) ) ;
#23 = CARTESIAN_POINT ( 'NONE',  ( -102.9709034399131866, -13.96108790410319678, 4.012617140736943533 ) ) ;
#24 = CARTESIAN_POINT ( 'NONE',  ( -83.72121169203134627, -17.00000000000000000, 11.38453554161895198 ) ) ;
#25 = FACE_OUTER_BOUND ( 'NONE', #1279, .T. ) ;
#26 = CARTESIAN_POINT ( 'NONE',  ( -102.2556599478917434, -23.78521482516187646, 2.417485884730396606 ) ) ;
#27 = ADVANCED_FACE ( 'NONE', ( #2384 ), #480, .T. ) ;
#28 = CARTESIAN_POINT ( 'NONE',  ( -100.1457401041199518, -13.78521482516186936, 2.110084135896637125 ) ) ;
#29 = ORIENTED_EDGE ( 'NONE', *, *, #239, .T. ) ;
#30 = CARTESIAN_POINT ( 'NONE',  ( -85.15083721642302805, -13.78521482516186047, 1.455392536998320274 ) ) ;
#31 = CARTESIAN_POINT ( 'NONE',  ( -104.4928705303124730, -21.29285907044934589, 17.17756038559728893 ) ) ;
#32 = EDGE_LOOP ( 'NONE', ( #147, #790, #1348, #862 ) ) ;
#33 = CARTESIAN_POINT ( 'NONE',  ( -79.16572745090121543, -16.00000000000000000, 1.194077001224732149 ) ) ;
#34 = CARTESIAN_POINT ( 'NONE',  ( -81.84348563646018704, -23.00000000000000000, 16.28195007729648935 ) ) ;
#35 = CARTESIAN_POINT ( 'NONE',  ( -103.0228998294216893, -13.93821747584399695, 4.506621293669796025 ) ) ;
#36 = CARTESIAN_POINT ( 'NONE',  ( -80.34117372965899051, -23.09206455443481332, 13.39644568493475774 ) ) ;
#37 = CARTESIAN_POINT ( 'NONE',  ( -106.9191932547577011, -15.33333333333333215, 7.451600602780541038 ) ) ;
#38 = DIRECTION ( 'NONE',  ( -0.000000000000000000, -1.000000000000000000, -0.000000000000000000 ) ) ;
#39 = EDGE_CURVE ( 'NONE', #450, #1988, #1946, .T. ) ;
#40 = CARTESIAN_POINT ( 'NONE',  ( -102.8896862455191155, -15.40492839161340299, 3.109404173232642954 ) ) ;
#41 = ORIENTED_EDGE ( 'NONE', *, *, #2229, .T. ) ;
#42 = CARTESIAN_POINT ( 'NONE',  ( -85.65495110919859201, -14.59507160838880324, 1.477402624890177485 ) ) ;
#43 = CARTESIAN_POINT ( 'NONE',  ( -101.2156725493857579, -13.00000000000000355, 12.15937570414625313 ) ) ;
#44 = ORIENTED_EDGE ( 'NONE', *, *, #586, .F. ) ;
#45 = CARTESIAN_POINT ( 'NONE',  ( -83.04321858675075418, -26.08854847318585612, 4.113401938107739575 ) ) ;
#46 = CARTESIAN_POINT ( 'NONE',  ( -79.16572745090121543, -24.00000000000000000, 1.194077001224732149 ) ) ;
#47 = CARTESIAN_POINT ( 'NONE',  ( -104.4992457527769574, -18.28667707169157808, 17.05376843481865734 ) ) ;
#48 = CARTESIAN_POINT ( 'NONE',  ( -84.00157130899938807, -17.00000000000000000, 16.37617413263690480 ) ) ;
#49 = CARTESIAN_POINT ( 'NONE',  ( -80.13282516372814257, -16.66048335564504512, 9.327833173057186400 ) ) ;
#50 = CARTESIAN_POINT ( 'NONE',  ( -102.2556599478917434, -26.21478517483813420, 2.417485884730397050 ) ) ;
#51 = B_SPLINE_CURVE_WITH_KNOTS ( 'NONE', 3,
 ( #411, #1176, #1902, #1187 ),
 .UNSPECIFIED., .F., .F.,
 ( 4, 4 ),
 ( 0.000000000000000000, 1.000000000000000000 ),
 .UNSPECIFIED. ) ;
#52 = CARTESIAN_POINT ( 'NONE',  ( -82.50951778418142624, -22.03902250064429325, 16.31102966887338468 ) ) ;
#53 = ADVANCED_FACE ( 'NONE', ( #941 ), #365, .F. ) ;
#54 = ORIENTED_EDGE ( 'NONE', *, *, #2161, .T. ) ;
#55 = CARTESIAN_POINT ( 'NONE',  ( -83.16192033722865062, -26.00000000000000000, 1.368554550686050586 ) ) ;
#56 = CARTESIAN_POINT ( 'NONE',  ( -104.4977088680875283, -21.74093421697845585, 17.07807878026296322 ) ) ;
#57 = VERTEX_POINT ( 'NONE', #1496 ) ;
#58 = CARTESIAN_POINT ( 'NONE',  ( -80.52710407883188282, -22.22339759804983572, 15.72927001379285628 ) ) ;
#59 = CARTESIAN_POINT ( 'NONE',  ( -85.15336877147547057, -24.00000000000000000, 1.455503067079035429 ) ) ;
#60 = EDGE_CURVE ( 'NONE', #1904, #76, #1817, .T. ) ;
#61 = CARTESIAN_POINT ( 'NONE',  ( -102.9279801549117934, -13.97119552685080812, 3.767938493421063129 ) ) ;
#62 = CARTESIAN_POINT ( 'NONE',  ( -107.1390776551929207, -26.00000000000000000, 2.415419847454188584 ) ) ;
#63 = CARTESIAN_POINT ( 'NONE',  ( -100.6498539968955157, -25.40492839161201033, 2.132094223788496556 ) ) ;
#64 = CARTESIAN_POINT ( 'NONE',  ( -100.1615837399224205, -25.99999999999999645, 2.110775883975119172 ) ) ;
#65 = ORIENTED_EDGE ( 'NONE', *, *, #1890, .F. ) ;
#66 = CARTESIAN_POINT ( 'NONE',  ( -83.07508235091631832, -16.21478517483813775, 3.357471429880441338 ) ) ;
#67 = CARTESIAN_POINT ( 'NONE',  ( -104.6687658022242857, -23.00677696257812244, 15.30130037201515059 ) ) ;
#68 = VERTEX_POINT ( 'NONE', #2054 ) ;
#69 = CARTESIAN_POINT ( 'NONE',  ( -80.48848620966003864, -23.04807988818452813, 13.96124899813239573 ) ) ;
#70 = EDGE_CURVE ( 'NONE', #1283, #894, #1972, .T. ) ;
#71 = CARTESIAN_POINT ( 'NONE',  ( -82.60458123261928165, -23.03887207480140020, 14.13371873362821596 ) ) ;
#72 = CARTESIAN_POINT ( 'NONE',  ( -103.0252651740244971, -13.93201624238054315, 4.622556274829326739 ) ) ;
#73 = CARTESIAN_POINT ( 'NONE',  ( -100.1517346536646045, -16.00000000000000355, 2.110345912244172339 ) ) ;
#74 = CARTESIAN_POINT ( 'NONE',  ( -82.70043660882021186, -23.03977998596360877, 14.44240756204763976 ) ) ;
#75 = CARTESIAN_POINT ( 'NONE',  ( -107.1390776551929207, -25.99999999999999645, 2.415419847454188584 ) ) ;
#76 = VERTEX_POINT ( 'NONE', #1524 ) ;
#77 = CARTESIAN_POINT ( 'NONE',  ( -84.44275056266224055, -13.99958733442122316, 1.628808984963999285 ) ) ;
#78 = CARTESIAN_POINT ( 'NONE',  ( -104.4885786589822914, -13.00000000000000355, 17.27065619091082027 ) ) ;
#79 = VERTEX_POINT ( 'NONE', #1159 ) ;
#80 = CARTESIAN_POINT ( 'NONE',  ( -83.17579997183482021, -26.03940571348045196, 3.160101625289426064 ) ) ;
#81 = B_SPLINE_CURVE_WITH_KNOTS ( 'NONE', 3,
 ( #1150, #52, #587, #1540 ),
 .UNSPECIFIED., .F., .F.,
 ( 4, 4 ),
 ( 0.000000000000000000, 1.000000000000000000 ),
 .UNSPECIFIED. ) ;
#82 = FACE_OUTER_BOUND ( 'NONE', #1956, .T. ) ;
#83 = CARTESIAN_POINT ( 'NONE',  ( -81.82985604178614381, -14.00000000000000355, 1.310395367532323663 ) ) ;
#84 = EDGE_CURVE ( 'NONE', #1542, #2186, #1231, .T. ) ;
#85 = APPLICATION_PROTOCOL_DEFINITION ( 'draft international standard', 'automotive_design', 1998, #2423 ) ;
#86 = VECTOR ( 'NONE', #659, 1000.000000000000114 ) ;
#87 = CARTESIAN_POINT ( 'NONE',  ( -82.50951778418142624, -13.00000000000000178, 16.31102966887338113 ) ) ;
#88 = EDGE_CURVE ( 'NONE', #1409, #658, #860, .T. ) ;
#89 = CARTESIAN_POINT ( 'NONE',  ( -84.44374369757282750, -23.99958918002151975, 1.628444785657049643 ) ) ;
#90 = AXIS2_PLACEMENT_3D ( 'NONE', #1785, #1423, #1209 ) ;
#91 = CARTESIAN_POINT ( 'NONE',  ( -101.4223170821514657, -23.99984345003761987, 2.274075144319953168 ) ) ;
#92 = ORIENTED_EDGE ( 'NONE', *, *, #1696, .F. ) ;
#93 = CARTESIAN_POINT ( 'NONE',  ( -107.3135552046542500, -20.00000000000000000, -1.580773038873243719 ) ) ;
#94 = DIRECTION ( 'NONE',  ( 0.000000000000000000, -1.000000000000000000, 0.000000000000000000 ) ) ;
#95 = CARTESIAN_POINT ( 'NONE',  ( -80.45027855728541510, -23.09210125808398217, 13.40124032078315075 ) ) ;
#96 = CARTESIAN_POINT ( 'NONE',  ( -107.1390776551929207, -22.55851730930356780, 2.415419847454190361 ) ) ;
#97 = CARTESIAN_POINT ( 'NONE',  ( -103.0120266067695383, -23.78521482516187646, 5.238086962738200292 ) ) ;
#98 = CARTESIAN_POINT ( 'NONE',  ( -80.45027855728541510, -16.90789874191601072, 13.40124032078310634 ) ) ;
#99 = CARTESIAN_POINT ( 'NONE',  ( -83.09636407811238712, -13.94241073086624993, 3.552571785448937369 ) ) ;
#100 = CARTESIAN_POINT ( 'NONE',  ( -106.9191932547577011, -14.00000000000000355, 7.451600602780541038 ) ) ;
#101 = ORIENTED_EDGE ( 'NONE', *, *, #2145, .T. ) ;
#102 = CARTESIAN_POINT ( 'NONE',  ( -85.66910227315493387, -25.99999896892564522, 1.483095261830043698 ) ) ;
#103 = CARTESIAN_POINT ( 'NONE',  ( -104.4885786589822771, -19.89215997119344692, 17.27065619091082382 ) ) ;
#104 = CARTESIAN_POINT ( 'NONE',  ( -83.50375405768782855, -26.99999999999999645, 16.35443896204851910 ) ) ;
#105 = B_SPLINE_CURVE_WITH_KNOTS ( 'NONE', 3,
 ( #2299, #1726, #1924, #774 ),
 .UNSPECIFIED., .F., .F.,
 ( 4, 4 ),
 ( 0.000000000000000000, 1.000000000000000000 ),
 .UNSPECIFIED. ) ;
#106 = CARTESIAN_POINT ( 'NONE',  ( -92.50000000000000000, -27.00000000000000000, 16.74722354252675771 ) ) ;
#107 = B_SPLINE_SURFACE_WITH_KNOTS ( 'NONE', 5, 3, ( 
 ( #801, #2070, #199, #1913 ),
 ( #1332, #431, #63, #380 ),
 ( #2083, #1134, #394, #2288 ),
 ( #26, #1899, #616, #50 ),
 ( #1149, #2109, #420, #1713 ),
 ( #788, #1527, #601, #1346 ),
 ( #2097, #407, #1162, #1042 ),
 ( #97, #1061, #2310, #869 ) ),
 .UNSPECIFIED., .F., .F., .F.,
 ( 6, 2, 6 ),
 ( 4, 4 ),
 ( 0.000000000000000000, 0.5000000000000000000, 1.000000000000000000 ),
 ( -0.0002147851748381288356, 0.002214785174838126980 ),
 .UNSPECIFIED. ) ;
#108 = FACE_OUTER_BOUND ( 'NONE', #1047, .T. ) ;
#109 = CARTESIAN_POINT ( 'NONE',  ( -83.37671170670290621, -23.98096197007373931, 2.609185776676265611 ) ) ;
#110 = CARTESIAN_POINT ( 'NONE',  ( -105.8070133597504423, -24.00000000000000000, 2.357260664300416586 ) ) ;
#111 = VERTEX_POINT ( 'NONE', #2332 ) ;
#112 = CARTESIAN_POINT ( 'NONE',  ( -101.3811067859112569, -16.00013011559861908, 2.262684907955888836 ) ) ;
#113 = DIRECTION ( 'NONE',  ( -0.04361938736532901262, 0.000000000000000000, -0.9990482215818580203 ) ) ;
#114 = CARTESIAN_POINT ( 'NONE',  ( -79.16572745090121543, -24.00000000000000000, 1.194077001224732149 ) ) ;
#115 = APPLICATION_CONTEXT ( 'automotive_design' ) ;
#116 = CARTESIAN_POINT ( 'NONE',  ( -104.4885786589822771, -24.33333333333333570, 17.27065619091081672 ) ) ;
#117 = ORIENTED_EDGE ( 'NONE', *, *, #1936, .F. ) ;
#118 = CARTESIAN_POINT ( 'NONE',  ( -102.5829105321300858, -23.03164058635661959, 15.06646092934459702 ) ) ;
#119 = CARTESIAN_POINT ( 'NONE',  ( -83.18721319787968582, -23.96240016972179276, 3.117257103363456405 ) ) ;
#120 = AXIS2_PLACEMENT_3D ( 'NONE', #2095, #834, #2141 ) ;
#121 = EDGE_CURVE ( 'NONE', #1354, #1387, #628, .T. ) ;
#122 = CARTESIAN_POINT ( 'NONE',  ( -102.8653496757270744, -23.97819251305730504, 3.557727881957965188 ) ) ;
#123 = EDGE_LOOP ( 'NONE', ( #1638, #1001, #2189, #2089, #1259, #1504 ) ) ;
#124 = CARTESIAN_POINT ( 'NONE',  ( -103.1428847688654997, -14.00000000000000178, 2.240942297992624344 ) ) ;
#125 = AXIS2_PLACEMENT_3D ( 'NONE', #1531, #258, #1335 ) ;
#126 = CARTESIAN_POINT ( 'NONE',  ( -80.51142134101772285, -15.66666666666666607, 16.22379089414270581 ) ) ;
#127 = CARTESIAN_POINT ( 'NONE',  ( -107.1390776551929207, -26.00000000000000000, 2.415419847454188584 ) ) ;
#128 = B_SPLINE_SURFACE_WITH_KNOTS ( 'NONE', 3, 3, ( 
 ( #1486, #2230, #2056, #197 ),
 ( #392, #184, #942, #2243 ),
 ( #1682, #759, #1147, #569 ),
 ( #1317, #1897, #969, #1922 ),
 ( #240, #1574, #405, #1358 ),
 ( #1750, #992, #24, #823 ),
 ( #1160, #614, #1737, #48 ) ),
 .UNSPECIFIED., .F., .F., .F.,
 ( 4, 3, 4 ),
 ( 4, 4 ),
 ( 0.000000000000000000, 1.000000000000000000, 1.746737491036962631 ),
 ( 0.000000000000000000, 1.000000000000000000 ),
 .UNSPECIFIED. ) ;
#129 = EDGE_CURVE ( 'NONE', #2075, #1325, #465, .T. ) ;
#130 = CARTESIAN_POINT ( 'NONE',  ( -102.4902834531029185, -19.89296293887625566, 17.18340853089074116 ) ) ;
#131 = CARTESIAN_POINT ( 'NONE',  ( -85.65495110919859201, -23.78521482516186580, 1.477402624890177485 ) ) ;
#132 = CARTESIAN_POINT ( 'NONE',  ( -106.9191932547577011, -24.00000000000000000, 7.451600602780542815 ) ) ;
#133 = CARTESIAN_POINT ( 'NONE',  ( -100.6390758244019565, -26.00000064584869008, 2.138990738385324164 ) ) ;
#134 = B_SPLINE_CURVE_WITH_KNOTS ( 'NONE', 3,
 ( #2246, #971, #1553, #1751 ),
 .UNSPECIFIED., .F., .F.,
 ( 4, 4 ),
 ( 0.000000000000000000, 1.000000000000000000 ),
 .UNSPECIFIED. ) ;
#135 = CARTESIAN_POINT ( 'NONE',  ( -82.50971656030871770, -20.10775880919176828, 16.31103808384019516 ) ) ;
#136 = ORIENTED_EDGE ( 'NONE', *, *, #88, .T. ) ;
#137 = CARTESIAN_POINT ( 'NONE',  ( -103.9805415737811387, -20.09792051861989037, 17.24847481273844352 ) ) ;
#138 = VERTEX_POINT ( 'NONE', #719 ) ;
#139 = CARTESIAN_POINT ( 'NONE',  ( -106.9191932547577011, -16.96068692925926769, 7.451600602780544591 ) ) ;
#140 = ADVANCED_FACE ( 'NONE', ( #1697 ), #706, .T. ) ;
#141 = CARTESIAN_POINT ( 'NONE',  ( -82.61968506700650039, -19.90151186398024308, 16.31583967631918597 ) ) ;
#142 = ORIENTED_EDGE ( 'NONE', *, *, #501, .F. ) ;
#143 = CARTESIAN_POINT ( 'NONE',  ( -102.4948222966203417, -21.32170055255459218, 17.08401322303537384 ) ) ;
#144 = CARTESIAN_POINT ( 'NONE',  ( -102.9671015323697816, -26.03801521292738741, 3.990914040157552467 ) ) ;
#145 = B_SPLINE_SURFACE_WITH_KNOTS ( 'NONE', 3, 3, ( 
 ( #767, #1298, #207, #2200 ),
 ( #727, #386, #561, #1142 ),
 ( #1090, #2225, #1452, #6 ),
 ( #937, #1271, #964, #535 ),
 ( #1678, #1880, #1469, #1706 ),
 ( #2076, #20, #2023, #2411 ),
 ( #193, #336, #2237, #547 ) ),
 .UNSPECIFIED., .F., .F., .F.,
 ( 4, 3, 4 ),
 ( 4, 4 ),
 ( 0.000000000000000000, 1.000000000000000000, 1.720904904361595378 ),
 ( 0.000000000000000000, 1.000000000000000000 ),
 .UNSPECIFIED. ) ;
#146 = CARTESIAN_POINT ( 'NONE',  ( -83.24305874918874792, -16.02878867071269298, 2.908055946885228504 ) ) ;
#147 = ORIENTED_EDGE ( 'NONE', *, *, #1419, .F. ) ;
#148 = CARTESIAN_POINT ( 'NONE',  ( -103.0178392604469195, -16.05758702513198699, 4.422317312130910061 ) ) ;
#149 = CARTESIAN_POINT ( 'NONE',  ( -80.49779174634369383, -14.00000000000000355, 1.252236184378528350 ) ) ;
#150 = ORIENTED_EDGE ( 'NONE', *, *, #1112, .T. ) ;
#151 = CARTESIAN_POINT ( 'NONE',  ( -104.4885786589822771, -17.00000000000000000, 17.27065619091082382 ) ) ;
#152 = CARTESIAN_POINT ( 'NONE',  ( -86.15254619280031534, -16.00000000000038369, 1.499128132574494510 ) ) ;
#153 = CARTESIAN_POINT ( 'NONE',  ( -82.60784583948701254, -16.95186720793206447, 14.05894694332134343 ) ) ;
#154 = ADVANCED_FACE ( 'NONE', ( #539 ), #1473, .F. ) ;
#155 = DIRECTION ( 'NONE',  ( 0.04361938736533759603, 0.000000000000000000, 0.9990482215818576872 ) ) ;
#156 = CARTESIAN_POINT ( 'NONE',  ( -102.4631510425826662, -16.96022001403638768, 15.30526630865743520 ) ) ;
#157 = CARTESIAN_POINT ( 'NONE',  ( -103.3751111892247820, -23.00000000000000000, 12.20580656263702757 ) ) ;
#158 = CARTESIAN_POINT ( 'NONE',  ( -100.7650165067405226, -26.00000261942845015, 2.151079072060950725 ) ) ;
#159 = EDGE_CURVE ( 'NONE', #959, #321, #1870, .T. ) ;
#160 = CARTESIAN_POINT ( 'NONE',  ( -83.92375982796875178, -16.00345728887203123, 1.932965839855500079 ) ) ;
#161 = ORIENTED_EDGE ( 'NONE', *, *, #913, .F. ) ;
#162 = FACE_OUTER_BOUND ( 'NONE', #712, .T. ) ;
#163 = CARTESIAN_POINT ( 'NONE',  ( -81.02717955584299148, -22.11039917220087148, 16.05280498809086609 ) ) ;
#164 = DIRECTION ( 'NONE',  ( 0.9990482215818580203, -0.000000000000000000, -0.04361938736532942201 ) ) ;
#165 = VERTEX_POINT ( 'NONE', #1109 ) ;
#166 = CARTESIAN_POINT ( 'NONE',  ( -80.51142340358954641, -19.89351641220237354, 16.22379089054596690 ) ) ;
#167 = CIRCLE ( 'NONE', #2241, 5.999999999999998224 ) ;
#168 = DIRECTION ( 'NONE',  ( 0.9990482215818581313, -9.458446908795403329E-18, -0.04361938736532943589 ) ) ;
#169 = B_SPLINE_CURVE_WITH_KNOTS ( 'NONE', 3,
 ( #870, #354, #733, #1474 ),
 .UNSPECIFIED., .F., .F.,
 ( 4, 4 ),
 ( 0.000000000000000000, 1.000000000000000000 ),
 .UNSPECIFIED. ) ;
#170 = CARTESIAN_POINT ( 'NONE',  ( -82.65412055490882892, -17.22158820495840459, 15.50534497234189857 ) ) ;
#171 = CARTESIAN_POINT ( 'NONE',  ( -102.5064613400632396, -17.91167015885314484, 16.81743530081110194 ) ) ;
#172 = CARTESIAN_POINT ( 'NONE',  ( -103.1895722181802597, -17.88942109359679478, 17.02045380699921751 ) ) ;
#173 = FACE_OUTER_BOUND ( 'NONE', #988, .T. ) ;
#174 = CARTESIAN_POINT ( 'NONE',  ( -100.7720834732052850, -26.00000279618515364, 2.151846067044064004 ) ) ;
#175 = CARTESIAN_POINT ( 'NONE',  ( -84.85192655954037377, -16.00017101865432778, 1.555582389017166056 ) ) ;
#176 = ORIENTED_EDGE ( 'NONE', *, *, #188, .F. ) ;
#177 = CARTESIAN_POINT ( 'NONE',  ( -102.3803149329934996, -20.09848813601976047, 17.17860740873433301 ) ) ;
#178 = DIRECTION ( 'NONE',  ( -0.9990482215818580203, 9.458446908795389462E-18, 0.04361938736532942201 ) ) ;
#179 = ORIENTED_EDGE ( 'NONE', *, *, #995, .T. ) ;
#180 = CARTESIAN_POINT ( 'NONE',  ( -81.84348563646018704, -26.99999999999999645, 16.28195007729648935 ) ) ;
#181 = CARTESIAN_POINT ( 'NONE',  ( -102.4904822158185596, -17.96145869134331008, 17.18341741618014495 ) ) ;
#182 = CARTESIAN_POINT ( 'NONE',  ( -81.81923251475764403, -18.94331535397066446, 16.28089116314929896 ) ) ;
#183 = CARTESIAN_POINT ( 'NONE',  ( -102.5855373415407854, -16.96115310581323854, 15.00629710246161430 ) ) ;
#184 = CARTESIAN_POINT ( 'NONE',  ( -80.27855113328352843, -16.00000000000000000, 6.273671784601707380 ) ) ;
#185 = CARTESIAN_POINT ( 'NONE',  ( -79.42744377509326625, -20.00000000000000000, -4.800212328266164619 ) ) ;
#186 = CARTESIAN_POINT ( 'NONE',  ( -100.7134450418840288, -26.00000157895889430, 2.145797965069729418 ) ) ;
#187 = CARTESIAN_POINT ( 'NONE',  ( -107.1390776551929207, -16.00000000000000000, 2.415419847454189028 ) ) ;
#188 = EDGE_CURVE ( 'NONE', #19, #1888, #1258, .T. ) ;
#189 = ORIENTED_EDGE ( 'NONE', *, *, #1936, .T. ) ;
#190 = CARTESIAN_POINT ( 'NONE',  ( -103.1807674852479266, -21.05668464602933554, 17.21355592191950024 ) ) ;
#191 = CARTESIAN_POINT ( 'NONE',  ( -83.72169334193392842, -13.00000000000000355, 11.38456726472417557 ) ) ;
#192 = ORIENTED_EDGE ( 'NONE', *, *, #857, .F. ) ;
#193 = CARTESIAN_POINT ( 'NONE',  ( -79.16572745090121543, -22.55819019127680036, 1.194077001224732149 ) ) ;
#194 = CARTESIAN_POINT ( 'NONE',  ( -82.50951778418142624, -15.66666666666666963, 16.31102966887338468 ) ) ;
#195 = CARTESIAN_POINT ( 'NONE',  ( -82.70043660882016923, -16.96022001403638768, 14.44240756204764686 ) ) ;
#196 = CARTESIAN_POINT ( 'NONE',  ( -104.7066820271314924, -16.95347363730254742, 15.03200158434711753 ) ) ;
#197 = CARTESIAN_POINT ( 'NONE',  ( -80.51142134101769443, -17.00000000000000000, 16.22379089414270581 ) ) ;
#198 = CARTESIAN_POINT ( 'NONE',  ( -104.4885786589822771, -14.33333333333333570, 17.27065619091081672 ) ) ;
#199 = CARTESIAN_POINT ( 'NONE',  ( -100.1457401041199660, -25.40492839161201033, 2.110084135896638458 ) ) ;
#200 = B_SPLINE_CURVE_WITH_KNOTS ( 'NONE', 3,
 ( #2353, #2142, #1973, #2344 ),
 .UNSPECIFIED., .F., .F.,
 ( 4, 4 ),
 ( 0.000000000000000000, 0.8127012708523401185 ),
 .UNSPECIFIED. ) ;
#201 = CARTESIAN_POINT ( 'NONE',  ( -100.6498539968955015, -13.78521482516186936, 2.132094223788495224 ) ) ;
#202 = ORIENTED_EDGE ( 'NONE', *, *, #129, .T. ) ;
#203 = CARTESIAN_POINT ( 'NONE',  ( -83.03106217513258969, -13.89564984105624390, 4.365699215431567026 ) ) ;
#204 = CARTESIAN_POINT ( 'NONE',  ( -104.4917183206921436, -21.17105990122500714, 17.20156423996653672 ) ) ;
#205 = B_SPLINE_CURVE_WITH_KNOTS ( 'NONE', 3,
 ( #1422, #509, #327, #692 ),
 .UNSPECIFIED., .F., .F.,
 ( 4, 4 ),
 ( 0.000000000000000000, 1.000000000000000000 ),
 .UNSPECIFIED. ) ;
#206 = ORIENTED_EDGE ( 'NONE', *, *, #421, .T. ) ;
#207 = CARTESIAN_POINT ( 'NONE',  ( -80.73130574145297089, -26.99999999999999645, 11.18761013881635158 ) ) ;
#208 = CARTESIAN_POINT ( 'NONE',  ( -80.51142134101772285, -15.66666666666666607, 16.22379089414270581 ) ) ;
#209 = VECTOR ( 'NONE', #2102, 1000.000000000000000 ) ;
#210 = CARTESIAN_POINT ( 'NONE',  ( -82.51386804448461021, -18.67728087370224443, 16.21139232681532505 ) ) ;
#211 = PRODUCT_DEFINITION_CONTEXT ( 'detailed design', #2423, 'design' ) ;
#212 = CARTESIAN_POINT ( 'NONE',  ( -104.7237819083415218, -16.94108439076914152, 14.91615043380023309 ) ) ;
#213 = ADVANCED_FACE ( 'NONE', ( #2416 ), #128, .F. ) ;
#214 = CARTESIAN_POINT ( 'NONE',  ( -102.5042323469169219, -16.90712610670628635, 14.36478149002882176 ) ) ;
#215 = CARTESIAN_POINT ( 'NONE',  ( -107.1390776551929349, -20.00000000000000000, 2.415419847454188584 ) ) ;
#216 = DIRECTION ( 'NONE',  ( 0.000000000000000000, -1.000000000000000000, 0.000000000000000000 ) ) ;
#217 = CARTESIAN_POINT ( 'NONE',  ( -79.16572745090121543, -15.33333333333333393, 1.194077001224732149 ) ) ;
#218 = ORIENTED_EDGE ( 'NONE', *, *, #1609, .F. ) ;
#219 = CARTESIAN_POINT ( 'NONE',  ( -83.33846392396637270, -14.59507160838879969, 2.255779371659813570 ) ) ;
#220 = CARTESIAN_POINT ( 'NONE',  ( -100.9374644828339598, -14.00000000000000355, 7.124060223833960315 ) ) ;
#221 = EDGE_LOOP ( 'NONE', ( #1186, #1789, #1517, #557 ) ) ;
#222 = CARTESIAN_POINT ( 'NONE',  ( -80.52249219586116169, -17.12400692016833048, 14.75770229710932568 ) ) ;
#223 = CARTESIAN_POINT ( 'NONE',  ( -80.51288009335631557, -21.01556159606597518, 16.19215754521834327 ) ) ;
#224 = CARTESIAN_POINT ( 'NONE',  ( -82.57320855512429603, -22.87478610631688980, 14.85227118360008447 ) ) ;
#225 = CARTESIAN_POINT ( 'NONE',  ( -104.5091891131837656, -17.92981120478927082, 16.88325507955116933 ) ) ;
#226 = CARTESIAN_POINT ( 'NONE',  ( -102.1476102910209249, -15.99999999999999645, 2.197487675837407117 ) ) ;
#227 = CARTESIAN_POINT ( 'NONE',  ( -101.4960029267205499, -23.00000000000000000, 17.13999751271513361 ) ) ;
#228 = CARTESIAN_POINT ( 'NONE',  ( -107.1390776551929207, -26.00000000000000000, 2.415419847454188584 ) ) ;
#229 = CARTESIAN_POINT ( 'NONE',  ( -101.9928449768962793, -17.00000000000000000, 17.16169010510240511 ) ) ;
#230 = ORIENTED_EDGE ( 'NONE', *, *, #1795, .F. ) ;
#231 = CARTESIAN_POINT ( 'NONE',  ( -84.03038221246860928, -13.78521482516185692, 1.621753074032432629 ) ) ;
#232 = B_SPLINE_CURVE_WITH_KNOTS ( 'NONE', 3,
 ( #1935, #813, #1173, #243 ),
 .UNSPECIFIED., .F., .F.,
 ( 4, 4 ),
 ( 0.000000000000000000, 1.000000000000000000 ),
 .UNSPECIFIED. ) ;
#233 = CARTESIAN_POINT ( 'NONE',  ( -83.03106217513257548, -26.10435015894375610, 4.365699215431569691 ) ) ;
#234 = ORIENTED_EDGE ( 'NONE', *, *, #2145, .F. ) ;
#235 = CARTESIAN_POINT ( 'NONE',  ( -80.48233093378294711, -23.05890119618241485, 13.85789206240042759 ) ) ;
#236 = B_SPLINE_CURVE_WITH_KNOTS ( 'NONE', 3,
 ( #1421, #485, #475, #691 ),
 .UNSPECIFIED., .F., .F.,
 ( 4, 4 ),
 ( 0.000000000000000000, 1.000000000000000000 ),
 .UNSPECIFIED. ) ;
#237 = CARTESIAN_POINT ( 'NONE',  ( -82.56560983768719097, -22.81003109394000816, 15.02631042624725666 ) ) ;
#238 = CARTESIAN_POINT ( 'NONE',  ( -103.0120266067695098, -13.89564984105625101, 5.238086962738191410 ) ) ;
#239 = EDGE_CURVE ( 'NONE', #1599, #2304, #625, .T. ) ;
#240 = CARTESIAN_POINT ( 'NONE',  ( -84.15662268710725868, -16.00000000000000000, 1.411984193195142012 ) ) ;
#241 = CARTESIAN_POINT ( 'NONE',  ( -102.2107149772155310, -23.00000000000000000, 12.18077046540806130 ) ) ;
#242 = B_SPLINE_CURVE_WITH_KNOTS ( 'NONE', 3,
 ( #1220, #487, #1433, #2181 ),
 .UNSPECIFIED., .F., .F.,
 ( 4, 4 ),
 ( 0.000000000000000000, 1.000000000000000000 ),
 .UNSPECIFIED. ) ;
#243 = CARTESIAN_POINT ( 'NONE',  ( -86.15254619280031534, -16.00000000000038369, 1.499128132574494510 ) ) ;
#244 = CARTESIAN_POINT ( 'NONE',  ( -100.1570613353318180, -16.00000000000000000, 2.110578431526479282 ) ) ;
#245 = ORIENTED_EDGE ( 'NONE', *, *, #1267, .F. ) ;
#246 = CARTESIAN_POINT ( 'NONE',  ( -85.41538413185125478, -23.99999416700969590, 1.489047650382195886 ) ) ;
#247 = EDGE_CURVE ( 'NONE', #357, #450, #2322, .T. ) ;
#248 = LINE ( 'NONE', #632, #209 ) ;
#249 = EDGE_LOOP ( 'NONE', ( #1926, #280, #179, #1940, #2114, #1308 ) ) ;
#250 = CARTESIAN_POINT ( 'NONE',  ( -104.4885786589822771, -27.00000000000000000, 17.27065619091081672 ) ) ;
#251 = CARTESIAN_POINT ( 'NONE',  ( -86.14909298859889475, -24.00000000000000000, 1.498977325275493877 ) ) ;
#252 = CARTESIAN_POINT ( 'NONE',  ( -103.0219055104764294, -13.91145132730959766, 4.985693528903943239 ) ) ;
#253 = FACE_OUTER_BOUND ( 'NONE', #621, .T. ) ;
#254 = AXIS2_PLACEMENT_3D ( 'NONE', #1679, #2065, #1118 ) ;
#255 = CARTESIAN_POINT ( 'NONE',  ( -78.94584305046592476, -14.00000000000000355, 6.230257756551081272 ) ) ;
#256 = CARTESIAN_POINT ( 'NONE',  ( -79.16572745090121543, -14.00000000000000178, 1.194077001224732149 ) ) ;
#257 = CARTESIAN_POINT ( 'NONE',  ( -85.15083721642302805, -23.78521482516186580, 1.455392536998320274 ) ) ;
#258 = DIRECTION ( 'NONE',  ( 0.9990482215818581313, -0.000000000000000000, -0.04361938736532942895 ) ) ;
#259 = CARTESIAN_POINT ( 'NONE',  ( -103.1428847688654997, -14.00000000000000178, 2.240942297992624344 ) ) ;
#260 = EDGE_LOOP ( 'NONE', ( #803, #678, #1810, #447, #2061, #737 ) ) ;
#261 = CARTESIAN_POINT ( 'NONE',  ( -80.51793707858018934, -21.56410012045251179, 16.05834855730937250 ) ) ;
#262 = CARTESIAN_POINT ( 'NONE',  ( -82.57918967193919002, -22.91821284275847148, 14.71528108635310694 ) ) ;
#263 = CARTESIAN_POINT ( 'NONE',  ( -100.8323409153978218, -13.99999531644976791, 2.158772282511447038 ) ) ;
#264 = CARTESIAN_POINT ( 'NONE',  ( -81.17745348873890521, -13.00000000000000178, 16.25287048571959403 ) ) ;
#265 = DIRECTION ( 'NONE',  ( 0.000000000000000000, 0.000000000000000000, 1.000000000000000000 ) ) ;
#266 = B_SPLINE_CURVE_WITH_KNOTS ( 'NONE', 3,
 ( #2107, #418, #786, #1382 ),
 .UNSPECIFIED., .F., .F.,
 ( 4, 4 ),
 ( 0.000000000000000000, 1.000000000000000000 ),
 .UNSPECIFIED. ) ;
#267 = CARTESIAN_POINT ( 'NONE',  ( -104.2563522386230233, -25.99999999999999645, 7.305791926266652858 ) ) ;
#268 = ORIENTED_EDGE ( 'NONE', *, *, #1219, .T. ) ;
#269 = CARTESIAN_POINT ( 'NONE',  ( -84.07006412843472276, -23.99888435244449170, 1.799618028024649208 ) ) ;
#270 = EDGE_CURVE ( 'NONE', #76, #604, #266, .T. ) ;
#271 = CARTESIAN_POINT ( 'NONE',  ( -104.4749490643079781, -24.00000000000000000, 2.299101481146643700 ) ) ;
#272 = ORIENTED_EDGE ( 'NONE', *, *, #2134, .T. ) ;
#273 = CARTESIAN_POINT ( 'NONE',  ( -83.16192033722865062, -16.00000000000000000, 1.368554550686120974 ) ) ;
#274 = CARTESIAN_POINT ( 'NONE',  ( -83.16192033722863641, -24.00000000000000000, 1.368554550686118310 ) ) ;
#275 = CARTESIAN_POINT ( 'NONE',  ( -103.0254742702070274, -13.93139483283698610, 4.634137514514593548 ) ) ;
#276 = EDGE_CURVE ( 'NONE', #2157, #111, #1605, .T. ) ;
#277 = DIRECTION ( 'NONE',  ( 0.04361938736534699129, 0.000000000000000000, 0.9990482215818572431 ) ) ;
#278 = CARTESIAN_POINT ( 'NONE',  ( -83.33089098904613934, -13.97791368442294946, 2.705437706093821060 ) ) ;
#279 = CARTESIAN_POINT ( 'NONE',  ( -103.0228953900868589, -23.93822352397165432, 4.506504376806716117 ) ) ;
#280 = ORIENTED_EDGE ( 'NONE', *, *, #1627, .T. ) ;
#281 = CARTESIAN_POINT ( 'NONE',  ( -100.7097950416508212, -16.00000152263762132, 2.145441965849834709 ) ) ;
#282 = CARTESIAN_POINT ( 'NONE',  ( -80.51142134101772285, -17.96159122342638881, 16.22379089414270581 ) ) ;
#283 = CARTESIAN_POINT ( 'NONE',  ( -84.15764455435207481, -24.00000000000000000, 1.412028808882576980 ) ) ;
#284 = CARTESIAN_POINT ( 'NONE',  ( -106.9191932547577011, -14.00000000000000355, 7.451600602780541038 ) ) ;
#285 = CARTESIAN_POINT ( 'NONE',  ( -81.81957174671637745, -19.90179593472227637, 16.28090597432165509 ) ) ;
#286 = PLANE ( 'NONE',  #9 ) ;
#287 = CARTESIAN_POINT ( 'NONE',  ( -83.15833186063338189, -13.95789198749008264, 3.224611745536167806 ) ) ;
#288 = CARTESIAN_POINT ( 'NONE',  ( -103.0260714497767083, -23.92864055039615323, 4.685003735973663375 ) ) ;
#289 = ORIENTED_EDGE ( 'NONE', *, *, #60, .T. ) ;
#290 = CARTESIAN_POINT ( 'NONE',  ( -85.47089071331166110, -26.00000468133299591, 1.488072459205647569 ) ) ;
#291 = CARTESIAN_POINT ( 'NONE',  ( -80.73130574145297089, -17.96159122342638881, 11.18761013881635158 ) ) ;
#292 = CARTESIAN_POINT ( 'NONE',  ( -82.50951778418142624, -17.00000000000000000, 16.31102966887338113 ) ) ;
#293 = FACE_OUTER_BOUND ( 'NONE', #2004, .T. ) ;
#294 = EDGE_CURVE ( 'NONE', #1647, #1268, #2315, .T. ) ;
#295 = DIRECTION ( 'NONE',  ( -0.04361938736532942201, -2.166340504513661604E-16, -0.9990482215818580203 ) ) ;
#296 = CARTESIAN_POINT ( 'NONE',  ( -84.06922863820717851, -13.99887870776802146, 1.800141768317705449 ) ) ;
#297 = CARTESIAN_POINT ( 'NONE',  ( -103.0257227260102724, -23.93050720782263951, 4.650612270379690827 ) ) ;
#298 = ORIENTED_EDGE ( 'NONE', *, *, #1773, .F. ) ;
#299 = CARTESIAN_POINT ( 'NONE',  ( -101.1544565127209410, -14.00000000000000000, 2.154125645423683899 ) ) ;
#300 = CARTESIAN_POINT ( 'NONE',  ( -80.51142134101772285, -18.92318244685277406, 16.22379089414270581 ) ) ;
#301 = CARTESIAN_POINT ( 'NONE',  ( -81.61125921610114631, -25.99999999999999645, 6.317085812652330823 ) ) ;
#302 = CARTESIAN_POINT ( 'NONE',  ( -103.1565143636934465, -20.09821296562800086, 17.21249700776374070 ) ) ;
#303 = CARTESIAN_POINT ( 'NONE',  ( -83.05307226302446111, -25.40492839161060346, 3.861585322656005737 ) ) ;
#304 = PRODUCT_CONTEXT ( 'NONE', #115, 'mechanical' ) ;
#305 = EDGE_CURVE ( 'NONE', #2186, #111, #1843, .T. ) ;
#306 = CARTESIAN_POINT ( 'NONE',  ( -102.4904822158185596, -26.99999999999999645, 17.18341741618014140 ) ) ;
#307 = CARTESIAN_POINT ( 'NONE',  ( -83.04282733571474751, -23.91298424009008272, 4.096232735818448489 ) ) ;
#308 = CARTESIAN_POINT ( 'NONE',  ( -102.9249317305556843, -14.00000000000000355, 7.232887588009708324 ) ) ;
#309 = VERTEX_POINT ( 'NONE', #1763 ) ;
#310 = CARTESIAN_POINT ( 'NONE',  ( -83.64296710638767252, -26.00810548697725366, 2.193617243356948077 ) ) ;
#311 = CARTESIAN_POINT ( 'NONE',  ( -105.8070133597504281, -25.99999999999999645, 2.357260664300415698 ) ) ;
#312 = CARTESIAN_POINT ( 'NONE',  ( -82.94396729891874998, -25.99999999999999645, 6.360499840702954266 ) ) ;
#313 = B_SPLINE_CURVE_WITH_KNOTS ( 'NONE', 3,
 ( #2180, #283, #702, #1260 ),
 .UNSPECIFIED., .F., .F.,
 ( 4, 4 ),
 ( 0.000000000000000000, 1.000000000000000000 ),
 .UNSPECIFIED. ) ;
#314 = CARTESIAN_POINT ( 'NONE',  ( -104.7084630594175394, -25.66666666666666430, 12.23447543558446604 ) ) ;
#315 = CARTESIAN_POINT ( 'NONE',  ( -84.03038221246860928, -25.40492839161060346, 1.621753074032433517 ) ) ;
#316 = CARTESIAN_POINT ( 'NONE',  ( -83.16192033722865062, -24.00000000000000000, 1.368554550686120974 ) ) ;
#317 = AXIS2_PLACEMENT_3D ( 'NONE', #680, #1036, #1216 ) ;
#318 = CARTESIAN_POINT ( 'NONE',  ( -103.1428847688654997, -16.00000000000000000, 2.240942297992624344 ) ) ;
#319 = AXIS2_PLACEMENT_3D ( 'NONE', #1161, #1513, #1912 ) ;
#320 = CARTESIAN_POINT ( 'NONE',  ( -100.7856066604036300, -23.99999684190246541, 2.153341727866314059 ) ) ;
#321 = VERTEX_POINT ( 'NONE', #2272 ) ;
#322 = CARTESIAN_POINT ( 'NONE',  ( -102.2012825942626080, -16.00112035011850864, 2.591710897530793201 ) ) ;
#323 = CARTESIAN_POINT ( 'NONE',  ( -82.50951778418142624, -13.00000000000000355, 16.31102966887338113 ) ) ;
#324 = VERTEX_POINT ( 'NONE', #1208 ) ;
#325 = CARTESIAN_POINT ( 'NONE',  ( -81.82985604178615802, -25.99999999999999645, 1.310395367532323885 ) ) ;
#326 = B_SPLINE_SURFACE_WITH_KNOTS ( 'NONE', 3, 3, ( 
 ( #670, #842, #2188, #1401 ),
 ( #1584, #484, #1968, #1978 ),
 ( #1057, #2330, #2001, #126 ),
 ( #2359, #1602, #2340, #1780 ),
 ( #1411, #1226, #291, #282 ),
 ( #2159, #1990, #700, #300 ),
 ( #660, #1067, #2149, #462 ) ),
 .UNSPECIFIED., .F., .F., .F.,
 ( 4, 3, 4 ),
 ( 4, 4 ),
 ( 0.000000000000000000, 1.000000000000000000, 1.721193417569789164 ),
 ( 0.000000000000000000, 1.000000000000000000 ),
 .UNSPECIFIED. ) ;
#327 = CARTESIAN_POINT ( 'NONE',  ( -86.15906500197415596, -24.66666666666738905, 1.499412712782035584 ) ) ;
#328 = ORIENTED_EDGE ( 'NONE', *, *, #1980, .F. ) ;
#329 = CARTESIAN_POINT ( 'NONE',  ( -102.5655421885455780, -22.95231764895749649, 15.46426139876907158 ) ) ;
#330 = CARTESIAN_POINT ( 'NONE',  ( -82.50951778418142624, -27.00000000000000000, 16.31102966887338113 ) ) ;
#331 = CARTESIAN_POINT ( 'NONE',  ( -85.14475002073871224, -16.00003409617383454, 1.508643097263548061 ) ) ;
#332 = ORIENTED_EDGE ( 'NONE', *, *, #1696, .T. ) ;
#333 = CARTESIAN_POINT ( 'NONE',  ( -102.8580098177968836, -16.02208351383104556, 3.557923819784553743 ) ) ;
#334 = EDGE_CURVE ( 'NONE', #1599, #165, #855, .T. ) ;
#335 = CARTESIAN_POINT ( 'NONE',  ( -86.15286792092145163, -14.00000000000000000, 1.499142194605193490 ) ) ;
#336 = CARTESIAN_POINT ( 'NONE',  ( -78.94584305046592476, -22.55819019127680036, 6.230257756551085713 ) ) ;
#337 = CARTESIAN_POINT ( 'NONE',  ( -80.49779174634369383, -24.00000000000000000, 1.252236184378528350 ) ) ;
#338 = CARTESIAN_POINT ( 'NONE',  ( -82.51460422957880780, -18.60657494324247807, 16.19453091601719308 ) ) ;
#339 = CARTESIAN_POINT ( 'NONE',  ( -102.5660301975461834, -17.04366074017416821, 15.45308415503305177 ) ) ;
#340 = ADVANCED_FACE ( 'NONE', ( #253 ), #1564, .F. ) ;
#341 = B_SPLINE_CURVE_WITH_KNOTS ( 'NONE', 3,
 ( #124, #1399, #299, #2367 ),
 .UNSPECIFIED., .F., .F.,
 ( 4, 4 ),
 ( 0.000000000000000000, 1.000000000000000000 ),
 .UNSPECIFIED. ) ;
#342 = CARTESIAN_POINT ( 'NONE',  ( -104.0633946688341922, -16.96058152460031110, 15.37468708484296798 ) ) ;
#343 = CARTESIAN_POINT ( 'NONE',  ( -104.0417871243211749, -23.00000000000000000, 12.22014099911075036 ) ) ;
#344 = CARTESIAN_POINT ( 'NONE',  ( -81.84348563646017283, -26.99999999999999645, 16.28195007729648935 ) ) ;
#345 = CARTESIAN_POINT ( 'NONE',  ( -100.4268196875826078, -23.99999999999995026, 2.122366602327941720 ) ) ;
#346 = VERTEX_POINT ( 'NONE', #638 ) ;
#347 = CARTESIAN_POINT ( 'NONE',  ( -103.2839464542229564, -23.06398998911544496, 14.86667175706448418 ) ) ;
#348 = ORIENTED_EDGE ( 'NONE', *, *, #1609, .T. ) ;
#349 = CARTESIAN_POINT ( 'NONE',  ( -80.51142134101769443, -26.99999999999999645, 16.22379089414270581 ) ) ;
#350 = CARTESIAN_POINT ( 'NONE',  ( -80.49283504711208082, -16.96129776014863921, 14.03787971380052824 ) ) ;
#351 = CARTESIAN_POINT ( 'NONE',  ( -80.32078743332199622, -16.93647643271985359, 13.86359985467183087 ) ) ;
#352 = CARTESIAN_POINT ( 'NONE',  ( -102.5465553382026513, -17.19015268586946732, 15.89913176752601487 ) ) ;
#353 = CARTESIAN_POINT ( 'NONE',  ( -79.16372935445814107, -14.00000000000000000, 1.193989762450005765 ) ) ;
#354 = CARTESIAN_POINT ( 'NONE',  ( -80.51142134101770864, -22.03879346085120972, 16.22379089414272002 ) ) ;
#355 = CARTESIAN_POINT ( 'NONE',  ( -82.76538872409447833, -23.27962382948455655, 10.45062165044921265 ) ) ;
#356 = CARTESIAN_POINT ( 'NONE',  ( -79.16572745090121543, -26.00000000000000000, 1.194077001224732149 ) ) ;
#357 = VERTEX_POINT ( 'NONE', #599 ) ;
#358 = CARTESIAN_POINT ( 'NONE',  ( -103.0237886194875188, -16.08702039786898652, 4.968692581067442049 ) ) ;
#359 = CARTESIAN_POINT ( 'NONE',  ( -80.73130574145295668, -13.00000000000000355, 11.18761013881635336 ) ) ;
#360 = ORIENTED_EDGE ( 'NONE', *, *, #2311, .T. ) ;
#361 = CARTESIAN_POINT ( 'NONE',  ( -80.52552703142603718, -17.91079021428746643, 15.85755570157685135 ) ) ;
#362 =( GEOMETRIC_REPRESENTATION_CONTEXT ( 3 ) GLOBAL_UNCERTAINTY_ASSIGNED_CONTEXT ( ( #497 ) ) GLOBAL_UNIT_ASSIGNED_CONTEXT ( ( #533, #922, #1506 ) ) REPRESENTATION_CONTEXT ( 'NONE', 'WORKASPACE' ) );
#363 = CARTESIAN_POINT ( 'NONE',  ( -82.50951778418142624, -27.00000000000000000, 16.31102966887338113 ) ) ;
#364 = CARTESIAN_POINT ( 'NONE',  ( -81.81940213073688994, -19.42255564434647042, 16.28089856873812380 ) ) ;
#365 = PLANE ( 'NONE',  #1497 ) ;
#366 = B_SPLINE_SURFACE_WITH_KNOTS ( 'NONE', 3, 3, ( 
 ( #64, #640, #825, #1210 ),
 ( #1221, #652, #847, #1383 ),
 ( #1414, #1765, #1052, #1565 ),
 ( #1962, #858, #1405, #306 ),
 ( #2174, #267, #685, #1594 ),
 ( #1952, #2131, #1774, #1022 ),
 ( #75, #468, #1576, #2324 ) ),
 .UNSPECIFIED., .F., .F., .F.,
 ( 4, 3, 4 ),
 ( 4, 4 ),
 ( -0.7460353175501860390, 0.000000000000000000, 1.000000000000000000 ),
 ( 0.000000000000000000, 1.000000000000000000 ),
 .UNSPECIFIED. ) ;
#367 = CARTESIAN_POINT ( 'NONE',  ( -104.0840688729304588, -16.93624371145077845, 14.90136737878878037 ) ) ;
#368 = CARTESIAN_POINT ( 'NONE',  ( -104.7084630594175394, -13.00000000000000355, 12.23447543558446604 ) ) ;
#369 = CARTESIAN_POINT ( 'NONE',  ( -100.8924816905754653, -26.00000608050405049, 2.165238030308076045 ) ) ;
#370 = CARTESIAN_POINT ( 'NONE',  ( -85.47209563469624527, -16.00000463486616908, 1.488032131423321358 ) ) ;
#371 = ORIENTED_EDGE ( 'NONE', *, *, #388, .F. ) ;
#372 = CARTESIAN_POINT ( 'NONE',  ( -103.0249345082162193, -16.06714117730811253, 4.606786383284171116 ) ) ;
#373 = FACE_OUTER_BOUND ( 'NONE', #123, .T. ) ;
#374 = CARTESIAN_POINT ( 'NONE',  ( -80.48232062978772205, -16.93863337424275173, 13.85279859412609405 ) ) ;
#375 = B_SPLINE_CURVE_WITH_KNOTS ( 'NONE', 3,
 ( #2380, #2063, #1676, #335 ),
 .UNSPECIFIED., .F., .F.,
 ( 4, 4 ),
 ( 0.000000000000000000, 1.000000000000000000 ),
 .UNSPECIFIED. ) ;
#376 = CARTESIAN_POINT ( 'NONE',  ( -82.58459167723080441, -17.04760124265903443, 14.59155482366306877 ) ) ;
#377 = CARTESIAN_POINT ( 'NONE',  ( -102.5615985341371044, -17.07219331500897752, 15.55458593474554085 ) ) ;
#378 = CARTESIAN_POINT ( 'NONE',  ( -102.3806545612130918, -18.94309187310988207, 17.17862223722265114 ) ) ;
#379 = PLANE ( 'NONE',  #319 ) ;
#380 = CARTESIAN_POINT ( 'NONE',  ( -100.6498539968955157, -26.21478517483813064, 2.132094223788496556 ) ) ;
#381 = CARTESIAN_POINT ( 'NONE',  ( -104.4749490643079781, -16.00000000000000000, 2.299101481146643255 ) ) ;
#382 = ORIENTED_EDGE ( 'NONE', *, *, #857, .T. ) ;
#383 = CARTESIAN_POINT ( 'NONE',  ( -103.0120266067694956, -16.10435015894374899, 5.238086962738186969 ) ) ;
#384 = FACE_OUTER_BOUND ( 'NONE', #1417, .T. ) ;
#385 = ORIENTED_EDGE ( 'NONE', *, *, #1515, .F. ) ;
#386 = CARTESIAN_POINT ( 'NONE',  ( -78.94584305046592476, -25.33333333333333215, 6.230257756551081272 ) ) ;
#387 = CARTESIAN_POINT ( 'NONE',  ( -80.51016625248924186, -17.02125566743637108, 14.39195556913332297 ) ) ;
#388 = EDGE_CURVE ( 'NONE', #79, #1114, #885, .T. ) ;
#389 = CARTESIAN_POINT ( 'NONE',  ( -102.4904822158185596, -17.00000000000000000, 17.18341741618014495 ) ) ;
#390 = CARTESIAN_POINT ( 'NONE',  ( -80.21917589477607180, -19.42306065585994901, 16.21103118239907914 ) ) ;
#391 = DIRECTION ( 'NONE',  ( 0.9990482215818576872, 0.000000000000000000, -0.04361938736533759603 ) ) ;
#392 = CARTESIAN_POINT ( 'NONE',  ( -80.49779174634369383, -16.00000000000000000, 1.252236184378528350 ) ) ;
#393 = CARTESIAN_POINT ( 'NONE',  ( -101.2152744233897437, -23.00000000000000000, 12.15936714389756723 ) ) ;
#394 = CARTESIAN_POINT ( 'NONE',  ( -101.1539678896710797, -25.40492839161201033, 2.154104311680353767 ) ) ;
#395 = CARTESIAN_POINT ( 'NONE',  ( -102.9249317305556843, -16.00000000000000000, 7.232887588009708324 ) ) ;
#396 = ORIENTED_EDGE ( 'NONE', *, *, #2155, .T. ) ;
#397 = CARTESIAN_POINT ( 'NONE',  ( -102.6133398567543225, -23.09283702105852853, 14.36951481235411876 ) ) ;
#398 = EDGE_CURVE ( 'NONE', #1409, #1325, #1304, .T. ) ;
#399 = CARTESIAN_POINT ( 'NONE',  ( -83.03106217513258969, -24.63188328035219499, 4.365699215431569691 ) ) ;
#400 = ORIENTED_EDGE ( 'NONE', *, *, #159, .F. ) ;
#401 = CARTESIAN_POINT ( 'NONE',  ( -80.51703601838828206, -17.06920149917783647, 14.57940128616814945 ) ) ;
#402 = CARTESIAN_POINT ( 'NONE',  ( -80.51534284258097784, -21.30260891964000791, 16.12852713215821865 ) ) ;
#403 = CARTESIAN_POINT ( 'NONE',  ( -81.82985604178615802, -24.00000000000000000, 1.310395367532323885 ) ) ;
#404 = CARTESIAN_POINT ( 'NONE',  ( -104.4931127646647013, -18.68477511447310846, 17.17258245538695149 ) ) ;
#405 = CARTESIAN_POINT ( 'NONE',  ( -83.22434125726131526, -17.00000000000000000, 11.35180996023775002 ) ) ;
#406 = CARTESIAN_POINT ( 'NONE',  ( -107.1390776551929207, 4.137849439125925313E-14, 2.415419847454185032 ) ) ;
#407 = CARTESIAN_POINT ( 'NONE',  ( -103.0340366946614097, -24.59507160838951378, 4.733973069962632785 ) ) ;
#408 = B_SPLINE_CURVE_WITH_KNOTS ( 'NONE', 3,
 ( #1777, #110, #271, #1964 ),
 .UNSPECIFIED., .F., .F.,
 ( 4, 4 ),
 ( 0.000000000000000000, 1.000000000000000000 ),
 .UNSPECIFIED. ) ;
#409 = CARTESIAN_POINT ( 'NONE',  ( -104.4885786589822914, -17.00000000000000000, 17.27065619091082027 ) ) ;
#410 = ORIENTED_EDGE ( 'NONE', *, *, #1201, .T. ) ;
#411 = CARTESIAN_POINT ( 'NONE',  ( -80.51142134598055122, -20.10706061397405264, 16.22379078094016691 ) ) ;
#412 = CARTESIAN_POINT ( 'NONE',  ( -103.0120266067694956, -23.89564984105624390, 5.238086962738204733 ) ) ;
#413 = ORIENTED_EDGE ( 'NONE', *, *, #913, .T. ) ;
#414 = CARTESIAN_POINT ( 'NONE',  ( -80.45027855728541510, -23.09210125808398217, 13.40124032078315075 ) ) ;
#415 = ADVANCED_FACE ( 'NONE', ( #454 ), #749, .T. ) ;
#416 = CARTESIAN_POINT ( 'NONE',  ( -83.22485169701474206, -23.00000000000000000, 11.35184357954073597 ) ) ;
#417 = CARTESIAN_POINT ( 'NONE',  ( -103.0252028547536725, -13.92049010189696823, 4.830664822517589663 ) ) ;
#418 = CARTESIAN_POINT ( 'NONE',  ( -104.4885786589822771, -22.03901153953571068, 17.27065619091080606 ) ) ;
#419 = CARTESIAN_POINT ( 'NONE',  ( -92.50000000000000000, -13.00000000000000178, 16.74722354252675771 ) ) ;
#420 = CARTESIAN_POINT ( 'NONE',  ( -102.8896862455191297, -25.40492839161342076, 3.109404173232646063 ) ) ;
#421 = EDGE_CURVE ( 'NONE', #346, #357, #1320, .T. ) ;
#422 = CARTESIAN_POINT ( 'NONE',  ( -100.1457401041199518, -16.21478517483812709, 2.110084135896635349 ) ) ;
#423 = ORIENTED_EDGE ( 'NONE', *, *, #1432, .T. ) ;
#424 = CARTESIAN_POINT ( 'NONE',  ( -85.53190705561311802, -23.99999721593249191, 1.486414268531621508 ) ) ;
#425 = CARTESIAN_POINT ( 'NONE',  ( -104.4929181969387173, -21.29734109851191448, 17.17657877275762957 ) ) ;
#426 = ORIENTED_EDGE ( 'NONE', *, *, #1541, .T. ) ;
#427 = CARTESIAN_POINT ( 'NONE',  ( -83.07163695008486570, -26.06792487917717693, 3.750264913727585636 ) ) ;
#428 = CARTESIAN_POINT ( 'NONE',  ( -81.17745348873894784, -23.00000000000000000, 16.25287048571959758 ) ) ;
#429 = CARTESIAN_POINT ( 'NONE',  ( -101.1565170955807247, -13.99996566989979918, 2.207906504065396458 ) ) ;
#430 = DIRECTION ( 'NONE',  ( -0.000000000000000000, 1.000000000000000000, -0.000000000000000000 ) ) ;
#431 = CARTESIAN_POINT ( 'NONE',  ( -100.6498539968955299, -24.59507160838951378, 2.132094223788495668 ) ) ;
#432 = CARTESIAN_POINT ( 'NONE',  ( -101.2140804873245230, -17.00000000000000000, 12.15934147265344123 ) ) ;
#433 = CARTESIAN_POINT ( 'NONE',  ( -83.05307226302446111, -26.21478517483813420, 3.861585322656005737 ) ) ;
#434 = DIRECTION ( 'NONE',  ( 0.04361938736534633904, 0.000000000000000000, 0.9990482215818572431 ) ) ;
#435 = CARTESIAN_POINT ( 'NONE',  ( -104.5351167040895177, -22.48903109590711580, 16.52303608753787856 ) ) ;
#436 = VERTEX_POINT ( 'NONE', #389 ) ;
#437 = CARTESIAN_POINT ( 'NONE',  ( -80.48927024099205596, -23.04650441236563552, 13.97483194090756520 ) ) ;
#438 = CARTESIAN_POINT ( 'NONE',  ( -82.51360123749606146, -21.29542169242139593, 16.21750321152768493 ) ) ;
#439 = CARTESIAN_POINT ( 'NONE',  ( -104.5747892216546546, -17.18777420699648673, 16.05485836507057584 ) ) ;
#440 = AXIS2_PLACEMENT_3D ( 'NONE', #2011, #2349, #113 ) ;
#441 = DIRECTION ( 'NONE',  ( 0.000000000000000000, 1.000000000000000000, 0.000000000000000000 ) ) ;
#442 = AXIS2_PLACEMENT_3D ( 'NONE', #957, #216, #1501 ) ;
#443 = SHAPE_DEFINITION_REPRESENTATION ( #1462, #1343 ) ;
#444 = EDGE_CURVE ( 'NONE', #1138, #1904, #1500, .T. ) ;
#445 = AXIS2_PLACEMENT_3D ( 'NONE', #856, #1196, #1950 ) ;
#446 = CARTESIAN_POINT ( 'NONE',  ( -103.0340366946613955, -14.59507160838599482, 4.733973069962631897 ) ) ;
#447 = ORIENTED_EDGE ( 'NONE', *, *, #785, .T. ) ;
#448 = CARTESIAN_POINT ( 'NONE',  ( -83.24151332116807112, -23.96964782926727366, 2.936719991596517421 ) ) ;
#449 = CARTESIAN_POINT ( 'NONE',  ( -102.5915574113157049, -23.99190003249668734, 3.020656515375794715 ) ) ;
#450 = VERTEX_POINT ( 'NONE', #130 ) ;
#451 = CARTESIAN_POINT ( 'NONE',  ( -80.51544231912258454, -21.31409564743418628, 16.12595101447213608 ) ) ;
#452 = CARTESIAN_POINT ( 'NONE',  ( -82.62082908899856193, -23.07662282827377709, 13.76158164045254395 ) ) ;
#453 = CARTESIAN_POINT ( 'NONE',  ( -104.4934975666042334, -18.65072104026276278, 17.16471983936580514 ) ) ;
#454 = FACE_OUTER_BOUND ( 'NONE', #946, .T. ) ;
#455 = CARTESIAN_POINT ( 'NONE',  ( -79.16572745090120122, -20.00000000000000000, 1.194077001224730372 ) ) ;
#456 = FACE_OUTER_BOUND ( 'NONE', #249, .T. ) ;
#457 = CARTESIAN_POINT ( 'NONE',  ( -86.15286792092145163, -14.00000000000000000, 1.499142194605193490 ) ) ;
#458 = B_SPLINE_CURVE_WITH_KNOTS ( 'NONE', 3,
 ( #571, #1360, #14, #1700 ),
 .UNSPECIFIED., .F., .F.,
 ( 4, 4 ),
 ( 0.000000000000000000, 1.000000000000000000 ),
 .UNSPECIFIED. ) ;
#459 = CARTESIAN_POINT ( 'NONE',  ( -101.4923474341976259, -23.99979031620462777, 2.294570041481200029 ) ) ;
#460 = ORIENTED_EDGE ( 'NONE', *, *, #656, .T. ) ;
#461 = LINE ( 'NONE', #93, #86 ) ;
#462 = CARTESIAN_POINT ( 'NONE',  ( -80.51142134101772285, -19.88477367027915932, 16.22379089414270581 ) ) ;
#463 = EDGE_CURVE ( 'NONE', #68, #309, #205, .T. ) ;
#464 = CARTESIAN_POINT ( 'NONE',  ( -82.50951778418142624, -26.99999999999999645, 16.31102966887338113 ) ) ;
#465 = LINE ( 'NONE', #2204, #1228 ) ;
#466 = B_SPLINE_CURVE_WITH_KNOTS ( 'NONE', 3,
 ( #527, #1657, #720, #1072, #880, #1670, #2387, #2042, #2401, #1276, #118, #2017, #2373, #329, #694, #891, #1459, #1084, #1446, #1620, #2218, #915, #2005, #1251, #707, #1832, #143, #2193, #1264, #1487, #1110, #540, #1292 ),
 .UNSPECIFIED., .F., .F.,
 ( 4, 1, 1, 1, 1, 1, 2, 2, 1, 1, 1, 1, 2, 2, 2, 1, 1, 1, 1, 1, 1, 2, 2, 4 ),
 ( 0.000000000000000000, 0.06250000000000552336, 0.09375000000000828504, 0.1093750000000095618, 0.1171875000000104639, 0.1210937500000101447, 0.1230468750000107830, 0.1250000000000114075, 0.1875000000000278944, 0.2187500000000359435, 0.2343750000000389411, 0.2421875000000406342, 0.2460937500000408285, 0.2500000000000409672, 0.5000000000000548450, 0.6250000000000610623, 0.6875000000000641709, 0.7187500000000657252, 0.7343750000000675016, 0.7421875000000695000, 0.7460937500000695000, 0.7480468750000695000, 0.7500000000000696110, 1.000000000000000000 ),
 .UNSPECIFIED. ) ;
#467 = CARTESIAN_POINT ( 'NONE',  ( -104.4885763931009564, -20.10738773226527698, 17.27065596620996857 ) ) ;
#468 = CARTESIAN_POINT ( 'NONE',  ( -106.9191932547577011, -25.99999999999999645, 7.451600602780541038 ) ) ;
#469 = CARTESIAN_POINT ( 'NONE',  ( -83.19102387401775900, -13.96297391922406028, 3.103454812031237076 ) ) ;
#470 = CARTESIAN_POINT ( 'NONE',  ( -102.7084352541284176, -13.00000000000000355, 12.19147212616330833 ) ) ;
#471 = ORIENTED_EDGE ( 'NONE', *, *, #1616, .T. ) ;
#472 = CARTESIAN_POINT ( 'NONE',  ( -100.1457401041199660, -25.33333333333347426, 2.110084135896638458 ) ) ;
#473 = EDGE_CURVE ( 'NONE', #357, #604, #1558, .T. ) ;
#474 = CARTESIAN_POINT ( 'NONE',  ( -107.3135552046542500, -20.00000000000000000, -1.580773038873243719 ) ) ;
#475 = CARTESIAN_POINT ( 'NONE',  ( -80.51142134101773706, -18.92318244685277406, 16.22379089414270581 ) ) ;
#476 = CARTESIAN_POINT ( 'NONE',  ( -83.03106217513258969, -23.89564984105623324, 4.365699215431561697 ) ) ;
#477 = VECTOR ( 'NONE', #2231, 1000.000000000000000 ) ;
#478 = FACE_OUTER_BOUND ( 'NONE', #1099, .T. ) ;
#479 = CARTESIAN_POINT ( 'NONE',  ( -85.07638594607807647, -13.99994272109982951, 1.518571587974413717 ) ) ;
#480 = B_SPLINE_SURFACE_WITH_KNOTS ( 'NONE', 5, 3, ( 
 ( #1198, #2192, #2362, #1953 ),
 ( #1023, #2325, #1070, #131 ),
 ( #693, #653, #1434, #257 ),
 ( #510, #315, #890, #1994 ),
 ( #1395, #1240, #1262, #1629 ),
 ( #1013, #1830, #2372, #1805 ),
 ( #433, #303, #1374, #1060 ),
 ( #2182, #2122, #500, #582 ) ),
 .UNSPECIFIED., .F., .F., .F.,
 ( 6, 2, 6 ),
 ( 4, 4 ),
 ( 0.000000000000000000, 0.5000000000000000000, 1.000000000000000000 ),
 ( -0.002214785174838134786, 0.0002147851748381364792 ),
 .UNSPECIFIED. ) ;
#481 = CARTESIAN_POINT ( 'NONE',  ( -102.6967533017083554, -23.98854431809759191, 3.183759622260013966 ) ) ;
#482 = ORIENTED_EDGE ( 'NONE', *, *, #1256, .T. ) ;
#483 = CARTESIAN_POINT ( 'NONE',  ( -84.51465157838258335, -26.00056711925186548, 1.639496364450030885 ) ) ;
#484 = CARTESIAN_POINT ( 'NONE',  ( -78.94584305046592476, -14.66666666666666785, 6.230257756551081272 ) ) ;
#485 = CARTESIAN_POINT ( 'NONE',  ( -80.51142134101773706, -17.96159122342638881, 16.22379089414270581 ) ) ;
#486 = ADVANCED_FACE ( 'NONE', ( #293 ), #1074, .F. ) ;
#487 = CARTESIAN_POINT ( 'NONE',  ( -81.84348563632178752, -19.90178703437212704, 16.28195007729044619 ) ) ;
#488 = VERTEX_POINT ( 'NONE', #1617 ) ;
#489 =( NAMED_UNIT ( * ) PLANE_ANGLE_UNIT ( ) SI_UNIT ( $, .RADIAN. ) );
#490 = CARTESIAN_POINT ( 'NONE',  ( -103.0120266067695241, -14.59507160838599482, 5.238086962738199404 ) ) ;
#491 = EDGE_CURVE ( 'NONE', #1733, #1542, #1764, .T. ) ;
#492 = CARTESIAN_POINT ( 'NONE',  ( -83.15841868535495962, -23.95790825631693011, 3.224242232370805539 ) ) ;
#493 = CARTESIAN_POINT ( 'NONE',  ( -101.3015302225306584, -23.99991957575129220, 2.240884333102395765 ) ) ;
#494 = ORIENTED_EDGE ( 'NONE', *, *, #1801, .T. ) ;
#495 = CARTESIAN_POINT ( 'NONE',  ( -83.17127801328504688, -26.04015250051178398, 3.177616086046831434 ) ) ;
#496 = CARTESIAN_POINT ( 'NONE',  ( -107.1390776551929207, -26.00000000000000000, 2.415419847454188584 ) ) ;
#497 = UNCERTAINTY_MEASURE_WITH_UNIT (LENGTH_MEASURE( 1.000000000000000082E-05 ), #533, 'distance_accuracy_value', 'NONE');
#498 = LINE ( 'NONE', #1969, #1744 ) ;
#499 = DIRECTION ( 'NONE',  ( 0.9990482215818581313, -9.458446908795403329E-18, -0.04361938736532943589 ) ) ;
#500 = CARTESIAN_POINT ( 'NONE',  ( -83.03106217513258969, -24.59507160838388629, 4.365699215431567914 ) ) ;
#501 = EDGE_CURVE ( 'NONE', #1545, #1660, #2166, .T. ) ;
#502 = CARTESIAN_POINT ( 'NONE',  ( -86.15286792092145163, -14.00000000000000000, 1.499142194605193490 ) ) ;
#503 = CARTESIAN_POINT ( 'NONE',  ( -102.5878361660722220, -26.00800586359550337, 3.015686624445173880 ) ) ;
#504 = CARTESIAN_POINT ( 'NONE',  ( -83.04322249995138350, -16.08854427443263191, 4.113333043495051022 ) ) ;
#505 = EDGE_LOOP ( 'NONE', ( #1155, #667, #2, #2369 ) ) ;
#506 = CARTESIAN_POINT ( 'NONE',  ( -100.8886405116147813, -16.00000588913969679, 2.164726554712067319 ) ) ;
#507 = CARTESIAN_POINT ( 'NONE',  ( -80.45027855728541510, -16.90789874191601072, 13.40124032078310634 ) ) ;
#508 = CARTESIAN_POINT ( 'NONE',  ( -83.16192033722863641, -25.99999999999999645, 1.368554550686118310 ) ) ;
#509 = CARTESIAN_POINT ( 'NONE',  ( -86.15906500197415596, -25.33333333333378690, 1.499412712782035584 ) ) ;
#510 = CARTESIAN_POINT ( 'NONE',  ( -84.03038221246860928, -26.21478517483813420, 1.621753074032433517 ) ) ;
#511 = DIRECTION ( 'NONE',  ( 0.04361938736532956079, 0.000000000000000000, 0.9990482215818580203 ) ) ;
#512 = CARTESIAN_POINT ( 'NONE',  ( -103.0222667699036663, -26.06246097818115359, 4.517770475627967741 ) ) ;
#513 = EDGE_CURVE ( 'NONE', #321, #763, #242, .T. ) ;
#514 = AXIS2_PLACEMENT_3D ( 'NONE', #805, #1544, #1015 ) ;
#515 = CARTESIAN_POINT ( 'NONE',  ( -100.6347640845219331, -24.00000102567567595, 2.136494679224251847 ) ) ;
#516 = B_SPLINE_CURVE_WITH_KNOTS ( 'NONE', 3,
 ( #1361, #602, #1333, #776 ),
 .UNSPECIFIED., .F., .F.,
 ( 4, 4 ),
 ( 0.000000000000000000, 1.000000000000000000 ),
 .UNSPECIFIED. ) ;
#517 = VERTEX_POINT ( 'NONE', #476 ) ;
#518 = CARTESIAN_POINT ( 'NONE',  ( -102.9626725990423637, -16.03702328216133566, 3.966635263679311407 ) ) ;
#519 = CARTESIAN_POINT ( 'NONE',  ( -81.82985604178615802, -14.00000000000000355, 1.310395367532323885 ) ) ;
#520 = EDGE_LOOP ( 'NONE', ( #908, #1799, #1673, #2267 ) ) ;
#521 = CARTESIAN_POINT ( 'NONE',  ( -79.16572745090121543, -25.99999999999999645, 1.194077001224732149 ) ) ;
#522 = CARTESIAN_POINT ( 'NONE',  ( -79.16572745090121543, -24.00000000000000000, 1.194077001224732149 ) ) ;
#523 = ADVANCED_FACE ( 'NONE', ( #1239 ), #1993, .T. ) ;
#524 = CARTESIAN_POINT ( 'NONE',  ( -82.61904039456759108, -16.92738219247547704, 13.80254947833745938 ) ) ;
#525 = CARTESIAN_POINT ( 'NONE',  ( -102.5720824980120653, -17.01098292389717415, 15.31446368413424963 ) ) ;
#526 = CARTESIAN_POINT ( 'NONE',  ( -102.4838240955282060, -16.93577533919426159, 14.83197432783373770 ) ) ;
#527 = CARTESIAN_POINT ( 'NONE',  ( -102.6133398567543225, -23.09283702105852853, 14.36951481235411876 ) ) ;
#528 = CARTESIAN_POINT ( 'NONE',  ( -103.0249475947362185, -26.06717221547942032, 4.607368890265004069 ) ) ;
#529 = CARTESIAN_POINT ( 'NONE',  ( -84.89661977435861218, -16.00014126167418027, 1.547104227925968134 ) ) ;
#530 = ORIENTED_EDGE ( 'NONE', *, *, #2198, .T. ) ;
#531 = CARTESIAN_POINT ( 'NONE',  ( -103.3043540819559070, -23.09260346772177996, 14.39949262617174952 ) ) ;
#532 = CARTESIAN_POINT ( 'NONE',  ( -81.05390152837367168, -22.77813725941875589, 15.43535479609100847 ) ) ;
#533 =( LENGTH_UNIT ( ) NAMED_UNIT ( * ) SI_UNIT ( .MILLI., .METRE. ) );
#534 = ORIENTED_EDGE ( 'NONE', *, *, #1352, .T. ) ;
#535 = CARTESIAN_POINT ( 'NONE',  ( -80.51142134101772285, -23.00000000000000000, 16.22379089414270581 ) ) ;
#536 = CARTESIAN_POINT ( 'NONE',  ( -82.50951778418142624, -24.33333333333333215, 16.31102966887337047 ) ) ;
#537 = CARTESIAN_POINT ( 'NONE',  ( -82.51365569848297810, -18.69892245208812298, 16.21625584985109825 ) ) ;
#538 = CARTESIAN_POINT ( 'NONE',  ( -104.7050728857432631, -16.95478551285245317, 15.04304578030148498 ) ) ;
#539 = FACE_OUTER_BOUND ( 'NONE', #32, .T. ) ;
#540 = CARTESIAN_POINT ( 'NONE',  ( -102.4904835791737270, -20.61957307772055259, 17.18338619021312041 ) ) ;
#541 = CARTESIAN_POINT ( 'NONE',  ( -102.9655480913877454, -26.03766048509677944, 3.982268865802510049 ) ) ;
#542 = FACE_OUTER_BOUND ( 'NONE', #260, .T. ) ;
#543 = ORIENTED_EDGE ( 'NONE', *, *, #835, .F. ) ;
#544 = CARTESIAN_POINT ( 'NONE',  ( -103.0222402683312026, -16.06242659930500594, 4.517104555476805672 ) ) ;
#545 = CARTESIAN_POINT ( 'NONE',  ( -81.82729124469557291, -22.11057890640737256, 16.08775647703781075 ) ) ;
#546 = ORIENTED_EDGE ( 'NONE', *, *, #1028, .T. ) ;
#547 = CARTESIAN_POINT ( 'NONE',  ( -80.51142134101772285, -20.11638038255361849, 16.22379089414270581 ) ) ;
#548 = CARTESIAN_POINT ( 'NONE',  ( -80.49174331288232054, -16.95880596800350659, 14.01834443422783316 ) ) ;
#549 = ADVANCED_FACE ( 'NONE', ( #1829 ), #1313, .T. ) ;
#550 = CARTESIAN_POINT ( 'NONE',  ( -82.50971656030871770, -20.10775880919176828, 16.31103808384019516 ) ) ;
#551 = CARTESIAN_POINT ( 'NONE',  ( -104.6558116467759305, -17.01206419500038436, 15.39845455860106505 ) ) ;
#552 = CARTESIAN_POINT ( 'NONE',  ( -103.9807109886491361, -19.42280857759283563, 17.24848220954261180 ) ) ;
#553 = CARTESIAN_POINT ( 'NONE',  ( -103.1565143635397988, -23.00000000000000000, 17.21249700775703317 ) ) ;
#554 = CARTESIAN_POINT ( 'NONE',  ( -103.0238759674016933, -26.06497117029787347, 4.565817069438813824 ) ) ;
#555 = CARTESIAN_POINT ( 'NONE',  ( -80.21934510547288255, -20.09763751152838296, 16.21103857029764939 ) ) ;
#556 = CARTESIAN_POINT ( 'NONE',  ( -83.07165536228113467, -16.06791565259045029, 3.750093572173871515 ) ) ;
#557 = ORIENTED_EDGE ( 'NONE', *, *, #710, .F. ) ;
#558 = CARTESIAN_POINT ( 'NONE',  ( -102.4904822158185596, -13.00000000000000178, 17.18341741618014140 ) ) ;
#559 = CARTESIAN_POINT ( 'NONE',  ( -79.16372935445814107, -14.00000000000000178, 1.193989762450004433 ) ) ;
#560 = EDGE_LOOP ( 'NONE', ( #117, #161, #234, #1126 ) ) ;
#561 = CARTESIAN_POINT ( 'NONE',  ( -80.73130574145297089, -25.66666666666666430, 11.18761013881635158 ) ) ;
#562 = AXIS2_PLACEMENT_3D ( 'NONE', #2050, #168, #2037 ) ;
#563 = CARTESIAN_POINT ( 'NONE',  ( -80.51142134101770864, -13.00000000000000178, 16.22379089414270581 ) ) ;
#564 =( GEOMETRIC_REPRESENTATION_CONTEXT ( 3 ) GLOBAL_UNCERTAINTY_ASSIGNED_CONTEXT ( ( #1761 ) ) GLOBAL_UNIT_ASSIGNED_CONTEXT ( ( #2352, #489, #1982 ) ) REPRESENTATION_CONTEXT ( 'NONE', 'WORKASPACE' ) );
#565 = CARTESIAN_POINT ( 'NONE',  ( -81.90033425149502477, -16.96040138604088909, 14.40725134858338841 ) ) ;
#566 = EDGE_CURVE ( 'NONE', #1888, #321, #1009, .T. ) ;
#567 = CARTESIAN_POINT ( 'NONE',  ( -102.4909979056195226, -19.29513090539804310, 17.17160617788299959 ) ) ;
#568 = B_SPLINE_SURFACE_WITH_KNOTS ( 'NONE', 3, 3, ( 
 ( #46, #2319, #1205, #1748 ),
 ( #22, #979, #1958, #428 ),
 ( #403, #1180, #1193, #34 ),
 ( #274, #1523, #797, #1535 ),
 ( #2105, #1931, #416, #1735 ),
 ( #59, #1947, #646, #1547 ),
 ( #251, #1006, #2296, #2179 ) ),
 .UNSPECIFIED., .F., .F., .F.,
 ( 4, 3, 4 ),
 ( 4, 4 ),
 ( 0.000000000000000000, 1.000000000000000000, 1.747504621608877207 ),
 ( 0.000000000000000000, 1.000000000000000000 ),
 .UNSPECIFIED. ) ;
#569 = CARTESIAN_POINT ( 'NONE',  ( -81.84348563646018704, -17.00000000000000000, 16.28195007729648935 ) ) ;
#570 = FACE_OUTER_BOUND ( 'NONE', #1337, .T. ) ;
#571 = CARTESIAN_POINT ( 'NONE',  ( -82.50951778418142624, -17.00000000000000000, 16.31102966887338113 ) ) ;
#572 = CARTESIAN_POINT ( 'NONE',  ( -80.21917589477602917, -20.57693934414005454, 16.21103118239907559 ) ) ;
#573 = EDGE_CURVE ( 'NONE', #1733, #1988, #2251, .T. ) ;
#574 = CARTESIAN_POINT ( 'NONE',  ( -103.3751111892247820, -17.00000000000000000, 12.20580656263702757 ) ) ;
#575 = ORIENTED_EDGE ( 'NONE', *, *, #1044, .F. ) ;
#576 = CARTESIAN_POINT ( 'NONE',  ( -102.3806545612130492, -21.05690812689011793, 17.17862223722263693 ) ) ;
#577 = CARTESIAN_POINT ( 'NONE',  ( -83.00711001707891512, -13.00000000000000355, 16.33275501494563997 ) ) ;
#578 = ORIENTED_EDGE ( 'NONE', *, *, #2321, .T. ) ;
#579 = CARTESIAN_POINT ( 'NONE',  ( -80.51529484062569963, -18.70298571321681180, 16.12976737995489529 ) ) ;
#580 = CARTESIAN_POINT ( 'NONE',  ( -79.16372935445814107, -26.00000000000000000, 1.193989762450006209 ) ) ;
#581 = CARTESIAN_POINT ( 'NONE',  ( -81.12088897137267907, -16.93624371145078555, 13.89877329211403456 ) ) ;
#582 = CARTESIAN_POINT ( 'NONE',  ( -83.03106217513258969, -23.78521482516186580, 4.365699215431567914 ) ) ;
#583 = CARTESIAN_POINT ( 'NONE',  ( -82.89806223415615705, -16.30030787938997605, 7.411898681509547337 ) ) ;
#584 = CARTESIAN_POINT ( 'NONE',  ( -103.0120266067695241, -25.36811671964794002, 5.238086962738200292 ) ) ;
#585 = FACE_OUTER_BOUND ( 'NONE', #1026, .T. ) ;
#586 = EDGE_CURVE ( 'NONE', #959, #1175, #1636, .T. ) ;
#587 = CARTESIAN_POINT ( 'NONE',  ( -82.50951778418142624, -21.07804500128857939, 16.31102966887338468 ) ) ;
#588 = ORIENTED_EDGE ( 'NONE', *, *, #1731, .F. ) ;
#589 = CARTESIAN_POINT ( 'NONE',  ( -83.03106217513258969, -13.78521482516186225, 4.365699215431567914 ) ) ;
#590 = B_SPLINE_CURVE_WITH_KNOTS ( 'NONE', 3,
 ( #2207, #1075, #750, #356 ),
 .UNSPECIFIED., .F., .F.,
 ( 4, 4 ),
 ( 0.000000000000000000, 1.000000000000000000 ),
 .UNSPECIFIED. ) ;
#591 = CARTESIAN_POINT ( 'NONE',  ( -104.4926356746159541, -21.27024151624615200, 17.18240865832080644 ) ) ;
#592 = ORIENTED_EDGE ( 'NONE', *, *, #39, .T. ) ;
#593 = CARTESIAN_POINT ( 'NONE',  ( -80.51774623859574831, -17.07523953567024932, 14.60068890841932543 ) ) ;
#594 = CARTESIAN_POINT ( 'NONE',  ( -80.51553196841737758, -21.32435117308909867, 16.12362395728205300 ) ) ;
#595 = B_SPLINE_CURVE_WITH_KNOTS ( 'NONE', 3,
 ( #1618, #1083, #837, #878 ),
 .UNSPECIFIED., .F., .F.,
 ( 4, 4 ),
 ( 0.000000000000000000, 1.000000000000000000 ),
 .UNSPECIFIED. ) ;
#596 = CARTESIAN_POINT ( 'NONE',  ( -102.4904822158185596, -23.00000000000000000, 17.18341741618014140 ) ) ;
#597 = CARTESIAN_POINT ( 'NONE',  ( -82.55170190561143784, -22.65702610762700786, 15.34485444177424895 ) ) ;
#598 = CARTESIAN_POINT ( 'NONE',  ( -104.4929871847754868, -18.69625301893867331, 17.17515990988854213 ) ) ;
#599 = CARTESIAN_POINT ( 'NONE',  ( -102.4902844623254623, -20.10699650426495566, 17.18340857785954512 ) ) ;
#600 = CARTESIAN_POINT ( 'NONE',  ( -104.7954902676270166, -16.90789874191599651, 14.46417521936368189 ) ) ;
#601 = CARTESIAN_POINT ( 'NONE',  ( -103.0560467825532669, -25.40492839161201033, 4.229859177187068831 ) ) ;
#602 = CARTESIAN_POINT ( 'NONE',  ( -102.1491177592178445, -25.99999999999999645, 2.197553493320288265 ) ) ;
#603 = ADVANCED_FACE ( 'NONE', ( #2116 ), #568, .T. ) ;
#604 = VERTEX_POINT ( 'NONE', #1237 ) ;
#605 = CARTESIAN_POINT ( 'NONE',  ( -86.01568842455887420, -23.99999999999999289, 1.493155491035535132 ) ) ;
#606 = CARTESIAN_POINT ( 'NONE',  ( -104.4927993677851958, -21.28611595665414313, 17.17902701869777715 ) ) ;
#607 = VERTEX_POINT ( 'NONE', #1430 ) ;
#608 = CARTESIAN_POINT ( 'NONE',  ( -83.05874753510053665, -26.07542873711615172, 3.887059958491085432 ) ) ;
#609 = AXIS2_PLACEMENT_3D ( 'NONE', #106, #1248, #1814 ) ;
#610 = CIRCLE ( 'NONE', #917, 9.999999999999994671 ) ;
#611 = CARTESIAN_POINT ( 'NONE',  ( -82.50951860308234131, -20.36903420911418294, 16.31101091295876060 ) ) ;
#612 = ADVANCED_FACE ( 'NONE', ( #82 ), #326, .F. ) ;
#613 = CARTESIAN_POINT ( 'NONE',  ( -102.9701246980999372, -13.96127627484649913, 4.008082880012054261 ) ) ;
#614 = CARTESIAN_POINT ( 'NONE',  ( -85.92951656906242874, -16.00000000000000000, 6.457756487849948712 ) ) ;
#615 = FACE_OUTER_BOUND ( 'NONE', #1879, .T. ) ;
#616 = CARTESIAN_POINT ( 'NONE',  ( -102.2556599478917434, -25.40492839161342076, 2.417485884730397050 ) ) ;
#617 = CARTESIAN_POINT ( 'NONE',  ( -79.34020500036257317, -20.00000000000000000, -2.802115885102452353 ) ) ;
#618 = ORIENTED_EDGE ( 'NONE', *, *, #2311, .F. ) ;
#619 = CARTESIAN_POINT ( 'NONE',  ( -85.53658200478491835, -23.99999733123514645, 1.486317166593500438 ) ) ;
#620 = CARTESIAN_POINT ( 'NONE',  ( -104.5474725138248573, -22.60322937024116641, 16.37410614784562668 ) ) ;
#621 = EDGE_LOOP ( 'NONE', ( #618, #1690, #2086, #348 ) ) ;
#622 = CARTESIAN_POINT ( 'NONE',  ( -83.03106217513257548, -26.10435015894375610, 4.365699215431569691 ) ) ;
#623 = CARTESIAN_POINT ( 'NONE',  ( -82.58064924707632315, -22.92790573121353859, 14.68185131961171308 ) ) ;
#624 = CARTESIAN_POINT ( 'NONE',  ( -101.4002764647387522, -13.99985806903480423, 2.267913500873478316 ) ) ;
#625 = B_SPLINE_CURVE_WITH_KNOTS ( 'NONE', 3,
 ( #2129, #1021, #1537, #62 ),
 .UNSPECIFIED., .F., .F.,
 ( 4, 4 ),
 ( 0.000000000000000000, 1.000000000000000000 ),
 .UNSPECIFIED. ) ;
#626 = CARTESIAN_POINT ( 'NONE',  ( -86.15286792092145163, -14.00000000000000000, 1.499142194605193490 ) ) ;
#627 = PLANE ( 'NONE',  #442 ) ;
#628 = B_SPLINE_CURVE_WITH_KNOTS ( 'NONE', 3,
 ( #1218, #284, #662, #1403 ),
 .UNSPECIFIED., .F., .F.,
 ( 4, 4 ),
 ( 0.000000000000000000, 1.000000000000000000 ),
 .UNSPECIFIED. ) ;
#629 = CARTESIAN_POINT ( 'NONE',  ( -101.7121987429258212, -17.00000000000000000, 12.17005169049006419 ) ) ;
#630 = EDGE_LOOP ( 'NONE', ( #1438, #41, #530, #2177, #189, #905 ) ) ;
#631 = DIRECTION ( 'NONE',  ( -0.9990482215818572431, -4.059252933785728601E-16, 0.04361938736534697048 ) ) ;
#632 = CARTESIAN_POINT ( 'NONE',  ( -104.4885786589822771, -13.00000000000000178, 17.27065619091081672 ) ) ;
#633 = ORIENTED_EDGE ( 'NONE', *, *, #88, .F. ) ;
#634 = CARTESIAN_POINT ( 'NONE',  ( -104.7954902676268745, -23.09210125808395730, 14.46417521936453632 ) ) ;
#635 = CARTESIAN_POINT ( 'NONE',  ( -82.59869112144724568, -23.01945839589964038, 14.26862445896599851 ) ) ;
#636 = CARTESIAN_POINT ( 'NONE',  ( -101.7717263976128379, -13.99943279672702623, 2.392971881268633361 ) ) ;
#637 = ADVANCED_FACE ( 'NONE', ( #1029 ), #1613, .T. ) ;
#638 = CARTESIAN_POINT ( 'NONE',  ( -102.4904822158185596, -23.00000000000000000, 17.18341741618014140 ) ) ;
#639 = DIRECTION ( 'NONE',  ( -0.9990482215818572431, -4.059252933785728601E-16, 0.04361938736534697048 ) ) ;
#640 = CARTESIAN_POINT ( 'NONE',  ( -99.94507156596914399, -25.99999999999999645, 7.069719954582789789 ) ) ;
#641 = VERTEX_POINT ( 'NONE', #1049 ) ;
#642 = CARTESIAN_POINT ( 'NONE',  ( -83.07508235091631832, -14.59507160838739459, 3.357471429880443115 ) ) ;
#643 = CARTESIAN_POINT ( 'NONE',  ( -104.5814023205327032, -22.79040927952186379, 16.02723335194149712 ) ) ;
#644 = VERTEX_POINT ( 'NONE', #474 ) ;
#645 = CARTESIAN_POINT ( 'NONE',  ( -80.51617919123667377, -21.39534501684266488, 16.10663388926909789 ) ) ;
#646 = CARTESIAN_POINT ( 'NONE',  ( -83.72223257153819986, -23.00000000000000000, 11.38460278022492389 ) ) ;
#647 = CARTESIAN_POINT ( 'NONE',  ( -101.4087285662982367, -13.99985261673734804, 2.270254619880585079 ) ) ;
#648 = AXIS2_PLACEMENT_3D ( 'NONE', #1743, #631, #434 ) ;
#649 = B_SPLINE_CURVE_WITH_KNOTS ( 'NONE', 3,
 ( #1435, #901, #2183, #929 ),
 .UNSPECIFIED., .F., .F.,
 ( 4, 4 ),
 ( 0.000000000000000000, 0.7996355001121808748 ),
 .UNSPECIFIED. ) ;
#650 = CARTESIAN_POINT ( 'NONE',  ( -82.50951778418142624, -13.00000000000000178, 16.31102966887338113 ) ) ;
#651 = APPLICATION_PROTOCOL_DEFINITION ( 'draft international standard', 'automotive_design', 1998, #115 ) ;
#652 = CARTESIAN_POINT ( 'NONE',  ( -100.9383582874979908, -25.99999999999999645, 7.124109165725095671 ) ) ;
#653 = CARTESIAN_POINT ( 'NONE',  ( -85.15083721642302805, -25.40492839161060346, 1.455392536998320940 ) ) ;
#654 = CARTESIAN_POINT ( 'NONE',  ( -83.21135136109622010, -23.96586461988436056, 3.032766741831428803 ) ) ;
#655 = B_SPLINE_CURVE_WITH_KNOTS ( 'NONE', 3,
 ( #1791, #1246, #690, #103 ),
 .UNSPECIFIED., .F., .F.,
 ( 4, 4 ),
 ( 0.000000000000000000, 1.000000000000000000 ),
 .UNSPECIFIED. ) ;
#656 = EDGE_CURVE ( 'NONE', #1589, #894, #655, .T. ) ;
#657 = CARTESIAN_POINT ( 'NONE',  ( -101.7712539651738837, -23.99943380211559685, 2.392767403344600474 ) ) ;
#658 = VERTEX_POINT ( 'NONE', #865 ) ;
#659 = DIRECTION ( 'NONE',  ( 0.9990482215818580203, -0.000000000000000000, -0.04361938736532942201 ) ) ;
#660 = CARTESIAN_POINT ( 'NONE',  ( -79.16572745090121543, -17.44238683513957966, 1.194077001224732149 ) ) ;
#661 = CARTESIAN_POINT ( 'NONE',  ( -80.45027855728541510, -16.90789874191601072, 13.40124032078310634 ) ) ;
#662 = CARTESIAN_POINT ( 'NONE',  ( -104.7084630594175536, -13.00000000000000355, 12.23447543558446782 ) ) ;
#663 = CARTESIAN_POINT ( 'NONE',  ( -107.1390776551929207, -24.66666666666667140, 2.415419847454188584 ) ) ;
#664 = CARTESIAN_POINT ( 'NONE',  ( -85.15039288424138419, -26.00000000000000355, 1.455373137036305442 ) ) ;
#665 = CARTESIAN_POINT ( 'NONE',  ( -83.24135980783808009, -13.96963063014981898, 2.937172075646318881 ) ) ;
#666 = CARTESIAN_POINT ( 'NONE',  ( -101.3997052767726927, -23.99985843285586640, 2.267755964189316575 ) ) ;
#667 = ORIENTED_EDGE ( 'NONE', *, *, #473, .T. ) ;
#668 = CARTESIAN_POINT ( 'NONE',  ( -84.70302010416980920, -26.00030325435806944, 1.588062531559900181 ) ) ;
#669 = CARTESIAN_POINT ( 'NONE',  ( -102.4904822158185596, -22.03851425879252801, 17.18341741618014495 ) ) ;
#670 = CARTESIAN_POINT ( 'NONE',  ( -79.16572745090121543, -14.00000000000000355, 1.194077001224732149 ) ) ;
#671 = CARTESIAN_POINT ( 'NONE',  ( -104.7084630594175394, -18.92137385851853892, 12.23447543558446604 ) ) ;
#672 = B_SPLINE_SURFACE_WITH_KNOTS ( 'NONE', 5, 3, ( 
 ( #28, #1900, #2248, #422 ),
 ( #201, #789, #2121, #1011 ),
 ( #1529, #15, #762, #1503 ),
 ( #2275, #2110, #2262, #2099 ),
 ( #984, #1728, #40, #996 ),
 ( #1555, #1752, #1197, #1996 ),
 ( #2312, #446, #2153, #674 ),
 ( #1607, #490, #1241, #1424 ) ),
 .UNSPECIFIED., .F., .F., .F.,
 ( 6, 2, 6 ),
 ( 4, 4 ),
 ( 0.000000000000000000, 0.5000000000000000000, 1.000000000000000000 ),
 ( -0.0002147851748381306787, 0.002214785174838127414 ),
 .UNSPECIFIED. ) ;
#673 = CARTESIAN_POINT ( 'NONE',  ( -103.8225465115666282, -20.09797690550940530, 17.24157659934726894 ) ) ;
#674 = CARTESIAN_POINT ( 'NONE',  ( -103.0340366946613955, -16.21478517483813064, 4.733973069962630120 ) ) ;
#675 = CARTESIAN_POINT ( 'NONE',  ( -83.07517200022907389, -23.93379159717670035, 3.718229976715488494 ) ) ;
#676 = EDGE_CURVE ( 'NONE', #79, #1387, #2094, .T. ) ;
#677 = CARTESIAN_POINT ( 'NONE',  ( -100.8316600245645276, -23.99999534294215664, 2.158689637484869639 ) ) ;
#678 = ORIENTED_EDGE ( 'NONE', *, *, #1723, .T. ) ;
#679 = CARTESIAN_POINT ( 'NONE',  ( -100.1457401041199802, -24.66666666666621310, 2.110084135896639346 ) ) ;
#680 = CARTESIAN_POINT ( 'NONE',  ( -83.16192033722863641, -16.00000000000000000, 1.368554550686119198 ) ) ;
#681 = CARTESIAN_POINT ( 'NONE',  ( -106.9191932547577011, -16.48034346462963384, 7.451600602780543703 ) ) ;
#682 = EDGE_CURVE ( 'NONE', #2304, #741, #1937, .T. ) ;
#683 = CARTESIAN_POINT ( 'NONE',  ( -106.9191932547577011, -25.99999999999999645, 7.451600602780541038 ) ) ;
#684 = FACE_OUTER_BOUND ( 'NONE', #505, .T. ) ;
#685 = CARTESIAN_POINT ( 'NONE',  ( -103.3751111892247820, -26.99999999999999645, 12.20580656263702757 ) ) ;
#686 = CARTESIAN_POINT ( 'NONE',  ( -85.59385616806363828, -13.99999847405248943, 1.485477478516163741 ) ) ;
#687 = CARTESIAN_POINT ( 'NONE',  ( -102.9825211448570457, -23.95807445261703705, 4.084116426527464760 ) ) ;
#688 = ORIENTED_EDGE ( 'NONE', *, *, #239, .F. ) ;
#689 = CARTESIAN_POINT ( 'NONE',  ( -84.85092233600580869, -26.00017175247295143, 1.555781896820916055 ) ) ;
#690 = CARTESIAN_POINT ( 'NONE',  ( -104.4885786589822771, -18.92137385851853537, 17.27065619091082382 ) ) ;
#691 = CARTESIAN_POINT ( 'NONE',  ( -80.51142340358954641, -19.89351641220237354, 16.22379089054596690 ) ) ;
#692 = CARTESIAN_POINT ( 'NONE',  ( -86.15407899383694712, -24.00000000000000000, 1.499195052229142400 ) ) ;
#693 = CARTESIAN_POINT ( 'NONE',  ( -85.15083721642302805, -26.21478517483813420, 1.455392536998320940 ) ) ;
#694 = CARTESIAN_POINT ( 'NONE',  ( -102.5638268630200258, -22.94195281990968027, 15.50354881244565597 ) ) ;
#695 = CARTESIAN_POINT ( 'NONE',  ( -83.64910130580013004, -23.99203741758775621, 2.186654454005033443 ) ) ;
#696 = CARTESIAN_POINT ( 'NONE',  ( -83.07105226294891054, -16.06822159384271487, 3.755768849930162911 ) ) ;
#697 = ORIENTED_EDGE ( 'NONE', *, *, #682, .F. ) ;
#698 = CARTESIAN_POINT ( 'NONE',  ( -85.14366031889352371, -26.00003431946145582, 1.508762152845187998 ) ) ;
#699 = B_SPLINE_CURVE_WITH_KNOTS ( 'NONE', 3,
 ( #1447, #1475, #1671, #133, #186, #2043, #158, #174, #1252, #2206, #369, #1085, #1123, #2375, #2184, #1645, #2232, #1872, #1632, #903, #503, #944, #1073, #722, #2418, #2219, #1684, #2388, #2194, #541, #144, #1277, #1820, #1488, #1111, #512, #554, #2006, #1460, #528, #1293, #2431, #892, #748 ),
 .UNSPECIFIED., .F., .F.,
 ( 4, 1, 1, 1, 1, 1, 2, 2, 1, 1, 1, 1, 2, 2, 2, 2, 2, 1, 1, 1, 2, 2, 2, 1, 1, 1, 1, 2, 2, 4 ),
 ( 0.000000000000000000, 0.06249999999985672572, 0.09374999999978508858, 0.1093749999997444128, 0.1171874999997187805, 0.1210937499997059574, 0.1230468749996995736, 0.1249999999996931760, 0.1874999999996277422, 0.2187499999995950184, 0.2343749999995743960, 0.2421874999995684008, 0.2460937499995654310, 0.2499999999995624056, 0.4999999999996687094, 0.6249999999997249978, 0.6874999999997513100, 0.7187499999997645217, 0.7343749999997710720, 0.7421874999997745137, 0.7460937499997770672, 0.7499999999997795097, 0.8124999999998205880, 0.8437499999998412381, 0.8593749999998518962, 0.8671874999998570033, 0.8710937499998596678, 0.8730468749998611111, 0.8749999999998626654, 1.000000000000000000 ),
 .UNSPECIFIED. ) ;
#700 = CARTESIAN_POINT ( 'NONE',  ( -80.73130574145297089, -18.92318244685277406, 11.18761013881635158 ) ) ;
#701 = EDGE_LOOP ( 'NONE', ( #1892, #202, #1556, #1103, #1566, #873, #1377, #697 ) ) ;
#702 = CARTESIAN_POINT ( 'NONE',  ( -85.15336877147548478, -24.00000000000000000, 1.455503067079035429 ) ) ;
#703 = CARTESIAN_POINT ( 'NONE',  ( -106.9191932547577011, -24.00000000000000000, 7.451600602780542815 ) ) ;
#704 = EDGE_CURVE ( 'NONE', #1114, #1999, #2392, .T. ) ;
#705 = ORIENTED_EDGE ( 'NONE', *, *, #2223, .F. ) ;
#706 = B_SPLINE_SURFACE_WITH_KNOTS ( 'NONE', 5, 3, ( 
 ( #214, #955, #1458, #1291 ),
 ( #526, #2217, #367, #2027 ),
 ( #156, #1858, #342, #12 ),
 ( #1095, #1844, #1656, #914 ),
 ( #2400, #172, #2041, #2429 ),
 ( #378, #732, #772, #1121 ),
 ( #1643, #1132, #552, #1512 ),
 ( #2259, #1884, #1275, #2081 ) ),
 .UNSPECIFIED., .F., .F., .F.,
 ( 6, 2, 6 ),
 ( 4, 4 ),
 ( 0.000000000000000000, 0.5000000000000000000, 1.000000000000000000 ),
 ( 0.008657376210806609629, 0.01106000309117983506 ),
 .UNSPECIFIED. ) ;
#707 = CARTESIAN_POINT ( 'NONE',  ( -102.4955577218114229, -21.39243933820737453, 17.06716921687986144 ) ) ;
#708 = CARTESIAN_POINT ( 'NONE',  ( -83.07398804680236992, -13.93322695184122040, 3.728798229274596476 ) ) ;
#709 = CARTESIAN_POINT ( 'NONE',  ( -81.01928901131199723, -20.57719142240438970, 16.24596487550119051 ) ) ;
#710 = EDGE_CURVE ( 'NONE', #1151, #1888, #1381, .T. ) ;
#711 = CARTESIAN_POINT ( 'NONE',  ( -102.4904822158185596, -27.00000000000000000, 17.18341741618014140 ) ) ;
#712 = EDGE_LOOP ( 'NONE', ( #1384, #963, #1560, #2125 ) ) ;
#713 = CARTESIAN_POINT ( 'NONE',  ( -102.4838240955281634, -23.06422466080573841, 14.83197432783372705 ) ) ;
#714 = CARTESIAN_POINT ( 'NONE',  ( -84.00229448287387868, -13.00000000000000355, 16.37620570709015411 ) ) ;
#715 = ORIENTED_EDGE ( 'NONE', *, *, #1044, .T. ) ;
#716 = CARTESIAN_POINT ( 'NONE',  ( -84.00087219444102971, -26.99999999999999645, 16.37614360863608809 ) ) ;
#717 = CARTESIAN_POINT ( 'NONE',  ( -81.01928901130091276, -19.42280857759700297, 16.24596487550119406 ) ) ;
#718 = CARTESIAN_POINT ( 'NONE',  ( -102.4988169275073489, -18.26374767240978159, 16.99252113374648587 ) ) ;
#719 = CARTESIAN_POINT ( 'NONE',  ( -83.16192033722865062, -16.00000000000000000, 1.368554550686120974 ) ) ;
#720 = CARTESIAN_POINT ( 'NONE',  ( -102.6000010880236317, -23.07261122005051845, 14.67502284406706892 ) ) ;
#721 = AXIS2_PLACEMENT_3D ( 'NONE', #1059, #499, #1261 ) ;
#722 = CARTESIAN_POINT ( 'NONE',  ( -102.8585158118170568, -26.02213046394905760, 3.559391527124533106 ) ) ;
#723 = CARTESIAN_POINT ( 'NONE',  ( -100.1525935009650823, -24.00000000000034817, 2.110383404825790343 ) ) ;
#724 = ORIENTED_EDGE ( 'NONE', *, *, #1731, .T. ) ;
#725 = CARTESIAN_POINT ( 'NONE',  ( -103.1895722181746606, -22.11057890641709633, 17.02045380701727240 ) ) ;
#726 = CARTESIAN_POINT ( 'NONE',  ( -85.93096361583201315, -14.00000000000000355, 6.457803626551854137 ) ) ;
#727 = CARTESIAN_POINT ( 'NONE',  ( -79.16572745090121543, -25.33333333333333215, 1.194077001224732149 ) ) ;
#728 = CARTESIAN_POINT ( 'NONE',  ( -80.50000286347567169, -16.98041753342747739, 14.17233243961954692 ) ) ;
#729 = B_SPLINE_SURFACE_WITH_KNOTS ( 'NONE', 3, 3, ( 
 ( #1297, #726, #1851, #714 ),
 ( #1878, #1837, #191, #1826 ),
 ( #1282, #949, #2409, #577 ),
 ( #1324, #1270, #1689, #323 ),
 ( #519, #1451, #740, #1078 ),
 ( #149, #1480, #1637, #1467 ),
 ( #2034, #2047, #359, #1116 ) ),
 .UNSPECIFIED., .F., .F., .F.,
 ( 4, 3, 4 ),
 ( 4, 4 ),
 ( -0.7470994224527118810, 0.000000000000000000, 1.000000000000000000 ),
 ( 0.000000000000000000, 1.000000000000000000 ),
 .UNSPECIFIED. ) ;
#730 = CARTESIAN_POINT ( 'NONE',  ( -82.61951525289671849, -19.42230186854506258, 16.31583226207503401 ) ) ;
#731 = CARTESIAN_POINT ( 'NONE',  ( -82.50951778418142624, -27.00199999999999889, 16.31102966887337757 ) ) ;
#732 = CARTESIAN_POINT ( 'NONE',  ( -103.1807674852368280, -18.94331535397344268, 17.21355592189728867 ) ) ;
#733 = CARTESIAN_POINT ( 'NONE',  ( -80.51142134101770864, -21.07758692170241588, 16.22379089414272002 ) ) ;
#734 = CARTESIAN_POINT ( 'NONE',  ( -83.03106217513258969, -13.89564984105624390, 4.365699215431567026 ) ) ;
#735 = CARTESIAN_POINT ( 'NONE',  ( -85.51845086178782651, -16.00000314165465554, 1.486723340909849700 ) ) ;
#736 = ADVANCED_FACE ( 'NONE', ( #1591 ), #2368, .T. ) ;
#737 = ORIENTED_EDGE ( 'NONE', *, *, #1984, .T. ) ;
#738 = CARTESIAN_POINT ( 'NONE',  ( -103.2632728347940088, -23.03959861397716935, 15.33997739043729247 ) ) ;
#739 = CARTESIAN_POINT ( 'NONE',  ( -81.81923251468543867, -21.05668464603905932, 16.28089116314652429 ) ) ;
#740 = CARTESIAN_POINT ( 'NONE',  ( -82.06208246214518454, -13.00000000000000355, 11.27525963217648020 ) ) ;
#741 = VERTEX_POINT ( 'NONE', #875 ) ;
#742 = CARTESIAN_POINT ( 'NONE',  ( -80.51177222347790519, -19.40696421000978589, 16.21586658366317835 ) ) ;
#743 = CARTESIAN_POINT ( 'NONE',  ( -102.4904822158185596, -17.00000000000000000, 17.18341741618014495 ) ) ;
#744 = CARTESIAN_POINT ( 'NONE',  ( -82.60692619506289702, -16.95435339923414730, 14.08001026360024888 ) ) ;
#745 = CARTESIAN_POINT ( 'NONE',  ( -102.4943028113412993, -18.73268743967766881, 17.09591139207183019 ) ) ;
#746 = DIRECTION ( 'NONE',  ( -0.000000000000000000, 1.000000000000000000, -0.000000000000000000 ) ) ;
#747 = CARTESIAN_POINT ( 'NONE',  ( -103.8225465112610522, -23.00000000000000000, 17.24157659933392850 ) ) ;
#748 = CARTESIAN_POINT ( 'NONE',  ( -103.0120266067694956, -26.10435015894375255, 5.238086962738207397 ) ) ;
#749 = B_SPLINE_SURFACE_WITH_KNOTS ( 'NONE', 5, 3, ( 
 ( #1911, #981, #1724, #36 ),
 ( #799, #775, #1554, #1951 ),
 ( #74, #2323, #1825, #1877 ),
 ( #1466, #2210, #532, #1101 ),
 ( #1850, #545, #163, #1662 ),
 ( #2408, #739, #1864, #1675 ),
 ( #2422, #918, #709, #572 ),
 ( #2030, #2404, #1476, #555 ) ),
 .UNSPECIFIED., .F., .F., .F.,
 ( 6, 2, 6 ),
 ( 4, 4 ),
 ( 0.000000000000000000, 0.5000000000000000000, 1.000000000000000000 ),
 ( 0.008657376210806706773, 0.01106000309117991832 ),
 .UNSPECIFIED. ) ;
#750 = CARTESIAN_POINT ( 'NONE',  ( -79.16572745090120122, -25.33333333333333925, 1.194077001224729040 ) ) ;
#751 = ORIENTED_EDGE ( 'NONE', *, *, #1824, .F. ) ;
#752 = CARTESIAN_POINT ( 'NONE',  ( -86.15906500197415596, -15.40492839161622385, 1.499412712782034474 ) ) ;
#753 = EDGE_CURVE ( 'NONE', #658, #1268, #375, .T. ) ;
#754 = DIRECTION ( 'NONE',  ( -0.9990482215818581313, 4.059252933785728601E-16, 0.04361938736532956773 ) ) ;
#755 = CARTESIAN_POINT ( 'NONE',  ( -103.8225465112610664, -27.00000000000000000, 17.24157659933392850 ) ) ;
#756 = CARTESIAN_POINT ( 'NONE',  ( -82.50951778418142624, -13.00000000000000178, 16.31102966887338113 ) ) ;
#757 = CARTESIAN_POINT ( 'NONE',  ( -82.63237542511720335, -16.90716297894147502, 13.49712706504742243 ) ) ;
#758 = CARTESIAN_POINT ( 'NONE',  ( -104.6316294853353384, -17.05723709113622633, 15.58854479522481995 ) ) ;
#759 = CARTESIAN_POINT ( 'NONE',  ( -81.61125921610114631, -16.00000000000000000, 6.317085812652330823 ) ) ;
#760 = CARTESIAN_POINT ( 'NONE',  ( -100.9369344170873859, -24.00000000000000000, 7.124031199125197666 ) ) ;
#761 = CARTESIAN_POINT ( 'NONE',  ( -80.51142134101770864, -27.00000000000000000, 16.22379089414270581 ) ) ;
#762 = CARTESIAN_POINT ( 'NONE',  ( -101.1539678896710654, -15.40492839161622030, 2.154104311680351103 ) ) ;
#763 = VERTEX_POINT ( 'NONE', #4 ) ;
#764 = CARTESIAN_POINT ( 'NONE',  ( -79.16572745090121543, -16.00000000000000000, 1.194077001224732149 ) ) ;
#765 = B_SPLINE_CURVE_WITH_KNOTS ( 'NONE', 3,
 ( #1299, #2255, #2396, #1867 ),
 .UNSPECIFIED., .F., .F.,
 ( 4, 4 ),
 ( 0.000000000000000000, 1.000000000000000000 ),
 .UNSPECIFIED. ) ;
#766 = ORIENTED_EDGE ( 'NONE', *, *, #1445, .F. ) ;
#767 = CARTESIAN_POINT ( 'NONE',  ( -79.16572745090121543, -25.99999999999999645, 1.194077001224732149 ) ) ;
#768 = CARTESIAN_POINT ( 'NONE',  ( -80.49051291742171088, -16.95609205334244862, 13.99654408596797417 ) ) ;
#769 = CARTESIAN_POINT ( 'NONE',  ( -82.61934543878695081, -18.94309187310988207, 16.31582484783088205 ) ) ;
#770 = CARTESIAN_POINT ( 'NONE',  ( -102.5581174407392666, -17.09588915898421391, 15.63431608178091103 ) ) ;
#771 = EDGE_CURVE ( 'NONE', #1354, #2075, #1306, .T. ) ;
#772 = CARTESIAN_POINT ( 'NONE',  ( -103.9808804034838232, -18.94353767380556164, 17.24848960635492290 ) ) ;
#773 = DIRECTION ( 'NONE',  ( 3.960894978817986545E-16, 1.000000000000000000, -2.341340754507768900E-16 ) ) ;
#774 = CARTESIAN_POINT ( 'NONE',  ( -80.51142134101770864, -27.00000000000000000, 16.22379089414270581 ) ) ;
#775 = CARTESIAN_POINT ( 'NONE',  ( -81.92099060537216815, -23.06398998911266318, 13.93394496139159777 ) ) ;
#776 = CARTESIAN_POINT ( 'NONE',  ( -100.1536619191181785, -26.00000000000016698, 2.110430076438514213 ) ) ;
#777 = ORIENTED_EDGE ( 'NONE', *, *, #1967, .F. ) ;
#778 = CARTESIAN_POINT ( 'NONE',  ( -83.03106217513257548, -16.10435015894376320, 4.365699215431561697 ) ) ;
#779 = CARTESIAN_POINT ( 'NONE',  ( -104.7023009554106352, -23.04286057075020366, 15.06215197335232148 ) ) ;
#780 = ORIENTED_EDGE ( 'NONE', *, *, #2321, .F. ) ;
#781 = CARTESIAN_POINT ( 'NONE',  ( -80.52863373112897705, -17.25324021635250205, 15.06884949426649278 ) ) ;
#782 = CARTESIAN_POINT ( 'NONE',  ( -80.49627487290788963, -23.03161806046949422, 14.09767084701024231 ) ) ;
#783 = CARTESIAN_POINT ( 'NONE',  ( -82.60558121061663428, -23.04182646242060173, 14.11081547202308073 ) ) ;
#784 = CARTESIAN_POINT ( 'NONE',  ( -100.6353058146488877, -14.00000103156640208, 2.136535235759168927 ) ) ;
#785 = EDGE_CURVE ( 'NONE', #488, #2157, #1649, .T. ) ;
#786 = CARTESIAN_POINT ( 'NONE',  ( -104.4885786589822771, -21.07802307907143202, 17.27065619091080606 ) ) ;
#787 = CARTESIAN_POINT ( 'NONE',  ( -104.7084630594175394, -15.66666666666666607, 12.23447543558446604 ) ) ;
#788 = CARTESIAN_POINT ( 'NONE',  ( -103.0560467825532669, -23.78521482516187646, 4.229859177187065278 ) ) ;
#789 = CARTESIAN_POINT ( 'NONE',  ( -100.6498539968955015, -14.59507160838599482, 2.132094223788495224 ) ) ;
#790 = ORIENTED_EDGE ( 'NONE', *, *, #294, .T. ) ;
#791 = CARTESIAN_POINT ( 'NONE',  ( -83.07508235091631832, -13.78521482516185870, 3.357471429880443115 ) ) ;
#792 = PRODUCT_DEFINITION ( 'UNKNOWN', '', #2244, #211 ) ;
#793 = CARTESIAN_POINT ( 'NONE',  ( -83.03106217513258969, -23.89564984105623324, 4.365699215431561697 ) ) ;
#794 = ORIENTED_EDGE ( 'NONE', *, *, #121, .F. ) ;
#795 = CARTESIAN_POINT ( 'NONE',  ( -80.49779174634369383, -16.00000000000000000, 1.252236184378574757 ) ) ;
#796 = B_SPLINE_CURVE_WITH_KNOTS ( 'NONE', 3,
 ( #17, #2264, #1543, #55 ),
 .UNSPECIFIED., .F., .F.,
 ( 4, 4 ),
 ( 0.000000000000000000, 1.000000000000000000 ),
 .UNSPECIFIED. ) ;
#797 = CARTESIAN_POINT ( 'NONE',  ( -82.72747082249128425, -23.00000000000000000, 11.31908437885654628 ) ) ;
#798 = CARTESIAN_POINT ( 'NONE',  ( -102.9825485168066024, -13.95806656290168313, 4.084299731379434029 ) ) ;
#799 = CARTESIAN_POINT ( 'NONE',  ( -82.72109233720767918, -23.06422466080573486, 13.96911482481740485 ) ) ;
#800 = CARTESIAN_POINT ( 'NONE',  ( -100.1594469015714139, -24.00000000000000000, 2.110682587597870530 ) ) ;
#801 = CARTESIAN_POINT ( 'NONE',  ( -100.1457401041199660, -23.78521482516187646, 2.110084135896637569 ) ) ;
#802 = CARTESIAN_POINT ( 'NONE',  ( -102.7084352541284176, -17.00000000000000000, 12.19147212616330833 ) ) ;
#803 = ORIENTED_EDGE ( 'NONE', *, *, #573, .T. ) ;
#804 = CARTESIAN_POINT ( 'NONE',  ( -85.56040730792511795, -23.99999786615023822, 1.485888403166420124 ) ) ;
#805 = CARTESIAN_POINT ( 'NONE',  ( -107.1390776551929349, -20.00000000000000000, 2.415419847454188584 ) ) ;
#806 = ORIENTED_EDGE ( 'NONE', *, *, #1419, .T. ) ;
#807 = CARTESIAN_POINT ( 'NONE',  ( -80.46020264779276943, -23.08436666543281035, 13.52858141093341615 ) ) ;
#808 = MANIFOLD_SOLID_BREP ( 'Fillet2', #1938 ) ;
#809 = CARTESIAN_POINT ( 'NONE',  ( -82.58099694417204262, -22.93016515991289950, 14.67388774685046648 ) ) ;
#810 = CARTESIAN_POINT ( 'NONE',  ( -104.4965238689571549, -18.43489997408641301, 17.10495204893714671 ) ) ;
#811 = CARTESIAN_POINT ( 'NONE',  ( -86.15254619280031534, -16.00000000000038369, 1.499128132574494510 ) ) ;
#812 = CARTESIAN_POINT ( 'NONE',  ( -101.7129947003026302, -23.00000000000000000, 12.17006880465281426 ) ) ;
#813 = CARTESIAN_POINT ( 'NONE',  ( -84.15662268710727290, -16.00000000000000000, 1.411984193195126913 ) ) ;
#814 = CARTESIAN_POINT ( 'NONE',  ( -101.9301382693901417, -16.00000000000000000, 7.178415872613131299 ) ) ;
#815 = ORIENTED_EDGE ( 'NONE', *, *, #2134, .F. ) ;
#816 = CARTESIAN_POINT ( 'NONE',  ( -84.99229937836977911, -23.99990969755630488, 1.530858405998983374 ) ) ;
#817 = EDGE_CURVE ( 'NONE', #1268, #2186, #1102, .T. ) ;
#818 = CARTESIAN_POINT ( 'NONE',  ( -104.5970887238318028, -22.84870295020680331, 15.88289549314938398 ) ) ;
#819 = ORIENTED_EDGE ( 'NONE', *, *, #334, .F. ) ;
#820 = CARTESIAN_POINT ( 'NONE',  ( -80.51142296463393677, -20.62102129602461886, 16.22375370719840504 ) ) ;
#821 = CARTESIAN_POINT ( 'NONE',  ( -102.8790266657931767, -16.30030787938993342, 8.284286428815786252 ) ) ;
#822 = CARTESIAN_POINT ( 'NONE',  ( -101.4440386994762804, -13.99982821259653853, 2.280264574005749445 ) ) ;
#823 = CARTESIAN_POINT ( 'NONE',  ( -83.50422013406007693, -17.00000000000000000, 16.35445931138239573 ) ) ;
#824 = B_SPLINE_CURVE_WITH_KNOTS ( 'NONE', 3,
 ( #522, #337, #1204, #1522 ),
 .UNSPECIFIED., .F., .F.,
 ( 4, 4 ),
 ( 0.000000000000000000, 1.000000000000000000 ),
 .UNSPECIFIED. ) ;
#825 = CARTESIAN_POINT ( 'NONE',  ( -101.2163438753003533, -26.99999999999999645, 12.15939013856359274 ) ) ;
#826 = ORIENTED_EDGE ( 'NONE', *, *, #902, .T. ) ;
#827 = CARTESIAN_POINT ( 'NONE',  ( -83.05307226302446111, -14.59507160838809980, 3.861585322656004848 ) ) ;
#828 = CARTESIAN_POINT ( 'NONE',  ( -104.4885763931009564, -20.10738773226527698, 17.27065596620996857 ) ) ;
#829 = B_SPLINE_CURVE_WITH_KNOTS ( 'NONE', 3,
 ( #828, #1568, #1756, #18, #1704, #204, #2293, #591, #606, #31, #425, #1559, #56, #1154, #435, #620, #1364, #643, #818, #987, #1943, #2279, #1353, #1336, #2113, #1717, #1177, #67, #1928, #2316, #1140, #2124, #779, #1891, #1189, #2303, #2074 ),
 .UNSPECIFIED., .F., .F.,
 ( 4, 2, 1, 1, 1, 1, 1, 2, 2, 2, 2, 2, 1, 1, 1, 2, 2, 2, 1, 1, 1, 2, 2, 4 ),
 ( 0.000000000000000000, 0.1250000000000171529, 0.1875000000000257294, 0.2187500000000300315, 0.2343750000000323630, 0.2421875000000335010, 0.2460937500000341116, 0.2480468750000329459, 0.2500000000000318079, 0.5000000000000508482, 0.6250000000000598410, 0.6875000000000629496, 0.7187500000000647260, 0.7343750000000648370, 0.7421875000000633937, 0.7460937500000627276, 0.7500000000000620615, 0.8125000000000403011, 0.8437500000000288658, 0.8593750000000219824, 0.8671875000000187628, 0.8710937500000177636, 0.8750000000000166533, 1.000000000000000000 ),
 .UNSPECIFIED. ) ;
#830 = ORIENTED_EDGE ( 'NONE', *, *, #1873, .T. ) ;
#831 = CARTESIAN_POINT ( 'NONE',  ( -80.51612315453279223, -22.93812097340699552, 14.55282023427198190 ) ) ;
#832 = CARTESIAN_POINT ( 'NONE',  ( -82.51003499086995419, -20.70586021940627930, 16.29918368813889273 ) ) ;
#833 = CARTESIAN_POINT ( 'NONE',  ( -103.0171046047574777, -13.94359830297319114, 4.399505582810974147 ) ) ;
#834 = DIRECTION ( 'NONE',  ( -0.9990482215818572431, -4.059252933785728601E-16, 0.04361938736534697048 ) ) ;
#835 = EDGE_CURVE ( 'NONE', #1354, #920, #1089, .T. ) ;
#836 = FACE_OUTER_BOUND ( 'NONE', #2143, .T. ) ;
#837 = CARTESIAN_POINT ( 'NONE',  ( -101.1539261906694236, -24.00000000000000000, 2.154102491062870772 ) ) ;
#838 = CARTESIAN_POINT ( 'NONE',  ( -83.07401144583423047, -23.93323816325574782, 3.728588517946889613 ) ) ;
#839 = CARTESIAN_POINT ( 'NONE',  ( -103.3751111892247820, -13.00000000000000355, 12.20580656263702757 ) ) ;
#840 = ORIENTED_EDGE ( 'NONE', *, *, #491, .T. ) ;
#841 = CARTESIAN_POINT ( 'NONE',  ( -83.32353609956327034, -26.02181503464461443, 2.704745258987427903 ) ) ;
#842 = CARTESIAN_POINT ( 'NONE',  ( -78.94584305046592476, -14.00000000000000355, 6.230257756551081272 ) ) ;
#843 = CARTESIAN_POINT ( 'NONE',  ( -83.16192033722865062, -14.00000000000000178, 1.368554550686120086 ) ) ;
#844 = VECTOR ( 'NONE', #1652, 1000.000000000000000 ) ;
#845 = ADVANCED_FACE ( 'NONE', ( #2252 ), #729, .F. ) ;
#846 = FACE_OUTER_BOUND ( 'NONE', #2381, .T. ) ;
#847 = CARTESIAN_POINT ( 'NONE',  ( -101.7137076682430461, -26.99999999999999645, 12.17008413443016401 ) ) ;
#848 = CARTESIAN_POINT ( 'NONE',  ( -83.10904431826482153, -23.94626552800759001, 3.474233619298775277 ) ) ;
#849 = CARTESIAN_POINT ( 'NONE',  ( -103.0170962712106189, -23.94360495592605886, 4.399371396922075128 ) ) ;
#850 = ORIENTED_EDGE ( 'NONE', *, *, #444, .F. ) ;
#851 = CARTESIAN_POINT ( 'NONE',  ( -85.32776724042392402, -26.00001262623313281, 1.494568497279460173 ) ) ;
#852 = CARTESIAN_POINT ( 'NONE',  ( -81.90451989280659006, -16.90740863716051479, 13.46514037776956840 ) ) ;
#853 = CARTESIAN_POINT ( 'NONE',  ( -85.15039288424139841, -25.99999999999999645, 1.455373137036406028 ) ) ;
#854 = CARTESIAN_POINT ( 'NONE',  ( -106.9191932547577011, -24.66666666666667140, 7.451600602780541038 ) ) ;
#855 = B_SPLINE_CURVE_WITH_KNOTS ( 'NONE', 3,
 ( #1370, #2119, #1934, #1392 ),
 .UNSPECIFIED., .F., .F.,
 ( 4, 4 ),
 ( 0.000000000000000000, 0.8127012708523976281 ),
 .UNSPECIFIED. ) ;
#856 = CARTESIAN_POINT ( 'NONE',  ( -92.50000000000000000, -13.00000000000000178, 16.74722354252675771 ) ) ;
#857 = EDGE_CURVE ( 'NONE', #644, #1599, #2014, .T. ) ;
#858 = CARTESIAN_POINT ( 'NONE',  ( -102.9249317305556843, -25.99999999999999645, 7.232887588009708324 ) ) ;
#859 = CARTESIAN_POINT ( 'NONE',  ( -83.64861339205393165, -13.99202549660025241, 2.187225648555930935 ) ) ;
#860 = B_SPLINE_CURVE_WITH_KNOTS ( 'NONE', 3,
 ( #1585, #1772, #83, #843 ),
 .UNSPECIFIED., .F., .F.,
 ( 4, 4 ),
 ( 0.000000000000000000, 1.000000000000000000 ),
 .UNSPECIFIED. ) ;
#861 = CARTESIAN_POINT ( 'NONE',  ( -104.0417871243211749, -13.00000000000000355, 12.22014099911075036 ) ) ;
#862 = ORIENTED_EDGE ( 'NONE', *, *, #305, .T. ) ;
#863 = CARTESIAN_POINT ( 'NONE',  ( -100.1517346536646045, -16.00000000000000355, 2.110345912244172339 ) ) ;
#864 = EDGE_CURVE ( 'NONE', #604, #165, #829, .T. ) ;
#865 = CARTESIAN_POINT ( 'NONE',  ( -83.16192033722865062, -14.00000000000000178, 1.368554550686120086 ) ) ;
#866 = CARTESIAN_POINT ( 'NONE',  ( -84.15615661073501030, -25.99999999999999645, 1.411963843861262058 ) ) ;
#867 = B_SPLINE_SURFACE_WITH_KNOTS ( 'NONE', 3, 3, ( 
 ( #2013, #1639, #2382, #716 ),
 ( #853, #1792, #1431, #104 ),
 ( #866, #2002, #1626, #2370 ),
 ( #508, #312, #1068, #464 ),
 ( #325, #301, #2394, #180 ),
 ( #1839, #1893, #1311, #1866 ),
 ( #521, #1482, #1326, #349 ) ),
 .UNSPECIFIED., .F., .F., .F.,
 ( 4, 3, 4 ),
 ( 4, 4 ),
 ( -0.7463876007397399759, 0.000000000000000000, 1.000000000000000000 ),
 ( 0.000000000000000000, 1.000000000000000000 ),
 .UNSPECIFIED. ) ;
#868 = CARTESIAN_POINT ( 'NONE',  ( -104.4885786589822771, -23.00000000000000000, 17.27065619091081672 ) ) ;
#869 = CARTESIAN_POINT ( 'NONE',  ( -103.0120266067695383, -26.21478517483813064, 5.238086962738202068 ) ) ;
#870 = CARTESIAN_POINT ( 'NONE',  ( -80.51142134101770864, -23.00000000000000000, 16.22379089414270581 ) ) ;
#871 = CARTESIAN_POINT ( 'NONE',  ( -83.33111746995055569, -23.97793048172270503, 2.704930084950453395 ) ) ;
#872 = CARTESIAN_POINT ( 'NONE',  ( -103.0253491584417844, -23.93177402502711004, 4.627073851567129026 ) ) ;
#873 = ORIENTED_EDGE ( 'NONE', *, *, #1710, .T. ) ;
#874 = CARTESIAN_POINT ( 'NONE',  ( -85.51722295521551587, -26.00000317609058698, 1.486753317123183482 ) ) ;
#875 = CARTESIAN_POINT ( 'NONE',  ( -103.1428847688654855, -26.00000000000000000, 2.240942297992870813 ) ) ;
#876 = CARTESIAN_POINT ( 'NONE',  ( -103.1428847688654997, -24.00000000000000000, 2.240942297992625676 ) ) ;
#877 = CARTESIAN_POINT ( 'NONE',  ( -104.7084630594175394, -22.03901153953571423, 12.23447543558446604 ) ) ;
#878 = CARTESIAN_POINT ( 'NONE',  ( -100.1525935009650823, -24.00000000000034817, 2.110383404825790343 ) ) ;
#879 = AXIS2_PLACEMENT_3D ( 'NONE', #2424, #754, #2211 ) ;
#880 = CARTESIAN_POINT ( 'NONE',  ( -102.5901606437148246, -23.05160006080290458, 14.90040607340719170 ) ) ;
#881 = CARTESIAN_POINT ( 'NONE',  ( -84.91942539668826839, -13.99987236087626741, 1.543001259762323718 ) ) ;
#882 = CARTESIAN_POINT ( 'NONE',  ( -101.9311981066948221, -14.00000000000000355, 7.178473905921834763 ) ) ;
#883 = ORIENTED_EDGE ( 'NONE', *, *, #966, .F. ) ;
#884 = CARTESIAN_POINT ( 'NONE',  ( -83.18001077789260478, -26.03872305073316440, 3.144011700955790634 ) ) ;
#885 = B_SPLINE_CURVE_WITH_KNOTS ( 'NONE', 3,
 ( #1961, #264, #1344, #650 ),
 .UNSPECIFIED., .F., .F.,
 ( 4, 4 ),
 ( 0.000000000000000000, 1.000000000000000000 ),
 .UNSPECIFIED. ) ;
#886 = EDGE_CURVE ( 'NONE', #1387, #1589, #248, .T. ) ;
#887 = DIRECTION ( 'NONE',  ( 0.000000000000000000, -1.000000000000000000, 0.000000000000000000 ) ) ;
#888 = CARTESIAN_POINT ( 'NONE',  ( -81.17715508061360197, -23.09234610812729116, 13.43317811197829492 ) ) ;
#889 = CARTESIAN_POINT ( 'NONE',  ( -103.0120266067695241, -14.63188328035213104, 5.238086962738197627 ) ) ;
#890 = CARTESIAN_POINT ( 'NONE',  ( -84.03038221246860928, -24.59507160838388629, 1.621753074032432851 ) ) ;
#891 = CARTESIAN_POINT ( 'NONE',  ( -102.5630984637779193, -22.93740697629356617, 15.52023189791233193 ) ) ;
#892 = CARTESIAN_POINT ( 'NONE',  ( -103.0237780713000575, -26.08703593922003705, 4.968934174280430938 ) ) ;
#893 = CARTESIAN_POINT ( 'NONE',  ( -83.17588602803562026, -16.03939158540985588, 3.159769804171418617 ) ) ;
#894 = VERTEX_POINT ( 'NONE', #1519 ) ;
#895 = CARTESIAN_POINT ( 'NONE',  ( -104.8169944154565201, -22.77800275488901605, 16.47281099004195326 ) ) ;
#896 = CARTESIAN_POINT ( 'NONE',  ( -107.1390776551929207, -14.00000000000000178, 2.415419847454188584 ) ) ;
#897 = ORIENTED_EDGE ( 'NONE', *, *, #1959, .F. ) ;
#898 = CARTESIAN_POINT ( 'NONE',  ( -107.1390776551929207, -17.44103039388890508, 2.415419847454190361 ) ) ;
#899 = CARTESIAN_POINT ( 'NONE',  ( -81.01945842615234028, -19.90207948138011318, 16.24597227231218000 ) ) ;
#900 = ORIENTED_EDGE ( 'NONE', *, *, #8, .T. ) ;
#901 = CARTESIAN_POINT ( 'NONE',  ( -102.6647652026084216, -13.00000000000000355, 13.19168074766488630 ) ) ;
#902 = EDGE_CURVE ( 'NONE', #641, #2111, #2284, .T. ) ;
#903 = CARTESIAN_POINT ( 'NONE',  ( -102.2034770644467585, -26.00113616906942937, 2.593372604577623086 ) ) ;
#904 = CARTESIAN_POINT ( 'NONE',  ( -103.0120266067694956, -26.10435015894375255, 5.238086962738207397 ) ) ;
#905 = ORIENTED_EDGE ( 'NONE', *, *, #1137, .F. ) ;
#906 = CARTESIAN_POINT ( 'NONE',  ( -103.0238570842015520, -16.06493854576724090, 4.565195782683061587 ) ) ;
#907 = B_SPLINE_CURVE_WITH_KNOTS ( 'NONE', 3,
 ( #2405, #945, #504, #1489, #1821, #1253, #2233, #1113, #696, #1098, #556, #1847, #1437, #1448, #1659, #1834, #2008, #893, #1633, #2195, #146, #1294, #2031, #2044, #160, #1861, #1307, #1266, #2019, #2389, #175, #932, #2060, #529, #1125, #331, #1463, #1672, #370, #1086, #1278, #919, #735, #1477, #2220, #1874 ),
 .UNSPECIFIED., .F., .F.,
 ( 4, 2, 1, 1, 1, 1, 2, 2, 2, 1, 1, 1, 2, 2, 2, 2, 2, 1, 1, 1, 1, 2, 2, 1, 1, 1, 1, 1, 2, 2, 4 ),
 ( 0.000000000000000000, 0.06249999999998445688, 0.09374999999997694899, 0.1093749999999727163, 0.1171874999999705236, 0.1210937499999694272, 0.1230468749999688027, 0.1249999999999681782, 0.1874999999999675260, 0.2187499999999671929, 0.2343749999999671929, 0.2421874999999671096, 0.2460937499999679978, 0.2499999999999688582, 0.3750000000000400791, 0.5000000000001112443, 0.6250000000001824096, 0.6875000000002180478, 0.7187500000002395861, 0.7343750000002503553, 0.7421875000002556844, 0.7460937500002547962, 0.7500000000002537970, 0.8125000000001584288, 0.8437500000001106892, 0.8593750000000828226, 0.8671875000000648370, 0.8710937500000598410, 0.8730468750000611733, 0.8750000000000626166, 1.000000000000000000 ),
 .UNSPECIFIED. ) ;
#908 = ORIENTED_EDGE ( 'NONE', *, *, #84, .F. ) ;
#909 = CARTESIAN_POINT ( 'NONE',  ( -80.51506010541031344, -18.73108519885605006, 16.13580564144802310 ) ) ;
#910 = CARTESIAN_POINT ( 'NONE',  ( -80.45027855728541510, -23.09210125808398217, 13.40124032078315075 ) ) ;
#911 = CARTESIAN_POINT ( 'NONE',  ( -82.60920294905065475, -16.94838270122426493, 14.02786402405187260 ) ) ;
#912 = CARTESIAN_POINT ( 'NONE',  ( -102.4945651329856133, -18.70462499974478376, 17.08990323863191918 ) ) ;
#913 = EDGE_CURVE ( 'NONE', #517, #923, #1407, .T. ) ;
#914 = CARTESIAN_POINT ( 'NONE',  ( -104.8169944154565201, -17.22199724511098751, 16.47281099004195681 ) ) ;
#915 = CARTESIAN_POINT ( 'NONE',  ( -102.5049442925446641, -21.98872083582903514, 16.85218140150196575 ) ) ;
#916 = CARTESIAN_POINT ( 'NONE',  ( -83.07322105053674477, -13.93285696915023841, 3.735710516459091135 ) ) ;
#917 = AXIS2_PLACEMENT_3D ( 'NONE', #994, #38, #1886 ) ;
#918 = CARTESIAN_POINT ( 'NONE',  ( -81.81940213066467038, -20.57744435566325336, 16.28089856873534913 ) ) ;
#919 = CARTESIAN_POINT ( 'NONE',  ( -85.51379780552100840, -16.00000327312106307, 1.486837951694628179 ) ) ;
#920 = VERTEX_POINT ( 'NONE', #259 ) ;
#921 = CARTESIAN_POINT ( 'NONE',  ( -104.1044758994003416, -23.09233368394328778, 14.43420143532598487 ) ) ;
#922 =( NAMED_UNIT ( * ) PLANE_ANGLE_UNIT ( ) SI_UNIT ( $, .RADIAN. ) );
#923 = VERTEX_POINT ( 'NONE', #233 ) ;
#924 = CARTESIAN_POINT ( 'NONE',  ( -80.51909451164738130, -18.26014724020301117, 16.03159286890186053 ) ) ;
#925 = CARTESIAN_POINT ( 'NONE',  ( -80.50357545589588426, -16.99327930983454138, 14.24653985188975724 ) ) ;
#926 = CARTESIAN_POINT ( 'NONE',  ( -82.58214861677365093, -17.06250164888830767, 14.64751010759390937 ) ) ;
#927 = CARTESIAN_POINT ( 'NONE',  ( -102.5796454870672250, -16.98057875468942157, 15.14124275596942049 ) ) ;
#928 = CARTESIAN_POINT ( 'NONE',  ( -83.03106217513257548, -16.10435015894376320, 4.365699215431561697 ) ) ;
#929 = CARTESIAN_POINT ( 'NONE',  ( -103.0120266067695098, -13.89564984105625101, 5.238086962738191410 ) ) ;
#930 = CARTESIAN_POINT ( 'NONE',  ( -83.07271167897748398, -13.93260780932667053, 3.740355310334492422 ) ) ;
#931 = ADVANCED_FACE ( 'NONE', ( #384 ), #1290, .T. ) ;
#932 = CARTESIAN_POINT ( 'NONE',  ( -84.87353804653632494, -16.00015622160044515, 1.551425878643136302 ) ) ;
#933 = ORIENTED_EDGE ( 'NONE', *, *, #398, .T. ) ;
#934 = CARTESIAN_POINT ( 'NONE',  ( -102.3804847471032815, -20.57769813145493742, 17.17861482297848497 ) ) ;
#935 = FILL_AREA_STYLE ('',( #2022 ) ) ;
#936 = ORIENTED_EDGE ( 'NONE', *, *, #864, .T. ) ;
#937 = CARTESIAN_POINT ( 'NONE',  ( -79.16572745090121543, -24.00000000000000000, 1.194077001224732149 ) ) ;
#938 = CARTESIAN_POINT ( 'NONE',  ( -80.49531404373347243, -16.96735088760929244, 14.08313430997174365 ) ) ;
#939 = EDGE_CURVE ( 'NONE', #1599, #1428, #408, .T. ) ;
#940 = CARTESIAN_POINT ( 'NONE',  ( -81.92099060544438771, -16.93601001089705704, 13.93394496138951766 ) ) ;
#941 = FACE_OUTER_BOUND ( 'NONE', #1581, .T. ) ;
#942 = CARTESIAN_POINT ( 'NONE',  ( -81.39669410179907061, -17.00000000000000000, 11.23143488549641766 ) ) ;
#943 = CARTESIAN_POINT ( 'NONE',  ( -103.0120266067694956, -26.10435015894375255, 5.238086962738207397 ) ) ;
#944 = CARTESIAN_POINT ( 'NONE',  ( -102.6943951773889552, -26.01135826498988735, 3.179605667872293484 ) ) ;
#945 = CARTESIAN_POINT ( 'NONE',  ( -83.03690606907935035, -16.09573995860891316, 4.231852038585792286 ) ) ;
#946 = EDGE_LOOP ( 'NONE', ( #1250, #385, #44, #815 ) ) ;
#947 = CARTESIAN_POINT ( 'NONE',  ( -103.0250371571141557, -16.06739034774748731, 4.611458152814898348 ) ) ;
#948 = EDGE_CURVE ( 'NONE', #641, #607, #1286, .T. ) ;
#949 = CARTESIAN_POINT ( 'NONE',  ( -83.93963273788983770, -14.00000000000000355, 6.392934435985921482 ) ) ;
#950 = ORIENTED_EDGE ( 'NONE', *, *, #463, .T. ) ;
#951 = CYLINDRICAL_SURFACE ( 'NONE', #1005, 4.000000000000000000 ) ;
#952 = CARTESIAN_POINT ( 'NONE',  ( -82.50951778418142624, -17.00000000000000000, 16.31102966887338113 ) ) ;
#953 = CARTESIAN_POINT ( 'NONE',  ( -82.72109233720765076, -16.93577533919426159, 13.96911482481740840 ) ) ;
#954 = CARTESIAN_POINT ( 'NONE',  ( -104.6295744374985333, -17.06177902354583154, 15.60526764483710238 ) ) ;
#955 = CARTESIAN_POINT ( 'NONE',  ( -103.3043540819448225, -16.90739653227762318, 14.39949262616154613 ) ) ;
#956 = CARTESIAN_POINT ( 'NONE',  ( -107.1390776551929207, -15.33333333333333215, 2.415419847454188584 ) ) ;
#957 = CARTESIAN_POINT ( 'NONE',  ( 0.000000000000000000, -13.00000000000000178, 0.000000000000000000 ) ) ;
#958 = CARTESIAN_POINT ( 'NONE',  ( -105.8070133597504423, -16.00000000000000000, 2.357260664300416142 ) ) ;
#959 = VERTEX_POINT ( 'NONE', #135 ) ;
#960 = CARTESIAN_POINT ( 'NONE',  ( -83.33846392396637270, -16.21478517483813775, 2.255779371659811794 ) ) ;
#961 = COLOUR_RGB ( '',0.7921568627450980005, 0.8196078431372548767, 0.9333333333333333481 ) ;
#962 = CARTESIAN_POINT ( 'NONE',  ( -101.7132601176333111, -13.00000000000000355, 12.17007451148527153 ) ) ;
#963 = ORIENTED_EDGE ( 'NONE', *, *, #2118, .F. ) ;
#964 = CARTESIAN_POINT ( 'NONE',  ( -80.73130574145297089, -23.00000000000000000, 11.18761013881635158 ) ) ;
#965 = CARTESIAN_POINT ( 'NONE',  ( -80.51142134101770864, -17.00000000000000000, 16.22379089414270226 ) ) ;
#966 = EDGE_CURVE ( 'NONE', #57, #1365, #2079, .T. ) ;
#967 = CARTESIAN_POINT ( 'NONE',  ( -82.50951938148155307, -19.37948331804933133, 16.31099308468611042 ) ) ;
#968 = CARTESIAN_POINT ( 'NONE',  ( -104.6465885168933880, -17.02721277201891681, 15.46922223915665384 ) ) ;
#969 = CARTESIAN_POINT ( 'NONE',  ( -82.72747082249128425, -17.00000000000000000, 11.31908437885654628 ) ) ;
#970 = CARTESIAN_POINT ( 'NONE',  ( -107.1390776551929207, -14.66666666666666785, 2.415419847454188584 ) ) ;
#971 = CARTESIAN_POINT ( 'NONE',  ( -80.51142134101770864, -25.66666666666666785, 16.22379089414272002 ) ) ;
#972 = CARTESIAN_POINT ( 'NONE',  ( -103.1428847688654997, -16.00000000000000000, 2.240942297992870813 ) ) ;
#973 = ORIENTED_EDGE ( 'NONE', *, *, #771, .F. ) ;
#974 = CARTESIAN_POINT ( 'NONE',  ( -84.03038221246860928, -14.59507160838739281, 1.621753074032432629 ) ) ;
#975 = CARTESIAN_POINT ( 'NONE',  ( -102.8790266657931625, -23.69969212061003816, 8.284286428816207248 ) ) ;
#976 = ORIENTED_EDGE ( 'NONE', *, *, #864, .F. ) ;
#977 = CARTESIAN_POINT ( 'NONE',  ( -80.53021582871083694, -17.51149646452174480, 15.47559570637836934 ) ) ;
#978 = CARTESIAN_POINT ( 'NONE',  ( -80.50141446054340122, -23.01593062284537439, 14.19878659340644411 ) ) ;
#979 = CARTESIAN_POINT ( 'NONE',  ( -80.27855113328352843, -24.00000000000000000, 6.273671784601707380 ) ) ;
#980 = CARTESIAN_POINT ( 'NONE',  ( -104.5160901097503512, -17.77596444035055967, 16.77615187166574273 ) ) ;
#981 = CARTESIAN_POINT ( 'NONE',  ( -81.94137797898574149, -23.09260346772168404, 13.46676494618512265 ) ) ;
#982 = CARTESIAN_POINT ( 'NONE',  ( -107.1390776551929207, -14.00000000000000355, 2.415419847454188584 ) ) ;
#983 = CARTESIAN_POINT ( 'NONE',  ( -104.4885786589822771, -27.00199999999999889, 17.27065619091082382 ) ) ;
#984 = CARTESIAN_POINT ( 'NONE',  ( -102.8896862455191155, -13.78521482516186758, 3.109404173232644730 ) ) ;
#985 = VERTEX_POINT ( 'NONE', #2377 ) ;
#986 = CARTESIAN_POINT ( 'NONE',  ( -83.05307226302446111, -13.78521482516186047, 3.861585322656004848 ) ) ;
#987 = CARTESIAN_POINT ( 'NONE',  ( -104.6053837683424206, -22.87616309351642130, 15.80869297931160666 ) ) ;
#988 = EDGE_LOOP ( 'NONE', ( #2410, #2221, #2048, #1224, #2020, #1322 ) ) ;
#989 = CARTESIAN_POINT ( 'NONE',  ( -80.48991083750954090, -23.04519168428184273, 13.98597821232571903 ) ) ;
#990 = CARTESIAN_POINT ( 'NONE',  ( -82.60629865385590165, -23.04388795527075828, 14.09438332027624163 ) ) ;
#991 = CARTESIAN_POINT ( 'NONE',  ( -104.4885786589822771, -19.89215997119344692, 17.27065619091082382 ) ) ;
#992 = CARTESIAN_POINT ( 'NONE',  ( -84.93433347901454056, -16.00000000000000000, 6.425337605467617230 ) ) ;
#993 = CARTESIAN_POINT ( 'NONE',  ( -100.9987632821715380, -23.00000000000000000, 17.11828756098262971 ) ) ;
#994 = CARTESIAN_POINT ( 'NONE',  ( -92.50000000000000000, -27.00000000000000000, 16.74722354252675771 ) ) ;
#995 = EDGE_CURVE ( 'NONE', #1545, #324, #590, .T. ) ;
#996 = CARTESIAN_POINT ( 'NONE',  ( -102.8896862455191155, -16.21478517483812354, 3.109404173232642954 ) ) ;
#997 = B_SPLINE_CURVE_WITH_KNOTS ( 'NONE', 3,
 ( #863, #2329, #2178, #1035, #281, #2158, #1600, #1056, #1225, #1977, #506, #1439, #2187, #1255, #1800, #2148, #1779, #112, #1612, #322, #1077, #1966, #1410, #333, #2033, #2197, #1876, #2046, #518, #1269, #1836, #1088, #1491, #2235, #148, #544, #906, #1863, #1635, #372, #947, #1296, #358, #383 ),
 .UNSPECIFIED., .F., .F.,
 ( 4, 1, 1, 1, 1, 1, 2, 2, 1, 1, 1, 1, 2, 2, 2, 2, 2, 1, 1, 1, 2, 2, 2, 1, 1, 1, 1, 2, 2, 4 ),
 ( 0.000000000000000000, 0.06250000000015880353, 0.09375000000023403501, 0.1093750000002716716, 0.1171875000002904899, 0.1210937500002998712, 0.1230468750002988582, 0.1250000000002978451, 0.1875000000002728373, 0.2187500000002603473, 0.2343750000002583767, 0.2421875000002616518, 0.2460937500002589318, 0.2500000000002562395, 0.5000000000001437739, 0.6250000000000907052, 0.6875000000000641709, 0.7187500000000508482, 0.7343750000000449640, 0.7421875000000420775, 0.7460937500000413003, 0.7500000000000405231, 0.8125000000000446310, 0.8437500000000472955, 0.8593750000000485167, 0.8671875000000490719, 0.8710937500000495159, 0.8730468750000496270, 0.8750000000000496270, 1.000000000000000000 ),
 .UNSPECIFIED. ) ;
#998 = ORIENTED_EDGE ( 'NONE', *, *, #1528, .T. ) ;
#999 = CARTESIAN_POINT ( 'NONE',  ( -85.07766217797235697, -23.99994310379639018, 1.518407812938608270 ) ) ;
#1000 = CARTESIAN_POINT ( 'NONE',  ( -100.9991610237101582, -13.00000000000000355, 17.11830492675323256 ) ) ;
#1001 = ORIENTED_EDGE ( 'NONE', *, *, #501, .T. ) ;
#1002 = CARTESIAN_POINT ( 'NONE',  ( -80.50801112863796050, -22.98787313319401449, 14.34444372823167058 ) ) ;
#1003 = VECTOR ( 'NONE', #430, 1000.000000000000000 ) ;
#1004 = B_SPLINE_CURVE_WITH_KNOTS ( 'NONE', 3,
 ( #743, #181, #1483, #2238 ),
 .UNSPECIFIED., .F., .F.,
 ( 4, 4 ),
 ( 0.000000000000000000, 1.000000000000000000 ),
 .UNSPECIFIED. ) ;
#1005 = AXIS2_PLACEMENT_3D ( 'NONE', #1284, #2254, #2425 ) ;
#1006 = CARTESIAN_POINT ( 'NONE',  ( -85.93258365240373564, -24.00000000000000000, 6.457856400534449648 ) ) ;
#1007 = CARTESIAN_POINT ( 'NONE',  ( -103.0261627397146782, -13.92457090878957793, 4.758862433252480706 ) ) ;
#1008 = CARTESIAN_POINT ( 'NONE',  ( -100.1529912421572988, -13.99999999999958078, 2.110400778532573351 ) ) ;
#1009 = B_SPLINE_CURVE_WITH_KNOTS ( 'NONE', 3,
 ( #757, #2414, #524, #2239, #911, #153, #2039, #744, #2227, #1106, #1855, #1895, #10, #376, #1130, #926, #1273, #1653, #1868, #1680, #1328, #2078, #2427, #1882, #338, #2215, #210, #1510, #1093, #537, #2256, #967, #1667 ),
 .UNSPECIFIED., .F., .F.,
 ( 4, 1, 1, 1, 1, 1, 2, 2, 1, 1, 1, 1, 2, 2, 2, 1, 1, 1, 1, 1, 1, 2, 2, 4 ),
 ( 0.000000000000000000, 0.06250000000004055090, 0.09375000000006136758, 0.1093750000000712486, 0.1171875000000763417, 0.1210937500000781042, 0.1230468750000777295, 0.1250000000000773270, 0.1875000000000741351, 0.2187500000000725531, 0.2343750000000723310, 0.2421875000000719980, 0.2460937500000719702, 0.2500000000000718869, 0.5000000000000260902, 0.6250000000000024425, 0.6874999999999917843, 0.7187499999999866773, 0.7343749999999851230, 0.7421874999999844569, 0.7460937499999832356, 0.7480468749999826805, 0.7499999999999820144, 1.000000000000000000 ),
 .UNSPECIFIED. ) ;
#1010 = CARTESIAN_POINT ( 'NONE',  ( -80.73130574145295668, -13.00000000000000355, 11.18761013881635336 ) ) ;
#1011 = CARTESIAN_POINT ( 'NONE',  ( -100.6498539968955015, -16.21478517483812709, 2.132094223788493448 ) ) ;
#1012 = EDGE_CURVE ( 'NONE', #19, #1647, #907, .T. ) ;
#1013 = CARTESIAN_POINT ( 'NONE',  ( -83.07508235091631832, -26.21478517483813420, 3.357471429880444003 ) ) ;
#1014 = CYLINDRICAL_SURFACE ( 'NONE', #125, 5.999999999999998224 ) ;
#1015 = DIRECTION ( 'NONE',  ( 0.04361938736532899874, 0.000000000000000000, 0.9990482215818581313 ) ) ;
#1016 = ORIENTED_EDGE ( 'NONE', *, *, #1831, .F. ) ;
#1017 = CARTESIAN_POINT ( 'NONE',  ( -83.08398298233427681, -26.06178201902695335, 3.636059635229093701 ) ) ;
#1018 = CARTESIAN_POINT ( 'NONE',  ( -82.59113032471699967, -22.98907388219985037, 14.44179517463494378 ) ) ;
#1019 = ADVANCED_FACE ( 'NONE', ( #542 ), #2247, .T. ) ;
#1020 = CARTESIAN_POINT ( 'NONE',  ( -101.9147226815395300, -13.99902910899725050, 2.462125890686915675 ) ) ;
#1021 = CARTESIAN_POINT ( 'NONE',  ( -107.1390776551929207, -24.66666666666667140, 2.415419847454188584 ) ) ;
#1022 = CARTESIAN_POINT ( 'NONE',  ( -103.8225465112610522, -26.99999999999999645, 17.24157659933392850 ) ) ;
#1023 = CARTESIAN_POINT ( 'NONE',  ( -85.65495110919859201, -26.21478517483813420, 1.477402624890178373 ) ) ;
#1024 = CARTESIAN_POINT ( 'NONE',  ( -85.41399799710228535, -13.99999409957070995, 1.489109508192450138 ) ) ;
#1025 = CARTESIAN_POINT ( 'NONE',  ( -103.0219067088403904, -23.91145371608687142, 4.985654288287379998 ) ) ;
#1026 = EDGE_LOOP ( 'NONE', ( #1766, #1178, #2406, #2199 ) ) ;
#1027 = CARTESIAN_POINT ( 'NONE',  ( -80.51574400322748204, -21.34816715892116434, 16.11809406013715673 ) ) ;
#1028 = EDGE_CURVE ( 'NONE', #2032, #1409, #2163, .T. ) ;
#1029 = FACE_OUTER_BOUND ( 'NONE', #1852, .T. ) ;
#1030 = CARTESIAN_POINT ( 'NONE',  ( -102.9758951712497321, -13.95984683161154827, 4.042320071632773626 ) ) ;
#1031 = CARTESIAN_POINT ( 'NONE',  ( -82.63237542511720335, -23.09283702105852143, 13.49712706504748461 ) ) ;
#1032 = CARTESIAN_POINT ( 'NONE',  ( -83.07794483433245603, -23.93507118864983596, 3.694153288648283073 ) ) ;
#1033 = CARTESIAN_POINT ( 'NONE',  ( -102.2108476858808643, -13.00000000000000355, 12.18077331882428993 ) ) ;
#1034 = ORIENTED_EDGE ( 'NONE', *, *, #1367, .F. ) ;
#1035 = CARTESIAN_POINT ( 'NONE',  ( -100.6356326429812356, -16.00000062221965891, 2.138705287870101834 ) ) ;
#1036 = DIRECTION ( 'NONE',  ( -0.9990482215818573541, -9.458446908795409492E-18, 0.04361938736534711619 ) ) ;
#1037 = CARTESIAN_POINT ( 'NONE',  ( -104.7084630594175536, -26.99999999999999645, 12.23447543558446782 ) ) ;
#1038 = AXIS2_PLACEMENT_3D ( 'NONE', #1771, #94, #2171 ) ;
#1039 = EDGE_CURVE ( 'NONE', #741, #2103, #516, .T. ) ;
#1040 = AXIS2_PLACEMENT_3D ( 'NONE', #2363, #1062, #511 ) ;
#1041 = CARTESIAN_POINT ( 'NONE',  ( -104.4885786589822771, -22.03901153953571423, 17.27065619091081672 ) ) ;
#1042 = CARTESIAN_POINT ( 'NONE',  ( -103.0340366946614097, -26.21478517483813064, 4.733973069962636337 ) ) ;
#1043 = CARTESIAN_POINT ( 'NONE',  ( -86.15184707766370309, -25.99999999999993960, 1.499097621814200920 ) ) ;
#1044 = EDGE_CURVE ( 'NONE', #1634, #959, #81, .T. ) ;
#1045 = CARTESIAN_POINT ( 'NONE',  ( -83.13666834173706377, -13.95354534291163162, 3.321846847516350731 ) ) ;
#1046 = CARTESIAN_POINT ( 'NONE',  ( -100.8795205967268203, -23.99999329852645857, 2.164648199170991827 ) ) ;
#1047 = EDGE_LOOP ( 'NONE', ( #1769, #1203, #1398, #1190, #688, #192 ) ) ;
#1048 = CARTESIAN_POINT ( 'NONE',  ( -85.42270242643927247, -26.00000673376997895, 1.489842790638155501 ) ) ;
#1049 = CARTESIAN_POINT ( 'NONE',  ( -103.0120266067694956, -23.89564984105624390, 5.238086962738204733 ) ) ;
#1050 = CARTESIAN_POINT ( 'NONE',  ( -103.0120266067695098, -13.89564984105625101, 5.238086962738191410 ) ) ;
#1051 = CARTESIAN_POINT ( 'NONE',  ( -107.1390776551929207, -25.99999999999999645, 2.415419847454188584 ) ) ;
#1052 = CARTESIAN_POINT ( 'NONE',  ( -102.2110714611857247, -26.99999999999999645, 12.18077813029673706 ) ) ;
#1053 = CARTESIAN_POINT ( 'NONE',  ( -83.52791213645406287, -13.98867877973750495, 2.341247872834156141 ) ) ;
#1054 = CARTESIAN_POINT ( 'NONE',  ( -103.0030282519528555, -23.95090380863400981, 4.245050461824940058 ) ) ;
#1055 = ORIENTED_EDGE ( 'NONE', *, *, #682, .T. ) ;
#1056 = CARTESIAN_POINT ( 'NONE',  ( -100.7681646689231911, -16.00000269761147820, 2.151418393941645579 ) ) ;
#1057 = CARTESIAN_POINT ( 'NONE',  ( -79.16572745090121543, -15.33333333333333215, 1.194077001224732149 ) ) ;
#1058 = CARTESIAN_POINT ( 'NONE',  ( -79.16572745090121543, -14.00000000000000178, 1.194077001224732149 ) ) ;
#1059 = CARTESIAN_POINT ( 'NONE',  ( -103.1428847688654997, -16.00000000000000000, 2.240942297992871257 ) ) ;
#1060 = CARTESIAN_POINT ( 'NONE',  ( -83.05307226302446111, -23.78521482516186580, 3.861585322656004848 ) ) ;
#1061 = CARTESIAN_POINT ( 'NONE',  ( -103.0120266067695383, -24.59507160838951378, 5.238086962738200292 ) ) ;
#1062 = DIRECTION ( 'NONE',  ( -0.9990482215818580203, 4.059252933785728108E-16, 0.04361938736532956079 ) ) ;
#1063 = CARTESIAN_POINT ( 'NONE',  ( -85.25284220951689917, -13.99998497452296853, 1.498343446912058008 ) ) ;
#1064 = CARTESIAN_POINT ( 'NONE',  ( -105.8070133597504423, -14.00000000000000355, 2.357260664300416142 ) ) ;
#1065 = EDGE_LOOP ( 'NONE', ( #2072, #1778, #826, #268, #1076, #92 ) ) ;
#1066 = CARTESIAN_POINT ( 'NONE',  ( -84.80099042757768757, -26.00021012777675011, 1.565942767212797904 ) ) ;
#1067 = CARTESIAN_POINT ( 'NONE',  ( -78.94584305046592476, -17.44238683513957966, 6.230257756551085713 ) ) ;
#1068 = CARTESIAN_POINT ( 'NONE',  ( -82.72747082249128425, -26.99999999999999645, 11.31908437885654628 ) ) ;
#1069 = CARTESIAN_POINT ( 'NONE',  ( -104.4885786589822771, -25.66666666666666430, 17.27065619091081672 ) ) ;
#1070 = CARTESIAN_POINT ( 'NONE',  ( -85.65495110919859201, -24.59507160838388629, 1.477402624890177485 ) ) ;
#1071 = VECTOR ( 'NONE', #1739, 1000.000000000000000 ) ;
#1072 = CARTESIAN_POINT ( 'NONE',  ( -102.5931179032240550, -23.05858626645824216, 14.83267369494173415 ) ) ;
#1073 = CARTESIAN_POINT ( 'NONE',  ( -102.8215686628587662, -26.01909702566418048, 3.460116528518763168 ) ) ;
#1074 = B_SPLINE_SURFACE_WITH_KNOTS ( 'NONE', 3, 3, ( 
 ( #1051, #683, #2173, #1793 ),
 ( #1082, #2371, #314, #1069 ),
 ( #663, #854, #1804, #116 ),
 ( #1640, #703, #2152, #868 ),
 ( #1971, #1230, #877, #1041 ),
 ( #1593, #1604, #1783, #1443 ),
 ( #96, #2342, #1413, #2162 ) ),
 .UNSPECIFIED., .F., .F., .F.,
 ( 4, 3, 4 ),
 ( 4, 4 ),
 ( 0.000000000000000000, 1.000000000000000000, 1.720741345348210993 ),
 ( 0.000000000000000000, 1.000000000000000000 ),
 .UNSPECIFIED. ) ;
#1075 = CARTESIAN_POINT ( 'NONE',  ( -79.16572745090120122, -24.66666666666667496, 1.194077001224729040 ) ) ;
#1076 = ORIENTED_EDGE ( 'NONE', *, *, #421, .F. ) ;
#1077 = CARTESIAN_POINT ( 'NONE',  ( -102.5866191051357816, -16.00797251459851367, 3.013978016697718587 ) ) ;
#1078 = CARTESIAN_POINT ( 'NONE',  ( -81.84348563646018704, -13.00000000000000355, 16.28195007729648935 ) ) ;
#1079 = VERTEX_POINT ( 'NONE', #617 ) ;
#1080 = CARTESIAN_POINT ( 'NONE',  ( -104.4885786589822771, -18.92137385851853892, 17.27065619091081672 ) ) ;
#1081 = EDGE_CURVE ( 'NONE', #2075, #2304, #167, .T. ) ;
#1082 = CARTESIAN_POINT ( 'NONE',  ( -107.1390776551929207, -25.33333333333333215, 2.415419847454188584 ) ) ;
#1083 = CARTESIAN_POINT ( 'NONE',  ( -102.1484054797674617, -24.00000000000000000, 2.197522394527871015 ) ) ;
#1084 = CARTESIAN_POINT ( 'NONE',  ( -102.5624266037120833, -22.93315998935797850, 15.53562002334163417 ) ) ;
#1085 = CARTESIAN_POINT ( 'NONE',  ( -101.0520577461371516, -26.00001542466364413, 2.188588843739294632 ) ) ;
#1086 = CARTESIAN_POINT ( 'NONE',  ( -85.49637929742343090, -16.00000380119294263, 1.487300569115339588 ) ) ;
#1087 = ORIENTED_EDGE ( 'NONE', *, *, #159, .T. ) ;
#1088 = CARTESIAN_POINT ( 'NONE',  ( -102.9846844960900683, -16.04210529921494555, 4.090186741321621078 ) ) ;
#1089 = LINE ( 'NONE', #896, #1229 ) ;
#1090 = CARTESIAN_POINT ( 'NONE',  ( -79.16572745090121543, -24.66666666666667140, 1.194077001224732149 ) ) ;
#1091 = CARTESIAN_POINT ( 'NONE',  ( -80.49100892572518262, -16.95716747387737655, 14.00528970484464253 ) ) ;
#1092 = ADVANCED_FACE ( 'NONE', ( #1741 ), #672, .T. ) ;
#1093 = CARTESIAN_POINT ( 'NONE',  ( -82.51370044075979138, -18.69431026027441334, 16.21523108323316009 ) ) ;
#1094 = CARTESIAN_POINT ( 'NONE',  ( -102.5872552764466832, -16.95613424136858782, 14.96694992414979275 ) ) ;
#1095 = CARTESIAN_POINT ( 'NONE',  ( -102.4166497504372160, -17.22158820495839748, 16.36819563127572863 ) ) ;
#1096 = CARTESIAN_POINT ( 'NONE',  ( -104.4749490643079781, -24.00000000000000000, 2.299101481146643255 ) ) ;
#1097 = CARTESIAN_POINT ( 'NONE',  ( -83.03106217513258969, -23.89564984105623324, 4.365699215431561697 ) ) ;
#1098 = CARTESIAN_POINT ( 'NONE',  ( -83.07154023295375112, -16.06797410780180257, 3.751177853859184896 ) ) ;
#1099 = EDGE_LOOP ( 'NONE', ( #2168, #950, #494, #1944 ) ) ;
#1100 = CARTESIAN_POINT ( 'NONE',  ( -104.8841913501767777, -23.06352356728015351, 14.93606123072439296 ) ) ;
#1101 = CARTESIAN_POINT ( 'NONE',  ( -80.25379209672770742, -22.77800275488901960, 15.40035841595365795 ) ) ;
#1102 = LINE ( 'NONE', #559, #1583 ) ;
#1103 = ORIENTED_EDGE ( 'NONE', *, *, #2085, .T. ) ;
#1104 = CARTESIAN_POINT ( 'NONE',  ( -80.51430650916063314, -18.83019694125237464, 16.15490956815141033 ) ) ;
#1105 = CARTESIAN_POINT ( 'NONE',  ( -102.6133398567543935, -16.90716297894140041, 14.36951481235288597 ) ) ;
#1106 = CARTESIAN_POINT ( 'NONE',  ( -82.60671363282433788, -16.95494153801265824, 14.08487873927624534 ) ) ;
#1107 = ADVANCED_FACE ( 'NONE', ( #836 ), #366, .F. ) ;
#1108 = CARTESIAN_POINT ( 'NONE',  ( -102.5865376183432147, -16.95819695416968642, 14.98338699709496780 ) ) ;
#1109 = CARTESIAN_POINT ( 'NONE',  ( -104.7954902676268745, -23.09210125808395730, 14.46417521936453632 ) ) ;
#1110 = CARTESIAN_POINT ( 'NONE',  ( -102.4918524287437975, -21.01366757556959186, 17.15203438058942709 ) ) ;
#1111 = CARTESIAN_POINT ( 'NONE',  ( -103.0178837756478316, -26.05762460716865903, 4.423070525905644423 ) ) ;
#1112 = EDGE_CURVE ( 'NONE', #488, #1283, #200, .T. ) ;
#1113 = CARTESIAN_POINT ( 'NONE',  ( -83.07032180984037950, -16.06859566937161432, 3.762700301221214794 ) ) ;
#1114 = VERTEX_POINT ( 'NONE', #87 ) ;
#1115 = CARTESIAN_POINT ( 'NONE',  ( -103.1804282532898611, -20.09820406527911274, 17.21354111073213033 ) ) ;
#1116 = CARTESIAN_POINT ( 'NONE',  ( -80.51142134101769443, -13.00000000000000355, 16.22379089414270581 ) ) ;
#1117 = CARTESIAN_POINT ( 'NONE',  ( -102.4904822158185596, -27.00000000000000000, 17.18341741618014140 ) ) ;
#1118 = DIRECTION ( 'NONE',  ( 0.04361938736534633904, 0.000000000000000000, 0.9990482215818572431 ) ) ;
#1119 = CARTESIAN_POINT ( 'NONE',  ( -81.94137797905794685, -16.90739653227825912, 13.46676494618780495 ) ) ;
#1120 = CARTESIAN_POINT ( 'NONE',  ( -102.4924981821516639, -18.97410457606179790, 17.13724419593336989 ) ) ;
#1121 = CARTESIAN_POINT ( 'NONE',  ( -104.7809933159208526, -18.94375882324828098, 17.28342329055302784 ) ) ;
#1122 = DIRECTION ( 'NONE',  ( -0.04361938736532899874, 0.000000000000000000, -0.9990482215818581313 ) ) ;
#1123 = CARTESIAN_POINT ( 'NONE',  ( -101.2259300707693370, -26.00005829374915578, 2.224254458533215129 ) ) ;
#1124 = ADVANCED_FACE ( 'NONE', ( #456 ), #286, .T. ) ;
#1125 = CARTESIAN_POINT ( 'NONE',  ( -84.99677465642453456, -16.00008022102349159, 1.528905272665265214 ) ) ;
#1126 = ORIENTED_EDGE ( 'NONE', *, *, #463, .F. ) ;
#1127 = CARTESIAN_POINT ( 'NONE',  ( -102.4166497504371875, -22.77841179504160252, 16.36819563127571442 ) ) ;
#1128 = CARTESIAN_POINT ( 'NONE',  ( -103.1565143635398130, -27.00000000000000000, 17.21249700775703317 ) ) ;
#1129 = PLANE ( 'NONE',  #562 ) ;
#1130 = CARTESIAN_POINT ( 'NONE',  ( -82.58287681885676079, -17.05795894448094074, 14.63083153781072987 ) ) ;
#1131 = CARTESIAN_POINT ( 'NONE',  ( -102.4934731831487227, -18.83163982363827671, 17.11491300168741247 ) ) ;
#1132 = CARTESIAN_POINT ( 'NONE',  ( -103.1805978692575962, -19.42255564434785953, 17.21354851630846028 ) ) ;
#1133 = CARTESIAN_POINT ( 'NONE',  ( -104.4885786589822771, -13.00000000000000355, 17.27065619091081672 ) ) ;
#1134 = CARTESIAN_POINT ( 'NONE',  ( -101.1539678896710939, -24.59507160838951378, 2.154104311680353323 ) ) ;
#1135 = CARTESIAN_POINT ( 'NONE',  ( -104.7084630594175536, -17.00000000000000000, 12.23447543558446782 ) ) ;
#1136 = B_SPLINE_CURVE_WITH_KNOTS ( 'NONE', 3,
 ( #1097, #1846, #355, #1860 ),
 .UNSPECIFIED., .F., .F.,
 ( 4, 4 ),
 ( 0.2003644998878274242, 0.8118969958609960624 ),
 .UNSPECIFIED. ) ;
#1137 = EDGE_CURVE ( 'NONE', #2294, #68, #1908, .T. ) ;
#1138 = VERTEX_POINT ( 'NONE', #1786 ) ;
#1139 = CARTESIAN_POINT ( 'NONE',  ( -85.15083721642302805, -15.40492839161622385, 1.455392536998318498 ) ) ;
#1140 = CARTESIAN_POINT ( 'NONE',  ( -104.6976428403216062, -23.03873336338805089, 15.09444668105356513 ) ) ;
#1141 = ORIENTED_EDGE ( 'NONE', *, *, #70, .T. ) ;
#1142 = CARTESIAN_POINT ( 'NONE',  ( -80.51142134101772285, -25.66666666666666430, 16.22379089414270581 ) ) ;
#1143 = CARTESIAN_POINT ( 'NONE',  ( -103.3412135025070597, -16.90740863716045084, 14.40108663360895846 ) ) ;
#1144 = B_SPLINE_CURVE_WITH_KNOTS ( 'NONE', 3,
 ( #943, #584, #1738, #1552 ),
 .UNSPECIFIED., .F., .F.,
 ( 4, 4 ),
 ( 0.000000000000000000, 1.000000000000000000 ),
 .UNSPECIFIED. ) ;
#1145 = CARTESIAN_POINT ( 'NONE',  ( -80.25379209672776426, -17.22199724511099106, 15.40035841595365795 ) ) ;
#1146 = CARTESIAN_POINT ( 'NONE',  ( -102.4904829122410774, -19.63217660109638985, 17.18340146548166203 ) ) ;
#1147 = CARTESIAN_POINT ( 'NONE',  ( -82.06208246214518454, -17.00000000000000000, 11.27525963217648020 ) ) ;
#1148 = CARTESIAN_POINT ( 'NONE',  ( -107.1390776551929207, -14.00000000000000178, 2.415419847454188584 ) ) ;
#1149 = CARTESIAN_POINT ( 'NONE',  ( -102.8896862455191297, -23.78521482516187646, 3.109404173232645174 ) ) ;
#1150 = CARTESIAN_POINT ( 'NONE',  ( -82.50951778418142624, -23.00000000000000000, 16.31102966887337757 ) ) ;
#1151 = VERTEX_POINT ( 'NONE', #98 ) ;
#1152 = CARTESIAN_POINT ( 'NONE',  ( -83.03106217513258969, -15.40492839161622740, 4.365699215431566138 ) ) ;
#1153 = CIRCLE ( 'NONE', #254, 4.000000000000000888 ) ;
#1154 = CARTESIAN_POINT ( 'NONE',  ( -104.5064835482585721, -22.09011235866229583, 16.90398465001622341 ) ) ;
#1155 = ORIENTED_EDGE ( 'NONE', *, *, #247, .F. ) ;
#1156 = CARTESIAN_POINT ( 'NONE',  ( -80.52733175926142906, -17.20983881724770370, 14.97756451794809252 ) ) ;
#1157 = CARTESIAN_POINT ( 'NONE',  ( -80.51538282808729718, -21.30724781159892345, 16.12749285274620448 ) ) ;
#1158 = CARTESIAN_POINT ( 'NONE',  ( -102.6133398567543935, -16.90716297894140041, 14.36951481235288597 ) ) ;
#1159 = CARTESIAN_POINT ( 'NONE',  ( -80.51142134101770864, -13.00000000000000178, 16.22379089414270581 ) ) ;
#1160 = CARTESIAN_POINT ( 'NONE',  ( -86.14602738686451744, -16.00000000000000000, 1.498843478213189195 ) ) ;
#1161 = CARTESIAN_POINT ( 'NONE',  ( -83.16192033722863641, -16.00000000000000000, 1.368554550686119198 ) ) ;
#1162 = CARTESIAN_POINT ( 'NONE',  ( -103.0340366946614097, -25.40492839161201033, 4.733973069962636337 ) ) ;
#1163 = CARTESIAN_POINT ( 'NONE',  ( -102.2103169985271194, -17.00000000000000000, 12.18076190832668715 ) ) ;
#1164 = EDGE_LOOP ( 'NONE', ( #2196, #1478, #1822, #2016 ) ) ;
#1165 = CARTESIAN_POINT ( 'NONE',  ( -85.83790848199032553, -24.00000009054742023, 1.487229151226711732 ) ) ;
#1166 = CARTESIAN_POINT ( 'NONE',  ( -102.7463531557315548, -23.27962382948457787, 11.32300939775585213 ) ) ;
#1167 = ORIENTED_EDGE ( 'NONE', *, *, #2059, .F. ) ;
#1168 = CARTESIAN_POINT ( 'NONE',  ( -80.51666351057518511, -22.93384997706547423, 14.56844263788633853 ) ) ;
#1169 = CARTESIAN_POINT ( 'NONE',  ( -82.51306149048865279, -21.23611865134269294, 16.22986545044025419 ) ) ;
#1170 = CARTESIAN_POINT ( 'NONE',  ( -104.4952935379096601, -18.51107447757668467, 17.12871947369124825 ) ) ;
#1171 = CARTESIAN_POINT ( 'NONE',  ( -103.1428847688654997, -16.00000000000000000, 2.240942297992624344 ) ) ;
#1172 = CARTESIAN_POINT ( 'NONE',  ( -79.16572745090121543, -16.00000000000000000, 1.194077001224732149 ) ) ;
#1173 = CARTESIAN_POINT ( 'NONE',  ( -85.15132503698589517, -16.00000000000000000, 1.455413835704133962 ) ) ;
#1174 = CARTESIAN_POINT ( 'NONE',  ( -101.1523358131763786, -16.00000000000000000, 2.154033053681942977 ) ) ;
#1175 = VERTEX_POINT ( 'NONE', #1031 ) ;
#1176 = CARTESIAN_POINT ( 'NONE',  ( -81.17745348900830038, -20.09797690551043559, 16.25287048573135351 ) ) ;
#1177 = CARTESIAN_POINT ( 'NONE',  ( -104.6495312584059576, -22.97882371612548269, 15.44553645174410761 ) ) ;
#1178 = ORIENTED_EDGE ( 'NONE', *, *, #1256, .F. ) ;
#1179 = CARTESIAN_POINT ( 'NONE',  ( -80.51968601761626587, -21.71240127863645597, 16.00716252844303966 ) ) ;
#1180 = CARTESIAN_POINT ( 'NONE',  ( -81.61125921610114631, -24.00000000000000000, 6.317085812652330823 ) ) ;
#1181 = CARTESIAN_POINT ( 'NONE',  ( -100.9743509546677984, -13.99998736892952067, 2.177718994862900104 ) ) ;
#1182 = ADVANCED_FACE ( 'NONE', ( #478 ), #1232, .F. ) ;
#1183 = CARTESIAN_POINT ( 'NONE',  ( -101.1523358131763644, -15.99999999999999645, 2.154033053681942977 ) ) ;
#1184 = CARTESIAN_POINT ( 'NONE',  ( -82.85715240742955245, -13.63941693303964797, 8.348887761483243963 ) ) ;
#1185 = CARTESIAN_POINT ( 'NONE',  ( -104.0417871243211749, -17.00000000000000000, 12.22014099911075036 ) ) ;
#1186 = ORIENTED_EDGE ( 'NONE', *, *, #1616, .F. ) ;
#1187 = CARTESIAN_POINT ( 'NONE',  ( -82.50971656030871770, -20.10775880919176828, 16.31103808384019516 ) ) ;
#1188 = PRODUCT_RELATED_PRODUCT_CATEGORY ( 'part', '', ( #1619 ) ) ;
#1189 = CARTESIAN_POINT ( 'NONE',  ( -104.7242393147694202, -23.06138073763385421, 14.91105779229203954 ) ) ;
#1190 = ORIENTED_EDGE ( 'NONE', *, *, #1081, .T. ) ;
#1191 = CARTESIAN_POINT ( 'NONE',  ( -80.48978421274317441, -23.04545109494523203, 13.98377461873271521 ) ) ;
#1192 = AXIS2_PLACEMENT_3D ( 'NONE', #419, #1683, #13 ) ;
#1193 = CARTESIAN_POINT ( 'NONE',  ( -82.06208246214518454, -23.00000000000000000, 11.27525963217648020 ) ) ;
#1194 = CARTESIAN_POINT ( 'NONE',  ( -103.0030446690876147, -13.95089646471152633, 4.245208968958084306 ) ) ;
#1195 = DIRECTION ( 'NONE',  ( 0.000000000000000000, 0.000000000000000000, -1.000000000000000000 ) ) ;
#1196 = DIRECTION ( 'NONE',  ( 0.000000000000000000, -1.000000000000000000, -0.000000000000000000 ) ) ;
#1197 = CARTESIAN_POINT ( 'NONE',  ( -103.0560467825532527, -15.40492839161622207, 4.229859177187062613 ) ) ;
#1198 = CARTESIAN_POINT ( 'NONE',  ( -86.15906500197415596, -26.21478517483813420, 1.499412712782036472 ) ) ;
#1199 = CARTESIAN_POINT ( 'NONE',  ( -83.03106217513258969, -23.89564984105623324, 4.365699215431561697 ) ) ;
#1200 = B_SPLINE_CURVE_WITH_KNOTS ( 'NONE', 3,
 ( #363, #1327, #2412, #2426 ),
 .UNSPECIFIED., .F., .F.,
 ( 4, 4 ),
 ( 0.000000000000000000, 0.7996355001121719930 ),
 .UNSPECIFIED. ) ;
#1201 = EDGE_CURVE ( 'NONE', #1677, #1838, #169, .T. ) ;
#1202 = CARTESIAN_POINT ( 'NONE',  ( -101.9933751517824305, -13.00000000000000355, 17.16171325303783846 ) ) ;
#1203 = ORIENTED_EDGE ( 'NONE', *, *, #1367, .T. ) ;
#1204 = CARTESIAN_POINT ( 'NONE',  ( -81.82985604178615802, -24.00000000000000000, 1.310395367532324107 ) ) ;
#1205 = CARTESIAN_POINT ( 'NONE',  ( -80.73130574145295668, -23.00000000000000000, 11.18761013881635336 ) ) ;
#1206 = CARTESIAN_POINT ( 'NONE',  ( -102.4902844623254623, -20.10699650426495566, 17.18340857785954512 ) ) ;
#1207 = CARTESIAN_POINT ( 'NONE',  ( -100.7909191270652940, -13.99999668978070311, 2.153939687843750672 ) ) ;
#1208 = CARTESIAN_POINT ( 'NONE',  ( -79.16572745090121543, -26.00000000000000000, 1.194077001224732149 ) ) ;
#1209 = DIRECTION ( 'NONE',  ( 0.9990482215818577982, 0.000000000000000000, -0.04361938736533586825 ) ) ;
#1210 = CARTESIAN_POINT ( 'NONE',  ( -100.9998317013470484, -26.99999999999999645, 17.11833420917125537 ) ) ;
#1211 = CARTESIAN_POINT ( 'NONE',  ( -84.94909667565757161, -13.99988865147739503, 1.537882316474123545 ) ) ;
#1212 = ADVANCED_FACE ( 'NONE', ( #108 ), #1807, .T. ) ;
#1213 = CARTESIAN_POINT ( 'NONE',  ( -104.2563522386230233, -14.00000000000000355, 7.305791926266652858 ) ) ;
#1214 = ORIENTED_EDGE ( 'NONE', *, *, #1515, .T. ) ;
#1215 = CARTESIAN_POINT ( 'NONE',  ( -84.36616908677176241, -26.00097076931926310, 1.695922473848846534 ) ) ;
#1216 = DIRECTION ( 'NONE',  ( -1.889888912632076938E-17, 1.000000000000000000, -2.160152911779226592E-16 ) ) ;
#1217 = DIRECTION ( 'NONE',  ( -0.9990482215818580203, 9.458446908795389462E-18, 0.04361938736532942201 ) ) ;
#1218 = CARTESIAN_POINT ( 'NONE',  ( -107.1390776551929207, -14.00000000000000178, 2.415419847454188584 ) ) ;
#1219 = EDGE_CURVE ( 'NONE', #2111, #357, #466, .T. ) ;
#1220 = CARTESIAN_POINT ( 'NONE',  ( -82.50971546761140019, -19.89229760407455672, 16.31103804087402764 ) ) ;
#1221 = CARTESIAN_POINT ( 'NONE',  ( -101.1553507495701183, -25.99999999999999645, 2.154164688647703052 ) ) ;
#1222 = CARTESIAN_POINT ( 'NONE',  ( -83.18710348000719534, -13.96238344795513697, 3.117657959850118399 ) ) ;
#1223 = CARTESIAN_POINT ( 'NONE',  ( -102.9758643766003274, -23.95985482817534518, 4.042130423832499986 ) ) ;
#1224 = ORIENTED_EDGE ( 'NONE', *, *, #948, .T. ) ;
#1225 = CARTESIAN_POINT ( 'NONE',  ( -100.7728213179740493, -16.00000281414148517, 2.151924499246318234 ) ) ;
#1226 = CARTESIAN_POINT ( 'NONE',  ( -78.94584305046592476, -16.48079561171319440, 6.230257756551083936 ) ) ;
#1227 = CARTESIAN_POINT ( 'NONE',  ( -106.9191932547577011, -25.99999999999999645, 7.451600602780541038 ) ) ;
#1228 = VECTOR ( 'NONE', #2068, 1000.000000000000114 ) ;
#1229 = VECTOR ( 'NONE', #1310, 1000.000000000000114 ) ;
#1230 = CARTESIAN_POINT ( 'NONE',  ( -106.9191932547577011, -23.51950576976785712, 7.451600602780543703 ) ) ;
#1231 = B_SPLINE_CURVE_WITH_KNOTS ( 'NONE', 3,
 ( #238, #2308, #252, #417, #1007, #2140, #1749, #275, #1342, #72, #1910, #35, #833, #1194, #1572, #798, #1030, #2283, #23, #613, #61, #2128, #1357, #1736, #1549, #2297, #1020, #636, #1369, #1380, #822, #1948, #647, #624, #2117, #429, #1181, #1563, #263, #2320, #1391, #1207, #1960, #784, #1970, #2151 ),
 .UNSPECIFIED., .F., .F.,
 ( 4, 2, 1, 1, 1, 1, 2, 2, 2, 1, 1, 1, 2, 2, 2, 2, 2, 1, 1, 1, 1, 2, 2, 1, 1, 1, 1, 1, 2, 2, 4 ),
 ( 0.000000000000000000, 0.06249999999995520250, 0.09374999999993241517, 0.1093749999999210493, 0.1171874999999152900, 0.1210937499999127920, 0.1230468749999114458, 0.1249999999999100997, 0.1874999999998860356, 0.2187499999998737676, 0.2343749999998673283, 0.2421874999998648026, 0.2460937499998634981, 0.2499999999998622213, 0.3749999999998087086, 0.4999999999997551958, 0.6249999999997016831, 0.6874999999996748157, 0.7187499999996614930, 0.7343749999996547206, 0.7421874999996548317, 0.7460937499996549427, 0.7499999999996550537, 0.8124999999996649347, 0.8437499999996741495, 0.8593749999996787015, 0.8671874999996809219, 0.8710937499996859179, 0.8730468749996884714, 0.8749999999996909139, 1.000000000000000000 ),
 .UNSPECIFIED. ) ;
#1232 = PLANE ( 'NONE',  #1389 ) ;
#1233 = CARTESIAN_POINT ( 'NONE',  ( -85.66833640098167280, -13.99999937639745440, 1.485227007575832481 ) ) ;
#1234 = CARTESIAN_POINT ( 'NONE',  ( -102.4904822158185596, -13.00000000000000355, 17.18341741618014140 ) ) ;
#1235 = ORIENTED_EDGE ( 'NONE', *, *, #1372, .T. ) ;
#1236 = CARTESIAN_POINT ( 'NONE',  ( -83.24292694788235281, -26.02880375625168341, 2.908451443156061966 ) ) ;
#1237 = CARTESIAN_POINT ( 'NONE',  ( -104.4885763931009564, -20.10738773226527698, 17.27065596620996857 ) ) ;
#1238 = CARTESIAN_POINT ( 'NONE',  ( -80.51142134101770864, -27.00199999999999889, 16.22379089414270226 ) ) ;
#1239 = FACE_OUTER_BOUND ( 'NONE', #2249, .T. ) ;
#1240 = CARTESIAN_POINT ( 'NONE',  ( -83.33846392396637270, -25.40492839161060346, 2.255779371659814458 ) ) ;
#1241 = CARTESIAN_POINT ( 'NONE',  ( -103.0120266067695241, -15.40492839161622207, 5.238086962738197627 ) ) ;
#1242 = CARTESIAN_POINT ( 'NONE',  ( -85.53517113699091112, -13.99999729658430248, 1.486346769103020771 ) ) ;
#1243 = CARTESIAN_POINT ( 'NONE',  ( -100.7971575851254613, -23.99999650246646610, 2.154650055318510393 ) ) ;
#1244 = VERTEX_POINT ( 'NONE', #316 ) ;
#1245 = CARTESIAN_POINT ( 'NONE',  ( -83.52401170426026056, -26.01146194874625550, 2.346917455099596150 ) ) ;
#1246 = CARTESIAN_POINT ( 'NONE',  ( -104.4885786589822771, -17.96068692925927124, 17.27065619091082382 ) ) ;
#1247 = CARTESIAN_POINT ( 'NONE',  ( -104.7084630594175394, -17.96068692925927124, 12.23447543558446604 ) ) ;
#1248 = DIRECTION ( 'NONE',  ( -0.000000000000000000, -1.000000000000000000, -0.000000000000000000 ) ) ;
#1249 = B_SPLINE_CURVE_WITH_KNOTS ( 'NONE', 3,
 ( #634, #2126, #1366, #2104 ),
 .UNSPECIFIED., .F., .F.,
 ( 4, 4 ),
 ( 0.000000000000000000, 1.000000000000000000 ),
 .UNSPECIFIED. ) ;
#1250 = ORIENTED_EDGE ( 'NONE', *, *, #1907, .F. ) ;
#1251 = CARTESIAN_POINT ( 'NONE',  ( -102.4966196630001036, -21.48469490719159225, 17.04284676486842898 ) ) ;
#1252 = CARTESIAN_POINT ( 'NONE',  ( -100.7767661761996152, -26.00000291689124410, 2.152358592457294773 ) ) ;
#1253 = CARTESIAN_POINT ( 'NONE',  ( -83.06528220786442773, -16.07135542043738496, 3.813423300972050622 ) ) ;
#1254 = ORIENTED_EDGE ( 'NONE', *, *, #566, .T. ) ;
#1255 = CARTESIAN_POINT ( 'NONE',  ( -101.3063521202482065, -16.00009075480447152, 2.243351440702480826 ) ) ;
#1256 = EDGE_CURVE ( 'NONE', #1387, #1999, #1859, .T. ) ;
#1257 = CARTESIAN_POINT ( 'NONE',  ( -82.63237542511720335, -16.90716297894147502, 13.49712706504742243 ) ) ;
#1258 = B_SPLINE_CURVE_WITH_KNOTS ( 'NONE', 3,
 ( #928, #583, #1330, #1498 ),
 .UNSPECIFIED., .F., .F.,
 ( 4, 4 ),
 ( 0.2003644998878273409, 0.8118969958609919546 ),
 .UNSPECIFIED. ) ;
#1259 = ORIENTED_EDGE ( 'NONE', *, *, #2358, .F. ) ;
#1260 = CARTESIAN_POINT ( 'NONE',  ( -86.15407899383694712, -24.00000000000000000, 1.499195052229142400 ) ) ;
#1261 = DIRECTION ( 'NONE',  ( 0.000000000000000000, 1.000000000000000000, -2.168404344971012566E-16 ) ) ;
#1262 = CARTESIAN_POINT ( 'NONE',  ( -83.33846392396637270, -24.59507160838388629, 2.255779371659813570 ) ) ;
#1263 = CIRCLE ( 'NONE', #1351, 4.000000000000000000 ) ;
#1264 = CARTESIAN_POINT ( 'NONE',  ( -102.4946548761187444, -21.30466328035888779, 17.08784778295144235 ) ) ;
#1265 = CARTESIAN_POINT ( 'NONE',  ( -83.16192033722865062, -26.00000000000000000, 1.368554550686050586 ) ) ;
#1266 = CARTESIAN_POINT ( 'NONE',  ( -84.51551017765659424, -16.00056535321848727, 1.639210773073491501 ) ) ;
#1267 = EDGE_CURVE ( 'NONE', #1999, #1542, #649, .T. ) ;
#1268 = VERTEX_POINT ( 'NONE', #502 ) ;
#1269 = CARTESIAN_POINT ( 'NONE',  ( -102.9653406510902016, -16.03761376314204412, 3.981126794582580786 ) ) ;
#1270 = CARTESIAN_POINT ( 'NONE',  ( -82.94396729891874998, -14.00000000000000355, 6.360499840702954266 ) ) ;
#1271 = CARTESIAN_POINT ( 'NONE',  ( -78.94584305046592476, -24.00000000000000000, 6.230257756551083048 ) ) ;
#1272 = CARTESIAN_POINT ( 'NONE',  ( -82.50951778418142624, -27.00000000000000000, 16.31102966887338113 ) ) ;
#1273 = CARTESIAN_POINT ( 'NONE',  ( -82.58166464587827704, -17.06555316056895677, 14.65859486351410546 ) ) ;
#1274 = CARTESIAN_POINT ( 'NONE',  ( -102.5326447826296317, -17.34326969482319569, 16.21773587101870007 ) ) ;
#1275 = CARTESIAN_POINT ( 'NONE',  ( -103.9805415738139942, -19.90207948138010963, 17.24847481273988592 ) ) ;
#1276 = CARTESIAN_POINT ( 'NONE',  ( -102.5876705146952048, -23.04503733120657216, 14.95743940465848354 ) ) ;
#1277 = CARTESIAN_POINT ( 'NONE',  ( -102.9848359230515058, -26.04215075108911392, 4.091235979316826032 ) ) ;
#1278 = CARTESIAN_POINT ( 'NONE',  ( -85.50682524669672091, -16.00000347980097359, 1.487018768734952978 ) ) ;
#1279 = EDGE_LOOP ( 'NONE', ( #1034, #150, #1141, #2347, #1441, #794 ) ) ;
#1280 = CARTESIAN_POINT ( 'NONE',  ( -104.9045977984931852, -23.09206455443481332, 14.46890794084174736 ) ) ;
#1281 = ADVANCED_FACE ( 'NONE', ( #173 ), #2343, .F. ) ;
#1282 = CARTESIAN_POINT ( 'NONE',  ( -84.15710480302358576, -14.00000000000000355, 1.412005242830639773 ) ) ;
#1283 = VERTEX_POINT ( 'NONE', #600 ) ;
#1284 = CARTESIAN_POINT ( 'NONE',  ( -107.1390776551929349, -20.00000000000000000, 2.415419847454188584 ) ) ;
#1285 = FACE_OUTER_BOUND ( 'NONE', #1065, .T. ) ;
#1286 = B_SPLINE_CURVE_WITH_KNOTS ( 'NONE', 3,
 ( #2337, #2327, #1025, #2355, #1987, #288, #297, #1598, #872, #1998, #2146, #279, #849, #1054, #1610, #687, #1223, #1809, #2136, #1408, #1426, #122, #481, #449, #1579, #1768, #1975, #657, #2176, #459, #1788, #91, #1588, #666, #493, #2346, #1798, #1046, #677, #2167, #1243, #1646, #320, #515, #345, #723 ),
 .UNSPECIFIED., .F., .F.,
 ( 4, 2, 1, 1, 1, 1, 2, 2, 2, 1, 1, 1, 2, 2, 2, 2, 2, 1, 1, 1, 1, 2, 2, 1, 1, 1, 1, 1, 2, 2, 4 ),
 ( 0.000000000000000000, 0.06249999999994672317, 0.09374999999992036925, 0.1093749999999068939, 0.1171874999999001910, 0.1210937499998968325, 0.1230468749998951811, 0.1249999999998935296, 0.1874999999998456235, 0.2187499999998221423, 0.2343749999998095412, 0.2421874999998039624, 0.2460937499998009370, 0.2499999999997979394, 0.3749999999997028488, 0.4999999999996077582, 0.6249999999995126121, 0.6874999999994613198, 0.7187499999994356736, 0.7343749999994229061, 0.7421874999994164668, 0.7460937499994132471, 0.7499999999994100275, 0.8124999999994729771, 0.8437499999995043964, 0.8593749999995240474, 0.8671874999995299316, 0.8710937499995329292, 0.8730468749995344835, 0.8749999999995360378, 1.000000000000000000 ),
 .UNSPECIFIED. ) ;
#1287 = CARTESIAN_POINT ( 'NONE',  ( -81.10023197333529765, -16.96058152460447488, 14.37209374940046658 ) ) ;
#1288 = CARTESIAN_POINT ( 'NONE',  ( -102.5601385566501023, -17.08189309032250591, 15.58802491681291613 ) ) ;
#1289 = EDGE_CURVE ( 'NONE', #1365, #641, #1144, .T. ) ;
#1290 = B_SPLINE_SURFACE_WITH_KNOTS ( 'NONE', 3, 3, ( 
 ( #1903, #1732, #43, #1000 ),
 ( #1376, #220, #962, #1745 ),
 ( #2088, #882, #1033, #1202 ),
 ( #1622, #308, #470, #1234 ),
 ( #1397, #1213, #839, #2156 ),
 ( #1064, #1416, #861, #1386 ),
 ( #2365, #100, #1955, #78 ) ),
 .UNSPECIFIED., .F., .F., .F.,
 ( 4, 3, 4 ),
 ( 4, 4 ),
 ( -0.7463709758409443618, 0.000000000000000000, 1.000000000000000000 ),
 ( 0.000000000000000000, 1.000000000000000000 ),
 .UNSPECIFIED. ) ;
#1291 = CARTESIAN_POINT ( 'NONE',  ( -104.9045977984931852, -16.90793544556518668, 14.46890794084175269 ) ) ;
#1292 = CARTESIAN_POINT ( 'NONE',  ( -102.4902844623254623, -20.10699650426495566, 17.18340857785954512 ) ) ;
#1293 = CARTESIAN_POINT ( 'NONE',  ( -103.0250496395347426, -26.06742120796813111, 4.612036373131365607 ) ) ;
#1294 = CARTESIAN_POINT ( 'NONE',  ( -83.32372368660610107, -16.02180056053127899, 2.704309695471176500 ) ) ;
#1295 = ORIENTED_EDGE ( 'NONE', *, *, #2333, .F. ) ;
#1296 = CARTESIAN_POINT ( 'NONE',  ( -103.0282001284275708, -16.07535374956663077, 4.760562075617240652 ) ) ;
#1297 = CARTESIAN_POINT ( 'NONE',  ( -86.14747373461349866, -14.00000000000000355, 1.498906627119682478 ) ) ;
#1298 = CARTESIAN_POINT ( 'NONE',  ( -78.94584305046592476, -25.99999999999999645, 6.230257756551081272 ) ) ;
#1299 = CARTESIAN_POINT ( 'NONE',  ( -102.4904822158185596, -27.00000000000000000, 17.18341741618014140 ) ) ;
#1300 = CARTESIAN_POINT ( 'NONE',  ( -103.0120266067694956, -16.10435015894374899, 5.238086962738186969 ) ) ;
#1301 = CARTESIAN_POINT ( 'NONE',  ( -104.6365059054291322, -17.04689244425209793, 15.54920150049657757 ) ) ;
#1302 = CARTESIAN_POINT ( 'NONE',  ( -82.50951778418142624, -27.00199999999999889, 16.31102966887337757 ) ) ;
#1303 = CARTESIAN_POINT ( 'NONE',  ( -103.1428847688654997, -24.00000000000000000, 2.240942297992870813 ) ) ;
#1304 = CIRCLE ( 'NONE', #120, 6.000000000000000000 ) ;
#1305 = CARTESIAN_POINT ( 'NONE',  ( -83.07514779416504780, -13.93378024228895562, 3.718443110989364531 ) ) ;
#1306 = CIRCLE ( 'NONE', #879, 5.999999999999998224 ) ;
#1307 = CARTESIAN_POINT ( 'NONE',  ( -84.36696071592380974, -16.00096821114093970, 1.695598974245811075 ) ) ;
#1308 = ORIENTED_EDGE ( 'NONE', *, *, #1028, .F. ) ;
#1309 = CARTESIAN_POINT ( 'NONE',  ( -102.5042323469168792, -23.09287389329371365, 14.36478149002881288 ) ) ;
#1310 = DIRECTION ( 'NONE',  ( 0.9990482215818580203, -0.000000000000000000, -0.04361938736532942201 ) ) ;
#1311 = CARTESIAN_POINT ( 'NONE',  ( -81.39669410179907061, -26.99999999999999645, 11.23143488549641766 ) ) ;
#1312 = CARTESIAN_POINT ( 'NONE',  ( -82.50951778418142624, -14.33333333333333570, 16.31102966887338468 ) ) ;
#1313 = B_SPLINE_SURFACE_WITH_KNOTS ( 'NONE', 5, 3, ( 
 ( #141, #285, #899, #2383 ),
 ( #730, #364, #717, #390 ),
 ( #769, #182, #1484, #2025 ),
 ( #1314, #2398, #1694, #1454 ),
 ( #170, #1495, #2052, #1145 ),
 ( #195, #565, #1287, #1841 ),
 ( #953, #940, #581, #351 ),
 ( #2066, #1119, #1471, #2202 ) ),
 .UNSPECIFIED., .F., .F., .F.,
 ( 6, 2, 6 ),
 ( 4, 4 ),
 ( 0.000000000000000000, 0.5000000000000000000, 1.000000000000000000 ),
 ( 0.008657376210806710243, 0.01106000309117990271 ),
 .UNSPECIFIED. ) ;
#1314 = CARTESIAN_POINT ( 'NONE',  ( -82.62740295830748494, -17.88923943586097565, 16.12270768723121961 ) ) ;
#1315 = CARTESIAN_POINT ( 'NONE',  ( -104.7954902676270166, -16.90789874191599651, 14.46417521936368189 ) ) ;
#1316 = ADVANCED_FACE ( 'NONE', ( #615 ), #2108, .F. ) ;
#1317 = CARTESIAN_POINT ( 'NONE',  ( -83.16192033722863641, -16.00000000000000000, 1.368554550686118310 ) ) ;
#1318 = CARTESIAN_POINT ( 'NONE',  ( -101.9932425712695618, -23.00000000000000000, 17.16170746444763751 ) ) ;
#1319 = LINE ( 'NONE', #983, #1071 ) ;
#1320 = B_SPLINE_CURVE_WITH_KNOTS ( 'NONE', 3,
 ( #596, #669, #1685, #1206 ),
 .UNSPECIFIED., .F., .F.,
 ( 4, 4 ),
 ( 0.000000000000000000, 1.000000000000000000 ),
 .UNSPECIFIED. ) ;
#1321 = CARTESIAN_POINT ( 'NONE',  ( -79.16572745090121543, -16.00000000000000000, 1.194077001224732149 ) ) ;
#1322 = ORIENTED_EDGE ( 'NONE', *, *, #939, .F. ) ;
#1323 = CARTESIAN_POINT ( 'NONE',  ( -86.15906500197415596, -13.78521482516186047, 1.499412712782035584 ) ) ;
#1324 = CARTESIAN_POINT ( 'NONE',  ( -83.16192033722863641, -14.00000000000000355, 1.368554550686118310 ) ) ;
#1325 = VERTEX_POINT ( 'NONE', #185 ) ;
#1326 = CARTESIAN_POINT ( 'NONE',  ( -80.73130574145295668, -26.99999999999999645, 11.18761013881635336 ) ) ;
#1327 = CARTESIAN_POINT ( 'NONE',  ( -82.68380077097130254, -26.99999999999999645, 12.31929300035816865 ) ) ;
#1328 = CARTESIAN_POINT ( 'NONE',  ( -82.53098844103415388, -17.77926504839466304, 15.81927077814796867 ) ) ;
#1329 = CARTESIAN_POINT ( 'NONE',  ( -102.4944492808271121, -18.71685339071397891, 17.09255668930830296 ) ) ;
#1330 = CARTESIAN_POINT ( 'NONE',  ( -82.76538872409447833, -16.72037617051543279, 10.45062165044917180 ) ) ;
#1331 = CARTESIAN_POINT ( 'NONE',  ( -104.7084630594175394, -14.33333333333333570, 12.23447543558446604 ) ) ;
#1332 = CARTESIAN_POINT ( 'NONE',  ( -100.6498539968955157, -23.78521482516187646, 2.132094223788495668 ) ) ;
#1333 = CARTESIAN_POINT ( 'NONE',  ( -101.1553507495701467, -25.99999999999999645, 2.154164688647703940 ) ) ;
#1334 = ORIENTED_EDGE ( 'NONE', *, *, #2258, .F. ) ;
#1335 = DIRECTION ( 'NONE',  ( -0.04361938736532901262, 0.000000000000000000, -0.9990482215818580203 ) ) ;
#1336 = CARTESIAN_POINT ( 'NONE',  ( -104.6254026202940821, -22.92870134428773099, 15.63944662822392218 ) ) ;
#1337 = EDGE_LOOP ( 'NONE', ( #1742, #1444, #1611, #1254, #1334, #751 ) ) ;
#1338 = CARTESIAN_POINT ( 'NONE',  ( -80.51730185657970651, -17.07142149126544695, 14.58729792556316163 ) ) ;
#1339 = CARTESIAN_POINT ( 'NONE',  ( -80.52464243692429591, -22.06946211282636483, 15.83652677758540506 ) ) ;
#1340 = ADVANCED_FACE ( 'NONE', ( #1345 ), #1402, .F. ) ;
#1341 = CARTESIAN_POINT ( 'NONE',  ( -82.57716910169258995, -22.90422674231041356, 14.76155975355558603 ) ) ;
#1342 = CARTESIAN_POINT ( 'NONE',  ( -103.0253509769185314, -13.93176881684640378, 4.627170913209901926 ) ) ;
#1343 = ADVANCED_BREP_SHAPE_REPRESENTATION ( 'motor pylon bracket primary spar', ( #808, #2098 ), #564 ) ;
#1344 = CARTESIAN_POINT ( 'NONE',  ( -81.84348563646015862, -13.00000000000000178, 16.28195007729648580 ) ) ;
#1345 = FACE_OUTER_BOUND ( 'NONE', #1929, .T. ) ;
#1346 = CARTESIAN_POINT ( 'NONE',  ( -103.0560467825532669, -26.21478517483813064, 4.229859177187068831 ) ) ;
#1347 = CARTESIAN_POINT ( 'NONE',  ( -100.9353448082245990, -16.00000000000000000, 7.123944157216555162 ) ) ;
#1348 = ORIENTED_EDGE ( 'NONE', *, *, #817, .T. ) ;
#1349 = CARTESIAN_POINT ( 'NONE',  ( -84.03038221246860928, -16.21478517483814130, 1.621753074032430852 ) ) ;
#1350 = B_SPLINE_CURVE_WITH_KNOTS ( 'NONE', 3,
 ( #1172, #2069, #49, #661 ),
 .UNSPECIFIED., .F., .F.,
 ( 4, 4 ),
 ( 0.000000000000000000, 0.8127012708523628781 ),
 .UNSPECIFIED. ) ;
#1351 = AXIS2_PLACEMENT_3D ( 'NONE', #2096, #1359, #1499 ) ;
#1352 = EDGE_CURVE ( 'NONE', #2032, #1151, #1350, .T. ) ;
#1353 = CARTESIAN_POINT ( 'NONE',  ( -104.6237931494895150, -22.92488670658762118, 15.65274324539344875 ) ) ;
#1354 = VERTEX_POINT ( 'NONE', #1148 ) ;
#1355 = CARTESIAN_POINT ( 'NONE',  ( -83.07103420802680205, -26.06823074817568298, 3.755938528323796710 ) ) ;
#1356 = CARTESIAN_POINT ( 'NONE',  ( -82.51355861551424198, -21.29094796355827413, 16.21847941540656279 ) ) ;
#1357 = CARTESIAN_POINT ( 'NONE',  ( -102.6969148102080140, -13.98853748005377540, 3.184047978161454573 ) ) ;
#1358 = CARTESIAN_POINT ( 'NONE',  ( -83.00686895912075158, -17.00000000000000000, 16.33274449012789020 ) ) ;
#1359 = DIRECTION ( 'NONE',  ( -0.9990482215818581313, 4.059252933785728601E-16, 0.04361938736532956773 ) ) ;
#1360 = CARTESIAN_POINT ( 'NONE',  ( -82.50951778418142624, -17.96101512044649695, 16.31102966887337757 ) ) ;
#1361 = CARTESIAN_POINT ( 'NONE',  ( -103.1428847688654855, -26.00000000000000000, 2.240942297992870813 ) ) ;
#1362 = EDGE_LOOP ( 'NONE', ( #1965, #1687, #2045, #777 ) ) ;
#1363 = CARTESIAN_POINT ( 'NONE',  ( -85.15083721642302805, -16.21478517483813420, 1.455392536998318498 ) ) ;
#1364 = CARTESIAN_POINT ( 'NONE',  ( -104.5721491606790750, -22.74704773164059901, 16.11803563924290117 ) ) ;
#1365 = VERTEX_POINT ( 'NONE', #2430 ) ;
#1366 = CARTESIAN_POINT ( 'NONE',  ( -103.3412135025072018, -23.09259136283948521, 14.40108663361000652 ) ) ;
#1367 = EDGE_CURVE ( 'NONE', #488, #1354, #1923, .T. ) ;
#1368 = CARTESIAN_POINT ( 'NONE',  ( -82.61223275233577112, -23.06057732121694670, 13.95847011995222786 ) ) ;
#1369 = CARTESIAN_POINT ( 'NONE',  ( -101.5885615156591513, -13.99969669260980254, 2.325314430153983203 ) ) ;
#1370 = CARTESIAN_POINT ( 'NONE',  ( -107.1390776551929207, -24.00000000000000000, 2.415419847454189028 ) ) ;
#1371 = CARTESIAN_POINT ( 'NONE',  ( -82.68380077097128833, -13.00000000000000355, 12.31929300035816688 ) ) ;
#1372 = EDGE_CURVE ( 'NONE', #488, #644, #1263, .T. ) ;
#1373 = CARTESIAN_POINT ( 'NONE',  ( -79.16572745090121543, -14.66666666666666963, 1.194077001224732149 ) ) ;
#1374 = CARTESIAN_POINT ( 'NONE',  ( -83.05307226302446111, -24.59507160838388629, 3.861585322656004848 ) ) ;
#1375 = CARTESIAN_POINT ( 'NONE',  ( -83.03106217513258969, -15.36811671964779613, 4.365699215431566138 ) ) ;
#1376 = CARTESIAN_POINT ( 'NONE',  ( -101.1544565127209410, -14.00000000000000355, 2.154125645423683899 ) ) ;
#1377 = ORIENTED_EDGE ( 'NONE', *, *, #1039, .F. ) ;
#1378 = CARTESIAN_POINT ( 'NONE',  ( -83.07152189031815226, -26.06798331989679340, 3.751348864929194615 ) ) ;
#1379 = CARTESIAN_POINT ( 'NONE',  ( -82.54199139720078904, -22.48560189954291388, 15.56726164976763904 ) ) ;
#1380 = CARTESIAN_POINT ( 'NONE',  ( -101.4928939614642758, -13.99978983172651859, 2.294739148903266024 ) ) ;
#1381 = B_SPLINE_CURVE_WITH_KNOTS ( 'NONE', 3,
 ( #507, #1802, #852, #1257 ),
 .UNSPECIFIED., .F., .F.,
 ( 4, 4 ),
 ( 0.000000000000000000, 1.000000000000000000 ),
 .UNSPECIFIED. ) ;
#1382 = CARTESIAN_POINT ( 'NONE',  ( -104.4885763931009564, -20.10738773226527698, 17.27065596620996857 ) ) ;
#1383 = CARTESIAN_POINT ( 'NONE',  ( -101.4967152061708902, -26.99999999999999645, 17.14002861150754953 ) ) ;
#1384 = ORIENTED_EDGE ( 'NONE', *, *, #1012, .F. ) ;
#1385 = CARTESIAN_POINT ( 'NONE',  ( -83.05307226302446111, -16.21478517483813775, 3.861585322656003516 ) ) ;
#1386 = CARTESIAN_POINT ( 'NONE',  ( -103.8225465112610522, -13.00000000000000355, 17.24157659933392850 ) ) ;
#1387 = VERTEX_POINT ( 'NONE', #2245 ) ;
#1388 = CARTESIAN_POINT ( 'NONE',  ( -83.16099088639417403, -26.04193277814789198, 3.218856626070208726 ) ) ;
#1389 = AXIS2_PLACEMENT_3D ( 'NONE', #1983, #295, #1796 ) ;
#1390 = CARTESIAN_POINT ( 'NONE',  ( -102.7463531557315832, -16.72037617051530844, 11.32300939775502790 ) ) ;
#1391 = CARTESIAN_POINT ( 'NONE',  ( -100.7978464308196891, -13.99999648129161578, 2.154728905842430375 ) ) ;
#1392 = CARTESIAN_POINT ( 'NONE',  ( -104.7954902676268745, -23.09210125808395730, 14.46417521936453632 ) ) ;
#1393 = ADVANCED_FACE ( 'NONE', ( #570 ), #379, .T. ) ;
#1394 = CARTESIAN_POINT ( 'NONE',  ( -79.06713803800239759, 4.186813501067011099E-14, 3.452145799815911520 ) ) ;
#1395 = CARTESIAN_POINT ( 'NONE',  ( -83.33846392396637270, -26.21478517483813420, 2.255779371659814458 ) ) ;
#1396 = CARTESIAN_POINT ( 'NONE',  ( -83.07273419601176556, -23.93261886078084544, 3.740149394870760258 ) ) ;
#1397 = CARTESIAN_POINT ( 'NONE',  ( -104.4749490643079781, -14.00000000000000355, 2.299101481146643255 ) ) ;
#1398 = ORIENTED_EDGE ( 'NONE', *, *, #771, .T. ) ;
#1399 = CARTESIAN_POINT ( 'NONE',  ( -102.1486706407932132, -14.00000000000000000, 2.197533971708277356 ) ) ;
#1400 = ADVANCED_FACE ( 'NONE', ( #25 ), #1597, .T. ) ;
#1401 = CARTESIAN_POINT ( 'NONE',  ( -80.51142134101772285, -13.00000000000000355, 16.22379089414270581 ) ) ;
#1402 = CYLINDRICAL_SURFACE ( 'NONE', #1192, 9.999999999999994671 ) ;
#1403 = CARTESIAN_POINT ( 'NONE',  ( -104.4885786589822771, -13.00000000000000178, 17.27065619091081672 ) ) ;
#1404 = CARTESIAN_POINT ( 'NONE',  ( -80.13282516372814257, -23.33951664435494777, 9.327833173057214822 ) ) ;
#1405 = CARTESIAN_POINT ( 'NONE',  ( -102.7084352541284176, -26.99999999999999645, 12.19147212616330833 ) ) ;
#1406 = CARTESIAN_POINT ( 'NONE',  ( -86.01429326362259076, -13.99999999999998934, 1.493095544270569341 ) ) ;
#1407 = B_SPLINE_CURVE_WITH_KNOTS ( 'NONE', 3,
 ( #793, #399, #1917, #1532 ),
 .UNSPECIFIED., .F., .F.,
 ( 4, 4 ),
 ( 0.000000000000000000, 1.000000000000000000 ),
 .UNSPECIFIED. ) ;
#1408 = CARTESIAN_POINT ( 'NONE',  ( -102.9700909633829582, -23.96128434973928378, 4.007888092874121178 ) ) ;
#1409 = VERTEX_POINT ( 'NONE', #1058 ) ;
#1410 = CARTESIAN_POINT ( 'NONE',  ( -102.8209633989133209, -16.01905157644265287, 3.458588135888360782 ) ) ;
#1411 = CARTESIAN_POINT ( 'NONE',  ( -79.16572745090121543, -16.48079561171319440, 1.194077001224732149 ) ) ;
#1412 = CARTESIAN_POINT ( 'NONE',  ( -82.63237542511720335, -23.09283702105852143, 13.49712706504748461 ) ) ;
#1413 = CARTESIAN_POINT ( 'NONE',  ( -104.7084630594175394, -20.11703461860714626, 12.23447543558446604 ) ) ;
#1414 = CARTESIAN_POINT ( 'NONE',  ( -102.1491177592178161, -25.99999999999999645, 2.197553493320286933 ) ) ;
#1415 = CARTESIAN_POINT ( 'NONE',  ( -85.53048648881396332, -13.99999717980760572, 1.486445340129354697 ) ) ;
#1416 = CARTESIAN_POINT ( 'NONE',  ( -105.5877727466903622, -14.00000000000000355, 7.378696264523597392 ) ) ;
#1417 = EDGE_LOOP ( 'NONE', ( #543, #2012, #482, #1729, #2390, #328 ) ) ;
#1418 = CARTESIAN_POINT ( 'NONE',  ( -84.87252463201670594, -26.00015690833636484, 1.551619851211705425 ) ) ;
#1419 = EDGE_CURVE ( 'NONE', #1647, #111, #498, .T. ) ;
#1420 = CARTESIAN_POINT ( 'NONE',  ( -104.4749490643079781, -25.99999999999999645, 2.299101481146642811 ) ) ;
#1421 = CARTESIAN_POINT ( 'NONE',  ( -80.51142134101770864, -17.00000000000000000, 16.22379089414270226 ) ) ;
#1422 = CARTESIAN_POINT ( 'NONE',  ( -86.15184707766370309, -25.99999999999993960, 1.499097621814200920 ) ) ;
#1423 = DIRECTION ( 'NONE',  ( 0.04361938736533586825, 0.000000000000000000, 0.9990482215818577982 ) ) ;
#1424 = CARTESIAN_POINT ( 'NONE',  ( -103.0120266067695241, -16.21478517483813064, 5.238086962738197627 ) ) ;
#1425 = CARTESIAN_POINT ( 'NONE',  ( -85.55904201874209036, -13.99999783834578615, 1.485910759012649907 ) ) ;
#1426 = CARTESIAN_POINT ( 'NONE',  ( -102.9279250742173417, -23.97120411002953233, 3.767707803565348623 ) ) ;
#1427 = B_SPLINE_CURVE_WITH_KNOTS ( 'NONE', 3,
 ( #1412, #1614, #888, #95 ),
 .UNSPECIFIED., .F., .F.,
 ( 4, 4 ),
 ( 0.000000000000000000, 1.000000000000000000 ),
 .UNSPECIFIED. ) ;
#1428 = VERTEX_POINT ( 'NONE', #876 ) ;
#1429 = CARTESIAN_POINT ( 'NONE',  ( -84.88697125708699787, -26.00014735203304994, 1.548887953318412558 ) ) ;
#1430 = CARTESIAN_POINT ( 'NONE',  ( -100.1525935009650823, -24.00000000000034817, 2.110383404825790343 ) ) ;
#1431 = CARTESIAN_POINT ( 'NONE',  ( -83.72074606616901349, -26.99999999999999645, 11.38450487391166810 ) ) ;
#1432 = EDGE_CURVE ( 'NONE', #1244, #309, #313, .T. ) ;
#1433 = CARTESIAN_POINT ( 'NONE',  ( -81.17745348846828790, -19.90202309449067286, 16.25287048570777415 ) ) ;
#1434 = CARTESIAN_POINT ( 'NONE',  ( -85.15083721642302805, -24.59507160838388629, 1.455392536998320274 ) ) ;
#1435 = CARTESIAN_POINT ( 'NONE',  ( -102.4904822158185596, -13.00000000000000178, 17.18341741618014140 ) ) ;
#1436 = CARTESIAN_POINT ( 'NONE',  ( -83.18490543438778673, -23.96204530040103720, 3.125743350072685445 ) ) ;
#1437 = CARTESIAN_POINT ( 'NONE',  ( -83.09912750556044614, -16.05638944764714182, 3.529621524215509787 ) ) ;
#1438 = ORIENTED_EDGE ( 'NONE', *, *, #2085, .F. ) ;
#1439 = CARTESIAN_POINT ( 'NONE',  ( -101.0483885325493247, -16.00001500039335411, 2.187964260132882366 ) ) ;
#1440 = CARTESIAN_POINT ( 'NONE',  ( -103.1428847688654855, -26.00000000000000000, 2.240942297992870813 ) ) ;
#1441 = ORIENTED_EDGE ( 'NONE', *, *, #886, .F. ) ;
#1442 = CARTESIAN_POINT ( 'NONE',  ( -104.4885786589822771, -17.00000000000000000, 17.27065619091081672 ) ) ;
#1443 = CARTESIAN_POINT ( 'NONE',  ( -104.4885786589822771, -21.07802307907143202, 17.27065619091081672 ) ) ;
#1444 = ORIENTED_EDGE ( 'NONE', *, *, #2118, .T. ) ;
#1445 = EDGE_CURVE ( 'NONE', #2304, #1904, #1580, .T. ) ;
#1446 = CARTESIAN_POINT ( 'NONE',  ( -102.5433103317128882, -22.80999467332972586, 15.97345463537049781 ) ) ;
#1447 = CARTESIAN_POINT ( 'NONE',  ( -100.1536619191181785, -26.00000000000016698, 2.110430076438514213 ) ) ;
#1448 = CARTESIAN_POINT ( 'NONE',  ( -83.12660050691928859, -16.04909001380316269, 3.377094146599933566 ) ) ;
#1449 = VERTEX_POINT ( 'NONE', #1979 ) ;
#1450 = CARTESIAN_POINT ( 'NONE',  ( -103.9896854635067598, -22.11039917219948592, 17.05536964756376861 ) ) ;
#1451 = CARTESIAN_POINT ( 'NONE',  ( -81.61125921610114631, -14.00000000000000355, 6.317085812652330823 ) ) ;
#1452 = CARTESIAN_POINT ( 'NONE',  ( -80.73130574145297089, -24.33333333333333570, 11.18761013881635158 ) ) ;
#1453 = CARTESIAN_POINT ( 'NONE',  ( -104.7954902676270166, -16.90789874191599651, 14.46417521936368189 ) ) ;
#1454 = CARTESIAN_POINT ( 'NONE',  ( -80.22706789145111372, -17.88977862727170631, 16.01785322043757631 ) ) ;
#1455 = B_SPLINE_CURVE_WITH_KNOTS ( 'NONE', 3,
 ( #1813, #1603, #2150, #2341 ),
 .UNSPECIFIED., .F., .F.,
 ( 4, 4 ),
 ( 0.000000000000000000, 1.000000000000000000 ),
 .UNSPECIFIED. ) ;
#1456 = CARTESIAN_POINT ( 'NONE',  ( -102.5619463304629875, -17.06993226828215882, 15.54662008923773797 ) ) ;
#1457 = CIRCLE ( 'NONE', #648, 4.000000000000000888 ) ;
#1458 = CARTESIAN_POINT ( 'NONE',  ( -104.1044758994337087, -16.90766631605642445, 14.43420143532253519 ) ) ;
#1459 = CARTESIAN_POINT ( 'NONE',  ( -102.5626143621206978, -22.93435335298856259, 15.53131964877064597 ) ) ;
#1460 = CARTESIAN_POINT ( 'NONE',  ( -103.0247868310340777, -26.06680248595517213, 4.600422164267662595 ) ) ;
#1461 = EDGE_CURVE ( 'NONE', #894, #450, #1455, .T. ) ;
#1462 = PRODUCT_DEFINITION_SHAPE ( 'NONE', 'NONE',  #792 ) ;
#1463 = CARTESIAN_POINT ( 'NONE',  ( -85.32891931328737201, -16.00001252477371594, 1.494494802443638193 ) ) ;
#1464 = ORIENTED_EDGE ( 'NONE', *, *, #1795, .T. ) ;
#1465 = CARTESIAN_POINT ( 'NONE',  ( -103.2167646178884439, -22.77827360487304276, 16.40306828094782787 ) ) ;
#1466 = CARTESIAN_POINT ( 'NONE',  ( -82.65412055490887155, -22.77841179504159541, 15.50534497234190034 ) ) ;
#1467 = CARTESIAN_POINT ( 'NONE',  ( -81.17745348873894784, -13.00000000000000355, 16.25287048571959758 ) ) ;
#1468 = ORIENTED_EDGE ( 'NONE', *, *, #60, .F. ) ;
#1469 = CARTESIAN_POINT ( 'NONE',  ( -80.73130574145297089, -22.03879346085120616, 11.18761013881635158 ) ) ;
#1470 = CARTESIAN_POINT ( 'NONE',  ( -80.47011499630706055, -16.92335877579710868, 13.65577183355334157 ) ) ;
#1471 = CARTESIAN_POINT ( 'NONE',  ( -81.14127579456476269, -16.90766631605668380, 13.43160646655102219 ) ) ;
#1472 = CARTESIAN_POINT ( 'NONE',  ( -104.7567072722619201, -16.92330230574862071, 14.70192267079600157 ) ) ;
#1473 = PLANE ( 'NONE',  #2051 ) ;
#1474 = CARTESIAN_POINT ( 'NONE',  ( -80.51142134598055122, -20.10706061397405264, 16.22379078094016691 ) ) ;
#1475 = CARTESIAN_POINT ( 'NONE',  ( -100.2941843178011112, -26.00000000000004974, 2.116572301671626466 ) ) ;
#1476 = CARTESIAN_POINT ( 'NONE',  ( -81.01945842616339633, -20.09792051862127948, 16.24597227231265961 ) ) ;
#1477 = CARTESIAN_POINT ( 'NONE',  ( -85.67005632241929902, -15.99999897927869164, 1.483107284093566847 ) ) ;
#1478 = ORIENTED_EDGE ( 'NONE', *, *, #1723, .F. ) ;
#1479 = CARTESIAN_POINT ( 'NONE',  ( -104.7808241052239850, -20.57693934414005099, 17.28341590265444694 ) ) ;
#1480 = CARTESIAN_POINT ( 'NONE',  ( -80.27855113328352843, -14.00000000000000355, 6.273671784601707380 ) ) ;
#1481 = EDGE_LOOP ( 'NONE', ( #136, #2009, #396, #2263, #371, #780 ) ) ;
#1482 = CARTESIAN_POINT ( 'NONE',  ( -78.94584305046592476, -25.99999999999999645, 6.230257756551081272 ) ) ;
#1483 = CARTESIAN_POINT ( 'NONE',  ( -102.4904822158185596, -18.92291738268662016, 17.18341741618014495 ) ) ;
#1484 = CARTESIAN_POINT ( 'NONE',  ( -81.01911959644955630, -18.94353767381389630, 16.24595747868888651 ) ) ;
#1485 = CARTESIAN_POINT ( 'NONE',  ( -104.4885786589822771, -25.66666666666666430, 17.27065619091081672 ) ) ;
#1486 = CARTESIAN_POINT ( 'NONE',  ( -79.16572745090121543, -16.00000000000000000, 1.194077001224732149 ) ) ;
#1487 = CARTESIAN_POINT ( 'NONE',  ( -102.4946101575278021, -21.30004625972433274, 17.08887200707466647 ) ) ;
#1488 = CARTESIAN_POINT ( 'NONE',  ( -103.0121216431115556, -26.05378617603938807, 4.344287778797654376 ) ) ;
#1489 = CARTESIAN_POINT ( 'NONE',  ( -83.05345421362768832, -16.07950313485951810, 3.958561752613049212 ) ) ;
#1490 = VERTEX_POINT ( 'NONE', #292 ) ;
#1491 = CARTESIAN_POINT ( 'NONE',  ( -102.9977933604395588, -16.04645204860856467, 4.188945080750343664 ) ) ;
#1492 = CARTESIAN_POINT ( 'NONE',  ( -107.1390776551929207, -16.00000000000000000, 2.415419847454189028 ) ) ;
#1493 = CARTESIAN_POINT ( 'NONE',  ( -80.51339846533382172, -18.97288431834867595, 16.17736194142302608 ) ) ;
#1494 = CARTESIAN_POINT ( 'NONE',  ( -80.51142134101770864, -23.00000000000000000, 16.22379089414270581 ) ) ;
#1495 = CARTESIAN_POINT ( 'NONE',  ( -81.85401101444195149, -17.22172639511724057, 15.47035031550198170 ) ) ;
#1496 = CARTESIAN_POINT ( 'NONE',  ( -102.4904822158185596, -27.00000000000000000, 17.18341741618014140 ) ) ;
#1497 = AXIS2_PLACEMENT_3D ( 'NONE', #731, #155, #391 ) ;
#1498 = CARTESIAN_POINT ( 'NONE',  ( -82.63237542511720335, -16.90716297894147502, 13.49712706504742243 ) ) ;
#1499 = DIRECTION ( 'NONE',  ( 0.04361938736532899874, 0.000000000000000000, 0.9990482215818581313 ) ) ;
#1500 = CIRCLE ( 'NONE', #609, 11.99999999999999289 ) ;
#1501 = DIRECTION ( 'NONE',  ( 0.000000000000000000, -0.000000000000000000, -1.000000000000000000 ) ) ;
#1502 = AXIS2_PLACEMENT_3D ( 'NONE', #1812, #887, #1625 ) ;
#1503 = CARTESIAN_POINT ( 'NONE',  ( -101.1539678896710654, -16.21478517483812709, 2.154104311680351103 ) ) ;
#1504 = ORIENTED_EDGE ( 'NONE', *, *, #2229, .F. ) ;
#1505 = CARTESIAN_POINT ( 'NONE',  ( -102.3894589725562696, -22.11076056413902080, 16.98553768662420183 ) ) ;
#1506 =( NAMED_UNIT ( * ) SI_UNIT ( $, .STERADIAN. ) SOLID_ANGLE_UNIT ( ) );
#1507 = EDGE_LOOP ( 'NONE', ( #2328, #973, #2035, #1702, #1757, #2356, #633, #933 ) ) ;
#1508 = CARTESIAN_POINT ( 'NONE',  ( -80.51519141234655308, -18.71522498769983756, 16.13243294644262704 ) ) ;
#1509 = CARTESIAN_POINT ( 'NONE',  ( -80.45027855728541510, -16.90789874191601072, 13.40124032078310634 ) ) ;
#1510 = CARTESIAN_POINT ( 'NONE',  ( -82.51376723321919826, -18.68749219295717978, 16.21370128440226921 ) ) ;
#1511 = CARTESIAN_POINT ( 'NONE',  ( -104.6282120952105004, -17.06483112899384480, 15.61638541271924296 ) ) ;
#1512 = CARTESIAN_POINT ( 'NONE',  ( -104.7808241052239850, -19.42306065585994901, 17.28341590265445404 ) ) ;
#1513 = DIRECTION ( 'NONE',  ( -0.9990482215818573541, -9.458446908795409492E-18, 0.04361938736534711619 ) ) ;
#1514 = CARTESIAN_POINT ( 'NONE',  ( -79.16572745090121543, -14.00000000000000178, 1.194077001224732149 ) ) ;
#1515 = EDGE_CURVE ( 'NONE', #1175, #1660, #1427, .T. ) ;
#1516 = CARTESIAN_POINT ( 'NONE',  ( -102.1476102910209391, -16.00000000000000000, 2.197487675837407117 ) ) ;
#1517 = ORIENTED_EDGE ( 'NONE', *, *, #566, .F. ) ;
#1518 = CARTESIAN_POINT ( 'NONE',  ( -83.03106217513258969, -16.21478517483813775, 4.365699215431566138 ) ) ;
#1519 = CARTESIAN_POINT ( 'NONE',  ( -104.4885786589822771, -19.89215997119344692, 17.27065619091082382 ) ) ;
#1520 = EDGE_LOOP ( 'NONE', ( #976, #2137, #1976, #65 ) ) ;
#1521 = CARTESIAN_POINT ( 'NONE',  ( -80.51986018937901690, -17.09486369351919421, 14.66697704059886576 ) ) ;
#1522 = CARTESIAN_POINT ( 'NONE',  ( -83.16192033722865062, -24.00000000000000000, 1.368554550686120974 ) ) ;
#1523 = CARTESIAN_POINT ( 'NONE',  ( -82.94396729891874998, -24.00000000000000000, 6.360499840702954266 ) ) ;
#1524 = CARTESIAN_POINT ( 'NONE',  ( -104.4885786589822771, -23.00000000000000000, 17.27065619091081672 ) ) ;
#1525 = CARTESIAN_POINT ( 'NONE',  ( -100.1457401041199518, -14.66666666666693786, 2.110084135896637125 ) ) ;
#1526 = CARTESIAN_POINT ( 'NONE',  ( -102.7084352541284176, -23.00000000000000000, 12.19147212616330833 ) ) ;
#1527 = CARTESIAN_POINT ( 'NONE',  ( -103.0560467825532811, -24.59507160838951378, 4.229859177187065278 ) ) ;
#1528 = EDGE_CURVE ( 'NONE', #5, #763, #236, .T. ) ;
#1529 = CARTESIAN_POINT ( 'NONE',  ( -101.1539678896710654, -13.78521482516186936, 2.154104311680352879 ) ) ;
#1530 = ORIENTED_EDGE ( 'NONE', *, *, #676, .T. ) ;
#1531 = CARTESIAN_POINT ( 'NONE',  ( -107.1390776551929349, -20.00000000000000000, 2.415419847454189473 ) ) ;
#1532 = CARTESIAN_POINT ( 'NONE',  ( -83.03106217513257548, -26.10435015894375610, 4.365699215431569691 ) ) ;
#1533 = ORIENTED_EDGE ( 'NONE', *, *, #247, .T. ) ;
#1534 = CARTESIAN_POINT ( 'NONE',  ( -81.82985604178615802, -16.00000000000000000, 1.310395367532347422 ) ) ;
#1535 = CARTESIAN_POINT ( 'NONE',  ( -82.50951778418142624, -23.00000000000000000, 16.31102966887338113 ) ) ;
#1536 = CARTESIAN_POINT ( 'NONE',  ( -104.5445991016775622, -17.37902797590047754, 16.39692342739773423 ) ) ;
#1537 = CARTESIAN_POINT ( 'NONE',  ( -107.1390776551929207, -25.33333333333333215, 2.415419847454188584 ) ) ;
#1538 = CARTESIAN_POINT ( 'NONE',  ( -102.1484054797674759, -24.00000000000000000, 2.197522394527871015 ) ) ;
#1539 = CARTESIAN_POINT ( 'NONE',  ( -83.03106217513258969, -13.89564984105624390, 4.365699215431567026 ) ) ;
#1540 = CARTESIAN_POINT ( 'NONE',  ( -82.50971656030871770, -20.10775880919176828, 16.31103808384019516 ) ) ;
#1541 = EDGE_CURVE ( 'NONE', #1838, #763, #2190, .T. ) ;
#1542 = VERTEX_POINT ( 'NONE', #1050 ) ;
#1543 = CARTESIAN_POINT ( 'NONE',  ( -81.82985604178615802, -26.00000000000000355, 1.310395367532279476 ) ) ;
#1544 = DIRECTION ( 'NONE',  ( -0.9990482215818581313, 4.059252933785728601E-16, 0.04361938736532956773 ) ) ;
#1545 = VERTEX_POINT ( 'NONE', #114 ) ;
#1546 = CARTESIAN_POINT ( 'NONE',  ( -80.46819834290349149, -23.07669220499068174, 13.64153942857297608 ) ) ;
#1547 = CARTESIAN_POINT ( 'NONE',  ( -83.50524200130486463, -23.00000000000000000, 16.35450392706983180 ) ) ;
#1548 = ADVANCED_FACE ( 'NONE', ( #2160 ), #867, .T. ) ;
#1549 = CARTESIAN_POINT ( 'NONE',  ( -102.3353201653554407, -13.99653618600009963, 2.737315413160506417 ) ) ;
#1550 = B_SPLINE_CURVE_WITH_KNOTS ( 'NONE', 3,
 ( #1105, #1143, #2213, #1453 ),
 .UNSPECIFIED., .F., .F.,
 ( 4, 4 ),
 ( 0.000000000000000000, 1.000000000000000000 ),
 .UNSPECIFIED. ) ;
#1551 = CARTESIAN_POINT ( 'NONE',  ( -86.15906500197415596, -15.33333333333260207, 1.499412712782034474 ) ) ;
#1552 = CARTESIAN_POINT ( 'NONE',  ( -103.0120266067694956, -23.89564984105624390, 5.238086962738204733 ) ) ;
#1553 = CARTESIAN_POINT ( 'NONE',  ( -80.51142134101770864, -24.33333333333333215, 16.22379089414272002 ) ) ;
#1554 = CARTESIAN_POINT ( 'NONE',  ( -81.12088897138376353, -23.06375628855061422, 13.89877329211402923 ) ) ;
#1555 = CARTESIAN_POINT ( 'NONE',  ( -103.0560467825532527, -13.78521482516187113, 4.229859177187064390 ) ) ;
#1556 = ORIENTED_EDGE ( 'NONE', *, *, #2403, .T. ) ;
#1557 = CARTESIAN_POINT ( 'NONE',  ( -83.33846392396637270, -15.40492839160779681, 2.255779371659811794 ) ) ;
#1558 = B_SPLINE_CURVE_WITH_KNOTS ( 'NONE', 3,
 ( #2003, #302, #673, #467 ),
 .UNSPECIFIED., .F., .F.,
 ( 4, 4 ),
 ( 0.000000000000000000, 1.000000000000000000 ),
 .UNSPECIFIED. ) ;
#1559 = CARTESIAN_POINT ( 'NONE',  ( -104.4929291493314309, -21.29837234297292170, 17.17635319095179369 ) ) ;
#1560 = ORIENTED_EDGE ( 'NONE', *, *, #2155, .F. ) ;
#1561 = CARTESIAN_POINT ( 'NONE',  ( -83.06526747522050869, -26.07136383933210411, 3.813576349040276092 ) ) ;
#1562 = CARTESIAN_POINT ( 'NONE',  ( -82.52551781534715758, -22.08905071409649068, 15.94456870628619960 ) ) ;
#1563 = CARTESIAN_POINT ( 'NONE',  ( -100.8801906301880109, -13.99999326328065585, 2.164736211600502003 ) ) ;
#1564 = PLANE ( 'NONE',  #1776 ) ;
#1565 = CARTESIAN_POINT ( 'NONE',  ( -101.9935987109947320, -26.99999999999999645, 17.16172301384384724 ) ) ;
#1566 = ORIENTED_EDGE ( 'NONE', *, *, #1137, .T. ) ;
#1567 = CARTESIAN_POINT ( 'NONE',  ( -84.95034058847872416, -23.99988928707329805, 1.537675050852584491 ) ) ;
#1568 = CARTESIAN_POINT ( 'NONE',  ( -104.4885795403001083, -20.36945302966444871, 17.27063600542503607 ) ) ;
#1569 = ORIENTED_EDGE ( 'NONE', *, *, #1831, .T. ) ;
#1570 = CARTESIAN_POINT ( 'NONE',  ( -83.09909235340288092, -26.05640114138171626, 3.529855210686783096 ) ) ;
#1571 = CARTESIAN_POINT ( 'NONE',  ( -82.51334810502875428, -21.26837182484732480, 16.22330089821088706 ) ) ;
#1572 = CARTESIAN_POINT ( 'NONE',  ( -102.9946736267670389, -13.95435235309287059, 4.169654951924582242 ) ) ;
#1573 = ADVANCED_FACE ( 'NONE', ( #373 ), #145, .T. ) ;
#1574 = CARTESIAN_POINT ( 'NONE',  ( -83.93915038896663816, -16.00000000000000000, 6.392918723085285748 ) ) ;
#1575 = B_SPLINE_CURVE_WITH_KNOTS ( 'NONE', 3,
 ( #2274, #1371, #1184, #1539 ),
 .UNSPECIFIED., .F., .F.,
 ( 4, 4 ),
 ( 0.000000000000000000, 0.7996355001121722150 ),
 .UNSPECIFIED. ) ;
#1576 = CARTESIAN_POINT ( 'NONE',  ( -104.7084630594175536, -26.99999999999999645, 12.23447543558446782 ) ) ;
#1577 = ORIENTED_EDGE ( 'NONE', *, *, #2265, .T. ) ;
#1578 = CARTESIAN_POINT ( 'NONE',  ( -84.91489275834990735, -13.99986976420766815, 1.543800176604319230 ) ) ;
#1579 = CARTESIAN_POINT ( 'NONE',  ( -102.3350119539961298, -23.99653973103562166, 2.737039336626057029 ) ) ;
#1580 = B_SPLINE_CURVE_WITH_KNOTS ( 'NONE', 3,
 ( #127, #1227, #1037, #2360 ),
 .UNSPECIFIED., .F., .F.,
 ( 4, 4 ),
 ( 0.000000000000000000, 1.000000000000000000 ),
 .UNSPECIFIED. ) ;
#1581 = EDGE_LOOP ( 'NONE', ( #1087, #2338, #1623, #272 ) ) ;
#1582 = CARTESIAN_POINT ( 'NONE',  ( -85.87745637307007485, -26.00000000000006750, 1.487128802136485906 ) ) ;
#1583 = VECTOR ( 'NONE', #178, 1000.000000000000114 ) ;
#1584 = CARTESIAN_POINT ( 'NONE',  ( -79.16572745090121543, -14.66666666666666785, 1.194077001224732149 ) ) ;
#1585 = CARTESIAN_POINT ( 'NONE',  ( -79.16572745090121543, -14.00000000000000178, 1.194077001224732149 ) ) ;
#1586 = CARTESIAN_POINT ( 'NONE',  ( -83.16192033722865062, -26.00000000000000000, 1.368554550686050586 ) ) ;
#1587 = CARTESIAN_POINT ( 'NONE',  ( -85.83670498768239554, -14.00000009165086645, 1.487190126541952706 ) ) ;
#1588 = CARTESIAN_POINT ( 'NONE',  ( -101.4081601737517957, -23.99985299031612129, 2.270096179480856957 ) ) ;
#1589 = VERTEX_POINT ( 'NONE', #151 ) ;
#1590 = CARTESIAN_POINT ( 'NONE',  ( -100.1525935009650823, -24.00000000000034817, 2.110383404825790343 ) ) ;
#1591 = FACE_OUTER_BOUND ( 'NONE', #1507, .T. ) ;
#1592 = CARTESIAN_POINT ( 'NONE',  ( -106.9191932547577011, -17.44103039388890508, 7.451600602780545479 ) ) ;
#1593 = CARTESIAN_POINT ( 'NONE',  ( -107.1390776551929207, -23.03901153953571423, 2.415419847454189917 ) ) ;
#1594 = CARTESIAN_POINT ( 'NONE',  ( -103.1565143635397988, -26.99999999999999645, 17.21249700775703317 ) ) ;
#1595 = CARTESIAN_POINT ( 'NONE',  ( -83.19707980789594615, -23.96386882325020551, 3.081811647721979686 ) ) ;
#1596 = ADVANCED_FACE ( 'NONE', ( #2049 ), #951, .F. ) ;
#1597 = B_SPLINE_SURFACE_WITH_KNOTS ( 'NONE', 3, 3, ( 
 ( #982, #1725, #368, #1133 ),
 ( #970, #1885, #1331, #198 ),
 ( #956, #37, #787, #1698 ),
 ( #2260, #2082, #1898, #1442 ),
 ( #2350, #681, #1247, #1803 ),
 ( #1828, #139, #671, #1080 ),
 ( #898, #1592, #1781, #2172 ) ),
 .UNSPECIFIED., .F., .F., .F.,
 ( 4, 3, 4 ),
 ( 4, 4 ),
 ( 0.000000000000000000, 1.000000000000000000, 1.720515196944451652 ),
 ( 0.000000000000000000, 1.000000000000000000 ),
 .UNSPECIFIED. ) ;
#1598 = CARTESIAN_POINT ( 'NONE',  ( -103.0254725953283810, -23.93139999131038209, 4.634041613453691255 ) ) ;
#1599 = VERTEX_POINT ( 'NONE', #2064 ) ;
#1600 = CARTESIAN_POINT ( 'NONE',  ( -100.7611360141870875, -16.00000252697275727, 2.150660934948559699 ) ) ;
#1601 = B_SPLINE_CURVE_WITH_KNOTS ( 'NONE', 3,
 ( #33, #795, #1534, #273 ),
 .UNSPECIFIED., .F., .F.,
 ( 4, 4 ),
 ( 0.000000000000000000, 1.000000000000000000 ),
 .UNSPECIFIED. ) ;
#1602 = CARTESIAN_POINT ( 'NONE',  ( -78.94584305046592476, -16.00000000000000000, 6.230257756551083048 ) ) ;
#1603 = CARTESIAN_POINT ( 'NONE',  ( -103.8225465109860863, -19.90202309449058049, 17.24157659932192033 ) ) ;
#1604 = CARTESIAN_POINT ( 'NONE',  ( -106.9191932547577011, -23.03901153953571423, 7.451600602780544591 ) ) ;
#1605 = B_SPLINE_CURVE_WITH_KNOTS ( 'NONE', 3,
 ( #1171, #226, #1183, #2285 ),
 .UNSPECIFIED., .F., .F.,
 ( 4, 4 ),
 ( 0.000000000000000000, 1.000000000000000000 ),
 .UNSPECIFIED. ) ;
#1606 = CYLINDRICAL_SURFACE ( 'NONE', #445, 11.99999999999999289 ) ;
#1607 = CARTESIAN_POINT ( 'NONE',  ( -103.0120266067695241, -13.78521482516187113, 5.238086962738199404 ) ) ;
#1608 = CARTESIAN_POINT ( 'NONE',  ( -83.09640349524271130, -23.94242418679292328, 3.552304473200210921 ) ) ;
#1609 = EDGE_CURVE ( 'NONE', #1904, #57, #1727, .T. ) ;
#1610 = CARTESIAN_POINT ( 'NONE',  ( -102.9946526077551141, -23.95435998848435943, 4.169484679779122516 ) ) ;
#1611 = ORIENTED_EDGE ( 'NONE', *, *, #188, .T. ) ;
#1612 = CARTESIAN_POINT ( 'NONE',  ( -101.8440861505322488, -16.00041235737279166, 2.388499711715597495 ) ) ;
#1613 = PLANE ( 'NONE',  #317 ) ;
#1614 = CARTESIAN_POINT ( 'NONE',  ( -81.90451989280384737, -23.09259136283947811, 13.46514037776949380 ) ) ;
#1615 = VECTOR ( 'NONE', #7, 1000.000000000000114 ) ;
#1616 = EDGE_CURVE ( 'NONE', #763, #1151, #1759, .T. ) ;
#1617 = CARTESIAN_POINT ( 'NONE',  ( -107.1390776551929207, -16.00000000000000000, 2.415419847454189028 ) ) ;
#1618 = CARTESIAN_POINT ( 'NONE',  ( -103.1428847688654997, -24.00000000000000000, 2.240942297992625676 ) ) ;
#1619 = PRODUCT ( 'motor pylon bracket primary spar', 'motor pylon bracket primary spar', '', ( #304 ) ) ;
#1620 = CARTESIAN_POINT ( 'NONE',  ( -102.5284618599214213, -22.61836249753095274, 16.31354055203485487 ) ) ;
#1621 = CARTESIAN_POINT ( 'NONE',  ( -84.92066246176720767, -23.99987306777524765, 1.542783475501140478 ) ) ;
#1622 = CARTESIAN_POINT ( 'NONE',  ( -103.1428847688654997, -14.00000000000000355, 2.240942297992870813 ) ) ;
#1623 = ORIENTED_EDGE ( 'NONE', *, *, #1541, .F. ) ;
#1624 = CARTESIAN_POINT ( 'NONE',  ( -84.08652285583308128, -26.00216338011097861, 1.825237874398852433 ) ) ;
#1625 = DIRECTION ( 'NONE',  ( 0.000000000000000000, 0.000000000000000000, -1.000000000000000000 ) ) ;
#1626 = CARTESIAN_POINT ( 'NONE',  ( -83.22410844433014177, -26.99999999999999645, 11.35179462638410719 ) ) ;
#1627 = EDGE_CURVE ( 'NONE', #1079, #1545, #1153, .T. ) ;
#1628 = CARTESIAN_POINT ( 'NONE',  ( -103.0120266067695098, -13.89564984105625101, 5.238086962738191410 ) ) ;
#1629 = CARTESIAN_POINT ( 'NONE',  ( -83.33846392396637270, -23.78521482516186580, 2.255779371659813570 ) ) ;
#1630 = B_SPLINE_CURVE_WITH_KNOTS ( 'NONE', 3,
 ( #563, #1894, #208, #965 ),
 .UNSPECIFIED., .F., .F.,
 ( 4, 4 ),
 ( 0.000000000000000000, 1.000000000000000000 ),
 .UNSPECIFIED. ) ;
#1631 = CARTESIAN_POINT ( 'NONE',  ( -105.8070133597504423, -24.00000000000000000, 2.357260664300416142 ) ) ;
#1632 = CARTESIAN_POINT ( 'NONE',  ( -101.8467587846779878, -26.00041754141848926, 2.389756466483197617 ) ) ;
#1633 = CARTESIAN_POINT ( 'NONE',  ( -83.17892789823697797, -16.03889724718754906, 3.148126109745308376 ) ) ;
#1634 = VERTEX_POINT ( 'NONE', #1854 ) ;
#1635 = CARTESIAN_POINT ( 'NONE',  ( -103.0247728209147340, -16.06677117855079118, 4.599833163655676849 ) ) ;
#1636 = B_SPLINE_CURVE_WITH_KNOTS ( 'NONE', 3,
 ( #550, #611, #832, #1909, #1708, #1169, #1571, #2270, #1356, #438, #1760, #2282, #1562, #1379, #597, #237, #224, #1341, #262, #2307, #623, #809, #2092, #1018, #635, #1721, #71, #783, #1920, #990, #2127, #1368, #452, #2139 ),
 .UNSPECIFIED., .F., .F.,
 ( 4, 1, 1, 1, 1, 1, 1, 2, 2, 2, 1, 1, 1, 1, 1, 2, 2, 1, 1, 1, 1, 1, 2, 2, 4 ),
 ( 0.000000000000000000, 0.1249999999999331923, 0.1874999999998986921, 0.2187499999998814004, 0.2343749999998725186, 0.2421874999998680500, 0.2460937499998658851, 0.2480468749998663014, 0.2499999999998667177, 0.4999999999999316103, 0.6249999999999648059, 0.6874999999999812372, 0.7187499999999891198, 0.7343749999999936717, 0.7421874999999955591, 0.7460937499999961142, 0.7499999999999966693, 0.8125000000000117684, 0.8437500000000186517, 0.8593750000000226485, 0.8671875000000246470, 0.8710937500000250910, 0.8730468750000246470, 0.8750000000000243139, 1.000000000000000000 ),
 .UNSPECIFIED. ) ;
#1637 = CARTESIAN_POINT ( 'NONE',  ( -81.39669410179907061, -13.00000000000000355, 11.23143488549641766 ) ) ;
#1638 = ORIENTED_EDGE ( 'NONE', *, *, #995, .F. ) ;
#1639 = CARTESIAN_POINT ( 'NONE',  ( -85.92811766418078889, -25.99999999999999645, 6.457710917408413742 ) ) ;
#1640 = CARTESIAN_POINT ( 'NONE',  ( -107.1390776551929207, -24.00000000000000000, 2.415419847454189028 ) ) ;
#1641 = EDGE_CURVE ( 'NONE', #1999, #436, #1666, .T. ) ;
#1642 = CARTESIAN_POINT ( 'NONE',  ( -83.03106217513257548, -16.10435015894376320, 4.365699215431561697 ) ) ;
#1643 = CARTESIAN_POINT ( 'NONE',  ( -102.3804847471033241, -19.42230186854506258, 17.17861482297849918 ) ) ;
#1644 = CARTESIAN_POINT ( 'NONE',  ( -107.1390776551929207, -24.00000000000000000, 2.415419847454189028 ) ) ;
#1645 = CARTESIAN_POINT ( 'NONE',  ( -101.3684339551329288, -26.00012279736430543, 2.259303827975349677 ) ) ;
#1646 = CARTESIAN_POINT ( 'NONE',  ( -100.7902286724663981, -23.99999670997149792, 2.153861592683491644 ) ) ;
#1647 = VERTEX_POINT ( 'NONE', #152 ) ;
#1648 = CARTESIAN_POINT ( 'NONE',  ( -104.7806548945271317, -20.09763751152838296, 17.28340851475587314 ) ) ;
#1649 = LINE ( 'NONE', #1492, #1655 ) ;
#1650 = ORIENTED_EDGE ( 'NONE', *, *, #1039, .T. ) ;
#1651 = CARTESIAN_POINT ( 'NONE',  ( -80.51524819449311110, -18.70848820949658275, 16.13097017611641704 ) ) ;
#1652 = DIRECTION ( 'NONE',  ( 0.000000000000000000, -1.000000000000000000, -0.000000000000000000 ) ) ;
#1653 = CARTESIAN_POINT ( 'NONE',  ( -82.58147694001542050, -17.06674568590235808, 14.66289403458967477 ) ) ;
#1654 = CARTESIAN_POINT ( 'NONE',  ( -104.4885786589822771, -27.00000000000000000, 17.27065619091081672 ) ) ;
#1655 = VECTOR ( 'NONE', #164, 1000.000000000000114 ) ;
#1656 = CARTESIAN_POINT ( 'NONE',  ( -104.0168795062485287, -17.22186274058403299, 16.43794006659036100 ) ) ;
#1657 = CARTESIAN_POINT ( 'NONE',  ( -102.6075615306192788, -23.08472268132664240, 14.50186023941376767 ) ) ;
#1658 = CARTESIAN_POINT ( 'NONE',  ( -83.07791868735307617, -13.93505950602763477, 3.694374360381381450 ) ) ;
#1659 = CARTESIAN_POINT ( 'NONE',  ( -83.14153499130920011, -16.04563358883396873, 3.302536378919980198 ) ) ;
#1660 = VERTEX_POINT ( 'NONE', #910 ) ;
#1661 = CARTESIAN_POINT ( 'NONE',  ( -86.15906500197415596, -16.21478517483813420, 1.499412712782033807 ) ) ;
#1662 = CARTESIAN_POINT ( 'NONE',  ( -80.22706789145105688, -22.11022137272829724, 16.01785322043757276 ) ) ;
#1663 = SURFACE_SIDE_STYLE ('',( #2224 ) ) ;
#1664 = ORIENTED_EDGE ( 'NONE', *, *, #939, .T. ) ;
#1665 = CARTESIAN_POINT ( 'NONE',  ( -80.51142206433493698, -19.63206459694048078, 16.22377432744732673 ) ) ;
#1666 = LINE ( 'NONE', #1840, #844 ) ;
#1667 = CARTESIAN_POINT ( 'NONE',  ( -82.50971546761140019, -19.89229760407455672, 16.31103804087402764 ) ) ;
#1668 = CARTESIAN_POINT ( 'NONE',  ( -104.6890029423873045, -16.96835040718002929, 15.15372195069220851 ) ) ;
#1669 = DIRECTION ( 'NONE',  ( -0.04361938736532942201, 6.499021513540979636E-16, -0.9990482215818580203 ) ) ;
#1670 = CARTESIAN_POINT ( 'NONE',  ( -102.5888030971828755, -23.04811352576042793, 14.93149900089695237 ) ) ;
#1671 = CARTESIAN_POINT ( 'NONE',  ( -100.4711120874156336, -25.99999990545060413, 2.126179062053543678 ) ) ;
#1672 = CARTESIAN_POINT ( 'NONE',  ( -85.42388915367308755, -16.00000667194001380, 1.489791402807718157 ) ) ;
#1673 = ORIENTED_EDGE ( 'NONE', *, *, #1984, .F. ) ;
#1674 = CARTESIAN_POINT ( 'NONE',  ( -104.7809933159208526, -21.05624117675171902, 17.28342329055302073 ) ) ;
#1675 = CARTESIAN_POINT ( 'NONE',  ( -80.21900668407918999, -21.05624117675172613, 16.21102379450050179 ) ) ;
#1676 = CARTESIAN_POINT ( 'NONE',  ( -85.15228926881854932, -14.00000000000000355, 1.455455934975161014 ) ) ;
#1677 = VERTEX_POINT ( 'NONE', #1494 ) ;
#1678 = CARTESIAN_POINT ( 'NONE',  ( -79.16572745090121543, -23.51939673042560131, 1.194077001224732149 ) ) ;
#1679 = CARTESIAN_POINT ( 'NONE',  ( -79.16572745090120122, -20.00000000000000000, 1.194077001224730372 ) ) ;
#1680 = CARTESIAN_POINT ( 'NONE',  ( -82.54752111675551873, -17.38127824111472464, 15.44061024953725969 ) ) ;
#1681 = CARTESIAN_POINT ( 'NONE',  ( -104.7134256051038932, -16.94825595267813512, 14.98597097630596586 ) ) ;
#1682 = CARTESIAN_POINT ( 'NONE',  ( -81.82985604178615802, -16.00000000000000000, 1.310395367532323885 ) ) ;
#1683 = DIRECTION ( 'NONE',  ( 0.000000000000000000, -1.000000000000000000, -0.000000000000000000 ) ) ;
#1684 = CARTESIAN_POINT ( 'NONE',  ( -102.9489279234977204, -26.03419711652464130, 3.896091372255958696 ) ) ;
#1685 = CARTESIAN_POINT ( 'NONE',  ( -102.4904822158185596, -21.07702851758505602, 17.18341741618014495 ) ) ;
#1686 = CARTESIAN_POINT ( 'NONE',  ( -106.9191932547577011, -16.00000000000000000, 7.451600602780542815 ) ) ;
#1687 = ORIENTED_EDGE ( 'NONE', *, *, #1289, .F. ) ;
#1688 = CARTESIAN_POINT ( 'NONE',  ( -104.0633946688008393, -23.03941847539413601, 15.37468708485754831 ) ) ;
#1689 = CARTESIAN_POINT ( 'NONE',  ( -82.72747082249128425, -13.00000000000000355, 11.31908437885654628 ) ) ;
#1690 = ORIENTED_EDGE ( 'NONE', *, *, #2198, .F. ) ;
#1691 = CARTESIAN_POINT ( 'NONE',  ( -80.51480230293672946, -18.76336991899000139, 16.14238928558782149 ) ) ;
#1692 = CARTESIAN_POINT ( 'NONE',  ( -80.51142134598055122, -20.10706061397405264, 16.22379078094016691 ) ) ;
#1693 = B_SPLINE_CURVE_WITH_KNOTS ( 'NONE', 3,
 ( #2112, #605, #1165, #1916, #1730, #804, #1941, #619, #424, #1927, #246, #1754, #999, #816, #1567, #1808, #1621, #2364, #89, #269, #695, #2175, #109, #871, #2335, #448, #654, #1595, #2345, #119, #1436, #492, #1954, #848, #1608, #1767, #1032, #675, #838, #2354, #1396, #2144, #307, #1199 ),
 .UNSPECIFIED., .F., .F.,
 ( 4, 1, 1, 1, 1, 1, 2, 2, 1, 1, 1, 1, 2, 2, 2, 2, 2, 1, 1, 1, 2, 2, 2, 1, 1, 1, 1, 2, 2, 4 ),
 ( 0.000000000000000000, 0.06249999999993874344, 0.09374999999990811517, 0.1093749999998928080, 0.1171874999998798184, 0.1210937499998733236, 0.1230468749998758077, 0.1249999999998782918, 0.1874999999999653333, 0.2187500000000088540, 0.2343750000000263123, 0.2421875000000350275, 0.2460937500000349443, 0.2500000000000348610, 0.4999999999999871214, 0.6249999999999631406, 0.6874999999999532596, 0.7187499999999495959, 0.7343749999999490408, 0.7421874999999498179, 0.7460937499999490408, 0.7499999999999483746, 0.8124999999999448219, 0.8437499999999429345, 0.8593749999999420464, 0.8671874999999412692, 0.8710937499999414912, 0.8730468749999420464, 0.8749999999999424904, 1.000000000000000000 ),
 .UNSPECIFIED. ) ;
#1694 = CARTESIAN_POINT ( 'NONE',  ( -81.02717955579859677, -17.88960082779635385, 16.05280498808948053 ) ) ;
#1695 = CARTESIAN_POINT ( 'NONE',  ( -104.7086463331550732, -16.95189916744439529, 15.01854323871396701 ) ) ;
#1696 = EDGE_CURVE ( 'NONE', #57, #346, #765, .T. ) ;
#1697 = FACE_OUTER_BOUND ( 'NONE', #1164, .T. ) ;
#1698 = CARTESIAN_POINT ( 'NONE',  ( -104.4885786589822771, -15.66666666666666607, 17.27065619091081672 ) ) ;
#1699 = VECTOR ( 'NONE', #2201, 1000.000000000000114 ) ;
#1700 = CARTESIAN_POINT ( 'NONE',  ( -82.50971546761140019, -19.89229760407455672, 16.31103804087402764 ) ) ;
#1701 = CARTESIAN_POINT ( 'NONE',  ( -101.4952077379739990, -17.00000000000000000, 17.13996279402466882 ) ) ;
#1702 = ORIENTED_EDGE ( 'NONE', *, *, #1980, .T. ) ;
#1703 = CARTESIAN_POINT ( 'NONE',  ( -83.33846392396637270, -13.78521482516185870, 2.255779371659813570 ) ) ;
#1704 = CARTESIAN_POINT ( 'NONE',  ( -104.4906625725336795, -21.02832068368509866, 17.22407964256210278 ) ) ;
#1705 = ORIENTED_EDGE ( 'NONE', *, *, #586, .T. ) ;
#1706 = CARTESIAN_POINT ( 'NONE',  ( -80.51142134101772285, -22.03879346085120616, 16.22379089414270581 ) ) ;
#1707 = LINE ( 'NONE', #21, #1699 ) ;
#1708 = CARTESIAN_POINT ( 'NONE',  ( -82.51251643580681616, -21.16936333282282590, 16.24234925508432781 ) ) ;
#1709 = CARTESIAN_POINT ( 'NONE',  ( -102.6017902786010438, -16.92338172442406830, 14.63404364256000179 ) ) ;
#1710 = EDGE_CURVE ( 'NONE', #68, #2103, #2077, .T. ) ;
#1711 = CARTESIAN_POINT ( 'NONE',  ( -102.4904822158185596, -27.00199999999999889, 17.18341741618014495 ) ) ;
#1712 = CARTESIAN_POINT ( 'NONE',  ( -101.9309330738215351, -24.00000000000000000, 7.178459393567452551 ) ) ;
#1713 = CARTESIAN_POINT ( 'NONE',  ( -102.8896862455191297, -26.21478517483813420, 3.109404173232646063 ) ) ;
#1714 = DIRECTION ( 'NONE',  ( -0.9990482215818581313, 4.059252933785728601E-16, 0.04361938736532956773 ) ) ;
#1715 = ORIENTED_EDGE ( 'NONE', *, *, #1445, .T. ) ;
#1716 = CARTESIAN_POINT ( 'NONE',  ( -83.03106217513258969, -14.59507160838880324, 4.365699215431567914 ) ) ;
#1717 = CARTESIAN_POINT ( 'NONE',  ( -104.6377924992545587, -22.95718632832721440, 15.53777699209813612 ) ) ;
#1718 = ORIENTED_EDGE ( 'NONE', *, *, #2265, .F. ) ;
#1719 = CARTESIAN_POINT ( 'NONE',  ( -80.52428740271390950, -17.15149198836752120, 14.83236789281079737 ) ) ;
#1720 = CARTESIAN_POINT ( 'NONE',  ( -80.51709160455574477, -21.48788575160594050, 16.08211213698711006 ) ) ;
#1721 = CARTESIAN_POINT ( 'NONE',  ( -82.60259695616916531, -23.03272224910778476, 14.17916613622520039 ) ) ;
#1722 = CARTESIAN_POINT ( 'NONE',  ( -104.4885805647841295, -19.37793380624375672, 17.27061254090224907 ) ) ;
#1723 = EDGE_CURVE ( 'NONE', #1988, #1283, #1550, .T. ) ;
#1724 = CARTESIAN_POINT ( 'NONE',  ( -81.14127579457586137, -23.09233368394331976, 13.43160646655162793 ) ) ;
#1725 = CARTESIAN_POINT ( 'NONE',  ( -106.9191932547577011, -14.00000000000000355, 7.451600602780541038 ) ) ;
#1726 = CARTESIAN_POINT ( 'NONE',  ( -78.94584305046592476, -25.99999999999999645, 6.230257756551081272 ) ) ;
#1727 = B_SPLINE_CURVE_WITH_KNOTS ( 'NONE', 3,
 ( #1853, #755, #1128, #1117 ),
 .UNSPECIFIED., .F., .F.,
 ( 4, 4 ),
 ( 0.000000000000000000, 1.000000000000000000 ),
 .UNSPECIFIED. ) ;
#1728 = CARTESIAN_POINT ( 'NONE',  ( -102.8896862455191155, -14.59507160839020656, 3.109404173232644730 ) ) ;
#1729 = ORIENTED_EDGE ( 'NONE', *, *, #1267, .T. ) ;
#1730 = CARTESIAN_POINT ( 'NONE',  ( -85.59516673502898243, -23.99999849380016315, 1.485464960284727853 ) ) ;
#1731 = EDGE_CURVE ( 'NONE', #1449, #1634, #1992, .T. ) ;
#1732 = CARTESIAN_POINT ( 'NONE',  ( -99.94373085897309750, -14.00000000000000355, 7.069646541746086754 ) ) ;
#1733 = VERTEX_POINT ( 'NONE', #2226 ) ;
#1734 = CARTESIAN_POINT ( 'NONE',  ( -83.03690448186806350, -26.09574229715357063, 4.231888391700689311 ) ) ;
#1735 = CARTESIAN_POINT ( 'NONE',  ( -83.00737989274314543, -23.00000000000000000, 16.33276679797160824 ) ) ;
#1736 = CARTESIAN_POINT ( 'NONE',  ( -102.5917779960978464, -13.99189400991423149, 3.020965169147165508 ) ) ;
#1737 = CARTESIAN_POINT ( 'NONE',  ( -84.21808212680139150, -17.00000000000000000, 11.41726112300015572 ) ) ;
#1738 = CARTESIAN_POINT ( 'NONE',  ( -103.0120266067695241, -24.63188328035199248, 5.238086962738198515 ) ) ;
#1739 = DIRECTION ( 'NONE',  ( -0.000000000000000000, 1.000000000000000000, -0.000000000000000000 ) ) ;
#1740 = VECTOR ( 'NONE', #746, 1000.000000000000000 ) ;
#1741 = FACE_OUTER_BOUND ( 'NONE', #520, .T. ) ;
#1742 = ORIENTED_EDGE ( 'NONE', *, *, #2292, .T. ) ;
#1743 = CARTESIAN_POINT ( 'NONE',  ( -79.16572745090120122, -20.00000000000000000, 1.194077001224730372 ) ) ;
#1744 = VECTOR ( 'NONE', #1217, 1000.000000000000114 ) ;
#1745 = CARTESIAN_POINT ( 'NONE',  ( -101.4962680877463015, -13.00000000000000355, 17.14000908989553551 ) ) ;
#1746 = ORIENTED_EDGE ( 'NONE', *, *, #1641, .T. ) ;
#1747 = CARTESIAN_POINT ( 'NONE',  ( -80.51103139562833633, -22.97271338747523828, 14.41576817007758926 ) ) ;
#1748 = CARTESIAN_POINT ( 'NONE',  ( -80.51142134101769443, -23.00000000000000000, 16.22379089414270581 ) ) ;
#1749 = CARTESIAN_POINT ( 'NONE',  ( -103.0257240787805273, -13.93050216825638010, 4.650705419787412254 ) ) ;
#1750 = CARTESIAN_POINT ( 'NONE',  ( -85.15132503698588096, -16.00000000000000000, 1.455413835704165715 ) ) ;
#1751 = CARTESIAN_POINT ( 'NONE',  ( -80.51142134101770864, -23.00000000000000000, 16.22379089414270581 ) ) ;
#1752 = CARTESIAN_POINT ( 'NONE',  ( -103.0560467825532527, -14.59507160838599482, 4.229859177187064390 ) ) ;
#1753 = ORIENTED_EDGE ( 'NONE', *, *, #704, .F. ) ;
#1754 = CARTESIAN_POINT ( 'NONE',  ( -85.25417051283622527, -23.99998512446339305, 1.498235924116896101 ) ) ;
#1755 = ADVANCED_FACE ( 'NONE', ( #1285 ), #1129, .T. ) ;
#1756 = CARTESIAN_POINT ( 'NONE',  ( -104.4889210609571819, -20.59437025486486306, 17.26270101568237081 ) ) ;
#1757 = ORIENTED_EDGE ( 'NONE', *, *, #817, .F. ) ;
#1758 = CARTESIAN_POINT ( 'NONE',  ( -83.12654747223893992, -26.04910292192946031, 3.377369181491537198 ) ) ;
#1759 = B_SPLINE_CURVE_WITH_KNOTS ( 'NONE', 3,
 ( #166, #1665, #742, #2212, #1493, #1104, #1691, #909, #1508, #1651, #2036, #579, #924, #361, #977, #1905, #781, #1156, #1719, #222, #1521, #2268, #593, #1338, #401, #2090, #387, #925, #728, #938, #350, #548, #1091, #768, #374, #1470, #1509 ),
 .UNSPECIFIED., .F., .F.,
 ( 4, 2, 1, 1, 1, 1, 1, 2, 2, 2, 2, 2, 1, 1, 1, 2, 2, 2, 1, 1, 1, 2, 2, 4 ),
 ( 0.000000000000000000, 0.1250000000000050238, 0.1875000000000076328, 0.2187500000000089651, 0.2343750000000098532, 0.2421875000000092149, 0.2460937500000102973, 0.2480468750000093536, 0.2500000000000083822, 0.5000000000000047740, 0.6250000000000031086, 0.6875000000000017764, 0.7187500000000002220, 0.7343749999999994449, 0.7421874999999987788, 0.7460937499999985567, 0.7499999999999983347, 0.8124999999999915623, 0.8437499999999878986, 0.8593749999999861222, 0.8671874999999856781, 0.8710937499999852340, 0.8749999999999849010, 1.000000000000000000 ),
 .UNSPECIFIED. ) ;
#1760 = CARTESIAN_POINT ( 'NONE',  ( -82.51361111310599483, -21.29645939077710537, 16.21727702287256889 ) ) ;
#1761 = UNCERTAINTY_MEASURE_WITH_UNIT (LENGTH_MEASURE( 1.000000000000000082E-05 ), #2352, 'distance_accuracy_value', 'NONE');
#1762 = CARTESIAN_POINT ( 'NONE',  ( -104.4932264401052748, -18.67452483214998793, 17.17025364990871239 ) ) ;
#1763 = CARTESIAN_POINT ( 'NONE',  ( -86.15407899383694712, -24.00000000000000000, 1.499195052229142400 ) ) ;
#1764 = B_SPLINE_CURVE_WITH_KNOTS ( 'NONE', 3,
 ( #1981, #2351, #889, #1628 ),
 .UNSPECIFIED., .F., .F.,
 ( 4, 4 ),
 ( 0.000000000000000000, 1.000000000000000000 ),
 .UNSPECIFIED. ) ;
#1765 = CARTESIAN_POINT ( 'NONE',  ( -101.9316450090268376, -25.99999999999999645, 7.178498376867402442 ) ) ;
#1766 = ORIENTED_EDGE ( 'NONE', *, *, #704, .T. ) ;
#1767 = CARTESIAN_POINT ( 'NONE',  ( -83.08375035203732750, -23.93758365801309296, 3.646372915289211036 ) ) ;
#1768 = CARTESIAN_POINT ( 'NONE',  ( -102.1816720498144377, -23.99783895822746516, 2.615068221662411041 ) ) ;
#1769 = ORIENTED_EDGE ( 'NONE', *, *, #1372, .F. ) ;
#1770 = CARTESIAN_POINT ( 'NONE',  ( -80.51553349922907898, -22.94266637404149733, 14.53597687722226972 ) ) ;
#1771 = CARTESIAN_POINT ( 'NONE',  ( -92.50000000000000000, -13.00000000000000178, 16.74722354252675771 ) ) ;
#1772 = CARTESIAN_POINT ( 'NONE',  ( -80.49779174634367962, -14.00000000000000355, 1.252236184378528350 ) ) ;
#1773 = EDGE_CURVE ( 'NONE', #436, #450, #1004, .T. ) ;
#1774 = CARTESIAN_POINT ( 'NONE',  ( -104.0417871243211749, -26.99999999999999645, 12.22014099911075036 ) ) ;
#1775 = CARTESIAN_POINT ( 'NONE',  ( -83.26996839165295228, -13.97253084092632491, 2.858370042196185068 ) ) ;
#1776 = AXIS2_PLACEMENT_3D ( 'NONE', #2309, #441, #1195 ) ;
#1777 = CARTESIAN_POINT ( 'NONE',  ( -107.1390776551929207, -24.00000000000000000, 2.415419847454189028 ) ) ;
#1778 = ORIENTED_EDGE ( 'NONE', *, *, #1289, .T. ) ;
#1779 = CARTESIAN_POINT ( 'NONE',  ( -101.3766611832374593, -16.00012752102207614, 2.261494335114406784 ) ) ;
#1780 = CARTESIAN_POINT ( 'NONE',  ( -80.51142134101772285, -17.00000000000000000, 16.22379089414270581 ) ) ;
#1781 = CARTESIAN_POINT ( 'NONE',  ( -104.7084630594175394, -19.88206078777780661, 12.23447543558446604 ) ) ;
#1782 = B_SPLINE_CURVE_WITH_KNOTS ( 'NONE', 3,
 ( #622, #1734, #45, #2295, #608, #1561, #2115, #2305, #1355, #1378, #427, #1017, #1570, #1758, #2318, #1388, #495, #80, #2169, #884, #1236, #841, #1245, #310, #2348, #1624, #1215, #483, #668, #1066, #689, #1418, #1429, #1989, #2000, #698, #851, #1048, #290, #1811, #2339, #2010, #874, #102, #1582, #2357 ),
 .UNSPECIFIED., .F., .F.,
 ( 4, 2, 1, 1, 1, 1, 2, 2, 2, 1, 1, 1, 2, 2, 2, 2, 2, 1, 1, 1, 1, 2, 2, 1, 1, 1, 1, 1, 2, 2, 4 ),
 ( 0.000000000000000000, 0.06249999999999383826, 0.09374999999999047984, 0.1093749999999892031, 0.1171874999999883288, 0.1210937499999878847, 0.1230468749999879263, 0.1249999999999879541, 0.1875000000000064948, 0.2187500000000150158, 0.2343750000000191236, 0.2421875000000211775, 0.2460937500000234257, 0.2500000000000257017, 0.3750000000000931477, 0.5000000000001605382, 0.6250000000002279288, 0.6875000000002654543, 0.7187500000002881029, 0.7343750000002994271, 0.7421875000003014256, 0.7460937500003023137, 0.7500000000003033129, 0.8125000000002742251, 0.8437500000002556844, 0.8593750000002463585, 0.8671875000002416956, 0.8710937500002392531, 0.8730468750002381428, 0.8750000000002369216, 1.000000000000000000 ),
 .UNSPECIFIED. ) ;
#1783 = CARTESIAN_POINT ( 'NONE',  ( -104.7084630594175394, -21.07802307907143202, 12.23447543558446604 ) ) ;
#1784 = EDGE_CURVE ( 'NONE', #1449, #923, #1200, .T. ) ;
#1785 = CARTESIAN_POINT ( 'NONE',  ( -104.4885786589822771, -27.00199999999999889, 17.27065619091081672 ) ) ;
#1786 = CARTESIAN_POINT ( 'NONE',  ( -80.51142134101770864, -27.00000000000000000, 16.22379089414270581 ) ) ;
#1787 = CARTESIAN_POINT ( 'NONE',  ( -83.10899545077002415, -13.94625127036991330, 3.474525771313913936 ) ) ;
#1788 = CARTESIAN_POINT ( 'NONE',  ( -101.4434794548799061, -23.99982863046313852, 2.280101659011843029 ) ) ;
#1789 = ORIENTED_EDGE ( 'NONE', *, *, #513, .F. ) ;
#1790 = CARTESIAN_POINT ( 'NONE',  ( -100.1536619191181785, -26.00000000000016698, 2.110430076438514213 ) ) ;
#1791 = CARTESIAN_POINT ( 'NONE',  ( -104.4885786589822771, -17.00000000000000000, 17.27065619091082382 ) ) ;
#1792 = CARTESIAN_POINT ( 'NONE',  ( -84.93340087576011399, -25.99999999999999645, 6.425307225173260584 ) ) ;
#1793 = CARTESIAN_POINT ( 'NONE',  ( -104.4885786589822771, -26.99999999999999645, 17.27065619091081672 ) ) ;
#1794 = PLANE ( 'NONE',  #90 ) ;
#1795 = EDGE_CURVE ( 'NONE', #79, #5, #1630, .T. ) ;
#1796 = DIRECTION ( 'NONE',  ( -0.9990482215818580203, 0.000000000000000000, 0.04361938736532942201 ) ) ;
#1797 = CARTESIAN_POINT ( 'NONE',  ( -83.19696216197029059, -13.96385196109012305, 3.082222970776869797 ) ) ;
#1798 = CARTESIAN_POINT ( 'NONE',  ( -100.9737016637993605, -23.99998742675141727, 2.177620056032588014 ) ) ;
#1799 = ORIENTED_EDGE ( 'NONE', *, *, #491, .F. ) ;
#1800 = CARTESIAN_POINT ( 'NONE',  ( -101.3475476652656937, -16.00011124232659654, 2.253810496309800016 ) ) ;
#1801 = EDGE_CURVE ( 'NONE', #309, #607, #1707, .T. ) ;
#1802 = CARTESIAN_POINT ( 'NONE',  ( -81.17715508061495200, -16.90765389187270529, 13.43317811197832690 ) ) ;
#1803 = CARTESIAN_POINT ( 'NONE',  ( -104.4885786589822771, -17.96068692925927124, 17.27065619091081672 ) ) ;
#1804 = CARTESIAN_POINT ( 'NONE',  ( -104.7084630594175394, -24.33333333333333570, 12.23447543558446604 ) ) ;
#1805 = CARTESIAN_POINT ( 'NONE',  ( -83.07508235091631832, -23.78521482516186580, 3.357471429880443115 ) ) ;
#1806 = DIRECTION ( 'NONE',  ( 1.000000000000000000, 0.000000000000000000, 0.000000000000000000 ) ) ;
#1807 = PLANE ( 'NONE',  #1040 ) ;
#1808 = CARTESIAN_POINT ( 'NONE',  ( -84.93251307114717008, -23.99987967552945634, 1.540723206278315383 ) ) ;
#1809 = CARTESIAN_POINT ( 'NONE',  ( -102.9728847185500058, -23.96060165329360103, 4.024286038929116849 ) ) ;
#1810 = ORIENTED_EDGE ( 'NONE', *, *, #1112, .F. ) ;
#1811 = CARTESIAN_POINT ( 'NONE',  ( -85.49516506226370893, -26.00000384098444783, 1.487335390252179756 ) ) ;
#1812 = CARTESIAN_POINT ( 'NONE',  ( -92.50000000000000000, -13.00000000000000178, 16.74722354252675771 ) ) ;
#1813 = CARTESIAN_POINT ( 'NONE',  ( -104.4885786589822771, -19.89215997119344692, 17.27065619091082382 ) ) ;
#1814 = DIRECTION ( 'NONE',  ( 0.000000000000000000, 0.000000000000000000, -1.000000000000000000 ) ) ;
#1815 = ORIENTED_EDGE ( 'NONE', *, *, #1432, .F. ) ;
#1816 = CIRCLE ( 'NONE', #2397, 6.000000000000000000 ) ;
#1817 = B_SPLINE_CURVE_WITH_KNOTS ( 'NONE', 3,
 ( #1654, #1485, #1896, #1856 ),
 .UNSPECIFIED., .F., .F.,
 ( 4, 4 ),
 ( 0.000000000000000000, 1.000000000000000000 ),
 .UNSPECIFIED. ) ;
#1818 = B_SPLINE_SURFACE_WITH_KNOTS ( 'NONE', 5, 3, ( 
 ( #177, #1115, #137, #1648 ),
 ( #934, #2379, #2391, #1479 ),
 ( #576, #190, #2250, #1674 ),
 ( #1505, #725, #1450, #1849 ),
 ( #1127, #1465, #2222, #895 ),
 ( #3, #738, #1688, #2421 ),
 ( #713, #347, #2209, #1100 ),
 ( #1309, #531, #921, #1280 ) ),
 .UNSPECIFIED., .F., .F., .F.,
 ( 6, 2, 6 ),
 ( 4, 4 ),
 ( 0.000000000000000000, 0.5000000000000000000, 1.000000000000000000 ),
 ( 0.008657376210806594016, 0.01106000309117983853 ),
 .UNSPECIFIED. ) ;
#1819 = CARTESIAN_POINT ( 'NONE',  ( 0.5538131401482438987, -13.00000000000000178, 12.68440631959518505 ) ) ;
#1820 = CARTESIAN_POINT ( 'NONE',  ( -102.9979049711494099, -26.04649574173618376, 4.189908097242356355 ) ) ;
#1821 = CARTESIAN_POINT ( 'NONE',  ( -83.05875870885185464, -16.07542128496818989, 3.886927866717290403 ) ) ;
#1822 = ORIENTED_EDGE ( 'NONE', *, *, #39, .F. ) ;
#1823 = FACE_OUTER_BOUND ( 'NONE', #1520, .T. ) ;
#1824 = EDGE_CURVE ( 'NONE', #1114, #1490, #2278, .T. ) ;
#1825 = CARTESIAN_POINT ( 'NONE',  ( -81.10023197334635370, -23.03941847540108512, 14.37209374940045947 ) ) ;
#1826 = CARTESIAN_POINT ( 'NONE',  ( -83.50470224997640400, -13.00000000000000355, 16.35448036101789882 ) ) ;
#1827 = ORIENTED_EDGE ( 'NONE', *, *, #785, .F. ) ;
#1828 = CARTESIAN_POINT ( 'NONE',  ( -107.1390776551929207, -16.96068692925926769, 2.415419847454189917 ) ) ;
#1829 = FACE_OUTER_BOUND ( 'NONE', #221, .T. ) ;
#1830 = CARTESIAN_POINT ( 'NONE',  ( -83.07508235091631832, -25.40492839161060346, 3.357471429880444003 ) ) ;
#1831 = EDGE_CURVE ( 'NONE', #1545, #1244, #824, .T. ) ;
#1832 = CARTESIAN_POINT ( 'NONE',  ( -102.4950616259030198, -21.34542749147833973, 17.07853168125524945 ) ) ;
#1833 = CARTESIAN_POINT ( 'NONE',  ( -83.04282355787948688, -13.91297867395233645, 4.096319262472177591 ) ) ;
#1834 = CARTESIAN_POINT ( 'NONE',  ( -83.16106690478359553, -16.04191891085564947, 3.218539848861030173 ) ) ;
#1835 = ORIENTED_EDGE ( 'NONE', *, *, #1824, .T. ) ;
#1836 = CARTESIAN_POINT ( 'NONE',  ( -102.9668986471945971, -16.03796860001729740, 3.989779605472478341 ) ) ;
#1837 = CARTESIAN_POINT ( 'NONE',  ( -84.93529817686092542, -14.00000000000000355, 6.425369031268887809 ) ) ;
#1838 = VERTEX_POINT ( 'NONE', #1692 ) ;
#1839 = CARTESIAN_POINT ( 'NONE',  ( -80.49779174634369383, -25.99999999999999645, 1.252236184378528350 ) ) ;
#1840 = CARTESIAN_POINT ( 'NONE',  ( -102.4904822158185596, -13.00000000000000178, 17.18341741618014140 ) ) ;
#1841 = CARTESIAN_POINT ( 'NONE',  ( -80.30012977252287953, -16.96076043195447625, 14.33693480544930843 ) ) ;
#1842 = CARTESIAN_POINT ( 'NONE',  ( -102.6133398567543935, -16.90716297894140041, 14.36951481235288597 ) ) ;
#1843 = B_SPLINE_CURVE_WITH_KNOTS ( 'NONE', 3,
 ( #1008, #1525, #1949, #73 ),
 .UNSPECIFIED., .F., .F.,
 ( 4, 4 ),
 ( 0.000000000000000000, 1.000000000000000000 ),
 .UNSPECIFIED. ) ;
#1844 = CARTESIAN_POINT ( 'NONE',  ( -103.2167646178940004, -17.22172639513529546, 16.40306828093672564 ) ) ;
#1845 = CARTESIAN_POINT ( 'NONE',  ( -104.2563522386230233, -24.00000000000000000, 7.305791926266652858 ) ) ;
#1846 = CARTESIAN_POINT ( 'NONE',  ( -82.89806223415618547, -23.69969212061001684, 7.411898681509567766 ) ) ;
#1847 = CARTESIAN_POINT ( 'NONE',  ( -83.08400866901791915, -16.06177138833843543, 3.635855590831396089 ) ) ;
#1848 = ORIENTED_EDGE ( 'NONE', *, *, #2358, .T. ) ;
#1849 = CARTESIAN_POINT ( 'NONE',  ( -104.7897987087361713, -22.11022137272830079, 17.09028520832825393 ) ) ;
#1850 = CARTESIAN_POINT ( 'NONE',  ( -82.62740295830752757, -22.11076056413901725, 16.12270768723121606 ) ) ;
#1851 = CARTESIAN_POINT ( 'NONE',  ( -84.21880460165525051, -13.00000000000000355, 11.41730870765798933 ) ) ;
#1852 = EDGE_LOOP ( 'NONE', ( #705, #413, #2100, #724, #715, #1705 ) ) ;
#1853 = CARTESIAN_POINT ( 'NONE',  ( -104.4885786589822771, -27.00000000000000000, 17.27065619091081672 ) ) ;
#1854 = CARTESIAN_POINT ( 'NONE',  ( -82.50951778418142624, -23.00000000000000000, 16.31102966887337757 ) ) ;
#1855 = CARTESIAN_POINT ( 'NONE',  ( -82.60195507559068062, -16.96833048763656393, 14.19386761850389078 ) ) ;
#1856 = CARTESIAN_POINT ( 'NONE',  ( -104.4885786589822771, -23.00000000000000000, 17.27065619091081672 ) ) ;
#1857 = VECTOR ( 'NONE', #773, 1000.000000000000000 ) ;
#1858 = CARTESIAN_POINT ( 'NONE',  ( -103.2632728347829243, -16.96040138603672176, 15.33997739041715924 ) ) ;
#1859 = LINE ( 'NONE', #1819, #477 ) ;
#1860 = CARTESIAN_POINT ( 'NONE',  ( -82.63237542511720335, -23.09283702105852143, 13.49712706504748461 ) ) ;
#1861 = CARTESIAN_POINT ( 'NONE',  ( -84.08718509684590003, -16.00215889716264783, 1.824843130881600883 ) ) ;
#1862 = EDGE_LOOP ( 'NONE', ( #897, #382, #1664, #900, #1915, #1815, #1016, #2378 ) ) ;
#1863 = CARTESIAN_POINT ( 'NONE',  ( -103.0245199104745524, -16.06621786417191800, 4.589415790649852056 ) ) ;
#1864 = CARTESIAN_POINT ( 'NONE',  ( -81.01911959646061234, -21.05646232618749991, 16.24595747868888296 ) ) ;
#1865 = ORIENTED_EDGE ( 'NONE', *, *, #2258, .T. ) ;
#1866 = CARTESIAN_POINT ( 'NONE',  ( -81.17745348873894784, -26.99999999999999645, 16.25287048571959758 ) ) ;
#1867 = CARTESIAN_POINT ( 'NONE',  ( -102.4904822158185596, -23.00000000000000000, 17.18341741618014140 ) ) ;
#1868 = CARTESIAN_POINT ( 'NONE',  ( -82.56236568600404269, -17.18982640085828706, 15.10061371580206213 ) ) ;
#1869 = CARTESIAN_POINT ( 'NONE',  ( -104.7745120474862688, -16.91563089696241917, 14.59012708971468797 ) ) ;
#1870 = LINE ( 'NONE', #1302, #1740 ) ;
#1871 = CARTESIAN_POINT ( 'NONE',  ( -99.94293576035323667, -24.00000000000000000, 7.069603004682941894 ) ) ;
#1872 = CARTESIAN_POINT ( 'NONE',  ( -101.3844969255516020, -26.00013214008394868, 2.263599882530663354 ) ) ;
#1873 = EDGE_CURVE ( 'NONE', #2032, #138, #1601, .T. ) ;
#1874 = CARTESIAN_POINT ( 'NONE',  ( -86.15254619280031534, -16.00000000000038369, 1.499128132574494510 ) ) ;
#1875 = ORIENTED_EDGE ( 'NONE', *, *, #270, .F. ) ;
#1876 = CARTESIAN_POINT ( 'NONE',  ( -102.9486724937675177, -16.03414956069926589, 3.894876019265385736 ) ) ;
#1877 = CARTESIAN_POINT ( 'NONE',  ( -80.30012977252283690, -23.03923956804552375, 14.33693480544930310 ) ) ;
#1878 = CARTESIAN_POINT ( 'NONE',  ( -85.15228926881854932, -14.00000000000000355, 1.455455934975161014 ) ) ;
#1879 = EDGE_LOOP ( 'NONE', ( #1235, #2301, #1167, #830, #1577, #806, #2280, #1827 ) ) ;
#1880 = CARTESIAN_POINT ( 'NONE',  ( -78.94584305046592476, -23.51939673042560131, 6.230257756551083936 ) ) ;
#1881 = CARTESIAN_POINT ( 'NONE',  ( -82.50951778418142624, -25.66666666666666430, 16.31102966887337047 ) ) ;
#1882 = CARTESIAN_POINT ( 'NONE',  ( -82.51566715966855270, -18.51436251416219037, 16.17018581444754233 ) ) ;
#1883 = CARTESIAN_POINT ( 'NONE',  ( -102.5541558650502338, -17.12535088415263118, 15.72505108256504514 ) ) ;
#1884 = CARTESIAN_POINT ( 'NONE',  ( -103.1804282532778529, -19.90179593472366548, 17.21354111073162230 ) ) ;
#1885 = CARTESIAN_POINT ( 'NONE',  ( -106.9191932547577011, -14.66666666666666785, 7.451600602780541038 ) ) ;
#1886 = DIRECTION ( 'NONE',  ( 0.000000000000000000, 0.000000000000000000, -1.000000000000000000 ) ) ;
#1887 = CARTESIAN_POINT ( 'NONE',  ( -99.94055134705905630, -16.00000000000000000, 7.069472441819978137 ) ) ;
#1888 = VERTEX_POINT ( 'NONE', #1930 ) ;
#1889 = CARTESIAN_POINT ( 'NONE',  ( -107.4007939793849147, -20.00000000000000000, -3.578869482036957539 ) ) ;
#1890 = EDGE_CURVE ( 'NONE', #165, #2111, #1249, .T. ) ;
#1891 = CARTESIAN_POINT ( 'NONE',  ( -104.7035569196846723, -23.04393520686760510, 15.05348604962779113 ) ) ;
#1892 = ORIENTED_EDGE ( 'NONE', *, *, #1081, .F. ) ;
#1893 = CARTESIAN_POINT ( 'NONE',  ( -80.27855113328352843, -25.99999999999999645, 6.273671784601707380 ) ) ;
#1894 = CARTESIAN_POINT ( 'NONE',  ( -80.51142134101772285, -14.33333333333333570, 16.22379089414270581 ) ) ;
#1895 = CARTESIAN_POINT ( 'NONE',  ( -82.59532099251886450, -16.99222940199540943, 14.34581310181034119 ) ) ;
#1896 = CARTESIAN_POINT ( 'NONE',  ( -104.4885786589822771, -24.33333333333333215, 17.27065619091081672 ) ) ;
#1897 = CARTESIAN_POINT ( 'NONE',  ( -82.94396729891874998, -16.00000000000000000, 6.360499840702954266 ) ) ;
#1898 = CARTESIAN_POINT ( 'NONE',  ( -104.7084630594175394, -17.00000000000000000, 12.23447543558446604 ) ) ;
#1899 = CARTESIAN_POINT ( 'NONE',  ( -102.2556599478917576, -24.59507160838951378, 2.417485884730396606 ) ) ;
#1900 = CARTESIAN_POINT ( 'NONE',  ( -100.1457401041199518, -14.59507160838599482, 2.110084135896636681 ) ) ;
#1901 = ORIENTED_EDGE ( 'NONE', *, *, #1352, .F. ) ;
#1902 = CARTESIAN_POINT ( 'NONE',  ( -81.84348563687743194, -20.09821296562914128, 16.28195007731470412 ) ) ;
#1903 = CARTESIAN_POINT ( 'NONE',  ( -100.1602423846486545, -14.00000000000000355, 2.110717319139090442 ) ) ;
#1904 = VERTEX_POINT ( 'NONE', #250 ) ;
#1905 = CARTESIAN_POINT ( 'NONE',  ( -80.53089195654681021, -17.39719158448070147, 15.32614506731997217 ) ) ;
#1906 = CARTESIAN_POINT ( 'NONE',  ( -80.52093048353017934, -21.80576526197029352, 15.96815996992697428 ) ) ;
#1907 = EDGE_CURVE ( 'NONE', #1660, #1838, #1986, .T. ) ;
#1908 = B_SPLINE_CURVE_WITH_KNOTS ( 'NONE', 3,
 ( #1586, #2334, #664, #1043 ),
 .UNSPECIFIED., .F., .F.,
 ( 4, 4 ),
 ( 0.000000000000000000, 1.000000000000000000 ),
 .UNSPECIFIED. ) ;
#1909 = CARTESIAN_POINT ( 'NONE',  ( -82.51153902403659401, -21.02685680974060745, 16.26473566511393898 ) ) ;
#1910 = CARTESIAN_POINT ( 'NONE',  ( -103.0252450265903121, -13.93207468241146429, 4.621466436202223527 ) ) ;
#1911 = CARTESIAN_POINT ( 'NONE',  ( -82.74148028416217926, -23.09287389329371010, 13.50192110050174854 ) ) ;
#1912 = DIRECTION ( 'NONE',  ( -1.889888912632076938E-17, 1.000000000000000000, -2.160152911779226592E-16 ) ) ;
#1913 = CARTESIAN_POINT ( 'NONE',  ( -100.1457401041199660, -26.21478517483813064, 2.110084135896638458 ) ) ;
#1914 = CARTESIAN_POINT ( 'NONE',  ( -103.1565143635397988, -17.00000000000000000, 17.21249700775703317 ) ) ;
#1915 = ORIENTED_EDGE ( 'NONE', *, *, #1801, .F. ) ;
#1916 = CARTESIAN_POINT ( 'NONE',  ( -85.66956913277547869, -23.99999938463728455, 1.485233094913921192 ) ) ;
#1917 = CARTESIAN_POINT ( 'NONE',  ( -83.03106217513258969, -25.36811671964798975, 4.365699215431569691 ) ) ;
#1918 = ORIENTED_EDGE ( 'NONE', *, *, #573, .F. ) ;
#1919 = CARTESIAN_POINT ( 'NONE',  ( -80.47798820995818403, -23.06488067636189498, 13.78937476554561670 ) ) ;
#1920 = CARTESIAN_POINT ( 'NONE',  ( -82.60601145256676148, -23.04306680170862975, 14.10096131126945274 ) ) ;
#1921 = CARTESIAN_POINT ( 'NONE',  ( -104.4940636470198569, -18.60356740825700683, 17.15325253108343162 ) ) ;
#1922 = CARTESIAN_POINT ( 'NONE',  ( -82.50951778418142624, -17.00000000000000000, 16.31102966887338113 ) ) ;
#1923 = LINE ( 'NONE', #406, #1857 ) ;
#1924 = CARTESIAN_POINT ( 'NONE',  ( -80.73130574145295668, -26.99999999999999645, 11.18761013881635336 ) ) ;
#1925 = CARTESIAN_POINT ( 'NONE',  ( -102.4904822158185596, -17.00000000000000000, 17.18341741618014140 ) ) ;
#1926 = ORIENTED_EDGE ( 'NONE', *, *, #2059, .T. ) ;
#1927 = CARTESIAN_POINT ( 'NONE',  ( -85.53077232040784850, -23.99999718801892357, 1.486437774944651791 ) ) ;
#1928 = CARTESIAN_POINT ( 'NONE',  ( -104.6787896490692162, -23.01962833404550679, 15.22771351150020358 ) ) ;
#1929 = EDGE_LOOP ( 'NONE', ( #1753, #1835, #1865, #400, #575, #588, #360, #332, #206, #1533, #298, #2253 ) ) ;
#1930 = CARTESIAN_POINT ( 'NONE',  ( -82.63237542511720335, -16.90716297894147502, 13.49712706504742243 ) ) ;
#1931 = CARTESIAN_POINT ( 'NONE',  ( -83.94017275008040713, -24.00000000000000000, 6.392952027313453023 ) ) ;
#1932 = B_SPLINE_CURVE_WITH_KNOTS ( 'NONE', 3,
 ( #1514, #255, #1010, #2120 ),
 .UNSPECIFIED., .F., .F.,
 ( 4, 4 ),
 ( 0.000000000000000000, 1.000000000000000000 ),
 .UNSPECIFIED. ) ;
#1933 = CARTESIAN_POINT ( 'NONE',  ( -104.4898860583088549, -18.98353495748319730, 17.23892556047847435 ) ) ;
#1934 = CARTESIAN_POINT ( 'NONE',  ( -105.4667564806535296, -23.33951664435489803, 10.43393650193402777 ) ) ;
#1935 = CARTESIAN_POINT ( 'NONE',  ( -83.16192033722865062, -16.00000000000000000, 1.368554550686120974 ) ) ;
#1936 = EDGE_CURVE ( 'NONE', #923, #68, #1782, .T. ) ;
#1937 = B_SPLINE_CURVE_WITH_KNOTS ( 'NONE', 3,
 ( #496, #311, #1420, #1440 ),
 .UNSPECIFIED., .F., .F.,
 ( 4, 4 ),
 ( 0.000000000000000000, 1.000000000000000000 ),
 .UNSPECIFIED. ) ;
#1938 = CLOSED_SHELL ( 'NONE', ( #2053, #1316, #1755, #523, #637, #1393, #1340, #2413, #2306, #931, #1400, #1019, #1596, #736, #1212, #845, #612, #213, #1124, #340, #1107, #486, #1281, #1548, #1573, #603, #53, #2385, #154, #1182, #2038, #1092, #549, #415, #27, #2374, #2007, #140 ) ) ;
#1939 = CARTESIAN_POINT ( 'NONE',  ( -103.8225465112610522, -17.00000000000000000, 17.24157659933392850 ) ) ;
#1940 = ORIENTED_EDGE ( 'NONE', *, *, #2403, .F. ) ;
#1941 = CARTESIAN_POINT ( 'NONE',  ( -85.54363803077636419, -23.99999750007592070, 1.486177005284457842 ) ) ;
#1942 = MECHANICAL_DESIGN_GEOMETRIC_PRESENTATION_REPRESENTATION (  '', ( #2395 ), #362 ) ;
#1943 = CARTESIAN_POINT ( 'NONE',  ( -104.6159113248745882, -22.90528010531138392, 15.71857214952020243 ) ) ;
#1944 = ORIENTED_EDGE ( 'NONE', *, *, #1967, .T. ) ;
#1945 = CARTESIAN_POINT ( 'NONE',  ( -80.53151293978653769, -22.81202968023327315, 15.00560773331058861 ) ) ;
#1946 = B_SPLINE_CURVE_WITH_KNOTS ( 'NONE', 3,
 ( #2026, #1146, #567, #1120, #1131, #2203, #745, #1329, #2040, #2257, #912, #718, #171, #2080, #1274, #352, #1883, #770, #1288, #2240, #377, #1456, #339, #525, #927, #2399, #183, #1108, #2228, #1094, #11, #2067, #1709, #1842 ),
 .UNSPECIFIED., .F., .F.,
 ( 4, 1, 1, 1, 1, 1, 1, 2, 2, 2, 1, 1, 1, 1, 1, 2, 2, 1, 1, 1, 1, 1, 2, 2, 4 ),
 ( 0.000000000000000000, 0.1250000000001427469, 0.1875000000002141065, 0.2187500000002496336, 0.2343750000002660372, 0.2421875000002759459, 0.2460937500002791378, 0.2480468750002793876, 0.2500000000002796097, 0.5000000000001686429, 0.6250000000001141309, 0.6875000000000873746, 0.7187500000000733857, 0.7343750000000673905, 0.7421875000000641709, 0.7460937500000626166, 0.7500000000000610623, 0.8125000000000349720, 0.8437500000000215383, 0.8593750000000149880, 0.8671875000000115463, 0.8710937500000104361, 0.8730468750000101030, 0.8750000000000097700, 1.000000000000000000 ),
 .UNSPECIFIED. ) ;
#1947 = CARTESIAN_POINT ( 'NONE',  ( -84.93637820124207849, -24.00000000000000000, 6.425404213923951779 ) ) ;
#1948 = CARTESIAN_POINT ( 'NONE',  ( -101.4228818109864534, -13.99984305897279846, 2.274235378185655243 ) ) ;
#1949 = CARTESIAN_POINT ( 'NONE',  ( -100.1457401041199518, -15.33333333333260740, 2.110084135896636681 ) ) ;
#1950 = DIRECTION ( 'NONE',  ( 0.000000000000000000, 0.000000000000000000, -1.000000000000000000 ) ) ;
#1951 = CARTESIAN_POINT ( 'NONE',  ( -80.32078743332195359, -23.06352356728015351, 13.86359985467182554 ) ) ;
#1952 = CARTESIAN_POINT ( 'NONE',  ( -105.8070133597504423, -25.99999999999999645, 2.357260664300416142 ) ) ;
#1953 = CARTESIAN_POINT ( 'NONE',  ( -86.15906500197415596, -23.78521482516186580, 1.499412712782035584 ) ) ;
#1954 = CARTESIAN_POINT ( 'NONE',  ( -83.13673826136394496, -23.95356098360483088, 3.321506828638809417 ) ) ;
#1955 = CARTESIAN_POINT ( 'NONE',  ( -104.7084630594175536, -13.00000000000000355, 12.23447543558446782 ) ) ;
#1956 = EDGE_LOOP ( 'NONE', ( #546, #578, #1464, #998, #471, #1901 ) ) ;
#1957 = CARTESIAN_POINT ( 'NONE',  ( -80.48656355327915435, -23.05172537659344556, 13.92837305089032007 ) ) ;
#1958 = CARTESIAN_POINT ( 'NONE',  ( -81.39669410179907061, -23.00000000000000000, 11.23143488549641766 ) ) ;
#1959 = EDGE_CURVE ( 'NONE', #644, #1079, #461, .T. ) ;
#1960 = CARTESIAN_POINT ( 'NONE',  ( -100.7863010816783316, -13.99999682226563991, 2.153419644139624278 ) ) ;
#1961 = CARTESIAN_POINT ( 'NONE',  ( -80.51142134101770864, -13.00000000000000178, 16.22379089414270581 ) ) ;
#1962 = CARTESIAN_POINT ( 'NONE',  ( -103.1428847688654997, -25.99999999999999645, 2.240942297992870813 ) ) ;
#1963 = CARTESIAN_POINT ( 'NONE',  ( -85.54224142925535546, -13.99999746758435393, 1.486204413721722517 ) ) ;
#1964 = CARTESIAN_POINT ( 'NONE',  ( -103.1428847688654997, -24.00000000000000000, 2.240942297992625676 ) ) ;
#1965 = ORIENTED_EDGE ( 'NONE', *, *, #948, .F. ) ;
#1966 = CARTESIAN_POINT ( 'NONE',  ( -102.6934535988195591, -16.01131887029460898, 3.177936282776499866 ) ) ;
#1967 = EDGE_CURVE ( 'NONE', #607, #2103, #2336, .T. ) ;
#1968 = CARTESIAN_POINT ( 'NONE',  ( -80.73130574145297089, -14.33333333333333570, 11.18761013881635158 ) ) ;
#1969 = CARTESIAN_POINT ( 'NONE',  ( -79.16372935445814107, -16.00000000000000000, 1.193989762450004433 ) ) ;
#1970 = CARTESIAN_POINT ( 'NONE',  ( -100.4273958988231215, -13.99999999999994316, 2.122392986117888292 ) ) ;
#1971 = CARTESIAN_POINT ( 'NONE',  ( -107.1390776551929207, -23.51950576976785712, 2.415419847454189473 ) ) ;
#1972 = B_SPLINE_CURVE_WITH_KNOTS ( 'NONE', 3,
 ( #1315, #1869, #1472, #2216, #212, #1681, #1695, #196, #2428, #538, #1668, #2415, #551, #968, #1301, #758, #954, #1511, #2271, #439, #1536, #980, #225, #2106, #47, #810, #1170, #1921, #453, #1762, #404, #2093, #598, #1933, #1722, #991 ),
 .UNSPECIFIED., .F., .F.,
 ( 4, 2, 1, 1, 1, 2, 2, 2, 1, 1, 1, 2, 2, 2, 2, 2, 1, 1, 1, 1, 2, 2, 4 ),
 ( 0.000000000000000000, 0.06249999999997948863, 0.09374999999996931621, 0.1093749999999649863, 0.1171874999999643341, 0.1210937499999640288, 0.1249999999999637512, 0.1874999999999625022, 0.2187499999999626132, 0.2343749999999618916, 0.2421874999999609479, 0.2460937499999607814, 0.2499999999999606426, 0.4999999999999351630, 0.6249999999999240607, 0.6874999999999191758, 0.7187499999999166223, 0.7343749999999162892, 0.7421874999999164002, 0.7460937499999173994, 0.7480468749999178435, 0.7499999999999182876, 1.000000000000000000 ),
 .UNSPECIFIED. ) ;
#1973 = CARTESIAN_POINT ( 'NONE',  ( -105.4667564806537285, -16.66048335564500604, 10.43393650193347177 ) ) ;
#1974 = CARTESIAN_POINT ( 'NONE',  ( -83.18479758130166601, -13.96202861757837077, 3.126141625404487812 ) ) ;
#1975 = CARTESIAN_POINT ( 'NONE',  ( -101.9142900879560329, -23.99903056519839240, 2.461903251393156467 ) ) ;
#1976 = ORIENTED_EDGE ( 'NONE', *, *, #1219, .F. ) ;
#1977 = CARTESIAN_POINT ( 'NONE',  ( -100.7739590913524381, -16.00000284255085248, 2.152048108180706798 ) ) ;
#1978 = CARTESIAN_POINT ( 'NONE',  ( -80.51142134101772285, -14.33333333333333570, 16.22379089414270581 ) ) ;
#1979 = CARTESIAN_POINT ( 'NONE',  ( -82.50951778418142624, -27.00000000000000000, 16.31102966887338113 ) ) ;
#1980 = EDGE_CURVE ( 'NONE', #920, #2186, #341, .T. ) ;
#1981 = CARTESIAN_POINT ( 'NONE',  ( -103.0120266067694956, -16.10435015894374899, 5.238086962738186969 ) ) ;
#1982 =( NAMED_UNIT ( * ) SI_UNIT ( $, .STERADIAN. ) SOLID_ANGLE_UNIT ( ) );
#1983 = CARTESIAN_POINT ( 'NONE',  ( -79.16372935445814107, -24.00000000000000000, 1.193989762450005765 ) ) ;
#1984 = EDGE_CURVE ( 'NONE', #111, #1733, #997, .T. ) ;
#1985 = CARTESIAN_POINT ( 'NONE',  ( -84.93127329444519091, -13.99987899753014453, 1.540936777773787236 ) ) ;
#1986 = B_SPLINE_CURVE_WITH_KNOTS ( 'NONE', 3,
 ( #414, #807, #1546, #1919, #235, #1957, #69, #437, #1191, #989, #782, #978, #1002, #1747, #2138, #1770, #831, #2269, #1168, #1945, #2091, #58, #1339, #1906, #1179, #261, #1720, #645, #1027, #594, #451, #1157, #402, #223, #820, #2281 ),
 .UNSPECIFIED., .F., .F.,
 ( 4, 2, 1, 1, 1, 2, 2, 2, 1, 1, 1, 2, 2, 2, 2, 2, 1, 1, 1, 1, 2, 2, 4 ),
 ( 0.000000000000000000, 0.06250000000003413936, 0.09375000000005120904, 0.1093750000000592304, 0.1171875000000628664, 0.1210937500000643513, 0.1250000000000658362, 0.1875000000000809075, 0.2187500000000886513, 0.2343750000000925926, 0.2421875000000937306, 0.2460937500000941747, 0.2500000000000945910, 0.5000000000000854872, 0.6250000000000800471, 0.6875000000000778266, 0.7187500000000767164, 0.7343750000000763833, 0.7421875000000770495, 0.7460937500000760503, 0.7480468750000743849, 0.7500000000000728306, 1.000000000000000000 ),
 .UNSPECIFIED. ) ;
#1987 = CARTESIAN_POINT ( 'NONE',  ( -103.0261629570696016, -23.92457514852988609, 4.758787015212647908 ) ) ;
#1988 = VERTEX_POINT ( 'NONE', #2021 ) ;
#1989 = CARTESIAN_POINT ( 'NONE',  ( -84.89559546381174471, -26.00014190055098240, 1.547292487690175466 ) ) ;
#1990 = CARTESIAN_POINT ( 'NONE',  ( -78.94584305046592476, -16.96159122342638526, 6.230257756551084825 ) ) ;
#1991 = DIRECTION ( 'NONE',  ( -0.000000000000000000, 1.000000000000000000, -0.000000000000000000 ) ) ;
#1992 = B_SPLINE_CURVE_WITH_KNOTS ( 'NONE', 3,
 ( #1272, #1881, #536, #2024 ),
 .UNSPECIFIED., .F., .F.,
 ( 4, 4 ),
 ( 0.000000000000000000, 1.000000000000000000 ),
 .UNSPECIFIED. ) ;
#1993 = PLANE ( 'NONE',  #721 ) ;
#1994 = CARTESIAN_POINT ( 'NONE',  ( -84.03038221246860928, -23.78521482516186580, 1.621753074032432629 ) ) ;
#1995 = DIRECTION ( 'NONE',  ( 0.04361938736534750477, 0.000000000000000000, 0.9990482215818571321 ) ) ;
#1996 = CARTESIAN_POINT ( 'NONE',  ( -103.0560467825532527, -16.21478517483813064, 4.229859177187062613 ) ) ;
#1997 = CARTESIAN_POINT ( 'NONE',  ( -84.99104533376211634, -13.99990915444229600, 1.531051050841905292 ) ) ;
#1998 = CARTESIAN_POINT ( 'NONE',  ( -103.0252632585819583, -23.93202148342450641, 4.622458443620554469 ) ) ;
#1999 = VERTEX_POINT ( 'NONE', #558 ) ;
#2000 = CARTESIAN_POINT ( 'NONE',  ( -84.99572651795762113, -26.00008064612676506, 1.529064486092375441 ) ) ;
#2001 = CARTESIAN_POINT ( 'NONE',  ( -80.73130574145297089, -15.66666666666666607, 11.18761013881635158 ) ) ;
#2002 = CARTESIAN_POINT ( 'NONE',  ( -83.93868408733942488, -25.99999999999999645, 6.392903532938107425 ) ) ;
#2003 = CARTESIAN_POINT ( 'NONE',  ( -102.4902844623254623, -20.10699650426495566, 17.18340857785954512 ) ) ;
#2004 = EDGE_LOOP ( 'NONE', ( #29, #1715, #289, #16, #936, #819 ) ) ;
#2005 = CARTESIAN_POINT ( 'NONE',  ( -102.4990225428649495, -21.66213354726462725, 16.98781176780300584 ) ) ;
#2006 = CARTESIAN_POINT ( 'NONE',  ( -103.0245353306660405, -26.06624957260696362, 4.590014514094814757 ) ) ;
#2007 = ADVANCED_FACE ( 'NONE', ( #1823 ), #1818, .T. ) ;
#2008 = CARTESIAN_POINT ( 'NONE',  ( -83.17136099742569399, -16.04013844546567924, 3.177288726870969082 ) ) ;
#2009 = ORIENTED_EDGE ( 'NONE', *, *, #753, .T. ) ;
#2010 = CARTESIAN_POINT ( 'NONE',  ( -85.51257682996326537, -26.00000330852917685, 1.486868848979306712 ) ) ;
#2011 = CARTESIAN_POINT ( 'NONE',  ( -107.1390776551929349, -20.00000000000000000, 2.415419847454189473 ) ) ;
#2012 = ORIENTED_EDGE ( 'NONE', *, *, #121, .T. ) ;
#2013 = CARTESIAN_POINT ( 'NONE',  ( -86.14462915774777230, -25.99999999999999645, 1.498782430211549777 ) ) ;
#2014 = CIRCLE ( 'NONE', #514, 4.000000000000000000 ) ;
#2015 = CARTESIAN_POINT ( 'NONE',  ( -78.98702711922685182, -24.00000000000000000, 5.286987501320685290 ) ) ;
#2016 = ORIENTED_EDGE ( 'NONE', *, *, #1461, .F. ) ;
#2017 = CARTESIAN_POINT ( 'NONE',  ( -102.5762745059307406, -23.00772672033060573, 15.21845091758762791 ) ) ;
#2018 = CARTESIAN_POINT ( 'NONE',  ( -81.17745348873894784, -26.99999999999999645, 16.25287048571959758 ) ) ;
#2019 = CARTESIAN_POINT ( 'NONE',  ( -84.70396089211226354, -16.00030213996381434, 1.587825141188003553 ) ) ;
#2020 = ORIENTED_EDGE ( 'NONE', *, *, #8, .F. ) ;
#2021 = CARTESIAN_POINT ( 'NONE',  ( -102.6133398567543935, -16.90716297894140041, 14.36951481235288597 ) ) ;
#2022 = FILL_AREA_STYLE_COLOUR ( '', #961 ) ;
#2023 = CARTESIAN_POINT ( 'NONE',  ( -80.73130574145297089, -21.07758692170241233, 11.18761013881635158 ) ) ;
#2024 = CARTESIAN_POINT ( 'NONE',  ( -82.50951778418142624, -23.00000000000000000, 16.31102966887337757 ) ) ;
#2025 = CARTESIAN_POINT ( 'NONE',  ( -80.21900668407923263, -18.94375882324827742, 16.21102379450050535 ) ) ;
#2026 = CARTESIAN_POINT ( 'NONE',  ( -102.4902834531029185, -19.89296293887625566, 17.18340853089074116 ) ) ;
#2027 = CARTESIAN_POINT ( 'NONE',  ( -104.8841913501767777, -16.93647643271985004, 14.93606123072439829 ) ) ;
#2028 = CARTESIAN_POINT ( 'NONE',  ( -104.4885786589822914, -23.00000000000000000, 17.27065619091082027 ) ) ;
#2029 = CARTESIAN_POINT ( 'NONE',  ( -100.1529912421572988, -13.99999999999958078, 2.110400778532573351 ) ) ;
#2030 = CARTESIAN_POINT ( 'NONE',  ( -82.61968506700652881, -20.09848813601975692, 16.31583967631918597 ) ) ;
#2031 = CARTESIAN_POINT ( 'NONE',  ( -83.52433871665029130, -16.01144993172734488, 2.346437312923729035 ) ) ;
#2032 = VERTEX_POINT ( 'NONE', #764 ) ;
#2033 = CARTESIAN_POINT ( 'NONE',  ( -102.9053793902025831, -16.02746629984620697, 3.715590611497788576 ) ) ;
#2034 = CARTESIAN_POINT ( 'NONE',  ( -79.16572745090121543, -14.00000000000000355, 1.194077001224732149 ) ) ;
#2035 = ORIENTED_EDGE ( 'NONE', *, *, #835, .T. ) ;
#2036 = CARTESIAN_POINT ( 'NONE',  ( -80.51528616121635196, -18.70401045790715244, 16.12999114490889596 ) ) ;
#2037 = DIRECTION ( 'NONE',  ( 0.000000000000000000, 1.000000000000000000, -2.168404344971012566E-16 ) ) ;
#2038 = ADVANCED_FACE ( 'NONE', ( #162 ), #2376, .T. ) ;
#2039 = CARTESIAN_POINT ( 'NONE',  ( -82.60719754877902687, -16.95360779220558456, 14.07379524170434237 ) ) ;
#2040 = CARTESIAN_POINT ( 'NONE',  ( -102.4945128063525317, -18.71012779968125272, 17.09110171556834601 ) ) ;
#2041 = CARTESIAN_POINT ( 'NONE',  ( -103.9896854635401127, -17.88960082781163052, 17.05536964754988460 ) ) ;
#2042 = CARTESIAN_POINT ( 'NONE',  ( -102.5878831516978806, -23.04562584107044287, 14.95256921660234539 ) ) ;
#2043 = CARTESIAN_POINT ( 'NONE',  ( -100.7482265336368101, -26.00000223616709860, 2.149301968695038312 ) ) ;
#2044 = CARTESIAN_POINT ( 'NONE',  ( -83.64340069033697489, -16.00809490358730258, 2.193110618387759558 ) ) ;
#2045 = ORIENTED_EDGE ( 'NONE', *, *, #2161, .F. ) ;
#2046 = CARTESIAN_POINT ( 'NONE',  ( -102.9586066824982566, -16.03614522657410646, 3.944965551379803870 ) ) ;
#2047 = CARTESIAN_POINT ( 'NONE',  ( -78.94584305046592476, -14.00000000000000355, 6.230257756551081272 ) ) ;
#2048 = ORIENTED_EDGE ( 'NONE', *, *, #902, .F. ) ;
#2049 = FACE_OUTER_BOUND ( 'NONE', #1862, .T. ) ;
#2050 = CARTESIAN_POINT ( 'NONE',  ( -103.1428847688654997, -16.00000000000000000, 2.240942297992871257 ) ) ;
#2051 = AXIS2_PLACEMENT_3D ( 'NONE', #353, #1669, #2386 ) ;
#2052 = CARTESIAN_POINT ( 'NONE',  ( -81.05390152834593209, -17.22186274058403654, 15.43535479609031569 ) ) ;
#2053 = ADVANCED_FACE ( 'NONE', ( #2087 ), #1014, .T. ) ;
#2054 = CARTESIAN_POINT ( 'NONE',  ( -86.15184707766370309, -25.99999999999993960, 1.499097621814200920 ) ) ;
#2055 = VECTOR ( 'NONE', #1991, 1000.000000000000000 ) ;
#2056 = CARTESIAN_POINT ( 'NONE',  ( -80.73130574145295668, -17.00000000000000000, 11.18761013881635336 ) ) ;
#2057 = CARTESIAN_POINT ( 'NONE',  ( -102.9249317305556843, -24.00000000000000000, 7.232887588009708324 ) ) ;
#2058 = CARTESIAN_POINT ( 'NONE',  ( -83.08372009151236171, -13.93757134780774543, 3.646609664238936510 ) ) ;
#2059 = EDGE_CURVE ( 'NONE', #2032, #1079, #1457, .T. ) ;
#2060 = CARTESIAN_POINT ( 'NONE',  ( -84.88799081122034806, -16.00014669601460326, 1.548697682650020058 ) ) ;
#2061 = ORIENTED_EDGE ( 'NONE', *, *, #276, .T. ) ;
#2062 = CARTESIAN_POINT ( 'NONE',  ( -86.15906500197415596, -14.59507160838880324, 1.499412712782034918 ) ) ;
#2063 = CARTESIAN_POINT ( 'NONE',  ( -84.15710480302358576, -14.00000000000000355, 1.412005242830639773 ) ) ;
#2064 = CARTESIAN_POINT ( 'NONE',  ( -107.1390776551929207, -24.00000000000000000, 2.415419847454189028 ) ) ;
#2065 = DIRECTION ( 'NONE',  ( -0.9990482215818572431, -4.059252933785728601E-16, 0.04361938736534697048 ) ) ;
#2066 = CARTESIAN_POINT ( 'NONE',  ( -82.74148028416216505, -16.90712610670628635, 13.50192110050174854 ) ) ;
#2067 = CARTESIAN_POINT ( 'NONE',  ( -102.5931913676892577, -16.93943447100018318, 14.83099108205500194 ) ) ;
#2068 = DIRECTION ( 'NONE',  ( 0.9990482215818580203, -0.000000000000000000, -0.04361938736532942201 ) ) ;
#2069 = CARTESIAN_POINT ( 'NONE',  ( -78.98702711922685182, -16.00000000000000000, 5.286987501320671079 ) ) ;
#2070 = CARTESIAN_POINT ( 'NONE',  ( -100.1457401041199802, -24.59507160838951378, 2.110084135896637569 ) ) ;
#2071 = CARTESIAN_POINT ( 'NONE',  ( -104.2563522386230233, -16.00000000000000000, 7.305791926266652858 ) ) ;
#2072 = ORIENTED_EDGE ( 'NONE', *, *, #966, .T. ) ;
#2073 = CARTESIAN_POINT ( 'NONE',  ( -85.65495110919859201, -15.40492839161622385, 1.477402624890175709 ) ) ;
#2074 = CARTESIAN_POINT ( 'NONE',  ( -104.7954902676268745, -23.09210125808395730, 14.46417521936453632 ) ) ;
#2075 = VERTEX_POINT ( 'NONE', #1889 ) ;
#2076 = CARTESIAN_POINT ( 'NONE',  ( -79.16572745090121543, -23.03879346085119906, 1.194077001224732149 ) ) ;
#2077 = LINE ( 'NONE', #580, #1615 ) ;
#2078 = CARTESIAN_POINT ( 'NONE',  ( -82.52399713934573811, -18.01057941646605087, 15.97939791289802436 ) ) ;
#2079 = B_SPLINE_CURVE_WITH_KNOTS ( 'NONE', 3,
 ( #711, #2419, #2185, #904 ),
 .UNSPECIFIED., .F., .F.,
 ( 4, 4 ),
 ( 0.000000000000000000, 0.7996355001121797645 ),
 .UNSPECIFIED. ) ;
#2080 = CARTESIAN_POINT ( 'NONE',  ( -102.5229337317764191, -17.51482154053219276, 16.44015550299083017 ) ) ;
#2081 = CARTESIAN_POINT ( 'NONE',  ( -104.7806548945271317, -19.90236248847161704, 17.28340851475588025 ) ) ;
#2082 = CARTESIAN_POINT ( 'NONE',  ( -106.9191932547577011, -16.00000000000000000, 7.451600602780542815 ) ) ;
#2083 = CARTESIAN_POINT ( 'NONE',  ( -101.1539678896710797, -23.78521482516187646, 2.154104311680353323 ) ) ;
#2084 = DIRECTION ( 'NONE',  ( 0.04361938736532901262, 0.000000000000000000, 0.9990482215818580203 ) ) ;
#2085 = EDGE_CURVE ( 'NONE', #324, #2294, #796, .T. ) ;
#2086 = ORIENTED_EDGE ( 'NONE', *, *, #444, .T. ) ;
#2087 = FACE_OUTER_BOUND ( 'NONE', #701, .T. ) ;
#2088 = CARTESIAN_POINT ( 'NONE',  ( -102.1486706407932274, -14.00000000000000355, 2.197533971708277356 ) ) ;
#2089 = ORIENTED_EDGE ( 'NONE', *, *, #1201, .F. ) ;
#2090 = CARTESIAN_POINT ( 'NONE',  ( -80.51382086169842012, -17.04291153279032756, 14.48490057368520745 ) ) ;
#2091 = CARTESIAN_POINT ( 'NONE',  ( -80.53176409433736183, -22.62057717629765108, 15.34910139715649002 ) ) ;
#2092 = CARTESIAN_POINT ( 'NONE',  ( -82.58507970931427167, -22.95641834368540302, 14.58037705124376160 ) ) ;
#2093 = CARTESIAN_POINT ( 'NONE',  ( -104.4930375379867087, -18.69161945089702925, 17.17412547469112738 ) ) ;
#2094 = CIRCLE ( 'NONE', #1038, 11.99999999999999289 ) ;
#2095 = CARTESIAN_POINT ( 'NONE',  ( -79.16572745090120122, -20.00000000000000000, 1.194077001224730372 ) ) ;
#2096 = CARTESIAN_POINT ( 'NONE',  ( -107.1390776551929349, -20.00000000000000000, 2.415419847454188584 ) ) ;
#2097 = CARTESIAN_POINT ( 'NONE',  ( -103.0340366946614097, -23.78521482516187646, 4.733973069962632785 ) ) ;
#2098 = AXIS2_PLACEMENT_3D ( 'NONE', #2130, #265, #1806 ) ;
#2099 = CARTESIAN_POINT ( 'NONE',  ( -102.2556599478917292, -16.21478517483812709, 2.417485884730394385 ) ) ;
#2100 = ORIENTED_EDGE ( 'NONE', *, *, #1784, .F. ) ;
#2101 = CARTESIAN_POINT ( 'NONE',  ( -85.15083721642302805, -14.59507160838880324, 1.455392536998320274 ) ) ;
#2102 = DIRECTION ( 'NONE',  ( 0.000000000000000000, -1.000000000000000000, -0.000000000000000000 ) ) ;
#2103 = VERTEX_POINT ( 'NONE', #2291 ) ;
#2104 = CARTESIAN_POINT ( 'NONE',  ( -102.6133398567543225, -23.09283702105852853, 14.36951481235411876 ) ) ;
#2105 = CARTESIAN_POINT ( 'NONE',  ( -84.15764455435206060, -24.00000000000000000, 1.412028808882576980 ) ) ;
#2106 = CARTESIAN_POINT ( 'NONE',  ( -104.5014074620939937, -18.19336329217558657, 17.01478085635706705 ) ) ;
#2107 = CARTESIAN_POINT ( 'NONE',  ( -104.4885786589822771, -23.00000000000000000, 17.27065619091081672 ) ) ;
#2108 = CYLINDRICAL_SURFACE ( 'NONE', #2170, 4.000000000000000000 ) ;
#2109 = CARTESIAN_POINT ( 'NONE',  ( -102.8896862455191297, -24.59507160838951378, 3.109404173232645174 ) ) ;
#2110 = CARTESIAN_POINT ( 'NONE',  ( -102.2556599478917292, -14.59507160839021012, 2.417485884730396162 ) ) ;
#2111 = VERTEX_POINT ( 'NONE', #397 ) ;
#2112 = CARTESIAN_POINT ( 'NONE',  ( -86.15407899383694712, -24.00000000000000000, 1.499195052229142400 ) ) ;
#2113 = CARTESIAN_POINT ( 'NONE',  ( -104.6263554783226510, -22.93091933133819893, 15.63160607822671189 ) ) ;
#2114 = ORIENTED_EDGE ( 'NONE', *, *, #398, .F. ) ;
#2115 = CARTESIAN_POINT ( 'NONE',  ( -83.06861129131270616, -26.06949741084834571, 3.779351283132412753 ) ) ;
#2116 = FACE_OUTER_BOUND ( 'NONE', #2366, .T. ) ;
#2117 = CARTESIAN_POINT ( 'NONE',  ( -101.3021163641013089, -13.99991933362948870, 2.241026589861172091 ) ) ;
#2118 = EDGE_CURVE ( 'NONE', #985, #19, #2242, .T. ) ;
#2119 = CARTESIAN_POINT ( 'NONE',  ( -106.9603773235185997, -24.00000000000000000, 6.508330347550304040 ) ) ;
#2120 = CARTESIAN_POINT ( 'NONE',  ( -80.51142134101770864, -13.00000000000000178, 16.22379089414270581 ) ) ;
#2121 = CARTESIAN_POINT ( 'NONE',  ( -100.6498539968955015, -15.40492839161622030, 2.132094223788493448 ) ) ;
#2122 = CARTESIAN_POINT ( 'NONE',  ( -83.03106217513258969, -25.40492839161060346, 4.365699215431568803 ) ) ;
#2123 = CARTESIAN_POINT ( 'NONE',  ( -85.65495110919859201, -13.78521482516186047, 1.477402624890177485 ) ) ;
#2124 = CARTESIAN_POINT ( 'NONE',  ( -104.7004321573995895, -23.04122329426158799, 15.07508815691723214 ) ) ;
#2125 = ORIENTED_EDGE ( 'NONE', *, *, #294, .F. ) ;
#2126 = CARTESIAN_POINT ( 'NONE',  ( -104.0685961670056656, -23.09234610812729471, 14.43264001434488542 ) ) ;
#2127 = CARTESIAN_POINT ( 'NONE',  ( -82.60649819111000625, -23.04445242455479814, 14.08981316579050791 ) ) ;
#2128 = CARTESIAN_POINT ( 'NONE',  ( -102.8654343832303368, -13.97818427746515901, 3.557984050552347455 ) ) ;
#2129 = CARTESIAN_POINT ( 'NONE',  ( -107.1390776551929207, -24.00000000000000000, 2.415419847454189028 ) ) ;
#2130 = CARTESIAN_POINT ( 'NONE',  ( 0.000000000000000000, 0.000000000000000000, 0.000000000000000000 ) ) ;
#2131 = CARTESIAN_POINT ( 'NONE',  ( -105.5877727466903622, -25.99999999999999645, 7.378696264523597392 ) ) ;
#2132 = CARTESIAN_POINT ( 'NONE',  ( -80.51142134101770864, -17.00000000000000000, 16.22379089414270226 ) ) ;
#2133 = CARTESIAN_POINT ( 'NONE',  ( -83.05307226302446111, -15.40492839161622740, 3.861585322656003960 ) ) ;
#2134 = EDGE_CURVE ( 'NONE', #1838, #959, #51, .T. ) ;
#2135 = B_SPLINE_CURVE_WITH_KNOTS ( 'NONE', 3,
 ( #761, #2018, #344, #330 ),
 .UNSPECIFIED., .F., .F.,
 ( 4, 4 ),
 ( 0.000000000000000000, 1.000000000000000000 ),
 .UNSPECIFIED. ) ;
#2136 = CARTESIAN_POINT ( 'NONE',  ( -102.9708701007777165, -23.96109596900448224, 4.012423032472971052 ) ) ;
#2137 = ORIENTED_EDGE ( 'NONE', *, *, #473, .F. ) ;
#2138 = CARTESIAN_POINT ( 'NONE',  ( -80.51410478799557779, -22.95301888694781667, 14.49634636968514378 ) ) ;
#2139 = CARTESIAN_POINT ( 'NONE',  ( -82.63237542511720335, -23.09283702105852143, 13.49712706504748461 ) ) ;
#2140 = CARTESIAN_POINT ( 'NONE',  ( -103.0260722101360926, -13.92863576063636444, 4.685091207570285299 ) ) ;
#2141 = DIRECTION ( 'NONE',  ( 0.04361938736534750477, 0.000000000000000000, 0.9990482215818571321 ) ) ;
#2142 = CARTESIAN_POINT ( 'NONE',  ( -106.9603773235186139, -16.00000000000000000, 6.508330347550014494 ) ) ;
#2143 = EDGE_LOOP ( 'NONE', ( #1055, #1650, #54, #883, #218, #766 ) ) ;
#2144 = CARTESIAN_POINT ( 'NONE',  ( -83.05657853083194198, -23.92465363402734013, 3.888452752320076922 ) ) ;
#2145 = EDGE_CURVE ( 'NONE', #309, #517, #1693, .T. ) ;
#2146 = CARTESIAN_POINT ( 'NONE',  ( -103.0252430881147490, -23.93207993170081238, 4.621368414232913224 ) ) ;
#2147 = ORIENTED_EDGE ( 'NONE', *, *, #1873, .F. ) ;
#2148 = CARTESIAN_POINT ( 'NONE',  ( -101.3650377892529093, -16.00012088919360309, 2.258405757138549852 ) ) ;
#2149 = CARTESIAN_POINT ( 'NONE',  ( -80.73130574145297089, -19.88477367027915932, 11.18761013881635158 ) ) ;
#2150 = CARTESIAN_POINT ( 'NONE',  ( -103.1565143631235344, -19.90178703437206664, 17.21249700773886104 ) ) ;
#2151 = CARTESIAN_POINT ( 'NONE',  ( -100.1529912421572988, -13.99999999999958078, 2.110400778532573351 ) ) ;
#2152 = CARTESIAN_POINT ( 'NONE',  ( -104.7084630594175394, -23.00000000000000000, 12.23447543558446604 ) ) ;
#2153 = CARTESIAN_POINT ( 'NONE',  ( -103.0340366946613955, -15.40492839161622207, 4.733973069962630120 ) ) ;
#2154 = CARTESIAN_POINT ( 'NONE',  ( -83.21122222227106136, -13.96584760076038911, 3.033192228288580594 ) ) ;
#2155 = EDGE_CURVE ( 'NONE', #1268, #985, #2214, .T. ) ;
#2156 = CARTESIAN_POINT ( 'NONE',  ( -103.1565143635397988, -13.00000000000000355, 17.21249700775703317 ) ) ;
#2157 = VERTEX_POINT ( 'NONE', #318 ) ;
#2158 = CARTESIAN_POINT ( 'NONE',  ( -100.7444300508365131, -16.00000215699575179, 2.148905423045082141 ) ) ;
#2159 = CARTESIAN_POINT ( 'NONE',  ( -79.16572745090121543, -16.96159122342638526, 1.194077001224732149 ) ) ;
#2160 = FACE_OUTER_BOUND ( 'NONE', #630, .T. ) ;
#2161 = EDGE_CURVE ( 'NONE', #2103, #1365, #699, .T. ) ;
#2162 = CARTESIAN_POINT ( 'NONE',  ( -104.4885786589822771, -20.11703461860714626, 17.27065619091081672 ) ) ;
#2163 = B_SPLINE_CURVE_WITH_KNOTS ( 'NONE', 3,
 ( #1321, #217, #1373, #256 ),
 .UNSPECIFIED., .F., .F.,
 ( 4, 4 ),
 ( 0.000000000000000000, 1.000000000000000000 ),
 .UNSPECIFIED. ) ;
#2164 = DIRECTION ( 'NONE',  ( 0.9990482215818572431, 4.059252933785728108E-16, -0.04361938736534699129 ) ) ;
#2165 = CARTESIAN_POINT ( 'NONE',  ( -85.52934038445336284, -13.99999715129857059, 1.486469409329747915 ) ) ;
#2166 = B_SPLINE_CURVE_WITH_KNOTS ( 'NONE', 3,
 ( #2361, #2015, #1404, #2191 ),
 .UNSPECIFIED., .F., .F.,
 ( 4, 4 ),
 ( 0.000000000000000000, 0.8127012708523658757 ),
 .UNSPECIFIED. ) ;
#2167 = CARTESIAN_POINT ( 'NONE',  ( -100.8075371998594392, -23.99999617980515154, 2.155842161947816749 ) ) ;
#2168 = ORIENTED_EDGE ( 'NONE', *, *, #1710, .F. ) ;
#2169 = CARTESIAN_POINT ( 'NONE',  ( -83.17883977471883838, -26.03891142231089972, 3.148460889224970582 ) ) ;
#2170 = AXIS2_PLACEMENT_3D ( 'NONE', #215, #2331, #1122 ) ;
#2171 = DIRECTION ( 'NONE',  ( 0.000000000000000000, 0.000000000000000000, -1.000000000000000000 ) ) ;
#2172 = CARTESIAN_POINT ( 'NONE',  ( -104.4885786589822771, -19.88206078777780661, 17.27065619091081672 ) ) ;
#2173 = CARTESIAN_POINT ( 'NONE',  ( -104.7084630594175394, -26.99999999999999645, 12.23447543558446604 ) ) ;
#2174 = CARTESIAN_POINT ( 'NONE',  ( -104.4749490643079781, -25.99999999999999645, 2.299101481146643255 ) ) ;
#2175 = CARTESIAN_POINT ( 'NONE',  ( -83.52830045189135433, -23.98869286676715973, 2.340682008618653498 ) ) ;
#2176 = CARTESIAN_POINT ( 'NONE',  ( -101.5880401067464760, -23.99969732710675174, 2.325133192363279644 ) ) ;
#2177 = ORIENTED_EDGE ( 'NONE', *, *, #1784, .T. ) ;
#2178 = CARTESIAN_POINT ( 'NONE',  ( -100.4677379688629060, -15.99999990853317300, 2.125992546746860334 ) ) ;
#2179 = CARTESIAN_POINT ( 'NONE',  ( -84.00310410986658383, -23.00000000000000000, 16.37624105616805892 ) ) ;
#2180 = CARTESIAN_POINT ( 'NONE',  ( -83.16192033722865062, -24.00000000000000000, 1.368554550686120974 ) ) ;
#2181 = CARTESIAN_POINT ( 'NONE',  ( -80.51142340358954641, -19.89351641220237354, 16.22379089054596690 ) ) ;
#2182 = CARTESIAN_POINT ( 'NONE',  ( -83.03106217513258969, -26.21478517483813420, 4.365699215431568803 ) ) ;
#2183 = CARTESIAN_POINT ( 'NONE',  ( -102.8381168390665579, -13.63941693303966218, 9.221275508789915420 ) ) ;
#2184 = CARTESIAN_POINT ( 'NONE',  ( -101.3509569550797380, -26.00011303145548780, 2.254692038606816329 ) ) ;
#2185 = CARTESIAN_POINT ( 'NONE',  ( -102.8381168390665579, -26.36058306696034137, 9.221275508789924302 ) ) ;
#2186 = VERTEX_POINT ( 'NONE', #2029 ) ;
#2187 = CARTESIAN_POINT ( 'NONE',  ( -101.2224198016830030, -16.00005721493647570, 2.223486014921461695 ) ) ;
#2188 = CARTESIAN_POINT ( 'NONE',  ( -80.73130574145297089, -13.00000000000000355, 11.18761013881635158 ) ) ;
#2189 = ORIENTED_EDGE ( 'NONE', *, *, #1907, .T. ) ;
#2190 = LINE ( 'NONE', #1238, #2055 ) ;
#2191 = CARTESIAN_POINT ( 'NONE',  ( -80.45027855728541510, -23.09210125808398217, 13.40124032078315075 ) ) ;
#2192 = CARTESIAN_POINT ( 'NONE',  ( -86.15906500197415596, -25.40492839161060346, 1.499412712782036250 ) ) ;
#2193 = CARTESIAN_POINT ( 'NONE',  ( -102.4947215952144717, -21.31148450396744209, 17.08631966442522909 ) ) ;
#2194 = CARTESIAN_POINT ( 'NONE',  ( -102.9628877743005830, -26.03707016719018696, 3.967789823417695150 ) ) ;
#2195 = CARTESIAN_POINT ( 'NONE',  ( -83.18009969822139738, -16.03870885804685997, 3.143675793228971838 ) ) ;
#2196 = ORIENTED_EDGE ( 'NONE', *, *, #70, .F. ) ;
#2197 = CARTESIAN_POINT ( 'NONE',  ( -102.9270146366900462, -16.03036650123615914, 3.796589815185229089 ) ) ;
#2198 = EDGE_CURVE ( 'NONE', #1138, #1449, #2135, .T. ) ;
#2199 = ORIENTED_EDGE ( 'NONE', *, *, #388, .T. ) ;
#2200 = CARTESIAN_POINT ( 'NONE',  ( -80.51142134101772285, -26.99999999999999645, 16.22379089414270581 ) ) ;
#2201 = DIRECTION ( 'NONE',  ( -0.9990482215818580203, 9.458446908795389462E-18, 0.04361938736532942201 ) ) ;
#2202 = CARTESIAN_POINT ( 'NONE',  ( -80.34117372965903314, -16.90793544556519024, 13.39644568493476129 ) ) ;
#2203 = CARTESIAN_POINT ( 'NONE',  ( -102.4940168993299920, -18.76491955048767934, 17.10245985374666233 ) ) ;
#2204 = CARTESIAN_POINT ( 'NONE',  ( -107.4007939793849147, -20.00000000000000000, -3.578869482036957539 ) ) ;
#2205 = CARTESIAN_POINT ( 'NONE',  ( -105.5877727466903622, -24.00000000000000000, 7.378696264523597392 ) ) ;
#2206 = CARTESIAN_POINT ( 'NONE',  ( -100.7779348509087924, -26.00000294699016834, 2.152486501046221079 ) ) ;
#2207 = CARTESIAN_POINT ( 'NONE',  ( -79.16572745090121543, -24.00000000000000000, 1.194077001224732149 ) ) ;
#2208 = ORIENTED_EDGE ( 'NONE', *, *, #710, .T. ) ;
#2209 = CARTESIAN_POINT ( 'NONE',  ( -104.0840688728971202, -23.06375628854366511, 14.90136737879780604 ) ) ;
#2210 = CARTESIAN_POINT ( 'NONE',  ( -81.85401101435307680, -22.77827360488970498, 15.47035031549989981 ) ) ;
#2211 = DIRECTION ( 'NONE',  ( 0.04361938736532901262, 0.000000000000000000, 0.9990482215818580203 ) ) ;
#2212 = CARTESIAN_POINT ( 'NONE',  ( -80.51277732931713160, -19.11068343543443859, 16.19216938334856692 ) ) ;
#2213 = CARTESIAN_POINT ( 'NONE',  ( -104.0685961670056514, -16.90765389187265555, 14.43264001434403632 ) ) ;
#2214 = B_SPLINE_CURVE_WITH_KNOTS ( 'NONE', 3,
 ( #457, #1406, #1587, #1233, #686, #1425, #1963, #1242, #1415, #2165, #1024, #1063, #479, #1997, #1211, #1985, #881, #1578, #77, #296, #859, #1053, #2326, #278, #1775, #665, #2154, #1797, #469, #1222, #1974, #287, #1045, #1787, #99, #2058, #1658, #1305, #708, #916, #930, #2402, #1833, #734 ),
 .UNSPECIFIED., .F., .F.,
 ( 4, 1, 1, 1, 1, 1, 2, 2, 1, 1, 1, 1, 2, 2, 2, 2, 2, 1, 1, 1, 2, 2, 2, 1, 1, 1, 1, 2, 2, 4 ),
 ( 0.000000000000000000, 0.06249999999993738342, 0.09374999999991026622, 0.1093749999999015787, 0.1171874999999025641, 0.1210937499998974709, 0.1230468749999006350, 0.1249999999999037992, 0.1874999999998580025, 0.2187499999998351041, 0.2343749999998236688, 0.2421874999998135658, 0.2460937499998084865, 0.2499999999998034350, 0.4999999999999280575, 0.6249999999999870104, 0.6875000000000143219, 0.7187500000000278666, 0.7343750000000347500, 0.7421875000000371925, 0.7460937500000374145, 0.7500000000000376366, 0.8125000000000325295, 0.8437500000000298650, 0.8593750000000285327, 0.8671875000000278666, 0.8710937500000279776, 0.8730468750000284217, 0.8750000000000287548, 1.000000000000000000 ),
 .UNSPECIFIED. ) ;
#2215 = CARTESIAN_POINT ( 'NONE',  ( -82.51410762880426830, -18.65356493415378836, 16.20590494372823898 ) ) ;
#2216 = CARTESIAN_POINT ( 'NONE',  ( -104.7340767374378032, -16.93510808065948225, 14.84829463815684392 ) ) ;
#2217 = CARTESIAN_POINT ( 'NONE',  ( -103.2839464542118577, -16.93601001089288971, 14.86667175704921107 ) ) ;
#2218 = CARTESIAN_POINT ( 'NONE',  ( -102.5119332036130970, -22.22015566902997818, 16.69210902095213811 ) ) ;
#2219 = CARTESIAN_POINT ( 'NONE',  ( -102.9273313436120247, -26.03041456373353668, 3.797885137374150233 ) ) ;
#2220 = CARTESIAN_POINT ( 'NONE',  ( -85.87846862447582907, -16.00000000000003908, 1.487170899438354787 ) ) ;
#2221 = ORIENTED_EDGE ( 'NONE', *, *, #1890, .T. ) ;
#2222 = CARTESIAN_POINT ( 'NONE',  ( -104.0168795062151759, -22.77813725942013789, 16.43794006659869211 ) ) ;
#2223 = EDGE_CURVE ( 'NONE', #517, #1175, #1136, .T. ) ;
#2224 = SURFACE_STYLE_FILL_AREA ( #935 ) ;
#2225 = CARTESIAN_POINT ( 'NONE',  ( -78.94584305046592476, -24.66666666666667140, 6.230257756551081272 ) ) ;
#2226 = CARTESIAN_POINT ( 'NONE',  ( -103.0120266067694956, -16.10435015894374899, 5.238086962738186969 ) ) ;
#2227 = CARTESIAN_POINT ( 'NONE',  ( -82.60674673373182486, -16.95485039110650760, 14.08412060385220599 ) ) ;
#2228 = CARTESIAN_POINT ( 'NONE',  ( -102.5869679891107040, -16.95695588008286947, 14.97352988593743639 ) ) ;
#2229 = EDGE_CURVE ( 'NONE', #324, #1138, #105, .T. ) ;
#2230 = CARTESIAN_POINT ( 'NONE',  ( -78.94584305046592476, -16.00000000000000000, 6.230257756551083048 ) ) ;
#2231 = DIRECTION ( 'NONE',  ( 0.9990482215818576872, 0.000000000000000000, -0.04361938736533827604 ) ) ;
#2232 = CARTESIAN_POINT ( 'NONE',  ( -101.3800487237708978, -26.00012951031943231, 2.262403460361444019 ) ) ;
#2233 = CARTESIAN_POINT ( 'NONE',  ( -83.06862793128908606, -16.06948855288048961, 3.779188383823582242 ) ) ;
#2234 = ORIENTED_EDGE ( 'NONE', *, *, #886, .T. ) ;
#2235 = CARTESIAN_POINT ( 'NONE',  ( -103.0120569036698726, -16.05374635188675470, 4.343463125550761639 ) ) ;
#2236 = PRESENTATION_STYLE_ASSIGNMENT (( #2393 ) ) ;
#2237 = CARTESIAN_POINT ( 'NONE',  ( -80.73130574145297089, -20.11638038255361849, 11.18761013881635158 ) ) ;
#2238 = CARTESIAN_POINT ( 'NONE',  ( -102.4902834531029185, -19.89296293887625566, 17.18340853089074116 ) ) ;
#2239 = CARTESIAN_POINT ( 'NONE',  ( -82.61215928076869375, -16.94140033516551824, 13.96015289549899663 ) ) ;
#2240 = CARTESIAN_POINT ( 'NONE',  ( -102.5610133909118105, -17.07605223102231307, 15.56798791798894221 ) ) ;
#2241 = AXIS2_PLACEMENT_3D ( 'NONE', #1, #1714, #2084 ) ;
#2242 = B_SPLINE_CURVE_WITH_KNOTS ( 'NONE', 3,
 ( #203, #2277, #1375, #778 ),
 .UNSPECIFIED., .F., .F.,
 ( 4, 4 ),
 ( 0.000000000000000000, 1.000000000000000000 ),
 .UNSPECIFIED. ) ;
#2243 = CARTESIAN_POINT ( 'NONE',  ( -81.17745348873894784, -17.00000000000000000, 16.25287048571959758 ) ) ;
#2244 = PRODUCT_DEFINITION_FORMATION_WITH_SPECIFIED_SOURCE ( 'ANY', '', #1619, .NOT_KNOWN. ) ;
#2245 = CARTESIAN_POINT ( 'NONE',  ( -104.4885786589822771, -13.00000000000000178, 17.27065619091081672 ) ) ;
#2246 = CARTESIAN_POINT ( 'NONE',  ( -80.51142134101770864, -27.00000000000000000, 16.22379089414270581 ) ) ;
#2247 = B_SPLINE_SURFACE_WITH_KNOTS ( 'NONE', 3, 3, ( 
 ( #187, #1686, #1135, #409 ),
 ( #958, #2300, #1185, #1939 ),
 ( #381, #2071, #574, #1914 ),
 ( #972, #395, #802, #1925 ),
 ( #1516, #814, #1163, #229 ),
 ( #1174, #1347, #629, #1701 ),
 ( #244, #1887, #432, #2289 ) ),
 .UNSPECIFIED., .F., .F., .F.,
 ( 4, 3, 4 ),
 ( 4, 4 ),
 ( 0.000000000000000000, 1.000000000000000000, 1.747166995804776857 ),
 ( 0.000000000000000000, 1.000000000000000000 ),
 .UNSPECIFIED. ) ;
#2248 = CARTESIAN_POINT ( 'NONE',  ( -100.1457401041199518, -15.40492839161622030, 2.110084135896635793 ) ) ;
#2249 = EDGE_LOOP ( 'NONE', ( #1918, #840, #245, #1746, #2420, #592 ) ) ;
#2250 = CARTESIAN_POINT ( 'NONE',  ( -103.9808804034504988, -21.05646232619721658, 17.24848960636463957 ) ) ;
#2251 = B_SPLINE_CURVE_WITH_KNOTS ( 'NONE', 3,
 ( #1300, #821, #1390, #1158 ),
 .UNSPECIFIED., .F., .F.,
 ( 4, 4 ),
 ( 0.2003644998878187644, 0.8118969958609052462 ),
 .UNSPECIFIED. ) ;
#2252 = FACE_OUTER_BOUND ( 'NONE', #1481, .T. ) ;
#2253 = ORIENTED_EDGE ( 'NONE', *, *, #1641, .F. ) ;
#2254 = DIRECTION ( 'NONE',  ( 0.9990482215818581313, -0.000000000000000000, -0.04361938736532942895 ) ) ;
#2255 = CARTESIAN_POINT ( 'NONE',  ( -102.4904822158185596, -25.66666666666666785, 17.18341741618014495 ) ) ;
#2256 = CARTESIAN_POINT ( 'NONE',  ( -82.51089153726246650, -18.98551623404034672, 16.27956555038429798 ) ) ;
#2257 = CARTESIAN_POINT ( 'NONE',  ( -102.4945553240114009, -18.70565750120426429, 17.09012790107855295 ) ) ;
#2258 = EDGE_CURVE ( 'NONE', #1490, #321, #458, .T. ) ;
#2259 = CARTESIAN_POINT ( 'NONE',  ( -102.3803149329935422, -19.90151186398024308, 17.17860740873434722 ) ) ;
#2260 = CARTESIAN_POINT ( 'NONE',  ( -107.1390776551929207, -16.00000000000000000, 2.415419847454189028 ) ) ;
#2261 = FACE_OUTER_BOUND ( 'NONE', #1362, .T. ) ;
#2262 = CARTESIAN_POINT ( 'NONE',  ( -102.2556599478917292, -15.40492839161902872, 2.417485884730394385 ) ) ;
#2263 = ORIENTED_EDGE ( 'NONE', *, *, #2292, .F. ) ;
#2264 = CARTESIAN_POINT ( 'NONE',  ( -80.49779174634369383, -26.00000000000000355, 1.252236184378507033 ) ) ;
#2265 = EDGE_CURVE ( 'NONE', #138, #1647, #232, .T. ) ;
#2266 = CARTESIAN_POINT ( 'NONE',  ( -102.6133398567543225, -23.09283702105852853, 14.36951481235411876 ) ) ;
#2267 = ORIENTED_EDGE ( 'NONE', *, *, #305, .F. ) ;
#2268 = CARTESIAN_POINT ( 'NONE',  ( -80.51840227321710586, -17.08101821501605855, 14.62071085896991818 ) ) ;
#2269 = CARTESIAN_POINT ( 'NONE',  ( -80.51651127934688645, -22.93506653421166774, 14.56401777101143047 ) ) ;
#2270 = CARTESIAN_POINT ( 'NONE',  ( -82.51349493409863101, -21.28421729016082153, 16.21993795961938645 ) ) ;
#2271 = CARTESIAN_POINT ( 'NONE',  ( -104.6276748858981733, -17.06604674826240853, 15.62077883272123913 ) ) ;
#2272 = CARTESIAN_POINT ( 'NONE',  ( -82.50971546761140019, -19.89229760407455672, 16.31103804087402764 ) ) ;
#2273 = CARTESIAN_POINT ( 'NONE',  ( -102.4904822158185596, -23.00000000000000000, 17.18341741618014140 ) ) ;
#2274 = CARTESIAN_POINT ( 'NONE',  ( -82.50951778418142624, -13.00000000000000178, 16.31102966887338113 ) ) ;
#2275 = CARTESIAN_POINT ( 'NONE',  ( -102.2556599478917292, -13.78521482516186936, 2.417485884730396162 ) ) ;
#2276 = ORIENTED_EDGE ( 'NONE', *, *, #2223, .T. ) ;
#2277 = CARTESIAN_POINT ( 'NONE',  ( -83.03106217513258969, -14.63188328035202623, 4.365699215431567914 ) ) ;
#2278 = B_SPLINE_CURVE_WITH_KNOTS ( 'NONE', 3,
 ( #756, #1312, #194, #952 ),
 .UNSPECIFIED., .F., .F.,
 ( 4, 4 ),
 ( 0.000000000000000000, 1.000000000000000000 ),
 .UNSPECIFIED. ) ;
#2279 = CARTESIAN_POINT ( 'NONE',  ( -104.6213950521959930, -22.91911318785569307, 15.67262487468260446 ) ) ;
#2280 = ORIENTED_EDGE ( 'NONE', *, *, #276, .F. ) ;
#2281 = CARTESIAN_POINT ( 'NONE',  ( -80.51142134598055122, -20.10706061397405264, 16.22379078094016691 ) ) ;
#2282 = CARTESIAN_POINT ( 'NONE',  ( -82.51786784594609969, -21.73711699297612654, 16.11978181190032089 ) ) ;
#2283 = CARTESIAN_POINT ( 'NONE',  ( -102.9729170328526351, -13.96059361517087360, 4.024478367964651859 ) ) ;
#2284 = B_SPLINE_CURVE_WITH_KNOTS ( 'NONE', 3,
 ( #412, #975, #1166, #2266 ),
 .UNSPECIFIED., .F., .F.,
 ( 4, 4 ),
 ( 0.2003644998878199579, 0.8118969958609876247 ),
 .UNSPECIFIED. ) ;
#2285 = CARTESIAN_POINT ( 'NONE',  ( -100.1517346536646045, -16.00000000000000355, 2.110345912244172339 ) ) ;
#2286 = CARTESIAN_POINT ( 'NONE',  ( -101.1539261906694378, -24.00000000000000000, 2.154102491062870772 ) ) ;
#2287 = PRESENTATION_LAYER_ASSIGNMENT (  '', '', ( #2395 ) ) ;
#2288 = CARTESIAN_POINT ( 'NONE',  ( -101.1539678896710797, -26.21478517483813064, 2.154104311680353767 ) ) ;
#2289 = CARTESIAN_POINT ( 'NONE',  ( -100.9975704990517187, -17.00000000000000000, 17.11823548294693609 ) ) ;
#2290 = ORIENTED_EDGE ( 'NONE', *, *, #1012, .T. ) ;
#2291 = CARTESIAN_POINT ( 'NONE',  ( -100.1536619191181785, -26.00000000000016698, 2.110430076438514213 ) ) ;
#2292 = EDGE_CURVE ( 'NONE', #1114, #985, #1575, .T. ) ;
#2293 = CARTESIAN_POINT ( 'NONE',  ( -104.4923176268390534, -21.23793055256579621, 17.18900991124901267 ) ) ;
#2294 = VERTEX_POINT ( 'NONE', #1265 ) ;
#2295 = CARTESIAN_POINT ( 'NONE',  ( -83.05344565271585111, -26.07950959132058699, 3.958673733055656285 ) ) ;
#2296 = CARTESIAN_POINT ( 'NONE',  ( -84.21961344606165767, -23.00000000000000000, 11.41736198090911181 ) ) ;
#2297 = CARTESIAN_POINT ( 'NONE',  ( -102.1820277740424956, -13.99783640670460194, 2.615324817536423208 ) ) ;
#2298 = CARTESIAN_POINT ( 'NONE',  ( -86.15906500197415596, -14.66666666666634811, 1.499412712782034918 ) ) ;
#2299 = CARTESIAN_POINT ( 'NONE',  ( -79.16572745090121543, -26.00000000000000000, 1.194077001224732149 ) ) ;
#2300 = CARTESIAN_POINT ( 'NONE',  ( -105.5877727466903622, -16.00000000000000000, 7.378696264523597392 ) ) ;
#2301 = ORIENTED_EDGE ( 'NONE', *, *, #1959, .T. ) ;
#2302 = CARTESIAN_POINT ( 'NONE',  ( -84.03038221246860928, -15.40492839160780036, 1.621753074032430852 ) ) ;
#2303 = CARTESIAN_POINT ( 'NONE',  ( -104.7535606771052272, -23.07664684427873780, 14.71591775585309314 ) ) ;
#2304 = VERTEX_POINT ( 'NONE', #228 ) ;
#2305 = CARTESIAN_POINT ( 'NONE',  ( -83.07030418420244189, -26.06860473633663133, 3.762867969402990287 ) ) ;
#2306 = ADVANCED_FACE ( 'NONE', ( #585 ), #627, .F. ) ;
#2307 = CARTESIAN_POINT ( 'NONE',  ( -82.58006426567970948, -22.92404955347576490, 14.69524959637055694 ) ) ;
#2308 = CARTESIAN_POINT ( 'NONE',  ( -103.0178688380888730, -13.90425759173080777, 5.104277866320443557 ) ) ;
#2309 = CARTESIAN_POINT ( 'NONE',  ( 0.000000000000000000, -27.00000000000000000, 0.000000000000000000 ) ) ;
#2310 = CARTESIAN_POINT ( 'NONE',  ( -103.0120266067695383, -25.40492839161201033, 5.238086962738202068 ) ) ;
#2311 = EDGE_CURVE ( 'NONE', #1449, #57, #610, .T. ) ;
#2312 = CARTESIAN_POINT ( 'NONE',  ( -103.0340366946613955, -13.78521482516187113, 4.733973069962631897 ) ) ;
#2313 = EDGE_LOOP ( 'NONE', ( #534, #2208, #176, #2290, #1718, #2147 ) ) ;
#2314 = CARTESIAN_POINT ( 'NONE',  ( -83.07508235091631832, -15.40492839161622740, 3.357471429880440894 ) ) ;
#2315 = B_SPLINE_CURVE_WITH_KNOTS ( 'NONE', 3,
 ( #811, #1551, #2298, #626 ),
 .UNSPECIFIED., .F., .F.,
 ( 4, 4 ),
 ( 0.000000000000000000, 1.000000000000000000 ),
 .UNSPECIFIED. ) ;
#2316 = CARTESIAN_POINT ( 'NONE',  ( -104.6912310555270267, -23.03268482321849220, 15.13929624379449024 ) ) ;
#2317 = ORIENTED_EDGE ( 'NONE', *, *, #1528, .F. ) ;
#2318 = CARTESIAN_POINT ( 'NONE',  ( -83.14147209514300130, -26.04564700920190745, 3.302831309360053424 ) ) ;
#2319 = CARTESIAN_POINT ( 'NONE',  ( -78.94584305046592476, -24.00000000000000000, 6.230257756551083048 ) ) ;
#2320 = CARTESIAN_POINT ( 'NONE',  ( -100.8082236408732371, -13.99999615711647394, 2.155922147228690910 ) ) ;
#2321 = EDGE_CURVE ( 'NONE', #1409, #79, #1932, .T. ) ;
#2322 = LINE ( 'NONE', #1711, #1003 ) ;
#2323 = CARTESIAN_POINT ( 'NONE',  ( -81.90033425140615009, -23.03959861396883113, 14.40725134858963408 ) ) ;
#2324 = CARTESIAN_POINT ( 'NONE',  ( -104.4885786589822914, -26.99999999999999645, 17.27065619091082027 ) ) ;
#2325 = CARTESIAN_POINT ( 'NONE',  ( -85.65495110919859201, -25.40492839161060346, 1.477402624890178373 ) ) ;
#2326 = CARTESIAN_POINT ( 'NONE',  ( -83.37644788479319402, -13.98094571161352917, 2.609711922879372814 ) ) ;
#2327 = CARTESIAN_POINT ( 'NONE',  ( -103.0178697410904221, -23.90425892218355486, 5.104257184183218499 ) ) ;
#2328 = ORIENTED_EDGE ( 'NONE', *, *, #129, .F. ) ;
#2329 = CARTESIAN_POINT ( 'NONE',  ( -100.2902787334611503, -16.00000000000001421, 2.116398359231128179 ) ) ;
#2330 = CARTESIAN_POINT ( 'NONE',  ( -78.94584305046592476, -15.33333333333333215, 6.230257756551081272 ) ) ;
#2331 = DIRECTION ( 'NONE',  ( 0.9990482215818581313, -0.000000000000000000, -0.04361938736532942895 ) ) ;
#2332 = CARTESIAN_POINT ( 'NONE',  ( -100.1517346536646045, -16.00000000000000355, 2.110345912244172339 ) ) ;
#2333 = EDGE_CURVE ( 'NONE', #604, #894, #1319, .T. ) ;
#2334 = CARTESIAN_POINT ( 'NONE',  ( -84.15615661073501030, -26.00000000000000355, 1.411963843861178569 ) ) ;
#2335 = CARTESIAN_POINT ( 'NONE',  ( -83.27014517526608017, -23.97254798346889970, 2.857898126249501125 ) ) ;
#2336 = B_SPLINE_CURVE_WITH_KNOTS ( 'NONE', 3,
 ( #1590, #679, #472, #1790 ),
 .UNSPECIFIED., .F., .F.,
 ( 4, 4 ),
 ( 0.000000000000000000, 1.000000000000000000 ),
 .UNSPECIFIED. ) ;
#2337 = CARTESIAN_POINT ( 'NONE',  ( -103.0120266067694956, -23.89564984105624390, 5.238086962738204733 ) ) ;
#2338 = ORIENTED_EDGE ( 'NONE', *, *, #513, .T. ) ;
#2339 = CARTESIAN_POINT ( 'NONE',  ( -85.50560697348856820, -26.00000351693595135, 1.487051234892206919 ) ) ;
#2340 = CARTESIAN_POINT ( 'NONE',  ( -80.73130574145297089, -17.00000000000000000, 11.18761013881635158 ) ) ;
#2341 = CARTESIAN_POINT ( 'NONE',  ( -102.4902834531029185, -19.89296293887625566, 17.18340853089074116 ) ) ;
#2342 = CARTESIAN_POINT ( 'NONE',  ( -106.9191932547577011, -22.55851730930356780, 7.451600602780545479 ) ) ;
#2343 = B_SPLINE_SURFACE_WITH_KNOTS ( 'NONE', 3, 3, ( 
 ( #1644, #132, #2417, #2028 ),
 ( #1631, #2205, #343, #747 ),
 ( #1096, #1845, #157, #553 ),
 ( #1303, #2057, #1526, #2273 ),
 ( #1538, #1712, #241, #1318 ),
 ( #2286, #760, #812, #227 ),
 ( #800, #1871, #393, #993 ) ),
 .UNSPECIFIED., .F., .F., .F.,
 ( 4, 3, 4 ),
 ( 4, 4 ),
 ( 0.000000000000000000, 1.000000000000000000, 1.746570036071487309 ),
 ( 0.000000000000000000, 1.000000000000000000 ),
 .UNSPECIFIED. ) ;
#2344 = CARTESIAN_POINT ( 'NONE',  ( -104.7954902676270166, -16.90789874191599651, 14.46417521936368189 ) ) ;
#2345 = CARTESIAN_POINT ( 'NONE',  ( -83.19113674326273156, -23.96299069917858304, 3.103049744225059747 ) ) ;
#2346 = CARTESIAN_POINT ( 'NONE',  ( -101.1559054001182716, -23.99996579710928302, 2.207784946466603504 ) ) ;
#2347 = ORIENTED_EDGE ( 'NONE', *, *, #656, .F. ) ;
#2348 = CARTESIAN_POINT ( 'NONE',  ( -83.92317779602369399, -26.00346351782615528, 1.933401980480290439 ) ) ;
#2349 = DIRECTION ( 'NONE',  ( 0.9990482215818581313, -0.000000000000000000, -0.04361938736532942895 ) ) ;
#2350 = CARTESIAN_POINT ( 'NONE',  ( -107.1390776551929207, -16.48034346462963384, 2.415419847454189473 ) ) ;
#2351 = CARTESIAN_POINT ( 'NONE',  ( -103.0120266067695241, -15.36811671964778903, 5.238086962738197627 ) ) ;
#2352 =( LENGTH_UNIT ( ) NAMED_UNIT ( * ) SI_UNIT ( .MILLI., .METRE. ) );
#2353 = CARTESIAN_POINT ( 'NONE',  ( -107.1390776551929207, -16.00000000000000000, 2.415419847454189028 ) ) ;
#2354 = CARTESIAN_POINT ( 'NONE',  ( -83.07324391705141409, -23.93286808424273104, 3.735503091801210207 ) ) ;
#2355 = CARTESIAN_POINT ( 'NONE',  ( -103.0252035556064243, -23.92049377515638398, 4.830600932257568481 ) ) ;
#2356 = ORIENTED_EDGE ( 'NONE', *, *, #753, .F. ) ;
#2357 = CARTESIAN_POINT ( 'NONE',  ( -86.15184707766370309, -25.99999999999993960, 1.499097621814200920 ) ) ;
#2358 = EDGE_CURVE ( 'NONE', #1138, #1677, #134, .T. ) ;
#2359 = CARTESIAN_POINT ( 'NONE',  ( -79.16572745090121543, -16.00000000000000000, 1.194077001224732149 ) ) ;
#2360 = CARTESIAN_POINT ( 'NONE',  ( -104.4885786589822771, -27.00000000000000000, 17.27065619091081672 ) ) ;
#2361 = CARTESIAN_POINT ( 'NONE',  ( -79.16572745090121543, -24.00000000000000000, 1.194077001224732149 ) ) ;
#2362 = CARTESIAN_POINT ( 'NONE',  ( -86.15906500197415596, -24.59507160838388629, 1.499412712782035806 ) ) ;
#2363 = CARTESIAN_POINT ( 'NONE',  ( -107.0404882422941597, 4.186813501067011099E-14, 4.673488646045370842 ) ) ;
#2364 = CARTESIAN_POINT ( 'NONE',  ( -84.91613095060094452, -23.99987048363443165, 1.543580388006224879 ) ) ;
#2365 = CARTESIAN_POINT ( 'NONE',  ( -107.1390776551929207, -14.00000000000000355, 2.415419847454188584 ) ) ;
#2366 = EDGE_LOOP ( 'NONE', ( #2276, #1214, #142, #1569, #423, #101 ) ) ;
#2367 = CARTESIAN_POINT ( 'NONE',  ( -100.1529912421572988, -13.99999999999958078, 2.110400778532573351 ) ) ;
#2368 = CYLINDRICAL_SURFACE ( 'NONE', #440, 5.999999999999998224 ) ;
#2369 = ORIENTED_EDGE ( 'NONE', *, *, #1461, .T. ) ;
#2370 = CARTESIAN_POINT ( 'NONE',  ( -83.00663592093462739, -26.99999999999999645, 16.33273431546095011 ) ) ;
#2371 = CARTESIAN_POINT ( 'NONE',  ( -106.9191932547577011, -25.33333333333333215, 7.451600602780541038 ) ) ;
#2372 = CARTESIAN_POINT ( 'NONE',  ( -83.07508235091631832, -24.59507160838388629, 3.357471429880443115 ) ) ;
#2373 = CARTESIAN_POINT ( 'NONE',  ( -102.5690357487726629, -22.97207874949402040, 15.38424571439848521 ) ) ;
#2374 = ADVANCED_FACE ( 'NONE', ( #2261 ), #107, .T. ) ;
#2375 = CARTESIAN_POINT ( 'NONE',  ( -101.3097933341130386, -26.00009228425160401, 2.244194787961971471 ) ) ;
#2376 = B_SPLINE_SURFACE_WITH_KNOTS ( 'NONE', 5, 3, ( 
 ( #1661, #752, #2062, #1323 ),
 ( #2407, #2073, #42, #2123 ),
 ( #1363, #1139, #2101, #30 ),
 ( #1349, #2302, #974, #231 ),
 ( #960, #1557, #219, #1703 ),
 ( #66, #2314, #642, #791 ),
 ( #1385, #2133, #827, #986 ),
 ( #1518, #1152, #1716, #589 ) ),
 .UNSPECIFIED., .F., .F., .F.,
 ( 6, 2, 6 ),
 ( 4, 4 ),
 ( 0.000000000000000000, 0.5000000000000000000, 1.000000000000000000 ),
 ( -0.002214785174838138689, 0.0002147851748381384850 ),
 .UNSPECIFIED. ) ;
#2377 = CARTESIAN_POINT ( 'NONE',  ( -83.03106217513258969, -13.89564984105624390, 4.365699215431567026 ) ) ;
#2378 = ORIENTED_EDGE ( 'NONE', *, *, #1627, .F. ) ;
#2379 = CARTESIAN_POINT ( 'NONE',  ( -103.1805978692686807, -20.57744435565492225, 17.21354851633067895 ) ) ;
#2380 = CARTESIAN_POINT ( 'NONE',  ( -83.16192033722865062, -14.00000000000000178, 1.368554550686120086 ) ) ;
#2381 = EDGE_LOOP ( 'NONE', ( #2234, #460, #1295, #1875, #1468, #850, #1848, #410, #426, #2317, #230, #1530 ) ) ;
#2382 = CARTESIAN_POINT ( 'NONE',  ( -84.21738368800788521, -26.99999999999999645, 11.41721512143922901 ) ) ;
#2383 = CARTESIAN_POINT ( 'NONE',  ( -80.21934510547292518, -19.90236248847162059, 16.21103857029765294 ) ) ;
#2384 = FACE_OUTER_BOUND ( 'NONE', #560, .T. ) ;
#2385 = ADVANCED_FACE ( 'NONE', ( #684 ), #1794, .F. ) ;
#2386 = DIRECTION ( 'NONE',  ( -0.9990482215818580203, 0.000000000000000000, 0.04361938736532942201 ) ) ;
#2387 = CARTESIAN_POINT ( 'NONE',  ( -102.5881545947225391, -23.04637190018549475, 14.94635214920608668 ) ) ;
#2388 = CARTESIAN_POINT ( 'NONE',  ( -102.9588336130785393, -26.03619234203835830, 3.946138684300557475 ) ) ;
#2389 = CARTESIAN_POINT ( 'NONE',  ( -84.80197333439652141, -16.00020927693882911, 1.565730467228896750 ) ) ;
#2390 = ORIENTED_EDGE ( 'NONE', *, *, #84, .T. ) ;
#2391 = CARTESIAN_POINT ( 'NONE',  ( -103.9807109886157974, -20.57719142240855348, 17.24848220955232847 ) ) ;
#2392 = CIRCLE ( 'NONE', #1502, 9.999999999999994671 ) ;
#2393 = SURFACE_STYLE_USAGE ( .BOTH. , #1663 ) ;
#2394 = CARTESIAN_POINT ( 'NONE',  ( -82.06208246214518454, -26.99999999999999645, 11.27525963217648020 ) ) ;
#2395 = STYLED_ITEM ( 'NONE', ( #2236 ), #808 ) ;
#2396 = CARTESIAN_POINT ( 'NONE',  ( -102.4904822158185596, -24.33333333333333215, 17.18341741618014495 ) ) ;
#2397 = AXIS2_PLACEMENT_3D ( 'NONE', #455, #639, #1995 ) ;
#2398 = CARTESIAN_POINT ( 'NONE',  ( -81.82729124476220761, -17.88942109360790411, 16.08775647703642520 ) ) ;
#2399 = CARTESIAN_POINT ( 'NONE',  ( -102.5835524745560718, -16.96730665753104716, 15.05175803052460992 ) ) ;
#2400 = CARTESIAN_POINT ( 'NONE',  ( -102.3894589725562980, -17.88923943586097920, 16.98553768662421248 ) ) ;
#2401 = CARTESIAN_POINT ( 'NONE',  ( -102.5877036311484005, -23.04512854651499865, 14.95668091317910076 ) ) ;
#2402 = CARTESIAN_POINT ( 'NONE',  ( -83.05656737467147366, -13.92464477275315637, 3.888607673073205095 ) ) ;
#2403 = EDGE_CURVE ( 'NONE', #1325, #324, #1816, .T. ) ;
#2404 = CARTESIAN_POINT ( 'NONE',  ( -81.81957174664415788, -20.09820406528745096, 16.28090597431850384 ) ) ;
#2405 = CARTESIAN_POINT ( 'NONE',  ( -83.03106217513257548, -16.10435015894376320, 4.365699215431561697 ) ) ;
#2406 = ORIENTED_EDGE ( 'NONE', *, *, #676, .F. ) ;
#2407 = CARTESIAN_POINT ( 'NONE',  ( -85.65495110919859201, -16.21478517483813420, 1.477402624890175709 ) ) ;
#2408 = CARTESIAN_POINT ( 'NONE',  ( -82.61934543878697923, -21.05690812689011437, 16.31582484783088205 ) ) ;
#2409 = CARTESIAN_POINT ( 'NONE',  ( -83.22458208221260634, -13.00000000000000355, 11.35182582179036004 ) ) ;
#2410 = ORIENTED_EDGE ( 'NONE', *, *, #334, .T. ) ;
#2411 = CARTESIAN_POINT ( 'NONE',  ( -80.51142134101772285, -21.07758692170241233, 16.22379089414270581 ) ) ;
#2412 = CARTESIAN_POINT ( 'NONE',  ( -82.85715240742952403, -26.36058306696035203, 8.348887761483247516 ) ) ;
#2413 = ADVANCED_FACE ( 'NONE', ( #846 ), #1606, .T. ) ;
#2414 = CARTESIAN_POINT ( 'NONE',  ( -82.62659869273149127, -16.91527508061678375, 13.62943598924625377 ) ) ;
#2415 = CARTESIAN_POINT ( 'NONE',  ( -104.6750736515848530, -16.98402701362286038, 15.25397240521538578 ) ) ;
#2416 = FACE_OUTER_BOUND ( 'NONE', #2313, .T. ) ;
#2417 = CARTESIAN_POINT ( 'NONE',  ( -104.7084630594175536, -23.00000000000000000, 12.23447543558446782 ) ) ;
#2418 = CARTESIAN_POINT ( 'NONE',  ( -102.9057559483604933, -26.02751420769531876, 3.716946808909508349 ) ) ;
#2419 = CARTESIAN_POINT ( 'NONE',  ( -102.6647652026084359, -26.99999999999999645, 13.19168074766489340 ) ) ;
#2420 = ORIENTED_EDGE ( 'NONE', *, *, #1773, .T. ) ;
#2421 = CARTESIAN_POINT ( 'NONE',  ( -104.8635165431363987, -23.03923956804552375, 15.40939543288080849 ) ) ;
#2422 = CARTESIAN_POINT ( 'NONE',  ( -82.61951525289674692, -20.57769813145493742, 16.31583226207503401 ) ) ;
#2423 = APPLICATION_CONTEXT ( 'automotive_design' ) ;
#2424 = CARTESIAN_POINT ( 'NONE',  ( -107.1390776551929349, -20.00000000000000000, 2.415419847454189473 ) ) ;
#2425 = DIRECTION ( 'NONE',  ( -0.04361938736532899874, 0.000000000000000000, -0.9990482215818581313 ) ) ;
#2426 = CARTESIAN_POINT ( 'NONE',  ( -83.03106217513257548, -26.10435015894375610, 4.365699215431569691 ) ) ;
#2427 = CARTESIAN_POINT ( 'NONE',  ( -82.51807193401069185, -18.33700786697098550, 16.11510742671799434 ) ) ;
#2428 = CARTESIAN_POINT ( 'NONE',  ( -104.7053909822466125, -16.95452627701819637, 15.04086241716725247 ) ) ;
#2429 = CARTESIAN_POINT ( 'NONE',  ( -104.7897987087361713, -17.88977862727169921, 17.09028520832826459 ) ) ;
#2430 = CARTESIAN_POINT ( 'NONE',  ( -103.0120266067694956, -26.10435015894375255, 5.238086962738207397 ) ) ;
#2431 = CARTESIAN_POINT ( 'NONE',  ( -103.0281934467122795, -26.07537849292066667, 4.760995698208818183 ) ) ;
ENDSEC;
END-ISO-10303-21;
