ISO-10303-21;
HEADER;
FILE_DESCRIPTION (( 'STEP AP214' ),
    '1' );
FILE_NAME ('motor mount.STEP',
    '2026-06-11T10:38:36',
    ( '' ),
    ( '' ),
    'SwSTEP 2.0',
    'SolidWorks 2024',
    '' );
FILE_SCHEMA (( 'AUTOMOTIVE_DESIGN' ));
ENDSEC;

DATA;
#1 = AXIS2_PLACEMENT_3D ( 'NONE', #1020, #2121, #1922 ) ;
#2 = CARTESIAN_POINT ( 'NONE',  ( 297.8542152430060241, -21.01751097001511326, -10.35362841037384563 ) ) ;
#3 = CARTESIAN_POINT ( 'NONE',  ( 297.4221171342934440, -22.16017820082893763, -20.25030218625136413 ) ) ;
#4 = CARTESIAN_POINT ( 'NONE',  ( 398.5776571667977350, -31.50000000000011724, -41.81726321427045434 ) ) ;
#5 = B_SPLINE_CURVE_WITH_KNOTS ( 'NONE', 3,
 ( #1186, #1015, #2607, #1434 ),
 .UNSPECIFIED., .F., .F.,
 ( 4, 4 ),
 ( 0.000000000000000000, 0.9266147136459097489 ),
 .UNSPECIFIED. ) ;
#6 = CARTESIAN_POINT ( 'NONE',  ( 297.4220043844740076, -22.05113503797449326, -20.25288458167945649 ) ) ;
#7 = CARTESIAN_POINT ( 'NONE',  ( 297.8220658152770852, -21.10650686866776837, -11.08997136559564645 ) ) ;
#8 = SURFACE_STYLE_FILL_AREA ( #1857 ) ;
#9 = CARTESIAN_POINT ( 'NONE',  ( 318.9996240359342323, -26.19705579391058237, -18.29281754482668632 ) ) ;
#10 = ORIENTED_EDGE ( 'NONE', *, *, #2617, .T. ) ;
#11 = CARTESIAN_POINT ( 'NONE',  ( 331.3025210961723701, -18.11181872567142292, -25.86739722343770964 ) ) ;
#12 = ORIENTED_EDGE ( 'NONE', *, *, #1163, .T. ) ;
#13 = CARTESIAN_POINT ( 'NONE',  ( 323.0210376542966060, -24.01177882151266729, -16.88602391608619868 ) ) ;
#14 = EDGE_CURVE ( 'NONE', #2440, #833, #1691, .T. ) ;
#15 = CARTESIAN_POINT ( 'NONE',  ( 297.8580690320959548, -21.82724679312955374, -10.26536212858642294 ) ) ;
#16 = CARTESIAN_POINT ( 'NONE',  ( 397.3376668657170399, -16.15521486199640222, -47.29212472427631297 ) ) ;
#17 = CARTESIAN_POINT ( 'NONE',  ( 397.0379916200811294, -21.76108685646148544, -54.15581629098546301 ) ) ;
#18 = CARTESIAN_POINT ( 'NONE',  ( 397.7576126843295015, -22.00000000000000711, -60.59936978000926899 ) ) ;
#19 = CARTESIAN_POINT ( 'NONE',  ( 399.8147230593696122, -31.50000000000011724, -46.72589520062219748 ) ) ;
#20 = CARTESIAN_POINT ( 'NONE',  ( 400.4383525397606149, -31.50000000000011724, -45.05150388698396569 ) ) ;
#21 = CARTESIAN_POINT ( 'NONE',  ( 319.0242786968372570, -25.85125282147955517, -21.09387122593179598 ) ) ;
#22 = CARTESIAN_POINT ( 'NONE',  ( 399.8931101976939431, -22.00000000000000711, -57.53960665675707986 ) ) ;
#23 = CARTESIAN_POINT ( 'NONE',  ( 297.6591283910416337, -17.78241144344793057, -14.82185192934913331 ) ) ;
#24 = ORIENTED_EDGE ( 'NONE', *, *, #27, .T. ) ;
#25 = ORIENTED_EDGE ( 'NONE', *, *, #2246, .T. ) ;
#26 = CARTESIAN_POINT ( 'NONE',  ( 297.8231943566252653, -21.85488730622720510, -11.06412351914465297 ) ) ;
#27 = EDGE_CURVE ( 'NONE', #1941, #2912, #448, .T. ) ;
#28 = CARTESIAN_POINT ( 'NONE',  ( 331.4284376552458298, -22.53700193262002571, -28.17321807921693733 ) ) ;
#29 = CARTESIAN_POINT ( 'NONE',  ( 397.0989354352558394, -24.58349294078205460, -52.75997343660257144 ) ) ;
#30 = CARTESIAN_POINT ( 'NONE',  ( 297.4567700027104138, -24.70825769270050642, -19.45662101244885633 ) ) ;
#31 = FACE_OUTER_BOUND ( 'NONE', #936, .T. ) ;
#32 = EDGE_CURVE ( 'NONE', #164, #867, #1446, .T. ) ;
#33 = VERTEX_POINT ( 'NONE', #2270 ) ;
#34 = ORIENTED_EDGE ( 'NONE', *, *, #2743, .F. ) ;
#35 = CARTESIAN_POINT ( 'NONE',  ( 397.8950137545302823, -22.00000000000000711, -57.45236788202641520 ) ) ;
#36 = VERTEX_POINT ( 'NONE', #2535 ) ;
#37 = CARTESIAN_POINT ( 'NONE',  ( 400.5125054982816550, -12.50000000000011724, -43.35312191029479578 ) ) ;
#38 = LINE ( 'NONE', #2330, #2841 ) ;
#39 = CARTESIAN_POINT ( 'NONE',  ( 314.8433134320581530, -26.22654144177080937, -18.63786416553491776 ) ) ;
#40 = CARTESIAN_POINT ( 'NONE',  ( 397.5566246906478796, -19.41134795846106087, -42.27716603706483056 ) ) ;
#41 = CARTESIAN_POINT ( 'NONE',  ( 388.7931909778786803, -17.54088680488997909, -43.27013730394693880 ) ) ;
#42 = VERTEX_POINT ( 'NONE', #901 ) ;
#43 = CARTESIAN_POINT ( 'NONE',  ( 322.9930508314227495, -22.96102584822135739, -16.44878702295845230 ) ) ;
#44 = CARTESIAN_POINT ( 'NONE',  ( 355.6695658800576894, -22.05043515945367361, -40.29963983551991902 ) ) ;
#45 =( LENGTH_UNIT ( ) NAMED_UNIT ( * ) SI_UNIT ( .MILLI., .METRE. ) );
#46 = CARTESIAN_POINT ( 'NONE',  ( 397.5827407458785387, -22.24859827981198990, -41.67901003101231083 ) ) ;
#47 = CARTESIAN_POINT ( 'NONE',  ( 397.5708439588505030, -25.62955165425191595, -41.95149125188008554 ) ) ;
#48 = ORIENTED_EDGE ( 'NONE', *, *, #1726, .F. ) ;
#49 = ORIENTED_EDGE ( 'NONE', *, *, #368, .T. ) ;
#50 = CARTESIAN_POINT ( 'NONE',  ( 362.6641839937237251, -26.07974546947934869, -40.73880792554965780 ) ) ;
#51 = CARTESIAN_POINT ( 'NONE',  ( 297.8309768449303760, -24.41893636873906459, -10.88587523162163251 ) ) ;
#52 = CARTESIAN_POINT ( 'NONE',  ( 297.7937987400341626, -19.71432708315250082, -11.73739382970314260 ) ) ;
#53 = VECTOR ( 'NONE', #2696, 1000.000000000000000 ) ;
#54 = CARTESIAN_POINT ( 'NONE',  ( 331.4168817810335668, -26.26082572736156706, -24.96995060503735431 ) ) ;
#55 = AXIS2_PLACEMENT_3D ( 'NONE', #1325, #2234, #635 ) ;
#56 = EDGE_CURVE ( 'NONE', #2140, #2384, #1260, .T. ) ;
#57 = CARTESIAN_POINT ( 'NONE',  ( 297.4796605856359406, -19.97252650755054759, -18.93234046785680036 ) ) ;
#58 = CARTESIAN_POINT ( 'NONE',  ( 397.4966793609866613, -17.54088680488998619, -43.65013981334667648 ) ) ;
#59 = AXIS2_PLACEMENT_3D ( 'NONE', #1087, #2257, #1112 ) ;
#60 = VERTEX_POINT ( 'NONE', #227 ) ;
#61 = ORIENTED_EDGE ( 'NONE', *, *, #2580, .F. ) ;
#62 = CARTESIAN_POINT ( 'NONE',  ( 306.3919685301639220, -25.29796043298172847, -13.40417441625866957 ) ) ;
#63 = CARTESIAN_POINT ( 'NONE',  ( 380.0762355743381704, -21.88051043037536658, -50.78826781234423748 ) ) ;
#64 = CARTESIAN_POINT ( 'NONE',  ( 398.7130968379320279, 1.936515839164204111, -38.71518474065147331 ) ) ;
#65 = B_SPLINE_CURVE_WITH_KNOTS ( 'NONE', 3,
 ( #2877, #1931, #1916, #836 ),
 .UNSPECIFIED., .F., .F.,
 ( 4, 4 ),
 ( 0.000000000000000000, 0.9266147147887134894 ),
 .UNSPECIFIED. ) ;
#66 = CARTESIAN_POINT ( 'NONE',  ( 362.3147524679744720, -28.92263707212481094, -43.83013646298115162 ) ) ;
#67 = CARTESIAN_POINT ( 'NONE',  ( 297.7388766478757134, -25.53727418674429117, -12.99531655191954727 ) ) ;
#68 = CARTESIAN_POINT ( 'NONE',  ( 398.4402560965968974, -31.50000000000000000, -44.96426511225319445 ) ) ;
#69 = CARTESIAN_POINT ( 'NONE',  ( 319.0208384272759758, -26.23252512647315271, -20.03860791410349762 ) ) ;
#70 = ADVANCED_FACE ( 'NONE', ( #1356 ), #1861, .T. ) ;
#71 = CARTESIAN_POINT ( 'NONE',  ( 297.8470843820401797, -23.63941256493301424, -10.51695197809646842 ) ) ;
#72 = VERTEX_POINT ( 'NONE', #1122 ) ;
#73 = CARTESIAN_POINT ( 'NONE',  ( 363.7446246287848908, -17.60053210709407523, -36.08935396088342884 ) ) ;
#74 = ORIENTED_EDGE ( 'NONE', *, *, #1251, .F. ) ;
#75 = CARTESIAN_POINT ( 'NONE',  ( 297.7740124641890702, -24.86479626250398667, -12.19057405273109751 ) ) ;
#76 = CARTESIAN_POINT ( 'NONE',  ( 323.1465408951924019, -23.88300051815606651, -24.68239704141689472 ) ) ;
#77 = DIRECTION ( 'NONE',  ( 0.04361938736531432992, 0.000000000000000000, 0.9990482215818586864 ) ) ;
#78 = CARTESIAN_POINT ( 'NONE',  ( 362.3714059281149389, -15.29566300321888583, -49.56239533326260016 ) ) ;
#79 = FACE_OUTER_BOUND ( 'NONE', #1776, .T. ) ;
#80 = CARTESIAN_POINT ( 'NONE',  ( 397.2006916586001921, -16.02382788205240871, -50.42937275402896091 ) ) ;
#81 = CARTESIAN_POINT ( 'NONE',  ( 331.4304272902614912, -26.05856267871258680, -25.52498324022003473 ) ) ;
#82 = CARTESIAN_POINT ( 'NONE',  ( 397.1885645934712556, -26.90082412594384209, -50.70712821052361363 ) ) ;
#83 = LINE ( 'NONE', #1908, #1400 ) ;
#84 = CARTESIAN_POINT ( 'NONE',  ( 388.8062924223395953, -18.09670877321585891, -42.71689607822607115 ) ) ;
#85 = EDGE_CURVE ( 'NONE', #1109, #389, #595, .T. ) ;
#86 = VERTEX_POINT ( 'NONE', #2715 ) ;
#87 = CARTESIAN_POINT ( 'NONE',  ( 355.5207583655517851, -26.01332058396036828, -32.15759005225475420 ) ) ;
#88 = CARTESIAN_POINT ( 'NONE',  ( 318.9887779338785094, -23.47484404364217170, -23.27688622843015409 ) ) ;
#89 = ADVANCED_FACE ( 'NONE', ( #459 ), #2519, .F. ) ;
#90 = FACE_OUTER_BOUND ( 'NONE', #1095, .T. ) ;
#91 = CARTESIAN_POINT ( 'NONE',  ( 362.7440751494603433, -14.42567488927615038, -45.45205545570944139 ) ) ;
#92 = CARTESIAN_POINT ( 'NONE',  ( 297.5027423012377312, -24.86305116311849872, -18.40368226525495388 ) ) ;
#93 = CYLINDRICAL_SURFACE ( 'NONE', #565, 4.999999999999999112 ) ;
#94 = CARTESIAN_POINT ( 'NONE',  ( 314.8194052506606795, -24.94575769648026053, -21.03336997684403542 ) ) ;
#95 = CARTESIAN_POINT ( 'NONE',  ( 331.4081771054726460, -21.33148011248533393, -28.11477317886883398 ) ) ;
#96 = AXIS2_PLACEMENT_3D ( 'NONE', #1577, #2293, #2752 ) ;
#97 = DIRECTION ( 'NONE',  ( 0.9990482215818581313, -3.157196726277788912E-16, -0.04361938736532973426 ) ) ;
#98 = CARTESIAN_POINT ( 'NONE',  ( 314.6818797749948544, -18.12007467073585332, -16.04815881703686031 ) ) ;
#99 = ORIENTED_EDGE ( 'NONE', *, *, #2687, .F. ) ;
#100 = CARTESIAN_POINT ( 'NONE',  ( 347.5794481230009865, -18.38389962261516430, -34.60454392100395182 ) ) ;
#101 = CARTESIAN_POINT ( 'NONE',  ( 318.9407820434784639, -24.80166016879009661, -15.95483518695286307 ) ) ;
#102 = EDGE_CURVE ( 'NONE', #2140, #875, #482, .T. ) ;
#103 = VERTEX_POINT ( 'NONE', #680 ) ;
#104 = CARTESIAN_POINT ( 'NONE',  ( 297.6736629191294696, -16.97387094122792561, -14.48895650566871218 ) ) ;
#105 = EDGE_CURVE ( 'NONE', #2054, #861, #1928, .T. ) ;
#106 = CARTESIAN_POINT ( 'NONE',  ( 362.5782353361951209, -26.86788805375761768, -41.45436779006894312 ) ) ;
#107 = CARTESIAN_POINT ( 'NONE',  ( 297.4763746823247743, -25.40169276063210191, -19.00760002690958572 ) ) ;
#108 = CARTESIAN_POINT ( 'NONE',  ( 319.0202079570136675, -25.28135922385162715, -22.04411206808995161 ) ) ;
#109 = CARTESIAN_POINT ( 'NONE',  ( 331.4192481465099718, -21.94079164948816540, -28.20961810722965168 ) ) ;
#110 = DIRECTION ( 'NONE',  ( 0.9990482215818581313, -1.396470906136659719E-17, -0.04361938736532944977 ) ) ;
#111 = CARTESIAN_POINT ( 'NONE',  ( 347.4035520583864809, -20.37434336808829727, -26.81220088409810742 ) ) ;
#112 = ORIENTED_EDGE ( 'NONE', *, *, #509, .F. ) ;
#113 = CARTESIAN_POINT ( 'NONE',  ( 339.4884847462799939, -19.26597286099145734, -31.26144733733009318 ) ) ;
#114 = CARTESIAN_POINT ( 'NONE',  ( 339.3289394631710252, -25.20300791491769843, -24.20007133245953668 ) ) ;
#115 = VERTEX_POINT ( 'NONE', #2058 ) ;
#116 = CARTESIAN_POINT ( 'NONE',  ( 297.6331154354029991, -17.00256217986928675, -15.41764656652012988 ) ) ;
#117 = EDGE_LOOP ( 'NONE', ( #2385, #2478, #2768, #61, #2566, #34, #2173, #616, #1194, #1974, #219, #1708, #2296, #2767, #670, #1550, #1711, #406 ) ) ;
#118 = CARTESIAN_POINT ( 'NONE',  ( 297.4487496141542238, -19.60094469787606997, -19.64031811155053830 ) ) ;
#119 = CARTESIAN_POINT ( 'NONE',  ( 397.5817736090721155, -22.76958738976705732, -41.70116110567818879 ) ) ;
#120 = DIRECTION ( 'NONE',  ( -0.9990482215818580203, -0.000000000000000000, 0.04361938736532974120 ) ) ;
#121 = EDGE_CURVE ( 'NONE', #1261, #418, #1595, .T. ) ;
#122 = CARTESIAN_POINT ( 'NONE',  ( 380.0553022350721335, -24.04761744786108579, -50.40681566208383657 ) ) ;
#123 = CARTESIAN_POINT ( 'NONE',  ( 399.7535281581249365, -22.00000000000000711, -60.73656096581903086 ) ) ;
#124 = CARTESIAN_POINT ( 'NONE',  ( 398.6157218522574794, -22.60240422393009041, -40.94543858060103503 ) ) ;
#125 = CARTESIAN_POINT ( 'NONE',  ( 397.5774174099798302, -20.79255424380280459, -41.80093446836969662 ) ) ;
#126 = EDGE_CURVE ( 'NONE', #802, #572, #283, .T. ) ;
#127 = VERTEX_POINT ( 'NONE', #1703 ) ;
#128 = CARTESIAN_POINT ( 'NONE',  ( 331.3693996529673882, -19.67801684472222234, -27.49641723784179703 ) ) ;
#129 = CARTESIAN_POINT ( 'NONE',  ( 355.5811291568394381, -26.99751444396274991, -35.82963688252891643 ) ) ;
#130 = ORIENTED_EDGE ( 'NONE', *, *, #1963, .F. ) ;
#131 = CARTESIAN_POINT ( 'NONE',  ( 297.7117552442782653, -17.19827749840050402, -13.61649882126604894 ) ) ;
#132 = CARTESIAN_POINT ( 'NONE',  ( 332.7138239208627510, -21.68935042108801170, -11.79196904890456921 ) ) ;
#133 = CARTESIAN_POINT ( 'NONE',  ( 397.3169913660228190, -27.84386188313390420, -47.76567152186495235 ) ) ;
#134 = CARTESIAN_POINT ( 'NONE',  ( 397.6178588368968576, -22.00000041396379302, -40.87467350781896158 ) ) ;
#135 = CARTESIAN_POINT ( 'NONE',  ( 371.8687358357895505, -24.19836787849885340, -47.14251256106059884 ) ) ;
#136 = VERTEX_POINT ( 'NONE', #327 ) ;
#137 = B_SPLINE_CURVE_WITH_KNOTS ( 'NONE', 3,
 ( #52, #1354, #1828, #2740 ),
 .UNSPECIFIED., .F., .F.,
 ( 4, 4 ),
 ( 0.000000000000000000, 1.000000000000000000 ),
 .UNSPECIFIED. ) ;
#138 = CARTESIAN_POINT ( 'NONE',  ( 332.7772356907675544, -22.64115085605931910, -11.82221562415068661 ) ) ;
#139 = CARTESIAN_POINT ( 'NONE',  ( 400.3538937831691555, -9.952280978806072653, -46.98592744646655461 ) ) ;
#140 = CARTESIAN_POINT ( 'NONE',  ( 314.6977506299689935, -19.04098458073835332, -14.70721215498061163 ) ) ;
#141 = CIRCLE ( 'NONE', #1785, 5.849137931034494642 ) ;
#142 = ADVANCED_FACE ( 'NONE', ( #1669 ), #1652, .T. ) ;
#143 = ORIENTED_EDGE ( 'NONE', *, *, #816, .F. ) ;
#144 = CARTESIAN_POINT ( 'NONE',  ( 355.6805559928582170, -20.08153674154213775, -39.91163878927814324 ) ) ;
#145 = CARTESIAN_POINT ( 'NONE',  ( 302.0694451326073136, -26.17739620962969838, -14.72390863584475262 ) ) ;
#146 = AXIS2_PLACEMENT_3D ( 'NONE', #707, #1146, #2039 ) ;
#147 = ORIENTED_EDGE ( 'NONE', *, *, #1726, .T. ) ;
#148 = VECTOR ( 'NONE', #2902, 1000.000000000000114 ) ;
#149 = VERTEX_POINT ( 'NONE', #578 ) ;
#150 = CARTESIAN_POINT ( 'NONE',  ( 397.1546572866469660, -16.63343377909924570, -51.48373321641239642 ) ) ;
#151 = B_SPLINE_CURVE_WITH_KNOTS ( 'NONE', 3,
 ( #1530, #400, #1303, #2907 ),
 .UNSPECIFIED., .F., .F.,
 ( 4, 4 ),
 ( 0.08542792376323429804, 0.1649826925281212275 ),
 .UNSPECIFIED. ) ;
#152 = DIRECTION ( 'NONE',  ( -0.9990482215818580203, -0.000000000000000000, 0.04361938736532974120 ) ) ;
#153 = CARTESIAN_POINT ( 'NONE',  ( 297.6469188494913851, -26.19709541001180142, -15.10149640647012426 ) ) ;
#154 = VERTEX_POINT ( 'NONE', #2151 ) ;
#155 = CARTESIAN_POINT ( 'NONE',  ( 397.0937487398892927, -25.97020211692623448, -52.87876829124427758 ) ) ;
#156 = CARTESIAN_POINT ( 'NONE',  ( 363.0398746707472242, -18.03144215635667535, -39.92508398087181831 ) ) ;
#157 = CARTESIAN_POINT ( 'NONE',  ( 397.4407504868424894, -27.24513602272829615, -44.93112163413116633 ) ) ;
#158 = CARTESIAN_POINT ( 'NONE',  ( 380.3525008968815655, -19.95503972773550672, -39.65066157242299028 ) ) ;
#159 = EDGE_LOOP ( 'NONE', ( #2124, #2052 ) ) ;
#160 = CARTESIAN_POINT ( 'NONE',  ( 388.5442579917919375, -17.15163034511571638, -50.41067445232859257 ) ) ;
#161 = CARTESIAN_POINT ( 'NONE',  ( 318.9886885323172692, -26.00838907914918252, -17.77162485192833685 ) ) ;
#162 = EDGE_CURVE ( 'NONE', #1879, #1627, #2529, .T. ) ;
#163 = ORIENTED_EDGE ( 'NONE', *, *, #816, .T. ) ;
#164 = VERTEX_POINT ( 'NONE', #1684 ) ;
#165 = CARTESIAN_POINT ( 'NONE',  ( 397.1994982211323304, -16.03722769808755899, -50.45670696598934057 ) ) ;
#166 = CARTESIAN_POINT ( 'NONE',  ( 397.0728891236881850, -21.77460034032951341, -53.35653205014470757 ) ) ;
#167 = CARTESIAN_POINT ( 'NONE',  ( 297.8007474903857315, -24.01900537444201689, -11.57824128079334614 ) ) ;
#168 = LINE ( 'NONE', #2892, #2600 ) ;
#169 = CARTESIAN_POINT ( 'NONE',  ( 297.4179766943906316, -19.41482576607980803, -20.34513385105178429 ) ) ;
#170 = CARTESIAN_POINT ( 'NONE',  ( 398.3557973400054379, -9.952280978806072653, -46.89868867173589706 ) ) ;
#171 = CARTESIAN_POINT ( 'NONE',  ( 322.9555257762686438, -21.18676572516432799, -16.42026462224397676 ) ) ;
#172 = EDGE_CURVE ( 'NONE', #2289, #1058, #83, .T. ) ;
#173 = EDGE_CURVE ( 'NONE', #1508, #2400, #767, .T. ) ;
#174 = ORIENTED_EDGE ( 'NONE', *, *, #2272, .F. ) ;
#175 = CARTESIAN_POINT ( 'NONE',  ( 314.7312003498269632, -18.96096331090811660, -20.71078765332877936 ) ) ;
#176 = CARTESIAN_POINT ( 'NONE',  ( 363.6405034941384429, -27.20783787436244339, -40.06066406536867675 ) ) ;
#177 = ORIENTED_EDGE ( 'NONE', *, *, #2189, .F. ) ;
#178 = B_SPLINE_CURVE_WITH_KNOTS ( 'NONE', 3,
 ( #320, #1870, #745, #2797 ),
 .UNSPECIFIED., .F., .F.,
 ( 4, 4 ),
 ( 0.000000000000000000, 1.000000000000000000 ),
 .UNSPECIFIED. ) ;
#179 = VERTEX_POINT ( 'NONE', #2851 ) ;
#180 = CARTESIAN_POINT ( 'NONE',  ( 297.4917225561852092, -18.24644824300615298, -18.65607592234077572 ) ) ;
#181 = EDGE_CURVE ( 'NONE', #993, #1519, #2807, .T. ) ;
#182 = CARTESIAN_POINT ( 'NONE',  ( 297.4492277758740784, -19.58106363142765716, -19.62936640762045570 ) ) ;
#183 = CARTESIAN_POINT ( 'NONE',  ( 397.3389365504056059, -27.86258702438839663, -47.26304416384660811 ) ) ;
#184 = CARTESIAN_POINT ( 'NONE',  ( 297.4570102641832250, -22.14511269377278069, -19.45111812000535068 ) ) ;
#185 = CARTESIAN_POINT ( 'NONE',  ( 332.9355898897390489, -25.32931312094698129, -12.47665683484595078 ) ) ;
#186 = DIRECTION ( 'NONE',  ( 0.9990482215818580203, -1.396470906136659411E-17, -0.04361938736532944977 ) ) ;
#187 = CARTESIAN_POINT ( 'NONE',  ( 388.7458939349959337, -25.19285725061941505, -42.23712114218122338 ) ) ;
#188 = ORIENTED_EDGE ( 'NONE', *, *, #2655, .F. ) ;
#189 = CARTESIAN_POINT ( 'NONE',  ( 331.2829772158314086, -17.87008188291062183, -25.34516534497797124 ) ) ;
#190 = CARTESIAN_POINT ( 'NONE',  ( 306.3789217954687842, -26.06311161691720812, -14.84809752391423920 ) ) ;
#191 = ORIENTED_EDGE ( 'NONE', *, *, #1866, .T. ) ;
#192 = ORIENTED_EDGE ( 'NONE', *, *, #2598, .T. ) ;
#193 = VECTOR ( 'NONE', #1543, 1000.000000000000000 ) ;
#194 = DIRECTION ( 'NONE',  ( -0.04361938736532554317, 0.000000000000000000, -0.9990482215818581313 ) ) ;
#195 = AXIS2_PLACEMENT_3D ( 'NONE', #2245, #907, #2259 ) ;
#196 = CARTESIAN_POINT ( 'NONE',  ( 297.6337725836034451, -17.80250761690911787, -15.40259539821767554 ) ) ;
#197 = CARTESIAN_POINT ( 'NONE',  ( 297.5520345328857843, -25.68288482910386961, -17.27470454822909574 ) ) ;
#198 = CARTESIAN_POINT ( 'NONE',  ( 398.4402560965968974, -31.50000000000000000, -44.96426511225319445 ) ) ;
#199 = VECTOR ( 'NONE', #396, 1000.000000000000000 ) ;
#200 = EDGE_CURVE ( 'NONE', #2690, #1081, #141, .T. ) ;
#201 = CARTESIAN_POINT ( 'NONE',  ( 297.7288062056473450, -16.92670918791697332, -13.22596759969291114 ) ) ;
#202 = DIRECTION ( 'NONE',  ( -0.9990482215818580203, -0.000000000000000000, 0.04361938736532974120 ) ) ;
#203 = CARTESIAN_POINT ( 'NONE',  ( 363.6577664678445672, -24.33631322187394730, -34.32325908413232440 ) ) ;
#204 = VERTEX_POINT ( 'NONE', #139 ) ;
#205 = CARTESIAN_POINT ( 'NONE',  ( 372.0092231076630469, -16.74331394549189511, -43.56367148673356127 ) ) ;
#206 = ORIENTED_EDGE ( 'NONE', *, *, #181, .F. ) ;
#207 = CARTESIAN_POINT ( 'NONE',  ( 297.4487496141542238, -19.60094469787606997, -19.64031811155053830 ) ) ;
#208 = EDGE_CURVE ( 'NONE', #271, #1534, #314, .T. ) ;
#209 = CARTESIAN_POINT ( 'NONE',  ( 397.5619214015408716, -18.02979788465728817, -42.15585141259100510 ) ) ;
#210 = CARTESIAN_POINT ( 'NONE',  ( 297.7460478996368920, -17.62958694182775332, -12.83106788290638178 ) ) ;
#211 = CARTESIAN_POINT ( 'NONE',  ( 397.3395103019780663, -15.35623604868948711, -47.24990309234835451 ) ) ;
#212 = EDGE_CURVE ( 'NONE', #1025, #115, #1204, .T. ) ;
#213 = DIRECTION ( 'NONE',  ( -0.04361938736532545297, 0.000000000000000000, -0.9990482215818581313 ) ) ;
#214 = LINE ( 'NONE', #1761, #1930 ) ;
#215 = B_SPLINE_CURVE_WITH_KNOTS ( 'NONE', 3,
 ( #1815, #1369, #2725, #1616, #1569, #2532 ),
 .UNSPECIFIED., .F., .F.,
 ( 4, 2, 4 ),
 ( 0.8352927135426485572, 0.8720341668721309780, 0.9087756202016133988 ),
 .UNSPECIFIED. ) ;
#216 = CARTESIAN_POINT ( 'NONE',  ( 306.3956123417386834, -20.23364629865374553, -11.82492499913751161 ) ) ;
#217 = ORIENTED_EDGE ( 'NONE', *, *, #2702, .T. ) ;
#218 = CARTESIAN_POINT ( 'NONE',  ( 331.2627696870107457, -17.73294051865504528, -24.78971187704024359 ) ) ;
#219 = ORIENTED_EDGE ( 'NONE', *, *, #2177, .T. ) ;
#220 = CARTESIAN_POINT ( 'NONE',  ( 302.1382447109342024, -22.99005914878599199, -11.33092454552542350 ) ) ;
#221 = DIRECTION ( 'NONE',  ( -0.04361938736532973426, 0.000000000000000000, -0.9990482215818580203 ) ) ;
#222 = DIRECTION ( 'NONE',  ( 0.9990482215818581313, -1.396470906136659719E-17, -0.04361938736532944977 ) ) ;
#223 = CARTESIAN_POINT ( 'NONE',  ( 397.4407504868424894, -27.24513602272829615, -44.93112163413116633 ) ) ;
#224 = CARTESIAN_POINT ( 'NONE',  ( 397.5708439588505030, -25.62955165425191595, -41.95149125188008554 ) ) ;
#225 = CARTESIAN_POINT ( 'NONE',  ( 297.7279852086839469, -18.31479103110901363, -13.24477152166375404 ) ) ;
#226 = CARTESIAN_POINT ( 'NONE',  ( 306.4348311130718798, -21.85488730622718023, -11.44011569991665311 ) ) ;
#227 = CARTESIAN_POINT ( 'NONE',  ( 397.7554317149612189, -22.00000000000000711, -60.64932219108837330 ) ) ;
#228 = CARTESIAN_POINT ( 'NONE',  ( 306.2695503606842635, -17.95904284578041299, -16.90776767069577602 ) ) ;
#229 = EDGE_CURVE ( 'NONE', #1794, #1208, #1621, .T. ) ;
#230 = ORIENTED_EDGE ( 'NONE', *, *, #2203, .T. ) ;
#231 = CARTESIAN_POINT ( 'NONE',  ( 297.8112745363865770, -23.49892539875472153, -11.33713228727373412 ) ) ;
#232 = CIRCLE ( 'NONE', #2365, 1.699999999999999067 ) ;
#233 = CARTESIAN_POINT ( 'NONE',  ( 397.4861538902626421, -16.42887892662252369, -43.89121272709643762 ) ) ;
#234 = DIRECTION ( 'NONE',  ( 0.9990482215818581313, -3.157196726277788912E-16, -0.04361938736532973426 ) ) ;
#235 = CARTESIAN_POINT ( 'NONE',  ( 397.1880268930304396, -26.89277232424177200, -50.71944357536240489 ) ) ;
#236 = VERTEX_POINT ( 'NONE', #124 ) ;
#237 = CARTESIAN_POINT ( 'NONE',  ( 297.8237711924476230, -19.30371713230681863, -11.05091180671234596 ) ) ;
#238 = DIRECTION ( 'NONE',  ( 0.04361938736531432992, 0.000000000000000000, 0.9990482215818586864 ) ) ;
#239 = CARTESIAN_POINT ( 'NONE',  ( 397.3382563155595335, -15.35516915488360645, -47.27862410328189924 ) ) ;
#240 = CARTESIAN_POINT ( 'NONE',  ( 310.5823037089533614, -25.89497148374129409, -18.65925265678058409 ) ) ;
#241 = B_SPLINE_CURVE_WITH_KNOTS ( 'NONE', 3,
 ( #2191, #1975, #1537, #364 ),
 .UNSPECIFIED., .F., .F.,
 ( 4, 4 ),
 ( 0.000000000000000000, 0.06460836401884953450 ),
 .UNSPECIFIED. ) ;
#242 = CARTESIAN_POINT ( 'NONE',  ( 397.4671055479057031, -17.09917587405615436, -44.32749149453142934 ) ) ;
#243 = CARTESIAN_POINT ( 'NONE',  ( 397.4375317348243470, -16.65746494322232252, -45.00484317571616089 ) ) ;
#244 = VERTEX_POINT ( 'NONE', #2818 ) ;
#245 = EDGE_CURVE ( 'NONE', #833, #204, #2503, .T. ) ;
#246 = CARTESIAN_POINT ( 'NONE',  ( 355.5160292708666816, -24.55540647101735274, -30.83288086611150902 ) ) ;
#247 = CARTESIAN_POINT ( 'NONE',  ( 310.5085145828982718, -23.14680615798749130, -21.13633911513403163 ) ) ;
#248 = CARTESIAN_POINT ( 'NONE',  ( 401.6397067678161648, -1.269263625075799974E-13, -17.53596830697862075 ) ) ;
#249 = DIRECTION ( 'NONE',  ( -0.04361938736533349514, 0.000000000000000000, -0.9990482215818577982 ) ) ;
#250 = LINE ( 'NONE', #4, #1220 ) ;
#251 = CARTESIAN_POINT ( 'NONE',  ( 397.5829633128496994, -22.00000047133296022, -41.67391240928568408 ) ) ;
#252 = CARTESIAN_POINT ( 'NONE',  ( 297.8314550066543234, -24.39905530212303120, -10.87492352759886494 ) ) ;
#253 = CARTESIAN_POINT ( 'NONE',  ( 399.8888760178906523, -12.50000000000011724, -45.02751322393302758 ) ) ;
#254 = CARTESIAN_POINT ( 'NONE',  ( 302.0166213201817982, -26.11916514507445797, -16.43970612964673705 ) ) ;
#255 = DIRECTION ( 'NONE',  ( 0.04361938736532419009, 0.000000000000000000, 0.9990482215818583533 ) ) ;
#256 = CARTESIAN_POINT ( 'NONE',  ( 380.3515061770572743, -18.07713713008644518, -40.82420389927617066 ) ) ;
#257 = VERTEX_POINT ( 'NONE', #811 ) ;
#258 = CARTESIAN_POINT ( 'NONE',  ( 314.7364255149695396, -22.08303755757002307, -13.70608342129091461 ) ) ;
#259 = CARTESIAN_POINT ( 'NONE',  ( 301.9197462095588662, -24.26054236298552524, -19.02960648147954359 ) ) ;
#260 = CARTESIAN_POINT ( 'NONE',  ( 297.4221261055648142, -22.16646455627027379, -20.25009671035520498 ) ) ;
#261 = CARTESIAN_POINT ( 'NONE',  ( 297.5684493764983358, -26.80172250119985122, -16.89874281861303373 ) ) ;
#262 = EDGE_CURVE ( 'NONE', #584, #636, #2018, .T. ) ;
#263 = ORIENTED_EDGE ( 'NONE', *, *, #1069, .F. ) ;
#264 = LINE ( 'NONE', #18, #2649 ) ;
#265 = CARTESIAN_POINT ( 'NONE',  ( 397.1268890359547754, -18.35876169552170722, -52.11973071995922879 ) ) ;
#266 = CARTESIAN_POINT ( 'NONE',  ( 397.2006916586001921, -16.02382788205240871, -50.42937275402896091 ) ) ;
#267 = CARTESIAN_POINT ( 'NONE',  ( 388.4238706816549325, -26.45911319511000670, -51.00309631177853475 ) ) ;
#268 = B_SPLINE_CURVE_WITH_KNOTS ( 'NONE', 3,
 ( #2033, #2454, #2510, #1310, #905, #2015 ),
 .UNSPECIFIED., .F., .F.,
 ( 4, 2, 4 ),
 ( 0.000000000000000000, 0.5000000000000000000, 1.000000000000000000 ),
 .UNSPECIFIED. ) ;
#269 = CARTESIAN_POINT ( 'NONE',  ( 397.5567347061285091, -19.41650705955164824, -42.27464626828852090 ) ) ;
#270 = CARTESIAN_POINT ( 'NONE',  ( 306.2836190785329791, -17.80250761690911432, -15.78025585220011884 ) ) ;
#271 = VERTEX_POINT ( 'NONE', #793 ) ;
#272 = CARTESIAN_POINT ( 'NONE',  ( 314.7495235974374168, -22.67254427536891725, -13.71819148105188191 ) ) ;
#273 = CARTESIAN_POINT ( 'NONE',  ( 371.8750190476116586, -23.52154684337751078, -47.34019100797379309 ) ) ;
#274 = DIRECTION ( 'NONE',  ( 0.9990482215818581313, -3.157196726277788912E-16, -0.04361938736532973426 ) ) ;
#275 = ORIENTED_EDGE ( 'NONE', *, *, #519, .F. ) ;
#276 = CARTESIAN_POINT ( 'NONE',  ( 297.4179766943906316, -19.41482576607980803, -20.34513385105178429 ) ) ;
#277 = PRODUCT_DEFINITION_SHAPE ( 'NONE', 'NONE',  #1863 ) ;
#278 = CARTESIAN_POINT ( 'NONE',  ( 398.4402560965969542, -31.50000000000011724, -44.96426511225330813 ) ) ;
#279 = FACE_OUTER_BOUND ( 'NONE', #733, .T. ) ;
#280 = VECTOR ( 'NONE', #186, 1000.000000000000114 ) ;
#281 = CARTESIAN_POINT ( 'NONE',  ( 355.6190336379360133, -26.37198421990483155, -37.77825122591718099 ) ) ;
#282 = CARTESIAN_POINT ( 'NONE',  ( 380.1162289536999310, -19.69195354578806700, -50.31065688975861860 ) ) ;
#283 = LINE ( 'NONE', #1178, #2689 ) ;
#284 = CARTESIAN_POINT ( 'NONE',  ( 397.5208133634356500, -18.09670877321586957, -43.09738027951026851 ) ) ;
#285 = AXIS2_PLACEMENT_3D ( 'NONE', #2665, #1471, #365 ) ;
#286 = VERTEX_POINT ( 'NONE', #563 ) ;
#287 = CARTESIAN_POINT ( 'NONE',  ( 355.5345185826202510, -26.60861957222336116, -33.30084485933809901 ) ) ;
#288 = CARTESIAN_POINT ( 'NONE',  ( 331.4466639929568714, -24.17581290844803377, -27.62564735736585675 ) ) ;
#289 = DIRECTION ( 'NONE',  ( -0.9990482215818580203, -0.000000000000000000, 0.04361938736532974120 ) ) ;
#290 = ADVANCED_FACE ( 'NONE', ( #2789 ), #981, .F. ) ;
#291 = ORIENTED_EDGE ( 'NONE', *, *, #1293, .T. ) ;
#292 = CARTESIAN_POINT ( 'NONE',  ( 397.5934500925944803, -18.03144215635675707, -41.43372566464994122 ) ) ;
#293 = CARTESIAN_POINT ( 'NONE',  ( 297.5543714569402027, -17.32001311372163599, -17.22118018758256142 ) ) ;
#294 = CARTESIAN_POINT ( 'NONE',  ( 400.6138182955179445, -21.39759577606991670, -41.03267735533798088 ) ) ;
#295 = EDGE_CURVE ( 'NONE', #86, #1403, #952, .T. ) ;
#296 = CARTESIAN_POINT ( 'NONE',  ( 319.0244855246568250, -26.08886470663978230, -20.59235247309522521 ) ) ;
#297 = EDGE_CURVE ( 'NONE', #1429, #2604, #609, .T. ) ;
#298 = CYLINDRICAL_SURFACE ( 'NONE', #1883, 1.699999999999999067 ) ;
#299 = CARTESIAN_POINT ( 'NONE',  ( 397.4124245300026814, -28.45201238698577129, -45.57989270852682751 ) ) ;
#300 = CARTESIAN_POINT ( 'NONE',  ( 314.6804773910182575, -17.77684710566748549, -17.10582990229935518 ) ) ;
#301 = EDGE_CURVE ( 'NONE', #867, #257, #2834, .T. ) ;
#302 = VERTEX_POINT ( 'NONE', #883 ) ;
#303 = CARTESIAN_POINT ( 'NONE',  ( 397.4431734020228077, -27.27259893542419533, -44.87562775290060557 ) ) ;
#304 = B_SPLINE_CURVE_WITH_KNOTS ( 'NONE', 3,
 ( #2020, #1567, #6, #2485 ),
 .UNSPECIFIED., .F., .F.,
 ( 4, 4 ),
 ( 0.5005700522164751032, 0.5052379576748933232 ),
 .UNSPECIFIED. ) ;
#305 = CARTESIAN_POINT ( 'NONE',  ( 355.6560577948428659, -23.94763519956749320, -39.89783201137716873 ) ) ;
#306 = ORIENTED_EDGE ( 'NONE', *, *, #102, .F. ) ;
#307 = CARTESIAN_POINT ( 'NONE',  ( 397.0843688610865456, -18.38659219146773083, -53.09360283621675336 ) ) ;
#308 = VERTEX_POINT ( 'NONE', #2895 ) ;
#309 = CARTESIAN_POINT ( 'NONE',  ( 362.6920025330189787, -25.78329092136834078, -40.52890377066680827 ) ) ;
#310 = CARTESIAN_POINT ( 'NONE',  ( 297.5919896826597437, -17.03514543412824622, -16.35958116535304185 ) ) ;
#311 = CARTESIAN_POINT ( 'NONE',  ( 397.0727068285273731, -21.99999952866702557, -53.36070729577144078 ) ) ;
#312 = CARTESIAN_POINT ( 'NONE',  ( 331.4477555508047431, -24.62982516500016672, -27.28277228683682054 ) ) ;
#313 = CARTESIAN_POINT ( 'NONE',  ( 314.7674254792293596, -22.50689791946489038, -22.24099359008616617 ) ) ;
#314 = LINE ( 'NONE', #1892, #2170 ) ;
#315 = CARTESIAN_POINT ( 'NONE',  ( 297.7276809520786856, -18.27071809795655000, -13.25174014361093100 ) ) ;
#316 = EDGE_LOOP ( 'NONE', ( #2645, #2910, #2635, #2439 ) ) ;
#317 = CARTESIAN_POINT ( 'NONE',  ( 306.2733281134739514, -19.99220835127655249, -19.36739033206042038 ) ) ;
#318 = CARTESIAN_POINT ( 'NONE',  ( 331.2503054550753632, -24.80560565385448157, -20.22407728027414819 ) ) ;
#319 = VERTEX_POINT ( 'NONE', #1748 ) ;
#320 = CARTESIAN_POINT ( 'NONE',  ( 297.4796605856359406, -19.97252650755054759, -18.93234046785680036 ) ) ;
#321 = CARTESIAN_POINT ( 'NONE',  ( 361.7630465327054594, -25.56791703618979739, -52.67524176978533035 ) ) ;
#322 = CARTESIAN_POINT ( 'NONE',  ( 400.6138182955180014, -22.60240422393009396, -41.03267735533798799 ) ) ;
#323 = DIRECTION ( 'NONE',  ( -0.04361938736532345456, 0.000000000000000000, -0.9990482215818582423 ) ) ;
#324 = CARTESIAN_POINT ( 'NONE',  ( 388.3935917395916704, -23.94070978355894042, -52.69962049475858379 ) ) ;
#325 = CARTESIAN_POINT ( 'NONE',  ( 397.8950137545302823, -22.00000000000000711, -57.45236788202641520 ) ) ;
#326 = AXIS2_PLACEMENT_3D ( 'NONE', #898, #2316, #1856 ) ;
#327 = CARTESIAN_POINT ( 'NONE',  ( 397.0729293954985337, -21.75140172019012752, -53.35560967404291688 ) ) ;
#328 = CARTESIAN_POINT ( 'NONE',  ( 314.6898072513534999, -18.65327630745783694, -15.08876781508983811 ) ) ;
#329 = CIRCLE ( 'NONE', #1699, 1.699999999999999067 ) ;
#330 = VERTEX_POINT ( 'NONE', #638 ) ;
#331 = CARTESIAN_POINT ( 'NONE',  ( 306.2686220713996477, -19.52878764960834346, -19.07487331614317938 ) ) ;
#332 = CARTESIAN_POINT ( 'NONE',  ( 297.8027713022840430, -24.00779164872345106, -11.53188836756108238 ) ) ;
#333 = EDGE_CURVE ( 'NONE', #553, #103, #1517, .T. ) ;
#334 = VERTEX_POINT ( 'NONE', #2433 ) ;
#335 = CARTESIAN_POINT ( 'NONE',  ( 397.4671055479057031, -17.09917587405615436, -44.32749149453142934 ) ) ;
#336 = ORIENTED_EDGE ( 'NONE', *, *, #2349, .T. ) ;
#337 = CARTESIAN_POINT ( 'NONE',  ( 332.7232866984313659, -21.82724679312763882, -11.78761040660896064 ) ) ;
#338 = CARTESIAN_POINT ( 'NONE',  ( 397.1918118523782368, -27.90205480481186484, -50.63275375384954913 ) ) ;
#339 = ORIENTED_EDGE ( 'NONE', *, *, #1042, .T. ) ;
#340 = CARTESIAN_POINT ( 'NONE',  ( 297.6471622281128475, -26.19688007919188166, -15.09592211957523133 ) ) ;
#341 = CARTESIAN_POINT ( 'NONE',  ( 380.0530773100102806, -24.72527931354935404, -50.09769683912117699 ) ) ;
#342 = B_SPLINE_CURVE_WITH_KNOTS ( 'NONE', 3,
 ( #2097, #483, #1153, #2796 ),
 .UNSPECIFIED., .F., .F.,
 ( 4, 4 ),
 ( 0.9149826925252908527, 0.9156742716995666109 ),
 .UNSPECIFIED. ) ;
#343 = CARTESIAN_POINT ( 'NONE',  ( 397.0947969645341686, -19.48513973346231154, -52.85475999973998995 ) ) ;
#344 = CARTESIAN_POINT ( 'NONE',  ( 297.7649868481273643, -25.14905865191144940, -12.39729464694071304 ) ) ;
#345 = CARTESIAN_POINT ( 'NONE',  ( 297.7650629683010948, -18.93003130320611405, -12.39555120832603130 ) ) ;
#346 = VERTEX_POINT ( 'NONE', #170 ) ;
#347 = CARTESIAN_POINT ( 'NONE',  ( 363.7468370138100227, -19.00209174818356317, -43.50463196288852430 ) ) ;
#348 = CARTESIAN_POINT ( 'NONE',  ( 388.5886029793475132, -27.72182129017427243, -45.92715066726868400 ) ) ;
#349 = ORIENTED_EDGE ( 'NONE', *, *, #513, .F. ) ;
#350 = CARTESIAN_POINT ( 'NONE',  ( 297.4221355887124787, -22.17275320687248552, -20.24987951056350255 ) ) ;
#351 = CARTESIAN_POINT ( 'NONE',  ( 297.4793557528681163, -19.98523309042710139, -18.93932228610339408 ) ) ;
#352 = CARTESIAN_POINT ( 'NONE',  ( 397.5827407458785387, -22.24859827981198990, -41.67901003101231083 ) ) ;
#353 = DIRECTION ( 'NONE',  ( -0.04361938736532345456, 0.000000000000000000, -0.9990482215818582423 ) ) ;
#354 = CARTESIAN_POINT ( 'NONE',  ( 301.9649237502743517, -25.43724857218110103, -17.92001323928392864 ) ) ;
#355 = EDGE_CURVE ( 'NONE', #1897, #334, #151, .T. ) ;
#356 = B_SPLINE_CURVE_WITH_KNOTS ( 'NONE', 3,
 ( #1314, #2236, #2009, #2670 ),
 .UNSPECIFIED., .F., .F.,
 ( 4, 4 ),
 ( 0.000000000000000000, 1.000000000000000000 ),
 .UNSPECIFIED. ) ;
#357 = CARTESIAN_POINT ( 'NONE',  ( 362.7056262925153192, -25.62955165424136084, -40.42924297385075505 ) ) ;
#358 = CARTESIAN_POINT ( 'NONE',  ( 397.0727068285273731, -21.99999952866702557, -53.36070729577144078 ) ) ;
#359 = CARTESIAN_POINT ( 'NONE',  ( 331.1530735611411274, -18.92022789800213189, -20.47261752331726470 ) ) ;
#360 = ORIENTED_EDGE ( 'NONE', *, *, #2203, .F. ) ;
#361 = CARTESIAN_POINT ( 'NONE',  ( 306.2801474380258924, -20.50107460124528558, -19.56281540970639199 ) ) ;
#362 = CARTESIAN_POINT ( 'NONE',  ( 302.1091786361256482, -25.58172012233511339, -13.19004895773026931 ) ) ;
#363 = ORIENTED_EDGE ( 'NONE', *, *, #764, .F. ) ;
#364 = CARTESIAN_POINT ( 'NONE',  ( 297.8233048382260790, -21.99999996724040585, -11.06159307446274376 ) ) ;
#365 = DIRECTION ( 'NONE',  ( -0.04361938736533349514, 0.000000000000000000, -0.9990482215818577982 ) ) ;
#366 = FACE_OUTER_BOUND ( 'NONE', #2581, .T. ) ;
#367 = CARTESIAN_POINT ( 'NONE',  ( 397.0677425958943445, -24.94219743414793200, -53.47440691612271735 ) ) ;
#368 = EDGE_CURVE ( 'NONE', #2832, #1667, #2682, .T. ) ;
#369 = CARTESIAN_POINT ( 'NONE',  ( 297.8542152430060241, -21.01751097001511326, -10.35362841037384563 ) ) ;
#370 = CARTESIAN_POINT ( 'NONE',  ( 397.2160449930352684, -16.74226701801763539, -50.07772358174113236 ) ) ;
#371 = CARTESIAN_POINT ( 'NONE',  ( 297.7478950791778516, -18.56275142781889897, -12.78876051576508921 ) ) ;
#372 = VECTOR ( 'NONE', #975, 1000.000000000000114 ) ;
#373 = ORIENTED_EDGE ( 'NONE', *, *, #964, .T. ) ;
#374 = CARTESIAN_POINT ( 'NONE',  ( 380.2097687100462622, -16.93896828419035572, -47.74662749824636876 ) ) ;
#375 = CARTESIAN_POINT ( 'NONE',  ( 331.3434347060497771, -26.26476281304109861, -22.61901551569905422 ) ) ;
#376 = AXIS2_PLACEMENT_3D ( 'NONE', #395, #1987, #1296 ) ;
#377 = AXIS2_PLACEMENT_3D ( 'NONE', #2175, #152, #1948 ) ;
#378 = ORIENTED_EDGE ( 'NONE', *, *, #2312, .T. ) ;
#379 = ORIENTED_EDGE ( 'NONE', *, *, #2089, .T. ) ;
#380 = CARTESIAN_POINT ( 'NONE',  ( 397.4403983794695137, -15.84375504322531647, -44.93918621885147502 ) ) ;
#381 = CARTESIAN_POINT ( 'NONE',  ( 297.4494675702699737, -19.57113532249601562, -19.62387421300091361 ) ) ;
#382 = CARTESIAN_POINT ( 'NONE',  ( 397.3376668657170399, -16.15521486199640222, -47.29212472427631297 ) ) ;
#383 = EDGE_CURVE ( 'NONE', #1403, #599, #2083, .T. ) ;
#384 = CARTESIAN_POINT ( 'NONE',  ( 397.6176785213022526, -22.23891313938600689, -40.87880341392275341 ) ) ;
#385 = CARTESIAN_POINT ( 'NONE',  ( 397.2768124534567846, -29.17368430327050532, -48.68591991526864859 ) ) ;
#386 = CARTESIAN_POINT ( 'NONE',  ( 397.2162696671851450, -16.73973088178719948, -50.07257769768521882 ) ) ;
#387 = B_SPLINE_CURVE_WITH_KNOTS ( 'NONE', 3,
 ( #1526, #167, #2651, #2233 ),
 .UNSPECIFIED., .F., .F.,
 ( 4, 4 ),
 ( 0.000000000000000000, 1.000000000000000000 ),
 .UNSPECIFIED. ) ;
#388 = CARTESIAN_POINT ( 'NONE',  ( 371.9643736273208106, -24.65658660851781647, -37.24161400656383591 ) ) ;
#389 = VERTEX_POINT ( 'NONE', #1064 ) ;
#390 = CARTESIAN_POINT ( 'NONE',  ( 355.6407189249655403, -17.01016081521349932, -35.27988349362961884 ) ) ;
#391 = CARTESIAN_POINT ( 'NONE',  ( 363.6289188807190840, -27.18835764073918781, -38.01824774608425628 ) ) ;
#392 = ORIENTED_EDGE ( 'NONE', *, *, #407, .F. ) ;
#393 = EDGE_LOOP ( 'NONE', ( #2108, #2082, #928, #2011 ) ) ;
#394 = EDGE_LOOP ( 'NONE', ( #1671, #2824, #2710, #1920, #922, #2591, #1070, #876, #630, #2684 ) ) ;
#395 = CARTESIAN_POINT ( 'NONE',  ( 400.3249797355308601, -22.00000000000000355, -47.64816801462980322 ) ) ;
#396 = DIRECTION ( 'NONE',  ( -0.9990482215818580203, -0.000000000000000000, 0.04361938736532974120 ) ) ;
#397 = CARTESIAN_POINT ( 'NONE',  ( 397.4006683836360025, -27.62472474073556938, -45.84915272866195579 ) ) ;
#398 = CARTESIAN_POINT ( 'NONE',  ( 399.8086514411025405, -24.54771902119393445, -59.47403021623976116 ) ) ;
#399 = CARTESIAN_POINT ( 'NONE',  ( 297.8580690320959548, -21.82724679312763882, -10.26536212858649222 ) ) ;
#400 = CARTESIAN_POINT ( 'NONE',  ( 297.8133402902050193, -25.14434262187002744, -11.28981874613254455 ) ) ;
#401 = CARTESIAN_POINT ( 'NONE',  ( 380.2709807867970540, -24.97685999516168565, -40.15996892899534743 ) ) ;
#402 = ORIENTED_EDGE ( 'NONE', *, *, #1018, .T. ) ;
#403 = CARTESIAN_POINT ( 'NONE',  ( 331.3382619588577995, -18.77205962771741810, -26.78951328437817025 ) ) ;
#404 = CARTESIAN_POINT ( 'NONE',  ( 347.4605573098688751, -26.52466079883046035, -29.77609078325255965 ) ) ;
#405 = VERTEX_POINT ( 'NONE', #841 ) ;
#406 = ORIENTED_EDGE ( 'NONE', *, *, #2484, .T. ) ;
#407 = EDGE_CURVE ( 'NONE', #1519, #1081, #649, .T. ) ;
#408 = CARTESIAN_POINT ( 'NONE',  ( 397.0989428273030057, -17.87369415431946962, -52.75980413088360876 ) ) ;
#409 = CARTESIAN_POINT ( 'NONE',  ( 297.4570102641832250, -22.14511269377278069, -19.45111812000535068 ) ) ;
#410 = CARTESIAN_POINT ( 'NONE',  ( 297.6332857712645250, -17.80290459003219183, -15.41374523388171625 ) ) ;
#411 = CARTESIAN_POINT ( 'NONE',  ( 397.0729093287727665, -21.76300172262024191, -53.35606927762945872 ) ) ;
#412 = ORIENTED_EDGE ( 'NONE', *, *, #818, .T. ) ;
#413 = CARTESIAN_POINT ( 'NONE',  ( 397.3520336373359214, -14.42567488927609176, -46.96307155542847056 ) ) ;
#414 = CARTESIAN_POINT ( 'NONE',  ( 297.7398019627510735, -25.52358065794529907, -12.97412335695558028 ) ) ;
#415 = CARTESIAN_POINT ( 'NONE',  ( 371.9911554015924366, -23.28934523658414335, -36.65457340010600973 ) ) ;
#416 = ORIENTED_EDGE ( 'NONE', *, *, #1193, .F. ) ;
#417 = CARTESIAN_POINT ( 'NONE',  ( 388.7069709796928123, -16.24225362933836436, -46.10433589799328757 ) ) ;
#418 = VERTEX_POINT ( 'NONE', #869 ) ;
#419 = ORIENTED_EDGE ( 'NONE', *, *, #549, .F. ) ;
#420 = CIRCLE ( 'NONE', #2741, 3.149999999999997247 ) ;
#421 = B_SPLINE_CURVE_WITH_KNOTS ( 'NONE', 3,
 ( #1965, #197, #1299, #2219 ),
 .UNSPECIFIED., .F., .F.,
 ( 4, 4 ),
 ( 0.000000000000000000, 1.000000000000000000 ),
 .UNSPECIFIED. ) ;
#422 = DIRECTION ( 'NONE',  ( 0.04361938736532419009, 0.000000000000000000, 0.9990482215818583533 ) ) ;
#423 = EDGE_CURVE ( 'NONE', #1997, #550, #914, .T. ) ;
#424 = VECTOR ( 'NONE', #1757, 999.9999999999998863 ) ;
#425 = DIRECTION ( 'NONE',  ( 0.9990482215818580203, -3.157196726277788912E-16, -0.04361938736532973426 ) ) ;
#426 = CARTESIAN_POINT ( 'NONE',  ( 297.5404026580551431, -18.47641934208682102, -17.54111828224385050 ) ) ;
#427 = CARTESIAN_POINT ( 'NONE',  ( 397.1016479227800460, -19.24405962711595208, -52.69784725829122607 ) ) ;
#428 = CARTESIAN_POINT ( 'NONE',  ( 397.1699854870301465, -27.57811843950409170, -51.13265970855759690 ) ) ;
#429 = CARTESIAN_POINT ( 'NONE',  ( 297.7285394620382135, -18.32177950074975215, -13.23207703278420411 ) ) ;
#430 = CARTESIAN_POINT ( 'NONE',  ( 331.1936405410640987, -22.66780055163289731, -19.30058697037411264 ) ) ;
#431 = ORIENTED_EDGE ( 'NONE', *, *, #1163, .F. ) ;
#432 = CARTESIAN_POINT ( 'NONE',  ( 314.7103790975360198, -18.28177639006108635, -19.85531572916345056 ) ) ;
#433 = EDGE_LOOP ( 'NONE', ( #1448, #2167 ) ) ;
#434 = ORIENTED_EDGE ( 'NONE', *, *, #1905, .F. ) ;
#435 = CARTESIAN_POINT ( 'NONE',  ( 397.4866636548036354, -17.39319447491785908, -43.87953719956871623 ) ) ;
#436 = CARTESIAN_POINT ( 'NONE',  ( 297.5222308331469208, -17.79313840778031874, -17.95732149952330303 ) ) ;
#437 = CYLINDRICAL_SURFACE ( 'NONE', #96, 1.699999999999999067 ) ;
#438 = CARTESIAN_POINT ( 'NONE',  ( 397.4561719201873871, -27.96277230255991952, -44.57791274037850826 ) ) ;
#439 = CARTESIAN_POINT ( 'NONE',  ( 297.5407104292970644, -18.47183120659486022, -17.53406916187139686 ) ) ;
#440 = FACE_OUTER_BOUND ( 'NONE', #117, .T. ) ;
#441 = CARTESIAN_POINT ( 'NONE',  ( 331.1816916044701884, -22.05945940511208647, -19.20603325541948792 ) ) ;
#442 = EDGE_CURVE ( 'NONE', #1915, #1366, #1832, .T. ) ;
#443 = B_SPLINE_CURVE_WITH_KNOTS ( 'NONE', 3,
 ( #2903, #659, #2481, #2678 ),
 .UNSPECIFIED., .F., .F.,
 ( 4, 4 ),
 ( 0.000000000000000000, 1.000000000000000000 ),
 .UNSPECIFIED. ) ;
#444 = ORIENTED_EDGE ( 'NONE', *, *, #2267, .T. ) ;
#445 = CARTESIAN_POINT ( 'NONE',  ( 397.3404110808044720, -16.10856870175992839, -47.22927186529761912 ) ) ;
#446 = ORIENTED_EDGE ( 'NONE', *, *, #2189, .T. ) ;
#447 = FACE_OUTER_BOUND ( 'NONE', #1180, .T. ) ;
#448 = B_SPLINE_CURVE_WITH_KNOTS ( 'NONE', 3,
 ( #1817, #1398, #692, #1602 ),
 .UNSPECIFIED., .F., .F.,
 ( 4, 4 ),
 ( 0.3343257283414112768, 0.3354279237501878730 ),
 .UNSPECIFIED. ) ;
#449 = B_SPLINE_CURVE_WITH_KNOTS ( 'NONE', 3,
 ( #2781, #2845, #1626, #1230, #2354 ),
 .UNSPECIFIED., .F., .F.,
 ( 4, 1, 4 ),
 ( 0.6650181410688467132, 0.6653393060578018936, 0.6656604710467570740 ),
 .UNSPECIFIED. ) ;
#450 = CARTESIAN_POINT ( 'NONE',  ( 297.8237711924476230, -19.30371713230681863, -11.05091180671234596 ) ) ;
#451 = CARTESIAN_POINT ( 'NONE',  ( 398.3268832923671425, -22.00000000000000355, -47.56092923989914567 ) ) ;
#452 = DIRECTION ( 'NONE',  ( 0.000000000000000000, -0.9958796768431473767, -0.09068444878140963228 ) ) ;
#453 = ORIENTED_EDGE ( 'NONE', *, *, #687, .F. ) ;
#454 = CARTESIAN_POINT ( 'NONE',  ( 297.5404026580551431, -18.47641934208682102, -17.54111828224385050 ) ) ;
#455 = CARTESIAN_POINT ( 'NONE',  ( 397.1144857656877889, -18.79235460698962257, -52.40381231418386676 ) ) ;
#456 = CARTESIAN_POINT ( 'NONE',  ( 398.4402560965969542, -12.50000000000011724, -44.96426511225330103 ) ) ;
#457 = CARTESIAN_POINT ( 'NONE',  ( 297.5747201028042355, -25.92422352355895399, -16.75511957348478020 ) ) ;
#458 = EDGE_CURVE ( 'NONE', #2201, #2314, #356, .T. ) ;
#459 = FACE_OUTER_BOUND ( 'NONE', #1753, .T. ) ;
#460 = CARTESIAN_POINT ( 'NONE',  ( 331.1880133390860692, -17.74136835109611710, -22.43883641161589182 ) ) ;
#461 = VERTEX_POINT ( 'NONE', #429 ) ;
#462 = ORIENTED_EDGE ( 'NONE', *, *, #2217, .F. ) ;
#463 = CARTESIAN_POINT ( 'NONE',  ( 363.6577664678445672, -24.33631322187394730, -34.32325908413232440 ) ) ;
#464 = CIRCLE ( 'NONE', #1586, 1.699999999999999067 ) ;
#465 = PLANE ( 'NONE',  #1455 ) ;
#466 = FACE_OUTER_BOUND ( 'NONE', #786, .T. ) ;
#467 = CARTESIAN_POINT ( 'NONE',  ( 398.4553828461727676, -35.78284161824642950, -44.61780558645720163 ) ) ;
#468 = CONICAL_SURFACE ( 'NONE', #2076, 3.149999999999997247, 0.7853981633974492782 ) ;
#469 = ORIENTED_EDGE ( 'NONE', *, *, #1988, .F. ) ;
#470 = ORIENTED_EDGE ( 'NONE', *, *, #2793, .T. ) ;
#471 = DIRECTION ( 'NONE',  ( 0.04361938736532419009, 0.000000000000000000, 0.9990482215818583533 ) ) ;
#472 = DIRECTION ( 'NONE',  ( -0.04361938736533349514, 0.000000000000000000, -0.9990482215818577982 ) ) ;
#473 = FILL_AREA_STYLE_COLOUR ( '', #1034 ) ;
#474 = CARTESIAN_POINT ( 'NONE',  ( 380.0701637726500621, -26.86017551144391646, -47.99972557202998757 ) ) ;
#475 = EDGE_CURVE ( 'NONE', #584, #620, #1328, .T. ) ;
#476 = ORIENTED_EDGE ( 'NONE', *, *, #423, .F. ) ;
#477 = CARTESIAN_POINT ( 'NONE',  ( 397.4056028644868661, -16.37593855691679323, -45.73613453615169533 ) ) ;
#478 = ORIENTED_EDGE ( 'NONE', *, *, #687, .T. ) ;
#479 = CARTESIAN_POINT ( 'NONE',  ( 388.7458939349959337, -25.19285725061941505, -42.23712114218122338 ) ) ;
#480 = B_SPLINE_CURVE_WITH_KNOTS ( 'NONE', 3,
 ( #454, #439, #1352, #2262 ),
 .UNSPECIFIED., .F., .F.,
 ( 4, 4 ),
 ( 0.000000000000000000, 1.000000000000000000 ),
 .UNSPECIFIED. ) ;
#481 = CARTESIAN_POINT ( 'NONE',  ( 397.0766857013953199, -20.96440769379008628, -53.26957612445643520 ) ) ;
#482 = B_SPLINE_CURVE_WITH_KNOTS ( 'NONE', 3,
 ( #1618, #1831, #2042, #913, #2286 ),
 .UNSPECIFIED., .F., .F.,
 ( 4, 1, 4 ),
 ( 0.7500000000000000000, 0.7502275160563068868, 0.7504550321126137735 ),
 .UNSPECIFIED. ) ;
#483 = CARTESIAN_POINT ( 'NONE',  ( 297.8234346181047840, -19.29174230753809027, -11.05862062654689204 ) ) ;
#484 = DIRECTION ( 'NONE',  ( -0.04361938736532545297, 0.000000000000000000, -0.9990482215818581313 ) ) ;
#485 = CARTESIAN_POINT ( 'NONE',  ( 297.6468150784396585, -26.99763109824754537, -15.10387315431040811 ) ) ;
#486 = ORIENTED_EDGE ( 'NONE', *, *, #2917, .T. ) ;
#487 = CARTESIAN_POINT ( 'NONE',  ( 397.1702204357328583, -27.58160543459238312, -51.12727849855455986 ) ) ;
#488 = CARTESIAN_POINT ( 'NONE',  ( 397.0843688610865456, -18.38659219146773083, -53.09360283621675336 ) ) ;
#489 = CARTESIAN_POINT ( 'NONE',  ( 397.2162696671851450, -16.73973088178719948, -50.07257769768521882 ) ) ;
#490 = CARTESIAN_POINT ( 'NONE',  ( 297.6464320372054999, -26.19749238309088568, -15.11264624093234410 ) ) ;
#491 = DIRECTION ( 'NONE',  ( -0.04361938736532554317, 0.000000000000000000, -0.9990482215818581313 ) ) ;
#492 = CARTESIAN_POINT ( 'NONE',  ( 306.3147838831977765, -18.07577647644104601, -14.13601219373116180 ) ) ;
#493 = ORIENTED_EDGE ( 'NONE', *, *, #2089, .F. ) ;
#494 = CARTESIAN_POINT ( 'NONE',  ( 310.5616596267285558, -22.58075130888417448, -12.78237907624914271 ) ) ;
#495 = EDGE_CURVE ( 'NONE', #1724, #1528, #2377, .T. ) ;
#496 = CARTESIAN_POINT ( 'NONE',  ( 297.4979737633842092, -24.70268882140666022, -18.51289973826302315 ) ) ;
#497 = DIRECTION ( 'NONE',  ( 0.000000000000000000, 0.000000000000000000, 1.000000000000000000 ) ) ;
#498 = CARTESIAN_POINT ( 'NONE',  ( 397.4861538902626421, -16.42887892662252369, -43.89121272709643762 ) ) ;
#499 = DIRECTION ( 'NONE',  ( 0.04361938736532419009, 0.000000000000000000, 0.9990482215818583533 ) ) ;
#500 = ORIENTED_EDGE ( 'NONE', *, *, #2764, .F. ) ;
#501 = CARTESIAN_POINT ( 'NONE',  ( 397.5664750322071086, -25.78329092136836920, -42.05155612341810212 ) ) ;
#502 = CARTESIAN_POINT ( 'NONE',  ( 297.4570102641832250, -22.14511269377278069, -19.45111812000535068 ) ) ;
#503 = DIRECTION ( 'NONE',  ( 0.9990482215818580203, -1.396470906136659411E-17, -0.04361938736532944977 ) ) ;
#504 = CARTESIAN_POINT ( 'NONE',  ( 319.0152478243999781, -26.26031524300614706, -19.44785750814605763 ) ) ;
#505 = CARTESIAN_POINT ( 'NONE',  ( 297.8582003512124743, -21.99999997233912552, -10.26235442632774841 ) ) ;
#506 = CARTESIAN_POINT ( 'NONE',  ( 397.4273208590789750, -16.58867630192323261, -45.23871067983430549 ) ) ;
#507 = CARTESIAN_POINT ( 'NONE',  ( 355.5891552673761566, -17.63694752580330416, -32.68712038434142642 ) ) ;
#508 = ORIENTED_EDGE ( 'NONE', *, *, #1637, .F. ) ;
#509 = EDGE_CURVE ( 'NONE', #2762, #346, #214, .T. ) ;
#510 = CARTESIAN_POINT ( 'NONE',  ( 331.2852760077825565, -25.55402398469105307, -21.08256152545757445 ) ) ;
#511 = CARTESIAN_POINT ( 'NONE',  ( 306.2379846771316920, -23.22666880451210147, -20.14071629123922946 ) ) ;
#512 = CARTESIAN_POINT ( 'NONE',  ( 297.6333895422525302, -17.00236890183450100, -15.41136848750158705 ) ) ;
#513 = EDGE_CURVE ( 'NONE', #1429, #1765, #2919, .T. ) ;
#514 = CARTESIAN_POINT ( 'NONE',  ( 362.8166632264077407, -24.18728701169859008, -39.71671865990828110 ) ) ;
#515 = CARTESIAN_POINT ( 'NONE',  ( 397.2898351582391570, -28.61814221202374142, -48.38765093812610729 ) ) ;
#516 = CARTESIAN_POINT ( 'NONE',  ( 297.8233048382260790, -21.99999996724040585, -11.06159307446274376 ) ) ;
#517 = VECTOR ( 'NONE', #2422, 999.9999999999998863 ) ;
#518 = CARTESIAN_POINT ( 'NONE',  ( 371.8588845662988547, -26.42950649412707165, -45.36730421550292647 ) ) ;
#519 = EDGE_CURVE ( 'NONE', #1674, #302, #2659, .T. ) ;
#520 = AXIS2_PLACEMENT_3D ( 'NONE', #604, #2456, #2194 ) ;
#521 = CARTESIAN_POINT ( 'NONE',  ( 318.9551821147234705, -21.79048435506507886, -23.53466326749724047 ) ) ;
#522 = ORIENTED_EDGE ( 'NONE', *, *, #2051, .F. ) ;
#523 = CARTESIAN_POINT ( 'NONE',  ( 355.6135986395357236, -17.12152443431342519, -33.97243652862587737 ) ) ;
#524 = ORIENTED_EDGE ( 'NONE', *, *, #777, .F. ) ;
#525 = ORIENTED_EDGE ( 'NONE', *, *, #2709, .T. ) ;
#526 = CARTESIAN_POINT ( 'NONE',  ( 297.7579919410330831, -25.25838017461632035, -12.55750435905950546 ) ) ;
#527 = CARTESIAN_POINT ( 'NONE',  ( 397.0708544467543675, -21.71168760325318559, -53.40313381360597589 ) ) ;
#528 = CARTESIAN_POINT ( 'NONE',  ( 397.0728293143392307, -21.81217806955799787, -53.35790190945433409 ) ) ;
#529 = VERTEX_POINT ( 'NONE', #1489 ) ;
#530 = CARTESIAN_POINT ( 'NONE',  ( 362.7457621682398781, -25.16309436283367518, -40.14460812201818385 ) ) ;
#531 = CARTESIAN_POINT ( 'NONE',  ( 398.4402560965969542, -12.50000000000011724, -44.96426511225330103 ) ) ;
#532 =( NAMED_UNIT ( * ) SI_UNIT ( $, .STERADIAN. ) SOLID_ANGLE_UNIT ( ) );
#533 = CARTESIAN_POINT ( 'NONE',  ( 363.6762125052578085, -24.94718401729808122, -43.53124513056938838 ) ) ;
#534 = EDGE_CURVE ( 'NONE', #1915, #2060, #1869, .T. ) ;
#535 = CARTESIAN_POINT ( 'NONE',  ( 314.7556476123151583, -21.91716039768015989, -22.22895965214769731 ) ) ;
#536 = CARTESIAN_POINT ( 'NONE',  ( 297.5686323985610215, -18.06201026060010406, -16.89455092419851923 ) ) ;
#537 = CARTESIAN_POINT ( 'NONE',  ( 380.3466883374819076, -20.66553958843365635, -39.47839119470586411 ) ) ;
#538 = ORIENTED_EDGE ( 'NONE', *, *, #746, .T. ) ;
#539 = CARTESIAN_POINT ( 'NONE',  ( 388.6444138216048714, -27.27259893542419533, -44.49146561319432891 ) ) ;
#540 = CARTESIAN_POINT ( 'NONE',  ( 301.8966275584330674, -23.27216503970697659, -19.48827163956381625 ) ) ;
#541 = CARTESIAN_POINT ( 'NONE',  ( 397.6176319840475912, -22.26766151284130402, -40.87986929229051469 ) ) ;
#542 = CARTESIAN_POINT ( 'NONE',  ( 397.6021055162827906, -24.18728701169856876, -41.23548386977361702 ) ) ;
#543 = CARTESIAN_POINT ( 'NONE',  ( 397.5827407458785387, -22.24859827981198990, -41.67901003101231083 ) ) ;
#544 = LINE ( 'NONE', #789, #2129 ) ;
#545 = CARTESIAN_POINT ( 'NONE',  ( 323.1647905475113589, -25.56590937946251785, -23.23371301275865619 ) ) ;
#546 = CARTESIAN_POINT ( 'NONE',  ( 363.7292935697115581, -20.31262954087456052, -44.16320798719058160 ) ) ;
#547 = DIRECTION ( 'NONE',  ( 0.9990482215818581313, 0.000000000000000000, -0.04361938736532862404 ) ) ;
#548 = CARTESIAN_POINT ( 'NONE',  ( 372.0349789282196866, -19.80636131722052440, -36.96521408010992360 ) ) ;
#549 = EDGE_CURVE ( 'NONE', #1715, #1734, #2619, .T. ) ;
#550 = VERTEX_POINT ( 'NONE', #2486 ) ;
#551 = CARTESIAN_POINT ( 'NONE',  ( 355.6834953610295997, -19.43713119166988790, -39.64051485215365744 ) ) ;
#552 = CARTESIAN_POINT ( 'NONE',  ( 380.2132174253890184, -26.62945976454025399, -41.70373662752982824 ) ) ;
#553 = VERTEX_POINT ( 'NONE', #19 ) ;
#554 = CARTESIAN_POINT ( 'NONE',  ( 297.4235383958832699, -23.10301016724907797, -20.21774994401486936 ) ) ;
#555 = B_SPLINE_CURVE_WITH_KNOTS ( 'NONE', 3,
 ( #1452, #750, #987, #2102 ),
 .UNSPECIFIED., .F., .F.,
 ( 4, 4 ),
 ( 0.000000000000000000, 1.000000000000000000 ),
 .UNSPECIFIED. ) ;
#556 = CARTESIAN_POINT ( 'NONE',  ( 397.0353959981982257, -25.56791703618983647, -54.21526580604717083 ) ) ;
#557 = LINE ( 'NONE', #2828, #562 ) ;
#558 = DIRECTION ( 'NONE',  ( 0.9990482215818581313, 0.000000000000000000, -0.04361938736532862404 ) ) ;
#559 = CARTESIAN_POINT ( 'NONE',  ( 339.5361731184769383, -24.40901425895670585, -31.48723346093026976 ) ) ;
#560 = AXIS2_PLACEMENT_3D ( 'NONE', #22, #2026, #1584 ) ;
#561 = CARTESIAN_POINT ( 'NONE',  ( 397.3167867850349921, -28.64432743805324222, -47.77035719684711523 ) ) ;
#562 = VECTOR ( 'NONE', #788, 1000.000000000000114 ) ;
#563 = CARTESIAN_POINT ( 'NONE',  ( 397.5416060166474495, -25.19285725061942571, -42.62115022521784624 ) ) ;
#564 = CARTESIAN_POINT ( 'NONE',  ( 322.9235731032318881, -18.17959182973956800, -18.72052692228798776 ) ) ;
#565 = AXIS2_PLACEMENT_3D ( 'NONE', #1714, #558, #323 ) ;
#566 = ORIENTED_EDGE ( 'NONE', *, *, #2267, .F. ) ;
#567 = CARTESIAN_POINT ( 'NONE',  ( 355.6847214695366688, -18.88387106862328935, -39.25098168624418804 ) ) ;
#568 = CARTESIAN_POINT ( 'NONE',  ( 323.0351684578242839, -24.50724823259831808, -17.15142556027557319 ) ) ;
#569 = ORIENTED_EDGE ( 'NONE', *, *, #2469, .F. ) ;
#570 = EDGE_CURVE ( 'NONE', #1424, #1225, #1692, .T. ) ;
#571 = PLANE ( 'NONE',  #1038 ) ;
#572 = VERTEX_POINT ( 'NONE', #2299 ) ;
#573 = CARTESIAN_POINT ( 'NONE',  ( 397.5708439588507872, -25.62955165424138215, -41.95149125187322880 ) ) ;
#574 = CARTESIAN_POINT ( 'NONE',  ( 397.5416060166474495, -25.19285725061942571, -42.62115022521784624 ) ) ;
#575 = DIRECTION ( 'NONE',  ( -0.04361938736532554317, 0.000000000000000000, -0.9990482215818581313 ) ) ;
#576 = CARTESIAN_POINT ( 'NONE',  ( 297.5151416525073387, -25.06996869679388240, -18.11969043082396524 ) ) ;
#577 = CARTESIAN_POINT ( 'NONE',  ( 297.5122678159896736, -17.09833034611034464, -18.18551210864899659 ) ) ;
#578 = CARTESIAN_POINT ( 'NONE',  ( 398.0368519692109999, -22.00000000000000355, -54.20373866494739445 ) ) ;
#579 = CARTESIAN_POINT ( 'NONE',  ( 388.8221700813897996, -19.35580120903051693, -41.86832243682875543 ) ) ;
#580 = ORIENTED_EDGE ( 'NONE', *, *, #383, .T. ) ;
#581 = CARTESIAN_POINT ( 'NONE',  ( 306.2869667625778334, -21.00994085121401511, -19.75824048735236360 ) ) ;
#582 = CARTESIAN_POINT ( 'NONE',  ( 323.1069372568947529, -26.09384699044649025, -19.38742173985190931 ) ) ;
#583 = ADVANCED_FACE ( 'NONE', ( #2756 ), #1580, .F. ) ;
#584 = VERTEX_POINT ( 'NONE', #689 ) ;
#585 = CARTESIAN_POINT ( 'NONE',  ( 397.5708439588505030, -25.62955165425191595, -41.95149125188008554 ) ) ;
#586 = B_SPLINE_CURVE_WITH_KNOTS ( 'NONE', 3,
 ( #2918, #868, #1773, #1144 ),
 .UNSPECIFIED., .F., .F.,
 ( 4, 4 ),
 ( 0.9266147147887134894, 1.000000000000000000 ),
 .UNSPECIFIED. ) ;
#587 = EDGE_CURVE ( 'NONE', #867, #164, #655, .T. ) ;
#588 = CARTESIAN_POINT ( 'NONE',  ( 397.8950137545302255, -22.00000000000000711, -57.45236788202642231 ) ) ;
#589 = PRODUCT ( 'motor mount', 'motor mount', '', ( #2292 ) ) ;
#590 = CARTESIAN_POINT ( 'NONE',  ( 398.3557973400054379, -34.04771902119393445, -46.89868867173586864 ) ) ;
#591 = FACE_OUTER_BOUND ( 'NONE', #1955, .T. ) ;
#592 = CARTESIAN_POINT ( 'NONE',  ( 332.4564482683965707, -18.38044236673318821, -12.69619729665747343 ) ) ;
#593 = CARTESIAN_POINT ( 'NONE',  ( 397.3174138258105472, -28.64483084511072875, -47.75599560193307980 ) ) ;
#594 = CARTESIAN_POINT ( 'NONE',  ( 347.4115683902692240, -19.28136363013416599, -27.38010826513051654 ) ) ;
#595 = B_SPLINE_CURVE_WITH_KNOTS ( 'NONE', 3,
 ( #1148, #2727, #1804, #57 ),
 .UNSPECIFIED., .F., .F.,
 ( 4, 4 ),
 ( 0.000000000000000000, 1.000000000000000000 ),
 .UNSPECIFIED. ) ;
#596 = ORIENTED_EDGE ( 'NONE', *, *, #2438, .T. ) ;
#597 = CARTESIAN_POINT ( 'NONE',  ( 323.0543531402145732, -19.49041796214661204, -24.30607883935336133 ) ) ;
#598 = CARTESIAN_POINT ( 'NONE',  ( 306.3840476030314903, -25.83952981629435897, -14.34989386421182367 ) ) ;
#599 = VERTEX_POINT ( 'NONE', #67 ) ;
#600 = CARTESIAN_POINT ( 'NONE',  ( 297.4316626473300857, -20.31516053297465874, -20.03167399361950274 ) ) ;
#601 = ADVANCED_FACE ( 'NONE', ( #440 ), #2738, .T. ) ;
#602 = CARTESIAN_POINT ( 'NONE',  ( 297.4568997825824113, -22.00000003275958704, -19.45364856468724923 ) ) ;
#603 = CARTESIAN_POINT ( 'NONE',  ( 297.6473633923338866, -26.99723214851561082, -15.09131470142913223 ) ) ;
#604 = CARTESIAN_POINT ( 'NONE',  ( 397.8950137545302823, -22.00000000000000711, -57.45236788202641520 ) ) ;
#605 = CARTESIAN_POINT ( 'NONE',  ( 297.8582769768120215, -21.96514316516726595, -10.26059941156207778 ) ) ;
#606 = CARTESIAN_POINT ( 'NONE',  ( 297.7388766478757134, -25.53727418674429117, -12.99531655191954727 ) ) ;
#607 = CARTESIAN_POINT ( 'NONE',  ( 347.4014473239803920, -20.97662331370024802, -26.63392395564856940 ) ) ;
#608 = EDGE_CURVE ( 'NONE', #1871, #1897, #2760, .T. ) ;
#609 = CIRCLE ( 'NONE', #1, 1.699999999999999067 ) ;
#610 = AXIS2_PLACEMENT_3D ( 'NONE', #2471, #234, #249 ) ;
#611 = ORIENTED_EDGE ( 'NONE', *, *, #2921, .T. ) ;
#612 = CARTESIAN_POINT ( 'NONE',  ( 380.1519919642556715, -18.34773133106054743, -49.48199456884697867 ) ) ;
#613 = CARTESIAN_POINT ( 'NONE',  ( 314.8365871985292301, -26.14116048037567097, -16.90537791391729883 ) ) ;
#614 = AXIS2_PLACEMENT_3D ( 'NONE', #807, #1680, #1933 ) ;
#615 = CIRCLE ( 'NONE', #2078, 1.699999999999999067 ) ;
#616 = ORIENTED_EDGE ( 'NONE', *, *, #1899, .T. ) ;
#617 = CARTESIAN_POINT ( 'NONE',  ( 398.4402560965969542, -31.50000000000011724, -44.96426511225330813 ) ) ;
#618 = DIRECTION ( 'NONE',  ( 0.9990482215818581313, -3.157196726277788912E-16, -0.04361938736532973426 ) ) ;
#619 = CARTESIAN_POINT ( 'NONE',  ( 297.4220042695958455, -22.00000002766087803, -20.25288721282224813 ) ) ;
#620 = VERTEX_POINT ( 'NONE', #2055 ) ;
#621 = CARTESIAN_POINT ( 'NONE',  ( 397.0728964640924232, -21.77073475701266503, -53.35636392724942567 ) ) ;
#622 = CARTESIAN_POINT ( 'NONE',  ( 397.1690064866033367, -26.60680552564539525, -51.15508250480394281 ) ) ;
#623 = CARTESIAN_POINT ( 'NONE',  ( 398.3661031380759141, -12.50000000000011724, -46.66264708894245672 ) ) ;
#624 = CARTESIAN_POINT ( 'NONE',  ( 306.4093516374645674, -20.72783496029301986, -11.59568759964820295 ) ) ;
#625 = EDGE_CURVE ( 'NONE', #330, #302, #2446, .T. ) ;
#626 = ORIENTED_EDGE ( 'NONE', *, *, #549, .T. ) ;
#627 = CARTESIAN_POINT ( 'NONE',  ( 355.6778408476801587, -17.62501934128234637, -37.75845441010704917 ) ) ;
#628 = B_SPLINE_CURVE_WITH_KNOTS ( 'NONE', 3,
 ( #2632, #1322, #180, #1059 ),
 .UNSPECIFIED., .F., .F.,
 ( 4, 4 ),
 ( 0.5854279237539670167, 0.6649826925260052812 ),
 .UNSPECIFIED. ) ;
#629 = CARTESIAN_POINT ( 'NONE',  ( 339.4408736063492711, -26.59347162429390821, -27.38668809184274977 ) ) ;
#630 = ORIENTED_EDGE ( 'NONE', *, *, #1207, .T. ) ;
#631 = CARTESIAN_POINT ( 'NONE',  ( 398.4402560965969542, -31.50000000000011724, -44.96426511225330813 ) ) ;
#632 = B_SPLINE_CURVE_WITH_KNOTS ( 'NONE', 3,
 ( #1161, #736, #721, #1630 ),
 .UNSPECIFIED., .F., .F.,
 ( 4, 4 ),
 ( 0.000000000000000000, 1.000000000000000000 ),
 .UNSPECIFIED. ) ;
#633 = CARTESIAN_POINT ( 'NONE',  ( 297.8580690320959548, -21.82724679312955374, -10.26536212858642294 ) ) ;
#634 = CARTESIAN_POINT ( 'NONE',  ( 297.6470891853279568, -26.99743782018884275, -15.09759507440500848 ) ) ;
#635 = DIRECTION ( 'NONE',  ( 0.04361938736531432992, 0.000000000000000000, 0.9990482215818586864 ) ) ;
#636 = VERTEX_POINT ( 'NONE', #37 ) ;
#637 = CARTESIAN_POINT ( 'NONE',  ( 297.8582006161645950, -22.23872874914239972, -10.26234835792770639 ) ) ;
#638 = CARTESIAN_POINT ( 'NONE',  ( 397.0843688610865456, -18.38659219146773083, -53.09360283621675336 ) ) ;
#639 = CARTESIAN_POINT ( 'NONE',  ( 339.2735955093800726, -21.83895371724927159, -22.88222148067837836 ) ) ;
#640 = ORIENTED_EDGE ( 'NONE', *, *, #642, .F. ) ;
#641 = CARTESIAN_POINT ( 'NONE',  ( 297.5222126797753504, -18.74161982538367255, -17.95773728009049464 ) ) ;
#642 = EDGE_CURVE ( 'NONE', #1997, #286, #1233, .T. ) ;
#643 = VERTEX_POINT ( 'NONE', #225 ) ;
#644 = FACE_OUTER_BOUND ( 'NONE', #316, .T. ) ;
#645 = CARTESIAN_POINT ( 'NONE',  ( 297.5219697690321823, -17.79699948177894342, -17.96330085080163386 ) ) ;
#646 = CARTESIAN_POINT ( 'NONE',  ( 400.0698439223638161, -22.00000000000000355, -53.49173886241680265 ) ) ;
#647 = DIRECTION ( 'NONE',  ( -0.04361938736532345456, 0.000000000000000000, -0.9990482215818582423 ) ) ;
#648 = FACE_BOUND ( 'NONE', #797, .T. ) ;
#649 = LINE ( 'NONE', #2183, #1316 ) ;
#650 = CARTESIAN_POINT ( 'NONE',  ( 397.5608731768430175, -24.51486026653756767, -42.17985970531496065 ) ) ;
#651 = VERTEX_POINT ( 'NONE', #1801 ) ;
#652 = CARTESIAN_POINT ( 'NONE',  ( 388.6819247746361725, -16.10856870175993194, -46.85123418900992931 ) ) ;
#653 = AXIS2_PLACEMENT_3D ( 'NONE', #1572, #2303, #255 ) ;
#654 = ORIENTED_EDGE ( 'NONE', *, *, #2921, .F. ) ;
#655 = CIRCLE ( 'NONE', #1216, 4.200000000000000178 ) ;
#656 = CARTESIAN_POINT ( 'NONE',  ( 388.6977071318717663, -26.42414037434438256, -43.23350049487375202 ) ) ;
#657 = VECTOR ( 'NONE', #1143, 1000.000000000000114 ) ;
#658 = ADVANCED_FACE ( 'NONE', ( #1615 ), #1394, .F. ) ;
#659 = CARTESIAN_POINT ( 'NONE',  ( 297.4570275799060255, -22.15627315075461112, -19.45072152474797988 ) ) ;
#660 = CARTESIAN_POINT ( 'NONE',  ( 314.8041837844737074, -21.94348576925833072, -22.00795996370671048 ) ) ;
#661 = PLANE ( 'NONE',  #988 ) ;
#662 = CIRCLE ( 'NONE', #285, 6.649137931034488247 ) ;
#663 = B_SPLINE_CURVE_WITH_KNOTS ( 'NONE', 3,
 ( #1799, #1566, #1810, #235, #1339 ),
 .UNSPECIFIED., .F., .F.,
 ( 4, 1, 4 ),
 ( 0.2500000000000000000, 0.2502275160426687961, 0.2504550320853375367 ),
 .UNSPECIFIED. ) ;
#664 = CARTESIAN_POINT ( 'NONE',  ( 277.8772348155936811, -22.00000000000000000, -9.389991964359134968 ) ) ;
#665 = LINE ( 'NONE', #2474, #1695 ) ;
#666 = CARTESIAN_POINT ( 'NONE',  ( 355.5262923274556783, -22.60449811287379873, -30.17003027439886864 ) ) ;
#667 = ORIENTED_EDGE ( 'NONE', *, *, #2505, .T. ) ;
#668 = CARTESIAN_POINT ( 'NONE',  ( 397.2431824988757398, -16.43291554851909453, -49.45617251039860207 ) ) ;
#669 = ORIENTED_EDGE ( 'NONE', *, *, #2621, .T. ) ;
#670 = ORIENTED_EDGE ( 'NONE', *, *, #2268, .T. ) ;
#671 = CARTESIAN_POINT ( 'NONE',  ( 314.7622484106202592, -23.22744838802315925, -13.85005384647782378 ) ) ;
#672 = CARTESIAN_POINT ( 'NONE',  ( 297.5224921035521675, -17.78928331787351169, -17.95133742342412120 ) ) ;
#673 = CARTESIAN_POINT ( 'NONE',  ( 397.4859193828572188, -16.42537635209642488, -43.89658382973146900 ) ) ;
#674 = DIRECTION ( 'NONE',  ( -0.6755902076156644620, 0.000000000000000000, 0.7372773368101201985 ) ) ;
#675 = EDGE_CURVE ( 'NONE', #36, #1613, #665, .T. ) ;
#676 = ORIENTED_EDGE ( 'NONE', *, *, #2876, .F. ) ;
#677 = CARTESIAN_POINT ( 'NONE',  ( 297.8580690320959548, -21.82724679312763882, -10.26536212858649222 ) ) ;
#678 = CARTESIAN_POINT ( 'NONE',  ( 397.5291898146980429, -25.62977412835456192, -42.90552800367137820 ) ) ;
#679 = CARTESIAN_POINT ( 'NONE',  ( 297.6717878446442000, -26.17739620962969838, -14.53190277206382497 ) ) ;
#680 = CARTESIAN_POINT ( 'NONE',  ( 398.3028550263961733, -31.50000000000011724, -48.11126701023616903 ) ) ;
#681 = CARTESIAN_POINT ( 'NONE',  ( 347.5156503120203411, -17.25461693331092405, -31.78550255556063320 ) ) ;
#682 = ORIENTED_EDGE ( 'NONE', *, *, #1996, .F. ) ;
#683 = CARTESIAN_POINT ( 'NONE',  ( 310.5503146040397837, -21.99437069301205838, -12.78268540396491559 ) ) ;
#684 = CARTESIAN_POINT ( 'NONE',  ( 397.0987150311219125, -24.57317975137166144, -52.76502152121187805 ) ) ;
#685 = CARTESIAN_POINT ( 'NONE',  ( 397.3174138258105472, -28.64483084511072875, -47.75599560193307980 ) ) ;
#686 = CARTESIAN_POINT ( 'NONE',  ( 397.0380135783886999, -21.74671157952834832, -54.15531336305920718 ) ) ;
#687 = EDGE_CURVE ( 'NONE', #334, #2874, #1188, .T. ) ;
#688 = CARTESIAN_POINT ( 'NONE',  ( 332.6945227079987717, -21.41653891830274148, -11.81178626387049846 ) ) ;
#689 = CARTESIAN_POINT ( 'NONE',  ( 400.3641995812395749, -12.50000000000011724, -46.74988586367311427 ) ) ;
#690 = DIRECTION ( 'NONE',  ( 0.04361938736531432992, 0.000000000000000000, 0.9990482215818586864 ) ) ;
#691 = CARTESIAN_POINT ( 'NONE',  ( 397.2181384065526117, -27.34253505677767748, -50.02977652933888919 ) ) ;
#692 = CARTESIAN_POINT ( 'NONE',  ( 297.5345897879343511, -26.37591048524275195, -17.67425489664865523 ) ) ;
#693 = CARTESIAN_POINT ( 'NONE',  ( 380.3365001257661220, -17.14332736416935887, -42.05340435964487966 ) ) ;
#694 = B_SPLINE_CURVE_WITH_KNOTS ( 'NONE', 3,
 ( #1643, #2602, #116, #773 ),
 .UNSPECIFIED., .F., .F.,
 ( 4, 4 ),
 ( 0.7500000000000000000, 0.7505700522041851563 ),
 .UNSPECIFIED. ) ;
#695 = ORIENTED_EDGE ( 'NONE', *, *, #2811, .F. ) ;
#696 = CARTESIAN_POINT ( 'NONE',  ( 331.1936405410640987, -22.66780055163289731, -19.30058697037411264 ) ) ;
#697 = AXIS2_PLACEMENT_3D ( 'NONE', #456, #1174, #2087 ) ;
#698 = CARTESIAN_POINT ( 'NONE',  ( 347.6003422537149845, -23.02645147409243620, -36.15663554338787833 ) ) ;
#699 = B_SPLINE_CURVE_WITH_KNOTS ( 'NONE', 3,
 ( #935, #1113, #1130, #1100 ),
 .UNSPECIFIED., .F., .F.,
 ( 4, 4 ),
 ( 0.000000000000000000, 1.000000000000000000 ),
 .UNSPECIFIED. ) ;
#700 = CARTESIAN_POINT ( 'NONE',  ( 277.4759364518326379, -22.00000000000000000, -18.58123560291222987 ) ) ;
#701 = CARTESIAN_POINT ( 'NONE',  ( 397.4854497055708293, -16.41839456431792499, -43.90734120818214592 ) ) ;
#702 = CARTESIAN_POINT ( 'NONE',  ( 297.6065417016056358, -27.02612905834036994, -16.02628513516098252 ) ) ;
#703 = ORIENTED_EDGE ( 'NONE', *, *, #333, .F. ) ;
#704 = CARTESIAN_POINT ( 'NONE',  ( 398.6157218523542269, -21.39759577606991670, -40.94543858060732333 ) ) ;
#705 = AXIS2_PLACEMENT_3D ( 'NONE', #730, #497, #1625 ) ;
#706 = CARTESIAN_POINT ( 'NONE',  ( 397.1418209130270611, -17.96323718488271481, -51.77773450829605650 ) ) ;
#707 = CARTESIAN_POINT ( 'NONE',  ( 398.4402560965969542, -12.50000000000011724, -44.96426511225330103 ) ) ;
#708 = CARTESIAN_POINT ( 'NONE',  ( 388.4428724715036765, -26.90082412594383854, -50.32528304609100900 ) ) ;
#709 = CARTESIAN_POINT ( 'NONE',  ( 397.4480475013690466, -16.81452717311438150, -44.76399252421320085 ) ) ;
#710 = CARTESIAN_POINT ( 'NONE',  ( 372.0433759636977129, -17.21317812243684386, -39.39926215229297668 ) ) ;
#711 = EDGE_CURVE ( 'NONE', #1852, #1166, #984, .T. ) ;
#712 = ORIENTED_EDGE ( 'NONE', *, *, #2261, .T. ) ;
#713 = CARTESIAN_POINT ( 'NONE',  ( 297.4487496141542238, -19.60094469787606997, -19.64031811155053830 ) ) ;
#714 = CARTESIAN_POINT ( 'NONE',  ( 310.5197336157630161, -23.65196602679384696, -20.92065672902855766 ) ) ;
#715 = CARTESIAN_POINT ( 'NONE',  ( 277.6591378787670692, -22.00000000000000000, -14.38523307226842540 ) ) ;
#716 = CARTESIAN_POINT ( 'NONE',  ( 397.0380381573355066, -21.73233848358014342, -54.15475041262399003 ) ) ;
#717 = ORIENTED_EDGE ( 'NONE', *, *, #2655, .T. ) ;
#718 = ORIENTED_EDGE ( 'NONE', *, *, #355, .F. ) ;
#719 = CARTESIAN_POINT ( 'NONE',  ( 297.5122678159896736, -17.09833034611034464, -18.18551210864899659 ) ) ;
#720 = CARTESIAN_POINT ( 'NONE',  ( 397.5416060166474495, -25.19285725061942571, -42.62115022521784624 ) ) ;
#721 = CARTESIAN_POINT ( 'NONE',  ( 297.4582863087238138, -22.90454444657432020, -19.42189189501696944 ) ) ;
#722 = CARTESIAN_POINT ( 'NONE',  ( 347.5297064056285308, -26.73198207926528625, -32.24348801725234637 ) ) ;
#723 = VERTEX_POINT ( 'NONE', #2588 ) ;
#724 = CARTESIAN_POINT ( 'NONE',  ( 297.6832880839296536, -17.88083485492553848, -14.26850398771950879 ) ) ;
#725 = B_SPLINE_SURFACE_WITH_KNOTS ( 'NONE', 3, 3, ( 
 ( #399, #2421, #357, #1760 ),
 ( #605, #2447, #1253, #2669 ),
 ( #637, #810, #1731, #1702 ),
 ( #2223, #138, #2868, #1516 ),
 ( #2638, #1313, #2195, #1270 ),
 ( #2432, #185, #1716, #1503 ),
 ( #1077, #2164, #1993, #385 ),
 ( #1287, #1980, #1529, #1967 ),
 ( #1302, #2850, #2906, #2611 ),
 ( #169, #1033, #2625, #1051 ),
 ( #577, #1063, #2407, #413 ),
 ( #201, #2208, #156, #1488 ),
 ( #1937, #592, #1092, #2880 ),
 ( #1476, #1951, #840, #2394 ),
 ( #369, #826, #1746, #2656 ),
 ( #1103, #688, #897, #2053 ),
 ( #2681, #2694, #909, #1598 ),
 ( #2036, #1826, #2496, #1800 ) ),
 .UNSPECIFIED., .T., .F., .F.,
 ( 4, 1, 1, 1, 1, 2, 2, 2, 1, 1, 1, 1, 4 ),
 ( 4, 4 ),
 ( 0.000000000000000000, 0.01249999999999995559, 0.02499999999999991118, 0.03750000000000008882, 0.05000000000000004441, 0.2500000000000000000, 0.5000000000000000000, 0.7500000000000000000, 0.9499999999999999556, 0.9625000000000000222, 0.9749999999999999778, 0.9875000000000000444, 1.000000000000000000 ),
 ( 0.000000000000000000, 1.000000000000000000 ),
 .UNSPECIFIED. ) ;
#726 = ORIENTED_EDGE ( 'NONE', *, *, #1156, .T. ) ;
#727 = EDGE_CURVE ( 'NONE', #723, #1547, #1228, .T. ) ;
#728 = CARTESIAN_POINT ( 'NONE',  ( 318.9657759626661004, -25.53264015520841923, -16.77272899455598676 ) ) ;
#729 = CARTESIAN_POINT ( 'NONE',  ( 297.4738540539607357, -23.76635370134625092, -19.06533190799220279 ) ) ;
#730 = CARTESIAN_POINT ( 'NONE',  ( 0.000000000000000000, 0.000000000000000000, 0.000000000000000000 ) ) ;
#731 = CARTESIAN_POINT ( 'NONE',  ( 297.8314550066543234, -24.39905530212303120, -10.87492352759886494 ) ) ;
#732 = EDGE_LOOP ( 'NONE', ( #1110, #931 ) ) ;
#733 = EDGE_LOOP ( 'NONE', ( #2886, #2323, #1158, #2871 ) ) ;
#734 = CARTESIAN_POINT ( 'NONE',  ( 397.5421916325831262, -26.49085403702492769, -42.60773741512531387 ) ) ;
#735 = CARTESIAN_POINT ( 'NONE',  ( 397.3155329534682210, -28.64316879667140725, -47.79907466108733871 ) ) ;
#736 = CARTESIAN_POINT ( 'NONE',  ( 297.4683296105093291, -23.63848958324056682, -19.19186246559029030 ) ) ;
#737 = CARTESIAN_POINT ( 'NONE',  ( 331.3847087124119071, -26.43769340150738856, -23.76226914599693529 ) ) ;
#738 = CARTESIAN_POINT ( 'NONE',  ( 339.5159595544407125, -20.91901348340320510, -32.05193579461499098 ) ) ;
#739 = DIRECTION ( 'NONE',  ( 0.9990482215818581313, 0.000000000000000000, -0.04361938736532862404 ) ) ;
#740 = CARTESIAN_POINT ( 'NONE',  ( 322.9680491758458061, -17.73337142500724184, -21.53467879255683215 ) ) ;
#741 = ORIENTED_EDGE ( 'NONE', *, *, #855, .T. ) ;
#742 = CARTESIAN_POINT ( 'NONE',  ( 371.9248719459858989, -26.30706336165728132, -38.66042406542551646 ) ) ;
#743 = CARTESIAN_POINT ( 'NONE',  ( 297.4838698729539033, -24.26054236298552524, -18.83593193799784515 ) ) ;
#744 = AXIS2_PLACEMENT_3D ( 'NONE', #779, #97, #2106 ) ;
#745 = CARTESIAN_POINT ( 'NONE',  ( 297.5152177726759533, -18.85094134817691014, -18.11794699232762795 ) ) ;
#746 = EDGE_CURVE ( 'NONE', #809, #1115, #5, .T. ) ;
#747 = CIRCLE ( 'NONE', #2414, 4.999999999999999112 ) ;
#748 = CARTESIAN_POINT ( 'NONE',  ( 297.8501328812308202, -20.62991790962606586, -10.44712986735863147 ) ) ;
#749 = CARTESIAN_POINT ( 'NONE',  ( 397.3174973510356836, -27.84432192459059152, -47.75408255975614225 ) ) ;
#750 = CARTESIAN_POINT ( 'NONE',  ( 297.7281700879184427, -18.31711517084391261, -13.24053709101631071 ) ) ;
#751 = CARTESIAN_POINT ( 'NONE',  ( 388.4111710135406383, -25.90329122678410911, -51.55635507943352280 ) ) ;
#752 = CARTESIAN_POINT ( 'NONE',  ( 371.9106798106704446, -20.70825654623623535, -47.45427891993472258 ) ) ;
#753 = DIRECTION ( 'NONE',  ( -0.04361938736533216288, 0.000000000000000000, -0.9990482215818579093 ) ) ;
#754 = CARTESIAN_POINT ( 'NONE',  ( 347.4176250075532835, -18.79122942228823590, -27.76938201173418008 ) ) ;
#755 = ORIENTED_EDGE ( 'NONE', *, *, #355, .T. ) ;
#756 = CARTESIAN_POINT ( 'NONE',  ( 302.1261149602503338, -24.86479626250398667, -12.38059095134358678 ) ) ;
#757 = CARTESIAN_POINT ( 'NONE',  ( 380.0886215525936223, -21.14724407730906464, -50.67774321639566892 ) ) ;
#758 =( NAMED_UNIT ( * ) SI_UNIT ( $, .STERADIAN. ) SOLID_ANGLE_UNIT ( ) );
#759 = CARTESIAN_POINT ( 'NONE',  ( 397.0379916200811294, -21.76108685646148544, -54.15581629098546301 ) ) ;
#760 = ORIENTED_EDGE ( 'NONE', *, *, #1460, .T. ) ;
#761 = CARTESIAN_POINT ( 'NONE',  ( 332.6945227079987717, -21.41653891830274148, -11.81178626387049846 ) ) ;
#762 = CARTESIAN_POINT ( 'NONE',  ( 297.5253751249421157, -25.34600416796946121, -17.88530537743067939 ) ) ;
#763 = DIRECTION ( 'NONE',  ( 0.04361938736532419009, 0.000000000000000000, 0.9990482215818583533 ) ) ;
#764 = EDGE_CURVE ( 'NONE', #286, #1166, #1478, .T. ) ;
#765 = CARTESIAN_POINT ( 'NONE',  ( 397.0978475353022077, -24.64419879096945110, -52.78489044207746872 ) ) ;
#766 = CARTESIAN_POINT ( 'NONE',  ( 397.1140641247296799, -18.80714274938055297, -52.41346947983718962 ) ) ;
#767 = LINE ( 'NONE', #1477, #1496 ) ;
#768 = CARTESIAN_POINT ( 'NONE',  ( 339.2661489594046884, -20.09648444474022710, -23.30070368463367814 ) ) ;
#769 = ORIENTED_EDGE ( 'NONE', *, *, #2469, .T. ) ;
#770 = CARTESIAN_POINT ( 'NONE',  ( 388.5707452356817271, -16.72740106457581177, -49.78168493312310972 ) ) ;
#771 = CARTESIAN_POINT ( 'NONE',  ( 347.4248489143614051, -25.60816424943903513, -28.17883069235714544 ) ) ;
#772 = ORIENTED_EDGE ( 'NONE', *, *, #2831, .F. ) ;
#773 = CARTESIAN_POINT ( 'NONE',  ( 297.6333895422525302, -17.00236890183450100, -15.41136848750158705 ) ) ;
#774 = CARTESIAN_POINT ( 'NONE',  ( 332.7996880595812854, -27.09235982966006873, -19.38035857671396300 ) ) ;
#775 = CARTESIAN_POINT ( 'NONE',  ( 399.8086514411025405, -19.45228097880607976, -59.47403021623978958 ) ) ;
#776 = CARTESIAN_POINT ( 'NONE',  ( 339.5311406584074803, -25.34746761630952250, -30.76026442704755937 ) ) ;
#777 = EDGE_CURVE ( 'NONE', #1333, #244, #1900, .T. ) ;
#778 = CARTESIAN_POINT ( 'NONE',  ( 380.1341104589778297, -19.01984243842430544, -49.89632572930279508 ) ) ;
#779 = CARTESIAN_POINT ( 'NONE',  ( 400.4383525397606149, -12.50000000000011724, -45.05150388698395858 ) ) ;
#780 = CARTESIAN_POINT ( 'NONE',  ( 339.2756165615494979, -18.65980172596812992, -24.33902951085052635 ) ) ;
#781 = ORIENTED_EDGE ( 'NONE', *, *, #1106, .F. ) ;
#782 = CARTESIAN_POINT ( 'NONE',  ( 297.4604268503194362, -21.00994085121401156, -19.37286543216360712 ) ) ;
#783 = CARTESIAN_POINT ( 'NONE',  ( 318.9532790030722822, -25.16715016199925614, -16.36378209075442669 ) ) ;
#784 = ORIENTED_EDGE ( 'NONE', *, *, #1460, .F. ) ;
#785 = CARTESIAN_POINT ( 'NONE',  ( 397.6176060237669958, -22.28203324000375929, -40.88046388047320079 ) ) ;
#786 = EDGE_LOOP ( 'NONE', ( #493, #741, #2327, #392, #206, #886, #769, #1483, #2280, #524, #263, #476, #1961, #2044, #2557 ) ) ;
#787 = CARTESIAN_POINT ( 'NONE',  ( 297.4489882008685981, -19.59099687084513164, -19.63485357737675230 ) ) ;
#788 = DIRECTION ( 'NONE',  ( 0.9990482215818580203, -1.396470906136659411E-17, -0.04361938736532944977 ) ) ;
#789 = CARTESIAN_POINT ( 'NONE',  ( 398.3028550263961733, -12.50000000000011724, -48.11126701023615482 ) ) ;
#790 = CARTESIAN_POINT ( 'NONE',  ( 363.6701154021965863, -25.46187982934262806, -43.07666282473655883 ) ) ;
#791 = CARTESIAN_POINT ( 'NONE',  ( 397.1217773173366936, -25.48785720937467048, -52.23680832473734625 ) ) ;
#792 = AXIS2_PLACEMENT_3D ( 'NONE', #1539, #2430, #1498 ) ;
#793 = CARTESIAN_POINT ( 'NONE',  ( 400.5125054982816550, -31.50000000000011724, -43.35312191029480289 ) ) ;
#794 = CARTESIAN_POINT ( 'NONE',  ( 397.5841669360864898, -21.52581827116456026, -41.64634490485988039 ) ) ;
#795 = EDGE_CURVE ( 'NONE', #1667, #115, #2134, .T. ) ;
#796 = CONICAL_SURFACE ( 'NONE', #1453, 3.149999999999997247, 0.7853981633974488341 ) ;
#797 = EDGE_LOOP ( 'NONE', ( #1030, #1865 ) ) ;
#798 = CARTESIAN_POINT ( 'NONE',  ( 388.4709768279143987, -18.80714274938054942, -52.03610413881770569 ) ) ;
#799 = VECTOR ( 'NONE', #1989, 999.9999999999998863 ) ;
#800 = CARTESIAN_POINT ( 'NONE',  ( 347.5110013815943262, -26.79549303412832728, -31.60816248718583665 ) ) ;
#801 = EDGE_CURVE ( 'NONE', #1765, #2054, #1648, .T. ) ;
#802 = VERTEX_POINT ( 'NONE', #322 ) ;
#803 = VERTEX_POINT ( 'NONE', #1903 ) ;
#804 = CARTESIAN_POINT ( 'NONE',  ( 398.4402560965968974, -12.50000000000000178, -44.96426511225318023 ) ) ;
#805 = CARTESIAN_POINT ( 'NONE',  ( 297.4221087036237918, -22.15389414064226159, -20.25049528033193269 ) ) ;
#806 = DIRECTION ( 'NONE',  ( 0.04361938736531432992, 0.000000000000000000, 0.9990482215818586864 ) ) ;
#807 = CARTESIAN_POINT ( 'NONE',  ( 398.3268832923671425, -22.00000000000000355, -47.56092923989914567 ) ) ;
#808 = CARTESIAN_POINT ( 'NONE',  ( 347.5931636794642827, -24.72613561782263503, -35.40739143705223313 ) ) ;
#809 = VERTEX_POINT ( 'NONE', #1887 ) ;
#810 = CARTESIAN_POINT ( 'NONE',  ( 332.7512915494156118, -22.23872874914239972, -11.78581360906563269 ) ) ;
#811 = CARTESIAN_POINT ( 'NONE',  ( 297.8233048382260790, -21.99999996724040585, -11.06159307446274376 ) ) ;
#812 = CARTESIAN_POINT ( 'NONE',  ( 314.6842415760856397, -18.33900772966926596, -15.54377152688342356 ) ) ;
#813 = ORIENTED_EDGE ( 'NONE', *, *, #1232, .F. ) ;
#814 = CARTESIAN_POINT ( 'NONE',  ( 380.1710696901163260, -17.79539826033481376, -48.95304113450562511 ) ) ;
#815 = CARTESIAN_POINT ( 'NONE',  ( 314.8300344907711974, -25.93806631241382732, -16.39362183637766890 ) ) ;
#816 = EDGE_CURVE ( 'NONE', #2701, #2736, #2599, .T. ) ;
#817 = UNCERTAINTY_MEASURE_WITH_UNIT (LENGTH_MEASURE( 1.000000000000000082E-05 ), #1016, 'distance_accuracy_value', 'NONE');
#818 = EDGE_CURVE ( 'NONE', #1960, #103, #420, .T. ) ;
#819 = EDGE_LOOP ( 'NONE', ( #1970, #2372 ) ) ;
#820 = DIRECTION ( 'NONE',  ( 0.9990482215818581313, -3.157196726277788912E-16, -0.04361938736532973426 ) ) ;
#821 = EDGE_CURVE ( 'NONE', #2238, #2618, #1764, .T. ) ;
#822 = CARTESIAN_POINT ( 'NONE',  ( 362.7192500520116027, -25.47581238711438090, -40.32958217703470893 ) ) ;
#823 = CARTESIAN_POINT ( 'NONE',  ( 397.4854497055708293, -16.41839456431792499, -43.90734120818214592 ) ) ;
#824 = ORIENTED_EDGE ( 'NONE', *, *, #727, .F. ) ;
#825 = CARTESIAN_POINT ( 'NONE',  ( 397.1141342621392596, -18.80467466629172790, -52.41186306904923242 ) ) ;
#826 = CARTESIAN_POINT ( 'NONE',  ( 332.6652391987417445, -21.01751097001511326, -11.87351053989180727 ) ) ;
#827 = CARTESIAN_POINT ( 'NONE',  ( 397.2006916586001921, -16.02382788205240871, -50.42937275402896091 ) ) ;
#828 = CARTESIAN_POINT ( 'NONE',  ( 355.5222980885902757, -23.26991703405251144, -30.29353865517672872 ) ) ;
#829 = ORIENTED_EDGE ( 'NONE', *, *, #2177, .F. ) ;
#830 = CARTESIAN_POINT ( 'NONE',  ( 314.7788714765294458, -20.79872799375870329, -21.87153883976181845 ) ) ;
#831 = B_SPLINE_CURVE_WITH_KNOTS ( 'NONE', 3,
 ( #487, #428, #923, #2737 ),
 .UNSPECIFIED., .F., .F.,
 ( 4, 4 ),
 ( 0.000000000000000000, 1.000000000000000000 ),
 .UNSPECIFIED. ) ;
#832 = CARTESIAN_POINT ( 'NONE',  ( 297.6955933700638184, -26.04095715421958701, -13.98666659909712351 ) ) ;
#833 = VERTEX_POINT ( 'NONE', #775 ) ;
#834 = ORIENTED_EDGE ( 'NONE', *, *, #1344, .F. ) ;
#835 = CARTESIAN_POINT ( 'NONE',  ( 297.4220042695958455, -22.00000002766087803, -20.25288721282224813 ) ) ;
#836 = CARTESIAN_POINT ( 'NONE',  ( 397.6178588368968576, -22.00000041396379302, -40.87467350781896158 ) ) ;
#837 = CARTESIAN_POINT ( 'NONE',  ( 398.5792641005735391, -12.21008369256729154, -41.78045837981558464 ) ) ;
#838 = FACE_OUTER_BOUND ( 'NONE', #1331, .T. ) ;
#839 = EDGE_CURVE ( 'NONE', #2912, #2672, #1571, .T. ) ;
#840 = CARTESIAN_POINT ( 'NONE',  ( 362.8166632264077407, -24.18728701169859008, -39.71671865990828110 ) ) ;
#841 = CARTESIAN_POINT ( 'NONE',  ( 297.5224921035521675, -17.78928331787351169, -17.95133742342412120 ) ) ;
#842 = CARTESIAN_POINT ( 'NONE',  ( 347.4006956211991337, -21.59917461438089248, -26.58002491659359734 ) ) ;
#843 = AXIS2_PLACEMENT_3D ( 'NONE', #864, #1770, #2679 ) ;
#844 = EDGE_LOOP ( 'NONE', ( #1927, #2336, #1945, #2521 ) ) ;
#845 = CARTESIAN_POINT ( 'NONE',  ( 388.5988699644403255, -16.43291554851910163, -49.07875367434935043 ) ) ;
#846 = CARTESIAN_POINT ( 'NONE',  ( 355.5428922149056916, -26.85063689014812383, -33.89466976743584326 ) ) ;
#847 = AXIS2_PLACEMENT_3D ( 'NONE', #2515, #2298, #471 ) ;
#848 = ORIENTED_EDGE ( 'NONE', *, *, #1037, .F. ) ;
#849 = ORIENTED_EDGE ( 'NONE', *, *, #1963, .T. ) ;
#850 = CARTESIAN_POINT ( 'NONE',  ( 297.7772566092332340, -18.02841786032140448, -12.11627091523651956 ) ) ;
#851 = ORIENTED_EDGE ( 'NONE', *, *, #926, .T. ) ;
#852 = CARTESIAN_POINT ( 'NONE',  ( 400.5380262657123467, -2.297674479191657237, -42.76860023644647413 ) ) ;
#853 = DIRECTION ( 'NONE',  ( -0.04361938736533349514, 0.000000000000000000, -0.9990482215818577982 ) ) ;
#854 = CARTESIAN_POINT ( 'NONE',  ( 397.0729293954985337, -21.75140172019012752, -53.35560967404291688 ) ) ;
#855 = EDGE_CURVE ( 'NONE', #2514, #2690, #557, .T. ) ;
#856 = CARTESIAN_POINT ( 'NONE',  ( 397.1517539497592679, -26.26448349924799075, -51.55023056379683766 ) ) ;
#857 = CARTESIAN_POINT ( 'NONE',  ( 297.7394941915098912, -25.52816879342626066, -12.98117247731134150 ) ) ;
#858 = CARTESIAN_POINT ( 'NONE',  ( 322.9462408239174351, -20.65270983821983464, -16.59795293499451674 ) ) ;
#859 = ORIENTED_EDGE ( 'NONE', *, *, #2776, .T. ) ;
#860 = CARTESIAN_POINT ( 'NONE',  ( 363.7703267325314300, -17.02030392191658947, -40.76811444368613024 ) ) ;
#861 = VERTEX_POINT ( 'NONE', #1664 ) ;
#862 = CARTESIAN_POINT ( 'NONE',  ( 362.7056262925153192, -25.62955165424136084, -40.42924297385075505 ) ) ;
#863 = CARTESIAN_POINT ( 'NONE',  ( 297.5217086191335056, -17.80085614894572998, -17.96928216686023916 ) ) ;
#864 = CARTESIAN_POINT ( 'NONE',  ( 399.8931101976939431, -22.00000000000000711, -57.53960665675707986 ) ) ;
#865 = DIRECTION ( 'NONE',  ( 0.9990482215818581313, 0.000000000000000000, -0.04361938736532862404 ) ) ;
#866 = ORIENTED_EDGE ( 'NONE', *, *, #1940, .T. ) ;
#867 = VERTEX_POINT ( 'NONE', #1697 ) ;
#868 = CARTESIAN_POINT ( 'NONE',  ( 397.6178663936395878, -22.07965516543898943, -40.87450042995440214 ) ) ;
#869 = CARTESIAN_POINT ( 'NONE',  ( 397.5572847870255941, -19.44229779019755000, -42.26204734439242827 ) ) ;
#870 = CARTESIAN_POINT ( 'NONE',  ( 297.8063505668476978, -20.23364629865374553, -11.44990973115779198 ) ) ;
#871 = ORIENTED_EDGE ( 'NONE', *, *, #777, .T. ) ;
#872 = CARTESIAN_POINT ( 'NONE',  ( 347.5322654711461610, -17.30395947869665108, -32.40265632285324671 ) ) ;
#873 = B_SPLINE_CURVE_WITH_KNOTS ( 'NONE', 3,
 ( #1114, #1351, #541, #967 ),
 .UNSPECIFIED., .F., .F.,
 ( 4, 4 ),
 ( 0.000000000000000000, 1.000000000000000000 ),
 .UNSPECIFIED. ) ;
#874 = ORIENTED_EDGE ( 'NONE', *, *, #2123, .T. ) ;
#875 = VERTEX_POINT ( 'NONE', #1249 ) ;
#876 = ORIENTED_EDGE ( 'NONE', *, *, #2764, .T. ) ;
#877 = CARTESIAN_POINT ( 'NONE',  ( 347.4099133779965314, -24.68016895966567503, -27.34933617176063692 ) ) ;
#878 = ORIENTED_EDGE ( 'NONE', *, *, #1996, .T. ) ;
#879 = LINE ( 'NONE', #700, #799 ) ;
#880 = CARTESIAN_POINT ( 'NONE',  ( 297.4570102641832250, -22.14511269377278069, -19.45111812000534712 ) ) ;
#881 = CARTESIAN_POINT ( 'NONE',  ( 399.4177866343450205, -22.00000000000000711, -55.81723401701698606 ) ) ;
#882 = LINE ( 'NONE', #704, #896 ) ;
#883 = CARTESIAN_POINT ( 'NONE',  ( 397.0848261825248073, -18.37044834580861519, -53.08312845321437123 ) ) ;
#884 = CARTESIAN_POINT ( 'NONE',  ( 388.7864382505933349, -23.78287221567299881, -41.51496501062883482 ) ) ;
#885 = VECTOR ( 'NONE', #1035, 1000.000000000000114 ) ;
#886 = ORIENTED_EDGE ( 'NONE', *, *, #2816, .F. ) ;
#887 = CARTESIAN_POINT ( 'NONE',  ( 297.5630550440809543, -18.18866136172265158, -17.02229334358950297 ) ) ;
#888 = EDGE_CURVE ( 'NONE', #405, #1986, #1609, .T. ) ;
#889 = AXIS2_PLACEMENT_3D ( 'NONE', #1728, #2666, #1311 ) ;
#890 = ORIENTED_EDGE ( 'NONE', *, *, #1763, .F. ) ;
#891 = EDGE_CURVE ( 'NONE', #1066, #1359, #2007, .T. ) ;
#892 = CARTESIAN_POINT ( 'NONE',  ( 306.3737956560196949, -22.48895834239943170, -11.84656667144640352 ) ) ;
#893 = CARTESIAN_POINT ( 'NONE',  ( 397.5764838655260860, -18.52613207301652309, -41.82231615166796246 ) ) ;
#894 = DIRECTION ( 'NONE',  ( 0.000000000000000000, 0.6047180252011740142, 0.7964396461733884713 ) ) ;
#895 = CARTESIAN_POINT ( 'NONE',  ( 297.5354569878697930, -26.38687262266114786, -17.65439275263791430 ) ) ;
#896 = VECTOR ( 'NONE', #2282, 1000.000000000000114 ) ;
#897 = CARTESIAN_POINT ( 'NONE',  ( 362.7457621682398781, -25.16309436283367518, -40.14460812201818385 ) ) ;
#898 = CARTESIAN_POINT ( 'NONE',  ( 277.6591378787670692, -22.00000000000000000, -14.38523307226842540 ) ) ;
#899 = CARTESIAN_POINT ( 'NONE',  ( 297.7577125172562660, -26.21071668212699635, -12.56390421572671379 ) ) ;
#900 = CARTESIAN_POINT ( 'NONE',  ( 380.0918486154722018, -27.52102847095271088, -46.60473374757752651 ) ) ;
#901 = CARTESIAN_POINT ( 'NONE',  ( 397.0380641176159884, -21.71796675670471899, -54.15415582444396847 ) ) ;
#902 = CARTESIAN_POINT ( 'NONE',  ( 363.7714450551892469, -16.80829663675304531, -40.12724381680020258 ) ) ;
#903 = ORIENTED_EDGE ( 'NONE', *, *, #27, .F. ) ;
#904 = CARTESIAN_POINT ( 'NONE',  ( 347.4029341578855679, -23.49550531045728974, -26.80750770010324047 ) ) ;
#905 = CARTESIAN_POINT ( 'NONE',  ( 397.2942661402227031, -27.82168970547006737, -48.28616476562886106 ) ) ;
#906 = PLANE ( 'NONE',  #1168 ) ;
#907 = DIRECTION ( 'NONE',  ( 0.9990482215818581313, -3.157196726277788912E-16, -0.04361938736532973426 ) ) ;
#908 = EDGE_LOOP ( 'NONE', ( #1848, #1605, #1437, #470 ) ) ;
#909 = CARTESIAN_POINT ( 'NONE',  ( 362.7192500520116027, -25.47581238711438090, -40.32958217703470893 ) ) ;
#910 = CARTESIAN_POINT ( 'NONE',  ( 339.5159595341842760, -20.91901348443997577, -32.05193578477674521 ) ) ;
#911 = CARTESIAN_POINT ( 'NONE',  ( 297.7258331638682307, -26.67998688627853809, -13.29406145156801422 ) ) ;
#912 = CARTESIAN_POINT ( 'NONE',  ( 323.1622949970181935, -25.82233670506328238, -22.73513787078107384 ) ) ;
#913 = CARTESIAN_POINT ( 'NONE',  ( 397.4676432483789199, -17.10722767624161733, -44.31517612895522973 ) ) ;
#914 = B_SPLINE_CURVE_WITH_KNOTS ( 'NONE', 3,
 ( #157, #1774, #2448, #1994, #1288 ),
 .UNSPECIFIED., .F., .F.,
 ( 4, 1, 4 ),
 ( 0.08433952896505328423, 0.08481612125306528527, 0.08529271354107728631 ),
 .UNSPECIFIED. ) ;
#915 = CARTESIAN_POINT ( 'NONE',  ( 380.3464681384489836, -17.55300795656318869, -41.38017841609079994 ) ) ;
#916 = ORIENTED_EDGE ( 'NONE', *, *, #2687, .T. ) ;
#917 = CARTESIAN_POINT ( 'NONE',  ( 355.5156466922137497, -25.10759977199249704, -31.22060805860391142 ) ) ;
#918 = CARTESIAN_POINT ( 'NONE',  ( 301.9081868839959384, -23.76635370134625092, -19.25893906052167992 ) ) ;
#919 = CARTESIAN_POINT ( 'NONE',  ( 397.5879275455398556, -19.05780256851200605, -41.56021278762363380 ) ) ;
#920 = CARTESIAN_POINT ( 'NONE',  ( 397.8105549979388229, -19.45228097880607976, -59.38679144150913203 ) ) ;
#921 = CARTESIAN_POINT ( 'NONE',  ( 398.4402560965969542, -12.50000000000011724, -44.96426511225330103 ) ) ;
#922 = ORIENTED_EDGE ( 'NONE', *, *, #14, .T. ) ;
#923 = CARTESIAN_POINT ( 'NONE',  ( 397.1697507584968321, -27.57462364756073825, -51.13803587585335464 ) ) ;
#924 = CARTESIAN_POINT ( 'NONE',  ( 331.4081770890622920, -21.33148011320266590, -28.11477317187776848 ) ) ;
#925 = CARTESIAN_POINT ( 'NONE',  ( 297.7943960433733537, -19.73554046863489120, -11.72371333405999927 ) ) ;
#926 = EDGE_CURVE ( 'NONE', #1150, #2201, #2338, .T. ) ;
#927 = CARTESIAN_POINT ( 'NONE',  ( 306.3607807874258810, -26.20600810203720599, -15.97905596867886935 ) ) ;
#928 = ORIENTED_EDGE ( 'NONE', *, *, #1487, .T. ) ;
#929 = CARTESIAN_POINT ( 'NONE',  ( 339.3295730242219292, -17.56510151512808804, -26.47864140951064726 ) ) ;
#930 = B_SPLINE_CURVE_WITH_KNOTS ( 'NONE', 3,
 ( #409, #2146, #2205, #602 ),
 .UNSPECIFIED., .F., .F.,
 ( 4, 4 ),
 ( 0.000000000000000000, 0.06460836402013754587 ),
 .UNSPECIFIED. ) ;
#931 = ORIENTED_EDGE ( 'NONE', *, *, #2702, .F. ) ;
#932 = CARTESIAN_POINT ( 'NONE',  ( 347.4051100486992709, -24.12692441165344093, -27.01883013894813246 ) ) ;
#933 = AXIS2_PLACEMENT_3D ( 'NONE', #278, #1145, #238 ) ;
#934 = CARTESIAN_POINT ( 'NONE',  ( 319.0074799537683248, -24.47287671863731262, -22.78807410476188622 ) ) ;
#935 = CARTESIAN_POINT ( 'NONE',  ( 397.4561719201873871, -27.96277230255991952, -44.57791274037850826 ) ) ;
#936 = EDGE_LOOP ( 'NONE', ( #1171, #2537, #2367, #291 ) ) ;
#937 = CARTESIAN_POINT ( 'NONE',  ( 355.5191636512760169, -23.91266175106338920, -30.56320974749081643 ) ) ;
#938 = AXIS2_PLACEMENT_3D ( 'NONE', #1236, #1918, #2829 ) ;
#939 = CARTESIAN_POINT ( 'NONE',  ( 397.5259288209429087, -26.86788805375762834, -42.98021704009049415 ) ) ;
#940 = AXIS2_PLACEMENT_3D ( 'NONE', #1159, #2235, #213 ) ;
#941 = CARTESIAN_POINT ( 'NONE',  ( 306.3064650674875793, -22.14511269377278779, -19.83749366094381017 ) ) ;
#942 = B_SPLINE_CURVE_WITH_KNOTS ( 'NONE', 3,
 ( #1312, #427, #2221, #1991, #2680, #2905 ),
 .UNSPECIFIED., .F., .F.,
 ( 4, 2, 4 ),
 ( 0.000000000000000000, 0.5000000000000000000, 1.000000000000000000 ),
 .UNSPECIFIED. ) ;
#943 = CARTESIAN_POINT ( 'NONE',  ( 297.7398019627510735, -25.52358065794529907, -12.97412335695558028 ) ) ;
#944 = CARTESIAN_POINT ( 'NONE',  ( 371.8598815908933375, -25.95170247529403440, -45.92644118902068584 ) ) ;
#945 = ADVANCED_FACE ( 'NONE', ( #79 ), #2878, .T. ) ;
#946 = CARTESIAN_POINT ( 'NONE',  ( 397.5571741623129469, -19.43714700354760083, -42.26458106687281457 ) ) ;
#947 = CARTESIAN_POINT ( 'NONE',  ( 347.4990351528945212, -17.20527438792519703, -31.16834878826801969 ) ) ;
#948 = EDGE_CURVE ( 'NONE', #1765, #154, #232, .T. ) ;
#949 = ORIENTED_EDGE ( 'NONE', *, *, #14, .F. ) ;
#950 = CARTESIAN_POINT ( 'NONE',  ( 306.3904332033948776, -24.05843725791492105, -12.35767480188473932 ) ) ;
#951 = CARTESIAN_POINT ( 'NONE',  ( 310.5309526486277605, -24.15712589560020618, -20.70497434292308725 ) ) ;
#952 = B_SPLINE_CURVE_WITH_KNOTS ( 'NONE', 3,
 ( #2379, #2803, #344, #1239 ),
 .UNSPECIFIED., .F., .F.,
 ( 4, 4 ),
 ( 0.000000000000000000, 1.000000000000000000 ),
 .UNSPECIFIED. ) ;
#953 = CARTESIAN_POINT ( 'NONE',  ( 297.6325669213551350, -17.00298525822507756, -15.43020960367185346 ) ) ;
#954 = ORIENTED_EDGE ( 'NONE', *, *, #1859, .F. ) ;
#955 = CARTESIAN_POINT ( 'NONE',  ( 297.4262944830343827, -24.93068064766491077, -20.15462517007522436 ) ) ;
#956 = CARTESIAN_POINT ( 'NONE',  ( 363.7380652593886907, -19.65736064612054079, -43.83391996024406723 ) ) ;
#957 = CARTESIAN_POINT ( 'NONE',  ( 397.3180032756480955, -27.84478513799325228, -47.74249498105027101 ) ) ;
#958 = CARTESIAN_POINT ( 'NONE',  ( 380.0604101767725069, -26.45091158078152560, -48.67379892599599600 ) ) ;
#959 = CARTESIAN_POINT ( 'NONE',  ( 397.0825169560362724, -20.21712778432698343, -53.13601843530690161 ) ) ;
#960 = CARTESIAN_POINT ( 'NONE',  ( 277.6591378787670692, -22.00000000000000000, -14.38523307226842540 ) ) ;
#961 = CARTESIAN_POINT ( 'NONE',  ( 331.2048011242000598, -17.65180075211589994, -23.04233120689426428 ) ) ;
#962 = ORIENTED_EDGE ( 'NONE', *, *, #2811, .T. ) ;
#963 = CARTESIAN_POINT ( 'NONE',  ( 310.5880979550161101, -24.14600197726130304, -13.33113496594660496 ) ) ;
#964 = EDGE_CURVE ( 'NONE', #1657, #86, #387, .T. ) ;
#965 = CARTESIAN_POINT ( 'NONE',  ( 363.6889598040153260, -23.70681220673337819, -44.10088496014061121 ) ) ;
#966 = VERTEX_POINT ( 'NONE', #823 ) ;
#967 = CARTESIAN_POINT ( 'NONE',  ( 397.6176060237669958, -22.28203324000375929, -40.88046388047320079 ) ) ;
#968 = EDGE_LOOP ( 'NONE', ( #12, #446, #1022, #1107 ) ) ;
#969 = ORIENTED_EDGE ( 'NONE', *, *, #1069, .T. ) ;
#970 = CARTESIAN_POINT ( 'NONE',  ( 363.0398746707472242, -18.03144215635667535, -39.92508398087181831 ) ) ;
#971 = DIRECTION ( 'NONE',  ( 0.03472810715108626961, -0.6050832675335577893, 0.7954044241293956041 ) ) ;
#972 = FACE_OUTER_BOUND ( 'NONE', #1687, .T. ) ;
#973 = CARTESIAN_POINT ( 'NONE',  ( 339.4633985480151068, -26.58029931651358169, -27.99758915481083932 ) ) ;
#974 = CARTESIAN_POINT ( 'NONE',  ( 397.3155329534682210, -28.64316879667140725, -47.79907466108733871 ) ) ;
#975 = DIRECTION ( 'NONE',  ( 0.03472810715108665125, 0.6050832675335577893, 0.7954044241293956041 ) ) ;
#976 = CARTESIAN_POINT ( 'NONE',  ( 363.7558789744736032, -16.96552565431458603, -37.40088592899871145 ) ) ;
#977 = EDGE_LOOP ( 'NONE', ( #874, #2198, #2294, #2663, #1491, #1894, #1125, #2240, #1276, #1321, #1745, #1587, #1049, #2441, #469, #174, #859, #1012, #1901, #755, #478, #2660, #1984, #849, #24, #2558, #726 ) ) ;
#978 = B_SPLINE_CURVE_WITH_KNOTS ( 'NONE', 3,
 ( #266, #2487, #2757, #239 ),
 .UNSPECIFIED., .F., .F.,
 ( 4, 4 ),
 ( 0.000000000000000000, 1.000000000000000000 ),
 .UNSPECIFIED. ) ;
#979 = CARTESIAN_POINT ( 'NONE',  ( 380.1744376711579321, -27.36224580926777250, -42.98302631425978149 ) ) ;
#980 = CARTESIAN_POINT ( 'NONE',  ( 331.4352560026824221, -23.09593511353112660, -28.02732283471696917 ) ) ;
#981 = CONICAL_SURFACE ( 'NONE', #2788, 3.149999999999997247, 0.7853981633974488341 ) ;
#982 = CARTESIAN_POINT ( 'NONE',  ( 397.0727068285273731, -21.99999952866702557, -53.36070729577144078 ) ) ;
#983 = CIRCLE ( 'NONE', #1743, 1.699999999999999067 ) ;
#984 = B_SPLINE_CURVE_WITH_KNOTS ( 'NONE', 3,
 ( #1117, #2560, #1629, #1199, #543 ),
 .UNSPECIFIED., .F., .F.,
 ( 4, 1, 4 ),
 ( 0.9150181410291544637, 0.9153393060379760859, 0.9156604710467977082 ),
 .UNSPECIFIED. ) ;
#985 = CARTESIAN_POINT ( 'NONE',  ( 332.6652391987417445, -21.01751097001511326, -11.87351053989180727 ) ) ;
#986 = DIRECTION ( 'NONE',  ( -0.6755902076156644620, 0.000000000000000000, 0.7372773368101201985 ) ) ;
#987 = CARTESIAN_POINT ( 'NONE',  ( 297.7283549196189938, -18.31944132721966412, -13.23630374908140794 ) ) ;
#988 = AXIS2_PLACEMENT_3D ( 'NONE', #1556, #2178, #1048 ) ;
#989 = CARTESIAN_POINT ( 'NONE',  ( 397.1163521566217582, -25.27374500887678366, -52.36106493381112159 ) ) ;
#990 = CARTESIAN_POINT ( 'NONE',  ( 347.5982577736494363, -20.50027511247267142, -35.98178729194656711 ) ) ;
#991 = DIRECTION ( 'NONE',  ( 0.9990482215818580203, -1.396470906136659411E-17, -0.04361938736532944977 ) ) ;
#992 = CARTESIAN_POINT ( 'NONE',  ( 397.5706678838731136, -20.05929021644104893, -41.95552403187950574 ) ) ;
#993 = VERTEX_POINT ( 'NONE', #1514 ) ;
#994 = CARTESIAN_POINT ( 'NONE',  ( 306.2957926267665698, -21.56381595921777361, -19.85714301090628098 ) ) ;
#995 = CARTESIAN_POINT ( 'NONE',  ( 331.2671310416920960, -25.22370788688346011, -20.62243029314013398 ) ) ;
#996 = ADVANCED_FACE ( 'NONE', ( #366 ), #1075, .T. ) ;
#997 = ORIENTED_EDGE ( 'NONE', *, *, #32, .F. ) ;
#998 = CARTESIAN_POINT ( 'NONE',  ( 297.7447476329385267, -17.61312737733720368, -12.86084888651486935 ) ) ;
#999 = CARTESIAN_POINT ( 'NONE',  ( 297.7438769837457357, -26.92073867146669741, -12.88079003149611879 ) ) ;
#1000 = CARTESIAN_POINT ( 'NONE',  ( 398.0324148247310632, -22.00000000000000711, -54.30536598404356141 ) ) ;
#1001 = CARTESIAN_POINT ( 'NONE',  ( 398.6157218523542269, -21.39759577606991670, -40.94543858060732333 ) ) ;
#1002 = CARTESIAN_POINT ( 'NONE',  ( 347.5798598493321947, -25.61900206266243174, -34.54053433322295064 ) ) ;
#1003 = DIRECTION ( 'NONE',  ( 0.04361938736531432992, 0.000000000000000000, 0.9990482215818586864 ) ) ;
#1004 = CARTESIAN_POINT ( 'NONE',  ( 297.6006466357582667, -17.83176168558182795, -16.16130434122132442 ) ) ;
#1005 = CARTESIAN_POINT ( 'NONE',  ( 322.9256087056502338, -19.20743550777346798, -17.41887564107343067 ) ) ;
#1006 = ORIENTED_EDGE ( 'NONE', *, *, #458, .T. ) ;
#1007 = CARTESIAN_POINT ( 'NONE',  ( 323.0401762108137973, -19.05513770651291594, -23.94620260213440588 ) ) ;
#1008 = CARTESIAN_POINT ( 'NONE',  ( 397.4124876425012758, -27.56708445148090192, -45.57844719465644090 ) ) ;
#1009 = B_SPLINE_CURVE_WITH_KNOTS ( 'NONE', 3,
 ( #1197, #1215, #1914, #2114, #1245 ),
 .UNSPECIFIED., .F., .F.,
 ( 4, 1, 4 ),
 ( 0.9087756202016133988, 0.9118968806153839868, 0.9150181410291544637 ),
 .UNSPECIFIED. ) ;
#1010 = ORIENTED_EDGE ( 'NONE', *, *, #2735, .T. ) ;
#1011 = DIRECTION ( 'NONE',  ( 0.04361938736531432992, 0.000000000000000000, 0.9990482215818586864 ) ) ;
#1012 = ORIENTED_EDGE ( 'NONE', *, *, #2387, .T. ) ;
#1013 = EDGE_CURVE ( 'NONE', #2314, #723, #421, .T. ) ;
#1014 = CYLINDRICAL_SURFACE ( 'NONE', #1320, 3.200000000000005507 ) ;
#1015 = CARTESIAN_POINT ( 'NONE',  ( 397.0479253906050303, -24.01085599802034309, -53.92829553989684399 ) ) ;
#1016 =( LENGTH_UNIT ( ) NAMED_UNIT ( * ) SI_UNIT ( .MILLI., .METRE. ) );
#1017 = CARTESIAN_POINT ( 'NONE',  ( 388.4035696386265499, -25.27374500887677655, -51.98065663371868794 ) ) ;
#1018 = EDGE_CURVE ( 'NONE', #36, #1535, #1088, .T. ) ;
#1019 = CARTESIAN_POINT ( 'NONE',  ( 397.5885120372976189, -19.08516282099346029, -41.54682572543894992 ) ) ;
#1020 = CARTESIAN_POINT ( 'NONE',  ( 399.8931101976939431, -22.00000000000000711, -57.53960665675707276 ) ) ;
#1021 = CARTESIAN_POINT ( 'NONE',  ( 314.7056940085845440, -19.42869285401886970, -14.32565649487138515 ) ) ;
#1022 = ORIENTED_EDGE ( 'NONE', *, *, #1073, .F. ) ;
#1023 = CARTESIAN_POINT ( 'NONE',  ( 297.4774333185244473, -19.99220835127654894, -18.98335327158891417 ) ) ;
#1024 = CARTESIAN_POINT ( 'NONE',  ( 319.0096572215240371, -26.28810535953914140, -18.85710710218862118 ) ) ;
#1025 = VERTEX_POINT ( 'NONE', #590 ) ;
#1026 = CARTESIAN_POINT ( 'NONE',  ( 397.8950137545302823, -22.00000000000000711, -57.45236788202641520 ) ) ;
#1027 = CARTESIAN_POINT ( 'NONE',  ( 297.8581561685456904, -21.88503042194883719, -10.26336637577118083 ) ) ;
#1028 = DIRECTION ( 'NONE',  ( -0.9990482215818580203, -0.000000000000000000, 0.04361938736532974120 ) ) ;
#1029 = EDGE_CURVE ( 'NONE', #1627, #1910, #2301, .T. ) ;
#1030 = ORIENTED_EDGE ( 'NONE', *, *, #32, .T. ) ;
#1031 = DIRECTION ( 'NONE',  ( -0.7372773368101190883, 8.659560562354942719E-17, -0.6755902076156655722 ) ) ;
#1032 = CARTESIAN_POINT ( 'NONE',  ( 314.8279294344882828, -25.33663087760297472, -20.65362730270353708 ) ) ;
#1033 = CARTESIAN_POINT ( 'NONE',  ( 332.2187754816750953, -19.41482576607980803, -21.86456954007377362 ) ) ;
#1034 = COLOUR_RGB ( '',0.7921568627450980005, 0.8196078431372548767, 0.9333333333333333481 ) ;
#1035 = DIRECTION ( 'NONE',  ( 0.9990482215818580203, -1.396470906136659411E-17, -0.04361938736532944977 ) ) ;
#1036 = CARTESIAN_POINT ( 'NONE',  ( 339.2858065449635205, -18.31289066158365841, -24.82265003106058998 ) ) ;
#1037 = EDGE_CURVE ( 'NONE', #2722, #1835, #1653, .T. ) ;
#1038 = AXIS2_PLACEMENT_3D ( 'NONE', #1929, #1405, #1183 ) ;
#1039 = ORIENTED_EDGE ( 'NONE', *, *, #102, .T. ) ;
#1040 = CARTESIAN_POINT ( 'NONE',  ( 363.7380652917607904, -19.65736064452906007, -43.83391997503955650 ) ) ;
#1041 = CARTESIAN_POINT ( 'NONE',  ( 397.2500672768901495, -27.62406144308320322, -49.29848516890336185 ) ) ;
#1042 = EDGE_CURVE ( 'NONE', #154, #1765, #2127, .T. ) ;
#1043 = ORIENTED_EDGE ( 'NONE', *, *, #2928, .T. ) ;
#1044 = CARTESIAN_POINT ( 'NONE',  ( 397.5879275455398556, -19.05780256851200605, -41.56021278762363380 ) ) ;
#1045 = CARTESIAN_POINT ( 'NONE',  ( 362.7056262925153192, -25.62955165424136084, -40.42924297385075505 ) ) ;
#1046 = CARTESIAN_POINT ( 'NONE',  ( 297.6335291690429585, -17.80270053923002394, -15.40817050822968426 ) ) ;
#1047 = VERTEX_POINT ( 'NONE', #382 ) ;
#1048 = DIRECTION ( 'NONE',  ( -0.04361938736532973426, 0.000000000000000000, -0.9990482215818580203 ) ) ;
#1049 = ORIENTED_EDGE ( 'NONE', *, *, #229, .F. ) ;
#1050 = B_SPLINE_CURVE_WITH_KNOTS ( 'NONE', 3,
 ( #2098, #408, #1512, #150, #2860, #165 ),
 .UNSPECIFIED., .F., .F.,
 ( 4, 2, 4 ),
 ( 0.000000000000000000, 0.5000000000000000000, 1.000000000000000000 ),
 .UNSPECIFIED. ) ;
#1051 = CARTESIAN_POINT ( 'NONE',  ( 397.1722047153996300, -15.29566300321887340, -51.08183102228458239 ) ) ;
#1052 = CARTESIAN_POINT ( 'NONE',  ( 362.1179296508371976, -18.37044834575860719, -51.55644078002413977 ) ) ;
#1053 = CARTESIAN_POINT ( 'NONE',  ( 339.2682163580599308, -19.59685379680763262, -23.61482272337210020 ) ) ;
#1054 = ORIENTED_EDGE ( 'NONE', *, *, #1335, .F. ) ;
#1055 = CARTESIAN_POINT ( 'NONE',  ( 388.5177707479020910, -17.57585962565561744, -51.03966397153407542 ) ) ;
#1056 = CARTESIAN_POINT ( 'NONE',  ( 310.6077544969990072, -26.10213604864643955, -15.87673771891576990 ) ) ;
#1057 = ORIENTED_EDGE ( 'NONE', *, *, #509, .T. ) ;
#1058 = VERTEX_POINT ( 'NONE', #619 ) ;
#1059 = CARTESIAN_POINT ( 'NONE',  ( 297.5217086191335056, -17.80085614894572998, -17.96928216686023916 ) ) ;
#1060 = DIRECTION ( 'NONE',  ( 0.9990482215818580203, -1.396470906136659411E-17, -0.04361938736532944977 ) ) ;
#1061 = CARTESIAN_POINT ( 'NONE',  ( 398.3268832923671425, -22.00000000000000355, -47.56092923989914567 ) ) ;
#1062 = CARTESIAN_POINT ( 'NONE',  ( 397.1140641247296230, -18.80714274938055297, -52.41346947983718962 ) ) ;
#1063 = CARTESIAN_POINT ( 'NONE',  ( 332.1202263038654792, -17.09833034611034464, -19.69652820836803286 ) ) ;
#1064 = CARTESIAN_POINT ( 'NONE',  ( 297.4796605856359406, -19.97252650755054759, -18.93234046785680036 ) ) ;
#1065 = CARTESIAN_POINT ( 'NONE',  ( 380.2900480939822501, -24.30516319412048176, -39.74654544568826964 ) ) ;
#1066 = VERTEX_POINT ( 'NONE', #2444 ) ;
#1067 = CARTESIAN_POINT ( 'NONE',  ( 306.2642054638558875, -18.41827987766488661, -17.89685324315070147 ) ) ;
#1068 = CARTESIAN_POINT ( 'NONE',  ( 363.6314347042044233, -27.28220100119860092, -38.69703513008684581 ) ) ;
#1069 = EDGE_CURVE ( 'NONE', #550, #1333, #1090, .T. ) ;
#1070 = ORIENTED_EDGE ( 'NONE', *, *, #1441, .T. ) ;
#1071 = ORIENTED_EDGE ( 'NONE', *, *, #855, .F. ) ;
#1072 = DIRECTION ( 'NONE',  ( 0.9990482215818581313, -3.157196726277788912E-16, -0.04361938736532973426 ) ) ;
#1073 = EDGE_CURVE ( 'NONE', #1667, #2440, #2547, .T. ) ;
#1074 = CARTESIAN_POINT ( 'NONE',  ( 398.3028550263961733, -12.50000000000011724, -48.11126701023616192 ) ) ;
#1075 = CYLINDRICAL_SURFACE ( 'NONE', #2457, 6.649137931034488247 ) ;
#1076 = CARTESIAN_POINT ( 'NONE',  ( 397.0671581041129912, -24.91483718058555041, -53.48779397884833031 ) ) ;
#1077 = CARTESIAN_POINT ( 'NONE',  ( 297.7438769837457357, -26.92073867146669741, -12.88079003149611879 ) ) ;
#1078 = CARTESIAN_POINT ( 'NONE',  ( 397.2149196545345831, -16.75486397727106436, -50.10349807092256924 ) ) ;
#1079 = CARTESIAN_POINT ( 'NONE',  ( 388.7687930378186252, -24.51486026653753569, -41.79598919631800413 ) ) ;
#1080 = STYLED_ITEM ( 'NONE', ( #2713 ), #1469 ) ;
#1081 = VERTEX_POINT ( 'NONE', #646 ) ;
#1082 = CARTESIAN_POINT ( 'NONE',  ( 339.4112759047977761, -17.59238293184390400, -28.87671334742248774 ) ) ;
#1083 = VECTOR ( 'NONE', #1060, 1000.000000000000114 ) ;
#1084 = ORIENTED_EDGE ( 'NONE', *, *, #1106, .T. ) ;
#1085 = EDGE_LOOP ( 'NONE', ( #48, #1301, #1202, #1719, #2251, #1620, #2739, #2777, #903, #130, #2668, #1054, #453, #718, #2410, #2922 ) ) ;
#1086 = CARTESIAN_POINT ( 'NONE',  ( 297.7460478996368920, -17.62958694182775332, -12.83106788290638178 ) ) ;
#1087 = CARTESIAN_POINT ( 'NONE',  ( 399.8888760178906523, -31.50000000000011724, -45.02751322393303468 ) ) ;
#1088 = LINE ( 'NONE', #837, #1789 ) ;
#1089 = DIRECTION ( 'NONE',  ( 0.9990482215818581313, -1.396470906136659719E-17, -0.04361938736532944977 ) ) ;
#1090 = B_SPLINE_CURVE_WITH_KNOTS ( 'NONE', 3,
 ( #1740, #2193, #397, #2206, #183, #2904 ),
 .UNSPECIFIED., .F., .F.,
 ( 4, 2, 4 ),
 ( 0.08529271354107728631, 0.1251554273087246705, 0.1650181410763720546 ),
 .UNSPECIFIED. ) ;
#1091 = VERTEX_POINT ( 'NONE', #426 ) ;
#1092 = CARTESIAN_POINT ( 'NONE',  ( 363.0035741932802580, -21.17541151925813026, -38.80813205983813674 ) ) ;
#1093 = CARTESIAN_POINT ( 'NONE',  ( 398.3028550263961733, -31.50000000000011724, -48.11126701023616192 ) ) ;
#1094 = CARTESIAN_POINT ( 'NONE',  ( 397.5416060166473926, -25.19285725061942216, -42.62115022521785335 ) ) ;
#1095 = EDGE_LOOP ( 'NONE', ( #1317, #1269, #2030, #2898 ) ) ;
#1096 = CARTESIAN_POINT ( 'NONE',  ( 297.5061921566193064, -19.13520373749600978, -18.32466758641889726 ) ) ;
#1097 = ORIENTED_EDGE ( 'NONE', *, *, #1940, .F. ) ;
#1098 = CARTESIAN_POINT ( 'NONE',  ( 397.6165084436278221, -22.87437561891617932, -40.90560259864918891 ) ) ;
#1099 = FACE_BOUND ( 'NONE', #2844, .T. ) ;
#1100 = CARTESIAN_POINT ( 'NONE',  ( 397.4549784827105441, -27.97617211868793419, -44.60524695254476768 ) ) ;
#1101 = LINE ( 'NONE', #2005, #424 ) ;
#1102 = VERTEX_POINT ( 'NONE', #2624 ) ;
#1103 = CARTESIAN_POINT ( 'NONE',  ( 297.8569607718639531, -21.41653891830274503, -10.29074546110540744 ) ) ;
#1104 = DIRECTION ( 'NONE',  ( 0.03472810715108665125, 0.6050832675335577893, 0.7954044241293956041 ) ) ;
#1105 = CARTESIAN_POINT ( 'NONE',  ( 314.7159063423016505, -19.88948535972800968, -14.01798885367244729 ) ) ;
#1106 = EDGE_CURVE ( 'NONE', #1366, #1047, #2118, .T. ) ;
#1107 = ORIENTED_EDGE ( 'NONE', *, *, #368, .F. ) ;
#1108 = CARTESIAN_POINT ( 'NONE',  ( 372.0325630379903714, -16.56412148255897421, -41.47191561249756120 ) ) ;
#1109 = VERTEX_POINT ( 'NONE', #1839 ) ;
#1110 = ORIENTED_EDGE ( 'NONE', *, *, #297, .F. ) ;
#1111 = CARTESIAN_POINT ( 'NONE',  ( 380.2519134796118578, -25.64855679620288953, -40.57339241230242521 ) ) ;
#1112 = DIRECTION ( 'NONE',  ( 0.04361938736531432992, 0.000000000000000000, 0.9990482215818586864 ) ) ;
#1113 = CARTESIAN_POINT ( 'NONE',  ( 397.4557744771829562, -27.96725614781761138, -44.58701568177419716 ) ) ;
#1114 = CARTESIAN_POINT ( 'NONE',  ( 397.6176785213022526, -22.23891313938600689, -40.87880341392275341 ) ) ;
#1115 = VERTEX_POINT ( 'NONE', #1142 ) ;
#1116 = FACE_OUTER_BOUND ( 'NONE', #1164, .T. ) ;
#1117 = CARTESIAN_POINT ( 'NONE',  ( 397.5827810176926960, -22.22539965734836898, -41.67808765482273259 ) ) ;
#1118 = B_SPLINE_CURVE_WITH_KNOTS ( 'NONE', 3,
 ( #485, #702, #261, #1170 ),
 .UNSPECIFIED., .F., .F.,
 ( 4, 4 ),
 ( 0.2505700522847550404, 0.3343257283414112768 ),
 .UNSPECIFIED. ) ;
#1119 = CARTESIAN_POINT ( 'NONE',  ( 339.2867046360427139, -23.07834886837964561, -23.05180563956236384 ) ) ;
#1120 = CARTESIAN_POINT ( 'NONE',  ( 371.8661760548052939, -27.36443317265757713, -43.33269890647309808 ) ) ;
#1121 = ADVANCED_FACE ( 'NONE', ( #466 ), #2034, .F. ) ;
#1122 = CARTESIAN_POINT ( 'NONE',  ( 397.0379916200811294, -21.76108685646148544, -54.15581629098546301 ) ) ;
#1123 = CARTESIAN_POINT ( 'NONE',  ( 314.6935361935015294, -17.87094369561501850, -18.83509917601114125 ) ) ;
#1124 = EDGE_CURVE ( 'NONE', #1674, #2792, #2578, .T. ) ;
#1125 = ORIENTED_EDGE ( 'NONE', *, *, #746, .F. ) ;
#1126 = AXIS2_PLACEMENT_3D ( 'NONE', #631, #1524, #422 ) ;
#1127 = CARTESIAN_POINT ( 'NONE',  ( 397.4677505976461021, -17.10884224038457191, -44.31271742651009049 ) ) ;
#1128 = ADVANCED_FACE ( 'NONE', ( #1364 ), #906, .T. ) ;
#1129 = DIRECTION ( 'NONE',  ( -0.9990482215818580203, -0.000000000000000000, 0.04361938736532974120 ) ) ;
#1130 = CARTESIAN_POINT ( 'NONE',  ( 397.4553767934473285, -27.97172885149958432, -44.59612413681630017 ) ) ;
#1131 = CARTESIAN_POINT ( 'NONE',  ( 339.2867046157980440, -23.07834886734815782, -23.05180563018143758 ) ) ;
#1132 = CARTESIAN_POINT ( 'NONE',  ( 397.5881231281186956, -19.06691418195111609, -41.55573321009015331 ) ) ;
#1133 = DIRECTION ( 'NONE',  ( 0.9990482215818581313, -1.396470906136659719E-17, -0.04361938736532944977 ) ) ;
#1134 = CARTESIAN_POINT ( 'NONE',  ( 297.8155051183856585, -23.40017117034868122, -11.24023602903059960 ) ) ;
#1135 = CARTESIAN_POINT ( 'NONE',  ( 314.8385659027285328, -25.87667947605090291, -19.69562602851377875 ) ) ;
#1136 = CARTESIAN_POINT ( 'NONE',  ( 397.3839972679137986, -16.27055434387952815, -46.23098405459521132 ) ) ;
#1137 = CARTESIAN_POINT ( 'NONE',  ( 397.4671055479054758, -17.09917587405615436, -44.32749149453142223 ) ) ;
#1138 = ORIENTED_EDGE ( 'NONE', *, *, #85, .T. ) ;
#1139 = CARTESIAN_POINT ( 'NONE',  ( 323.0069068507689849, -23.51630941042701650, -16.62062227189682773 ) ) ;
#1140 = CARTESIAN_POINT ( 'NONE',  ( 314.7790444886649084, -23.06694351146287758, -22.13196193902883380 ) ) ;
#1141 = FACE_BOUND ( 'NONE', #433, .T. ) ;
#1142 = CARTESIAN_POINT ( 'NONE',  ( 397.0378113044801012, -21.99999958603619632, -54.15994619723814907 ) ) ;
#1143 = DIRECTION ( 'NONE',  ( 0.03472810715108626961, -0.6050832675335577893, 0.7954044241293956041 ) ) ;
#1144 = CARTESIAN_POINT ( 'NONE',  ( 397.6176785213022526, -22.23891313938600689, -40.87880341392275341 ) ) ;
#1145 = DIRECTION ( 'NONE',  ( -0.9990482215818580203, -0.000000000000000000, 0.04361938736532974120 ) ) ;
#1146 = DIRECTION ( 'NONE',  ( -0.9990482215818580203, -0.000000000000000000, 0.04361938736532974120 ) ) ;
#1147 = CARTESIAN_POINT ( 'NONE',  ( 314.8424499852087592, -26.09898855493863223, -19.19155711680022591 ) ) ;
#1148 = CARTESIAN_POINT ( 'NONE',  ( 297.4793557528681163, -19.98523309042710139, -18.93932228610339408 ) ) ;
#1149 = CARTESIAN_POINT ( 'NONE',  ( 297.7054845180041411, -18.07577647644104601, -13.76012206566521989 ) ) ;
#1150 = VERTEX_POINT ( 'NONE', #1783 ) ;
#1151 = CARTESIAN_POINT ( 'NONE',  ( 302.1354748446988765, -22.43618404078229744, -11.23228643255241721 ) ) ;
#1152 = CARTESIAN_POINT ( 'NONE',  ( 306.2611878608576603, -24.22299613163717069, -19.69170528586837321 ) ) ;
#1153 = CARTESIAN_POINT ( 'NONE',  ( 297.8236030357873005, -19.29772735526138305, -11.05476322743146689 ) ) ;
#1154 = CARTESIAN_POINT ( 'NONE',  ( 297.4221087036237918, -22.15389414064226159, -20.25049528033193269 ) ) ;
#1155 = DIRECTION ( 'NONE',  ( -0.04361938736531432992, 0.000000000000000000, -0.9990482215818586864 ) ) ;
#1156 = EDGE_CURVE ( 'NONE', #2672, #33, #2156, .T. ) ;
#1157 = VERTEX_POINT ( 'NONE', #2733 ) ;
#1158 = ORIENTED_EDGE ( 'NONE', *, *, #1422, .T. ) ;
#1159 = CARTESIAN_POINT ( 'NONE',  ( 397.8950137545302255, -22.00000000000000711, -57.45236788202642231 ) ) ;
#1160 = CARTESIAN_POINT ( 'NONE',  ( 388.4709767816099770, -18.80714275023006365, -52.03610412969696597 ) ) ;
#1161 = CARTESIAN_POINT ( 'NONE',  ( 297.4858085774351366, -24.26445953136508393, -18.79152830509011096 ) ) ;
#1162 = CARTESIAN_POINT ( 'NONE',  ( 397.1589907803902975, -26.45911319511001381, -51.38447989170837360 ) ) ;
#1163 = EDGE_CURVE ( 'NONE', #2832, #60, #1834, .T. ) ;
#1164 = EDGE_LOOP ( 'NONE', ( #2717, #2369, #1812, #2341 ) ) ;
#1165 = CARTESIAN_POINT ( 'NONE',  ( 388.7739345549746304, -17.09917587405615080, -43.94793945211517183 ) ) ;
#1166 = VERTEX_POINT ( 'NONE', #46 ) ;
#1167 = CARTESIAN_POINT ( 'NONE',  ( 388.7229948321731854, -25.87085423470129797, -42.67825308804444262 ) ) ;
#1168 = AXIS2_PLACEMENT_3D ( 'NONE', #2511, #2016, #894 ) ;
#1169 = CARTESIAN_POINT ( 'NONE',  ( 397.0715032052905826, -22.47418172883543619, -53.38827480019517679 ) ) ;
#1170 = CARTESIAN_POINT ( 'NONE',  ( 297.5354569878697930, -26.38687262266114786, -17.65439275263791430 ) ) ;
#1171 = ORIENTED_EDGE ( 'NONE', *, *, #126, .F. ) ;
#1172 = CARTESIAN_POINT ( 'NONE',  ( 297.8582006161645950, -22.23872874914239972, -10.26234835792770639 ) ) ;
#1173 = CARTESIAN_POINT ( 'NONE',  ( 314.8041837759779469, -21.94348576945901286, -22.00795996153756207 ) ) ;
#1174 = DIRECTION ( 'NONE',  ( -0.9990482215818580203, -0.000000000000000000, 0.04361938736532974120 ) ) ;
#1175 = CARTESIAN_POINT ( 'NONE',  ( 363.6573589558252024, -26.40810140747261769, -42.06080950500985693 ) ) ;
#1176 = EDGE_CURVE ( 'NONE', #2762, #833, #2706, .T. ) ;
#1177 = CARTESIAN_POINT ( 'NONE',  ( 388.4319338903617904, -20.21712778432697277, -52.75832582195119613 ) ) ;
#1178 = CARTESIAN_POINT ( 'NONE',  ( 400.7111932810958024, 1.936515839164204111, -38.80242351538213086 ) ) ;
#1179 = CARTESIAN_POINT ( 'NONE',  ( 306.2747005376164680, -17.82260379037029807, -16.36171698762383997 ) ) ;
#1180 = EDGE_LOOP ( 'NONE', ( #419, #1947, #2864, #813, #824, #2297, #2466, #1662, #508, #2305, #1347, #1729, #834, #566, #1286, #640, #1999, #969, #871, #2491, #191, #569, #1750, #1532, #2622, #1551, #1501 ) ) ;
#1181 = CARTESIAN_POINT ( 'NONE',  ( 347.4173811461789683, -25.14416660455235686, -27.76408343205888940 ) ) ;
#1182 = CARTESIAN_POINT ( 'NONE',  ( 371.8813022594337667, -22.84472580825617172, -47.53786945488698734 ) ) ;
#1183 = DIRECTION ( 'NONE',  ( 0.000000000000000000, -0.6047180252011740142, 0.7964396461733884713 ) ) ;
#1184 = ORIENTED_EDGE ( 'NONE', *, *, #1557, .F. ) ;
#1185 = CARTESIAN_POINT ( 'NONE',  ( 297.8179670490759463, -18.38044236673318821, -11.18384854570340714 ) ) ;
#1186 = CARTESIAN_POINT ( 'NONE',  ( 397.0671581041129912, -24.91483718058555041, -53.48779397884833031 ) ) ;
#1187 = CARTESIAN_POINT ( 'NONE',  ( 277.6591378787670692, -22.00000000000000000, -14.38523307226842540 ) ) ;
#1188 = B_SPLINE_CURVE_WITH_KNOTS ( 'NONE', 3,
 ( #2021, #2712, #1873, #2799 ),
 .UNSPECIFIED., .F., .F.,
 ( 4, 4 ),
 ( 0.1649826925281212275, 0.1656742716996514320 ),
 .UNSPECIFIED. ) ;
#1189 = CARTESIAN_POINT ( 'NONE',  ( 323.1437636318408977, -26.28996335014892338, -21.08727496393641943 ) ) ;
#1190 = CARTESIAN_POINT ( 'NONE',  ( 397.0990454507289655, -24.58865204152914075, -52.75745366799510094 ) ) ;
#1191 = CARTESIAN_POINT ( 'NONE',  ( 401.3780687375468119, 7.892375086806180384, -23.52846441082203199 ) ) ;
#1192 = CARTESIAN_POINT ( 'NONE',  ( 347.4367800337516314, -17.98726720121376488, -28.71721206955802330 ) ) ;
#1193 = EDGE_CURVE ( 'NONE', #966, #2729, #2254, .T. ) ;
#1194 = ORIENTED_EDGE ( 'NONE', *, *, #2081, .T. ) ;
#1195 = CARTESIAN_POINT ( 'NONE',  ( 302.1330990333639193, -24.47121235039164944, -12.01326610508578518 ) ) ;
#1196 = CARTESIAN_POINT ( 'NONE',  ( 301.9338062275456878, -24.70268882140666022, -18.70657236623246789 ) ) ;
#1197 = CARTESIAN_POINT ( 'NONE',  ( 397.5829633128496994, -22.00000047133296022, -41.67391240928568408 ) ) ;
#1198 = CARTESIAN_POINT ( 'NONE',  ( 332.4564482683965707, -18.38044236673318821, -12.69619729665747343 ) ) ;
#1199 = CARTESIAN_POINT ( 'NONE',  ( 397.5827472776140326, -22.24473135326474349, -41.67886042967603544 ) ) ;
#1200 = CARTESIAN_POINT ( 'NONE',  ( 400.5773605437372566, -12.21008369256729154, -41.86769715454624929 ) ) ;
#1201 = CARTESIAN_POINT ( 'NONE',  ( 380.0544110963307958, -25.32605431137512042, -49.66424934912941325 ) ) ;
#1202 = ORIENTED_EDGE ( 'NONE', *, *, #172, .T. ) ;
#1203 = CARTESIAN_POINT ( 'NONE',  ( 371.9227612617057730, -20.00229154333131376, -47.23693243847459655 ) ) ;
#1204 = LINE ( 'NONE', #1938, #885 ) ;
#1205 = CARTESIAN_POINT ( 'NONE',  ( 388.8248306615910792, -20.05929021644102050, -41.57367253223033288 ) ) ;
#1206 = EDGE_CURVE ( 'NONE', #651, #1794, #699, .T. ) ;
#1207 = EDGE_CURVE ( 'NONE', #1392, #2400, #1639, .T. ) ;
#1208 = VERTEX_POINT ( 'NONE', #685 ) ;
#1209 = CARTESIAN_POINT ( 'NONE',  ( 297.4689300844219133, -20.50107460124528203, -19.17810935187625887 ) ) ;
#1210 = CARTESIAN_POINT ( 'NONE',  ( 363.6365264665827794, -25.98466695877430865, -35.61711150332121179 ) ) ;
#1211 = B_SPLINE_CURVE_WITH_KNOTS ( 'NONE', 3,
 ( #450, #1363, #1323, #2691, #2, #2914, #2218, #15 ),
 .UNSPECIFIED., .F., .F.,
 ( 4, 1, 1, 1, 1, 4 ),
 ( 0.9156742716995666109, 0.9499999999999998446, 0.9624999999999999112, 0.9749999999999998668, 0.9875000000000000444, 1.000000000000000000 ),
 .UNSPECIFIED. ) ;
#1212 = ORIENTED_EDGE ( 'NONE', *, *, #1029, .F. ) ;
#1213 = EDGE_CURVE ( 'NONE', #236, #149, #2023, .T. ) ;
#1214 = AXIS2_PLACEMENT_3D ( 'NONE', #960, #739, #1383 ) ;
#1215 = CARTESIAN_POINT ( 'NONE',  ( 397.5829579655846828, -22.03754906797219704, -41.67403488178892701 ) ) ;
#1216 = AXIS2_PLACEMENT_3D ( 'NONE', #2067, #1342, #1559 ) ;
#1217 = CARTESIAN_POINT ( 'NONE',  ( 332.5592887591279805, -24.93068064766491432, -21.68856482736858382 ) ) ;
#1218 = CARTESIAN_POINT ( 'NONE',  ( 397.5638736952342356, -24.28076996031754931, -42.11113653556112979 ) ) ;
#1219 = FACE_OUTER_BOUND ( 'NONE', #1880, .T. ) ;
#1220 = VECTOR ( 'NONE', #674, 1000.000000000000000 ) ;
#1221 = CARTESIAN_POINT ( 'NONE',  ( 319.0240718690176323, -25.61364093631933159, -21.59538997876836319 ) ) ;
#1222 = DIRECTION ( 'NONE',  ( -0.9990482215818580203, -0.000000000000000000, 0.04361938736532974120 ) ) ;
#1223 = CARTESIAN_POINT ( 'NONE',  ( 397.4549784827105441, -27.97617211868793419, -44.60524695254476768 ) ) ;
#1224 = CARTESIAN_POINT ( 'NONE',  ( 363.7174569595578077, -19.65768290670554208, -34.27976658779685692 ) ) ;
#1225 = VERTEX_POINT ( 'NONE', #1592 ) ;
#1226 = CARTESIAN_POINT ( 'NONE',  ( 323.0815045139597714, -20.48218653512097021, -24.83775590447303827 ) ) ;
#1227 = CARTESIAN_POINT ( 'NONE',  ( 339.3437018135869039, -25.59855372249743510, -24.64892966029129084 ) ) ;
#1228 = B_SPLINE_CURVE_WITH_KNOTS ( 'NONE', 3,
 ( #1451, #762, #92, #2783 ),
 .UNSPECIFIED., .F., .F.,
 ( 4, 4 ),
 ( 0.000000000000000000, 1.000000000000000000 ),
 .UNSPECIFIED. ) ;
#1229 = ORIENTED_EDGE ( 'NONE', *, *, #301, .T. ) ;
#1230 = CARTESIAN_POINT ( 'NONE',  ( 397.3385101023976063, -16.15598837301633139, -47.27281142904560340 ) ) ;
#1231 = ORIENTED_EDGE ( 'NONE', *, *, #727, .T. ) ;
#1232 = EDGE_CURVE ( 'NONE', #1547, #529, #1864, .T. ) ;
#1233 = B_SPLINE_CURVE_WITH_KNOTS ( 'NONE', 3,
 ( #1568, #1353, #2516, #1843, #678, #720 ),
 .UNSPECIFIED., .F., .F.,
 ( 4, 2, 4 ),
 ( 0.000000000000000000, 0.5000000000000000000, 1.000000000000000000 ),
 .UNSPECIFIED. ) ;
#1234 = CARTESIAN_POINT ( 'NONE',  ( 332.7512915494156118, -22.23872874914239972, -11.78581360906563269 ) ) ;
#1235 = CARTESIAN_POINT ( 'NONE',  ( 297.5341567211824554, -26.37041305830985749, -17.68417375599641517 ) ) ;
#1236 = CARTESIAN_POINT ( 'NONE',  ( 400.4383525397606149, -31.50000000000000000, -45.05150388698385200 ) ) ;
#1237 = CARTESIAN_POINT ( 'NONE',  ( 323.1630876742266878, -25.21551862308518821, -23.67604045082923037 ) ) ;
#1238 = CARTESIAN_POINT ( 'NONE',  ( 388.4709768279143987, -18.80714274938054942, -52.03610413881770569 ) ) ;
#1239 = CARTESIAN_POINT ( 'NONE',  ( 297.7398019627510735, -25.52358065794529907, -12.97412335695558028 ) ) ;
#1240 = CARTESIAN_POINT ( 'NONE',  ( 306.3400312321637671, -18.56275142781889897, -13.16390128180270480 ) ) ;
#1241 = ORIENTED_EDGE ( 'NONE', *, *, #407, .T. ) ;
#1242 = CARTESIAN_POINT ( 'NONE',  ( 371.9360878753693100, -19.33860154147668453, -46.86512285217117579 ) ) ;
#1243 = CARTESIAN_POINT ( 'NONE',  ( 310.6066060728828688, -26.22053389045489880, -16.42983374932029861 ) ) ;
#1244 = ORIENTED_EDGE ( 'NONE', *, *, #1536, .F. ) ;
#1245 = CARTESIAN_POINT ( 'NONE',  ( 397.5827810176926960, -22.22539965734836898, -41.67808765482273259 ) ) ;
#1246 = ADVANCED_FACE ( 'NONE', ( #2004 ), #437, .F. ) ;
#1247 = ORIENTED_EDGE ( 'NONE', *, *, #1232, .T. ) ;
#1248 = CARTESIAN_POINT ( 'NONE',  ( 398.3557973400054379, -9.952280978806072653, -46.89868867173589706 ) ) ;
#1249 = CARTESIAN_POINT ( 'NONE',  ( 397.4677505976461021, -17.10884224038457191, -44.31271742651009049 ) ) ;
#1250 = CARTESIAN_POINT ( 'NONE',  ( 398.7130968379320279, 1.936515839164204111, -38.71518474065147331 ) ) ;
#1251 = EDGE_CURVE ( 'NONE', #2289, #2610, #747, .T. ) ;
#1252 = CARTESIAN_POINT ( 'NONE',  ( 310.5640910079021069, -25.37564613238797762, -19.62264637101242926 ) ) ;
#1253 = CARTESIAN_POINT ( 'NONE',  ( 362.6920025330189787, -25.78329092136834078, -40.52890377066680827 ) ) ;
#1254 = CARTESIAN_POINT ( 'NONE',  ( 397.0899692856744991, -24.15937126477151153, -52.96533202448124911 ) ) ;
#1255 = CARTESIAN_POINT ( 'NONE',  ( 355.5528530238232747, -19.46550411139329739, -30.83127476815051082 ) ) ;
#1256 = ADVANCED_FACE ( 'NONE', ( #2915 ), #1640, .F. ) ;
#1257 = ORIENTED_EDGE ( 'NONE', *, *, #56, .F. ) ;
#1258 = CARTESIAN_POINT ( 'NONE',  ( 355.6818590893380474, -17.97764985958547967, -38.31000821510865961 ) ) ;
#1259 = CARTESIAN_POINT ( 'NONE',  ( 323.0928819812781398, -25.92204439874689470, -18.85497823837742359 ) ) ;
#1260 = B_SPLINE_CURVE_WITH_KNOTS ( 'NONE', 3,
 ( #242, #709, #506, #1136, #2774, #1412 ),
 .UNSPECIFIED., .F., .F.,
 ( 4, 2, 4 ),
 ( 0.000000000000000000, 0.5000000000000000000, 1.000000000000000000 ),
 .UNSPECIFIED. ) ;
#1261 = VERTEX_POINT ( 'NONE', #1600 ) ;
#1262 = B_SPLINE_CURVE_WITH_KNOTS ( 'NONE', 3,
 ( #2636, #621, #411, #2879, #854 ),
 .UNSPECIFIED., .F., .F.,
 ( 4, 1, 4 ),
 ( 0.4150181410934501991, 0.4153393060700946160, 0.4156604710467390884 ),
 .UNSPECIFIED. ) ;
#1263 = CARTESIAN_POINT ( 'NONE',  ( 397.4854497055708293, -16.41839456431792499, -43.90734120818214592 ) ) ;
#1264 = CARTESIAN_POINT ( 'NONE',  ( 397.5752128854944658, -25.47581238711439866, -41.85142638032836260 ) ) ;
#1265 = CARTESIAN_POINT ( 'NONE',  ( 397.3167335909529356, -16.13741297561818300, -47.77157554163225939 ) ) ;
#1266 = ORIENTED_EDGE ( 'NONE', *, *, #2110, .T. ) ;
#1267 = FACE_BOUND ( 'NONE', #1279, .T. ) ;
#1268 = AXIS2_PLACEMENT_3D ( 'NONE', #531, #2543, #2374 ) ;
#1269 = ORIENTED_EDGE ( 'NONE', *, *, #1336, .T. ) ;
#1270 = CARTESIAN_POINT ( 'NONE',  ( 397.5259288209429087, -26.86788805375762834, -42.98021704009049415 ) ) ;
#1271 = AXIS2_PLACEMENT_3D ( 'NONE', #1026, #289, #77 ) ;
#1272 = CARTESIAN_POINT ( 'NONE',  ( 297.7391855969660810, -25.53272785484235285, -12.98824045439232755 ) ) ;
#1273 = CARTESIAN_POINT ( 'NONE',  ( 363.7241491201309600, -19.06094326420894092, -34.62511431878348134 ) ) ;
#1274 = VECTOR ( 'NONE', #1696, 1000.000000000000114 ) ;
#1275 = EDGE_CURVE ( 'NONE', #2736, #2701, #2265, .T. ) ;
#1276 = ORIENTED_EDGE ( 'NONE', *, *, #1650, .F. ) ;
#1277 = CARTESIAN_POINT ( 'NONE',  ( 397.2124967393542647, -16.72740106457580822, -50.15899195215444450 ) ) ;
#1278 = CARTESIAN_POINT ( 'NONE',  ( 302.0843084416829925, -26.04095715421958701, -14.17828203728078229 ) ) ;
#1279 = EDGE_LOOP ( 'NONE', ( #2220, #890 ) ) ;
#1280 = ORIENTED_EDGE ( 'NONE', *, *, #1781, .T. ) ;
#1281 = CARTESIAN_POINT ( 'NONE',  ( 332.7232866984313659, -21.82724679312763882, -11.78761040660896064 ) ) ;
#1282 = CARTESIAN_POINT ( 'NONE',  ( 398.0368519693078042, -22.00000000000000355, -54.20373866495162218 ) ) ;
#1283 = CARTESIAN_POINT ( 'NONE',  ( 399.3436336758239804, -22.00000000000000711, -57.51561599370614175 ) ) ;
#1284 = ORIENTED_EDGE ( 'NONE', *, *, #2246, .F. ) ;
#1285 = CARTESIAN_POINT ( 'NONE',  ( 397.1142746689496903, -18.79974182961393225, -52.40864722438408307 ) ) ;
#1286 = ORIENTED_EDGE ( 'NONE', *, *, #1905, .T. ) ;
#1287 = CARTESIAN_POINT ( 'NONE',  ( 297.5273385940879507, -27.09235982966006873, -17.84033454045220779 ) ) ;
#1288 = CARTESIAN_POINT ( 'NONE',  ( 397.4394004741452022, -27.26026911873135461, -44.96204200843727250 ) ) ;
#1289 = CARTESIAN_POINT ( 'NONE',  ( 306.3818730460127995, -19.73945763701447120, -12.05416239862681849 ) ) ;
#1290 = VERTEX_POINT ( 'NONE', #2517 ) ;
#1291 = CARTESIAN_POINT ( 'NONE',  ( 355.6707409136766955, -17.38450597851846879, -37.16298077347932605 ) ) ;
#1292 = CARTESIAN_POINT ( 'NONE',  ( 314.8234817830131078, -25.73497214445198367, -15.88186575883803542 ) ) ;
#1293 = EDGE_CURVE ( 'NONE', #1295, #572, #38, .T. ) ;
#1294 = B_SPLINE_CURVE_WITH_KNOTS ( 'NONE', 3,
 ( #863, #645, #436, #672 ),
 .UNSPECIFIED., .F., .F.,
 ( 4, 4 ),
 ( 0.6649826925260052812, 0.6656742716996196796 ),
 .UNSPECIFIED. ) ;
#1295 = VERTEX_POINT ( 'NONE', #2022 ) ;
#1296 = DIRECTION ( 'NONE',  ( -0.04361938736533216288, 0.000000000000000000, -0.9990482215818579093 ) ) ;
#1297 = B_SPLINE_CURVE_WITH_KNOTS ( 'NONE', 3,
 ( #1086, #850, #2415, #2215 ),
 .UNSPECIFIED., .F., .F.,
 ( 4, 4 ),
 ( 0.8354279237593539298, 0.9149826925252908527 ),
 .UNSPECIFIED. ) ;
#1298 = CARTESIAN_POINT ( 'NONE',  ( 398.5776571667977350, -12.50000000000011724, -41.81726321427046855 ) ) ;
#1299 = CARTESIAN_POINT ( 'NONE',  ( 297.5518497011811405, -25.68055867267623782, -17.27893789025802818 ) ) ;
#1300 = CARTESIAN_POINT ( 'NONE',  ( 297.4221355887124787, -22.17275320687248552, -20.24987951056350255 ) ) ;
#1301 = ORIENTED_EDGE ( 'NONE', *, *, #1796, .T. ) ;
#1302 = CARTESIAN_POINT ( 'NONE',  ( 297.4262944830343827, -24.93068064766491077, -20.15462517007522436 ) ) ;
#1303 = CARTESIAN_POINT ( 'NONE',  ( 297.7884820646183925, -25.75355175707816358, -11.85916571691950594 ) ) ;
#1304 = CARTESIAN_POINT ( 'NONE',  ( 397.5848156946226482, -22.28831239674680731, -41.63148589144908840 ) ) ;
#1305 = ORIENTED_EDGE ( 'NONE', *, *, #1176, .F. ) ;
#1306 = CARTESIAN_POINT ( 'NONE',  ( 339.4632267423031067, -18.39451750964715870, -30.44861138036325343 ) ) ;
#1307 = CARTESIAN_POINT ( 'NONE',  ( 306.3891734105942533, -25.61594801567150981, -13.85169020450940991 ) ) ;
#1308 = ORIENTED_EDGE ( 'NONE', *, *, #795, .T. ) ;
#1309 = CARTESIAN_POINT ( 'NONE',  ( 397.5849606036381942, -25.13279746244129242, -41.62816692933264306 ) ) ;
#1310 = CARTESIAN_POINT ( 'NONE',  ( 397.2716728734631033, -27.72944565612072765, -48.80363565046251040 ) ) ;
#1311 = DIRECTION ( 'NONE',  ( 0.04361938736531432992, 0.000000000000000000, 0.9990482215818586864 ) ) ;
#1312 = CARTESIAN_POINT ( 'NONE',  ( 397.1140641247296230, -18.80714274938055297, -52.41346947983718962 ) ) ;
#1313 = CARTESIAN_POINT ( 'NONE',  ( 332.8014520943503385, -23.03428190519700181, -11.88993628481523501 ) ) ;
#1314 = CARTESIAN_POINT ( 'NONE',  ( 297.6464320372049883, -26.19749238309088568, -15.11264624093232101 ) ) ;
#1315 = CARTESIAN_POINT ( 'NONE',  ( 297.8231943566252653, -21.85488730622720510, -11.06412351914465297 ) ) ;
#1316 = VECTOR ( 'NONE', #2209, 1000.000000000000114 ) ;
#1317 = ORIENTED_EDGE ( 'NONE', *, *, #2700, .F. ) ;
#1318 = CARTESIAN_POINT ( 'NONE',  ( 397.3730069726456691, -16.24225362933836081, -46.48270320072465722 ) ) ;
#1319 = CIRCLE ( 'NONE', #55, 1.699999999999999067 ) ;
#1320 = AXIS2_PLACEMENT_3D ( 'NONE', #588, #2862, #2159 ) ;
#1321 = ORIENTED_EDGE ( 'NONE', *, *, #2561, .F. ) ;
#1322 = CARTESIAN_POINT ( 'NONE',  ( 297.4668643305971045, -18.85565737829093891, -19.22542289316069031 ) ) ;
#1323 = CARTESIAN_POINT ( 'NONE',  ( 297.8416517193686559, -20.03679891017658932, -10.64138041022679460 ) ) ;
#1324 = CARTESIAN_POINT ( 'NONE',  ( 397.2162696671851450, -16.73973088178719948, -50.07257769768521882 ) ) ;
#1325 = CARTESIAN_POINT ( 'NONE',  ( 399.8888760178906523, -31.50000000000011724, -45.02751322393303468 ) ) ;
#1326 = ORIENTED_EDGE ( 'NONE', *, *, #888, .T. ) ;
#1327 = PLANE ( 'NONE',  #1360 ) ;
#1328 = LINE ( 'NONE', #623, #1500 ) ;
#1329 = CARTESIAN_POINT ( 'NONE',  ( 339.2703863482703923, -21.24837363342665242, -22.98259333294772233 ) ) ;
#1330 = B_SPLINE_CURVE_WITH_KNOTS ( 'NONE', 3,
 ( #2734, #2483, #1840, #1593, #1131, #937, #2707, #2295, #2495, #1612 ),
 .UNSPECIFIED., .F., .F.,
 ( 4, 2, 2, 2, 4 ),
 ( 0.000000000000000000, 0.2499999998749999897, 0.4999999997499999793, 0.7499999996249999690, 0.9999999994999999586 ),
 .UNSPECIFIED. ) ;
#1331 = EDGE_LOOP ( 'NONE', ( #1244, #2854, #1973, #1690, #2281, #112, #2075, #431, #2427, #1636 ) ) ;
#1332 = CARTESIAN_POINT ( 'NONE',  ( 314.7019576455188030, -18.07636004283805065, -19.34520745258729590 ) ) ;
#1333 = VERTEX_POINT ( 'NONE', #957 ) ;
#1334 = CARTESIAN_POINT ( 'NONE',  ( 363.6483594614257981, -24.99028891618934622, -34.65094334276433585 ) ) ;
#1335 = EDGE_CURVE ( 'NONE', #2874, #1066, #2502, .T. ) ;
#1336 = EDGE_CURVE ( 'NONE', #308, #271, #983, .T. ) ;
#1337 = CARTESIAN_POINT ( 'NONE',  ( 397.0990454507289655, -24.58865204152914075, -52.75745366799510094 ) ) ;
#1338 = CARTESIAN_POINT ( 'NONE',  ( 297.4221355887124787, -22.17275320687248552, -20.24987951056350255 ) ) ;
#1339 = CARTESIAN_POINT ( 'NONE',  ( 397.1879195437693966, -26.89115776019598769, -50.72190227766056836 ) ) ;
#1340 = EDGE_CURVE ( 'NONE', #127, #1424, #137, .T. ) ;
#1341 = FACE_OUTER_BOUND ( 'NONE', #1523, .T. ) ;
#1342 = DIRECTION ( 'NONE',  ( 0.9990482215818581313, 0.000000000000000000, -0.04361938736532862404 ) ) ;
#1343 = CARTESIAN_POINT ( 'NONE',  ( 363.6671734742633362, -23.68233752755855193, -33.99557482550032006 ) ) ;
#1344 = EDGE_CURVE ( 'NONE', #257, #1657, #2000, .T. ) ;
#1345 = ORIENTED_EDGE ( 'NONE', *, *, #2897, .T. ) ;
#1346 = CARTESIAN_POINT ( 'NONE',  ( 306.2668779122701039, -18.18866136172265158, -17.40231045692323875 ) ) ;
#1347 = ORIENTED_EDGE ( 'NONE', *, *, #295, .F. ) ;
#1348 = CARTESIAN_POINT ( 'NONE',  ( 397.4980942427093851, -26.42414037434438967, -43.61773369409279155 ) ) ;
#1349 = FACE_BOUND ( 'NONE', #159, .T. ) ;
#1350 = DIRECTION ( 'NONE',  ( -0.04361938736533216288, 0.000000000000000000, -0.9990482215818579093 ) ) ;
#1351 = CARTESIAN_POINT ( 'NONE',  ( 397.6176565629945685, -22.25328841660610735, -40.87930634185212142 ) ) ;
#1352 = CARTESIAN_POINT ( 'NONE',  ( 297.5410190238416135, -18.46727214516788607, -17.52700118477364910 ) ) ;
#1353 = CARTESIAN_POINT ( 'NONE',  ( 397.4611471693679050, -27.01434175367306523, -44.46396079960720016 ) ) ;
#1354 = CARTESIAN_POINT ( 'NONE',  ( 297.7939988716935318, -19.72138291912596841, -11.73281006109383817 ) ) ;
#1355 = CARTESIAN_POINT ( 'NONE',  ( 306.3260415151781899, -25.91326349143168173, -17.62287928504738588 ) ) ;
#1356 = FACE_OUTER_BOUND ( 'NONE', #2925, .T. ) ;
#1357 = CARTESIAN_POINT ( 'NONE',  ( 355.6281828124364779, -17.00478560487760049, -34.63116768897523201 ) ) ;
#1358 = AXIS2_PLACEMENT_3D ( 'NONE', #1809, #2720, #484 ) ;
#1359 = VERTEX_POINT ( 'NONE', #2284 ) ;
#1360 = AXIS2_PLACEMENT_3D ( 'NONE', #1579, #2008, #2066 ) ;
#1361 = CARTESIAN_POINT ( 'NONE',  ( 318.8867815083051482, -22.80346792325518379, -14.97561019177331332 ) ) ;
#1362 = PRODUCT_DEFINITION_FORMATION_WITH_SPECIFIED_SOURCE ( 'ANY', '', #589, .NOT_KNOWN. ) ;
#1363 = CARTESIAN_POINT ( 'NONE',  ( 297.8321032746792980, -19.60122137843498891, -10.86007574874486714 ) ) ;
#1364 = FACE_OUTER_BOUND ( 'NONE', #2131, .T. ) ;
#1365 = CARTESIAN_POINT ( 'NONE',  ( 297.8307370505324343, -24.42886467775415937, -10.89136742628808285 ) ) ;
#1366 = VERTEX_POINT ( 'NONE', #489 ) ;
#1367 = CARTESIAN_POINT ( 'NONE',  ( 397.3382563155595335, -15.35516915488360645, -47.27862410328189924 ) ) ;
#1368 = CARTESIAN_POINT ( 'NONE',  ( 355.6805559646210213, -20.08153674301779645, -39.91163877553726280 ) ) ;
#1369 = CARTESIAN_POINT ( 'NONE',  ( 397.5657008557316203, -19.84062873701142138, -42.06928767990269336 ) ) ;
#1370 = CARTESIAN_POINT ( 'NONE',  ( 297.5969165368787799, -26.11916514507445797, -16.24673765143048954 ) ) ;
#1371 = CARTESIAN_POINT ( 'NONE',  ( 277.6591378787670692, -22.00000000000000000, -14.38523307226842540 ) ) ;
#1372 = CARTESIAN_POINT ( 'NONE',  ( 363.7502518016292470, -17.28302888070433241, -36.74511994494106659 ) ) ;
#1373 = ORIENTED_EDGE ( 'NONE', *, *, #587, .F. ) ;
#1374 = EDGE_CURVE ( 'NONE', #1528, #2551, #978, .T. ) ;
#1375 = CARTESIAN_POINT ( 'NONE',  ( 397.5416060166473926, -25.19285725061942216, -42.62115022521785335 ) ) ;
#1376 = CARTESIAN_POINT ( 'NONE',  ( 388.3963028433593081, -23.20744575619718120, -52.85462311828921855 ) ) ;
#1377 = CARTESIAN_POINT ( 'NONE',  ( 297.4858085774351366, -24.26445953136508393, -18.79152830509011096 ) ) ;
#1378 = CARTESIAN_POINT ( 'NONE',  ( 398.5776571667977350, -31.50000000000011724, -41.81726321427047566 ) ) ;
#1379 = CARTESIAN_POINT ( 'NONE',  ( 397.5883182247089849, -19.07603131428886201, -41.55126476352698717 ) ) ;
#1380 = CARTESIAN_POINT ( 'NONE',  ( 397.0845209616848592, -18.38120585455202871, -53.09011915977439600 ) ) ;
#1381 = DIRECTION ( 'NONE',  ( -0.04361938736531432992, 0.000000000000000000, -0.9990482215818586864 ) ) ;
#1382 = CARTESIAN_POINT ( 'NONE',  ( 363.6521665289861858, -26.72426306232437909, -41.40326480336428716 ) ) ;
#1383 = DIRECTION ( 'NONE',  ( -0.04361938736533296085, 0.000000000000000000, -0.9990482215818579093 ) ) ;
#1384 = CARTESIAN_POINT ( 'NONE',  ( 388.7546781320705236, -16.65746494322232252, -44.62574160028340486 ) ) ;
#1385 = ORIENTED_EDGE ( 'NONE', *, *, #172, .F. ) ;
#1386 = CARTESIAN_POINT ( 'NONE',  ( 302.1376567302918943, -23.49892539875472153, -11.52602621324220600 ) ) ;
#1387 = CARTESIAN_POINT ( 'NONE',  ( 310.5424488229298845, -24.61235534559930827, -20.39279003238367238 ) ) ;
#1388 = DIRECTION ( 'NONE',  ( 0.9990482215818581313, 0.000000000000000000, -0.04361938736532862404 ) ) ;
#1389 = LINE ( 'NONE', #467, #657 ) ;
#1390 = B_SPLINE_CURVE_WITH_KNOTS ( 'NONE', 3,
 ( #2386, #1432, #554, #350 ),
 .UNSPECIFIED., .F., .F.,
 ( 4, 4 ),
 ( 0.4156742716815759464, 0.5000000000000000000 ),
 .UNSPECIFIED. ) ;
#1391 = EDGE_CURVE ( 'NONE', #529, #2676, #632, .T. ) ;
#1392 = VERTEX_POINT ( 'NONE', #294 ) ;
#1393 = CARTESIAN_POINT ( 'NONE',  ( 397.5833241043746966, -25.16309436283366807, -41.66564892478328375 ) ) ;
#1394 = CYLINDRICAL_SURFACE ( 'NONE', #326, 4.200000000000000178 ) ;
#1395 = CARTESIAN_POINT ( 'NONE',  ( 297.8008488679403172, -24.01476690957212767, -11.57591935304602337 ) ) ;
#1396 = CARTESIAN_POINT ( 'NONE',  ( 323.1528528785284493, -26.24195866010262534, -21.68238881108144867 ) ) ;
#1397 = CARTESIAN_POINT ( 'NONE',  ( 400.6150110585901984, -22.00000000000000355, -41.00535858957732671 ) ) ;
#1398 = CARTESIAN_POINT ( 'NONE',  ( 297.5350230697508209, -26.38140288252540344, -17.66433111150787383 ) ) ;
#1399 = CARTESIAN_POINT ( 'NONE',  ( 339.2959965283776000, -17.96597959719918691, -25.30627055127065361 ) ) ;
#1400 = VECTOR ( 'NONE', #547, 999.9999999999998863 ) ;
#1401 = ORIENTED_EDGE ( 'NONE', *, *, #56, .T. ) ;
#1402 = CARTESIAN_POINT ( 'NONE',  ( 297.7900329873450005, -24.47121235039164944, -11.82364374640269133 ) ) ;
#1403 = VERTEX_POINT ( 'NONE', #943 ) ;
#1404 = CARTESIAN_POINT ( 'NONE',  ( 347.5990672338555214, -23.63051384070156402, -35.97767403525521246 ) ) ;
#1405 = DIRECTION ( 'NONE',  ( 0.02639336143482554076, 0.7961621941231025179, 0.6045073623383405703 ) ) ;
#1406 = CARTESIAN_POINT ( 'NONE',  ( 297.8578610873798880, -21.68935042108801170, -10.27012484561090666 ) ) ;
#1407 = CARTESIAN_POINT ( 'NONE',  ( 297.4569382281662797, -24.71424470696186049, -19.45276801604466144 ) ) ;
#1408 = CYLINDRICAL_SURFACE ( 'NONE', #697, 1.699999999999999067 ) ;
#1409 = APPLICATION_CONTEXT ( 'automotive_design' ) ;
#1410 = CARTESIAN_POINT ( 'NONE',  ( 347.5441711537216634, -26.53304929517836541, -32.87425021164805372 ) ) ;
#1411 = CARTESIAN_POINT ( 'NONE',  ( 323.1061804449731767, -21.63748294087183055, -25.06136657128777046 ) ) ;
#1412 = CARTESIAN_POINT ( 'NONE',  ( 397.3386787753540830, -16.15613811686583645, -47.26894818319451019 ) ) ;
#1413 = CARTESIAN_POINT ( 'NONE',  ( 297.6084167761641766, -17.82260379037029807, -15.98333886708616980 ) ) ;
#1414 = ORIENTED_EDGE ( 'NONE', *, *, #821, .T. ) ;
#1415 = CARTESIAN_POINT ( 'NONE',  ( 363.6317811667126989, -26.42739848144079673, -36.13907127828875332 ) ) ;
#1416 = CARTESIAN_POINT ( 'NONE',  ( 355.6609640866275299, -23.35258557094195808, -40.15283633779651495 ) ) ;
#1417 = CARTESIAN_POINT ( 'NONE',  ( 397.0378113044801012, -21.99999958603619632, -54.15994619723814907 ) ) ;
#1418 = ORIENTED_EDGE ( 'NONE', *, *, #2561, .T. ) ;
#1419 = CARTESIAN_POINT ( 'NONE',  ( 297.5273385940879507, -27.09235982966006873, -17.84033454045220779 ) ) ;
#1420 = CARTESIAN_POINT ( 'NONE',  ( 398.4402560965969542, -31.50000000000011724, -44.96426511225330813 ) ) ;
#1421 = DIRECTION ( 'NONE',  ( 0.9990482215818581313, 0.000000000000000000, -0.04361938736532862404 ) ) ;
#1422 = EDGE_CURVE ( 'NONE', #620, #2805, #464, .T. ) ;
#1423 = CARTESIAN_POINT ( 'NONE',  ( 331.4462279044987554, -25.47044626574889747, -26.51035908073923508 ) ) ;
#1424 = VERTEX_POINT ( 'NONE', #925 ) ;
#1425 = B_SPLINE_CURVE_WITH_KNOTS ( 'NONE', 3,
 ( #233, #1808, #2719, #209, #893, #919 ),
 .UNSPECIFIED., .F., .F.,
 ( 4, 2, 4 ),
 ( 0.000000000000000000, 0.5000000000000000000, 1.000000000000000000 ),
 .UNSPECIFIED. ) ;
#1426 = CARTESIAN_POINT ( 'NONE',  ( 363.7203520904918719, -21.00253536822971157, -44.34133921942234480 ) ) ;
#1427 = CARTESIAN_POINT ( 'NONE',  ( 397.0835620304540043, -23.74098264979256001, -53.11208229586134877 ) ) ;
#1428 = CARTESIAN_POINT ( 'NONE',  ( 306.3676616915576574, -19.29731117859332912, -12.37718990638098759 ) ) ;
#1429 = VERTEX_POINT ( 'NONE', #1844 ) ;
#1430 = CARTESIAN_POINT ( 'NONE',  ( 371.8925922657886076, -27.25343240922315502, -40.53547926631462417 ) ) ;
#1431 = ORIENTED_EDGE ( 'NONE', *, *, #2897, .F. ) ;
#1432 = CARTESIAN_POINT ( 'NONE',  ( 297.4359641495523192, -23.96543002225384100, -19.93315339521602425 ) ) ;
#1433 = CARTESIAN_POINT ( 'NONE',  ( 297.8582769768120215, -21.96514316516726595, -10.26059941156207778 ) ) ;
#1434 = CARTESIAN_POINT ( 'NONE',  ( 397.0378113044801012, -21.99999958603619632, -54.15994619723814907 ) ) ;
#1435 = CARTESIAN_POINT ( 'NONE',  ( 399.9630289764116924, -31.50000000000011724, -43.32913124724387899 ) ) ;
#1436 = CARTESIAN_POINT ( 'NONE',  ( 347.5883649170713738, -25.21711275263283270, -35.01638042369890513 ) ) ;
#1437 = ORIENTED_EDGE ( 'NONE', *, *, #1623, .T. ) ;
#1438 = CARTESIAN_POINT ( 'NONE',  ( 297.8388708487888721, -24.08906765266365824, -10.70507281800823307 ) ) ;
#1439 = DIRECTION ( 'NONE',  ( 0.9990482215818581313, -3.157196726277788912E-16, -0.04361938736532973426 ) ) ;
#1440 = CARTESIAN_POINT ( 'NONE',  ( 388.8197198142856905, -21.52581827116452828, -41.26368087945028407 ) ) ;
#1441 = EDGE_CURVE ( 'NONE', #204, #1535, #2222, .T. ) ;
#1442 = ORIENTED_EDGE ( 'NONE', *, *, #2571, .F. ) ;
#1443 = CARTESIAN_POINT ( 'NONE',  ( 363.7599904432697144, -18.00735148055776946, -42.53470057965655826 ) ) ;
#1444 = CARTESIAN_POINT ( 'NONE',  ( 355.5182025288827958, -25.56046017797643088, -31.68909905542933458 ) ) ;
#1445 = ORIENTED_EDGE ( 'NONE', *, *, #2307, .F. ) ;
#1446 = CIRCLE ( 'NONE', #1214, 4.200000000000000178 ) ;
#1447 = CYLINDRICAL_SURFACE ( 'NONE', #1271, 1.699999999999999067 ) ;
#1448 = ORIENTED_EDGE ( 'NONE', *, *, #2185, .F. ) ;
#1449 = PRESENTATION_LAYER_ASSIGNMENT (  '', '', ( #1080 ) ) ;
#1450 = CARTESIAN_POINT ( 'NONE',  ( 297.7288062056473450, -16.92670918791697332, -13.22596759969291114 ) ) ;
#1451 = CARTESIAN_POINT ( 'NONE',  ( 297.5516651587578849, -25.67822049909383963, -17.28316460664902365 ) ) ;
#1452 = CARTESIAN_POINT ( 'NONE',  ( 297.7279852086839469, -18.31479103110901363, -13.24477152166375404 ) ) ;
#1453 = AXIS2_PLACEMENT_3D ( 'NONE', #2848, #2800, #763 ) ;
#1454 = CARTESIAN_POINT ( 'NONE',  ( 347.5961154566599021, -24.17832472926210130, -35.69253273615372279 ) ) ;
#1455 = AXIS2_PLACEMENT_3D ( 'NONE', #248, #425, #221 ) ;
#1456 = CARTESIAN_POINT ( 'NONE',  ( 339.5229786313277600, -21.54058562789342091, -32.20566377420747273 ) ) ;
#1457 = DIRECTION ( 'NONE',  ( 0.04361938736532419009, 0.000000000000000000, 0.9990482215818583533 ) ) ;
#1458 = CARTESIAN_POINT ( 'NONE',  ( 331.1652664314689218, -18.23910898874328268, -21.39289502753911165 ) ) ;
#1459 = B_SPLINE_CURVE_WITH_KNOTS ( 'NONE', 3,
 ( #118, #787, #182, #381 ),
 .UNSPECIFIED., .F., .F.,
 ( 4, 4 ),
 ( 0.5843257283414293735, 0.5854279237539670167 ),
 .UNSPECIFIED. ) ;
#1460 = EDGE_CURVE ( 'NONE', #418, #2514, #215, .T. ) ;
#1461 = ORIENTED_EDGE ( 'NONE', *, *, #570, .F. ) ;
#1462 = CARTESIAN_POINT ( 'NONE',  ( 347.5982577736494363, -20.50027511247267142, -35.98178729194656711 ) ) ;
#1463 = CARTESIAN_POINT ( 'NONE',  ( 347.4477403459148377, -26.25361939361424035, -29.22703279450918856 ) ) ;
#1464 = ADVANCED_FACE ( 'NONE', ( #279 ), #1408, .F. ) ;
#1465 = ORIENTED_EDGE ( 'NONE', *, *, #2031, .F. ) ;
#1466 = ORIENTED_EDGE ( 'NONE', *, *, #2069, .F. ) ;
#1467 = CARTESIAN_POINT ( 'NONE',  ( 397.0378661899973167, -21.84068987559843933, -54.15868911221970450 ) ) ;
#1468 = B_SPLINE_CURVE_WITH_KNOTS ( 'NONE', 3,
 ( #17, #686, #716, #1824 ),
 .UNSPECIFIED., .F., .F.,
 ( 4, 4 ),
 ( 0.000000000000000000, 1.000000000000000000 ),
 .UNSPECIFIED. ) ;
#1469 = MANIFOLD_SOLID_BREP ( 'Thicken1', #2071 ) ;
#1470 = EDGE_CURVE ( 'NONE', #620, #2736, #544, .T. ) ;
#1471 = DIRECTION ( 'NONE',  ( 0.9990482215818581313, -3.157196726277788912E-16, -0.04361938736532973426 ) ) ;
#1472 = CARTESIAN_POINT ( 'NONE',  ( 397.5777499801513954, -23.28755126143549248, -41.79331735913216050 ) ) ;
#1473 =( NAMED_UNIT ( * ) PLANE_ANGLE_UNIT ( ) SI_UNIT ( $, .RADIAN. ) );
#1474 = CARTESIAN_POINT ( 'NONE',  ( 339.5220317527819702, -25.69398810739086514, -30.27497112656608991 ) ) ;
#1475 = ORIENTED_EDGE ( 'NONE', *, *, #2484, .F. ) ;
#1476 = CARTESIAN_POINT ( 'NONE',  ( 297.8501328812308202, -20.62991790962606586, -10.44712986735863147 ) ) ;
#1477 = CARTESIAN_POINT ( 'NONE',  ( 398.6169146154264809, -22.00000000000000355, -40.91811981484666205 ) ) ;
#1478 = B_SPLINE_CURVE_WITH_KNOTS ( 'NONE', 3,
 ( #574, #2116, #1218, #1472, #119, #352 ),
 .UNSPECIFIED., .F., .F.,
 ( 4, 2, 4 ),
 ( 0.000000000000000000, 0.5000000000000000000, 1.000000000000000000 ),
 .UNSPECIFIED. ) ;
#1479 = CARTESIAN_POINT ( 'NONE',  ( 397.5578226060748079, -19.35580120903054180, -42.24972926297759557 ) ) ;
#1480 = EDGE_LOOP ( 'NONE', ( #2452, #626, #1791, #1694, #2381, #1084, #2698, #1257, #1039, #2826, #2260, #760, #379, #2273, #363, #434, #1461, #2001, #1431, #1184, #2413, #1212, #1705, #2099, #522, #2084, #99 ) ) ;
#1481 = CARTESIAN_POINT ( 'NONE',  ( 363.7655594374962789, -17.56481721706083832, -42.01083347910638111 ) ) ;
#1482 = CARTESIAN_POINT ( 'NONE',  ( 380.1378168920827534, -27.70216413264983046, -44.40158683353595848 ) ) ;
#1483 = ORIENTED_EDGE ( 'NONE', *, *, #1866, .F. ) ;
#1484 = LINE ( 'NONE', #2401, #1641 ) ;
#1485 = CARTESIAN_POINT ( 'NONE',  ( 398.3661031380759141, -31.50000000000011724, -46.66264708894246382 ) ) ;
#1486 = CARTESIAN_POINT ( 'NONE',  ( 397.2550017577042354, -16.37527525950258322, -49.18546697723978411 ) ) ;
#1487 = EDGE_CURVE ( 'NONE', #1295, #1025, #1549, .T. ) ;
#1488 = CARTESIAN_POINT ( 'NONE',  ( 397.5934500925944803, -18.03144215635675707, -41.43372566464994122 ) ) ;
#1489 = CARTESIAN_POINT ( 'NONE',  ( 297.4858085774351366, -24.26445953136508393, -18.79152830509011096 ) ) ;
#1490 = CARTESIAN_POINT ( 'NONE',  ( 347.4272025206524290, -18.38924831175100039, -28.24329704064610169 ) ) ;
#1491 = ORIENTED_EDGE ( 'NONE', *, *, #1899, .F. ) ;
#1492 = CARTESIAN_POINT ( 'NONE',  ( 347.5923269027163656, -19.31283370248067754, -35.43739836700256518 ) ) ;
#1493 = CARTESIAN_POINT ( 'NONE',  ( 380.1063250114798393, -27.62938968821779895, -45.87372200913699061 ) ) ;
#1494 = ORIENTED_EDGE ( 'NONE', *, *, #2580, .T. ) ;
#1495 = CARTESIAN_POINT ( 'NONE',  ( 397.3658349831184182, -15.38185778794547964, -46.64696876737723130 ) ) ;
#1496 = VECTOR ( 'NONE', #991, 1000.000000000000114 ) ;
#1497 = CARTESIAN_POINT ( 'NONE',  ( 297.8580690320959548, -21.82724679312763882, -10.26536212858649222 ) ) ;
#1498 = DIRECTION ( 'NONE',  ( 0.000000000000000000, -0.9958796768431473767, 0.09068444878141036780 ) ) ;
#1499 = CARTESIAN_POINT ( 'NONE',  ( 397.0791862759090236, -25.47386792909236775, -53.21230355205691609 ) ) ;
#1500 = VECTOR ( 'NONE', #202, 1000.000000000000000 ) ;
#1501 = ORIENTED_EDGE ( 'NONE', *, *, #1781, .F. ) ;
#1502 = ADVANCED_FACE ( 'NONE', ( #972 ), #2344, .T. ) ;
#1503 = CARTESIAN_POINT ( 'NONE',  ( 397.4218965633701259, -28.92263707212481094, -45.36294747701072794 ) ) ;
#1504 = CIRCLE ( 'NONE', #1793, 3.149999999999997247 ) ;
#1505 = CARTESIAN_POINT ( 'NONE',  ( 397.1946381471240670, -16.98435509149031475, -50.56802096161887761 ) ) ;
#1506 = CARTESIAN_POINT ( 'NONE',  ( 380.3058717122453345, -23.58409919724577009, -39.49067868869927622 ) ) ;
#1507 = CIRCLE ( 'NONE', #377, 1.699999999999999067 ) ;
#1508 = VERTEX_POINT ( 'NONE', #134 ) ;
#1509 = CARTESIAN_POINT ( 'NONE',  ( 371.9752048216755043, -17.68726737641017621, -45.44226744801628115 ) ) ;
#1510 = CARTESIAN_POINT ( 'NONE',  ( 388.5089437040623466, -27.75774637066163564, -48.16884763968823790 ) ) ;
#1511 = ORIENTED_EDGE ( 'NONE', *, *, #2110, .F. ) ;
#1512 = CARTESIAN_POINT ( 'NONE',  ( 397.1159735154377586, -17.42052394327633635, -52.36973724271850017 ) ) ;
#1513 = CARTESIAN_POINT ( 'NONE',  ( 297.4569382281662797, -24.71424470696186049, -19.45276801604466144 ) ) ;
#1514 = CARTESIAN_POINT ( 'NONE',  ( 397.0983853543950204, -24.55770221185855107, -52.77257235966575877 ) ) ;
#1515 = CYLINDRICAL_SURFACE ( 'NONE', #2889, 3.199999999999998845 ) ;
#1516 = CARTESIAN_POINT ( 'NONE',  ( 397.5421916325831262, -26.49085403702492769, -42.60773741512531387 ) ) ;
#1517 = LINE ( 'NONE', #1093, #193 ) ;
#1518 = CARTESIAN_POINT ( 'NONE',  ( 355.5191636797284787, -23.91266175253493032, -30.56320976064411710 ) ) ;
#1519 = VERTEX_POINT ( 'NONE', #311 ) ;
#1520 = CARTESIAN_POINT ( 'NONE',  ( 380.2481194827946069, -16.46632396906720430, -46.35922852978099229 ) ) ;
#1521 = CARTESIAN_POINT ( 'NONE',  ( 371.8833678864008903, -27.44526088669450914, -41.20991728981010738 ) ) ;
#1522 = ORIENTED_EDGE ( 'NONE', *, *, #2735, .F. ) ;
#1523 = EDGE_LOOP ( 'NONE', ( #275, #1646, #192, #25, #1010, #2513, #611, #1326, #2255, #1266, #2228, #230, #1043, #1913, #1561, #1445, #682, #1442, #2631, #1475, #2748, #416, #2435, #2352, #2130, #2006, #829 ) ) ;
#1524 = DIRECTION ( 'NONE',  ( -0.9990482215818580203, -0.000000000000000000, 0.04361938736532974120 ) ) ;
#1525 = CARTESIAN_POINT ( 'NONE',  ( 297.8582000874852156, -21.94262027129040860, -10.26236046667662904 ) ) ;
#1526 = CARTESIAN_POINT ( 'NONE',  ( 297.8008488679403172, -24.01476690957212767, -11.57591935304602337 ) ) ;
#1527 = FACE_BOUND ( 'NONE', #2313, .T. ) ;
#1528 = VERTEX_POINT ( 'NONE', #80 ) ;
#1529 = CARTESIAN_POINT ( 'NONE',  ( 361.7630465327054594, -25.56791703618979739, -52.67524176978533035 ) ) ;
#1530 = CARTESIAN_POINT ( 'NONE',  ( 297.8307370505324343, -24.42886467775415937, -10.89136742628808285 ) ) ;
#1531 = CARTESIAN_POINT ( 'NONE',  ( 331.1580054008308025, -20.34782254282267644, -19.53329364181766437 ) ) ;
#1532 = ORIENTED_EDGE ( 'NONE', *, *, #181, .T. ) ;
#1533 = CARTESIAN_POINT ( 'NONE',  ( 322.9966781566836858, -18.07592913648585409, -22.60024053707071090 ) ) ;
#1534 = VERTEX_POINT ( 'NONE', #1435 ) ;
#1535 = VERTEX_POINT ( 'NONE', #1200 ) ;
#1536 = EDGE_CURVE ( 'NONE', #236, #1295, #2357, .T. ) ;
#1537 = CARTESIAN_POINT ( 'NONE',  ( 297.8233037373303773, -21.95161946221590554, -11.06161828911969458 ) ) ;
#1538 = CARTESIAN_POINT ( 'NONE',  ( 297.7577125172562660, -26.21071668212699635, -12.56390421572671379 ) ) ;
#1539 = CARTESIAN_POINT ( 'NONE',  ( 398.5399298225485722, -2.297674479191657237, -42.68136146171581657 ) ) ;
#1540 = CARTESIAN_POINT ( 'NONE',  ( 397.3388833563353160, -15.35567256194107877, -47.26426250836058074 ) ) ;
#1541 = ORIENTED_EDGE ( 'NONE', *, *, #570, .T. ) ;
#1542 = FACE_OUTER_BOUND ( 'NONE', #1655, .T. ) ;
#1543 = DIRECTION ( 'NONE',  ( -0.7372773368101194214, 8.659560562354937789E-17, -0.6755902076156652392 ) ) ;
#1544 = CARTESIAN_POINT ( 'NONE',  ( 363.6764390909395388, -22.99459127592252017, -33.81846811151273613 ) ) ;
#1545 = AXIS2_PLACEMENT_3D ( 'NONE', #1371, #2548, #2489 ) ;
#1546 = VECTOR ( 'NONE', #986, 1000.000000000000000 ) ;
#1547 = VERTEX_POINT ( 'NONE', #1874 ) ;
#1548 = CARTESIAN_POINT ( 'NONE',  ( 388.6266872091957225, -16.27817870982572757, -48.34600560436306438 ) ) ;
#1549 = CIRCLE ( 'NONE', #1981, 3.199999999999998845 ) ;
#1550 = ORIENTED_EDGE ( 'NONE', *, *, #1193, .T. ) ;
#1551 = ORIENTED_EDGE ( 'NONE', *, *, #1778, .T. ) ;
#1552 = CARTESIAN_POINT ( 'NONE',  ( 314.7740055586288577, -23.73050754231542214, -14.07732448824314808 ) ) ;
#1553 = ADVANCED_FACE ( 'NONE', ( #2785 ), #93, .T. ) ;
#1554 = CARTESIAN_POINT ( 'NONE',  ( 399.9630289764116924, -12.50000000000011724, -43.32913124724387188 ) ) ;
#1555 = CARTESIAN_POINT ( 'NONE',  ( 323.1061804449731767, -21.63748294087183055, -25.06136657128777046 ) ) ;
#1556 = CARTESIAN_POINT ( 'NONE',  ( 399.6416103246524472, -1.268984330894572736E-13, -17.44872953224796319 ) ) ;
#1557 = EDGE_CURVE ( 'NONE', #643, #461, #555, .T. ) ;
#1558 = CARTESIAN_POINT ( 'NONE',  ( 397.1702204357328583, -27.58160543459238312, -51.12727849855455986 ) ) ;
#1559 = DIRECTION ( 'NONE',  ( -0.04361938736533296085, 0.000000000000000000, -0.9990482215818579093 ) ) ;
#1560 = CARTESIAN_POINT ( 'NONE',  ( 297.8223177738506706, -21.27359057167217316, -11.08420056550165356 ) ) ;
#1561 = ORIENTED_EDGE ( 'NONE', *, *, #2272, .T. ) ;
#1562 = CARTESIAN_POINT ( 'NONE',  ( 306.2640899398782608, -18.74161982538367255, -18.33941588405700074 ) ) ;
#1563 = ORIENTED_EDGE ( 'NONE', *, *, #1206, .T. ) ;
#1564 = CARTESIAN_POINT ( 'NONE',  ( 331.2195356786399429, -23.83154515439740351, -19.61053234966983894 ) ) ;
#1565 = CARTESIAN_POINT ( 'NONE',  ( 297.4566015850310805, -24.70227264509162524, -19.46047841149112756 ) ) ;
#1566 = CARTESIAN_POINT ( 'NONE',  ( 397.1884569372007263, -26.89921618477604781, -50.70959394450759561 ) ) ;
#1567 = CARTESIAN_POINT ( 'NONE',  ( 297.4220393967625569, -22.10243694431560613, -20.25208266843182869 ) ) ;
#1568 = CARTESIAN_POINT ( 'NONE',  ( 397.4407504868424894, -27.24513602272829615, -44.93112163413116633 ) ) ;
#1569 = CARTESIAN_POINT ( 'NONE',  ( 397.5829295654083353, -21.55800274327434707, -41.67468535277024699 ) ) ;
#1570 = CARTESIAN_POINT ( 'NONE',  ( 347.4936929104363799, -26.74392115284313576, -30.99135954779454494 ) ) ;
#1571 = B_SPLINE_CURVE_WITH_KNOTS ( 'NONE', 3,
 ( #1235, #2573, #107, #1407 ),
 .UNSPECIFIED., .F., .F.,
 ( 4, 4 ),
 ( 0.3354279237501878730, 0.4149826925204876393 ),
 .UNSPECIFIED. ) ;
#1572 = CARTESIAN_POINT ( 'NONE',  ( 397.8950137545302823, -22.00000000000000711, -57.45236788202641520 ) ) ;
#1573 = CARTESIAN_POINT ( 'NONE',  ( 372.0380796932301450, -16.63852258014104990, -40.76577820800581975 ) ) ;
#1574 = ORIENTED_EDGE ( 'NONE', *, *, #1988, .T. ) ;
#1575 = CARTESIAN_POINT ( 'NONE',  ( 397.5039161916394619, -17.73551650124905166, -43.48438914076064066 ) ) ;
#1576 = LINE ( 'NONE', #2232, #2747 ) ;
#1577 = CARTESIAN_POINT ( 'NONE',  ( 398.4402560965969542, -12.50000000000011724, -44.96426511225330103 ) ) ;
#1578 = FACE_OUTER_BOUND ( 'NONE', #844, .T. ) ;
#1579 = CARTESIAN_POINT ( 'NONE',  ( 277.6591378787670692, -22.00000000000000000, -14.38523307226842540 ) ) ;
#1580 = CYLINDRICAL_SURFACE ( 'NONE', #933, 1.699999999999999067 ) ;
#1581 = SURFACE_STYLE_USAGE ( .BOTH. , #1802 ) ;
#1582 = CARTESIAN_POINT ( 'NONE',  ( 363.6640182991353072, -25.97657564138717845, -42.62208051890372218 ) ) ;
#1583 = ADVANCED_FACE ( 'NONE', ( #1219 ), #1889, .F. ) ;
#1584 = DIRECTION ( 'NONE',  ( -0.04361938736532545297, 0.000000000000000000, -0.9990482215818581313 ) ) ;
#1585 = CARTESIAN_POINT ( 'NONE',  ( 372.0445271413149158, -18.05481839387326914, -38.17728501659691887 ) ) ;
#1586 = AXIS2_PLACEMENT_3D ( 'NONE', #253, #2056, #690 ) ;
#1587 = ORIENTED_EDGE ( 'NONE', *, *, #2438, .F. ) ;
#1588 = AXIS2_PLACEMENT_3D ( 'NONE', #804, #1072, #194 ) ;
#1589 = CARTESIAN_POINT ( 'NONE',  ( 322.9800982259364446, -22.36238085898692418, -16.39735350594954966 ) ) ;
#1590 = CARTESIAN_POINT ( 'NONE',  ( 306.2740165790266929, -24.66982617584107018, -19.37246741378281101 ) ) ;
#1591 = CARTESIAN_POINT ( 'NONE',  ( 397.0983853543950204, -24.55770221185855107, -52.77257235966575877 ) ) ;
#1592 = CARTESIAN_POINT ( 'NONE',  ( 297.8231943566253221, -21.85488730622720510, -11.06412351914465297 ) ) ;
#1593 = CARTESIAN_POINT ( 'NONE',  ( 331.1936405247579387, -22.66780055091771473, -19.30058696372022808 ) ) ;
#1594 = B_SPLINE_CURVE_WITH_KNOTS ( 'NONE', 3,
 ( #1739, #2417, #2827, #351 ),
 .UNSPECIFIED., .F., .F.,
 ( 4, 4 ),
 ( 0.06460836402013754587, 1.000000000000000000 ),
 .UNSPECIFIED. ) ;
#1595 = B_SPLINE_CURVE_WITH_KNOTS ( 'NONE', 3,
 ( #40, #269, #2072, #946, #1846 ),
 .UNSPECIFIED., .F., .F.,
 ( 4, 1, 4 ),
 ( 0.8343395289651316382, 0.8348161212538900422, 0.8352927135426485572 ),
 .UNSPECIFIED. ) ;
#1596 = VERTEX_POINT ( 'NONE', #2135 ) ;
#1597 = ORIENTED_EDGE ( 'NONE', *, *, #1557, .T. ) ;
#1598 = CARTESIAN_POINT ( 'NONE',  ( 397.5752128854944658, -25.47581238711439866, -41.85142638032836260 ) ) ;
#1599 = CARTESIAN_POINT ( 'NONE',  ( 297.8307370505324343, -24.42886467775415937, -10.89136742628808285 ) ) ;
#1600 = CARTESIAN_POINT ( 'NONE',  ( 397.5566246906478796, -19.41134795846106087, -42.27716603706483056 ) ) ;
#1601 = CARTESIAN_POINT ( 'NONE',  ( 306.3500108547823402, -26.21914715620919978, -16.56158851978448965 ) ) ;
#1602 = CARTESIAN_POINT ( 'NONE',  ( 297.5341567211824554, -26.37041305830985749, -17.68417375599641517 ) ) ;
#1603 = CARTESIAN_POINT ( 'NONE',  ( 347.4654749888389347, -17.47216874759322636, -29.90420993299715136 ) ) ;
#1604 = B_SPLINE_CURVE_WITH_KNOTS ( 'NONE', 3,
 ( #1698, #2390, #2161, #155, #1499, #367 ),
 .UNSPECIFIED., .F., .F.,
 ( 4, 2, 4 ),
 ( 0.000000000000000000, 0.5000000000000000000, 1.000000000000000000 ),
 .UNSPECIFIED. ) ;
#1605 = ORIENTED_EDGE ( 'NONE', *, *, #262, .T. ) ;
#1606 = CARTESIAN_POINT ( 'NONE',  ( 318.8733270683725891, -22.20967101266393939, -14.94573677373726817 ) ) ;
#1607 = ADVANCED_FACE ( 'NONE', ( #591 ), #796, .F. ) ;
#1608 = CARTESIAN_POINT ( 'NONE',  ( 380.0610782912079912, -23.33628148002164338, -50.57949705580696786 ) ) ;
#1609 = B_SPLINE_CURVE_WITH_KNOTS ( 'NONE', 3,
 ( #2329, #293, #310, #2101 ),
 .UNSPECIFIED., .F., .F.,
 ( 4, 4 ),
 ( 0.6656742716996196796, 0.7500000000000000000 ),
 .UNSPECIFIED. ) ;
#1610 = ORIENTED_EDGE ( 'NONE', *, *, #1042, .F. ) ;
#1611 = DIRECTION ( 'NONE',  ( 0.9990482215818581313, -3.157196726277788912E-16, -0.04361938736532973426 ) ) ;
#1612 = CARTESIAN_POINT ( 'NONE',  ( 397.5416060166474495, -25.19285725061942571, -42.62115022521784624 ) ) ;
#1613 = VERTEX_POINT ( 'NONE', #1001 ) ;
#1614 = CARTESIAN_POINT ( 'NONE',  ( 362.7826089399708849, -24.68067438931925395, -39.90965665551248520 ) ) ;
#1615 = FACE_OUTER_BOUND ( 'NONE', #2190, .T. ) ;
#1616 = CARTESIAN_POINT ( 'NONE',  ( 397.5807227222032338, -21.11772435685415061, -41.72523037214096320 ) ) ;
#1617 = CARTESIAN_POINT ( 'NONE',  ( 339.4808183568543427, -26.43827405939581610, -28.61468137049059379 ) ) ;
#1618 = CARTESIAN_POINT ( 'NONE',  ( 397.4671055479057031, -17.09917587405615436, -44.32749149453142934 ) ) ;
#1619 = CARTESIAN_POINT ( 'NONE',  ( 339.3698874933526213, -17.40576317097279713, -27.70552988756080026 ) ) ;
#1620 = ORIENTED_EDGE ( 'NONE', *, *, #2123, .F. ) ;
#1621 = B_SPLINE_CURVE_WITH_KNOTS ( 'NONE', 3,
 ( #1223, #299, #1717, #593 ),
 .UNSPECIFIED., .F., .F.,
 ( 4, 4 ),
 ( 0.000000000000000000, 1.000000000000000000 ),
 .UNSPECIFIED. ) ;
#1622 = CARTESIAN_POINT ( 'NONE',  ( 323.0783242997350726, -25.64987346430515913, -18.36271691562899377 ) ) ;
#1623 = EDGE_CURVE ( 'NONE', #636, #2805, #2589, .T. ) ;
#1624 = CARTESIAN_POINT ( 'NONE',  ( 314.7898809625313561, -23.57909958551305962, -21.92510266950331754 ) ) ;
#1625 = DIRECTION ( 'NONE',  ( 1.000000000000000000, 0.000000000000000000, 0.000000000000000000 ) ) ;
#1626 = CARTESIAN_POINT ( 'NONE',  ( 397.3381727903351930, -16.15567807540391954, -47.28053714543687391 ) ) ;
#1627 = VERTEX_POINT ( 'NONE', #1904 ) ;
#1628 = CARTESIAN_POINT ( 'NONE',  ( 332.8014520943503385, -23.03428190519700181, -11.88993628481523501 ) ) ;
#1629 = CARTESIAN_POINT ( 'NONE',  ( 397.5827608126065229, -22.23699827621971892, -41.67855042737948423 ) ) ;
#1630 = CARTESIAN_POINT ( 'NONE',  ( 297.4570369725047385, -22.16185274830893448, -19.45050639887022115 ) ) ;
#1631 = CARTESIAN_POINT ( 'NONE',  ( 302.0518481796336232, -26.19749238309088568, -15.30499086361510486 ) ) ;
#1632 = CARTESIAN_POINT ( 'NONE',  ( 297.8566636564787586, -22.64115085605931910, -10.29755052222927425 ) ) ;
#1633 = DIRECTION ( 'NONE',  ( 0.9990482215818581313, -1.396470906136659719E-17, -0.04361938736532944977 ) ) ;
#1634 = CARTESIAN_POINT ( 'NONE',  ( 388.7320171847494521, -16.37593855691679678, -45.35743760697664584 ) ) ;
#1635 = AXIS2_PLACEMENT_3D ( 'NONE', #2138, #110, #2612 ) ;
#1636 = ORIENTED_EDGE ( 'NONE', *, *, #1487, .F. ) ;
#1637 = EDGE_CURVE ( 'NONE', #599, #1150, #2822, .T. ) ;
#1638 = CARTESIAN_POINT ( 'NONE',  ( 310.5945825588236175, -24.60162539400869264, -13.64233475956154962 ) ) ;
#1639 = CIRCLE ( 'NONE', #1882, 6.649137931034488247 ) ;
#1640 = B_SPLINE_SURFACE_WITH_KNOTS ( 'NONE', 3, 3, ( 
 ( #880, #2692, #660, #1555, #2244, #1672, #1462, #144, #1040, #1242, #2872, #798, #2821 ),
 ( #2382, #994, #2582, #1688, #2398, #1911, #2154, #551, #347, #1942, #612, #2855, #1735 ),
 ( #782, #581, #830, #1226, #2839, #2596, #1492, #567, #1706, #1956, #814, #1055, #1720 ),
 ( #1209, #361, #2411, #2168, #128, #113, #2643, #1895, #1443, #1509, #2615, #160, #2629 ),
 ( #1023, #317, #1925, #597, #2187, #2125, #100, #1258, #1481, #2806, #374, #770, #1277 ),
 ( #2363, #331, #2141, #1007, #403, #1306, #1766, #627, #2229, #1971, #1998, #845, #668 ),
 ( #1096, #2425, #175, #1792, #2465, #2012, #2212, #1291, #860, #205, #1520, #1548, #2911 ),
 ( #641, #1562, #1777, #2699, #11, #2239, #2199, #2436, #902, #2685, #2673, #1751, #1805 ),
 ( #2884, #1067, #432, #1533, #189, #1082, #872, #2477, #1985, #2027, #2716, #652, #445 ),
 ( #887, #1346, #1332, #2661, #218, #2899, #681, #390, #2923, #1108, #2451, #417, #1318 ),
 ( #2252, #228, #1123, #740, #2790, #1619, #947, #1357, #2728, #1573, #1818, #1634, #477 ),
 ( #1413, #1179, #1833, #2304, #1878, #2746, #2092, #523, #976, #2271, #2536, #1384, #243 ),
 ( #2335, #270, #2490, #1847, #961, #929, #1603, #2504, #1372, #710, #693, #1165, #1137 ),
 ( #23, #2775, #300, #2073, #460, #2043, #1862, #507, #73, #2287, #915, #41, #58 ),
 ( #724, #2761, #2059, #2520, #2549, #1399, #1192, #2107, #2321, #1585, #256, #84, #284 ),
 ( #1149, #492, #98, #564, #1458, #1036, #1490, #2396, #2380, #2348, #2852, #2139, #2594 ),
 ( #315, #1939, #812, #2627, #2804, #780, #754, #1718, #1273, #2122, #1909, #579, #1479 ),
 ( #371, #1240, #328, #2613, #359, #2166, #594, #1255, #1224, #548, #158, #1205, #992 ),
 ( #345, #2409, #140, #1005, #2152, #1053, #2819, #2184, #1953, #1654, #537, #1704, #125 ),
 ( #2565, #1428, #1021, #1893, #1923, #768, #111, #1685, #1670, #2579, #2835, #1440, #794 ),
 ( #2361, #1289, #1105, #2697, #1531, #2870, #607, #2237, #2908, #2462, #2658, #1733, #1304 ),
 ( #870, #216, #1995, #858, #1762, #1329, #842, #1749, #2449, #1983, #2882, #1775, #2010 ),
 ( #2197, #624, #2683, #171, #2671, #639, #2920, #666, #1544, #415, #1506, #884, #2210 ),
 ( #1560, #2423, #1788, #2475, #441, #1969, #2896, #828, #1343, #2249, #1065, #1079, #650 ),
 ( #1315, #226, #2227, #2434, #430, #1119, #2640, #1518, #203, #388, #401, #187, #1094 ) ),
 .UNSPECIFIED., .F., .F., .F.,
 ( 4, 3, 3, 3, 3, 3, 3, 3, 4 ),
 ( 4, 3, 3, 3, 4 ),
 ( 0.5000000000000000000, 0.5625000000000000000, 0.6250000000000000000, 0.6875000000000000000, 0.7500000000000000000, 0.8125000000000000000, 0.8750000000000000000, 0.9375000000000000000, 1.000000000000000000 ),
 ( 0.000000000000000000, 0.2500000000000000000, 0.5000000000000000000, 0.7500000000000000000, 1.000000000000000000 ),
 .UNSPECIFIED. ) ;
#1641 = VECTOR ( 'NONE', #2172, 1000.000000000000114 ) ;
#1642 = CARTESIAN_POINT ( 'NONE',  ( 380.0668543473439058, -22.62494551218220451, -50.75217844953009916 ) ) ;
#1643 = CARTESIAN_POINT ( 'NONE',  ( 297.6325669213551350, -17.00298525822507756, -15.43020960367185346 ) ) ;
#1644 = EDGE_CURVE ( 'NONE', #572, #115, #2843, .T. ) ;
#1645 = ORIENTED_EDGE ( 'NONE', *, *, #1778, .F. ) ;
#1646 = ORIENTED_EDGE ( 'NONE', *, *, #1124, .T. ) ;
#1647 = CARTESIAN_POINT ( 'NONE',  ( 332.6355751711058133, -20.62991790962606586, -11.96589507722396029 ) ) ;
#1648 = LINE ( 'NONE', #1000, #1546 ) ;
#1649 = CARTESIAN_POINT ( 'NONE',  ( 397.1348567779413656, -25.90329122678411622, -51.93723942554478157 ) ) ;
#1650 = EDGE_CURVE ( 'NONE', #1596, #179, #1604, .T. ) ;
#1651 = CARTESIAN_POINT ( 'NONE',  ( 323.1180022058960617, -22.23670956677037225, -25.11288010289851869 ) ) ;
#1652 = CYLINDRICAL_SURFACE ( 'NONE', #1635, 3.200000000000005507 ) ;
#1653 = B_SPLINE_CURVE_WITH_KNOTS ( 'NONE', 3,
 ( #1990, #2863, #2455, #210 ),
 .UNSPECIFIED., .F., .F.,
 ( 4, 4 ),
 ( 0.8343257283413064718, 0.8354279237593539298 ),
 .UNSPECIFIED. ) ;
#1654 = CARTESIAN_POINT ( 'NONE',  ( 372.0283398216847672, -20.48190768071770052, -36.76823573673482315 ) ) ;
#1655 = EDGE_LOOP ( 'NONE', ( #2883, #1888, #2458, #163 ) ) ;
#1656 = CARTESIAN_POINT ( 'NONE',  ( 323.0495650428829890, -24.94234274148788444, -17.51070022234861767 ) ) ;
#1657 = VERTEX_POINT ( 'NONE', #1771 ) ;
#1658 = CARTESIAN_POINT ( 'NONE',  ( 388.4193866336775045, -20.96440769379007563, -52.89159028411894781 ) ) ;
#1659 = EDGE_LOOP ( 'NONE', ( #866, #2211, #2350, #2019 ) ) ;
#1660 = CARTESIAN_POINT ( 'NONE',  ( 397.0727121757923328, -21.96245093164104389, -53.36058482326665597 ) ) ;
#1661 = ORIENTED_EDGE ( 'NONE', *, *, #2928, .F. ) ;
#1662 = ORIENTED_EDGE ( 'NONE', *, *, #926, .F. ) ;
#1663 = CARTESIAN_POINT ( 'NONE',  ( 332.2823816274943169, -16.92670918791697332, -14.73460928347087240 ) ) ;
#1664 = CARTESIAN_POINT ( 'NONE',  ( 397.7576126843295015, -22.00000000000000711, -60.59936978000927610 ) ) ;
#1665 = CARTESIAN_POINT ( 'NONE',  ( 398.5144090551179943, -12.50000000000011724, -43.26588313556413823 ) ) ;
#1666 = CARTESIAN_POINT ( 'NONE',  ( 297.5323095416305250, -25.43724857218110103, -17.72648112338490378 ) ) ;
#1667 = VERTEX_POINT ( 'NONE', #398 ) ;
#1668 = CARTESIAN_POINT ( 'NONE',  ( 397.3386787753540830, -16.15613811686583645, -47.26894818319451019 ) ) ;
#1669 = FACE_OUTER_BOUND ( 'NONE', #968, .T. ) ;
#1670 = CARTESIAN_POINT ( 'NONE',  ( 363.7025256522173891, -20.93886863929795084, -33.83639396973070745 ) ) ;
#1671 = ORIENTED_EDGE ( 'NONE', *, *, #126, .T. ) ;
#1672 = CARTESIAN_POINT ( 'NONE',  ( 339.5159595544407125, -20.91901348340320510, -32.05193579461499098 ) ) ;
#1673 = CARTESIAN_POINT ( 'NONE',  ( 314.7965297085941643, -24.68424076030775183, -14.62769734589413240 ) ) ;
#1674 = VERTEX_POINT ( 'NONE', #1300 ) ;
#1675 = CARTESIAN_POINT ( 'NONE',  ( 397.0380641176159884, -21.71796675670471899, -54.15415582444396847 ) ) ;
#1676 = B_SPLINE_CURVE_WITH_KNOTS ( 'NONE', 3,
 ( #196, #2277, #2470, #2705 ),
 .UNSPECIFIED., .F., .F.,
 ( 4, 4 ),
 ( 0.000000000000000000, 1.000000000000000000 ),
 .UNSPECIFIED. ) ;
#1677 = CARTESIAN_POINT ( 'NONE',  ( 397.1722047153996300, -15.29566300321887340, -51.08183102228458239 ) ) ;
#1678 = CARTESIAN_POINT ( 'NONE',  ( 400.4534792893364852, -35.78284161824642950, -44.70504436118785918 ) ) ;
#1679 = B_SPLINE_CURVE_WITH_KNOTS ( 'NONE', 3,
 ( #2453, #1281, #862, #1768 ),
 .UNSPECIFIED., .F., .F.,
 ( 4, 4 ),
 ( 0.000000000000000000, 1.000000000000000000 ),
 .UNSPECIFIED. ) ;
#1680 = DIRECTION ( 'NONE',  ( 0.9990482215818581313, -1.396470906136659719E-17, -0.04361938736532944977 ) ) ;
#1681 = CARTESIAN_POINT ( 'NONE',  ( 306.3135818302832831, -25.71229244400684166, -18.13051026732096815 ) ) ;
#1682 = EDGE_LOOP ( 'NONE', ( #1308, #1779, #2900, #49 ) ) ;
#1683 = CARTESIAN_POINT ( 'NONE',  ( 297.8579859353703796, -22.29493861483499728, -10.26726535650573879 ) ) ;
#1684 = CARTESIAN_POINT ( 'NONE',  ( 277.4759364518326379, -22.00000000000000000, -18.58123560291222987 ) ) ;
#1685 = CARTESIAN_POINT ( 'NONE',  ( 355.5409551573682165, -20.65220229143636388, -30.32369808356253671 ) ) ;
#1686 = EDGE_CURVE ( 'NONE', #2805, #2701, #168, .T. ) ;
#1687 = EDGE_LOOP ( 'NONE', ( #2202, #147, #2809, #676, #1661, #360, #848, #1511, #1466, #2647, #654, #462, #1522, #1284, #1385 ) ) ;
#1688 = CARTESIAN_POINT ( 'NONE',  ( 323.0943586840503485, -21.03825631497329240, -25.00985303967702578 ) ) ;
#1689 = CARTESIAN_POINT ( 'NONE',  ( 323.0639446713090592, -25.29610810289652179, -17.93670856898880572 ) ) ;
#1690 = ORIENTED_EDGE ( 'NONE', *, *, #675, .F. ) ;
#1691 = CIRCLE ( 'NONE', #560, 3.200000000000005507 ) ;
#1692 = B_SPLINE_CURVE_WITH_KNOTS ( 'NONE', 3,
 ( #2263, #2497, #7, #2724 ),
 .UNSPECIFIED., .F., .F.,
 ( 4, 4 ),
 ( 0.000000000000000000, 1.000000000000000000 ),
 .UNSPECIFIED. ) ;
#1693 = CARTESIAN_POINT ( 'NONE',  ( 397.0378037477372004, -21.92034483317591764, -54.16011927510476198 ) ) ;
#1694 = ORIENTED_EDGE ( 'NONE', *, *, #534, .F. ) ;
#1695 = VECTOR ( 'NONE', #2248, 1000.000000000000114 ) ;
#1696 = DIRECTION ( 'NONE',  ( 0.9990482215818580203, -1.396470906136659411E-17, -0.04361938736532944977 ) ) ;
#1697 = CARTESIAN_POINT ( 'NONE',  ( 277.8423393057014437, -22.00000000000000000, -10.18923054162462094 ) ) ;
#1698 = CARTESIAN_POINT ( 'NONE',  ( 397.1695162511164199, -27.57112107340774187, -51.14340697791222112 ) ) ;
#1699 = AXIS2_PLACEMENT_3D ( 'NONE', #2528, #274, #1155 ) ;
#1700 = CARTESIAN_POINT ( 'NONE',  ( 355.6376879458824760, -25.54401601793400189, -38.80609753987982202 ) ) ;
#1701 =( GEOMETRIC_REPRESENTATION_CONTEXT ( 3 ) GLOBAL_UNCERTAINTY_ASSIGNED_CONTEXT ( ( #2366 ) ) GLOBAL_UNIT_ASSIGNED_CONTEXT ( ( #45, #2526, #758 ) ) REPRESENTATION_CONTEXT ( 'NONE', 'WORKASPACE' ) );
#1702 = CARTESIAN_POINT ( 'NONE',  ( 397.5572749269744577, -26.07974546947935934, -42.26227317668761430 ) ) ;
#1703 = CARTESIAN_POINT ( 'NONE',  ( 297.7937987400341626, -19.71432708315250082, -11.73739382970314260 ) ) ;
#1704 = CARTESIAN_POINT ( 'NONE',  ( 388.8222752379384133, -20.79255424380277617, -41.41867670584031202 ) ) ;
#1705 = ORIENTED_EDGE ( 'NONE', *, *, #162, .F. ) ;
#1706 = CARTESIAN_POINT ( 'NONE',  ( 363.7544214490432068, -18.44988574405470061, -43.05856768020673542 ) ) ;
#1707 = CARTESIAN_POINT ( 'NONE',  ( 397.3152590605725436, -27.89143129824007517, -47.80534783975743807 ) ) ;
#1708 = ORIENTED_EDGE ( 'NONE', *, *, #495, .T. ) ;
#1709 = ADVANCED_FACE ( 'NONE', ( #1950 ), #1515, .T. ) ;
#1710 = LINE ( 'NONE', #1738, #148 ) ;
#1711 = ORIENTED_EDGE ( 'NONE', *, *, #2893, .T. ) ;
#1712 = LINE ( 'NONE', #852, #2420 ) ;
#1713 = CARTESIAN_POINT ( 'NONE',  ( 297.6471622281128475, -26.19688007919188166, -15.09592211957523133 ) ) ;
#1714 = CARTESIAN_POINT ( 'NONE',  ( 277.6591378787670692, -22.00000000000000000, -14.38523307226842540 ) ) ;
#1715 = VERTEX_POINT ( 'NONE', #184 ) ;
#1716 = CARTESIAN_POINT ( 'NONE',  ( 362.3147524679744720, -28.92263707212481094, -43.83013646298115162 ) ) ;
#1717 = CARTESIAN_POINT ( 'NONE',  ( 397.3647292409457350, -28.68384561153906276, -46.67229442685274421 ) ) ;
#1718 = CARTESIAN_POINT ( 'NONE',  ( 355.5596334535571259, -18.92265711860834188, -31.19973451261783026 ) ) ;
#1719 = ORIENTED_EDGE ( 'NONE', *, *, #2598, .F. ) ;
#1720 = CARTESIAN_POINT ( 'NONE',  ( 397.1575758986676874, -17.57585962565561388, -51.41688601096225852 ) ) ;
#1721 = B_SPLINE_CURVE_WITH_KNOTS ( 'NONE', 3,
 ( #1725, #1495, #1754, #380, #2664, #1263 ),
 .UNSPECIFIED., .F., .F.,
 ( 4, 2, 4 ),
 ( 0.000000000000000000, 0.5000000000000002220, 1.000000000000000000 ),
 .UNSPECIFIED. ) ;
#1722 = CARTESIAN_POINT ( 'NONE',  ( 388.5608998421944307, -27.87655812886765005, -46.65990371930048042 ) ) ;
#1723 = EDGE_CURVE ( 'NONE', #2551, #1290, #2332, .T. ) ;
#1724 = VERTEX_POINT ( 'NONE', #2667 ) ;
#1725 = CARTESIAN_POINT ( 'NONE',  ( 397.3401371879027124, -15.35683120332280538, -47.23554504410580535 ) ) ;
#1726 = EDGE_CURVE ( 'NONE', #2610, #1102, #1101, .T. ) ;
#1727 = LINE ( 'NONE', #1485, #199 ) ;
#1728 = CARTESIAN_POINT ( 'NONE',  ( 399.3436336758239804, -22.00000000000000711, -57.51561599370614175 ) ) ;
#1729 = ORIENTED_EDGE ( 'NONE', *, *, #964, .F. ) ;
#1730 = CARTESIAN_POINT ( 'NONE',  ( 397.3382563155595335, -15.35516915488360645, -47.27862410328189924 ) ) ;
#1731 = CARTESIAN_POINT ( 'NONE',  ( 362.6641839937237251, -26.07974546947934869, -40.73880792554965780 ) ) ;
#1732 = CARTESIAN_POINT ( 'NONE',  ( 297.4221355887124787, -22.17275320687248552, -20.24987951056350255 ) ) ;
#1733 = CARTESIAN_POINT ( 'NONE',  ( 388.8119346643441645, -22.28831239674677533, -41.24845363364295991 ) ) ;
#1734 = VERTEX_POINT ( 'NONE', #2916 ) ;
#1735 = CARTESIAN_POINT ( 'NONE',  ( 397.1333312849251911, -18.12914576529879440, -51.97217895993438219 ) ) ;
#1736 = CARTESIAN_POINT ( 'NONE',  ( 331.3034209738730738, -25.88434008249864604, -21.54269275777501136 ) ) ;
#1737 = ORIENTED_EDGE ( 'NONE', *, *, #1796, .F. ) ;
#1738 = CARTESIAN_POINT ( 'NONE',  ( 397.7554317149612189, -22.00000000000000711, -60.64932219108837330 ) ) ;
#1739 = CARTESIAN_POINT ( 'NONE',  ( 297.4568997825824113, -22.00000003275958704, -19.45364856468724923 ) ) ;
#1740 = CARTESIAN_POINT ( 'NONE',  ( 397.4394004741452022, -27.26026911873135461, -44.96204200843727250 ) ) ;
#1741 = ORIENTED_EDGE ( 'NONE', *, *, #948, .T. ) ;
#1742 = DIRECTION ( 'NONE',  ( -0.6755902076156641289, 0.000000000000000000, 0.7372773368101205316 ) ) ;
#1743 = AXIS2_PLACEMENT_3D ( 'NONE', #20, #2544, #1381 ) ;
#1744 = ORIENTED_EDGE ( 'NONE', *, *, #2909, .T. ) ;
#1745 = ORIENTED_EDGE ( 'NONE', *, *, #821, .F. ) ;
#1746 = CARTESIAN_POINT ( 'NONE',  ( 362.7826089399708849, -24.68067438931925395, -39.90965665551248520 ) ) ;
#1747 = AXIS2_PLACEMENT_3D ( 'NONE', #2431, #865, #647 ) ;
#1748 = CARTESIAN_POINT ( 'NONE',  ( 397.1879195437693966, -26.89115776019598769, -50.72190227766056836 ) ) ;
#1749 = CARTESIAN_POINT ( 'NONE',  ( 355.5310048941278751, -21.94997559533513254, -30.17745650023947235 ) ) ;
#1750 = ORIENTED_EDGE ( 'NONE', *, *, #2816, .T. ) ;
#1751 = CARTESIAN_POINT ( 'NONE',  ( 388.6545044539511764, -16.12344187113235350, -47.61325753437677832 ) ) ;
#1752 = CARTESIAN_POINT ( 'NONE',  ( 310.6063275968036805, -25.67546008006174674, -14.86677798167372266 ) ) ;
#1753 = EDGE_LOOP ( 'NONE', ( #1373, #1229, #2601, #373, #2507, #580, #2595, #851, #1006, #2754, #1231, #1247, #2476, #2157, #525, #2506 ) ) ;
#1754 = CARTESIAN_POINT ( 'NONE',  ( 397.3913846870476050, -15.48569644076947149, -46.06178433874291756 ) ) ;
#1755 = DIRECTION ( 'NONE',  ( 0.003951866161697642314, -0.9958874680857727757, 0.09051261604632175606 ) ) ;
#1756 = CARTESIAN_POINT ( 'NONE',  ( 297.6337725836034451, -17.80250761690911787, -15.40259539821767554 ) ) ;
#1757 = DIRECTION ( 'NONE',  ( 0.9990482215818581313, 0.000000000000000000, -0.04361938736532862404 ) ) ;
#1758 = B_SPLINE_CURVE_WITH_KNOTS ( 'NONE', 3,
 ( #2653, #2445, #1966, #1076 ),
 .UNSPECIFIED., .F., .F.,
 ( 4, 4 ),
 ( 0.000000000000000000, 1.000000000000000000 ),
 .UNSPECIFIED. ) ;
#1759 = EDGE_CURVE ( 'NONE', #179, #809, #1758, .T. ) ;
#1760 = CARTESIAN_POINT ( 'NONE',  ( 397.5708439588507872, -25.62955165424138215, -41.95149125187322880 ) ) ;
#1761 = CARTESIAN_POINT ( 'NONE',  ( 399.3799722943830943, 7.892375086806180384, -23.44122563609137444 ) ) ;
#1762 = CARTESIAN_POINT ( 'NONE',  ( 331.1649024244943007, -20.90595680502993758, -19.38777611502294462 ) ) ;
#1763 = EDGE_CURVE ( 'NONE', #861, #2054, #2550, .T. ) ;
#1764 = B_SPLINE_CURVE_WITH_KNOTS ( 'NONE', 3,
 ( #735, #515, #2147, #2813, #338, #2343 ),
 .UNSPECIFIED., .F., .F.,
 ( 4, 2, 4 ),
 ( 0.000000000000000000, 0.5000000000000000000, 1.000000000000000000 ),
 .UNSPECIFIED. ) ;
#1765 = VERTEX_POINT ( 'NONE', #881 ) ;
#1766 = CARTESIAN_POINT ( 'NONE',  ( 347.5705337949916611, -18.00976842546475254, -34.10353289523514775 ) ) ;
#1767 = ORIENTED_EDGE ( 'NONE', *, *, #2028, .F. ) ;
#1768 = CARTESIAN_POINT ( 'NONE',  ( 397.5708439588505030, -25.62955165425191595, -41.95149125188008554 ) ) ;
#1769 = CARTESIAN_POINT ( 'NONE',  ( 397.0984959791004485, -24.56285299816383372, -52.77003863735139078 ) ) ;
#1770 = DIRECTION ( 'NONE',  ( 0.9990482215818581313, -3.157196726277788912E-16, -0.04361938736532973426 ) ) ;
#1771 = CARTESIAN_POINT ( 'NONE',  ( 297.8008488679403172, -24.01476690957212767, -11.57591935304602337 ) ) ;
#1772 = ORIENTED_EDGE ( 'NONE', *, *, #229, .T. ) ;
#1773 = CARTESIAN_POINT ( 'NONE',  ( 397.6178039513816884, -22.15931012163138547, -40.87593059278971452 ) ) ;
#1774 = CARTESIAN_POINT ( 'NONE',  ( 397.4405254500139222, -27.24765819204676021, -44.93627582489271077 ) ) ;
#1775 = CARTESIAN_POINT ( 'NONE',  ( 388.7991864574687497, -23.03559230620988885, -41.38170932213589737 ) ) ;
#1776 = EDGE_LOOP ( 'NONE', ( #500, #2214, #2049, #1494 ) ) ;
#1777 = CARTESIAN_POINT ( 'NONE',  ( 314.7203102368841314, -18.58371083650781586, -20.31868338676691721 ) ) ;
#1778 = EDGE_CURVE ( 'NONE', #2642, #136, #1262, .T. ) ;
#1779 = ORIENTED_EDGE ( 'NONE', *, *, #212, .F. ) ;
#1780 = CARTESIAN_POINT ( 'NONE',  ( 318.9005924368335059, -23.35869153844182833, -15.12566723301032034 ) ) ;
#1781 = EDGE_CURVE ( 'NONE', #1734, #136, #942, .T. ) ;
#1782 = FACE_OUTER_BOUND ( 'NONE', #394, .T. ) ;
#1783 = CARTESIAN_POINT ( 'NONE',  ( 297.6471622281128475, -26.19688007919188166, -15.09592211957523133 ) ) ;
#1784 = CARTESIAN_POINT ( 'NONE',  ( 397.4549784827105441, -27.97617211868793419, -44.60524695254476768 ) ) ;
#1785 = AXIS2_PLACEMENT_3D ( 'NONE', #2593, #1439, #753 ) ;
#1786 = CARTESIAN_POINT ( 'NONE',  ( 397.5885120372976189, -19.08516282099346029, -41.54682572543894992 ) ) ;
#1787 = CARTESIAN_POINT ( 'NONE',  ( 397.9691667130513224, -22.00000000000000711, -55.75398590533725240 ) ) ;
#1788 = CARTESIAN_POINT ( 'NONE',  ( 314.7525996364299772, -21.46801233439289547, -13.48580672246180256 ) ) ;
#1789 = VECTOR ( 'NONE', #1977, 1000.000000000000114 ) ;
#1790 = MECHANICAL_DESIGN_GEOMETRIC_PRESENTATION_REPRESENTATION (  '', ( #1080 ), #2174 ) ;
#1791 = ORIENTED_EDGE ( 'NONE', *, *, #1859, .T. ) ;
#1792 = CARTESIAN_POINT ( 'NONE',  ( 323.0257959386710240, -18.70145124380126944, -23.51962145361835965 ) ) ;
#1793 = AXIS2_PLACEMENT_3D ( 'NONE', #617, #2204, #2428 ) ;
#1794 = VERTEX_POINT ( 'NONE', #1784 ) ;
#1795 = CARTESIAN_POINT ( 'NONE',  ( 306.3809992362284333, -23.04317341606843073, -11.95273724239126700 ) ) ;
#1796 = EDGE_CURVE ( 'NONE', #2610, #2289, #2416, .T. ) ;
#1797 = CARTESIAN_POINT ( 'NONE',  ( 297.7548294958615998, -18.65399583191022259, -12.62993626182757900 ) ) ;
#1798 = CARTESIAN_POINT ( 'NONE',  ( 297.4564334283738845, -24.69628286816114837, -19.46432983213788859 ) ) ;
#1799 = CARTESIAN_POINT ( 'NONE',  ( 397.1885645934712556, -26.90082412594384209, -50.70712821052361363 ) ) ;
#1800 = CARTESIAN_POINT ( 'NONE',  ( 397.5708439588507872, -25.62955165424138215, -41.95149125187322880 ) ) ;
#1801 = CARTESIAN_POINT ( 'NONE',  ( 397.4561719201873871, -27.96277230255991952, -44.57791274037850826 ) ) ;
#1802 = SURFACE_SIDE_STYLE ('',( #8 ) ) ;
#1803 = CARTESIAN_POINT ( 'NONE',  ( 397.2826631687313466, -27.75774637066163919, -48.55191650433039996 ) ) ;
#1804 = CARTESIAN_POINT ( 'NONE',  ( 297.4795585959376467, -19.97675725062628871, -18.93467641599084317 ) ) ;
#1805 = CARTESIAN_POINT ( 'NONE',  ( 397.3071515541768690, -16.12344187113234639, -47.99104026542718060 ) ) ;
#1806 = EDGE_LOOP ( 'NONE', ( #2614, #962, #339, #349 ) ) ;
#1807 = CARTESIAN_POINT ( 'NONE',  ( 331.2055894776580089, -23.27614169815370815, -19.39514068532873736 ) ) ;
#1808 = CARTESIAN_POINT ( 'NONE',  ( 397.5078220037781875, -16.75251127543916851, -43.39493133525631663 ) ) ;
#1809 = CARTESIAN_POINT ( 'NONE',  ( 397.8950137545302255, -22.00000000000000711, -57.45236788202642231 ) ) ;
#1810 = CARTESIAN_POINT ( 'NONE',  ( 397.1882417698901691, -26.89599727647127025, -50.71452208614473278 ) ) ;
#1811 = EDGE_CURVE ( 'NONE', #553, #1534, #1319, .T. ) ;
#1812 = ORIENTED_EDGE ( 'NONE', *, *, #801, .T. ) ;
#1813 = DIRECTION ( 'NONE',  ( -0.7372773368101194214, 8.659560562354937789E-17, -0.6755902076156652392 ) ) ;
#1814 = CARTESIAN_POINT ( 'NONE',  ( 380.1341104175679675, -19.01984243970165878, -49.89632571681745077 ) ) ;
#1815 = CARTESIAN_POINT ( 'NONE',  ( 397.5572847870255941, -19.44229779019755000, -42.26204734439242827 ) ) ;
#1816 = CARTESIAN_POINT ( 'NONE',  ( 339.5129228471564033, -26.04050859847220778, -29.78967782608461690 ) ) ;
#1817 = CARTESIAN_POINT ( 'NONE',  ( 297.5354569878697930, -26.38687262266114786, -17.65439275263791430 ) ) ;
#1818 = CARTESIAN_POINT ( 'NONE',  ( 380.3141128786933791, -16.48123879799814873, -43.44686852034663360 ) ) ;
#1819 = ORIENTED_EDGE ( 'NONE', *, *, #173, .F. ) ;
#1820 = CARTESIAN_POINT ( 'NONE',  ( 380.2709807867970540, -24.97685999516168565, -40.15996892899534743 ) ) ;
#1821 = CARTESIAN_POINT ( 'NONE',  ( 323.1376039568131660, -23.34854106693849118, -24.86036509719242815 ) ) ;
#1822 = CARTESIAN_POINT ( 'NONE',  ( 297.7774623195722370, -19.13694883687962900, -12.11155937385944803 ) ) ;
#1823 = DIRECTION ( 'NONE',  ( 0.9990482215818580203, -1.396470906136659411E-17, -0.04361938736532944977 ) ) ;
#1824 = CARTESIAN_POINT ( 'NONE',  ( 397.0380641176159884, -21.71796675670471899, -54.15415582444396847 ) ) ;
#1825 = ORIENTED_EDGE ( 'NONE', *, *, #2051, .T. ) ;
#1826 = CARTESIAN_POINT ( 'NONE',  ( 332.7232866984313659, -21.82724679312763882, -11.78761040660896064 ) ) ;
#1827 = CARTESIAN_POINT ( 'NONE',  ( 397.0846734023771774, -18.37582456514863338, -53.08662769389643188 ) ) ;
#1828 = CARTESIAN_POINT ( 'NONE',  ( 297.7941977351602532, -19.72845762978930750, -11.72825533887751526 ) ) ;
#1829 = CARTESIAN_POINT ( 'NONE',  ( 347.5713547815930724, -26.02089137269203079, -34.06468824274700324 ) ) ;
#1830 = ADVANCED_FACE ( 'NONE', ( #1527, #1267, #838, #2693 ), #661, .F. ) ;
#1831 = CARTESIAN_POINT ( 'NONE',  ( 397.4672132041826558, -17.10078381532032310, -44.32502576039964026 ) ) ;
#1832 = B_SPLINE_CURVE_WITH_KNOTS ( 'NONE', 3,
 ( #1078, #2461, #1968, #370, #386 ),
 .UNSPECIFIED., .F., .F.,
 ( 4, 1, 4 ),
 ( 0.5843395289650938906, 0.5848161212366540518, 0.5852927135082141019 ),
 .UNSPECIFIED. ) ;
#1833 = CARTESIAN_POINT ( 'NONE',  ( 314.6864958370193790, -17.76134117348825114, -18.27870618804833924 ) ) ;
#1834 = CIRCLE ( 'NONE', #1358, 3.200000000000005507 ) ;
#1835 = VERTEX_POINT ( 'NONE', #2419 ) ;
#1836 = CIRCLE ( 'NONE', #2695, 1.699999999999999067 ) ;
#1837 = CARTESIAN_POINT ( 'NONE',  ( 371.9501364705188280, -25.31942285619611965, -37.61216787753338053 ) ) ;
#1838 = CARTESIAN_POINT ( 'NONE',  ( 318.9787817000279802, -22.95262145727135561, -23.47089068984346483 ) ) ;
#1839 = CARTESIAN_POINT ( 'NONE',  ( 297.4793557528681163, -19.98523309042710139, -18.93932228610339408 ) ) ;
#1840 = CARTESIAN_POINT ( 'NONE',  ( 314.7665559024742379, -22.05696116614001312, -13.49412003946918759 ) ) ;
#1841 = ORIENTED_EDGE ( 'NONE', *, *, #301, .F. ) ;
#1842 = CARTESIAN_POINT ( 'NONE',  ( 397.4218965633701259, -28.92263707212481094, -45.36294747701072794 ) ) ;
#1843 = CARTESIAN_POINT ( 'NONE',  ( 397.5142109979670977, -26.02836320325932462, -43.24859931026714577 ) ) ;
#1844 = CARTESIAN_POINT ( 'NONE',  ( 399.9672631562149832, -22.00000000000000711, -55.84122468006790996 ) ) ;
#1845 = CARTESIAN_POINT ( 'NONE',  ( 397.1885645934714830, -26.90082412594384564, -50.70712821052362784 ) ) ;
#1846 = CARTESIAN_POINT ( 'NONE',  ( 397.5572847870255941, -19.44229779019755000, -42.26204734439242827 ) ) ;
#1847 = CARTESIAN_POINT ( 'NONE',  ( 322.9441438691094390, -17.71044744584688502, -20.36729962603405752 ) ) ;
#1848 = ORIENTED_EDGE ( 'NONE', *, *, #475, .F. ) ;
#1849 = CARTESIAN_POINT ( 'NONE',  ( 302.1191308871366914, -25.25838017461632035, -12.74791579760139015 ) ) ;
#1850 = CARTESIAN_POINT ( 'NONE',  ( 339.5371703810835697, -23.90844211046116641, -31.80251173271390286 ) ) ;
#1851 = CARTESIAN_POINT ( 'NONE',  ( 397.5567273140662792, -26.12630584593004812, -42.27481557434539639 ) ) ;
#1852 = VERTEX_POINT ( 'NONE', #2865 ) ;
#1853 = VERTEX_POINT ( 'NONE', #384 ) ;
#1854 = CARTESIAN_POINT ( 'NONE',  ( 332.9781486971808704, -26.92073867146669741, -14.41915155719914843 ) ) ;
#1855 = B_SPLINE_SURFACE_WITH_KNOTS ( 'NONE', 3, 3, ( 
 ( #677, #337, #2782, #2133 ),
 ( #1433, #2355, #309, #501 ),
 ( #1172, #1234, #50, #2572 ),
 ( #2315, #2085, #2328, #734 ),
 ( #1872, #1628, #106, #939 ),
 ( #2342, #2755, #66, #1842 ),
 ( #999, #1854, #1902, #2812 ),
 ( #1419, #774, #321, #556 ),
 ( #955, #1217, #2115, #2542 ),
 ( #276, #2798, #78, #1677 ),
 ( #719, #2769, #91, #2587 ),
 ( #1450, #1663, #970, #292 ),
 ( #1185, #1198, #2100, #2373 ),
 ( #748, #1647, #514, #542 ),
 ( #2559, #985, #1614, #1886 ),
 ( #2530, #761, #530, #1393 ),
 ( #1406, #132, #822, #1264 ),
 ( #1497, #2402, #1045, #573 ) ),
 .UNSPECIFIED., .T., .F., .F.,
 ( 4, 1, 1, 1, 1, 2, 2, 2, 1, 1, 1, 1, 4 ),
 ( 4, 4 ),
 ( 0.000000000000000000, 0.01249999999999995559, 0.02499999999999991118, 0.03750000000000008882, 0.05000000000000004441, 0.2500000000000000000, 0.5000000000000000000, 0.7500000000000000000, 0.9499999999999999556, 0.9625000000000000222, 0.9749999999999999778, 0.9875000000000000444, 1.000000000000000000 ),
 ( 0.000000000000000000, 1.000000000000000000 ),
 .UNSPECIFIED. ) ;
#1856 = DIRECTION ( 'NONE',  ( -0.04361938736533296085, 0.000000000000000000, -0.9990482215818579093 ) ) ;
#1857 = FILL_AREA_STYLE ('',( #473 ) ) ;
#1858 = CARTESIAN_POINT ( 'NONE',  ( 388.4618742613523636, -27.34253505677767038, -49.64746978040349035 ) ) ;
#1859 = EDGE_CURVE ( 'NONE', #1734, #2060, #1935, .T. ) ;
#1860 = CARTESIAN_POINT ( 'NONE',  ( 371.9360878753693100, -19.33860154147668453, -46.86512285217117579 ) ) ;
#1861 = CYLINDRICAL_SURFACE ( 'NONE', #2837, 3.199999999999998845 ) ;
#1862 = CARTESIAN_POINT ( 'NONE',  ( 347.4503067672068823, -17.67294666266653991, -29.27480348758209416 ) ) ;
#1863 = PRODUCT_DEFINITION ( 'UNKNOWN', '', #1362, #2842 ) ;
#1864 = B_SPLINE_CURVE_WITH_KNOTS ( 'NONE', 3,
 ( #2494, #2527, #2048, #1377 ),
 .UNSPECIFIED., .F., .F.,
 ( 4, 4 ),
 ( 0.000000000000000000, 1.000000000000000000 ),
 .UNSPECIFIED. ) ;
#1865 = ORIENTED_EDGE ( 'NONE', *, *, #587, .T. ) ;
#1866 = EDGE_CURVE ( 'NONE', #2424, #319, #663, .T. ) ;
#1867 = CARTESIAN_POINT ( 'NONE',  ( 310.5991140534277974, -24.98408119276941619, -14.02634758449235974 ) ) ;
#1868 = CARTESIAN_POINT ( 'NONE',  ( 323.1538746334978214, -24.37385544857421849, -24.40059852229654069 ) ) ;
#1869 = B_SPLINE_CURVE_WITH_KNOTS ( 'NONE', 3,
 ( #2869, #1505, #2196, #706, #265, #455 ),
 .UNSPECIFIED., .F., .F.,
 ( 4, 2, 4 ),
 ( 0.000000000000000000, 0.5000000000000000000, 1.000000000000000000 ),
 .UNSPECIFIED. ) ;
#1870 = CARTESIAN_POINT ( 'NONE',  ( 297.4941516584738679, -19.36981208606788485, -18.60044033302852995 ) ) ;
#1871 = VERTEX_POINT ( 'NONE', #731 ) ;
#1872 = CARTESIAN_POINT ( 'NONE',  ( 297.8537586096023801, -23.03428190519700181, -10.36408703479373195 ) ) ;
#1873 = CARTESIAN_POINT ( 'NONE',  ( 297.7579737876606600, -26.20686159223181377, -12.55792013964556020 ) ) ;
#1874 = CARTESIAN_POINT ( 'NONE',  ( 297.4864058807788183, -24.28567291700570152, -18.77784780934424447 ) ) ;
#1875 = CARTESIAN_POINT ( 'NONE',  ( 331.4007952467227369, -26.34925956443447959, -24.36610987551714658 ) ) ;
#1876 = CARTESIAN_POINT ( 'NONE',  ( 355.6737762274086094, -21.39370359218731110, -40.30701811109974386 ) ) ;
#1877 = CARTESIAN_POINT ( 'NONE',  ( 297.6330423926170283, -17.80311992087765205, -15.41931952137754536 ) ) ;
#1878 = CARTESIAN_POINT ( 'NONE',  ( 331.2215889093139936, -17.56223315313568278, -23.64582600217264030 ) ) ;
#1879 = VERTEX_POINT ( 'NONE', #2050 ) ;
#1880 = EDGE_LOOP ( 'NONE', ( #1071, #784, #2901, #336, #306, #1401, #1465, #781, #2241, #2186, #954, #1280, #1645, #1767, #1241, #712 ) ) ;
#1881 = CARTESIAN_POINT ( 'NONE',  ( 388.6163061165005388, -27.56708445148089837, -45.19439761523688759 ) ) ;
#1882 = AXIS2_PLACEMENT_3D ( 'NONE', #2258, #1611, #2278 ) ;
#1883 = AXIS2_PLACEMENT_3D ( 'NONE', #325, #1222, #1003 ) ;
#1884 = CARTESIAN_POINT ( 'NONE',  ( 339.5318235936342148, -22.75362956913807366, -32.12169599194103142 ) ) ;
#1885 = CARTESIAN_POINT ( 'NONE',  ( 397.0728891236881850, -21.77460034032951341, -53.35653205014470757 ) ) ;
#1886 = CARTESIAN_POINT ( 'NONE',  ( 397.5936328957066053, -24.68067438931927526, -41.42953878503054455 ) ) ;
#1887 = CARTESIAN_POINT ( 'NONE',  ( 397.0671581041129912, -24.91483718058555041, -53.48779397884833031 ) ) ;
#1888 = ORIENTED_EDGE ( 'NONE', *, *, #2793, .F. ) ;
#1889 = CYLINDRICAL_SURFACE ( 'NONE', #614, 5.849137931034494642 ) ;
#1890 = CARTESIAN_POINT ( 'NONE',  ( 310.5741318252657948, -25.68333142058500940, -19.16510260377414809 ) ) ;
#1891 = CARTESIAN_POINT ( 'NONE',  ( 363.7380652917607904, -19.65736064452906007, -43.83391997503955650 ) ) ;
#1892 = CARTESIAN_POINT ( 'NONE',  ( 398.5144090551179943, -31.50000000000011724, -43.26588313556414533 ) ) ;
#1893 = CARTESIAN_POINT ( 'NONE',  ( 322.9297770050531540, -19.62811891281695154, -17.05705861294331172 ) ) ;
#1894 = ORIENTED_EDGE ( 'NONE', *, *, #2065, .F. ) ;
#1895 = CARTESIAN_POINT ( 'NONE',  ( 355.6832902794373581, -18.43076046410438451, -38.78049495067642738 ) ) ;
#1896 = CARTESIAN_POINT ( 'NONE',  ( 397.4706338223660964, -26.84836965488429428, -44.24668072349669501 ) ) ;
#1897 = VERTEX_POINT ( 'NONE', #1365 ) ;
#1898 = DIRECTION ( 'NONE',  ( -0.9990482215818580203, -0.000000000000000000, 0.04361938736532974120 ) ) ;
#1899 = EDGE_CURVE ( 'NONE', #72, #42, #1468, .T. ) ;
#1900 = B_SPLINE_CURVE_WITH_KNOTS ( 'NONE', 3,
 ( #2356, #1917, #749, #2389, #133 ),
 .UNSPECIFIED., .F., .F.,
 ( 4, 1, 4 ),
 ( 0.1650181410763720546, 0.1653393060616256960, 0.1656604710468793373 ),
 .UNSPECIFIED. ) ;
#1901 = ORIENTED_EDGE ( 'NONE', *, *, #608, .T. ) ;
#1902 = CARTESIAN_POINT ( 'NONE',  ( 362.0425407400211384, -29.17368430327048401, -47.14755838956556033 ) ) ;
#1903 = CARTESIAN_POINT ( 'NONE',  ( 297.8232663926457349, -19.28575529316272608, -11.06247362302482173 ) ) ;
#1904 = CARTESIAN_POINT ( 'NONE',  ( 297.6330423926170283, -17.80311992087765205, -15.41931952137754536 ) ) ;
#1905 = EDGE_CURVE ( 'NONE', #1225, #286, #1330, .T. ) ;
#1906 = CARTESIAN_POINT ( 'NONE',  ( 310.5532699154159673, -24.99400073899364116, -20.00771820169805082 ) ) ;
#1907 = CARTESIAN_POINT ( 'NONE',  ( 388.4490781607849499, -19.48513973346230443, -52.47727976464651078 ) ) ;
#1908 = CARTESIAN_POINT ( 'NONE',  ( 277.4410409419404573, -22.00000000000000000, -19.38047418017771406 ) ) ;
#1909 = CARTESIAN_POINT ( 'NONE',  ( 380.3546238438784144, -19.27804673310134120, -39.95906105700118616 ) ) ;
#1910 = VERTEX_POINT ( 'NONE', #2721 ) ;
#1911 = CARTESIAN_POINT ( 'NONE',  ( 339.5089404775536650, -20.29744133891298929, -31.89820781502250568 ) ) ;
#1912 = CARTESIAN_POINT ( 'NONE',  ( 314.8059261372470701, -25.05967715519315320, -15.02212187424090217 ) ) ;
#1913 = ORIENTED_EDGE ( 'NONE', *, *, #2876, .T. ) ;
#1914 = CARTESIAN_POINT ( 'NONE',  ( 397.5829309507557809, -22.11267140577512436, -41.67465362309898325 ) ) ;
#1915 = VERTEX_POINT ( 'NONE', #2753 ) ;
#1916 = CARTESIAN_POINT ( 'NONE',  ( 397.6178663951134808, -20.99422014638448886, -40.87450039619702125 ) ) ;
#1917 = CARTESIAN_POINT ( 'NONE',  ( 397.3178346612675114, -27.84461685492616567, -47.74635688529187405 ) ) ;
#1918 = DIRECTION ( 'NONE',  ( 0.9990482215818581313, -3.157196726277788912E-16, -0.04361938736532973426 ) ) ;
#1919 = CARTESIAN_POINT ( 'NONE',  ( 371.8646449076340446, -24.83623166542371763, -46.81447098484528624 ) ) ;
#1920 = ORIENTED_EDGE ( 'NONE', *, *, #1073, .T. ) ;
#1921 = CARTESIAN_POINT ( 'NONE',  ( 347.6002976280072403, -21.13326395965390603, -36.19421325030504732 ) ) ;
#1922 = DIRECTION ( 'NONE',  ( -0.04361938736531432992, 0.000000000000000000, -0.9990482215818586864 ) ) ;
#1923 = CARTESIAN_POINT ( 'NONE',  ( 331.1538600015217639, -19.82754497161502982, -19.78846073101523473 ) ) ;
#1924 = VERTEX_POINT ( 'NONE', #2512 ) ;
#1925 = CARTESIAN_POINT ( 'NONE',  ( 314.7540445258844670, -19.79044731133202006, -21.42329617220738669 ) ) ;
#1926 = CARTESIAN_POINT ( 'NONE',  ( 297.7171495767274223, -25.81133863827735198, -13.49294829556048825 ) ) ;
#1927 = ORIENTED_EDGE ( 'NONE', *, *, #1422, .F. ) ;
#1928 = CIRCLE ( 'NONE', #653, 3.149999999999997247 ) ;
#1929 = CARTESIAN_POINT ( 'NONE',  ( 398.4553828461727676, -35.78284161824642950, -44.61780558645720163 ) ) ;
#1930 = VECTOR ( 'NONE', #1104, 1000.000000000000114 ) ;
#1931 = CARTESIAN_POINT ( 'NONE',  ( 397.6077447507838656, -19.98914400314955131, -41.10632416488783036 ) ) ;
#1932 = CARTESIAN_POINT ( 'NONE',  ( 297.6466754517392133, -26.19729946079076655, -15.10707113152113124 ) ) ;
#1933 = DIRECTION ( 'NONE',  ( -0.04361938736533216288, 0.000000000000000000, -0.9990482215818579093 ) ) ;
#1934 = CIRCLE ( 'NONE', #195, 6.649137931034488247 ) ;
#1935 = B_SPLINE_CURVE_WITH_KNOTS ( 'NONE', 3,
 ( #1062, #825, #1285, #2279, #2017 ),
 .UNSPECIFIED., .F., .F.,
 ( 4, 1, 4 ),
 ( 0.5000000000000000000, 0.5002275160460492032, 0.5004550320920985174 ),
 .UNSPECIFIED. ) ;
#1936 = CARTESIAN_POINT ( 'NONE',  ( 331.4488471086526147, -25.08383742155229967, -26.93989721630778789 ) ) ;
#1937 = CARTESIAN_POINT ( 'NONE',  ( 297.8179670490759463, -18.38044236673318821, -11.18384854570340714 ) ) ;
#1938 = CARTESIAN_POINT ( 'NONE',  ( 398.3557973400054379, -34.04771902119393445, -46.89868867173586864 ) ) ;
#1939 = CARTESIAN_POINT ( 'NONE',  ( 306.3266750092454345, -18.27071809795655000, -13.62718033221145575 ) ) ;
#1940 = EDGE_CURVE ( 'NONE', #271, #308, #329, .T. ) ;
#1941 = VERTEX_POINT ( 'NONE', #895 ) ;
#1942 = CARTESIAN_POINT ( 'NONE',  ( 371.9494144890328471, -18.67491153962205530, -46.49331326586775504 ) ) ;
#1943 = CARTESIAN_POINT ( 'NONE',  ( 323.1346743851532892, -26.33796804019522142, -20.49216111679139019 ) ) ;
#1944 = ADVANCED_FACE ( 'NONE', ( #1578 ), #468, .F. ) ;
#1945 = ORIENTED_EDGE ( 'NONE', *, *, #1275, .T. ) ;
#1946 = CARTESIAN_POINT ( 'NONE',  ( 297.6464320372049883, -26.19749238309088568, -15.11264624093232101 ) ) ;
#1947 = ORIENTED_EDGE ( 'NONE', *, *, #2924, .F. ) ;
#1948 = DIRECTION ( 'NONE',  ( 0.04361938736531432992, 0.000000000000000000, 0.9990482215818586864 ) ) ;
#1949 = DIRECTION ( 'NONE',  ( 0.9990482215818581313, -1.396470906136659719E-17, -0.04361938736532944977 ) ) ;
#1950 = FACE_OUTER_BOUND ( 'NONE', #393, .T. ) ;
#1951 = CARTESIAN_POINT ( 'NONE',  ( 332.6355751711058133, -20.62991790962606586, -11.96589507722396029 ) ) ;
#1952 = CARTESIAN_POINT ( 'NONE',  ( 397.0848261825248073, -18.37044834580861519, -53.08312845321437123 ) ) ;
#1953 = CARTESIAN_POINT ( 'NONE',  ( 363.7099913058876268, -20.29827577300174823, -34.05808027876378219 ) ) ;
#1954 = EDGE_CURVE ( 'NONE', #2832, #1025, #1389, .T. ) ;
#1955 = EDGE_LOOP ( 'NONE', ( #703, #772, #2094, #412 ) ) ;
#1956 = CARTESIAN_POINT ( 'NONE',  ( 371.9627455695797380, -18.12264200219475541, -46.00580440735618026 ) ) ;
#1957 = CARTESIAN_POINT ( 'NONE',  ( 388.4841832562410673, -27.62406144308319966, -48.91575840713520762 ) ) ;
#1958 = ORIENTED_EDGE ( 'NONE', *, *, #1213, .F. ) ;
#1959 = EDGE_CURVE ( 'NONE', #1534, #1960, #250, .T. ) ;
#1960 = VERTEX_POINT ( 'NONE', #1378 ) ;
#1961 = ORIENTED_EDGE ( 'NONE', *, *, #642, .T. ) ;
#1962 = CARTESIAN_POINT ( 'NONE',  ( 397.3155329534682210, -28.64316879667140725, -47.79907466108733871 ) ) ;
#1963 = EDGE_CURVE ( 'NONE', #1359, #1941, #1118, .T. ) ;
#1964 = CARTESIAN_POINT ( 'NONE',  ( 297.4570369725047385, -22.16185274830893448, -19.45050639887022115 ) ) ;
#1965 = CARTESIAN_POINT ( 'NONE',  ( 297.5522194121243729, -25.68520896889022609, -17.27047011748789629 ) ) ;
#1966 = CARTESIAN_POINT ( 'NONE',  ( 397.0673519167093559, -24.92396868765214535, -53.48335494058338924 ) ) ;
#1967 = CARTESIAN_POINT ( 'NONE',  ( 397.0353959981982257, -25.56791703618983647, -54.21526580604717083 ) ) ;
#1968 = CARTESIAN_POINT ( 'NONE',  ( 397.2155945463730404, -16.74728891404140541, -50.08804050648420514 ) ) ;
#1969 = CARTESIAN_POINT ( 'NONE',  ( 339.2792184455535107, -22.45825538446975855, -22.89883186733997178 ) ) ;
#1970 = ORIENTED_EDGE ( 'NONE', *, *, #818, .F. ) ;
#1971 = CARTESIAN_POINT ( 'NONE',  ( 371.9993405740137291, -16.93386681036657038, -44.23895556180338673 ) ) ;
#1972 = CARTESIAN_POINT ( 'NONE',  ( 339.4195721658071534, -26.49835184161976542, -26.80168688867637172 ) ) ;
#1973 = ORIENTED_EDGE ( 'NONE', *, *, #2779, .T. ) ;
#1974 = ORIENTED_EDGE ( 'NONE', *, *, #625, .T. ) ;
#1975 = CARTESIAN_POINT ( 'NONE',  ( 297.8232672698355259, -21.90323894196469467, -11.06245353207193638 ) ) ;
#1976 = CARTESIAN_POINT ( 'NONE',  ( 297.7447476329385267, -17.61312737733720368, -12.86084888651486935 ) ) ;
#1977 = DIRECTION ( 'NONE',  ( 0.9990482215818580203, -1.396470906136659411E-17, -0.04361938736532944977 ) ) ;
#1978 = CARTESIAN_POINT ( 'NONE',  ( 397.3401371879027124, -15.35683120332280538, -47.23554504410580535 ) ) ;
#1979 = ADVANCED_FACE ( 'NONE', ( #31 ), #2080, .T. ) ;
#1980 = CARTESIAN_POINT ( 'NONE',  ( 332.7996880595812854, -27.09235982966006873, -19.38035857671396300 ) ) ;
#1981 = AXIS2_PLACEMENT_3D ( 'NONE', #68, #2148, #575 ) ;
#1982 = CARTESIAN_POINT ( 'NONE',  ( 397.2002933478664204, -16.02827114920931351, -50.43849556968903869 ) ) ;
#1983 = CARTESIAN_POINT ( 'NONE',  ( 372.0019633544450812, -22.58021756424194848, -36.57947797571269888 ) ) ;
#1984 = ORIENTED_EDGE ( 'NONE', *, *, #891, .T. ) ;
#1985 = CARTESIAN_POINT ( 'NONE',  ( 363.7698633018068790, -16.71677738476259023, -39.44778819120991642 ) ) ;
#1986 = VERTEX_POINT ( 'NONE', #953 ) ;
#1987 = DIRECTION ( 'NONE',  ( 0.9990482215818581313, -3.157196726277788912E-16, -0.04361938736532973426 ) ) ;
#1988 = EDGE_CURVE ( 'NONE', #2585, #651, #2226, .T. ) ;
#1989 = DIRECTION ( 'NONE',  ( 0.9990482215818581313, 0.000000000000000000, -0.04361938736532862404 ) ) ;
#1990 = CARTESIAN_POINT ( 'NONE',  ( 297.7447476329385267, -17.61312737733720368, -12.86084888651486935 ) ) ;
#1991 = CARTESIAN_POINT ( 'NONE',  ( 397.0779201612255065, -20.71244873856467450, -53.24130234592711020 ) ) ;
#1992 = EDGE_CURVE ( 'NONE', #2400, #802, #1934, .T. ) ;
#1993 = CARTESIAN_POINT ( 'NONE',  ( 362.0425407400211384, -29.17368430327048401, -47.14755838956556033 ) ) ;
#1994 = CARTESIAN_POINT ( 'NONE',  ( 397.4396251483030937, -27.25773298241486842, -44.95689612420308379 ) ) ;
#1995 = CARTESIAN_POINT ( 'NONE',  ( 314.7275792233405696, -20.39946287140973169, -13.80812975496608708 ) ) ;
#1996 = EDGE_CURVE ( 'NONE', #1853, #2041, #873, .T. ) ;
#1997 = VERTEX_POINT ( 'NONE', #223 ) ;
#1998 = CARTESIAN_POINT ( 'NONE',  ( 380.2294727381538451, -16.63542241365301066, -47.06892605303471555 ) ) ;
#1999 = ORIENTED_EDGE ( 'NONE', *, *, #423, .T. ) ;
#2000 = B_SPLINE_CURVE_WITH_KNOTS ( 'NONE', 3,
 ( #516, #2300, #1134, #1395 ),
 .UNSPECIFIED., .F., .F.,
 ( 4, 4 ),
 ( 0.06460836401884953450, 1.000000000000000000 ),
 .UNSPECIFIED. ) ;
#2001 = ORIENTED_EDGE ( 'NONE', *, *, #1340, .F. ) ;
#2002 = CARTESIAN_POINT ( 'NONE',  ( 397.6119353947329387, -23.46328484242633294, -41.01034263838004534 ) ) ;
#2003 = CARTESIAN_POINT ( 'NONE',  ( 297.5341567211824554, -26.37041305830985749, -17.68417375599641517 ) ) ;
#2004 = FACE_OUTER_BOUND ( 'NONE', #908, .T. ) ;
#2005 = CARTESIAN_POINT ( 'NONE',  ( 277.8772348155936811, -22.00000000000000000, -9.389991964359134968 ) ) ;
#2006 = ORIENTED_EDGE ( 'NONE', *, *, #495, .F. ) ;
#2007 = B_SPLINE_CURVE_WITH_KNOTS ( 'NONE', 3,
 ( #2160, #603, #634, #2891 ),
 .UNSPECIFIED., .F., .F.,
 ( 4, 4 ),
 ( 0.2500000000000000000, 0.2505700522847550404 ),
 .UNSPECIFIED. ) ;
#2008 = DIRECTION ( 'NONE',  ( 0.9990482215818581313, 0.000000000000000000, -0.04361938736532863098 ) ) ;
#2009 = CARTESIAN_POINT ( 'NONE',  ( 297.5808793662876610, -26.04442050596279756, -16.61404924670872774 ) ) ;
#2010 = CARTESIAN_POINT ( 'NONE',  ( 397.5789844399817525, -23.03559230620991016, -41.76504358059862909 ) ) ;
#2011 = ORIENTED_EDGE ( 'NONE', *, *, #212, .T. ) ;
#2012 = CARTESIAN_POINT ( 'NONE',  ( 339.4468452500885860, -18.09506326957556510, -29.94288061425249836 ) ) ;
#2013 = ORIENTED_EDGE ( 'NONE', *, *, #2307, .T. ) ;
#2014 = CARTESIAN_POINT ( 'NONE',  ( 397.5338928240490191, -18.51214279091683679, -42.79781138012640440 ) ) ;
#2015 = CARTESIAN_POINT ( 'NONE',  ( 397.3169913660228190, -27.84386188313390420, -47.76567152186495235 ) ) ;
#2016 = DIRECTION ( 'NONE',  ( -0.02639336143482552341, 0.7961621941231025179, -0.6045073623383405703 ) ) ;
#2017 = CARTESIAN_POINT ( 'NONE',  ( 397.1144857656877889, -18.79235460698962257, -52.40381231418386676 ) ) ;
#2018 = CIRCLE ( 'NONE', #744, 1.699999999999999067 ) ;
#2019 = ORIENTED_EDGE ( 'NONE', *, *, #208, .F. ) ;
#2020 = CARTESIAN_POINT ( 'NONE',  ( 297.4221087036237918, -22.15389414064226159, -20.25049528033193269 ) ) ;
#2021 = CARTESIAN_POINT ( 'NONE',  ( 297.7584960016725972, -26.19914385108976873, -12.54595947234459352 ) ) ;
#2022 = CARTESIAN_POINT ( 'NONE',  ( 398.5792641005735391, -31.78991630743271202, -41.78045837981559174 ) ) ;
#2023 = CIRCLE ( 'NONE', #610, 6.649137931034488247 ) ;
#2024 = CARTESIAN_POINT ( 'NONE',  ( 331.3637295256658035, -26.40283715861707847, -23.17396063432581954 ) ) ;
#2025 = CONICAL_SURFACE ( 'NONE', #1126, 3.149999999999997247, 0.7853981633974488341 ) ;
#2026 = DIRECTION ( 'NONE',  ( 0.9990482215818581313, -3.157196726277788912E-16, -0.04361938736532973426 ) ) ;
#2027 = CARTESIAN_POINT ( 'NONE',  ( 372.0270463827505978, -16.48972038497689852, -42.17805301698929554 ) ) ;
#2028 = EDGE_CURVE ( 'NONE', #1519, #2642, #2866, .T. ) ;
#2029 = CONICAL_SURFACE ( 'NONE', #2654, 3.149999999999997247, 0.7853981633974488341 ) ;
#2030 = ORIENTED_EDGE ( 'NONE', *, *, #208, .T. ) ;
#2031 = EDGE_CURVE ( 'NONE', #1047, #2384, #449, .T. ) ;
#2032 = CARTESIAN_POINT ( 'NONE',  ( 310.5798608892202424, -23.64065643965355079, -13.11626525519057473 ) ) ;
#2033 = CARTESIAN_POINT ( 'NONE',  ( 397.1885645934712556, -26.90082412594384209, -50.70712821052361363 ) ) ;
#2034 = CYLINDRICAL_SURFACE ( 'NONE', #2887, 5.849137931034494642 ) ;
#2035 = CARTESIAN_POINT ( 'NONE',  ( 397.4793630614759650, -27.70041923651487537, -44.04674827750916677 ) ) ;
#2036 = CARTESIAN_POINT ( 'NONE',  ( 297.8580690320959548, -21.82724679312763882, -10.26536212858649222 ) ) ;
#2037 = CARTESIAN_POINT ( 'NONE',  ( 297.8312164199378458, -24.40900312923792370, -10.88038806181875451 ) ) ;
#2038 = B_SPLINE_CURVE_WITH_KNOTS ( 'NONE', 3,
 ( #1417, #1693, #1467, #759 ),
 .UNSPECIFIED., .F., .F.,
 ( 4, 4 ),
 ( 0.9266147136459097489, 1.000000000000000000 ),
 .UNSPECIFIED. ) ;
#2039 = DIRECTION ( 'NONE',  ( 0.04361938736532419009, 0.000000000000000000, 0.9990482215818583533 ) ) ;
#2040 = CARTESIAN_POINT ( 'NONE',  ( 301.9992767012406034, -25.92422352355895399, -16.94829988652456265 ) ) ;
#2041 = VERTEX_POINT ( 'NONE', #785 ) ;
#2042 = CARTESIAN_POINT ( 'NONE',  ( 397.4674283715062302, -17.10400272381824394, -44.32009761846729390 ) ) ;
#2043 = CARTESIAN_POINT ( 'NONE',  ( 339.3114582670376080, -17.70894579952977921, -25.86248659082275481 ) ) ;
#2044 = ORIENTED_EDGE ( 'NONE', *, *, #764, .T. ) ;
#2045 = CARTESIAN_POINT ( 'NONE',  ( 363.6412717664529168, -25.54193543610782058, -35.09515172835367025 ) ) ;
#2046 = CARTESIAN_POINT ( 'NONE',  ( 323.1286670184339300, -22.81408161572091231, -25.03833315296795803 ) ) ;
#2047 = CARTESIAN_POINT ( 'NONE',  ( 297.7285394620382135, -18.32177950074975215, -13.23207703278420411 ) ) ;
#2048 = CARTESIAN_POINT ( 'NONE',  ( 297.4860068856498287, -24.27154237026374162, -18.78698630023854932 ) ) ;
#2049 = ORIENTED_EDGE ( 'NONE', *, *, #675, .T. ) ;
#2050 = CARTESIAN_POINT ( 'NONE',  ( 297.5413279729327201, -18.46272581325519724, -17.51992508722971564 ) ) ;
#2051 = EDGE_CURVE ( 'NONE', #389, #1091, #178, .T. ) ;
#2052 = ORIENTED_EDGE ( 'NONE', *, *, #200, .F. ) ;
#2053 = CARTESIAN_POINT ( 'NONE',  ( 397.5833241043746966, -25.16309436283366807, -41.66564892478328375 ) ) ;
#2054 = VERTEX_POINT ( 'NONE', #2158 ) ;
#2055 = CARTESIAN_POINT ( 'NONE',  ( 399.8147230593696122, -12.50000000000011724, -46.72589520062219037 ) ) ;
#2056 = DIRECTION ( 'NONE',  ( -0.9990482215818580203, -0.000000000000000000, 0.04361938736532974120 ) ) ;
#2057 = CARTESIAN_POINT ( 'NONE',  ( 380.0799173685276173, -27.26943944210630733, -47.32565221806397915 ) ) ;
#2058 = CARTESIAN_POINT ( 'NONE',  ( 400.3538937831691555, -34.04771902119393445, -46.98592744646652619 ) ) ;
#2059 = CARTESIAN_POINT ( 'NONE',  ( 314.6795179739040123, -17.90114161180243713, -16.55254610719029529 ) ) ;
#2060 = VERTEX_POINT ( 'NONE', #2145 ) ;
#2061 = CARTESIAN_POINT ( 'NONE',  ( 397.5466144288421333, -18.94638252381890808, -42.50643872653797217 ) ) ;
#2062 = CARTESIAN_POINT ( 'NONE',  ( 355.6653555327068261, -22.70716672672003611, -40.29226155994010128 ) ) ;
#2063 = CARTESIAN_POINT ( 'NONE',  ( 297.4569382281662797, -24.71424470696186049, -19.45276801604466144 ) ) ;
#2064 = DIRECTION ( 'NONE',  ( 0.04344000124271049645, -0.09059884607272160328, 0.9949396038867508452 ) ) ;
#2065 = EDGE_CURVE ( 'NONE', #1115, #72, #2038, .T. ) ;
#2066 = DIRECTION ( 'NONE',  ( -0.04361938736532862404, 0.000000000000000000, -0.9990482215818580203 ) ) ;
#2067 = CARTESIAN_POINT ( 'NONE',  ( 277.6591378787670692, -22.00000000000000000, -14.38523307226842540 ) ) ;
#2068 = CARTESIAN_POINT ( 'NONE',  ( 297.6882149381486897, -26.96485456587171825, -14.15566047379716252 ) ) ;
#2069 = EDGE_CURVE ( 'NONE', #1986, #1924, #694, .T. ) ;
#2070 = CARTESIAN_POINT ( 'NONE',  ( 306.3385012000730399, -26.11423453885652179, -17.11524830277380715 ) ) ;
#2071 = CLOSED_SHELL ( 'NONE', ( #1944, #1464, #290, #2406, #2288, #583, #1121, #142, #601, #1256, #2480, #89, #1502, #1553, #2522, #658, #2637, #2370, #1830, #1979, #996, #945, #70, #1128, #2704, #2163, #1583, #1709, #2836, #2093, #1607, #2128, #2541, #1246, #2525 ) ) ;
#2072 = CARTESIAN_POINT ( 'NONE',  ( 397.5569551102770447, -19.42682024964998888, -42.26959818334371022 ) ) ;
#2073 = CARTESIAN_POINT ( 'NONE',  ( 322.9342453650521634, -17.75910772838180307, -19.77233315695762528 ) ) ;
#2074 = AXIS2_PLACEMENT_3D ( 'NONE', #2283, #1133, #472 ) ;
#2075 = ORIENTED_EDGE ( 'NONE', *, *, #2617, .F. ) ;
#2076 = AXIS2_PLACEMENT_3D ( 'NONE', #921, #2311, #499 ) ;
#2077 = CARTESIAN_POINT ( 'NONE',  ( 397.3805031148506828, -27.72182129017427599, -46.31101331714215519 ) ) ;
#2078 = AXIS2_PLACEMENT_3D ( 'NONE', #2650, #618, #2846 ) ;
#2079 = CARTESIAN_POINT ( 'NONE',  ( 314.8007174363978038, -24.09125565956324166, -21.71824339997779774 ) ) ;
#2080 = PLANE ( 'NONE',  #2460 ) ;
#2081 = EDGE_CURVE ( 'NONE', #42, #330, #2111, .T. ) ;
#2082 = ORIENTED_EDGE ( 'NONE', *, *, #1293, .F. ) ;
#2083 = B_SPLINE_CURVE_WITH_KNOTS ( 'NONE', 3,
 ( #414, #857, #1272, #606 ),
 .UNSPECIFIED., .F., .F.,
 ( 4, 4 ),
 ( 0.000000000000000000, 1.000000000000000000 ),
 .UNSPECIFIED. ) ;
#2084 = ORIENTED_EDGE ( 'NONE', *, *, #85, .F. ) ;
#2085 = CARTESIAN_POINT ( 'NONE',  ( 332.7772356907675544, -22.64115085605931910, -11.82221562415068661 ) ) ;
#2086 = CARTESIAN_POINT ( 'NONE',  ( 397.0848261825248073, -18.37044834580861519, -53.08312845321437123 ) ) ;
#2087 = DIRECTION ( 'NONE',  ( 0.04361938736531432992, 0.000000000000000000, 0.9990482215818586864 ) ) ;
#2088 = CARTESIAN_POINT ( 'NONE',  ( 355.6075239505889840, -26.62782453096091118, -37.13381905280551365 ) ) ;
#2089 = EDGE_CURVE ( 'NONE', #2514, #1852, #1009, .T. ) ;
#2090 = CARTESIAN_POINT ( 'NONE',  ( 355.6805559928582170, -20.08153674154213775, -39.91163878927814324 ) ) ;
#2091 = EDGE_LOOP ( 'NONE', ( #695, #217, #2652, #1741 ) ) ;
#2092 = CARTESIAN_POINT ( 'NONE',  ( 347.4806432104709870, -17.27139083251991281, -30.53361637841221210 ) ) ;
#2093 = ADVANCED_FACE ( 'NONE', ( #90 ), #2132, .F. ) ;
#2094 = ORIENTED_EDGE ( 'NONE', *, *, #1959, .T. ) ;
#2095 = CARTESIAN_POINT ( 'NONE',  ( 371.9128359024531392, -26.74270237730951649, -39.22257006076684149 ) ) ;
#2096 = CARTESIAN_POINT ( 'NONE',  ( 388.3990139471269458, -22.47418172883542198, -53.00962574181986042 ) ) ;
#2097 = CARTESIAN_POINT ( 'NONE',  ( 297.8232663926457349, -19.28575529316272608, -11.06247362302482173 ) ) ;
#2098 = CARTESIAN_POINT ( 'NONE',  ( 397.0848261825248073, -18.37044834580861519, -53.08312845321437123 ) ) ;
#2099 = ORIENTED_EDGE ( 'NONE', *, *, #2621, .F. ) ;
#2100 = CARTESIAN_POINT ( 'NONE',  ( 363.0035741932802580, -21.17541151925813026, -38.80813205983813674 ) ) ;
#2101 = CARTESIAN_POINT ( 'NONE',  ( 297.6325669213551350, -17.00298525822507756, -15.43020960367185346 ) ) ;
#2102 = CARTESIAN_POINT ( 'NONE',  ( 297.7285394620382135, -18.32177950074975215, -13.23207703278420411 ) ) ;
#2103 = CARTESIAN_POINT ( 'NONE',  ( 323.1597994465250849, -26.07876403066404691, -22.23656272880349505 ) ) ;
#2104 = ORIENTED_EDGE ( 'NONE', *, *, #1763, .T. ) ;
#2105 = CARTESIAN_POINT ( 'NONE',  ( 397.1090557125378950, -25.05361747633337188, -52.52818097844701839 ) ) ;
#2106 = DIRECTION ( 'NONE',  ( -0.04361938736531432992, 0.000000000000000000, -0.9990482215818586864 ) ) ;
#2107 = CARTESIAN_POINT ( 'NONE',  ( 355.5775635391256060, -18.00855480522834640, -32.12815358784539654 ) ) ;
#2108 = ORIENTED_EDGE ( 'NONE', *, *, #1644, .F. ) ;
#2109 = CARTESIAN_POINT ( 'NONE',  ( 306.3926354090530140, -24.51901002770963345, -12.65697217322896684 ) ) ;
#2110 = EDGE_CURVE ( 'NONE', #1924, #2722, #2216, .T. ) ;
#2111 = B_SPLINE_CURVE_WITH_KNOTS ( 'NONE', 3,
 ( #1675, #2570, #2340, #2586, #2371, #307 ),
 .UNSPECIFIED., .F., .F.,
 ( 4, 2, 4 ),
 ( 0.000000000000000000, 0.5000000000000000000, 1.000000000000000000 ),
 .UNSPECIFIED. ) ;
#2112 = CARTESIAN_POINT ( 'NONE',  ( 339.5353289747231429, -23.34573622146483629, -32.02100952683564827 ) ) ;
#2113 = APPLICATION_PROTOCOL_DEFINITION ( 'draft international standard', 'automotive_design', 1998, #2143 ) ;
#2114 = CARTESIAN_POINT ( 'NONE',  ( 397.5828408270404566, -22.18782192850693136, -41.67671779554386546 ) ) ;
#2115 = CARTESIAN_POINT ( 'NONE',  ( 361.8644533735595132, -21.44523368829832677, -53.55048622678567227 ) ) ;
#2116 = CARTESIAN_POINT ( 'NONE',  ( 397.5540222185967991, -24.75594037288185945, -42.33677244676685092 ) ) ;
#2117 = DIRECTION ( 'NONE',  ( -0.003951866161698240794, -0.9958874680857728867, -0.09051261604632103441 ) ) ;
#2118 = B_SPLINE_CURVE_WITH_KNOTS ( 'NONE', 3,
 ( #1324, #2847, #1486, #2403, #1265, #16 ),
 .UNSPECIFIED., .F., .F.,
 ( 4, 2, 4 ),
 ( 0.5852927135082141019, 0.6251554272885304631, 0.6650181410688467132 ),
 .UNSPECIFIED. ) ;
#2119 = CARTESIAN_POINT ( 'NONE',  ( 388.3959682637124615, -24.64419879096944399, -52.40495818800386019 ) ) ;
#2120 = CARTESIAN_POINT ( 'NONE',  ( 297.4578868469579334, -22.72640942832778421, -19.43104107364834832 ) ) ;
#2121 = DIRECTION ( 'NONE',  ( 0.9990482215818581313, -3.157196726277788912E-16, -0.04361938736532973426 ) ) ;
#2122 = CARTESIAN_POINT ( 'NONE',  ( 372.0393864820046588, -19.16949499865513928, -37.29208768789233375 ) ) ;
#2123 = EDGE_CURVE ( 'NONE', #33, #1674, #1390, .T. ) ;
#2124 = ORIENTED_EDGE ( 'NONE', *, *, #2261, .F. ) ;
#2125 = CARTESIAN_POINT ( 'NONE',  ( 339.4770371566639824, -18.79014938564484538, -30.89907962689925824 ) ) ;
#2126 = CARTESIAN_POINT ( 'NONE',  ( 314.7857627066373993, -24.23356669660768503, -14.30459513000847060 ) ) ;
#2127 = CIRCLE ( 'NONE', #889, 1.699999999999999067 ) ;
#2128 = ADVANCED_FACE ( 'NONE', ( #2810 ), #1447, .F. ) ;
#2129 = VECTOR ( 'NONE', #1031, 1000.000000000000114 ) ;
#2130 = ORIENTED_EDGE ( 'NONE', *, *, #1374, .F. ) ;
#2131 = EDGE_LOOP ( 'NONE', ( #2745, #1305, #1057, #717 ) ) ;
#2132 = CYLINDRICAL_SURFACE ( 'NONE', #2501, 1.699999999999999067 ) ;
#2133 = CARTESIAN_POINT ( 'NONE',  ( 397.5708439588507872, -25.62955165424138215, -41.95149125187322880 ) ) ;
#2134 = LINE ( 'NONE', #1678, #2646 ) ;
#2135 = CARTESIAN_POINT ( 'NONE',  ( 397.1695162511164199, -27.57112107340774187, -51.14340697791222112 ) ) ;
#2136 = CARTESIAN_POINT ( 'NONE',  ( 319.0138439553909961, -24.87711797124446989, -22.41609308642592069 ) ) ;
#2137 = CARTESIAN_POINT ( 'NONE',  ( 306.2275283543208388, -22.67770695158956329, -20.27099497770735681 ) ) ;
#2138 = CARTESIAN_POINT ( 'NONE',  ( 397.8950137545302255, -22.00000000000000711, -57.45236788202642231 ) ) ;
#2139 = CARTESIAN_POINT ( 'NONE',  ( 388.8142312518647259, -18.72625499112318792, -42.29260925752740974 ) ) ;
#2140 = VERTEX_POINT ( 'NONE', #335 ) ;
#2141 = CARTESIAN_POINT ( 'NONE',  ( 314.7420904627698519, -19.33821578530841734, -21.10289191989063795 ) ) ;
#2142 = CARTESIAN_POINT ( 'NONE',  ( 371.9018166451762681, -27.06160393175180445, -39.86104124281914096 ) ) ;
#2143 = APPLICATION_CONTEXT ( 'automotive_design' ) ;
#2144 = VERTEX_POINT ( 'NONE', #2326 ) ;
#2145 = CARTESIAN_POINT ( 'NONE',  ( 397.1144857656877889, -18.79235460698962257, -52.40381231418386676 ) ) ;
#2146 = CARTESIAN_POINT ( 'NONE',  ( 297.4569373509729076, -22.09676105803742630, -19.45278810707801753 ) ) ;
#2147 = CARTESIAN_POINT ( 'NONE',  ( 397.2642854542964983, -28.51430355909102587, -48.97283536706530782 ) ) ;
#2148 = DIRECTION ( 'NONE',  ( 0.9990482215818581313, -3.157196726277788912E-16, -0.04361938736532973426 ) ) ;
#2149 = CARTESIAN_POINT ( 'NONE',  ( 355.6511515030582586, -24.54268482819302832, -39.64282768495782250 ) ) ;
#2150 = CARTESIAN_POINT ( 'NONE',  ( 397.3161598393926397, -28.64376395130480546, -47.78471661285207261 ) ) ;
#2151 = CARTESIAN_POINT ( 'NONE',  ( 399.2694807173029403, -22.00000000000000711, -59.21399797039530455 ) ) ;
#2152 = CARTESIAN_POINT ( 'NONE',  ( 331.1534667813314741, -19.37388643480858264, -20.13053912716624794 ) ) ;
#2153 = ORIENTED_EDGE ( 'NONE', *, *, #162, .T. ) ;
#2154 = CARTESIAN_POINT ( 'NONE',  ( 347.5962179192916324, -19.86728626529144037, -35.76936133358807979 ) ) ;
#2155 = CARTESIAN_POINT ( 'NONE',  ( 355.5544981532917177, -26.98146648417025517, -34.53242753129652698 ) ) ;
#2156 = B_SPLINE_CURVE_WITH_KNOTS ( 'NONE', 3,
 ( #2063, #30, #1565, #1798 ),
 .UNSPECIFIED., .F., .F.,
 ( 4, 4 ),
 ( 0.4149826925204876393, 0.4156742716815759464 ),
 .UNSPECIFIED. ) ;
#2157 = ORIENTED_EDGE ( 'NONE', *, *, #2924, .T. ) ;
#2158 = CARTESIAN_POINT ( 'NONE',  ( 398.0324148247310632, -22.00000000000000711, -54.30536598404358273 ) ) ;
#2159 = DIRECTION ( 'NONE',  ( -0.04361938736532545297, 0.000000000000000000, -0.9990482215818581313 ) ) ;
#2160 = CARTESIAN_POINT ( 'NONE',  ( 297.6476376994533553, -26.99701474177487270, -15.08503203547688365 ) ) ;
#2161 = CARTESIAN_POINT ( 'NONE',  ( 397.1280811306451710, -26.85705022586470392, -52.09242726265605938 ) ) ;
#2162 = CARTESIAN_POINT ( 'NONE',  ( 339.5351758558703636, -24.90958640745224528, -31.17195518914663666 ) ) ;
#2163 = ADVANCED_FACE ( 'NONE', ( #2825 ), #571, .F. ) ;
#2164 = CARTESIAN_POINT ( 'NONE',  ( 332.9781486971808704, -26.92073867146669741, -14.41915155719914843 ) ) ;
#2165 = DIRECTION ( 'NONE',  ( -0.003951866161698240794, -0.9958874680857728867, -0.09051261604632103441 ) ) ;
#2166 = CARTESIAN_POINT ( 'NONE',  ( 339.2702837567151164, -19.09722314887503458, -23.92894176211051871 ) ) ;
#2167 = ORIENTED_EDGE ( 'NONE', *, *, #262, .F. ) ;
#2168 = CARTESIAN_POINT ( 'NONE',  ( 323.0679288270872007, -19.98630224863379112, -24.57191737191320158 ) ) ;
#2169 = CARTESIAN_POINT ( 'NONE',  ( 380.1208014074874768, -27.73775090548288702, -45.14271027069645470 ) ) ;
#2170 = VECTOR ( 'NONE', #2626, 1000.000000000000000 ) ;
#2171 = ORIENTED_EDGE ( 'NONE', *, *, #1275, .F. ) ;
#2172 = DIRECTION ( 'NONE',  ( 0.9990482215818580203, -1.396470906136659411E-17, -0.04361938736532944977 ) ) ;
#2173 = ORIENTED_EDGE ( 'NONE', *, *, #2065, .T. ) ;
#2174 =( GEOMETRIC_REPRESENTATION_CONTEXT ( 3 ) GLOBAL_UNCERTAINTY_ASSIGNED_CONTEXT ( ( #817 ) ) GLOBAL_UNIT_ASSIGNED_CONTEXT ( ( #1016, #1473, #532 ) ) REPRESENTATION_CONTEXT ( 'NONE', 'WORKASPACE' ) );
#2175 = CARTESIAN_POINT ( 'NONE',  ( 399.8888760178906523, -12.50000000000011724, -45.02751322393302758 ) ) ;
#2176 = CARTESIAN_POINT ( 'NONE',  ( 297.6464320372049883, -26.19749238309088568, -15.11264624093232101 ) ) ;
#2177 = EDGE_CURVE ( 'NONE', #302, #1724, #1050, .T. ) ;
#2178 = DIRECTION ( 'NONE',  ( 0.9990482215818580203, -3.157196726277788912E-16, -0.04361938736532973426 ) ) ;
#2179 = CIRCLE ( 'NONE', #376, 5.849137931034494642 ) ;
#2180 = ADVANCED_BREP_SHAPE_REPRESENTATION ( 'motor mount', ( #1469, #705 ), #1701 ) ;
#2181 = EDGE_CURVE ( 'NONE', #346, #36, #2744, .T. ) ;
#2182 = CARTESIAN_POINT ( 'NONE',  ( 397.1879195437693966, -26.89115776019598769, -50.72190227766056836 ) ) ;
#2183 = CARTESIAN_POINT ( 'NONE',  ( 398.0717474792000985, -22.00000000000000355, -53.40450008768614509 ) ) ;
#2184 = CARTESIAN_POINT ( 'NONE',  ( 355.5469040905957741, -20.05885320141483064, -30.57748642585652377 ) ) ;
#2185 = EDGE_CURVE ( 'NONE', #636, #584, #1836, .T. ) ;
#2186 = ORIENTED_EDGE ( 'NONE', *, *, #534, .T. ) ;
#2187 = CARTESIAN_POINT ( 'NONE',  ( 331.3546617545446793, -19.19038861296120402, -27.18886150649934308 ) ) ;
#2188 = CARTESIAN_POINT ( 'NONE',  ( 339.3982707252650357, -26.40323205894562619, -26.21668568550999012 ) ) ;
#2189 = EDGE_CURVE ( 'NONE', #60, #2440, #1710, .T. ) ;
#2190 = EDGE_LOOP ( 'NONE', ( #1841, #997, #486, #916, #1138, #1825, #669, #2153, #2867, #1744, #1597, #1345, #2393, #1541, #444 ) ) ;
#2191 = CARTESIAN_POINT ( 'NONE',  ( 297.8231943566253221, -21.85488730622720510, -11.06412351914465297 ) ) ;
#2192 = CARTESIAN_POINT ( 'NONE',  ( 297.4494675702699737, -19.57113532249601562, -19.62387421300091361 ) ) ;
#2193 = CARTESIAN_POINT ( 'NONE',  ( 397.4205495442791403, -27.46960614314224003, -45.39379928646120277 ) ) ;
#2194 = DIRECTION ( 'NONE',  ( 0.04361938736532419009, 0.000000000000000000, 0.9990482215818583533 ) ) ;
#2195 = CARTESIAN_POINT ( 'NONE',  ( 362.5782353361951209, -26.86788805375761768, -41.45436779006894312 ) ) ;
#2196 = CARTESIAN_POINT ( 'NONE',  ( 397.1756968760009272, -17.27600533157360019, -51.00184739461793271 ) ) ;
#2197 = CARTESIAN_POINT ( 'NONE',  ( 297.8163663858408654, -20.72783496029301986, -11.22050976116343257 ) ) ;
#2198 = ORIENTED_EDGE ( 'NONE', *, *, #519, .T. ) ;
#2199 = CARTESIAN_POINT ( 'NONE',  ( 347.5470523687736204, -17.46980082262928136, -33.00232849249667311 ) ) ;
#2200 = CARTESIAN_POINT ( 'NONE',  ( 310.6070410469013723, -25.88879806435409137, -15.37175785029474540 ) ) ;
#2201 = VERTEX_POINT ( 'NONE', #1946 ) ;
#2202 = ORIENTED_EDGE ( 'NONE', *, *, #1251, .T. ) ;
#2203 = EDGE_CURVE ( 'NONE', #1835, #803, #1297, .T. ) ;
#2204 = DIRECTION ( 'NONE',  ( -0.9990482215818580203, -0.000000000000000000, 0.04361938736532974120 ) ) ;
#2205 = CARTESIAN_POINT ( 'NONE',  ( 297.4569008834780561, -22.04838053778514961, -19.45362335003029486 ) ) ;
#2206 = CARTESIAN_POINT ( 'NONE',  ( 397.3598605565698563, -27.82122148596821631, -46.78380563232312994 ) ) ;
#2207 = DIRECTION ( 'NONE',  ( -0.04361938736532554317, 0.000000000000000000, -0.9990482215818581313 ) ) ;
#2208 = CARTESIAN_POINT ( 'NONE',  ( 332.2823816274943169, -16.92670918791697332, -14.73460928347087240 ) ) ;
#2209 = DIRECTION ( 'NONE',  ( 0.9990482215818580203, -1.396470906136659411E-17, -0.04361938736532944977 ) ) ;
#2210 = CARTESIAN_POINT ( 'NONE',  ( 397.5731531853408001, -23.78287221567300946, -41.89860126974816268 ) ) ;
#2211 = ORIENTED_EDGE ( 'NONE', *, *, #2700, .T. ) ;
#2212 = CARTESIAN_POINT ( 'NONE',  ( 347.5587930818826408, -17.73978462404701872, -33.55293069386591043 ) ) ;
#2213 = CARTESIAN_POINT ( 'NONE',  ( 371.8761180558459500, -27.50997595334074575, -41.91987270039165026 ) ) ;
#2214 = ORIENTED_EDGE ( 'NONE', *, *, #1018, .F. ) ;
#2215 = CARTESIAN_POINT ( 'NONE',  ( 297.8232663926457349, -19.28575529316272608, -11.06247362302482173 ) ) ;
#2216 = B_SPLINE_CURVE_WITH_KNOTS ( 'NONE', 3,
 ( #512, #104, #131, #998 ),
 .UNSPECIFIED., .F., .F.,
 ( 4, 4 ),
 ( 0.7505700522041851563, 0.8343257283413064718 ),
 .UNSPECIFIED. ) ;
#2217 = EDGE_CURVE ( 'NONE', #2759, #2144, #628, .T. ) ;
#2218 = CARTESIAN_POINT ( 'NONE',  ( 297.8578610873798880, -21.68935042108801170, -10.27012484561090666 ) ) ;
#2219 = CARTESIAN_POINT ( 'NONE',  ( 297.5516651587578849, -25.67822049909383963, -17.28316460664902365 ) ) ;
#2220 = ORIENTED_EDGE ( 'NONE', *, *, #105, .F. ) ;
#2221 = CARTESIAN_POINT ( 'NONE',  ( 397.0917964461428937, -19.71923003968100474, -52.92348316949752984 ) ) ;
#2222 = CIRCLE ( 'NONE', #2322, 3.199999999999998845 ) ;
#2223 = CARTESIAN_POINT ( 'NONE',  ( 297.8566636564787586, -22.64115085605931910, -10.29755052222927425 ) ) ;
#2224 = VECTOR ( 'NONE', #2117, 1000.000000000000000 ) ;
#2225 = CARTESIAN_POINT ( 'NONE',  ( 397.1994982211323304, -16.03722769808755899, -50.45670696598934057 ) ) ;
#2226 = B_SPLINE_CURVE_WITH_KNOTS ( 'NONE', 3,
 ( #47, #1851, #2766, #2472, #2035, #438 ),
 .UNSPECIFIED., .F., .F.,
 ( 4, 2, 4 ),
 ( 0.000000000000000000, 0.5000000000000000000, 1.000000000000000000 ),
 .UNSPECIFIED. ) ;
#2227 = CARTESIAN_POINT ( 'NONE',  ( 314.7665559108087905, -22.05696116634095105, -13.49412004152498668 ) ) ;
#2228 = ORIENTED_EDGE ( 'NONE', *, *, #1037, .T. ) ;
#2229 = CARTESIAN_POINT ( 'NONE',  ( 363.7692084098736700, -17.23231120708013009, -41.40898507057205791 ) ) ;
#2230 = VERTEX_POINT ( 'NONE', #1044 ) ;
#2231 = CARTESIAN_POINT ( 'NONE',  ( 277.4410409419404573, -22.00000000000000000, -19.38047418017771406 ) ) ;
#2232 = CARTESIAN_POINT ( 'NONE',  ( 397.8208607960092422, -22.00000000000000711, -59.15074985871557089 ) ) ;
#2233 = CARTESIAN_POINT ( 'NONE',  ( 297.8005440351656716, -24.02747349273350608, -11.58290117144975540 ) ) ;
#2234 = DIRECTION ( 'NONE',  ( -0.9990482215818580203, -0.000000000000000000, 0.04361938736532974120 ) ) ;
#2235 = DIRECTION ( 'NONE',  ( 0.9990482215818581313, -3.157196726277788912E-16, -0.04361938736532973426 ) ) ;
#2236 = CARTESIAN_POINT ( 'NONE',  ( 297.6137881410028854, -26.22336485440243692, -15.86031438614569922 ) ) ;
#2237 = CARTESIAN_POINT ( 'NONE',  ( 355.5357174608000150, -21.29545307779646635, -30.18488272608007605 ) ) ;
#2238 = VERTEX_POINT ( 'NONE', #1962 ) ;
#2239 = CARTESIAN_POINT ( 'NONE',  ( 339.4304637578741222, -17.79560902950396795, -29.43714984814174329 ) ) ;
#2240 = ORIENTED_EDGE ( 'NONE', *, *, #1759, .F. ) ;
#2241 = ORIENTED_EDGE ( 'NONE', *, *, #442, .F. ) ;
#2242 = CARTESIAN_POINT ( 'NONE',  ( 302.1290127348485726, -21.85488730622719444, -11.25211960953065216 ) ) ;
#2243 = FACE_BOUND ( 'NONE', #732, .T. ) ;
#2244 = CARTESIAN_POINT ( 'NONE',  ( 331.4081771054726460, -21.33148011248533393, -28.11477317886883398 ) ) ;
#2245 = CARTESIAN_POINT ( 'NONE',  ( 400.3249797355308601, -22.00000000000000355, -47.64816801462980322 ) ) ;
#2246 = EDGE_CURVE ( 'NONE', #1058, #2362, #2749, .T. ) ;
#2247 = DIRECTION ( 'NONE',  ( -0.9990482215818580203, -0.000000000000000000, 0.04361938736532974120 ) ) ;
#2248 = DIRECTION ( 'NONE',  ( 0.003951866161697642314, -0.9958874680857727757, 0.09051261604632175606 ) ) ;
#2249 = CARTESIAN_POINT ( 'NONE',  ( 371.9786107841227931, -23.99375036083951684, -36.87106013559429840 ) ) ;
#2250 = EDGE_CURVE ( 'NONE', #103, #1960, #1504, .T. ) ;
#2251 = ORIENTED_EDGE ( 'NONE', *, *, #1124, .F. ) ;
#2252 = CARTESIAN_POINT ( 'NONE',  ( 297.5846112507446151, -17.95904284578041299, -16.52857504005286771 ) ) ;
#2253 = EDGE_LOOP ( 'NONE', ( #74, #1737 ) ) ;
#2254 = B_SPLINE_CURVE_WITH_KNOTS ( 'NONE', 3,
 ( #701, #2482, #673, #498 ),
 .UNSPECIFIED., .F., .F.,
 ( 4, 4 ),
 ( 0.000000000000000000, 1.000000000000000000 ),
 .UNSPECIFIED. ) ;
#2255 = ORIENTED_EDGE ( 'NONE', *, *, #2069, .T. ) ;
#2256 = CARTESIAN_POINT ( 'NONE',  ( 310.5716238234243747, -23.13531090204579499, -12.90139554443454628 ) ) ;
#2257 = DIRECTION ( 'NONE',  ( -0.9990482215818580203, -0.000000000000000000, 0.04361938736532974120 ) ) ;
#2258 = CARTESIAN_POINT ( 'NONE',  ( 400.3249797355308601, -22.00000000000000355, -47.64816801462980322 ) ) ;
#2259 = DIRECTION ( 'NONE',  ( -0.04361938736533349514, 0.000000000000000000, -0.9990482215818577982 ) ) ;
#2260 = ORIENTED_EDGE ( 'NONE', *, *, #121, .T. ) ;
#2261 = EDGE_CURVE ( 'NONE', #1081, #2690, #2179, .T. ) ;
#2262 = CARTESIAN_POINT ( 'NONE',  ( 297.5413279729327201, -18.46272581325519724, -17.51992508722971564 ) ) ;
#2263 = CARTESIAN_POINT ( 'NONE',  ( 297.7943960433733537, -19.73554046863489120, -11.72371333405999927 ) ) ;
#2264 = DIRECTION ( 'NONE',  ( 0.9990482215818581313, -3.157196726277788912E-16, -0.04361938736532973426 ) ) ;
#2265 = CIRCLE ( 'NONE', #146, 3.149999999999997247 ) ;
#2266 = CARTESIAN_POINT ( 'NONE',  ( 310.6016341081515861, -26.22168909472244991, -17.01478004599000116 ) ) ;
#2267 = EDGE_CURVE ( 'NONE', #1225, #257, #241, .T. ) ;
#2268 = EDGE_CURVE ( 'NONE', #1290, #966, #1721, .T. ) ;
#2269 = AXIS2_PLACEMENT_3D ( 'NONE', #1187, #1421, #353 ) ;
#2270 = CARTESIAN_POINT ( 'NONE',  ( 297.4564334283738845, -24.69628286816114837, -19.46432983213788859 ) ) ;
#2271 = CARTESIAN_POINT ( 'NONE',  ( 372.0412055437784602, -16.84958621304505755, -40.06375811609883897 ) ) ;
#2272 = EDGE_CURVE ( 'NONE', #1157, #2585, #1679, .T. ) ;
#2273 = ORIENTED_EDGE ( 'NONE', *, *, #711, .T. ) ;
#2274 = VERTEX_POINT ( 'NONE', #2677 ) ;
#2275 = CARTESIAN_POINT ( 'NONE',  ( 297.8197777704890541, -22.99005914878599199, -11.14237620698638587 ) ) ;
#2276 = CARTESIAN_POINT ( 'NONE',  ( 371.9002700007676481, -21.41889586186469785, -47.52963930293221040 ) ) ;
#2277 = CARTESIAN_POINT ( 'NONE',  ( 297.6664164798055481, -17.77663514559762703, -14.65492725300456556 ) ) ;
#2278 = DIRECTION ( 'NONE',  ( -0.04361938736533349514, 0.000000000000000000, -0.9990482215818577982 ) ) ;
#2279 = CARTESIAN_POINT ( 'NONE',  ( 397.1144153393923943, -18.79481565169347235, -52.40542534154650411 ) ) ;
#2280 = ORIENTED_EDGE ( 'NONE', *, *, #2853, .T. ) ;
#2281 = ORIENTED_EDGE ( 'NONE', *, *, #2181, .F. ) ;
#2282 = DIRECTION ( 'NONE',  ( 0.9990482215818580203, -1.396470906136659411E-17, -0.04361938736532944977 ) ) ;
#2283 = CARTESIAN_POINT ( 'NONE',  ( 398.3268832923671425, -22.00000000000000355, -47.56092923989914567 ) ) ;
#2284 = CARTESIAN_POINT ( 'NONE',  ( 297.6468150784396585, -26.99763109824754537, -15.10387315431040811 ) ) ;
#2285 = CARTESIAN_POINT ( 'NONE',  ( 314.8424874288772344, -26.23737008740769738, -18.05050412330113119 ) ) ;
#2286 = CARTESIAN_POINT ( 'NONE',  ( 397.4677505976461021, -17.10884224038457191, -44.31271742651009049 ) ) ;
#2287 = CARTESIAN_POINT ( 'NONE',  ( 372.0455463836169088, -17.57677003182863373, -38.73476618848711439 ) ) ;
#2288 = ADVANCED_FACE ( 'NONE', ( #644 ), #2025, .F. ) ;
#2289 = VERTEX_POINT ( 'NONE', #2231 ) ;
#2290 = CARTESIAN_POINT ( 'NONE',  ( 339.2941908265319171, -23.69844235228953266, -23.20477941178475234 ) ) ;
#2291 = CARTESIAN_POINT ( 'NONE',  ( 318.9987741677290956, -23.99706663001298779, -23.08288176701684336 ) ) ;
#2292 = PRODUCT_CONTEXT ( 'NONE', #2143, 'mechanical' ) ;
#2293 = DIRECTION ( 'NONE',  ( -0.9990482215818580203, -0.000000000000000000, 0.04361938736532974120 ) ) ;
#2294 = ORIENTED_EDGE ( 'NONE', *, *, #625, .F. ) ;
#2295 = CARTESIAN_POINT ( 'NONE',  ( 380.2709807447579919, -24.97685999387229216, -40.15996891692942938 ) ) ;
#2296 = ORIENTED_EDGE ( 'NONE', *, *, #1374, .T. ) ;
#2297 = ORIENTED_EDGE ( 'NONE', *, *, #1013, .F. ) ;
#2298 = DIRECTION ( 'NONE',  ( -0.9990482215818580203, -0.000000000000000000, 0.04361938736532974120 ) ) ;
#2299 = CARTESIAN_POINT ( 'NONE',  ( 400.5773605437372566, -31.78991630743271202, -41.86769715454625640 ) ) ;
#2300 = CARTESIAN_POINT ( 'NONE',  ( 297.8233037374577634, -22.70044698848278841, -11.06161828620209953 ) ) ;
#2301 = B_SPLINE_CURVE_WITH_KNOTS ( 'NONE', 3,
 ( #2418, #410, #1046, #1756 ),
 .UNSPECIFIED., .F., .F.,
 ( 4, 4 ),
 ( 0.000000000000000000, 1.000000000000000000 ),
 .UNSPECIFIED. ) ;
#2302 = CARTESIAN_POINT ( 'NONE',  ( 310.5966621434202466, -26.22284429899000457, -17.59972634265970370 ) ) ;
#2303 = DIRECTION ( 'NONE',  ( -0.9990482215818580203, -0.000000000000000000, 0.04361938736532974120 ) ) ;
#2304 = CARTESIAN_POINT ( 'NONE',  ( 322.9540423731666579, -17.66178716331196696, -20.96226609511048977 ) ) ;
#2305 = ORIENTED_EDGE ( 'NONE', *, *, #383, .F. ) ;
#2306 = CARTESIAN_POINT ( 'NONE',  ( 306.3857162198116271, -23.55080533699167589, -12.15520602213800316 ) ) ;
#2307 = EDGE_CURVE ( 'NONE', #2041, #2585, #2784, .T. ) ;
#2308 = CARTESIAN_POINT ( 'NONE',  ( 314.8108810668330193, -24.55488451535754635, -21.41311265098453376 ) ) ;
#2309 = SHAPE_DEFINITION_REPRESENTATION ( #277, #2180 ) ;
#2310 = DIRECTION ( 'NONE',  ( -0.04361938736532345456, 0.000000000000000000, -0.9990482215818582423 ) ) ;
#2311 = DIRECTION ( 'NONE',  ( -0.9990482215818580203, -0.000000000000000000, 0.04361938736532974120 ) ) ;
#2312 = EDGE_CURVE ( 'NONE', #236, #802, #1484, .T. ) ;
#2313 = EDGE_LOOP ( 'NONE', ( #143, #2171 ) ) ;
#2314 = VERTEX_POINT ( 'NONE', #2927 ) ;
#2315 = CARTESIAN_POINT ( 'NONE',  ( 297.8566636564787586, -22.64115085605931910, -10.29755052222927425 ) ) ;
#2316 = DIRECTION ( 'NONE',  ( 0.9990482215818581313, 0.000000000000000000, -0.04361938736532862404 ) ) ;
#2317 = CARTESIAN_POINT ( 'NONE',  ( 400.4383525397606149, -12.50000000000000178, -45.05150388698383779 ) ) ;
#2318 = CARTESIAN_POINT ( 'NONE',  ( 339.4982381656935786, -26.29624880227805050, -29.23177358617034116 ) ) ;
#2319 = CARTESIAN_POINT ( 'NONE',  ( 355.6776166246867774, -20.72594229141438760, -40.18276272640262903 ) ) ;
#2320 = CARTESIAN_POINT ( 'NONE',  ( 398.4402560965968974, -12.50000000000000178, -44.96426511225318023 ) ) ;
#2321 = CARTESIAN_POINT ( 'NONE',  ( 363.7375481055725572, -18.03249965766008955, -35.53036613391765997 ) ) ;
#2322 = AXIS2_PLACEMENT_3D ( 'NONE', #2317, #2264, #2498 ) ;
#2323 = ORIENTED_EDGE ( 'NONE', *, *, #475, .T. ) ;
#2324 = CARTESIAN_POINT ( 'NONE',  ( 388.6710604767383188, -26.84836965488429072, -43.86248305403404402 ) ) ;
#2325 = CARTESIAN_POINT ( 'NONE',  ( 363.6957501715236845, -23.06450610433013537, -44.32356046024386842 ) ) ;
#2326 = CARTESIAN_POINT ( 'NONE',  ( 297.5217086191335056, -17.80085614894572998, -17.96928216686023916 ) ) ;
#2327 = ORIENTED_EDGE ( 'NONE', *, *, #200, .T. ) ;
#2328 = CARTESIAN_POINT ( 'NONE',  ( 362.6216195982938189, -26.49085403702492059, -41.08307231320382868 ) ) ;
#2329 = CARTESIAN_POINT ( 'NONE',  ( 297.5224921035521675, -17.78928331787351169, -17.95133742342412120 ) ) ;
#2330 = CARTESIAN_POINT ( 'NONE',  ( 398.5792641005735391, -31.78991630743271202, -41.78045837981559174 ) ) ;
#2331 = CARTESIAN_POINT ( 'NONE',  ( 297.6210762297667429, -26.21758855655207299, -15.69338970980086323 ) ) ;
#2332 = B_SPLINE_CURVE_WITH_KNOTS ( 'NONE', 3,
 ( #1730, #1540, #211, #1978 ),
 .UNSPECIFIED., .F., .F.,
 ( 4, 4 ),
 ( 0.000000000000000000, 1.000000000000000000 ),
 .UNSPECIFIED. ) ;
#2333 = FACE_OUTER_BOUND ( 'NONE', #1806, .T. ) ;
#2334 = CARTESIAN_POINT ( 'NONE',  ( 397.0727405759688509, -22.44199725710603133, -53.35993435228431991 ) ) ;
#2335 = CARTESIAN_POINT ( 'NONE',  ( 297.6337725836029335, -17.80250761690911432, -15.40259539821765067 ) ) ;
#2336 = ORIENTED_EDGE ( 'NONE', *, *, #1470, .T. ) ;
#2337 = CARTESIAN_POINT ( 'NONE',  ( 380.1938906381936363, -27.05800627317823626, -42.30606884324492967 ) ) ;
#2338 = B_SPLINE_CURVE_WITH_KNOTS ( 'NONE', 3,
 ( #1713, #153, #1932, #2176 ),
 .UNSPECIFIED., .F., .F.,
 ( 4, 4 ),
 ( 0.000000000000000000, 1.000000000000000000 ),
 .UNSPECIFIED. ) ;
#2339 = CARTESIAN_POINT ( 'NONE',  ( 306.2495862689946762, -23.72483246807463431, -19.91621078855380134 ) ) ;
#2340 = CARTESIAN_POINT ( 'NONE',  ( 397.0436851403370611, -20.54308782729139082, -54.02541323790450178 ) ) ;
#2341 = ORIENTED_EDGE ( 'NONE', *, *, #105, .T. ) ;
#2342 = CARTESIAN_POINT ( 'NONE',  ( 297.8284457943451571, -25.32931312094698129, -10.94384582081637092 ) ) ;
#2343 = CARTESIAN_POINT ( 'NONE',  ( 397.1702204357328583, -27.58160543459238312, -51.12727849855455986 ) ) ;
#2344 = CYLINDRICAL_SURFACE ( 'NONE', #2269, 4.999999999999999112 ) ;
#2345 = CARTESIAN_POINT ( 'NONE',  ( 306.2871345801713119, -25.04224378150702535, -18.98206642655206622 ) ) ;
#2346 = CARTESIAN_POINT ( 'NONE',  ( 380.1010075308490173, -20.41397772424275558, -50.56721862044710036 ) ) ;
#2347 = CARTESIAN_POINT ( 'NONE',  ( 397.8950137545302823, -22.00000000000000711, -57.45236788202641520 ) ) ;
#2348 = CARTESIAN_POINT ( 'NONE',  ( 372.0419568116598157, -18.61215669626420421, -37.73468635224462275 ) ) ;
#2349 = EDGE_CURVE ( 'NONE', #1261, #875, #2608, .T. ) ;
#2350 = ORIENTED_EDGE ( 'NONE', *, *, #1811, .T. ) ;
#2351 = CARTESIAN_POINT ( 'NONE',  ( 339.3165597634751975, -24.72787303112827928, -23.83906780868844777 ) ) ;
#2352 = ORIENTED_EDGE ( 'NONE', *, *, #1723, .F. ) ;
#2353 = ORIENTED_EDGE ( 'NONE', *, *, #1650, .T. ) ;
#2354 = CARTESIAN_POINT ( 'NONE',  ( 397.3386787753540830, -16.15613811686583645, -47.26894818319451019 ) ) ;
#2355 = CARTESIAN_POINT ( 'NONE',  ( 332.7327494760000377, -21.96514316516726595, -11.78325176431335208 ) ) ;
#2356 = CARTESIAN_POINT ( 'NONE',  ( 397.3180032756480955, -27.84478513799325228, -47.74249498105027101 ) ) ;
#2357 = LINE ( 'NONE', #1250, #2224 ) ;
#2358 = CARTESIAN_POINT ( 'NONE',  ( 306.3002525813159309, -25.41466138717298051, -18.59166543932132143 ) ) ;
#2359 = CARTESIAN_POINT ( 'NONE',  ( 297.8582033514219916, -22.07955269946658561, -10.26228571023342084 ) ) ;
#2360 = CARTESIAN_POINT ( 'NONE',  ( 397.0749474191777040, -22.88227564390367164, -53.30938933282706671 ) ) ;
#2361 = CARTESIAN_POINT ( 'NONE',  ( 297.7963347478544733, -19.73945763701447120, -11.67930970115215139 ) ) ;
#2362 = VERTEX_POINT ( 'NONE', #713 ) ;
#2363 = CARTESIAN_POINT ( 'NONE',  ( 297.4901716334633193, -19.52878764960834346, -18.69159789274730343 ) ) ;
#2364 = CARTESIAN_POINT ( 'NONE',  ( 363.6291956191945474, -26.76096205423583640, -36.73905617137850044 ) ) ;
#2365 = AXIS2_PLACEMENT_3D ( 'NONE', #1283, #2634, #806 ) ;
#2366 = UNCERTAINTY_MEASURE_WITH_UNIT (LENGTH_MEASURE( 1.000000000000000082E-05 ), #45, 'distance_accuracy_value', 'NONE');
#2367 = ORIENTED_EDGE ( 'NONE', *, *, #1536, .T. ) ;
#2368 = VECTOR ( 'NONE', #120, 1000.000000000000000 ) ;
#2369 = ORIENTED_EDGE ( 'NONE', *, *, #948, .F. ) ;
#2370 = ADVANCED_FACE ( 'NONE', ( #447 ), #2791, .F. ) ;
#2371 = CARTESIAN_POINT ( 'NONE',  ( 397.0703910558913776, -18.88158806222167385, -53.41374720929006514 ) ) ;
#2372 = ORIENTED_EDGE ( 'NONE', *, *, #2250, .F. ) ;
#2373 = CARTESIAN_POINT ( 'NONE',  ( 397.6420554126020193, -21.17541151925835763, -40.32048081079251745 ) ) ;
#2374 = DIRECTION ( 'NONE',  ( 0.04361938736532419009, 0.000000000000000000, 0.9990482215818583533 ) ) ;
#2375 = CARTESIAN_POINT ( 'NONE',  ( 297.6795579849982119, -26.16823831478387774, -14.35393729911788085 ) ) ;
#2376 = CARTESIAN_POINT ( 'NONE',  ( 371.8622632492637194, -25.39396707035887601, -46.37045608693298249 ) ) ;
#2377 = B_SPLINE_CURVE_WITH_KNOTS ( 'NONE', 3,
 ( #2225, #2881, #1982, #827 ),
 .UNSPECIFIED., .F., .F.,
 ( 4, 4 ),
 ( 0.000000000000000000, 1.000000000000000000 ),
 .UNSPECIFIED. ) ;
#2378 = CARTESIAN_POINT ( 'NONE',  ( 301.8875121820079812, -22.72640942832778421, -19.62444269250803330 ) ) ;
#2379 = CARTESIAN_POINT ( 'NONE',  ( 297.8005440351656716, -24.02747349273350608, -11.58290117144975540 ) ) ;
#2380 = CARTESIAN_POINT ( 'NONE',  ( 363.7308486128517870, -18.54672146093451346, -35.07774022635057065 ) ) ;
#2381 = ORIENTED_EDGE ( 'NONE', *, *, #442, .T. ) ;
#2382 = CARTESIAN_POINT ( 'NONE',  ( 297.4561336814084598, -21.56381595921777361, -19.47119516636234593 ) ) ;
#2383 = CARTESIAN_POINT ( 'NONE',  ( 380.1561272816203427, -27.53220497095880148, -43.69230657389786643 ) ) ;
#2384 = VERTEX_POINT ( 'NONE', #1668 ) ;
#2385 = ORIENTED_EDGE ( 'NONE', *, *, #2675, .T. ) ;
#2386 = CARTESIAN_POINT ( 'NONE',  ( 297.4564334283738845, -24.69628286816114837, -19.46432983213788859 ) ) ;
#2387 = EDGE_CURVE ( 'NONE', #1102, #1871, #2926, .T. ) ;
#2388 = CARTESIAN_POINT ( 'NONE',  ( 400.5801155486979610, -22.00000000000000355, -41.80459716684280380 ) ) ;
#2389 = CARTESIAN_POINT ( 'NONE',  ( 397.3171600389775904, -27.84401162698166843, -47.76180827605841728 ) ) ;
#2390 = CARTESIAN_POINT ( 'NONE',  ( 397.1478481376180412, -27.24748872486194884, -51.63968836935072915 ) ) ;
#2391 = CARTESIAN_POINT ( 'NONE',  ( 355.6455891757352106, -25.08675788895614645, -39.27249642035024380 ) ) ;
#2392 = ORIENTED_EDGE ( 'NONE', *, *, #1759, .T. ) ;
#2393 = ORIENTED_EDGE ( 'NONE', *, *, #1340, .T. ) ;
#2394 = CARTESIAN_POINT ( 'NONE',  ( 397.6021055162827906, -24.18728701169856876, -41.23548386977361702 ) ) ;
#2395 = CARTESIAN_POINT ( 'NONE',  ( 397.0983853543950204, -24.55770221185855107, -52.77257235966575877 ) ) ;
#2396 = CARTESIAN_POINT ( 'NONE',  ( 355.5685984963413944, -18.46560596191834236, -31.66394405023161696 ) ) ;
#2397 = ORIENTED_EDGE ( 'NONE', *, *, #1336, .F. ) ;
#2398 = CARTESIAN_POINT ( 'NONE',  ( 331.3971060644353201, -20.72216857548250246, -28.01992825050801983 ) ) ;
#2399 = CARTESIAN_POINT ( 'NONE',  ( 339.3782224048320018, -26.19868470751280043, -25.65751179906926538 ) ) ;
#2400 = VERTEX_POINT ( 'NONE', #1397 ) ;
#2401 = CARTESIAN_POINT ( 'NONE',  ( 398.6157218523542838, -22.60240422393009396, -40.94543858060732333 ) ) ;
#2402 = CARTESIAN_POINT ( 'NONE',  ( 332.7232866984313659, -21.82724679312763882, -11.78761040660896064 ) ) ;
#2403 = CARTESIAN_POINT ( 'NONE',  ( 397.2958095847818640, -16.17877851409226508, -48.25081407330574734 ) ) ;
#2404 = VERTEX_POINT ( 'NONE', #2546 ) ;
#2405 = CARTESIAN_POINT ( 'NONE',  ( 297.7388766478757134, -25.53727418674429117, -12.99531655191954727 ) ) ;
#2406 = ADVANCED_FACE ( 'NONE', ( #2333 ), #298, .F. ) ;
#2407 = CARTESIAN_POINT ( 'NONE',  ( 362.7440751494603433, -14.42567488927615038, -45.45205545570944139 ) ) ;
#2408 = CARTESIAN_POINT ( 'NONE',  ( 332.3890321204015663, -22.17275320687236118, -21.77656718372118050 ) ) ;
#2409 = CARTESIAN_POINT ( 'NONE',  ( 306.3538464618607122, -18.93003130320611405, -12.77054559409184620 ) ) ;
#2410 = ORIENTED_EDGE ( 'NONE', *, *, #608, .F. ) ;
#2411 = CARTESIAN_POINT ( 'NONE',  ( 314.7664580012069564, -20.29458765254535990, -21.64741750598460257 ) ) ;
#2412 = CARTESIAN_POINT ( 'NONE',  ( 397.3485185872000898, -27.87655812886765361, -47.04357943962787658 ) ) ;
#2413 = ORIENTED_EDGE ( 'NONE', *, *, #2909, .F. ) ;
#2414 = AXIS2_PLACEMENT_3D ( 'NONE', #715, #1388, #2310 ) ;
#2415 = CARTESIAN_POINT ( 'NONE',  ( 297.8038299384891729, -18.59830723951591480, -11.50764161211562886 ) ) ;
#2416 = CIRCLE ( 'NONE', #1747, 4.999999999999999112 ) ;
#2417 = CARTESIAN_POINT ( 'NONE',  ( 297.4569008833506132, -21.29955301151670710, -19.45362335294789347 ) ) ;
#2418 = CARTESIAN_POINT ( 'NONE',  ( 297.6330423926170283, -17.80311992087765205, -15.41931952137754536 ) ) ;
#2419 = CARTESIAN_POINT ( 'NONE',  ( 297.7460478996368920, -17.62958694182775332, -12.83106788290638178 ) ) ;
#2420 = VECTOR ( 'NONE', #1755, 1000.000000000000114 ) ;
#2421 = CARTESIAN_POINT ( 'NONE',  ( 332.7232866984313659, -21.82724679312763882, -11.78761040660896064 ) ) ;
#2422 = DIRECTION ( 'NONE',  ( 0.9990482215818581313, 0.000000000000000000, -0.04361938736532862404 ) ) ;
#2423 = CARTESIAN_POINT ( 'NONE',  ( 306.4227834761458666, -21.27359057167200262, -11.45970500751612597 ) ) ;
#2424 = VERTEX_POINT ( 'NONE', #82 ) ;
#2425 = CARTESIAN_POINT ( 'NONE',  ( 306.2663560056389542, -19.13520373749600978, -18.70714460010009006 ) ) ;
#2426 = CARTESIAN_POINT ( 'NONE',  ( 314.8416614256963157, -26.24819873304458895, -17.46314408106734817 ) ) ;
#2427 = ORIENTED_EDGE ( 'NONE', *, *, #1954, .T. ) ;
#2428 = DIRECTION ( 'NONE',  ( 0.04361938736532419009, 0.000000000000000000, 0.9990482215818583533 ) ) ;
#2429 = FACE_OUTER_BOUND ( 'NONE', #2858, .T. ) ;
#2430 = DIRECTION ( 'NONE',  ( 0.04344000124271048952, 0.09059884607272232493, 0.9949396038867507341 ) ) ;
#2431 = CARTESIAN_POINT ( 'NONE',  ( 277.6591378787670692, -22.00000000000000000, -14.38523307226842540 ) ) ;
#2432 = CARTESIAN_POINT ( 'NONE',  ( 297.8284457943451571, -25.32931312094698129, -10.94384582081637092 ) ) ;
#2433 = CARTESIAN_POINT ( 'NONE',  ( 297.7584960016725972, -26.19914385108976873, -12.54595947234459352 ) ) ;
#2434 = CARTESIAN_POINT ( 'NONE',  ( 322.9800982259364446, -22.36238085898692418, -16.39735350594954966 ) ) ;
#2435 = ORIENTED_EDGE ( 'NONE', *, *, #2268, .F. ) ;
#2436 = CARTESIAN_POINT ( 'NONE',  ( 355.6636409796731755, -17.14399261575459477, -36.56750713685160292 ) ) ;
#2437 = CARTESIAN_POINT ( 'NONE',  ( 318.9777530287003060, -25.81972236438778268, -17.25043215902998739 ) ) ;
#2438 = EDGE_CURVE ( 'NONE', #1208, #2238, #2674, .T. ) ;
#2439 = ORIENTED_EDGE ( 'NONE', *, *, #1959, .F. ) ;
#2440 = VERTEX_POINT ( 'NONE', #123 ) ;
#2441 = ORIENTED_EDGE ( 'NONE', *, *, #1206, .F. ) ;
#2442 = CARTESIAN_POINT ( 'NONE',  ( 397.6176060237669958, -22.28203324000375929, -40.88046388047320079 ) ) ;
#2443 = CARTESIAN_POINT ( 'NONE',  ( 397.4861538902626421, -16.42887892662252369, -43.89121272709643762 ) ) ;
#2444 = CARTESIAN_POINT ( 'NONE',  ( 297.6476376994533553, -26.99701474177487270, -15.08503203547688365 ) ) ;
#2445 = CARTESIAN_POINT ( 'NONE',  ( 397.0675470133075464, -24.93308582035009024, -53.47888649383968129 ) ) ;
#2446 = B_SPLINE_CURVE_WITH_KNOTS ( 'NONE', 3,
 ( #488, #1380, #1827, #2086 ),
 .UNSPECIFIED., .F., .F.,
 ( 4, 4 ),
 ( 0.000000000000000000, 1.000000000000000000 ),
 .UNSPECIFIED. ) ;
#2447 = CARTESIAN_POINT ( 'NONE',  ( 332.7327494760000377, -21.96514316516726595, -11.78325176431335208 ) ) ;
#2448 = CARTESIAN_POINT ( 'NONE',  ( 397.4400755949808968, -27.25271108621932470, -44.94657919910312671 ) ) ;
#2449 = CARTESIAN_POINT ( 'NONE',  ( 363.6853197373541775, -22.30865184202207985, -33.77854465609588885 ) ) ;
#2450 = ORIENTED_EDGE ( 'NONE', *, *, #1441, .F. ) ;
#2451 = CARTESIAN_POINT ( 'NONE',  ( 380.2991711711938478, -16.37195109159467421, -44.17759318155766124 ) ) ;
#2452 = ORIENTED_EDGE ( 'NONE', *, *, #2709, .F. ) ;
#2453 = CARTESIAN_POINT ( 'NONE',  ( 297.8580690320959548, -21.82724679312955374, -10.26536212858642294 ) ) ;
#2454 = CARTESIAN_POINT ( 'NONE',  ( 397.2076226400079122, -27.18547282688749078, -50.27062718084226844 ) ) ;
#2455 = CARTESIAN_POINT ( 'NONE',  ( 297.7456148328812446, -17.62408951484806963, -12.84098674233722726 ) ) ;
#2456 = DIRECTION ( 'NONE',  ( -0.9990482215818580203, -0.000000000000000000, 0.04361938736532974120 ) ) ;
#2457 = AXIS2_PLACEMENT_3D ( 'NONE', #1061, #1949, #853 ) ;
#2458 = ORIENTED_EDGE ( 'NONE', *, *, #1686, .T. ) ;
#2459 = CARTESIAN_POINT ( 'NONE',  ( 399.8189572391729598, -22.00000000000000711, -59.23798863344622845 ) ) ;
#2460 = AXIS2_PLACEMENT_3D ( 'NONE', #64, #2064, #452 ) ;
#2461 = CARTESIAN_POINT ( 'NONE',  ( 397.2151446913553059, -16.75234180804007167, -50.09834388033874575 ) ) ;
#2462 = CARTESIAN_POINT ( 'NONE',  ( 372.0127713072977258, -21.87108989189975006, -36.50438255131938803 ) ) ;
#2463 = B_SPLINE_CURVE_WITH_KNOTS ( 'NONE', 3,
 ( #2473, #1132, #1379, #1786 ),
 .UNSPECIFIED., .F., .F.,
 ( 4, 4 ),
 ( 0.000000000000000000, 1.000000000000000000 ),
 .UNSPECIFIED. ) ;
#2464 = ORIENTED_EDGE ( 'NONE', *, *, #2571, .T. ) ;
#2465 = CARTESIAN_POINT ( 'NONE',  ( 331.3203915275150848, -18.44193917669441873, -26.32845525390793995 ) ) ;
#2466 = ORIENTED_EDGE ( 'NONE', *, *, #458, .F. ) ;
#2467 = VERTEX_POINT ( 'NONE', #1019 ) ;
#2468 = CARTESIAN_POINT ( 'NONE',  ( 318.9140961980160682, -23.85838053020603056, -15.37038346664330390 ) ) ;
#2469 = EDGE_CURVE ( 'NONE', #2274, #319, #2603, .T. ) ;
#2470 = CARTESIAN_POINT ( 'NONE',  ( 297.6993252545207724, -17.95557949403701770, -13.90119239244210547 ) ) ;
#2471 = CARTESIAN_POINT ( 'NONE',  ( 398.3268832922703950, -22.00000000000000355, -47.56092923989285737 ) ) ;
#2472 = CARTESIAN_POINT ( 'NONE',  ( 397.5010128546954320, -27.36656622151180684, -43.55088648943735308 ) ) ;
#2473 = CARTESIAN_POINT ( 'NONE',  ( 397.5879275455398556, -19.05780256851200605, -41.56021278762363380 ) ) ;
#2474 = CARTESIAN_POINT ( 'NONE',  ( 398.5399298225485722, -2.297674479191657237, -42.68136146171581657 ) ) ;
#2475 = CARTESIAN_POINT ( 'NONE',  ( 322.9671456204500828, -21.76373586975249097, -16.34591998894064346 ) ) ;
#2476 = ORIENTED_EDGE ( 'NONE', *, *, #1391, .T. ) ;
#2477 = CARTESIAN_POINT ( 'NONE',  ( 355.6532550374945458, -17.01553602554940170, -35.92859929828400567 ) ) ;
#2478 = ORIENTED_EDGE ( 'NONE', *, *, #173, .T. ) ;
#2479 = CARTESIAN_POINT ( 'NONE',  ( 371.9643736273208106, -24.65658660851781647, -37.24161400656383591 ) ) ;
#2480 = ADVANCED_FACE ( 'NONE', ( #2894 ), #725, .T. ) ;
#2481 = CARTESIAN_POINT ( 'NONE',  ( 297.4570186793358744, -22.15069311462670498, -19.45092538132040616 ) ) ;
#2482 = CARTESIAN_POINT ( 'NONE',  ( 397.4856846542986659, -16.42188155977974517, -43.90195999760323531 ) ) ;
#2483 = CARTESIAN_POINT ( 'NONE',  ( 306.4348311087659908, -21.85488730622718379, -11.44011569972865772 ) ) ;
#2484 = EDGE_CURVE ( 'NONE', #2230, #2467, #2463, .T. ) ;
#2485 = CARTESIAN_POINT ( 'NONE',  ( 297.4220042695958455, -22.00000002766087803, -20.25288721282224813 ) ) ;
#2486 = CARTESIAN_POINT ( 'NONE',  ( 397.4394004741452022, -27.26026911873135461, -44.96204200843727250 ) ) ;
#2487 = CARTESIAN_POINT ( 'NONE',  ( 397.2432456113227772, -15.54798761328255807, -49.45472699770962066 ) ) ;
#2488 = CARTESIAN_POINT ( 'NONE',  ( 306.3715507200694219, -26.19286904786520864, -15.39652341757324727 ) ) ;
#2489 = DIRECTION ( 'NONE',  ( -0.04361938736533296085, 0.000000000000000000, -0.9990482215818579093 ) ) ;
#2490 = CARTESIAN_POINT ( 'NONE',  ( 314.6834866140188183, -17.76909413957787010, -17.69226804517384721 ) ) ;
#2491 = ORIENTED_EDGE ( 'NONE', *, *, #2853, .F. ) ;
#2492 = CARTESIAN_POINT ( 'NONE',  ( 297.8240709393998600, -22.43618404078224060, -11.04404647278765239 ) ) ;
#2493 = CARTESIAN_POINT ( 'NONE',  ( 397.8105549979388229, -24.54771902119393445, -59.38679144150910361 ) ) ;
#2494 = CARTESIAN_POINT ( 'NONE',  ( 297.4864058807788183, -24.28567291700570152, -18.77784780934424447 ) ) ;
#2495 = CARTESIAN_POINT ( 'NONE',  ( 388.7458938879029233, -25.19285724975691565, -42.23712113329276718 ) ) ;
#2496 = CARTESIAN_POINT ( 'NONE',  ( 362.7056262925153192, -25.62955165424136084, -40.42924297385075505 ) ) ;
#2497 = CARTESIAN_POINT ( 'NONE',  ( 297.8120063270428659, -20.36621308896838656, -11.32037152565123428 ) ) ;
#2498 = DIRECTION ( 'NONE',  ( -0.04361938736532554317, 0.000000000000000000, -0.9990482215818581313 ) ) ;
#2499 = VECTOR ( 'NONE', #1823, 1000.000000000000114 ) ;
#2500 = CARTESIAN_POINT ( 'NONE',  ( 355.5960142632419547, -26.88366484201699080, -36.48938687969385342 ) ) ;
#2501 = AXIS2_PLACEMENT_3D ( 'NONE', #2540, #1898, #1011 ) ;
#2502 = B_SPLINE_CURVE_WITH_KNOTS ( 'NONE', 3,
 ( #899, #911, #2068, #2771 ),
 .UNSPECIFIED., .F., .F.,
 ( 4, 4 ),
 ( 0.1656742716996514320, 0.2500000000000000000 ),
 .UNSPECIFIED. ) ;
#2503 = LINE ( 'NONE', #1191, #372 ) ;
#2504 = CARTESIAN_POINT ( 'NONE',  ( 355.6013769534559401, -17.37923598005836467, -33.32977845648365189 ) ) ;
#2505 = EDGE_CURVE ( 'NONE', #154, #861, #264, .T. ) ;
#2506 = ORIENTED_EDGE ( 'NONE', *, *, #2917, .F. ) ;
#2507 = ORIENTED_EDGE ( 'NONE', *, *, #295, .T. ) ;
#2508 = CARTESIAN_POINT ( 'NONE',  ( 339.2867046360427139, -23.07834886837964561, -23.05180563956236384 ) ) ;
#2509 = CARTESIAN_POINT ( 'NONE',  ( 371.8898601908648516, -22.12953517749316035, -47.60499968592970532 ) ) ;
#2510 = CARTESIAN_POINT ( 'NONE',  ( 397.2283492822982112, -27.41132369807796110, -49.79590902522185303 ) ) ;
#2511 = CARTESIAN_POINT ( 'NONE',  ( 399.3799722943830943, 7.892375086806180384, -23.44122563609137444 ) ) ;
#2512 = CARTESIAN_POINT ( 'NONE',  ( 297.6333895422525302, -17.00236890183450100, -15.41136848750158705 ) ) ;
#2513 = ORIENTED_EDGE ( 'NONE', *, *, #2217, .T. ) ;
#2514 = VERTEX_POINT ( 'NONE', #251 ) ;
#2515 = CARTESIAN_POINT ( 'NONE',  ( 398.4402560965969542, -12.50000000000011724, -44.96426511225330103 ) ) ;
#2516 = CARTESIAN_POINT ( 'NONE',  ( 397.4801882294875668, -26.72067643611516630, -44.02784882283226153 ) ) ;
#2517 = CARTESIAN_POINT ( 'NONE',  ( 397.3401371879027124, -15.35683120332280538, -47.23554504410580535 ) ) ;
#2518 = CARTESIAN_POINT ( 'NONE',  ( 310.5904755926409280, -26.10661154689757879, -18.15340270978701653 ) ) ;
#2519 = CYLINDRICAL_SURFACE ( 'NONE', #1545, 4.200000000000000178 ) ;
#2520 = CARTESIAN_POINT ( 'NONE',  ( 322.9267225744937377, -17.92286299838413655, -19.21859315127646894 ) ) ;
#2521 = ORIENTED_EDGE ( 'NONE', *, *, #1686, .F. ) ;
#2522 = ADVANCED_FACE ( 'NONE', ( #648, #2723 ), #1327, .F. ) ;
#2523 = CARTESIAN_POINT ( 'NONE',  ( 355.5191636797284787, -23.91266175253493032, -30.56320976064411710 ) ) ;
#2524 = CARTESIAN_POINT ( 'NONE',  ( 397.0782527313972423, -23.20744575619719186, -53.23368523668536056 ) ) ;
#2525 = ADVANCED_FACE ( 'NONE', ( #1542 ), #2605, .F. ) ;
#2526 =( NAMED_UNIT ( * ) PLANE_ANGLE_UNIT ( ) SI_UNIT ( $, .RADIAN. ) );
#2527 = CARTESIAN_POINT ( 'NONE',  ( 297.4862057491178575, -24.27861708097978521, -18.78243157798807417 ) ) ;
#2528 = CARTESIAN_POINT ( 'NONE',  ( 400.4383525397606149, -31.50000000000011724, -45.05150388698396569 ) ) ;
#2529 = B_SPLINE_CURVE_WITH_KNOTS ( 'NONE', 3,
 ( #2577, #536, #1004, #1877 ),
 .UNSPECIFIED., .F., .F.,
 ( 4, 4 ),
 ( 0.000000000000000000, 1.000000000000000000 ),
 .UNSPECIFIED. ) ;
#2530 = CARTESIAN_POINT ( 'NONE',  ( 297.8569607718639531, -21.41653891830274503, -10.29074546110540744 ) ) ;
#2531 = CARTESIAN_POINT ( 'NONE',  ( 397.1140641247296230, -18.80714274938055297, -52.41346947983718962 ) ) ;
#2532 = CARTESIAN_POINT ( 'NONE',  ( 397.5829633128496994, -22.00000047133296022, -41.67391240928568408 ) ) ;
#2533 = CARTESIAN_POINT ( 'NONE',  ( 371.8634457353373932, -27.15493207964122391, -44.03568615989134827 ) ) ;
#2534 = CARTESIAN_POINT ( 'NONE',  ( 297.4570102641832250, -22.14511269377278069, -19.45111812000534712 ) ) ;
#2535 = CARTESIAN_POINT ( 'NONE',  ( 398.5792641005735391, -12.21008369256729154, -41.78045837981558464 ) ) ;
#2536 = CARTESIAN_POINT ( 'NONE',  ( 380.3265321130833172, -16.73364677177552551, -42.72663030319895938 ) ) ;
#2537 = ORIENTED_EDGE ( 'NONE', *, *, #2312, .F. ) ;
#2538 = CARTESIAN_POINT ( 'NONE',  ( 310.6036455480319205, -25.36653699153013974, -14.41036040942317165 ) ) ;
#2539 = CARTESIAN_POINT ( 'NONE',  ( 363.7119184489416739, -21.69054764642033106, -44.38153538946875898 ) ) ;
#2540 = CARTESIAN_POINT ( 'NONE',  ( 398.4402560965969542, -31.50000000000011724, -44.96426511225330813 ) ) ;
#2541 = ADVANCED_FACE ( 'NONE', ( #1116 ), #2029, .F. ) ;
#2542 = CARTESIAN_POINT ( 'NONE',  ( 396.9974476496529405, -21.44523368829835519, -55.08442588407906726 ) ) ;
#2543 = DIRECTION ( 'NONE',  ( -0.9990482215818580203, -0.000000000000000000, 0.04361938736532974120 ) ) ;
#2544 = DIRECTION ( 'NONE',  ( 0.9990482215818581313, -3.157196726277788912E-16, -0.04361938736532973426 ) ) ;
#2545 = CARTESIAN_POINT ( 'NONE',  ( 347.5586359018147959, -26.33411651109144103, -33.50501240604376108 ) ) ;
#2546 = CARTESIAN_POINT ( 'NONE',  ( 297.4568997825824113, -22.00000003275958704, -19.45364856468724923 ) ) ;
#2547 = CIRCLE ( 'NONE', #843, 3.200000000000005507 ) ;
#2548 = DIRECTION ( 'NONE',  ( 0.9990482215818581313, 0.000000000000000000, -0.04361938736532862404 ) ) ;
#2549 = CARTESIAN_POINT ( 'NONE',  ( 331.1739271750834064, -17.94458438496583597, -21.88464019536264260 ) ) ;
#2550 = CIRCLE ( 'NONE', #520, 3.149999999999997247 ) ;
#2551 = VERTEX_POINT ( 'NONE', #1367 ) ;
#2552 = CIRCLE ( 'NONE', #940, 3.200000000000005507 ) ;
#2553 = CARTESIAN_POINT ( 'NONE',  ( 302.1370687496496430, -24.00779164872345106, -11.72112788095898672 ) ) ;
#2554 = CIRCLE ( 'NONE', #59, 1.699999999999999067 ) ;
#2555 = CARTESIAN_POINT ( 'NONE',  ( 331.4420743501190145, -23.65486829444222749, -27.88142759021700101 ) ) ;
#2556 = CARTESIAN_POINT ( 'NONE',  ( 397.0727391906218600, -21.88732859306413303, -53.35996608194284363 ) ) ;
#2557 = ORIENTED_EDGE ( 'NONE', *, *, #711, .F. ) ;
#2558 = ORIENTED_EDGE ( 'NONE', *, *, #839, .T. ) ;
#2559 = CARTESIAN_POINT ( 'NONE',  ( 297.8542152430060241, -21.01751097001511326, -10.35362841037384563 ) ) ;
#2560 = CARTESIAN_POINT ( 'NONE',  ( 397.5827736772877756, -22.22926524105253421, -41.67825577773229639 ) ) ;
#2561 = EDGE_CURVE ( 'NONE', #2618, #1596, #831, .T. ) ;
#2562 = CARTESIAN_POINT ( 'NONE',  ( 297.5525236687296911, -25.72928190204344645, -17.26350149553906732 ) ) ;
#2563 = CARTESIAN_POINT ( 'NONE',  ( 310.4873114583132292, -22.00578603572081704, -21.25637603485506588 ) ) ;
#2564 = DIRECTION ( 'NONE',  ( -0.9990482215818580203, -0.000000000000000000, 0.04361938736532974120 ) ) ;
#2565 = CARTESIAN_POINT ( 'NONE',  ( 297.7822308574242811, -19.29731117859332912, -12.00234190088697162 ) ) ;
#2566 = ORIENTED_EDGE ( 'NONE', *, *, #2779, .F. ) ;
#2567 = CARTESIAN_POINT ( 'NONE',  ( 363.6290572499568157, -26.97465984748751211, -37.37865195873137480 ) ) ;
#2568 = CARTESIAN_POINT ( 'NONE',  ( 297.4638382349676249, -23.27216503970697659, -19.29473187798656042 ) ) ;
#2569 = APPLICATION_PROTOCOL_DEFINITION ( 'draft international standard', 'automotive_design', 1998, #1409 ) ;
#2570 = CARTESIAN_POINT ( 'NONE',  ( 397.0391557619114451, -21.12882975225997129, -54.12915305944020616 ) ) ;
#2571 = EDGE_CURVE ( 'NONE', #1508, #1853, #586, .T. ) ;
#2572 = CARTESIAN_POINT ( 'NONE',  ( 397.5572749269744577, -26.07974546947935934, -42.26227317668761430 ) ) ;
#2573 = CARTESIAN_POINT ( 'NONE',  ( 297.5029480115832712, -25.97158213983399122, -18.39897072373006992 ) ) ;
#2574 = PRODUCT_RELATED_PRODUCT_CATEGORY ( 'part', '', ( #589 ) ) ;
#2575 = CARTESIAN_POINT ( 'NONE',  ( 363.6821694365070243, -24.34911830913661746, -43.87820946003735401 ) ) ;
#2576 = CARTESIAN_POINT ( 'NONE',  ( 297.8537586096023801, -23.03428190519700181, -10.36408703479373195 ) ) ;
#2577 = CARTESIAN_POINT ( 'NONE',  ( 297.5413279729327201, -18.46272581325519724, -17.51992508722971564 ) ) ;
#2578 = B_SPLINE_CURVE_WITH_KNOTS ( 'NONE', 3,
 ( #1338, #260, #3, #1154 ),
 .UNSPECIFIED., .F., .F.,
 ( 4, 4 ),
 ( 0.5000000000000000000, 0.5005700522164751032 ),
 .UNSPECIFIED. ) ;
#2579 = CARTESIAN_POINT ( 'NONE',  ( 372.0217007151498478, -21.15745404421487663, -36.57125739335972270 ) ) ;
#2580 = EDGE_CURVE ( 'NONE', #1613, #1392, #882, .T. ) ;
#2581 = EDGE_LOOP ( 'NONE', ( #1819, #2464, #878, #2013, #1574, #1563, #1772, #596, #1414, #1418, #2353, #2392, #538, #2584, #1958, #378, #2686 ) ) ;
#2582 = CARTESIAN_POINT ( 'NONE',  ( 314.7916113036653201, -21.35434405446408235, -21.99977782884602817 ) ) ;
#2583 = CARTESIAN_POINT ( 'NONE',  ( 355.5261449503348103, -26.36660225429860205, -32.70701995124034767 ) ) ;
#2584 = ORIENTED_EDGE ( 'NONE', *, *, #2743, .T. ) ;
#2585 = VERTEX_POINT ( 'NONE', #224 ) ;
#2586 = CARTESIAN_POINT ( 'NONE',  ( 397.0593034372216152, -19.41942022520525413, -53.66769542779081803 ) ) ;
#2587 = CARTESIAN_POINT ( 'NONE',  ( 397.3520336373359214, -14.42567488927609176, -46.96307155542847056 ) ) ;
#2588 = CARTESIAN_POINT ( 'NONE',  ( 297.5516651587578849, -25.67822049909383963, -17.28316460664902365 ) ) ;
#2589 = LINE ( 'NONE', #1665, #2368 ) ;
#2590 = CARTESIAN_POINT ( 'NONE',  ( 301.9493649889100197, -25.06996869679388240, -18.31329280275819826 ) ) ;
#2591 = ORIENTED_EDGE ( 'NONE', *, *, #245, .T. ) ;
#2592 = CARTESIAN_POINT ( 'NONE',  ( 397.3174138258105472, -28.64483084511072875, -47.75599560193307980 ) ) ;
#2593 = CARTESIAN_POINT ( 'NONE',  ( 400.3249797355308601, -22.00000000000000355, -47.64816801462980322 ) ) ;
#2594 = CARTESIAN_POINT ( 'NONE',  ( 397.5393179847552005, -18.72625499112320568, -42.67355477124393559 ) ) ;
#2595 = ORIENTED_EDGE ( 'NONE', *, *, #1637, .T. ) ;
#2596 = CARTESIAN_POINT ( 'NONE',  ( 339.4999323358960623, -19.74179633633806930, -31.62381504776093522 ) ) ;
#2597 = CARTESIAN_POINT ( 'NONE',  ( 331.2349205668576815, -24.31857540412594432, -19.91730481497199179 ) ) ;
#2598 = EDGE_CURVE ( 'NONE', #2792, #1058, #304, .T. ) ;
#2599 = CIRCLE ( 'NONE', #1268, 3.149999999999997247 ) ;
#2600 = VECTOR ( 'NONE', #1742, 1000.000000000000000 ) ;
#2601 = ORIENTED_EDGE ( 'NONE', *, *, #1344, .T. ) ;
#2602 = CARTESIAN_POINT ( 'NONE',  ( 297.6328412284357796, -17.00276785151510595, -15.42392693860868036 ) ) ;
#2603 = B_SPLINE_CURVE_WITH_KNOTS ( 'NONE', 3,
 ( #1190, #2105, #791, #856, #622, #2182 ),
 .UNSPECIFIED., .F., .F.,
 ( 4, 2, 4 ),
 ( 0.000000000000000000, 0.5000000000000000000, 1.000000000000000000 ),
 .UNSPECIFIED. ) ;
#2604 = VERTEX_POINT ( 'NONE', #2459 ) ;
#2605 = CONICAL_SURFACE ( 'NONE', #847, 3.149999999999997247, 0.7853981633974492782 ) ;
#2606 = CARTESIAN_POINT ( 'NONE',  ( 297.8582003512124743, -21.99999997233912552, -10.26235442632774841 ) ) ;
#2607 = CARTESIAN_POINT ( 'NONE',  ( 397.0378037462634211, -23.00577985420147797, -54.16011930886214998 ) ) ;
#2608 = B_SPLINE_CURVE_WITH_KNOTS ( 'NONE', 3,
 ( #2730, #2061, #2014, #1575, #435, #1127 ),
 .UNSPECIFIED., .F., .F.,
 ( 4, 2, 4 ),
 ( 0.000000000000000000, 0.5000000000000000000, 1.000000000000000000 ),
 .UNSPECIFIED. ) ;
#2609 = CARTESIAN_POINT ( 'NONE',  ( 301.9819320822994086, -25.72928190204344645, -17.45689364340238825 ) ) ;
#2610 = VERTEX_POINT ( 'NONE', #664 ) ;
#2611 = CARTESIAN_POINT ( 'NONE',  ( 396.9974476496529405, -21.44523368829835519, -55.08442588407906726 ) ) ;
#2612 = DIRECTION ( 'NONE',  ( -0.04361938736532545297, 0.000000000000000000, -0.9990482215818581313 ) ) ;
#2613 = CARTESIAN_POINT ( 'NONE',  ( 322.9214404062473136, -18.78675210272998441, -17.78069266920354963 ) ) ;
#2614 = ORIENTED_EDGE ( 'NONE', *, *, #297, .T. ) ;
#2615 = CARTESIAN_POINT ( 'NONE',  ( 380.1904192000812941, -17.36718327226258651, -48.34983431637599693 ) ) ;
#2616 = CARTESIAN_POINT ( 'NONE',  ( 302.0967435389043203, -25.81133863827735198, -13.68416549750552669 ) ) ;
#2617 = EDGE_CURVE ( 'NONE', #60, #2762, #2552, .T. ) ;
#2618 = VERTEX_POINT ( 'NONE', #1558 ) ;
#2619 = B_SPLINE_CURVE_WITH_KNOTS ( 'NONE', 3,
 ( #502, #941, #1173, #924, #910, #1368, #956, #1814, #1160, #2531 ),
 .UNSPECIFIED., .F., .F.,
 ( 4, 2, 2, 2, 4 ),
 ( 0.000000000000000000, 0.2499999998749999897, 0.4999999997499999793, 0.7499999996249999690, 0.9999999994999999586 ),
 .UNSPECIFIED. ) ;
#2620 = CARTESIAN_POINT ( 'NONE',  ( 397.5961608039619364, -24.59254378317236700, -41.37164016701837710 ) ) ;
#2621 = EDGE_CURVE ( 'NONE', #1091, #1879, #480, .T. ) ;
#2622 = ORIENTED_EDGE ( 'NONE', *, *, #2028, .T. ) ;
#2623 = CARTESIAN_POINT ( 'NONE',  ( 397.8105549979388229, -19.45228097880607976, -59.38679144150913203 ) ) ;
#2624 = CARTESIAN_POINT ( 'NONE',  ( 297.8582003512124743, -21.99999997233912552, -10.26235442632774841 ) ) ;
#2625 = CARTESIAN_POINT ( 'NONE',  ( 362.3714059281149389, -15.29566300321888583, -49.56239533326260016 ) ) ;
#2626 = DIRECTION ( 'NONE',  ( -0.9990482215818580203, -0.000000000000000000, 0.04361938736532974120 ) ) ;
#2627 = CARTESIAN_POINT ( 'NONE',  ( 322.9204236319700385, -18.43632066109499590, -18.22246069329950302 ) ) ;
#2628 = VERTEX_POINT ( 'NONE', #237 ) ;
#2629 = CARTESIAN_POINT ( 'NONE',  ( 397.1850363190109761, -17.15163034511571283, -50.78793898155835507 ) ) ;
#2630 = CARTESIAN_POINT ( 'NONE',  ( 331.3231398864337507, -26.12668846746512230, -22.06407039707229245 ) ) ;
#2631 = ORIENTED_EDGE ( 'NONE', *, *, #2675, .F. ) ;
#2632 = CARTESIAN_POINT ( 'NONE',  ( 297.4494675702699737, -19.57113532249601562, -19.62387421300091361 ) ) ;
#2633 = LINE ( 'NONE', #1248, #1083 ) ;
#2634 = DIRECTION ( 'NONE',  ( -0.9990482215818580203, -0.000000000000000000, 0.04361938736532974120 ) ) ;
#2635 = ORIENTED_EDGE ( 'NONE', *, *, #2250, .T. ) ;
#2636 = CARTESIAN_POINT ( 'NONE',  ( 397.0728891236881850, -21.77460034032951341, -53.35653205014470757 ) ) ;
#2637 = ADVANCED_FACE ( 'NONE', ( #1341 ), #1855, .T. ) ;
#2638 = CARTESIAN_POINT ( 'NONE',  ( 297.8537586096023801, -23.03428190519700181, -10.36408703479373195 ) ) ;
#2639 = CARTESIAN_POINT ( 'NONE',  ( 277.8423393057014437, -22.00000000000000000, -10.18923054162462094 ) ) ;
#2640 = CARTESIAN_POINT ( 'NONE',  ( 347.4029341578855679, -23.49550531045728974, -26.80750770010324047 ) ) ;
#2641 = B_SPLINE_CURVE_WITH_KNOTS ( 'NONE', 3,
 ( #2047, #1797, #1822, #2732 ),
 .UNSPECIFIED., .F., .F.,
 ( 4, 4 ),
 ( 0.000000000000000000, 1.000000000000000000 ),
 .UNSPECIFIED. ) ;
#2642 = VERTEX_POINT ( 'NONE', #166 ) ;
#2643 = CARTESIAN_POINT ( 'NONE',  ( 347.5858875128586760, -18.84836666254792092, -35.02097114400326205 ) ) ;
#2644 = CARTESIAN_POINT ( 'NONE',  ( 297.7387057833910262, -25.58172012233511339, -12.99922999202385476 ) ) ;
#2645 = ORIENTED_EDGE ( 'NONE', *, *, #1811, .F. ) ;
#2646 = VECTOR ( 'NONE', #971, 1000.000000000000114 ) ;
#2647 = ORIENTED_EDGE ( 'NONE', *, *, #888, .F. ) ;
#2648 = CARTESIAN_POINT ( 'NONE',  ( 297.4219825146153084, -21.13362558954826653, -20.25338548379510684 ) ) ;
#2649 = VECTOR ( 'NONE', #1813, 1000.000000000000000 ) ;
#2650 = CARTESIAN_POINT ( 'NONE',  ( 399.8931101976939431, -22.00000000000000711, -57.53960665675707276 ) ) ;
#2651 = CARTESIAN_POINT ( 'NONE',  ( 297.8006460248662961, -24.02324274956286487, -11.58056522326289084 ) ) ;
#2652 = ORIENTED_EDGE ( 'NONE', *, *, #513, .T. ) ;
#2653 = CARTESIAN_POINT ( 'NONE',  ( 397.0677425958943445, -24.94219743414793200, -53.47440691612271735 ) ) ;
#2654 = AXIS2_PLACEMENT_3D ( 'NONE', #35, #2247, #2711 ) ;
#2655 = EDGE_CURVE ( 'NONE', #346, #204, #2633, .T. ) ;
#2656 = CARTESIAN_POINT ( 'NONE',  ( 397.5936328957066053, -24.68067438931927526, -41.42953878503054455 ) ) ;
#2657 = CARTESIAN_POINT ( 'NONE',  ( 397.8105549979388229, -24.54771902119393445, -59.38679144150910361 ) ) ;
#2658 = CARTESIAN_POINT ( 'NONE',  ( 380.3313422308265785, -22.11946737567786414, -39.27014390195973448 ) ) ;
#2659 = B_SPLINE_CURVE_WITH_KNOTS ( 'NONE', 3,
 ( #1732, #2408, #1052, #1952 ),
 .UNSPECIFIED., .F., .F.,
 ( 4, 4 ),
 ( 0.000000000000000000, 1.000000000000000000 ),
 .UNSPECIFIED. ) ;
#2660 = ORIENTED_EDGE ( 'NONE', *, *, #1335, .T. ) ;
#2661 = CARTESIAN_POINT ( 'NONE',  ( 322.9823636662647459, -17.90465028074654796, -22.06745966481377152 ) ) ;
#2662 = CARTESIAN_POINT ( 'NONE',  ( 355.5678136550655495, -26.98949046406650254, -35.18103220691272526 ) ) ;
#2663 = ORIENTED_EDGE ( 'NONE', *, *, #2081, .F. ) ;
#2664 = CARTESIAN_POINT ( 'NONE',  ( 397.4638582889324425, -16.09794519441848237, -44.40186595272370340 ) ) ;
#2665 = CARTESIAN_POINT ( 'NONE',  ( 398.3268832922703950, -22.00000000000000355, -47.56092923989285737 ) ) ;
#2666 = DIRECTION ( 'NONE',  ( -0.9990482215818580203, -0.000000000000000000, 0.04361938736532974120 ) ) ;
#2667 = CARTESIAN_POINT ( 'NONE',  ( 397.1994982211323304, -16.03722769808755899, -50.45670696598934057 ) ) ;
#2668 = ORIENTED_EDGE ( 'NONE', *, *, #891, .F. ) ;
#2669 = CARTESIAN_POINT ( 'NONE',  ( 397.5664750322071086, -25.78329092136836920, -42.05155612341810212 ) ) ;
#2670 = CARTESIAN_POINT ( 'NONE',  ( 297.5522194121243729, -25.68520896889022609, -17.27047011748789629 ) ) ;
#2671 = CARTESIAN_POINT ( 'NONE',  ( 331.1717994481578557, -21.46409106723719873, -19.24225858822822488 ) ) ;
#2672 = VERTEX_POINT ( 'NONE', #1513 ) ;
#2673 = CARTESIAN_POINT ( 'NONE',  ( 380.2667662274354257, -16.29722552448139439, -45.64953100652726903 ) ) ;
#2674 = B_SPLINE_CURVE_WITH_KNOTS ( 'NONE', 3,
 ( #2592, #561, #2150, #974 ),
 .UNSPECIFIED., .F., .F.,
 ( 4, 4 ),
 ( 0.000000000000000000, 1.000000000000000000 ),
 .UNSPECIFIED. ) ;
#2675 = EDGE_CURVE ( 'NONE', #2467, #1508, #65, .T. ) ;
#2676 = VERTEX_POINT ( 'NONE', #1964 ) ;
#2677 = CARTESIAN_POINT ( 'NONE',  ( 397.0990454507289655, -24.58865204152914075, -52.75745366799510094 ) ) ;
#2678 = CARTESIAN_POINT ( 'NONE',  ( 297.4570102641832250, -22.14511269377278069, -19.45111812000535068 ) ) ;
#2679 = DIRECTION ( 'NONE',  ( -0.04361938736532545297, 0.000000000000000000, -0.9990482215818581313 ) ) ;
#2680 = CARTESIAN_POINT ( 'NONE',  ( 397.0738965323047864, -21.23041261023400139, -53.33345859938120981 ) ) ;
#2681 = CARTESIAN_POINT ( 'NONE',  ( 297.8578610873798880, -21.68935042108801170, -10.27012484561090666 ) ) ;
#2682 = LINE ( 'NONE', #2657, #280 ) ;
#2683 = CARTESIAN_POINT ( 'NONE',  ( 314.7392521043794318, -20.90944038309145725, -13.59827065625972509 ) ) ;
#2684 = ORIENTED_EDGE ( 'NONE', *, *, #1992, .T. ) ;
#2685 = CARTESIAN_POINT ( 'NONE',  ( 372.0191056413123647, -16.55276108061721985, -42.88838741166373580 ) ) ;
#2686 = ORIENTED_EDGE ( 'NONE', *, *, #1992, .F. ) ;
#2687 = EDGE_CURVE ( 'NONE', #2404, #1109, #1594, .T. ) ;
#2688 = CARTESIAN_POINT ( 'NONE',  ( 371.9369079895186019, -25.87142434600504970, -38.09827807008419143 ) ) ;
#2689 = VECTOR ( 'NONE', #2165, 1000.000000000000000 ) ;
#2690 = VERTEX_POINT ( 'NONE', #2388 ) ;
#2691 = CARTESIAN_POINT ( 'NONE',  ( 297.8501328812308202, -20.62991790962606586, -10.44712986735863147 ) ) ;
#2692 = CARTESIAN_POINT ( 'NONE',  ( 306.3064650719122710, -22.14511269377278069, -19.83749366113699963 ) ) ;
#2693 = FACE_BOUND ( 'NONE', #819, .T. ) ;
#2694 = CARTESIAN_POINT ( 'NONE',  ( 332.7138239208627510, -21.68935042108801170, -11.79196904890456921 ) ) ;
#2695 = AXIS2_PLACEMENT_3D ( 'NONE', #2875, #820, #2888 ) ;
#2696 = DIRECTION ( 'NONE',  ( -0.9990482215818580203, -0.000000000000000000, 0.04361938736532974120 ) ) ;
#2697 = CARTESIAN_POINT ( 'NONE',  ( 322.9369558715662265, -20.11865395127534484, -16.77564124774505316 ) ) ;
#2698 = ORIENTED_EDGE ( 'NONE', *, *, #2031, .T. ) ;
#2699 = CARTESIAN_POINT ( 'NONE',  ( 323.0114156665282508, -18.34776478108961939, -23.09304030510231343 ) ) ;
#2700 = EDGE_CURVE ( 'NONE', #308, #553, #1727, .T. ) ;
#2701 = VERTEX_POINT ( 'NONE', #1298 ) ;
#2702 = EDGE_CURVE ( 'NONE', #2604, #1429, #615, .T. ) ;
#2703 = CARTESIAN_POINT ( 'NONE',  ( 380.2325442125843438, -26.20091325590227527, -41.10140441181471971 ) ) ;
#2704 = ADVANCED_FACE ( 'NONE', ( #2429 ), #1014, .T. ) ;
#2705 = CARTESIAN_POINT ( 'NONE',  ( 297.7279852086839469, -18.31479103110901363, -13.24477152166375404 ) ) ;
#2706 = LINE ( 'NONE', #920, #2499 ) ;
#2707 = CARTESIAN_POINT ( 'NONE',  ( 363.6577664351241310, -24.33631322028086075, -34.32325906993301601 ) ) ;
#2708 = B_SPLINE_CURVE_WITH_KNOTS ( 'NONE', 3,
 ( #633, #1027, #1525, #2606 ),
 .UNSPECIFIED., .F., .F.,
 ( 4, 4 ),
 ( 0.000000000000000000, 0.005237957674893556521 ),
 .UNSPECIFIED. ) ;
#2709 = EDGE_CURVE ( 'NONE', #1715, #2404, #930, .T. ) ;
#2710 = ORIENTED_EDGE ( 'NONE', *, *, #795, .F. ) ;
#2711 = DIRECTION ( 'NONE',  ( 0.04361938736532419009, 0.000000000000000000, 0.9990482215818583533 ) ) ;
#2712 = CARTESIAN_POINT ( 'NONE',  ( 297.7582348517747164, -26.20300051824486331, -12.55194078838522032 ) ) ;
#2713 = PRESENTATION_STYLE_ASSIGNMENT (( #1581 ) ) ;
#2714 = CARTESIAN_POINT ( 'NONE',  ( 363.6359690991714615, -27.24501943778052393, -39.37884959772776483 ) ) ;
#2715 = CARTESIAN_POINT ( 'NONE',  ( 297.8005440351656716, -24.02747349273350608, -11.58290117144975540 ) ) ;
#2716 = CARTESIAN_POINT ( 'NONE',  ( 380.2842294636942597, -16.26266338519120325, -44.90831784276868177 ) ) ;
#2717 = ORIENTED_EDGE ( 'NONE', *, *, #2505, .F. ) ;
#2718 = CARTESIAN_POINT ( 'NONE',  ( 306.3642036931099710, -21.90570382845409725, -11.85928738663891657 ) ) ;
#2719 = CARTESIAN_POINT ( 'NONE',  ( 397.5275890107658370, -17.14294977481477744, -42.94219244162046323 ) ) ;
#2720 = DIRECTION ( 'NONE',  ( 0.9990482215818581313, -3.157196726277788912E-16, -0.04361938736532973426 ) ) ;
#2721 = CARTESIAN_POINT ( 'NONE',  ( 297.6337725836034451, -17.80250761690911787, -15.40259539821767554 ) ) ;
#2722 = VERTEX_POINT ( 'NONE', #1976 ) ;
#2723 = FACE_OUTER_BOUND ( 'NONE', #2253, .T. ) ;
#2724 = CARTESIAN_POINT ( 'NONE',  ( 297.8231943566253221, -21.85488730622720510, -11.06412351914465297 ) ) ;
#2725 = CARTESIAN_POINT ( 'NONE',  ( 397.5721081109414854, -20.25901735166663542, -41.92253740877134760 ) ) ;
#2726 = CARTESIAN_POINT ( 'NONE',  ( 302.0342512266598760, -26.21758855655207299, -15.88607309138545531 ) ) ;
#2727 = CARTESIAN_POINT ( 'NONE',  ( 297.4794571304204851, -19.98099462565199147, -18.93700035840799600 ) ) ;
#2728 = CARTESIAN_POINT ( 'NONE',  ( 363.7620465077669678, -16.79580636228394752, -38.08468789566499879 ) ) ;
#2729 = VERTEX_POINT ( 'NONE', #2443 ) ;
#2730 = CARTESIAN_POINT ( 'NONE',  ( 397.5566246906478796, -19.41134795846106087, -42.27716603706483056 ) ) ;
#2731 = CARTESIAN_POINT ( 'NONE',  ( 339.5283182125452299, -22.16152291681131459, -32.22238245704640747 ) ) ;
#2732 = CARTESIAN_POINT ( 'NONE',  ( 297.7937987400341626, -19.71432708315250082, -11.73739382970314260 ) ) ;
#2733 = CARTESIAN_POINT ( 'NONE',  ( 297.8580690320959548, -21.82724679312955374, -10.26536212858642294 ) ) ;
#2734 = CARTESIAN_POINT ( 'NONE',  ( 297.8231943566253221, -21.85488730622720510, -11.06412351914465297 ) ) ;
#2735 = EDGE_CURVE ( 'NONE', #2362, #2759, #1459, .T. ) ;
#2736 = VERTEX_POINT ( 'NONE', #1074 ) ;
#2737 = CARTESIAN_POINT ( 'NONE',  ( 397.1695162511164199, -27.57112107340774187, -51.14340697791222112 ) ) ;
#2738 = CYLINDRICAL_SURFACE ( 'NONE', #2074, 6.649137931034488247 ) ;
#2739 = ORIENTED_EDGE ( 'NONE', *, *, #1156, .F. ) ;
#2740 = CARTESIAN_POINT ( 'NONE',  ( 297.7943960433733537, -19.73554046863489120, -11.72371333405999927 ) ) ;
#2741 = AXIS2_PLACEMENT_3D ( 'NONE', #1420, #1028, #2770 ) ;
#2742 = CARTESIAN_POINT ( 'NONE',  ( 371.8611651508181239, -26.79221928688414778, -44.70149518769713382 ) ) ;
#2743 = EDGE_CURVE ( 'NONE', #1115, #149, #2890, .T. ) ;
#2744 = CIRCLE ( 'NONE', #1588, 3.199999999999998845 ) ;
#2745 = ORIENTED_EDGE ( 'NONE', *, *, #245, .F. ) ;
#2746 = CARTESIAN_POINT ( 'NONE',  ( 339.3476877814063073, -17.42125723072640042, -27.09479622819853972 ) ) ;
#2747 = VECTOR ( 'NONE', #1129, 1000.000000000000000 ) ;
#2748 = ORIENTED_EDGE ( 'NONE', *, *, #2893, .F. ) ;
#2749 = B_SPLINE_CURVE_WITH_KNOTS ( 'NONE', 3,
 ( #835, #2648, #600, #207 ),
 .UNSPECIFIED., .F., .F.,
 ( 4, 4 ),
 ( 0.5052379576748933232, 0.5843257283414293735 ),
 .UNSPECIFIED. ) ;
#2750 = CARTESIAN_POINT ( 'NONE',  ( 339.3041800637793131, -24.25273814733885658, -23.47806428491735886 ) ) ;
#2751 = CARTESIAN_POINT ( 'NONE',  ( 347.6010472199769197, -21.77761325449931107, -36.26470028407307211 ) ) ;
#2752 = DIRECTION ( 'NONE',  ( 0.04361938736531432992, 0.000000000000000000, 0.9990482215818586864 ) ) ;
#2753 = CARTESIAN_POINT ( 'NONE',  ( 397.2149196545345831, -16.75486397727106436, -50.10349807092256924 ) ) ;
#2754 = ORIENTED_EDGE ( 'NONE', *, *, #1013, .T. ) ;
#2755 = CARTESIAN_POINT ( 'NONE',  ( 332.9355898897390489, -25.32931312094698129, -12.47665683484595078 ) ) ;
#2756 = FACE_OUTER_BOUND ( 'NONE', #1659, .T. ) ;
#2757 = CARTESIAN_POINT ( 'NONE',  ( 397.2909409004020631, -15.31615438846245425, -48.36232527887268162 ) ) ;
#2758 = CARTESIAN_POINT ( 'NONE',  ( 380.0557448826513678, -25.92682930920089035, -49.23080185913764950 ) ) ;
#2759 = VERTEX_POINT ( 'NONE', #2192 ) ;
#2760 = B_SPLINE_CURVE_WITH_KNOTS ( 'NONE', 3,
 ( #252, #2037, #51, #1599 ),
 .UNSPECIFIED., .F., .F.,
 ( 4, 4 ),
 ( 0.08432572834139449858, 0.08542792376323429804 ),
 .UNSPECIFIED. ) ;
#2761 = CARTESIAN_POINT ( 'NONE',  ( 306.3028927571501185, -17.88083485492553848, -14.64484405525086785 ) ) ;
#2762 = VERTEX_POINT ( 'NONE', #2623 ) ;
#2763 = CARTESIAN_POINT ( 'NONE',  ( 314.8153225658999190, -25.43511355007855457, -15.41654640258767373 ) ) ;
#2764 = EDGE_CURVE ( 'NONE', #1535, #1392, #1712, .T. ) ;
#2765 = CARTESIAN_POINT ( 'NONE',  ( 388.4068393769932754, -21.71168760325317848, -53.02485474628669238 ) ) ;
#2766 = CARTESIAN_POINT ( 'NONE',  ( 397.5396966259237956, -26.57947605712901762, -42.66488246269423712 ) ) ;
#2767 = ORIENTED_EDGE ( 'NONE', *, *, #1723, .T. ) ;
#2768 = ORIENTED_EDGE ( 'NONE', *, *, #1207, .F. ) ;
#2769 = CARTESIAN_POINT ( 'NONE',  ( 332.1202263038654792, -17.09833034611034464, -19.69652820836803286 ) ) ;
#2770 = DIRECTION ( 'NONE',  ( 0.04361938736532419009, 0.000000000000000000, 0.9990482215818583533 ) ) ;
#2771 = CARTESIAN_POINT ( 'NONE',  ( 297.6476376994533553, -26.99701474177487270, -15.08503203547688365 ) ) ;
#2772 = CARTESIAN_POINT ( 'NONE',  ( 363.6469741021471691, -27.04042471717614049, -40.74572010171871739 ) ) ;
#2773 = CARTESIAN_POINT ( 'NONE',  ( 297.8314550066543234, -24.39905530212303120, -10.87492352759886494 ) ) ;
#2774 = CARTESIAN_POINT ( 'NONE',  ( 397.3614040011542556, -16.17831029452993619, -46.74845493942974173 ) ) ;
#2775 = CARTESIAN_POINT ( 'NONE',  ( 306.2925376194494902, -17.78241144344793057, -15.19879471677640126 ) ) ;
#2776 = EDGE_CURVE ( 'NONE', #1157, #1102, #2708, .T. ) ;
#2777 = ORIENTED_EDGE ( 'NONE', *, *, #839, .F. ) ;
#2778 = CARTESIAN_POINT ( 'NONE',  ( 339.3609621092094812, -25.89861921500511954, -25.15322072968027811 ) ) ;
#2779 = EDGE_CURVE ( 'NONE', #149, #1613, #662, .T. ) ;
#2780 = CARTESIAN_POINT ( 'NONE',  ( 363.7034848073915327, -22.37855992461095767, -44.42173155951516605 ) ) ;
#2781 = CARTESIAN_POINT ( 'NONE',  ( 397.3376668657170399, -16.15521486199640222, -47.29212472427631297 ) ) ;
#2782 = CARTESIAN_POINT ( 'NONE',  ( 362.7056262925153192, -25.62955165424136084, -40.42924297385075505 ) ) ;
#2783 = CARTESIAN_POINT ( 'NONE',  ( 297.4864058807788183, -24.28567291700570152, -18.77784780934424447 ) ) ;
#2784 = B_SPLINE_CURVE_WITH_KNOTS ( 'NONE', 3,
 ( #2442, #1098, #2002, #2620, #1309, #585 ),
 .UNSPECIFIED., .F., .F.,
 ( 4, 2, 4 ),
 ( 0.000000000000000000, 0.5000000000000000000, 1.000000000000000000 ),
 .UNSPECIFIED. ) ;
#2785 = FACE_OUTER_BOUND ( 'NONE', #1085, .T. ) ;
#2786 = CARTESIAN_POINT ( 'NONE',  ( 355.6297867160297415, -26.00127414691185379, -38.33969865940939314 ) ) ;
#2787 = CARTESIAN_POINT ( 'NONE',  ( 310.4974769167750992, -22.59230243552722683, -21.25599428389676149 ) ) ;
#2788 = AXIS2_PLACEMENT_3D ( 'NONE', #2347, #2564, #1457 ) ;
#2789 = FACE_OUTER_BOUND ( 'NONE', #2861, .T. ) ;
#2790 = CARTESIAN_POINT ( 'NONE',  ( 331.2425621581900828, -17.59579915439946873, -24.23425840910252305 ) ) ;
#2791 = B_SPLINE_SURFACE_WITH_KNOTS ( 'NONE', 3, 3, ( 
 ( #26, #2242, #2718, #683, #258, #1606, #1589, #696, #2508, #904, #2523, #463, #2479, #1820, #479, #1375 ),
 ( #2492, #1151, #892, #494, #272, #1361, #43, #1807, #2290, #932, #246, #1334, #1837, #1111, #1167, #2913 ),
 ( #2275, #220, #1795, #2256, #671, #1780, #1139, #1564, #2750, #877, #917, #2045, #2688, #2703, #656, #1348 ),
 ( #231, #1386, #2306, #2032, #1552, #2468, #13, #2597, #2351, #1181, #1444, #1210, #742, #552, #2324, #1896 ),
 ( #332, #2553, #950, #963, #2126, #2823, #568, #318, #114, #771, #87, #1415, #2095, #2337, #539, #303 ),
 ( #1402, #1195, #2109, #1638, #1673, #101, #1656, #995, #1227, #2808, #2583, #2364, #2142, #979, #1881, #1008 ),
 ( #75, #756, #2794, #1867, #1912, #783, #1689, #510, #2778, #1463, #287, #2567, #1430, #2383, #348, #2077 ),
 ( #526, #1849, #62, #2538, #2763, #728, #1622, #1736, #2399, #404, #846, #391, #1521, #1482, #1722, #2412 ),
 ( #2644, #362, #1307, #1752, #1292, #2437, #1259, #2630, #2188, #2857, #2155, #1068, #2213, #2169, #2873, #1707 ),
 ( #1926, #2616, #598, #2200, #815, #161, #582, #375, #1972, #1570, #2662, #2714, #2840, #1493, #1510, #1803 ),
 ( #832, #1278, #190, #1056, #613, #9, #2885, #2024, #629, #800, #129, #176, #1120, #900, #1957, #1041 ),
 ( #679, #145, #2488, #1243, #2426, #1024, #1943, #737, #973, #722, #2500, #2772, #2533, #2057, #1858, #691 ),
 ( #490, #1631, #927, #2266, #2285, #504, #1189, #1875, #1617, #1410, #2088, #1382, #2742, #474, #708, #1845 ),
 ( #2331, #2726, #1601, #2302, #39, #69, #1396, #54, #2318, #2545, #281, #1175, #518, #958, #267, #1162 ),
 ( #1370, #254, #2070, #2518, #1147, #296, #2103, #81, #1816, #1829, #2786, #1582, #944, #2758, #751, #1649 ),
 ( #457, #2040, #1355, #240, #1135, #21, #912, #2815, #1474, #1002, #1700, #790, #2376, #1201, #1017, #989 ),
 ( #2562, #2609, #1681, #1890, #2801, #1221, #545, #1423, #776, #1436, #2391, #533, #1919, #341, #2119, #765 ),
 ( #1666, #354, #2358, #1252, #1032, #108, #1237, #1936, #2162, #808, #2149, #2575, #135, #122, #324, #2849 ),
 ( #576, #2590, #2345, #1906, #94, #2136, #2830, #312, #559, #1454, #305, #965, #273, #1608, #1376, #2524 ),
 ( #496, #1196, #1590, #1387, #2308, #934, #1868, #288, #1850, #1404, #1416, #2325, #1182, #1642, #2096, #1169 ),
 ( #743, #259, #1152, #951, #2079, #2291, #76, #2555, #2112, #698, #2062, #2780, #2509, #63, #2765, #527 ),
 ( #729, #918, #2339, #714, #1624, #88, #1821, #980, #1884, #2795, #44, #2539, #2276, #757, #1658, #481 ),
 ( #2568, #540, #511, #247, #1140, #1838, #2046, #28, #2731, #2751, #1876, #1426, #752, #2346, #1177, #959 ),
 ( #2120, #2378, #2137, #2787, #313, #2833, #1651, #109, #1456, #1921, #2319, #546, #1203, #282, #1907, #343 ),
 ( #2534, #2802, #2817, #2563, #535, #521, #1411, #95, #738, #990, #2090, #1891, #1860, #778, #1238, #766 ) ),
 .UNSPECIFIED., .F., .F., .F.,
 ( 4, 3, 3, 3, 3, 3, 3, 3, 4 ),
 ( 4, 3, 3, 3, 3, 4 ),
 ( 0.000000000000000000, 0.06250000000000000000, 0.1250000000000000000, 0.1875000000000000000, 0.2500000000000000000, 0.3125000000000000000, 0.3750000000000000000, 0.4375000000000000000, 0.5000000000000000000 ),
 ( 0.000000000000000000, 0.1250000000000000000, 0.2500000000000000000, 0.5000000000000000000, 0.7500000000000000000, 1.000000000000000000 ),
 .UNSPECIFIED. ) ;
#2792 = VERTEX_POINT ( 'NONE', #805 ) ;
#2793 = EDGE_CURVE ( 'NONE', #2805, #620, #1507, .T. ) ;
#2794 = CARTESIAN_POINT ( 'NONE',  ( 306.3923019696084680, -24.90848523034568274, -13.03057329474381731 ) ) ;
#2795 = CARTESIAN_POINT ( 'NONE',  ( 347.6006947368459805, -22.40203236429587363, -36.21066791373047522 ) ) ;
#2796 = CARTESIAN_POINT ( 'NONE',  ( 297.8237711924476230, -19.30371713230681863, -11.05091180671234596 ) ) ;
#2797 = CARTESIAN_POINT ( 'NONE',  ( 297.5404026580551431, -18.47641934208682102, -17.54111828224385050 ) ) ;
#2798 = CARTESIAN_POINT ( 'NONE',  ( 332.2187754816750953, -19.41482576607980803, -21.86456954007377362 ) ) ;
#2799 = CARTESIAN_POINT ( 'NONE',  ( 297.7577125172562660, -26.21071668212699635, -12.56390421572671379 ) ) ;
#2800 = DIRECTION ( 'NONE',  ( -0.9990482215818580203, -0.000000000000000000, 0.04361938736532974120 ) ) ;
#2801 = CARTESIAN_POINT ( 'NONE',  ( 314.8346818202482496, -25.65437039716317358, -20.19969494022733159 ) ) ;
#2802 = CARTESIAN_POINT ( 'NONE',  ( 301.8817376680477764, -22.14511269377278069, -19.64430589057117160 ) ) ;
#2803 = CARTESIAN_POINT ( 'NONE',  ( 297.7860529623276307, -24.63018791411308328, -11.91480130628176326 ) ) ;
#2804 = CARTESIAN_POINT ( 'NONE',  ( 331.1566056878544373, -18.53363359252072939, -20.90114985971558070 ) ) ;
#2805 = VERTEX_POINT ( 'NONE', #1554 ) ;
#2806 = CARTESIAN_POINT ( 'NONE',  ( 371.9876640737712705, -17.25189275062559702, -44.87873048867637493 ) ) ;
#2807 = B_SPLINE_CURVE_WITH_KNOTS ( 'NONE', 3,
 ( #2395, #1254, #1427, #2360, #2334, #358 ),
 .UNSPECIFIED., .F., .F.,
 ( 4, 2, 4 ),
 ( 0.3352927134794088104, 0.3720341668405113822, 0.4087756202016138984 ),
 .UNSPECIFIED. ) ;
#2808 = CARTESIAN_POINT ( 'NONE',  ( 347.4349233819608571, -25.98257798839802035, -28.67797480576581748 ) ) ;
#2809 = ORIENTED_EDGE ( 'NONE', *, *, #2776, .F. ) ;
#2810 = FACE_OUTER_BOUND ( 'NONE', #2091, .T. ) ;
#2811 = EDGE_CURVE ( 'NONE', #2604, #154, #1576, .T. ) ;
#2812 = CARTESIAN_POINT ( 'NONE',  ( 397.2768124534567846, -29.17368430327050532, -48.68591991526864859 ) ) ;
#2813 = CARTESIAN_POINT ( 'NONE',  ( 397.2152717618513407, -28.15624495626568802, -50.09543348749181035 ) ) ;
#2814 = CARTESIAN_POINT ( 'NONE',  ( 297.7115722222253567, -25.93798973972422317, -13.62069071545729138 ) ) ;
#2815 = CARTESIAN_POINT ( 'NONE',  ( 331.4383275973801233, -25.76450447223074036, -26.01767116047963668 ) ) ;
#2816 = EDGE_CURVE ( 'NONE', #2274, #993, #2856, .T. ) ;
#2817 = CARTESIAN_POINT ( 'NONE',  ( 306.2189753043112432, -22.09441167376147419, -20.28379241756243800 ) ) ;
#2818 = CARTESIAN_POINT ( 'NONE',  ( 397.3169913660228190, -27.84386188313390420, -47.76567152186495235 ) ) ;
#2819 = CARTESIAN_POINT ( 'NONE',  ( 347.4075602243278240, -19.82785349911123163, -27.09615457461431021 ) ) ;
#2820 = ORIENTED_EDGE ( 'NONE', *, *, #801, .F. ) ;
#2821 = CARTESIAN_POINT ( 'NONE',  ( 397.1140641247296799, -18.80714274938055297, -52.41346947983718962 ) ) ;
#2822 = B_SPLINE_CURVE_WITH_KNOTS ( 'NONE', 3,
 ( #2405, #2814, #2375, #340 ),
 .UNSPECIFIED., .F., .F.,
 ( 4, 4 ),
 ( 0.000000000000000000, 1.000000000000000000 ),
 .UNSPECIFIED. ) ;
#2823 = CARTESIAN_POINT ( 'NONE',  ( 318.9275999591986874, -24.35806952197023278, -15.61509970027628924 ) ) ;
#2824 = ORIENTED_EDGE ( 'NONE', *, *, #1644, .T. ) ;
#2825 = FACE_OUTER_BOUND ( 'NONE', #1682, .T. ) ;
#2826 = ORIENTED_EDGE ( 'NONE', *, *, #2349, .F. ) ;
#2827 = CARTESIAN_POINT ( 'NONE',  ( 297.4646995024227749, -20.59982882965032402, -19.27500561011913760 ) ) ;
#2828 = CARTESIAN_POINT ( 'NONE',  ( 398.5820191055341866, -22.00000000000000355, -41.71735839211214625 ) ) ;
#2829 = DIRECTION ( 'NONE',  ( -0.04361938736532554317, 0.000000000000000000, -0.9990482215818581313 ) ) ;
#2830 = CARTESIAN_POINT ( 'NONE',  ( 323.1584811538622262, -24.79468703582970335, -24.03831948656288731 ) ) ;
#2831 = EDGE_CURVE ( 'NONE', #1534, #553, #2554, .T. ) ;
#2832 = VERTEX_POINT ( 'NONE', #2493 ) ;
#2833 = CARTESIAN_POINT ( 'NONE',  ( 318.9673792355890214, -22.38466852541147389, -23.56451110073295752 ) ) ;
#2834 = LINE ( 'NONE', #2639, #517 ) ;
#2835 = CARTESIAN_POINT ( 'NONE',  ( 380.3408757780823066, -21.37603944913180243, -39.30612081698873794 ) ) ;
#2836 = ADVANCED_FACE ( 'NONE', ( #1141, #2243, #1099, #1349, #1782 ), #465, .T. ) ;
#2837 = AXIS2_PLACEMENT_3D ( 'NONE', #2320, #1633, #491 ) ;
#2838 = ORIENTED_EDGE ( 'NONE', *, *, #1176, .T. ) ;
#2839 = CARTESIAN_POINT ( 'NONE',  ( 331.3841375513900971, -20.16564507648324067, -27.80397296918425809 ) ) ;
#2840 = CARTESIAN_POINT ( 'NONE',  ( 371.8711470553256504, -27.43720456299915966, -42.62628580343237417 ) ) ;
#2841 = VECTOR ( 'NONE', #503, 1000.000000000000114 ) ;
#2842 = PRODUCT_DEFINITION_CONTEXT ( 'detailed design', #1409, 'design' ) ;
#2843 = CIRCLE ( 'NONE', #938, 3.199999999999998845 ) ;
#2844 = EDGE_LOOP ( 'NONE', ( #1097, #2397 ) ) ;
#2845 = CARTESIAN_POINT ( 'NONE',  ( 397.3378354800993861, -16.15538314506520479, -47.28826281999020154 ) ) ;
#2846 = DIRECTION ( 'NONE',  ( -0.04361938736531432992, 0.000000000000000000, -0.9990482215818586864 ) ) ;
#2847 = CARTESIAN_POINT ( 'NONE',  ( 397.2351205970554702, -16.53039385721959320, -49.64082041956327629 ) ) ;
#2848 = CARTESIAN_POINT ( 'NONE',  ( 398.4402560965969542, -31.50000000000011724, -44.96426511225330813 ) ) ;
#2849 = CARTESIAN_POINT ( 'NONE',  ( 397.0850022575039020, -23.94070978355894752, -53.07909567317555144 ) ) ;
#2850 = CARTESIAN_POINT ( 'NONE',  ( 332.5592887591279805, -24.93068064766491432, -21.68856482736858382 ) ) ;
#2851 = CARTESIAN_POINT ( 'NONE',  ( 397.0677425958943445, -24.94219743414793200, -53.47440691612271735 ) ) ;
#2852 = CARTESIAN_POINT ( 'NONE',  ( 380.3530650104678443, -18.67759193159389142, -40.39163247813867486 ) ) ;
#2853 = EDGE_CURVE ( 'NONE', #2424, #244, #268, .T. ) ;
#2854 = ORIENTED_EDGE ( 'NONE', *, *, #1213, .T. ) ;
#2855 = CARTESIAN_POINT ( 'NONE',  ( 388.4928754950437906, -18.12914576529879440, -51.59492851298890770 ) ) ;
#2856 = B_SPLINE_CURVE_WITH_KNOTS ( 'NONE', 3,
 ( #1337, #29, #684, #1769, #1591 ),
 .UNSPECIFIED., .F., .F.,
 ( 4, 1, 4 ),
 ( 0.3343395289654342850, 0.3348161212224215477, 0.3352927134794088104 ),
 .UNSPECIFIED. ) ;
#2857 = CARTESIAN_POINT ( 'NONE',  ( 347.4763844392783767, -26.69234927155794068, -30.37455660840325677 ) ) ;
#2858 = EDGE_LOOP ( 'NONE', ( #177, #10, #2838, #949 ) ) ;
#2859 = ORIENTED_EDGE ( 'NONE', *, *, #2181, .T. ) ;
#2860 = CARTESIAN_POINT ( 'NONE',  ( 397.1763070798554622, -16.29958076414594714, -50.98787142859379173 ) ) ;
#2861 = EDGE_LOOP ( 'NONE', ( #1610, #667, #2104, #2820 ) ) ;
#2862 = DIRECTION ( 'NONE',  ( 0.9990482215818581313, -1.396470906136659719E-17, -0.04361938736532944977 ) ) ;
#2863 = CARTESIAN_POINT ( 'NONE',  ( 297.7451815510611937, -17.61859711751894864, -12.85091052756131447 ) ) ;
#2864 = ORIENTED_EDGE ( 'NONE', *, *, #1391, .F. ) ;
#2865 = CARTESIAN_POINT ( 'NONE',  ( 397.5827810176926960, -22.22539965734836898, -41.67808765482273259 ) ) ;
#2866 = B_SPLINE_CURVE_WITH_KNOTS ( 'NONE', 3,
 ( #982, #1660, #2556, #528, #1885 ),
 .UNSPECIFIED., .F., .F.,
 ( 4, 1, 4 ),
 ( 0.4087756202016138984, 0.4118968806475320488, 0.4150181410934501991 ),
 .UNSPECIFIED. ) ;
#2867 = ORIENTED_EDGE ( 'NONE', *, *, #1029, .T. ) ;
#2868 = CARTESIAN_POINT ( 'NONE',  ( 362.6216195982938189, -26.49085403702492059, -41.08307231320382868 ) ) ;
#2869 = CARTESIAN_POINT ( 'NONE',  ( 397.2149196545345831, -16.75486397727106436, -50.10349807092256924 ) ) ;
#2870 = CARTESIAN_POINT ( 'NONE',  ( 339.2671771871607120, -20.65779354960403325, -23.08296518521706275 ) ) ;
#2871 = ORIENTED_EDGE ( 'NONE', *, *, #1623, .F. ) ;
#2872 = CARTESIAN_POINT ( 'NONE',  ( 380.1341104589778297, -19.01984243842430544, -49.89632572930279508 ) ) ;
#2873 = CARTESIAN_POINT ( 'NONE',  ( 388.5337041518836259, -27.89143129824007161, -47.42193687224126819 ) ) ;
#2874 = VERTEX_POINT ( 'NONE', #1538 ) ;
#2875 = CARTESIAN_POINT ( 'NONE',  ( 400.4383525397606149, -12.50000000000011724, -45.05150388698395858 ) ) ;
#2876 = EDGE_CURVE ( 'NONE', #2628, #1157, #1211, .T. ) ;
#2877 = CARTESIAN_POINT ( 'NONE',  ( 397.5885120372976189, -19.08516282099346029, -41.54682572543894992 ) ) ;
#2878 = PLANE ( 'NONE',  #792 ) ;
#2879 = CARTESIAN_POINT ( 'NONE',  ( 397.0729228637638926, -21.75526864635001445, -53.35575927536321927 ) ) ;
#2880 = CARTESIAN_POINT ( 'NONE',  ( 397.6420554126020193, -21.17541151925835763, -40.32048081079251745 ) ) ;
#2881 = CARTESIAN_POINT ( 'NONE',  ( 397.1998956641338054, -16.03274385286028192, -50.44760402466254590 ) ) ;
#2882 = CARTESIAN_POINT ( 'NONE',  ( 380.3186069715359849, -22.85178328646181711, -39.38041129532950890 ) ) ;
#2883 = ORIENTED_EDGE ( 'NONE', *, *, #1470, .F. ) ;
#2884 = CARTESIAN_POINT ( 'NONE',  ( 297.5414988374173504, -18.41827987766488661, -17.51601164712613468 ) ) ;
#2885 = CARTESIAN_POINT ( 'NONE',  ( 323.1209925325114227, -26.26564958214608225, -19.91986524132639857 ) ) ;
#2886 = ORIENTED_EDGE ( 'NONE', *, *, #2185, .T. ) ;
#2887 = AXIS2_PLACEMENT_3D ( 'NONE', #451, #222, #1350 ) ;
#2888 = DIRECTION ( 'NONE',  ( -0.04361938736531432992, 0.000000000000000000, -0.9990482215818586864 ) ) ;
#2889 = AXIS2_PLACEMENT_3D ( 'NONE', #198, #1089, #2207 ) ;
#2890 = LINE ( 'NONE', #1282, #1274 ) ;
#2891 = CARTESIAN_POINT ( 'NONE',  ( 297.6468150784396585, -26.99763109824754537, -15.10387315431040811 ) ) ;
#2892 = CARTESIAN_POINT ( 'NONE',  ( 398.5776571667977350, -12.50000000000011724, -41.81726321427044724 ) ) ;
#2893 = EDGE_CURVE ( 'NONE', #2729, #2230, #1425, .T. ) ;
#2894 = FACE_OUTER_BOUND ( 'NONE', #977, .T. ) ;
#2895 = CARTESIAN_POINT ( 'NONE',  ( 400.3641995812395749, -31.50000000000011724, -46.74988586367312138 ) ) ;
#2896 = CARTESIAN_POINT ( 'NONE',  ( 347.4007582670719216, -22.86408620926113500, -26.59618526125834848 ) ) ;
#2897 = EDGE_CURVE ( 'NONE', #461, #127, #2641, .T. ) ;
#2898 = ORIENTED_EDGE ( 'NONE', *, *, #2831, .T. ) ;
#2899 = CARTESIAN_POINT ( 'NONE',  ( 339.3905816990751987, -17.49907305140834879, -28.29112161749164400 ) ) ;
#2900 = ORIENTED_EDGE ( 'NONE', *, *, #1954, .F. ) ;
#2901 = ORIENTED_EDGE ( 'NONE', *, *, #121, .F. ) ;
#2902 = DIRECTION ( 'NONE',  ( 0.9990482215818580203, -1.396470906136659411E-17, -0.04361938736532944977 ) ) ;
#2903 = CARTESIAN_POINT ( 'NONE',  ( 297.4570369725047385, -22.16185274830893448, -19.45050639887022115 ) ) ;
#2904 = CARTESIAN_POINT ( 'NONE',  ( 397.3180032756480955, -27.84478513799325228, -47.74249498105027101 ) ) ;
#2905 = CARTESIAN_POINT ( 'NONE',  ( 397.0729293954985337, -21.75140172019012752, -53.35560967404291688 ) ) ;
#2906 = CARTESIAN_POINT ( 'NONE',  ( 361.8644533735595132, -21.44523368829832677, -53.55048622678567227 ) ) ;
#2907 = CARTESIAN_POINT ( 'NONE',  ( 297.7584960016725972, -26.19914385108976873, -12.54595947234459352 ) ) ;
#2908 = CARTESIAN_POINT ( 'NONE',  ( 363.6942003837688162, -21.62271240812163953, -33.73862120067904158 ) ) ;
#2909 = EDGE_CURVE ( 'NONE', #1910, #643, #1676, .T. ) ;
#2910 = ORIENTED_EDGE ( 'NONE', *, *, #333, .T. ) ;
#2911 = CARTESIAN_POINT ( 'NONE',  ( 397.2751670265263328, -16.27817870982572046, -48.72360638791289489 ) ) ;
#2912 = VERTEX_POINT ( 'NONE', #2003 ) ;
#2913 = CARTESIAN_POINT ( 'NONE',  ( 397.5223388564517677, -25.87085423470127665, -43.06244074512075315 ) ) ;
#2914 = CARTESIAN_POINT ( 'NONE',  ( 297.8569607718639531, -21.41653891830274503, -10.29074546110540744 ) ) ;
#2915 = FACE_OUTER_BOUND ( 'NONE', #1480, .T. ) ;
#2916 = CARTESIAN_POINT ( 'NONE',  ( 397.1140641247296230, -18.80714274938055297, -52.41346947983718962 ) ) ;
#2917 = EDGE_CURVE ( 'NONE', #164, #2404, #879, .T. ) ;
#2918 = CARTESIAN_POINT ( 'NONE',  ( 397.6178588368968576, -22.00000041396379302, -40.87467350781896158 ) ) ;
#2919 = LINE ( 'NONE', #1787, #53 ) ;
#2920 = CARTESIAN_POINT ( 'NONE',  ( 347.3999439184178755, -22.22172591506153339, -26.52612587753862172 ) ) ;
#2921 = EDGE_CURVE ( 'NONE', #2144, #405, #1294, .T. ) ;
#2922 = ORIENTED_EDGE ( 'NONE', *, *, #2387, .F. ) ;
#2923 = CARTESIAN_POINT ( 'NONE',  ( 363.7659549047868950, -16.75629187352327065, -38.76623804343745405 ) ) ;
#2924 = EDGE_CURVE ( 'NONE', #2676, #1715, #443, .T. ) ;
#2925 = EDGE_LOOP ( 'NONE', ( #2450, #188, #2859, #402 ) ) ;
#2926 = B_SPLINE_CURVE_WITH_KNOTS ( 'NONE', 3,
 ( #505, #2359, #1683, #1632, #2576, #71, #1438, #2773 ),
 .UNSPECIFIED., .F., .F.,
 ( 4, 1, 1, 1, 1, 4 ),
 ( 0.005237957674893556521, 0.01249999999999994865, 0.02499999999999995282, 0.03750000000000018596, 0.05000000000000019013, 0.08432572834139449858 ),
 .UNSPECIFIED. ) ;
#2927 = CARTESIAN_POINT ( 'NONE',  ( 297.5522194121243729, -25.68520896889022609, -17.27047011748789629 ) ) ;
#2928 = EDGE_CURVE ( 'NONE', #803, #2628, #342, .T. ) ;
ENDSEC;
END-ISO-10303-21;
