ISO-10303-21;
HEADER;
FILE_DESCRIPTION (( 'STEP AP214' ),
    '1' );
FILE_NAME ('rib 6.STEP',
    '2026-03-16T23:19:28',
    ( '' ),
    ( '' ),
    'SwSTEP 2.0',
    'SolidWorks 2024',
    '' );
FILE_SCHEMA (( 'AUTOMOTIVE_DESIGN' ));
ENDSEC;

DATA;
#1 = AXIS2_PLACEMENT_3D ( 'NONE', #3052, #3026, #3281 ) ;
#2 = ORIENTED_EDGE ( 'NONE', *, *, #1330, .T. ) ;
#3 = EDGE_CURVE ( 'NONE', #1571, #158, #1710, .T. ) ;
#4 = AXIS2_PLACEMENT_3D ( 'NONE', #1272, #2917, #1626 ) ;
#5 = VECTOR ( 'NONE', #2132, 1000.000000000000000 ) ;
#6 = ORIENTED_EDGE ( 'NONE', *, *, #359, .F. ) ;
#7 = LINE ( 'NONE', #2282, #3564 ) ;
#8 = VECTOR ( 'NONE', #2743, 1000.000000000000000 ) ;
#9 = CARTESIAN_POINT ( 'NONE',  ( -170.5164318510484236, 0.000000000000000000, 23.80352993909948012 ) ) ;
#10 = ORIENTED_EDGE ( 'NONE', *, *, #2951, .T. ) ;
#11 = B_SPLINE_CURVE_WITH_KNOTS ( 'NONE', 3,
 ( #2289, #3842, #960, #3860, #919 ),
 .UNSPECIFIED., .F., .F.,
 ( 4, 1, 4 ),
 ( 0.7604032986962431240, 0.7612274788411785842, 0.7621594931065279743 ),
 .UNSPECIFIED. ) ;
#12 = ORIENTED_EDGE ( 'NONE', *, *, #1683, .F. ) ;
#13 = ORIENTED_EDGE ( 'NONE', *, *, #3974, .F. ) ;
#14 = B_SPLINE_CURVE_WITH_KNOTS ( 'NONE', 3,
 ( #1982, #3867, #2651, #3579, #95, #3221, #64, #2942, #404, #3849, #696, #1283, #386, #1320, #3247, #951 ),
 .UNSPECIFIED., .F., .F.,
 ( 4, 1, 1, 1, 1, 1, 1, 1, 1, 1, 1, 1, 1, 4 ),
 ( 0.03891155862395574011, 0.04061555485877392513, 0.04231955109358285366, 0.05452787951388714249, 0.06815984939235858464, 0.08179181927083004067, 0.1090557590277729250, 0.1363196987847158093, 0.1499516686631872653, 0.1635836385416586936, 0.1772156084201301496, 0.1908475782986016056, 0.1928611597997482718, 0.1945651560345577347 ),
 .UNSPECIFIED. ) ;
#15 = DIRECTION ( 'NONE',  ( -0.6888675014067510149, 0.000000000000000000, -0.7248872777926371747 ) ) ;
#16 = ORIENTED_EDGE ( 'NONE', *, *, #1212, .F. ) ;
#17 = CARTESIAN_POINT ( 'NONE',  ( -205.4209648576241989, 1.000000000000000000, 18.65240803849356510 ) ) ;
#18 = DIRECTION ( 'NONE',  ( 0.000000000000000000, -1.000000000000000000, 0.000000000000000000 ) ) ;
#19 = CARTESIAN_POINT ( 'NONE',  ( -172.8587101762493887, 5.000000000000000000, 24.44703151162762822 ) ) ;
#20 = CARTESIAN_POINT ( 'NONE',  ( -112.7508309264629105, 5.000000000000000000, 7.689384925052574538 ) ) ;
#21 = LINE ( 'NONE', #3866, #3224 ) ;
#22 = PLANE ( 'NONE',  #2693 ) ;
#23 = CARTESIAN_POINT ( 'NONE',  ( -280.3490536555165136, 100.0000000000000000, 2.537585519907651133 ) ) ;
#24 = ORIENTED_EDGE ( 'NONE', *, *, #3735, .F. ) ;
#25 = EDGE_CURVE ( 'NONE', #2677, #2189, #3958, .T. ) ;
#26 = EDGE_CURVE ( 'NONE', #2111, #2723, #1887, .T. ) ;
#27 = EDGE_CURVE ( 'NONE', #896, #645, #2488, .T. ) ;
#28 = CARTESIAN_POINT ( 'NONE',  ( -149.8130695285133811, 0.000000000000000000, 25.87183340821861322 ) ) ;
#29 = ORIENTED_EDGE ( 'NONE', *, *, #472, .T. ) ;
#30 = DIRECTION ( 'NONE',  ( 0.000000000000000000, -1.000000000000000000, 0.000000000000000000 ) ) ;
#31 = DIRECTION ( 'NONE',  ( 0.6888675014067948688, 0.000000000000000000, 0.7248872777925954303 ) ) ;
#32 = ORIENTED_EDGE ( 'NONE', *, *, #3280, .T. ) ;
#33 = EDGE_CURVE ( 'NONE', #1117, #3938, #3776, .T. ) ;
#34 = VERTEX_POINT ( 'NONE', #596 ) ;
#35 = B_SPLINE_SURFACE_WITH_KNOTS ( 'NONE', 3, 1, ( 
 ( #3008, #2666 ),
 ( #1725, #469 ),
 ( #1743, #1059 ),
 ( #3930, #2355 ),
 ( #1042, #2317 ),
 ( #1106, #1386 ),
 ( #2336, #2066 ),
 ( #757, #3972 ),
 ( #2000, #2047 ),
 ( #2940, #3333 ),
 ( #3597, #452 ),
 ( #3991, #492 ),
 ( #3034, #1429 ),
 ( #1340, #3617 ),
 ( #2376, #62 ),
 ( #3660, #2712 ) ),
 .UNSPECIFIED., .F., .F., .F.,
 ( 4, 1, 1, 1, 1, 1, 1, 1, 1, 1, 1, 1, 1, 4 ),
 ( 2, 2 ),
 ( 0.03891155862395574011, 0.04061555485877392513, 0.04231955109358285366, 0.05452787951388714249, 0.06815984939235858464, 0.08179181927083004067, 0.1090557590277729250, 0.1363196987847158093, 0.1499516686631872653, 0.1635836385416586936, 0.1772156084201301496, 0.1908475782986016056, 0.1928611597997482718, 0.1945651559963789134 ),
 ( 0.000000000000000000, 1.000000000000000000 ),
 .UNSPECIFIED. ) ;
#36 = ORIENTED_EDGE ( 'NONE', *, *, #2425, .T. ) ;
#37 = LINE ( 'NONE', #1948, #2026 ) ;
#38 = VERTEX_POINT ( 'NONE', #4105 ) ;
#39 = PLANE ( 'NONE',  #3893 ) ;
#40 = LINE ( 'NONE', #1315, #225 ) ;
#41 = LINE ( 'NONE', #1277, #2500 ) ;
#42 = CARTESIAN_POINT ( 'NONE',  ( -300.0000000000000000, 0.000000000000000000, -0.1621621621621254228 ) ) ;
#43 = CARTESIAN_POINT ( 'NONE',  ( -234.1349916251236039, 1.000000000000000000, 13.48176798132416288 ) ) ;
#44 = EDGE_CURVE ( 'NONE', #912, #2111, #3732, .T. ) ;
#45 = CARTESIAN_POINT ( 'NONE',  ( 0.2273156052836214358, 5.000000000000000000, 8.452349944409252913 ) ) ;
#46 = EDGE_CURVE ( 'NONE', #2215, #184, #1160, .T. ) ;
#47 = CARTESIAN_POINT ( 'NONE',  ( -113.5068429449947445, 1.000000000000000000, 9.335759885576816686 ) ) ;
#48 = VERTEX_POINT ( 'NONE', #2571 ) ;
#49 = CARTESIAN_POINT ( 'NONE',  ( -238.7714202541392581, 1.000000000000000000, 8.602907938277796873 ) ) ;
#50 = DIRECTION ( 'NONE',  ( 0.3616139537630905232, 0.000000000000000000, 0.9323279189447377657 ) ) ;
#51 = LINE ( 'NONE', #802, #2152 ) ;
#52 = ORIENTED_EDGE ( 'NONE', *, *, #2576, .F. ) ;
#53 = ORIENTED_EDGE ( 'NONE', *, *, #1153, .F. ) ;
#54 = ORIENTED_EDGE ( 'NONE', *, *, #515, .T. ) ;
#55 = CYLINDRICAL_SURFACE ( 'NONE', #2216, 0.3999999999999507283 ) ;
#56 = ORIENTED_EDGE ( 'NONE', *, *, #267, .F. ) ;
#57 = FACE_OUTER_BOUND ( 'NONE', #3382, .T. ) ;
#58 = EDGE_CURVE ( 'NONE', #1413, #355, #2510, .T. ) ;
#59 = CARTESIAN_POINT ( 'NONE',  ( -176.6516727355069918, 0.000000000000000000, 9.564078834987554956 ) ) ;
#60 = ORIENTED_EDGE ( 'NONE', *, *, #83, .T. ) ;
#61 = CARTESIAN_POINT ( 'NONE',  ( -154.5807832906197916, 5.000000000000000000, 26.32937649834314442 ) ) ;
#62 = CARTESIAN_POINT ( 'NONE',  ( -112.7120578240558046, 2.602085213965210642E-15, 28.11340712263204367 ) ) ;
#63 = PLANE ( 'NONE',  #207 ) ;
#64 = CARTESIAN_POINT ( 'NONE',  ( -219.6165091063904526, 1.694065894508600678E-18, 16.96789906232488221 ) ) ;
#65 = VECTOR ( 'NONE', #414, 1000.000000000000227 ) ;
#66 = CARTESIAN_POINT ( 'NONE',  ( -251.6104412495301403, 5.000000000000000000, 6.667546580856908101 ) ) ;
#67 = EDGE_CURVE ( 'NONE', #2309, #1226, #2240, .T. ) ;
#68 = VERTEX_POINT ( 'NONE', #3529 ) ;
#69 = CARTESIAN_POINT ( 'NONE',  ( -270.6058122691740664, 100.0000000000000000, 7.731282320555687093 ) ) ;
#70 = VECTOR ( 'NONE', #269, 1000.000000000000000 ) ;
#71 = B_SPLINE_SURFACE_WITH_KNOTS ( 'NONE', 3, 1, ( 
 ( #1450, #1408 ),
 ( #2356, #3035 ),
 ( #1060, #1679 ),
 ( #3334, #3056 ),
 ( #1726, #2968 ),
 ( #1107, #3661 ),
 ( #2394, #3679 ),
 ( #798, #2416 ),
 ( #3375, #2001 ),
 ( #2083, #494 ),
 ( #3286, #403 ) ),
 .UNSPECIFIED., .F., .F., .F.,
 ( 4, 1, 1, 1, 1, 1, 1, 1, 4 ),
 ( 2, 2 ),
 ( 0.1148973182128036202, 0.1162843833321219045, 0.1356275895091634820, 0.1549707956862050318, 0.1646423987747258066, 0.1743140018632465815, 0.1839856049517673564, 0.1888214064960277438, 0.1936572080402881313 ),
 ( 0.000000000000000000, 1.000000000000000000 ),
 .UNSPECIFIED. ) ;
#72 = VECTOR ( 'NONE', #3926, 1000.000000000000114 ) ;
#73 = EDGE_LOOP ( 'NONE', ( #146, #563, #2815, #3961 ) ) ;
#74 = DIRECTION ( 'NONE',  ( 0.000000000000000000, 0.000000000000000000, 1.000000000000000000 ) ) ;
#75 = AXIS2_PLACEMENT_3D ( 'NONE', #1190, #2168, #841 ) ;
#76 = LINE ( 'NONE', #520, #1334 ) ;
#77 = VECTOR ( 'NONE', #785, 1000.000000000000114 ) ;
#78 = ORIENTED_EDGE ( 'NONE', *, *, #2341, .T. ) ;
#79 = ORIENTED_EDGE ( 'NONE', *, *, #605, .T. ) ;
#80 = VECTOR ( 'NONE', #3497, 1000.000000000000114 ) ;
#81 = ORIENTED_EDGE ( 'NONE', *, *, #3433, .T. ) ;
#82 = CARTESIAN_POINT ( 'NONE',  ( -177.3825974074653118, 1.000000000000000000, 22.93421366780736292 ) ) ;
#83 = EDGE_CURVE ( 'NONE', #2309, #1097, #2911, .T. ) ;
#84 = ORIENTED_EDGE ( 'NONE', *, *, #2239, .T. ) ;
#85 = CARTESIAN_POINT ( 'NONE',  ( -133.9566240984088381, 1.000000000000000000, 9.287166304838079256 ) ) ;
#86 = AXIS2_PLACEMENT_3D ( 'NONE', #1171, #2499, #898 ) ;
#87 = CARTESIAN_POINT ( 'NONE',  ( -265.7189512413806938, 0.000000000000000000, 5.831332410554418644 ) ) ;
#88 = VECTOR ( 'NONE', #301, 1000.000000000000000 ) ;
#89 = CARTESIAN_POINT ( 'NONE',  ( -133.7537577297727012, 1.000000000000000000, 26.88888592144400747 ) ) ;
#90 = ORIENTED_EDGE ( 'NONE', *, *, #3404, .T. ) ;
#91 = CARTESIAN_POINT ( 'NONE',  ( -260.9867192135914138, 100.0000000000000000, 7.878685561044471264 ) ) ;
#92 = B_SPLINE_CURVE_WITH_KNOTS ( 'NONE', 3,
 ( #842, #2442, #3725, #2128, #646, #943 ),
 .UNSPECIFIED., .F., .F.,
 ( 4, 1, 1, 4 ),
 ( 0.03891155862395574011, 0.04061555485877392513, 0.04231955109358285366, 0.04416555291673884137 ),
 .UNSPECIFIED. ) ;
#93 = CARTESIAN_POINT ( 'NONE',  ( -252.6041107002240267, 0.000000000000000000, 7.400908235307801952 ) ) ;
#94 = CARTESIAN_POINT ( 'NONE',  ( -165.5945626566746967, 0.000000000000000000, 9.630199037178199362 ) ) ;
#95 = CARTESIAN_POINT ( 'NONE',  ( -250.7667120139427368, 1.694065894508600678E-18, 10.33830807117639772 ) ) ;
#96 = CARTESIAN_POINT ( 'NONE',  ( -200.4954640087551923, 5.000000000000000000, 8.438484520300974623 ) ) ;
#97 = VERTEX_POINT ( 'NONE', #28 ) ;
#98 = CARTESIAN_POINT ( 'NONE',  ( -165.5945626566746967, 1.000000000000000000, 9.630199037178199362 ) ) ;
#99 = EDGE_CURVE ( 'NONE', #606, #807, #1306, .T. ) ;
#100 = ORIENTED_EDGE ( 'NONE', *, *, #4075, .F. ) ;
#101 = EDGE_CURVE ( 'NONE', #3716, #1053, #4142, .T. ) ;
#102 = B_SPLINE_CURVE_WITH_KNOTS ( 'NONE', 3,
 ( #1206, #658, #273, #354, #1622 ),
 .UNSPECIFIED., .F., .F.,
 ( 4, 1, 4 ),
 ( 0.07246691603086469202, 0.07759797097803880495, 0.08313076468783138495 ),
 .UNSPECIFIED. ) ;
#103 = ORIENTED_EDGE ( 'NONE', *, *, #3834, .F. ) ;
#104 = CARTESIAN_POINT ( 'NONE',  ( -253.7837617781981123, 0.000000000000000000, 8.395107024311908361 ) ) ;
#105 = DIRECTION ( 'NONE',  ( 0.000000000000000000, 0.000000000000000000, -1.000000000000000000 ) ) ;
#106 = LINE ( 'NONE', #1384, #2760 ) ;
#107 = FACE_OUTER_BOUND ( 'NONE', #2078, .T. ) ;
#108 = EDGE_CURVE ( 'NONE', #2767, #201, #597, .T. ) ;
#109 = EDGE_CURVE ( 'NONE', #2051, #166, #2093, .T. ) ;
#110 = DIRECTION ( 'NONE',  ( -0.000000000000000000, -1.000000000000000000, -0.000000000000000000 ) ) ;
#111 = DIRECTION ( 'NONE',  ( -0.9999982381285569266, 0.000000000000000000, -0.001877162694616514409 ) ) ;
#112 = B_SPLINE_SURFACE_WITH_KNOTS ( 'NONE', 3, 1, ( 
 ( #865, #229 ),
 ( #1501, #2786 ),
 ( #4060, #2467 ),
 ( #3749, #2153 ),
 ( #3443, #368 ),
 ( #712, #3912 ) ),
 .UNSPECIFIED., .F., .F., .F.,
 ( 4, 1, 1, 4 ),
 ( 2, 2 ),
 ( 0.03891155862395574011, 0.04061555485877392513, 0.04231955109358285366, 0.04416555291674030548 ),
 ( 0.000000000000000000, 1.000000000000000000 ),
 .UNSPECIFIED. ) ;
#113 = CARTESIAN_POINT ( 'NONE',  ( -295.2192840322443317, 0.000000000000000000, 1.574556936932530737 ) ) ;
#114 = CARTESIAN_POINT ( 'NONE',  ( -267.5579742966421577, 100.0000000000000000, 3.504036228200401393 ) ) ;
#115 = ORIENTED_EDGE ( 'NONE', *, *, #3182, .F. ) ;
#116 = LINE ( 'NONE', #1392, #77 ) ;
#117 = DIRECTION ( 'NONE',  ( -0.7483691178079415751, 0.000000000000000000, -0.6632824914856138010 ) ) ;
#118 = ORIENTED_EDGE ( 'NONE', *, *, #430, .T. ) ;
#119 = ORIENTED_EDGE ( 'NONE', *, *, #2275, .F. ) ;
#120 = DIRECTION ( 'NONE',  ( -0.6965575549846625414, 0.000000000000000000, -0.7175009216675536372 ) ) ;
#121 = VERTEX_POINT ( 'NONE', #1542 ) ;
#122 = EDGE_CURVE ( 'NONE', #3488, #2963, #2826, .T. ) ;
#123 = VERTEX_POINT ( 'NONE', #678 ) ;
#124 = CARTESIAN_POINT ( 'NONE',  ( -100.1882357590222767, 5.000000000000000000, 10.35261402249422424 ) ) ;
#125 = LINE ( 'NONE', #2350, #1346 ) ;
#126 = CARTESIAN_POINT ( 'NONE',  ( -200.4954640087551923, 1.694065894508600678E-18, 8.438484520300974623 ) ) ;
#127 = CARTESIAN_POINT ( 'NONE',  ( -255.5548677696328070, 0.000000000000000000, 7.243692534900647573 ) ) ;
#128 = VERTEX_POINT ( 'NONE', #2279 ) ;
#129 = FACE_OUTER_BOUND ( 'NONE', #3956, .T. ) ;
#130 = CARTESIAN_POINT ( 'NONE',  ( -285.9904385892327809, -1.694065894508600678E-18, 3.527721545625112753 ) ) ;
#131 = CARTESIAN_POINT ( 'NONE',  ( -280.0929048604700142, 0.000000000000000000, 6.043931826251222716 ) ) ;
#132 = EDGE_CURVE ( 'NONE', #761, #3226, #1987, .T. ) ;
#133 = DIRECTION ( 'NONE',  ( 0.6888675014067500157, 0.000000000000000000, 0.7248872777926381739 ) ) ;
#134 = ORIENTED_EDGE ( 'NONE', *, *, #3055, .T. ) ;
#135 = DIRECTION ( 'NONE',  ( 0.000000000000000000, -1.000000000000000000, 0.000000000000000000 ) ) ;
#136 = VERTEX_POINT ( 'NONE', #2305 ) ;
#137 = AXIS2_PLACEMENT_3D ( 'NONE', #3684, #2737, #1436 ) ;
#138 = ORIENTED_EDGE ( 'NONE', *, *, #132, .T. ) ;
#139 = VERTEX_POINT ( 'NONE', #1350 ) ;
#140 = VECTOR ( 'NONE', #3480, 1000.000000000000000 ) ;
#141 = ORIENTED_EDGE ( 'NONE', *, *, #3760, .F. ) ;
#142 = VECTOR ( 'NONE', #1303, 1000.000000000000000 ) ;
#143 = ORIENTED_EDGE ( 'NONE', *, *, #605, .F. ) ;
#144 = VECTOR ( 'NONE', #512, 1000.000000000000000 ) ;
#145 = DIRECTION ( 'NONE',  ( -0.6888675014067920932, 0.000000000000000000, -0.7248872777925980948 ) ) ;
#146 = ORIENTED_EDGE ( 'NONE', *, *, #632, .F. ) ;
#147 = DIRECTION ( 'NONE',  ( 0.6888675014067938696, 0.000000000000000000, 0.7248872777925964295 ) ) ;
#148 = DIRECTION ( 'NONE',  ( 0.000000000000000000, 1.000000000000000000, -0.000000000000000000 ) ) ;
#149 = LINE ( 'NONE', #1448, #1012 ) ;
#150 = CIRCLE ( 'NONE', #2027, 0.5999999999999963141 ) ;
#151 = AXIS2_PLACEMENT_3D ( 'NONE', #3572, #708, #4151 ) ;
#152 = LINE ( 'NONE', #1024, #2891 ) ;
#153 = VECTOR ( 'NONE', #3463, 1000.000000000000000 ) ;
#154 = CARTESIAN_POINT ( 'NONE',  ( -280.6338063822639128, -1.694065894508600678E-18, 5.055185953166550838 ) ) ;
#155 = CARTESIAN_POINT ( 'NONE',  ( -274.7847390678884949, 0.000000000000000000, 7.475225215082193841 ) ) ;
#156 = B_SPLINE_CURVE_WITH_KNOTS ( 'NONE', 3,
 ( #3482, #3499, #4115, #3789 ),
 .UNSPECIFIED., .F., .F.,
 ( 4, 4 ),
 ( 0.7024439672986638739, 0.7038618315150659832 ),
 .UNSPECIFIED. ) ;
#157 = CARTESIAN_POINT ( 'NONE',  ( -265.5219321219681774, 100.0000000000000000, 2.837808823443983997 ) ) ;
#158 = VERTEX_POINT ( 'NONE', #3269 ) ;
#159 = PLANE ( 'NONE',  #137 ) ;
#160 = CARTESIAN_POINT ( 'NONE',  ( -247.5948149815342560, 5.000000000000000000, 7.661474984079888806 ) ) ;
#161 = EDGE_CURVE ( 'NONE', #1332, #1588, #1049, .T. ) ;
#162 = EDGE_LOOP ( 'NONE', ( #190, #2074, #447, #1085 ) ) ;
#163 = VERTEX_POINT ( 'NONE', #1983 ) ;
#164 = ADVANCED_FACE ( 'NONE', ( #3558 ), #1963, .T. ) ;
#165 = CARTESIAN_POINT ( 'NONE',  ( -112.3038216628890495, 5.000000000000000000, 24.31067548444904958 ) ) ;
#166 = VERTEX_POINT ( 'NONE', #2064 ) ;
#167 = DIRECTION ( 'NONE',  ( 0.6888675014067505709, 0.000000000000000000, 0.7248872777926376187 ) ) ;
#168 = EDGE_LOOP ( 'NONE', ( #2578, #1199, #3292, #3148 ) ) ;
#169 = CARTESIAN_POINT ( 'NONE',  ( -112.6701787603263796, 0.000000000000000000, 10.68830060044215280 ) ) ;
#170 = ORIENTED_EDGE ( 'NONE', *, *, #2389, .T. ) ;
#171 = EDGE_CURVE ( 'NONE', #2597, #429, #3028, .T. ) ;
#172 = FACE_OUTER_BOUND ( 'NONE', #2676, .T. ) ;
#173 = CARTESIAN_POINT ( 'NONE',  ( -268.4179018087319832, 0.000000000000000000, 2.647210225857725252 ) ) ;
#174 = CARTESIAN_POINT ( 'NONE',  ( -133.9566291355076828, 1.000000000000000000, 9.286974893465002268 ) ) ;
#175 = EDGE_CURVE ( 'NONE', #1035, #1478, #195, .T. ) ;
#176 = LINE ( 'NONE', #3458, #3444 ) ;
#177 = CARTESIAN_POINT ( 'NONE',  ( 0.2273156052836214358, 1.000000000000000000, 8.452349944409252913 ) ) ;
#178 = CARTESIAN_POINT ( 'NONE',  ( -83.70945874278774568, 0.000000000000000000, 79.54992100821259271 ) ) ;
#179 = LINE ( 'NONE', #224, #353 ) ;
#180 = EDGE_LOOP ( 'NONE', ( #2147, #78, #1880, #2429 ) ) ;
#181 = PLANE ( 'NONE',  #1132 ) ;
#182 = EDGE_CURVE ( 'NONE', #3283, #645, #3713, .T. ) ;
#183 = CARTESIAN_POINT ( 'NONE',  ( -177.8516152311611904, 1.000000000000000000, 9.552331191678918643 ) ) ;
#184 = VERTEX_POINT ( 'NONE', #3604 ) ;
#185 = ORIENTED_EDGE ( 'NONE', *, *, #2779, .T. ) ;
#186 = ADVANCED_FACE ( 'NONE', ( #1375 ), #1352, .T. ) ;
#187 = ORIENTED_EDGE ( 'NONE', *, *, #3878, .T. ) ;
#188 = B_SPLINE_CURVE_WITH_KNOTS ( 'NONE', 3,
 ( #3896, #1642, #2930, #3563, #680, #3250, #618, #1286, #3140 ),
 .UNSPECIFIED., .F., .F.,
 ( 4, 1, 1, 1, 1, 1, 4 ),
 ( 0.008052357163076461627, 0.01180441452156668833, 0.01555647188005691330, 0.02306058659703736496, 0.03056470131401781837, 0.03431675867250804507, 0.03806881603099827177 ),
 .UNSPECIFIED. ) ;
#189 = DIRECTION ( 'NONE',  ( 0.000000000000000000, 0.000000000000000000, -1.000000000000000000 ) ) ;
#190 = ORIENTED_EDGE ( 'NONE', *, *, #1205, .T. ) ;
#191 = DIRECTION ( 'NONE',  ( -0.000000000000000000, -1.000000000000000000, -0.000000000000000000 ) ) ;
#192 = DIRECTION ( 'NONE',  ( 0.6353193322043766411, 0.000000000000000000, 0.7722495361781610557 ) ) ;
#193 = CARTESIAN_POINT ( 'NONE',  ( -271.2861602210628575, 100.0000000000000000, 2.447696926220368052 ) ) ;
#194 = LINE ( 'NONE', #3073, #2630 ) ;
#195 = LINE ( 'NONE', #165, #3240 ) ;
#196 = EDGE_CURVE ( 'NONE', #2262, #2952, #2604, .T. ) ;
#197 = DIRECTION ( 'NONE',  ( 0.9996385584632171417, 0.000000000000000000, -0.02688405537825780053 ) ) ;
#198 = CARTESIAN_POINT ( 'NONE',  ( -196.2623373852639475, 0.000000000000000000, 9.276573451499476874 ) ) ;
#199 = CARTESIAN_POINT ( 'NONE',  ( -190.1008991201991307, 1.000000000000000000, 21.13815334312000260 ) ) ;
#200 = CARTESIAN_POINT ( 'NONE',  ( -279.6950825001121075, 100.0000000000000000, 1.796581939513774318 ) ) ;
#201 = VERTEX_POINT ( 'NONE', #3267 ) ;
#202 = LINE ( 'NONE', #3769, #2013 ) ;
#203 = PLANE ( 'NONE',  #3040 ) ;
#204 = EDGE_CURVE ( 'NONE', #2640, #2042, #390, .T. ) ;
#205 = ORIENTED_EDGE ( 'NONE', *, *, #3525, .F. ) ;
#206 = ORIENTED_EDGE ( 'NONE', *, *, #2546, .F. ) ;
#207 = AXIS2_PLACEMENT_3D ( 'NONE', #3261, #1577, #2907 ) ;
#208 = ORIENTED_EDGE ( 'NONE', *, *, #2703, .F. ) ;
#209 = DIRECTION ( 'NONE',  ( 0.000000000000000000, -1.000000000000000000, 0.000000000000000000 ) ) ;
#210 = EDGE_LOOP ( 'NONE', ( #2653, #3814, #52, #3510 ) ) ;
#211 = DIRECTION ( 'NONE',  ( 0.2442954651671676025, 0.000000000000000000, -0.9697008434041692881 ) ) ;
#212 = AXIS2_PLACEMENT_3D ( 'NONE', #2816, #4094, #1173 ) ;
#213 = VERTEX_POINT ( 'NONE', #49 ) ;
#214 = DIRECTION ( 'NONE',  ( 0.000000000000000000, -0.000000000000000000, -1.000000000000000000 ) ) ;
#215 = CARTESIAN_POINT ( 'NONE',  ( -290.3163669971457921, 0.000000000000000000, 0.8276152839012187457 ) ) ;
#216 = CARTESIAN_POINT ( 'NONE',  ( -132.7570495598756395, 1.000000000000000000, 9.255214942794401267 ) ) ;
#217 = VECTOR ( 'NONE', #728, 1000.000000000000000 ) ;
#218 = EDGE_CURVE ( 'NONE', #2778, #4000, #2612, .T. ) ;
#219 = LINE ( 'NONE', #1828, #1819 ) ;
#220 = ORIENTED_EDGE ( 'NONE', *, *, #2647, .F. ) ;
#221 = CARTESIAN_POINT ( 'NONE',  ( -214.2677894798102614, 0.000000000000000000, 8.856444827647957041 ) ) ;
#222 = VECTOR ( 'NONE', #2728, 1000.000000000000114 ) ;
#223 = CARTESIAN_POINT ( 'NONE',  ( -214.5587885290373436, 1.000000000000000000, 9.130893093766108137 ) ) ;
#224 = CARTESIAN_POINT ( 'NONE',  ( -253.4491931162218350, 5.000000000000000888, 8.860130738839920639 ) ) ;
#225 = VECTOR ( 'NONE', #998, 1000.000000000000000 ) ;
#226 = VECTOR ( 'NONE', #2673, 1000.000000000000227 ) ;
#227 = DIRECTION ( 'NONE',  ( -0.000000000000000000, -1.000000000000000000, -0.000000000000000000 ) ) ;
#228 = FACE_OUTER_BOUND ( 'NONE', #3626, .T. ) ;
#229 = CARTESIAN_POINT ( 'NONE',  ( -265.8557205421093954, 5.000000000000004441, 6.670256816194784832 ) ) ;
#230 = ORIENTED_EDGE ( 'NONE', *, *, #99, .T. ) ;
#231 = ORIENTED_EDGE ( 'NONE', *, *, #1832, .F. ) ;
#232 = EDGE_LOOP ( 'NONE', ( #2698, #2638, #1398, #2724, #936, #3651 ) ) ;
#233 = CARTESIAN_POINT ( 'NONE',  ( -92.50000000000000000, 5.000000000000000000, 16.74722354252675771 ) ) ;
#234 = B_SPLINE_CURVE_WITH_KNOTS ( 'NONE', 13,
 ( #2170, #1152, #2462, #903, #2191, #300, #1533, #3788, #279, #3763, #3481, #3419, #2755, #2504 ),
 .UNSPECIFIED., .F., .F.,
 ( 14, 14 ),
 ( 0.000000000000000000, 0.03891155862395484499 ),
 .UNSPECIFIED. ) ;
#235 = VERTEX_POINT ( 'NONE', #1835 ) ;
#236 = EDGE_CURVE ( 'NONE', #1796, #2918, #3121, .T. ) ;
#237 = CARTESIAN_POINT ( 'NONE',  ( -254.9539109580269383, 5.000000000000000000, 8.516572991783643687 ) ) ;
#238 = ORIENTED_EDGE ( 'NONE', *, *, #786, .F. ) ;
#239 = CARTESIAN_POINT ( 'NONE',  ( -228.2275402831397741, 0.000000000000000000, 8.429475360903030179 ) ) ;
#240 = CARTESIAN_POINT ( 'NONE',  ( -292.8379051518247138, 0.000000000000000000, 0.5759372686756060178 ) ) ;
#241 = EDGE_CURVE ( 'NONE', #1734, #1445, #753, .T. ) ;
#242 = APPLICATION_PROTOCOL_DEFINITION ( 'draft international standard', 'automotive_design', 1998, #3032 ) ;
#243 = LINE ( 'NONE', #2732, #1684 ) ;
#244 = EDGE_CURVE ( 'NONE', #3591, #1460, #2459, .T. ) ;
#245 = DIRECTION ( 'NONE',  ( 0.001877162694616514409, 0.000000000000000000, -0.9999982381285568156 ) ) ;
#246 = DIRECTION ( 'NONE',  ( -0.000000000000000000, -1.000000000000000000, -0.000000000000000000 ) ) ;
#247 = ORIENTED_EDGE ( 'NONE', *, *, #993, .T. ) ;
#248 = CARTESIAN_POINT ( 'NONE',  ( -177.8516152311611904, 1.000000000000000000, 9.552331191678918643 ) ) ;
#249 = CARTESIAN_POINT ( 'NONE',  ( -101.7636842347514090, 0.000000000000000000, 11.19527303853105948 ) ) ;
#250 = DIRECTION ( 'NONE',  ( -0.000000000000000000, -1.000000000000000000, -0.000000000000000000 ) ) ;
#251 = CARTESIAN_POINT ( 'NONE',  ( -256.4030283628870848, 1.000000000000000000, 7.646491483154949975 ) ) ;
#252 = ORIENTED_EDGE ( 'NONE', *, *, #3336, .T. ) ;
#253 = CARTESIAN_POINT ( 'NONE',  ( -205.0368338599284925, 0.000000000000000000, 18.71868351722831036 ) ) ;
#254 = EDGE_LOOP ( 'NONE', ( #933, #2264, #3020, #2346 ) ) ;
#255 = LINE ( 'NONE', #871, #3440 ) ;
#256 = FACE_OUTER_BOUND ( 'NONE', #2038, .T. ) ;
#257 = ORIENTED_EDGE ( 'NONE', *, *, #813, .T. ) ;
#258 = LINE ( 'NONE', #2184, #1138 ) ;
#259 = LINE ( 'NONE', #1825, #1078 ) ;
#260 = EDGE_CURVE ( 'NONE', #866, #136, #438, .T. ) ;
#261 = DIRECTION ( 'NONE',  ( 0.000000000000000000, 0.000000000000000000, 1.000000000000000000 ) ) ;
#262 = ORIENTED_EDGE ( 'NONE', *, *, #3508, .T. ) ;
#263 = PLANE ( 'NONE',  #2018 ) ;
#264 = CARTESIAN_POINT ( 'NONE',  ( -170.9362222000374629, 5.000000000000000000, 9.645885978967180918 ) ) ;
#265 = CARTESIAN_POINT ( 'NONE',  ( -195.2932757709908458, 1.000000000000000000, 9.295140983670002299 ) ) ;
#266 = CARTESIAN_POINT ( 'NONE',  ( -251.7085423853908708, 1.000000000000000000, 7.447081630821715592 ) ) ;
#267 = EDGE_CURVE ( 'NONE', #1021, #2768, #179, .T. ) ;
#268 = LINE ( 'NONE', #4101, #2427 ) ;
#269 = DIRECTION ( 'NONE',  ( -0.7248872777926377298, 0.000000000000000000, 0.6888675014067503488 ) ) ;
#270 = ORIENTED_EDGE ( 'NONE', *, *, #1878, .F. ) ;
#271 = ORIENTED_EDGE ( 'NONE', *, *, #1292, .F. ) ;
#272 = CARTESIAN_POINT ( 'NONE',  ( -300.0000000000000000, 100.0000000000000000, 0.000000000000000000 ) ) ;
#273 = CARTESIAN_POINT ( 'NONE',  ( -228.0955396137104287, 0.000000000000000000, 14.39607505098470774 ) ) ;
#274 = CARTESIAN_POINT ( 'NONE',  ( -265.8557205421092817, 5.000000000000000000, 6.670256816194243932 ) ) ;
#275 = EDGE_LOOP ( 'NONE', ( #1397, #1713, #1930 ) ) ;
#276 = CIRCLE ( 'NONE', #2616, 0.3999999999999724332 ) ;
#277 = CARTESIAN_POINT ( 'NONE',  ( -274.6155771348952044, 100.0000000000000000, 2.997052627295858418 ) ) ;
#278 = CARTESIAN_POINT ( 'NONE',  ( -82.83959400944436879, 1.000000000000000000, 78.72328000652233015 ) ) ;
#279 = CARTESIAN_POINT ( 'NONE',  ( -280.0929048604700142, 100.0000000000000000, 6.043931826251222716 ) ) ;
#280 = DIRECTION ( 'NONE',  ( 0.000000000000000000, 0.000000000000000000, 1.000000000000000000 ) ) ;
#281 = VECTOR ( 'NONE', #3818, 1000.000000000000000 ) ;
#282 = CARTESIAN_POINT ( 'NONE',  ( -116.6994142980007467, -8.673617379884035472E-16, 8.683379740354212117 ) ) ;
#283 = CARTESIAN_POINT ( 'NONE',  ( -248.6241925756567923, 1.000000000000000000, 9.975076703449706983 ) ) ;
#284 = VECTOR ( 'NONE', #735, 1000.000000000000000 ) ;
#285 = LINE ( 'NONE', #2846, #70 ) ;
#286 = ORIENTED_EDGE ( 'NONE', *, *, #2775, .T. ) ;
#287 = VECTOR ( 'NONE', #875, 1000.000000000000000 ) ;
#288 = AXIS2_PLACEMENT_3D ( 'NONE', #2636, #3918, #413 ) ;
#289 = ORIENTED_EDGE ( 'NONE', *, *, #1915, .F. ) ;
#290 = ADVANCED_FACE ( 'NONE', ( #1498 ), #2783, .F. ) ;
#291 = DIRECTION ( 'NONE',  ( 0.000000000000000000, -0.000000000000000000, -1.000000000000000000 ) ) ;
#292 = EDGE_CURVE ( 'NONE', #201, #3296, #2256, .T. ) ;
#293 = DIRECTION ( 'NONE',  ( 0.000000000000000000, 1.000000000000000000, 0.000000000000000000 ) ) ;
#294 = EDGE_LOOP ( 'NONE', ( #1249, #1418, #1971, #81 ) ) ;
#295 = FACE_BOUND ( 'NONE', #980, .T. ) ;
#296 = ORIENTED_EDGE ( 'NONE', *, *, #900, .F. ) ;
#297 = ADVANCED_FACE ( 'NONE', ( #518 ), #1640, .F. ) ;
#298 = CARTESIAN_POINT ( 'NONE',  ( -149.9733316264472194, 1.000000000000000000, 10.94980211331408881 ) ) ;
#299 = DIRECTION ( 'NONE',  ( 0.000000000000000000, 0.000000000000000000, 1.000000000000000000 ) ) ;
#300 = CARTESIAN_POINT ( 'NONE',  ( -287.8070055318488016, 100.0000000000000000, 3.847726477039149717 ) ) ;
#301 = DIRECTION ( 'NONE',  ( -0.8384013079251284584, 0.000000000000000000, -0.5450534348753652836 ) ) ;
#302 = CARTESIAN_POINT ( 'NONE',  ( -255.0275276099411883, -8.673617379884035472E-16, 7.279903762745748352 ) ) ;
#303 = DIRECTION ( 'NONE',  ( -0.7248872777925956523, 0.000000000000000000, 0.6888675014067946467 ) ) ;
#304 = CARTESIAN_POINT ( 'NONE',  ( -112.8759871213074035, 0.000000000000000000, 3.035661502803514988 ) ) ;
#305 = B_SPLINE_CURVE_WITH_KNOTS ( 'NONE', 3,
 ( #2200, #1883, #9, #4125, #1545 ),
 .UNSPECIFIED., .F., .F.,
 ( 4, 1, 4 ),
 ( 0.1278991755165338196, 0.1356275895091634820, 0.1386506023951899758 ),
 .UNSPECIFIED. ) ;
#306 = DIRECTION ( 'NONE',  ( 0.000000000000000000, 0.000000000000000000, -1.000000000000000000 ) ) ;
#307 = ORIENTED_EDGE ( 'NONE', *, *, #260, .F. ) ;
#308 = ORIENTED_EDGE ( 'NONE', *, *, #2186, .T. ) ;
#309 = LINE ( 'NONE', #2242, #2357 ) ;
#310 = CARTESIAN_POINT ( 'NONE',  ( -221.6664853836497002, 1.000000000000000000, 15.33359730825549505 ) ) ;
#311 = VERTEX_POINT ( 'NONE', #1748 ) ;
#312 = FACE_BOUND ( 'NONE', #275, .T. ) ;
#313 = EDGE_CURVE ( 'NONE', #3423, #1670, #2115, .T. ) ;
#314 = ORIENTED_EDGE ( 'NONE', *, *, #656, .F. ) ;
#315 = CARTESIAN_POINT ( 'NONE',  ( -257.9092865210533319, 1.000000000000000000, 7.801677190911295412 ) ) ;
#316 = ORIENTED_EDGE ( 'NONE', *, *, #1960, .F. ) ;
#317 = DIRECTION ( 'NONE',  ( 0.000000000000000000, 0.000000000000000000, -1.000000000000000000 ) ) ;
#318 = DIRECTION ( 'NONE',  ( 0.000000000000000000, 1.000000000000000000, -0.000000000000000000 ) ) ;
#319 = LINE ( 'NONE', #1238, #1688 ) ;
#320 = EDGE_CURVE ( 'NONE', #2122, #68, #3420, .T. ) ;
#321 = CARTESIAN_POINT ( 'NONE',  ( -254.2198045260983861, 0.000000000000000000, 9.065828070651933857 ) ) ;
#322 = CARTESIAN_POINT ( 'NONE',  ( -295.2960495103556013, 0.000000000000000000, 0.3249056940543462169 ) ) ;
#323 = DIRECTION ( 'NONE',  ( 0.000000000000000000, 0.000000000000000000, -1.000000000000000000 ) ) ;
#324 = B_SPLINE_CURVE_WITH_KNOTS ( 'NONE', 3,
 ( #2711, #3007, #2985, #1084 ),
 .UNSPECIFIED., .F., .F.,
 ( 4, 4 ),
 ( 0.8272217969609235722, 0.8287016914222211650 ),
 .UNSPECIFIED. ) ;
#325 = CARTESIAN_POINT ( 'NONE',  ( -88.50175343312920972, 1.000000000000000000, -93.12936812232612738 ) ) ;
#326 = ORIENTED_EDGE ( 'NONE', *, *, #1163, .T. ) ;
#327 = ORIENTED_EDGE ( 'NONE', *, *, #491, .T. ) ;
#328 = LINE ( 'NONE', #639, #427 ) ;
#329 = CARTESIAN_POINT ( 'NONE',  ( -300.0000000000000000, 100.0000000000000000, -0.1621621621621254228 ) ) ;
#330 = EDGE_LOOP ( 'NONE', ( #2679, #1456, #3588 ) ) ;
#331 = ORIENTED_EDGE ( 'NONE', *, *, #3326, .T. ) ;
#332 = CARTESIAN_POINT ( 'NONE',  ( -195.2932757709908458, 0.000000000000000000, 9.295140983670002299 ) ) ;
#333 = ORIENTED_EDGE ( 'NONE', *, *, #1806, .T. ) ;
#334 = CARTESIAN_POINT ( 'NONE',  ( -149.7391703492796466, 1.000000000000000000, 25.87777162697156186 ) ) ;
#335 = LINE ( 'NONE', #3537, #4106 ) ;
#336 = VECTOR ( 'NONE', #3532, 1000.000000000000000 ) ;
#337 = ADVANCED_FACE ( 'NONE', ( #2050 ), #3337, .T. ) ;
#338 = CARTESIAN_POINT ( 'NONE',  ( -176.4685339173261127, 1.000000000000000000, 9.565691627824300269 ) ) ;
#339 = CARTESIAN_POINT ( 'NONE',  ( -238.2652901195033621, -8.673617379884035472E-16, 8.067388918634684103 ) ) ;
#340 = EDGE_CURVE ( 'NONE', #2918, #1357, #156, .T. ) ;
#341 = CARTESIAN_POINT ( 'NONE',  ( -292.8379051515317428, 0.000000000000000000, 0.5759372687055264173 ) ) ;
#342 = DIRECTION ( 'NONE',  ( -0.7175009216675524160, 0.000000000000000000, 0.6965575549846637626 ) ) ;
#343 = SURFACE_SIDE_STYLE ('',( #2632 ) ) ;
#344 = AXIS2_PLACEMENT_3D ( 'NONE', #4144, #1565, #3854 ) ;
#345 = VECTOR ( 'NONE', #2622, 999.9999999999998863 ) ;
#346 = ORIENTED_EDGE ( 'NONE', *, *, #260, .T. ) ;
#347 = EDGE_CURVE ( 'NONE', #1922, #722, #3106, .T. ) ;
#348 = AXIS2_PLACEMENT_3D ( 'NONE', #537, #3123, #4118 ) ;
#349 = DIRECTION ( 'NONE',  ( 0.000000000000000000, -1.000000000000000000, 0.000000000000000000 ) ) ;
#350 = VERTEX_POINT ( 'NONE', #2521 ) ;
#351 = LINE ( 'NONE', #3811, #2689 ) ;
#352 = AXIS2_PLACEMENT_3D ( 'NONE', #3990, #1763, #1741 ) ;
#353 = VECTOR ( 'NONE', #1434, 1000.000000000000000 ) ;
#354 = CARTESIAN_POINT ( 'NONE',  ( -224.5034542644010571, 0.000000000000000000, 15.11130164558077738 ) ) ;
#355 = VERTEX_POINT ( 'NONE', #905 ) ;
#356 = ORIENTED_EDGE ( 'NONE', *, *, #3735, .T. ) ;
#357 = EDGE_CURVE ( 'NONE', #2189, #1117, #319, .T. ) ;
#358 = EDGE_LOOP ( 'NONE', ( #1374, #827, #3070 ) ) ;
#359 = EDGE_CURVE ( 'NONE', #3001, #2933, #2481, .T. ) ;
#360 = CARTESIAN_POINT ( 'NONE',  ( -114.4461369841751264, 1.000000000000000000, 8.572950441632642082 ) ) ;
#361 = ORIENTED_EDGE ( 'NONE', *, *, #359, .T. ) ;
#362 = FACE_OUTER_BOUND ( 'NONE', #2303, .T. ) ;
#363 = FACE_OUTER_BOUND ( 'NONE', #3238, .T. ) ;
#364 = VERTEX_POINT ( 'NONE', #3766 ) ;
#365 = CARTESIAN_POINT ( 'NONE',  ( -112.7508309264629105, 0.000000000000000000, 7.689384925052574538 ) ) ;
#366 = CARTESIAN_POINT ( 'NONE',  ( -238.1831628237496261, 1.000000000000000000, 8.060598028344662325 ) ) ;
#367 = DIRECTION ( 'NONE',  ( 0.6888675014067946467, 0.000000000000000000, 0.7248872777925956523 ) ) ;
#368 = CARTESIAN_POINT ( 'NONE',  ( -261.5617635560994927, 5.000000000000004441, 7.738060476453885173 ) ) ;
#369 = CARTESIAN_POINT ( 'NONE',  ( -206.1889985618809931, 0.000000000000000000, 18.51898914692129239 ) ) ;
#370 = EDGE_LOOP ( 'NONE', ( #2685, #396, #3332, #1229 ) ) ;
#371 = DIRECTION ( 'NONE',  ( -0.000000000000000000, -1.000000000000000000, -0.000000000000000000 ) ) ;
#372 = ORIENTED_EDGE ( 'NONE', *, *, #863, .T. ) ;
#373 = CARTESIAN_POINT ( 'NONE',  ( -256.2120762270557748, 1.000000000000000000, 7.572428532325789163 ) ) ;
#374 = EDGE_CURVE ( 'NONE', #883, #121, #2172, .T. ) ;
#375 = PLANE ( 'NONE',  #1200 ) ;
#376 = ORIENTED_EDGE ( 'NONE', *, *, #3138, .F. ) ;
#377 = B_SPLINE_CURVE_WITH_KNOTS ( 'NONE', 3,
 ( #199, #1044, #2338, #3619 ),
 .UNSPECIFIED., .F., .F.,
 ( 4, 4 ),
 ( 0.1148973182128036202, 0.1161882401355142508 ),
 .UNSPECIFIED. ) ;
#378 = VERTEX_POINT ( 'NONE', #2818 ) ;
#379 = CARTESIAN_POINT ( 'NONE',  ( -164.3945645426477427, 5.000000000000000888, 9.632322640913395517 ) ) ;
#380 = DIRECTION ( 'NONE',  ( 0.7248872777926379518, 0.000000000000000000, -0.6888675014067502378 ) ) ;
#381 = LINE ( 'NONE', #1336, #1756 ) ;
#382 = EDGE_CURVE ( 'NONE', #811, #2801, #4077, .T. ) ;
#383 = CARTESIAN_POINT ( 'NONE',  ( -250.1640547648514428, 5.000000000000000000, 10.47245111218837010 ) ) ;
#384 = FACE_OUTER_BOUND ( 'NONE', #1521, .T. ) ;
#385 = CARTESIAN_POINT ( 'NONE',  ( -282.4215676321936712, 0.000000000000000000, 1.563290642043225098 ) ) ;
#386 = CARTESIAN_POINT ( 'NONE',  ( -119.0667696627177463, 1.694065894508600678E-18, 28.12804715761673791 ) ) ;
#387 = DIRECTION ( 'NONE',  ( 0.000000000000000000, 1.000000000000000000, 0.000000000000000000 ) ) ;
#388 = ORIENTED_EDGE ( 'NONE', *, *, #3055, .F. ) ;
#389 = CARTESIAN_POINT ( 'NONE',  ( -112.6248457536031253, 0.000000000000000000, 12.37393250582480597 ) ) ;
#390 = LINE ( 'NONE', #1662, #2167 ) ;
#391 = ORIENTED_EDGE ( 'NONE', *, *, #2035, .T. ) ;
#392 = EDGE_CURVE ( 'NONE', #38, #2328, #555, .T. ) ;
#393 = DIRECTION ( 'NONE',  ( 0.06567303980416458464, 0.000000000000000000, -0.9978411957034448720 ) ) ;
#394 = EDGE_LOOP ( 'NONE', ( #3078, #2624, #2671, #3060 ) ) ;
#395 = ORIENTED_EDGE ( 'NONE', *, *, #3948, .T. ) ;
#396 = ORIENTED_EDGE ( 'NONE', *, *, #4009, .F. ) ;
#397 = DIRECTION ( 'NONE',  ( 0.000000000000000000, 1.000000000000000000, 0.000000000000000000 ) ) ;
#398 = DIRECTION ( 'NONE',  ( 0.000000000000000000, -1.000000000000000000, 0.000000000000000000 ) ) ;
#399 = LINE ( 'NONE', #1672, #3700 ) ;
#400 = CARTESIAN_POINT ( 'NONE',  ( -290.3110310810180863, 0.000000000000000000, 3.099905874896820901 ) ) ;
#401 = CARTESIAN_POINT ( 'NONE',  ( -242.5972785265471146, 1.000000000000000000, 11.32576751324437936 ) ) ;
#402 = LINE ( 'NONE', #2988, #946 ) ;
#403 = CARTESIAN_POINT ( 'NONE',  ( -113.0233135672802547, -8.673617379884035472E-16, 27.31498970425841577 ) ) ;
#404 = CARTESIAN_POINT ( 'NONE',  ( -172.8587101762493887, 1.694065894508600678E-18, 24.44703151162762822 ) ) ;
#405 = VECTOR ( 'NONE', #1924, 1000.000000000000000 ) ;
#406 = CARTESIAN_POINT ( 'NONE',  ( -238.1831628237497114, 5.000000000000000000, 8.060598028344744037 ) ) ;
#407 = VERTEX_POINT ( 'NONE', #589 ) ;
#408 = CARTESIAN_POINT ( 'NONE',  ( -292.2377533026771061, 0.000000000000000000, 1.650914772662632979 ) ) ;
#409 = CIRCLE ( 'NONE', #3100, 10.79999999999999005 ) ;
#410 = B_SPLINE_SURFACE_WITH_KNOTS ( 'NONE', 3, 1, ( 
 ( #2992, #2339 ),
 ( #114, #1390 ),
 ( #2321, #3222 ),
 ( #3952, #2909 ),
 ( #23, #3093 ),
 ( #2797, #550 ),
 ( #1126, #3742 ),
 ( #1213, #532 ),
 ( #3786, #2477 ) ),
 .UNSPECIFIED., .F., .F., .F.,
 ( 4, 1, 1, 1, 1, 1, 4 ),
 ( 2, 2 ),
 ( 0.9389019328317708135, 0.9448400810633539315, 0.9507782292949371605, 0.9626545257581033965, 0.9745308222212696325, 0.9804689704528527505, 0.9864071186844358685 ),
 ( 0.000000000000000000, 1.000000000000000000 ),
 .UNSPECIFIED. ) ;
#411 = VECTOR ( 'NONE', #3641, 1000.000000000000000 ) ;
#412 = ORIENTED_EDGE ( 'NONE', *, *, #2970, .F. ) ;
#413 = DIRECTION ( 'NONE',  ( 0.6888675014067948688, 0.000000000000000000, 0.7248872777925954303 ) ) ;
#414 = DIRECTION ( 'NONE',  ( 0.001877162694616514409, 0.000000000000000000, -0.9999982381285568156 ) ) ;
#415 = VECTOR ( 'NONE', #246, 1000.000000000000000 ) ;
#416 = ORIENTED_EDGE ( 'NONE', *, *, #4074, .F. ) ;
#417 = ADVANCED_FACE ( 'NONE', ( #1914 ), #3805, .F. ) ;
#418 = VERTEX_POINT ( 'NONE', #1536 ) ;
#419 = AXIS2_PLACEMENT_3D ( 'NONE', #2539, #1217, #280 ) ;
#420 = EDGE_CURVE ( 'NONE', #461, #992, #3181, .T. ) ;
#421 = ORIENTED_EDGE ( 'NONE', *, *, #2186, .F. ) ;
#422 = DIRECTION ( 'NONE',  ( 0.000000000000000000, 1.000000000000000000, 0.000000000000000000 ) ) ;
#423 = ORIENTED_EDGE ( 'NONE', *, *, #1645, .T. ) ;
#424 = LINE ( 'NONE', #3051, #741 ) ;
#425 = AXIS2_PLACEMENT_3D ( 'NONE', #1865, #2834, #1465 ) ;
#426 = CARTESIAN_POINT ( 'NONE',  ( -192.5000000000002274, 0.000000000000000000, 15.15093237103806700 ) ) ;
#427 = VECTOR ( 'NONE', #622, 1000.000000000000000 ) ;
#428 = DIRECTION ( 'NONE',  ( -0.000000000000000000, -1.000000000000000000, -0.000000000000000000 ) ) ;
#429 = VERTEX_POINT ( 'NONE', #1575 ) ;
#430 = EDGE_CURVE ( 'NONE', #2487, #2328, #1852, .T. ) ;
#431 = DIRECTION ( 'NONE',  ( -0.000000000000000000, -1.000000000000000000, -0.000000000000000000 ) ) ;
#432 = CARTESIAN_POINT ( 'NONE',  ( -257.2258798309413237, 0.000000000000000000, 7.965643754235335550 ) ) ;
#433 = CARTESIAN_POINT ( 'NONE',  ( -259.9375762002865713, 0.000000000000000000, 7.311628858614063198 ) ) ;
#434 = DIRECTION ( 'NONE',  ( -0.6353193322043482194, 0.000000000000000000, -0.7722495361781843703 ) ) ;
#435 =( NAMED_UNIT ( * ) PLANE_ANGLE_UNIT ( ) SI_UNIT ( $, .RADIAN. ) );
#436 = ORIENTED_EDGE ( 'NONE', *, *, #4061, .T. ) ;
#437 = FACE_BOUND ( 'NONE', #2996, .T. ) ;
#438 = LINE ( 'NONE', #718, #2301 ) ;
#439 = ORIENTED_EDGE ( 'NONE', *, *, #3344, .F. ) ;
#440 = VERTEX_POINT ( 'NONE', #3200 ) ;
#441 = ORIENTED_EDGE ( 'NONE', *, *, #1430, .T. ) ;
#442 = ORIENTED_EDGE ( 'NONE', *, *, #1781, .T. ) ;
#443 = ORIENTED_EDGE ( 'NONE', *, *, #480, .F. ) ;
#444 = VERTEX_POINT ( 'NONE', #265 ) ;
#445 = ADVANCED_FACE ( 'NONE', ( #4097, #1594, #3134, #1871 ), #4134, .T. ) ;
#446 = CARTESIAN_POINT ( 'NONE',  ( -255.1533325527900899, 5.000000000000000000, 8.458931763727100872 ) ) ;
#447 = ORIENTED_EDGE ( 'NONE', *, *, #1245, .F. ) ;
#448 = LINE ( 'NONE', #3904, #3632 ) ;
#449 = LINE ( 'NONE', #1995, #816 ) ;
#450 = CARTESIAN_POINT ( 'NONE',  ( -269.3505351003591954, 100.0000000000000000, 8.883550396804281490 ) ) ;
#451 = EDGE_LOOP ( 'NONE', ( #1101, #2116, #1269, #624 ) ) ;
#452 = CARTESIAN_POINT ( 'NONE',  ( -141.1614346981550625, 2.602085213965210642E-15, 27.35412429335869788 ) ) ;
#453 = CARTESIAN_POINT ( 'NONE',  ( -270.6058122691740664, -1.694065894508600678E-18, 7.731282320555687093 ) ) ;
#454 = DIRECTION ( 'NONE',  ( -0.009789702757195484217, 0.000000000000000000, 0.9999520797117857906 ) ) ;
#455 = EDGE_CURVE ( 'NONE', #4024, #1943, #2505, .T. ) ;
#456 = CARTESIAN_POINT ( 'NONE',  ( -222.8468073653594104, 100.0000000000000000, 7.840947217310170636 ) ) ;
#457 = ORIENTED_EDGE ( 'NONE', *, *, #656, .T. ) ;
#458 = LINE ( 'NONE', #4017, #1011 ) ;
#459 = ORIENTED_EDGE ( 'NONE', *, *, #717, .F. ) ;
#460 = ORIENTED_EDGE ( 'NONE', *, *, #3706, .F. ) ;
#461 = VERTEX_POINT ( 'NONE', #1193 ) ;
#462 = ORIENTED_EDGE ( 'NONE', *, *, #931, .F. ) ;
#463 = ORIENTED_EDGE ( 'NONE', *, *, #805, .T. ) ;
#464 = LINE ( 'NONE', #1737, #803 ) ;
#465 = DIRECTION ( 'NONE',  ( 0.000000000000000000, -1.000000000000000000, 0.000000000000000000 ) ) ;
#466 = CARTESIAN_POINT ( 'NONE',  ( -173.4395179607336104, 1.694065894508600678E-18, 8.866531246998681226 ) ) ;
#467 = DIRECTION ( 'NONE',  ( -0.06567303980416458464, 0.000000000000000000, 0.9978411957034448720 ) ) ;
#468 = ORIENTED_EDGE ( 'NONE', *, *, #3895, .T. ) ;
#469 = CARTESIAN_POINT ( 'NONE',  ( -265.3338636067449556, 2.602085213965210642E-15, 6.801727551363130786 ) ) ;
#470 = LINE ( 'NONE', #177, #3297 ) ;
#471 = CARTESIAN_POINT ( 'NONE',  ( -285.2692632528747936, 0.000000000000000000, 4.587123813316574150 ) ) ;
#472 = EDGE_CURVE ( 'NONE', #2436, #3843, #1556, .T. ) ;
#473 = ADVANCED_FACE ( 'NONE', ( #1834 ), #2843, .T. ) ;
#474 = CARTESIAN_POINT ( 'NONE',  ( -260.6240663350685622, 100.0000000000000000, 6.159236989585846977 ) ) ;
#475 = ORIENTED_EDGE ( 'NONE', *, *, #2877, .F. ) ;
#476 = EDGE_CURVE ( 'NONE', #1833, #355, #1515, .T. ) ;
#477 = CARTESIAN_POINT ( 'NONE',  ( -255.0275276099411883, 5.000000000000000000, 7.279903762745748352 ) ) ;
#478 = ORIENTED_EDGE ( 'NONE', *, *, #491, .F. ) ;
#479 = VECTOR ( 'NONE', #958, 1000.000000000000114 ) ;
#480 = EDGE_CURVE ( 'NONE', #801, #1580, #3273, .T. ) ;
#481 = B_SPLINE_CURVE_WITH_KNOTS ( 'NONE', 3,
 ( #1231, #2749, #567, #216 ),
 .UNSPECIFIED., .F., .F.,
 ( 4, 4 ),
 ( 0.9061558223951188262, 0.9079888871761370162 ),
 .UNSPECIFIED. ) ;
#482 = ORIENTED_EDGE ( 'NONE', *, *, #3461, .T. ) ;
#483 = VERTEX_POINT ( 'NONE', #365 ) ;
#484 = ORIENTED_EDGE ( 'NONE', *, *, #2751, .F. ) ;
#485 = AXIS2_PLACEMENT_3D ( 'NONE', #2387, #2709, #105 ) ;
#486 = CARTESIAN_POINT ( 'NONE',  ( -260.8576000477224284, -1.734723475976807094E-15, 7.086686038297494328 ) ) ;
#487 = CARTESIAN_POINT ( 'NONE',  ( -215.1098825301625936, 0.000000000000000000, 8.550983271532198060 ) ) ;
#488 = DIRECTION ( 'NONE',  ( -0.000000000000000000, -1.000000000000000000, -0.000000000000000000 ) ) ;
#489 = LINE ( 'NONE', #89, #2559 ) ;
#490 = AXIS2_PLACEMENT_3D ( 'NONE', #2298, #342, #2629 ) ;
#491 = EDGE_CURVE ( 'NONE', #2767, #2501, #2274, .T. ) ;
#492 = CARTESIAN_POINT ( 'NONE',  ( -128.1061509150808320, 2.602085213965210642E-15, 27.97564465478143347 ) ) ;
#493 = VECTOR ( 'NONE', #917, 1000.000000000000000 ) ;
#494 = CARTESIAN_POINT ( 'NONE',  ( -114.4828442445582226, -8.673617379884035472E-16, 27.32352736051250730 ) ) ;
#495 = CARTESIAN_POINT ( 'NONE',  ( -181.5355961321504310, 0.000000000000000000, 22.38622304750496994 ) ) ;
#496 = CARTESIAN_POINT ( 'NONE',  ( -177.3825974074653118, 0.000000000000000000, 22.93421366780736292 ) ) ;
#497 = B_SPLINE_CURVE_WITH_KNOTS ( 'NONE', 3,
 ( #198, #1214, #2145, #2754, #221 ),
 .UNSPECIFIED., .F., .F.,
 ( 4, 1, 4 ),
 ( 0.8287016914222211650, 0.8494027461549507052, 0.8562938425790226349 ),
 .UNSPECIFIED. ) ;
#498 = CARTESIAN_POINT ( 'NONE',  ( -113.3033073900980696, 100.0000000000000000, 7.716868825675578414 ) ) ;
#499 = ORIENTED_EDGE ( 'NONE', *, *, #3640, .T. ) ;
#500 = LINE ( 'NONE', #3997, #938 ) ;
#501 = LINE ( 'NONE', #1771, #2296 ) ;
#502 = ORIENTED_EDGE ( 'NONE', *, *, #2275, .T. ) ;
#503 = EDGE_LOOP ( 'NONE', ( #143, #2746, #2135, #2753 ) ) ;
#504 = ORIENTED_EDGE ( 'NONE', *, *, #2860, .F. ) ;
#505 = VERTEX_POINT ( 'NONE', #3554 ) ;
#506 = EDGE_CURVE ( 'NONE', #2383, #2058, #1000, .T. ) ;
#507 = CARTESIAN_POINT ( 'NONE',  ( -238.4814653430222222, 0.000000000000000000, 8.327360937715097222 ) ) ;
#508 = ORIENTED_EDGE ( 'NONE', *, *, #3714, .T. ) ;
#509 = LINE ( 'NONE', #2437, #667 ) ;
#510 = ORIENTED_EDGE ( 'NONE', *, *, #3274, .T. ) ;
#511 = DIRECTION ( 'NONE',  ( -0.6965575549846637626, 0.000000000000000000, -0.7175009216675524160 ) ) ;
#512 = DIRECTION ( 'NONE',  ( 0.000000000000000000, 1.000000000000000000, 0.000000000000000000 ) ) ;
#513 = CARTESIAN_POINT ( 'NONE',  ( -148.5690912469483465, 1.000000000000000000, 9.556892805854705131 ) ) ;
#514 = LINE ( 'NONE', #4092, #3703 ) ;
#515 = EDGE_CURVE ( 'NONE', #2978, #1120, #3195, .T. ) ;
#516 = FACE_OUTER_BOUND ( 'NONE', #3364, .T. ) ;
#517 = CARTESIAN_POINT ( 'NONE',  ( -149.9881244947861774, 1.000000000000000000, 9.572435617176004996 ) ) ;
#518 = FACE_OUTER_BOUND ( 'NONE', #3223, .T. ) ;
#519 = ORIENTED_EDGE ( 'NONE', *, *, #2037, .T. ) ;
#520 = CARTESIAN_POINT ( 'NONE',  ( -132.3252790877531311, 1.000000000000000000, 25.56367482687098303 ) ) ;
#521 = CARTESIAN_POINT ( 'NONE',  ( -255.5548677696328070, 0.000000000000000000, 7.243692534900647573 ) ) ;
#522 = VERTEX_POINT ( 'NONE', #3929 ) ;
#523 = ORIENTED_EDGE ( 'NONE', *, *, #1846, .T. ) ;
#524 = ORIENTED_EDGE ( 'NONE', *, *, #3698, .T. ) ;
#525 = EDGE_CURVE ( 'NONE', #3429, #1586, #4153, .T. ) ;
#526 = DIRECTION ( 'NONE',  ( 0.7248872777926376187, 0.000000000000000000, -0.6888675014067505709 ) ) ;
#527 = DIRECTION ( 'NONE',  ( 0.9697008434041692881, -0.000000000000000000, 0.2442954651671676025 ) ) ;
#528 = ORIENTED_EDGE ( 'NONE', *, *, #1697, .T. ) ;
#529 = DIRECTION ( 'NONE',  ( -0.7722495361781610557, 0.000000000000000000, 0.6353193322043766411 ) ) ;
#530 = CARTESIAN_POINT ( 'NONE',  ( -287.7366072069025904, 0.000000000000000000, 1.077373546304119856 ) ) ;
#531 = DIRECTION ( 'NONE',  ( -0.6888675014067504598, 0.000000000000000000, -0.7248872777926377298 ) ) ;
#532 = CARTESIAN_POINT ( 'NONE',  ( -292.2254576542372888, 0.000000000000000000, 1.434434858989688255 ) ) ;
#533 = CARTESIAN_POINT ( 'NONE',  ( -114.4461369841751264, 0.000000000000000000, 8.572950441632642082 ) ) ;
#534 = LINE ( 'NONE', #4056, #1614 ) ;
#535 = CARTESIAN_POINT ( 'NONE',  ( -240.4624955004808839, 100.0000000000000000, 7.187158872640684315 ) ) ;
#536 = CARTESIAN_POINT ( 'NONE',  ( -259.3915731961799338, 5.000000000000000000, 7.445118414149744623 ) ) ;
#537 = CARTESIAN_POINT ( 'NONE',  ( -87.95065943201555569, 1.000000000000000000, -92.54945830009327778 ) ) ;
#538 = ORIENTED_EDGE ( 'NONE', *, *, #1071, .F. ) ;
#539 = EDGE_CURVE ( 'NONE', #364, #1098, #2250, .T. ) ;
#540 = ORIENTED_EDGE ( 'NONE', *, *, #1476, .F. ) ;
#541 = PLANE ( 'NONE',  #1490 ) ;
#542 = EDGE_CURVE ( 'NONE', #2722, #166, #3846, .T. ) ;
#543 = ORIENTED_EDGE ( 'NONE', *, *, #1795, .F. ) ;
#544 = CARTESIAN_POINT ( 'NONE',  ( -200.5906600952535825, 5.000000000000000000, 19.48347873676727815 ) ) ;
#545 = CIRCLE ( 'NONE', #2885, 6.450000000000017941 ) ;
#546 = ORIENTED_EDGE ( 'NONE', *, *, #3827, .T. ) ;
#547 = CARTESIAN_POINT ( 'NONE',  ( -190.1008991201991307, 5.000000000000000000, 21.13815334312000260 ) ) ;
#548 = CARTESIAN_POINT ( 'NONE',  ( -265.8557205421092817, 5.000000000000000000, 6.670256816194243932 ) ) ;
#549 = VECTOR ( 'NONE', #3555, 1000.000000000000000 ) ;
#550 = CARTESIAN_POINT ( 'NONE',  ( -285.8727052897817202, 0.000000000000000000, 2.045397586164800607 ) ) ;
#551 = CARTESIAN_POINT ( 'NONE',  ( -233.8306288034547435, 1.000000000000000000, 12.64071906907934739 ) ) ;
#552 = VECTOR ( 'NONE', #571, 1000.000000000000000 ) ;
#553 = CARTESIAN_POINT ( 'NONE',  ( -238.2051914210641996, 1.000000000000000000, 8.059712113513244347 ) ) ;
#554 = ORIENTED_EDGE ( 'NONE', *, *, #1305, .T. ) ;
#555 = LINE ( 'NONE', #3157, #153 ) ;
#556 = VECTOR ( 'NONE', #2867, 1000.000000000000000 ) ;
#557 = CARTESIAN_POINT ( 'NONE',  ( -123.0258495498963782, 5.000000000000000000, 8.956862106542860857 ) ) ;
#558 = CARTESIAN_POINT ( 'NONE',  ( -192.5000000000002274, 0.000000000000000000, 15.15093237103806700 ) ) ;
#559 = CARTESIAN_POINT ( 'NONE',  ( -221.9420323842126948, 1.000000000000000000, 15.04364239713811635 ) ) ;
#560 = ORIENTED_EDGE ( 'NONE', *, *, #568, .F. ) ;
#561 = ORIENTED_EDGE ( 'NONE', *, *, #3048, .F. ) ;
#562 = EDGE_CURVE ( 'NONE', #1479, #2723, #3596, .T. ) ;
#563 = ORIENTED_EDGE ( 'NONE', *, *, #3016, .F. ) ;
#564 = CARTESIAN_POINT ( 'NONE',  ( -102.2995470815227037, 0.000000000000000000, 21.28692364242538204 ) ) ;
#565 = DIRECTION ( 'NONE',  ( 0.000000000000000000, -1.000000000000000000, 0.000000000000000000 ) ) ;
#566 = LINE ( 'NONE', #4005, #611 ) ;
#567 = CARTESIAN_POINT ( 'NONE',  ( -133.1568151895775998, 1.000000000000000000, 9.266055488606490087 ) ) ;
#568 = EDGE_CURVE ( 'NONE', #3110, #3188, #41, .T. ) ;
#569 = DIRECTION ( 'NONE',  ( 0.000000000000000000, 1.000000000000000000, -0.000000000000000000 ) ) ;
#570 = PLANE ( 'NONE',  #3031 ) ;
#571 = DIRECTION ( 'NONE',  ( -0.000000000000000000, -1.000000000000000000, -0.000000000000000000 ) ) ;
#572 = ORIENTED_EDGE ( 'NONE', *, *, #3343, .F. ) ;
#573 = B_SPLINE_CURVE_WITH_KNOTS ( 'NONE', 13,
 ( #759, #3994, #113, #780, #3976, #1088, #471, #1745, #131, #3038, #155, #3010, #3399, #2378 ),
 .UNSPECIFIED., .F., .F.,
 ( 14, 14 ),
 ( 0.000000000000000000, 0.03891155862395484499 ),
 .UNSPECIFIED. ) ;
#574 = CARTESIAN_POINT ( 'NONE',  ( -254.2198045260983861, 1.000000000000000000, 9.065828070651933857 ) ) ;
#575 = CARTESIAN_POINT ( 'NONE',  ( -151.9060143339745537, 5.000000000000000000, 9.644634931176614856 ) ) ;
#576 = DIRECTION ( 'NONE',  ( -0.000000000000000000, -1.000000000000000000, -0.000000000000000000 ) ) ;
#577 = CARTESIAN_POINT ( 'NONE',  ( -205.5137186611161724, 1.000000000000000000, 18.06825196386212795 ) ) ;
#578 = ORIENTED_EDGE ( 'NONE', *, *, #99, .F. ) ;
#579 = ORIENTED_EDGE ( 'NONE', *, *, #4139, .F. ) ;
#580 = CARTESIAN_POINT ( 'NONE',  ( -252.9784568474884736, 5.000000000000000000, -41.24291343747756855 ) ) ;
#581 = CARTESIAN_POINT ( 'NONE',  ( -186.5008850721248166, 1.000000000000000000, 17.52013478580609984 ) ) ;
#582 = CARTESIAN_POINT ( 'NONE',  ( -241.9987352196925201, 1.000000000000000000, 11.11804712261135819 ) ) ;
#583 = CARTESIAN_POINT ( 'NONE',  ( -168.8641331842243289, 5.000000000000000000, 24.10239613039014372 ) ) ;
#584 = DIRECTION ( 'NONE',  ( 0.000000000000000000, 0.000000000000000000, -1.000000000000000000 ) ) ;
#585 = ORIENTED_EDGE ( 'NONE', *, *, #44, .F. ) ;
#586 = DIRECTION ( 'NONE',  ( -0.7248872777926389510, 0.000000000000000000, 0.6888675014067492386 ) ) ;
#587 = DIRECTION ( 'NONE',  ( -0.6888675014067504598, 0.000000000000000000, -0.7248872777926377298 ) ) ;
#588 = CARTESIAN_POINT ( 'NONE',  ( -133.1865977618871568, 1.000000000000000000, 26.91476152578283632 ) ) ;
#589 = CARTESIAN_POINT ( 'NONE',  ( -111.8337132111004166, 0.000000000000000000, 11.46609414118742443 ) ) ;
#590 = CARTESIAN_POINT ( 'NONE',  ( -116.6994142980007467, 5.000000000000000000, 8.683379740354212117 ) ) ;
#591 = CARTESIAN_POINT ( 'NONE',  ( -252.1093834269217382, 0.000000000000000000, 7.096528009673861881 ) ) ;
#592 = EDGE_CURVE ( 'NONE', #2255, #2111, #1339, .T. ) ;
#593 = EDGE_CURVE ( 'NONE', #3041, #97, #1653, .T. ) ;
#594 = CYLINDRICAL_SURFACE ( 'NONE', #945, 0.6000000000000224043 ) ;
#595 = ORIENTED_EDGE ( 'NONE', *, *, #1535, .F. ) ;
#596 = CARTESIAN_POINT ( 'NONE',  ( -132.7570444405470198, 1.000000000000000000, 9.255407141683583916 ) ) ;
#597 = LINE ( 'NONE', #2547, #1826 ) ;
#598 = VERTEX_POINT ( 'NONE', #91 ) ;
#599 = EDGE_CURVE ( 'NONE', #1504, #2452, #2046, .T. ) ;
#600 = CARTESIAN_POINT ( 'NONE',  ( -195.6932033502584147, 1.000000000000000000, 9.287529719570885689 ) ) ;
#601 = CARTESIAN_POINT ( 'NONE',  ( -246.3390286221555527, 0.000000000000000000, 10.49442427398710898 ) ) ;
#602 = VERTEX_POINT ( 'NONE', #3616 ) ;
#603 = FACE_BOUND ( 'NONE', #724, .T. ) ;
#604 = VECTOR ( 'NONE', #2523, 1000.000000000000000 ) ;
#605 = EDGE_CURVE ( 'NONE', #1580, #1460, #2904, .T. ) ;
#606 = VERTEX_POINT ( 'NONE', #2019 ) ;
#607 = CARTESIAN_POINT ( 'NONE',  ( -78.92649516358612516, 0.000000000000000000, -83.05343496100972800 ) ) ;
#608 = DIRECTION ( 'NONE',  ( 0.000000000000000000, 1.000000000000000000, 0.000000000000000000 ) ) ;
#609 = PLANE ( 'NONE',  #2430 ) ;
#610 = VECTOR ( 'NONE', #3545, 1000.000000000000000 ) ;
#611 = VECTOR ( 'NONE', #2747, 1000.000000000000000 ) ;
#612 = DIRECTION ( 'NONE',  ( -0.9996385584632171417, 0.000000000000000000, 0.02688405537825780053 ) ) ;
#613 = CARTESIAN_POINT ( 'NONE',  ( -225.6975725102136039, 5.000000000000000000, 8.533007167635533463 ) ) ;
#614 = AXIS2_PLACEMENT_3D ( 'NONE', #2411, #529, #192 ) ;
#615 = CARTESIAN_POINT ( 'NONE',  ( -225.0224362187566953, 5.000000000000000000, 15.05154234427599569 ) ) ;
#616 = CYLINDRICAL_SURFACE ( 'NONE', #1892, 6.450000000000017941 ) ;
#617 = VECTOR ( 'NONE', #431, 1000.000000000000000 ) ;
#618 = CARTESIAN_POINT ( 'NONE',  ( -270.6058122691740664, 100.0000000000000000, 7.731282320555687093 ) ) ;
#619 = ORIENTED_EDGE ( 'NONE', *, *, #3796, .T. ) ;
#620 = EDGE_CURVE ( 'NONE', #4082, #97, #3538, .T. ) ;
#621 = CLOSED_SHELL ( 'NONE', ( #1523, #2178, #3407, #1973, #2739, #3528, #2854, #2796, #3648, #626, #2766, #337, #1673, #2699, #1519, #2402, #297, #3029, #2007, #3828, #445, #3213, #3487, #2127, #781, #1271, #3857, #911, #1438, #776, #4129, #715, #1773, #3306, #1159, #1975, #1827, #939, #1135, #3155, #1785, #1358, #4007, #3208, #186, #1639, #3804, #661, #3352, #1518, #1023, #2921, #1735, #2525, #1470, #164, #1030, #290, #3081, #2320, #2029, #417, #1464, #2397, #3139, #2260, #769, #3981, #2156, #2086, #1125, #2269, #1582, #2586, #2991, #2245, #1559, #1025, #1491, #2405, #4064, #2113, #3473, #473, #1775, #3175, #1114, #1838, #1298, #1529, #2654, #1534 ) ) ;
#622 = DIRECTION ( 'NONE',  ( -0.6353193322043482194, 0.000000000000000000, -0.7722495361781843703 ) ) ;
#623 = CARTESIAN_POINT ( 'NONE',  ( -248.6241925756561670, 0.000000000000000000, 9.975076703449307303 ) ) ;
#624 = ORIENTED_EDGE ( 'NONE', *, *, #4061, .F. ) ;
#625 = PLANE ( 'NONE',  #4102 ) ;
#626 = ADVANCED_FACE ( 'NONE', ( #1842 ), #541, .F. ) ;
#627 = VERTEX_POINT ( 'NONE', #812 ) ;
#628 = CARTESIAN_POINT ( 'NONE',  ( -266.6398104252422172, 100.0000000000000000, 6.507882213807866911 ) ) ;
#629 = DIRECTION ( 'NONE',  ( 0.000000000000000000, -1.000000000000000000, 0.000000000000000000 ) ) ;
#630 = CARTESIAN_POINT ( 'NONE',  ( -266.3727187654359909, 100.0000000000000000, 3.583167371675653801 ) ) ;
#631 = DIRECTION ( 'NONE',  ( -0.6888675014067494606, 0.000000000000000000, -0.7248872777926386179 ) ) ;
#632 = EDGE_CURVE ( 'NONE', #139, #1117, #1119, .T. ) ;
#633 = CARTESIAN_POINT ( 'NONE',  ( -148.6143614906593768, 1.000000000000000000, 25.96668747503425578 ) ) ;
#634 = CARTESIAN_POINT ( 'NONE',  ( -300.0000000000000000, 0.000000000000000000, -0.1621621621621254228 ) ) ;
#635 = CARTESIAN_POINT ( 'NONE',  ( -123.3137327467875792, 0.000000000000000000, 27.25623171729949945 ) ) ;
#636 = LINE ( 'NONE', #1562, #2233 ) ;
#637 = EDGE_LOOP ( 'NONE', ( #90, #1472, #595, #1099, #686, #1312 ) ) ;
#638 = ORIENTED_EDGE ( 'NONE', *, *, #2964, .T. ) ;
#639 = CARTESIAN_POINT ( 'NONE',  ( -109.9335922051697167, 0.000000000000000000, 90.44089133709546502 ) ) ;
#640 = CARTESIAN_POINT ( 'NONE',  ( -148.5690912469483465, 1.000000000000000000, 9.556892805854705131 ) ) ;
#641 = ORIENTED_EDGE ( 'NONE', *, *, #2527, .F. ) ;
#642 = EDGE_CURVE ( 'NONE', #942, #2487, #1184, .T. ) ;
#643 = ORIENTED_EDGE ( 'NONE', *, *, #969, .F. ) ;
#644 = CARTESIAN_POINT ( 'NONE',  ( -164.2408507529935378, 1.000000000000000000, 24.50836570392766944 ) ) ;
#645 = VERTEX_POINT ( 'NONE', #1818 ) ;
#646 = CARTESIAN_POINT ( 'NONE',  ( -261.5617635561004590, 100.0000000000000000, 7.738060476453661352 ) ) ;
#647 = CARTESIAN_POINT ( 'NONE',  ( -196.2623373852639475, 0.000000000000000000, 9.276573451499476874 ) ) ;
#648 = DIRECTION ( 'NONE',  ( 0.01073934591757915065, 0.000000000000000000, 0.9999423315618068964 ) ) ;
#649 = LINE ( 'NONE', #321, #4029 ) ;
#650 = LINE ( 'NONE', #2606, #2288 ) ;
#651 = FACE_OUTER_BOUND ( 'NONE', #697, .T. ) ;
#652 = CARTESIAN_POINT ( 'NONE',  ( -221.4743955349990756, 0.000000000000000000, 15.70286237072073732 ) ) ;
#653 = ORIENTED_EDGE ( 'NONE', *, *, #729, .F. ) ;
#654 = EDGE_CURVE ( 'NONE', #1070, #1380, #3470, .T. ) ;
#655 = CARTESIAN_POINT ( 'NONE',  ( -176.6678089166222207, 1.000000000000000000, 11.21228085551892661 ) ) ;
#656 = EDGE_CURVE ( 'NONE', #3084, #2952, #2769, .T. ) ;
#657 = CARTESIAN_POINT ( 'NONE',  ( -133.4891725394467130, 1.000000000000000000, 26.94334252204056313 ) ) ;
#658 = CARTESIAN_POINT ( 'NONE',  ( -231.6608593602304893, 0.000000000000000000, 13.66257841379618299 ) ) ;
#659 = ORIENTED_EDGE ( 'NONE', *, *, #3366, .T. ) ;
#660 = ORIENTED_EDGE ( 'NONE', *, *, #2161, .F. ) ;
#661 = ADVANCED_FACE ( 'NONE', ( #2100 ), #1204, .F. ) ;
#662 = ORIENTED_EDGE ( 'NONE', *, *, #3812, .F. ) ;
#663 = DIRECTION ( 'NONE',  ( -0.1609050596805300382, 0.000000000000000000, 0.9869698889881115544 ) ) ;
#664 = ORIENTED_EDGE ( 'NONE', *, *, #2720, .F. ) ;
#665 = DIRECTION ( 'NONE',  ( 0.9999520797117859017, 0.000000000000000000, 0.009789702757199631941 ) ) ;
#666 = CARTESIAN_POINT ( 'NONE',  ( -177.8654872192256846, 0.000000000000000000, 10.96926116992684541 ) ) ;
#667 = VECTOR ( 'NONE', #793, 1000.000000000000000 ) ;
#668 = CARTESIAN_POINT ( 'NONE',  ( -177.1855363388763180, 1.000000000000000000, 22.96013452390126375 ) ) ;
#669 = CARTESIAN_POINT ( 'NONE',  ( -176.4685339173261127, 1.000000000000000000, 9.565691627824300269 ) ) ;
#670 = DIRECTION ( 'NONE',  ( -0.000000000000000000, -1.000000000000000000, -0.000000000000000000 ) ) ;
#671 = AXIS2_PLACEMENT_3D ( 'NONE', #3132, #3787, #1830 ) ;
#672 = CARTESIAN_POINT ( 'NONE',  ( -128.2212190931157920, 0.000000000000000000, 27.11826623485157128 ) ) ;
#673 = CARTESIAN_POINT ( 'NONE',  ( -222.8468073653594104, 5.000000000000000000, 7.840947217310170636 ) ) ;
#674 = AXIS2_PLACEMENT_3D ( 'NONE', #974, #2869, #1263 ) ;
#675 = VECTOR ( 'NONE', #1762, 999.9999999999998863 ) ;
#676 = ORIENTED_EDGE ( 'NONE', *, *, #320, .F. ) ;
#677 = CIRCLE ( 'NONE', #745, 0.5999999999999928724 ) ;
#678 = CARTESIAN_POINT ( 'NONE',  ( -176.7876453152389900, 0.000000000000000000, 23.01187967037941817 ) ) ;
#679 = EDGE_LOOP ( 'NONE', ( #3142, #508, #1396, #3438, #3936, #832, #3112, #3631 ) ) ;
#680 = CARTESIAN_POINT ( 'NONE',  ( -280.6338063822639128, 100.0000000000000000, 5.055185953166550838 ) ) ;
#681 = VECTOR ( 'NONE', #120, 1000.000000000000000 ) ;
#682 = EDGE_CURVE ( 'NONE', #893, #3450, #3391, .T. ) ;
#683 = CARTESIAN_POINT ( 'NONE',  ( -233.8306288034547435, 0.000000000000000000, 12.64071906907934739 ) ) ;
#684 = ORIENTED_EDGE ( 'NONE', *, *, #1645, .F. ) ;
#685 = B_SPLINE_CURVE_WITH_KNOTS ( 'NONE', 3,
 ( #3975, #3355, #433, #3931, #2377 ),
 .UNSPECIFIED., .F., .F.,
 ( 4, 1, 4 ),
 ( 0.04410003439891728438, 0.04432521835872739457, 0.04682964219163068820 ),
 .UNSPECIFIED. ) ;
#686 = ORIENTED_EDGE ( 'NONE', *, *, #1045, .F. ) ;
#687 = CARTESIAN_POINT ( 'NONE',  ( -177.0169326989355625, 1.000000000000000000, 9.560575559115338962 ) ) ;
#688 = ORIENTED_EDGE ( 'NONE', *, *, #3895, .F. ) ;
#689 = DIRECTION ( 'NONE',  ( 0.000000000000000000, -1.000000000000000000, 0.000000000000000000 ) ) ;
#690 = CARTESIAN_POINT ( 'NONE',  ( -260.7043874911533976, 100.0000000000000000, 6.146900934099051916 ) ) ;
#691 = EDGE_CURVE ( 'NONE', #2004, #505, #3162, .T. ) ;
#692 = ORIENTED_EDGE ( 'NONE', *, *, #1915, .T. ) ;
#693 = CARTESIAN_POINT ( 'NONE',  ( -119.0667696627177463, 5.000000000000000000, 28.12804715761673791 ) ) ;
#694 = LINE ( 'NONE', #3500, #877 ) ;
#695 = CARTESIAN_POINT ( 'NONE',  ( -78.92649516358612516, 1.000000000000000000, -83.05343496100972800 ) ) ;
#696 = CARTESIAN_POINT ( 'NONE',  ( -141.1614346981550625, 1.694065894508600678E-18, 27.35412429335869788 ) ) ;
#697 = EDGE_LOOP ( 'NONE', ( #2789, #1355, #3338, #3794 ) ) ;
#698 = CARTESIAN_POINT ( 'NONE',  ( -261.5617635560994927, 5.000000000000000000, 7.738060476453885173 ) ) ;
#699 = CARTESIAN_POINT ( 'NONE',  ( -248.4400725113615067, 0.000000000000000000, 7.609905182495331211 ) ) ;
#700 = DIRECTION ( 'NONE',  ( -0.7248872777925980948, 0.000000000000000000, 0.6888675014067920932 ) ) ;
#701 = ORIENTED_EDGE ( 'NONE', *, *, #3336, .F. ) ;
#702 = ORIENTED_EDGE ( 'NONE', *, *, #4013, .T. ) ;
#703 = VERTEX_POINT ( 'NONE', #4065 ) ;
#704 = CARTESIAN_POINT ( 'NONE',  ( -133.7537577194111975, 0.000000000000000000, 26.88888592191672444 ) ) ;
#705 = ORIENTED_EDGE ( 'NONE', *, *, #122, .T. ) ;
#706 = CARTESIAN_POINT ( 'NONE',  ( -66.52695322057213900, 0.000000000000000000, -70.00554086441651691 ) ) ;
#707 = CARTESIAN_POINT ( 'NONE',  ( -122.1786715887304240, 1.694065894508600678E-18, 8.123971859965809728 ) ) ;
#708 = DIRECTION ( 'NONE',  ( 0.000000000000000000, -1.000000000000000000, 0.000000000000000000 ) ) ;
#709 = CARTESIAN_POINT ( 'NONE',  ( -242.9866521706235858, 1.000000000000000000, 11.23979997107313977 ) ) ;
#710 = DIRECTION ( 'NONE',  ( -0.8502143537580535426, 0.000000000000000000, 0.5264366558891727665 ) ) ;
#711 = CARTESIAN_POINT ( 'NONE',  ( -164.4197008633243513, 0.000000000000000000, 23.02289892259648951 ) ) ;
#712 = CARTESIAN_POINT ( 'NONE',  ( -260.9867192135900495, 100.0000000000000000, 7.878685561044813213 ) ) ;
#713 = CARTESIAN_POINT ( 'NONE',  ( -115.5180971449280918, 5.000000000000000000, 7.824897445543956387 ) ) ;
#714 = ORIENTED_EDGE ( 'NONE', *, *, #33, .T. ) ;
#715 = ADVANCED_FACE ( 'NONE', ( #2494 ), #3780, .T. ) ;
#716 = CARTESIAN_POINT ( 'NONE',  ( -260.9867192135900495, 5.000000000000000000, 7.878685561044819430 ) ) ;
#717 = EDGE_CURVE ( 'NONE', #1134, #645, #255, .T. ) ;
#718 = CARTESIAN_POINT ( 'NONE',  ( -186.5008850721248166, 1.000000000000000000, 17.52013478580609984 ) ) ;
#719 = ORIENTED_EDGE ( 'NONE', *, *, #654, .F. ) ;
#720 = DIRECTION ( 'NONE',  ( 0.000000000000000000, 1.000000000000000000, -0.000000000000000000 ) ) ;
#721 = DIRECTION ( 'NONE',  ( 0.9978411957034449831, -0.000000000000000000, 0.06567303980416459852 ) ) ;
#722 = VERTEX_POINT ( 'NONE', #564 ) ;
#723 = EDGE_CURVE ( 'NONE', #2058, #3650, #2564, .T. ) ;
#724 = EDGE_LOOP ( 'NONE', ( #510, #528, #3087 ) ) ;
#725 = ORIENTED_EDGE ( 'NONE', *, *, #3589, .T. ) ;
#726 = FACE_OUTER_BOUND ( 'NONE', #254, .T. ) ;
#727 = ORIENTED_EDGE ( 'NONE', *, *, #46, .T. ) ;
#728 = DIRECTION ( 'NONE',  ( -0.7248872777925956523, 0.000000000000000000, 0.6888675014067946467 ) ) ;
#729 = EDGE_CURVE ( 'NONE', #2765, #201, #2725, .T. ) ;
#730 = CARTESIAN_POINT ( 'NONE',  ( -150.8221721565745383, 1.694065894508600678E-18, 8.847120223398674099 ) ) ;
#731 = CARTESIAN_POINT ( 'NONE',  ( -292.7816016975322100, 0.000000000000000000, 2.342604849896636310 ) ) ;
#732 = DIRECTION ( 'NONE',  ( -0.000000000000000000, -1.000000000000000000, -0.000000000000000000 ) ) ;
#733 = CYLINDRICAL_SURFACE ( 'NONE', #3378, 9.999999999999991118 ) ;
#734 = CARTESIAN_POINT ( 'NONE',  ( -293.2676002059585585, 0.000000000000000000, 1.330312713632799237 ) ) ;
#735 = DIRECTION ( 'NONE',  ( 0.000000000000000000, -1.000000000000000000, 0.000000000000000000 ) ) ;
#736 = EDGE_LOOP ( 'NONE', ( #3030, #2707, #2509, #2 ) ) ;
#737 = CIRCLE ( 'NONE', #1879, 5.250000000000004441 ) ;
#738 = FACE_BOUND ( 'NONE', #2326, .T. ) ;
#739 = CIRCLE ( 'NONE', #674, 0.5999999999999928724 ) ;
#740 = B_SPLINE_SURFACE_WITH_KNOTS ( 'NONE', 3, 1, ( 
 ( #4127, #1009 ),
 ( #3291, #408 ),
 ( #2833, #1250 ),
 ( #3916, #2030 ),
 ( #1348, #2006 ),
 ( #1031, #915 ),
 ( #69, #2304 ),
 ( #1661, #2533 ),
 ( #3583, #2323 ) ),
 .UNSPECIFIED., .F., .F., .F.,
 ( 4, 1, 1, 1, 1, 1, 4 ),
 ( 2, 2 ),
 ( 0.008052357163076461627, 0.01180441452156668833, 0.01555647188005691330, 0.02306058659703736496, 0.03056470131401781837, 0.03431675867250804507, 0.03806881603099827177 ),
 ( 0.000000000000000000, 1.000000000000000000 ),
 .UNSPECIFIED. ) ;
#741 = VECTOR ( 'NONE', #3944, 1000.000000000000227 ) ;
#742 = EDGE_CURVE ( 'NONE', #4038, #1734, #894, .T. ) ;
#743 = DIRECTION ( 'NONE',  ( -0.000000000000000000, -1.000000000000000000, -0.000000000000000000 ) ) ;
#744 = ORIENTED_EDGE ( 'NONE', *, *, #2700, .T. ) ;
#745 = AXIS2_PLACEMENT_3D ( 'NONE', #3524, #3204, #323 ) ;
#746 = ORIENTED_EDGE ( 'NONE', *, *, #2482, .F. ) ;
#747 = ORIENTED_EDGE ( 'NONE', *, *, #2059, .F. ) ;
#748 = CIRCLE ( 'NONE', #86, 0.6000000000000224043 ) ;
#749 = AXIS2_PLACEMENT_3D ( 'NONE', #1634, #1321, #1658 ) ;
#750 = ORIENTED_EDGE ( 'NONE', *, *, #805, .F. ) ;
#751 = CARTESIAN_POINT ( 'NONE',  ( -176.4685339173261127, 1.000000000000000000, 9.565691627824300269 ) ) ;
#752 = CARTESIAN_POINT ( 'NONE',  ( -188.7754460234706642, 1.000000000000000000, 21.33710220577175676 ) ) ;
#753 = B_SPLINE_CURVE_WITH_KNOTS ( 'NONE', 3,
 ( #1176, #3057, #1766, #3680 ),
 .UNSPECIFIED., .F., .F.,
 ( 4, 4 ),
 ( 0.7338661583722677628, 0.7561382821082394123 ),
 .UNSPECIFIED. ) ;
#754 = CARTESIAN_POINT ( 'NONE',  ( -215.3985949610693922, 1.000000000000000000, 8.825349530944908594 ) ) ;
#755 = EDGE_CURVE ( 'NONE', #2662, #483, #834, .T. ) ;
#756 = CARTESIAN_POINT ( 'NONE',  ( -274.7847390678884949, 100.0000000000000000, 7.475225215082193841 ) ) ;
#757 = CARTESIAN_POINT ( 'NONE',  ( -196.2236163048101787, 5.000000000000000000, 21.18604354544763169 ) ) ;
#758 = CARTESIAN_POINT ( 'NONE',  ( -267.1688184859924604, 0.000000000000000000, 8.607714735570329623 ) ) ;
#759 = CARTESIAN_POINT ( 'NONE',  ( -300.0000000000000000, 0.000000000000000000, 0.000000000000000000 ) ) ;
#760 = DIRECTION ( 'NONE',  ( 0.001877162694616514409, 0.000000000000000000, -0.9999982381285568156 ) ) ;
#761 = VERTEX_POINT ( 'NONE', #1777 ) ;
#762 = DIRECTION ( 'NONE',  ( 0.7483691178079394657, 0.000000000000000000, 0.6632824914856161325 ) ) ;
#763 = ORIENTED_EDGE ( 'NONE', *, *, #2366, .F. ) ;
#764 = ORIENTED_EDGE ( 'NONE', *, *, #916, .T. ) ;
#765 = ORIENTED_EDGE ( 'NONE', *, *, #27, .T. ) ;
#766 = ORIENTED_EDGE ( 'NONE', *, *, #3228, .F. ) ;
#767 = ORIENTED_EDGE ( 'NONE', *, *, #2928, .T. ) ;
#768 = LINE ( 'NONE', #379, #2162 ) ;
#769 = ADVANCED_FACE ( 'NONE', ( #3452 ), #1459, .F. ) ;
#770 = VERTEX_POINT ( 'NONE', #1140 ) ;
#771 = PLANE ( 'NONE',  #1953 ) ;
#772 = CARTESIAN_POINT ( 'NONE',  ( -258.0539321025585764, 0.000000000000000000, 7.428746023333428816 ) ) ;
#773 = EDGE_CURVE ( 'NONE', #1604, #722, #2987, .T. ) ;
#774 = CARTESIAN_POINT ( 'NONE',  ( -280.0929048604700142, 100.0000000000000000, 6.043931826251222716 ) ) ;
#775 = B_SPLINE_CURVE_WITH_KNOTS ( 'NONE', 3,
 ( #2211, #1814, #1195, #3503, #2863, #3770 ),
 .UNSPECIFIED., .F., .F.,
 ( 4, 1, 1, 4 ),
 ( 0.7038618315150659832, 0.7171398451842925237, 0.7318357230699212845, 0.7320330935912495729 ),
 .UNSPECIFIED. ) ;
#776 = ADVANCED_FACE ( 'NONE', ( #3085 ), #4123, .F. ) ;
#777 = ORIENTED_EDGE ( 'NONE', *, *, #1203, .F. ) ;
#778 = LINE ( 'NONE', #1407, #2552 ) ;
#779 = CARTESIAN_POINT ( 'NONE',  ( -275.1101811045253953, -1.694065894508600678E-18, 6.552289714360634676 ) ) ;
#780 = CARTESIAN_POINT ( 'NONE',  ( -292.7816016975322100, 0.000000000000000000, 2.342604849896636310 ) ) ;
#781 = ADVANCED_FACE ( 'NONE', ( #1308 ), #2573, .F. ) ;
#782 = CARTESIAN_POINT ( 'NONE',  ( -113.3033073900980696, 0.000000000000000000, 7.716868825675578414 ) ) ;
#783 = ORIENTED_EDGE ( 'NONE', *, *, #3525, .T. ) ;
#784 = B_SPLINE_CURVE_WITH_KNOTS ( 'NONE', 3,
 ( #547, #1446, #3695, #583, #2123, #2474, #3071, #2165, #1823, #1145, #3454 ),
 .UNSPECIFIED., .F., .F.,
 ( 4, 1, 1, 1, 1, 1, 1, 1, 4 ),
 ( 0.1148973182128036202, 0.1162843833321219045, 0.1356275895091634820, 0.1549707956862050318, 0.1646423987747258066, 0.1743140018632465815, 0.1839856049517673564, 0.1888214064960277438, 0.1936572080402881313 ),
 .UNSPECIFIED. ) ;
#785 = DIRECTION ( 'NONE',  ( -0.6888675014067533464, 0.000000000000000000, -0.7248872777926349542 ) ) ;
#786 = EDGE_CURVE ( 'NONE', #2933, #1734, #1067, .T. ) ;
#787 = ORIENTED_EDGE ( 'NONE', *, *, #840, .T. ) ;
#788 = ORIENTED_EDGE ( 'NONE', *, *, #132, .F. ) ;
#789 = EDGE_CURVE ( 'NONE', #440, #68, #739, .T. ) ;
#790 = EDGE_CURVE ( 'NONE', #444, #3550, #2158, .T. ) ;
#791 = ORIENTED_EDGE ( 'NONE', *, *, #1389, .T. ) ;
#792 = ORIENTED_EDGE ( 'NONE', *, *, #1657, .F. ) ;
#793 = DIRECTION ( 'NONE',  ( 0.000000000000000000, -1.000000000000000000, 0.000000000000000000 ) ) ;
#794 = CARTESIAN_POINT ( 'NONE',  ( -251.9429681874314042, 1.000000000000000000, 7.933428071690787675 ) ) ;
#795 = LINE ( 'NONE', #2351, #675 ) ;
#796 = CARTESIAN_POINT ( 'NONE',  ( -300.0000000000000000, 0.000000000000000000, 0.000000000000000000 ) ) ;
#797 = LINE ( 'NONE', #1702, #411 ) ;
#798 = CARTESIAN_POINT ( 'NONE',  ( -123.3137327467875792, 5.000000000000000000, 27.25623171729949945 ) ) ;
#799 = CARTESIAN_POINT ( 'NONE',  ( -164.2408507514883240, 0.000000000000000000, 24.50836570409045123 ) ) ;
#800 = DIRECTION ( 'NONE',  ( 0.7248872777926381739, 0.000000000000000000, -0.6888675014067500157 ) ) ;
#801 = VERTEX_POINT ( 'NONE', #2219 ) ;
#802 = CARTESIAN_POINT ( 'NONE',  ( -233.5550818028896742, 1.000000000000000000, 12.93067398019889325 ) ) ;
#803 = VECTOR ( 'NONE', #145, 1000.000000000000000 ) ;
#804 = LINE ( 'NONE', #3649, #3235 ) ;
#805 = EDGE_CURVE ( 'NONE', #1120, #1620, #7, .T. ) ;
#806 = AXIS2_PLACEMENT_3D ( 'NONE', #2941, #2252, #4155 ) ;
#807 = VERTEX_POINT ( 'NONE', #1247 ) ;
#808 = ORIENTED_EDGE ( 'NONE', *, *, #2149, .F. ) ;
#809 = AXIS2_PLACEMENT_3D ( 'NONE', #2160, #209, #189 ) ;
#810 = VECTOR ( 'NONE', #1236, 1000.000000000000000 ) ;
#811 = VERTEX_POINT ( 'NONE', #2828 ) ;
#812 = CARTESIAN_POINT ( 'NONE',  ( -148.7718042799496061, 1.000000000000000000, 11.08556981307087774 ) ) ;
#813 = EDGE_CURVE ( 'NONE', #2740, #3047, #3798, .T. ) ;
#814 = CIRCLE ( 'NONE', #2554, 6.450000000000017941 ) ;
#815 = ORIENTED_EDGE ( 'NONE', *, *, #236, .F. ) ;
#816 = VECTOR ( 'NONE', #488, 1000.000000000000000 ) ;
#817 = DIRECTION ( 'NONE',  ( -0.8517100486541762105, 0.000000000000000000, 0.5240133519496433800 ) ) ;
#818 = DIRECTION ( 'NONE',  ( 0.000000000000000000, 0.000000000000000000, -1.000000000000000000 ) ) ;
#819 = DIRECTION ( 'NONE',  ( -0.02688405537884543811, 0.000000000000000000, -0.9996385584632012655 ) ) ;
#820 = CARTESIAN_POINT ( 'NONE',  ( -287.8070055318488016, 100.0000000000000000, 3.847726477039149717 ) ) ;
#821 = VECTOR ( 'NONE', #434, 1000.000000000000000 ) ;
#822 = CARTESIAN_POINT ( 'NONE',  ( -228.2275402831397741, 0.000000000000000000, 8.429475360903030179 ) ) ;
#823 = AXIS2_PLACEMENT_3D ( 'NONE', #2464, #3747, #3439 ) ;
#824 = CARTESIAN_POINT ( 'NONE',  ( -258.2981813761766716, 1.000000000000000000, 7.708078090175614960 ) ) ;
#825 = CARTESIAN_POINT ( 'NONE',  ( -132.3252790877531311, 0.000000000000000000, 25.56367482687098303 ) ) ;
#826 = CARTESIAN_POINT ( 'NONE',  ( -285.1034899455572713, 100.0000000000000000, 1.323141469673185799 ) ) ;
#827 = ORIENTED_EDGE ( 'NONE', *, *, #1957, .T. ) ;
#828 = CARTESIAN_POINT ( 'NONE',  ( -264.9890575499203464, 100.0000000000000000, -17.44028709085020878 ) ) ;
#829 = CARTESIAN_POINT ( 'NONE',  ( -196.2623373852639475, 1.000000000000000000, 9.276573451499476874 ) ) ;
#830 = EDGE_CURVE ( 'NONE', #606, #3001, #934, .T. ) ;
#831 = B_SPLINE_CURVE_WITH_KNOTS ( 'NONE', 3,
 ( #3955, #1066, #4040, #3730, #2424 ),
 .UNSPECIFIED., .F., .F.,
 ( 4, 1, 4 ),
 ( 0.7587236421685178422, 0.7612274788411785842, 0.7801910122754447396 ),
 .UNSPECIFIED. ) ;
#832 = ORIENTED_EDGE ( 'NONE', *, *, #3888, .T. ) ;
#833 = EDGE_LOOP ( 'NONE', ( #462, #641, #3144, #2072, #543, #3289, #3915, #3587, #2593, #1095, #746, #436, #3004, #271, #1246, #442, #662, #2057, #3300, #3248, #3068, #2575, #1391, #2658, #3810, #1667, #2284, #1901, #1925, #270, #3405, #920, #1599, #2744, #3017, #1079, #879, #478, #1990, #3611, #2701, #572, #316 ) ) ;
#834 = LINE ( 'NONE', #852, #2023 ) ;
#835 = ORIENTED_EDGE ( 'NONE', *, *, #1781, .F. ) ;
#836 = CARTESIAN_POINT ( 'NONE',  ( -200.5906600952535825, -8.673617379884035472E-16, 19.48347873676727815 ) ) ;
#837 = VERTEX_POINT ( 'NONE', #1227 ) ;
#838 = CARTESIAN_POINT ( 'NONE',  ( -256.5013673900662639, 1.000000000000000000, 6.826566197170057748 ) ) ;
#839 = CARTESIAN_POINT ( 'NONE',  ( -285.1034899461849932, 100.0000000000000000, 1.323141469614599774 ) ) ;
#840 = EDGE_CURVE ( 'NONE', #2201, #1604, #409, .T. ) ;
#841 = DIRECTION ( 'NONE',  ( 0.8502143537580535426, 0.000000000000000000, -0.5264366558891727665 ) ) ;
#842 = CARTESIAN_POINT ( 'NONE',  ( -265.8557205421093386, 100.0000000000000000, 6.670256816194236826 ) ) ;
#843 = CARTESIAN_POINT ( 'NONE',  ( -189.5878733123935831, 5.000000000000000000, 9.395759206368795802 ) ) ;
#844 = EDGE_CURVE ( 'NONE', #522, #3097, #351, .T. ) ;
#845 = CARTESIAN_POINT ( 'NONE',  ( -264.6795704296161489, 100.0000000000000000, 5.899739385249729295 ) ) ;
#846 = CARTESIAN_POINT ( 'NONE',  ( -113.5285485838877975, -8.673617379884035472E-16, 8.528672068350854119 ) ) ;
#847 = FACE_BOUND ( 'NONE', #3178, .T. ) ;
#848 = ORIENTED_EDGE ( 'NONE', *, *, #3582, .T. ) ;
#849 = EDGE_CURVE ( 'NONE', #235, #3921, #1941, .T. ) ;
#850 = DIRECTION ( 'NONE',  ( -0.000000000000000000, -1.000000000000000000, -0.000000000000000000 ) ) ;
#851 = ORIENTED_EDGE ( 'NONE', *, *, #3827, .F. ) ;
#852 = CARTESIAN_POINT ( 'NONE',  ( -112.7508309264629105, 5.000000000000000000, 7.689384925052574538 ) ) ;
#853 = ORIENTED_EDGE ( 'NONE', *, *, #1406, .T. ) ;
#854 = CARTESIAN_POINT ( 'NONE',  ( -249.1849982830883050, 100.0000000000000000, -62.77685069814302210 ) ) ;
#855 = ORIENTED_EDGE ( 'NONE', *, *, #742, .T. ) ;
#856 = CARTESIAN_POINT ( 'NONE',  ( -260.8337779113987267, 0.000000000000000000, 6.940564282570732324 ) ) ;
#857 = CARTESIAN_POINT ( 'NONE',  ( -285.1034899461849932, 0.000000000000000000, 1.323141469614599774 ) ) ;
#858 = DIRECTION ( 'NONE',  ( 0.6888675014067499047, 0.000000000000000000, 0.7248872777926382849 ) ) ;
#859 = ORIENTED_EDGE ( 'NONE', *, *, #27, .F. ) ;
#860 = LINE ( 'NONE', #1850, #1676 ) ;
#861 = CARTESIAN_POINT ( 'NONE',  ( -239.3137671339630970, 1.000000000000000000, 8.014685640739042327 ) ) ;
#862 = DIRECTION ( 'NONE',  ( -0.000000000000000000, -1.000000000000000000, -0.000000000000000000 ) ) ;
#863 = EDGE_CURVE ( 'NONE', #2801, #3861, #3815, .T. ) ;
#864 = CARTESIAN_POINT ( 'NONE',  ( -239.3137671339630685, 0.000000000000000000, 8.014685640739026340 ) ) ;
#865 = CARTESIAN_POINT ( 'NONE',  ( -265.8557205421093954, 100.0000000000000000, 6.670256816194784832 ) ) ;
#866 = VERTEX_POINT ( 'NONE', #581 ) ;
#867 = CARTESIAN_POINT ( 'NONE',  ( -214.5587885290373436, 0.000000000000000000, 9.130893093766108137 ) ) ;
#868 = ORIENTED_EDGE ( 'NONE', *, *, #3293, .T. ) ;
#869 = EDGE_CURVE ( 'NONE', #1666, #3547, #309, .T. ) ;
#870 = AXIS2_PLACEMENT_3D ( 'NONE', #3719, #565, #4003 ) ;
#871 = CARTESIAN_POINT ( 'NONE',  ( 0.5936727027209567353, 0.000000000000000000, 22.07472482841617634 ) ) ;
#872 = CYLINDRICAL_SURFACE ( 'NONE', #870, 0.5999999999999998668 ) ;
#873 = CIRCLE ( 'NONE', #671, 6.450000000000017941 ) ;
#874 = CARTESIAN_POINT ( 'NONE',  ( -242.2742822202742730, 1.000000000000000000, 10.82809221147424239 ) ) ;
#875 = DIRECTION ( 'NONE',  ( 0.000000000000000000, -1.000000000000000000, 0.000000000000000000 ) ) ;
#876 = VECTOR ( 'NONE', #1579, 1000.000000000000000 ) ;
#877 = VECTOR ( 'NONE', #2879, 1000.000000000000114 ) ;
#878 = CARTESIAN_POINT ( 'NONE',  ( -239.0325593441475007, 1.000000000000000000, 7.747451115481162276 ) ) ;
#879 = ORIENTED_EDGE ( 'NONE', *, *, #3913, .F. ) ;
#880 = CARTESIAN_POINT ( 'NONE',  ( -192.5000000000002274, 0.000000000000000000, 15.15093237103806700 ) ) ;
#881 = AXIS2_PLACEMENT_3D ( 'NONE', #1587, #3937, #3173 ) ;
#882 = CARTESIAN_POINT ( 'NONE',  ( -113.0233135672802547, 5.000000000000000000, 27.31498970425841932 ) ) ;
#883 = VERTEX_POINT ( 'NONE', #3531 ) ;
#884 = CARTESIAN_POINT ( 'NONE',  ( -256.2120762270557748, 0.000000000000000000, 7.572428532325789163 ) ) ;
#885 = VECTOR ( 'NONE', #3553, 1000.000000000000000 ) ;
#886 = VECTOR ( 'NONE', #371, 1000.000000000000000 ) ;
#887 = CARTESIAN_POINT ( 'NONE',  ( -248.6241925756567923, 5.000000000000000000, 9.975076703449706983 ) ) ;
#888 = DIRECTION ( 'NONE',  ( -0.7248872777926386179, 0.000000000000000000, 0.6888675014067494606 ) ) ;
#889 = CARTESIAN_POINT ( 'NONE',  ( -112.3038216628890495, 5.000000000000000000, 24.31067548444904958 ) ) ;
#890 = VERTEX_POINT ( 'NONE', #3511 ) ;
#891 = DIRECTION ( 'NONE',  ( -0.7248872777925925437, 0.000000000000000000, 0.6888675014067979774 ) ) ;
#892 = ORIENTED_EDGE ( 'NONE', *, *, #3647, .T. ) ;
#893 = VERTEX_POINT ( 'NONE', #272 ) ;
#894 = LINE ( 'NONE', #2810, #3840 ) ;
#895 = DIRECTION ( 'NONE',  ( -0.7248872777926371747, 0.000000000000000000, 0.6888675014067510149 ) ) ;
#896 = VERTEX_POINT ( 'NONE', #2512 ) ;
#897 = CARTESIAN_POINT ( 'NONE',  ( -148.6143614906593768, 0.000000000000000000, 25.96668747503425223 ) ) ;
#898 = DIRECTION ( 'NONE',  ( 0.000000000000000000, 0.000000000000000000, -1.000000000000000000 ) ) ;
#899 = EDGE_LOOP ( 'NONE', ( #714, #2886, #4015 ) ) ;
#900 = EDGE_CURVE ( 'NONE', #1347, #166, #328, .T. ) ;
#901 = DIRECTION ( 'NONE',  ( 0.000000000000000000, -1.000000000000000000, 0.000000000000000000 ) ) ;
#902 = DIRECTION ( 'NONE',  ( 0.9996385584632171417, 0.000000000000000000, -0.02688405537825779359 ) ) ;
#903 = CARTESIAN_POINT ( 'NONE',  ( -292.7816016975322100, 100.0000000000000000, 2.342604849896636310 ) ) ;
#904 = EDGE_CURVE ( 'NONE', #505, #2201, #2199, .T. ) ;
#905 = CARTESIAN_POINT ( 'NONE',  ( -260.7043874911463490, 5.000000000000000888, 6.146900934099255309 ) ) ;
#906 = CARTESIAN_POINT ( 'NONE',  ( -178.1135318345519067, 0.000000000000000000, 9.549550606678973708 ) ) ;
#907 = DIRECTION ( 'NONE',  ( -0.8517100486541762105, 0.000000000000000000, 0.5240133519496433800 ) ) ;
#908 = EDGE_CURVE ( 'NONE', #3346, #3488, #2718, .T. ) ;
#909 = CARTESIAN_POINT ( 'NONE',  ( -221.8611338655701104, 1.000000000000000000, 15.62779122594846726 ) ) ;
#910 = ORIENTED_EDGE ( 'NONE', *, *, #539, .F. ) ;
#911 = ADVANCED_FACE ( 'NONE', ( #3189 ), #1327, .T. ) ;
#912 = VERTEX_POINT ( 'NONE', #1969 ) ;
#913 = CARTESIAN_POINT ( 'NONE',  ( -257.0318335206374627, 0.000000000000000000, 8.012107495441906480 ) ) ;
#914 = DIRECTION ( 'NONE',  ( 0.02688405537884543464, 0.000000000000000000, 0.9996385584632012655 ) ) ;
#915 = CARTESIAN_POINT ( 'NONE',  ( -275.1101811045253953, 0.000000000000000000, 6.552289714360634676 ) ) ;
#916 = EDGE_CURVE ( 'NONE', #890, #1652, #188, .T. ) ;
#917 = DIRECTION ( 'NONE',  ( 0.000000000000000000, 1.000000000000000000, -0.000000000000000000 ) ) ;
#918 = ORIENTED_EDGE ( 'NONE', *, *, #3466, .T. ) ;
#919 = CARTESIAN_POINT ( 'NONE',  ( -228.2275402970279572, 1.000000000000000000, 8.429475360428938302 ) ) ;
#920 = ORIENTED_EDGE ( 'NONE', *, *, #2731, .F. ) ;
#921 = DIRECTION ( 'NONE',  ( 0.9996385584632171417, 0.000000000000000000, -0.02688405537825779359 ) ) ;
#922 = LINE ( 'NONE', #3133, #415 ) ;
#923 = EDGE_CURVE ( 'NONE', #3817, #3018, #930, .T. ) ;
#924 = CARTESIAN_POINT ( 'NONE',  ( -133.9566240984088381, 1.000000000000000000, 9.287166304838079256 ) ) ;
#925 = CARTESIAN_POINT ( 'NONE',  ( -211.3417734251275419, -1.734723475976807094E-15, 8.954390679682628473 ) ) ;
#926 = CARTESIAN_POINT ( 'NONE',  ( -257.9092865210533319, 0.000000000000000000, 7.801677190911295412 ) ) ;
#927 = CARTESIAN_POINT ( 'NONE',  ( -112.2823144185779682, 5.000000000000000000, 25.11038633121939867 ) ) ;
#928 = LINE ( 'NONE', #2486, #1952 ) ;
#929 = EDGE_LOOP ( 'NONE', ( #3345, #1016, #1457, #10 ) ) ;
#930 = B_SPLINE_CURVE_WITH_KNOTS ( 'NONE', 3,
 ( #1243, #3186, #2882, #2195, #3850 ),
 .UNSPECIFIED., .F., .F.,
 ( 4, 1, 4 ),
 ( 0.9237920479229295712, 0.9291378280682509594, 0.9294838303704399118 ),
 .UNSPECIFIED. ) ;
#931 = EDGE_CURVE ( 'NONE', #977, #2226, #4135, .T. ) ;
#932 = CARTESIAN_POINT ( 'NONE',  ( -176.6516727355069918, 1.000000000000000000, 9.564078834987554956 ) ) ;
#933 = ORIENTED_EDGE ( 'NONE', *, *, #2700, .F. ) ;
#934 = LINE ( 'NONE', #657, #1342 ) ;
#935 = FACE_OUTER_BOUND ( 'NONE', #2471, .T. ) ;
#936 = ORIENTED_EDGE ( 'NONE', *, *, #2580, .T. ) ;
#937 = FACE_BOUND ( 'NONE', #3859, .T. ) ;
#938 = VECTOR ( 'NONE', #3897, 1000.000000000000000 ) ;
#939 = ADVANCED_FACE ( 'NONE', ( #2526 ), #2822, .F. ) ;
#940 = ORIENTED_EDGE ( 'NONE', *, *, #3424, .F. ) ;
#941 = CARTESIAN_POINT ( 'NONE',  ( -233.5550818028896742, 1.000000000000000000, 12.93067398019889325 ) ) ;
#942 = VERTEX_POINT ( 'NONE', #577 ) ;
#943 = CARTESIAN_POINT ( 'NONE',  ( -260.9867192135914138, 100.0000000000000000, 7.878685561044471264 ) ) ;
#944 = CARTESIAN_POINT ( 'NONE',  ( -260.8576000465040465, 0.000000000000000000, 7.086686038595560788 ) ) ;
#945 = AXIS2_PLACEMENT_3D ( 'NONE', #3161, #4120, #306 ) ;
#946 = VECTOR ( 'NONE', #1678, 1000.000000000000000 ) ;
#947 = DIRECTION ( 'NONE',  ( -0.000000000000000000, -1.000000000000000000, -0.000000000000000000 ) ) ;
#948 = CARTESIAN_POINT ( 'NONE',  ( -260.7629341024528458, -8.673617379884035472E-16, 6.944829825261212619 ) ) ;
#949 = VECTOR ( 'NONE', #2479, 1000.000000000000000 ) ;
#950 = CARTESIAN_POINT ( 'NONE',  ( -268.4179018073645011, 0.000000000000000000, 2.647210225952845608 ) ) ;
#951 = CARTESIAN_POINT ( 'NONE',  ( -112.2016622524414373, 0.000000000000000000, 28.10930200660903822 ) ) ;
#952 = VECTOR ( 'NONE', #1611, 1000.000000000000000 ) ;
#953 = DIRECTION ( 'NONE',  ( -0.02646596929541218668, 0.000000000000000000, -0.9996497148847962588 ) ) ;
#954 = ORIENTED_EDGE ( 'NONE', *, *, #1255, .F. ) ;
#955 = EDGE_CURVE ( 'NONE', #3817, #2469, #4081, .T. ) ;
#956 = EDGE_LOOP ( 'NONE', ( #2598, #205, #2241, #3197, #1689, #3151, #692, #1329, #220, #36, #2287, #459 ) ) ;
#957 = CARTESIAN_POINT ( 'NONE',  ( -255.1533325528124863, 0.000000000000000000, 8.458931763721803776 ) ) ;
#958 = DIRECTION ( 'NONE',  ( -0.7248872777926389510, 0.000000000000000000, 0.6888675014067492386 ) ) ;
#959 = ORIENTED_EDGE ( 'NONE', *, *, #2888, .F. ) ;
#960 = CARTESIAN_POINT ( 'NONE',  ( -228.8046108897806619, 1.000000000000000000, 8.409713706513370468 ) ) ;
#961 = EDGE_LOOP ( 'NONE', ( #2633, #3527, #3108, #1130 ) ) ;
#962 = CARTESIAN_POINT ( 'NONE',  ( -112.8759871213074035, 5.000000000000000000, 3.035661502803514988 ) ) ;
#963 = CARTESIAN_POINT ( 'NONE',  ( -266.5886069376114733, 100.0000000000000000, 9.579359346406523201 ) ) ;
#964 = B_SPLINE_CURVE_WITH_KNOTS ( 'NONE', 3,
 ( #2188, #3054, #3701, #822 ),
 .UNSPECIFIED., .F., .F.,
 ( 4, 4 ),
 ( 0.8580341054176376936, 0.8778624876392956411 ),
 .UNSPECIFIED. ) ;
#965 = CARTESIAN_POINT ( 'NONE',  ( -177.9818545071813674, 5.000000000000000000, 22.85539443543477134 ) ) ;
#966 = DIRECTION ( 'NONE',  ( 0.000000000000000000, 0.000000000000000000, -1.000000000000000000 ) ) ;
#967 = LINE ( 'NONE', #3220, #1474 ) ;
#968 = CARTESIAN_POINT ( 'NONE',  ( -229.3582028351281394, 0.000000000000000000, 8.390528734094431229 ) ) ;
#969 = EDGE_CURVE ( 'NONE', #1718, #34, #636, .T. ) ;
#970 = B_SPLINE_CURVE_WITH_KNOTS ( 'NONE', 3,
 ( #690, #3820, #1978, #2938, #3257 ),
 .UNSPECIFIED., .F., .F.,
 ( 4, 1, 4 ),
 ( 0.9293509528815171450, 0.9324260961395594016, 0.9375780134687230483 ),
 .UNSPECIFIED. ) ;
#971 = LINE ( 'NONE', #2568, #3629 ) ;
#972 = EDGE_LOOP ( 'NONE', ( #643, #523, #2399, #2515 ) ) ;
#973 = EDGE_CURVE ( 'NONE', #866, #184, #1137, .T. ) ;
#974 = CARTESIAN_POINT ( 'NONE',  ( -164.9945637137975609, 0.000000000000000000, 9.631325334794968995 ) ) ;
#975 = CARTESIAN_POINT ( 'NONE',  ( -149.7021053793933447, 1.000000000000000000, 9.569462738240353872 ) ) ;
#976 = ORIENTED_EDGE ( 'NONE', *, *, #1051, .T. ) ;
#977 = VERTEX_POINT ( 'NONE', #1221 ) ;
#978 = VERTEX_POINT ( 'NONE', #3467 ) ;
#979 = FACE_OUTER_BOUND ( 'NONE', #2432, .T. ) ;
#980 = EDGE_LOOP ( 'NONE', ( #3367, #423, #3389 ) ) ;
#981 = CARTESIAN_POINT ( 'NONE',  ( -192.5000000000002274, 5.000000000000000000, 15.15093237103806700 ) ) ;
#982 = DIRECTION ( 'NONE',  ( -0.02688405537884489688, 0.000000000000000000, -0.9996385584632012655 ) ) ;
#983 = CARTESIAN_POINT ( 'NONE',  ( -112.6486715160237821, 5.000000000000000000, 11.48801144721272749 ) ) ;
#984 = CARTESIAN_POINT ( 'NONE',  ( -297.6853304519444805, 0.000000000000000000, 0.07763497804488378451 ) ) ;
#985 = CARTESIAN_POINT ( 'NONE',  ( -265.7189512413806938, 100.0000000000000000, 5.831332410554418644 ) ) ;
#986 = CARTESIAN_POINT ( 'NONE',  ( -293.2676002059585585, 0.000000000000000000, 1.330312713632799237 ) ) ;
#987 = CARTESIAN_POINT ( 'NONE',  ( -240.4624955004808839, 5.000000000000000000, 7.187158872640684315 ) ) ;
#988 = EDGE_CURVE ( 'NONE', #3978, #2487, #285, .T. ) ;
#989 = ORIENTED_EDGE ( 'NONE', *, *, #4009, .T. ) ;
#990 = CARTESIAN_POINT ( 'NONE',  ( -255.6510353033899605, 0.000000000000000000, 8.341183018921922709 ) ) ;
#991 = CARTESIAN_POINT ( 'NONE',  ( -242.5786450419261655, 1.000000000000000000, 11.66914112373636669 ) ) ;
#992 = VERTEX_POINT ( 'NONE', #251 ) ;
#993 = EDGE_CURVE ( 'NONE', #1293, #1694, #928, .T. ) ;
#994 = ORIENTED_EDGE ( 'NONE', *, *, #3953, .F. ) ;
#995 = ORIENTED_EDGE ( 'NONE', *, *, #2447, .T. ) ;
#996 = CARTESIAN_POINT ( 'NONE',  ( -239.0325593441475007, 0.000000000000000000, 7.747451115481162276 ) ) ;
#997 = CARTESIAN_POINT ( 'NONE',  ( -206.1889985618809646, 1.000000000000000000, 18.51898914692129949 ) ) ;
#998 = DIRECTION ( 'NONE',  ( 0.000000000000000000, -1.000000000000000000, 0.000000000000000000 ) ) ;
#999 = VECTOR ( 'NONE', #1989, 1000.000000000000114 ) ;
#1000 = LINE ( 'NONE', #1933, #2967 ) ;
#1001 = CYLINDRICAL_SURFACE ( 'NONE', #3101, 6.450000000000017941 ) ;
#1002 = CARTESIAN_POINT ( 'NONE',  ( -101.7636842347514090, 5.000000000000000000, 11.19527303853105948 ) ) ;
#1003 = VECTOR ( 'NONE', #4011, 1000.000000000000000 ) ;
#1004 = CARTESIAN_POINT ( 'NONE',  ( -285.8727052897817202, 0.000000000000000000, 2.045397586164800607 ) ) ;
#1005 = CARTESIAN_POINT ( 'NONE',  ( -133.3568342694779290, 1.000000000000000000, 9.271286723260836027 ) ) ;
#1006 = VECTOR ( 'NONE', #569, 1000.000000000000000 ) ;
#1007 = VECTOR ( 'NONE', #3612, 999.9999999999998863 ) ;
#1008 = VERTEX_POINT ( 'NONE', #559 ) ;
#1009 = CARTESIAN_POINT ( 'NONE',  ( -293.2676002059586153, 0.000000000000000000, 1.330312713632910704 ) ) ;
#1010 = CARTESIAN_POINT ( 'NONE',  ( -251.2599553335748226, 0.000000000000000000, 7.469793838170824429 ) ) ;
#1011 = VECTOR ( 'NONE', #135, 1000.000000000000000 ) ;
#1012 = VECTOR ( 'NONE', #3659, 1000.000000000000000 ) ;
#1013 = AXIS2_PLACEMENT_3D ( 'NONE', #3707, #133, #800 ) ;
#1014 = PLANE ( 'NONE',  #2820 ) ;
#1015 = EDGE_LOOP ( 'NONE', ( #3046, #2787, #1946, #2408 ) ) ;
#1016 = ORIENTED_EDGE ( 'NONE', *, *, #1092, .F. ) ;
#1017 = DIRECTION ( 'NONE',  ( 0.000000000000000000, -1.000000000000000000, 0.000000000000000000 ) ) ;
#1018 = LINE ( 'NONE', #2312, #217 ) ;
#1019 = DIRECTION ( 'NONE',  ( 0.000000000000000000, 0.000000000000000000, 1.000000000000000000 ) ) ;
#1020 = CARTESIAN_POINT ( 'NONE',  ( -150.2687402496401603, 0.000000000000000000, 9.575102033794735235 ) ) ;
#1021 = VERTEX_POINT ( 'NONE', #2543 ) ;
#1022 = DIRECTION ( 'NONE',  ( -0.000000000000000000, -1.000000000000000000, -0.000000000000000000 ) ) ;
#1023 = ADVANCED_FACE ( 'NONE', ( #1855 ), #2508, .F. ) ;
#1024 = CARTESIAN_POINT ( 'NONE',  ( -239.3137671339630970, 5.000000000000000000, 8.014685640739044103 ) ) ;
#1025 = ADVANCED_FACE ( 'NONE', ( #4158 ), #594, .T. ) ;
#1026 = CARTESIAN_POINT ( 'NONE',  ( -234.1349916251236039, 0.000000000000000000, 13.48176798132416288 ) ) ;
#1027 = LINE ( 'NONE', #1937, #3381 ) ;
#1028 =( NAMED_UNIT ( * ) SI_UNIT ( $, .STERADIAN. ) SOLID_ANGLE_UNIT ( ) );
#1029 = VERTEX_POINT ( 'NONE', #1598 ) ;
#1030 = ADVANCED_FACE ( 'NONE', ( #3205 ), #3504, .T. ) ;
#1031 = CARTESIAN_POINT ( 'NONE',  ( -275.1101811045253953, 100.0000000000000000, 6.552289714360634676 ) ) ;
#1032 = ORIENTED_EDGE ( 'NONE', *, *, #3457, .F. ) ;
#1033 = CARTESIAN_POINT ( 'NONE',  ( -117.5918750502080599, 1.000000000000000000, 111.7487140873153777 ) ) ;
#1034 = ORIENTED_EDGE ( 'NONE', *, *, #2386, .T. ) ;
#1035 = VERTEX_POINT ( 'NONE', #889 ) ;
#1036 = LINE ( 'NONE', #1054, #3759 ) ;
#1037 = DIRECTION ( 'NONE',  ( -0.000000000000000000, -1.000000000000000000, -0.000000000000000000 ) ) ;
#1038 = CARTESIAN_POINT ( 'NONE',  ( -242.9866521706235858, 1.000000000000000000, 11.23979997107313977 ) ) ;
#1039 = CARTESIAN_POINT ( 'NONE',  ( -112.6701787603263796, 5.000000000000000000, 10.68830060044215280 ) ) ;
#1040 = EDGE_LOOP ( 'NONE', ( #2865, #2431, #653, #3943 ) ) ;
#1041 = CARTESIAN_POINT ( 'NONE',  ( -245.1889152049320160, 1.000000000000000000, 7.761057744470623021 ) ) ;
#1042 = CARTESIAN_POINT ( 'NONE',  ( -250.7667120139427368, 5.000000000000000000, 10.33830807117639772 ) ) ;
#1043 = DIRECTION ( 'NONE',  ( 0.2442954651673956701, 0.000000000000000000, -0.9697008434041117786 ) ) ;
#1044 = CARTESIAN_POINT ( 'NONE',  ( -189.6589965400671360, 1.000000000000000000, 21.20492558273729600 ) ) ;
#1045 = EDGE_CURVE ( 'NONE', #1035, #3429, #1919, .T. ) ;
#1046 = CARTESIAN_POINT ( 'NONE',  ( -165.8768504515875577, 1.000000000000000000, 24.32901168262018743 ) ) ;
#1047 = ORIENTED_EDGE ( 'NONE', *, *, #2492, .F. ) ;
#1048 = FACE_BOUND ( 'NONE', #3387, .T. ) ;
#1049 = LINE ( 'NONE', #1393, #226 ) ;
#1050 = CARTESIAN_POINT ( 'NONE',  ( -92.50000000000000000, 0.000000000000000000, 16.74722354252675771 ) ) ;
#1051 = EDGE_CURVE ( 'NONE', #1357, #1718, #971, .T. ) ;
#1052 = EDGE_LOOP ( 'NONE', ( #3447, #2617, #1884 ) ) ;
#1053 = VERTEX_POINT ( 'NONE', #1839 ) ;
#1054 = CARTESIAN_POINT ( 'NONE',  ( -165.5945624024670053, 5.000000000000000000, 9.630070904658040831 ) ) ;
#1055 = VERTEX_POINT ( 'NONE', #3124 ) ;
#1056 = CARTESIAN_POINT ( 'NONE',  ( -132.0558163129703644, 0.000000000000000000, 26.96303150527401016 ) ) ;
#1057 = CARTESIAN_POINT ( 'NONE',  ( -214.2677894798102614, 1.000000000000000000, 8.856444827647957041 ) ) ;
#1058 = CARTESIAN_POINT ( 'NONE',  ( -300.0000000000000000, 100.0000000000000000, 0.000000000000000000 ) ) ;
#1059 = CARTESIAN_POINT ( 'NONE',  ( -264.2871590456990702, 2.602085213965210642E-15, 7.064132261342629171 ) ) ;
#1060 = CARTESIAN_POINT ( 'NONE',  ( -182.5311669243129700, 5.000000000000000000, 22.27432893335513953 ) ) ;
#1061 = DIRECTION ( 'NONE',  ( -0.02646596929541218668, 0.000000000000000000, -0.9996497148847962588 ) ) ;
#1062 = VECTOR ( 'NONE', #817, 1000.000000000000000 ) ;
#1063 = CARTESIAN_POINT ( 'NONE',  ( -290.3163669967450460, 100.0000000000000000, 0.8276152839412153073 ) ) ;
#1064 = ORIENTED_EDGE ( 'NONE', *, *, #742, .F. ) ;
#1065 = CIRCLE ( 'NONE', #3437, 0.5999999999999998668 ) ;
#1066 = CARTESIAN_POINT ( 'NONE',  ( -150.8175075915366392, 0.000000000000000000, 9.580563507124461253 ) ) ;
#1067 = CIRCLE ( 'NONE', #344, 0.6000000000000224043 ) ;
#1068 = PRODUCT_DEFINITION_SHAPE ( 'NONE', 'NONE',  #1714 ) ;
#1069 = VECTOR ( 'NONE', #3395, 1000.000000000000000 ) ;
#1070 = VERTEX_POINT ( 'NONE', #2864 ) ;
#1071 = EDGE_CURVE ( 'NONE', #3938, #139, #4022, .T. ) ;
#1072 = ORIENTED_EDGE ( 'NONE', *, *, #2538, .T. ) ;
#1073 = AXIS2_PLACEMENT_3D ( 'NONE', #1764, #858, #3131 ) ;
#1074 = VECTOR ( 'NONE', #4114, 1000.000000000000000 ) ;
#1075 = ORIENTED_EDGE ( 'NONE', *, *, #2435, .F. ) ;
#1076 = EDGE_CURVE ( 'NONE', #2736, #3669, #1635, .T. ) ;
#1077 = ORIENTED_EDGE ( 'NONE', *, *, #3775, .T. ) ;
#1078 = VECTOR ( 'NONE', #1528, 1000.000000000000000 ) ;
#1079 = ORIENTED_EDGE ( 'NONE', *, *, #2831, .F. ) ;
#1080 = CARTESIAN_POINT ( 'NONE',  ( -133.7537577297727012, 1.000000000000000000, 26.88888592144400747 ) ) ;
#1081 = EDGE_CURVE ( 'NONE', #3082, #34, #2889, .T. ) ;
#1082 = CARTESIAN_POINT ( 'NONE',  ( 0.5721654584183536452, 0.000000000000000000, 21.27501398164558211 ) ) ;
#1083 = CARTESIAN_POINT ( 'NONE',  ( -113.3033073901014376, 1.694065894508600678E-18, 7.716868825675743615 ) ) ;
#1084 = CARTESIAN_POINT ( 'NONE',  ( -196.2623373852639475, 1.000000000000000000, 9.276573451499476874 ) ) ;
#1085 = ORIENTED_EDGE ( 'NONE', *, *, #1857, .T. ) ;
#1086 = DIRECTION ( 'NONE',  ( 0.000000000000000000, -1.000000000000000000, 0.000000000000000000 ) ) ;
#1087 = DIRECTION ( 'NONE',  ( 0.6965575549846625414, 0.000000000000000000, 0.7175009216675535262 ) ) ;
#1088 = CARTESIAN_POINT ( 'NONE',  ( -287.8070055318488016, 0.000000000000000000, 3.847726477039149717 ) ) ;
#1089 = CARTESIAN_POINT ( 'NONE',  ( -265.7189512413809211, 0.000000000000000000, 5.831332410556393064 ) ) ;
#1090 = ORIENTED_EDGE ( 'NONE', *, *, #58, .F. ) ;
#1091 = EDGE_CURVE ( 'NONE', #1223, #2501, #2652, .T. ) ;
#1092 = EDGE_CURVE ( 'NONE', #2640, #311, #3601, .T. ) ;
#1093 = CARTESIAN_POINT ( 'NONE',  ( -195.2076164545312622, 5.000000000000000000, 9.296761794846000626 ) ) ;
#1094 = ORIENTED_EDGE ( 'NONE', *, *, #1305, .F. ) ;
#1095 = ORIENTED_EDGE ( 'NONE', *, *, #3066, .T. ) ;
#1096 = EDGE_CURVE ( 'NONE', #2662, #355, #1719, .T. ) ;
#1097 = VERTEX_POINT ( 'NONE', #2608 ) ;
#1098 = VERTEX_POINT ( 'NONE', #1938 ) ;
#1099 = ORIENTED_EDGE ( 'NONE', *, *, #525, .F. ) ;
#1100 = CARTESIAN_POINT ( 'NONE',  ( -113.0233135672802547, 0.000000000000000000, 27.31498970425841932 ) ) ;
#1101 = ORIENTED_EDGE ( 'NONE', *, *, #2928, .F. ) ;
#1102 = CARTESIAN_POINT ( 'NONE',  ( -133.3568342694779290, 0.000000000000000000, 9.271286723260836027 ) ) ;
#1103 = CARTESIAN_POINT ( 'NONE',  ( -192.5000000000002274, 5.000000000000000000, 15.15093237103806700 ) ) ;
#1104 = CARTESIAN_POINT ( 'NONE',  ( -249.9927156344106436, 0.000000000000000000, 9.661944585543238873 ) ) ;
#1105 = EDGE_CURVE ( 'NONE', #1261, #1629, #3024, .T. ) ;
#1106 = CARTESIAN_POINT ( 'NONE',  ( -237.8803495755753659, 5.000000000000000000, 13.20663139703280642 ) ) ;
#1107 = CARTESIAN_POINT ( 'NONE',  ( -140.1163786704159406, 5.000000000000000000, 26.58487205923219676 ) ) ;
#1108 = DIRECTION ( 'NONE',  ( 0.000000000000000000, 1.000000000000000000, 0.000000000000000000 ) ) ;
#1109 = MANIFOLD_SOLID_BREP ( 'Boss-Extrude13', #621 ) ;
#1110 = CARTESIAN_POINT ( 'NONE',  ( -240.4624955004808839, 0.000000000000000000, 7.187158872640684315 ) ) ;
#1111 = ORIENTED_EDGE ( 'NONE', *, *, #2137, .F. ) ;
#1112 = FACE_OUTER_BOUND ( 'NONE', #2556, .T. ) ;
#1113 = CARTESIAN_POINT ( 'NONE',  ( -260.7629341024528458, 5.000000000000000000, 6.944829825261212619 ) ) ;
#1114 = ADVANCED_FACE ( 'NONE', ( #1705 ), #410, .T. ) ;
#1115 = ORIENTED_EDGE ( 'NONE', *, *, #3582, .F. ) ;
#1116 = B_SPLINE_CURVE_WITH_KNOTS ( 'NONE', 3,
 ( #2781, #4035, #588, #3460 ),
 .UNSPECIFIED., .F., .F.,
 ( 4, 4 ),
 ( 0.05948525451407501302, 0.06126988555130413044 ),
 .UNSPECIFIED. ) ;
#1117 = VERTEX_POINT ( 'NONE', #2125 ) ;
#1118 = VERTEX_POINT ( 'NONE', #3416 ) ;
#1119 = LINE ( 'NONE', #4086, #3837 ) ;
#1120 = VERTEX_POINT ( 'NONE', #2107 ) ;
#1121 = CARTESIAN_POINT ( 'NONE',  ( -101.3232182224362958, 1.000000000000000000, 24.01536559620939926 ) ) ;
#1122 = LINE ( 'NONE', #3113, #2555 ) ;
#1123 = CARTESIAN_POINT ( 'NONE',  ( -292.8379051518247138, 100.0000000000000000, 0.5759372686756060178 ) ) ;
#1124 = PLANE ( 'NONE',  #2232 ) ;
#1125 = ADVANCED_FACE ( 'NONE', ( #4053 ), #3761, .F. ) ;
#1126 = CARTESIAN_POINT ( 'NONE',  ( -290.1604015055182231, 100.0000000000000000, 1.637864100023814773 ) ) ;
#1127 = CARTESIAN_POINT ( 'NONE',  ( -133.4891725394467130, 0.000000000000000000, 26.94334252204056313 ) ) ;
#1128 = PLANE ( 'NONE',  #2225 ) ;
#1129 = CARTESIAN_POINT ( 'NONE',  ( -132.8079613817489815, 0.000000000000000000, 8.488640521341494605 ) ) ;
#1130 = ORIENTED_EDGE ( 'NONE', *, *, #3242, .T. ) ;
#1131 = CARTESIAN_POINT ( 'NONE',  ( -260.7043874911533976, 100.0000000000000000, 6.146900934099051916 ) ) ;
#1132 = AXIS2_PLACEMENT_3D ( 'NONE', #3920, #721, #393 ) ;
#1133 = LINE ( 'NONE', #3062, #2163 ) ;
#1134 = VERTEX_POINT ( 'NONE', #3479 ) ;
#1135 = ADVANCED_FACE ( 'NONE', ( #1149 ), #1467, .F. ) ;
#1136 = VERTEX_POINT ( 'NONE', #4031 ) ;
#1137 = CIRCLE ( 'NONE', #3299, 6.450000000000017941 ) ;
#1138 = VECTOR ( 'NONE', #3413, 1000.000000000000114 ) ;
#1139 = ORIENTED_EDGE ( 'NONE', *, *, #1637, .F. ) ;
#1140 = CARTESIAN_POINT ( 'NONE',  ( -100.1882357590222767, 5.000000000000000000, 10.35261402249422424 ) ) ;
#1141 = VECTOR ( 'NONE', #3177, 1000.000000000000000 ) ;
#1142 = ORIENTED_EDGE ( 'NONE', *, *, #789, .T. ) ;
#1143 = FACE_OUTER_BOUND ( 'NONE', #2196, .T. ) ;
#1144 = ORIENTED_EDGE ( 'NONE', *, *, #2263, .T. ) ;
#1145 = CARTESIAN_POINT ( 'NONE',  ( -114.4828442445582226, 5.000000000000000000, 27.32352736051250730 ) ) ;
#1146 = CARTESIAN_POINT ( 'NONE',  ( -279.6950825009786854, 0.000000000000000000, 1.796581939439624742 ) ) ;
#1147 = DIRECTION ( 'NONE',  ( 1.000000000000000000, 0.000000000000000000, 0.000000000000000000 ) ) ;
#1148 = VECTOR ( 'NONE', #2939, 1000.000000000000000 ) ;
#1149 = FACE_OUTER_BOUND ( 'NONE', #3427, .T. ) ;
#1150 = AXIS2_PLACEMENT_3D ( 'NONE', #600, #30, #2594 ) ;
#1151 = CARTESIAN_POINT ( 'NONE',  ( -176.7876453152389900, 5.000000000000000888, 23.01187967037942528 ) ) ;
#1152 = CARTESIAN_POINT ( 'NONE',  ( -297.6249865866503796, 100.0000000000000000, 0.7942685039368116984 ) ) ;
#1153 = EDGE_CURVE ( 'NONE', #121, #136, #219, .T. ) ;
#1154 = CARTESIAN_POINT ( 'NONE',  ( -150.8221721565745383, 100.0000000000000000, 8.847120223398674099 ) ) ;
#1155 = EDGE_LOOP ( 'NONE', ( #2493, #2912, #3831, #3609 ) ) ;
#1156 = CARTESIAN_POINT ( 'NONE',  ( -243.2383260985117488, 0.000000000000000000, 7.849673640020791154 ) ) ;
#1157 = CARTESIAN_POINT ( 'NONE',  ( -248.9140290614126059, 1.000000000000000000, 9.548997529721861000 ) ) ;
#1158 = ORIENTED_EDGE ( 'NONE', *, *, #2161, .T. ) ;
#1159 = ADVANCED_FACE ( 'NONE', ( #1172 ), #3724, .F. ) ;
#1160 = LINE ( 'NONE', #2450, #2561 ) ;
#1161 = ORIENTED_EDGE ( 'NONE', *, *, #3934, .F. ) ;
#1162 = EDGE_LOOP ( 'NONE', ( #1738, #3243, #2141, #4148, #1736, #1858, #1966, #3462, #989, #1794, #3797, #2406, #1487, #2934, #3879, #3348, #2451, #12, #3871, #1769, #79, #3318 ) ) ;
#1163 = EDGE_CURVE ( 'NONE', #1620, #1134, #176, .T. ) ;
#1164 = CARTESIAN_POINT ( 'NONE',  ( -215.1098825301625936, 1.000000000000000000, 8.550983271532198060 ) ) ;
#1165 = ORIENTED_EDGE ( 'NONE', *, *, #2482, .T. ) ;
#1166 = LINE ( 'NONE', #2455, #1062 ) ;
#1167 = ORIENTED_EDGE ( 'NONE', *, *, #2827, .F. ) ;
#1168 = LINE ( 'NONE', #98, #1959 ) ;
#1169 = CARTESIAN_POINT ( 'NONE',  ( -268.4179018087319832, 100.0000000000000000, 2.647210225857725252 ) ) ;
#1170 = B_SPLINE_CURVE_WITH_KNOTS ( 'NONE', 3,
 ( #1962, #3599, #672, #635, #1918, #1302, #2587 ),
 .UNSPECIFIED., .F., .F.,
 ( 4, 1, 1, 1, 4 ),
 ( 0.1730835121501688445, 0.1743140018632465815, 0.1839856049517673564, 0.1888214064960277438, 0.1936572080402881313 ),
 .UNSPECIFIED. ) ;
#1171 = CARTESIAN_POINT ( 'NONE',  ( -133.3568342694779290, 1.000000000000000000, 9.271286723260836027 ) ) ;
#1172 = FACE_OUTER_BOUND ( 'NONE', #2855, .T. ) ;
#1173 = DIRECTION ( 'NONE',  ( -0.01073934591757915065, 0.000000000000000000, -0.9999423315618068964 ) ) ;
#1174 = DIRECTION ( 'NONE',  ( 0.000000000000000000, 1.000000000000000000, -0.000000000000000000 ) ) ;
#1175 = CARTESIAN_POINT ( 'NONE',  ( -260.8576000460947171, 5.000000000000000888, 7.086686038695702905 ) ) ;
#1176 = CARTESIAN_POINT ( 'NONE',  ( -133.9566291355076828, 0.000000000000000000, 9.286974893465002268 ) ) ;
#1177 = CARTESIAN_POINT ( 'NONE',  ( -249.9927156344106436, 0.000000000000000000, 9.661944585543238873 ) ) ;
#1178 = EDGE_CURVE ( 'NONE', #4024, #3063, #1921, .T. ) ;
#1179 = DIRECTION ( 'NONE',  ( 0.000000000000000000, 1.000000000000000000, -0.000000000000000000 ) ) ;
#1180 = EDGE_LOOP ( 'NONE', ( #2134, #3833, #3232, #2011 ) ) ;
#1181 = DIRECTION ( 'NONE',  ( -0.6888675014067960900, 0.000000000000000000, -0.7248872777925943200 ) ) ;
#1182 = EDGE_LOOP ( 'NONE', ( #356, #787, #1911, #1251, #2899, #4085 ) ) ;
#1183 = EDGE_CURVE ( 'NONE', #2101, #3543, #1368, .T. ) ;
#1184 = LINE ( 'NONE', #3409, #2031 ) ;
#1185 = VERTEX_POINT ( 'NONE', #3117 ) ;
#1186 = DIRECTION ( 'NONE',  ( 0.000000000000000000, 1.000000000000000000, -0.000000000000000000 ) ) ;
#1187 = ORIENTED_EDGE ( 'NONE', *, *, #3016, .T. ) ;
#1188 = CARTESIAN_POINT ( 'NONE',  ( 0.2273156052836214358, 0.000000000000000000, 8.452349944409252913 ) ) ;
#1189 = LINE ( 'NONE', #513, #2696 ) ;
#1190 = CARTESIAN_POINT ( 'NONE',  ( -245.9763311651078368, 1.000000000000000000, 7.394631787964685010 ) ) ;
#1191 = CARTESIAN_POINT ( 'NONE',  ( -265.5219321219681774, 0.000000000000000000, 2.837808823443983997 ) ) ;
#1192 = CARTESIAN_POINT ( 'NONE',  ( -192.5000000000002274, 5.000000000000000000, 15.15093237103806700 ) ) ;
#1193 = CARTESIAN_POINT ( 'NONE',  ( -255.1533325528123157, 1.000000000000000000, 8.458931763721837527 ) ) ;
#1194 = CARTESIAN_POINT ( 'NONE',  ( -247.4112030334045471, 5.000000000000000000, 10.26930581630611883 ) ) ;
#1195 = CARTESIAN_POINT ( 'NONE',  ( -123.3344552962528411, 0.000000000000000000, 8.966871577101750646 ) ) ;
#1196 = DIRECTION ( 'NONE',  ( 0.000000000000000000, 0.000000000000000000, -1.000000000000000000 ) ) ;
#1197 = ORIENTED_EDGE ( 'NONE', *, *, #1849, .T. ) ;
#1198 = CARTESIAN_POINT ( 'NONE',  ( -196.6081031911394916, 0.000000000000000000, 20.12345569134049938 ) ) ;
#1199 = ORIENTED_EDGE ( 'NONE', *, *, #542, .F. ) ;
#1200 = AXIS2_PLACEMENT_3D ( 'NONE', #2008, #2090, #31 ) ;
#1201 = ORIENTED_EDGE ( 'NONE', *, *, #1369, .T. ) ;
#1202 = EDGE_CURVE ( 'NONE', #1035, #505, #243, .T. ) ;
#1203 = EDGE_CURVE ( 'NONE', #2765, #213, #1807, .T. ) ;
#1204 = PLANE ( 'NONE',  #2365 ) ;
#1205 = EDGE_CURVE ( 'NONE', #2610, #3450, #2415, .T. ) ;
#1206 = CARTESIAN_POINT ( 'NONE',  ( -233.3691239180192269, 0.000000000000000000, 13.30576630808076644 ) ) ;
#1207 = AXIS2_PLACEMENT_3D ( 'NONE', #1703, #2048, #1087 ) ;
#1208 = FACE_OUTER_BOUND ( 'NONE', #3341, .T. ) ;
#1209 = CARTESIAN_POINT ( 'NONE',  ( 0.5936727027209567353, 5.000000000000000000, 22.07472482841617634 ) ) ;
#1210 = AXIS2_PLACEMENT_3D ( 'NONE', #1923, #1544, #2850 ) ;
#1211 = CIRCLE ( 'NONE', #1753, 0.5999999999999998668 ) ;
#1212 = EDGE_CURVE ( 'NONE', #1954, #3550, #814, .T. ) ;
#1213 = CARTESIAN_POINT ( 'NONE',  ( -292.2254576542372888, 100.0000000000000000, 1.434434858989688255 ) ) ;
#1214 = CARTESIAN_POINT ( 'NONE',  ( -200.7801562716309149, 0.000000000000000000, 9.189021356540948204 ) ) ;
#1215 = VECTOR ( 'NONE', #4012, 1000.000000000000000 ) ;
#1216 = CARTESIAN_POINT ( 'NONE',  ( -257.2258798309413805, 4.999999999999999112, 7.965643754235381735 ) ) ;
#1217 = DIRECTION ( 'NONE',  ( 0.000000000000000000, 1.000000000000000000, -0.000000000000000000 ) ) ;
#1218 = AXIS2_PLACEMENT_3D ( 'NONE', #1050, #720, #74 ) ;
#1219 = CARTESIAN_POINT ( 'NONE',  ( -237.9153930459915784, 5.000000000000000000, 12.36233482739456591 ) ) ;
#1220 = DIRECTION ( 'NONE',  ( 0.000000000000000000, 0.000000000000000000, 1.000000000000000000 ) ) ;
#1221 = CARTESIAN_POINT ( 'NONE',  ( -221.4743955350028557, 1.000000000000000000, 15.70286237072436286 ) ) ;
#1222 = EDGE_CURVE ( 'NONE', #378, #3097, #964, .T. ) ;
#1223 = VERTEX_POINT ( 'NONE', #3397 ) ;
#1224 = EDGE_CURVE ( 'NONE', #3018, #3843, #514, .T. ) ;
#1225 = CARTESIAN_POINT ( 'NONE',  ( -202.2298024055844792, 0.000000000000000000, 19.20299057543544663 ) ) ;
#1226 = VERTEX_POINT ( 'NONE', #1590 ) ;
#1227 = CARTESIAN_POINT ( 'NONE',  ( -192.5000000000002274, 5.000000000000000000, 9.900932371038063451 ) ) ;
#1228 = LINE ( 'NONE', #2258, #336 ) ;
#1229 = ORIENTED_EDGE ( 'NONE', *, *, #2708, .T. ) ;
#1230 = FACE_BOUND ( 'NONE', #2532, .T. ) ;
#1231 = CARTESIAN_POINT ( 'NONE',  ( -133.9566291355076828, 1.000000000000000000, 9.286974893465002268 ) ) ;
#1232 = ORIENTED_EDGE ( 'NONE', *, *, #3888, .F. ) ;
#1233 = FACE_OUTER_BOUND ( 'NONE', #1382, .T. ) ;
#1234 = B_SPLINE_CURVE_WITH_KNOTS ( 'NONE', 3,
 ( #2761, #1537, #4039, #3501 ),
 .UNSPECIFIED., .F., .F.,
 ( 4, 4 ),
 ( 0.1402734871941803407, 0.1547458643171480686 ),
 .UNSPECIFIED. ) ;
#1235 = ORIENTED_EDGE ( 'NONE', *, *, #3875, .F. ) ;
#1236 = DIRECTION ( 'NONE',  ( -0.000000000000000000, -1.000000000000000000, -0.000000000000000000 ) ) ;
#1237 = CARTESIAN_POINT ( 'NONE',  ( 0.5721654584183536452, 1.000000000000000000, 21.27501398164558211 ) ) ;
#1238 = CARTESIAN_POINT ( 'NONE',  ( -214.8487434401671408, 1.000000000000000000, 9.406440094340904778 ) ) ;
#1239 = EDGE_CURVE ( 'NONE', #1008, #522, #1890, .T. ) ;
#1240 = CARTESIAN_POINT ( 'NONE',  ( -200.0784814544905714, 5.000000000000000000, 9.204691840947750947 ) ) ;
#1241 = CARTESIAN_POINT ( 'NONE',  ( -183.4885614684649511, -8.673617379884035472E-16, 9.495270346126966743 ) ) ;
#1242 = CARTESIAN_POINT ( 'NONE',  ( -258.0539321025585764, 1.000000000000000000, 7.428746023333428816 ) ) ;
#1243 = CARTESIAN_POINT ( 'NONE',  ( -257.3232957712205575, 0.000000000000000000, 7.145360438530664382 ) ) ;
#1244 = ORIENTED_EDGE ( 'NONE', *, *, #869, .T. ) ;
#1245 = EDGE_CURVE ( 'NONE', #1670, #893, #37, .T. ) ;
#1246 = ORIENTED_EDGE ( 'NONE', *, *, #3344, .T. ) ;
#1247 = CARTESIAN_POINT ( 'NONE',  ( -133.5305144212671280, 0.000000000000000000, 25.38181269809026119 ) ) ;
#1248 = DIRECTION ( 'NONE',  ( 0.000000000000000000, 0.000000000000000000, 1.000000000000000000 ) ) ;
#1249 = ORIENTED_EDGE ( 'NONE', *, *, #1967, .F. ) ;
#1250 = CARTESIAN_POINT ( 'NONE',  ( -290.1850476729546244, 0.000000000000000000, 2.279926096537435498 ) ) ;
#1251 = ORIENTED_EDGE ( 'NONE', *, *, #2118, .T. ) ;
#1252 = CARTESIAN_POINT ( 'NONE',  ( -165.6191970516856031, 0.000000000000000000, 22.75338312714269051 ) ) ;
#1253 = CARTESIAN_POINT ( 'NONE',  ( -148.9397601185797839, 1.000000000000000000, 25.94133847265605297 ) ) ;
#1254 = CARTESIAN_POINT ( 'NONE',  ( -192.5000000000002274, 5.000000000000000000, 15.15093237103806700 ) ) ;
#1255 = EDGE_CURVE ( 'NONE', #3874, #890, #3278, .T. ) ;
#1256 = DIRECTION ( 'NONE',  ( 0.000000000000000000, -1.000000000000000000, 0.000000000000000000 ) ) ;
#1257 = CARTESIAN_POINT ( 'NONE',  ( -238.2652901195033621, 5.000000000000000000, 8.067388918634684103 ) ) ;
#1258 = DIRECTION ( 'NONE',  ( 0.000000000000000000, 1.000000000000000000, -0.000000000000000000 ) ) ;
#1259 = CARTESIAN_POINT ( 'NONE',  ( -177.3825974074653118, 1.000000000000000000, 22.93421366780736292 ) ) ;
#1260 = CARTESIAN_POINT ( 'NONE',  ( -256.5013673900662639, 0.000000000000000000, 6.826566197170057748 ) ) ;
#1261 = VERTEX_POINT ( 'NONE', #644 ) ;
#1262 = CARTESIAN_POINT ( 'NONE',  ( -265.8557205421093386, 100.0000000000000000, 6.670256816194236826 ) ) ;
#1263 = DIRECTION ( 'NONE',  ( 0.000000000000000000, 0.000000000000000000, -1.000000000000000000 ) ) ;
#1264 = EDGE_CURVE ( 'NONE', #1357, #2280, #2898, .T. ) ;
#1265 = CARTESIAN_POINT ( 'NONE',  ( -150.2687402496401603, 1.000000000000000000, 9.575102033794735235 ) ) ;
#1266 = ORIENTED_EDGE ( 'NONE', *, *, #3268, .T. ) ;
#1267 = FACE_OUTER_BOUND ( 'NONE', #1040, .T. ) ;
#1268 = AXIS2_PLACEMENT_3D ( 'NONE', #695, #3848, #2272 ) ;
#1269 = ORIENTED_EDGE ( 'NONE', *, *, #2779, .F. ) ;
#1270 = VECTOR ( 'NONE', #2924, 1000.000000000000000 ) ;
#1271 = ADVANCED_FACE ( 'NONE', ( #2599 ), #4130, .T. ) ;
#1272 = CARTESIAN_POINT ( 'NONE',  ( -258.7028822036019164, 100.0000000000000000, -42.17616278367351867 ) ) ;
#1273 = CARTESIAN_POINT ( 'NONE',  ( -79.75313616526455007, 1.000000000000000000, -83.92329969436077874 ) ) ;
#1274 = DIRECTION ( 'NONE',  ( -0.009789702757199630206, 0.000000000000000000, 0.9999520797117857906 ) ) ;
#1275 = VECTOR ( 'NONE', #387, 1000.000000000000000 ) ;
#1276 = VECTOR ( 'NONE', #710, 1000.000000000000227 ) ;
#1277 = CARTESIAN_POINT ( 'NONE',  ( -266.5147033832301418, 100.0000000000000000, 5.740492526924503736 ) ) ;
#1278 = EDGE_CURVE ( 'NONE', #3856, #3591, #2839, .T. ) ;
#1279 = AXIS2_PLACEMENT_3D ( 'NONE', #941, #3196, #3801 ) ;
#1280 = DIRECTION ( 'NONE',  ( -0.000000000000000000, -1.000000000000000000, -0.000000000000000000 ) ) ;
#1281 = VECTOR ( 'NONE', #1108, 1000.000000000000000 ) ;
#1282 = LINE ( 'NONE', #2880, #1669 ) ;
#1283 = CARTESIAN_POINT ( 'NONE',  ( -128.1061509150808320, 1.694065894508600678E-18, 27.97564465478143347 ) ) ;
#1284 = PRODUCT_DEFINITION_FORMATION_WITH_SPECIFIED_SOURCE ( 'ANY', '', #1715, .NOT_KNOWN. ) ;
#1285 = VECTOR ( 'NONE', #3259, 1000.000000000000000 ) ;
#1286 = CARTESIAN_POINT ( 'NONE',  ( -268.3117575011437452, 100.0000000000000000, 8.318369645160963444 ) ) ;
#1287 = VERTEX_POINT ( 'NONE', #3880 ) ;
#1288 = ORIENTED_EDGE ( 'NONE', *, *, #241, .F. ) ;
#1289 = CARTESIAN_POINT ( 'NONE',  ( -249.0811794159124872, 1.000000000000000000, 9.870917714091515194 ) ) ;
#1290 = CARTESIAN_POINT ( 'NONE',  ( -229.3582028334795950, 1.000000000000000000, 8.390528732527807065 ) ) ;
#1291 = ORIENTED_EDGE ( 'NONE', *, *, #1330, .F. ) ;
#1292 = EDGE_CURVE ( 'NONE', #1694, #522, #11, .T. ) ;
#1293 = VERTEX_POINT ( 'NONE', #1910 ) ;
#1294 = ORIENTED_EDGE ( 'NONE', *, *, #2675, .F. ) ;
#1295 = DIRECTION ( 'NONE',  ( 0.000000000000000000, -1.000000000000000000, 0.000000000000000000 ) ) ;
#1296 = CARTESIAN_POINT ( 'NONE',  ( -205.0368338599284925, 1.000000000000000000, 18.71868351722831036 ) ) ;
#1297 = CARTESIAN_POINT ( 'NONE',  ( -165.5945624024669769, 1.000000000000000000, 9.630070904658040831 ) ) ;
#1298 = ADVANCED_FACE ( 'NONE', ( #979 ), #3551, .F. ) ;
#1299 = CARTESIAN_POINT ( 'NONE',  ( -241.8170280064097994, 1.000000000000000000, 11.49717890542821586 ) ) ;
#1300 = LINE ( 'NONE', #1613, #1609 ) ;
#1301 = CARTESIAN_POINT ( 'NONE',  ( -265.5219321219681774, 0.000000000000000000, 2.837808823443983997 ) ) ;
#1302 = CARTESIAN_POINT ( 'NONE',  ( -114.4828442445582226, 0.000000000000000000, 27.32352736051250730 ) ) ;
#1303 = DIRECTION ( 'NONE',  ( 0.000000000000000000, -1.000000000000000000, 0.000000000000000000 ) ) ;
#1304 = ORIENTED_EDGE ( 'NONE', *, *, #3228, .T. ) ;
#1305 = EDGE_CURVE ( 'NONE', #3620, #3361, #3535, .T. ) ;
#1306 = LINE ( 'NONE', #2592, #556 ) ;
#1307 = EDGE_LOOP ( 'NONE', ( #3750, #1423, #3899, #524 ) ) ;
#1308 = FACE_OUTER_BOUND ( 'NONE', #1182, .T. ) ;
#1309 = LINE ( 'NONE', #2283, #2545 ) ;
#1310 = ORIENTED_EDGE ( 'NONE', *, *, #3672, .T. ) ;
#1311 = ORIENTED_EDGE ( 'NONE', *, *, #108, .F. ) ;
#1312 = ORIENTED_EDGE ( 'NONE', *, *, #175, .T. ) ;
#1313 = CARTESIAN_POINT ( 'NONE',  ( -267.5579742966421577, 100.0000000000000000, 3.504036228200401393 ) ) ;
#1314 = DIRECTION ( 'NONE',  ( 0.02688405537825821687, 0.000000000000000000, 0.9996385584632171417 ) ) ;
#1315 = CARTESIAN_POINT ( 'NONE',  ( -176.7826261596378572, 1.000000000000000000, 22.94008748946168907 ) ) ;
#1316 = VERTEX_POINT ( 'NONE', #298 ) ;
#1317 = CARTESIAN_POINT ( 'NONE',  ( -246.4728400834094373, 1.000000000000000000, 7.702060724461131436 ) ) ;
#1318 = CARTESIAN_POINT ( 'NONE',  ( -192.5000000000002274, 5.000000000000000000, 15.15093237103806700 ) ) ;
#1319 = CARTESIAN_POINT ( 'NONE',  ( -290.3163669967450460, 0.000000000000000000, 0.8276152839412153073 ) ) ;
#1320 = CARTESIAN_POINT ( 'NONE',  ( -113.8284090580018244, 1.694065894508600678E-18, 28.12009005535458073 ) ) ;
#1321 = DIRECTION ( 'NONE',  ( 0.000000000000000000, -1.000000000000000000, 0.000000000000000000 ) ) ;
#1322 = CARTESIAN_POINT ( 'NONE',  ( -112.7508309264629105, 5.000000000000000000, 7.689384925052574538 ) ) ;
#1323 = ORIENTED_EDGE ( 'NONE', *, *, #1096, .T. ) ;
#1324 = CARTESIAN_POINT ( 'NONE',  ( -250.0344835163487573, 0.000000000000000000, 7.531840145332036052 ) ) ;
#1325 = ORIENTED_EDGE ( 'NONE', *, *, #3530, .F. ) ;
#1327 = PLANE ( 'NONE',  #1691 ) ;
#1326 = B_SPLINE_CURVE_WITH_KNOTS ( 'NONE', 3,
 ( #1958, #3219, #3823, #3245 ),
 .UNSPECIFIED., .F., .F.,
 ( 4, 4 ),
 ( 0.1806250874716048005, 0.1824142315312323459 ),
 .UNSPECIFIED. ) ;
#1328 = CARTESIAN_POINT ( 'NONE',  ( -266.5886069376114733, 0.000000000000000000, 9.579359346406523201 ) ) ;
#1329 = ORIENTED_EDGE ( 'NONE', *, *, #2570, .F. ) ;
#1330 = EDGE_CURVE ( 'NONE', #2792, #3894, #4112, .T. ) ;
#1331 = ORIENTED_EDGE ( 'NONE', *, *, #392, .T. ) ;
#1332 = VERTEX_POINT ( 'NONE', #1572 ) ;
#1333 = CARTESIAN_POINT ( 'NONE',  ( -195.6932033502584147, 1.000000000000000000, 9.287529719570885689 ) ) ;
#1334 = VECTOR ( 'NONE', #1354, 1000.000000000000000 ) ;
#1335 = CARTESIAN_POINT ( 'NONE',  ( -192.5000000000002274, 5.000000000000000000, 9.900932371038063451 ) ) ;
#1336 = CARTESIAN_POINT ( 'NONE',  ( -245.9763311651078368, 1.000000000000000000, 7.394631787964685010 ) ) ;
#1337 = AXIS2_PLACEMENT_3D ( 'NONE', #1273, #1950, #380 ) ;
#1338 = EDGE_CURVE ( 'NONE', #1503, #3084, #1868, .T. ) ;
#1339 = LINE ( 'NONE', #3574, #1285 ) ;
#1340 = CARTESIAN_POINT ( 'NONE',  ( -113.8284090695291866, 5.000000000000000000, 28.12009005537209205 ) ) ;
#1341 = FACE_OUTER_BOUND ( 'NONE', #2704, .T. ) ;
#1342 = VECTOR ( 'NONE', #2550, 1000.000000000000000 ) ;
#1343 = AXIS2_PLACEMENT_3D ( 'NONE', #981, #1650, #3519 ) ;
#1344 = FACE_OUTER_BOUND ( 'NONE', #1709, .T. ) ;
#1345 = AXIS2_PLACEMENT_3D ( 'NONE', #3656, #3903, #2956 ) ;
#1346 = VECTOR ( 'NONE', #2621, 1000.000000000000000 ) ;
#1347 = VERTEX_POINT ( 'NONE', #1252 ) ;
#1348 = CARTESIAN_POINT ( 'NONE',  ( -280.6338063822639128, 100.0000000000000000, 5.055185953166550838 ) ) ;
#1349 = VECTOR ( 'NONE', #1809, 1000.000000000000000 ) ;
#1350 = CARTESIAN_POINT ( 'NONE',  ( -206.1889985618809931, 0.000000000000000000, 18.51898914692129239 ) ) ;
#1351 = EDGE_LOOP ( 'NONE', ( #4018, #2028, #1760, #3785 ) ) ;
#1352 = PLANE ( 'NONE',  #288 ) ;
#1353 = VECTOR ( 'NONE', #1181, 1000.000000000000114 ) ;
#1354 = DIRECTION ( 'NONE',  ( 0.000000000000000000, -1.000000000000000000, 0.000000000000000000 ) ) ;
#1355 = ORIENTED_EDGE ( 'NONE', *, *, #1550, .F. ) ;
#1356 = ORIENTED_EDGE ( 'NONE', *, *, #3575, .F. ) ;
#1357 = VERTEX_POINT ( 'NONE', #2535 ) ;
#1358 = ADVANCED_FACE ( 'NONE', ( #1233 ), #2517, .F. ) ;
#1359 = LINE ( 'NONE', #104, #1410 ) ;
#1360 = LINE ( 'NONE', #1188, #3704 ) ;
#1361 = CARTESIAN_POINT ( 'NONE',  ( -149.2125205955665876, 1.000000000000000000, 25.91972275192635067 ) ) ;
#1362 = LINE ( 'NONE', #1039, #3043 ) ;
#1363 = EDGE_LOOP ( 'NONE', ( #2678, #3164, #2896, #3664, #976, #2070, #1776, #3858, #2534, #3358, #3544, #2096, #3654, #1197, #2936, #688, #3469, #3683, #1310, #3922, #32, #2126, #3980, #4126, #1266, #443, #2705, #2660, #3340, #1551, #1920, #892, #763, #2639, #2949, #1732 ) ) ;
#1364 = CARTESIAN_POINT ( 'NONE',  ( -246.0452802087559974, 1.000000000000000000, 7.721931809968729077 ) ) ;
#1365 = CARTESIAN_POINT ( 'NONE',  ( -221.9420323842126948, 1.000000000000000000, 15.04364239713811635 ) ) ;
#1366 = CARTESIAN_POINT ( 'NONE',  ( -266.3727187654359909, 0.000000000000000000, 3.583167371675653801 ) ) ;
#1367 = LINE ( 'NONE', #2925, #2830 ) ;
#1368 = B_SPLINE_CURVE_WITH_KNOTS ( 'NONE', 3,
 ( #2441, #1530, #1449, #2502, #3434 ),
 .UNSPECIFIED., .F., .F.,
 ( 4, 1, 4 ),
 ( 0.7162299328489493133, 0.7171398451842925237, 0.7190811060140825939 ),
 .UNSPECIFIED. ) ;
#1369 = EDGE_CURVE ( 'NONE', #1571, #3940, #2247, .T. ) ;
#1370 = CARTESIAN_POINT ( 'NONE',  ( -258.2947075240422805, 4.999999999999999112, 6.291768267488726529 ) ) ;
#1371 = VERTEX_POINT ( 'NONE', #3215 ) ;
#1372 = FACE_BOUND ( 'NONE', #2187, .T. ) ;
#1373 = CARTESIAN_POINT ( 'NONE',  ( -249.4446550546009860, 1.000000000000000000, 10.14769282396807171 ) ) ;
#1374 = ORIENTED_EDGE ( 'NONE', *, *, #2970, .T. ) ;
#1375 = FACE_OUTER_BOUND ( 'NONE', #1351, .T. ) ;
#1376 = EDGE_CURVE ( 'NONE', #883, #2722, #1570, .T. ) ;
#1377 = ORIENTED_EDGE ( 'NONE', *, *, #2717, .T. ) ;
#1378 = ORIENTED_EDGE ( 'NONE', *, *, #2154, .F. ) ;
#1379 = B_SPLINE_SURFACE_WITH_KNOTS ( 'NONE', 3, 1, ( 
 ( #2923, #1980 ),
 ( #1240, #2522 ),
 ( #2251, #925 ),
 ( #613, #4136 ),
 ( #1257, #339 ),
 ( #1897, #3847 ),
 ( #3183, #302 ),
 ( #1576, #2861 ),
 ( #2540, #948 ),
 ( #2234, #3522 ) ),
 .UNSPECIFIED., .F., .F., .F.,
 ( 4, 1, 1, 1, 1, 1, 1, 4 ),
 ( 2, 2 ),
 ( 0.8270910034538873079, 0.8494027461549507052, 0.8787945019262081159, 0.8934903798118367657, 0.9081862576974655266, 0.9228821355830941764, 0.9291378280682509594, 0.9294838303711507876 ),
 ( 0.000000000000000000, 1.000000000000000000 ),
 .UNSPECIFIED. ) ;
#1380 = VERTEX_POINT ( 'NONE', #332 ) ;
#1381 = CARTESIAN_POINT ( 'NONE',  ( -177.5652670732438878, 1.000000000000000000, 9.555192875396834040 ) ) ;
#1382 = EDGE_LOOP ( 'NONE', ( #3668, #835, #3390, #134 ) ) ;
#1383 = DIRECTION ( 'NONE',  ( 0.000000000000000000, -1.000000000000000000, 0.000000000000000000 ) ) ;
#1384 = CARTESIAN_POINT ( 'NONE',  ( -113.6756979680784383, 5.000000000000000000, 3.057168747125811770 ) ) ;
#1385 = CARTESIAN_POINT ( 'NONE',  ( -252.3024603288137655, 0.000000000000000000, 9.128780464228492875 ) ) ;
#1386 = CARTESIAN_POINT ( 'NONE',  ( -237.8803495755753659, 2.602085213965210642E-15, 13.20663139703280642 ) ) ;
#1387 = DIRECTION ( 'NONE',  ( -0.001877162694616514192, 0.000000000000000000, 0.9999982381285568156 ) ) ;
#1388 = CARTESIAN_POINT ( 'NONE',  ( -238.1831628237496830, 0.000000000000000000, 8.060598028344744037 ) ) ;
#1389 = EDGE_CURVE ( 'NONE', #3047, #2171, #1803, .T. ) ;
#1390 = CARTESIAN_POINT ( 'NONE',  ( -267.5579742966421577, 0.000000000000000000, 3.504036228200401393 ) ) ;
#1391 = ORIENTED_EDGE ( 'NONE', *, *, #1934, .F. ) ;
#1392 = CARTESIAN_POINT ( 'NONE',  ( -241.9987352196925201, 0.000000000000000000, 11.11804712261135819 ) ) ;
#1393 = CARTESIAN_POINT ( 'NONE',  ( -245.5551818403965001, 0.000000000000000000, 8.074803270971091962 ) ) ;
#1394 = EDGE_LOOP ( 'NONE', ( #4121, #2310, #1778, #1425 ) ) ;
#1395 = VERTEX_POINT ( 'NONE', #1100 ) ;
#1396 = ORIENTED_EDGE ( 'NONE', *, *, #2468, .F. ) ;
#1397 = ORIENTED_EDGE ( 'NONE', *, *, #3412, .F. ) ;
#1398 = ORIENTED_EDGE ( 'NONE', *, *, #904, .F. ) ;
#1399 = LINE ( 'NONE', #446, #3376 ) ;
#1400 = ORIENTED_EDGE ( 'NONE', *, *, #2591, .F. ) ;
#1401 = DIRECTION ( 'NONE',  ( 0.9996385584632171417, 0.000000000000000000, -0.02688405537825780053 ) ) ;
#1402 = CARTESIAN_POINT ( 'NONE',  ( -214.6448383202324521, 1.000000000000000000, 8.846172976376552199 ) ) ;
#1403 = CARTESIAN_POINT ( 'NONE',  ( -266.5886069376115870, 100.0000000000000000, 9.579359346406512543 ) ) ;
#1404 = EDGE_CURVE ( 'NONE', #4104, #942, #2060, .T. ) ;
#1405 = ORIENTED_EDGE ( 'NONE', *, *, #472, .F. ) ;
#1406 = EDGE_CURVE ( 'NONE', #440, #1287, #768, .T. ) ;
#1407 = CARTESIAN_POINT ( 'NONE',  ( -238.4814653430222222, 1.000000000000000000, 8.327360937715097222 ) ) ;
#1408 = CARTESIAN_POINT ( 'NONE',  ( -190.1008991201991307, -8.673617379884035472E-16, 21.13815334311997773 ) ) ;
#1409 = CARTESIAN_POINT ( 'NONE',  ( -260.8337779111442387, 5.000000000000000000, 6.940564282586051625 ) ) ;
#1410 = VECTOR ( 'NONE', #2348, 1000.000000000000114 ) ;
#1411 = CARTESIAN_POINT ( 'NONE',  ( -238.0919488385745524, 0.000000000000000000, 12.30828507574932118 ) ) ;
#1412 = EDGE_CURVE ( 'NONE', #3861, #461, #1399, .T. ) ;
#1413 = VERTEX_POINT ( 'NONE', #3986 ) ;
#1414 = CARTESIAN_POINT ( 'NONE',  ( 0.000000000000000000, 0.000000000000000000, 0.000000000000000000 ) ) ;
#1415 = VECTOR ( 'NONE', #1881, 1000.000000000000000 ) ;
#1416 = VECTOR ( 'NONE', #465, 1000.000000000000000 ) ;
#1417 = ORIENTED_EDGE ( 'NONE', *, *, #3033, .F. ) ;
#1418 = ORIENTED_EDGE ( 'NONE', *, *, #1637, .T. ) ;
#1419 = AXIS2_PLACEMENT_3D ( 'NONE', #1192, #318, #2249 ) ;
#1420 = ORIENTED_EDGE ( 'NONE', *, *, #3542, .T. ) ;
#1421 = ORIENTED_EDGE ( 'NONE', *, *, #2751, .T. ) ;
#1422 = VECTOR ( 'NONE', #349, 1000.000000000000000 ) ;
#1423 = ORIENTED_EDGE ( 'NONE', *, *, #1369, .F. ) ;
#1424 = CARTESIAN_POINT ( 'NONE',  ( -88.50175343312920972, 1.000000000000000000, -93.12936812232612738 ) ) ;
#1425 = ORIENTED_EDGE ( 'NONE', *, *, #2669, .T. ) ;
#1426 = CARTESIAN_POINT ( 'NONE',  ( -148.7881936969120034, 1.000000000000000000, 9.559548402074911522 ) ) ;
#1427 = CARTESIAN_POINT ( 'NONE',  ( -205.5137186611161724, 0.000000000000000000, 18.06825196386212795 ) ) ;
#1428 = CARTESIAN_POINT ( 'NONE',  ( -287.8070055318488016, 0.000000000000000000, 3.847726477039149717 ) ) ;
#1429 = CARTESIAN_POINT ( 'NONE',  ( -119.0667696627177463, 2.602085213965210642E-15, 28.12804715761673791 ) ) ;
#1430 = EDGE_CURVE ( 'NONE', #770, #3283, #1668, .T. ) ;
#1431 = FACE_OUTER_BOUND ( 'NONE', #1155, .T. ) ;
#1432 = FACE_OUTER_BOUND ( 'NONE', #4122, .T. ) ;
#1433 = B_SPLINE_CURVE_WITH_KNOTS ( 'NONE', 3,
 ( #754, #2062, #1402, #1057 ),
 .UNSPECIFIED., .F., .F.,
 ( 4, 4 ),
 ( 0.7819878753552880202, 0.7837281381883651754 ),
 .UNSPECIFIED. ) ;
#1434 = DIRECTION ( 'NONE',  ( -0.000000000000000000, -1.000000000000000000, -0.000000000000000000 ) ) ;
#1435 = ORIENTED_EDGE ( 'NONE', *, *, #2895, .T. ) ;
#1436 = DIRECTION ( 'NONE',  ( 0.7483691178079415751, 0.000000000000000000, 0.6632824914856138010 ) ) ;
#1437 = PLANE ( 'NONE',  #2962 ) ;
#1438 = ADVANCED_FACE ( 'NONE', ( #726 ), #1717, .T. ) ;
#1439 = ORIENTED_EDGE ( 'NONE', *, *, #3875, .T. ) ;
#1440 = EDGE_LOOP ( 'NONE', ( #475, #868, #1142, #676 ) ) ;
#1441 = ORIENTED_EDGE ( 'NONE', *, *, #476, .F. ) ;
#1442 = DIRECTION ( 'NONE',  ( -0.000000000000000000, -1.000000000000000000, -0.000000000000000000 ) ) ;
#1443 = ORIENTED_EDGE ( 'NONE', *, *, #2838, .F. ) ;
#1444 = DIRECTION ( 'NONE',  ( 0.02646596929541218668, 0.000000000000000000, 0.9996497148847962588 ) ) ;
#1445 = VERTEX_POINT ( 'NONE', #2981 ) ;
#1446 = CARTESIAN_POINT ( 'NONE',  ( -189.6260852338946847, 5.000000000000000000, 21.20989853768408295 ) ) ;
#1447 = CARTESIAN_POINT ( 'NONE',  ( -276.9279722789253810, 0.000000000000000000, 2.022114237912307821 ) ) ;
#1448 = CARTESIAN_POINT ( 'NONE',  ( -215.1098825301625936, 1.000000000000000000, 8.550983271532198060 ) ) ;
#1449 = CARTESIAN_POINT ( 'NONE',  ( -256.5467379475171015, 1.000000000000000000, 7.189067749634531879 ) ) ;
#1450 = CARTESIAN_POINT ( 'NONE',  ( -190.1008991201991307, 5.000000000000000000, 21.13815334311997773 ) ) ;
#1451 = LINE ( 'NONE', #3644, #2627 ) ;
#1452 = CARTESIAN_POINT ( 'NONE',  ( -222.8468073653594104, 0.000000000000000000, 7.840947217310170636 ) ) ;
#1453 = VERTEX_POINT ( 'NONE', #3569 ) ;
#1454 = FACE_OUTER_BOUND ( 'NONE', #1780, .T. ) ;
#1455 = CARTESIAN_POINT ( 'NONE',  ( -228.5223920858092583, 0.000000000000000000, 8.699869433451771883 ) ) ;
#1456 = ORIENTED_EDGE ( 'NONE', *, *, #244, .T. ) ;
#1457 = ORIENTED_EDGE ( 'NONE', *, *, #204, .T. ) ;
#1458 = ORIENTED_EDGE ( 'NONE', *, *, #1569, .T. ) ;
#1459 = PLANE ( 'NONE',  #2220 ) ;
#1460 = VERTEX_POINT ( 'NONE', #3942 ) ;
#1461 = CARTESIAN_POINT ( 'NONE',  ( 0.000000000000000000, 100.0000000000000000, 0.000000000000000000 ) ) ;
#1462 = FACE_OUTER_BOUND ( 'NONE', #2103, .T. ) ;
#1463 = CARTESIAN_POINT ( 'NONE',  ( -222.6338829573033422, 4.999999999999999112, 15.47694244514927675 ) ) ;
#1464 = ADVANCED_FACE ( 'NONE', ( #1696 ), #2311, .T. ) ;
#1465 = DIRECTION ( 'NONE',  ( 0.8517100486541763216, 0.000000000000000000, -0.5240133519496432690 ) ) ;
#1466 = EDGE_CURVE ( 'NONE', #3547, #4047, #1359, .T. ) ;
#1467 = PLANE ( 'NONE',  #1886 ) ;
#1468 = FACE_OUTER_BOUND ( 'NONE', #168, .T. ) ;
#1469 = CARTESIAN_POINT ( 'NONE',  ( -234.5343301433778151, 5.000000000000000000, 13.06154869267452945 ) ) ;
#1470 = ADVANCED_FACE ( 'NONE', ( #2680 ), #2706, .T. ) ;
#1471 = CARTESIAN_POINT ( 'NONE',  ( -292.8379051515317428, 100.0000000000000000, 0.5759372687055264173 ) ) ;
#1472 = ORIENTED_EDGE ( 'NONE', *, *, #3698, .F. ) ;
#1473 = CARTESIAN_POINT ( 'NONE',  ( -233.3691239180192269, 0.000000000000000000, 13.30576630808076644 ) ) ;
#1474 = VECTOR ( 'NONE', #1258, 1000.000000000000000 ) ;
#1475 = FACE_BOUND ( 'NONE', #3491, .T. ) ;
#1476 = EDGE_CURVE ( 'NONE', #3650, #2051, #1036, .T. ) ;
#1477 = AXIS2_PLACEMENT_3D ( 'NONE', #3992, #111, #1387 ) ;
#1478 = VERTEX_POINT ( 'NONE', #2329 ) ;
#1479 = VERTEX_POINT ( 'NONE', #3610 ) ;
#1480 = AXIS2_PLACEMENT_3D ( 'NONE', #325, #2214, #2175 ) ;
#1481 = B_SPLINE_CURVE_WITH_KNOTS ( 'NONE', 3,
 ( #274, #3266, #3603, #1687, #698, #716 ),
 .UNSPECIFIED., .F., .F.,
 ( 4, 1, 1, 4 ),
 ( 0.03891155862395574011, 0.04061555485877392513, 0.04231955109358285366, 0.04416555291674030548 ),
 .UNSPECIFIED. ) ;
#1482 = EDGE_LOOP ( 'NONE', ( #1094, #1749, #3249 ) ) ;
#1483 = DIRECTION ( 'NONE',  ( 0.000000000000000000, -1.000000000000000000, 0.000000000000000000 ) ) ;
#1484 =( GEOMETRIC_REPRESENTATION_CONTEXT ( 3 ) GLOBAL_UNCERTAINTY_ASSIGNED_CONTEXT ( ( #1522 ) ) GLOBAL_UNIT_ASSIGNED_CONTEXT ( ( #1965, #435, #1028 ) ) REPRESENTATION_CONTEXT ( 'NONE', 'WORKASPACE' ) );
#1485 = VECTOR ( 'NONE', #1578, 1000.000000000000000 ) ;
#1486 = CARTESIAN_POINT ( 'NONE',  ( -247.4112030334045471, -8.673617379884035472E-16, 10.26930581630611883 ) ) ;
#1487 = ORIENTED_EDGE ( 'NONE', *, *, #593, .T. ) ;
#1488 = DIRECTION ( 'NONE',  ( 0.000000000000000000, -1.000000000000000000, 0.000000000000000000 ) ) ;
#1489 = CARTESIAN_POINT ( 'NONE',  ( -113.5068429449947445, 1.000000000000000000, 9.335759885576816686 ) ) ;
#1490 = AXIS2_PLACEMENT_3D ( 'NONE', #4001, #3109, #3126 ) ;
#1491 = ADVANCED_FACE ( 'NONE', ( #3633 ), #2012, .T. ) ;
#1492 =( GEOMETRIC_REPRESENTATION_CONTEXT ( 3 ) GLOBAL_UNCERTAINTY_ASSIGNED_CONTEXT ( ( #2353 ) ) GLOBAL_UNIT_ASSIGNED_CONTEXT ( ( #2458, #3150, #1549 ) ) REPRESENTATION_CONTEXT ( 'NONE', 'WORKASPACE' ) );
#1493 = CARTESIAN_POINT ( 'NONE',  ( -300.0000000000000000, 0.000000000000000000, 0.000000000000000000 ) ) ;
#1494 = AXIS2_PLACEMENT_3D ( 'NONE', #3717, #2181, #3755 ) ;
#1495 = VERTEX_POINT ( 'NONE', #1080 ) ;
#1496 = DIRECTION ( 'NONE',  ( -0.7248872777926377298, 0.000000000000000000, 0.6888675014067504598 ) ) ;
#1497 = CARTESIAN_POINT ( 'NONE',  ( -238.9591404494420601, 1.000000000000000000, 8.029226818736088234 ) ) ;
#1498 = FACE_OUTER_BOUND ( 'NONE', #1675, .T. ) ;
#1499 = DIRECTION ( 'NONE',  ( 0.000000000000000000, -1.000000000000000000, 0.000000000000000000 ) ) ;
#1500 = CARTESIAN_POINT ( 'NONE',  ( -135.8203959127808673, -8.673617379884035472E-16, 9.371846716018479739 ) ) ;
#1501 = CARTESIAN_POINT ( 'NONE',  ( -265.3338636067449556, 100.0000000000000000, 6.801727551363130786 ) ) ;
#1502 = EDGE_CURVE ( 'NONE', #1223, #1332, #464, .T. ) ;
#1503 = VERTEX_POINT ( 'NONE', #1976 ) ;
#1504 = VERTEX_POINT ( 'NONE', #3255 ) ;
#1505 = DIRECTION ( 'NONE',  ( 0.000000000000000000, 0.000000000000000000, 1.000000000000000000 ) ) ;
#1506 = EDGE_LOOP ( 'NONE', ( #4084, #2039 ) ) ;
#1507 = DIRECTION ( 'NONE',  ( 0.000000000000000000, 0.000000000000000000, -1.000000000000000000 ) ) ;
#1508 = ORIENTED_EDGE ( 'NONE', *, *, #1091, .T. ) ;
#1509 = CARTESIAN_POINT ( 'NONE',  ( -177.8654872192256846, 1.000000000000000000, 10.96926116992684541 ) ) ;
#1510 = CARTESIAN_POINT ( 'NONE',  ( -297.6853304519444805, 100.0000000000000000, 0.07763497804488378451 ) ) ;
#1511 = DIRECTION ( 'NONE',  ( 0.9996385584632171417, 0.000000000000000000, -0.02688405537825763400 ) ) ;
#1512 = DIRECTION ( 'NONE',  ( 0.000000000000000000, 0.000000000000000000, -1.000000000000000000 ) ) ;
#1513 = CARTESIAN_POINT ( 'NONE',  ( -257.9413285768853257, 1.000000000000000000, 7.794063393491531322 ) ) ;
#1514 = CARTESIAN_POINT ( 'NONE',  ( -238.1831628237496261, 1.000000000000000000, 8.060598028344662325 ) ) ;
#1515 = LINE ( 'NONE', #1630, #617 ) ;
#1516 = CARTESIAN_POINT ( 'NONE',  ( -123.0258495498963782, -8.673617379884035472E-16, 8.956862106542860857 ) ) ;
#1517 = CARTESIAN_POINT ( 'NONE',  ( -265.5219321219681774, 100.0000000000000000, 2.837808823443983997 ) ) ;
#1518 = ADVANCED_FACE ( 'NONE', ( #2935 ), #55, .T. ) ;
#1519 = ADVANCED_FACE ( 'NONE', ( #1143 ), #3630, .T. ) ;
#1520 = CARTESIAN_POINT ( 'NONE',  ( -222.2476336079042198, 1.000000000000000000, 15.55248303587773684 ) ) ;
#1521 = EDGE_LOOP ( 'NONE', ( #16, #3686, #3851, #2596, #2075, #2979, #3778, #664 ) ) ;
#1522 = UNCERTAINTY_MEASURE_WITH_UNIT (LENGTH_MEASURE( 1.000000000000000082E-05 ), #1965, 'distance_accuracy_value', 'NONE');
#1523 = ADVANCED_FACE ( 'NONE', ( #3411 ), #1822, .F. ) ;
#1524 = DIRECTION ( 'NONE',  ( 0.000000000000000000, 1.000000000000000000, -0.000000000000000000 ) ) ;
#1525 = LINE ( 'NONE', #1844, #1813 ) ;
#1526 = EDGE_LOOP ( 'NONE', ( #4054, #725, #3211, #777 ) ) ;
#1527 = DIRECTION ( 'NONE',  ( -0.1609050596807223288, 0.000000000000000000, 0.9869698889880801351 ) ) ;
#1528 = DIRECTION ( 'NONE',  ( -0.7483691178079394657, 0.000000000000000000, -0.6632824914856161325 ) ) ;
#1529 = ADVANCED_FACE ( 'NONE', ( #4087 ), #4025, .F. ) ;
#1530 = CARTESIAN_POINT ( 'NONE',  ( -257.1355074456760121, 1.000000000000000000, 7.155970931553765624 ) ) ;
#1531 = ORIENTED_EDGE ( 'NONE', *, *, #2527, .T. ) ;
#1532 = CARTESIAN_POINT ( 'NONE',  ( -214.8487434401671408, 1.000000000000000000, 9.406440094340904778 ) ) ;
#1533 = CARTESIAN_POINT ( 'NONE',  ( -285.2692632528747936, 100.0000000000000000, 4.587123813316574150 ) ) ;
#1534 = ADVANCED_FACE ( 'NONE', ( #3127, #2164 ), #4067, .T. ) ;
#1535 = EDGE_CURVE ( 'NONE', #1586, #158, #1525, .T. ) ;
#1536 = CARTESIAN_POINT ( 'NONE',  ( -132.7570495598756395, 0.000000000000000000, 9.255214942794401267 ) ) ;
#1537 = CARTESIAN_POINT ( 'NONE',  ( -159.3825578032041221, 0.000000000000000000, 25.03374713634602244 ) ) ;
#1538 = CARTESIAN_POINT ( 'NONE',  ( -215.3985949610693922, 1.000000000000000000, 8.825349530944908594 ) ) ;
#1539 = CARTESIAN_POINT ( 'NONE',  ( -222.6338829573166151, 1.000000000000000000, 15.47694244514668860 ) ) ;
#1540 = EDGE_LOOP ( 'NONE', ( #1458, #29, #2982, #1733, #3622, #1441, #3494, #1304 ) ) ;
#1541 = VERTEX_POINT ( 'NONE', #169 ) ;
#1542 = CARTESIAN_POINT ( 'NONE',  ( -178.1135318345519067, 0.000000000000000000, 9.549550606678973708 ) ) ;
#1543 = VECTOR ( 'NONE', #2785, 1000.000000000000114 ) ;
#1544 = DIRECTION ( 'NONE',  ( -0.5450534348753653946, 0.000000000000000000, 0.8384013079251283473 ) ) ;
#1545 = CARTESIAN_POINT ( 'NONE',  ( -165.8768504512486004, 0.000000000000000000, 24.32901168265784975 ) ) ;
#1546 = VECTOR ( 'NONE', #3862, 1000.000000000000000 ) ;
#1547 = ORIENTED_EDGE ( 'NONE', *, *, #3548, .T. ) ;
#1548 = FACE_BOUND ( 'NONE', #2770, .T. ) ;
#1549 =( NAMED_UNIT ( * ) SI_UNIT ( $, .STERADIAN. ) SOLID_ANGLE_UNIT ( ) );
#1550 = EDGE_CURVE ( 'NONE', #1029, #407, #509, .T. ) ;
#1551 = ORIENTED_EDGE ( 'NONE', *, *, #1105, .F. ) ;
#1552 = CARTESIAN_POINT ( 'NONE',  ( -293.2676002059585585, 100.0000000000000000, 1.330312713632799237 ) ) ;
#1553 = CARTESIAN_POINT ( 'NONE',  ( -205.0368338599284925, 1.000000000000000000, 18.71868351722831036 ) ) ;
#1554 = VECTOR ( 'NONE', #2672, 1000.000000000000114 ) ;
#1555 = CARTESIAN_POINT ( 'NONE',  ( -192.5000000000002274, 0.000000000000000000, 9.900932371038063451 ) ) ;
#1556 = LINE ( 'NONE', #1175, #1558 ) ;
#1557 = AXIS2_PLACEMENT_3D ( 'NONE', #2476, #4070, #584 ) ;
#1558 = VECTOR ( 'NONE', #947, 1000.000000000000000 ) ;
#1559 = ADVANCED_FACE ( 'NONE', ( #3738 ), #2771, .F. ) ;
#1560 = FACE_OUTER_BOUND ( 'NONE', #3517, .T. ) ;
#1561 = DIRECTION ( 'NONE',  ( -0.02688405537825821340, 0.000000000000000000, -0.9996385584632171417 ) ) ;
#1562 = CARTESIAN_POINT ( 'NONE',  ( -132.2895928815849516, 1.000000000000000000, 26.91158335888606601 ) ) ;
#1563 = ORIENTED_EDGE ( 'NONE', *, *, #1404, .F. ) ;
#1564 = ORIENTED_EDGE ( 'NONE', *, *, #2775, .F. ) ;
#1565 = DIRECTION ( 'NONE',  ( 0.000000000000000000, -1.000000000000000000, 0.000000000000000000 ) ) ;
#1566 = CARTESIAN_POINT ( 'NONE',  ( -165.8768504515875577, 1.000000000000000000, 24.32901168262018743 ) ) ;
#1567 = EDGE_LOOP ( 'NONE', ( #502, #2577, #2511, #230 ) ) ;
#1568 = FACE_BOUND ( 'NONE', #2837, .T. ) ;
#1569 = EDGE_CURVE ( 'NONE', #2978, #2436, #2727, .T. ) ;
#1570 = B_SPLINE_CURVE_WITH_KNOTS ( 'NONE', 3,
 ( #3277, #1381, #687, #751 ),
 .UNSPECIFIED., .F., .F.,
 ( 4, 4 ),
 ( 0.8389783376709880613, 0.8414804365167022349 ),
 .UNSPECIFIED. ) ;
#1571 = VERTEX_POINT ( 'NONE', #1121 ) ;
#1572 = CARTESIAN_POINT ( 'NONE',  ( -245.8316826817381866, 0.000000000000000000, 8.246007365118709131 ) ) ;
#1573 = CARTESIAN_POINT ( 'NONE',  ( -92.50000000000000000, 5.000000000000000000, 16.74722354252675771 ) ) ;
#1574 = LINE ( 'NONE', #4132, #2299 ) ;
#1575 = CARTESIAN_POINT ( 'NONE',  ( -228.8123469969262658, 1.000000000000000000, 8.975416434014451994 ) ) ;
#1576 = CARTESIAN_POINT ( 'NONE',  ( -259.4108628574793443, 5.000000000000000888, 7.026082581617285605 ) ) ;
#1577 = DIRECTION ( 'NONE',  ( -0.9996385584632124788, 0.000000000000000000, 0.02688405537843112370 ) ) ;
#1578 = DIRECTION ( 'NONE',  ( 0.000000000000000000, -1.000000000000000000, 0.000000000000000000 ) ) ;
#1579 = DIRECTION ( 'NONE',  ( -0.02688405537825821340, 0.000000000000000000, -0.9996385584632171417 ) ) ;
#1580 = VERTEX_POINT ( 'NONE', #2811 ) ;
#1581 = DIRECTION ( 'NONE',  ( -0.009789702757199630206, 0.000000000000000000, 0.9999520797117857906 ) ) ;
#1582 = ADVANCED_FACE ( 'NONE', ( #256 ), #872, .T. ) ;
#1583 = CARTESIAN_POINT ( 'NONE',  ( -248.6241925756567923, 1.000000000000000000, 9.975076703449706983 ) ) ;
#1584 = EDGE_CURVE ( 'NONE', #4000, #1666, #1166, .T. ) ;
#1585 = CARTESIAN_POINT ( 'NONE',  ( -244.4566044166802783, 0.000000000000000000, 10.91525776431358885 ) ) ;
#1586 = VERTEX_POINT ( 'NONE', #2121 ) ;
#1587 = CARTESIAN_POINT ( 'NONE',  ( -228.5223920858092583, 1.000000000000000000, 8.699869433451771883 ) ) ;
#1588 = VERTEX_POINT ( 'NONE', #3490 ) ;
#1589 = EDGE_CURVE ( 'NONE', #235, #1185, #3715, .T. ) ;
#1590 = CARTESIAN_POINT ( 'NONE',  ( -176.6678089166222207, 0.000000000000000000, 11.21228085551892661 ) ) ;
#1591 = ORIENTED_EDGE ( 'NONE', *, *, #3137, .F. ) ;
#1592 = CARTESIAN_POINT ( 'NONE',  ( 0.2058083609810148762, 0.000000000000000000, 7.652639097638684440 ) ) ;
#1593 = CARTESIAN_POINT ( 'NONE',  ( -248.4092376083339389, 0.000000000000000000, -62.58141432606363708 ) ) ;
#1594 = FACE_BOUND ( 'NONE', #3275, .T. ) ;
#1595 = CARTESIAN_POINT ( 'NONE',  ( -251.6901727453620481, 0.000000000000000000, 7.777896048597170875 ) ) ;
#1596 = DIRECTION ( 'NONE',  ( -0.6888675014067948688, 0.000000000000000000, -0.7248872777925954303 ) ) ;
#1597 = CARTESIAN_POINT ( 'NONE',  ( -255.5548677891178500, 1.000000000000000000, 7.243692533834496849 ) ) ;
#1598 = CARTESIAN_POINT ( 'NONE',  ( -111.8337132111002035, 1.000000000000000000, 11.46609414118741910 ) ) ;
#1599 = ORIENTED_EDGE ( 'NONE', *, *, #3876, .F. ) ;
#1600 = ORIENTED_EDGE ( 'NONE', *, *, #3883, .F. ) ;
#1601 = CARTESIAN_POINT ( 'NONE',  ( -249.5373576191908285, 1.000000000000000000, 9.766539627022931214 ) ) ;
#1602 = CARTESIAN_POINT ( 'NONE',  ( -112.8759871213101178, 5.000000000000000000, 3.035661502869943629 ) ) ;
#1603 = VECTOR ( 'NONE', #1862, 1000.000000000000114 ) ;
#1604 = VERTEX_POINT ( 'NONE', #2574 ) ;
#1605 = AXIS2_PLACEMENT_3D ( 'NONE', #2044, #3905, #3676 ) ;
#1606 = CARTESIAN_POINT ( 'NONE',  ( -285.8727052897817202, 100.0000000000000000, 2.045397586164800607 ) ) ;
#1607 = FACE_OUTER_BOUND ( 'NONE', #637, .T. ) ;
#1608 = CARTESIAN_POINT ( 'NONE',  ( -165.1945694306308212, 1.000000000000000000, 9.630992313254461479 ) ) ;
#1609 = VECTOR ( 'NONE', #1280, 1000.000000000000000 ) ;
#1610 = EDGE_CURVE ( 'NONE', #2640, #2918, #3190, .T. ) ;
#1611 = DIRECTION ( 'NONE',  ( 0.000000000000000000, -1.000000000000000000, 0.000000000000000000 ) ) ;
#1612 = VECTOR ( 'NONE', #1929, 1000.000000000000000 ) ;
#1613 = CARTESIAN_POINT ( 'NONE',  ( -265.7189512413806938, 5.000000000000000000, 5.831332410554418644 ) ) ;
#1614 = VECTOR ( 'NONE', #1174, 1000.000000000000000 ) ;
#1615 = CARTESIAN_POINT ( 'NONE',  ( -165.5945626566746967, 1.000000000000000000, 9.630199037178199362 ) ) ;
#1616 = DIRECTION ( 'NONE',  ( -0.000000000000000000, -1.000000000000000000, -0.000000000000000000 ) ) ;
#1617 = AXIS2_PLACEMENT_3D ( 'NONE', #2802, #2148, #2231 ) ;
#1618 = SURFACE_STYLE_USAGE ( .BOTH. , #343 ) ;
#1619 = ORIENTED_EDGE ( 'NONE', *, *, #1502, .F. ) ;
#1620 = VERTEX_POINT ( 'NONE', #3210 ) ;
#1621 = DIRECTION ( 'NONE',  ( -0.000000000000000000, -1.000000000000000000, -0.000000000000000000 ) ) ;
#1622 = CARTESIAN_POINT ( 'NONE',  ( -222.6338829573165299, 0.000000000000000000, 15.47694244514670103 ) ) ;
#1623 = ORIENTED_EDGE ( 'NONE', *, *, #2327, .T. ) ;
#1624 = ORIENTED_EDGE ( 'NONE', *, *, #1849, .F. ) ;
#1625 = EDGE_LOOP ( 'NONE', ( #1867, #2384, #3941, #2177 ) ) ;
#1626 = DIRECTION ( 'NONE',  ( 0.1609050596807223288, 0.000000000000000000, -0.9869698889880801351 ) ) ;
#1627 = CARTESIAN_POINT ( 'NONE',  ( -249.1849982830883050, 100.0000000000000000, -62.77685069814302210 ) ) ;
#1628 = DIRECTION ( 'NONE',  ( -0.8517100486541762105, 0.000000000000000000, 0.5240133519496433800 ) ) ;
#1629 = VERTEX_POINT ( 'NONE', #1566 ) ;
#1630 = CARTESIAN_POINT ( 'NONE',  ( -260.7043874911533976, 100.0000000000000000, 6.146900934099051916 ) ) ;
#1631 = DIRECTION ( 'NONE',  ( -0.000000000000000000, -1.000000000000000000, -0.000000000000000000 ) ) ;
#1632 = DIRECTION ( 'NONE',  ( 0.7248872777925956523, 0.000000000000000000, -0.6888675014067946467 ) ) ;
#1633 = DIRECTION ( 'NONE',  ( -0.02688405537825784911, 0.000000000000000000, -0.9996385584632171417 ) ) ;
#1634 = CARTESIAN_POINT ( 'NONE',  ( -133.3568342694779290, 1.000000000000000000, 9.271286723260836027 ) ) ;
#1635 = LINE ( 'NONE', #406, #2421 ) ;
#1636 = ORIENTED_EDGE ( 'NONE', *, *, #2546, .T. ) ;
#1637 = EDGE_CURVE ( 'NONE', #3327, #1136, #1228, .T. ) ;
#1638 = EDGE_CURVE ( 'NONE', #2277, #2597, #2243, .T. ) ;
#1639 = ADVANCED_FACE ( 'NONE', ( #935 ), #3855, .F. ) ;
#1640 = B_SPLINE_SURFACE_WITH_KNOTS ( 'NONE', 3, 1, ( 
 ( #2110, #2692 ),
 ( #498, #782 ),
 ( #4036, #3995 ),
 ( #1789, #2069 ),
 ( #2360, #1129 ),
 ( #1154, #3039 ),
 ( #3059, #3977 ),
 ( #3682, #3357 ),
 ( #456, #1452 ),
 ( #535, #1110 ),
 ( #3099, #3077 ),
 ( #474, #1768 ),
 ( #845, #2379 ),
 ( #2398, #1089 ) ),
 .UNSPECIFIED., .F., .F., .F.,
 ( 4, 1, 1, 1, 1, 1, 1, 1, 1, 1, 1, 4 ),
 ( 2, 2 ),
 ( 0.7011752054892406161, 0.7037511641538184426, 0.7114926295676233803, 0.7321002988842217896, 0.7527079682008201988, 0.7939233068340170174, 0.8351386454672137249, 0.8763539841004104325, 0.8969616534170088418, 0.9175693227336072511, 0.9324260961395594016, 0.9375780134687230483 ),
 ( 0.000000000000000000, 1.000000000000000000 ),
 .UNSPECIFIED. ) ;
#1641 = ORIENTED_EDGE ( 'NONE', *, *, #1202, .T. ) ;
#1642 = CARTESIAN_POINT ( 'NONE',  ( -292.2377533026771061, 100.0000000000000000, 1.650914772662632979 ) ) ;
#1643 = FACE_OUTER_BOUND ( 'NONE', #73, .T. ) ;
#1644 = ORIENTED_EDGE ( 'NONE', *, *, #292, .F. ) ;
#1645 = EDGE_CURVE ( 'NONE', #1588, #1223, #2005, .T. ) ;
#1646 = VERTEX_POINT ( 'NONE', #3799 ) ;
#1647 = ORIENTED_EDGE ( 'NONE', *, *, #844, .F. ) ;
#1648 = DIRECTION ( 'NONE',  ( -0.9996497148847961478, 0.000000000000000000, 0.02646596929541375487 ) ) ;
#1649 = EDGE_CURVE ( 'NONE', #1629, #2309, #2513, .T. ) ;
#1650 = DIRECTION ( 'NONE',  ( 0.000000000000000000, 1.000000000000000000, -0.000000000000000000 ) ) ;
#1651 = CARTESIAN_POINT ( 'NONE',  ( -251.2599553491614586, 5.000000000000000000, 7.469793837381666357 ) ) ;
#1652 = VERTEX_POINT ( 'NONE', #2551 ) ;
#1653 = LINE ( 'NONE', #2965, #3642 ) ;
#1654 = DIRECTION ( 'NONE',  ( -0.8517100486541762105, 0.000000000000000000, 0.5240133519496433800 ) ) ;
#1655 = LINE ( 'NONE', #1026, #1270 ) ;
#1656 = DIRECTION ( 'NONE',  ( -0.02688405537884543811, 0.000000000000000000, -0.9996385584632012655 ) ) ;
#1657 = EDGE_CURVE ( 'NONE', #1774, #3049, #3838, .T. ) ;
#1658 = DIRECTION ( 'NONE',  ( 0.000000000000000000, 0.000000000000000000, -1.000000000000000000 ) ) ;
#1659 = CARTESIAN_POINT ( 'NONE',  ( -165.3309846840535045, 1.000000000000000000, 24.38966433394676869 ) ) ;
#1660 = ORIENTED_EDGE ( 'NONE', *, *, #786, .T. ) ;
#1661 = CARTESIAN_POINT ( 'NONE',  ( -268.3117575011437452, 100.0000000000000000, 8.318369645160963444 ) ) ;
#1662 = CARTESIAN_POINT ( 'NONE',  ( -49.20153583356039206, 1.000000000000000000, -51.77420520022902650 ) ) ;
#1663 = ORIENTED_EDGE ( 'NONE', *, *, #2035, .F. ) ;
#1664 = LINE ( 'NONE', #2948, #3369 ) ;
#1665 = EDGE_LOOP ( 'NONE', ( #2205, #791, #3985, #3689 ) ) ;
#1666 = VERTEX_POINT ( 'NONE', #2496 ) ;
#1667 = ORIENTED_EDGE ( 'NONE', *, *, #1183, .F. ) ;
#1668 = LINE ( 'NONE', #124, #2092 ) ;
#1669 = VECTOR ( 'NONE', #303, 1000.000000000000000 ) ;
#1670 = VERTEX_POINT ( 'NONE', #329 ) ;
#1671 = DIRECTION ( 'NONE',  ( 0.000000000000000000, 0.000000000000000000, -1.000000000000000000 ) ) ;
#1672 = CARTESIAN_POINT ( 'NONE',  ( -164.3945647709204536, 1.000000000000000000, 9.632451632411738629 ) ) ;
#1673 = ADVANCED_FACE ( 'NONE', ( #2851 ), #2221, .F. ) ;
#1674 = LINE ( 'NONE', #2665, #1895 ) ;
#1675 = EDGE_LOOP ( 'NONE', ( #619, #2322, #4088, #2454 ) ) ;
#1676 = VECTOR ( 'NONE', #3094, 1000.000000000000000 ) ;
#1677 = CARTESIAN_POINT ( 'NONE',  ( -242.2073987125878318, 1.000000000000000000, 11.41156198422470602 ) ) ;
#1678 = DIRECTION ( 'NONE',  ( -0.000000000000000000, -1.000000000000000000, -0.000000000000000000 ) ) ;
#1679 = CARTESIAN_POINT ( 'NONE',  ( -182.5311669243129700, -8.673617379884035472E-16, 22.27432893335513953 ) ) ;
#1680 = VECTOR ( 'NONE', #1864, 1000.000000000000000 ) ;
#1681 = CARTESIAN_POINT ( 'NONE',  ( -293.2676002059585585, 0.000000000000000000, 1.330312713632799237 ) ) ;
#1682 = DIRECTION ( 'NONE',  ( 0.000000000000000000, 0.000000000000000000, -1.000000000000000000 ) ) ;
#1683 = EDGE_CURVE ( 'NONE', #123, #3322, #305, .T. ) ;
#1684 = VECTOR ( 'NONE', #197, 1000.000000000000000 ) ;
#1685 = VECTOR ( 'NONE', #2068, 999.9999999999998863 ) ;
#1686 = ORIENTED_EDGE ( 'NONE', *, *, #2848, .T. ) ;
#1687 = CARTESIAN_POINT ( 'NONE',  ( -262.6644455877006408, 5.000000000000000000, 7.467009704363701594 ) ) ;
#1688 = VECTOR ( 'NONE', #3120, 1000.000000000000000 ) ;
#1689 = ORIENTED_EDGE ( 'NONE', *, *, #1205, .F. ) ;
#1690 = CARTESIAN_POINT ( 'NONE',  ( -246.4728400808000117, 0.000000000000000000, 7.702060722845418539 ) ) ;
#1691 = AXIS2_PLACEMENT_3D ( 'NONE', #373, #50, #2613 ) ;
#1692 = CARTESIAN_POINT ( 'NONE',  ( 0.2273156052836214358, 5.000000000000000000, 8.452349944409252913 ) ) ;
#1693 = ORIENTED_EDGE ( 'NONE', *, *, #904, .T. ) ;
#1694 = VERTEX_POINT ( 'NONE', #1290 ) ;
#1695 = ORIENTED_EDGE ( 'NONE', *, *, #908, .T. ) ;
#1696 = FACE_OUTER_BOUND ( 'NONE', #2176, .T. ) ;
#1697 = EDGE_CURVE ( 'NONE', #1943, #2277, #102, .T. ) ;
#1698 = CARTESIAN_POINT ( 'NONE',  ( -215.3985949610693922, 5.000000000000000000, 8.825349530944908594 ) ) ;
#1699 = DIRECTION ( 'NONE',  ( 0.000000000000000000, 1.000000000000000000, -0.000000000000000000 ) ) ;
#1700 = CARTESIAN_POINT ( 'NONE',  ( -253.4491931162216076, 0.000000000000000000, 8.860130738839844255 ) ) ;
#1701 = DIRECTION ( 'NONE',  ( -0.001877162694616514409, 0.000000000000000000, 0.9999982381285568156 ) ) ;
#1702 = CARTESIAN_POINT ( 'NONE',  ( -242.2742822202742730, 1.000000000000000000, 10.82809221147424239 ) ) ;
#1703 = CARTESIAN_POINT ( 'NONE',  ( -64.16437595342723910, 1.000000000000000000, 62.29146121145266335 ) ) ;
#1704 = LINE ( 'NONE', #2668, #1349 ) ;
#1705 = FACE_OUTER_BOUND ( 'NONE', #1991, .T. ) ;
#1706 = EDGE_LOOP ( 'NONE', ( #808, #484, #764, #519 ) ) ;
#1707 = DIRECTION ( 'NONE',  ( 0.000000000000000000, 0.000000000000000000, 1.000000000000000000 ) ) ;
#1708 = EDGE_CURVE ( 'NONE', #1098, #3739, #2750, .T. ) ;
#1709 = EDGE_LOOP ( 'NONE', ( #3363, #1945, #1716, #2330, #4111, #3388 ) ) ;
#1710 = LINE ( 'NONE', #2998, #681 ) ;
#1711 = ORIENTED_EDGE ( 'NONE', *, *, #1255, .T. ) ;
#1712 = EDGE_CURVE ( 'NONE', #3049, #2452, #3171, .T. ) ;
#1713 = ORIENTED_EDGE ( 'NONE', *, *, #3265, .T. ) ;
#1714 = PRODUCT_DEFINITION ( 'UNKNOWN', '', #1284, #2391 ) ;
#1715 = PRODUCT ( 'rib 6', 'rib 6', '', ( #4028 ) ) ;
#1716 = ORIENTED_EDGE ( 'NONE', *, *, #2580, .F. ) ;
#1717 = PLANE ( 'NONE',  #1345 ) ;
#1718 = VERTEX_POINT ( 'NONE', #3147 ) ;
#1719 = B_SPLINE_CURVE_WITH_KNOTS ( 'NONE', 3,
 ( #1322, #2670, #713, #3868, #1984, #2003, #3559, #96, #673, #987, #66, #1370, #2254 ),
 .UNSPECIFIED., .F., .F.,
 ( 4, 1, 1, 1, 1, 1, 1, 1, 1, 1, 4 ),
 ( 0.7011752054892484987, 0.7037511641538184426, 0.7114926295676233803, 0.7321002988842217896, 0.7527079682008201988, 0.7939233068340170174, 0.8351386454672137249, 0.8763539841004104325, 0.8969616534170088418, 0.9175693227336072511, 0.9293509528815055987 ),
 .UNSPECIFIED. ) ;
#1720 = CARTESIAN_POINT ( 'NONE',  ( -188.7754460273963559, 1.000000000000000000, 21.33710220518647915 ) ) ;
#1721 = PLANE ( 'NONE',  #1 ) ;
#1722 = CARTESIAN_POINT ( 'NONE',  ( -269.3505351003591954, 0.000000000000000000, 8.883550396804281490 ) ) ;
#1723 = EDGE_CURVE ( 'NONE', #3817, #2101, #2832, .T. ) ;
#1724 = B_SPLINE_CURVE_WITH_KNOTS ( 'NONE', 3,
 ( #1297, #1608, #2903, #2582 ),
 .UNSPECIFIED., .F., .F.,
 ( 4, 4 ),
 ( 0.8580078726031707959, 0.8598309684919420715 ),
 .UNSPECIFIED. ) ;
#1725 = CARTESIAN_POINT ( 'NONE',  ( -265.3338636067449556, 5.000000000000000000, 6.801727551363130786 ) ) ;
#1726 = CARTESIAN_POINT ( 'NONE',  ( -152.7139117670830331, 5.000000000000000000, 25.70190672669912146 ) ) ;
#1727 = CARTESIAN_POINT ( 'NONE',  ( -177.8516152311611904, 0.000000000000000000, 9.552331191678918643 ) ) ;
#1728 = CARTESIAN_POINT ( 'NONE',  ( 0.2058083609810148762, 5.000000000000000000, 7.652639097638684440 ) ) ;
#1729 = ORIENTED_EDGE ( 'NONE', *, *, #4119, .T. ) ;
#1730 = LINE ( 'NONE', #183, #1554 ) ;
#1731 = ORIENTED_EDGE ( 'NONE', *, *, #175, .F. ) ;
#1732 = ORIENTED_EDGE ( 'NONE', *, *, #3193, .F. ) ;
#1733 = ORIENTED_EDGE ( 'NONE', *, *, #3652, .T. ) ;
#1734 = VERTEX_POINT ( 'NONE', #2531 ) ;
#1735 = ADVANCED_FACE ( 'NONE', ( #1643 ), #3873, .T. ) ;
#1736 = ORIENTED_EDGE ( 'NONE', *, *, #3706, .T. ) ;
#1737 = CARTESIAN_POINT ( 'NONE',  ( -242.5786450419261655, 0.000000000000000000, 11.66914112373636669 ) ) ;
#1738 = ORIENTED_EDGE ( 'NONE', *, *, #2964, .F. ) ;
#1739 = CARTESIAN_POINT ( 'NONE',  ( -83.70945874278774568, 1.000000000000000000, 79.54992100821259271 ) ) ;
#1740 = CARTESIAN_POINT ( 'NONE',  ( -222.8468073653594104, 1.694065894508600678E-18, 7.840947217310170636 ) ) ;
#1741 = DIRECTION ( 'NONE',  ( 0.000000000000000000, 0.000000000000000000, -1.000000000000000000 ) ) ;
#1742 = VERTEX_POINT ( 'NONE', #1328 ) ;
#1743 = CARTESIAN_POINT ( 'NONE',  ( -264.2871590456990702, 5.000000000000000000, 7.064132261342629171 ) ) ;
#1744 = DIRECTION ( 'NONE',  ( 0.9697008434041117786, -0.000000000000000000, 0.2442954651673956701 ) ) ;
#1745 = CARTESIAN_POINT ( 'NONE',  ( -282.6978133705282517, 0.000000000000000000, 5.318962716800226254 ) ) ;
#1746 = EDGE_CURVE ( 'NONE', #34, #2367, #2308, .T. ) ;
#1747 = AXIS2_PLACEMENT_3D ( 'NONE', #854, #527, #211 ) ;
#1748 = CARTESIAN_POINT ( 'NONE',  ( -113.5068429449947445, 0.000000000000000000, 9.335759885576816686 ) ) ;
#1749 = ORIENTED_EDGE ( 'NONE', *, *, #1955, .T. ) ;
#1750 = LINE ( 'NONE', #1455, #4034 ) ;
#1751 = VECTOR ( 'NONE', #3678, 1000.000000000000114 ) ;
#1752 = EDGE_LOOP ( 'NONE', ( #2892, #54, #1439, #1928, #3718, #421, #3753, #1323, #1090, #701, #1841, #1985 ) ) ;
#1753 = AXIS2_PLACEMENT_3D ( 'NONE', #2773, #3721, #818 ) ;
#1754 = ORIENTED_EDGE ( 'NONE', *, *, #2720, .T. ) ;
#1755 = ORIENTED_EDGE ( 'NONE', *, *, #2213, .F. ) ;
#1756 = VECTOR ( 'NONE', #3907, 1000.000000000000227 ) ;
#1757 = VECTOR ( 'NONE', #1581, 1000.000000000000114 ) ;
#1758 = ORIENTED_EDGE ( 'NONE', *, *, #3066, .F. ) ;
#1759 = CARTESIAN_POINT ( 'NONE',  ( -247.4112030334045471, 5.000000000000000000, 10.26930581630611883 ) ) ;
#1760 = ORIENTED_EDGE ( 'NONE', *, *, #1960, .T. ) ;
#1761 = LINE ( 'NONE', #706, #1007 ) ;
#1762 = DIRECTION ( 'NONE',  ( -0.7248872777925925437, 0.000000000000000000, 0.6888675014067979774 ) ) ;
#1763 = DIRECTION ( 'NONE',  ( 0.000000000000000000, -1.000000000000000000, 0.000000000000000000 ) ) ;
#1764 = CARTESIAN_POINT ( 'NONE',  ( -66.52695322057213900, 1.000000000000000000, -70.00554086441651691 ) ) ;
#1765 = DIRECTION ( 'NONE',  ( -0.7248872777926386179, 0.000000000000000000, 0.6888675014067494606 ) ) ;
#1766 = CARTESIAN_POINT ( 'NONE',  ( -143.6891950074825672, 0.000000000000000000, 9.500873599543085746 ) ) ;
#1767 = DIRECTION ( 'NONE',  ( -0.6888675014067938696, 0.000000000000000000, -0.7248872777925964295 ) ) ;
#1768 = CARTESIAN_POINT ( 'NONE',  ( -260.6240663350685622, 0.000000000000000000, 6.159236989585846977 ) ) ;
#1769 = ORIENTED_EDGE ( 'NONE', *, *, #480, .T. ) ;
#1770 = FACE_OUTER_BOUND ( 'NONE', #2840, .T. ) ;
#1771 = CARTESIAN_POINT ( 'NONE',  ( -228.5223920858092583, 1.000000000000000000, 8.699869433451771883 ) ) ;
#1772 = ORIENTED_EDGE ( 'NONE', *, *, #1338, .T. ) ;
#1773 = ADVANCED_FACE ( 'NONE', ( #1454 ), #159, .T. ) ;
#1774 = VERTEX_POINT ( 'NONE', #3251 ) ;
#1775 = ADVANCED_FACE ( 'NONE', ( #1770 ), #181, .T. ) ;
#1776 = ORIENTED_EDGE ( 'NONE', *, *, #1081, .F. ) ;
#1777 = CARTESIAN_POINT ( 'NONE',  ( -189.5878733123935831, 5.000000000000000000, 9.395759206368795802 ) ) ;
#1778 = ORIENTED_EDGE ( 'NONE', *, *, #313, .F. ) ;
#1779 = CARTESIAN_POINT ( 'NONE',  ( -237.9153930459915784, -8.673617379884035472E-16, 12.36233482739456591 ) ) ;
#1780 = EDGE_LOOP ( 'NONE', ( #231, #4049, #705, #1663 ) ) ;
#1781 = EDGE_CURVE ( 'NONE', #48, #2736, #51, .T. ) ;
#1782 = LINE ( 'NONE', #3740, #2422 ) ;
#1783 = CARTESIAN_POINT ( 'NONE',  ( -265.5219321234511085, 100.0000000000000000, 2.837808823346377185 ) ) ;
#1784 = DIRECTION ( 'NONE',  ( 0.000000000000000000, 0.000000000000000000, 1.000000000000000000 ) ) ;
#1785 = ADVANCED_FACE ( 'NONE', ( #2614 ), #375, .T. ) ;
#1786 = DIRECTION ( 'NONE',  ( 0.6888675014067492386, 0.000000000000000000, 0.7248872777926389510 ) ) ;
#1787 = DIRECTION ( 'NONE',  ( 0.000000000000000000, 1.000000000000000000, -0.000000000000000000 ) ) ;
#1788 = DIRECTION ( 'NONE',  ( 0.02688405537884489688, 0.000000000000000000, 0.9996385584632012655 ) ) ;
#1789 = CARTESIAN_POINT ( 'NONE',  ( -122.1786715887304240, 100.0000000000000000, 8.123971859965809728 ) ) ;
#1790 = ORIENTED_EDGE ( 'NONE', *, *, #3852, .F. ) ;
#1791 = LINE ( 'NONE', #3295, #65 ) ;
#1792 = FACE_BOUND ( 'NONE', #3573, .T. ) ;
#1793 = ORIENTED_EDGE ( 'NONE', *, *, #182, .F. ) ;
#1794 = ORIENTED_EDGE ( 'NONE', *, *, #1389, .F. ) ;
#1795 = EDGE_CURVE ( 'NONE', #1954, #2255, #3383, .T. ) ;
#1796 = VERTEX_POINT ( 'NONE', #3585 ) ;
#1797 = DIRECTION ( 'NONE',  ( 0.000000000000000000, -1.000000000000000000, 0.000000000000000000 ) ) ;
#1798 = ORIENTED_EDGE ( 'NONE', *, *, #2669, .F. ) ;
#1799 = CARTESIAN_POINT ( 'NONE',  ( -259.3915731961845381, -8.673617379884035472E-16, 7.445118414148630848 ) ) ;
#1800 = ORIENTED_EDGE ( 'NONE', *, *, #1795, .T. ) ;
#1801 = PLANE ( 'NONE',  #3506 ) ;
#1802 = CARTESIAN_POINT ( 'NONE',  ( -290.3163669971457921, 100.0000000000000000, 0.8276152839012187457 ) ) ;
#1803 = B_SPLINE_CURVE_WITH_KNOTS ( 'NONE', 3,
 ( #2040, #2620, #3302, #3325, #704 ),
 .UNSPECIFIED., .F., .F.,
 ( 4, 1, 4 ),
 ( 0.1559633577801307902, 0.1646423987747258066, 0.1712988811238075615 ),
 .UNSPECIFIED. ) ;
#1804 = DIRECTION ( 'NONE',  ( 0.000000000000000000, -1.000000000000000000, 0.000000000000000000 ) ) ;
#1805 = CARTESIAN_POINT ( 'NONE',  ( -228.8123469969262658, 1.000000000000000000, 8.975416434014451994 ) ) ;
#1806 = EDGE_CURVE ( 'NONE', #1316, #1261, #500, .T. ) ;
#1807 = LINE ( 'NONE', #4010, #1006 ) ;
#1808 = CARTESIAN_POINT ( 'NONE',  ( -195.2964886728849763, 0.000000000000000000, 9.338690884104865475 ) ) ;
#1809 = DIRECTION ( 'NONE',  ( 0.000000000000000000, -1.000000000000000000, 0.000000000000000000 ) ) ;
#1810 = ORIENTED_EDGE ( 'NONE', *, *, #2281, .F. ) ;
#1811 = CARTESIAN_POINT ( 'NONE',  ( -287.7366072063900901, 100.0000000000000000, 1.077373546353734390 ) ) ;
#1812 = CARTESIAN_POINT ( 'NONE',  ( -241.2793789350393183, 0.000000000000000000, 7.934087331812739841 ) ) ;
#1813 = VECTOR ( 'NONE', #2473, 1000.000000000000000 ) ;
#1814 = CARTESIAN_POINT ( 'NONE',  ( -117.3099561668966828, 0.000000000000000000, 8.709611862579260233 ) ) ;
#1815 = CIRCLE ( 'NONE', #4156, 6.450000000000017941 ) ;
#1816 = ORIENTED_EDGE ( 'NONE', *, *, #2154, .T. ) ;
#1817 = VECTOR ( 'NONE', #1401, 1000.000000000000000 ) ;
#1818 = CARTESIAN_POINT ( 'NONE',  ( -98.50963659386690097, 0.000000000000000000, 24.73998702017675910 ) ) ;
#1819 = VECTOR ( 'NONE', #2460, 999.9999999999998863 ) ;
#1820 = ORIENTED_EDGE ( 'NONE', *, *, #3280, .F. ) ;
#1821 = VECTOR ( 'NONE', #1767, 1000.000000000000114 ) ;
#1822 = CYLINDRICAL_SURFACE ( 'NONE', #2947, 5.250000000000004441 ) ;
#1823 = CARTESIAN_POINT ( 'NONE',  ( -117.3872845654307042, 5.000000000000000000, 27.32359723883179825 ) ) ;
#1824 = CARTESIAN_POINT ( 'NONE',  ( -300.0000000000000000, 0.000000000000000000, -0.1621621621621254228 ) ) ;
#1825 = CARTESIAN_POINT ( 'NONE',  ( -248.9140290614126059, 1.000000000000000000, 9.548997529721861000 ) ) ;
#1826 = VECTOR ( 'NONE', #2179, 1000.000000000000000 ) ;
#1827 = ADVANCED_FACE ( 'NONE', ( #1112 ), #1014, .T. ) ;
#1828 = CARTESIAN_POINT ( 'NONE',  ( -79.75313616526455007, 0.000000000000000000, -83.92329969436077874 ) ) ;
#1829 = ORIENTED_EDGE ( 'NONE', *, *, #3433, .F. ) ;
#1830 = DIRECTION ( 'NONE',  ( 0.000000000000000000, 0.000000000000000000, 1.000000000000000000 ) ) ;
#1831 = CARTESIAN_POINT ( 'NONE',  ( -116.6994142980007467, 5.000000000000000000, 8.683379740354212117 ) ) ;
#1832 = EDGE_CURVE ( 'NONE', #1875, #1453, #4016, .T. ) ;
#1833 = VERTEX_POINT ( 'NONE', #1131 ) ;
#1834 = FACE_OUTER_BOUND ( 'NONE', #1540, .T. ) ;
#1835 = CARTESIAN_POINT ( 'NONE',  ( -150.2687402496401603, 1.000000000000000000, 9.575102033794735235 ) ) ;
#1836 = CARTESIAN_POINT ( 'NONE',  ( -260.7875091720493401, 5.000000000000000000, 7.103832978772138596 ) ) ;
#1837 = FACE_OUTER_BOUND ( 'NONE', #3276, .T. ) ;
#1838 = ADVANCED_FACE ( 'NONE', ( #2423 ), #3271, .F. ) ;
#1839 = CARTESIAN_POINT ( 'NONE',  ( -265.8557205421092817, 5.000000000000000000, 6.670256816194243932 ) ) ;
#1840 = ORIENTED_EDGE ( 'NONE', *, *, #2675, .T. ) ;
#1841 = ORIENTED_EDGE ( 'NONE', *, *, #2516, .T. ) ;
#1842 = FACE_OUTER_BOUND ( 'NONE', #1906, .T. ) ;
#1843 = EDGE_CURVE ( 'NONE', #2262, #1504, #1664, .T. ) ;
#1844 = CARTESIAN_POINT ( 'NONE',  ( -112.8759871213074177, 1.000000000000000000, 3.035661502803515432 ) ) ;
#1845 = LINE ( 'NONE', #3129, #1888 ) ;
#1846 = EDGE_CURVE ( 'NONE', #1718, #3584, #76, .T. ) ;
#1847 = CARTESIAN_POINT ( 'NONE',  ( -234.1463111085953983, 1.000000000000000000, 13.14315280208176517 ) ) ;
#1848 = ORIENTED_EDGE ( 'NONE', *, *, #1843, .T. ) ;
#1849 = EDGE_CURVE ( 'NONE', #3401, #163, #1791, .T. ) ;
#1850 = CARTESIAN_POINT ( 'NONE',  ( -249.9927156218044786, 5.000000000000000000, 9.661944588438867498 ) ) ;
#1851 = CARTESIAN_POINT ( 'NONE',  ( -183.4885614683954032, 5.000000000000000000, 9.495270346127801631 ) ) ;
#1852 = LINE ( 'NONE', #2859, #2099 ) ;
#1853 = CARTESIAN_POINT ( 'NONE',  ( -211.2014511095247258, 5.000000000000000000, 17.68699337720271814 ) ) ;
#1854 = DIRECTION ( 'NONE',  ( 0.000000000000000000, 0.000000000000000000, -1.000000000000000000 ) ) ;
#1855 = FACE_OUTER_BOUND ( 'NONE', #3734, .T. ) ;
#1856 = ORIENTED_EDGE ( 'NONE', *, *, #923, .F. ) ;
#1857 = EDGE_CURVE ( 'NONE', #1670, #2610, #1309, .T. ) ;
#1858 = ORIENTED_EDGE ( 'NONE', *, *, #3508, .F. ) ;
#1859 = CARTESIAN_POINT ( 'NONE',  ( -171.1084014671446880, 0.000000000000000000, 9.610108157678986629 ) ) ;
#1860 = VERTEX_POINT ( 'NONE', #683 ) ;
#1861 = DIRECTION ( 'NONE',  ( 0.000000000000000000, -1.000000000000000000, 0.000000000000000000 ) ) ;
#1862 = DIRECTION ( 'NONE',  ( -0.6888675014067533464, 0.000000000000000000, -0.7248872777926349542 ) ) ;
#1863 = EDGE_LOOP ( 'NONE', ( #3562, #3321, #3607, #1356 ) ) ;
#1864 = DIRECTION ( 'NONE',  ( 0.000000000000000000, -1.000000000000000000, 0.000000000000000000 ) ) ;
#1865 = CARTESIAN_POINT ( 'NONE',  ( -252.1093834269217382, 1.000000000000000000, 7.096528009673861881 ) ) ;
#1866 = EDGE_CURVE ( 'NONE', #3429, #2004, #1970, .T. ) ;
#1867 = ORIENTED_EDGE ( 'NONE', *, *, #1878, .T. ) ;
#1868 = LINE ( 'NONE', #2557, #281 ) ;
#1869 = LINE ( 'NONE', #1151, #810 ) ;
#1870 = LINE ( 'NONE', #1237, #2894 ) ;
#1871 = FACE_BOUND ( 'NONE', #1506, .T. ) ;
#1872 = CARTESIAN_POINT ( 'NONE',  ( -256.2120762270557748, 1.000000000000000000, 7.572428532325789163 ) ) ;
#1873 = CARTESIAN_POINT ( 'NONE',  ( -300.0000000000000000, 0.000000000000000000, 0.000000000000000000 ) ) ;
#1874 = CARTESIAN_POINT ( 'NONE',  ( -49.20153583356039206, 1.000000000000000000, -51.77420520022902650 ) ) ;
#1875 = VERTEX_POINT ( 'NONE', #1177 ) ;
#1876 = CARTESIAN_POINT ( 'NONE',  ( -87.95065943201555569, 0.000000000000000000, -92.54945830009327778 ) ) ;
#1877 = AXIS2_PLACEMENT_3D ( 'NONE', #2641, #3924, #2371 ) ;
#1878 = EDGE_CURVE ( 'NONE', #992, #3019, #3791, .T. ) ;
#1879 = AXIS2_PLACEMENT_3D ( 'NONE', #1891, #3179, #299 ) ;
#1880 = ORIENTED_EDGE ( 'NONE', *, *, #1081, .T. ) ;
#1881 = DIRECTION ( 'NONE',  ( 0.000000000000000000, -1.000000000000000000, 0.000000000000000000 ) ) ;
#1882 = AXIS2_PLACEMENT_3D ( 'NONE', #3872, #3169, #291 ) ;
#1883 = CARTESIAN_POINT ( 'NONE',  ( -174.1603540139568054, 0.000000000000000000, 23.35355506678032711 ) ) ;
#1884 = ORIENTED_EDGE ( 'NONE', *, *, #2095, .T. ) ;
#1885 = FACE_BOUND ( 'NONE', #1052, .T. ) ;
#1886 = AXIS2_PLACEMENT_3D ( 'NONE', #878, #1786, #3074 ) ;
#1887 = B_SPLINE_CURVE_WITH_KNOTS ( 'NONE', 3,
 ( #253, #1225, #4083, #1198 ),
 .UNSPECIFIED., .F., .F.,
 ( 4, 4 ),
 ( 0.1003611044949181547, 0.1085646663758501329 ),
 .UNSPECIFIED. ) ;
#1888 = VECTOR ( 'NONE', #1527, 1000.000000000000114 ) ;
#1889 = ORIENTED_EDGE ( 'NONE', *, *, #1466, .T. ) ;
#1890 = LINE ( 'NONE', #3237, #4033 ) ;
#1891 = CARTESIAN_POINT ( 'NONE',  ( -192.5000000000002274, 5.000000000000000000, 15.15093237103806700 ) ) ;
#1892 = AXIS2_PLACEMENT_3D ( 'NONE', #3422, #250, #2194 ) ;
#1893 = DIRECTION ( 'NONE',  ( 0.6888675014067980884, 0.000000000000000000, 0.7248872777925925437 ) ) ;
#1894 = CARTESIAN_POINT ( 'NONE',  ( -178.1135318345519067, 1.000000000000000000, 9.549550606678973708 ) ) ;
#1895 = VECTOR ( 'NONE', #467, 1000.000000000000114 ) ;
#1896 = VECTOR ( 'NONE', #1256, 1000.000000000000000 ) ;
#1897 = CARTESIAN_POINT ( 'NONE',  ( -247.5948149815342560, 5.000000000000000000, 7.661474984079888806 ) ) ;
#1898 = CARTESIAN_POINT ( 'NONE',  ( -248.4092376083339389, 100.0000000000000000, -62.58141432606363708 ) ) ;
#1899 = LINE ( 'NONE', #3185, #3708 ) ;
#1900 = DIRECTION ( 'NONE',  ( 0.6888675014067946467, 0.000000000000000000, 0.7248872777925956523 ) ) ;
#1901 = ORIENTED_EDGE ( 'NONE', *, *, #2980, .F. ) ;
#1902 = ORIENTED_EDGE ( 'NONE', *, *, #44, .T. ) ;
#1903 = EDGE_CURVE ( 'NONE', #2436, #1479, #2798, .T. ) ;
#1904 = DIRECTION ( 'NONE',  ( -0.000000000000000000, -1.000000000000000000, -0.000000000000000000 ) ) ;
#1905 = CARTESIAN_POINT ( 'NONE',  ( -248.2081441376655278, 0.000000000000000000, 10.06990478384033594 ) ) ;
#1906 = EDGE_LOOP ( 'NONE', ( #4128, #859, #100, #2449 ) ) ;
#1907 = DIRECTION ( 'NONE',  ( -0.6888675014067938696, 0.000000000000000000, -0.7248872777925964295 ) ) ;
#1908 = ORIENTED_EDGE ( 'NONE', *, *, #3331, .T. ) ;
#1909 = EDGE_CURVE ( 'NONE', #121, #3226, #3946, .T. ) ;
#1910 = CARTESIAN_POINT ( 'NONE',  ( -229.3582028351281394, 0.000000000000000000, 8.390528734094431229 ) ) ;
#1911 = ORIENTED_EDGE ( 'NONE', *, *, #2804, .T. ) ;
#1912 = DIRECTION ( 'NONE',  ( 1.000000000000000000, 0.000000000000000000, 0.000000000000000000 ) ) ;
#1913 = LINE ( 'NONE', #3845, #2971 ) ;
#1914 = FACE_OUTER_BOUND ( 'NONE', #503, .T. ) ;
#1915 = EDGE_CURVE ( 'NONE', #2238, #703, #202, .T. ) ;
#1916 = LINE ( 'NONE', #3202, #3231 ) ;
#1917 = FACE_OUTER_BOUND ( 'NONE', #2702, .T. ) ;
#1918 = CARTESIAN_POINT ( 'NONE',  ( -117.3872845654307042, 0.000000000000000000, 27.32359723883179825 ) ) ;
#1919 = LINE ( 'NONE', #3829, #876 ) ;
#1920 = ORIENTED_EDGE ( 'NONE', *, *, #1806, .F. ) ;
#1921 = B_SPLINE_CURVE_WITH_KNOTS ( 'NONE', 3,
 ( #2144, #2752, #1847, #2814 ),
 .UNSPECIFIED., .F., .F.,
 ( 4, 4 ),
 ( 0.1601018506333792002, 0.1612696187066090525 ),
 .UNSPECIFIED. ) ;
#1922 = VERTEX_POINT ( 'NONE', #249 ) ;
#1923 = CARTESIAN_POINT ( 'NONE',  ( -253.7837617781981123, 1.000000000000000000, 8.395107024311908361 ) ) ;
#1924 = DIRECTION ( 'NONE',  ( -0.6888675014067948688, 0.000000000000000000, -0.7248872777925954303 ) ) ;
#1925 = ORIENTED_EDGE ( 'NONE', *, *, #2212, .F. ) ;
#1926 = EDGE_CURVE ( 'NONE', #3346, #1588, #2466, .T. ) ;
#1927 = ORIENTED_EDGE ( 'NONE', *, *, #3116, .F. ) ;
#1928 = ORIENTED_EDGE ( 'NONE', *, *, #4075, .T. ) ;
#1929 = DIRECTION ( 'NONE',  ( 0.000000000000000000, -1.000000000000000000, 0.000000000000000000 ) ) ;
#1930 = ORIENTED_EDGE ( 'NONE', *, *, #1466, .F. ) ;
#1931 = PLANE ( 'NONE',  #1337 ) ;
#1932 = CYLINDRICAL_SURFACE ( 'NONE', #3570, 5.250000000000004441 ) ;
#1933 = CARTESIAN_POINT ( 'NONE',  ( -165.6223296465139185, 1.000000000000000000, 24.42217258159240956 ) ) ;
#1934 = EDGE_CURVE ( 'NONE', #4000, #2929, #2999, .T. ) ;
#1935 = DIRECTION ( 'NONE',  ( 0.000000000000000000, -1.000000000000000000, 0.000000000000000000 ) ) ;
#1936 = PLANE ( 'NONE',  #2756 ) ;
#1937 = CARTESIAN_POINT ( 'NONE',  ( -245.1889152049320160, 5.000000000000000888, 7.761057744470627462 ) ) ;
#1938 = CARTESIAN_POINT ( 'NONE',  ( -192.5000000000002274, 0.000000000000000000, 20.40093237103807056 ) ) ;
#1939 = ORIENTED_EDGE ( 'NONE', *, *, #2570, .T. ) ;
#1940 = ORIENTED_EDGE ( 'NONE', *, *, #4013, .F. ) ;
#1941 = LINE ( 'NONE', #3146, #1415 ) ;
#1942 = DIRECTION ( 'NONE',  ( -0.6353193322043766411, 0.000000000000000000, -0.7722495361781610557 ) ) ;
#1943 = VERTEX_POINT ( 'NONE', #1473 ) ;
#1944 = VECTOR ( 'NONE', #2977, 1000.000000000000000 ) ;
#1945 = ORIENTED_EDGE ( 'NONE', *, *, #3011, .T. ) ;
#1946 = ORIENTED_EDGE ( 'NONE', *, *, #3274, .F. ) ;
#1947 = VECTOR ( 'NONE', #1765, 1000.000000000000114 ) ;
#1948 = CARTESIAN_POINT ( 'NONE',  ( -300.0000000000000000, 100.0000000000000000, 0.000000000000000000 ) ) ;
#1949 = ORIENTED_EDGE ( 'NONE', *, *, #67, .F. ) ;
#1950 = DIRECTION ( 'NONE',  ( 0.6888675014067502378, 0.000000000000000000, 0.7248872777926379518 ) ) ;
#1951 = LINE ( 'NONE', #3594, #3174 ) ;
#1952 = VECTOR ( 'NONE', #3793, 1000.000000000000000 ) ;
#1953 = AXIS2_PLACEMENT_3D ( 'NONE', #1739, #3025, #147 ) ;
#1954 = VERTEX_POINT ( 'NONE', #2151 ) ;
#1955 = EDGE_CURVE ( 'NONE', #3620, #1055, #3098, .T. ) ;
#1956 = CARTESIAN_POINT ( 'NONE',  ( -192.5000000000002274, 5.000000000000000000, 20.40093237103807056 ) ) ;
#1957 = EDGE_CURVE ( 'NONE', #3567, #97, #1234, .T. ) ;
#1958 = CARTESIAN_POINT ( 'NONE',  ( -253.4491931162218350, 1.000000000000000000, 8.860130738839920639 ) ) ;
#1959 = VECTOR ( 'NONE', #2634, 1000.000000000000000 ) ;
#1960 = EDGE_CURVE ( 'NONE', #2226, #429, #2131, .T. ) ;
#1961 = CARTESIAN_POINT ( 'NONE',  ( -271.2861602198226478, 0.000000000000000000, 2.447696926311453858 ) ) ;
#1962 = CARTESIAN_POINT ( 'NONE',  ( -132.0558163129703644, 0.000000000000000000, 26.96303150527401016 ) ) ;
#1963 = CYLINDRICAL_SURFACE ( 'NONE', #749, 0.6000000000000224043 ) ;
#1964 = VECTOR ( 'NONE', #3822, 1000.000000000000000 ) ;
#1965 =( LENGTH_UNIT ( ) NAMED_UNIT ( * ) SI_UNIT ( .MILLI., .METRE. ) );
#1966 = ORIENTED_EDGE ( 'NONE', *, *, #2951, .F. ) ;
#1967 = EDGE_CURVE ( 'NONE', #3327, #2469, #276, .T. ) ;
#1968 = ORIENTED_EDGE ( 'NONE', *, *, #1092, .T. ) ;
#1969 = CARTESIAN_POINT ( 'NONE',  ( -198.2885456126803945, 0.000000000000000000, 12.30571890102891786 ) ) ;
#1970 = LINE ( 'NONE', #1692, #604 ) ;
#1971 = ORIENTED_EDGE ( 'NONE', *, *, #2980, .T. ) ;
#1972 = ORIENTED_EDGE ( 'NONE', *, *, #1183, .T. ) ;
#1973 = ADVANCED_FACE ( 'NONE', ( #228 ), #3932, .T. ) ;
#1974 = ORIENTED_EDGE ( 'NONE', *, *, #955, .T. ) ;
#1975 = ADVANCED_FACE ( 'NONE', ( #1560 ), #3540, .T. ) ;
#1976 = CARTESIAN_POINT ( 'NONE',  ( -249.1368135664689305, 1.000000000000000000, 9.351542746965733954 ) ) ;
#1977 = CARTESIAN_POINT ( 'NONE',  ( -148.6143614906593768, 1.000000000000000000, 25.96668747503425578 ) ) ;
#1978 = CARTESIAN_POINT ( 'NONE',  ( -263.0120511331662101, 100.0000000000000000, 6.006438146371626097 ) ) ;
#1979 = CARTESIAN_POINT ( 'NONE',  ( -112.2016622524414373, 5.000000000000000000, 28.10930200660903822 ) ) ;
#1980 = CARTESIAN_POINT ( 'NONE',  ( -195.2076164545312338, -8.673617379884035472E-16, 9.296761794845997073 ) ) ;
#1981 = CARTESIAN_POINT ( 'NONE',  ( -276.9279722779359645, 0.000000000000000000, 2.022114237992950869 ) ) ;
#1982 = CARTESIAN_POINT ( 'NONE',  ( -265.8557205421092817, 0.000000000000000000, 6.670256816194243932 ) ) ;
#1983 = CARTESIAN_POINT ( 'NONE',  ( -164.3945647709204536, 1.000000000000000000, 9.632451632411738629 ) ) ;
#1984 = CARTESIAN_POINT ( 'NONE',  ( -132.8079613817489815, 5.000000000000000000, 8.488640521341494605 ) ) ;
#1985 = ORIENTED_EDGE ( 'NONE', *, *, #1903, .F. ) ;
#1986 = CARTESIAN_POINT ( 'NONE',  ( -83.70945874278774568, 1.000000000000000000, 79.54992100821259271 ) ) ;
#1987 = LINE ( 'NONE', #2657, #886 ) ;
#1988 = EDGE_CURVE ( 'NONE', #3110, #2792, #21, .T. ) ;
#1989 = DIRECTION ( 'NONE',  ( -0.7483691178079415751, 0.000000000000000000, -0.6632824914856138010 ) ) ;
#1990 = ORIENTED_EDGE ( 'NONE', *, *, #2782, .F. ) ;
#1991 = EDGE_LOOP ( 'NONE', ( #1325, #3625, #1711, #1421 ) ) ;
#1992 = ORIENTED_EDGE ( 'NONE', *, *, #2059, .T. ) ;
#1993 = DIRECTION ( 'NONE',  ( -0.7248872777926377298, 0.000000000000000000, 0.6888675014067503488 ) ) ;
#1994 = LINE ( 'NONE', #2643, #72 ) ;
#1995 = CARTESIAN_POINT ( 'NONE',  ( -101.7636842347514090, 5.000000000000000000, 11.19527303853105948 ) ) ;
#1996 = DIRECTION ( 'NONE',  ( -0.6888675014067920932, 0.000000000000000000, -0.7248872777925980948 ) ) ;
#1997 = EDGE_CURVE ( 'NONE', #311, #2932, #1282, .T. ) ;
#1998 = ORIENTED_EDGE ( 'NONE', *, *, #1153, .T. ) ;
#1999 = CARTESIAN_POINT ( 'NONE',  ( -113.8284090580018244, 5.000000000000000000, 28.12009005535458073 ) ) ;
#2000 = CARTESIAN_POINT ( 'NONE',  ( -172.8587101762493887, 5.000000000000000000, 24.44703151162762822 ) ) ;
#2001 = CARTESIAN_POINT ( 'NONE',  ( -117.3872845654307042, -8.673617379884035472E-16, 27.32359723883179825 ) ) ;
#2002 = DIRECTION ( 'NONE',  ( -0.9996385584632171417, 0.000000000000000000, 0.02688405537825784911 ) ) ;
#2003 = CARTESIAN_POINT ( 'NONE',  ( -150.8221721565745383, 5.000000000000000000, 8.847120223398674099 ) ) ;
#2004 = VERTEX_POINT ( 'NONE', #1002 ) ;
#2005 = B_SPLINE_CURVE_WITH_KNOTS ( 'NONE', 3,
 ( #623, #1905, #601, #1585, #3781 ),
 .UNSPECIFIED., .F., .F.,
 ( 4, 1, 4 ),
 ( 0.05696429454546721172, 0.05825476480099724824, 0.06275246309090456998 ),
 .UNSPECIFIED. ) ;
#2006 = CARTESIAN_POINT ( 'NONE',  ( -280.6338063822639128, 0.000000000000000000, 5.055185953166550838 ) ) ;
#2007 = ADVANCED_FACE ( 'NONE', ( #1917 ), #63, .T. ) ;
#2008 = CARTESIAN_POINT ( 'NONE',  ( -234.1349916251236039, 1.000000000000000000, 13.48176798132416288 ) ) ;
#2009 = VERTEX_POINT ( 'NONE', #985 ) ;
#2010 = ORIENTED_EDGE ( 'NONE', *, *, #2708, .F. ) ;
#2011 = ORIENTED_EDGE ( 'NONE', *, *, #1202, .F. ) ;
#2012 = PLANE ( 'NONE',  #3623 ) ;
#2013 = VECTOR ( 'NONE', #2210, 1000.000000000000114 ) ;
#2014 = DIRECTION ( 'NONE',  ( 0.6888675014067494606, 0.000000000000000000, 0.7248872777926386179 ) ) ;
#2015 = FACE_OUTER_BOUND ( 'NONE', #3168, .T. ) ;
#2016 = CARTESIAN_POINT ( 'NONE',  ( -282.6978133705282517, 100.0000000000000000, 5.318962716800226254 ) ) ;
#2017 = ORIENTED_EDGE ( 'NONE', *, *, #2278, .F. ) ;
#2018 = AXIS2_PLACEMENT_3D ( 'NONE', #4055, #2169, #3118 ) ;
#2019 = CARTESIAN_POINT ( 'NONE',  ( -133.5305144212671280, 1.000000000000000000, 25.38181269809026119 ) ) ;
#2020 = EDGE_CURVE ( 'NONE', #3063, #213, #2862, .T. ) ;
#2021 = CARTESIAN_POINT ( 'NONE',  ( -241.8170280064097994, 1.000000000000000000, 11.49717890542821586 ) ) ;
#2022 = CARTESIAN_POINT ( 'NONE',  ( -292.2377533026771061, -1.694065894508600678E-18, 1.650914772662632979 ) ) ;
#2023 = VECTOR ( 'NONE', #3426, 1000.000000000000000 ) ;
#2024 = AXIS2_PLACEMENT_3D ( 'NONE', #1102, #1383, #1671 ) ;
#2025 = LINE ( 'NONE', #1727, #3170 ) ;
#2026 = VECTOR ( 'NONE', #2227, 1000.000000000000000 ) ;
#2027 = AXIS2_PLACEMENT_3D ( 'NONE', #1259, #2542, #1854 ) ;
#2028 = ORIENTED_EDGE ( 'NONE', *, *, #2649, .T. ) ;
#2029 = ADVANCED_FACE ( 'NONE', ( #1341 ), #2566, .T. ) ;
#2030 = CARTESIAN_POINT ( 'NONE',  ( -285.9904385892327809, 0.000000000000000000, 3.527721545625112753 ) ) ;
#2031 = VECTOR ( 'NONE', #1483, 1000.000000000000000 ) ;
#2032 = ORIENTED_EDGE ( 'NONE', *, *, #1997, .T. ) ;
#2033 = ADVANCED_BREP_SHAPE_REPRESENTATION ( 'rib 6', ( #1109, #3105 ), #1492 ) ;
#2034 = ORIENTED_EDGE ( 'NONE', *, *, #1723, .F. ) ;
#2035 = EDGE_CURVE ( 'NONE', #1453, #2963, #967, .T. ) ;
#2036 = ORIENTED_EDGE ( 'NONE', *, *, #849, .F. ) ;
#2037 = EDGE_CURVE ( 'NONE', #1652, #350, #3911, .T. ) ;
#2038 = EDGE_LOOP ( 'NONE', ( #2572, #257, #1927, #416 ) ) ;
#2039 = ORIENTED_EDGE ( 'NONE', *, *, #2463, .F. ) ;
#2040 = CARTESIAN_POINT ( 'NONE',  ( -148.6143614906593768, 0.000000000000000000, 25.96668747503425223 ) ) ;
#2041 = B_SPLINE_CURVE_WITH_KNOTS ( 'NONE', 3,
 ( #2332, #1083, #3305, #707, #2664, #730, #466, #126, #1740, #3989, #3945, #3636, #2080, #87 ),
 .UNSPECIFIED., .F., .F.,
 ( 4, 1, 1, 1, 1, 1, 1, 1, 1, 1, 1, 4 ),
 ( 0.7011752054892484987, 0.7037511641538184426, 0.7114926295676233803, 0.7321002988842217896, 0.7527079682008201988, 0.7939233068340170174, 0.8351386454672137249, 0.8763539841004104325, 0.8969616534170088418, 0.9175693227336072511, 0.9324260961395594016, 0.9375780134687230483 ),
 .UNSPECIFIED. ) ;
#2042 = VERTEX_POINT ( 'NONE', #2541 ) ;
#2043 = DIRECTION ( 'NONE',  ( 0.000000000000000000, 0.000000000000000000, -1.000000000000000000 ) ) ;
#2044 = CARTESIAN_POINT ( 'NONE',  ( 0.000000000000000000, 1.000000000000000000, 0.000000000000000000 ) ) ;
#2045 = CARTESIAN_POINT ( 'NONE',  ( -272.0829353890873676, 100.0000000000000000, 8.182179439941577925 ) ) ;
#2046 = B_SPLINE_CURVE_WITH_KNOTS ( 'NONE', 3,
 ( #1317, #1364, #2646, #1041 ),
 .UNSPECIFIED., .F., .F.,
 ( 4, 4 ),
 ( 0.7335783911086311004, 0.7356103109840191889 ),
 .UNSPECIFIED. ) ;
#2047 = CARTESIAN_POINT ( 'NONE',  ( -172.8587101762493887, 2.602085213965210642E-15, 24.44703151162762822 ) ) ;
#2048 = DIRECTION ( 'NONE',  ( -0.7175009216675536372, 0.000000000000000000, 0.6965575549846626524 ) ) ;
#2049 = CARTESIAN_POINT ( 'NONE',  ( -239.3137671339630685, 0.000000000000000000, 8.014685640739026340 ) ) ;
#2050 = FACE_OUTER_BOUND ( 'NONE', #2054, .T. ) ;
#2051 = VERTEX_POINT ( 'NONE', #3824 ) ;
#2052 = CARTESIAN_POINT ( 'NONE',  ( -165.8768504512486004, 0.000000000000000000, 24.32901168265784975 ) ) ;
#2053 = EDGE_CURVE ( 'NONE', #2238, #2610, #4044, .T. ) ;
#2054 = EDGE_LOOP ( 'NONE', ( #3191, #4068, #308, #441 ) ) ;
#2055 = ORIENTED_EDGE ( 'NONE', *, *, #599, .T. ) ;
#2056 = EDGE_LOOP ( 'NONE', ( #3782, #3890, #3064, #2098 ) ) ;
#2057 = ORIENTED_EDGE ( 'NONE', *, *, #1657, .T. ) ;
#2058 = VERTEX_POINT ( 'NONE', #1615 ) ;
#2059 = EDGE_CURVE ( 'NONE', #3966, #1742, #650, .T. ) ;
#2060 = LINE ( 'NONE', #1424, #3970 ) ;
#2061 = PLANE ( 'NONE',  #3566 ) ;
#2062 = CARTESIAN_POINT ( 'NONE',  ( -215.0217748481731803, 1.000000000000000000, 8.835808272398006480 ) ) ;
#2063 = CARTESIAN_POINT ( 'NONE',  ( -274.7847390678884949, 0.000000000000000000, 7.475225215082193841 ) ) ;
#2064 = CARTESIAN_POINT ( 'NONE',  ( -176.4685339173261980, 0.000000000000000000, 9.565691627824300269 ) ) ;
#2065 = ORIENTED_EDGE ( 'NONE', *, *, #3760, .T. ) ;
#2066 = CARTESIAN_POINT ( 'NONE',  ( -219.6165091063904526, 2.602085213965210642E-15, 16.96789906232488221 ) ) ;
#2067 = PLANE ( 'NONE',  #1207 ) ;
#2068 = DIRECTION ( 'NONE',  ( -0.1609050596805300382, 0.000000000000000000, 0.9869698889881115544 ) ) ;
#2069 = CARTESIAN_POINT ( 'NONE',  ( -122.1786715887304240, 0.000000000000000000, 8.123971859965809728 ) ) ;
#2070 = ORIENTED_EDGE ( 'NONE', *, *, #969, .T. ) ;
#2071 = CARTESIAN_POINT ( 'NONE',  ( -200.0784814544905714, 5.000000000000000000, 9.204691840947750947 ) ) ;
#2072 = ORIENTED_EDGE ( 'NONE', *, *, #2435, .T. ) ;
#2073 = ORIENTED_EDGE ( 'NONE', *, *, #1926, .F. ) ;
#2074 = ORIENTED_EDGE ( 'NONE', *, *, #682, .F. ) ;
#2075 = ORIENTED_EDGE ( 'NONE', *, *, #2516, .F. ) ;
#2076 = ORIENTED_EDGE ( 'NONE', *, *, #1909, .F. ) ;
#2077 = CARTESIAN_POINT ( 'NONE',  ( -211.2014511095246974, -8.673617379884035472E-16, 17.68699337720273235 ) ) ;
#2078 = EDGE_LOOP ( 'NONE', ( #2369, #1158, #1755, #439 ) ) ;
#2079 = LINE ( 'NONE', #1426, #4099 ) ;
#2080 = CARTESIAN_POINT ( 'NONE',  ( -264.6795704296161489, 1.694065894508600678E-18, 5.899739385249729295 ) ) ;
#2081 = CARTESIAN_POINT ( 'NONE',  ( -285.2692632528747936, 100.0000000000000000, 4.587123813316574150 ) ) ;
#2082 = LINE ( 'NONE', #3374, #1276 ) ;
#2083 = CARTESIAN_POINT ( 'NONE',  ( -114.4828442445582226, 5.000000000000000000, 27.32352736051250730 ) ) ;
#2084 = LINE ( 'NONE', #517, #3309 ) ;
#2085 = VECTOR ( 'NONE', #4117, 1000.000000000000000 ) ;
#2086 = ADVANCED_FACE ( 'NONE', ( #3246 ), #1936, .T. ) ;
#2087 = CARTESIAN_POINT ( 'NONE',  ( -268.4179018073645011, 100.0000000000000000, 2.647210225952845608 ) ) ;
#2088 = EDGE_LOOP ( 'NONE', ( #3602, #208, #1244, #1889 ) ) ;
#2089 = AXIS2_PLACEMENT_3D ( 'NONE', #1898, #1744, #1043 ) ;
#2090 = DIRECTION ( 'NONE',  ( -0.7248872777925954303, 0.000000000000000000, 0.6888675014067948688 ) ) ;
#2091 = CARTESIAN_POINT ( 'NONE',  ( -253.5904010245978952, 0.000000000000000000, 7.349747859239513126 ) ) ;
#2092 = VECTOR ( 'NONE', #3347, 1000.000000000000000 ) ;
#2093 = B_SPLINE_CURVE_WITH_KNOTS ( 'NONE', 3,
 ( #3471, #2197, #1859, #3143, #3167 ),
 .UNSPECIFIED., .F., .F.,
 ( 4, 1, 4 ),
 ( 0.7820141081642159042, 0.7906192346124359949, 0.7985415442506845762 ),
 .UNSPECIFIED. ) ;
#2094 = VECTOR ( 'NONE', #1654, 1000.000000000000000 ) ;
#2095 = EDGE_CURVE ( 'NONE', #3296, #2765, #1655, .T. ) ;
#2096 = ORIENTED_EDGE ( 'NONE', *, *, #1589, .F. ) ;
#2097 = CIRCLE ( 'NONE', #3104, 0.5999999999999963141 ) ;
#2098 = ORIENTED_EDGE ( 'NONE', *, *, #3145, .F. ) ;
#2099 = VECTOR ( 'NONE', #631, 1000.000000000000114 ) ;
#2100 = FACE_OUTER_BOUND ( 'NONE', #451, .T. ) ;
#2101 = VERTEX_POINT ( 'NONE', #2318 ) ;
#2102 = CARTESIAN_POINT ( 'NONE',  ( -225.0224362187566953, -8.673617379884035472E-16, 15.05154234427599569 ) ) ;
#2103 = EDGE_LOOP ( 'NONE', ( #2807, #3877, #3963, #2916 ) ) ;
#2104 = CARTESIAN_POINT ( 'NONE',  ( -149.9733316264472194, 1.000000000000000000, 10.94980211331408881 ) ) ;
#2105 = CARTESIAN_POINT ( 'NONE',  ( -265.5219321234511085, 0.000000000000000000, 2.837808823346377185 ) ) ;
#2106 = CYLINDRICAL_SURFACE ( 'NONE', #352, 0.5999999999999928724 ) ;
#2107 = CARTESIAN_POINT ( 'NONE',  ( -112.2016622524414373, 5.000000000000000000, 28.10930200660903822 ) ) ;
#2108 = CARTESIAN_POINT ( 'NONE',  ( -222.6338829573166151, 1.000000000000000000, 15.47694244514668860 ) ) ;
#2109 = CARTESIAN_POINT ( 'NONE',  ( -177.8654872192256846, 1.000000000000000000, 10.96926116992684541 ) ) ;
#2110 = CARTESIAN_POINT ( 'NONE',  ( -112.7508309264628537, 100.0000000000000000, 7.689384925053575515 ) ) ;
#2111 = VERTEX_POINT ( 'NONE', #3886 ) ;
#2112 = DIRECTION ( 'NONE',  ( 0.9978411957034446500, -0.000000000000000000, 0.06567303980416966391 ) ) ;
#2113 = ADVANCED_FACE ( 'NONE', ( #3578 ), #3598, .T. ) ;
#2114 = FACE_BOUND ( 'NONE', #3902, .T. ) ;
#2115 = B_SPLINE_CURVE_WITH_KNOTS ( 'NONE', 13,
 ( #157, #2087, #3400, #2735, #4014, #200, #2419, #826, #1811, #1063, #1471, #2757, #2444, #2130 ),
 .UNSPECIFIED., .F., .F.,
 ( 14, 14 ),
 ( 0.9375780134687023981, 1.000000000000000000 ),
 .UNSPECIFIED. ) ;
#2116 = ORIENTED_EDGE ( 'NONE', *, *, #2860, .T. ) ;
#2117 = ORIENTED_EDGE ( 'NONE', *, *, #2731, .T. ) ;
#2118 = EDGE_CURVE ( 'NONE', #1029, #1586, #470, .T. ) ;
#2119 = CARTESIAN_POINT ( 'NONE',  ( -102.2995470815227037, 1.000000000000000000, 21.28692364242536073 ) ) ;
#2120 = ORIENTED_EDGE ( 'NONE', *, *, #539, .T. ) ;
#2121 = CARTESIAN_POINT ( 'NONE',  ( -112.6486715160237821, 1.000000000000000000, 11.48801144721272749 ) ) ;
#2122 = VERTEX_POINT ( 'NONE', #711 ) ;
#2123 = CARTESIAN_POINT ( 'NONE',  ( -152.7139117670830331, 5.000000000000000000, 25.70190672669912146 ) ) ;
#2124 = CARTESIAN_POINT ( 'NONE',  ( -228.8123469969262658, 0.000000000000000000, 8.975416434014451994 ) ) ;
#2125 = CARTESIAN_POINT ( 'NONE',  ( -214.8487434401671408, 0.000000000000000000, 9.406440094340904778 ) ) ;
#2126 = ORIENTED_EDGE ( 'NONE', *, *, #973, .T. ) ;
#2127 = ADVANCED_FACE ( 'NONE', ( #3009 ), #2067, .T. ) ;
#2128 = CARTESIAN_POINT ( 'NONE',  ( -262.6644455877011524, 100.0000000000000000, 7.467009704363589684 ) ) ;
#2129 = CARTESIAN_POINT ( 'NONE',  ( -265.8557205421092817, 0.000000000000000000, 6.670256816194243932 ) ) ;
#2130 = CARTESIAN_POINT ( 'NONE',  ( -300.0000000000000000, 100.0000000000000000, -0.1621621621621254228 ) ) ;
#2131 = LINE ( 'NONE', #3748, #2085 ) ;
#2132 = DIRECTION ( 'NONE',  ( -0.000000000000000000, -1.000000000000000000, -0.000000000000000000 ) ) ;
#2133 = B_SPLINE_CURVE_WITH_KNOTS ( 'NONE', 3,
 ( #2607, #3887, #3262, #3541, #4157, #1004, #3287, #2236, #1681 ),
 .UNSPECIFIED., .F., .F.,
 ( 4, 1, 1, 1, 1, 1, 4 ),
 ( 0.9389019328317708135, 0.9448400810633539315, 0.9507782292949371605, 0.9626545257581033965, 0.9745308222212696325, 0.9804689704528527505, 0.9864071186844358685 ),
 .UNSPECIFIED. ) ;
#2134 = ORIENTED_EDGE ( 'NONE', *, *, #1045, .T. ) ;
#2135 = ORIENTED_EDGE ( 'NONE', *, *, #3615, .T. ) ;
#2136 = ORIENTED_EDGE ( 'NONE', *, *, #923, .T. ) ;
#2137 = EDGE_CURVE ( 'NONE', #807, #2933, #2733, .T. ) ;
#2138 = DIRECTION ( 'NONE',  ( -0.000000000000000000, -1.000000000000000000, -0.000000000000000000 ) ) ;
#2139 = EDGE_LOOP ( 'NONE', ( #994, #3595, #3581, #2403, #1992 ) ) ;
#2140 = DIRECTION ( 'NONE',  ( -0.9996497148847962588, 0.000000000000000000, 0.02646596929541218668 ) ) ;
#2141 = ORIENTED_EDGE ( 'NONE', *, *, #46, .F. ) ;
#2142 = PLANE ( 'NONE',  #3037 ) ;
#2143 = CARTESIAN_POINT ( 'NONE',  ( -112.8759871213101178, 0.000000000000000000, 3.035661502869943629 ) ) ;
#2144 = CARTESIAN_POINT ( 'NONE',  ( -233.3691239180193122, 1.000000000000000000, 13.30576630808083216 ) ) ;
#2145 = CARTESIAN_POINT ( 'NONE',  ( -206.7895284562439997, 0.000000000000000000, 9.054151603602038634 ) ) ;
#2146 = CARTESIAN_POINT ( 'NONE',  ( -238.5822826686323879, 1.000000000000000000, 8.044538223464595461 ) ) ;
#2147 = ORIENTED_EDGE ( 'NONE', *, *, #2905, .F. ) ;
#2148 = DIRECTION ( 'NONE',  ( 0.000000000000000000, 1.000000000000000000, -0.000000000000000000 ) ) ;
#2149 = EDGE_CURVE ( 'NONE', #3534, #350, #4093, .T. ) ;
#2150 = DIRECTION ( 'NONE',  ( 0.000000000000000000, 1.000000000000000000, 0.000000000000000000 ) ) ;
#2151 = CARTESIAN_POINT ( 'NONE',  ( -198.2885456126803945, 1.000000000000000000, 12.30571890102891786 ) ) ;
#2152 = VECTOR ( 'NONE', #2719, 1000.000000000000000 ) ;
#2153 = CARTESIAN_POINT ( 'NONE',  ( -262.6644455877006408, 5.000000000000004441, 7.467009704363701594 ) ) ;
#2154 = EDGE_CURVE ( 'NONE', #3843, #3327, #685, .T. ) ;
#2155 = ORIENTED_EDGE ( 'NONE', *, *, #3878, .F. ) ;
#2156 = ADVANCED_FACE ( 'NONE', ( #1431 ), #2989, .T. ) ;
#2157 = ORIENTED_EDGE ( 'NONE', *, *, #2866, .F. ) ;
#2158 = CIRCLE ( 'NONE', #1150, 0.3999999999999507283 ) ;
#2159 = ORIENTED_EDGE ( 'NONE', *, *, #4133, .T. ) ;
#2160 = CARTESIAN_POINT ( 'NONE',  ( -164.9945637137975609, 1.000000000000000000, 9.631325334794968995 ) ) ;
#2161 = EDGE_CURVE ( 'NONE', #1293, #1860, #2337, .T. ) ;
#2162 = VECTOR ( 'NONE', #422, 1000.000000000000000 ) ;
#2163 = VECTOR ( 'NONE', #2401, 1000.000000000000000 ) ;
#2164 = FACE_OUTER_BOUND ( 'NONE', #679, .T. ) ;
#2165 = CARTESIAN_POINT ( 'NONE',  ( -123.3137327467875792, 5.000000000000000000, 27.25623171729949945 ) ) ;
#2166 = PLANE ( 'NONE',  #425 ) ;
#2167 = VECTOR ( 'NONE', #2945, 1000.000000000000000 ) ;
#2168 = DIRECTION ( 'NONE',  ( 0.5264366558891728776, 0.000000000000000000, 0.8502143537580536536 ) ) ;
#2169 = DIRECTION ( 'NONE',  ( -0.7722495361781844814, 0.000000000000000000, 0.6353193322043483304 ) ) ;
#2170 = CARTESIAN_POINT ( 'NONE',  ( -300.0000000000000000, 100.0000000000000000, 0.000000000000000000 ) ) ;
#2171 = VERTEX_POINT ( 'NONE', #3950 ) ;
#2172 = LINE ( 'NONE', #1894, #1964 ) ;
#2173 = CARTESIAN_POINT ( 'NONE',  ( -245.1889151908931694, 0.000000000000000000, 7.761057745108414174 ) ) ;
#2174 = LINE ( 'NONE', #591, #2361 ) ;
#2175 = DIRECTION ( 'NONE',  ( 0.7248872777926377298, 0.000000000000000000, -0.6888675014067503488 ) ) ;
#2176 = EDGE_LOOP ( 'NONE', ( #918, #2946, #1115, #2155 ) ) ;
#2177 = ORIENTED_EDGE ( 'NONE', *, *, #3790, .T. ) ;
#2178 = ADVANCED_FACE ( 'NONE', ( #2713 ), #71, .T. ) ;
#2179 = DIRECTION ( 'NONE',  ( -0.000000000000000000, -1.000000000000000000, -0.000000000000000000 ) ) ;
#2180 = VERTEX_POINT ( 'NONE', #94 ) ;
#2181 = DIRECTION ( 'NONE',  ( 0.5240133519496432690, 0.000000000000000000, 0.8517100486541763216 ) ) ;
#2182 = CARTESIAN_POINT ( 'NONE',  ( -192.5000000000002274, 0.000000000000000000, 15.15093237103806700 ) ) ;
#2183 = VERTEX_POINT ( 'NONE', #1366 ) ;
#2184 = CARTESIAN_POINT ( 'NONE',  ( -117.0119652279872327, 1.000000000000000000, 111.1976200861882234 ) ) ;
#2185 = CARTESIAN_POINT ( 'NONE',  ( -148.6125551966295006, 1.000000000000000000, 25.91327914437580304 ) ) ;
#2186 = EDGE_CURVE ( 'NONE', #602, #770, #2650, .T. ) ;
#2187 = EDGE_LOOP ( 'NONE', ( #2136, #3533, #1816, #2344, #3841 ) ) ;
#2188 = CARTESIAN_POINT ( 'NONE',  ( -215.3985949647660050, 0.000000000000000000, 8.825349534457878065 ) ) ;
#2189 = VERTEX_POINT ( 'NONE', #1532 ) ;
#2190 = CARTESIAN_POINT ( 'NONE',  ( -246.4728400808000117, 0.000000000000000000, 7.702060722845418539 ) ) ;
#2191 = CARTESIAN_POINT ( 'NONE',  ( -290.3110310810180863, 100.0000000000000000, 3.099905874896820901 ) ) ;
#2192 = DIRECTION ( 'NONE',  ( 0.9999520797117859017, 0.000000000000000000, 0.009789702757195485952 ) ) ;
#2193 = CARTESIAN_POINT ( 'NONE',  ( -189.5878733123935831, 0.000000000000000000, 9.395759206368795802 ) ) ;
#2194 = DIRECTION ( 'NONE',  ( 0.000000000000000000, 0.000000000000000000, -1.000000000000000000 ) ) ;
#2195 = CARTESIAN_POINT ( 'NONE',  ( -260.7629341021616369, 0.000000000000000000, 6.944829825278711510 ) ) ;
#2196 = EDGE_LOOP ( 'NONE', ( #1405, #3869, #2203, #3128, #2290, #1075, #1187, #538, #2157, #3253, #3737, #3406, #2615, #3568, #2993, #1644, #1311, #327, #2642, #684, #2073, #1695, #4043, #1940, #56, #2117, #2497, #2868, #2315, #3639, #1139, #1378 ) ) ;
#2197 = CARTESIAN_POINT ( 'NONE',  ( -167.4825542092883097, 0.000000000000000000, 9.625721798540517682 ) ) ;
#2198 = ORIENTED_EDGE ( 'NONE', *, *, #2866, .T. ) ;
#2199 = LINE ( 'NONE', #3489, #3036 ) ;
#2200 = CARTESIAN_POINT ( 'NONE',  ( -176.7876453152389900, 0.000000000000000000, 23.01187967037941817 ) ) ;
#2201 = VERTEX_POINT ( 'NONE', #3435 ) ;
#2202 = FACE_BOUND ( 'NONE', #899, .T. ) ;
#2203 = ORIENTED_EDGE ( 'NONE', *, *, #562, .T. ) ;
#2204 = CARTESIAN_POINT ( 'NONE',  ( -101.3232182224359406, 1.000000000000000000, 24.01536559620939926 ) ) ;
#2205 = ORIENTED_EDGE ( 'NONE', *, *, #3116, .T. ) ;
#2206 = CARTESIAN_POINT ( 'NONE',  ( -260.8576000477226557, 5.000000000000000000, 7.086686038297435708 ) ) ;
#2207 = CARTESIAN_POINT ( 'NONE',  ( -113.0233135672802547, 5.000000000000000000, 27.31498970425841932 ) ) ;
#2208 = DIRECTION ( 'NONE',  ( 0.009789702757195484217, 0.000000000000000000, -0.9999520797117857906 ) ) ;
#2209 = CARTESIAN_POINT ( 'NONE',  ( -265.5219321219681774, 100.0000000000000000, 2.837808823443983997 ) ) ;
#2210 = DIRECTION ( 'NONE',  ( -0.06567303980416458464, 0.000000000000000000, 0.9978411957034448720 ) ) ;
#2211 = CARTESIAN_POINT ( 'NONE',  ( -114.4461369841751264, 0.000000000000000000, 8.572950441632642082 ) ) ;
#2212 = EDGE_CURVE ( 'NONE', #3019, #1136, #2342, .T. ) ;
#2213 = EDGE_CURVE ( 'NONE', #48, #1860, #3398, .T. ) ;
#2214 = DIRECTION ( 'NONE',  ( 0.6888675014067503488, 0.000000000000000000, 0.7248872777926377298 ) ) ;
#2215 = VERTEX_POINT ( 'NONE', #3702 ) ;
#2216 = AXIS2_PLACEMENT_3D ( 'NONE', #1333, #1017, #2745 ) ;
#2217 = VERTEX_POINT ( 'NONE', #1808 ) ;
#2218 = EDGE_CURVE ( 'NONE', #912, #2723, #873, .T. ) ;
#2219 = CARTESIAN_POINT ( 'NONE',  ( -176.7876453152389900, 1.000000000000000000, 23.01187967037942528 ) ) ;
#2220 = AXIS2_PLACEMENT_3D ( 'NONE', #3067, #2407, #1701 ) ;
#2221 = PLANE ( 'NONE',  #4020 ) ;
#2222 = VECTOR ( 'NONE', #3968, 1000.000000000000000 ) ;
#2223 = FACE_OUTER_BOUND ( 'NONE', #956, .T. ) ;
#2224 = VECTOR ( 'NONE', #586, 1000.000000000000114 ) ;
#2225 = AXIS2_PLACEMENT_3D ( 'NONE', #3058, #2417, #1788 ) ;
#2226 = VERTEX_POINT ( 'NONE', #2108 ) ;
#2227 = DIRECTION ( 'NONE',  ( 0.000000000000000000, 0.000000000000000000, 1.000000000000000000 ) ) ;
#2228 = LINE ( 'NONE', #3844, #2823 ) ;
#2229 = AXIS2_PLACEMENT_3D ( 'NONE', #248, #2192, #2208 ) ;
#2230 = DIRECTION ( 'NONE',  ( -0.02688405537843112716, 0.000000000000000000, -0.9996385584632124788 ) ) ;
#2231 = DIRECTION ( 'NONE',  ( 0.000000000000000000, 0.000000000000000000, 1.000000000000000000 ) ) ;
#2232 = AXIS2_PLACEMENT_3D ( 'NONE', #3373, #2390, #3677 ) ;
#2233 = VECTOR ( 'NONE', #953, 999.9999999999998863 ) ;
#2234 = CARTESIAN_POINT ( 'NONE',  ( -260.8337779118352842, 5.000000000000000000, 6.940564282544449348 ) ) ;
#2235 = CARTESIAN_POINT ( 'NONE',  ( -274.1238790086579797, 0.000000000000000000, 2.239275516313835368 ) ) ;
#2236 = CARTESIAN_POINT ( 'NONE',  ( -292.2254576542372888, 0.000000000000000000, 1.434434858989688255 ) ) ;
#2237 = DIRECTION ( 'NONE',  ( -0.9323279189447383208, 0.000000000000000000, 0.3616139537630891354 ) ) ;
#2238 = VERTEX_POINT ( 'NONE', #1191 ) ;
#2239 = EDGE_CURVE ( 'NONE', #978, #3097, #3459, .T. ) ;
#2240 = LINE ( 'NONE', #655, #1422 ) ;
#2241 = ORIENTED_EDGE ( 'NONE', *, *, #3953, .T. ) ;
#2242 = CARTESIAN_POINT ( 'NONE',  ( -253.9958914674861319, 1.000000000000000000, 8.257199300775997841 ) ) ;
#2243 = LINE ( 'NONE', #3813, #405 ) ;
#2244 = ORIENTED_EDGE ( 'NONE', *, *, #267, .T. ) ;
#2245 = ADVANCED_FACE ( 'NONE', ( #2478 ), #570, .F. ) ;
#2246 = ORIENTED_EDGE ( 'NONE', *, *, #2218, .F. ) ;
#2247 = LINE ( 'NONE', #2204, #1612 ) ;
#2248 = CARTESIAN_POINT ( 'NONE',  ( -205.8050231803894974, 1.000000000000000000, 18.58584189443870471 ) ) ;
#2249 = DIRECTION ( 'NONE',  ( 0.000000000000000000, 0.000000000000000000, 1.000000000000000000 ) ) ;
#2250 = LINE ( 'NONE', #1956, #3973 ) ;
#2251 = CARTESIAN_POINT ( 'NONE',  ( -211.3417734251275419, 4.999999999999999112, 8.954390679682628473 ) ) ;
#2252 = DIRECTION ( 'NONE',  ( 0.5264366558891728776, 0.000000000000000000, 0.8502143537580536536 ) ) ;
#2253 = CARTESIAN_POINT ( 'NONE',  ( -235.2543998497957318, 0.000000000000000000, 8.178382856835220593 ) ) ;
#2254 = CARTESIAN_POINT ( 'NONE',  ( -260.7043874911463490, 5.000000000000000888, 6.146900934099255309 ) ) ;
#2255 = VERTEX_POINT ( 'NONE', #1553 ) ;
#2256 = B_SPLINE_CURVE_WITH_KNOTS ( 'NONE', 3,
 ( #3727, #2715, #1411, #3380, #3663 ),
 .UNSPECIFIED., .F., .F.,
 ( 4, 1, 4 ),
 ( 0.06394385225186940969, 0.06792636788951803006, 0.07129914795764005775 ),
 .UNSPECIFIED. ) ;
#2257 = CARTESIAN_POINT ( 'NONE',  ( -148.6143614906593484, 5.000000000000000000, 25.96668747503425934 ) ) ;
#2258 = CARTESIAN_POINT ( 'NONE',  ( -258.2981813761767853, 4.999999999999999112, 7.708078090175606967 ) ) ;
#2259 = ORIENTED_EDGE ( 'NONE', *, *, #374, .F. ) ;
#2260 = ADVANCED_FACE ( 'NONE', ( #1468 ), #263, .F. ) ;
#2261 = EDGE_CURVE ( 'NONE', #1875, #3488, #860, .T. ) ;
#2262 = VERTEX_POINT ( 'NONE', #2190 ) ;
#2263 = EDGE_CURVE ( 'NONE', #1347, #2180, #2799, .T. ) ;
#2264 = ORIENTED_EDGE ( 'NONE', *, *, #1412, .T. ) ;
#2265 = CARTESIAN_POINT ( 'NONE',  ( -290.1604015055182231, 100.0000000000000000, 1.637864100023814773 ) ) ;
#2266 = VERTEX_POINT ( 'NONE', #4072 ) ;
#2267 = CARTESIAN_POINT ( 'NONE',  ( -176.6678089166222207, 1.000000000000000000, 11.21228085551892661 ) ) ;
#2268 = LINE ( 'NONE', #1651, #885 ) ;
#2269 = ADVANCED_FACE ( 'NONE', ( #516 ), #2780, .F. ) ;
#2270 = CARTESIAN_POINT ( 'NONE',  ( -260.9867192135900495, 5.000000000000000000, 7.878685561044819430 ) ) ;
#2271 = CARTESIAN_POINT ( 'NONE',  ( -300.0000000000000000, 100.0000000000000000, -0.1621621621621254228 ) ) ;
#2272 = DIRECTION ( 'NONE',  ( 0.7248872777925960964, 0.000000000000000000, -0.6888675014067942026 ) ) ;
#2273 = CARTESIAN_POINT ( 'NONE',  ( -232.3115810157009378, 0.000000000000000000, 8.287883865455365040 ) ) ;
#2274 = B_SPLINE_CURVE_WITH_KNOTS ( 'NONE', 3,
 ( #1299, #1677, #401, #709 ),
 .UNSPECIFIED., .F., .F.,
 ( 4, 4 ),
 ( 0.1686249144123743715, 0.1698163035733429860 ),
 .UNSPECIFIED. ) ;
#2275 = EDGE_CURVE ( 'NONE', #807, #1445, #4032, .T. ) ;
#2276 = FILL_AREA_STYLE ('',( #3580 ) ) ;
#2277 = VERTEX_POINT ( 'NONE', #3744 ) ;
#2278 = EDGE_CURVE ( 'NONE', #136, #3226, #2686, .T. ) ;
#2279 = CARTESIAN_POINT ( 'NONE',  ( -195.2076164545312622, 5.000000000000000000, 9.296761794846000626 ) ) ;
#2280 = VERTEX_POINT ( 'NONE', #533 ) ;
#2281 = EDGE_CURVE ( 'NONE', #3978, #2328, #497, .T. ) ;
#2282 = CARTESIAN_POINT ( 'NONE',  ( -112.2016622524414373, 5.000000000000000000, 28.10930200660903822 ) ) ;
#2283 = CARTESIAN_POINT ( 'NONE',  ( -300.0000000000000000, 100.0000000000000000, -0.1621621621621254228 ) ) ;
#2284 = ORIENTED_EDGE ( 'NONE', *, *, #3137, .T. ) ;
#2285 = VECTOR ( 'NONE', #1942, 1000.000000000000000 ) ;
#2286 = ORIENTED_EDGE ( 'NONE', *, *, #592, .T. ) ;
#2287 = ORIENTED_EDGE ( 'NONE', *, *, #182, .T. ) ;
#2288 = VECTOR ( 'NONE', #670, 1000.000000000000000 ) ;
#2289 = CARTESIAN_POINT ( 'NONE',  ( -229.3582028334795950, 1.000000000000000000, 8.390528732527807065 ) ) ;
#2290 = ORIENTED_EDGE ( 'NONE', *, *, #592, .F. ) ;
#2291 = CARTESIAN_POINT ( 'NONE',  ( -195.2932757709908458, 1.000000000000000000, 9.295140983670002299 ) ) ;
#2292 = DIRECTION ( 'NONE',  ( -0.000000000000000000, -1.000000000000000000, -0.000000000000000000 ) ) ;
#2293 = ORIENTED_EDGE ( 'NONE', *, *, #2239, .F. ) ;
#2294 = CARTESIAN_POINT ( 'NONE',  ( -196.6081031911394916, 5.000000000000000000, 20.12345569134049938 ) ) ;
#2295 = FACE_OUTER_BOUND ( 'NONE', #2915, .T. ) ;
#2296 = VECTOR ( 'NONE', #3160, 1000.000000000000000 ) ;
#2297 = DIRECTION ( 'NONE',  ( -0.000000000000000000, -1.000000000000000000, -0.000000000000000000 ) ) ;
#2298 = CARTESIAN_POINT ( 'NONE',  ( -63.30337484742598519, 1.000000000000000000, 61.45559214547110116 ) ) ;
#2299 = VECTOR ( 'NONE', #2230, 1000.000000000000000 ) ;
#2300 = EDGE_CURVE ( 'NONE', #801, #123, #1869, .T. ) ;
#2301 = VECTOR ( 'NONE', #1499, 1000.000000000000000 ) ;
#2302 = CARTESIAN_POINT ( 'NONE',  ( -164.2408507529935378, 1.000000000000000000, 24.50836570392766944 ) ) ;
#2303 = EDGE_LOOP ( 'NONE', ( #1998, #307, #1820, #3002 ) ) ;
#2304 = CARTESIAN_POINT ( 'NONE',  ( -270.6058122691740664, 0.000000000000000000, 7.731282320555687093 ) ) ;
#2305 = CARTESIAN_POINT ( 'NONE',  ( -186.5008850721248166, 0.000000000000000000, 17.52013478580609984 ) ) ;
#2306 = ORIENTED_EDGE ( 'NONE', *, *, #3090, .T. ) ;
#2307 = EDGE_CURVE ( 'NONE', #3716, #598, #92, .T. ) ;
#2308 = LINE ( 'NONE', #2324, #1944 ) ;
#2309 = VERTEX_POINT ( 'NONE', #2267 ) ;
#2310 = ORIENTED_EDGE ( 'NONE', *, *, #1857, .F. ) ;
#2311 = CYLINDRICAL_SURFACE ( 'NONE', #3092, 0.5999999999999963141 ) ;
#2312 = CARTESIAN_POINT ( 'NONE',  ( -65.70031221889381357, 0.000000000000000000, -69.13567613106708620 ) ) ;
#2313 = DIRECTION ( 'NONE',  ( -0.000000000000000000, -1.000000000000000000, -0.000000000000000000 ) ) ;
#2314 = CARTESIAN_POINT ( 'NONE',  ( -198.2885456126803945, 1.000000000000000000, 12.30571890102891786 ) ) ;
#2315 = ORIENTED_EDGE ( 'NONE', *, *, #3773, .F. ) ;
#2316 = CARTESIAN_POINT ( 'NONE',  ( -177.5836095251302993, 1.000000000000000000, 22.90797145725655781 ) ) ;
#2317 = CARTESIAN_POINT ( 'NONE',  ( -250.7667120139427368, 2.602085213965210642E-15, 10.33830807117639772 ) ) ;
#2318 = CARTESIAN_POINT ( 'NONE',  ( -257.3232957683678137, 1.000000000000000000, 7.145360437424209010 ) ) ;
#2319 = PLANE ( 'NONE',  #490 ) ;
#2320 = ADVANCED_FACE ( 'NONE', ( #362 ), #1931, .F. ) ;
#2321 = CARTESIAN_POINT ( 'NONE',  ( -269.9384435895149750, 100.0000000000000000, 3.340010526439053606 ) ) ;
#2322 = ORIENTED_EDGE ( 'NONE', *, *, #1846, .F. ) ;
#2323 = CARTESIAN_POINT ( 'NONE',  ( -267.1688184859924604, 0.000000000000000000, 8.607714735570331399 ) ) ;
#2324 = CARTESIAN_POINT ( 'NONE',  ( -132.7570444405470198, 1.000000000000000000, 9.255407141683583916 ) ) ;
#2325 = ORIENTED_EDGE ( 'NONE', *, *, #218, .F. ) ;
#2326 = EDGE_LOOP ( 'NONE', ( #1660, #3298, #119, #2470 ) ) ;
#2327 = EDGE_CURVE ( 'NONE', #770, #896, #3225, .T. ) ;
#2328 = VERTEX_POINT ( 'NONE', #3536 ) ;
#2329 = CARTESIAN_POINT ( 'NONE',  ( -112.3038216628890495, 0.000000000000000000, 24.31067548444904958 ) ) ;
#2330 = ORIENTED_EDGE ( 'NONE', *, *, #1866, .F. ) ;
#2331 = DIRECTION ( 'NONE',  ( 0.01073934591757915065, 0.000000000000000000, 0.9999423315618068964 ) ) ;
#2332 = CARTESIAN_POINT ( 'NONE',  ( -112.7508309264629105, 0.000000000000000000, 7.689384925052574538 ) ) ;
#2333 = CARTESIAN_POINT ( 'NONE',  ( -297.6249865866503796, 0.000000000000000000, 0.7942685039368116984 ) ) ;
#2334 = CARTESIAN_POINT ( 'NONE',  ( -257.7587715430227604, 5.000000000000000000, 8.668068884507714955 ) ) ;
#2335 = EDGE_CURVE ( 'NONE', #3874, #3110, #2560, .T. ) ;
#2336 = CARTESIAN_POINT ( 'NONE',  ( -219.6165091063904526, 5.000000000000000000, 16.96789906232488221 ) ) ;
#2337 = LINE ( 'NONE', #2667, #1947 ) ;
#2338 = CARTESIAN_POINT ( 'NONE',  ( -189.2171736390283456, 1.000000000000000000, 21.27124392882353732 ) ) ;
#2339 = CARTESIAN_POINT ( 'NONE',  ( -266.3727187654359341, 0.000000000000000000, 3.583167371675653801 ) ) ;
#2340 = ORIENTED_EDGE ( 'NONE', *, *, #161, .F. ) ;
#2341 = EDGE_CURVE ( 'NONE', #418, #3082, #2228, .T. ) ;
#2342 = B_SPLINE_CURVE_WITH_KNOTS ( 'NONE', 3,
 ( #2503, #3418, #1513, #824 ),
 .UNSPECIFIED., .F., .F.,
 ( 4, 4 ),
 ( 0.1846019620077082868, 0.1857391244726130652 ),
 .UNSPECIFIED. ) ;
#2343 = FACE_BOUND ( 'NONE', #330, .T. ) ;
#2344 = ORIENTED_EDGE ( 'NONE', *, *, #1967, .T. ) ;
#2345 = ORIENTED_EDGE ( 'NONE', *, *, #1239, .F. ) ;
#2346 = ORIENTED_EDGE ( 'NONE', *, *, #3790, .F. ) ;
#2347 = ORIENTED_EDGE ( 'NONE', *, *, #392, .F. ) ;
#2348 = DIRECTION ( 'NONE',  ( -0.8384013079251283473, 0.000000000000000000, -0.5450534348753653946 ) ) ;
#2349 = VECTOR ( 'NONE', #293, 1000.000000000000000 ) ;
#2350 = CARTESIAN_POINT ( 'NONE',  ( -132.0558163129703644, 1.000000000000000000, 26.96303150527401016 ) ) ;
#2351 = CARTESIAN_POINT ( 'NONE',  ( -214.5587885290373436, 1.000000000000000000, 9.130893093766108137 ) ) ;
#2352 = CARTESIAN_POINT ( 'NONE',  ( -277.4549981297886347, 0.000000000000000000, 6.762558882627204504 ) ) ;
#2353 = UNCERTAINTY_MEASURE_WITH_UNIT (LENGTH_MEASURE( 1.000000000000000082E-05 ), #2458, 'distance_accuracy_value', 'NONE');
#2354 = ORIENTED_EDGE ( 'NONE', *, *, #1909, .T. ) ;
#2355 = CARTESIAN_POINT ( 'NONE',  ( -259.4640068570271865, 2.602085213965210642E-15, 8.261595196955697773 ) ) ;
#2356 = CARTESIAN_POINT ( 'NONE',  ( -189.6260852338946847, 5.000000000000000000, 21.20989853768408295 ) ) ;
#2357 = VECTOR ( 'NONE', #1861, 1000.000000000000000 ) ;
#2358 = VECTOR ( 'NONE', #3304, 1000.000000000000000 ) ;
#2359 = LINE ( 'NONE', #1469, #1215 ) ;
#2360 = CARTESIAN_POINT ( 'NONE',  ( -132.8079613817489815, 100.0000000000000000, 8.488640521341494605 ) ) ;
#2361 = VECTOR ( 'NONE', #907, 1000.000000000000000 ) ;
#2362 = ORIENTED_EDGE ( 'NONE', *, *, #109, .F. ) ;
#2363 = DIRECTION ( 'NONE',  ( -0.6632824914856161325, 0.000000000000000000, 0.7483691178079394657 ) ) ;
#2364 = VECTOR ( 'NONE', #18, 1000.000000000000000 ) ;
#2365 = AXIS2_PLACEMENT_3D ( 'NONE', #1164, #167, #526 ) ;
#2366 = EDGE_CURVE ( 'NONE', #2740, #3041, #2448, .T. ) ;
#2367 = VERTEX_POINT ( 'NONE', #4131 ) ;
#2368 = ORIENTED_EDGE ( 'NONE', *, *, #3360, .F. ) ;
#2369 = ORIENTED_EDGE ( 'NONE', *, *, #993, .F. ) ;
#2370 = ORIENTED_EDGE ( 'NONE', *, *, #1934, .T. ) ;
#2371 = DIRECTION ( 'NONE',  ( 0.000000000000000000, 0.000000000000000000, -1.000000000000000000 ) ) ;
#2372 = ORIENTED_EDGE ( 'NONE', *, *, #3919, .F. ) ;
#2373 = DIRECTION ( 'NONE',  ( 0.000000000000000000, 1.000000000000000000, 0.000000000000000000 ) ) ;
#2374 = CARTESIAN_POINT ( 'NONE',  ( -248.4092376083339389, 100.0000000000000000, -62.58141432606363708 ) ) ;
#2375 = FACE_OUTER_BOUND ( 'NONE', #2056, .T. ) ;
#2376 = CARTESIAN_POINT ( 'NONE',  ( -112.7120578240558046, 5.000000000000000000, 28.11340712263204367 ) ) ;
#2377 = CARTESIAN_POINT ( 'NONE',  ( -258.2981813761767853, 0.000000000000000000, 7.708078090175606967 ) ) ;
#2378 = CARTESIAN_POINT ( 'NONE',  ( -266.5886069376114733, 0.000000000000000000, 9.579359346406523201 ) ) ;
#2379 = CARTESIAN_POINT ( 'NONE',  ( -264.6795704296161489, 0.000000000000000000, 5.899739385249729295 ) ) ;
#2380 = ORIENTED_EDGE ( 'NONE', *, *, #3011, .F. ) ;
#2381 = CARTESIAN_POINT ( 'NONE',  ( -211.3417734251275419, 4.999999999999999112, 8.954390679682628473 ) ) ;
#2382 = ORIENTED_EDGE ( 'NONE', *, *, #1264, .F. ) ;
#2383 = VERTEX_POINT ( 'NONE', #3256 ) ;
#2384 = ORIENTED_EDGE ( 'NONE', *, *, #3773, .T. ) ;
#2385 = CARTESIAN_POINT ( 'NONE',  ( -260.8576000477224284, 4.999999999999999112, 7.086686038297494328 ) ) ;
#2386 = EDGE_CURVE ( 'NONE', #2792, #1652, #3239, .T. ) ;
#2387 = CARTESIAN_POINT ( 'NONE',  ( -92.50000000000000000, 5.000000000000000000, 16.74722354252675771 ) ) ;
#2388 = FACE_OUTER_BOUND ( 'NONE', #833, .T. ) ;
#2389 = EDGE_CURVE ( 'NONE', #837, #364, #3163, .T. ) ;
#2390 = DIRECTION ( 'NONE',  ( 0.6888675014067494606, 0.000000000000000000, 0.7248872777926386179 ) ) ;
#2391 = PRODUCT_DEFINITION_CONTEXT ( 'detailed design', #4096, 'design' ) ;
#2392 = EDGE_CURVE ( 'NONE', #2383, #1347, #2937, .T. ) ;
#2393 = CARTESIAN_POINT ( 'NONE',  ( -63.30337484742598519, 1.000000000000000000, 61.45559214547110116 ) ) ;
#2394 = CARTESIAN_POINT ( 'NONE',  ( -130.8533786264967773, 5.000000000000000000, 27.04426762654682648 ) ) ;
#2395 = CARTESIAN_POINT ( 'NONE',  ( -185.1358567695112640, 0.000000000000000000, 21.87946655433910337 ) ) ;
#2396 = LINE ( 'NONE', #3315, #821 ) ;
#2397 = ADVANCED_FACE ( 'NONE', ( #57 ), #3552, .T. ) ;
#2398 = CARTESIAN_POINT ( 'NONE',  ( -265.7189512413809211, 100.0000000000000000, 5.831332410556393064 ) ) ;
#2399 = ORIENTED_EDGE ( 'NONE', *, *, #3575, .T. ) ;
#2400 = DIRECTION ( 'NONE',  ( -0.7248872777925944311, 0.000000000000000000, 0.6888675014067959790 ) ) ;
#2401 = DIRECTION ( 'NONE',  ( -0.000000000000000000, -1.000000000000000000, -0.000000000000000000 ) ) ;
#2402 = ADVANCED_FACE ( 'NONE', ( #1607 ), #39, .F. ) ;
#2403 = ORIENTED_EDGE ( 'NONE', *, *, #2468, .T. ) ;
#2404 = ORIENTED_EDGE ( 'NONE', *, *, #1376, .T. ) ;
#2405 = ADVANCED_FACE ( 'NONE', ( #3802 ), #3881, .F. ) ;
#2406 = ORIENTED_EDGE ( 'NONE', *, *, #2366, .T. ) ;
#2407 = DIRECTION ( 'NONE',  ( -0.9999982381285569266, 0.000000000000000000, -0.001877162694616514626 ) ) ;
#2408 = ORIENTED_EDGE ( 'NONE', *, *, #171, .T. ) ;
#2409 = CARTESIAN_POINT ( 'NONE',  ( -252.9784568474884736, 5.000000000000000000, -41.24291343747756855 ) ) ;
#2410 = ORIENTED_EDGE ( 'NONE', *, *, #109, .T. ) ;
#2411 = CARTESIAN_POINT ( 'NONE',  ( -110.8602916485772312, 1.000000000000000000, 91.20327453574235221 ) ) ;
#2412 = CARTESIAN_POINT ( 'NONE',  ( -295.2960495105454584, 100.0000000000000000, 0.3249056940346981004 ) ) ;
#2413 = CARTESIAN_POINT ( 'NONE',  ( -290.3110310810180863, 100.0000000000000000, 3.099905874896820901 ) ) ;
#2414 = AXIS2_PLACEMENT_3D ( 'NONE', #828, #2112, #3402 ) ;
#2415 = LINE ( 'NONE', #1493, #2426 ) ;
#2416 = CARTESIAN_POINT ( 'NONE',  ( -123.3137327467875792, -8.673617379884035472E-16, 27.25623171729949945 ) ) ;
#2417 = DIRECTION ( 'NONE',  ( -0.9996385584632013765, 0.000000000000000000, 0.02688405537884490035 ) ) ;
#2418 = VECTOR ( 'NONE', #2857, 1000.000000000000114 ) ;
#2419 = CARTESIAN_POINT ( 'NONE',  ( -282.4215676321936712, 100.0000000000000000, 1.563290642043225098 ) ) ;
#2420 = EDGE_LOOP ( 'NONE', ( #2325, #3709, #2549, #3996 ) ) ;
#2421 = VECTOR ( 'NONE', #2926, 1000.000000000000000 ) ;
#2422 = VECTOR ( 'NONE', #1488, 1000.000000000000000 ) ;
#2423 = FACE_OUTER_BOUND ( 'NONE', #2943, .T. ) ;
#2424 = CARTESIAN_POINT ( 'NONE',  ( -164.3945645426477427, 0.000000000000000000, 9.632322640913395517 ) ) ;
#2425 = EDGE_CURVE ( 'NONE', #1541, #3283, #2901, .T. ) ;
#2426 = VECTOR ( 'NONE', #261, 1000.000000000000000 ) ;
#2427 = VECTOR ( 'NONE', #888, 1000.000000000000114 ) ;
#2428 = ORIENTED_EDGE ( 'NONE', *, *, #988, .F. ) ;
#2429 = ORIENTED_EDGE ( 'NONE', *, *, #1746, .T. ) ;
#2430 = AXIS2_PLACEMENT_3D ( 'NONE', #223, #1893, #3180 ) ;
#2431 = ORIENTED_EDGE ( 'NONE', *, *, #108, .T. ) ;
#2432 = EDGE_LOOP ( 'NONE', ( #3392, #1291, #3045, #3451 ) ) ;
#2433 = AXIS2_PLACEMENT_3D ( 'NONE', #1728, #3012, #612 ) ;
#2434 = DIRECTION ( 'NONE',  ( -0.6888675014067960900, 0.000000000000000000, -0.7248872777925943200 ) ) ;
#2435 = EDGE_CURVE ( 'NONE', #2677, #2255, #3201, .T. ) ;
#2436 = VERTEX_POINT ( 'NONE', #2206 ) ;
#2437 = CARTESIAN_POINT ( 'NONE',  ( -111.8337132111004166, 1.000000000000000000, 11.46609414118741910 ) ) ;
#2438 = LINE ( 'NONE', #2104, #1680 ) ;
#2439 = CARTESIAN_POINT ( 'NONE',  ( -282.4215676329395706, 100.0000000000000000, 1.563290641976436968 ) ) ;
#2440 = APPLICATION_PROTOCOL_DEFINITION ( 'draft international standard', 'automotive_design', 1998, #4096 ) ;
#2441 = CARTESIAN_POINT ( 'NONE',  ( -257.3232957683678137, 1.000000000000000000, 7.145360437424209010 ) ) ;
#2442 = CARTESIAN_POINT ( 'NONE',  ( -265.3338636067449556, 100.0000000000000000, 6.801727551363130786 ) ) ;
#2443 = LINE ( 'NONE', #2842, #1074 ) ;
#2444 = CARTESIAN_POINT ( 'NONE',  ( -297.6853304518525078, 100.0000000000000000, 0.07763497805441094135 ) ) ;
#2445 = DIRECTION ( 'NONE',  ( 0.000000000000000000, 0.000000000000000000, -1.000000000000000000 ) ) ;
#2446 = FACE_OUTER_BOUND ( 'NONE', #3264, .T. ) ;
#2447 = EDGE_CURVE ( 'NONE', #444, #1380, #3496, .T. ) ;
#2448 = B_SPLINE_CURVE_WITH_KNOTS ( 'NONE', 3,
 ( #1977, #1253, #3198, #334, #2919 ),
 .UNSPECIFIED., .F., .F.,
 ( 4, 1, 4 ),
 ( 0.07660540888411303262, 0.07759797097803879107, 0.07782290234709555998 ),
 .UNSPECIFIED. ) ;
#2449 = ORIENTED_EDGE ( 'NONE', *, *, #3456, .T. ) ;
#2450 = CARTESIAN_POINT ( 'NONE',  ( -190.1008991201991307, 5.000000000000000000, 21.13815334312000260 ) ) ;
#2451 = ORIENTED_EDGE ( 'NONE', *, *, #3754, .T. ) ;
#2452 = VERTEX_POINT ( 'NONE', #2875 ) ;
#2453 = CARTESIAN_POINT ( 'NONE',  ( -300.0000000000000000, 100.0000000000000000, 0.000000000000000000 ) ) ;
#2454 = ORIENTED_EDGE ( 'NONE', *, *, #1264, .T. ) ;
#2455 = CARTESIAN_POINT ( 'NONE',  ( -252.1093834269217382, 1.000000000000000000, 7.096528009673861881 ) ) ;
#2456 = DIRECTION ( 'NONE',  ( 0.9996385584632171417, 0.000000000000000000, -0.02688405537825784564 ) ) ;
#2457 = CARTESIAN_POINT ( 'NONE',  ( -274.1238790097720539, 0.000000000000000000, 2.239275516227556828 ) ) ;
#2458 =( LENGTH_UNIT ( ) NAMED_UNIT ( * ) SI_UNIT ( .MILLI., .METRE. ) );
#2459 = B_SPLINE_CURVE_WITH_KNOTS ( 'NONE', 3,
 ( #3377, #3993, #2395, #495, #3666 ),
 .UNSPECIFIED., .F., .F.,
 ( 4, 1, 4 ),
 ( 0.1161882401421125699, 0.1162843833321219045, 0.1267287432340078457 ),
 .UNSPECIFIED. ) ;
#2460 = DIRECTION ( 'NONE',  ( -0.7248872777926379518, 0.000000000000000000, 0.6888675014067502378 ) ) ;
#2461 = DIRECTION ( 'NONE',  ( -0.6888675014067510149, 0.000000000000000000, -0.7248872777926371747 ) ) ;
#2462 = CARTESIAN_POINT ( 'NONE',  ( -295.2192840322443317, 100.0000000000000000, 1.574556936932530737 ) ) ;
#2463 = EDGE_CURVE ( 'NONE', #364, #837, #737, .T. ) ;
#2464 = CARTESIAN_POINT ( 'NONE',  ( -252.9784568474884736, 100.0000000000000000, -41.24291343747756855 ) ) ;
#2465 = PRODUCT_RELATED_PRODUCT_CATEGORY ( 'part', '', ( #1715 ) ) ;
#2466 = LINE ( 'NONE', #887, #3498 ) ;
#2467 = CARTESIAN_POINT ( 'NONE',  ( -264.2871590456990702, 5.000000000000004441, 7.064132261342629171 ) ) ;
#2468 = EDGE_CURVE ( 'NONE', #3716, #3966, #3658, .T. ) ;
#2469 = VERTEX_POINT ( 'NONE', #772 ) ;
#2470 = ORIENTED_EDGE ( 'NONE', *, *, #2137, .T. ) ;
#2471 = EDGE_LOOP ( 'NONE', ( #1647, #2345, #185, #84 ) ) ;
#2472 = CARTESIAN_POINT ( 'NONE',  ( -195.2932757709908458, 0.000000000000000000, 9.295140983670002299 ) ) ;
#2473 = DIRECTION ( 'NONE',  ( 0.02688405537825821340, 0.000000000000000000, 0.9996385584632171417 ) ) ;
#2474 = CARTESIAN_POINT ( 'NONE',  ( -140.1163786704159406, 5.000000000000000000, 26.58487205923219676 ) ) ;
#2475 = B_SPLINE_CURVE_WITH_KNOTS ( 'NONE', 3,
 ( #2519, #1831, #3119, #3726, #3803, #264, #1851, #843 ),
 .UNSPECIFIED., .F., .F.,
 ( 4, 1, 1, 1, 1, 4 ),
 ( 0.7024439672986638739, 0.7171398451842925237, 0.7318357230699212845, 0.7612274788411785842, 0.7906192346124359949, 0.8185168651124827832 ),
 .UNSPECIFIED. ) ;
#2476 = CARTESIAN_POINT ( 'NONE',  ( -164.9945637137975609, 0.000000000000000000, 9.631325334794968995 ) ) ;
#2477 = CARTESIAN_POINT ( 'NONE',  ( -293.2676002059585585, 0.000000000000000000, 1.330312713632799237 ) ) ;
#2478 = FACE_OUTER_BOUND ( 'NONE', #1567, .T. ) ;
#2479 = DIRECTION ( 'NONE',  ( -0.000000000000000000, -1.000000000000000000, -0.000000000000000000 ) ) ;
#2480 = ORIENTED_EDGE ( 'NONE', *, *, #218, .T. ) ;
#2481 = LINE ( 'NONE', #924, #1896 ) ;
#2482 = EDGE_CURVE ( 'NONE', #3353, #38, #1433, .T. ) ;
#2483 = CARTESIAN_POINT ( 'NONE',  ( -181.9422981977752727, 0.000000000000000000, 9.510148240880972992 ) ) ;
#2484 = AXIS2_PLACEMENT_3D ( 'NONE', #1461, #1186, #3393 ) ;
#2485 = DIRECTION ( 'NONE',  ( -0.6965575549846625414, 0.000000000000000000, -0.7175009216675536372 ) ) ;
#2486 = CARTESIAN_POINT ( 'NONE',  ( -229.3582028334795666, 5.000000000000000000, 8.390528732527842593 ) ) ;
#2487 = VERTEX_POINT ( 'NONE', #1427 ) ;
#2488 = LINE ( 'NONE', #2788, #3906 ) ;
#2489 = ORIENTED_EDGE ( 'NONE', *, *, #430, .F. ) ;
#2490 = COLOUR_RGB ( '',0.7921568627450980005, 0.8196078431372548767, 0.9333333333333333481 ) ;
#2491 = VECTOR ( 'NONE', #1631, 1000.000000000000000 ) ;
#2492 = EDGE_CURVE ( 'NONE', #1070, #2217, #1815, .T. ) ;
#2493 = ORIENTED_EDGE ( 'NONE', *, *, #2392, .F. ) ;
#2494 = FACE_OUTER_BOUND ( 'NONE', #3233, .T. ) ;
#2495 = CIRCLE ( 'NONE', #3638, 5.250000000000004441 ) ;
#2496 = CARTESIAN_POINT ( 'NONE',  ( -253.9958914674861319, 1.000000000000000000, 8.257199300776001394 ) ) ;
#2497 = ORIENTED_EDGE ( 'NONE', *, *, #1412, .F. ) ;
#2498 = DIRECTION ( 'NONE',  ( 0.000000000000000000, -1.000000000000000000, 0.000000000000000000 ) ) ;
#2499 = DIRECTION ( 'NONE',  ( 0.000000000000000000, -1.000000000000000000, 0.000000000000000000 ) ) ;
#2500 = VECTOR ( 'NONE', #3884, 1000.000000000000000 ) ;
#2501 = VERTEX_POINT ( 'NONE', #1038 ) ;
#2502 = CARTESIAN_POINT ( 'NONE',  ( -255.9569238316250051, 1.000000000000000000, 7.221693607041653529 ) ) ;
#2503 = CARTESIAN_POINT ( 'NONE',  ( -257.2258798309413805, 1.000000000000000000, 7.965643754235381735 ) ) ;
#2504 = CARTESIAN_POINT ( 'NONE',  ( -266.5886069376114733, 100.0000000000000000, 9.579359346406523201 ) ) ;
#2505 = LINE ( 'NONE', #4057, #3386 ) ;
#2506 = CARTESIAN_POINT ( 'NONE',  ( -251.2599553491614586, 1.000000000000000000, 7.469793837381652146 ) ) ;
#2507 = CARTESIAN_POINT ( 'NONE',  ( -242.2742822202742730, 0.000000000000000000, 10.82809221147424239 ) ) ;
#2508 = PLANE ( 'NONE',  #1480 ) ;
#2509 = ORIENTED_EDGE ( 'NONE', *, *, #2386, .F. ) ;
#2510 = LINE ( 'NONE', #580, #2902 ) ;
#2511 = ORIENTED_EDGE ( 'NONE', *, *, #4124, .F. ) ;
#2512 = CARTESIAN_POINT ( 'NONE',  ( -98.50963659386690097, 5.000000000000000000, 24.73998702017675910 ) ) ;
#2513 = LINE ( 'NONE', #2870, #2285 ) ;
#2514 = FACE_BOUND ( 'NONE', #1863, .T. ) ;
#2515 = ORIENTED_EDGE ( 'NONE', *, *, #1746, .F. ) ;
#2516 = EDGE_CURVE ( 'NONE', #128, #1479, #545, .T. ) ;
#2517 = PLANE ( 'NONE',  #1279 ) ;
#2518 = CARTESIAN_POINT ( 'NONE',  ( -176.6516727355069918, 1.000000000000000000, 9.564078834987554956 ) ) ;
#2519 = CARTESIAN_POINT ( 'NONE',  ( -113.5285485838878117, 5.000000000000000000, 8.528672068350854119 ) ) ;
#2520 = EDGE_CURVE ( 'NONE', #2266, #2740, #1065, .T. ) ;
#2521 = CARTESIAN_POINT ( 'NONE',  ( -267.1688184859924604, 0.000000000000000000, 8.607714735570329623 ) ) ;
#2522 = CARTESIAN_POINT ( 'NONE',  ( -200.0784814544905714, -8.673617379884035472E-16, 9.204691840947750947 ) ) ;
#2523 = DIRECTION ( 'NONE',  ( 0.9996385584632171417, 0.000000000000000000, -0.02688405537825784564 ) ) ;
#2524 = LINE ( 'NONE', #927, #3901 ) ;
#2525 = ADVANCED_FACE ( 'NONE', ( #2388 ), #3613, .F. ) ;
#2526 = FACE_OUTER_BOUND ( 'NONE', #961, .T. ) ;
#2527 = EDGE_CURVE ( 'NONE', #2189, #977, #795, .T. ) ;
#2528 = B_SPLINE_CURVE_WITH_KNOTS ( 'NONE', 3,
 ( #3080, #2091, #2738, #521 ),
 .UNSPECIFIED., .F., .F.,
 ( 4, 4 ),
 ( 0.9162051185496327133, 0.9209408747219440805 ),
 .UNSPECIFIED. ) ;
#2529 = EDGE_LOOP ( 'NONE', ( #4004, #115, #3107, #783, #750 ) ) ;
#2530 = CARTESIAN_POINT ( 'NONE',  ( -92.50000000000000000, 1.000000000000000000, 16.74722354252675771 ) ) ;
#2531 = CARTESIAN_POINT ( 'NONE',  ( -133.9566291355076828, 0.000000000000000000, 9.286974893465002268 ) ) ;
#2532 = EDGE_LOOP ( 'NONE', ( #53, #2354, #2017 ) ) ;
#2533 = CARTESIAN_POINT ( 'NONE',  ( -268.3117575011437452, 0.000000000000000000, 8.318369645160963444 ) ) ;
#2534 = ORIENTED_EDGE ( 'NONE', *, *, #4152, .F. ) ;
#2535 = CARTESIAN_POINT ( 'NONE',  ( -114.4461369841751264, 1.000000000000000000, 8.572950441632642082 ) ) ;
#2536 = DIRECTION ( 'NONE',  ( -0.9996385584632171417, 0.000000000000000000, 0.02688405537825821687 ) ) ;
#2537 = PLANE ( 'NONE',  #3712 ) ;
#2538 = EDGE_CURVE ( 'NONE', #837, #3739, #2710, .T. ) ;
#2539 = CARTESIAN_POINT ( 'NONE',  ( 0.000000000000000000, 5.000000000000000000, 0.000000000000000000 ) ) ;
#2540 = CARTESIAN_POINT ( 'NONE',  ( -260.7629341024528458, 5.000000000000000000, 6.944829825261212619 ) ) ;
#2541 = CARTESIAN_POINT ( 'NONE',  ( -132.0558163129703644, 1.000000000000000000, 26.96303150527401016 ) ) ;
#2542 = DIRECTION ( 'NONE',  ( 0.000000000000000000, -1.000000000000000000, 0.000000000000000000 ) ) ;
#2543 = CARTESIAN_POINT ( 'NONE',  ( -253.4491931162218350, 1.000000000000000000, 8.860130738839920639 ) ) ;
#2544 = ORIENTED_EDGE ( 'NONE', *, *, #3647, .F. ) ;
#2545 = VECTOR ( 'NONE', #3565, 1000.000000000000000 ) ;
#2546 = EDGE_CURVE ( 'NONE', #3731, #1796, #106, .T. ) ;
#2547 = CARTESIAN_POINT ( 'NONE',  ( -241.8170280064097994, 4.999999999999999112, 11.49717890542821586 ) ) ;
#2548 = VECTOR ( 'NONE', #902, 1000.000000000000000 ) ;
#2549 = ORIENTED_EDGE ( 'NONE', *, *, #869, .F. ) ;
#2550 = DIRECTION ( 'NONE',  ( -0.02646596929541375487, 0.000000000000000000, -0.9996497148847961478 ) ) ;
#2551 = CARTESIAN_POINT ( 'NONE',  ( -267.1688184859924604, 100.0000000000000000, 8.607714735570329623 ) ) ;
#2552 = VECTOR ( 'NONE', #2626, 1000.000000000000114 ) ;
#2553 = ORIENTED_EDGE ( 'NONE', *, *, #3360, .T. ) ;
#2554 = AXIS2_PLACEMENT_3D ( 'NONE', #2777, #901, #1512 ) ;
#2555 = VECTOR ( 'NONE', #511, 1000.000000000000114 ) ;
#2556 = EDGE_LOOP ( 'NONE', ( #1619, #1508, #2893, #1400 ) ) ;
#2557 = CARTESIAN_POINT ( 'NONE',  ( -249.1368135664689305, 1.000000000000000000, 9.351542746965732178 ) ) ;
#2558 = ORIENTED_EDGE ( 'NONE', *, *, #4091, .T. ) ;
#2559 = VECTOR ( 'NONE', #3928, 1000.000000000000000 ) ;
#2560 = LINE ( 'NONE', #4150, #2418 ) ;
#2561 = VECTOR ( 'NONE', #850, 1000.000000000000000 ) ;
#2562 = CARTESIAN_POINT ( 'NONE',  ( -256.5013673900662639, 1.000000000000000000, 6.826566197170057748 ) ) ;
#2563 = DIRECTION ( 'NONE',  ( -0.000000000000000000, -1.000000000000000000, -0.000000000000000000 ) ) ;
#2564 = CIRCLE ( 'NONE', #809, 0.5999999999999928724 ) ;
#2565 = CARTESIAN_POINT ( 'NONE',  ( -238.7714202541392581, 0.000000000000000000, 8.602907938277796873 ) ) ;
#2566 = PLANE ( 'NONE',  #1268 ) ;
#2567 = CARTESIAN_POINT ( 'NONE',  ( -195.2964886728849763, 1.000000000000000000, 9.338690884104865475 ) ) ;
#2568 = CARTESIAN_POINT ( 'NONE',  ( -50.02817683524102677, 1.000000000000000000, -52.64406993357871301 ) ) ;
#2569 = ORIENTED_EDGE ( 'NONE', *, *, #1278, .F. ) ;
#2570 = EDGE_CURVE ( 'NONE', #483, #703, #2041, .T. ) ;
#2571 = CARTESIAN_POINT ( 'NONE',  ( -233.8306288034547435, 1.000000000000000000, 12.64071906907934739 ) ) ;
#2572 = ORIENTED_EDGE ( 'NONE', *, *, #2520, .T. ) ;
#2573 = PLANE ( 'NONE',  #1882 ) ;
#2574 = CARTESIAN_POINT ( 'NONE',  ( -102.2995470815227037, 1.000000000000000000, 21.28692364242536073 ) ) ;
#2575 = ORIENTED_EDGE ( 'NONE', *, *, #4139, .T. ) ;
#2576 = EDGE_CURVE ( 'NONE', #235, #3401, #3372, .T. ) ;
#2577 = ORIENTED_EDGE ( 'NONE', *, *, #4080, .F. ) ;
#2578 = ORIENTED_EDGE ( 'NONE', *, *, #900, .T. ) ;
#2579 = DIRECTION ( 'NONE',  ( 0.000000000000000000, 0.000000000000000000, -1.000000000000000000 ) ) ;
#2580 = EDGE_CURVE ( 'NONE', #2004, #1922, #449, .T. ) ;
#2581 = CARTESIAN_POINT ( 'NONE',  ( -165.6191970516856031, 1.000000000000000000, 22.75338312714269051 ) ) ;
#2582 = CARTESIAN_POINT ( 'NONE',  ( -164.3945645426477427, 1.000000000000000000, 9.632322640913395517 ) ) ;
#2583 = CARTESIAN_POINT ( 'NONE',  ( -237.8803495755753659, 5.000000000000000000, 13.20663139703280642 ) ) ;
#2584 = DIRECTION ( 'NONE',  ( -0.8384013079251284584, 0.000000000000000000, -0.5450534348753652836 ) ) ;
#2585 = CARTESIAN_POINT ( 'NONE',  ( -287.7366072063900901, 0.000000000000000000, 1.077373546353734390 ) ) ;
#2586 = ADVANCED_FACE ( 'NONE', ( #2015 ), #1721, .T. ) ;
#2587 = CARTESIAN_POINT ( 'NONE',  ( -113.0233135672802547, 0.000000000000000000, 27.31498970425841932 ) ) ;
#2588 = EDGE_CURVE ( 'NONE', #163, #68, #399, .T. ) ;
#2589 = DIRECTION ( 'NONE',  ( 0.000000000000000000, -1.000000000000000000, 0.000000000000000000 ) ) ;
#2590 = ORIENTED_EDGE ( 'NONE', *, *, #1430, .F. ) ;
#2591 = EDGE_CURVE ( 'NONE', #1332, #4045, #2683, .T. ) ;
#2592 = CARTESIAN_POINT ( 'NONE',  ( -133.5305144212671280, 1.000000000000000000, 25.38181269809026119 ) ) ;
#2593 = ORIENTED_EDGE ( 'NONE', *, *, #1404, .T. ) ;
#2594 = DIRECTION ( 'NONE',  ( 0.000000000000000000, 0.000000000000000000, -1.000000000000000000 ) ) ;
#2595 = DIRECTION ( 'NONE',  ( 0.000000000000000000, 1.000000000000000000, 0.000000000000000000 ) ) ;
#2596 = ORIENTED_EDGE ( 'NONE', *, *, #562, .F. ) ;
#2597 = VERTEX_POINT ( 'NONE', #2124 ) ;
#2598 = ORIENTED_EDGE ( 'NONE', *, *, #1163, .F. ) ;
#2599 = FACE_OUTER_BOUND ( 'NONE', #294, .T. ) ;
#2600 = DIRECTION ( 'NONE',  ( 0.000000000000000000, 1.000000000000000000, -0.000000000000000000 ) ) ;
#2601 = EDGE_CURVE ( 'NONE', #3125, #2910, #3696, .T. ) ;
#2602 = DIRECTION ( 'NONE',  ( 0.3616139537630890244, 0.000000000000000000, 0.9323279189447383208 ) ) ;
#2603 = CARTESIAN_POINT ( 'NONE',  ( -219.6165091063904526, 5.000000000000000000, 16.96789906232488221 ) ) ;
#2604 = B_SPLINE_CURVE_WITH_KNOTS ( 'NONE', 3,
 ( #1690, #2976, #699, #1324, #1010 ),
 .UNSPECIFIED., .F., .F.,
 ( 4, 1, 4 ),
 ( 0.9064435896547494709, 0.9081862576974655266, 0.9140563547669398048 ),
 .UNSPECIFIED. ) ;
#2605 = CARTESIAN_POINT ( 'NONE',  ( -148.7718042799496061, 1.000000000000000000, 11.08556981307087774 ) ) ;
#2606 = CARTESIAN_POINT ( 'NONE',  ( -266.5886069376114733, 100.0000000000000000, 9.579359346406523201 ) ) ;
#2607 = CARTESIAN_POINT ( 'NONE',  ( -266.3727187654359909, 0.000000000000000000, 3.583167371675653801 ) ) ;
#2608 = CARTESIAN_POINT ( 'NONE',  ( -176.7826261596378572, 1.000000000000000000, 22.94008748946168907 ) ) ;
#2609 = EDGE_CURVE ( 'NONE', #1053, #3743, #3431, .T. ) ;
#2610 = VERTEX_POINT ( 'NONE', #1824 ) ;
#2611 = DIRECTION ( 'NONE',  ( 0.6888675014067950908, 0.000000000000000000, 0.7248872777925953192 ) ) ;
#2612 = LINE ( 'NONE', #2784, #2631 ) ;
#2613 = DIRECTION ( 'NONE',  ( 0.9323279189447376547, 0.000000000000000000, -0.3616139537630904677 ) ) ;
#2614 = FACE_OUTER_BOUND ( 'NONE', #1526, .T. ) ;
#2615 = ORIENTED_EDGE ( 'NONE', *, *, #455, .F. ) ;
#2616 = AXIS2_PLACEMENT_3D ( 'NONE', #926, #3442, #2445 ) ;
#2617 = ORIENTED_EDGE ( 'NONE', *, *, #292, .T. ) ;
#2618 = ORIENTED_EDGE ( 'NONE', *, *, #4098, .F. ) ;
#2619 = VECTOR ( 'NONE', #587, 999.9999999999998863 ) ;
#2620 = CARTESIAN_POINT ( 'NONE',  ( -145.7690503019796893, 0.000000000000000000, 26.18834114502513799 ) ) ;
#2621 = DIRECTION ( 'NONE',  ( 0.000000000000000000, -1.000000000000000000, 0.000000000000000000 ) ) ;
#2622 = DIRECTION ( 'NONE',  ( -0.7248872777926382849, 0.000000000000000000, 0.6888675014067499047 ) ) ;
#2623 = DIRECTION ( 'NONE',  ( 0.9323279189447383208, 0.000000000000000000, -0.3616139537630890244 ) ) ;
#2624 = ORIENTED_EDGE ( 'NONE', *, *, #755, .F. ) ;
#2625 = CARTESIAN_POINT ( 'NONE',  ( -196.2236163048101787, 5.000000000000000000, 21.18604354544763169 ) ) ;
#2626 = DIRECTION ( 'NONE',  ( -0.7248872777925952082, 0.000000000000000000, 0.6888675014067949798 ) ) ;
#2627 = VECTOR ( 'NONE', #3356, 1000.000000000000000 ) ;
#2628 = CARTESIAN_POINT ( 'NONE',  ( -279.6950825001121075, 0.000000000000000000, 1.796581939513774318 ) ) ;
#2629 = DIRECTION ( 'NONE',  ( 0.6965575549846637626, 0.000000000000000000, 0.7175009216675524160 ) ) ;
#2630 = VECTOR ( 'NONE', #531, 999.9999999999998863 ) ;
#2631 = VECTOR ( 'NONE', #2150, 1000.000000000000000 ) ;
#2632 = SURFACE_STYLE_FILL_AREA ( #2276 ) ;
#2633 = ORIENTED_EDGE ( 'NONE', *, *, #3493, .F. ) ;
#2634 = DIRECTION ( 'NONE',  ( 0.000000000000000000, -1.000000000000000000, 0.000000000000000000 ) ) ;
#2635 = ORIENTED_EDGE ( 'NONE', *, *, #3812, .T. ) ;
#2636 = CARTESIAN_POINT ( 'NONE',  ( -222.2463952058836014, 1.000000000000000000, 15.88469130938076646 ) ) ;
#2637 = DIRECTION ( 'NONE',  ( 0.6888675014067959790, 0.000000000000000000, 0.7248872777925944311 ) ) ;
#2638 = ORIENTED_EDGE ( 'NONE', *, *, #840, .F. ) ;
#2639 = ORIENTED_EDGE ( 'NONE', *, *, #2520, .F. ) ;
#2640 = VERTEX_POINT ( 'NONE', #1489 ) ;
#2641 = CARTESIAN_POINT ( 'NONE',  ( -164.9945637137975609, 1.000000000000000000, 9.631325334794968995 ) ) ;
#2642 = ORIENTED_EDGE ( 'NONE', *, *, #1091, .F. ) ;
#2643 = CARTESIAN_POINT ( 'NONE',  ( -264.9890575499203464, 0.000000000000000000, -17.44028709085020878 ) ) ;
#2644 = DIRECTION ( 'NONE',  ( 0.000000000000000000, -1.000000000000000000, 0.000000000000000000 ) ) ;
#2645 = CARTESIAN_POINT ( 'NONE',  ( -148.7718042799496061, 0.000000000000000000, 11.08556981307087774 ) ) ;
#2646 = CARTESIAN_POINT ( 'NONE',  ( -245.6172992699760016, 1.000000000000000000, 7.741596117494569107 ) ) ;
#2647 = EDGE_CURVE ( 'NONE', #1541, #483, #3114, .T. ) ;
#2648 = LINE ( 'NONE', #1365, #3964 ) ;
#2649 = EDGE_CURVE ( 'NONE', #2277, #2226, #3072, .T. ) ;
#2650 = LINE ( 'NONE', #3618, #2548 ) ;
#2651 = CARTESIAN_POINT ( 'NONE',  ( -264.2871590456990702, 1.694065894508600678E-18, 7.064132261342629171 ) ) ;
#2652 = LINE ( 'NONE', #2973, #1275 ) ;
#2653 = ORIENTED_EDGE ( 'NONE', *, *, #2877, .T. ) ;
#2654 = ADVANCED_FACE ( 'NONE', ( #3722 ), #2656, .F. ) ;
#2655 = FACE_BOUND ( 'NONE', #358, .T. ) ;
#2656 = B_SPLINE_SURFACE_WITH_KNOTS ( 'NONE', 13, 1, ( 
 ( #1783, #2105 ),
 ( #1169, #173 ),
 ( #193, #4051 ),
 ( #4027, #2457 ),
 ( #3414, #1447 ),
 ( #2729, #1146 ),
 ( #2439, #3741 ),
 ( #839, #857 ),
 ( #4006, #530 ),
 ( #1802, #215 ),
 ( #1123, #240 ),
 ( #2412, #2774 ),
 ( #1510, #984 ),
 ( #2271, #42 ) ),
 .UNSPECIFIED., .F., .F., .F.,
 ( 14, 14 ),
 ( 2, 2 ),
 ( 0.9375780134711824143, 1.000000000000000000 ),
 ( 0.000000000000000000, 1.000000000000000000 ),
 .UNSPECIFIED. ) ;
#2657 = CARTESIAN_POINT ( 'NONE',  ( -189.5878733123935831, 5.000000000000000000, 9.395759206368795802 ) ) ;
#2658 = ORIENTED_EDGE ( 'NONE', *, *, #1584, .T. ) ;
#2659 = ORIENTED_EDGE ( 'NONE', *, *, #340, .F. ) ;
#2660 = ORIENTED_EDGE ( 'NONE', *, *, #83, .F. ) ;
#2661 = DIRECTION ( 'NONE',  ( 0.000000000000000000, -1.000000000000000000, 0.000000000000000000 ) ) ;
#2662 = VERTEX_POINT ( 'NONE', #20 ) ;
#2663 = LINE ( 'NONE', #1082, #1817 ) ;
#2664 = CARTESIAN_POINT ( 'NONE',  ( -132.8079613817489815, 1.694065894508600678E-18, 8.488640521341494605 ) ) ;
#2665 = CARTESIAN_POINT ( 'NONE',  ( -264.1907845933577050, 100.0000000000000000, -17.38774865900553124 ) ) ;
#2666 = CARTESIAN_POINT ( 'NONE',  ( -265.8557205421093954, 2.602085213965210642E-15, 6.670256816194784832 ) ) ;
#2667 = CARTESIAN_POINT ( 'NONE',  ( -229.0734860869345653, 0.000000000000000000, 8.119959611217820949 ) ) ;
#2668 = CARTESIAN_POINT ( 'NONE',  ( -112.6248457536031253, 1.000000000000000000, 12.37393250582479709 ) ) ;
#2669 = EDGE_CURVE ( 'NONE', #3423, #2238, #2906, .T. ) ;
#2670 = CARTESIAN_POINT ( 'NONE',  ( -113.3033073901014376, 5.000000000000000000, 7.716868825675743615 ) ) ;
#2671 = ORIENTED_EDGE ( 'NONE', *, *, #3477, .F. ) ;
#2672 = DIRECTION ( 'NONE',  ( -0.009789702757195484217, 0.000000000000000000, 0.9999520797117857906 ) ) ;
#2673 = DIRECTION ( 'NONE',  ( -0.8502143537580535426, 0.000000000000000000, 0.5264366558891727665 ) ) ;
#2674 = EDGE_LOOP ( 'NONE', ( #3254, #954, #2772, #2716, #1034 ) ) ;
#2675 = EDGE_CURVE ( 'NONE', #2009, #703, #1300, .T. ) ;
#2676 = EDGE_LOOP ( 'NONE', ( #118, #2347, #1758, #2824 ) ) ;
#2677 = VERTEX_POINT ( 'NONE', #3539 ) ;
#2678 = ORIENTED_EDGE ( 'NONE', *, *, #3729, .F. ) ;
#2679 = ORIENTED_EDGE ( 'NONE', *, *, #1278, .T. ) ;
#2680 = FACE_OUTER_BOUND ( 'NONE', #3646, .T. ) ;
#2681 = VECTOR ( 'NONE', #3606, 1000.000000000000000 ) ;
#2682 = CARTESIAN_POINT ( 'NONE',  ( -251.2599553335748226, 0.000000000000000000, 7.469793838170824429 ) ) ;
#2683 = LINE ( 'NONE', #2959, #2222 ) ;
#2684 = CARTESIAN_POINT ( 'NONE',  ( -295.2192840322443317, 0.000000000000000000, 1.574556936932530737 ) ) ;
#2685 = ORIENTED_EDGE ( 'NONE', *, *, #3577, .F. ) ;
#2686 = CIRCLE ( 'NONE', #3096, 6.450000000000017941 ) ;
#2687 = FACE_OUTER_BOUND ( 'NONE', #2529, .T. ) ;
#2688 = CARTESIAN_POINT ( 'NONE',  ( -268.3117575011437452, -1.694065894508600678E-18, 8.318369645160963444 ) ) ;
#2689 = VECTOR ( 'NONE', #1621, 1000.000000000000000 ) ;
#2690 = VECTOR ( 'NONE', #1935, 1000.000000000000000 ) ;
#2691 = DIRECTION ( 'NONE',  ( 0.01073934591757915065, 0.000000000000000000, 0.9999423315618068964 ) ) ;
#2692 = CARTESIAN_POINT ( 'NONE',  ( -112.7508309264628537, 0.000000000000000000, 7.689384925053575515 ) ) ;
#2693 = AXIS2_PLACEMENT_3D ( 'NONE', #45, #1633, #2002 ) ;
#2694 = ORIENTED_EDGE ( 'NONE', *, *, #1843, .F. ) ;
#2695 = CARTESIAN_POINT ( 'NONE',  ( -258.2981813761767853, 0.000000000000000000, 7.708078090175606967 ) ) ;
#2696 = VECTOR ( 'NONE', #1804, 1000.000000000000000 ) ;
#2697 = VECTOR ( 'NONE', #732, 1000.000000000000000 ) ;
#2698 = ORIENTED_EDGE ( 'NONE', *, *, #773, .F. ) ;
#2699 = ADVANCED_FACE ( 'NONE', ( #384 ), #1001, .T. ) ;
#2700 = EDGE_CURVE ( 'NONE', #3861, #811, #649, .T. ) ;
#2701 = ORIENTED_EDGE ( 'NONE', *, *, #1178, .F. ) ;
#2702 = EDGE_LOOP ( 'NONE', ( #1968, #2957, #460, #1636, #3925, #2852 ) ) ;
#2703 = EDGE_CURVE ( 'NONE', #1666, #3543, #694, .T. ) ;
#2704 = EDGE_LOOP ( 'NONE', ( #2569, #3670, #3999, #638 ) ) ;
#2705 = ORIENTED_EDGE ( 'NONE', *, *, #3466, .F. ) ;
#2706 = CYLINDRICAL_SURFACE ( 'NONE', #1877, 0.5999999999999928724 ) ;
#2707 = ORIENTED_EDGE ( 'NONE', *, *, #2037, .F. ) ;
#2708 = EDGE_CURVE ( 'NONE', #627, #3984, #3865, .T. ) ;
#2709 = DIRECTION ( 'NONE',  ( -0.000000000000000000, -1.000000000000000000, -0.000000000000000000 ) ) ;
#2710 = LINE ( 'NONE', #1335, #2825 ) ;
#2711 = CARTESIAN_POINT ( 'NONE',  ( -195.2932757709908458, 1.000000000000000000, 9.295140983670002299 ) ) ;
#2712 = CARTESIAN_POINT ( 'NONE',  ( -112.2016622867483733, 1.734723475976807094E-15, 28.10930200688541802 ) ) ;
#2713 = FACE_OUTER_BOUND ( 'NONE', #1162, .T. ) ;
#2714 = CARTESIAN_POINT ( 'NONE',  ( -165.5945624024669769, 1.000000000000000000, 9.630070904658040831 ) ) ;
#2715 = CARTESIAN_POINT ( 'NONE',  ( -240.5121164856687415, 0.000000000000000000, 11.78337483427412202 ) ) ;
#2716 = ORIENTED_EDGE ( 'NONE', *, *, #1988, .T. ) ;
#2717 = EDGE_CURVE ( 'NONE', #1453, #2768, #4116, .T. ) ;
#2718 = B_SPLINE_CURVE_WITH_KNOTS ( 'NONE', 3,
 ( #1583, #1289, #1601, #2887 ),
 .UNSPECIFIED., .F., .F.,
 ( 4, 4 ),
 ( 0.1756044721187770830, 0.1770219222776255874 ),
 .UNSPECIFIED. ) ;
#2719 = DIRECTION ( 'NONE',  ( -0.6888675014067525693, 0.000000000000000000, -0.7248872777926356203 ) ) ;
#2720 = EDGE_CURVE ( 'NONE', #3550, #2217, #3260, .T. ) ;
#2721 = DIRECTION ( 'NONE',  ( 0.000000000000000000, 1.000000000000000000, -0.000000000000000000 ) ) ;
#2722 = VERTEX_POINT ( 'NONE', #669 ) ;
#2723 = VERTEX_POINT ( 'NONE', #3885 ) ;
#2724 = ORIENTED_EDGE ( 'NONE', *, *, #691, .F. ) ;
#2725 = LINE ( 'NONE', #507, #2759 ) ;
#2726 = ORIENTED_EDGE ( 'NONE', *, *, #2588, .F. ) ;
#2727 = LINE ( 'NONE', #2409, #3156 ) ;
#2728 = DIRECTION ( 'NONE',  ( -0.9323279189447383208, 0.000000000000000000, 0.3616139537630891354 ) ) ;
#2729 = CARTESIAN_POINT ( 'NONE',  ( -279.6950825009786854, 100.0000000000000000, 1.796581939439624742 ) ) ;
#2730 = FACE_OUTER_BOUND ( 'NONE', #3674, .T. ) ;
#2731 = EDGE_CURVE ( 'NONE', #1021, #461, #1326, .T. ) ;
#2732 = CARTESIAN_POINT ( 'NONE',  ( 0.5721654584183536452, 5.000000000000000000, 21.27501398164558211 ) ) ;
#2733 = LINE ( 'NONE', #1127, #1003 ) ;
#2734 = DIRECTION ( 'NONE',  ( 0.000000000000000000, 0.000000000000000000, -1.000000000000000000 ) ) ;
#2735 = CARTESIAN_POINT ( 'NONE',  ( -274.1238790086579797, 100.0000000000000000, 2.239275516313835368 ) ) ;
#2736 = VERTEX_POINT ( 'NONE', #366 ) ;
#2737 = DIRECTION ( 'NONE',  ( -0.6632824914856138010, 0.000000000000000000, 0.7483691178079415751 ) ) ;
#2738 = CARTESIAN_POINT ( 'NONE',  ( -254.5740416200644063, 0.000000000000000000, 7.297359487693304558 ) ) ;
#2739 = ADVANCED_FACE ( 'NONE', ( #2295 ), #1379, .T. ) ;
#2740 = VERTEX_POINT ( 'NONE', #633 ) ;
#2741 = EDGE_LOOP ( 'NONE', ( #376, #3176, #2380 ) ) ;
#2742 = ORIENTED_EDGE ( 'NONE', *, *, #3293, .F. ) ;
#2743 = DIRECTION ( 'NONE',  ( -0.7483691178079394657, 0.000000000000000000, -0.6632824914856161325 ) ) ;
#2744 = ORIENTED_EDGE ( 'NONE', *, *, #122, .F. ) ;
#2745 = DIRECTION ( 'NONE',  ( 0.000000000000000000, 0.000000000000000000, -1.000000000000000000 ) ) ;
#2746 = ORIENTED_EDGE ( 'NONE', *, *, #3268, .F. ) ;
#2747 = DIRECTION ( 'NONE',  ( -0.6888675014067525693, 0.000000000000000000, -0.7248872777926356203 ) ) ;
#2748 = DIRECTION ( 'NONE',  ( -0.000000000000000000, -1.000000000000000000, -0.000000000000000000 ) ) ;
#2749 = CARTESIAN_POINT ( 'NONE',  ( -133.5566762934620613, 1.000000000000000000, 9.276641230029431640 ) ) ;
#2750 = CIRCLE ( 'NONE', #3432, 5.250000000000004441 ) ;
#2751 = EDGE_CURVE ( 'NONE', #890, #3534, #1916, .T. ) ;
#2752 = CARTESIAN_POINT ( 'NONE',  ( -233.7579049448751505, 1.000000000000000000, 13.22456004748021741 ) ) ;
#2753 = ORIENTED_EDGE ( 'NONE', *, *, #3605, .T. ) ;
#2754 = CARTESIAN_POINT ( 'NONE',  ( -212.7747506890280818, 0.000000000000000000, 8.897119325901771347 ) ) ;
#2755 = CARTESIAN_POINT ( 'NONE',  ( -269.3505351003591954, 100.0000000000000000, 8.883550396804281490 ) ) ;
#2756 = AXIS2_PLACEMENT_3D ( 'NONE', #3203, #367, #1632 ) ;
#2757 = CARTESIAN_POINT ( 'NONE',  ( -295.2960495103556013, 100.0000000000000000, 0.3249056940543462169 ) ) ;
#2758 = ORIENTED_EDGE ( 'NONE', *, *, #382, .T. ) ;
#2759 = VECTOR ( 'NONE', #3736, 1000.000000000000114 ) ;
#2760 = VECTOR ( 'NONE', #3593, 1000.000000000000000 ) ;
#2761 = CARTESIAN_POINT ( 'NONE',  ( -164.2408507514883240, 0.000000000000000000, 24.50836570409045123 ) ) ;
#2762 = CARTESIAN_POINT ( 'NONE',  ( -100.1882357590222767, 0.000000000000000000, 10.35261402249422424 ) ) ;
#2763 = VECTOR ( 'NONE', #3495, 1000.000000000000000 ) ;
#2764 = VECTOR ( 'NONE', #2805, 1000.000000000000000 ) ;
#2765 = VERTEX_POINT ( 'NONE', #2565 ) ;
#2766 = ADVANCED_FACE ( 'NONE', ( #129 ), #733, .F. ) ;
#2767 = VERTEX_POINT ( 'NONE', #2021 ) ;
#2768 = VERTEX_POINT ( 'NONE', #3285 ) ;
#2769 = LINE ( 'NONE', #4046, #8 ) ;
#2770 = EDGE_LOOP ( 'NONE', ( #2032, #262, #395 ) ) ;
#2771 = PLANE ( 'NONE',  #2884 ) ;
#2772 = ORIENTED_EDGE ( 'NONE', *, *, #2335, .T. ) ;
#2773 = CARTESIAN_POINT ( 'NONE',  ( -149.2125205955665876, 0.000000000000000000, 25.91972275192635067 ) ) ;
#2774 = CARTESIAN_POINT ( 'NONE',  ( -295.2960495105454584, 0.000000000000000000, 0.3249056940346981004 ) ) ;
#2775 = EDGE_CURVE ( 'NONE', #3620, #1774, #152, .T. ) ;
#2776 = CARTESIAN_POINT ( 'NONE',  ( -266.5886069376115870, 0.000000000000000000, 9.579359346406512543 ) ) ;
#2777 = CARTESIAN_POINT ( 'NONE',  ( -192.5000000000002274, 1.000000000000000000, 15.15093237103806700 ) ) ;
#2778 = VERTEX_POINT ( 'NONE', #93 ) ;
#2779 = EDGE_CURVE ( 'NONE', #1008, #978, #2648, .T. ) ;
#2780 = PLANE ( 'NONE',  #212 ) ;
#2781 = CARTESIAN_POINT ( 'NONE',  ( -132.0558163129703644, 1.000000000000000000, 26.96303150527401016 ) ) ;
#2782 = EDGE_CURVE ( 'NONE', #213, #2767, #778, .T. ) ;
#2783 = PLANE ( 'NONE',  #1013 ) ;
#2784 = CARTESIAN_POINT ( 'NONE',  ( -252.6041107106689196, 5.000000000000000000, 7.400908241733977100 ) ) ;
#2785 = DIRECTION ( 'NONE',  ( -0.9323279189447376547, 0.000000000000000000, 0.3616139537630904677 ) ) ;
#2786 = CARTESIAN_POINT ( 'NONE',  ( -265.3338636067449556, 5.000000000000004441, 6.801727551363130786 ) ) ;
#2787 = ORIENTED_EDGE ( 'NONE', *, *, #455, .T. ) ;
#2788 = CARTESIAN_POINT ( 'NONE',  ( -98.50963659386690097, 5.000000000000000000, 24.73998702017675910 ) ) ;
#2789 = ORIENTED_EDGE ( 'NONE', *, *, #3138, .T. ) ;
#2790 = EDGE_LOOP ( 'NONE', ( #3323, #3417, #1047 ) ) ;
#2791 = CARTESIAN_POINT ( 'NONE',  ( -195.2076164545312622, 0.000000000000000000, 9.296761794846000626 ) ) ;
#2792 = VERTEX_POINT ( 'NONE', #3312 ) ;
#2793 = CARTESIAN_POINT ( 'NONE',  ( -192.5000000000002274, 5.000000000000000000, 15.15093237103806700 ) ) ;
#2794 = CARTESIAN_POINT ( 'NONE',  ( -257.2258798309413805, 1.000000000000000000, 7.965643754235381735 ) ) ;
#2795 = LINE ( 'NONE', #3115, #287 ) ;
#2796 = ADVANCED_FACE ( 'NONE', ( #2687 ), #35, .F. ) ;
#2797 = CARTESIAN_POINT ( 'NONE',  ( -285.8727052897817202, 100.0000000000000000, 2.045397586164800607 ) ) ;
#2798 = B_SPLINE_CURVE_WITH_KNOTS ( 'NONE', 3,
 ( #3079, #1836, #536, #3421, #1194, #1219, #615, #1853, #4100, #3807 ),
 .UNSPECIFIED., .F., .F.,
 ( 4, 1, 1, 1, 1, 1, 1, 4 ),
 ( 0.04410003439761218946, 0.04432521835872739457, 0.04858316171247646642, 0.05825476480099724824, 0.06792636788951803006, 0.07759797097803880495, 0.09694117715508035471, 0.1085646663758501329 ),
 .UNSPECIFIED. ) ;
#2799 = LINE ( 'NONE', #2841, #3561 ) ;
#2800 = LINE ( 'NONE', #1216, #949 ) ;
#2801 = VERTEX_POINT ( 'NONE', #432 ) ;
#2802 = CARTESIAN_POINT ( 'NONE',  ( -92.50000000000000000, 0.000000000000000000, 16.74722354252675771 ) ) ;
#2803 = CARTESIAN_POINT ( 'NONE',  ( -189.5878733124976634, 4.999999999999999112, 9.395759206367102934 ) ) ;
#2804 = EDGE_CURVE ( 'NONE', #1604, #1029, #3354, .T. ) ;
#2805 = DIRECTION ( 'NONE',  ( 0.01073934591757915065, 0.000000000000000000, 0.9999423315618068964 ) ) ;
#2806 = CARTESIAN_POINT ( 'NONE',  ( -241.9987352196925201, 1.000000000000000000, 11.11804712261135819 ) ) ;
#2807 = ORIENTED_EDGE ( 'NONE', *, *, #3624, .F. ) ;
#2808 = CARTESIAN_POINT ( 'NONE',  ( -117.5918750502080599, 1.000000000000000000, 111.7487140873153777 ) ) ;
#2809 = ORIENTED_EDGE ( 'NONE', *, *, #3714, .F. ) ;
#2810 = CARTESIAN_POINT ( 'NONE',  ( -133.9566291355076544, 5.000000000000000000, 9.286974893465000491 ) ) ;
#2811 = CARTESIAN_POINT ( 'NONE',  ( -177.9818545071755693, 1.000000000000000000, 22.85539443543553517 ) ) ;
#2812 = FACE_OUTER_BOUND ( 'NONE', #1363, .T. ) ;
#2813 = DIRECTION ( 'NONE',  ( -0.2442954651671675748, 0.000000000000000000, 0.9697008434041692881 ) ) ;
#2814 = CARTESIAN_POINT ( 'NONE',  ( -234.5343301433688339, 1.000000000000000000, 13.06154869267643193 ) ) ;
#2815 = ORIENTED_EDGE ( 'NONE', *, *, #25, .T. ) ;
#2816 = CARTESIAN_POINT ( 'NONE',  ( -149.9881244947861774, 1.000000000000000000, 9.572435617176004996 ) ) ;
#2817 = LINE ( 'NONE', #882, #552 ) ;
#2818 = CARTESIAN_POINT ( 'NONE',  ( -215.3985949647660050, 0.000000000000000000, 8.825349534457878065 ) ) ;
#2819 = CARTESIAN_POINT ( 'NONE',  ( -183.4885614684649511, 5.000000000000000000, 9.495270346126966743 ) ) ;
#2820 = AXIS2_PLACEMENT_3D ( 'NONE', #991, #700, #3710 ) ;
#2821 = LINE ( 'NONE', #1242, #1485 ) ;
#2822 = PLANE ( 'NONE',  #4042 ) ;
#2823 = VECTOR ( 'NONE', #608, 1000.000000000000000 ) ;
#2824 = ORIENTED_EDGE ( 'NONE', *, *, #642, .T. ) ;
#2825 = VECTOR ( 'NONE', #2313, 1000.000000000000000 ) ;
#2826 = LINE ( 'NONE', #1373, #2836 ) ;
#2827 = EDGE_CURVE ( 'NONE', #3049, #3361, #797, .T. ) ;
#2828 = CARTESIAN_POINT ( 'NONE',  ( -256.4030283628870848, 0.000000000000000000, 7.646491483154949975 ) ) ;
#2829 = B_SPLINE_CURVE_WITH_KNOTS ( 'NONE', 3,
 ( #861, #1497, #2146, #553, #1514 ),
 .UNSPECIFIED., .F., .F.,
 ( 4, 1, 4 ),
 ( 0.7448623842481008062, 0.7465316009555499344, 0.7466351575898166892 ),
 .UNSPECIFIED. ) ;
#2830 = VECTOR ( 'NONE', #1656, 1000.000000000000000 ) ;
#2831 = EDGE_CURVE ( 'NONE', #4045, #3346, #2082, .T. ) ;
#2832 = LINE ( 'NONE', #4109, #2349 ) ;
#2833 = CARTESIAN_POINT ( 'NONE',  ( -290.1850476729546244, 100.0000000000000000, 2.279926096537435498 ) ) ;
#2834 = DIRECTION ( 'NONE',  ( 0.5240133519496432690, 0.000000000000000000, 0.8517100486541763216 ) ) ;
#2835 = VECTOR ( 'NONE', #2876, 999.9999999999998863 ) ;
#2836 = VECTOR ( 'NONE', #117, 1000.000000000000114 ) ;
#2837 = EDGE_LOOP ( 'NONE', ( #1377, #702, #4066 ) ) ;
#2838 = EDGE_CURVE ( 'NONE', #128, #1070, #402, .T. ) ;
#2839 = LINE ( 'NONE', #607, #1141 ) ;
#2840 = EDGE_LOOP ( 'NONE', ( #289, #1798, #3252, #1840 ) ) ;
#2841 = CARTESIAN_POINT ( 'NONE',  ( -165.6223296465139185, 0.000000000000000000, 24.42217258159240956 ) ) ;
#2842 = CARTESIAN_POINT ( 'NONE',  ( -165.8768504515875577, 1.000000000000000000, 24.32901168262018743 ) ) ;
#2843 = PLANE ( 'NONE',  #823 ) ;
#2844 = CARTESIAN_POINT ( 'NONE',  ( -252.1565993013641958, 1.000000000000000000, 7.424121340911264966 ) ) ;
#2845 = CARTESIAN_POINT ( 'NONE',  ( -148.7881936969120034, 0.000000000000000000, 9.559548402074911522 ) ) ;
#2846 = CARTESIAN_POINT ( 'NONE',  ( -88.50175343312920972, 0.000000000000000000, -93.12936812232612738 ) ) ;
#2847 = ORIENTED_EDGE ( 'NONE', *, *, #2463, .T. ) ;
#2848 = EDGE_CURVE ( 'NONE', #627, #2266, #2079, .T. ) ;
#2849 = ORIENTED_EDGE ( 'NONE', *, *, #1723, .T. ) ;
#2850 = DIRECTION ( 'NONE',  ( 0.8384013079251283473, 0.000000000000000000, 0.5450534348753653946 ) ) ;
#2851 = FACE_OUTER_BOUND ( 'NONE', #394, .T. ) ;
#2852 = ORIENTED_EDGE ( 'NONE', *, *, #1610, .F. ) ;
#2853 = DIRECTION ( 'NONE',  ( 0.7248872777925952082, 0.000000000000000000, -0.6888675014067949798 ) ) ;
#2854 = ADVANCED_FACE ( 'NONE', ( #2983 ), #3279, .T. ) ;
#2855 = EDGE_LOOP ( 'NONE', ( #2694, #3560, #3671, #2372 ) ) ;
#2856 = CARTESIAN_POINT ( 'NONE',  ( -292.2254576542372888, 100.0000000000000000, 1.434434858989688255 ) ) ;
#2857 = DIRECTION ( 'NONE',  ( -0.06567303980416963616, 0.000000000000000000, 0.9978411957034445390 ) ) ;
#2858 = CARTESIAN_POINT ( 'NONE',  ( -221.4743955349990756, 0.000000000000000000, 15.70286237072073732 ) ) ;
#2859 = CARTESIAN_POINT ( 'NONE',  ( -117.0119652279872327, 0.000000000000000000, 111.1976200861882234 ) ) ;
#2860 = EDGE_CURVE ( 'NONE', #378, #978, #3371, .T. ) ;
#2861 = CARTESIAN_POINT ( 'NONE',  ( -259.4108628574793443, 0.000000000000000000, 7.026082581617285605 ) ) ;
#2862 = LINE ( 'NONE', #43, #3294 ) ;
#2863 = CARTESIAN_POINT ( 'NONE',  ( -132.7140058270188092, 0.000000000000000000, 9.254047714990685236 ) ) ;
#2864 = CARTESIAN_POINT ( 'NONE',  ( -195.2076164545312622, 0.000000000000000000, 9.296761794846000626 ) ) ;
#2865 = ORIENTED_EDGE ( 'NONE', *, *, #2782, .T. ) ;
#2866 = EDGE_CURVE ( 'NONE', #977, #3938, #448, .T. ) ;
#2867 = DIRECTION ( 'NONE',  ( 0.000000000000000000, -1.000000000000000000, 0.000000000000000000 ) ) ;
#2868 = ORIENTED_EDGE ( 'NONE', *, *, #863, .F. ) ;
#2869 = DIRECTION ( 'NONE',  ( 0.000000000000000000, -1.000000000000000000, 0.000000000000000000 ) ) ;
#2870 = CARTESIAN_POINT ( 'NONE',  ( -110.8602916485772312, 1.000000000000000000, 91.20327453574235221 ) ) ;
#2871 = ORIENTED_EDGE ( 'NONE', *, *, #1292, .T. ) ;
#2872 = FACE_BOUND ( 'NONE', #3486, .T. ) ;
#2873 = ORIENTED_EDGE ( 'NONE', *, *, #4152, .T. ) ;
#2874 = CARTESIAN_POINT ( 'NONE',  ( -269.9384435895149750, 100.0000000000000000, 3.340010526439053606 ) ) ;
#2875 = CARTESIAN_POINT ( 'NONE',  ( -245.1889152049320160, 1.000000000000000000, 7.761057744470623021 ) ) ;
#2876 = DIRECTION ( 'NONE',  ( -0.2442954651673957256, 0.000000000000000000, 0.9697008434041118896 ) ) ;
#2877 = EDGE_CURVE ( 'NONE', #3921, #2122, #1761, .T. ) ;
#2878 = CARTESIAN_POINT ( 'NONE',  ( -112.7120578011263774, 5.000000000000000000, 28.11340712249478102 ) ) ;
#2879 = DIRECTION ( 'NONE',  ( -0.8384013079251283473, 0.000000000000000000, -0.5450534348753653946 ) ) ;
#2880 = CARTESIAN_POINT ( 'NONE',  ( -49.20153583356039206, 0.000000000000000000, -51.77420520022902650 ) ) ;
#2881 = CARTESIAN_POINT ( 'NONE',  ( -253.9958914674861319, 0.000000000000000000, 8.257199300776001394 ) ) ;
#2882 = CARTESIAN_POINT ( 'NONE',  ( -259.5972189900588205, 0.000000000000000000, 7.014883505020833354 ) ) ;
#2883 = ORIENTED_EDGE ( 'NONE', *, *, #2281, .T. ) ;
#2884 = AXIS2_PLACEMENT_3D ( 'NONE', #3673, #2140, #1444 ) ;
#2885 = AXIS2_PLACEMENT_3D ( 'NONE', #1103, #148, #2984 ) ;
#2886 = ORIENTED_EDGE ( 'NONE', *, *, #1071, .T. ) ;
#2887 = CARTESIAN_POINT ( 'NONE',  ( -249.9927156344106152, 1.000000000000000000, 9.661944585543251307 ) ) ;
#2888 = EDGE_CURVE ( 'NONE', #2183, #3188, #1994, .T. ) ;
#2889 = CIRCLE ( 'NONE', #3229, 0.6000000000000224043 ) ;
#2890 = DIRECTION ( 'NONE',  ( -0.9996385584632013765, 0.000000000000000000, 0.02688405537884543811 ) ) ;
#2891 = VECTOR ( 'NONE', #3949, 1000.000000000000000 ) ;
#2892 = ORIENTED_EDGE ( 'NONE', *, *, #1569, .F. ) ;
#2893 = ORIENTED_EDGE ( 'NONE', *, *, #3913, .T. ) ;
#2894 = VECTOR ( 'NONE', #3154, 1000.000000000000000 ) ;
#2895 = EDGE_CURVE ( 'NONE', #1478, #3940, #2663, .T. ) ;
#2896 = ORIENTED_EDGE ( 'NONE', *, *, #1610, .T. ) ;
#2897 = EDGE_CURVE ( 'NONE', #2262, #3084, #424, .T. ) ;
#2898 = LINE ( 'NONE', #360, #2961 ) ;
#2899 = ORIENTED_EDGE ( 'NONE', *, *, #1535, .T. ) ;
#2900 = VECTOR ( 'NONE', #2813, 1000.000000000000000 ) ;
#2901 = LINE ( 'NONE', #1592, #3159 ) ;
#2902 = VECTOR ( 'NONE', #3853, 1000.000000000000114 ) ;
#2903 = CARTESIAN_POINT ( 'NONE',  ( -164.7945688822796910, 1.000000000000000000, 9.631744044209980871 ) ) ;
#2904 = LINE ( 'NONE', #965, #2697 ) ;
#2905 = EDGE_CURVE ( 'NONE', #418, #2367, #3301, .T. ) ;
#2906 = LINE ( 'NONE', #2209, #2491 ) ;
#2907 = DIRECTION ( 'NONE',  ( 0.02688405537843112370, 0.000000000000000000, 0.9996385584632124788 ) ) ;
#2908 = CARTESIAN_POINT ( 'NONE',  ( -112.2823144185779682, 5.000000000000000000, 25.11038633121939867 ) ) ;
#2909 = CARTESIAN_POINT ( 'NONE',  ( -274.6155771348952044, 0.000000000000000000, 2.997052627295858418 ) ) ;
#2910 = VERTEX_POINT ( 'NONE', #1720 ) ;
#2911 = LINE ( 'NONE', #932, #1757 ) ;
#2912 = ORIENTED_EDGE ( 'NONE', *, *, #506, .T. ) ;
#2913 = CARTESIAN_POINT ( 'NONE',  ( -256.3424789161944659, 0.000000000000000000, 8.176891126214115957 ) ) ;
#2914 = CARTESIAN_POINT ( 'NONE',  ( -239.0325593441475007, 1.000000000000000000, 7.747451115481162276 ) ) ;
#2915 = EDGE_LOOP ( 'NONE', ( #4143, #1856, #2849, #1972, #1077, #3365, #2480, #2370, #3795, #3187, #1848, #2055, #3272, #3425, #286, #2635, #4021, #3691, #247, #2871, #3628, #2927, #767, #1165, #1331, #1810, #3839, #13, #995, #719, #1443, #252 ) ) ;
#2916 = ORIENTED_EDGE ( 'NONE', *, *, #67, .T. ) ;
#2917 = DIRECTION ( 'NONE',  ( 0.9869698889880801351, -0.000000000000000000, 0.1609050596807223288 ) ) ;
#2918 = VERTEX_POINT ( 'NONE', #3988 ) ;
#2919 = CARTESIAN_POINT ( 'NONE',  ( -149.8130695285132674, 1.000000000000000000, 25.87183340821862032 ) ) ;
#2920 = LINE ( 'NONE', #59, #3836 ) ;
#2921 = ADVANCED_FACE ( 'NONE', ( #172 ), #2061, .F. ) ;
#2922 = DIRECTION ( 'NONE',  ( 0.001877162694616514409, 0.000000000000000000, -0.9999982381285568156 ) ) ;
#2923 = CARTESIAN_POINT ( 'NONE',  ( -195.2076164545312338, 5.000000000000000000, 9.296761794845997073 ) ) ;
#2924 = DIRECTION ( 'NONE',  ( -0.6888675014067948688, 0.000000000000000000, -0.7248872777925954303 ) ) ;
#2925 = CARTESIAN_POINT ( 'NONE',  ( -112.8759871213101178, 5.000000000000000000, 3.035661502869943629 ) ) ;
#2926 = DIRECTION ( 'NONE',  ( -0.000000000000000000, -1.000000000000000000, -0.000000000000000000 ) ) ;
#2927 = ORIENTED_EDGE ( 'NONE', *, *, #1222, .F. ) ;
#2928 = EDGE_CURVE ( 'NONE', #378, #3353, #3349, .T. ) ;
#2929 = VERTEX_POINT ( 'NONE', #3005 ) ;
#2930 = CARTESIAN_POINT ( 'NONE',  ( -290.1850476729546244, 100.0000000000000000, 2.279926096537435498 ) ) ;
#2931 = CARTESIAN_POINT ( 'NONE',  ( -87.95065943201555569, 1.000000000000000000, -92.54945830009327778 ) ) ;
#2932 = VERTEX_POINT ( 'NONE', #1056 ) ;
#2933 = VERTEX_POINT ( 'NONE', #2958 ) ;
#2934 = ORIENTED_EDGE ( 'NONE', *, *, #1957, .F. ) ;
#2935 = FACE_OUTER_BOUND ( 'NONE', #3362, .T. ) ;
#2936 = ORIENTED_EDGE ( 'NONE', *, *, #3542, .F. ) ;
#2937 = LINE ( 'NONE', #2581, #3502 ) ;
#2938 = CARTESIAN_POINT ( 'NONE',  ( -264.6795704296161489, 100.0000000000000000, 5.899739385249729295 ) ) ;
#2939 = DIRECTION ( 'NONE',  ( -0.000000000000000000, -1.000000000000000000, -0.000000000000000000 ) ) ;
#2940 = CARTESIAN_POINT ( 'NONE',  ( -154.5807832906197916, 5.000000000000000000, 26.32937649834314442 ) ) ;
#2941 = CARTESIAN_POINT ( 'NONE',  ( -245.5551818403965001, 1.000000000000000000, 8.074803270971091962 ) ) ;
#2942 = CARTESIAN_POINT ( 'NONE',  ( -196.2236163048101787, 1.694065894508600678E-18, 21.18604354544763169 ) ) ;
#2943 = EDGE_LOOP ( 'NONE', ( #3694, #560, #3214, #482 ) ) ;
#2944 = FACE_OUTER_BOUND ( 'NONE', #1015, .T. ) ;
#2945 = DIRECTION ( 'NONE',  ( -0.7248872777925956523, 0.000000000000000000, 0.6888675014067946467 ) ) ;
#2946 = ORIENTED_EDGE ( 'NONE', *, *, #2300, .T. ) ;
#2947 = AXIS2_PLACEMENT_3D ( 'NONE', #2793, #191, #1507 ) ;
#2948 = CARTESIAN_POINT ( 'NONE',  ( -246.4728400834094657, 5.000000000000000888, 7.702060724461095909 ) ) ;
#2949 = ORIENTED_EDGE ( 'NONE', *, *, #2848, .F. ) ;
#2950 = AXIS2_PLACEMENT_3D ( 'NONE', #2518, #665, #3216 ) ;
#2951 = EDGE_CURVE ( 'NONE', #2042, #2932, #125, .T. ) ;
#2952 = VERTEX_POINT ( 'NONE', #2682 ) ;
#2953 = PRESENTATION_LAYER_ASSIGNMENT (  '', '', ( #3317 ) ) ;
#2954 = ORIENTED_EDGE ( 'NONE', *, *, #988, .T. ) ;
#2955 = VECTOR ( 'NONE', #819, 1000.000000000000000 ) ;
#2956 = DIRECTION ( 'NONE',  ( 0.8384013079251284584, 0.000000000000000000, 0.5450534348753652836 ) ) ;
#2957 = ORIENTED_EDGE ( 'NONE', *, *, #3948, .F. ) ;
#2958 = CARTESIAN_POINT ( 'NONE',  ( -133.9566240984088381, 0.000000000000000000, 9.287166304838079256 ) ) ;
#2959 = CARTESIAN_POINT ( 'NONE',  ( -245.8316826817381866, 1.000000000000000000, 8.246007365118707355 ) ) ;
#2960 = CARTESIAN_POINT ( 'NONE',  ( -282.6978133705282517, 0.000000000000000000, 5.318962716800226254 ) ) ;
#2961 = VECTOR ( 'NONE', #1295, 1000.000000000000000 ) ;
#2962 = AXIS2_PLACEMENT_3D ( 'NONE', #1414, #2721, #1707 ) ;
#2963 = VERTEX_POINT ( 'NONE', #794 ) ;
#2964 = EDGE_CURVE ( 'NONE', #2910, #3591, #3635, .T. ) ;
#2965 = CARTESIAN_POINT ( 'NONE',  ( -149.8130695285134664, 5.000000000000000000, 25.87183340821860966 ) ) ;
#2966 = DIRECTION ( 'NONE',  ( 0.000000000000000000, 0.000000000000000000, -1.000000000000000000 ) ) ;
#2967 = VECTOR ( 'NONE', #2922, 1000.000000000000114 ) ;
#2968 = CARTESIAN_POINT ( 'NONE',  ( -152.7139117670830331, -8.673617379884035472E-16, 25.70190672669912146 ) ) ;
#2969 = CARTESIAN_POINT ( 'NONE',  ( -249.9927156344106152, 1.000000000000000000, 9.661944585543251307 ) ) ;
#2970 = EDGE_CURVE ( 'NONE', #4082, #3567, #1018, .T. ) ;
#2971 = VECTOR ( 'NONE', #982, 1000.000000000000114 ) ;
#2972 = VECTOR ( 'NONE', #3521, 1000.000000000000114 ) ;
#2973 = CARTESIAN_POINT ( 'NONE',  ( -242.9866521535927291, 5.000000000000000888, 11.23979997483327509 ) ) ;
#2974 = ORIENTED_EDGE ( 'NONE', *, *, #1406, .F. ) ;
#2975 = CARTESIAN_POINT ( 'NONE',  ( -266.5147033832301418, 0.000000000000000000, 5.740492526924503736 ) ) ;
#2976 = CARTESIAN_POINT ( 'NONE',  ( -246.8395351159231552, 0.000000000000000000, 7.685018366705048010 ) ) ;
#2977 = DIRECTION ( 'NONE',  ( 0.000000000000000000, -1.000000000000000000, 0.000000000000000000 ) ) ;
#2978 = VERTEX_POINT ( 'NONE', #3592 ) ;
#2979 = ORIENTED_EDGE ( 'NONE', *, *, #2838, .T. ) ;
#2980 = EDGE_CURVE ( 'NONE', #1136, #1646, #3768, .T. ) ;
#2981 = CARTESIAN_POINT ( 'NONE',  ( -148.5690912469630973, 0.000000000000000000, 9.556892805854870332 ) ) ;
#2982 = ORIENTED_EDGE ( 'NONE', *, *, #1224, .F. ) ;
#2983 = FACE_OUTER_BOUND ( 'NONE', #232, .T. ) ;
#2984 = DIRECTION ( 'NONE',  ( 0.000000000000000000, 0.000000000000000000, 1.000000000000000000 ) ) ;
#2985 = CARTESIAN_POINT ( 'NONE',  ( -195.9393637381043050, 1.000000000000000000, 9.282832449510785011 ) ) ;
#2986 = ORIENTED_EDGE ( 'NONE', *, *, #3876, .T. ) ;
#2987 = LINE ( 'NONE', #2119, #3516 ) ;
#2988 = CARTESIAN_POINT ( 'NONE',  ( -195.2076164545312622, 5.000000000000000000, 9.296761794846000626 ) ) ;
#2989 = PLANE ( 'NONE',  #1477 ) ;
#2990 = LINE ( 'NONE', #178, #1821 ) ;
#2991 = ADVANCED_FACE ( 'NONE', ( #3328 ), #771, .T. ) ;
#2992 = CARTESIAN_POINT ( 'NONE',  ( -266.3727187654359341, 100.0000000000000000, 3.583167371675653801 ) ) ;
#2993 = ORIENTED_EDGE ( 'NONE', *, *, #3589, .F. ) ;
#2994 = DIRECTION ( 'NONE',  ( -0.7248872777926379518, 0.000000000000000000, 0.6888675014067502378 ) ) ;
#2995 = B_SPLINE_SURFACE_WITH_KNOTS ( 'NONE', 13, 1, ( 
 ( #1058, #796 ),
 ( #3351, #2333 ),
 ( #4008, #2684 ),
 ( #3027, #731 ),
 ( #2413, #400 ),
 ( #820, #1428 ),
 ( #2081, #3637 ),
 ( #2016, #2960 ),
 ( #774, #3307 ),
 ( #3947, #2352 ),
 ( #756, #2063 ),
 ( #2045, #3330 ),
 ( #450, #1722 ),
 ( #1403, #2776 ) ),
 .UNSPECIFIED., .F., .F., .F.,
 ( 14, 14 ),
 ( 2, 2 ),
 ( 0.000000000000000000, 0.03891155862395484499 ),
 ( 0.000000000000000000, 1.000000000000000000 ),
 .UNSPECIFIED. ) ;
#2996 = EDGE_LOOP ( 'NONE', ( #3172, #2618, #1417, #959, #3549 ) ) ;
#2997 = ORIENTED_EDGE ( 'NONE', *, *, #830, .T. ) ;
#2998 = CARTESIAN_POINT ( 'NONE',  ( -64.16437595342723910, 1.000000000000000000, 62.29146121145266335 ) ) ;
#2999 = B_SPLINE_CURVE_WITH_KNOTS ( 'NONE', 3,
 ( #3135, #2844, #266, #2506 ),
 .UNSPECIFIED., .F., .F.,
 ( 4, 4 ),
 ( 0.7238168622016136755, 0.7259656259755596919 ),
 .UNSPECIFIED. ) ;
#3000 = ORIENTED_EDGE ( 'NONE', *, *, #2591, .T. ) ;
#3001 = VERTEX_POINT ( 'NONE', #85 ) ;
#3002 = ORIENTED_EDGE ( 'NONE', *, *, #374, .T. ) ;
#3003 = DIRECTION ( 'NONE',  ( 0.02646596929541375487, 0.000000000000000000, 0.9996497148847961478 ) ) ;
#3004 = ORIENTED_EDGE ( 'NONE', *, *, #1239, .T. ) ;
#3005 = CARTESIAN_POINT ( 'NONE',  ( -251.2599553491614586, 1.000000000000000000, 7.469793837381652146 ) ) ;
#3006 = DIRECTION ( 'NONE',  ( 0.000000000000000000, -1.000000000000000000, 0.000000000000000000 ) ) ;
#3007 = CARTESIAN_POINT ( 'NONE',  ( -195.6163426744511185, 1.000000000000000000, 9.289021768094055886 ) ) ;
#3008 = CARTESIAN_POINT ( 'NONE',  ( -265.8557205421093954, 5.000000000000000000, 6.670256816194784832 ) ) ;
#3009 = FACE_OUTER_BOUND ( 'NONE', #1307, .T. ) ;
#3010 = CARTESIAN_POINT ( 'NONE',  ( -272.0829353890873676, 0.000000000000000000, 8.182179439941577925 ) ) ;
#3011 = EDGE_CURVE ( 'NONE', #407, #1922, #1360, .T. ) ;
#3012 = DIRECTION ( 'NONE',  ( -0.02688405537825780053, 0.000000000000000000, -0.9996385584632171417 ) ) ;
#3013 = EDGE_LOOP ( 'NONE', ( #1624, #331, #3982, #2726 ) ) ;
#3014 = DIRECTION ( 'NONE',  ( -0.7248872777925972066, 0.000000000000000000, 0.6888675014067930924 ) ) ;
#3015 = ORIENTED_EDGE ( 'NONE', *, *, #755, .T. ) ;
#3016 = EDGE_CURVE ( 'NONE', #2677, #139, #1782, .T. ) ;
#3017 = ORIENTED_EDGE ( 'NONE', *, *, #908, .F. ) ;
#3018 = VERTEX_POINT ( 'NONE', #856 ) ;
#3019 = VERTEX_POINT ( 'NONE', #2794 ) ;
#3020 = ORIENTED_EDGE ( 'NONE', *, *, #420, .T. ) ;
#3021 = DIRECTION ( 'NONE',  ( -0.000000000000000000, -1.000000000000000000, -0.000000000000000000 ) ) ;
#3022 = VECTOR ( 'NONE', #3513, 1000.000000000000000 ) ;
#3023 = ORIENTED_EDGE ( 'NONE', *, *, #973, .F. ) ;
#3024 = B_SPLINE_CURVE_WITH_KNOTS ( 'NONE', 3,
 ( #2302, #3263, #1659, #1046 ),
 .UNSPECIFIED., .F., .F.,
 ( 4, 4 ),
 ( 0.09229527947155809209, 0.09391816426938107143 ),
 .UNSPECIFIED. ) ;
#3025 = DIRECTION ( 'NONE',  ( -0.7248872777925964295, 0.000000000000000000, 0.6888675014067938696 ) ) ;
#3026 = DIRECTION ( 'NONE',  ( 0.9999423315618068964, 0.000000000000000000, -0.01073934591757915065 ) ) ;
#3027 = CARTESIAN_POINT ( 'NONE',  ( -292.7816016975322100, 100.0000000000000000, 2.342604849896636310 ) ) ;
#3028 = LINE ( 'NONE', #1805, #493 ) ;
#3029 = ADVANCED_FACE ( 'NONE', ( #1208 ), #2142, .T. ) ;
#3030 = ORIENTED_EDGE ( 'NONE', *, *, #4098, .T. ) ;
#3031 = AXIS2_PLACEMENT_3D ( 'NONE', #278, #1496, #4113 ) ;
#3032 = APPLICATION_CONTEXT ( 'automotive_design' ) ;
#3033 = EDGE_CURVE ( 'NONE', #3188, #3894, #1845, .T. ) ;
#3034 = CARTESIAN_POINT ( 'NONE',  ( -119.0667696627177463, 5.000000000000000000, 28.12804715761673791 ) ) ;
#3035 = CARTESIAN_POINT ( 'NONE',  ( -189.6260852338946847, -8.673617379884035472E-16, 21.20989853768408295 ) ) ;
#3036 = VECTOR ( 'NONE', #1904, 1000.000000000000000 ) ;
#3037 = AXIS2_PLACEMENT_3D ( 'NONE', #3757, #4050, #4026 ) ;
#3038 = CARTESIAN_POINT ( 'NONE',  ( -277.4549981297886347, 0.000000000000000000, 6.762558882627204504 ) ) ;
#3039 = CARTESIAN_POINT ( 'NONE',  ( -150.8221721565745383, 0.000000000000000000, 8.847120223398674099 ) ) ;
#3040 = AXIS2_PLACEMENT_3D ( 'NONE', #1157, #2363, #762 ) ;
#3041 = VERTEX_POINT ( 'NONE', #3430 ) ;
#3042 = FACE_BOUND ( 'NONE', #3917, .T. ) ;
#3043 = VECTOR ( 'NONE', #428, 1000.000000000000000 ) ;
#3044 = VECTOR ( 'NONE', #3165, 1000.000000000000000 ) ;
#3045 = ORIENTED_EDGE ( 'NONE', *, *, #1988, .F. ) ;
#3046 = ORIENTED_EDGE ( 'NONE', *, *, #3343, .T. ) ;
#3047 = VERTEX_POINT ( 'NONE', #897 ) ;
#3048 = EDGE_CURVE ( 'NONE', #2215, #3731, #784, .T. ) ;
#3049 = VERTEX_POINT ( 'NONE', #874 ) ;
#3050 = CARTESIAN_POINT ( 'NONE',  ( -196.6081031911394064, -8.673617379884035472E-16, 20.12345569134048873 ) ) ;
#3051 = CARTESIAN_POINT ( 'NONE',  ( -245.9763311651078368, 0.000000000000000000, 7.394631787964685010 ) ) ;
#3052 = CARTESIAN_POINT ( 'NONE',  ( -148.7881936969120034, 1.000000000000000000, 9.559548402074911522 ) ) ;
#3053 = CARTESIAN_POINT ( 'NONE',  ( -252.6041107106689196, 1.000000000000000000, 7.400908241733980653 ) ) ;
#3054 = CARTESIAN_POINT ( 'NONE',  ( -219.6920459797732121, 0.000000000000000000, 8.706183667414757466 ) ) ;
#3055 = EDGE_CURVE ( 'NONE', #1860, #3669, #566, .T. ) ;
#3056 = CARTESIAN_POINT ( 'NONE',  ( -168.8641331842243289, -8.673617379884035472E-16, 24.10239613039014372 ) ) ;
#3057 = CARTESIAN_POINT ( 'NONE',  ( -138.8161405280337419, 0.000000000000000000, 9.412531083876981342 ) ) ;
#3058 = CARTESIAN_POINT ( 'NONE',  ( -112.8759871213101178, 5.000000000000000000, 3.035661502869881900 ) ) ;
#3059 = CARTESIAN_POINT ( 'NONE',  ( -173.4395179607336104, 100.0000000000000000, 8.866531246998681226 ) ) ;
#3060 = ORIENTED_EDGE ( 'NONE', *, *, #4041, .T. ) ;
#3061 = CARTESIAN_POINT ( 'NONE',  ( -249.4446550546009860, 0.000000000000000000, 10.14769282396807171 ) ) ;
#3062 = CARTESIAN_POINT ( 'NONE',  ( -260.9867192135914138, 100.0000000000000000, 7.878685561044471264 ) ) ;
#3063 = VERTEX_POINT ( 'NONE', #3783 ) ;
#3064 = ORIENTED_EDGE ( 'NONE', *, *, #4091, .F. ) ;
#3065 = ORIENTED_EDGE ( 'NONE', *, *, #2717, .F. ) ;
#3066 = EDGE_CURVE ( 'NONE', #942, #38, #258, .T. ) ;
#3067 = CARTESIAN_POINT ( 'NONE',  ( -164.4223317607596471, 1.000000000000000000, 24.42442517682594882 ) ) ;
#3068 = ORIENTED_EDGE ( 'NONE', *, *, #3919, .T. ) ;
#3069 = CARTESIAN_POINT ( 'NONE',  ( -260.7875091720584351, 4.999999999999999112, 7.103832978769898610 ) ) ;
#3070 = ORIENTED_EDGE ( 'NONE', *, *, #620, .F. ) ;
#3071 = CARTESIAN_POINT ( 'NONE',  ( -130.8533786264967773, 5.000000000000000000, 27.04426762654682648 ) ) ;
#3072 = LINE ( 'NONE', #1463, #144 ) ;
#3073 = CARTESIAN_POINT ( 'NONE',  ( -82.83959400944436879, 1.000000000000000000, 78.72328000652233015 ) ) ;
#3074 = DIRECTION ( 'NONE',  ( 0.7248872777926389510, 0.000000000000000000, -0.6888675014067492386 ) ) ;
#3075 = DIRECTION ( 'NONE',  ( 0.000000000000000000, 0.000000000000000000, 1.000000000000000000 ) ) ;
#3076 = LINE ( 'NONE', #1409, #1281 ) ;
#3077 = CARTESIAN_POINT ( 'NONE',  ( -252.2572995699170519, 0.000000000000000000, 6.637396135036491174 ) ) ;
#3078 = ORIENTED_EDGE ( 'NONE', *, *, #2647, .T. ) ;
#3079 = CARTESIAN_POINT ( 'NONE',  ( -260.8576000477226557, 5.000000000000000000, 7.086686038297435708 ) ) ;
#3080 = CARTESIAN_POINT ( 'NONE',  ( -252.6041107002240267, 0.000000000000000000, 7.400908235307801952 ) ) ;
#3081 = ADVANCED_FACE ( 'NONE', ( #2812 ), #1801, .F. ) ;
#3082 = VERTEX_POINT ( 'NONE', #4089 ) ;
#3083 = ORIENTED_EDGE ( 'NONE', *, *, #3182, .T. ) ;
#3084 = VERTEX_POINT ( 'NONE', #3476 ) ;
#3085 = FACE_OUTER_BOUND ( 'NONE', #2088, .T. ) ;
#3086 = CARTESIAN_POINT ( 'NONE',  ( -196.6081031911394064, 5.000000000000000000, 20.12345569134048873 ) ) ;
#3087 = ORIENTED_EDGE ( 'NONE', *, *, #1638, .T. ) ;
#3088 = CARTESIAN_POINT ( 'NONE',  ( 0.000000000000000000, 1.000000000000000000, 0.000000000000000000 ) ) ;
#3089 = CARTESIAN_POINT ( 'NONE',  ( -78.92649516358612516, 1.000000000000000000, -83.05343496100972800 ) ) ;
#3090 = EDGE_CURVE ( 'NONE', #1316, #4082, #2438, .T. ) ;
#3091 = DIRECTION ( 'NONE',  ( 0.000000000000000000, -1.000000000000000000, 0.000000000000000000 ) ) ;
#3092 = AXIS2_PLACEMENT_3D ( 'NONE', #82, #2661, #3965 ) ;
#3093 = CARTESIAN_POINT ( 'NONE',  ( -280.3490536555165136, 0.000000000000000000, 2.537585519907651133 ) ) ;
#3094 = DIRECTION ( 'NONE',  ( 0.000000000000000000, 1.000000000000000000, 0.000000000000000000 ) ) ;
#3095 = FACE_OUTER_BOUND ( 'NONE', #3939, .T. ) ;
#3096 = AXIS2_PLACEMENT_3D ( 'NONE', #880, #1787, #3075 ) ;
#3097 = VERTEX_POINT ( 'NONE', #239 ) ;
#3098 = B_SPLINE_CURVE_WITH_KNOTS ( 'NONE', 3,
 ( #864, #1812, #1156, #2173 ),
 .UNSPECIFIED., .F., .F.,
 ( 4, 4 ),
 ( 0.8951595965192858939, 0.9044116697611708222 ),
 .UNSPECIFIED. ) ;
#3099 = CARTESIAN_POINT ( 'NONE',  ( -252.2572995699170519, 100.0000000000000000, 6.637396135036491174 ) ) ;
#3100 = AXIS2_PLACEMENT_3D ( 'NONE', #2530, #3835, #4108 ) ;
#3101 = AXIS2_PLACEMENT_3D ( 'NONE', #1318, #3806, #966 ) ;
#3102 = DIRECTION ( 'NONE',  ( -0.000000000000000000, -1.000000000000000000, -0.000000000000000000 ) ) ;
#3103 = CARTESIAN_POINT ( 'NONE',  ( -266.3727187654359909, 100.0000000000000000, 3.583167371675653801 ) ) ;
#3104 = AXIS2_PLACEMENT_3D ( 'NONE', #496, #3335, #2734 ) ;
#3105 = AXIS2_PLACEMENT_3D ( 'NONE', #3396, #1784, #1147 ) ;
#3106 = CIRCLE ( 'NONE', #1617, 10.79999999999999005 ) ;
#3107 = ORIENTED_EDGE ( 'NONE', *, *, #2609, .T. ) ;
#3108 = ORIENTED_EDGE ( 'NONE', *, *, #2827, .T. ) ;
#3109 = DIRECTION ( 'NONE',  ( -0.02688405537825763400, 0.000000000000000000, -0.9996385584632171417 ) ) ;
#3110 = VERTEX_POINT ( 'NONE', #3149 ) ;
#3111 = CARTESIAN_POINT ( 'NONE',  ( -259.3915731961845381, 5.000000000000000000, 7.445118414148630848 ) ) ;
#3112 = ORIENTED_EDGE ( 'NONE', *, *, #4030, .F. ) ;
#3113 = CARTESIAN_POINT ( 'NONE',  ( -63.30337484742598519, 0.000000000000000000, 61.45559214547110116 ) ) ;
#3114 = LINE ( 'NONE', #2143, #2955 ) ;
#3115 = CARTESIAN_POINT ( 'NONE',  ( -164.2408507514883240, 1.000000000000000000, 24.50836570409045123 ) ) ;
#3116 = EDGE_CURVE ( 'NONE', #1371, #3047, #1211, .T. ) ;
#3117 = CARTESIAN_POINT ( 'NONE',  ( -148.5690912469483465, 1.000000000000000000, 9.556892805854705131 ) ) ;
#3118 = DIRECTION ( 'NONE',  ( 0.6353193322043482194, 0.000000000000000000, 0.7722495361781843703 ) ) ;
#3119 = CARTESIAN_POINT ( 'NONE',  ( -123.0258495498963782, 5.000000000000000000, 8.956862106542860857 ) ) ;
#3120 = DIRECTION ( 'NONE',  ( 0.000000000000000000, -1.000000000000000000, 0.000000000000000000 ) ) ;
#3121 = LINE ( 'NONE', #4058, #4107 ) ;
#3122 = CARTESIAN_POINT ( 'NONE',  ( -170.9362222000723079, 5.000000000000000000, 9.645885978967182695 ) ) ;
#3123 = DIRECTION ( 'NONE',  ( 0.6888675014067938696, 0.000000000000000000, 0.7248872777925964295 ) ) ;
#3124 = CARTESIAN_POINT ( 'NONE',  ( -245.1889151908931694, 0.000000000000000000, 7.761057745108414174 ) ) ;
#3125 = VERTEX_POINT ( 'NONE', #1509 ) ;
#3126 = DIRECTION ( 'NONE',  ( -0.9996385584632171417, 0.000000000000000000, 0.02688405537825763400 ) ) ;
#3127 = FACE_BOUND ( 'NONE', #2674, .T. ) ;
#3128 = ORIENTED_EDGE ( 'NONE', *, *, #26, .F. ) ;
#3129 = CARTESIAN_POINT ( 'NONE',  ( -258.7028822036019164, 0.000000000000000000, -42.17616278367351867 ) ) ;
#3130 = CARTESIAN_POINT ( 'NONE',  ( -196.2623373852639475, 1.000000000000000000, 9.276573451499476874 ) ) ;
#3131 = DIRECTION ( 'NONE',  ( 0.7248872777926382849, 0.000000000000000000, -0.6888675014067499047 ) ) ;
#3132 = CARTESIAN_POINT ( 'NONE',  ( -192.5000000000002274, 0.000000000000000000, 15.15093237103806700 ) ) ;
#3133 = CARTESIAN_POINT ( 'NONE',  ( -255.5548677891178500, 5.000000000000000000, 7.243692533834493297 ) ) ;
#3134 = FACE_BOUND ( 'NONE', #1180, .T. ) ;
#3135 = CARTESIAN_POINT ( 'NONE',  ( -252.6041107106689196, 1.000000000000000000, 7.400908241733980653 ) ) ;
#3136 = PLANE ( 'NONE',  #348 ) ;
#3137 = EDGE_CURVE ( 'NONE', #2101, #1646, #3394, .T. ) ;
#3138 = EDGE_CURVE ( 'NONE', #722, #407, #1122, .T. ) ;
#3139 = ADVANCED_FACE ( 'NONE', ( #1462 ), #4069, .T. ) ;
#3140 = CARTESIAN_POINT ( 'NONE',  ( -267.1688184859924604, 100.0000000000000000, 8.607714735570329623 ) ) ;
#3141 = ORIENTED_EDGE ( 'NONE', *, *, #2278, .T. ) ;
#3142 = ORIENTED_EDGE ( 'NONE', *, *, #1245, .T. ) ;
#3143 = CARTESIAN_POINT ( 'NONE',  ( -174.7321576903877087, 0.000000000000000000, 9.581890460461305992 ) ) ;
#3144 = ORIENTED_EDGE ( 'NONE', *, *, #25, .F. ) ;
#3145 = EDGE_CURVE ( 'NONE', #2058, #2180, #1168, .T. ) ;
#3146 = CARTESIAN_POINT ( 'NONE',  ( -150.2687402496401603, 1.000000000000000000, 9.575102033794735235 ) ) ;
#3147 = CARTESIAN_POINT ( 'NONE',  ( -132.3252790877531311, 1.000000000000000000, 25.56367482687098303 ) ) ;
#3148 = ORIENTED_EDGE ( 'NONE', *, *, #2392, .T. ) ;
#3149 = CARTESIAN_POINT ( 'NONE',  ( -266.5147033832301418, 100.0000000000000000, 5.740492526924503736 ) ) ;
#3150 =( NAMED_UNIT ( * ) PLANE_ANGLE_UNIT ( ) SI_UNIT ( $, .RADIAN. ) );
#3151 = ORIENTED_EDGE ( 'NONE', *, *, #2053, .F. ) ;
#3152 = CARTESIAN_POINT ( 'NONE',  ( -266.3727187654359909, 100.0000000000000000, 3.583167371675653801 ) ) ;
#3153 = CARTESIAN_POINT ( 'NONE',  ( -221.6664853836497002, 0.000000000000000000, 15.33359730825549505 ) ) ;
#3154 = DIRECTION ( 'NONE',  ( 0.9996385584632171417, 0.000000000000000000, -0.02688405537825780053 ) ) ;
#3155 = ADVANCED_FACE ( 'NONE', ( #1267 ), #625, .T. ) ;
#3156 = VECTOR ( 'NONE', #3692, 1000.000000000000114 ) ;
#3157 = CARTESIAN_POINT ( 'NONE',  ( -214.2677894798102614, 1.000000000000000000, 8.856444827647957041 ) ) ;
#3158 = CARTESIAN_POINT ( 'NONE',  ( -170.9362222000723079, -8.673617379884035472E-16, 9.645885978967182695 ) ) ;
#3159 = VECTOR ( 'NONE', #921, 1000.000000000000000 ) ;
#3160 = DIRECTION ( 'NONE',  ( -0.7248872777925972066, 0.000000000000000000, 0.6888675014067930924 ) ) ;
#3161 = CARTESIAN_POINT ( 'NONE',  ( -133.3568342694779290, 1.000000000000000000, 9.271286723260836027 ) ) ;
#3162 = CIRCLE ( 'NONE', #3962, 10.79999999999999005 ) ;
#3163 = CIRCLE ( 'NONE', #1343, 5.250000000000004441 ) ;
#3164 = ORIENTED_EDGE ( 'NONE', *, *, #204, .F. ) ;
#3165 = DIRECTION ( 'NONE',  ( -0.7248872777925964295, 0.000000000000000000, 0.6888675014067938696 ) ) ;
#3166 = VECTOR ( 'NONE', #2748, 1000.000000000000000 ) ;
#3167 = CARTESIAN_POINT ( 'NONE',  ( -176.4685339173261980, 0.000000000000000000, 9.565691627824300269 ) ) ;
#3168 = EDGE_LOOP ( 'NONE', ( #940, #2010, #1686, #3370 ) ) ;
#3169 = DIRECTION ( 'NONE',  ( 0.000000000000000000, -1.000000000000000000, 0.000000000000000000 ) ) ;
#3170 = VECTOR ( 'NONE', #454, 1000.000000000000114 ) ;
#3171 = LINE ( 'NONE', #582, #1603 ) ;
#3172 = ORIENTED_EDGE ( 'NONE', *, *, #2149, .T. ) ;
#3173 = DIRECTION ( 'NONE',  ( 0.7248872777925972066, 0.000000000000000000, -0.6888675014067930924 ) ) ;
#3174 = VECTOR ( 'NONE', #1628, 1000.000000000000000 ) ;
#3175 = ADVANCED_FACE ( 'NONE', ( #3892 ), #740, .T. ) ;
#3176 = ORIENTED_EDGE ( 'NONE', *, *, #347, .F. ) ;
#3177 = DIRECTION ( 'NONE',  ( -0.7248872777925960964, 0.000000000000000000, 0.6888675014067942026 ) ) ;
#3178 = EDGE_LOOP ( 'NONE', ( #2553, #3270 ) ) ;
#3179 = DIRECTION ( 'NONE',  ( 0.000000000000000000, 1.000000000000000000, -0.000000000000000000 ) ) ;
#3180 = DIRECTION ( 'NONE',  ( 0.7248872777925925437, 0.000000000000000000, -0.6888675014067980884 ) ) ;
#3181 = LINE ( 'NONE', #574, #88 ) ;
#3182 = EDGE_CURVE ( 'NONE', #1053, #2978, #1481, .T. ) ;
#3183 = CARTESIAN_POINT ( 'NONE',  ( -255.0275276099411883, 5.000000000000000000, 7.279903762745748352 ) ) ;
#3184 = CARTESIAN_POINT ( 'NONE',  ( -267.1688184859924604, 100.0000000000000000, 8.607714735570329623 ) ) ;
#3185 = CARTESIAN_POINT ( 'NONE',  ( -64.16437595342723910, 0.000000000000000000, 62.29146121145266335 ) ) ;
#3186 = CARTESIAN_POINT ( 'NONE',  ( -258.4265614902411130, 0.000000000000000000, 7.083023257465105971 ) ) ;
#3187 = ORIENTED_EDGE ( 'NONE', *, *, #196, .F. ) ;
#3188 = VERTEX_POINT ( 'NONE', #2975 ) ;
#3189 = FACE_OUTER_BOUND ( 'NONE', #1625, .T. ) ;
#3190 = LINE ( 'NONE', #3230, #3022 ) ;
#3191 = ORIENTED_EDGE ( 'NONE', *, *, #2425, .F. ) ;
#3192 = FACE_BOUND ( 'NONE', #1665, .T. ) ;
#3193 = EDGE_CURVE ( 'NONE', #1495, #627, #4110, .T. ) ;
#3194 = ORIENTED_EDGE ( 'NONE', *, *, #2831, .T. ) ;
#3195 = B_SPLINE_CURVE_WITH_KNOTS ( 'NONE', 3,
 ( #2270, #2334, #383, #2583, #2603, #2625, #19, #61, #3864, #3218, #693, #1999, #2878, #1979 ),
 .UNSPECIFIED., .F., .F.,
 ( 4, 1, 1, 1, 1, 1, 1, 1, 1, 1, 1, 4 ),
 ( 0.04416555291674034017, 0.05452787951388714249, 0.06815984939235858464, 0.08179181927083004067, 0.1090557590277729250, 0.1363196987847158093, 0.1499516686631872653, 0.1635836385416586936, 0.1772156084201301496, 0.1908475782986016056, 0.1928611597997482718, 0.1945651560345577347 ),
 .UNSPECIFIED. ) ;
#3196 = DIRECTION ( 'NONE',  ( -0.7248872777926356203, 0.000000000000000000, 0.6888675014067525693 ) ) ;
#3197 = ORIENTED_EDGE ( 'NONE', *, *, #3640, .F. ) ;
#3198 = CARTESIAN_POINT ( 'NONE',  ( -149.3392522000155509, 1.000000000000000000, 25.90981694351679820 ) ) ;
#3199 = LINE ( 'NONE', #2314, #2364 ) ;
#3200 = CARTESIAN_POINT ( 'NONE',  ( -164.3945645426477427, 0.000000000000000000, 9.632322640913395517 ) ) ;
#3201 = B_SPLINE_CURVE_WITH_KNOTS ( 'NONE', 3,
 ( #997, #2248, #17, #1296 ),
 .UNSPECIFIED., .F., .F.,
 ( 4, 4 ),
 ( 0.09923847994962961550, 0.1003611044949294234 ),
 .UNSPECIFIED. ) ;
#3202 = CARTESIAN_POINT ( 'NONE',  ( -293.2676002059585585, 100.0000000000000000, 1.330312713632799237 ) ) ;
#3203 = CARTESIAN_POINT ( 'NONE',  ( -65.70031221889381357, 1.000000000000000000, -69.13567613106708620 ) ) ;
#3204 = DIRECTION ( 'NONE',  ( 0.000000000000000000, -1.000000000000000000, 0.000000000000000000 ) ) ;
#3205 = FACE_OUTER_BOUND ( 'NONE', #929, .T. ) ;
#3206 = ORIENTED_EDGE ( 'NONE', *, *, #2341, .F. ) ;
#3207 = VERTEX_POINT ( 'NONE', #389 ) ;
#3208 = ADVANCED_FACE ( 'NONE', ( #2944 ), #3514, .T. ) ;
#3209 = DIRECTION ( 'NONE',  ( -0.000000000000000000, -1.000000000000000000, -0.000000000000000000 ) ) ;
#3210 = CARTESIAN_POINT ( 'NONE',  ( -112.2016622524414373, 0.000000000000000000, 28.10930200660903822 ) ) ;
#3211 = ORIENTED_EDGE ( 'NONE', *, *, #2020, .T. ) ;
#3212 = ORIENTED_EDGE ( 'NONE', *, *, #593, .F. ) ;
#3213 = ADVANCED_FACE ( 'NONE', ( #1372, #1548, #3192, #2655, #1048, #2343, #1230, #3816, #3621, #738, #2514, #3800, #2202, #603, #1885, #295, #1568, #937, #2223, #312, #2872, #4147, #1792, #3042, #2114, #3711, #847, #1475, #3319, #437 ), #1437, .F. ) ;
#3214 = ORIENTED_EDGE ( 'NONE', *, *, #2335, .F. ) ;
#3215 = CARTESIAN_POINT ( 'NONE',  ( -148.6125551966295006, 0.000000000000000000, 25.91327914437580304 ) ) ;
#3216 = DIRECTION ( 'NONE',  ( 0.009789702757199630206, 0.000000000000000000, -0.9999520797117857906 ) ) ;
#3217 = CARTESIAN_POINT ( 'NONE',  ( -266.6398104252422172, 0.000000000000000000, 6.507882213807866911 ) ) ;
#3218 = CARTESIAN_POINT ( 'NONE',  ( -128.1061509150808320, 5.000000000000000000, 27.97564465478143347 ) ) ;
#3219 = CARTESIAN_POINT ( 'NONE',  ( -254.0186008575042251, 1.000000000000000000, 8.726733285649952876 ) ) ;
#3220 = CARTESIAN_POINT ( 'NONE',  ( -251.9429681874314042, 1.000000000000000000, 7.933428071690784122 ) ) ;
#3221 = CARTESIAN_POINT ( 'NONE',  ( -237.8803495755753659, 1.694065894508600678E-18, 13.20663139703280642 ) ) ;
#3222 = CARTESIAN_POINT ( 'NONE',  ( -269.9384435895149750, 0.000000000000000000, 3.340010526439053606 ) ) ;
#3223 = EDGE_LOOP ( 'NONE', ( #1939, #1294, #1232, #3586, #3236, #3015 ) ) ;
#3224 = VECTOR ( 'NONE', #4137, 1000.000000000000114 ) ;
#3225 = CIRCLE ( 'NONE', #3764, 9.999999999999991118 ) ;
#3226 = VERTEX_POINT ( 'NONE', #3403 ) ;
#3227 = CARTESIAN_POINT ( 'NONE',  ( -257.2258798309413237, 0.000000000000000000, 7.965643754235335550 ) ) ;
#3228 = EDGE_CURVE ( 'NONE', #598, #2978, #1133, .T. ) ;
#3229 = AXIS2_PLACEMENT_3D ( 'NONE', #1005, #2589, #1682 ) ;
#3230 = CARTESIAN_POINT ( 'NONE',  ( -113.6756979680784383, 1.000000000000000000, 3.057168747125811770 ) ) ;
#3231 = VECTOR ( 'NONE', #4154, 1000.000000000000000 ) ;
#3232 = ORIENTED_EDGE ( 'NONE', *, *, #691, .T. ) ;
#3233 = EDGE_LOOP ( 'NONE', ( #2986, #2244, #3065, #391 ) ) ;
#3234 = B_SPLINE_CURVE_WITH_KNOTS ( 'NONE', 3,
 ( #968, #2273, #2253, #3557 ),
 .UNSPECIFIED., .F., .F.,
 ( 4, 4 ),
 ( 0.8796186820736177081, 0.8933868231775694557 ),
 .UNSPECIFIED. ) ;
#3235 = VECTOR ( 'NONE', #2994, 999.9999999999998863 ) ;
#3236 = ORIENTED_EDGE ( 'NONE', *, *, #1096, .F. ) ;
#3237 = CARTESIAN_POINT ( 'NONE',  ( -221.6664853836497002, 1.000000000000000000, 15.33359730825549505 ) ) ;
#3238 = EDGE_LOOP ( 'NONE', ( #2034, #1974, #1829, #1591 ) ) ;
#3239 = LINE ( 'NONE', #1627, #1546 ) ;
#3240 = VECTOR ( 'NONE', #743, 1000.000000000000000 ) ;
#3241 = DIRECTION ( 'NONE',  ( 0.000000000000000000, 0.000000000000000000, -1.000000000000000000 ) ) ;
#3242 = EDGE_CURVE ( 'NONE', #3361, #1055, #116, .T. ) ;
#3243 = ORIENTED_EDGE ( 'NONE', *, *, #3667, .F. ) ;
#3244 = DIRECTION ( 'NONE',  ( -0.000000000000000000, -1.000000000000000000, -0.000000000000000000 ) ) ;
#3245 = CARTESIAN_POINT ( 'NONE',  ( -255.1533325528123157, 1.000000000000000000, 8.458931763721837527 ) ) ;
#3246 = FACE_OUTER_BOUND ( 'NONE', #3687, .T. ) ;
#3247 = CARTESIAN_POINT ( 'NONE',  ( -112.7120578011263774, 1.694065894508600678E-18, 28.11340712249478102 ) ) ;
#3248 = ORIENTED_EDGE ( 'NONE', *, *, #599, .F. ) ;
#3249 = ORIENTED_EDGE ( 'NONE', *, *, #3242, .F. ) ;
#3250 = CARTESIAN_POINT ( 'NONE',  ( -275.1101811045253953, 100.0000000000000000, 6.552289714360634676 ) ) ;
#3251 = CARTESIAN_POINT ( 'NONE',  ( -239.3137671339630970, 1.000000000000000000, 8.014685640739042327 ) ) ;
#3252 = ORIENTED_EDGE ( 'NONE', *, *, #4030, .T. ) ;
#3253 = ORIENTED_EDGE ( 'NONE', *, *, #931, .T. ) ;
#3254 = ORIENTED_EDGE ( 'NONE', *, *, #916, .F. ) ;
#3255 = CARTESIAN_POINT ( 'NONE',  ( -246.4728400834094373, 1.000000000000000000, 7.702060724461131436 ) ) ;
#3256 = CARTESIAN_POINT ( 'NONE',  ( -165.6191970516856031, 1.000000000000000000, 22.75338312714269051 ) ) ;
#3257 = CARTESIAN_POINT ( 'NONE',  ( -265.7189512413806938, 100.0000000000000000, 5.831332410554418644 ) ) ;
#3258 = ORIENTED_EDGE ( 'NONE', *, *, #620, .T. ) ;
#3259 = DIRECTION ( 'NONE',  ( 0.000000000000000000, -1.000000000000000000, 0.000000000000000000 ) ) ;
#3260 = LINE ( 'NONE', #3576, #549 ) ;
#3261 = CARTESIAN_POINT ( 'NONE',  ( -113.6756979680784383, 5.000000000000000000, 3.057168747125811770 ) ) ;
#3262 = CARTESIAN_POINT ( 'NONE',  ( -269.9384435895149750, 0.000000000000000000, 3.340010526439053606 ) ) ;
#3263 = CARTESIAN_POINT ( 'NONE',  ( -164.7856437543203754, 1.000000000000000000, 24.44945115711585970 ) ) ;
#3264 = EDGE_LOOP ( 'NONE', ( #1790, #579, #1772, #457 ) ) ;
#3265 = EDGE_CURVE ( 'NONE', #2778, #4047, #2528, .T. ) ;
#3266 = CARTESIAN_POINT ( 'NONE',  ( -265.3338636067449556, 5.000000000000000000, 6.801727551363130786 ) ) ;
#3267 = CARTESIAN_POINT ( 'NONE',  ( -241.8170280064097994, 0.000000000000000000, 11.49717890542819454 ) ) ;
#3268 = EDGE_CURVE ( 'NONE', #3125, #1580, #1730, .T. ) ;
#3269 = CARTESIAN_POINT ( 'NONE',  ( -112.6248457536031111, 1.000000000000000000, 12.37393250582480064 ) ) ;
#3270 = ORIENTED_EDGE ( 'NONE', *, *, #1708, .T. ) ;
#3271 = PLANE ( 'NONE',  #2414 ) ;
#3272 = ORIENTED_EDGE ( 'NONE', *, *, #3493, .T. ) ;
#3273 = B_SPLINE_CURVE_WITH_KNOTS ( 'NONE', 3,
 ( #3909, #668, #2316, #3284 ),
 .UNSPECIFIED., .F., .F.,
 ( 4, 4 ),
 ( 0.1046695911477107527, 0.1058400234302319526 ),
 .UNSPECIFIED. ) ;
#3274 = EDGE_CURVE ( 'NONE', #2597, #1943, #1750, .T. ) ;
#3275 = EDGE_LOOP ( 'NONE', ( #561, #546, #141, #206 ) ) ;
#3276 = EDGE_LOOP ( 'NONE', ( #585, #1161, #1800, #2286 ) ) ;
#3277 = CARTESIAN_POINT ( 'NONE',  ( -178.1135318345519067, 1.000000000000000000, 9.549550606678973708 ) ) ;
#3278 = B_SPLINE_CURVE_WITH_KNOTS ( 'NONE', 3,
 ( #3152, #1313, #2874, #277, #3518, #1606, #2265, #2856, #1552 ),
 .UNSPECIFIED., .F., .F.,
 ( 4, 1, 1, 1, 1, 1, 4 ),
 ( 0.9389019328317708135, 0.9448400810633539315, 0.9507782292949371605, 0.9626545257581033965, 0.9745308222212696325, 0.9804689704528527505, 0.9864071186844358685 ),
 .UNSPECIFIED. ) ;
#3279 = CYLINDRICAL_SURFACE ( 'NONE', #485, 10.79999999999999005 ) ;
#3280 = EDGE_CURVE ( 'NONE', #883, #866, #804, .T. ) ;
#3281 = DIRECTION ( 'NONE',  ( -0.01073934591757915065, 0.000000000000000000, -0.9999423315618068964 ) ) ;
#3282 = CARTESIAN_POINT ( 'NONE',  ( -101.3232182224359548, 0.000000000000000000, 24.01536559620939926 ) ) ;
#3283 = VERTEX_POINT ( 'NONE', #2762 ) ;
#3284 = CARTESIAN_POINT ( 'NONE',  ( -177.9818545071755693, 1.000000000000000000, 22.85539443543553517 ) ) ;
#3285 = CARTESIAN_POINT ( 'NONE',  ( -253.4491931162216076, 0.000000000000000000, 8.860130738839844255 ) ) ;
#3286 = CARTESIAN_POINT ( 'NONE',  ( -113.0233135672802547, 5.000000000000000000, 27.31498970425841577 ) ) ;
#3287 = CARTESIAN_POINT ( 'NONE',  ( -290.1604015055182231, 0.000000000000000000, 1.637864100023814773 ) ) ;
#3288 = CARTESIAN_POINT ( 'NONE',  ( -212.0909056974439864, 0.000000000000000000, 17.48321469169217224 ) ) ;
#3289 = ORIENTED_EDGE ( 'NONE', *, *, #1212, .T. ) ;
#3290 = B_SPLINE_CURVE_WITH_KNOTS ( 'NONE', 3,
 ( #1093, #2071, #2381, #3665, #3359, #160, #477, #3998, #1113, #3384 ),
 .UNSPECIFIED., .F., .F.,
 ( 4, 1, 1, 1, 1, 1, 1, 4 ),
 ( 0.8270910034538873079, 0.8494027461549507052, 0.8787945019262081159, 0.8934903798118367657, 0.9081862576974655266, 0.9228821355830941764, 0.9291378280682509594, 0.9294838303711507876 ),
 .UNSPECIFIED. ) ;
#3291 = CARTESIAN_POINT ( 'NONE',  ( -292.2377533026771061, 100.0000000000000000, 1.650914772662632979 ) ) ;
#3292 = ORIENTED_EDGE ( 'NONE', *, *, #3672, .F. ) ;
#3293 = EDGE_CURVE ( 'NONE', #3921, #440, #831, .T. ) ;
#3294 = VECTOR ( 'NONE', #1596, 1000.000000000000000 ) ;
#3295 = CARTESIAN_POINT ( 'NONE',  ( -164.4223317607596471, 1.000000000000000000, 24.42442517682594882 ) ) ;
#3296 = VERTEX_POINT ( 'NONE', #3339 ) ;
#3297 = VECTOR ( 'NONE', #3643, 1000.000000000000000 ) ;
#3298 = ORIENTED_EDGE ( 'NONE', *, *, #241, .T. ) ;
#3299 = AXIS2_PLACEMENT_3D ( 'NONE', #3809, #4103, #1196 ) ;
#3300 = ORIENTED_EDGE ( 'NONE', *, *, #1712, .T. ) ;
#3301 = CIRCLE ( 'NONE', #2024, 0.6000000000000224043 ) ;
#3302 = CARTESIAN_POINT ( 'NONE',  ( -140.7803349292889266, 0.000000000000000000, 26.53285290016552977 ) ) ;
#3303 = ORIENTED_EDGE ( 'NONE', *, *, #682, .T. ) ;
#3304 = DIRECTION ( 'NONE',  ( -0.7248872777926376187, 0.000000000000000000, 0.6888675014067505709 ) ) ;
#3305 = CARTESIAN_POINT ( 'NONE',  ( -115.5180971449280918, 1.694065894508600678E-18, 7.824897445543956387 ) ) ;
#3306 = ADVANCED_FACE ( 'NONE', ( #2446 ), #203, .F. ) ;
#3307 = CARTESIAN_POINT ( 'NONE',  ( -280.0929048604700142, 0.000000000000000000, 6.043931826251222716 ) ) ;
#3308 = AXIS2_PLACEMENT_3D ( 'NONE', #315, #4149, #2579 ) ;
#3309 = VECTOR ( 'NONE', #2691, 1000.000000000000000 ) ;
#3310 = ORIENTED_EDGE ( 'NONE', *, *, #790, .T. ) ;
#3311 = CARTESIAN_POINT ( 'NONE',  ( -149.9881244947861774, 0.000000000000000000, 9.572435617176004996 ) ) ;
#3312 = CARTESIAN_POINT ( 'NONE',  ( -266.6398104252422172, 100.0000000000000000, 6.507882213807866911 ) ) ;
#3313 = VECTOR ( 'NONE', #648, 1000.000000000000000 ) ;
#3314 = CARTESIAN_POINT ( 'NONE',  ( -290.1850476729546244, -1.694065894508600678E-18, 2.279926096537435498 ) ) ;
#3315 = CARTESIAN_POINT ( 'NONE',  ( -109.9335922051697167, 1.000000000000000000, 90.44089133709546502 ) ) ;
#3316 = CIRCLE ( 'NONE', #151, 0.3999999999999507283 ) ;
#3317 = STYLED_ITEM ( 'NONE', ( #3914 ), #1109 ) ;
#3318 = ORIENTED_EDGE ( 'NONE', *, *, #244, .F. ) ;
#3319 = FACE_BOUND ( 'NONE', #2741, .T. ) ;
#3320 = ORIENTED_EDGE ( 'NONE', *, *, #33, .F. ) ;
#3321 = ORIENTED_EDGE ( 'NONE', *, *, #3457, .T. ) ;
#3322 = VERTEX_POINT ( 'NONE', #2052 ) ;
#3323 = ORIENTED_EDGE ( 'NONE', *, *, #654, .T. ) ;
#3324 = EDGE_LOOP ( 'NONE', ( #910, #2847, #1072, #3634 ) ) ;
#3325 = CARTESIAN_POINT ( 'NONE',  ( -135.8692035659112776, 0.000000000000000000, 26.79237269320660531 ) ) ;
#3326 = EDGE_CURVE ( 'NONE', #3401, #2122, #458, .T. ) ;
#3327 = VERTEX_POINT ( 'NONE', #2695 ) ;
#3328 = FACE_OUTER_BOUND ( 'NONE', #370, .T. ) ;
#3329 = CARTESIAN_POINT ( 'NONE',  ( -66.52695322057213900, 1.000000000000000000, -70.00554086441651691 ) ) ;
#3330 = CARTESIAN_POINT ( 'NONE',  ( -272.0829353890873676, 0.000000000000000000, 8.182179439941577925 ) ) ;
#3331 = EDGE_CURVE ( 'NONE', #4104, #3978, #3685, .T. ) ;
#3332 = ORIENTED_EDGE ( 'NONE', *, *, #3193, .T. ) ;
#3333 = CARTESIAN_POINT ( 'NONE',  ( -154.5807832906197916, 2.602085213965210642E-15, 26.32937649834314442 ) ) ;
#3334 = CARTESIAN_POINT ( 'NONE',  ( -168.8641331842243289, 5.000000000000000000, 24.10239613039014372 ) ) ;
#3335 = DIRECTION ( 'NONE',  ( 0.000000000000000000, -1.000000000000000000, 0.000000000000000000 ) ) ;
#3336 = EDGE_CURVE ( 'NONE', #128, #1413, #3290, .T. ) ;
#3337 = PLANE ( 'NONE',  #2433 ) ;
#3338 = ORIENTED_EDGE ( 'NONE', *, *, #2804, .F. ) ;
#3339 = CARTESIAN_POINT ( 'NONE',  ( -234.5343301433688907, 0.000000000000000000, 13.06154869267640883 ) ) ;
#3340 = ORIENTED_EDGE ( 'NONE', *, *, #1649, .F. ) ;
#3341 = EDGE_LOOP ( 'NONE', ( #1201, #3987, #1731, #1641, #1693, #24 ) ) ;
#3342 = ORIENTED_EDGE ( 'NONE', *, *, #1683, .T. ) ;
#3343 = EDGE_CURVE ( 'NONE', #429, #4024, #501, .T. ) ;
#3344 = EDGE_CURVE ( 'NONE', #1694, #48, #268, .T. ) ;
#3345 = ORIENTED_EDGE ( 'NONE', *, *, #1997, .F. ) ;
#3346 = VERTEX_POINT ( 'NONE', #283 ) ;
#3347 = DIRECTION ( 'NONE',  ( -0.000000000000000000, -1.000000000000000000, -0.000000000000000000 ) ) ;
#3348 = ORIENTED_EDGE ( 'NONE', *, *, #1105, .T. ) ;
#3349 = LINE ( 'NONE', #1698, #3898 ) ;
#3350 = DIRECTION ( 'NONE',  ( 0.000000000000000000, 0.000000000000000000, -1.000000000000000000 ) ) ;
#3351 = CARTESIAN_POINT ( 'NONE',  ( -297.6249865866503796, 100.0000000000000000, 0.7942685039368116984 ) ) ;
#3352 = ADVANCED_FACE ( 'NONE', ( #1837 ), #3136, .T. ) ;
#3353 = VERTEX_POINT ( 'NONE', #1538 ) ;
#3354 = LINE ( 'NONE', #2393, #1751 ) ;
#3355 = CARTESIAN_POINT ( 'NONE',  ( -260.7875091712365361, 0.000000000000000000, 7.103832978970844536 ) ) ;
#3356 = DIRECTION ( 'NONE',  ( -0.6353193322043766411, 0.000000000000000000, -0.7722495361781610557 ) ) ;
#3357 = CARTESIAN_POINT ( 'NONE',  ( -200.4954640087551923, 0.000000000000000000, 8.438484520300974623 ) ) ;
#3358 = ORIENTED_EDGE ( 'NONE', *, *, #830, .F. ) ;
#3359 = CARTESIAN_POINT ( 'NONE',  ( -238.2652901195033621, 5.000000000000000000, 8.067388918634684103 ) ) ;
#3360 = EDGE_CURVE ( 'NONE', #3739, #1098, #2495, .T. ) ;
#3361 = VERTEX_POINT ( 'NONE', #2507 ) ;
#3362 = EDGE_LOOP ( 'NONE', ( #1600, #3954, #3310, #1754 ) ) ;
#3363 = ORIENTED_EDGE ( 'NONE', *, *, #1550, .T. ) ;
#3364 = EDGE_LOOP ( 'NONE', ( #3212, #2544, #2306, #3258 ) ) ;
#3365 = ORIENTED_EDGE ( 'NONE', *, *, #3265, .F. ) ;
#3366 = EDGE_CURVE ( 'NONE', #3940, #3207, #1899, .T. ) ;
#3367 = ORIENTED_EDGE ( 'NONE', *, *, #161, .T. ) ;
#3368 = CARTESIAN_POINT ( 'NONE',  ( -237.9153930459915784, 5.000000000000000000, 12.36233482739456591 ) ) ;
#3369 = VECTOR ( 'NONE', #2595, 1000.000000000000000 ) ;
#3370 = ORIENTED_EDGE ( 'NONE', *, *, #4074, .T. ) ;
#3371 = LINE ( 'NONE', #487, #2358 ) ;
#3372 = LINE ( 'NONE', #3329, #345 ) ;
#3373 = CARTESIAN_POINT ( 'NONE',  ( -229.0734860869345653, 1.000000000000000000, 8.119959611217820949 ) ) ;
#3374 = CARTESIAN_POINT ( 'NONE',  ( -245.5551818403965001, 1.000000000000000000, 8.074803270971091962 ) ) ;
#3375 = CARTESIAN_POINT ( 'NONE',  ( -117.3872845654307042, 5.000000000000000000, 27.32359723883179825 ) ) ;
#3376 = VECTOR ( 'NONE', #397, 1000.000000000000000 ) ;
#3377 = CARTESIAN_POINT ( 'NONE',  ( -188.7754460206229226, 0.000000000000000000, 21.33710220619634157 ) ) ;
#3378 = AXIS2_PLACEMENT_3D ( 'NONE', #3910, #110, #2966 ) ;
#3379 = CARTESIAN_POINT ( 'NONE',  ( -188.7754460206229226, 0.000000000000000000, 21.33710220619634157 ) ) ;
#3380 = CARTESIAN_POINT ( 'NONE',  ( -235.6550174583684054, 0.000000000000000000, 12.82585744542669026 ) ) ;
#3381 = VECTOR ( 'NONE', #1616, 1000.000000000000000 ) ;
#3382 = EDGE_LOOP ( 'NONE', ( #103, #1949, #60, #187 ) ) ;
#3383 = LINE ( 'NONE', #2931, #2681 ) ;
#3384 = CARTESIAN_POINT ( 'NONE',  ( -260.8337779118388084, 5.000000000000000000, 6.940564282544231745 ) ) ;
#3385 = VECTOR ( 'NONE', #1511, 1000.000000000000000 ) ;
#3386 = VECTOR ( 'NONE', #862, 1000.000000000000000 ) ;
#3387 = EDGE_LOOP ( 'NONE', ( #848, #3342, #3608, #4146 ) ) ;
#3388 = ORIENTED_EDGE ( 'NONE', *, *, #2118, .F. ) ;
#3389 = ORIENTED_EDGE ( 'NONE', *, *, #1502, .T. ) ;
#3390 = ORIENTED_EDGE ( 'NONE', *, *, #2213, .T. ) ;
#3391 = LINE ( 'NONE', #2453, #3830 ) ;
#3392 = ORIENTED_EDGE ( 'NONE', *, *, #3033, .T. ) ;
#3393 = DIRECTION ( 'NONE',  ( 0.000000000000000000, 0.000000000000000000, 1.000000000000000000 ) ) ;
#3394 = LINE ( 'NONE', #838, #222 ) ;
#3395 = DIRECTION ( 'NONE',  ( -0.7248872777925960964, 0.000000000000000000, 0.6888675014067942026 ) ) ;
#3396 = CARTESIAN_POINT ( 'NONE',  ( 0.000000000000000000, 0.000000000000000000, 0.000000000000000000 ) ) ;
#3397 = CARTESIAN_POINT ( 'NONE',  ( -242.9866521706236426, 0.000000000000000000, 11.23979997107312556 ) ) ;
#3398 = LINE ( 'NONE', #551, #140 ) ;
#3399 = CARTESIAN_POINT ( 'NONE',  ( -269.3505351003591954, 0.000000000000000000, 8.883550396804281490 ) ) ;
#3400 = CARTESIAN_POINT ( 'NONE',  ( -271.2861602198226478, 100.0000000000000000, 2.447696926311453858 ) ) ;
#3401 = VERTEX_POINT ( 'NONE', #3792 ) ;
#3402 = DIRECTION ( 'NONE',  ( 0.06567303980416965004, 0.000000000000000000, -0.9978411957034445390 ) ) ;
#3403 = CARTESIAN_POINT ( 'NONE',  ( -189.5878733123935831, 0.000000000000000000, 9.395759206368795802 ) ) ;
#3404 = EDGE_CURVE ( 'NONE', #1478, #3207, #3808, .T. ) ;
#3405 = ORIENTED_EDGE ( 'NONE', *, *, #420, .F. ) ;
#3406 = ORIENTED_EDGE ( 'NONE', *, *, #1697, .F. ) ;
#3407 = ADVANCED_FACE ( 'NONE', ( #3484 ), #616, .T. ) ;
#3408 = ORIENTED_EDGE ( 'NONE', *, *, #26, .T. ) ;
#3409 = CARTESIAN_POINT ( 'NONE',  ( -205.5137186611161724, 1.000000000000000000, 18.06825196386212795 ) ) ;
#3410 = EDGE_LOOP ( 'NONE', ( #2873, #855, #238, #6 ) ) ;
#3411 = FACE_OUTER_BOUND ( 'NONE', #4002, .T. ) ;
#3412 = EDGE_CURVE ( 'NONE', #2778, #3547, #2174, .T. ) ;
#3413 = DIRECTION ( 'NONE',  ( -0.6888675014067494606, 0.000000000000000000, -0.7248872777926386179 ) ) ;
#3414 = CARTESIAN_POINT ( 'NONE',  ( -276.9279722789253810, 100.0000000000000000, 2.022114237912307821 ) ) ;
#3415 = LINE ( 'NONE', #3758, #2900 ) ;
#3416 = CARTESIAN_POINT ( 'NONE',  ( -176.7826261596378572, 0.000000000000000000, 22.94008748946168907 ) ) ;
#3417 = ORIENTED_EDGE ( 'NONE', *, *, #3883, .T. ) ;
#3418 = CARTESIAN_POINT ( 'NONE',  ( -257.5838901407186086, 1.000000000000000000, 7.879919380725245226 ) ) ;
#3419 = CARTESIAN_POINT ( 'NONE',  ( -272.0829353890873676, 100.0000000000000000, 8.182179439941577925 ) ) ;
#3420 = LINE ( 'NONE', #3645, #3449 ) ;
#3421 = CARTESIAN_POINT ( 'NONE',  ( -254.9539109580269383, 5.000000000000000000, 8.516572991783643687 ) ) ;
#3422 = CARTESIAN_POINT ( 'NONE',  ( -192.5000000000002274, 5.000000000000000000, 15.15093237103806700 ) ) ;
#3423 = VERTEX_POINT ( 'NONE', #1517 ) ;
#3424 = EDGE_CURVE ( 'NONE', #3984, #1371, #3465, .T. ) ;
#3425 = ORIENTED_EDGE ( 'NONE', *, *, #1955, .F. ) ;
#3426 = DIRECTION ( 'NONE',  ( -0.000000000000000000, -1.000000000000000000, -0.000000000000000000 ) ) ;
#3427 = EDGE_LOOP ( 'NONE', ( #1564, #554, #1167, #792 ) ) ;
#3428 = CARTESIAN_POINT ( 'NONE',  ( -260.7875091720584351, -1.734723475976807094E-15, 7.103832978769898610 ) ) ;
#3429 = VERTEX_POINT ( 'NONE', #4079 ) ;
#3430 = CARTESIAN_POINT ( 'NONE',  ( -149.8130695285132674, 1.000000000000000000, 25.87183340821862032 ) ) ;
#3431 = LINE ( 'NONE', #548, #3166 ) ;
#3432 = AXIS2_PLACEMENT_3D ( 'NONE', #2182, #3474, #1248 ) ;
#3433 = EDGE_CURVE ( 'NONE', #1646, #2469, #2821, .T. ) ;
#3434 = CARTESIAN_POINT ( 'NONE',  ( -255.5548677891178500, 1.000000000000000000, 7.243692533834496849 ) ) ;
#3435 = CARTESIAN_POINT ( 'NONE',  ( -100.5082599175125608, 1.000000000000000000, 23.99344829018408731 ) ) ;
#3436 = CARTESIAN_POINT ( 'NONE',  ( -265.8557205421093386, 100.0000000000000000, 6.670256816194236826 ) ) ;
#3437 = AXIS2_PLACEMENT_3D ( 'NONE', #1361, #2644, #3350 ) ;
#3438 = ORIENTED_EDGE ( 'NONE', *, *, #2307, .T. ) ;
#3439 = DIRECTION ( 'NONE',  ( 0.1609050596805300104, 0.000000000000000000, -0.9869698889881114434 ) ) ;
#3440 = VECTOR ( 'NONE', #4023, 1000.000000000000000 ) ;
#3441 = AXIS2_PLACEMENT_3D ( 'NONE', #3657, #398, #2043 ) ;
#3442 = DIRECTION ( 'NONE',  ( 0.000000000000000000, -1.000000000000000000, 0.000000000000000000 ) ) ;
#3443 = CARTESIAN_POINT ( 'NONE',  ( -261.5617635560994927, 100.0000000000000000, 7.738060476453885173 ) ) ;
#3444 = VECTOR ( 'NONE', #4071, 1000.000000000000114 ) ;
#3445 = VECTOR ( 'NONE', #1561, 1000.000000000000000 ) ;
#3446 = DIRECTION ( 'NONE',  ( -0.7248872777926381739, 0.000000000000000000, 0.6888675014067500157 ) ) ;
#3447 = ORIENTED_EDGE ( 'NONE', *, *, #729, .T. ) ;
#3448 = CIRCLE ( 'NONE', #1557, 0.5999999999999928724 ) ;
#3449 = VECTOR ( 'NONE', #760, 1000.000000000000227 ) ;
#3450 = VERTEX_POINT ( 'NONE', #1873 ) ;
#3451 = ORIENTED_EDGE ( 'NONE', *, *, #568, .T. ) ;
#3452 = FACE_OUTER_BOUND ( 'NONE', #3013, .T. ) ;
#3453 = CARTESIAN_POINT ( 'NONE',  ( -254.9539109580269383, -8.673617379884035472E-16, 8.516572991783643687 ) ) ;
#3454 = CARTESIAN_POINT ( 'NONE',  ( -113.0233135672802547, 5.000000000000000000, 27.31498970425841932 ) ) ;
#3455 = FACE_OUTER_BOUND ( 'NONE', #2420, .T. ) ;
#3456 = EDGE_CURVE ( 'NONE', #3475, #1134, #2524, .T. ) ;
#3457 = EDGE_CURVE ( 'NONE', #2280, #418, #775, .T. ) ;
#3458 = CARTESIAN_POINT ( 'NONE',  ( -112.8759871213101178, 0.000000000000000000, 3.035661502869881900 ) ) ;
#3459 = LINE ( 'NONE', #3153, #3825 ) ;
#3460 = CARTESIAN_POINT ( 'NONE',  ( -133.7537577297727012, 1.000000000000000000, 26.88888592144400747 ) ) ;
#3461 = EDGE_CURVE ( 'NONE', #3874, #2183, #4138, .T. ) ;
#3462 = ORIENTED_EDGE ( 'NONE', *, *, #3729, .T. ) ;
#3463 = DIRECTION ( 'NONE',  ( 0.000000000000000000, -1.000000000000000000, 0.000000000000000000 ) ) ;
#3464 = CARTESIAN_POINT ( 'NONE',  ( -151.9060143339745537, -8.673617379884035472E-16, 9.644634931176614856 ) ) ;
#3465 = LINE ( 'NONE', #2845, #2764 ) ;
#3466 = EDGE_CURVE ( 'NONE', #1097, #801, #150, .T. ) ;
#3467 = CARTESIAN_POINT ( 'NONE',  ( -221.9420323842126948, 0.000000000000000000, 15.04364239713811635 ) ) ;
#3468 = ORIENTED_EDGE ( 'NONE', *, *, #542, .T. ) ;
#3469 = ORIENTED_EDGE ( 'NONE', *, *, #723, .F. ) ;
#3470 = B_SPLINE_CURVE_WITH_KNOTS ( 'NONE', 3,
 ( #2791, #3690, #3472, #2472 ),
 .UNSPECIFIED., .F., .F.,
 ( 4, 4 ),
 ( 0.8270910034538873079, 0.8272217969609235722 ),
 .UNSPECIFIED. ) ;
#3471 = CARTESIAN_POINT ( 'NONE',  ( -165.5945624024669769, 0.000000000000000000, 9.630070904658040831 ) ) ;
#3472 = CARTESIAN_POINT ( 'NONE',  ( -195.2647230231997071, 0.000000000000000000, 9.295681801739409167 ) ) ;
#3473 = ADVANCED_FACE ( 'NONE', ( #3826 ), #112, .F. ) ;
#3474 = DIRECTION ( 'NONE',  ( 0.000000000000000000, 1.000000000000000000, -0.000000000000000000 ) ) ;
#3475 = VERTEX_POINT ( 'NONE', #2908 ) ;
#3476 = CARTESIAN_POINT ( 'NONE',  ( -249.1368135664689305, 0.000000000000000000, 9.351542746965733954 ) ) ;
#3477 = EDGE_CURVE ( 'NONE', #602, #2662, #1367, .T. ) ;
#3478 = ORIENTED_EDGE ( 'NONE', *, *, #101, .T. ) ;
#3479 = CARTESIAN_POINT ( 'NONE',  ( -112.2823144185779682, 0.000000000000000000, 25.11038633121939867 ) ) ;
#3480 = DIRECTION ( 'NONE',  ( 0.000000000000000000, -1.000000000000000000, 0.000000000000000000 ) ) ;
#3481 = CARTESIAN_POINT ( 'NONE',  ( -274.7847390678884949, 100.0000000000000000, 7.475225215082193841 ) ) ;
#3482 = CARTESIAN_POINT ( 'NONE',  ( -113.5285485838877975, 1.000000000000000000, 8.528672068350854119 ) ) ;
#3483 = CARTESIAN_POINT ( 'NONE',  ( -113.5285485838877975, 5.000000000000000000, 8.528672068350854119 ) ) ;
#3484 = FACE_OUTER_BOUND ( 'NONE', #3923, .T. ) ;
#3485 = CARTESIAN_POINT ( 'NONE',  ( -221.4743955350028557, 1.000000000000000000, 15.70286237072436286 ) ) ;
#3486 = EDGE_LOOP ( 'NONE', ( #3774, #4063, #314 ) ) ;
#3487 = ADVANCED_FACE ( 'NONE', ( #651 ), #2319, .F. ) ;
#3488 = VERTEX_POINT ( 'NONE', #2969 ) ;
#3489 = CARTESIAN_POINT ( 'NONE',  ( -100.5082599175125608, 5.000000000000000000, 23.99344829018408731 ) ) ;
#3490 = CARTESIAN_POINT ( 'NONE',  ( -248.6241925756561670, 0.000000000000000000, 9.975076703449307303 ) ) ;
#3491 = EDGE_LOOP ( 'NONE', ( #1435, #659, #3655 ) ) ;
#3492 = CARTESIAN_POINT ( 'NONE',  ( -238.4814653430222222, 1.000000000000000000, 8.327360937715097222 ) ) ;
#3493 = EDGE_CURVE ( 'NONE', #2452, #1055, #1027, .T. ) ;
#3494 = ORIENTED_EDGE ( 'NONE', *, *, #3600, .T. ) ;
#3495 = DIRECTION ( 'NONE',  ( -0.000000000000000000, -1.000000000000000000, -0.000000000000000000 ) ) ;
#3496 = LINE ( 'NONE', #2291, #3960 ) ;
#3497 = DIRECTION ( 'NONE',  ( -0.7248872777926381739, 0.000000000000000000, 0.6888675014067500157 ) ) ;
#3498 = VECTOR ( 'NONE', #3102, 1000.000000000000000 ) ;
#3499 = CARTESIAN_POINT ( 'NONE',  ( -113.8344749848858299, 1.000000000000000000, 8.543598326846165492 ) ) ;
#3500 = CARTESIAN_POINT ( 'NONE',  ( -253.7837617781981123, 1.000000000000000000, 8.395107024311908361 ) ) ;
#3501 = CARTESIAN_POINT ( 'NONE',  ( -149.8130695285133811, 0.000000000000000000, 25.87183340821861322 ) ) ;
#3502 = VECTOR ( 'NONE', #629, 1000.000000000000000 ) ;
#3503 = CARTESIAN_POINT ( 'NONE',  ( -129.4660814831984226, 0.000000000000000000, 9.165747756566894111 ) ) ;
#3504 = PLANE ( 'NONE',  #3699 ) ;
#3505 = MECHANICAL_DESIGN_GEOMETRIC_PRESENTATION_REPRESENTATION (  '', ( #3317 ), #1484 ) ;
#3506 = AXIS2_PLACEMENT_3D ( 'NONE', #3088, #2498, #214 ) ;
#3507 = ORIENTED_EDGE ( 'NONE', *, *, #2307, .F. ) ;
#3508 = EDGE_CURVE ( 'NONE', #2932, #1395, #1170, .T. ) ;
#3509 = VECTOR ( 'NONE', #1907, 1000.000000000000114 ) ;
#3510 = ORIENTED_EDGE ( 'NONE', *, *, #849, .T. ) ;
#3511 = CARTESIAN_POINT ( 'NONE',  ( -293.2676002059585585, 100.0000000000000000, 1.330312713632799237 ) ) ;
#3512 = VECTOR ( 'NONE', #3244, 1000.000000000000000 ) ;
#3513 = DIRECTION ( 'NONE',  ( -0.02688405537843112716, 0.000000000000000000, -0.9996385584632124788 ) ) ;
#3514 = PLANE ( 'NONE',  #881 ) ;
#3515 = VECTOR ( 'NONE', #3091, 1000.000000000000000 ) ;
#3516 = VECTOR ( 'NONE', #1797, 1000.000000000000000 ) ;
#3517 = EDGE_LOOP ( 'NONE', ( #3194, #3752, #2340, #3000 ) ) ;
#3518 = CARTESIAN_POINT ( 'NONE',  ( -280.3490536555165136, 100.0000000000000000, 2.537585519907651133 ) ) ;
#3519 = DIRECTION ( 'NONE',  ( 0.000000000000000000, 0.000000000000000000, 1.000000000000000000 ) ) ;
#3520 = LINE ( 'NONE', #1593, #2835 ) ;
#3521 = DIRECTION ( 'NONE',  ( -0.9323279189447376547, 0.000000000000000000, 0.3616139537630904677 ) ) ;
#3522 = CARTESIAN_POINT ( 'NONE',  ( -260.8337779118352842, -8.673617379884035472E-16, 6.940564282544449348 ) ) ;
#3523 = CARTESIAN_POINT ( 'NONE',  ( -285.1034899455572713, 0.000000000000000000, 1.323141469673185799 ) ) ;
#3524 = CARTESIAN_POINT ( 'NONE',  ( -164.9945637137975609, 1.000000000000000000, 9.631325334794968995 ) ) ;
#3525 = EDGE_CURVE ( 'NONE', #3743, #1620, #14, .T. ) ;
#3526 = DIRECTION ( 'NONE',  ( -0.7248872777926349542, 0.000000000000000000, 0.6888675014067533464 ) ) ;
#3527 = ORIENTED_EDGE ( 'NONE', *, *, #1712, .F. ) ;
#3528 = ADVANCED_FACE ( 'NONE', ( #1344 ), #22, .F. ) ;
#3529 = CARTESIAN_POINT ( 'NONE',  ( -164.3945647709204536, 0.000000000000000000, 9.632451632411738629 ) ) ;
#3530 = EDGE_CURVE ( 'NONE', #2183, #3534, #2133, .T. ) ;
#3531 = CARTESIAN_POINT ( 'NONE',  ( -178.1135318345519067, 1.000000000000000000, 9.549550606678973708 ) ) ;
#3532 = DIRECTION ( 'NONE',  ( 0.000000000000000000, 1.000000000000000000, 0.000000000000000000 ) ) ;
#3533 = ORIENTED_EDGE ( 'NONE', *, *, #1224, .T. ) ;
#3534 = VERTEX_POINT ( 'NONE', #986 ) ;
#3535 = LINE ( 'NONE', #996, #2224 ) ;
#3536 = CARTESIAN_POINT ( 'NONE',  ( -214.2677894798102614, 0.000000000000000000, 8.856444827647957041 ) ) ;
#3537 = CARTESIAN_POINT ( 'NONE',  ( -242.5786450419261655, 1.000000000000000000, 11.66914112373636669 ) ) ;
#3538 = LINE ( 'NONE', #3311, #3313 ) ;
#3539 = CARTESIAN_POINT ( 'NONE',  ( -206.1889985618809646, 1.000000000000000000, 18.51898914692129949 ) ) ;
#3540 = PLANE ( 'NONE',  #806 ) ;
#3541 = CARTESIAN_POINT ( 'NONE',  ( -274.6155771348952044, 0.000000000000000000, 2.997052627295858418 ) ) ;
#3542 = EDGE_CURVE ( 'NONE', #1287, #163, #677, .T. ) ;
#3543 = VERTEX_POINT ( 'NONE', #1597 ) ;
#3544 = ORIENTED_EDGE ( 'NONE', *, *, #4124, .T. ) ;
#3545 = DIRECTION ( 'NONE',  ( -0.000000000000000000, -1.000000000000000000, -0.000000000000000000 ) ) ;
#3546 = DIRECTION ( 'NONE',  ( 0.6888675014067510149, 0.000000000000000000, 0.7248872777926371747 ) ) ;
#3547 = VERTEX_POINT ( 'NONE', #2881 ) ;
#3548 = EDGE_CURVE ( 'NONE', #1293, #3669, #3234, .T. ) ;
#3549 = ORIENTED_EDGE ( 'NONE', *, *, #3530, .T. ) ;
#3550 = VERTEX_POINT ( 'NONE', #2567 ) ;
#3551 = PLANE ( 'NONE',  #4 ) ;
#3552 = PLANE ( 'NONE',  #2950 ) ;
#3553 = DIRECTION ( 'NONE',  ( -0.000000000000000000, -1.000000000000000000, -0.000000000000000000 ) ) ;
#3554 = CARTESIAN_POINT ( 'NONE',  ( -100.5082599175125608, 5.000000000000000000, 23.99344829018408731 ) ) ;
#3555 = DIRECTION ( 'NONE',  ( 0.000000000000000000, -1.000000000000000000, 0.000000000000000000 ) ) ;
#3556 = CARTESIAN_POINT ( 'NONE',  ( -297.6853304518525078, 0.000000000000000000, 0.07763497805441094135 ) ) ;
#3557 = CARTESIAN_POINT ( 'NONE',  ( -238.1831628237496830, 0.000000000000000000, 8.060598028344744037 ) ) ;
#3558 = FACE_OUTER_BOUND ( 'NONE', #180, .T. ) ;
#3559 = CARTESIAN_POINT ( 'NONE',  ( -173.4395179607336104, 5.000000000000000000, 8.866531246998681226 ) ) ;
#3560 = ORIENTED_EDGE ( 'NONE', *, *, #2897, .T. ) ;
#3561 = VECTOR ( 'NONE', #245, 1000.000000000000114 ) ;
#3562 = ORIENTED_EDGE ( 'NONE', *, *, #3796, .F. ) ;
#3563 = CARTESIAN_POINT ( 'NONE',  ( -285.9904385892327809, 100.0000000000000000, 3.527721545625112753 ) ) ;
#3564 = VECTOR ( 'NONE', #3209, 1000.000000000000000 ) ;
#3565 = DIRECTION ( 'NONE',  ( -0.000000000000000000, -1.000000000000000000, -0.000000000000000000 ) ) ;
#3566 = AXIS2_PLACEMENT_3D ( 'NONE', #3675, #3967, #2014 ) ;
#3567 = VERTEX_POINT ( 'NONE', #799 ) ;
#3568 = ORIENTED_EDGE ( 'NONE', *, *, #1178, .T. ) ;
#3569 = CARTESIAN_POINT ( 'NONE',  ( -251.9429681874314042, 0.000000000000000000, 7.933428071690787675 ) ) ;
#3570 = AXIS2_PLACEMENT_3D ( 'NONE', #1254, #2292, #3241 ) ;
#3571 = DIRECTION ( 'NONE',  ( 0.000000000000000000, 0.000000000000000000, 1.000000000000000000 ) ) ;
#3572 = CARTESIAN_POINT ( 'NONE',  ( -195.6932033502584147, 0.000000000000000000, 9.287529719570885689 ) ) ;
#3573 = EDGE_LOOP ( 'NONE', ( #660, #1547, #388 ) ) ;
#3574 = CARTESIAN_POINT ( 'NONE',  ( -205.0368338599284925, 1.000000000000000000, 18.71868351722831036 ) ) ;
#3575 = EDGE_CURVE ( 'NONE', #3584, #2367, #3951, .T. ) ;
#3576 = CARTESIAN_POINT ( 'NONE',  ( -195.2964886728849763, 1.000000000000000000, 9.338690884104865475 ) ) ;
#3577 = EDGE_CURVE ( 'NONE', #2171, #3984, #2990, .T. ) ;
#3578 = FACE_OUTER_BOUND ( 'NONE', #2139, .T. ) ;
#3579 = CARTESIAN_POINT ( 'NONE',  ( -259.4640068570271865, 1.694065894508600678E-18, 8.261595196955697773 ) ) ;
#3580 = FILL_AREA_STYLE_COLOUR ( '', #2490 ) ;
#3581 = ORIENTED_EDGE ( 'NONE', *, *, #101, .F. ) ;
#3582 = EDGE_CURVE ( 'NONE', #1118, #123, #2097, .T. ) ;
#3583 = CARTESIAN_POINT ( 'NONE',  ( -267.1688184859924604, 100.0000000000000000, 8.607714735570331399 ) ) ;
#3584 = VERTEX_POINT ( 'NONE', #825 ) ;
#3585 = CARTESIAN_POINT ( 'NONE',  ( -113.5285485838878117, 5.000000000000000000, 8.528672068350854119 ) ) ;
#3586 = ORIENTED_EDGE ( 'NONE', *, *, #476, .T. ) ;
#3587 = ORIENTED_EDGE ( 'NONE', *, *, #3974, .T. ) ;
#3588 = ORIENTED_EDGE ( 'NONE', *, *, #3605, .F. ) ;
#3589 = EDGE_CURVE ( 'NONE', #3296, #3063, #2359, .T. ) ;
#3590 = CARTESIAN_POINT ( 'NONE',  ( -133.4891725394467130, 1.000000000000000000, 26.94334252204056313 ) ) ;
#3591 = VERTEX_POINT ( 'NONE', #3379 ) ;
#3592 = CARTESIAN_POINT ( 'NONE',  ( -260.9867192135900495, 5.000000000000000000, 7.878685561044819430 ) ) ;
#3593 = DIRECTION ( 'NONE',  ( -0.02688405537843112716, 0.000000000000000000, -0.9996385584632124788 ) ) ;
#3594 = CARTESIAN_POINT ( 'NONE',  ( -251.6901727453620481, 1.000000000000000000, 7.777896048597170875 ) ) ;
#3595 = ORIENTED_EDGE ( 'NONE', *, *, #2609, .F. ) ;
#3596 = LINE ( 'NONE', #2294, #3512 ) ;
#3597 = CARTESIAN_POINT ( 'NONE',  ( -141.1614346981550625, 5.000000000000000000, 27.35412429335869788 ) ) ;
#3598 = PLANE ( 'NONE',  #2089 ) ;
#3599 = CARTESIAN_POINT ( 'NONE',  ( -131.6663975624078091, 0.000000000000000000, 26.97927182084074005 ) ) ;
#3600 = EDGE_CURVE ( 'NONE', #1833, #598, #3933, .T. ) ;
#3601 = LINE ( 'NONE', #47, #142 ) ;
#3602 = ORIENTED_EDGE ( 'NONE', *, *, #3775, .F. ) ;
#3603 = CARTESIAN_POINT ( 'NONE',  ( -264.2871590456990702, 5.000000000000000000, 7.064132261342629171 ) ) ;
#3604 = CARTESIAN_POINT ( 'NONE',  ( -190.1008991201991307, 1.000000000000000000, 21.13815334312000260 ) ) ;
#3605 = EDGE_CURVE ( 'NONE', #3856, #1460, #2025, .T. ) ;
#3606 = DIRECTION ( 'NONE',  ( -0.7248872777925964295, 0.000000000000000000, 0.6888675014067938696 ) ) ;
#3607 = ORIENTED_EDGE ( 'NONE', *, *, #2905, .T. ) ;
#3608 = ORIENTED_EDGE ( 'NONE', *, *, #3624, .T. ) ;
#3609 = ORIENTED_EDGE ( 'NONE', *, *, #2263, .F. ) ;
#3610 = CARTESIAN_POINT ( 'NONE',  ( -196.6081031911394916, 5.000000000000000000, 20.12345569134049938 ) ) ;
#3611 = ORIENTED_EDGE ( 'NONE', *, *, #2020, .F. ) ;
#3612 = DIRECTION ( 'NONE',  ( -0.7248872777926382849, 0.000000000000000000, 0.6888675014067499047 ) ) ;
#3613 = PLANE ( 'NONE',  #1605 ) ;
#3614 = CARTESIAN_POINT ( 'NONE',  ( -245.8316826817381866, 1.000000000000000000, 8.246007365118709131 ) ) ;
#3615 = EDGE_CURVE ( 'NONE', #3125, #3856, #3681, .T. ) ;
#3616 = CARTESIAN_POINT ( 'NONE',  ( -112.6701787603263796, 5.000000000000000000, 10.68830060044215280 ) ) ;
#3617 = CARTESIAN_POINT ( 'NONE',  ( -113.8284090695291866, 2.602085213965210642E-15, 28.12009005537209205 ) ) ;
#3618 = CARTESIAN_POINT ( 'NONE',  ( 0.2058083609810148762, 5.000000000000000000, 7.652639097638684440 ) ) ;
#3619 = CARTESIAN_POINT ( 'NONE',  ( -188.7754460273963559, 1.000000000000000000, 21.33710220518647915 ) ) ;
#3620 = VERTEX_POINT ( 'NONE', #2049 ) ;
#3621 = FACE_BOUND ( 'NONE', #1440, .T. ) ;
#3622 = ORIENTED_EDGE ( 'NONE', *, *, #58, .T. ) ;
#3623 = AXIS2_PLACEMENT_3D ( 'NONE', #3590, #1648, #3003 ) ;
#3624 = EDGE_CURVE ( 'NONE', #3322, #1226, #1451, .T. ) ;
#3625 = ORIENTED_EDGE ( 'NONE', *, *, #3461, .F. ) ;
#3626 = EDGE_LOOP ( 'NONE', ( #1032, #2382, #2659, #815, #2065, #138, #2076, #2259, #2404, #3468, #2362, #540, #468, #2974, #2742, #2036, #4062, #3908, #1288, #1064, #2159, #3206 ) ) ;
#3627 = VECTOR ( 'NONE', #3927, 999.9999999999998863 ) ;
#3628 = ORIENTED_EDGE ( 'NONE', *, *, #844, .T. ) ;
#3629 = VECTOR ( 'NONE', #3446, 1000.000000000000114 ) ;
#3630 = B_SPLINE_SURFACE_WITH_KNOTS ( 'NONE', 3, 1, ( 
 ( #2385, #486 ),
 ( #3069, #3428 ),
 ( #3111, #1799 ),
 ( #237, #3453 ),
 ( #1759, #1486 ),
 ( #3368, #1779 ),
 ( #4048, #2102 ),
 ( #3756, #2077 ),
 ( #544, #836 ),
 ( #3086, #3050 ) ),
 .UNSPECIFIED., .F., .F., .F.,
 ( 4, 1, 1, 1, 1, 1, 1, 4 ),
 ( 2, 2 ),
 ( 0.04410003439759747901, 0.04432521835872739457, 0.04858316171247646642, 0.05825476480099724824, 0.06792636788951803006, 0.07759797097803880495, 0.09694117715508035471, 0.1085646663758502717 ),
 ( 0.000000000000000000, 1.000000000000000000 ),
 .UNSPECIFIED. ) ;
#3631 = ORIENTED_EDGE ( 'NONE', *, *, #313, .T. ) ;
#3632 = VECTOR ( 'NONE', #1037, 1000.000000000000000 ) ;
#3633 = FACE_OUTER_BOUND ( 'NONE', #3688, .T. ) ;
#3634 = ORIENTED_EDGE ( 'NONE', *, *, #1708, .F. ) ;
#3635 = LINE ( 'NONE', #752, #1416 ) ;
#3636 = CARTESIAN_POINT ( 'NONE',  ( -260.6240663350685622, 1.694065894508600678E-18, 6.159236989585846977 ) ) ;
#3637 = CARTESIAN_POINT ( 'NONE',  ( -285.2692632528747936, 0.000000000000000000, 4.587123813316574150 ) ) ;
#3638 = AXIS2_PLACEMENT_3D ( 'NONE', #558, #1179, #1220 ) ;
#3639 = ORIENTED_EDGE ( 'NONE', *, *, #2212, .T. ) ;
#3640 = EDGE_CURVE ( 'NONE', #3450, #1742, #573, .T. ) ;
#3641 = DIRECTION ( 'NONE',  ( 0.000000000000000000, -1.000000000000000000, 0.000000000000000000 ) ) ;
#3642 = VECTOR ( 'NONE', #2563, 1000.000000000000000 ) ;
#3643 = DIRECTION ( 'NONE',  ( -0.9996385584632171417, 0.000000000000000000, 0.02688405537825784564 ) ) ;
#3644 = CARTESIAN_POINT ( 'NONE',  ( -110.8602916485772312, 0.000000000000000000, 91.20327453574235221 ) ) ;
#3645 = CARTESIAN_POINT ( 'NONE',  ( -164.4223317607596471, 0.000000000000000000, 24.42442517682594882 ) ) ;
#3646 = EDGE_LOOP ( 'NONE', ( #4076, #853, #1420, #3959 ) ) ;
#3647 = EDGE_CURVE ( 'NONE', #1316, #3041, #2084, .T. ) ;
#3648 = ADVANCED_FACE ( 'NONE', ( #1432 ), #1128, .F. ) ;
#3649 = CARTESIAN_POINT ( 'NONE',  ( -79.75313616526455007, 1.000000000000000000, -83.92329969436077874 ) ) ;
#3650 = VERTEX_POINT ( 'NONE', #2714 ) ;
#3651 = ORIENTED_EDGE ( 'NONE', *, *, #347, .T. ) ;
#3652 = EDGE_CURVE ( 'NONE', #3018, #1413, #3076, .T. ) ;
#3653 = EDGE_LOOP ( 'NONE', ( #3478, #3083, #766, #3507 ) ) ;
#3654 = ORIENTED_EDGE ( 'NONE', *, *, #2576, .T. ) ;
#3655 = ORIENTED_EDGE ( 'NONE', *, *, #3404, .F. ) ;
#3656 = CARTESIAN_POINT ( 'NONE',  ( -254.2198045260983861, 1.000000000000000000, 9.065828070651933857 ) ) ;
#3657 = CARTESIAN_POINT ( 'NONE',  ( -257.9092865210533319, 1.000000000000000000, 7.801677190911295412 ) ) ;
#3658 = LINE ( 'NONE', #2374, #3627 ) ;
#3659 = DIRECTION ( 'NONE',  ( -0.7248872777926376187, 0.000000000000000000, 0.6888675014067505709 ) ) ;
#3660 = CARTESIAN_POINT ( 'NONE',  ( -112.2016622867483733, 4.999999999999999112, 28.10930200688541802 ) ) ;
#3661 = CARTESIAN_POINT ( 'NONE',  ( -140.1163786704159406, -8.673617379884035472E-16, 26.58487205923219676 ) ) ;
#3662 = CARTESIAN_POINT ( 'NONE',  ( -252.9784568474884736, 100.0000000000000000, -41.24291343747756855 ) ) ;
#3663 = CARTESIAN_POINT ( 'NONE',  ( -234.5343301433688907, 0.000000000000000000, 13.06154869267640883 ) ) ;
#3664 = ORIENTED_EDGE ( 'NONE', *, *, #340, .T. ) ;
#3665 = CARTESIAN_POINT ( 'NONE',  ( -225.6975725102136039, 5.000000000000000000, 8.533007167635533463 ) ) ;
#3666 = CARTESIAN_POINT ( 'NONE',  ( -177.9818545071797473, 0.000000000000000000, 22.85539443543498805 ) ) ;
#3667 = EDGE_CURVE ( 'NONE', #184, #2910, #377, .T. ) ;
#3668 = ORIENTED_EDGE ( 'NONE', *, *, #1076, .F. ) ;
#3669 = VERTEX_POINT ( 'NONE', #1388 ) ;
#3670 = ORIENTED_EDGE ( 'NONE', *, *, #3615, .F. ) ;
#3671 = ORIENTED_EDGE ( 'NONE', *, *, #1338, .F. ) ;
#3672 = EDGE_CURVE ( 'NONE', #2383, #2722, #2396, .T. ) ;
#3673 = CARTESIAN_POINT ( 'NONE',  ( -132.2895928815849516, 1.000000000000000000, 26.91158335888606601 ) ) ;
#3674 = EDGE_LOOP ( 'NONE', ( #499, #747, #2809, #3303 ) ) ;
#3675 = CARTESIAN_POINT ( 'NONE',  ( -117.0119652279872327, 1.000000000000000000, 111.1976200861882234 ) ) ;
#3676 = DIRECTION ( 'NONE',  ( 0.000000000000000000, -0.000000000000000000, -1.000000000000000000 ) ) ;
#3677 = DIRECTION ( 'NONE',  ( 0.7248872777926386179, 0.000000000000000000, -0.6888675014067494606 ) ) ;
#3678 = DIRECTION ( 'NONE',  ( -0.6965575549846637626, 0.000000000000000000, -0.7175009216675524160 ) ) ;
#3679 = CARTESIAN_POINT ( 'NONE',  ( -130.8533786264967773, -8.673617379884035472E-16, 27.04426762654682648 ) ) ;
#3680 = CARTESIAN_POINT ( 'NONE',  ( -148.5690912469630973, 0.000000000000000000, 9.556892805854870332 ) ) ;
#3681 = LINE ( 'NONE', #2109, #284 ) ;
#3682 = CARTESIAN_POINT ( 'NONE',  ( -200.4954640087551923, 100.0000000000000000, 8.438484520300974623 ) ) ;
#3683 = ORIENTED_EDGE ( 'NONE', *, *, #506, .F. ) ;
#3684 = CARTESIAN_POINT ( 'NONE',  ( -249.4446550546009860, 1.000000000000000000, 10.14769282396807171 ) ) ;
#3685 = LINE ( 'NONE', #829, #3771 ) ;
#3686 = ORIENTED_EDGE ( 'NONE', *, *, #3934, .T. ) ;
#3687 = EDGE_LOOP ( 'NONE', ( #412, #3983, #333, #1729 ) ) ;
#3688 = EDGE_LOOP ( 'NONE', ( #578, #2997, #361, #1111 ) ) ;
#3689 = ORIENTED_EDGE ( 'NONE', *, *, #3424, .T. ) ;
#3690 = CARTESIAN_POINT ( 'NONE',  ( -195.2361699173503382, 0.000000000000000000, 9.296222072228880862 ) ) ;
#3691 = ORIENTED_EDGE ( 'NONE', *, *, #3548, .F. ) ;
#3692 = DIRECTION ( 'NONE',  ( 0.1609050596805300104, 0.000000000000000000, -0.9869698889881114434 ) ) ;
#3693 = AXIS2_PLACEMENT_3D ( 'NONE', #3819, #1912, #317 ) ;
#3694 = ORIENTED_EDGE ( 'NONE', *, *, #2888, .T. ) ;
#3695 = CARTESIAN_POINT ( 'NONE',  ( -182.5311669243129700, 5.000000000000000000, 22.27432893335513953 ) ) ;
#3696 = LINE ( 'NONE', #3089, #1069 ) ;
#3697 = CARTESIAN_POINT ( 'NONE',  ( -233.3691239180193122, 1.000000000000000000, 13.30576630808083216 ) ) ;
#3698 = EDGE_CURVE ( 'NONE', #158, #3207, #1704, .T. ) ;
#3699 = AXIS2_PLACEMENT_3D ( 'NONE', #1874, #1900, #3772 ) ;
#3700 = VECTOR ( 'NONE', #3006, 1000.000000000000000 ) ;
#3701 = CARTESIAN_POINT ( 'NONE',  ( -223.9703838795941806, 0.000000000000000000, 8.574809767155297635 ) ) ;
#3702 = CARTESIAN_POINT ( 'NONE',  ( -190.1008991201991307, 5.000000000000000000, 21.13815334312000260 ) ) ;
#3703 = VECTOR ( 'NONE', #663, 999.9999999999998863 ) ;
#3704 = VECTOR ( 'NONE', #2456, 1000.000000000000000 ) ;
#3705 = CARTESIAN_POINT ( 'NONE',  ( -132.2895928815849516, 0.000000000000000000, 26.91158335888606601 ) ) ;
#3706 = EDGE_CURVE ( 'NONE', #3731, #1395, #2817, .T. ) ;
#3707 = CARTESIAN_POINT ( 'NONE',  ( -50.02817683524102677, 1.000000000000000000, -52.64406993357871301 ) ) ;
#3708 = VECTOR ( 'NONE', #2485, 1000.000000000000000 ) ;
#3709 = ORIENTED_EDGE ( 'NONE', *, *, #3412, .T. ) ;
#3710 = DIRECTION ( 'NONE',  ( 0.6888675014067920932, 0.000000000000000000, 0.7248872777925980948 ) ) ;
#3711 = FACE_BOUND ( 'NONE', #2790, .T. ) ;
#3712 = AXIS2_PLACEMENT_3D ( 'NONE', #2562, #2602, #2623 ) ;
#3713 = CIRCLE ( 'NONE', #1218, 9.999999999999991118 ) ;
#3714 = EDGE_CURVE ( 'NONE', #893, #3966, #234, .T. ) ;
#3715 = B_SPLINE_CURVE_WITH_KNOTS ( 'NONE', 3,
 ( #1265, #975, #4145, #640 ),
 .UNSPECIFIED., .F., .F.,
 ( 4, 4 ),
 ( 0.8812983385988679697, 0.8838836986591688261 ),
 .UNSPECIFIED. ) ;
#3716 = VERTEX_POINT ( 'NONE', #3436 ) ;
#3717 = CARTESIAN_POINT ( 'NONE',  ( -251.6901727453620481, 1.000000000000000000, 7.777896048597170875 ) ) ;
#3718 = ORIENTED_EDGE ( 'NONE', *, *, #2327, .F. ) ;
#3719 = CARTESIAN_POINT ( 'NONE',  ( -149.2125205955665876, 1.000000000000000000, 25.91972275192635067 ) ) ;
#3720 = EDGE_LOOP ( 'NONE', ( #1902, #3408, #2246 ) ) ;
#3721 = DIRECTION ( 'NONE',  ( 0.000000000000000000, -1.000000000000000000, 0.000000000000000000 ) ) ;
#3722 = FACE_OUTER_BOUND ( 'NONE', #1394, .T. ) ;
#3723 = SHAPE_DEFINITION_REPRESENTATION ( #1068, #2033 ) ;
#3724 = PLANE ( 'NONE',  #75 ) ;
#3725 = CARTESIAN_POINT ( 'NONE',  ( -264.2871590456990702, 100.0000000000000000, 7.064132261342629171 ) ) ;
#3726 = CARTESIAN_POINT ( 'NONE',  ( -135.8203959127808673, 5.000000000000000000, 9.371846716018479739 ) ) ;
#3727 = CARTESIAN_POINT ( 'NONE',  ( -241.8170280064097994, 0.000000000000000000, 11.49717890542819454 ) ) ;
#3728 = CARTESIAN_POINT ( 'NONE',  ( -135.8203959127808673, 5.000000000000000000, 9.371846716018479739 ) ) ;
#3729 = EDGE_CURVE ( 'NONE', #2042, #1495, #1116, .T. ) ;
#3730 = CARTESIAN_POINT ( 'NONE',  ( -160.2337874188641536, 0.000000000000000000, 9.638341105437232770 ) ) ;
#3731 = VERTEX_POINT ( 'NONE', #2207 ) ;
#3732 = LINE ( 'NONE', #1876, #3044 ) ;
#3733 = B_SPLINE_CURVE_WITH_KNOTS ( 'NONE', 3,
 ( #1700, #1385, #3969, #1104 ),
 .UNSPECIFIED., .F., .F.,
 ( 4, 4 ),
 ( 0.05194367919263926520, 0.05554684438661834645 ),
 .UNSPECIFIED. ) ;
#3734 = EDGE_LOOP ( 'NONE', ( #2954, #4019, #1563, #1908 ) ) ;
#3735 = EDGE_CURVE ( 'NONE', #1571, #2201, #1870, .T. ) ;
#3736 = DIRECTION ( 'NONE',  ( -0.7248872777925952082, 0.000000000000000000, 0.6888675014067949798 ) ) ;
#3737 = ORIENTED_EDGE ( 'NONE', *, *, #2649, .F. ) ;
#3738 = FACE_OUTER_BOUND ( 'NONE', #972, .T. ) ;
#3739 = VERTEX_POINT ( 'NONE', #1555 ) ;
#3740 = CARTESIAN_POINT ( 'NONE',  ( -206.1889985618809931, 1.000000000000000000, 18.51898914692129239 ) ) ;
#3741 = CARTESIAN_POINT ( 'NONE',  ( -282.4215676329395706, 0.000000000000000000, 1.563290641976436968 ) ) ;
#3742 = CARTESIAN_POINT ( 'NONE',  ( -290.1604015055182231, 0.000000000000000000, 1.637864100023814773 ) ) ;
#3743 = VERTEX_POINT ( 'NONE', #2129 ) ;
#3744 = CARTESIAN_POINT ( 'NONE',  ( -222.6338829573165299, 0.000000000000000000, 15.47694244514670103 ) ) ;
#3745 = LINE ( 'NONE', #4095, #80 ) ;
#3746 = ORIENTED_EDGE ( 'NONE', *, *, #2538, .F. ) ;
#3747 = DIRECTION ( 'NONE',  ( 0.9869698889881114434, -0.000000000000000000, 0.1609050596805300104 ) ) ;
#3748 = CARTESIAN_POINT ( 'NONE',  ( -222.2463952058836014, 1.000000000000000000, 15.88469130938076646 ) ) ;
#3749 = CARTESIAN_POINT ( 'NONE',  ( -262.6644455877006408, 100.0000000000000000, 7.467009704363701594 ) ) ;
#3750 = ORIENTED_EDGE ( 'NONE', *, *, #3366, .F. ) ;
#3751 = DIRECTION ( 'NONE',  ( -0.000000000000000000, -1.000000000000000000, -0.000000000000000000 ) ) ;
#3752 = ORIENTED_EDGE ( 'NONE', *, *, #1926, .T. ) ;
#3753 = ORIENTED_EDGE ( 'NONE', *, *, #3477, .T. ) ;
#3754 = EDGE_CURVE ( 'NONE', #1629, #3322, #2443, .T. ) ;
#3755 = DIRECTION ( 'NONE',  ( 0.8517100486541763216, 0.000000000000000000, -0.5240133519496432690 ) ) ;
#3756 = CARTESIAN_POINT ( 'NONE',  ( -211.2014511095246974, 5.000000000000000000, 17.68699337720273235 ) ) ;
#3757 = CARTESIAN_POINT ( 'NONE',  ( 0.5721654584183536452, 5.000000000000000000, 21.27501398164558211 ) ) ;
#3758 = CARTESIAN_POINT ( 'NONE',  ( -249.1849982830883050, 0.000000000000000000, -62.77685069814302210 ) ) ;
#3759 = VECTOR ( 'NONE', #3021, 1000.000000000000000 ) ;
#3760 = EDGE_CURVE ( 'NONE', #1796, #761, #2475, .T. ) ;
#3761 = PLANE ( 'NONE',  #1073 ) ;
#3762 = CARTESIAN_POINT ( 'NONE',  ( -82.83959400944436879, 0.000000000000000000, 78.72328000652233015 ) ) ;
#3763 = CARTESIAN_POINT ( 'NONE',  ( -277.4549981297886347, 100.0000000000000000, 6.762558882627204504 ) ) ;
#3764 = AXIS2_PLACEMENT_3D ( 'NONE', #1573, #2600, #3571 ) ;
#3765 = ORIENTED_EDGE ( 'NONE', *, *, #3456, .F. ) ;
#3766 = CARTESIAN_POINT ( 'NONE',  ( -192.5000000000002274, 5.000000000000000000, 20.40093237103807056 ) ) ;
#3767 = VECTOR ( 'NONE', #2237, 1000.000000000000114 ) ;
#3768 = CIRCLE ( 'NONE', #3441, 0.3999999999999724332 ) ;
#3769 = CARTESIAN_POINT ( 'NONE',  ( -264.1907845933577050, 0.000000000000000000, -17.38774865900553124 ) ) ;
#3770 = CARTESIAN_POINT ( 'NONE',  ( -132.7570495598756395, 0.000000000000000000, 9.255214942794401267 ) ) ;
#3771 = VECTOR ( 'NONE', #3979, 1000.000000000000000 ) ;
#3772 = DIRECTION ( 'NONE',  ( 0.7248872777925956523, 0.000000000000000000, -0.6888675014067946467 ) ) ;
#3773 = EDGE_CURVE ( 'NONE', #3019, #2801, #2800, .T. ) ;
#3774 = ORIENTED_EDGE ( 'NONE', *, *, #2897, .F. ) ;
#3775 = EDGE_CURVE ( 'NONE', #3543, #4047, #922, .T. ) ;
#3776 = LINE ( 'NONE', #867, #4037 ) ;
#3777 = VECTOR ( 'NONE', #3870, 1000.000000000000000 ) ;
#3778 = ORIENTED_EDGE ( 'NONE', *, *, #2492, .T. ) ;
#3779 = ORIENTED_EDGE ( 'NONE', *, *, #357, .F. ) ;
#3780 = PLANE ( 'NONE',  #1494 ) ;
#3781 = CARTESIAN_POINT ( 'NONE',  ( -242.9866521706236426, 0.000000000000000000, 11.23979997107312556 ) ) ;
#3782 = ORIENTED_EDGE ( 'NONE', *, *, #723, .T. ) ;
#3783 = CARTESIAN_POINT ( 'NONE',  ( -234.5343301433688339, 1.000000000000000000, 13.06154869267643193 ) ) ;
#3784 = LINE ( 'NONE', #1209, #3385 ) ;
#3785 = ORIENTED_EDGE ( 'NONE', *, *, #171, .F. ) ;
#3786 = CARTESIAN_POINT ( 'NONE',  ( -293.2676002059585585, 100.0000000000000000, 1.330312713632799237 ) ) ;
#3787 = DIRECTION ( 'NONE',  ( 0.000000000000000000, 1.000000000000000000, -0.000000000000000000 ) ) ;
#3788 = CARTESIAN_POINT ( 'NONE',  ( -282.6978133705282517, 100.0000000000000000, 5.318962716800226254 ) ) ;
#3789 = CARTESIAN_POINT ( 'NONE',  ( -114.4461369841751264, 1.000000000000000000, 8.572950441632642082 ) ) ;
#3790 = EDGE_CURVE ( 'NONE', #811, #992, #534, .T. ) ;
#3791 = LINE ( 'NONE', #1872, #1543 ) ;
#3792 = CARTESIAN_POINT ( 'NONE',  ( -164.4197008633243513, 1.000000000000000000, 23.02289892259648951 ) ) ;
#3793 = DIRECTION ( 'NONE',  ( 0.000000000000000000, 1.000000000000000000, 0.000000000000000000 ) ) ;
#3794 = ORIENTED_EDGE ( 'NONE', *, *, #773, .T. ) ;
#3795 = ORIENTED_EDGE ( 'NONE', *, *, #3852, .T. ) ;
#3796 = EDGE_CURVE ( 'NONE', #2280, #3584, #3745, .T. ) ;
#3797 = ORIENTED_EDGE ( 'NONE', *, *, #813, .F. ) ;
#3798 = LINE ( 'NONE', #2257, #610 ) ;
#3799 = CARTESIAN_POINT ( 'NONE',  ( -258.0539321025585764, 1.000000000000000000, 7.428746023333428816 ) ) ;
#3800 = FACE_BOUND ( 'NONE', #3720, .T. ) ;
#3801 = DIRECTION ( 'NONE',  ( 0.6888675014067525693, 0.000000000000000000, 0.7248872777926356203 ) ) ;
#3802 = FACE_OUTER_BOUND ( 'NONE', #162, .T. ) ;
#3803 = CARTESIAN_POINT ( 'NONE',  ( -151.9060143339745537, 5.000000000000000000, 9.644634931176614856 ) ) ;
#3804 = ADVANCED_FACE ( 'NONE', ( #3095 ), #609, .T. ) ;
#3805 = PLANE ( 'NONE',  #2229 ) ;
#3806 = DIRECTION ( 'NONE',  ( -0.000000000000000000, -1.000000000000000000, -0.000000000000000000 ) ) ;
#3807 = CARTESIAN_POINT ( 'NONE',  ( -196.6081031911394916, 5.000000000000000000, 20.12345569134049938 ) ) ;
#3808 = LINE ( 'NONE', #304, #3445 ) ;
#3809 = CARTESIAN_POINT ( 'NONE',  ( -192.5000000000002274, 1.000000000000000000, 15.15093237103806700 ) ) ;
#3810 = ORIENTED_EDGE ( 'NONE', *, *, #2703, .T. ) ;
#3811 = CARTESIAN_POINT ( 'NONE',  ( -228.2275402970279288, 5.000000000000000888, 8.429475360428904551 ) ) ;
#3812 = EDGE_CURVE ( 'NONE', #1774, #2736, #2829, .T. ) ;
#3813 = CARTESIAN_POINT ( 'NONE',  ( -222.2463952058836014, 0.000000000000000000, 15.88469130938076646 ) ) ;
#3814 = ORIENTED_EDGE ( 'NONE', *, *, #3326, .F. ) ;
#3815 = B_SPLINE_CURVE_WITH_KNOTS ( 'NONE', 3,
 ( #3227, #913, #2913, #990, #957 ),
 .UNSPECIFIED., .F., .F.,
 ( 4, 1, 4 ),
 ( 0.04796680465653561237, 0.04858316171247646642, 0.05015453513301130345 ),
 .UNSPECIFIED. ) ;
#3816 = FACE_BOUND ( 'NONE', #4141, .T. ) ;
#3817 = VERTEX_POINT ( 'NONE', #4073 ) ;
#3818 = DIRECTION ( 'NONE',  ( 0.000000000000000000, -1.000000000000000000, 0.000000000000000000 ) ) ;
#3819 = CARTESIAN_POINT ( 'NONE',  ( -300.0000000000000000, 100.0000000000000000, 0.000000000000000000 ) ) ;
#3820 = CARTESIAN_POINT ( 'NONE',  ( -261.3333421444359601, 100.0000000000000000, 6.109088865820963221 ) ) ;
#3821 = VECTOR ( 'NONE', #2297, 1000.000000000000000 ) ;
#3822 = DIRECTION ( 'NONE',  ( 0.000000000000000000, -1.000000000000000000, 0.000000000000000000 ) ) ;
#3823 = CARTESIAN_POINT ( 'NONE',  ( -254.5866550794508214, 1.000000000000000000, 8.592998857217418518 ) ) ;
#3824 = CARTESIAN_POINT ( 'NONE',  ( -165.5945624024669769, 0.000000000000000000, 9.630070904658040831 ) ) ;
#3825 = VECTOR ( 'NONE', #2461, 1000.000000000000000 ) ;
#3826 = FACE_OUTER_BOUND ( 'NONE', #3653, .T. ) ;
#3827 = EDGE_CURVE ( 'NONE', #2215, #761, #3971, .T. ) ;
#3828 = ADVANCED_FACE ( 'NONE', ( #3863 ), #1932, .F. ) ;
#3829 = CARTESIAN_POINT ( 'NONE',  ( -112.8759871213074035, 5.000000000000000000, 3.035661502803514988 ) ) ;
#3830 = VECTOR ( 'NONE', #2138, 1000.000000000000000 ) ;
#3831 = ORIENTED_EDGE ( 'NONE', *, *, #3145, .T. ) ;
#3832 = VECTOR ( 'NONE', #1061, 999.9999999999998863 ) ;
#3833 = ORIENTED_EDGE ( 'NONE', *, *, #1866, .T. ) ;
#3834 = EDGE_CURVE ( 'NONE', #1226, #1118, #2920, .T. ) ;
#3835 = DIRECTION ( 'NONE',  ( 0.000000000000000000, -1.000000000000000000, 0.000000000000000000 ) ) ;
#3836 = VECTOR ( 'NONE', #1274, 1000.000000000000114 ) ;
#3837 = VECTOR ( 'NONE', #2434, 1000.000000000000114 ) ;
#3838 = LINE ( 'NONE', #2914, #479 ) ;
#3839 = ORIENTED_EDGE ( 'NONE', *, *, #3331, .F. ) ;
#3840 = VECTOR ( 'NONE', #1442, 1000.000000000000000 ) ;
#3841 = ORIENTED_EDGE ( 'NONE', *, *, #955, .F. ) ;
#3842 = CARTESIAN_POINT ( 'NONE',  ( -229.1814094930725219, 1.000000000000000000, 8.396673197545618805 ) ) ;
#3843 = VERTEX_POINT ( 'NONE', #944 ) ;
#3844 = CARTESIAN_POINT ( 'NONE',  ( -132.7570495598756395, 5.000000000000000888, 9.255214942794401267 ) ) ;
#3845 = CARTESIAN_POINT ( 'NONE',  ( -112.8759871213101178, 5.000000000000000000, 3.035661502869881900 ) ) ;
#3846 = LINE ( 'NONE', #338, #952 ) ;
#3847 = CARTESIAN_POINT ( 'NONE',  ( -247.5948149815342560, -8.673617379884035472E-16, 7.661474984079888806 ) ) ;
#3848 = DIRECTION ( 'NONE',  ( 0.6888675014067942026, 0.000000000000000000, 0.7248872777925960964 ) ) ;
#3849 = CARTESIAN_POINT ( 'NONE',  ( -154.5807832906197916, 1.694065894508600678E-18, 26.32937649834314442 ) ) ;
#3850 = CARTESIAN_POINT ( 'NONE',  ( -260.8337779113987267, 0.000000000000000000, 6.940564282570732324 ) ) ;
#3851 = ORIENTED_EDGE ( 'NONE', *, *, #2218, .T. ) ;
#3852 = EDGE_CURVE ( 'NONE', #2929, #2952, #2268, .T. ) ;
#3853 = DIRECTION ( 'NONE',  ( 0.1609050596805300104, 0.000000000000000000, -0.9869698889881114434 ) ) ;
#3854 = DIRECTION ( 'NONE',  ( 0.000000000000000000, 0.000000000000000000, -1.000000000000000000 ) ) ;
#3855 = PLANE ( 'NONE',  #3891 ) ;
#3856 = VERTEX_POINT ( 'NONE', #666 ) ;
#3857 = ADVANCED_FACE ( 'NONE', ( #363 ), #2537, .F. ) ;
#3858 = ORIENTED_EDGE ( 'NONE', *, *, #4133, .F. ) ;
#3859 = EDGE_LOOP ( 'NONE', ( #2758, #372, #744 ) ) ;
#3860 = CARTESIAN_POINT ( 'NONE',  ( -228.4276438886135736, 1.000000000000000000, 8.422644054758711363 ) ) ;
#3861 = VERTEX_POINT ( 'NONE', #3882 ) ;
#3862 = DIRECTION ( 'NONE',  ( -0.2442954651671675748, 0.000000000000000000, 0.9697008434041692881 ) ) ;
#3863 = FACE_OUTER_BOUND ( 'NONE', #3324, .T. ) ;
#3864 = CARTESIAN_POINT ( 'NONE',  ( -141.1614346981550625, 5.000000000000000000, 27.35412429335869788 ) ) ;
#3865 = LINE ( 'NONE', #2605, #2690 ) ;
#3866 = CARTESIAN_POINT ( 'NONE',  ( -258.7028822036019164, 100.0000000000000000, -42.17616278367351867 ) ) ;
#3867 = CARTESIAN_POINT ( 'NONE',  ( -265.3338636067449556, 1.694065894508600678E-18, 6.801727551363130786 ) ) ;
#3868 = CARTESIAN_POINT ( 'NONE',  ( -122.1786715887304240, 5.000000000000000000, 8.123971859965809728 ) ) ;
#3869 = ORIENTED_EDGE ( 'NONE', *, *, #1903, .T. ) ;
#3870 = DIRECTION ( 'NONE',  ( -0.000000000000000000, -1.000000000000000000, -0.000000000000000000 ) ) ;
#3871 = ORIENTED_EDGE ( 'NONE', *, *, #2300, .F. ) ;
#3872 = CARTESIAN_POINT ( 'NONE',  ( 0.000000000000000000, 1.000000000000000000, 0.000000000000000000 ) ) ;
#3873 = PLANE ( 'NONE',  #3957 ) ;
#3874 = VERTEX_POINT ( 'NONE', #630 ) ;
#3875 = EDGE_CURVE ( 'NONE', #1120, #3475, #1913, .T. ) ;
#3876 = EDGE_CURVE ( 'NONE', #2963, #1021, #1951, .T. ) ;
#3877 = ORIENTED_EDGE ( 'NONE', *, *, #3754, .F. ) ;
#3878 = EDGE_CURVE ( 'NONE', #1097, #1118, #40, .T. ) ;
#3879 = ORIENTED_EDGE ( 'NONE', *, *, #4119, .F. ) ;
#3880 = CARTESIAN_POINT ( 'NONE',  ( -164.3945645426477427, 1.000000000000000000, 9.632322640913395517 ) ) ;
#3881 = PLANE ( 'NONE',  #3693 ) ;
#3882 = CARTESIAN_POINT ( 'NONE',  ( -255.1533325528124863, 0.000000000000000000, 8.458931763721803776 ) ) ;
#3883 = EDGE_CURVE ( 'NONE', #1380, #2217, #3316, .T. ) ;
#3884 = DIRECTION ( 'NONE',  ( -0.000000000000000000, -1.000000000000000000, -0.000000000000000000 ) ) ;
#3885 = CARTESIAN_POINT ( 'NONE',  ( -196.6081031911394916, 0.000000000000000000, 20.12345569134049938 ) ) ;
#3886 = CARTESIAN_POINT ( 'NONE',  ( -205.0368338599284925, 0.000000000000000000, 18.71868351722831036 ) ) ;
#3887 = CARTESIAN_POINT ( 'NONE',  ( -267.5579742966421577, 0.000000000000000000, 3.504036228200401393 ) ) ;
#3888 = EDGE_CURVE ( 'NONE', #1833, #2009, #970, .T. ) ;
#3889 = CARTESIAN_POINT ( 'NONE',  ( -217.1885870308250048, 0.000000000000000000, 16.53479581323328773 ) ) ;
#3890 = ORIENTED_EDGE ( 'NONE', *, *, #1476, .T. ) ;
#3891 = AXIS2_PLACEMENT_3D ( 'NONE', #310, #895, #3546 ) ;
#3892 = FACE_OUTER_BOUND ( 'NONE', #1706, .T. ) ;
#3893 = AXIS2_PLACEMENT_3D ( 'NONE', #962, #2536, #1314 ) ;
#3894 = VERTEX_POINT ( 'NONE', #3217 ) ;
#3895 = EDGE_CURVE ( 'NONE', #3650, #1287, #1724, .T. ) ;
#3896 = CARTESIAN_POINT ( 'NONE',  ( -293.2676002059585585, 100.0000000000000000, 1.330312713632799237 ) ) ;
#3897 = DIRECTION ( 'NONE',  ( -0.7248872777925956523, 0.000000000000000000, 0.6888675014067946467 ) ) ;
#3898 = VECTOR ( 'NONE', #2373, 1000.000000000000000 ) ;
#3899 = ORIENTED_EDGE ( 'NONE', *, *, #3, .T. ) ;
#3900 = ORIENTED_EDGE ( 'NONE', *, *, #1222, .T. ) ;
#3901 = VECTOR ( 'NONE', #576, 1000.000000000000000 ) ;
#3902 = EDGE_LOOP ( 'NONE', ( #2428, #2883, #2489 ) ) ;
#3903 = DIRECTION ( 'NONE',  ( -0.5450534348753652836, 0.000000000000000000, 0.8384013079251284584 ) ) ;
#3904 = CARTESIAN_POINT ( 'NONE',  ( -221.4743955350028557, 5.000000000000000000, 15.70286237072436286 ) ) ;
#3905 = DIRECTION ( 'NONE',  ( 0.000000000000000000, -1.000000000000000000, 0.000000000000000000 ) ) ;
#3906 = VECTOR ( 'NONE', #3751, 1000.000000000000000 ) ;
#3907 = DIRECTION ( 'NONE',  ( -0.8502143537580535426, 0.000000000000000000, 0.5264366558891727665 ) ) ;
#3908 = ORIENTED_EDGE ( 'NONE', *, *, #4080, .T. ) ;
#3909 = CARTESIAN_POINT ( 'NONE',  ( -176.7876453152389900, 1.000000000000000000, 23.01187967037942528 ) ) ;
#3910 = CARTESIAN_POINT ( 'NONE',  ( -92.50000000000000000, 5.000000000000000000, 16.74722354252675771 ) ) ;
#3911 = LINE ( 'NONE', #3184, #3821 ) ;
#3912 = CARTESIAN_POINT ( 'NONE',  ( -260.9867192135900495, 5.000000000000004441, 7.878685561044813213 ) ) ;
#3913 = EDGE_CURVE ( 'NONE', #2501, #4045, #335, .T. ) ;
#3914 = PRESENTATION_STYLE_ASSIGNMENT (( #1618 ) ) ;
#3915 = ORIENTED_EDGE ( 'NONE', *, *, #790, .F. ) ;
#3916 = CARTESIAN_POINT ( 'NONE',  ( -285.9904385892327809, 100.0000000000000000, 3.527721545625112753 ) ) ;
#3917 = EDGE_LOOP ( 'NONE', ( #504, #3900, #2293 ) ) ;
#3918 = DIRECTION ( 'NONE',  ( -0.7248872777925954303, 0.000000000000000000, 0.6888675014067948688 ) ) ;
#3919 = EDGE_CURVE ( 'NONE', #1504, #1503, #381, .T. ) ;
#3920 = CARTESIAN_POINT ( 'NONE',  ( -264.1907845933577050, 100.0000000000000000, -17.38774865900553124 ) ) ;
#3921 = VERTEX_POINT ( 'NONE', #1020 ) ;
#3922 = ORIENTED_EDGE ( 'NONE', *, *, #1376, .F. ) ;
#3923 = EDGE_LOOP ( 'NONE', ( #3023, #346, #3141, #788, #851, #727 ) ) ;
#3924 = DIRECTION ( 'NONE',  ( 0.000000000000000000, -1.000000000000000000, 0.000000000000000000 ) ) ;
#3925 = ORIENTED_EDGE ( 'NONE', *, *, #236, .T. ) ;
#3926 = DIRECTION ( 'NONE',  ( -0.06567303980416963616, 0.000000000000000000, 0.9978411957034445390 ) ) ;
#3927 = DIRECTION ( 'NONE',  ( -0.2442954651673957256, 0.000000000000000000, 0.9697008434041118896 ) ) ;
#3928 = DIRECTION ( 'NONE',  ( 0.000000000000000000, -1.000000000000000000, 0.000000000000000000 ) ) ;
#3929 = CARTESIAN_POINT ( 'NONE',  ( -228.2275402970279572, 1.000000000000000000, 8.429475360428938302 ) ) ;
#3930 = CARTESIAN_POINT ( 'NONE',  ( -259.4640068570271865, 5.000000000000000000, 8.261595196955697773 ) ) ;
#3931 = CARTESIAN_POINT ( 'NONE',  ( -259.0840942804142060, 0.000000000000000000, 7.518708805179214139 ) ) ;
#3932 = B_SPLINE_SURFACE_WITH_KNOTS ( 'NONE', 3, 1, ( 
 ( #3483, #846 ),
 ( #590, #282 ),
 ( #557, #1516 ),
 ( #3728, #1500 ),
 ( #575, #3464 ),
 ( #3122, #3158 ),
 ( #2819, #1241 ),
 ( #2803, #4078 ) ),
 .UNSPECIFIED., .F., .F., .F.,
 ( 4, 1, 1, 1, 1, 4 ),
 ( 2, 2 ),
 ( 0.7024439672986638739, 0.7171398451842925237, 0.7318357230699212845, 0.7612274788411785842, 0.7906192346124359949, 0.8185168651126415451 ),
 ( 0.000000000000000000, 1.000000000000000000 ),
 .UNSPECIFIED. ) ;
#3933 = LINE ( 'NONE', #3662, #1685 ) ;
#3934 = EDGE_CURVE ( 'NONE', #1954, #912, #3199, .T. ) ;
#3935 = CARTESIAN_POINT ( 'NONE',  ( -206.9747534437172476, 0.000000000000000000, 18.38218383267974332 ) ) ;
#3936 = ORIENTED_EDGE ( 'NONE', *, *, #3600, .F. ) ;
#3937 = DIRECTION ( 'NONE',  ( 0.6888675014067930924, 0.000000000000000000, 0.7248872777925972066 ) ) ;
#3938 = VERTEX_POINT ( 'NONE', #2858 ) ;
#3939 = EDGE_LOOP ( 'NONE', ( #1531, #2198, #3320, #3779 ) ) ;
#3940 = VERTEX_POINT ( 'NONE', #3282 ) ;
#3941 = ORIENTED_EDGE ( 'NONE', *, *, #382, .F. ) ;
#3942 = CARTESIAN_POINT ( 'NONE',  ( -177.9818545071797473, 0.000000000000000000, 22.85539443543498805 ) ) ;
#3943 = ORIENTED_EDGE ( 'NONE', *, *, #1203, .T. ) ;
#3944 = DIRECTION ( 'NONE',  ( -0.8502143537580535426, 0.000000000000000000, 0.5264366558891727665 ) ) ;
#3945 = CARTESIAN_POINT ( 'NONE',  ( -252.2572995699170519, 1.694065894508600678E-18, 6.637396135036491174 ) ) ;
#3946 = B_SPLINE_CURVE_WITH_KNOTS ( 'NONE', 3,
 ( #906, #2483, #4059, #2193 ),
 .UNSPECIFIED., .F., .F.,
 ( 4, 4 ),
 ( 0.8010436430963986387, 0.8185168651124827832 ),
 .UNSPECIFIED. ) ;
#3947 = CARTESIAN_POINT ( 'NONE',  ( -277.4549981297886347, 100.0000000000000000, 6.762558882627204504 ) ) ;
#3948 = EDGE_CURVE ( 'NONE', #1395, #311, #1574, .T. ) ;
#3949 = DIRECTION ( 'NONE',  ( 0.000000000000000000, 1.000000000000000000, 0.000000000000000000 ) ) ;
#3950 = CARTESIAN_POINT ( 'NONE',  ( -133.7537577194111975, 0.000000000000000000, 26.88888592191672444 ) ) ;
#3951 = LINE ( 'NONE', #3705, #3832 ) ;
#3952 = CARTESIAN_POINT ( 'NONE',  ( -274.6155771348952044, 100.0000000000000000, 2.997052627295858418 ) ) ;
#3953 = EDGE_CURVE ( 'NONE', #3743, #1742, #3520, .T. ) ;
#3954 = ORIENTED_EDGE ( 'NONE', *, *, #2447, .F. ) ;
#3955 = CARTESIAN_POINT ( 'NONE',  ( -150.2687402496401603, 0.000000000000000000, 9.575102033794735235 ) ) ;
#3956 = EDGE_LOOP ( 'NONE', ( #1793, #2590, #1623, #765 ) ) ;
#3957 = AXIS2_PLACEMENT_3D ( 'NONE', #1033, #2400, #2637 ) ;
#3958 = LINE ( 'NONE', #2808, #1353 ) ;
#3959 = ORIENTED_EDGE ( 'NONE', *, *, #2588, .T. ) ;
#3960 = VECTOR ( 'NONE', #689, 1000.000000000000000 ) ;
#3961 = ORIENTED_EDGE ( 'NONE', *, *, #357, .T. ) ;
#3962 = AXIS2_PLACEMENT_3D ( 'NONE', #233, #1524, #1505 ) ;
#3963 = ORIENTED_EDGE ( 'NONE', *, *, #1649, .T. ) ;
#3964 = VECTOR ( 'NONE', #1086, 1000.000000000000000 ) ;
#3965 = DIRECTION ( 'NONE',  ( 0.000000000000000000, 0.000000000000000000, -1.000000000000000000 ) ) ;
#3966 = VERTEX_POINT ( 'NONE', #963 ) ;
#3967 = DIRECTION ( 'NONE',  ( -0.7248872777926386179, 0.000000000000000000, 0.6888675014067494606 ) ) ;
#3968 = DIRECTION ( 'NONE',  ( 0.000000000000000000, 1.000000000000000000, -0.000000000000000000 ) ) ;
#3969 = CARTESIAN_POINT ( 'NONE',  ( -251.1502379225819084, 0.000000000000000000, 9.396063481668326389 ) ) ;
#3970 = VECTOR ( 'NONE', #1993, 1000.000000000000000 ) ;
#3971 = CIRCLE ( 'NONE', #1419, 6.450000000000017941 ) ;
#3972 = CARTESIAN_POINT ( 'NONE',  ( -196.2236163048101787, 2.602085213965210642E-15, 21.18604354544763169 ) ) ;
#3973 = VECTOR ( 'NONE', #1022, 1000.000000000000000 ) ;
#3974 = EDGE_CURVE ( 'NONE', #444, #4104, #324, .T. ) ;
#3975 = CARTESIAN_POINT ( 'NONE',  ( -260.8576000465040465, 0.000000000000000000, 7.086686038595560788 ) ) ;
#3976 = CARTESIAN_POINT ( 'NONE',  ( -290.3110310810180863, 0.000000000000000000, 3.099905874896820901 ) ) ;
#3977 = CARTESIAN_POINT ( 'NONE',  ( -173.4395179607336104, 0.000000000000000000, 8.866531246998681226 ) ) ;
#3978 = VERTEX_POINT ( 'NONE', #647 ) ;
#3979 = DIRECTION ( 'NONE',  ( 0.000000000000000000, -1.000000000000000000, 0.000000000000000000 ) ) ;
#3980 = ORIENTED_EDGE ( 'NONE', *, *, #3667, .T. ) ;
#3981 = ADVANCED_FACE ( 'NONE', ( #2375 ), #2106, .T. ) ;
#3982 = ORIENTED_EDGE ( 'NONE', *, *, #320, .T. ) ;
#3983 = ORIENTED_EDGE ( 'NONE', *, *, #3090, .F. ) ;
#3984 = VERTEX_POINT ( 'NONE', #2645 ) ;
#3985 = ORIENTED_EDGE ( 'NONE', *, *, #3577, .T. ) ;
#3986 = CARTESIAN_POINT ( 'NONE',  ( -260.8337779118388084, 5.000000000000000000, 6.940564282544231745 ) ) ;
#3987 = ORIENTED_EDGE ( 'NONE', *, *, #2895, .F. ) ;
#3988 = CARTESIAN_POINT ( 'NONE',  ( -113.5285485838877975, 1.000000000000000000, 8.528672068350854119 ) ) ;
#3989 = CARTESIAN_POINT ( 'NONE',  ( -240.4624955004808839, 1.694065894508600678E-18, 7.187158872640684315 ) ) ;
#3990 = CARTESIAN_POINT ( 'NONE',  ( -164.9945637137975609, 1.000000000000000000, 9.631325334794968995 ) ) ;
#3991 = CARTESIAN_POINT ( 'NONE',  ( -128.1061509150808320, 5.000000000000000000, 27.97564465478143347 ) ) ;
#3992 = CARTESIAN_POINT ( 'NONE',  ( -165.6223296465139185, 1.000000000000000000, 24.42217258159240956 ) ) ;
#3993 = CARTESIAN_POINT ( 'NONE',  ( -188.7425477477295885, 0.000000000000000000, 21.34200709212801073 ) ) ;
#3994 = CARTESIAN_POINT ( 'NONE',  ( -297.6249865866503796, 0.000000000000000000, 0.7942685039368116984 ) ) ;
#3995 = CARTESIAN_POINT ( 'NONE',  ( -115.5180971449263865, 0.000000000000000000, 7.824897445543880004 ) ) ;
#3996 = ORIENTED_EDGE ( 'NONE', *, *, #1584, .F. ) ;
#3997 = CARTESIAN_POINT ( 'NONE',  ( -65.70031221889381357, 1.000000000000000000, -69.13567613106708620 ) ) ;
#3998 = CARTESIAN_POINT ( 'NONE',  ( -259.4108628574793443, 5.000000000000000888, 7.026082581617285605 ) ) ;
#3999 = ORIENTED_EDGE ( 'NONE', *, *, #2601, .T. ) ;
#4000 = VERTEX_POINT ( 'NONE', #3053 ) ;
#4001 = CARTESIAN_POINT ( 'NONE',  ( 0.5936727027209567353, 5.000000000000000000, 22.07472482841617634 ) ) ;
#4002 = EDGE_LOOP ( 'NONE', ( #170, #2120, #2368, #3746 ) ) ;
#4003 = DIRECTION ( 'NONE',  ( 0.000000000000000000, 0.000000000000000000, -1.000000000000000000 ) ) ;
#4004 = ORIENTED_EDGE ( 'NONE', *, *, #515, .F. ) ;
#4005 = CARTESIAN_POINT ( 'NONE',  ( -233.5550818028896742, 0.000000000000000000, 12.93067398019889325 ) ) ;
#4006 = CARTESIAN_POINT ( 'NONE',  ( -287.7366072069025904, 100.0000000000000000, 1.077373546304119856 ) ) ;
#4007 = ADVANCED_FACE ( 'NONE', ( #107 ), #1124, .F. ) ;
#4008 = CARTESIAN_POINT ( 'NONE',  ( -295.2192840322443317, 100.0000000000000000, 1.574556936932530737 ) ) ;
#4009 = EDGE_CURVE ( 'NONE', #1495, #2171, #489, .T. ) ;
#4010 = CARTESIAN_POINT ( 'NONE',  ( -238.7714202541392581, 1.000000000000000000, 8.602907938277795097 ) ) ;
#4011 = DIRECTION ( 'NONE',  ( -0.02646596929541375487, 0.000000000000000000, -0.9996497148847961478 ) ) ;
#4012 = DIRECTION ( 'NONE',  ( 0.000000000000000000, 1.000000000000000000, 0.000000000000000000 ) ) ;
#4013 = EDGE_CURVE ( 'NONE', #2768, #1875, #3733, .T. ) ;
#4014 = CARTESIAN_POINT ( 'NONE',  ( -276.9279722779359645, 100.0000000000000000, 2.022114237992950869 ) ) ;
#4015 = ORIENTED_EDGE ( 'NONE', *, *, #632, .T. ) ;
#4016 = LINE ( 'NONE', #3061, #999 ) ;
#4017 = CARTESIAN_POINT ( 'NONE',  ( -164.4197008633243513, 1.000000000000000000, 23.02289892259648951 ) ) ;
#4018 = ORIENTED_EDGE ( 'NONE', *, *, #1638, .F. ) ;
#4019 = ORIENTED_EDGE ( 'NONE', *, *, #642, .F. ) ;
#4020 = AXIS2_PLACEMENT_3D ( 'NONE', #1602, #2890, #914 ) ;
#4021 = ORIENTED_EDGE ( 'NONE', *, *, #1076, .T. ) ;
#4022 = B_SPLINE_CURVE_WITH_KNOTS ( 'NONE', 3,
 ( #652, #3889, #3288, #3935, #369 ),
 .UNSPECIFIED., .F., .F.,
 ( 4, 1, 4 ),
 ( 0.08427382778616077097, 0.09694117715508035471, 0.09923847994962955998 ),
 .UNSPECIFIED. ) ;
#4023 = DIRECTION ( 'NONE',  ( 0.9996385584632171417, 0.000000000000000000, -0.02688405537825763400 ) ) ;
#4024 = VERTEX_POINT ( 'NONE', #3697 ) ;
#4025 = PLANE ( 'NONE',  #1747 ) ;
#4026 = DIRECTION ( 'NONE',  ( -0.9996385584632171417, 0.000000000000000000, 0.02688405537825780747 ) ) ;
#4027 = CARTESIAN_POINT ( 'NONE',  ( -274.1238790097720539, 100.0000000000000000, 2.239275516227556828 ) ) ;
#4028 = PRODUCT_CONTEXT ( 'NONE', #3032, 'mechanical' ) ;
#4029 = VECTOR ( 'NONE', #2584, 1000.000000000000000 ) ;
#4030 = EDGE_CURVE ( 'NONE', #3423, #2009, #1674, .T. ) ;
#4031 = CARTESIAN_POINT ( 'NONE',  ( -258.2981813761766716, 1.000000000000000000, 7.708078090175614960 ) ) ;
#4032 = LINE ( 'NONE', #3762, #2619 ) ;
#4033 = VECTOR ( 'NONE', #15, 1000.000000000000000 ) ;
#4034 = VECTOR ( 'NONE', #3014, 1000.000000000000000 ) ;
#4035 = CARTESIAN_POINT ( 'NONE',  ( -132.6206067223063769, 1.000000000000000000, 26.93947749185418417 ) ) ;
#4036 = CARTESIAN_POINT ( 'NONE',  ( -115.5180971449263865, 100.0000000000000000, 7.824897445543880004 ) ) ;
#4037 = VECTOR ( 'NONE', #891, 999.9999999999998863 ) ;
#4038 = VERTEX_POINT ( 'NONE', #174 ) ;
#4039 = CARTESIAN_POINT ( 'NONE',  ( -154.5678389296459727, 0.000000000000000000, 25.48976068269574924 ) ) ;
#4040 = CARTESIAN_POINT ( 'NONE',  ( -155.5231806707905093, 0.000000000000000000, 9.623948051526834746 ) ) ;
#4041 = EDGE_CURVE ( 'NONE', #602, #1541, #1362, .T. ) ;
#4042 = AXIS2_PLACEMENT_3D ( 'NONE', #2806, #3526, #4140 ) ;
#4043 = ORIENTED_EDGE ( 'NONE', *, *, #2261, .F. ) ;
#4044 = B_SPLINE_CURVE_WITH_KNOTS ( 'NONE', 13,
 ( #1301, #950, #1961, #2235, #1981, #2628, #385, #3523, #2585, #1319, #341, #322, #3556, #634 ),
 .UNSPECIFIED., .F., .F.,
 ( 14, 14 ),
 ( 0.9375780134687023981, 1.000000000000000000 ),
 .UNSPECIFIED. ) ;
#4045 = VERTEX_POINT ( 'NONE', #3614 ) ;
#4046 = CARTESIAN_POINT ( 'NONE',  ( -248.9140290614126059, 0.000000000000000000, 9.548997529721861000 ) ) ;
#4047 = VERTEX_POINT ( 'NONE', #127 ) ;
#4048 = CARTESIAN_POINT ( 'NONE',  ( -225.0224362187566953, 5.000000000000000000, 15.05154234427599569 ) ) ;
#4049 = ORIENTED_EDGE ( 'NONE', *, *, #2261, .T. ) ;
#4050 = DIRECTION ( 'NONE',  ( -0.02688405537825780747, 0.000000000000000000, -0.9996385584632171417 ) ) ;
#4051 = CARTESIAN_POINT ( 'NONE',  ( -271.2861602210628575, 0.000000000000000000, 2.447696926220368052 ) ) ;
#4052 = CARTESIAN_POINT ( 'NONE',  ( -149.9733316264472194, 0.000000000000000000, 10.94980211331408881 ) ) ;
#4053 = FACE_OUTER_BOUND ( 'NONE', #210, .T. ) ;
#4054 = ORIENTED_EDGE ( 'NONE', *, *, #2095, .F. ) ;
#4055 = CARTESIAN_POINT ( 'NONE',  ( -109.9335922051697167, 1.000000000000000000, 90.44089133709546502 ) ) ;
#4056 = CARTESIAN_POINT ( 'NONE',  ( -256.4030283628870848, 1.000000000000000000, 7.646491483154957081 ) ) ;
#4057 = CARTESIAN_POINT ( 'NONE',  ( -233.3691239180193122, 5.000000000000000000, 13.30576630808083216 ) ) ;
#4058 = CARTESIAN_POINT ( 'NONE',  ( -113.5285485838878117, 5.000000000000000000, 8.528672068350854119 ) ) ;
#4059 = CARTESIAN_POINT ( 'NONE',  ( -185.7676696576303641, 0.000000000000000000, 9.458086372042593837 ) ) ;
#4060 = CARTESIAN_POINT ( 'NONE',  ( -264.2871590456990702, 100.0000000000000000, 7.064132261342629171 ) ) ;
#4061 = EDGE_CURVE ( 'NONE', #3353, #1008, #149, .T. ) ;
#4062 = ORIENTED_EDGE ( 'NONE', *, *, #1589, .T. ) ;
#4063 = ORIENTED_EDGE ( 'NONE', *, *, #196, .T. ) ;
#4064 = ADVANCED_FACE ( 'NONE', ( #2730 ), #2995, .F. ) ;
#4065 = CARTESIAN_POINT ( 'NONE',  ( -265.7189512413806938, 0.000000000000000000, 5.831332410554418644 ) ) ;
#4066 = ORIENTED_EDGE ( 'NONE', *, *, #1832, .T. ) ;
#4067 = PLANE ( 'NONE',  #2484 ) ;
#4068 = ORIENTED_EDGE ( 'NONE', *, *, #4041, .F. ) ;
#4069 = PLANE ( 'NONE',  #614 ) ;
#4070 = DIRECTION ( 'NONE',  ( 0.000000000000000000, -1.000000000000000000, 0.000000000000000000 ) ) ;
#4071 = DIRECTION ( 'NONE',  ( -0.02688405537884489688, 0.000000000000000000, -0.9996385584632012655 ) ) ;
#4072 = CARTESIAN_POINT ( 'NONE',  ( -148.6125551966295006, 1.000000000000000000, 25.91327914437580304 ) ) ;
#4073 = CARTESIAN_POINT ( 'NONE',  ( -257.3232957712205575, 0.000000000000000000, 7.145360438530664382 ) ) ;
#4074 = EDGE_CURVE ( 'NONE', #2266, #1371, #4090, .T. ) ;
#4075 = EDGE_CURVE ( 'NONE', #3475, #896, #3784, .T. ) ;
#4076 = ORIENTED_EDGE ( 'NONE', *, *, #789, .F. ) ;
#4077 = LINE ( 'NONE', #884, #2972 ) ;
#4078 = CARTESIAN_POINT ( 'NONE',  ( -189.5878733124976634, -1.734723475976807094E-15, 9.395759206367102934 ) ) ;
#4079 = CARTESIAN_POINT ( 'NONE',  ( -112.6486715160237821, 5.000000000000000000, 11.48801144721272749 ) ) ;
#4080 = EDGE_CURVE ( 'NONE', #1185, #1445, #1189, .T. ) ;
#4081 = LINE ( 'NONE', #1260, #3767 ) ;
#4082 = VERTEX_POINT ( 'NONE', #4052 ) ;
#4083 = CARTESIAN_POINT ( 'NONE',  ( -199.4188901576602291, 0.000000000000000000, 19.67177629890549895 ) ) ;
#4084 = ORIENTED_EDGE ( 'NONE', *, *, #2389, .F. ) ;
#4085 = ORIENTED_EDGE ( 'NONE', *, *, #3, .F. ) ;
#4086 = CARTESIAN_POINT ( 'NONE',  ( -117.5918750502080599, 0.000000000000000000, 111.7487140873153777 ) ) ;
#4087 = FACE_OUTER_BOUND ( 'NONE', #736, .T. ) ;
#4088 = ORIENTED_EDGE ( 'NONE', *, *, #1051, .F. ) ;
#4089 = CARTESIAN_POINT ( 'NONE',  ( -132.7570495598756395, 1.000000000000000000, 9.255214942794401267 ) ) ;
#4090 = LINE ( 'NONE', #2185, #3515 ) ;
#4091 = EDGE_CURVE ( 'NONE', #2180, #2051, #3448, .T. ) ;
#4092 = CARTESIAN_POINT ( 'NONE',  ( -252.9784568474884736, 0.000000000000000000, -41.24291343747756855 ) ) ;
#4093 = B_SPLINE_CURVE_WITH_KNOTS ( 'NONE', 3,
 ( #734, #2022, #3314, #130, #154, #779, #453, #2688, #758 ),
 .UNSPECIFIED., .F., .F.,
 ( 4, 1, 1, 1, 1, 1, 4 ),
 ( 0.008052357163076461627, 0.01180441452156668833, 0.01555647188005691330, 0.02306058659703736496, 0.03056470131401781837, 0.03431675867250804507, 0.03806881603099827177 ),
 .UNSPECIFIED. ) ;
#4094 = DIRECTION ( 'NONE',  ( 0.9999423315618068964, 0.000000000000000000, -0.01073934591757915065 ) ) ;
#4095 = CARTESIAN_POINT ( 'NONE',  ( -50.02817683524102677, 0.000000000000000000, -52.64406993357871301 ) ) ;
#4096 = APPLICATION_CONTEXT ( 'automotive_design' ) ;
#4097 = FACE_OUTER_BOUND ( 'NONE', #1752, .T. ) ;
#4098 = EDGE_CURVE ( 'NONE', #3894, #350, #3415, .T. ) ;
#4099 = VECTOR ( 'NONE', #2331, 1000.000000000000000 ) ;
#4100 = CARTESIAN_POINT ( 'NONE',  ( -200.5906600952536678, 5.000000000000000000, 19.48347873676726394 ) ) ;
#4101 = CARTESIAN_POINT ( 'NONE',  ( -229.0734860869345653, 1.000000000000000000, 8.119959611217820949 ) ) ;
#4102 = AXIS2_PLACEMENT_3D ( 'NONE', #3492, #2611, #2853 ) ;
#4103 = DIRECTION ( 'NONE',  ( 0.000000000000000000, -1.000000000000000000, 0.000000000000000000 ) ) ;
#4104 = VERTEX_POINT ( 'NONE', #3130 ) ;
#4105 = CARTESIAN_POINT ( 'NONE',  ( -214.2677894798102614, 1.000000000000000000, 8.856444827647957041 ) ) ;
#4106 = VECTOR ( 'NONE', #1996, 1000.000000000000000 ) ;
#4107 = VECTOR ( 'NONE', #227, 1000.000000000000000 ) ;
#4108 = DIRECTION ( 'NONE',  ( 0.000000000000000000, 0.000000000000000000, -1.000000000000000000 ) ) ;
#4109 = CARTESIAN_POINT ( 'NONE',  ( -257.3232957683678137, 5.000000000000000000, 7.145360437424219668 ) ) ;
#4110 = LINE ( 'NONE', #1986, #3509 ) ;
#4111 = ORIENTED_EDGE ( 'NONE', *, *, #525, .T. ) ;
#4112 = LINE ( 'NONE', #628, #2763 ) ;
#4113 = DIRECTION ( 'NONE',  ( 0.6888675014067504598, 0.000000000000000000, 0.7248872777926377298 ) ) ;
#4114 = DIRECTION ( 'NONE',  ( 0.000000000000000000, -1.000000000000000000, 0.000000000000000000 ) ) ;
#4115 = CARTESIAN_POINT ( 'NONE',  ( -114.1403301938991319, 1.000000000000000000, 8.558357344852513648 ) ) ;
#4116 = LINE ( 'NONE', #1595, #2094 ) ;
#4117 = DIRECTION ( 'NONE',  ( -0.6888675014067948688, 0.000000000000000000, -0.7248872777925954303 ) ) ;
#4118 = DIRECTION ( 'NONE',  ( 0.7248872777925964295, 0.000000000000000000, -0.6888675014067938696 ) ) ;
#4119 = EDGE_CURVE ( 'NONE', #1261, #3567, #2795, .T. ) ;
#4120 = DIRECTION ( 'NONE',  ( 0.000000000000000000, -1.000000000000000000, 0.000000000000000000 ) ) ;
#4121 = ORIENTED_EDGE ( 'NONE', *, *, #2053, .T. ) ;
#4122 = EDGE_LOOP ( 'NONE', ( #326, #3765, #1235, #463 ) ) ;
#4123 = PLANE ( 'NONE',  #1210 ) ;
#4124 = EDGE_CURVE ( 'NONE', #606, #1185, #194, .T. ) ;
#4125 = CARTESIAN_POINT ( 'NONE',  ( -166.8936566050330725, 0.000000000000000000, 24.21603154581853445 ) ) ;
#4126 = ORIENTED_EDGE ( 'NONE', *, *, #2601, .F. ) ;
#4127 = CARTESIAN_POINT ( 'NONE',  ( -293.2676002059586153, 100.0000000000000000, 1.330312713632910704 ) ) ;
#4128 = ORIENTED_EDGE ( 'NONE', *, *, #717, .T. ) ;
#4129 = ADVANCED_FACE ( 'NONE', ( #3455 ), #2166, .F. ) ;
#4130 = CYLINDRICAL_SURFACE ( 'NONE', #3308, 0.3999999999999724332 ) ;
#4131 = CARTESIAN_POINT ( 'NONE',  ( -132.7570444405470198, 0.000000000000000000, 9.255407141683583916 ) ) ;
#4132 = CARTESIAN_POINT ( 'NONE',  ( -113.6756979680784383, 0.000000000000000000, 3.057168747125811770 ) ) ;
#4133 = EDGE_CURVE ( 'NONE', #4038, #3082, #481, .T. ) ;
#4134 = PLANE ( 'NONE',  #419 ) ;
#4135 = B_SPLINE_CURVE_WITH_KNOTS ( 'NONE', 3,
 ( #3485, #909, #1520, #1539 ),
 .UNSPECIFIED., .F., .F.,
 ( 4, 4 ),
 ( 0.1482949388780860078, 0.1494380019764197098 ),
 .UNSPECIFIED. ) ;
#4136 = CARTESIAN_POINT ( 'NONE',  ( -225.6975725102136039, -8.673617379884035472E-16, 8.533007167635533463 ) ) ;
#4137 = DIRECTION ( 'NONE',  ( -0.1609050596807223288, 0.000000000000000000, 0.9869698889880801351 ) ) ;
#4138 = LINE ( 'NONE', #3103, #5 ) ;
#4139 = EDGE_CURVE ( 'NONE', #1503, #2929, #259, .T. ) ;
#4140 = DIRECTION ( 'NONE',  ( 0.6888675014067533464, 0.000000000000000000, 0.7248872777926349542 ) ) ;
#4141 = EDGE_LOOP ( 'NONE', ( #2558, #2410, #296, #1144 ) ) ;
#4142 = LINE ( 'NONE', #1262, #3777 ) ;
#4143 = ORIENTED_EDGE ( 'NONE', *, *, #3652, .F. ) ;
#4144 = CARTESIAN_POINT ( 'NONE',  ( -133.3568342694779290, 0.000000000000000000, 9.271286723260836027 ) ) ;
#4145 = CARTESIAN_POINT ( 'NONE',  ( -149.1355522178705542, 1.000000000000000000, 9.563395545347598059 ) ) ;
#4146 = ORIENTED_EDGE ( 'NONE', *, *, #3834, .T. ) ;
#4147 = FACE_BOUND ( 'NONE', #1482, .T. ) ;
#4148 = ORIENTED_EDGE ( 'NONE', *, *, #3048, .T. ) ;
#4149 = DIRECTION ( 'NONE',  ( 0.000000000000000000, -1.000000000000000000, 0.000000000000000000 ) ) ;
#4150 = CARTESIAN_POINT ( 'NONE',  ( -264.9890575499203464, 100.0000000000000000, -17.44028709085020878 ) ) ;
#4151 = DIRECTION ( 'NONE',  ( 0.000000000000000000, 0.000000000000000000, -1.000000000000000000 ) ) ;
#4152 = EDGE_CURVE ( 'NONE', #3001, #4038, #748, .T. ) ;
#4153 = LINE ( 'NONE', #983, #1148 ) ;
#4154 = DIRECTION ( 'NONE',  ( -0.000000000000000000, -1.000000000000000000, -0.000000000000000000 ) ) ;
#4155 = DIRECTION ( 'NONE',  ( 0.8502143537580535426, 0.000000000000000000, -0.5264366558891727665 ) ) ;
#4156 = AXIS2_PLACEMENT_3D ( 'NONE', #426, #1699, #1019 ) ;
#4157 = CARTESIAN_POINT ( 'NONE',  ( -280.3490536555165136, 0.000000000000000000, 2.537585519907651133 ) ) ;
#4158 = FACE_OUTER_BOUND ( 'NONE', #3410, .T. ) ;
ENDSEC;
END-ISO-10303-21;
