ISO-10303-21;
HEADER;
FILE_DESCRIPTION (( 'STEP AP214' ),
    '1' );
FILE_NAME ('rib 7 end.STEP',
    '2026-03-21T16:23:48',
    ( '' ),
    ( '' ),
    'SwSTEP 2.0',
    'SolidWorks 2024',
    '' );
FILE_SCHEMA (( 'AUTOMOTIVE_DESIGN' ));
ENDSEC;

DATA;
#1 = ORIENTED_EDGE ( 'NONE', *, *, #3184, .T. ) ;
#2 = DIRECTION ( 'NONE',  ( -0.000000000000000000, -1.000000000000000000, -0.000000000000000000 ) ) ;
#3 = CARTESIAN_POINT ( 'NONE',  ( -285.9904385892327809, 799.9999920000000202, 3.527721545625112753 ) ) ;
#4 = ORIENTED_EDGE ( 'NONE', *, *, #3249, .T. ) ;
#5 = DIRECTION ( 'NONE',  ( -0.000000000000000000, 1.000000000000000000, -0.000000000000000000 ) ) ;
#6 = LINE ( 'NONE', #2529, #2290 ) ;
#7 = EDGE_CURVE ( 'NONE', #1799, #1398, #1948, .T. ) ;
#8 = CARTESIAN_POINT ( 'NONE',  ( -261.3333421444359601, 799.9999919999999065, 6.109088865820963221 ) ) ;
#9 = ORIENTED_EDGE ( 'NONE', *, *, #2462, .F. ) ;
#10 = DIRECTION ( 'NONE',  ( 0.5246302302905517800, 0.000000000000000000, 0.8513302070673179900 ) ) ;
#11 = PLANE ( 'NONE',  #2231 ) ;
#12 = CARTESIAN_POINT ( 'NONE',  ( -192.5000000000002274, 805.0000000000001137, 15.15093237103806700 ) ) ;
#13 = ORIENTED_EDGE ( 'NONE', *, *, #3948, .T. ) ;
#14 = LINE ( 'NONE', #2559, #3580 ) ;
#15 = EDGE_LOOP ( 'NONE', ( #2689, #260, #704, #2944 ) ) ;
#16 =( LENGTH_UNIT ( ) NAMED_UNIT ( * ) SI_UNIT ( .MILLI., .METRE. ) );
#17 = ORIENTED_EDGE ( 'NONE', *, *, #2739, .T. ) ;
#18 = CARTESIAN_POINT ( 'NONE',  ( -292.2254576542372888, 799.9999920000000202, 1.434434858989688255 ) ) ;
#19 = EDGE_CURVE ( 'NONE', #2177, #3411, #4112, .T. ) ;
#20 = CARTESIAN_POINT ( 'NONE',  ( -256.3619925308943834, 805.0000000000001137, 6.835156837752369263 ) ) ;
#21 = ORIENTED_EDGE ( 'NONE', *, *, #33, .T. ) ;
#22 = CARTESIAN_POINT ( 'NONE',  ( 0.000000000000000000, 805.0000000000001137, 0.000000000000000000 ) ) ;
#23 = CARTESIAN_POINT ( 'NONE',  ( -112.2823144185779682, 800.0000000000001137, 25.11038633121939867 ) ) ;
#24 = CARTESIAN_POINT ( 'NONE',  ( -149.2125205955679803, 804.0000000000001137, 25.91972275192623698 ) ) ;
#25 = ORIENTED_EDGE ( 'NONE', *, *, #1110, .F. ) ;
#26 = CARTESIAN_POINT ( 'NONE',  ( 0.5936727027209567353, 805.0000000000001137, 22.07472482841617634 ) ) ;
#27 = LINE ( 'NONE', #971, #3294 ) ;
#28 = LINE ( 'NONE', #993, #1094 ) ;
#29 = AXIS2_PLACEMENT_3D ( 'NONE', #2219, #695, #2258 ) ;
#30 = EDGE_CURVE ( 'NONE', #2932, #2359, #3814, .T. ) ;
#31 = ORIENTED_EDGE ( 'NONE', *, *, #1381, .F. ) ;
#32 = EDGE_CURVE ( 'NONE', #962, #220, #46, .T. ) ;
#33 = EDGE_CURVE ( 'NONE', #3015, #1425, #1549, .T. ) ;
#34 = LINE ( 'NONE', #2599, #2849 ) ;
#35 = ORIENTED_EDGE ( 'NONE', *, *, #3835, .T. ) ;
#36 = CARTESIAN_POINT ( 'NONE',  ( -292.2254576542372888, 805.0000000000001137, 1.434434858989688255 ) ) ;
#37 = DIRECTION ( 'NONE',  ( 0.000000000000000000, -1.000000000000000000, 0.000000000000000000 ) ) ;
#38 = DIRECTION ( 'NONE',  ( -0.7248872777926389510, 0.000000000000000000, 0.6888675014067492386 ) ) ;
#39 = VERTEX_POINT ( 'NONE', #2551 ) ;
#40 = CARTESIAN_POINT ( 'NONE',  ( -159.3825578031934924, 805.0000000000001137, 25.03374713634702431 ) ) ;
#41 = DIRECTION ( 'NONE',  ( 0.9869698889880801351, 0.000000000000000000, 0.1609050596807223288 ) ) ;
#42 = DIRECTION ( 'NONE',  ( -0.7677166914060529201, 0.000000000000000000, 0.6407894207433072475 ) ) ;
#43 = VECTOR ( 'NONE', #2830, 1000.000000000000000 ) ;
#44 = ORIENTED_EDGE ( 'NONE', *, *, #1143, .T. ) ;
#45 = CARTESIAN_POINT ( 'NONE',  ( -254.1091732842313888, 804.0000000000001137, 9.090270003344036454 ) ) ;
#46 = LINE ( 'NONE', #1321, #1165 ) ;
#47 = CARTESIAN_POINT ( 'NONE',  ( -150.2687402496345612, 804.0000000000001137, 9.575102033794678391 ) ) ;
#48 = VECTOR ( 'NONE', #1400, 1000.000000000000114 ) ;
#49 = ORIENTED_EDGE ( 'NONE', *, *, #296, .F. ) ;
#50 = CARTESIAN_POINT ( 'NONE',  ( 0.2058083609810148762, 805.0000000000001137, 7.652639097638684440 ) ) ;
#51 = EDGE_CURVE ( 'NONE', #2347, #3902, #1316, .T. ) ;
#52 = AXIS2_PLACEMENT_3D ( 'NONE', #2160, #2097, #3079 ) ;
#53 = VECTOR ( 'NONE', #745, 1000.000000000000000 ) ;
#54 = DIRECTION ( 'NONE',  ( 0.000000000000000000, 1.000000000000000000, 0.000000000000000000 ) ) ;
#55 = B_SPLINE_CURVE_WITH_KNOTS ( 'NONE', 3,
 ( #582, #1856, #3130, #268, #1536 ),
 .UNSPECIFIED., .F., .F.,
 ( 4, 1, 4 ),
 ( 0.08438467421112531841, 0.09694117715508035471, 0.09938822208567223149 ),
 .UNSPECIFIED. ) ;
#56 = EDGE_LOOP ( 'NONE', ( #2574, #2611, #1268, #2172 ) ) ;
#57 = CARTESIAN_POINT ( 'NONE',  ( -260.7629341024527889, 805.0000000000003411, 6.944829825261215284 ) ) ;
#58 = VECTOR ( 'NONE', #281, 1000.000000000000000 ) ;
#59 = CARTESIAN_POINT ( 'NONE',  ( -133.5305144212671280, 805.0000000000001137, 25.38181269809026119 ) ) ;
#60 = CARTESIAN_POINT ( 'NONE',  ( -266.5147033832301418, 799.9999920000000202, 5.740492526924503736 ) ) ;
#61 = EDGE_LOOP ( 'NONE', ( #3819, #1822, #4040, #1359 ) ) ;
#62 = CARTESIAN_POINT ( 'NONE',  ( -297.6853304519445373, 805.0000000000001137, 0.07763497804487534681 ) ) ;
#63 = DIRECTION ( 'NONE',  ( -0.7248872777926366195, 0.000000000000000000, 0.6888675014067514590 ) ) ;
#64 = DIRECTION ( 'NONE',  ( 0.01073934591757915065, 0.000000000000000000, 0.9999423315618068964 ) ) ;
#65 = CARTESIAN_POINT ( 'NONE',  ( -215.2669448463192623, 800.0000000000001137, 8.828999559335404257 ) ) ;
#66 = EDGE_CURVE ( 'NONE', #1007, #3322, #911, .T. ) ;
#67 = ORIENTED_EDGE ( 'NONE', *, *, #532, .F. ) ;
#68 = CARTESIAN_POINT ( 'NONE',  ( -257.9411096058675525, 804.0000000000001137, 7.457080077633684745 ) ) ;
#69 = LINE ( 'NONE', #1654, #805 ) ;
#70 = ORIENTED_EDGE ( 'NONE', *, *, #3617, .F. ) ;
#71 = CIRCLE ( 'NONE', #1876, 5.124999999999997335 ) ;
#72 = CARTESIAN_POINT ( 'NONE',  ( -258.3256435328780753, 805.0000000000001137, 7.088893238348418890 ) ) ;
#73 = DIRECTION ( 'NONE',  ( -0.7248872777926395061, 0.000000000000000000, 0.6888675014067485725 ) ) ;
#74 = ORIENTED_EDGE ( 'NONE', *, *, #221, .T. ) ;
#75 = CARTESIAN_POINT ( 'NONE',  ( -247.5948149815342560, 805.0000000000003411, 7.661474984079888806 ) ) ;
#76 = CARTESIAN_POINT ( 'NONE',  ( -200.4954640087551923, 805.0000000000000000, 8.438484520300974623 ) ) ;
#77 = CARTESIAN_POINT ( 'NONE',  ( -190.3522683579551540, 805.0000000000001137, 21.10012339114813074 ) ) ;
#78 = ORIENTED_EDGE ( 'NONE', *, *, #3156, .T. ) ;
#79 = CARTESIAN_POINT ( 'NONE',  ( -221.3618791128721455, 804.0000000000001137, 15.72469533518087559 ) ) ;
#80 = CARTESIAN_POINT ( 'NONE',  ( -111.8337132111004166, 805.0000000000001137, 11.46609414118742443 ) ) ;
#81 = CARTESIAN_POINT ( 'NONE',  ( -165.5945626566746967, 804.0000000000001137, 9.630199037178199362 ) ) ;
#82 = DIRECTION ( 'NONE',  ( -0.009894637397860174891, 0.000000000000000000, 0.9999510468771782845 ) ) ;
#83 = EDGE_CURVE ( 'NONE', #2094, #2660, #992, .T. ) ;
#84 = VECTOR ( 'NONE', #1850, 1000.000000000000000 ) ;
#85 = ORIENTED_EDGE ( 'NONE', *, *, #2405, .F. ) ;
#86 = CARTESIAN_POINT ( 'NONE',  ( -192.5000000000002274, 805.0000000000001137, 20.27593237103806345 ) ) ;
#87 = CARTESIAN_POINT ( 'NONE',  ( -245.1419891084919982, 805.0000000000001137, 7.763188728607102185 ) ) ;
#88 = ADVANCED_FACE ( 'NONE', ( #304 ), #1263, .F. ) ;
#89 = EDGE_CURVE ( 'NONE', #3972, #1208, #27, .T. ) ;
#90 = VERTEX_POINT ( 'NONE', #1571 ) ;
#91 = AXIS2_PLACEMENT_3D ( 'NONE', #2241, #2223, #1010 ) ;
#92 = CARTESIAN_POINT ( 'NONE',  ( -195.1153897876527026, 804.0000000000001137, 9.298503150647018600 ) ) ;
#93 = EDGE_CURVE ( 'NONE', #2715, #228, #1280, .T. ) ;
#94 = CARTESIAN_POINT ( 'NONE',  ( -148.6143614906607695, 805.0000000000001137, 25.96668747503414565 ) ) ;
#95 = ORIENTED_EDGE ( 'NONE', *, *, #1786, .T. ) ;
#96 = LINE ( 'NONE', #1018, #3394 ) ;
#97 = B_SPLINE_CURVE_WITH_KNOTS ( 'NONE', 3,
 ( #848, #261, #2204, #4026 ),
 .UNSPECIFIED., .F., .F.,
 ( 4, 4 ),
 ( 0.9159759140963206203, 0.9207378498489078300 ),
 .UNSPECIFIED. ) ;
#98 = CARTESIAN_POINT ( 'NONE',  ( -115.5180971449263865, 805.0000000000000000, 7.824897445543880004 ) ) ;
#99 = EDGE_CURVE ( 'NONE', #1780, #895, #2826, .T. ) ;
#100 = LINE ( 'NONE', #2254, #415 ) ;
#101 = ORIENTED_EDGE ( 'NONE', *, *, #1818, .F. ) ;
#102 = CARTESIAN_POINT ( 'NONE',  ( -292.8379051518249980, 799.9999920000000202, 0.5759372686755794835 ) ) ;
#103 = DIRECTION ( 'NONE',  ( -0.009894637397860174891, 0.000000000000000000, 0.9999510468771782845 ) ) ;
#104 = CARTESIAN_POINT ( 'NONE',  ( -248.3736178015836344, 805.0000000000001137, 7.613064812028684791 ) ) ;
#105 = VECTOR ( 'NONE', #2126, 1000.000000000000000 ) ;
#106 = CARTESIAN_POINT ( 'NONE',  ( -192.5000000000002274, 800.0000000000001137, 20.27593237103806345 ) ) ;
#107 = VERTEX_POINT ( 'NONE', #1299 ) ;
#108 = CARTESIAN_POINT ( 'NONE',  ( -164.4197008633243513, 804.0000000000001137, 23.02289892259648951 ) ) ;
#109 = DIRECTION ( 'NONE',  ( 0.000000000000000000, 0.000000000000000000, -1.000000000000000000 ) ) ;
#110 = EDGE_CURVE ( 'NONE', #957, #1142, #1872, .T. ) ;
#111 = ORIENTED_EDGE ( 'NONE', *, *, #3491, .F. ) ;
#112 = CARTESIAN_POINT ( 'NONE',  ( -290.1850476729546244, 799.9999920000000202, 2.279926096537435498 ) ) ;
#113 = B_SPLINE_CURVE_WITH_KNOTS ( 'NONE', 3,
 ( #3039, #470, #4031, #2077, #3100, #1741, #1452, #2056, #1427, #3667, #2787, #4010, #2699, #3378 ),
 .UNSPECIFIED., .F., .F.,
 ( 4, 1, 1, 1, 1, 1, 1, 1, 1, 1, 1, 4 ),
 ( 0.7011752054892484987, 0.7037511641538184426, 0.7114926295676233803, 0.7321002988842217896, 0.7527079682008201988, 0.7939233068340170174, 0.8351386454672137249, 0.8763539841004104325, 0.8969616534170088418, 0.9175693227336072511, 0.9324260961395594016, 0.9375780134687230483 ),
 .UNSPECIFIED. ) ;
#114 = CARTESIAN_POINT ( 'NONE',  ( -196.0844992106079587, 804.0000000000001137, 9.280012691016615634 ) ) ;
#115 = VERTEX_POINT ( 'NONE', #2222 ) ;
#116 = CIRCLE ( 'NONE', #3524, 0.6000000000000276223 ) ;
#117 = DIRECTION ( 'NONE',  ( 0.000000000000000000, -1.000000000000000000, 0.000000000000000000 ) ) ;
#118 = CARTESIAN_POINT ( 'NONE',  ( -164.2408507514722658, 805.0000000000001137, 24.50836570409218851 ) ) ;
#119 = FACE_OUTER_BOUND ( 'NONE', #4020, .T. ) ;
#120 = ORIENTED_EDGE ( 'NONE', *, *, #2302, .T. ) ;
#121 = CARTESIAN_POINT ( 'NONE',  ( -265.5219321234524728, 805.0000000000001137, 2.837808823346289255 ) ) ;
#122 = CARTESIAN_POINT ( 'NONE',  ( 0.2058083609810148762, 800.0000000000001137, 7.652639097638684440 ) ) ;
#123 = CARTESIAN_POINT ( 'NONE',  ( -205.3602212599696202, 804.0000000000001137, 18.09482247956828971 ) ) ;
#124 = DIRECTION ( 'NONE',  ( -0.009894637397860174891, 0.000000000000000000, 0.9999510468771782845 ) ) ;
#125 = EDGE_LOOP ( 'NONE', ( #1503, #3033, #1918 ) ) ;
#126 = ORIENTED_EDGE ( 'NONE', *, *, #2132, .F. ) ;
#127 = DIRECTION ( 'NONE',  ( 0.000000000000000000, -1.000000000000000000, 0.000000000000000000 ) ) ;
#128 = CARTESIAN_POINT ( 'NONE',  ( -132.7570495598756395, 804.0000000000001137, 9.255214942794401267 ) ) ;
#129 = ORIENTED_EDGE ( 'NONE', *, *, #32, .F. ) ;
#130 = PLANE ( 'NONE',  #3145 ) ;
#131 = LINE ( 'NONE', #2406, #1781 ) ;
#132 = ORIENTED_EDGE ( 'NONE', *, *, #2073, .F. ) ;
#133 = ORIENTED_EDGE ( 'NONE', *, *, #2740, .F. ) ;
#134 = CARTESIAN_POINT ( 'NONE',  ( -257.1160311369277451, 804.0000000000001137, 7.991938233640874856 ) ) ;
#135 = CARTESIAN_POINT ( 'NONE',  ( -112.6486715160237821, 804.0000000000001137, 11.48801144721272749 ) ) ;
#136 = ORIENTED_EDGE ( 'NONE', *, *, #3126, .T. ) ;
#137 = CARTESIAN_POINT ( 'NONE',  ( -221.3618791128721455, 800.0000000000001137, 15.72469533518087559 ) ) ;
#138 = LINE ( 'NONE', #2685, #1648 ) ;
#139 = CARTESIAN_POINT ( 'NONE',  ( -254.1091732842313888, 804.0000000000001137, 9.090270003344036454 ) ) ;
#140 = B_SPLINE_CURVE_WITH_KNOTS ( 'NONE', 3,
 ( #1691, #1439, #3680, #2008 ),
 .UNSPECIFIED., .F., .F.,
 ( 4, 4 ),
 ( 0.1146525530252893582, 0.1147249827450547432 ),
 .UNSPECIFIED. ) ;
#141 = CARTESIAN_POINT ( 'NONE',  ( -260.7875091712481890, 805.0000000000001137, 7.103832978967997924 ) ) ;
#142 = EDGE_CURVE ( 'NONE', #1348, #3453, #3501, .T. ) ;
#143 = ADVANCED_FACE ( 'NONE', ( #2867 ), #11, .T. ) ;
#144 = VERTEX_POINT ( 'NONE', #1966 ) ;
#145 = VERTEX_POINT ( 'NONE', #3872 ) ;
#146 = CARTESIAN_POINT ( 'NONE',  ( -204.8832445304088310, 805.0000000000001137, 18.74516666487845029 ) ) ;
#147 = VECTOR ( 'NONE', #103, 1000.000000000000114 ) ;
#148 = CARTESIAN_POINT ( 'NONE',  ( -242.9298313318372777, 804.0000000000001137, 11.25234309190400417 ) ) ;
#149 = ORIENTED_EDGE ( 'NONE', *, *, #3001, .F. ) ;
#150 = LINE ( 'NONE', #2360, #2602 ) ;
#151 = EDGE_CURVE ( 'NONE', #2418, #1945, #639, .T. ) ;
#152 = CARTESIAN_POINT ( 'NONE',  ( -182.6146439342225563, 800.0000000000001137, 22.26316326372818821 ) ) ;
#153 = ORIENTED_EDGE ( 'NONE', *, *, #772, .F. ) ;
#154 = ADVANCED_FACE ( 'NONE', ( #1604 ), #2174, .T. ) ;
#155 = ORIENTED_EDGE ( 'NONE', *, *, #83, .T. ) ;
#156 = DIRECTION ( 'NONE',  ( 0.000000000000000000, 0.000000000000000000, 1.000000000000000000 ) ) ;
#157 = VECTOR ( 'NONE', #3559, 1000.000000000000000 ) ;
#158 = CARTESIAN_POINT ( 'NONE',  ( -128.1061509150808320, 805.0000000000001137, 27.97564465478143347 ) ) ;
#159 = CARTESIAN_POINT ( 'NONE',  ( -196.3571183543445215, 800.0000000000001137, 20.16374226176603202 ) ) ;
#160 = ORIENTED_EDGE ( 'NONE', *, *, #3895, .T. ) ;
#161 = CARTESIAN_POINT ( 'NONE',  ( -297.6249865866923869, 799.9999919999997928, 0.7942685039227660448 ) ) ;
#162 = DIRECTION ( 'NONE',  ( -0.000000000000000000, -1.000000000000000000, -0.000000000000000000 ) ) ;
#163 = ADVANCED_FACE ( 'NONE', ( #1544 ), #1565, .F. ) ;
#164 = CARTESIAN_POINT ( 'NONE',  ( -172.8587101762493887, 800.0000000000001137, 24.44703151162762822 ) ) ;
#165 = DIRECTION ( 'NONE',  ( -0.7248872777926355093, 0.000000000000000000, 0.6888675014067527913 ) ) ;
#166 = EDGE_LOOP ( 'NONE', ( #2648, #3054, #2288 ) ) ;
#167 = VERTEX_POINT ( 'NONE', #2860 ) ;
#168 = CARTESIAN_POINT ( 'NONE',  ( -205.2673522678134646, 804.0000000000000000, 18.67897605030990249 ) ) ;
#169 = DIRECTION ( 'NONE',  ( 0.000000000000000000, 1.000000000000000000, 0.000000000000000000 ) ) ;
#170 = ORIENTED_EDGE ( 'NONE', *, *, #2537, .T. ) ;
#171 = EDGE_LOOP ( 'NONE', ( #3328, #3583, #1979 ) ) ;
#172 = CARTESIAN_POINT ( 'NONE',  ( -165.5945624024669769, 804.0000000000001137, 9.630070904658040831 ) ) ;
#173 = CIRCLE ( 'NONE', #2371, 0.6000000000000224043 ) ;
#174 = CARTESIAN_POINT ( 'NONE',  ( -168.8641331842243289, 800.0000000000001137, 24.10239613039014372 ) ) ;
#175 = ORIENTED_EDGE ( 'NONE', *, *, #2650, .F. ) ;
#176 = ADVANCED_FACE ( 'NONE', ( #906 ), #3113, .T. ) ;
#177 = CARTESIAN_POINT ( 'NONE',  ( -214.1361376603798305, 804.0000000000001137, 8.860027491220346718 ) ) ;
#178 = APPLICATION_CONTEXT ( 'automotive_design' ) ;
#179 = LINE ( 'NONE', #3357, #3447 ) ;
#180 = CARTESIAN_POINT ( 'NONE',  ( -112.7508309264629105, 800.0000000000001137, 7.689384925052574538 ) ) ;
#181 = VERTEX_POINT ( 'NONE', #1925 ) ;
#182 = LINE ( 'NONE', #2370, #843 ) ;
#183 = CARTESIAN_POINT ( 'NONE',  ( -92.50000000000000000, 805.0000000000001137, 16.74722354252675771 ) ) ;
#184 = LINE ( 'NONE', #2729, #3391 ) ;
#185 = B_SPLINE_CURVE_WITH_KNOTS ( 'NONE', 3,
 ( #1020, #1955, #3251, #672, #2291, #2232 ),
 .UNSPECIFIED., .F., .F.,
 ( 4, 1, 1, 4 ),
 ( 0.7038618315150659832, 0.7171398451842925237, 0.7318357230699212845, 0.7320330935912495729 ),
 .UNSPECIFIED. ) ;
#186 = CARTESIAN_POINT ( 'NONE',  ( -190.2778826472211335, 804.0000000000001137, 21.11138721320716627 ) ) ;
#187 = VECTOR ( 'NONE', #945, 1000.000000000000114 ) ;
#188 = CIRCLE ( 'NONE', #1122, 5.124999999999997335 ) ;
#189 = ORIENTED_EDGE ( 'NONE', *, *, #3686, .T. ) ;
#190 = ORIENTED_EDGE ( 'NONE', *, *, #2571, .F. ) ;
#191 = LINE ( 'NONE', #2066, #2781 ) ;
#192 = EDGE_CURVE ( 'NONE', #1945, #387, #3010, .T. ) ;
#193 = CARTESIAN_POINT ( 'NONE',  ( -242.9298313318372777, 804.0000000000001137, 11.25234309190400417 ) ) ;
#194 = ORIENTED_EDGE ( 'NONE', *, *, #2396, .T. ) ;
#195 = ORIENTED_EDGE ( 'NONE', *, *, #3424, .F. ) ;
#196 = DIRECTION ( 'NONE',  ( -0.001877162694616514192, 0.000000000000000000, 0.9999982381285568156 ) ) ;
#197 = CARTESIAN_POINT ( 'NONE',  ( -248.4092376083339389, 805.0000000000001137, -62.58141432606363708 ) ) ;
#198 = VERTEX_POINT ( 'NONE', #4107 ) ;
#199 = VERTEX_POINT ( 'NONE', #3473 ) ;
#200 = DIRECTION ( 'NONE',  ( -0.7248872777926382849, 0.000000000000000000, 0.6888675014067499047 ) ) ;
#201 = CARTESIAN_POINT ( 'NONE',  ( -293.2676002059585585, 716.1111120000000483, 1.330312713632799237 ) ) ;
#202 = CARTESIAN_POINT ( 'NONE',  ( -198.1861463371279797, 804.0000000000001137, 12.38084846747689305 ) ) ;
#203 = ORIENTED_EDGE ( 'NONE', *, *, #309, .F. ) ;
#204 = CARTESIAN_POINT ( 'NONE',  ( -269.3505351009391120, 805.0000000000001137, 8.883550396655449433 ) ) ;
#205 = CARTESIAN_POINT ( 'NONE',  ( -265.5219321219681774, 716.1111120000000483, 2.837808823443983997 ) ) ;
#206 = CARTESIAN_POINT ( 'NONE',  ( -265.7189512413809211, 799.9999919999999065, 5.831332410556393064 ) ) ;
#207 = PRODUCT_DEFINITION_CONTEXT ( 'detailed design', #178, 'design' ) ;
#208 = CARTESIAN_POINT ( 'NONE',  ( -192.5000000000002274, 804.0000000000001137, 15.15093237103806700 ) ) ;
#209 = ORIENTED_EDGE ( 'NONE', *, *, #426, .F. ) ;
#210 = PLANE ( 'NONE',  #3647 ) ;
#211 = ADVANCED_FACE ( 'NONE', ( #570 ), #3786, .T. ) ;
#212 = EDGE_CURVE ( 'NONE', #2844, #3285, #2547, .T. ) ;
#213 = CARTESIAN_POINT ( 'NONE',  ( -165.6192316589048232, 804.0000000000001137, 22.77181901356583182 ) ) ;
#214 = ORIENTED_EDGE ( 'NONE', *, *, #1429, .F. ) ;
#215 = ORIENTED_EDGE ( 'NONE', *, *, #2956, .T. ) ;
#216 = CARTESIAN_POINT ( 'NONE',  ( -177.1933103915009156, 804.0000000000001137, 9.558864198498685738 ) ) ;
#217 = EDGE_CURVE ( 'NONE', #833, #654, #6, .T. ) ;
#218 = ADVANCED_FACE ( 'NONE', ( #1275 ), #254, .T. ) ;
#219 = DIRECTION ( 'NONE',  ( 0.000000000000000000, 0.000000000000000000, -1.000000000000000000 ) ) ;
#220 = VERTEX_POINT ( 'NONE', #23 ) ;
#221 = EDGE_CURVE ( 'NONE', #654, #259, #3214, .T. ) ;
#222 = CARTESIAN_POINT ( 'NONE',  ( -138.8161405280352767, 805.0000000000001137, 9.412531083877022198 ) ) ;
#223 = B_SPLINE_SURFACE_WITH_KNOTS ( 'NONE', 13, 1, ( 
 ( #692, #3273 ),
 ( #2348, #62 ),
 ( #1980, #2961 ),
 ( #102, #2661 ),
 ( #411, #3255 ),
 ( #3551, #2978 ),
 ( #3608, #1999 ),
 ( #2625, #2314 ),
 ( #1683, #2294 ),
 ( #1082, #3950 ),
 ( #372, #2037 ),
 ( #3628, #1042 ),
 ( #2899, #1958 ),
 ( #1355, #121 ) ),
 .UNSPECIFIED., .F., .F., .F.,
 ( 14, 14 ),
 ( 2, 2 ),
 ( 0.000000000000000000, 0.06242198652881536525 ),
 ( 0.000000000000000000, 1.000000000000000000 ),
 .UNSPECIFIED. ) ;
#224 = EDGE_CURVE ( 'NONE', #2844, #145, #3456, .T. ) ;
#225 = CARTESIAN_POINT ( 'NONE',  ( -280.3490536555165136, 799.9999920000000202, 2.537585519907651133 ) ) ;
#226 = ORIENTED_EDGE ( 'NONE', *, *, #3265, .F. ) ;
#227 = CARTESIAN_POINT ( 'NONE',  ( -188.9322783967795090, 804.0000000000001137, 21.31370094711495966 ) ) ;
#228 = VERTEX_POINT ( 'NONE', #3744 ) ;
#229 = CARTESIAN_POINT ( 'NONE',  ( -132.6206067223063769, 804.0000000000002274, 26.93947749185418417 ) ) ;
#230 = AXIS2_PLACEMENT_3D ( 'NONE', #2112, #3140, #4023 ) ;
#231 = FACE_OUTER_BOUND ( 'NONE', #758, .T. ) ;
#232 = CARTESIAN_POINT ( 'NONE',  ( -119.0667696627177463, 800.0000000000001137, 28.12804715761673791 ) ) ;
#233 = ORIENTED_EDGE ( 'NONE', *, *, #3612, .F. ) ;
#234 = LINE ( 'NONE', #3679, #1652 ) ;
#235 = CARTESIAN_POINT ( 'NONE',  ( -133.9566240984088097, 804.0000000000001137, 9.287166304838079256 ) ) ;
#236 = ORIENTED_EDGE ( 'NONE', *, *, #3371, .T. ) ;
#237 = ORIENTED_EDGE ( 'NONE', *, *, #2665, .F. ) ;
#238 = EDGE_CURVE ( 'NONE', #4123, #2293, #2888, .T. ) ;
#239 = DIRECTION ( 'NONE',  ( 0.9999423315618068964, 0.000000000000000000, -0.01073934591757915065 ) ) ;
#240 = CARTESIAN_POINT ( 'NONE',  ( -257.7945310521340616, 805.0000000000001137, 7.829255745276571865 ) ) ;
#241 = VERTEX_POINT ( 'NONE', #299 ) ;
#242 = ADVANCED_FACE ( 'NONE', ( #2218 ), #2822, .F. ) ;
#243 = DIRECTION ( 'NONE',  ( -0.02688405537884543811, -0.000000000000000000, -0.9996385584632012655 ) ) ;
#244 = CARTESIAN_POINT ( 'NONE',  ( -133.3568342694779005, 804.0000000000001137, 9.271286723260836027 ) ) ;
#245 = B_SPLINE_CURVE_WITH_KNOTS ( 'NONE', 3,
 ( #1705, #40, #3885, #1064 ),
 .UNSPECIFIED., .F., .F.,
 ( 4, 4 ),
 ( 0.1402734871941962724, 0.1547458643171480686 ),
 .UNSPECIFIED. ) ;
#246 = ORIENTED_EDGE ( 'NONE', *, *, #460, .T. ) ;
#247 = EDGE_LOOP ( 'NONE', ( #1563, #1254 ) ) ;
#248 = CARTESIAN_POINT ( 'NONE',  ( -196.2236163048101787, 805.0000000000003411, 21.18604354544763169 ) ) ;
#249 = DIRECTION ( 'NONE',  ( -0.000000000000000000, -1.000000000000000000, -0.000000000000000000 ) ) ;
#250 = VECTOR ( 'NONE', #697, 1000.000000000000000 ) ;
#251 = CARTESIAN_POINT ( 'NONE',  ( -168.8641331842243289, 800.0000000000001137, 24.10239613039014372 ) ) ;
#252 = ORIENTED_EDGE ( 'NONE', *, *, #3249, .F. ) ;
#253 = CARTESIAN_POINT ( 'NONE',  ( -205.6513887142924375, 804.0000000000000000, 18.61249429343110862 ) ) ;
#254 = PLANE ( 'NONE',  #491 ) ;
#255 = VECTOR ( 'NONE', #870, 1000.000000000000227 ) ;
#256 = CARTESIAN_POINT ( 'NONE',  ( -242.1505976584644202, 804.0000000000002274, 11.42404535656160292 ) ) ;
#257 = AXIS2_PLACEMENT_3D ( 'NONE', #2431, #1830, #156 ) ;
#258 = B_SPLINE_CURVE_WITH_KNOTS ( 'NONE', 3,
 ( #3717, #543, #2771, #3800, #1287, #291, #4120, #1557, #939, #4099, #647, #2874, #1597, #2211, #2166, #3838 ),
 .UNSPECIFIED., .F., .F.,
 ( 4, 1, 1, 1, 1, 1, 1, 1, 1, 1, 1, 1, 1, 4 ),
 ( 0.03891155862395574011, 0.04061555485877392513, 0.04231955109358285366, 0.05452787951388714249, 0.06815984939235858464, 0.08179181927083004067, 0.1090557590277729250, 0.1363196987847158093, 0.1499516686631872653, 0.1635836385416586936, 0.1772156084201301496, 0.1908475782986016056, 0.1928611597997482718, 0.1945651560345577347 ),
 .UNSPECIFIED. ) ;
#259 = VERTEX_POINT ( 'NONE', #1524 ) ;
#260 = ORIENTED_EDGE ( 'NONE', *, *, #1696, .F. ) ;
#261 = CARTESIAN_POINT ( 'NONE',  ( -253.4528867037432178, 805.0000000000001137, 7.357004109955695981 ) ) ;
#262 = VECTOR ( 'NONE', #597, 1000.000000000000000 ) ;
#263 = DIRECTION ( 'NONE',  ( -0.000000000000000000, 1.000000000000000000, -0.000000000000000000 ) ) ;
#264 = VERTEX_POINT ( 'NONE', #1217 ) ;
#265 = FACE_OUTER_BOUND ( 'NONE', #507, .T. ) ;
#266 = CARTESIAN_POINT ( 'NONE',  ( -297.6853304518525078, 799.9999920000000202, 0.07763497805441094135 ) ) ;
#267 = ORIENTED_EDGE ( 'NONE', *, *, #722, .F. ) ;
#268 = CARTESIAN_POINT ( 'NONE',  ( -206.8723631714094893, 805.0000000000001137, 18.40016975186258463 ) ) ;
#269 = ORIENTED_EDGE ( 'NONE', *, *, #192, .F. ) ;
#270 = DIRECTION ( 'NONE',  ( -0.000000000000000000, 1.000000000000000000, -0.000000000000000000 ) ) ;
#271 = ORIENTED_EDGE ( 'NONE', *, *, #2405, .T. ) ;
#272 = CARTESIAN_POINT ( 'NONE',  ( -290.1604015055182231, 805.0000000000001137, 1.637864100023814773 ) ) ;
#273 = CARTESIAN_POINT ( 'NONE',  ( -228.0312667605295474, 805.0000000000001137, 14.40911640752381295 ) ) ;
#274 = ORIENTED_EDGE ( 'NONE', *, *, #580, .F. ) ;
#275 = CARTESIAN_POINT ( 'NONE',  ( -109.7378762676476498, 805.0000000000001137, 91.59481740374727110 ) ) ;
#276 = AXIS2_PLACEMENT_3D ( 'NONE', #574, #2827, #4113 ) ;
#277 = LINE ( 'NONE', #1237, #147 ) ;
#278 = DIRECTION ( 'NONE',  ( 0.000000000000000000, 0.000000000000000000, -1.000000000000000000 ) ) ;
#279 = EDGE_CURVE ( 'NONE', #4073, #3573, #277, .T. ) ;
#280 = ORIENTED_EDGE ( 'NONE', *, *, #2070, .T. ) ;
#281 = DIRECTION ( 'NONE',  ( 0.000000000000000000, -1.000000000000000000, 0.000000000000000000 ) ) ;
#282 = ORIENTED_EDGE ( 'NONE', *, *, #2191, .F. ) ;
#283 = LINE ( 'NONE', #3793, #3674 ) ;
#284 = DIRECTION ( 'NONE',  ( -0.7248872777926385069, 0.000000000000000000, 0.6888675014067496827 ) ) ;
#285 = VECTOR ( 'NONE', #499, 1000.000000000000000 ) ;
#286 = VERTEX_POINT ( 'NONE', #80 ) ;
#287 = VECTOR ( 'NONE', #3216, 1000.000000000000000 ) ;
#288 = DIRECTION ( 'NONE',  ( 0.7248872777926381739, 0.000000000000000000, -0.6888675014067500157 ) ) ;
#289 = EDGE_CURVE ( 'NONE', #3221, #2928, #1390, .T. ) ;
#290 = ORIENTED_EDGE ( 'NONE', *, *, #3106, .F. ) ;
#291 = CARTESIAN_POINT ( 'NONE',  ( -237.8803495755753659, 800.0000000000001137, 13.20663139703280642 ) ) ;
#292 = PLANE ( 'NONE',  #784 ) ;
#293 = VERTEX_POINT ( 'NONE', #1625 ) ;
#294 = CARTESIAN_POINT ( 'NONE',  ( -266.3727187654359341, 805.0000000000001137, 3.583167371675653801 ) ) ;
#295 = CARTESIAN_POINT ( 'NONE',  ( -148.7718042799496061, 805.0000000000001137, 11.08556981307087774 ) ) ;
#296 = EDGE_CURVE ( 'NONE', #2736, #115, #2940, .T. ) ;
#297 = VERTEX_POINT ( 'NONE', #2644 ) ;
#298 = FACE_BOUND ( 'NONE', #3034, .T. ) ;
#299 = CARTESIAN_POINT ( 'NONE',  ( -248.5104516239167936, 805.0000000000001137, 10.00099284819185108 ) ) ;
#300 = CARTESIAN_POINT ( 'NONE',  ( -189.8871197409697800, 805.0000000000001137, 9.390855830577100605 ) ) ;
#301 = VECTOR ( 'NONE', #2240, 1000.000000000000000 ) ;
#302 = ORIENTED_EDGE ( 'NONE', *, *, #1570, .F. ) ;
#303 = DIRECTION ( 'NONE',  ( -0.7248872777926388400, 0.000000000000000000, 0.6888675014067493496 ) ) ;
#304 = FACE_OUTER_BOUND ( 'NONE', #1466, .T. ) ;
#305 = DIRECTION ( 'NONE',  ( -0.000000000000000000, 1.000000000000000000, -0.000000000000000000 ) ) ;
#306 = ADVANCED_FACE ( 'NONE', ( #2315 ), #711, .F. ) ;
#307 = COLOUR_RGB ( '',0.7921568627450980005, 0.8196078431372548767, 0.9333333333333333481 ) ;
#308 = CARTESIAN_POINT ( 'NONE',  ( -165.8831520765355094, 804.0000000000001137, 24.32831145581577204 ) ) ;
#309 = EDGE_CURVE ( 'NONE', #1142, #4002, #373, .T. ) ;
#310 = EDGE_CURVE ( 'NONE', #3043, #748, #851, .T. ) ;
#311 = VERTEX_POINT ( 'NONE', #1335 ) ;
#312 = CARTESIAN_POINT ( 'NONE',  ( -252.4608865940129476, 804.0000000000001137, 7.408327906442551125 ) ) ;
#313 = DIRECTION ( 'NONE',  ( -0.8513302070673183231, 0.000000000000000000, 0.5246302302905513359 ) ) ;
#314 = ORIENTED_EDGE ( 'NONE', *, *, #3666, .F. ) ;
#315 = DIRECTION ( 'NONE',  ( -0.02688405537825784911, 0.000000000000000000, -0.9996385584632171417 ) ) ;
#316 = CARTESIAN_POINT ( 'NONE',  ( -178.1626288332113006, 804.0000000000001137, 22.83150142085048273 ) ) ;
#317 = ORIENTED_EDGE ( 'NONE', *, *, #426, .T. ) ;
#318 = FACE_BOUND ( 'NONE', #1136, .T. ) ;
#319 = DIRECTION ( 'NONE',  ( -0.000000000000000000, 1.000000000000000000, -0.000000000000000000 ) ) ;
#320 = DIRECTION ( 'NONE',  ( -0.6888675014067497937, -0.000000000000000000, -0.7248872777926382849 ) ) ;
#321 = VECTOR ( 'NONE', #1303, 1000.000000000000000 ) ;
#322 = ORIENTED_EDGE ( 'NONE', *, *, #3676, .F. ) ;
#323 = DIRECTION ( 'NONE',  ( 0.7248872777926378408, 0.000000000000000000, -0.6888675014067503488 ) ) ;
#324 = CIRCLE ( 'NONE', #857, 9.999999999999991118 ) ;
#325 = VERTEX_POINT ( 'NONE', #412 ) ;
#326 = LINE ( 'NONE', #47, #3831 ) ;
#327 = VECTOR ( 'NONE', #124, 1000.000000000000114 ) ;
#328 = CARTESIAN_POINT ( 'NONE',  ( -238.9655282012697342, 805.0000000000001137, 7.750171942798270486 ) ) ;
#329 = ORIENTED_EDGE ( 'NONE', *, *, #3504, .F. ) ;
#330 = DIRECTION ( 'NONE',  ( -0.000000000000000000, -1.000000000000000000, -0.000000000000000000 ) ) ;
#331 = ORIENTED_EDGE ( 'NONE', *, *, #2871, .T. ) ;
#332 = CARTESIAN_POINT ( 'NONE',  ( -178.2930354147679282, 804.0000000000001137, 9.547694018432261842 ) ) ;
#333 = DIRECTION ( 'NONE',  ( 0.000000000000000000, 0.000000000000000000, -1.000000000000000000 ) ) ;
#334 = ORIENTED_EDGE ( 'NONE', *, *, #2754, .T. ) ;
#335 = FACE_BOUND ( 'NONE', #1776, .T. ) ;
#336 = DIRECTION ( 'NONE',  ( 0.6888675014067500157, 0.000000000000000000, 0.7248872777926381739 ) ) ;
#337 = DIRECTION ( 'NONE',  ( -0.000000000000000000, 1.000000000000000000, -0.000000000000000000 ) ) ;
#338 = ADVANCED_FACE ( 'NONE', ( #2296 ), #985, .F. ) ;
#339 = ORIENTED_EDGE ( 'NONE', *, *, #2734, .T. ) ;
#340 = CARTESIAN_POINT ( 'NONE',  ( -123.0258495498963782, 805.0000000000002274, 8.956862106542860857 ) ) ;
#341 = EDGE_CURVE ( 'NONE', #1406, #2094, #3570, .T. ) ;
#342 = ADVANCED_FACE ( 'NONE', ( #3256 ), #2417, .F. ) ;
#343 = ORIENTED_EDGE ( 'NONE', *, *, #2554, .T. ) ;
#344 = LINE ( 'NONE', #3520, #1006 ) ;
#345 = ORIENTED_EDGE ( 'NONE', *, *, #2926, .F. ) ;
#346 = CARTESIAN_POINT ( 'NONE',  ( -260.8337779111520831, 799.9999920000000202, 6.940564282634058557 ) ) ;
#347 = ORIENTED_EDGE ( 'NONE', *, *, #1091, .F. ) ;
#348 = VERTEX_POINT ( 'NONE', #2000 ) ;
#349 = EDGE_CURVE ( 'NONE', #4123, #2339, #1665, .T. ) ;
#350 = CARTESIAN_POINT ( 'NONE',  ( -176.9634105113533451, 804.0000000000001137, 22.91643466139867513 ) ) ;
#351 = CARTESIAN_POINT ( 'NONE',  ( -228.9787319495090969, 804.0000000000001137, 8.123221266307991684 ) ) ;
#352 = PLANE ( 'NONE',  #1613 ) ;
#353 = ORIENTED_EDGE ( 'NONE', *, *, #3259, .F. ) ;
#354 = DIRECTION ( 'NONE',  ( -0.000000000000000000, 1.000000000000000000, -0.000000000000000000 ) ) ;
#355 = VECTOR ( 'NONE', #1532, 1000.000000000000114 ) ;
#356 = CARTESIAN_POINT ( 'NONE',  ( -214.9781978809721181, 805.0000000000001137, 8.554600481504834875 ) ) ;
#357 = DIRECTION ( 'NONE',  ( -0.02646596929541218668, -0.000000000000000000, -0.9996497148847962588 ) ) ;
#358 = ORIENTED_EDGE ( 'NONE', *, *, #3859, .T. ) ;
#359 = CARTESIAN_POINT ( 'NONE',  ( -116.6994142980007467, 805.0000000000002274, 8.683379740354212117 ) ) ;
#360 = EDGE_CURVE ( 'NONE', #1187, #3210, #2275, .T. ) ;
#361 = CARTESIAN_POINT ( 'NONE',  ( -222.1350811781414052, 804.0000000000000000, 15.57443279519618073 ) ) ;
#362 = CARTESIAN_POINT ( 'NONE',  ( -253.3352003232435834, 805.0000000000001137, 8.886827556359119029 ) ) ;
#363 = VECTOR ( 'NONE', #1106, 1000.000000000000000 ) ;
#364 = ORIENTED_EDGE ( 'NONE', *, *, #2270, .F. ) ;
#365 = CARTESIAN_POINT ( 'NONE',  ( -295.2192840322443317, 805.0000000000001137, 1.574556936932530737 ) ) ;
#366 = ORIENTED_EDGE ( 'NONE', *, *, #4058, .T. ) ;
#367 = EDGE_CURVE ( 'NONE', #2036, #3573, #1024, .T. ) ;
#368 = CARTESIAN_POINT ( 'NONE',  ( -194.9083746375344788, 805.0000000000003411, 9.302397801995841320 ) ) ;
#369 = CARTESIAN_POINT ( 'NONE',  ( -122.1786715887304240, 800.0000000000001137, 8.123971859965809728 ) ) ;
#370 = FACE_OUTER_BOUND ( 'NONE', #2229, .T. ) ;
#371 = EDGE_LOOP ( 'NONE', ( #3067, #3022, #2156, #2999 ) ) ;
#372 = CARTESIAN_POINT ( 'NONE',  ( -274.1238790097730771, 799.9999920000000202, 2.239275516227480889 ) ) ;
#373 = LINE ( 'NONE', #1645, #2816 ) ;
#374 = PLANE ( 'NONE',  #2751 ) ;
#375 = LINE ( 'NONE', #3200, #2891 ) ;
#376 = VECTOR ( 'NONE', #1307, 1000.000000000000000 ) ;
#377 = ORIENTED_EDGE ( 'NONE', *, *, #3923, .F. ) ;
#378 = DIRECTION ( 'NONE',  ( -0.7175009216675536372, 0.000000000000000000, 0.6965575549846626524 ) ) ;
#379 = VECTOR ( 'NONE', #1365, 1000.000000000000000 ) ;
#380 = FACE_OUTER_BOUND ( 'NONE', #3444, .T. ) ;
#381 = ORIENTED_EDGE ( 'NONE', *, *, #604, .F. ) ;
#382 = DIRECTION ( 'NONE',  ( 0.000000000000000000, 0.000000000000000000, 1.000000000000000000 ) ) ;
#383 = VECTOR ( 'NONE', #2215, 1000.000000000000000 ) ;
#384 = VECTOR ( 'NONE', #3408, 1000.000000000000000 ) ;
#385 = VECTOR ( 'NONE', #3317, 1000.000000000000000 ) ;
#386 = CARTESIAN_POINT ( 'NONE',  ( -49.20153583356039206, 805.0000000000001137, -51.77420520022902650 ) ) ;
#387 = VERTEX_POINT ( 'NONE', #3383 ) ;
#388 = ADVANCED_FACE ( 'NONE', ( #1457 ), #1149, .F. ) ;
#389 = CARTESIAN_POINT ( 'NONE',  ( -238.2652901195033621, 799.9999999999992042, 8.067388918634684103 ) ) ;
#390 = CARTESIAN_POINT ( 'NONE',  ( -251.1237328128931381, 800.0000000000001137, 7.476682415742273768 ) ) ;
#391 = DIRECTION ( 'NONE',  ( -0.6888675014067497937, -0.000000000000000000, -0.7248872777926383959 ) ) ;
#392 = ORIENTED_EDGE ( 'NONE', *, *, #3922, .F. ) ;
#393 = CARTESIAN_POINT ( 'NONE',  ( -248.5104516239174757, 800.0000000000001137, 10.00099284819229695 ) ) ;
#394 = CARTESIAN_POINT ( 'NONE',  ( -260.7875091720493401, 805.0000000000003411, 7.103832978772138596 ) ) ;
#395 = CARTESIAN_POINT ( 'NONE',  ( -192.5000000000002274, 800.0000000000001137, 15.15093237103806700 ) ) ;
#396 = CARTESIAN_POINT ( 'NONE',  ( -221.8295757527612295, 804.0000000000001137, 15.06553218126492055 ) ) ;
#397 = EDGE_CURVE ( 'NONE', #1208, #2928, #2393, .T. ) ;
#398 = ORIENTED_EDGE ( 'NONE', *, *, #2191, .T. ) ;
#399 = DIRECTION ( 'NONE',  ( 0.6965575549846625414, 0.000000000000000000, 0.7175009216675535262 ) ) ;
#400 = EDGE_CURVE ( 'NONE', #2970, #3038, #686, .T. ) ;
#401 = CARTESIAN_POINT ( 'NONE',  ( -150.2687402496345612, 804.0000000000001137, 9.575102033794678391 ) ) ;
#402 = ORIENTED_EDGE ( 'NONE', *, *, #547, .T. ) ;
#403 = CARTESIAN_POINT ( 'NONE',  ( -192.5000000000002274, 800.0000000000001137, 15.15093237103806700 ) ) ;
#404 = EDGE_CURVE ( 'NONE', #2243, #1398, #3024, .T. ) ;
#405 = CARTESIAN_POINT ( 'NONE',  ( -189.7936300697764409, 800.0000000000001137, 21.18474622708733079 ) ) ;
#406 = ORIENTED_EDGE ( 'NONE', *, *, #1502, .F. ) ;
#407 = LINE ( 'NONE', #1329, #930 ) ;
#408 = CARTESIAN_POINT ( 'NONE',  ( -252.2572995699170519, 800.0000000000001137, 6.637396135036491174 ) ) ;
#409 = CARTESIAN_POINT ( 'NONE',  ( -256.0688354234273447, 804.0000000000001137, 7.579508173038143504 ) ) ;
#410 = EDGE_LOOP ( 'NONE', ( #4030, #3727 ) ) ;
#411 = CARTESIAN_POINT ( 'NONE',  ( -290.3163669971461900, 799.9999920000000202, 0.8276152839011832185 ) ) ;
#412 = CARTESIAN_POINT ( 'NONE',  ( -178.2930354147679282, 804.0000000000001137, 9.547694018432261842 ) ) ;
#413 = LINE ( 'NONE', #2628, #2821 ) ;
#414 = CARTESIAN_POINT ( 'NONE',  ( -117.5244860867506134, 804.0000000000001137, 111.6846736932957498 ) ) ;
#415 = VECTOR ( 'NONE', #391, 1000.000000000000000 ) ;
#416 = EDGE_LOOP ( 'NONE', ( #2013, #3006, #668, #3930 ) ) ;
#417 = CARTESIAN_POINT ( 'NONE',  ( -195.0463868102661422, 805.0000000000001137, 9.299804570418556793 ) ) ;
#418 = CARTESIAN_POINT ( 'NONE',  ( -292.2377533026771061, 805.0000000000001137, 1.650914772662632979 ) ) ;
#419 = ORIENTED_EDGE ( 'NONE', *, *, #1411, .F. ) ;
#420 = AXIS2_PLACEMENT_3D ( 'NONE', #682, #3815, #3206 ) ;
#421 = DIRECTION ( 'NONE',  ( -0.6888675014067512370, -0.000000000000000000, -0.7248872777926368416 ) ) ;
#422 = CARTESIAN_POINT ( 'NONE',  ( -117.3872845654307042, 800.0000000000001137, 27.32359723883179825 ) ) ;
#423 = VECTOR ( 'NONE', #3205, 999.9999999999998863 ) ;
#424 = VERTEX_POINT ( 'NONE', #544 ) ;
#425 = CARTESIAN_POINT ( 'NONE',  ( -199.8794144029798190, 805.0000000000002274, 9.209109431590469796 ) ) ;
#426 = EDGE_CURVE ( 'NONE', #2759, #3434, #520, .T. ) ;
#427 = CARTESIAN_POINT ( 'NONE',  ( -102.2995470815227037, 804.0000000000001137, 21.28692364242536073 ) ) ;
#428 = CARTESIAN_POINT ( 'NONE',  ( -248.1322003304342729, 805.0000000000001137, 10.08715061567863280 ) ) ;
#429 = ORIENTED_EDGE ( 'NONE', *, *, #3245, .T. ) ;
#430 = DIRECTION ( 'NONE',  ( -0.009894637397860174891, 0.000000000000000000, 0.9999510468771782845 ) ) ;
#431 = CARTESIAN_POINT ( 'NONE',  ( -237.9153930459915784, 805.0000000000003411, 12.36233482739456591 ) ) ;
#432 = DIRECTION ( 'NONE',  ( 0.02646596929541218668, 0.000000000000000000, 0.9996497148847962588 ) ) ;
#433 = CIRCLE ( 'NONE', #644, 0.5999999999999928724 ) ;
#434 = PLANE ( 'NONE',  #3795 ) ;
#435 = EDGE_LOOP ( 'NONE', ( #3243, #1745, #2718, #3568 ) ) ;
#436 = ORIENTED_EDGE ( 'NONE', *, *, #2054, .F. ) ;
#437 = LINE ( 'NONE', #2649, #781 ) ;
#438 = CARTESIAN_POINT ( 'NONE',  ( -290.1850476729546244, 805.0000000000001137, 2.279926096537435498 ) ) ;
#439 = EDGE_LOOP ( 'NONE', ( #1659, #983, #290, #1203 ) ) ;
#440 = CARTESIAN_POINT ( 'NONE',  ( -292.2377533026771061, 805.0000000000001137, 1.650914772662632979 ) ) ;
#441 = VECTOR ( 'NONE', #127, 1000.000000000000000 ) ;
#442 = CARTESIAN_POINT ( 'NONE',  ( -130.8533786264967773, 800.0000000000001137, 27.04426762654682648 ) ) ;
#443 = ORIENTED_EDGE ( 'NONE', *, *, #1143, .F. ) ;
#444 = AXIS2_PLACEMENT_3D ( 'NONE', #611, #3782, #1234 ) ;
#445 = EDGE_CURVE ( 'NONE', #1998, #424, #1104, .T. ) ;
#446 = EDGE_CURVE ( 'NONE', #463, #3573, #1598, .T. ) ;
#447 = CARTESIAN_POINT ( 'NONE',  ( -290.3110310810180863, 799.9999920000000202, 3.099905874896820901 ) ) ;
#448 = LINE ( 'NONE', #3335, #3641 ) ;
#449 = CARTESIAN_POINT ( 'NONE',  ( -205.3602212599696202, 804.0000000000001137, 18.09482247956828971 ) ) ;
#450 = ORIENTED_EDGE ( 'NONE', *, *, #1338, .F. ) ;
#451 = CARTESIAN_POINT ( 'NONE',  ( -274.7847390683606932, 805.0000000000001137, 7.475225214956167541 ) ) ;
#452 = LINE ( 'NONE', #1728, #1851 ) ;
#453 = CARTESIAN_POINT ( 'NONE',  ( -149.9733316264472194, 804.0000000000001137, 10.94980211331408881 ) ) ;
#454 = AXIS2_PLACEMENT_3D ( 'NONE', #1879, #2812, #3527 ) ;
#455 = CARTESIAN_POINT ( 'NONE',  ( -165.8831520765355094, 804.0000000000001137, 24.32831145581577204 ) ) ;
#456 = ORIENTED_EDGE ( 'NONE', *, *, #66, .T. ) ;
#457 = ORIENTED_EDGE ( 'NONE', *, *, #2986, .T. ) ;
#458 = LINE ( 'NONE', #2006, #2580 ) ;
#459 = B_SPLINE_CURVE_WITH_KNOTS ( 'NONE', 3,
 ( #3081, #222, #1489, #558 ),
 .UNSPECIFIED., .F., .F.,
 ( 4, 4 ),
 ( 0.7338661583722677628, 0.7561382821082465178 ),
 .UNSPECIFIED. ) ;
#460 = EDGE_CURVE ( 'NONE', #1547, #2169, #1771, .T. ) ;
#461 = DIRECTION ( 'NONE',  ( 0.001877162694616514409, 0.000000000000000000, -0.9999982381285568156 ) ) ;
#462 = EDGE_CURVE ( 'NONE', #2947, #1007, #1414, .T. ) ;
#463 = VERTEX_POINT ( 'NONE', #3045 ) ;
#464 = FACE_OUTER_BOUND ( 'NONE', #3381, .T. ) ;
#465 = EDGE_CURVE ( 'NONE', #2560, #1418, #1546, .T. ) ;
#466 = CARTESIAN_POINT ( 'NONE',  ( -113.0233135672802547, 800.0000000000001137, 27.31498970425841577 ) ) ;
#467 = AXIS2_PLACEMENT_3D ( 'NONE', #1200, #239, #2469 ) ;
#468 = ORIENTED_EDGE ( 'NONE', *, *, #936, .F. ) ;
#469 = EDGE_LOOP ( 'NONE', ( #612, #155, #2478, #823 ) ) ;
#470 = CARTESIAN_POINT ( 'NONE',  ( -113.3033073901014376, 805.0000000000001137, 7.716868825675743615 ) ) ;
#471 = PLANE ( 'NONE',  #1305 ) ;
#472 = CARTESIAN_POINT ( 'NONE',  ( -228.1328149181576350, 804.0000000000001137, 8.432706753226261398 ) ) ;
#473 = ORIENTED_EDGE ( 'NONE', *, *, #650, .T. ) ;
#474 = CARTESIAN_POINT ( 'NONE',  ( -300.0000000000000000, 805.0000000000001137, 0.000000000000000000 ) ) ;
#475 = DIRECTION ( 'NONE',  ( -0.6888675014067512370, -0.000000000000000000, -0.7248872777926368416 ) ) ;
#476 = DIRECTION ( 'NONE',  ( -0.000000000000000000, -1.000000000000000000, -0.000000000000000000 ) ) ;
#477 = FACE_OUTER_BOUND ( 'NONE', #1289, .T. ) ;
#478 = VERTEX_POINT ( 'NONE', #3650 ) ;
#479 = VERTEX_POINT ( 'NONE', #835 ) ;
#480 = CARTESIAN_POINT ( 'NONE',  ( -212.6868810263902674, 805.0000000000001137, 8.899423504603435120 ) ) ;
#481 = B_SPLINE_CURVE_WITH_KNOTS ( 'NONE', 3,
 ( #3597, #418, #438, #483, #1052, #2067, #1755, #2653, #1988 ),
 .UNSPECIFIED., .F., .F.,
 ( 4, 1, 1, 1, 1, 1, 4 ),
 ( 0.008052357163076461627, 0.01180441452156668833, 0.01555647188005691330, 0.02306058659703736496, 0.03056470131401781837, 0.03431675867250804507, 0.03806881603099827177 ),
 .UNSPECIFIED. ) ;
#482 = VECTOR ( 'NONE', #1812, 1000.000000000000000 ) ;
#483 = CARTESIAN_POINT ( 'NONE',  ( -285.9904385892327809, 805.0000000000001137, 3.527721545625112753 ) ) ;
#484 = VECTOR ( 'NONE', #2297, 1000.000000000000114 ) ;
#485 = EDGE_CURVE ( 'NONE', #90, #2910, #3899, .T. ) ;
#486 = CARTESIAN_POINT ( 'NONE',  ( -113.8284090695291866, 800.0000000000001137, 28.12009005537209205 ) ) ;
#487 = EDGE_LOOP ( 'NONE', ( #2855, #3940, #3058, #1107, #568, #2503, #3633, #3420, #2064, #3834, #3410, #490, #2790, #13, #2527, #1765, #2436, #3955, #2994, #828, #3278, #280, #2118, #3944, #3395, #4132, #2683, #1902, #573, #74, #1608, #1798 ) ) ;
#488 = DIRECTION ( 'NONE',  ( 0.000000000000000000, 0.000000000000000000, 1.000000000000000000 ) ) ;
#489 = CARTESIAN_POINT ( 'NONE',  ( -222.5213143660650132, 805.0000000000001137, 15.49895004327216874 ) ) ;
#490 = ORIENTED_EDGE ( 'NONE', *, *, #485, .F. ) ;
#491 = AXIS2_PLACEMENT_3D ( 'NONE', #926, #336, #3825 ) ;
#492 = VERTEX_POINT ( 'NONE', #2662 ) ;
#493 = LINE ( 'NONE', #3334, #2887 ) ;
#494 = CARTESIAN_POINT ( 'NONE',  ( -172.8587101762493887, 805.0000000000001137, 24.44703151162762822 ) ) ;
#495 = CARTESIAN_POINT ( 'NONE',  ( -178.0452344410734042, 805.0000000000001137, 10.96763611671494942 ) ) ;
#496 = ADVANCED_FACE ( 'NONE', ( #3085 ), #2106, .F. ) ;
#497 = VERTEX_POINT ( 'NONE', #860 ) ;
#498 = DIRECTION ( 'NONE',  ( -0.000000000000000000, -1.000000000000000000, -0.000000000000000000 ) ) ;
#499 = DIRECTION ( 'NONE',  ( -0.000000000000000000, 1.000000000000000000, -0.000000000000000000 ) ) ;
#500 = CARTESIAN_POINT ( 'NONE',  ( -250.7667120139427368, 800.0000000000001137, 10.33830807117639772 ) ) ;
#501 = FACE_OUTER_BOUND ( 'NONE', #2690, .T. ) ;
#502 = ORIENTED_EDGE ( 'NONE', *, *, #3613, .T. ) ;
#503 = ORIENTED_EDGE ( 'NONE', *, *, #2799, .F. ) ;
#504 = CARTESIAN_POINT ( 'NONE',  ( -92.50000000000000000, 805.0000000000001137, 16.74722354252675771 ) ) ;
#505 = CARTESIAN_POINT ( 'NONE',  ( -242.5404671324269827, 804.0000000000003411, 11.33828084265113390 ) ) ;
#506 = ORIENTED_EDGE ( 'NONE', *, *, #2341, .F. ) ;
#507 = EDGE_LOOP ( 'NONE', ( #938, #3095, #3486, #783 ) ) ;
#508 = CARTESIAN_POINT ( 'NONE',  ( -176.6433472521857198, 804.0000000000001137, 9.564051733357914031 ) ) ;
#509 = CARTESIAN_POINT ( 'NONE',  ( -251.5473021275624319, 805.0000000000001137, 7.785039514128762050 ) ) ;
#510 = ORIENTED_EDGE ( 'NONE', *, *, #2489, .F. ) ;
#511 = ORIENTED_EDGE ( 'NONE', *, *, #1277, .T. ) ;
#512 = VECTOR ( 'NONE', #3284, 1000.000000000000000 ) ;
#513 = DIRECTION ( 'NONE',  ( 0.000000000000000000, 1.000000000000000000, 0.000000000000000000 ) ) ;
#514 = CARTESIAN_POINT ( 'NONE',  ( -219.6165091063904526, 805.0000000000001137, 16.96789906232488221 ) ) ;
#515 = EDGE_CURVE ( 'NONE', #1694, #2803, #1083, .T. ) ;
#516 = DIRECTION ( 'NONE',  ( 1.000000000000000000, 0.000000000000000000, 0.000000000000000000 ) ) ;
#517 = AXIS2_PLACEMENT_3D ( 'NONE', #240, #891, #2515 ) ;
#518 = ORIENTED_EDGE ( 'NONE', *, *, #907, .F. ) ;
#519 = CARTESIAN_POINT ( 'NONE',  ( -290.3110310811928798, 799.9999919999997928, 3.099905874843252640 ) ) ;
#520 = LINE ( 'NONE', #2749, #482 ) ;
#521 = CARTESIAN_POINT ( 'NONE',  ( -154.5807832906197916, 800.0000000000001137, 26.32937649834314442 ) ) ;
#522 = CARTESIAN_POINT ( 'NONE',  ( -214.5131865758441734, 804.0000000000000000, 8.849777944127486862 ) ) ;
#523 = VECTOR ( 'NONE', #2895, 1000.000000000000000 ) ;
#524 = ORIENTED_EDGE ( 'NONE', *, *, #1831, .T. ) ;
#525 = ORIENTED_EDGE ( 'NONE', *, *, #604, .T. ) ;
#526 = DIRECTION ( 'NONE',  ( 0.9978411957034449831, 0.000000000000000000, 0.06567303980416459852 ) ) ;
#527 = EDGE_CURVE ( 'NONE', #1398, #1998, #2038, .T. ) ;
#528 = CARTESIAN_POINT ( 'NONE',  ( -271.2861602198226478, 805.0000000000001137, 2.447696926311453858 ) ) ;
#529 = EDGE_CURVE ( 'NONE', #1343, #497, #452, .T. ) ;
#530 = VERTEX_POINT ( 'NONE', #3002 ) ;
#531 = EDGE_CURVE ( 'NONE', #586, #2928, #138, .T. ) ;
#532 = EDGE_CURVE ( 'NONE', #2792, #748, #3339, .T. ) ;
#533 = EDGE_LOOP ( 'NONE', ( #190, #302, #2747, #2114 ) ) ;
#534 = CARTESIAN_POINT ( 'NONE',  ( -228.9787319495090969, 805.0000000000001137, 8.123221266307991684 ) ) ;
#535 = CARTESIAN_POINT ( 'NONE',  ( -192.5000000000002274, 800.0000000000001137, 20.27593237103806345 ) ) ;
#536 = B_SPLINE_CURVE_WITH_KNOTS ( 'NONE', 3,
 ( #2590, #2276, #3516, #3868 ),
 .UNSPECIFIED., .F., .F.,
 ( 4, 4 ),
 ( 0.8580078726031707959, 0.8598309684919420715 ),
 .UNSPECIFIED. ) ;
#537 = ORIENTED_EDGE ( 'NONE', *, *, #803, .F. ) ;
#538 = EDGE_CURVE ( 'NONE', #1899, #2041, #1690, .T. ) ;
#539 = CARTESIAN_POINT ( 'NONE',  ( -277.4549981297886347, 799.9999920000000202, 6.762558882627204504 ) ) ;
#540 = PLANE ( 'NONE',  #3783 ) ;
#541 =( NAMED_UNIT ( * ) SI_UNIT ( $, .STERADIAN. ) SOLID_ANGLE_UNIT ( ) );
#542 = ORIENTED_EDGE ( 'NONE', *, *, #3052, .F. ) ;
#543 = CARTESIAN_POINT ( 'NONE',  ( -265.3338636067449556, 800.0000000000001137, 6.801727551363130786 ) ) ;
#544 = CARTESIAN_POINT ( 'NONE',  ( -112.6248457536031253, 805.0000000000001137, 12.37393250582480597 ) ) ;
#545 = CARTESIAN_POINT ( 'NONE',  ( -132.0558163129703644, 804.0000000000001137, 26.96303150527401016 ) ) ;
#546 = FACE_OUTER_BOUND ( 'NONE', #435, .T. ) ;
#547 = EDGE_CURVE ( 'NONE', #3212, #847, #3455, .T. ) ;
#548 = ORIENTED_EDGE ( 'NONE', *, *, #2675, .F. ) ;
#549 = CARTESIAN_POINT ( 'NONE',  ( -196.3571183543445215, 800.0000000000001137, 20.16374226176603202 ) ) ;
#550 = CARTESIAN_POINT ( 'NONE',  ( -242.9298313318373346, 805.0000000000001137, 11.25234309190398463 ) ) ;
#551 = ORIENTED_EDGE ( 'NONE', *, *, #1578, .T. ) ;
#552 = EDGE_CURVE ( 'NONE', #944, #1785, #2985, .T. ) ;
#553 = EDGE_LOOP ( 'NONE', ( #209, #3208, #1382, #3194 ) ) ;
#554 = CARTESIAN_POINT ( 'NONE',  ( -164.7877401601107863, 804.0000000000001137, 24.44922444936305084 ) ) ;
#555 = CARTESIAN_POINT ( 'NONE',  ( -164.3945647709204536, 805.0000000000001137, 9.632451632411738629 ) ) ;
#556 = VECTOR ( 'NONE', #2941, 1000.000000000000000 ) ;
#557 = ORIENTED_EDGE ( 'NONE', *, *, #1110, .T. ) ;
#558 = CARTESIAN_POINT ( 'NONE',  ( -148.5690912469677301, 805.0000000000001137, 9.556892805854925399 ) ) ;
#559 = B_SPLINE_CURVE_WITH_KNOTS ( 'NONE', 3,
 ( #3400, #4074, #1789, #2389, #873 ),
 .UNSPECIFIED., .F., .F.,
 ( 4, 1, 4 ),
 ( 0.7587236421685094045, 0.7612274788411785842, 0.7801910122754447396 ),
 .UNSPECIFIED. ) ;
#560 = CARTESIAN_POINT ( 'NONE',  ( -300.0000000000000000, 799.9999920000000202, -0.1621621621621254228 ) ) ;
#561 = EDGE_LOOP ( 'NONE', ( #2829, #1538, #2384, #909 ) ) ;
#562 = DIRECTION ( 'NONE',  ( 0.000000000000000000, 0.000000000000000000, -1.000000000000000000 ) ) ;
#563 = ORIENTED_EDGE ( 'NONE', *, *, #2282, .T. ) ;
#564 = LINE ( 'NONE', #1434, #1512 ) ;
#565 = VECTOR ( 'NONE', #3846, 1000.000000000000000 ) ;
#566 = CARTESIAN_POINT ( 'NONE',  ( -195.5153179788389366, 804.0000000000001137, 9.290924107538646837 ) ) ;
#567 = CARTESIAN_POINT ( 'NONE',  ( -128.1061509150808320, 800.0000000000001137, 27.97564465478143347 ) ) ;
#568 = ORIENTED_EDGE ( 'NONE', *, *, #4103, .T. ) ;
#569 = CARTESIAN_POINT ( 'NONE',  ( -206.6864969281539004, 805.0000000000001137, 9.056685826430586062 ) ) ;
#570 = FACE_OUTER_BOUND ( 'NONE', #2519, .T. ) ;
#571 = FACE_OUTER_BOUND ( 'NONE', #897, .T. ) ;
#572 = ORIENTED_EDGE ( 'NONE', *, *, #1889, .F. ) ;
#573 = ORIENTED_EDGE ( 'NONE', *, *, #217, .T. ) ;
#574 = CARTESIAN_POINT ( 'NONE',  ( -214.9781978809721181, 804.0000000000001137, 8.554600481504834875 ) ) ;
#575 = LINE ( 'NONE', #1244, #1651 ) ;
#576 = EDGE_LOOP ( 'NONE', ( #3875, #3760, #887, #2076 ) ) ;
#577 = CARTESIAN_POINT ( 'NONE',  ( -300.0000000000000000, 716.1111120000000483, -0.1621621621621254228 ) ) ;
#578 = AXIS2_PLACEMENT_3D ( 'NONE', #1534, #3169, #2517 ) ;
#579 = CARTESIAN_POINT ( 'NONE',  ( -176.8473984958616256, 804.0000000000001137, 11.19227220079777396 ) ) ;
#580 = EDGE_CURVE ( 'NONE', #691, #1027, #2355, .T. ) ;
#581 = ORIENTED_EDGE ( 'NONE', *, *, #2358, .F. ) ;
#582 = CARTESIAN_POINT ( 'NONE',  ( -221.3618791179135883, 805.0000000000001137, 15.72469533997178637 ) ) ;
#583 = VERTEX_POINT ( 'NONE', #1964 ) ;
#584 = EDGE_CURVE ( 'NONE', #1508, #3260, #2026, .T. ) ;
#585 = LINE ( 'NONE', #1880, #3921 ) ;
#586 = VERTEX_POINT ( 'NONE', #1341 ) ;
#587 = DIRECTION ( 'NONE',  ( -0.7248872777925964295, 0.000000000000000000, 0.6888675014067938696 ) ) ;
#588 = VECTOR ( 'NONE', #2691, 1000.000000000000000 ) ;
#589 = CARTESIAN_POINT ( 'NONE',  ( -270.6058122691740664, 799.9999920000000202, 7.731282320555687093 ) ) ;
#590 = ORIENTED_EDGE ( 'NONE', *, *, #3735, .T. ) ;
#591 = CARTESIAN_POINT ( 'NONE',  ( -245.5029835924179622, 805.0000000000001137, 8.073649514971068086 ) ) ;
#592 = DIRECTION ( 'NONE',  ( 0.000000000000000000, 1.000000000000000000, 0.000000000000000000 ) ) ;
#593 = VECTOR ( 'NONE', #3046, 1000.000000000000114 ) ;
#594 = CARTESIAN_POINT ( 'NONE',  ( -297.6853304518525078, 805.0000000000001137, 0.07763497805441094135 ) ) ;
#595 = AXIS2_PLACEMENT_3D ( 'NONE', #2087, #587, #1496 ) ;
#596 = ORIENTED_EDGE ( 'NONE', *, *, #1718, .F. ) ;
#597 = DIRECTION ( 'NONE',  ( 0.9996385584632171417, 0.000000000000000000, -0.02688405537825763400 ) ) ;
#598 = DIRECTION ( 'NONE',  ( -0.6888675014067527913, -0.000000000000000000, -0.7248872777926355093 ) ) ;
#599 = CARTESIAN_POINT ( 'NONE',  ( -114.4461369841751264, 805.0000000000001137, 8.572950441632642082 ) ) ;
#600 = AXIS2_PLACEMENT_3D ( 'NONE', #970, #1628, #323 ) ;
#601 = EDGE_CURVE ( 'NONE', #2487, #1371, #1735, .T. ) ;
#602 = CARTESIAN_POINT ( 'NONE',  ( -234.4537921693520843, 805.0000000000001137, 13.07848260166416843 ) ) ;
#603 = ORIENTED_EDGE ( 'NONE', *, *, #529, .T. ) ;
#604 = EDGE_CURVE ( 'NONE', #228, #796, #3323, .T. ) ;
#605 = CARTESIAN_POINT ( 'NONE',  ( -274.6155771348952044, 799.9999920000000202, 2.997052627295858418 ) ) ;
#606 = ORIENTED_EDGE ( 'NONE', *, *, #2179, .T. ) ;
#607 = CARTESIAN_POINT ( 'NONE',  ( -190.2701010556688175, 804.0000000000001137, 21.06981534826184443 ) ) ;
#608 = FACE_BOUND ( 'NONE', #247, .T. ) ;
#609 = VERTEX_POINT ( 'NONE', #108 ) ;
#610 = CARTESIAN_POINT ( 'NONE',  ( -266.3727187654359909, 805.0000000000001137, 3.583167371675653801 ) ) ;
#611 = CARTESIAN_POINT ( 'NONE',  ( -192.5000000000002274, 800.0000000000001137, 15.15093237103806700 ) ) ;
#612 = ORIENTED_EDGE ( 'NONE', *, *, #341, .T. ) ;
#613 = DIRECTION ( 'NONE',  ( -0.6407894207433059153, -0.000000000000000000, -0.7677166914060541414 ) ) ;
#614 = EDGE_CURVE ( 'NONE', #2018, #3707, #1419, .T. ) ;
#615 = AXIS2_PLACEMENT_3D ( 'NONE', #4047, #1160, #2426 ) ;
#616 = DIRECTION ( 'NONE',  ( -0.7248872777926401723, 0.000000000000000000, 0.6888675014067479063 ) ) ;
#617 = PLANE ( 'NONE',  #3094 ) ;
#618 = ORIENTED_EDGE ( 'NONE', *, *, #889, .T. ) ;
#619 = CARTESIAN_POINT ( 'NONE',  ( -116.6994142980007467, 800.0000000000000000, 8.683379740354212117 ) ) ;
#620 = CARTESIAN_POINT ( 'NONE',  ( -222.5213143660649848, 804.0000000000001137, 15.49895004327217585 ) ) ;
#621 = CARTESIAN_POINT ( 'NONE',  ( -149.8130695285133811, 805.0000000000001137, 25.87183340821861322 ) ) ;
#622 = EDGE_CURVE ( 'NONE', #3561, #2448, #776, .T. ) ;
#623 = LINE ( 'NONE', #2206, #991 ) ;
#624 = VECTOR ( 'NONE', #2022, 1000.000000000000000 ) ;
#625 = DIRECTION ( 'NONE',  ( -0.1609050596807223288, 0.000000000000000000, 0.9869698889880801351 ) ) ;
#626 = ORIENTED_EDGE ( 'NONE', *, *, #584, .F. ) ;
#627 = CARTESIAN_POINT ( 'NONE',  ( -176.8473984958616256, 804.0000000000001137, 11.19227220079777396 ) ) ;
#628 = CARTESIAN_POINT ( 'NONE',  ( -257.1713895207026894, 805.0000000000001137, 7.153931681131421527 ) ) ;
#629 = ORIENTED_EDGE ( 'NONE', *, *, #30, .T. ) ;
#630 = CARTESIAN_POINT ( 'NONE',  ( -269.9384435895149750, 799.9999920000000202, 3.340010526439053606 ) ) ;
#631 = EDGE_CURVE ( 'NONE', #1461, #2243, #437, .T. ) ;
#632 = CARTESIAN_POINT ( 'NONE',  ( -112.2016622867483733, 805.0000000000004547, 28.10930200688541802 ) ) ;
#633 = VERTEX_POINT ( 'NONE', #3556 ) ;
#634 = DIRECTION ( 'NONE',  ( -0.000000000000000000, 1.000000000000000000, -0.000000000000000000 ) ) ;
#635 = VECTOR ( 'NONE', #3431, 1000.000000000000000 ) ;
#636 = DIRECTION ( 'NONE',  ( 0.000000000000000000, 0.000000000000000000, -1.000000000000000000 ) ) ;
#637 = LINE ( 'NONE', #3787, #2492 ) ;
#638 = B_SPLINE_SURFACE_WITH_KNOTS ( 'NONE', 3, 1, ( 
 ( #653, #2603 ),
 ( #1976, #1922 ),
 ( #3566, #1369 ),
 ( #408, #3231 ),
 ( #2936, #2878 ),
 ( #1680, #3587 ),
 ( #981, #76 ),
 ( #2958, #1601 ),
 ( #1938, #728 ),
 ( #1291, #3548 ),
 ( #369, #999 ),
 ( #3531, #98 ),
 ( #3841, #3863 ),
 ( #689, #706 ) ),
 .UNSPECIFIED., .F., .F., .F.,
 ( 4, 1, 1, 1, 1, 1, 1, 1, 1, 1, 1, 4 ),
 ( 2, 2 ),
 ( 0.000000000000000000, 0.005151917329163646642, 0.02000869073511579721, 0.04061636005171420649, 0.06122402936831261577, 0.1024393680015093233, 0.1436547066347060309, 0.1848700452679028494, 0.2054777145845012587, 0.2260853839010996680, 0.2338268493149046057, 0.2364028079794824322 ),
 ( 0.000000000000000000, 1.000000000000000000 ),
 .UNSPECIFIED. ) ;
#639 = CIRCLE ( 'NONE', #2627, 0.6000000000000276223 ) ;
#640 = VERTEX_POINT ( 'NONE', #3596 ) ;
#641 = DIRECTION ( 'NONE',  ( -0.000000000000000000, -1.000000000000000000, -0.000000000000000000 ) ) ;
#642 = CARTESIAN_POINT ( 'NONE',  ( -164.2408507514722658, 804.0000000000001137, 24.50836570409218851 ) ) ;
#643 = LINE ( 'NONE', #1593, #1533 ) ;
#644 = AXIS2_PLACEMENT_3D ( 'NONE', #1493, #498, #3044 ) ;
#645 = CARTESIAN_POINT ( 'NONE',  ( -260.7629341024527889, 800.0000000000001137, 6.944829825261215284 ) ) ;
#646 = VERTEX_POINT ( 'NONE', #86 ) ;
#647 = CARTESIAN_POINT ( 'NONE',  ( -141.1614346981550625, 800.0000000000001137, 27.35412429335869788 ) ) ;
#648 = ORIENTED_EDGE ( 'NONE', *, *, #683, .F. ) ;
#649 = CARTESIAN_POINT ( 'NONE',  ( -290.1604015055182231, 805.0000000000001137, 1.637864100023814773 ) ) ;
#650 = EDGE_CURVE ( 'NONE', #530, #3967, #2337, .T. ) ;
#651 = EDGE_CURVE ( 'NONE', #4034, #2593, #458, .T. ) ;
#652 = B_SPLINE_CURVE_WITH_KNOTS ( 'NONE', 3,
 ( #3279, #755, #417, #1650 ),
 .UNSPECIFIED., .F., .F.,
 ( 4, 4 ),
 ( 0.8266341156869883022, 0.8269501858923770099 ),
 .UNSPECIFIED. ) ;
#653 = CARTESIAN_POINT ( 'NONE',  ( -265.7189512413809211, 800.0000000000001137, 5.831332410556393064 ) ) ;
#654 = VERTEX_POINT ( 'NONE', #146 ) ;
#655 = CARTESIAN_POINT ( 'NONE',  ( -116.9445762645164848, 804.0000000000001137, 111.1335796921702723 ) ) ;
#656 = CARTESIAN_POINT ( 'NONE',  ( -248.4092376083339389, 716.1111120000000483, -62.58141432606363708 ) ) ;
#657 = DIRECTION ( 'NONE',  ( 0.02688405537843112370, 0.000000000000000000, 0.9996385584632124788 ) ) ;
#658 = ORIENTED_EDGE ( 'NONE', *, *, #19, .F. ) ;
#659 = CARTESIAN_POINT ( 'NONE',  ( -171.0363900829410113, 805.0000000000002274, 9.645892564013939463 ) ) ;
#660 = AXIS2_PLACEMENT_3D ( 'NONE', #2429, #2139, #219 ) ;
#661 = CARTESIAN_POINT ( 'NONE',  ( -246.4103591120961596, 800.0000000000001137, 7.704962952225635320 ) ) ;
#662 = ADVANCED_FACE ( 'NONE', ( #1008 ), #3261, .T. ) ;
#663 = CARTESIAN_POINT ( 'NONE',  ( -240.4624955004808839, 800.0000000000001137, 7.187158872640684315 ) ) ;
#664 = EDGE_CURVE ( 'NONE', #2869, #2125, #2538, .T. ) ;
#665 = ORIENTED_EDGE ( 'NONE', *, *, #3093, .T. ) ;
#666 = CIRCLE ( 'NONE', #2988, 6.324999999999983302 ) ;
#667 = CARTESIAN_POINT ( 'NONE',  ( -274.7847390678884949, 805.0000000000001137, 7.475225215082193841 ) ) ;
#668 = ORIENTED_EDGE ( 'NONE', *, *, #1381, .T. ) ;
#669 = CARTESIAN_POINT ( 'NONE',  ( -133.7537577297727012, 804.0000000000001137, 26.88888592144400747 ) ) ;
#670 = ORIENTED_EDGE ( 'NONE', *, *, #1394, .T. ) ;
#671 = DIRECTION ( 'NONE',  ( -0.02646596929541218668, -0.000000000000000000, -0.9996497148847962588 ) ) ;
#672 = CARTESIAN_POINT ( 'NONE',  ( -129.4660814831984226, 805.0000000000001137, 9.165747756566894111 ) ) ;
#673 = CARTESIAN_POINT ( 'NONE',  ( -228.7175928595009111, 804.0000000000001137, 8.978678089105073923 ) ) ;
#674 = ORIENTED_EDGE ( 'NONE', *, *, #51, .T. ) ;
#675 = DIRECTION ( 'NONE',  ( 0.6888675014067497937, 0.000000000000000000, 0.7248872777926383959 ) ) ;
#676 = CARTESIAN_POINT ( 'NONE',  ( -247.4112030334045471, 800.0000000000000000, 10.26930581630611883 ) ) ;
#677 = CARTESIAN_POINT ( 'NONE',  ( -132.2895928815849516, 805.0000000000001137, 26.91158335888606601 ) ) ;
#678 = EDGE_CURVE ( 'NONE', #2336, #3730, #652, .T. ) ;
#679 = ORIENTED_EDGE ( 'NONE', *, *, #3052, .T. ) ;
#680 = CARTESIAN_POINT ( 'NONE',  ( -151.9060143339745537, 805.0000000000002274, 9.644634931176614856 ) ) ;
#681 = ORIENTED_EDGE ( 'NONE', *, *, #2506, .F. ) ;
#682 = CARTESIAN_POINT ( 'NONE',  ( -192.5000000000002274, 800.0000000000001137, 15.15093237103806700 ) ) ;
#683 = EDGE_CURVE ( 'NONE', #2397, #198, #2945, .T. ) ;
#684 = ORIENTED_EDGE ( 'NONE', *, *, #772, .T. ) ;
#685 = DIRECTION ( 'NONE',  ( 0.000000000000000000, 1.000000000000000000, 0.000000000000000000 ) ) ;
#686 = CIRCLE ( 'NONE', #3553, 0.5999999999999928724 ) ;
#687 = VERTEX_POINT ( 'NONE', #3913 ) ;
#688 = DIRECTION ( 'NONE',  ( 0.9999510468771783955, 0.000000000000000000, 0.009894637397860178360 ) ) ;
#689 = CARTESIAN_POINT ( 'NONE',  ( -112.7508309264628537, 800.0000000000002274, 7.689384925053575515 ) ) ;
#690 = PLANE ( 'NONE',  #2284 ) ;
#691 = VERTEX_POINT ( 'NONE', #1048 ) ;
#692 = CARTESIAN_POINT ( 'NONE',  ( -300.0000000000000000, 799.9999920000000202, -0.1621621621621254228 ) ) ;
#693 = DIRECTION ( 'NONE',  ( -0.000000000000000000, 1.000000000000000000, -0.000000000000000000 ) ) ;
#694 = CARTESIAN_POINT ( 'NONE',  ( -117.3872845654307042, 805.0000000000001137, 27.32359723883179825 ) ) ;
#695 = DIRECTION ( 'NONE',  ( -0.02688405537825763400, 0.000000000000000000, -0.9996385584632171417 ) ) ;
#696 = EDGE_LOOP ( 'NONE', ( #658, #2698, #1017, #2245 ) ) ;
#697 = DIRECTION ( 'NONE',  ( -0.000000000000000000, 1.000000000000000000, -0.000000000000000000 ) ) ;
#698 = CARTESIAN_POINT ( 'NONE',  ( -249.3248647807647558, 804.0000000000001137, 10.17348941216916636 ) ) ;
#699 = CARTESIAN_POINT ( 'NONE',  ( -150.8221721565745383, 800.0000000000001137, 8.847120223398674099 ) ) ;
#700 = EDGE_CURVE ( 'NONE', #640, #833, #1046, .T. ) ;
#701 = ORIENTED_EDGE ( 'NONE', *, *, #2537, .F. ) ;
#702 = CARTESIAN_POINT ( 'NONE',  ( -194.9083746375344788, 805.0000000000001137, 9.302397801995864413 ) ) ;
#703 = CYLINDRICAL_SURFACE ( 'NONE', #2641, 0.6000000000000224043 ) ;
#704 = ORIENTED_EDGE ( 'NONE', *, *, #3666, .T. ) ;
#705 = LINE ( 'NONE', #1059, #53 ) ;
#706 = CARTESIAN_POINT ( 'NONE',  ( -112.7508309264628537, 805.0000000000001137, 7.689384925053575515 ) ) ;
#707 = CARTESIAN_POINT ( 'NONE',  ( -165.5945624024670053, 800.0000000000001137, 9.630070904658040831 ) ) ;
#708 = ADVANCED_FACE ( 'NONE', ( #2111 ), #210, .T. ) ;
#709 = ORIENTED_EDGE ( 'NONE', *, *, #3106, .T. ) ;
#710 = LINE ( 'NONE', #393, #1910 ) ;
#711 = PLANE ( 'NONE',  #3685 ) ;
#712 = FACE_OUTER_BOUND ( 'NONE', #696, .T. ) ;
#713 = DIRECTION ( 'NONE',  ( 0.000000000000000000, 0.000000000000000000, 1.000000000000000000 ) ) ;
#714 = VECTOR ( 'NONE', #2700, 1000.000000000000000 ) ;
#715 = VERTEX_POINT ( 'NONE', #2090 ) ;
#716 = DIRECTION ( 'NONE',  ( -0.000000000000000000, -1.000000000000000000, -0.000000000000000000 ) ) ;
#717 = EDGE_CURVE ( 'NONE', #1437, #687, #4065, .T. ) ;
#718 = VECTOR ( 'NONE', #3857, 1000.000000000000000 ) ;
#719 = CARTESIAN_POINT ( 'NONE',  ( -122.1786715887304240, 800.0000000000001137, 8.123971859965809728 ) ) ;
#720 = ORIENTED_EDGE ( 'NONE', *, *, #1875, .F. ) ;
#721 = CARTESIAN_POINT ( 'NONE',  ( -264.1907845933577619, 799.9999920000000202, -17.38774865900553479 ) ) ;
#722 = EDGE_CURVE ( 'NONE', #4068, #2674, #3999, .T. ) ;
#723 = VECTOR ( 'NONE', #2274, 1000.000000000000000 ) ;
#724 = AXIS2_PLACEMENT_3D ( 'NONE', #208, #249, #2752 ) ;
#725 = LINE ( 'NONE', #1267, #718 ) ;
#726 = ORIENTED_EDGE ( 'NONE', *, *, #2462, .T. ) ;
#727 = CARTESIAN_POINT ( 'NONE',  ( -238.7043891112622589, 804.0000000000001137, 8.605628765596051721 ) ) ;
#728 = CARTESIAN_POINT ( 'NONE',  ( -150.8221721565745383, 805.0000000000000000, 8.847120223398674099 ) ) ;
#729 = CARTESIAN_POINT ( 'NONE',  ( -238.1161579706514431, 804.0000000000001137, 8.063291191234000621 ) ) ;
#730 = ORIENTED_EDGE ( 'NONE', *, *, #224, .F. ) ;
#731 = CARTESIAN_POINT ( 'NONE',  ( -245.1419891225307026, 800.0000000000001137, 7.763188727969848379 ) ) ;
#732 = CARTESIAN_POINT ( 'NONE',  ( -237.9153930459915784, 800.0000000000000000, 12.36233482739456591 ) ) ;
#733 = CARTESIAN_POINT ( 'NONE',  ( -238.4144342001442567, 804.0000000000001137, 8.330081765032456786 ) ) ;
#734 = CARTESIAN_POINT ( 'NONE',  ( -192.5000000000002274, 805.0000000000001137, 15.15093237103806700 ) ) ;
#735 = ORIENTED_EDGE ( 'NONE', *, *, #3557, .T. ) ;
#736 = DIRECTION ( 'NONE',  ( -0.6888675014067938696, -0.000000000000000000, -0.7248872777925964295 ) ) ;
#737 = CARTESIAN_POINT ( 'NONE',  ( -149.2125205955679803, 804.0000000000001137, 25.91972275192623698 ) ) ;
#738 = VERTEX_POINT ( 'NONE', #865 ) ;
#739 = CARTESIAN_POINT ( 'NONE',  ( -176.9634105113533451, 805.0000000000001137, 22.91643466139867513 ) ) ;
#740 = EDGE_CURVE ( 'NONE', #530, #817, #3489, .T. ) ;
#741 = ADVANCED_FACE ( 'NONE', ( #4022 ), #3112, .T. ) ;
#742 = CARTESIAN_POINT ( 'NONE',  ( -133.7537577194111975, 805.0000000000001137, 26.88888592191672444 ) ) ;
#743 = B_SPLINE_CURVE_WITH_KNOTS ( 'NONE', 3,
 ( #3490, #903, #3109, #251, #1862, #2069, #3136, #1497, #1562, #4062, #2838 ),
 .UNSPECIFIED., .F., .F.,
 ( 4, 1, 1, 1, 1, 1, 1, 1, 4 ),
 ( 0.1146525530252893582, 0.1162843833321219045, 0.1356275895091634820, 0.1549707956862050318, 0.1646423987747258066, 0.1743140018632465815, 0.1839856049517673564, 0.1888214064960277438, 0.1936572080402881313 ),
 .UNSPECIFIED. ) ;
#744 = ORIENTED_EDGE ( 'NONE', *, *, #622, .F. ) ;
#745 = DIRECTION ( 'NONE',  ( -0.000000000000000000, 1.000000000000000000, -0.000000000000000000 ) ) ;
#746 = CARTESIAN_POINT ( 'NONE',  ( -164.4223317607596471, 805.0000000000001137, 24.42442517682594882 ) ) ;
#747 = CARTESIAN_POINT ( 'NONE',  ( -233.7501719711009400, 804.0000000000001137, 12.65756759363638473 ) ) ;
#748 = VERTEX_POINT ( 'NONE', #1174 ) ;
#749 = CARTESIAN_POINT ( 'NONE',  ( -245.9346338134759264, 805.0000000000001137, 7.400093216907709603 ) ) ;
#750 = CARTESIAN_POINT ( 'NONE',  ( -247.4112030334045471, 805.0000000000003411, 10.26930581630611883 ) ) ;
#751 = CARTESIAN_POINT ( 'NONE',  ( -251.1237327974606899, 805.0000000000001137, 7.476682416521709840 ) ) ;
#752 = DIRECTION ( 'NONE',  ( -0.9304391691071159931, 0.000000000000000000, 0.3664463843337242843 ) ) ;
#753 = VECTOR ( 'NONE', #64, 1000.000000000000000 ) ;
#754 = ORIENTED_EDGE ( 'NONE', *, *, #631, .T. ) ;
#755 = CARTESIAN_POINT ( 'NONE',  ( -194.9773817551066486, 805.0000000000001137, 9.301102788910364794 ) ) ;
#756 = DIRECTION ( 'NONE',  ( 0.000000000000000000, -1.000000000000000000, 0.000000000000000000 ) ) ;
#757 = B_SPLINE_CURVE_WITH_KNOTS ( 'NONE', 3,
 ( #1353, #428, #2623, #2976, #2640 ),
 .UNSPECIFIED., .F., .F.,
 ( 4, 1, 4 ),
 ( 0.05708187523119163248, 0.05825476480099724824, 0.06281041210247810536 ),
 .UNSPECIFIED. ) ;
#758 = EDGE_LOOP ( 'NONE', ( #2938, #2113, #136, #1041, #3678, #3129 ) ) ;
#759 = VECTOR ( 'NONE', #3114, 1000.000000000000000 ) ;
#760 = CARTESIAN_POINT ( 'NONE',  ( -100.1882357590222767, 800.0000000000001137, 10.35261402249422424 ) ) ;
#761 = CARTESIAN_POINT ( 'NONE',  ( -113.0233135672802547, 805.0000000000001137, 27.31498970425841577 ) ) ;
#762 = ORIENTED_EDGE ( 'NONE', *, *, #839, .F. ) ;
#763 = CARTESIAN_POINT ( 'NONE',  ( -238.2652901195033621, 805.0000000000003411, 8.067388918634684103 ) ) ;
#764 = CARTESIAN_POINT ( 'NONE',  ( -264.2871590456990702, 805.0000000000001137, 7.064132261342629171 ) ) ;
#765 = EDGE_CURVE ( 'NONE', #796, #3906, #191, .T. ) ;
#766 = CARTESIAN_POINT ( 'NONE',  ( -82.83959400944436879, 804.0000000000001137, 78.72328000652233015 ) ) ;
#767 = ORIENTED_EDGE ( 'NONE', *, *, #2011, .F. ) ;
#768 = LINE ( 'NONE', #731, #3654 ) ;
#769 = DIRECTION ( 'NONE',  ( -0.000000000000000000, 1.000000000000000000, -0.000000000000000000 ) ) ;
#770 = CARTESIAN_POINT ( 'NONE',  ( -101.3232182224362958, 804.0000000000001137, 24.01536559620939926 ) ) ;
#771 = DIRECTION ( 'NONE',  ( -0.000000000000000000, 1.000000000000000000, -0.000000000000000000 ) ) ;
#772 = EDGE_CURVE ( 'NONE', #1594, #2347, #3312, .T. ) ;
#773 = ADVANCED_FACE ( 'NONE', ( #1133 ), #842, .T. ) ;
#774 = ORIENTED_EDGE ( 'NONE', *, *, #4075, .F. ) ;
#775 = ORIENTED_EDGE ( 'NONE', *, *, #2264, .F. ) ;
#776 = LINE ( 'NONE', #2043, #250 ) ;
#777 = CARTESIAN_POINT ( 'NONE',  ( -239.2467623673019261, 805.0000000000001137, 8.017431533633883944 ) ) ;
#778 = AXIS2_PLACEMENT_3D ( 'NONE', #1185, #1852, #2433 ) ;
#779 = ORIENTED_EDGE ( 'NONE', *, *, #3289, .F. ) ;
#780 = PLANE ( 'NONE',  #2068 ) ;
#781 = VECTOR ( 'NONE', #1069, 1000.000000000000114 ) ;
#782 = CARTESIAN_POINT ( 'NONE',  ( -117.3872845654307042, 805.0000000000001137, 27.32359723883179825 ) ) ;
#783 = ORIENTED_EDGE ( 'NONE', *, *, #2367, .T. ) ;
#784 = AXIS2_PLACEMENT_3D ( 'NONE', #2834, #3172, #1558 ) ;
#785 = VERTEX_POINT ( 'NONE', #2378 ) ;
#786 = VECTOR ( 'NONE', #1271, 1000.000000000000000 ) ;
#787 = CARTESIAN_POINT ( 'NONE',  ( -199.8794144029798190, 799.9999999999990905, 9.209109431590469796 ) ) ;
#788 = LINE ( 'NONE', #201, #714 ) ;
#789 = ORIENTED_EDGE ( 'NONE', *, *, #3993, .T. ) ;
#790 = CARTESIAN_POINT ( 'NONE',  ( -112.8759871213074035, 805.0000000000001137, 3.035661502803514988 ) ) ;
#791 = DIRECTION ( 'NONE',  ( 0.02688405537825821340, 0.000000000000000000, 0.9996385584632171417 ) ) ;
#792 = CARTESIAN_POINT ( 'NONE',  ( -154.5807832906197916, 805.0000000000003411, 26.32937649834314442 ) ) ;
#793 = AXIS2_PLACEMENT_3D ( 'NONE', #4133, #2534, #3813 ) ;
#794 = DIRECTION ( 'NONE',  ( -0.9996385584632013765, 0.000000000000000000, 0.02688405537884543811 ) ) ;
#795 = EDGE_CURVE ( 'NONE', #3799, #3949, #3459, .T. ) ;
#796 = VERTEX_POINT ( 'NONE', #1777 ) ;
#797 = ORIENTED_EDGE ( 'NONE', *, *, #2734, .F. ) ;
#798 = CARTESIAN_POINT ( 'NONE',  ( -92.50000000000000000, 800.0000000000001137, 16.74722354252675771 ) ) ;
#799 = CARTESIAN_POINT ( 'NONE',  ( -206.0353436069070483, 805.0000000000001137, 18.54572545475297218 ) ) ;
#800 = CARTESIAN_POINT ( 'NONE',  ( -112.7120578240558046, 805.0000000000003411, 28.11340712263204367 ) ) ;
#801 = ORIENTED_EDGE ( 'NONE', *, *, #217, .F. ) ;
#802 = CARTESIAN_POINT ( 'NONE',  ( -65.70031221889381357, 804.0000000000001137, -69.13567613106708620 ) ) ;
#803 = EDGE_CURVE ( 'NONE', #2674, #259, #1258, .T. ) ;
#804 = CARTESIAN_POINT ( 'NONE',  ( 0.5721654584183536452, 800.0000000000001137, 21.27501398164558211 ) ) ;
#805 = VECTOR ( 'NONE', #2263, 1000.000000000000114 ) ;
#806 = ORIENTED_EDGE ( 'NONE', *, *, #3929, .T. ) ;
#807 = VERTEX_POINT ( 'NONE', #1438 ) ;
#808 = DIRECTION ( 'NONE',  ( 0.6888675014067946467, 0.000000000000000000, 0.7248872777925956523 ) ) ;
#809 = CARTESIAN_POINT ( 'NONE',  ( -274.1238790086579797, 799.9999920000000202, 2.239275516313835368 ) ) ;
#810 = DIRECTION ( 'NONE',  ( -0.7248872777926377298, 0.000000000000000000, 0.6888675014067504598 ) ) ;
#811 = ORIENTED_EDGE ( 'NONE', *, *, #4027, .F. ) ;
#812 = CARTESIAN_POINT ( 'NONE',  ( -257.0341857968522277, 804.0000000000002274, 7.161662659115745733 ) ) ;
#813 = CARTESIAN_POINT ( 'NONE',  ( 0.2273156052836214358, 804.0000000000001137, 8.452349944409252913 ) ) ;
#814 = PLANE ( 'NONE',  #928 ) ;
#815 = FACE_OUTER_BOUND ( 'NONE', #1843, .T. ) ;
#816 = EDGE_LOOP ( 'NONE', ( #1643, #525, #3228, #1803 ) ) ;
#817 = VERTEX_POINT ( 'NONE', #3658 ) ;
#818 = CARTESIAN_POINT ( 'NONE',  ( -257.7945310521340616, 804.0000000000001137, 7.829255745276571865 ) ) ;
#819 = AXIS2_PLACEMENT_3D ( 'NONE', #4036, #2438, #3951 ) ;
#820 = CARTESIAN_POINT ( 'NONE',  ( -276.9279722779359645, 805.0000000000001137, 2.022114237992950869 ) ) ;
#821 = VECTOR ( 'NONE', #513, 1000.000000000000000 ) ;
#822 = VERTEX_POINT ( 'NONE', #3345 ) ;
#823 = ORIENTED_EDGE ( 'NONE', *, *, #2839, .F. ) ;
#824 = DIRECTION ( 'NONE',  ( 0.7248872777926382849, 0.000000000000000000, -0.6888675014067499047 ) ) ;
#825 = EDGE_CURVE ( 'NONE', #3038, #1972, #2131, .T. ) ;
#826 = CARTESIAN_POINT ( 'NONE',  ( -135.8692035659113060, 805.0000000000001137, 26.79237269320660886 ) ) ;
#827 = ORIENTED_EDGE ( 'NONE', *, *, #2085, .F. ) ;
#828 = ORIENTED_EDGE ( 'NONE', *, *, #601, .F. ) ;
#829 = CARTESIAN_POINT ( 'NONE',  ( -206.0353436069070483, 804.0000000000001137, 18.54572545475297218 ) ) ;
#830 = AXIS2_PLACEMENT_3D ( 'NONE', #1256, #616, #2842 ) ;
#831 = CARTESIAN_POINT ( 'NONE',  ( -119.0667696627177463, 805.0000000000001137, 28.12804715761673791 ) ) ;
#832 = EDGE_CURVE ( 'NONE', #478, #259, #3051, .T. ) ;
#833 = VERTEX_POINT ( 'NONE', #3091 ) ;
#834 = CARTESIAN_POINT ( 'NONE',  ( -277.4549981302085371, 799.9999919999997928, 6.762558882512831993 ) ) ;
#835 = CARTESIAN_POINT ( 'NONE',  ( -300.0000000000000000, 799.9999920000000202, -0.1621621621621254228 ) ) ;
#836 = EDGE_CURVE ( 'NONE', #167, #297, #234, .T. ) ;
#837 = CARTESIAN_POINT ( 'NONE',  ( -219.6165091063904526, 805.0000000000003411, 16.96789906232488221 ) ) ;
#838 = CARTESIAN_POINT ( 'NONE',  ( -66.52695322057213900, 804.0000000000001137, -70.00554086441651691 ) ) ;
#839 = EDGE_CURVE ( 'NONE', #3043, #2637, #1194, .T. ) ;
#840 = ORIENTED_EDGE ( 'NONE', *, *, #51, .F. ) ;
#841 = EDGE_LOOP ( 'NONE', ( #3366, #875, #2977 ) ) ;
#842 = CYLINDRICAL_SURFACE ( 'NONE', #3994, 0.4000000000000461520 ) ;
#843 = VECTOR ( 'NONE', #1188, 1000.000000000000000 ) ;
#844 = CARTESIAN_POINT ( 'NONE',  ( -249.8586558847691776, 804.0000000000001137, 9.692726198989230824 ) ) ;
#845 = ORIENTED_EDGE ( 'NONE', *, *, #1214, .F. ) ;
#846 = ADVANCED_FACE ( 'NONE', ( #2151 ), #3159, .F. ) ;
#847 = VERTEX_POINT ( 'NONE', #3218 ) ;
#848 = CARTESIAN_POINT ( 'NONE',  ( -252.4608865830120124, 805.0000000000001137, 7.408327899663251337 ) ) ;
#849 = LINE ( 'NONE', #3796, #2647 ) ;
#850 = B_SPLINE_CURVE_WITH_KNOTS ( 'NONE', 3,
 ( #1528, #1485, #2762, #1180, #869 ),
 .UNSPECIFIED., .F., .F.,
 ( 4, 1, 4 ),
 ( 0.07660540888411439264, 0.07759797097803879107, 0.07782290234709561549 ),
 .UNSPECIFIED. ) ;
#851 = B_SPLINE_CURVE_WITH_KNOTS ( 'NONE', 3,
 ( #1043, #3293, #3609, #1981 ),
 .UNSPECIFIED., .F., .F.,
 ( 4, 4 ),
 ( 0.1805057136119768979, 0.1822576612335656265 ),
 .UNSPECIFIED. ) ;
#852 = EDGE_LOOP ( 'NONE', ( #402, #3770, #3682, #3983 ) ) ;
#853 = PLANE ( 'NONE',  #1653 ) ;
#854 = ADVANCED_FACE ( 'NONE', ( #4127 ), #3823, .F. ) ;
#855 = CARTESIAN_POINT ( 'NONE',  ( -267.5579742966421577, 799.9999920000000202, 3.504036228200401393 ) ) ;
#856 = CARTESIAN_POINT ( 'NONE',  ( -251.9670063117948473, 804.0000000000001137, 7.103975348474945939 ) ) ;
#857 = AXIS2_PLACEMENT_3D ( 'NONE', #1969, #3244, #2655 ) ;
#858 = VERTEX_POINT ( 'NONE', #2820 ) ;
#859 = CARTESIAN_POINT ( 'NONE',  ( -292.7816016976615288, 805.0000000000001137, 2.342604849855890237 ) ) ;
#860 = CARTESIAN_POINT ( 'NONE',  ( -100.5082599175125608, 800.0000000000001137, 23.99344829018408731 ) ) ;
#861 = CARTESIAN_POINT ( 'NONE',  ( -300.0000000000000000, 805.0000000000001137, -0.1621621621621254228 ) ) ;
#862 = CARTESIAN_POINT ( 'NONE',  ( -257.9411096058675525, 805.0000000000001137, 7.457080077633684745 ) ) ;
#863 = VECTOR ( 'NONE', #671, 999.9999999999998863 ) ;
#864 = VERTEX_POINT ( 'NONE', #2256 ) ;
#865 = CARTESIAN_POINT ( 'NONE',  ( -112.2016622524414373, 805.0000000000001137, 28.10930200660903822 ) ) ;
#866 = LINE ( 'NONE', #2133, #2295 ) ;
#867 = ORIENTED_EDGE ( 'NONE', *, *, #4058, .F. ) ;
#868 = ORIENTED_EDGE ( 'NONE', *, *, #2341, .T. ) ;
#869 = CARTESIAN_POINT ( 'NONE',  ( -149.8130695285132674, 804.0000000000001137, 25.87183340821862032 ) ) ;
#870 = DIRECTION ( 'NONE',  ( -0.8513302070673179900, 0.000000000000000000, 0.5246302302905517800 ) ) ;
#871 = ADVANCED_FACE ( 'NONE', ( #1941, #4086, #1564, #4106, #963, #1924, #1522, #2197, #318, #2234, #298, #3765, #3534, #2841, #3844, #905, #3514, #925, #1585, #3198, #2797, #1255, #1886, #1216, #2859, #2483, #1274, #1907, #3472, #1236, #335 ), #1603, .F. ) ;
#872 = VERTEX_POINT ( 'NONE', #2528 ) ;
#873 = CARTESIAN_POINT ( 'NONE',  ( -164.3945645426477427, 805.0000000000001137, 9.632322640913395517 ) ) ;
#874 = CARTESIAN_POINT ( 'NONE',  ( -292.8379051515317428, 799.9999920000000202, 0.5759372687055264173 ) ) ;
#875 = ORIENTED_EDGE ( 'NONE', *, *, #1973, .T. ) ;
#876 = CARTESIAN_POINT ( 'NONE',  ( -186.6071088486877159, 805.0000000000001137, 17.44863968024492351 ) ) ;
#877 = EDGE_CURVE ( 'NONE', #2339, #2293, #2504, .T. ) ;
#878 = ORIENTED_EDGE ( 'NONE', *, *, #2876, .F. ) ;
#879 = CARTESIAN_POINT ( 'NONE',  ( -265.8557205421093954, 805.0000000000003411, 6.670256816194784832 ) ) ;
#880 = PLANE ( 'NONE',  #1987 ) ;
#881 = CARTESIAN_POINT ( 'NONE',  ( -249.1849982830883050, 716.1111120000000483, -62.77685069814302210 ) ) ;
#882 = ORIENTED_EDGE ( 'NONE', *, *, #2799, .T. ) ;
#883 = DIRECTION ( 'NONE',  ( -0.000000000000000000, 1.000000000000000000, -0.000000000000000000 ) ) ;
#884 = CARTESIAN_POINT ( 'NONE',  ( -219.5727436744082013, 805.0000000000001137, 8.709749623887196535 ) ) ;
#885 = CARTESIAN_POINT ( 'NONE',  ( -285.1034899455572713, 805.0000000000001137, 1.323141469673185799 ) ) ;
#886 = ORIENTED_EDGE ( 'NONE', *, *, #3832, .F. ) ;
#887 = ORIENTED_EDGE ( 'NONE', *, *, #538, .F. ) ;
#888 = FACE_OUTER_BOUND ( 'NONE', #3133, .T. ) ;
#889 = EDGE_CURVE ( 'NONE', #181, #807, #2546, .T. ) ;
#890 = EDGE_CURVE ( 'NONE', #2359, #241, #984, .T. ) ;
#891 = DIRECTION ( 'NONE',  ( -0.000000000000000000, -1.000000000000000000, -0.000000000000000000 ) ) ;
#892 = ORIENTED_EDGE ( 'NONE', *, *, #2247, .F. ) ;
#893 = PLANE ( 'NONE',  #3824 ) ;
#894 = CARTESIAN_POINT ( 'NONE',  ( -133.4891725394467130, 805.0000000000001137, 26.94334252204056313 ) ) ;
#895 = VERTEX_POINT ( 'NONE', #3785 ) ;
#896 = DIRECTION ( 'NONE',  ( 0.000000000000000000, 0.000000000000000000, -1.000000000000000000 ) ) ;
#897 = EDGE_LOOP ( 'NONE', ( #4057, #3627, #3083, #1612, #343, #1580, #1936, #3197, #2098, #1189, #2670, #3784, #252, #3528, #1923, #2407, #226, #25, #2960, #1629, #3746, #2201, #457, #4098, #915, #779, #3896, #4090, #429, #2572, #1126, #3523, #3657, #886, #2807, #2835, #120 ) ) ;
#898 = CARTESIAN_POINT ( 'NONE',  ( -171.0363900829023009, 800.0000000000001137, 9.645892564013937687 ) ) ;
#899 = ORIENTED_EDGE ( 'NONE', *, *, #700, .F. ) ;
#900 = VECTOR ( 'NONE', #82, 1000.000000000000114 ) ;
#901 = DIRECTION ( 'NONE',  ( -0.7248872777926382849, 0.000000000000000000, 0.6888675014067499047 ) ) ;
#902 = EDGE_CURVE ( 'NONE', #387, #3049, #3138, .T. ) ;
#903 = CARTESIAN_POINT ( 'NONE',  ( -189.7936300697764409, 800.0000000000001137, 21.18474622708733079 ) ) ;
#904 = ORIENTED_EDGE ( 'NONE', *, *, #1994, .F. ) ;
#905 = FACE_BOUND ( 'NONE', #125, .T. ) ;
#906 = FACE_OUTER_BOUND ( 'NONE', #3313, .T. ) ;
#907 = EDGE_CURVE ( 'NONE', #107, #2336, #2217, .T. ) ;
#908 = CARTESIAN_POINT ( 'NONE',  ( -111.8337132111004166, 804.0000000000001137, 11.46609414118741910 ) ) ;
#909 = ORIENTED_EDGE ( 'NONE', *, *, #3833, .F. ) ;
#910 = DIRECTION ( 'NONE',  ( -0.6407894207433073586, -0.000000000000000000, -0.7677166914060528091 ) ) ;
#911 = LINE ( 'NONE', #3539, #4042 ) ;
#912 = ADVANCED_FACE ( 'NONE', ( #3866 ), #223, .T. ) ;
#913 = DIRECTION ( 'NONE',  ( -0.000000000000000000, -1.000000000000000000, -0.000000000000000000 ) ) ;
#914 = DIRECTION ( 'NONE',  ( -0.1609050596805300382, 0.000000000000000000, 0.9869698889881115544 ) ) ;
#915 = ORIENTED_EDGE ( 'NONE', *, *, #2743, .F. ) ;
#916 = VECTOR ( 'NONE', #625, 1000.000000000000114 ) ;
#917 = LINE ( 'NONE', #937, #916 ) ;
#918 = ORIENTED_EDGE ( 'NONE', *, *, #1394, .F. ) ;
#919 = AXIS2_PLACEMENT_3D ( 'NONE', #3209, #1614, #996 ) ;
#920 = DIRECTION ( 'NONE',  ( -0.7248872777925956523, 0.000000000000000000, 0.6888675014067946467 ) ) ;
#921 = VERTEX_POINT ( 'NONE', #1393 ) ;
#922 = CARTESIAN_POINT ( 'NONE',  ( -100.5082599175125608, 804.0000000000001137, 23.99344829018408731 ) ) ;
#923 = LINE ( 'NONE', #3763, #3992 ) ;
#924 = ORIENTED_EDGE ( 'NONE', *, *, #803, .T. ) ;
#925 = FACE_BOUND ( 'NONE', #1636, .T. ) ;
#926 = CARTESIAN_POINT ( 'NONE',  ( -228.4276379483836479, 804.0000000000001137, 8.703131088542161109 ) ) ;
#927 = EDGE_CURVE ( 'NONE', #1425, #2468, #245, .T. ) ;
#928 = AXIS2_PLACEMENT_3D ( 'NONE', #3340, #1150, #1477 ) ;
#929 = CARTESIAN_POINT ( 'NONE',  ( -260.7043874911532271, 799.9999920000000202, 6.146900934098136204 ) ) ;
#930 = VECTOR ( 'NONE', #3623, 1000.000000000000000 ) ;
#931 = ORIENTED_EDGE ( 'NONE', *, *, #310, .T. ) ;
#932 = CARTESIAN_POINT ( 'NONE',  ( -253.6658019528322825, 804.0000000000001137, 8.424370714792484449 ) ) ;
#933 = ORIENTED_EDGE ( 'NONE', *, *, #212, .F. ) ;
#934 = DIRECTION ( 'NONE',  ( 0.000000000000000000, 0.000000000000000000, 1.000000000000000000 ) ) ;
#935 = DIRECTION ( 'NONE',  ( 0.001877162694616514409, 0.000000000000000000, -0.9999982381285568156 ) ) ;
#936 = EDGE_CURVE ( 'NONE', #2169, #199, #768, .T. ) ;
#937 = CARTESIAN_POINT ( 'NONE',  ( -258.7028822036019164, 805.0000000000001137, -42.17616278367351867 ) ) ;
#938 = ORIENTED_EDGE ( 'NONE', *, *, #531, .T. ) ;
#939 = CARTESIAN_POINT ( 'NONE',  ( -172.8587101762493887, 800.0000000000001137, 24.44703151162762822 ) ) ;
#940 = LINE ( 'NONE', #1633, #3653 ) ;
#941 = ORIENTED_EDGE ( 'NONE', *, *, #2894, .T. ) ;
#942 = PLANE ( 'NONE',  #2917 ) ;
#943 = CARTESIAN_POINT ( 'NONE',  ( -267.1688184859924604, 799.9999920000000202, 8.607714735570329623 ) ) ;
#944 = VERTEX_POINT ( 'NONE', #1334 ) ;
#945 = DIRECTION ( 'NONE',  ( -0.8419453725790534415, 0.000000000000000000, 0.5395627763223836970 ) ) ;
#946 = CARTESIAN_POINT ( 'NONE',  ( -87.86455099432787108, 804.0000000000001137, -92.45884739036793576 ) ) ;
#947 = LINE ( 'NONE', #1587, #1827 ) ;
#948 = ORIENTED_EDGE ( 'NONE', *, *, #3093, .F. ) ;
#949 = CARTESIAN_POINT ( 'NONE',  ( -190.2701010556687891, 804.0000000000001137, 21.06981534826184443 ) ) ;
#950 = CARTESIAN_POINT ( 'NONE',  ( -242.5218837963553824, 805.0000000000001137, 11.68162153531826419 ) ) ;
#951 = FACE_OUTER_BOUND ( 'NONE', #2408, .T. ) ;
#952 = EDGE_CURVE ( 'NONE', #2579, #2560, #1623, .T. ) ;
#953 = EDGE_CURVE ( 'NONE', #2715, #1616, #1003, .T. ) ;
#954 = CARTESIAN_POINT ( 'NONE',  ( -285.2692632528747936, 805.0000000000001137, 4.587123813316574150 ) ) ;
#955 = VERTEX_POINT ( 'NONE', #3235 ) ;
#956 = PRESENTATION_STYLE_ASSIGNMENT (( #3171 ) ) ;
#957 = VERTEX_POINT ( 'NONE', #79 ) ;
#958 = CARTESIAN_POINT ( 'NONE',  ( -292.2254576542372888, 805.0000000000001137, 1.434434858989688255 ) ) ;
#959 = ADVANCED_FACE ( 'NONE', ( #2332 ), #1644, .T. ) ;
#960 = LINE ( 'NONE', #3512, #2511 ) ;
#961 = EDGE_CURVE ( 'NONE', #1878, #3689, #2969, .T. ) ;
#962 = VERTEX_POINT ( 'NONE', #1023 ) ;
#963 = FACE_BOUND ( 'NONE', #1230, .T. ) ;
#964 = AXIS2_PLACEMENT_3D ( 'NONE', #737, #3938, #1378 ) ;
#965 = DIRECTION ( 'NONE',  ( -0.02688405537843112716, -0.000000000000000000, -0.9996385584632124788 ) ) ;
#966 = PLANE ( 'NONE',  #2352 ) ;
#967 = EDGE_CURVE ( 'NONE', #3210, #2339, #3931, .T. ) ;
#968 = EDGE_CURVE ( 'NONE', #90, #241, #710, .T. ) ;
#969 = ORIENTED_EDGE ( 'NONE', *, *, #4075, .T. ) ;
#970 = CARTESIAN_POINT ( 'NONE',  ( -88.41564499545332012, 804.0000000000001137, -93.03875721260200748 ) ) ;
#971 = CARTESIAN_POINT ( 'NONE',  ( -233.7501719711009400, 804.0000000000001137, 12.65756759363638473 ) ) ;
#972 = DIRECTION ( 'NONE',  ( -0.6888675014067477953, -0.000000000000000000, -0.7248872777926400612 ) ) ;
#973 = ORIENTED_EDGE ( 'NONE', *, *, #1050, .T. ) ;
#974 = AXIS2_PLACEMENT_3D ( 'NONE', #2475, #2189, #562 ) ;
#975 = CARTESIAN_POINT ( 'NONE',  ( -277.4549981297886347, 805.0000000000001137, 6.762558882627204504 ) ) ;
#976 = EDGE_LOOP ( 'NONE', ( #3028, #1911, #456, #2306 ) ) ;
#977 = CARTESIAN_POINT ( 'NONE',  ( -266.5147033832301418, 716.1111120000000483, 5.740492526924503736 ) ) ;
#978 = ORIENTED_EDGE ( 'NONE', *, *, #2054, .T. ) ;
#979 = EDGE_CURVE ( 'NONE', #1584, #994, #2939, .T. ) ;
#980 = CARTESIAN_POINT ( 'NONE',  ( -267.5579742966421577, 805.0000000000001137, 3.504036228200401393 ) ) ;
#981 = CARTESIAN_POINT ( 'NONE',  ( -200.4954640087551923, 800.0000000000001137, 8.438484520300974623 ) ) ;
#982 = CARTESIAN_POINT ( 'NONE',  ( -64.16437595342723910, 805.0000000000001137, 62.29146121145266335 ) ) ;
#983 = ORIENTED_EDGE ( 'NONE', *, *, #3021, .T. ) ;
#984 = LINE ( 'NONE', #591, #187 ) ;
#985 = PLANE ( 'NONE',  #3751 ) ;
#986 = CARTESIAN_POINT ( 'NONE',  ( -214.7170587909637618, 805.0000000000001137, 9.410057304301764347 ) ) ;
#987 = EDGE_CURVE ( 'NONE', #3365, #1874, #3649, .T. ) ;
#988 = AXIS2_PLACEMENT_3D ( 'NONE', #798, #1840, #1499 ) ;
#989 = EDGE_LOOP ( 'NONE', ( #1147, #3321, #1251, #506 ) ) ;
#990 = LINE ( 'NONE', #949, #1325 ) ;
#991 = VECTOR ( 'NONE', #3480, 1000.000000000000000 ) ;
#992 = LINE ( 'NONE', #2262, #2096 ) ;
#993 = CARTESIAN_POINT ( 'NONE',  ( -176.9684519223427230, 800.0000000000001137, 22.98833891310567168 ) ) ;
#994 = VERTEX_POINT ( 'NONE', #2412 ) ;
#995 =( GEOMETRIC_REPRESENTATION_CONTEXT ( 3 ) GLOBAL_UNCERTAINTY_ASSIGNED_CONTEXT ( ( #3385 ) ) GLOBAL_UNIT_ASSIGNED_CONTEXT ( ( #16, #3104, #2541 ) ) REPRESENTATION_CONTEXT ( 'NONE', 'WORKASPACE' ) );
#996 = DIRECTION ( 'NONE',  ( 0.8323741106893858266, 0.000000000000000000, 0.5542141642488525033 ) ) ;
#997 = ORIENTED_EDGE ( 'NONE', *, *, #32, .T. ) ;
#998 = CARTESIAN_POINT ( 'NONE',  ( -117.5244860867506134, 804.0000000000001137, 111.6846736932957498 ) ) ;
#999 = CARTESIAN_POINT ( 'NONE',  ( -122.1786715887304240, 805.0000000000000000, 8.123971859965809728 ) ) ;
#1000 = LINE ( 'NONE', #3905, #3619 ) ;
#1001 = EDGE_CURVE ( 'NONE', #2487, #2545, #182, .T. ) ;
#1002 = ORIENTED_EDGE ( 'NONE', *, *, #1573, .F. ) ;
#1003 = LINE ( 'NONE', #749, #1854 ) ;
#1004 = CARTESIAN_POINT ( 'NONE',  ( -259.3915731961799338, 800.0000000000000000, 7.445118414149744623 ) ) ;
#1005 = CARTESIAN_POINT ( 'NONE',  ( -253.3352003232437539, 804.0000000000001137, 8.886827556359165214 ) ) ;
#1006 = VECTOR ( 'NONE', #305, 1000.000000000000000 ) ;
#1007 = VERTEX_POINT ( 'NONE', #3023 ) ;
#1008 = FACE_OUTER_BOUND ( 'NONE', #61, .T. ) ;
#1009 = DIRECTION ( 'NONE',  ( 0.7430509880625585373, 0.000000000000000000, 0.6692348086727524237 ) ) ;
#1010 = DIRECTION ( 'NONE',  ( 0.02688405537884489688, 0.000000000000000000, 0.9996385584632012655 ) ) ;
#1011 = ORIENTED_EDGE ( 'NONE', *, *, #289, .F. ) ;
#1012 = DIRECTION ( 'NONE',  ( -0.000000000000000000, 1.000000000000000000, -0.000000000000000000 ) ) ;
#1013 = EDGE_CURVE ( 'NONE', #4119, #1844, #3737, .T. ) ;
#1014 = ADVANCED_FACE ( 'NONE', ( #4056 ), #2703, .T. ) ;
#1015 = CARTESIAN_POINT ( 'NONE',  ( -189.8871197409697800, 800.0000000000001137, 9.390855830577100605 ) ) ;
#1016 = VECTOR ( 'NONE', #2607, 1000.000000000000114 ) ;
#1017 = ORIENTED_EDGE ( 'NONE', *, *, #717, .T. ) ;
#1018 = CARTESIAN_POINT ( 'NONE',  ( -50.02817683524102677, 805.0000000000001137, -52.64406993357871301 ) ) ;
#1019 = AXIS2_PLACEMENT_3D ( 'NONE', #2645, #2334, #432 ) ;
#1020 = CARTESIAN_POINT ( 'NONE',  ( -114.4461369841751264, 805.0000000000001137, 8.572950441632642082 ) ) ;
#1021 = CARTESIAN_POINT ( 'NONE',  ( -98.50963659386690097, 805.0000000000001137, 24.73998702017675910 ) ) ;
#1022 = VERTEX_POINT ( 'NONE', #876 ) ;
#1023 = CARTESIAN_POINT ( 'NONE',  ( -112.2016622524414373, 800.0000000000001137, 28.10930200660903822 ) ) ;
#1024 = LINE ( 'NONE', #2962, #1950 ) ;
#1025 = LINE ( 'NONE', #3275, #556 ) ;
#1026 = PLANE ( 'NONE',  #1259 ) ;
#1027 = VERTEX_POINT ( 'NONE', #227 ) ;
#1028 = CARTESIAN_POINT ( 'NONE',  ( -234.4537921693520843, 804.0000000000001137, 13.07848260166416487 ) ) ;
#1029 = EDGE_CURVE ( 'NONE', #1462, #424, #2458, .T. ) ;
#1030 = FACE_OUTER_BOUND ( 'NONE', #2953, .T. ) ;
#1031 = EDGE_CURVE ( 'NONE', #957, #3332, #3314, .T. ) ;
#1032 = ORIENTED_EDGE ( 'NONE', *, *, #515, .F. ) ;
#1033 = CARTESIAN_POINT ( 'NONE',  ( -251.9670063117948473, 804.0000000000001137, 7.103975348474945939 ) ) ;
#1034 = LINE ( 'NONE', #3836, #3246 ) ;
#1035 = VECTOR ( 'NONE', #3484, 1000.000000000000000 ) ;
#1036 = ORIENTED_EDGE ( 'NONE', *, *, #1073, .T. ) ;
#1037 = DIRECTION ( 'NONE',  ( 0.000000000000000000, -1.000000000000000000, 0.000000000000000000 ) ) ;
#1038 = ADVANCED_FACE ( 'NONE', ( #1727 ), #3018, .T. ) ;
#1039 = CARTESIAN_POINT ( 'NONE',  ( 0.5936727027209567353, 800.0000000000001137, 22.07472482841617634 ) ) ;
#1040 = FACE_OUTER_BOUND ( 'NONE', #1483, .T. ) ;
#1041 = ORIENTED_EDGE ( 'NONE', *, *, #7, .T. ) ;
#1042 = CARTESIAN_POINT ( 'NONE',  ( -271.2861602210639944, 805.0000000000001137, 2.447696926220287228 ) ) ;
#1043 = CARTESIAN_POINT ( 'NONE',  ( -253.3352003232437539, 804.0000000000001137, 8.886827556359165214 ) ) ;
#1044 = DIRECTION ( 'NONE',  ( 0.7248872777926351763, 0.000000000000000000, -0.6888675014067531244 ) ) ;
#1045 = CARTESIAN_POINT ( 'NONE',  ( -133.4891725394467130, 804.0000000000001137, 26.94334252204056313 ) ) ;
#1046 = B_SPLINE_CURVE_WITH_KNOTS ( 'NONE', 3,
 ( #3074, #253, #168, #3427 ),
 .UNSPECIFIED., .F., .F.,
 ( 4, 4 ),
 ( 0.09938822208567223149, 0.1005107225783659353 ),
 .UNSPECIFIED. ) ;
#1047 = ORIENTED_EDGE ( 'NONE', *, *, #3245, .F. ) ;
#1048 = CARTESIAN_POINT ( 'NONE',  ( -178.0452344410734042, 804.0000000000001137, 10.96763611671494942 ) ) ;
#1049 = EDGE_CURVE ( 'NONE', #2104, #1421, #1202, .T. ) ;
#1050 = EDGE_CURVE ( 'NONE', #2902, #1972, #433, .T. ) ;
#1051 = VECTOR ( 'NONE', #2695, 1000.000000000000000 ) ;
#1052 = CARTESIAN_POINT ( 'NONE',  ( -280.6338063822639128, 805.0000000000001137, 5.055185953166550838 ) ) ;
#1053 = VECTOR ( 'NONE', #3107, 1000.000000000000000 ) ;
#1054 = ORIENTED_EDGE ( 'NONE', *, *, #3121, .F. ) ;
#1055 = DIRECTION ( 'NONE',  ( 0.6965575549846637626, 0.000000000000000000, 0.7175009216675524160 ) ) ;
#1056 = CIRCLE ( 'NONE', #724, 6.324999999999983302 ) ;
#1057 = CARTESIAN_POINT ( 'NONE',  ( -98.50963659386690097, 800.0000000000001137, 24.73998702017675910 ) ) ;
#1058 = ORIENTED_EDGE ( 'NONE', *, *, #2672, .T. ) ;
#1059 = CARTESIAN_POINT ( 'NONE',  ( -265.7189512413806938, 800.0000000000001137, 5.831332410554418644 ) ) ;
#1060 = B_SPLINE_CURVE_WITH_KNOTS ( 'NONE', 3,
 ( #2980, #1646, #3909, #1066, #694, #3571, #2686 ),
 .UNSPECIFIED., .F., .F.,
 ( 4, 1, 1, 1, 4 ),
 ( 0.1730835121501688445, 0.1743140018632465815, 0.1839856049517673564, 0.1888214064960277438, 0.1936572080402881313 ),
 .UNSPECIFIED. ) ;
#1061 = DIRECTION ( 'NONE',  ( -0.7248872777925956523, 0.000000000000000000, 0.6888675014067946467 ) ) ;
#1062 = CARTESIAN_POINT ( 'NONE',  ( -178.0452344410734042, 804.0000000000001137, 10.96763611671494942 ) ) ;
#1063 = ORIENTED_EDGE ( 'NONE', *, *, #3491, .T. ) ;
#1064 = CARTESIAN_POINT ( 'NONE',  ( -149.8130695285133811, 805.0000000000001137, 25.87183340821861322 ) ) ;
#1065 = CARTESIAN_POINT ( 'NONE',  ( 0.000000000000000000, 804.0000000000001137, 0.000000000000000000 ) ) ;
#1066 = CARTESIAN_POINT ( 'NONE',  ( -123.3137327467875792, 805.0000000000001137, 27.25623171729949945 ) ) ;
#1067 = DIRECTION ( 'NONE',  ( -0.6888675014067477953, -0.000000000000000000, -0.7248872777926400612 ) ) ;
#1068 = ORIENTED_EDGE ( 'NONE', *, *, #151, .F. ) ;
#1069 = DIRECTION ( 'NONE',  ( -0.6965575549846637626, -0.000000000000000000, -0.7175009216675524160 ) ) ;
#1070 = LINE ( 'NONE', #3008, #1624 ) ;
#1071 = ORIENTED_EDGE ( 'NONE', *, *, #3330, .T. ) ;
#1072 = CARTESIAN_POINT ( 'NONE',  ( -133.9566240984088097, 804.0000000000001137, 9.287166304838079256 ) ) ;
#1073 = EDGE_CURVE ( 'NONE', #1694, #962, #258, .T. ) ;
#1074 = CARTESIAN_POINT ( 'NONE',  ( -260.8576000465214975, 805.0000000000001137, 7.086686038591300196 ) ) ;
#1075 = EDGE_LOOP ( 'NONE', ( #1802, #271, #1823, #701 ) ) ;
#1076 = EDGE_CURVE ( 'NONE', #2388, #4095, #2768, .T. ) ;
#1077 = EDGE_CURVE ( 'NONE', #293, #2018, #1900, .T. ) ;
#1078 = CARTESIAN_POINT ( 'NONE',  ( -295.2192840322443317, 799.9999920000000202, 1.574556936932530737 ) ) ;
#1079 = CARTESIAN_POINT ( 'NONE',  ( -112.2016622524414373, 805.0000000000001137, 28.10930200660903822 ) ) ;
#1080 = CARTESIAN_POINT ( 'NONE',  ( -228.7414626854665869, 803.9999999999998863, 8.411888648275942515 ) ) ;
#1081 = ORIENTED_EDGE ( 'NONE', *, *, #2055, .F. ) ;
#1082 = CARTESIAN_POINT ( 'NONE',  ( -276.9279722789263474, 799.9999920000000202, 2.022114237912236767 ) ) ;
#1083 = LINE ( 'NONE', #3629, #2078 ) ;
#1084 = CARTESIAN_POINT ( 'NONE',  ( -251.1237328128930812, 804.0000000000001137, 7.476682415742227583 ) ) ;
#1085 = DIRECTION ( 'NONE',  ( 0.000000000000000000, 1.000000000000000000, 0.000000000000000000 ) ) ;
#1086 = CIRCLE ( 'NONE', #3422, 0.5999999999999928724 ) ;
#1087 = ORIENTED_EDGE ( 'NONE', *, *, #404, .F. ) ;
#1088 = ORIENTED_EDGE ( 'NONE', *, *, #2358, .T. ) ;
#1089 = DIRECTION ( 'NONE',  ( 0.000000000000000000, 0.000000000000000000, -1.000000000000000000 ) ) ;
#1090 = CYLINDRICAL_SURFACE ( 'NONE', #964, 0.6000000000000033085 ) ;
#1091 = EDGE_CURVE ( 'NONE', #2486, #3906, #3640, .T. ) ;
#1092 = B_SPLINE_CURVE_WITH_KNOTS ( 'NONE', 3,
 ( #777, #2400, #2968, #87 ),
 .UNSPECIFIED., .F., .F.,
 ( 4, 4 ),
 ( 0.8950544707854029003, 0.9043374787310907159 ),
 .UNSPECIFIED. ) ;
#1093 = EDGE_LOOP ( 'NONE', ( #3644, #1417, #726, #1469, #1, #3442, #331, #2760, #3077, #4045, #1513, #3716, #931, #2549, #1248, #3661, #1063, #1526, #3337, #3333, #1132, #3736, #1309, #381, #2188, #3506, #1763, #2924, #2722, #85, #366, #3822, #4069, #1484, #1568, #1239, #2657, #2482, #1722, #1386, #899, #3137, #3936 ) ) ;
#1094 = VECTOR ( 'NONE', #2669, 1000.000000000000000 ) ;
#1095 = CARTESIAN_POINT ( 'NONE',  ( -293.2676002059586153, 805.0000000000001137, 1.330312713632910704 ) ) ;
#1096 = FACE_OUTER_BOUND ( 'NONE', #3037, .T. ) ;
#1097 = EDGE_LOOP ( 'NONE', ( #1752, #775, #4079, #1663 ) ) ;
#1098 = EDGE_CURVE ( 'NONE', #1584, #3049, #3778, .T. ) ;
#1099 = ORIENTED_EDGE ( 'NONE', *, *, #1077, .T. ) ;
#1100 = CARTESIAN_POINT ( 'NONE',  ( -260.7629341024527889, 799.9999999999992042, 6.944829825261215284 ) ) ;
#1101 = CARTESIAN_POINT ( 'NONE',  ( -101.3232182224359548, 805.0000000000001137, 24.01536559620939926 ) ) ;
#1102 = ORIENTED_EDGE ( 'NONE', *, *, #2846, .F. ) ;
#1103 = CARTESIAN_POINT ( 'NONE',  ( -292.7816016976615288, 799.9999919999997928, 2.342604849855890237 ) ) ;
#1104 = LINE ( 'NONE', #1433, #2281 ) ;
#1105 = CARTESIAN_POINT ( 'NONE',  ( -133.9566240984088097, 805.0000000000001137, 9.287166304838079256 ) ) ;
#1106 = DIRECTION ( 'NONE',  ( -0.000000000000000000, 1.000000000000000000, -0.000000000000000000 ) ) ;
#1107 = ORIENTED_EDGE ( 'NONE', *, *, #3584, .F. ) ;
#1108 = ORIENTED_EDGE ( 'NONE', *, *, #2134, .T. ) ;
#1109 = DIRECTION ( 'NONE',  ( 0.000000000000000000, 0.000000000000000000, 1.000000000000000000 ) ) ;
#1110 = EDGE_CURVE ( 'NONE', #325, #1792, #2144, .T. ) ;
#1111 = CARTESIAN_POINT ( 'NONE',  ( -249.8586558711692192, 800.0000000000001137, 9.692726202110739209 ) ) ;
#1112 = AXIS2_PLACEMENT_3D ( 'NONE', #1145, #3310, #2329 ) ;
#1113 = VERTEX_POINT ( 'NONE', #2498 ) ;
#1114 = CARTESIAN_POINT ( 'NONE',  ( -290.1850476729546244, 805.0000000000001137, 2.279926096537435498 ) ) ;
#1115 = AXIS2_PLACEMENT_3D ( 'NONE', #3240, #378, #399 ) ;
#1116 = CARTESIAN_POINT ( 'NONE',  ( -164.4197008633243513, 804.0000000000001137, 23.02289892259648951 ) ) ;
#1117 = MANIFOLD_SOLID_BREP ( 'Cut-Extrude5', #3703 ) ;
#1118 = ORIENTED_EDGE ( 'NONE', *, *, #2205, .T. ) ;
#1119 = VECTOR ( 'NONE', #1873, 1000.000000000000114 ) ;
#1120 = VECTOR ( 'NONE', #3808, 1000.000000000000114 ) ;
#1121 = ORIENTED_EDGE ( 'NONE', *, *, #967, .F. ) ;
#1122 = AXIS2_PLACEMENT_3D ( 'NONE', #734, #771, #713 ) ;
#1123 = CARTESIAN_POINT ( 'NONE',  ( -66.52695322057213900, 805.0000000000001137, -70.00554086441651691 ) ) ;
#1124 = LINE ( 'NONE', #1391, #2704 ) ;
#1125 = DIRECTION ( 'NONE',  ( 0.01073934591757915065, 0.000000000000000000, 0.9999423315618068964 ) ) ;
#1126 = ORIENTED_EDGE ( 'NONE', *, *, #2846, .T. ) ;
#1127 = CARTESIAN_POINT ( 'NONE',  ( -257.1713895135033567, 804.0000000000001137, 7.153931678296030938 ) ) ;
#1128 = CARTESIAN_POINT ( 'NONE',  ( -181.6565702130959892, 805.0000000000001137, 22.36918686938166445 ) ) ;
#1129 = LINE ( 'NONE', #2394, #1053 ) ;
#1130 = CARTESIAN_POINT ( 'NONE',  ( -215.2669448463192623, 804.0000000000001137, 8.828999559335404257 ) ) ;
#1131 = ORIENTED_EDGE ( 'NONE', *, *, #1318, .T. ) ;
#1132 = ORIENTED_EDGE ( 'NONE', *, *, #2321, .F. ) ;
#1133 = FACE_OUTER_BOUND ( 'NONE', #2158, .T. ) ;
#1134 = EDGE_CURVE ( 'NONE', #2863, #1425, #3757, .T. ) ;
#1135 = FACE_OUTER_BOUND ( 'NONE', #2587, .T. ) ;
#1136 = EDGE_LOOP ( 'NONE', ( #2619, #2966, #1436, #2624 ) ) ;
#1137 = ORIENTED_EDGE ( 'NONE', *, *, #2205, .F. ) ;
#1138 = CARTESIAN_POINT ( 'NONE',  ( -267.1688184859924604, 805.0000000000001137, 8.607714735570331399 ) ) ;
#1139 = CARTESIAN_POINT ( 'NONE',  ( -123.3137327467875792, 805.0000000000001137, 27.25623171729949945 ) ) ;
#1140 = AXIS2_PLACEMENT_3D ( 'NONE', #1871, #913, #2182 ) ;
#1141 = VERTEX_POINT ( 'NONE', #3151 ) ;
#1142 = VERTEX_POINT ( 'NONE', #3441 ) ;
#1143 = EDGE_CURVE ( 'NONE', #3730, #715, #3327, .T. ) ;
#1144 = CARTESIAN_POINT ( 'NONE',  ( -49.20153583356039206, 804.0000000000001137, -51.77420520022902650 ) ) ;
#1145 = CARTESIAN_POINT ( 'NONE',  ( -195.5153179788389366, 804.0000000000001137, 9.290924107538646837 ) ) ;
#1146 = DIRECTION ( 'NONE',  ( 0.8513302070673183231, 0.000000000000000000, -0.5246302302905513359 ) ) ;
#1147 = ORIENTED_EDGE ( 'NONE', *, *, #1076, .F. ) ;
#1148 = CARTESIAN_POINT ( 'NONE',  ( -287.8070055320702068, 799.9999919999997928, 3.847726476973027943 ) ) ;
#1149 = PLANE ( 'NONE',  #4094 ) ;
#1150 = DIRECTION ( 'NONE',  ( 0.9869698889881115544, 0.000000000000000000, 0.1609050596805300382 ) ) ;
#1151 = DIRECTION ( 'NONE',  ( -0.9996385584632171417, 0.000000000000000000, 0.02688405537825821687 ) ) ;
#1152 = EDGE_CURVE ( 'NONE', #3332, #2742, #55, .T. ) ;
#1153 = ORIENTED_EDGE ( 'NONE', *, *, #2055, .T. ) ;
#1154 = ORIENTED_EDGE ( 'NONE', *, *, #890, .T. ) ;
#1155 = DIRECTION ( 'NONE',  ( 0.000000000000000000, 0.000000000000000000, 1.000000000000000000 ) ) ;
#1156 = CARTESIAN_POINT ( 'NONE',  ( -241.7602381807121219, 804.0000000000001137, 11.50963215707266585 ) ) ;
#1157 = VECTOR ( 'NONE', #1167, 1000.000000000000000 ) ;
#1158 = ORIENTED_EDGE ( 'NONE', *, *, #740, .T. ) ;
#1159 = ORIENTED_EDGE ( 'NONE', *, *, #289, .T. ) ;
#1160 = DIRECTION ( 'NONE',  ( -0.9996497148847961478, 0.000000000000000000, 0.02646596929541375487 ) ) ;
#1161 = CARTESIAN_POINT ( 'NONE',  ( -235.6014818645786590, 805.0000000000001137, 12.83722639092111173 ) ) ;
#1162 = AXIS2_PLACEMENT_3D ( 'NONE', #2901, #42, #2236 ) ;
#1163 = ORIENTED_EDGE ( 'NONE', *, *, #1529, .F. ) ;
#1164 = LINE ( 'NONE', #3691, #2383 ) ;
#1165 = VECTOR ( 'NONE', #1242, 1000.000000000000114 ) ;
#1166 = CARTESIAN_POINT ( 'NONE',  ( -290.1604015055182231, 799.9999920000000202, 1.637864100023814773 ) ) ;
#1167 = DIRECTION ( 'NONE',  ( -0.000000000000000000, 1.000000000000000000, -0.000000000000000000 ) ) ;
#1168 = ORIENTED_EDGE ( 'NONE', *, *, #238, .F. ) ;
#1169 = CARTESIAN_POINT ( 'NONE',  ( -295.2192840323294263, 805.0000000000001137, 1.574556936904933702 ) ) ;
#1170 = DIRECTION ( 'NONE',  ( 0.000000000000000000, 0.000000000000000000, -1.000000000000000000 ) ) ;
#1171 = CARTESIAN_POINT ( 'NONE',  ( -241.9419739741160242, 805.0000000000001137, 11.13052753418785557 ) ) ;
#1172 = CARTESIAN_POINT ( 'NONE',  ( -245.5029835924179622, 804.0000000000001137, 8.073649514971068086 ) ) ;
#1173 = VERTEX_POINT ( 'NONE', #607 ) ;
#1174 = CARTESIAN_POINT ( 'NONE',  ( -255.0045289145436698, 804.0000000000001137, 8.494121269285683340 ) ) ;
#1175 = VECTOR ( 'NONE', #2520, 1000.000000000000000 ) ;
#1176 = CARTESIAN_POINT ( 'NONE',  ( -113.5285485838877975, 804.0000000000001137, 8.528672068350854119 ) ) ;
#1177 = EDGE_CURVE ( 'NONE', #2579, #497, #2259, .T. ) ;
#1178 = ORIENTED_EDGE ( 'NONE', *, *, #1932, .F. ) ;
#1179 = VERTEX_POINT ( 'NONE', #669 ) ;
#1180 = CARTESIAN_POINT ( 'NONE',  ( -149.7391703492796466, 803.9999999999997726, 25.87777162697155120 ) ) ;
#1181 = EDGE_CURVE ( 'NONE', #4034, #3707, #3211, .T. ) ;
#1182 = CARTESIAN_POINT ( 'NONE',  ( -133.7537577194111975, 805.0000000000001137, 26.88888592191672444 ) ) ;
#1183 = ORIENTED_EDGE ( 'NONE', *, *, #3575, .F. ) ;
#1184 = LINE ( 'NONE', #1123, #3252 ) ;
#1185 = CARTESIAN_POINT ( 'NONE',  ( -256.3619925308943834, 804.0000000000001137, 6.835156837752369263 ) ) ;
#1186 = VECTOR ( 'NONE', #2491, 999.9999999999998863 ) ;
#1187 = VERTEX_POINT ( 'NONE', #2246 ) ;
#1188 = DIRECTION ( 'NONE',  ( -0.000000000000000000, 1.000000000000000000, -0.000000000000000000 ) ) ;
#1189 = ORIENTED_EDGE ( 'NONE', *, *, #979, .T. ) ;
#1190 = CARTESIAN_POINT ( 'NONE',  ( -264.2871590456990702, 800.0000000000001137, 7.064132261342629171 ) ) ;
#1191 = CARTESIAN_POINT ( 'NONE',  ( -265.7189512413806938, 805.0000000000001137, 5.831332410554418644 ) ) ;
#1192 = DIRECTION ( 'NONE',  ( 0.000000000000000000, -0.000000000000000000, -1.000000000000000000 ) ) ;
#1193 = ORIENTED_EDGE ( 'NONE', *, *, #3009, .T. ) ;
#1194 = LINE ( 'NONE', #3743, #3586 ) ;
#1195 = VECTOR ( 'NONE', #1661, 1000.000000000000000 ) ;
#1196 = EDGE_CURVE ( 'NONE', #921, #3949, #1891, .T. ) ;
#1197 = CARTESIAN_POINT ( 'NONE',  ( -295.2960495103556013, 805.0000000000001137, 0.3249056940543462169 ) ) ;
#1198 = ORIENTED_EDGE ( 'NONE', *, *, #2149, .T. ) ;
#1199 = ORIENTED_EDGE ( 'NONE', *, *, #2027, .T. ) ;
#1200 = CARTESIAN_POINT ( 'NONE',  ( -148.7881936969120034, 804.0000000000001137, 9.559548402074911522 ) ) ;
#1201 = FACE_OUTER_BOUND ( 'NONE', #816, .T. ) ;
#1202 = B_SPLINE_CURVE_WITH_KNOTS ( 'NONE', 3,
 ( #1127, #812, #2082, #1475, #2437 ),
 .UNSPECIFIED., .F., .F.,
 ( 4, 1, 4 ),
 ( 0.7164752440608137540, 0.7171398451842925237, 0.7192841308877147011 ),
 .UNSPECIFIED. ) ;
#1203 = ORIENTED_EDGE ( 'NONE', *, *, #889, .F. ) ;
#1204 = ADVANCED_FACE ( 'NONE', ( #1261 ), #1548, .F. ) ;
#1205 = CARTESIAN_POINT ( 'NONE',  ( -282.6978133705282517, 799.9999920000000202, 5.318962716800226254 ) ) ;
#1206 = DIRECTION ( 'NONE',  ( 0.6888675014067500157, 0.000000000000000000, 0.7248872777926381739 ) ) ;
#1207 = ADVANCED_FACE ( 'NONE', ( #2550 ), #3996, .F. ) ;
#1208 = VERTEX_POINT ( 'NONE', #2239 ) ;
#1209 = EDGE_LOOP ( 'NONE', ( #126, #3217, #1632, #797 ) ) ;
#1210 = DIRECTION ( 'NONE',  ( -0.7430509880625585373, -0.000000000000000000, -0.6692348086727523127 ) ) ;
#1211 = ORIENTED_EDGE ( 'NONE', *, *, #877, .F. ) ;
#1212 = CARTESIAN_POINT ( 'NONE',  ( -150.2687402496345612, 804.0000000000001137, 9.575102033794678391 ) ) ;
#1213 = LINE ( 'NONE', #1272, #383 ) ;
#1214 = EDGE_CURVE ( 'NONE', #872, #3902, #3518, .T. ) ;
#1215 = VERTEX_POINT ( 'NONE', #2261 ) ;
#1216 = FACE_BOUND ( 'NONE', #1829, .T. ) ;
#1217 = CARTESIAN_POINT ( 'NONE',  ( -257.1160311369276315, 805.0000000000001137, 7.991938233640836664 ) ) ;
#1218 = DIRECTION ( 'NONE',  ( -0.000000000000000000, 1.000000000000000000, -0.000000000000000000 ) ) ;
#1219 = VECTOR ( 'NONE', #63, 1000.000000000000114 ) ;
#1220 = ORIENTED_EDGE ( 'NONE', *, *, #1152, .F. ) ;
#1221 = ORIENTED_EDGE ( 'NONE', *, *, #1849, .F. ) ;
#1222 = CARTESIAN_POINT ( 'NONE',  ( -256.0688354234273447, 804.0000000000001137, 7.579508173038143504 ) ) ;
#1223 = CARTESIAN_POINT ( 'NONE',  ( -112.7508309264629105, 805.0000000000001137, 7.689384925052574538 ) ) ;
#1224 = ORIENTED_EDGE ( 'NONE', *, *, #3146, .T. ) ;
#1225 = CARTESIAN_POINT ( 'NONE',  ( -266.5886069376115870, 799.9999920000000202, 9.579359346406512543 ) ) ;
#1226 = LINE ( 'NONE', #3798, #3980 ) ;
#1227 = ADVANCED_FACE ( 'NONE', ( #3183 ), #1946, .T. ) ;
#1228 = EDGE_LOOP ( 'NONE', ( #3742, #1559, #1168 ) ) ;
#1229 = CARTESIAN_POINT ( 'NONE',  ( -228.1328149042699351, 805.0000000000001137, 8.432706753699708457 ) ) ;
#1230 = EDGE_LOOP ( 'NONE', ( #1068, #2319, #3721, #269 ) ) ;
#1231 = VECTOR ( 'NONE', #357, 999.9999999999998863 ) ;
#1232 = PRODUCT ( 'rib 7 end', 'rib 7 end', '', ( #1473 ) ) ;
#1233 = CARTESIAN_POINT ( 'NONE',  ( -132.2895928815849516, 804.0000000000001137, 26.91158335888606601 ) ) ;
#1234 = DIRECTION ( 'NONE',  ( 0.000000000000000000, 0.000000000000000000, -1.000000000000000000 ) ) ;
#1235 = ORIENTED_EDGE ( 'NONE', *, *, #1819, .F. ) ;
#1236 = FACE_BOUND ( 'NONE', #171, .T. ) ;
#1237 = CARTESIAN_POINT ( 'NONE',  ( -178.0312117117007915, 805.0000000000001137, 9.550500515646506372 ) ) ;
#1238 = CARTESIAN_POINT ( 'NONE',  ( -256.2563826241415654, 805.0000000000001137, 8.197415171186413829 ) ) ;
#1239 = ORIENTED_EDGE ( 'NONE', *, *, #3993, .F. ) ;
#1240 = DIRECTION ( 'NONE',  ( 0.9996385584632171417, 0.000000000000000000, -0.02688405537825784564 ) ) ;
#1241 = ADVANCED_FACE ( 'NONE', ( #3222 ), #3142, .F. ) ;
#1242 = DIRECTION ( 'NONE',  ( -0.02688405537884489688, -0.000000000000000000, -0.9996385584632012655 ) ) ;
#1243 = CARTESIAN_POINT ( 'NONE',  ( -233.2886263910395996, 804.0000000000001137, 13.32257616013490420 ) ) ;
#1244 = CARTESIAN_POINT ( 'NONE',  ( -149.9881244947861774, 805.0000000000001137, 9.572435617176004996 ) ) ;
#1245 = ORIENTED_EDGE ( 'NONE', *, *, #3063, .T. ) ;
#1246 = CARTESIAN_POINT ( 'NONE',  ( -292.2254576542372888, 799.9999920000000202, 1.434434858989688255 ) ) ;
#1247 = B_SPLINE_CURVE_WITH_KNOTS ( 'NONE', 3,
 ( #628, #72, #3485, #2192, #1345 ),
 .UNSPECIFIED., .F., .F.,
 ( 4, 1, 4 ),
 ( 0.9235467367179033271, 0.9291378280682509594, 0.9294838303704563431 ),
 .UNSPECIFIED. ) ;
#1248 = ORIENTED_EDGE ( 'NONE', *, *, #2566, .T. ) ;
#1249 = VECTOR ( 'NONE', #1658, 1000.000000000000000 ) ;
#1250 = CARTESIAN_POINT ( 'NONE',  ( -189.8871197409697800, 800.0000000000001137, 9.390855830577100605 ) ) ;
#1251 = ORIENTED_EDGE ( 'NONE', *, *, #2571, .T. ) ;
#1252 = LINE ( 'NONE', #3546, #523 ) ;
#1253 = CARTESIAN_POINT ( 'NONE',  ( -275.1101811045253953, 799.9999920000000202, 6.552289714360634676 ) ) ;
#1254 = ORIENTED_EDGE ( 'NONE', *, *, #2454, .T. ) ;
#1255 = FACE_BOUND ( 'NONE', #2110, .T. ) ;
#1256 = CARTESIAN_POINT ( 'NONE',  ( -241.9419739741160242, 804.0000000000001137, 11.13052753418785557 ) ) ;
#1257 = DIRECTION ( 'NONE',  ( 0.000000000000000000, 0.000000000000000000, -1.000000000000000000 ) ) ;
#1258 = CIRCLE ( 'NONE', #2187, 6.324999999999983302 ) ;
#1259 = AXIS2_PLACEMENT_3D ( 'NONE', #3276, #3889, #1983 ) ;
#1260 = ORIENTED_EDGE ( 'NONE', *, *, #1634, .F. ) ;
#1261 = FACE_OUTER_BOUND ( 'NONE', #1806, .T. ) ;
#1262 = EDGE_CURVE ( 'NONE', #1173, #847, #990, .T. ) ;
#1263 = PLANE ( 'NONE',  #1490 ) ;
#1264 = LINE ( 'NONE', #2280, #1422 ) ;
#1265 = EDGE_CURVE ( 'NONE', #748, #3701, #1912, .T. ) ;
#1266 = EDGE_CURVE ( 'NONE', #944, #2486, #2202, .T. ) ;
#1267 = CARTESIAN_POINT ( 'NONE',  ( -190.2778826472211335, 804.0000000000001137, 21.11138721320716627 ) ) ;
#1268 = ORIENTED_EDGE ( 'NONE', *, *, #3835, .F. ) ;
#1269 = EDGE_CURVE ( 'NONE', #286, #2560, #3454, .T. ) ;
#1270 = ORIENTED_EDGE ( 'NONE', *, *, #4049, .T. ) ;
#1271 = DIRECTION ( 'NONE',  ( 0.000000000000000000, -1.000000000000000000, 0.000000000000000000 ) ) ;
#1272 = CARTESIAN_POINT ( 'NONE',  ( -113.6756979680784383, 805.0000000000001137, 3.057168747125811770 ) ) ;
#1273 = VERTEX_POINT ( 'NONE', #2509 ) ;
#1274 = FACE_BOUND ( 'NONE', #3892, .T. ) ;
#1275 = FACE_OUTER_BOUND ( 'NONE', #3465, .T. ) ;
#1276 = LINE ( 'NONE', #2570, #3027 ) ;
#1277 = EDGE_CURVE ( 'NONE', #1810, #1421, #3790, .T. ) ;
#1278 = ORIENTED_EDGE ( 'NONE', *, *, #3811, .T. ) ;
#1279 = CARTESIAN_POINT ( 'NONE',  ( -221.5540287521985192, 804.0000000000001137, 15.35548709238198661 ) ) ;
#1280 = LINE ( 'NONE', #661, #3368 ) ;
#1281 = LINE ( 'NONE', #2848, #157 ) ;
#1282 = ADVANCED_FACE ( 'NONE', ( #1569 ), #2845, .T. ) ;
#1283 = EDGE_LOOP ( 'NONE', ( #2150, #596, #3170, #1990 ) ) ;
#1284 = AXIS2_PLACEMENT_3D ( 'NONE', #1791, #3380, #516 ) ;
#1285 = DIRECTION ( 'NONE',  ( -0.000000000000000000, 1.000000000000000000, -0.000000000000000000 ) ) ;
#1286 = VERTEX_POINT ( 'NONE', #2221 ) ;
#1287 = CARTESIAN_POINT ( 'NONE',  ( -250.7667120139427368, 800.0000000000001137, 10.33830807117639772 ) ) ;
#1288 = EDGE_CURVE ( 'NONE', #4068, #1215, #666, .T. ) ;
#1289 = EDGE_LOOP ( 'NONE', ( #629, #1673, #3115, #3954 ) ) ;
#1290 = CARTESIAN_POINT ( 'NONE',  ( -285.8727052897817202, 805.0000000000001137, 2.045397586164800607 ) ) ;
#1291 = CARTESIAN_POINT ( 'NONE',  ( -132.8079613817489815, 800.0000000000001137, 8.488640521341494605 ) ) ;
#1292 = ORIENTED_EDGE ( 'NONE', *, *, #836, .F. ) ;
#1293 = DIRECTION ( 'NONE',  ( 0.000000000000000000, 0.000000000000000000, 1.000000000000000000 ) ) ;
#1294 = VECTOR ( 'NONE', #1566, 1000.000000000000000 ) ;
#1295 = CARTESIAN_POINT ( 'NONE',  ( -204.8832445304088310, 805.0000000000001137, 18.74516666487845029 ) ) ;
#1296 = CARTESIAN_POINT ( 'NONE',  ( -164.3945647709204536, 804.0000000000001137, 9.632451632411738629 ) ) ;
#1297 = ORIENTED_EDGE ( 'NONE', *, *, #4001, .T. ) ;
#1298 = CARTESIAN_POINT ( 'NONE',  ( -151.9060143339745537, 800.0000000000000000, 9.644634931176614856 ) ) ;
#1299 = CARTESIAN_POINT ( 'NONE',  ( -194.9083746375344788, 800.0000000000001137, 9.302397801995864413 ) ) ;
#1300 = CARTESIAN_POINT ( 'NONE',  ( -258.2947075240422805, 800.0000000000001137, 6.291768267488726529 ) ) ;
#1301 = ORIENTED_EDGE ( 'NONE', *, *, #404, .T. ) ;
#1302 = PRODUCT_RELATED_PRODUCT_CATEGORY ( 'part', '', ( #1232 ) ) ;
#1303 = DIRECTION ( 'NONE',  ( -0.7248872777926403943, 0.000000000000000000, 0.6888675014067476843 ) ) ;
#1304 = VERTEX_POINT ( 'NONE', #59 ) ;
#1305 = AXIS2_PLACEMENT_3D ( 'NONE', #1743, #3946, #1724 ) ;
#1306 = CARTESIAN_POINT ( 'NONE',  ( -132.0558163129703644, 805.0000000000001137, 26.96303150527401016 ) ) ;
#1307 = DIRECTION ( 'NONE',  ( 0.9996385584632171417, 0.000000000000000000, -0.02688405537825763400 ) ) ;
#1308 = CARTESIAN_POINT ( 'NONE',  ( -164.9945637137975609, 804.0000000000001137, 9.631325334794968995 ) ) ;
#1309 = ORIENTED_EDGE ( 'NONE', *, *, #765, .F. ) ;
#1310 = CARTESIAN_POINT ( 'NONE',  ( -101.7636842347514090, 800.0000000000001137, 11.19527303853105948 ) ) ;
#1311 = CARTESIAN_POINT ( 'NONE',  ( -260.7875091720493401, 800.0000000000000000, 7.103832978772138596 ) ) ;
#1312 = CARTESIAN_POINT ( 'NONE',  ( -176.8473984958616256, 805.0000000000001137, 11.19227220079777396 ) ) ;
#1313 = VECTOR ( 'NONE', #2300, 1000.000000000000000 ) ;
#1314 = ORIENTED_EDGE ( 'NONE', *, *, #1073, .F. ) ;
#1315 = CARTESIAN_POINT ( 'NONE',  ( -123.0258495498963782, 800.0000000000000000, 8.956862106542860857 ) ) ;
#1316 = B_SPLINE_CURVE_WITH_KNOTS ( 'NONE', 3,
 ( #3519, #1610, #2885, #2595, #3829 ),
 .UNSPECIFIED., .F., .F.,
 ( 4, 1, 4 ),
 ( 0.7820141081642159042, 0.7906192346124359949, 0.7988074126493230898 ),
 .UNSPECIFIED. ) ;
#1317 = VECTOR ( 'NONE', #313, 1000.000000000000000 ) ;
#1318 = EDGE_CURVE ( 'NONE', #2411, #3902, #3196, .T. ) ;
#1319 = VECTOR ( 'NONE', #3449, 1000.000000000000000 ) ;
#1320 = AXIS2_PLACEMENT_3D ( 'NONE', #2374, #794, #2023 ) ;
#1321 = CARTESIAN_POINT ( 'NONE',  ( -112.8759871213101178, 800.0000000000001137, 3.035661502869881900 ) ) ;
#1322 = EDGE_CURVE ( 'NONE', #1376, #3260, #3270, .T. ) ;
#1323 = CARTESIAN_POINT ( 'NONE',  ( -148.6143614906607695, 804.0000000000001137, 25.96668747503414920 ) ) ;
#1324 = ORIENTED_EDGE ( 'NONE', *, *, #1895, .T. ) ;
#1325 = VECTOR ( 'NONE', #2903, 1000.000000000000000 ) ;
#1326 = DIRECTION ( 'NONE',  ( 0.9996385584632171417, 0.000000000000000000, -0.02688405537825779359 ) ) ;
#1327 = CARTESIAN_POINT ( 'NONE',  ( -293.2676002059585585, 799.9999920000000202, 1.330312713632799237 ) ) ;
#1328 = ORIENTED_EDGE ( 'NONE', *, *, #631, .F. ) ;
#1329 = CARTESIAN_POINT ( 'NONE',  ( 0.5721654584183536452, 804.0000000000001137, 21.27501398164558211 ) ) ;
#1330 = EDGE_CURVE ( 'NONE', #2577, #311, #185, .T. ) ;
#1331 = CARTESIAN_POINT ( 'NONE',  ( -112.3038216628890495, 800.0000000000001137, 24.31067548444904958 ) ) ;
#1332 = LINE ( 'NONE', #707, #3353 ) ;
#1333 = ORIENTED_EDGE ( 'NONE', *, *, #367, .T. ) ;
#1334 = CARTESIAN_POINT ( 'NONE',  ( -252.4608865830120124, 805.0000000000001137, 7.408327899663251337 ) ) ;
#1335 = CARTESIAN_POINT ( 'NONE',  ( -132.7570495598756395, 805.0000000000001137, 9.255214942794401267 ) ) ;
#1336 = DIRECTION ( 'NONE',  ( -0.000000000000000000, 1.000000000000000000, -0.000000000000000000 ) ) ;
#1337 = DIRECTION ( 'NONE',  ( -0.000000000000000000, -1.000000000000000000, -0.000000000000000000 ) ) ;
#1338 = EDGE_CURVE ( 'NONE', #1858, #2255, #1996, .T. ) ;
#1339 = CIRCLE ( 'NONE', #2422, 6.324999999999983302 ) ;
#1340 = ORIENTED_EDGE ( 'NONE', *, *, #1668, .T. ) ;
#1341 = CARTESIAN_POINT ( 'NONE',  ( -238.1161579706514431, 804.0000000000001137, 8.063291191234000621 ) ) ;
#1342 = DIRECTION ( 'NONE',  ( -0.02688405537884543811, -0.000000000000000000, -0.9996385584632012655 ) ) ;
#1343 = VERTEX_POINT ( 'NONE', #1331 ) ;
#1344 = ADVANCED_FACE ( 'NONE', ( #2916 ), #638, .T. ) ;
#1345 = CARTESIAN_POINT ( 'NONE',  ( -260.8337779114087880, 805.0000000000001137, 6.940564282570123922 ) ) ;
#1346 = DIRECTION ( 'NONE',  ( -0.8513302070673179900, 0.000000000000000000, 0.5246302302905517800 ) ) ;
#1347 = VECTOR ( 'NONE', #319, 1000.000000000000000 ) ;
#1348 = VERTEX_POINT ( 'NONE', #3821 ) ;
#1349 = CARTESIAN_POINT ( 'NONE',  ( -267.1688184859924604, 799.9999920000000202, 8.607714735570329623 ) ) ;
#1350 = CIRCLE ( 'NONE', #2154, 6.324999999999983302 ) ;
#1351 = EDGE_CURVE ( 'NONE', #3906, #1431, #1352, .T. ) ;
#1352 = LINE ( 'NONE', #390, #3660 ) ;
#1353 = CARTESIAN_POINT ( 'NONE',  ( -248.5104516239167936, 805.0000000000001137, 10.00099284819185108 ) ) ;
#1354 = EDGE_LOOP ( 'NONE', ( #4101, #679, #2324, #2819, #1881 ) ) ;
#1355 = CARTESIAN_POINT ( 'NONE',  ( -265.5219321234524728, 799.9999920000000202, 2.837808823346289255 ) ) ;
#1356 = CARTESIAN_POINT ( 'NONE',  ( -200.4233210937087506, 805.0000000000003411, 19.51179646880439833 ) ) ;
#1357 = DIRECTION ( 'NONE',  ( 0.8323741106893918218, 0.000000000000000000, 0.5542141642488435105 ) ) ;
#1358 = CARTESIAN_POINT ( 'NONE',  ( -176.8312704554481343, 805.0000000000001137, 9.562374080523937891 ) ) ;
#1359 = ORIENTED_EDGE ( 'NONE', *, *, #2200, .T. ) ;
#1360 = CARTESIAN_POINT ( 'NONE',  ( -260.8337779111442387, 800.0000000000001137, 6.940564282586051625 ) ) ;
#1361 = LINE ( 'NONE', #3346, #1487 ) ;
#1362 = EDGE_CURVE ( 'NONE', #2474, #1022, #960, .T. ) ;
#1363 = ORIENTED_EDGE ( 'NONE', *, *, #2554, .F. ) ;
#1364 = DIRECTION ( 'NONE',  ( -0.000000000000000000, 1.000000000000000000, -0.000000000000000000 ) ) ;
#1365 = DIRECTION ( 'NONE',  ( 0.000000000000000000, 1.000000000000000000, 0.000000000000000000 ) ) ;
#1366 = VECTOR ( 'NONE', #1432, 1000.000000000000000 ) ;
#1367 = ORIENTED_EDGE ( 'NONE', *, *, #2935, .T. ) ;
#1368 = LINE ( 'NONE', #3250, #1384 ) ;
#1369 = CARTESIAN_POINT ( 'NONE',  ( -260.6240663350685622, 805.0000000000000000, 6.159236989585846977 ) ) ;
#1370 = CARTESIAN_POINT ( 'NONE',  ( -148.7718042799496061, 804.0000000000001137, 11.08556981307087774 ) ) ;
#1371 = VERTEX_POINT ( 'NONE', #2564 ) ;
#1372 = DIRECTION ( 'NONE',  ( 0.000000000000000000, 0.000000000000000000, -1.000000000000000000 ) ) ;
#1373 = CARTESIAN_POINT ( 'NONE',  ( -229.2634781952536116, 805.0000000000001137, 8.393818420997043006 ) ) ;
#1374 = FACE_OUTER_BOUND ( 'NONE', #439, .T. ) ;
#1375 = LINE ( 'NONE', #1045, #3927 ) ;
#1376 = VERTEX_POINT ( 'NONE', #2253 ) ;
#1377 = CARTESIAN_POINT ( 'NONE',  ( -79.01260360124966553, 804.0000000000001137, -83.14404587073116204 ) ) ;
#1378 = DIRECTION ( 'NONE',  ( 0.000000000000000000, 0.000000000000000000, -1.000000000000000000 ) ) ;
#1379 = ADVANCED_FACE ( 'NONE', ( #3904 ), #3215, .F. ) ;
#1380 = AXIS2_PLACEMENT_3D ( 'NONE', #3960, #2719, #824 ) ;
#1381 = EDGE_CURVE ( 'NONE', #220, #1816, #1641, .T. ) ;
#1382 = ORIENTED_EDGE ( 'NONE', *, *, #4007, .T. ) ;
#1383 = CARTESIAN_POINT ( 'NONE',  ( -63.30337484742598519, 804.0000000000001137, 61.45559214547110116 ) ) ;
#1384 = VECTOR ( 'NONE', #1389, 1000.000000000000000 ) ;
#1385 = DIRECTION ( 'NONE',  ( 0.000000000000000000, -1.000000000000000000, 0.000000000000000000 ) ) ;
#1386 = ORIENTED_EDGE ( 'NONE', *, *, #1932, .T. ) ;
#1387 = EDGE_CURVE ( 'NONE', #1721, #858, #788, .T. ) ;
#1388 = EDGE_CURVE ( 'NONE', #2803, #738, #2423, .T. ) ;
#1389 = DIRECTION ( 'NONE',  ( -0.000000000000000000, 1.000000000000000000, -0.000000000000000000 ) ) ;
#1390 = B_SPLINE_CURVE_WITH_KNOTS ( 'NONE', 3,
 ( #1373, #3552, #3933, #2257 ),
 .UNSPECIFIED., .F., .F.,
 ( 4, 4 ),
 ( 0.8794714910334887614, 0.8932818302118249454 ),
 .UNSPECIFIED. ) ;
#1391 = CARTESIAN_POINT ( 'NONE',  ( 0.2273156052836214358, 800.0000000000001137, 8.452349944409252913 ) ) ;
#1392 = ORIENTED_EDGE ( 'NONE', *, *, #2935, .F. ) ;
#1393 = CARTESIAN_POINT ( 'NONE',  ( -112.2823144185779682, 805.0000000000001137, 25.11038633121939867 ) ) ;
#1394 = EDGE_CURVE ( 'NONE', #2336, #715, #1845, .T. ) ;
#1395 = CARTESIAN_POINT ( 'NONE',  ( -249.4100451870333472, 804.0000000000001137, 9.795693058987268387 ) ) ;
#1396 = DIRECTION ( 'NONE',  ( 0.000000000000000000, 1.000000000000000000, 0.000000000000000000 ) ) ;
#1397 = CARTESIAN_POINT ( 'NONE',  ( -228.1328149181576350, 804.0000000000001137, 8.432706753226261398 ) ) ;
#1398 = VERTEX_POINT ( 'NONE', #135 ) ;
#1399 = ORIENTED_EDGE ( 'NONE', *, *, #2530, .F. ) ;
#1400 = DIRECTION ( 'NONE',  ( -0.7248872777926389510, 0.000000000000000000, 0.6888675014067492386 ) ) ;
#1401 = CARTESIAN_POINT ( 'NONE',  ( -164.4223317607596471, 804.0000000000001137, 24.42442517682594882 ) ) ;
#1402 = ORIENTED_EDGE ( 'NONE', *, *, #664, .T. ) ;
#1403 = DIRECTION ( 'NONE',  ( 0.7248872777925956523, 0.000000000000000000, -0.6888675014067946467 ) ) ;
#1404 = EDGE_CURVE ( 'NONE', #1547, #1835, #2345, .T. ) ;
#1405 = DIRECTION ( 'NONE',  ( 0.6407894207433059153, 0.000000000000000000, 0.7677166914060540304 ) ) ;
#1406 = VERTEX_POINT ( 'NONE', #3692 ) ;
#1407 = CARTESIAN_POINT ( 'NONE',  ( -287.8070055318488016, 799.9999920000000202, 3.847726477039149717 ) ) ;
#1408 = AXIS2_PLACEMENT_3D ( 'NONE', #1841, #3199, #3495 ) ;
#1409 = CARTESIAN_POINT ( 'NONE',  ( -265.5219321219682342, 799.9999920000000202, 2.837808823443976891 ) ) ;
#1410 = DIRECTION ( 'NONE',  ( 0.6888675014067504598, 0.000000000000000000, 0.7248872777926377298 ) ) ;
#1411 = EDGE_CURVE ( 'NONE', #3912, #3015, #448, .T. ) ;
#1412 = EDGE_LOOP ( 'NONE', ( #2248, #2184, #2424, #3475 ) ) ;
#1413 = CARTESIAN_POINT ( 'NONE',  ( -277.4549981302085371, 805.0000000000001137, 6.762558882512831993 ) ) ;
#1414 = LINE ( 'NONE', #205, #285 ) ;
#1415 = DIRECTION ( 'NONE',  ( 0.000000000000000000, 1.000000000000000000, 0.000000000000000000 ) ) ;
#1416 = LINE ( 'NONE', #3342, #363 ) ;
#1417 = ORIENTED_EDGE ( 'NONE', *, *, #309, .T. ) ;
#1418 = VERTEX_POINT ( 'NONE', #1453 ) ;
#1419 = LINE ( 'NONE', #3956, #3521 ) ;
#1420 = CARTESIAN_POINT ( 'NONE',  ( -300.0000000000000000, 799.9999920000000202, 0.000000000000000000 ) ) ;
#1421 = VERTEX_POINT ( 'NONE', #3605 ) ;
#1422 = VECTOR ( 'NONE', #2536, 1000.000000000000114 ) ;
#1423 = CARTESIAN_POINT ( 'NONE',  ( -280.6338063822639128, 805.0000000000001137, 5.055185953166550838 ) ) ;
#1424 = CARTESIAN_POINT ( 'NONE',  ( -189.7936300697764409, 805.0000000000001137, 21.18474622708733079 ) ) ;
#1425 = VERTEX_POINT ( 'NONE', #118 ) ;
#1426 = ORIENTED_EDGE ( 'NONE', *, *, #4083, .T. ) ;
#1427 = CARTESIAN_POINT ( 'NONE',  ( -222.8468073653594104, 805.0000000000001137, 7.840947217310170636 ) ) ;
#1428 = CARTESIAN_POINT ( 'NONE',  ( -242.2175209746788767, 804.0000000000001137, 10.84057262307062963 ) ) ;
#1429 = EDGE_CURVE ( 'NONE', #1113, #2448, #179, .T. ) ;
#1430 = CARTESIAN_POINT ( 'NONE',  ( -260.8576000460735713, 799.9999920000000202, 7.086686038566270440 ) ) ;
#1431 = VERTEX_POINT ( 'NONE', #2724 ) ;
#1432 = DIRECTION ( 'NONE',  ( -0.02688405537825821340, -0.000000000000000000, -0.9996385584632171417 ) ) ;
#1433 = CARTESIAN_POINT ( 'NONE',  ( -112.6248457536031253, 804.0000000000001137, 12.37393250582479709 ) ) ;
#1434 = CARTESIAN_POINT ( 'NONE',  ( -249.3248647807647558, 804.0000000000001137, 10.17348941216916636 ) ) ;
#1435 = CARTESIAN_POINT ( 'NONE',  ( -221.5540287521985192, 804.0000000000001137, 15.35548709238198661 ) ) ;
#1436 = ORIENTED_EDGE ( 'NONE', *, *, #1050, .F. ) ;
#1437 = VERTEX_POINT ( 'NONE', #3065 ) ;
#1438 = CARTESIAN_POINT ( 'NONE',  ( -132.3252790877531311, 805.0000000000001137, 25.56367482687098303 ) ) ;
#1439 = CARTESIAN_POINT ( 'NONE',  ( -190.3274728786130083, 805.0000000000001137, 21.10387942403168182 ) ) ;
#1440 = CIRCLE ( 'NONE', #1112, 0.4000000000000045186 ) ;
#1441 = ORIENTED_EDGE ( 'NONE', *, *, #3121, .T. ) ;
#1442 = AXIS2_PLACEMENT_3D ( 'NONE', #2789, #2185, #1898 ) ;
#1443 = EDGE_CURVE ( 'NONE', #1799, #2579, #1124, .T. ) ;
#1444 = ORIENTED_EDGE ( 'NONE', *, *, #1443, .T. ) ;
#1445 = CARTESIAN_POINT ( 'NONE',  ( -192.5000000000002274, 800.0000000000001137, 15.15093237103806700 ) ) ;
#1446 = CARTESIAN_POINT ( 'NONE',  ( -109.7378762676476498, 804.0000000000001137, 91.59481740374727110 ) ) ;
#1447 = ORIENTED_EDGE ( 'NONE', *, *, #1875, .T. ) ;
#1448 = VECTOR ( 'NONE', #2399, 1000.000000000000000 ) ;
#1449 = ORIENTED_EDGE ( 'NONE', *, *, #2321, .T. ) ;
#1450 = EDGE_CURVE ( 'NONE', #3355, #1215, #1440, .T. ) ;
#1451 = VECTOR ( 'NONE', #2289, 1000.000000000000000 ) ;
#1452 = CARTESIAN_POINT ( 'NONE',  ( -173.4395179607336104, 805.0000000000001137, 8.866531246998681226 ) ) ;
#1453 = CARTESIAN_POINT ( 'NONE',  ( -102.2995470815227037, 805.0000000000001137, 21.28692364242538204 ) ) ;
#1454 = LINE ( 'NONE', #3066, #2615 ) ;
#1455 = ORIENTED_EDGE ( 'NONE', *, *, #462, .F. ) ;
#1456 = CARTESIAN_POINT ( 'NONE',  ( -269.3505351009391120, 799.9999919999997928, 8.883550396655449433 ) ) ;
#1457 = FACE_OUTER_BOUND ( 'NONE', #3526, .T. ) ;
#1458 = CARTESIAN_POINT ( 'NONE',  ( -141.1614346981550625, 800.0000000000001137, 27.35412429335869788 ) ) ;
#1459 = FACE_OUTER_BOUND ( 'NONE', #4064, .T. ) ;
#1460 = EDGE_CURVE ( 'NONE', #3165, #1972, #3668, .T. ) ;
#1461 = VERTEX_POINT ( 'NONE', #427 ) ;
#1462 = VERTEX_POINT ( 'NONE', #2659 ) ;
#1463 = DIRECTION ( 'NONE',  ( 0.06567303980416458464, 0.000000000000000000, -0.9978411957034448720 ) ) ;
#1464 = LINE ( 'NONE', #235, #635 ) ;
#1465 = ORIENTED_EDGE ( 'NONE', *, *, #2176, .F. ) ;
#1466 = EDGE_LOOP ( 'NONE', ( #2654, #2494, #2459, #3359 ) ) ;
#1467 = LINE ( 'NONE', #1824, #3479 ) ;
#1468 = CARTESIAN_POINT ( 'NONE',  ( -148.6125551966295006, 804.0000000000001137, 25.91327914437580304 ) ) ;
#1469 = ORIENTED_EDGE ( 'NONE', *, *, #601, .T. ) ;
#1470 = ORIENTED_EDGE ( 'NONE', *, *, #2712, .T. ) ;
#1471 = LINE ( 'NONE', #2723, #3460 ) ;
#1472 = CARTESIAN_POINT ( 'NONE',  ( -214.4271038798466407, 804.0000000000001137, 9.134510303739020287 ) ) ;
#1473 = PRODUCT_CONTEXT ( 'NONE', #4116, 'mechanical' ) ;
#1474 = EDGE_LOOP ( 'NONE', ( #1193, #1235, #2032, #4003 ) ) ;
#1475 = CARTESIAN_POINT ( 'NONE',  ( -255.8729201739221537, 804.0000000000002274, 7.226337629610783075 ) ) ;
#1476 = CARTESIAN_POINT ( 'NONE',  ( -249.8586558847691776, 804.0000000000001137, 9.692726198989230824 ) ) ;
#1477 = DIRECTION ( 'NONE',  ( 0.1609050596805300382, 0.000000000000000000, -0.9869698889881115544 ) ) ;
#1478 = CYLINDRICAL_SURFACE ( 'NONE', #1588, 0.4000000000000045186 ) ;
#1479 = ADVANCED_FACE ( 'NONE', ( #3625 ), #471, .F. ) ;
#1480 = ORIENTED_EDGE ( 'NONE', *, *, #2889, .T. ) ;
#1481 = CARTESIAN_POINT ( 'NONE',  ( -238.4144342001442567, 805.0000000000001137, 8.330081765032456786 ) ) ;
#1482 = CARTESIAN_POINT ( 'NONE',  ( -287.7366072063900901, 805.0000000000001137, 1.077373546353734390 ) ) ;
#1483 = EDGE_LOOP ( 'NONE', ( #377, #35, #684, #2721 ) ) ;
#1484 = ORIENTED_EDGE ( 'NONE', *, *, #3266, .T. ) ;
#1485 = CARTESIAN_POINT ( 'NONE',  ( -148.9397601185806650, 804.0000000000000000, 25.94133847265598547 ) ) ;
#1486 = CARTESIAN_POINT ( 'NONE',  ( -176.9684519223427230, 804.0000000000001137, 22.98833891310567168 ) ) ;
#1487 = VECTOR ( 'NONE', #3280, 1000.000000000000000 ) ;
#1488 = VERTEX_POINT ( 'NONE', #1101 ) ;
#1489 = CARTESIAN_POINT ( 'NONE',  ( -143.6891950074856652, 805.0000000000001137, 9.500873599543140813 ) ) ;
#1490 = AXIS2_PLACEMENT_3D ( 'NONE', #1913, #3792, #4134 ) ;
#1491 = CARTESIAN_POINT ( 'NONE',  ( -50.02817683524102677, 804.0000000000001137, -52.64406993357871301 ) ) ;
#1492 = ORIENTED_EDGE ( 'NONE', *, *, #683, .T. ) ;
#1493 = CARTESIAN_POINT ( 'NONE',  ( -164.9945637137975609, 805.0000000000001137, 9.631325334794968995 ) ) ;
#1494 = ORIENTED_EDGE ( 'NONE', *, *, #349, .F. ) ;
#1495 = CARTESIAN_POINT ( 'NONE',  ( -133.1865977618871568, 804.0000000000002274, 26.91476152578283632 ) ) ;
#1496 = DIRECTION ( 'NONE',  ( 0.6888675014067938696, 0.000000000000000000, 0.7248872777925964295 ) ) ;
#1497 = CARTESIAN_POINT ( 'NONE',  ( -123.3137327467875792, 800.0000000000001137, 27.25623171729949945 ) ) ;
#1498 = ORIENTED_EDGE ( 'NONE', *, *, #825, .F. ) ;
#1499 = DIRECTION ( 'NONE',  ( 0.000000000000000000, 0.000000000000000000, -1.000000000000000000 ) ) ;
#1500 = CARTESIAN_POINT ( 'NONE',  ( -292.8379051515317428, 805.0000000000001137, 0.5759372687055264173 ) ) ;
#1501 = EDGE_LOOP ( 'NONE', ( #1931, #2796, #1890, #3173 ) ) ;
#1502 = EDGE_CURVE ( 'NONE', #2947, #479, #2365, .T. ) ;
#1503 = ORIENTED_EDGE ( 'NONE', *, *, #717, .F. ) ;
#1504 = LINE ( 'NONE', #3144, #4017 ) ;
#1505 = ADVANCED_FACE ( 'NONE', ( #4076 ), #4054, .F. ) ;
#1506 = EDGE_CURVE ( 'NONE', #955, #39, #173, .T. ) ;
#1507 = CARTESIAN_POINT ( 'NONE',  ( -148.6125551966295006, 805.0000000000001137, 25.91327914437580304 ) ) ;
#1508 = VERTEX_POINT ( 'NONE', #3714 ) ;
#1509 = CARTESIAN_POINT ( 'NONE',  ( -266.5886069376115870, 799.9999920000000202, 9.579359346406512543 ) ) ;
#1510 = VECTOR ( 'NONE', #791, 1000.000000000000000 ) ;
#1511 = DIRECTION ( 'NONE',  ( -0.6407894207433059153, -0.000000000000000000, -0.7677166914060541414 ) ) ;
#1512 = VECTOR ( 'NONE', #1210, 1000.000000000000114 ) ;
#1513 = ORIENTED_EDGE ( 'NONE', *, *, #2136, .T. ) ;
#1514 = DIRECTION ( 'NONE',  ( -0.7248872777925956523, 0.000000000000000000, 0.6888675014067946467 ) ) ;
#1515 = VECTOR ( 'NONE', #2014, 1000.000000000000000 ) ;
#1516 = ORIENTED_EDGE ( 'NONE', *, *, #1404, .F. ) ;
#1517 = CARTESIAN_POINT ( 'NONE',  ( -259.4640068570271865, 800.0000000000001137, 8.261595196955697773 ) ) ;
#1518 = CARTESIAN_POINT ( 'NONE',  ( -245.9879733558652504, 804.0000000000001137, 7.724571797890878777 ) ) ;
#1519 = CARTESIAN_POINT ( 'NONE',  ( -251.8022909279662542, 805.0000000000001137, 7.942175760401747553 ) ) ;
#1520 = ADVANCED_FACE ( 'NONE', ( #2456 ), #3464, .T. ) ;
#1521 = ORIENTED_EDGE ( 'NONE', *, *, #3371, .F. ) ;
#1522 = FACE_BOUND ( 'NONE', #2093, .T. ) ;
#1523 = VECTOR ( 'NONE', #910, 1000.000000000000000 ) ;
#1524 = CARTESIAN_POINT ( 'NONE',  ( -196.3571183543445215, 805.0000000000001137, 20.16374226176603202 ) ) ;
#1525 = LINE ( 'NONE', #2485, #2955 ) ;
#1526 = ORIENTED_EDGE ( 'NONE', *, *, #2889, .F. ) ;
#1527 = EDGE_LOOP ( 'NONE', ( #1455, #2907, #2702, #2764 ) ) ;
#1528 = CARTESIAN_POINT ( 'NONE',  ( -148.6143614906607695, 804.0000000000001137, 25.96668747503414920 ) ) ;
#1529 = EDGE_CURVE ( 'NONE', #293, #1721, #3320, .T. ) ;
#1530 = CARTESIAN_POINT ( 'NONE',  ( -234.4537921693520843, 805.0000000000001137, 13.07848260166416843 ) ) ;
#1531 = ORIENTED_EDGE ( 'NONE', *, *, #224, .T. ) ;
#1532 = DIRECTION ( 'NONE',  ( -0.8419453725790534415, 0.000000000000000000, 0.5395627763223836970 ) ) ;
#1533 = VECTOR ( 'NONE', #972, 1000.000000000000114 ) ;
#1534 = CARTESIAN_POINT ( 'NONE',  ( -214.4271038798466407, 804.0000000000001137, 9.134510303739020287 ) ) ;
#1535 = ORIENTED_EDGE ( 'NONE', *, *, #651, .F. ) ;
#1536 = CARTESIAN_POINT ( 'NONE',  ( -206.0353436069070483, 805.0000000000001137, 18.54572545475297218 ) ) ;
#1537 = LINE ( 'NONE', #2813, #4066 ) ;
#1538 = ORIENTED_EDGE ( 'NONE', *, *, #3021, .F. ) ;
#1539 = CARTESIAN_POINT ( 'NONE',  ( -274.6155771348952044, 799.9999920000000202, 2.997052627295858418 ) ) ;
#1540 = ADVANCED_FACE ( 'NONE', ( #3128 ), #540, .F. ) ;
#1541 = DIRECTION ( 'NONE',  ( 0.2442954651673956978, 0.000000000000000000, -0.9697008434041117786 ) ) ;
#1542 = EDGE_LOOP ( 'NONE', ( #3545, #2782, #878, #1047 ) ) ;
#1543 = CARTESIAN_POINT ( 'NONE',  ( -92.50000000000000000, 800.0000000000001137, 16.74722354252675771 ) ) ;
#1544 = FACE_OUTER_BOUND ( 'NONE', #2840, .T. ) ;
#1545 = CARTESIAN_POINT ( 'NONE',  ( -255.5520548874175120, 805.0000000000001137, 8.364696404850086253 ) ) ;
#1546 = CIRCLE ( 'NONE', #3888, 10.79999999999999005 ) ;
#1547 = VERTEX_POINT ( 'NONE', #3733 ) ;
#1548 = PLANE ( 'NONE',  #600 ) ;
#1549 = LINE ( 'NONE', #642, #3901 ) ;
#1550 = FACE_OUTER_BOUND ( 'NONE', #1542, .T. ) ;
#1551 = AXIS2_PLACEMENT_3D ( 'NONE', #1308, #2310, #2586 ) ;
#1552 = CARTESIAN_POINT ( 'NONE',  ( -190.3522683579552108, 805.0000000000001137, 21.10012339114813429 ) ) ;
#1553 = ORIENTED_EDGE ( 'NONE', *, *, #2070, .F. ) ;
#1554 = CARTESIAN_POINT ( 'NONE',  ( -83.70945874278774568, 804.0000000000001137, 79.54992100821259271 ) ) ;
#1555 = AXIS2_PLACEMENT_3D ( 'NONE', #4128, #1586, #636 ) ;
#1556 = ORIENTED_EDGE ( 'NONE', *, *, #360, .T. ) ;
#1557 = CARTESIAN_POINT ( 'NONE',  ( -196.2236163048101787, 800.0000000000001137, 21.18604354544763169 ) ) ;
#1558 = DIRECTION ( 'NONE',  ( 0.000000000000000000, 0.000000000000000000, 1.000000000000000000 ) ) ;
#1559 = ORIENTED_EDGE ( 'NONE', *, *, #877, .T. ) ;
#1560 = FACE_OUTER_BOUND ( 'NONE', #1596, .T. ) ;
#1561 = EDGE_CURVE ( 'NONE', #1179, #3365, #1808, .T. ) ;
#1562 = CARTESIAN_POINT ( 'NONE',  ( -117.3872845654307042, 800.0000000000001137, 27.32359723883179825 ) ) ;
#1563 = ORIENTED_EDGE ( 'NONE', *, *, #2264, .T. ) ;
#1564 = FACE_BOUND ( 'NONE', #576, .T. ) ;
#1565 = PLANE ( 'NONE',  #830 ) ;
#1566 = DIRECTION ( 'NONE',  ( 0.000000000000000000, -1.000000000000000000, 0.000000000000000000 ) ) ;
#1567 = PRESENTATION_LAYER_ASSIGNMENT (  '', '', ( #3374 ) ) ;
#1568 = ORIENTED_EDGE ( 'NONE', *, *, #4001, .F. ) ;
#1569 = FACE_OUTER_BOUND ( 'NONE', #561, .T. ) ;
#1570 = EDGE_CURVE ( 'NONE', #1304, #3812, #3754, .T. ) ;
#1571 = CARTESIAN_POINT ( 'NONE',  ( -248.5104516239174757, 804.0000000000001137, 10.00099284819229695 ) ) ;
#1572 = DIRECTION ( 'NONE',  ( 0.9999423315618068964, 0.000000000000000000, -0.01073934591757915065 ) ) ;
#1573 = EDGE_CURVE ( 'NONE', #3254, #1584, #4118, .T. ) ;
#1574 = B_SPLINE_CURVE_WITH_KNOTS ( 'NONE', 3,
 ( #610, #3840, #2815, #4102, #2501, #2194, #649, #36, #4124 ),
 .UNSPECIFIED., .F., .F.,
 ( 4, 1, 1, 1, 1, 1, 4 ),
 ( 0.9389019328317708135, 0.9448400810633539315, 0.9507782292949371605, 0.9626545257581033965, 0.9745308222212696325, 0.9804689704528527505, 0.9864071186844358685 ),
 .UNSPECIFIED. ) ;
#1575 = CARTESIAN_POINT ( 'NONE',  ( -214.4271038798466407, 805.0000000000001137, 9.134510303739020287 ) ) ;
#1576 = EDGE_LOOP ( 'NONE', ( #1984, #3389, #1553 ) ) ;
#1577 = CARTESIAN_POINT ( 'NONE',  ( -252.0157015678383061, 804.0000000000002274, 7.431360752369295497 ) ) ;
#1578 = EDGE_CURVE ( 'NONE', #2902, #2970, #1226, .T. ) ;
#1579 = VECTOR ( 'NONE', #3098, 999.9999999999998863 ) ;
#1580 = ORIENTED_EDGE ( 'NONE', *, *, #4050, .F. ) ;
#1581 = DIRECTION ( 'NONE',  ( -0.9996385584632171417, 0.000000000000000000, 0.02688405537825784911 ) ) ;
#1582 = VECTOR ( 'NONE', #1192, 1000.000000000000000 ) ;
#1583 = CARTESIAN_POINT ( 'NONE',  ( -248.4092376083339104, 799.9999920000000202, -62.58141432606362287 ) ) ;
#1584 = VERTEX_POINT ( 'NONE', #579 ) ;
#1585 = FACE_BOUND ( 'NONE', #2605, .T. ) ;
#1586 = DIRECTION ( 'NONE',  ( 0.000000000000000000, 1.000000000000000000, 0.000000000000000000 ) ) ;
#1587 = CARTESIAN_POINT ( 'NONE',  ( -132.7570444405470198, 804.0000000000001137, 9.255407141683583916 ) ) ;
#1588 = AXIS2_PLACEMENT_3D ( 'NONE', #566, #2170, #3720 ) ;
#1589 = EDGE_CURVE ( 'NONE', #3707, #1113, #917, .T. ) ;
#1590 = ORIENTED_EDGE ( 'NONE', *, *, #1388, .T. ) ;
#1591 = CARTESIAN_POINT ( 'NONE',  ( -189.8871197410761908, 800.0000000000000000, 9.390855830575343788 ) ) ;
#1592 = CARTESIAN_POINT ( 'NONE',  ( -132.0558163129703644, 804.0000000000001137, 26.96303150527401016 ) ) ;
#1593 = CARTESIAN_POINT ( 'NONE',  ( -234.0545347927723299, 805.0000000000001137, 13.49861650587893713 ) ) ;
#1594 = VERTEX_POINT ( 'NONE', #2164 ) ;
#1595 = CARTESIAN_POINT ( 'NONE',  ( -280.0929048604700142, 805.0000000000001137, 6.043931826251222716 ) ) ;
#1596 = EDGE_LOOP ( 'NONE', ( #345, #1301, #4025, #1444, #2883, #2273 ) ) ;
#1597 = CARTESIAN_POINT ( 'NONE',  ( -119.0667696627177463, 800.0000000000001137, 28.12804715761673791 ) ) ;
#1598 = B_SPLINE_CURVE_WITH_KNOTS ( 'NONE', 3,
 ( #2413, #3989, #2728, #1128, #3404 ),
 .UNSPECIFIED., .F., .F.,
 ( 4, 1, 4 ),
 ( 0.1160354663449647550, 0.1162843833321219045, 0.1265516576460990750 ),
 .UNSPECIFIED. ) ;
#1599 = ORIENTED_EDGE ( 'NONE', *, *, #1288, .T. ) ;
#1600 = DIRECTION ( 'NONE',  ( 0.009894637397860176625, 0.000000000000000000, -0.9999510468771782845 ) ) ;
#1601 = CARTESIAN_POINT ( 'NONE',  ( -173.4395179607336104, 805.0000000000000000, 8.866531246998681226 ) ) ;
#1602 = ORIENTED_EDGE ( 'NONE', *, *, #2027, .F. ) ;
#1603 = PLANE ( 'NONE',  #1986 ) ;
#1604 = FACE_OUTER_BOUND ( 'NONE', #3665, .T. ) ;
#1605 = EDGE_CURVE ( 'NONE', #3967, #817, #3439, .T. ) ;
#1606 = B_SPLINE_CURVE_WITH_KNOTS ( 'NONE', 3,
 ( #3952, #2316, #104, #3237, #751 ),
 .UNSPECIFIED., .F., .F.,
 ( 4, 1, 4 ),
 ( 0.9063446169645016370, 0.9081862576974655266, 0.9138388755448292322 ),
 .UNSPECIFIED. ) ;
#1607 = CARTESIAN_POINT ( 'NONE',  ( -264.6795704296161489, 799.9999919999999065, 5.899739385249729295 ) ) ;
#1608 = ORIENTED_EDGE ( 'NONE', *, *, #832, .F. ) ;
#1609 = CARTESIAN_POINT ( 'NONE',  ( -113.5285485838877975, 805.0000000000002274, 8.528672068350854119 ) ) ;
#1610 = CARTESIAN_POINT ( 'NONE',  ( -167.4825542092883097, 805.0000000000001137, 9.625721798540517682 ) ) ;
#1611 = DIRECTION ( 'NONE',  ( -0.02688405537843112716, -0.000000000000000000, -0.9996385584632124788 ) ) ;
#1612 = ORIENTED_EDGE ( 'NONE', *, *, #2989, .T. ) ;
#1613 = AXIS2_PLACEMENT_3D ( 'NONE', #409, #2897, #2565 ) ;
#1614 = DIRECTION ( 'NONE',  ( -0.5542141642488525033, 0.000000000000000000, 0.8323741106893858266 ) ) ;
#1615 = ORIENTED_EDGE ( 'NONE', *, *, #2610, .T. ) ;
#1616 = VERTEX_POINT ( 'NONE', #3417 ) ;
#1617 = CARTESIAN_POINT ( 'NONE',  ( 0.2273156052836214358, 800.0000000000001137, 8.452349944409252913 ) ) ;
#1618 = ADVANCED_FACE ( 'NONE', ( #3776 ), #3101, .T. ) ;
#1619 = DIRECTION ( 'NONE',  ( 0.6888675014067495717, 0.000000000000000000, 0.7248872777926386179 ) ) ;
#1620 = CYLINDRICAL_SURFACE ( 'NONE', #1551, 0.5999999999999928724 ) ;
#1621 = EDGE_CURVE ( 'NONE', #4091, #957, #1877, .T. ) ;
#1622 = ORIENTED_EDGE ( 'NONE', *, *, #2381, .F. ) ;
#1623 = LINE ( 'NONE', #1310, #723 ) ;
#1624 = VECTOR ( 'NONE', #2338, 1000.000000000000114 ) ;
#1625 = CARTESIAN_POINT ( 'NONE',  ( -266.3727187654359909, 799.9999920000000202, 3.583167371675653801 ) ) ;
#1626 = LINE ( 'NONE', #2923, #2161 ) ;
#1627 = ORIENTED_EDGE ( 'NONE', *, *, #1750, .F. ) ;
#1628 = DIRECTION ( 'NONE',  ( 0.6888675014067503488, 0.000000000000000000, 0.7248872777926378408 ) ) ;
#1629 = ORIENTED_EDGE ( 'NONE', *, *, #3063, .F. ) ;
#1630 = CARTESIAN_POINT ( 'NONE',  ( -115.5180971449280918, 800.0000000000001137, 7.824897445543956387 ) ) ;
#1631 = EDGE_CURVE ( 'NONE', #107, #198, #2774, .T. ) ;
#1632 = ORIENTED_EDGE ( 'NONE', *, *, #151, .T. ) ;
#1633 = CARTESIAN_POINT ( 'NONE',  ( -133.9566291355076544, 800.0000000000001137, 9.286974893465000491 ) ) ;
#1634 = EDGE_CURVE ( 'NONE', #2660, #3043, #34, .T. ) ;
#1635 = CARTESIAN_POINT ( 'NONE',  ( -272.0829353890873676, 805.0000000000001137, 8.182179439941577925 ) ) ;
#1636 = EDGE_LOOP ( 'NONE', ( #904, #3656, #392 ) ) ;
#1637 = B_SPLINE_CURVE_WITH_KNOTS ( 'NONE', 13,
 ( #4137, #2286, #365, #1992, #2618, #3581, #954, #2931, #1595, #975, #667, #1635, #1933, #2227 ),
 .UNSPECIFIED., .F., .F.,
 ( 14, 14 ),
 ( 0.000000000000000000, 0.03891155862395484499 ),
 .UNSPECIFIED. ) ;
#1638 = VECTOR ( 'NONE', #1511, 1000.000000000000000 ) ;
#1639 = EDGE_CURVE ( 'NONE', #3103, #3332, #3816, .T. ) ;
#1640 = CARTESIAN_POINT ( 'NONE',  ( -260.8337779118351705, 799.9999999999992042, 6.940564282544452901 ) ) ;
#1641 = LINE ( 'NONE', #1039, #376 ) ;
#1642 = LINE ( 'NONE', #1939, #287 ) ;
#1643 = ORIENTED_EDGE ( 'NONE', *, *, #93, .T. ) ;
#1644 = CYLINDRICAL_SURFACE ( 'NONE', #1699, 0.6000000000000310640 ) ;
#1645 = CARTESIAN_POINT ( 'NONE',  ( -222.1339385744326762, 804.0000000000001137, 15.90658109350743388 ) ) ;
#1646 = CARTESIAN_POINT ( 'NONE',  ( -131.6663975624078091, 805.0000000000001137, 26.97927182084074005 ) ) ;
#1647 = CARTESIAN_POINT ( 'NONE',  ( -195.1153897876525889, 804.0000000000001137, 9.298503150647020377 ) ) ;
#1648 = VECTOR ( 'NONE', #3969, 1000.000000000000000 ) ;
#1649 = EDGE_LOOP ( 'NONE', ( #1968, #3803, #1297, #3748 ) ) ;
#1650 = CARTESIAN_POINT ( 'NONE',  ( -195.1153897876525889, 805.0000000000001137, 9.298503150647020377 ) ) ;
#1651 = VECTOR ( 'NONE', #1847, 1000.000000000000000 ) ;
#1652 = VECTOR ( 'NONE', #2778, 1000.000000000000000 ) ;
#1653 = AXIS2_PLACEMENT_3D ( 'NONE', #1144, #808, #3356 ) ;
#1654 = CARTESIAN_POINT ( 'NONE',  ( -87.86455099432787108, 805.0000000000001137, -92.45884739036793576 ) ) ;
#1655 = ORIENTED_EDGE ( 'NONE', *, *, #3184, .F. ) ;
#1656 = CARTESIAN_POINT ( 'NONE',  ( -242.9298313148080410, 800.0000000000001137, 11.25234309566257984 ) ) ;
#1657 = EDGE_CURVE ( 'NONE', #1304, #785, #1034, .T. ) ;
#1658 = DIRECTION ( 'NONE',  ( -0.7248872777925956523, 0.000000000000000000, 0.6888675014067946467 ) ) ;
#1659 = ORIENTED_EDGE ( 'NONE', *, *, #3451, .T. ) ;
#1660 = CARTESIAN_POINT ( 'NONE',  ( -196.0844992106079587, 804.0000000000001137, 9.280012691016615634 ) ) ;
#1661 = DIRECTION ( 'NONE',  ( 0.000000000000000000, 1.000000000000000000, 0.000000000000000000 ) ) ;
#1662 = DIRECTION ( 'NONE',  ( -0.000000000000000000, -1.000000000000000000, -0.000000000000000000 ) ) ;
#1663 = ORIENTED_EDGE ( 'NONE', *, *, #3202, .T. ) ;
#1664 = DIRECTION ( 'NONE',  ( -0.000000000000000000, 1.000000000000000000, -0.000000000000000000 ) ) ;
#1665 = LINE ( 'NONE', #356, #3155 ) ;
#1666 = DIRECTION ( 'NONE',  ( -0.5542141642488435105, 0.000000000000000000, 0.8323741106893918218 ) ) ;
#1667 = FACE_OUTER_BOUND ( 'NONE', #15, .T. ) ;
#1668 = EDGE_CURVE ( 'NONE', #3434, #348, #1637, .T. ) ;
#1669 = CIRCLE ( 'NONE', #2805, 5.124999999999997335 ) ;
#1670 = ORIENTED_EDGE ( 'NONE', *, *, #1692, .T. ) ;
#1671 = CARTESIAN_POINT ( 'NONE',  ( -114.1403301938991319, 804.0000000000000000, 8.558357344852513648 ) ) ;
#1672 = CARTESIAN_POINT ( 'NONE',  ( -149.7021053793913552, 804.0000000000002274, 9.569462738240332556 ) ) ;
#1673 = ORIENTED_EDGE ( 'NONE', *, *, #2870, .T. ) ;
#1674 = CARTESIAN_POINT ( 'NONE',  ( -229.2634781935176420, 804.0000000000001137, 8.393818419347322646 ) ) ;
#1675 = B_SPLINE_CURVE_WITH_KNOTS ( 'NONE', 3,
 ( #1156, #256, #505, #193 ),
 .UNSPECIFIED., .F., .F.,
 ( 4, 4 ),
 ( 0.1685671448286382157, 0.1697583545617692424 ),
 .UNSPECIFIED. ) ;
#1676 = DIRECTION ( 'NONE',  ( -0.02688405537825780747, 0.000000000000000000, -0.9996385584632171417 ) ) ;
#1677 = EDGE_LOOP ( 'NONE', ( #2099, #3370, #1102, #868, #3118, #233, #2991, #3537, #189, #551, #2377, #1270, #674, #3492, #2984, #3837, #215, #2832, #892, #606, #1402, #3590 ) ) ;
#1678 = CARTESIAN_POINT ( 'NONE',  ( -225.6975725102136039, 799.9999999999992042, 8.533007167635533463 ) ) ;
#1679 = VECTOR ( 'NONE', #1125, 1000.000000000000000 ) ;
#1680 = CARTESIAN_POINT ( 'NONE',  ( -222.8468073653594104, 800.0000000000001137, 7.840947217310170636 ) ) ;
#1681 = CARTESIAN_POINT ( 'NONE',  ( 0.2058083609810148762, 800.0000000000001137, 7.652639097638684440 ) ) ;
#1682 = ORIENTED_EDGE ( 'NONE', *, *, #1561, .F. ) ;
#1683 = CARTESIAN_POINT ( 'NONE',  ( -279.6950825009795381, 799.9999920000000202, 1.796581939439559239 ) ) ;
#1684 = CARTESIAN_POINT ( 'NONE',  ( -211.1184077329952231, 800.0000000000000000, 17.70282848235063256 ) ) ;
#1685 = CARTESIAN_POINT ( 'NONE',  ( -112.6701787603263796, 805.0000000000001137, 10.68830060044215280 ) ) ;
#1686 = DIRECTION ( 'NONE',  ( 0.6888675014067497937, 0.000000000000000000, 0.7248872777926382849 ) ) ;
#1687 = EDGE_CURVE ( 'NONE', #2533, #3212, #725, .T. ) ;
#1688 = VECTOR ( 'NONE', #169, 1000.000000000000000 ) ;
#1689 = EDGE_LOOP ( 'NONE', ( #1260, #3987, #2299, #762 ) ) ;
#1690 = LINE ( 'NONE', #2320, #3853 ) ;
#1691 = CARTESIAN_POINT ( 'NONE',  ( -190.3522683579551540, 805.0000000000001137, 21.10012339114813074 ) ) ;
#1692 = EDGE_CURVE ( 'NONE', #1858, #1835, #1915, .T. ) ;
#1693 = EDGE_CURVE ( 'NONE', #3254, #387, #2872, .T. ) ;
#1694 = VERTEX_POINT ( 'NONE', #3505 ) ;
#1695 = CARTESIAN_POINT ( 'NONE',  ( -268.3117575011437452, 805.0000000000001137, 8.318369645160963444 ) ) ;
#1696 = EDGE_CURVE ( 'NONE', #2736, #3839, #14, .T. ) ;
#1697 = ADVANCED_FACE ( 'NONE', ( #2578 ), #2244, .F. ) ;
#1698 = DIRECTION ( 'NONE',  ( -0.8323741106893858266, -0.000000000000000000, -0.5542141642488525033 ) ) ;
#1699 = AXIS2_PLACEMENT_3D ( 'NONE', #2920, #3907, #1372 ) ;
#1700 = ORIENTED_EDGE ( 'NONE', *, *, #2754, .F. ) ;
#1701 = CARTESIAN_POINT ( 'NONE',  ( -148.5690912469533203, 804.0000000000001137, 9.556892805854760198 ) ) ;
#1702 = CARTESIAN_POINT ( 'NONE',  ( -250.7667120139427368, 805.0000000000001137, 10.33830807117639772 ) ) ;
#1703 = CARTESIAN_POINT ( 'NONE',  ( -205.3602212599696202, 805.0000000000001137, 18.09482247956828971 ) ) ;
#1704 = ORIENTED_EDGE ( 'NONE', *, *, #142, .T. ) ;
#1705 = CARTESIAN_POINT ( 'NONE',  ( -164.2408507514722658, 805.0000000000001137, 24.50836570409218851 ) ) ;
#1706 = CARTESIAN_POINT ( 'NONE',  ( -259.3915731961799338, 805.0000000000003411, 7.445118414149744623 ) ) ;
#1707 = LINE ( 'NONE', #123, #2679 ) ;
#1708 = CARTESIAN_POINT ( 'NONE',  ( -190.2778826472211335, 805.0000000000001137, 21.11138721320716627 ) ) ;
#1709 = ORIENTED_EDGE ( 'NONE', *, *, #2818, .T. ) ;
#1710 = ORIENTED_EDGE ( 'NONE', *, *, #1262, .T. ) ;
#1711 = CARTESIAN_POINT ( 'NONE',  ( -233.2886263910395996, 804.0000000000001137, 13.32257616013490420 ) ) ;
#1712 = CARTESIAN_POINT ( 'NONE',  ( -133.5566762934620613, 804.0000000000002274, 9.276641230029431640 ) ) ;
#1713 = VECTOR ( 'NONE', #1733, 1000.000000000000000 ) ;
#1714 = ADVANCED_FACE ( 'NONE', ( #2266 ), #703, .T. ) ;
#1715 = AXIS2_PLACEMENT_3D ( 'NONE', #881, #3177, #3347 ) ;
#1716 = ORIENTED_EDGE ( 'NONE', *, *, #1589, .T. ) ;
#1717 = LINE ( 'NONE', #3059, #3189 ) ;
#1718 = EDGE_CURVE ( 'NONE', #1874, #1878, #1952, .T. ) ;
#1719 = CARTESIAN_POINT ( 'NONE',  ( -130.8533786264967773, 805.0000000000001137, 27.04426762654682648 ) ) ;
#1720 = AXIS2_PLACEMENT_3D ( 'NONE', #1279, #303, #3848 ) ;
#1721 = VERTEX_POINT ( 'NONE', #1327 ) ;
#1722 = ORIENTED_EDGE ( 'NONE', *, *, #1288, .F. ) ;
#1723 = LINE ( 'NONE', #3309, #3856 ) ;
#1724 = DIRECTION ( 'NONE',  ( 0.06567303980416963616, 0.000000000000000000, -0.9978411957034445390 ) ) ;
#1725 =( NAMED_UNIT ( * ) PLANE_ANGLE_UNIT ( ) SI_UNIT ( $, .RADIAN. ) );
#1726 = ORIENTED_EDGE ( 'NONE', *, *, #1639, .T. ) ;
#1727 = FACE_OUTER_BOUND ( 'NONE', #553, .T. ) ;
#1728 = CARTESIAN_POINT ( 'NONE',  ( 0.5721654584183536452, 800.0000000000001137, 21.27501398164558211 ) ) ;
#1729 = CARTESIAN_POINT ( 'NONE',  ( -50.02817683524102677, 804.0000000000001137, -52.64406993357871301 ) ) ;
#1730 = CARTESIAN_POINT ( 'NONE',  ( -260.8576000465214975, 805.0000000000001137, 7.086686038591300196 ) ) ;
#1731 = EDGE_LOOP ( 'NONE', ( #3533, #2135, #1655, #3499 ) ) ;
#1732 = VERTEX_POINT ( 'NONE', #3878 ) ;
#1733 = DIRECTION ( 'NONE',  ( -0.7248872777926378408, 0.000000000000000000, 0.6888675014067503488 ) ) ;
#1734 = CARTESIAN_POINT ( 'NONE',  ( -255.0045289145435561, 805.0000000000001137, 8.494121269285690445 ) ) ;
#1735 = B_SPLINE_CURVE_WITH_KNOTS ( 'NONE', 3,
 ( #1711, #3937, #3871, #1028 ),
 .UNSPECIFIED., .F., .F.,
 ( 4, 4 ),
 ( 0.1600212601162557813, 0.1611888295529567972 ),
 .UNSPECIFIED. ) ;
#1736 = VERTEX_POINT ( 'NONE', #1015 ) ;
#1737 = LINE ( 'NONE', #760, #3723 ) ;
#1738 = CARTESIAN_POINT ( 'NONE',  ( -152.7139117670830331, 805.0000000000001137, 25.70190672669912146 ) ) ;
#1739 = ORIENTED_EDGE ( 'NONE', *, *, #3156, .F. ) ;
#1740 = ORIENTED_EDGE ( 'NONE', *, *, #2894, .F. ) ;
#1741 = CARTESIAN_POINT ( 'NONE',  ( -150.8221721565745383, 805.0000000000001137, 8.847120223398674099 ) ) ;
#1742 = VECTOR ( 'NONE', #2083, 1000.000000000000000 ) ;
#1743 = CARTESIAN_POINT ( 'NONE',  ( -264.9890575499203464, 716.1111120000000483, -17.44028709085020878 ) ) ;
#1744 = DIRECTION ( 'NONE',  ( -0.000000000000000000, 1.000000000000000000, -0.000000000000000000 ) ) ;
#1745 = ORIENTED_EDGE ( 'NONE', *, *, #2225, .T. ) ;
#1746 = CARTESIAN_POINT ( 'NONE',  ( -148.7881936969120034, 804.0000000000001137, 9.559548402074911522 ) ) ;
#1747 = DIRECTION ( 'NONE',  ( 0.9999510468771783955, 0.000000000000000000, 0.009894637397860178360 ) ) ;
#1748 = CARTESIAN_POINT ( 'NONE',  ( -250.7667120139427368, 805.0000000000003411, 10.33830807117639772 ) ) ;
#1749 = LINE ( 'NONE', #3971, #3588 ) ;
#1750 = EDGE_CURVE ( 'NONE', #297, #3453, #3563, .T. ) ;
#1751 = EDGE_CURVE ( 'NONE', #3595, #1304, #131, .T. ) ;
#1752 = ORIENTED_EDGE ( 'NONE', *, *, #1965, .F. ) ;
#1753 = ORIENTED_EDGE ( 'NONE', *, *, #99, .T. ) ;
#1754 = DIRECTION ( 'NONE',  ( -0.7430509880625497665, -0.000000000000000000, -0.6692348086727621936 ) ) ;
#1755 = CARTESIAN_POINT ( 'NONE',  ( -270.6058122691740664, 805.0000000000001137, 7.731282320555687093 ) ) ;
#1756 = CARTESIAN_POINT ( 'NONE',  ( -113.8284090695291866, 805.0000000000003411, 28.12009005537209205 ) ) ;
#1757 = VECTOR ( 'NONE', #965, 1000.000000000000000 ) ;
#1758 = ORIENTED_EDGE ( 'NONE', *, *, #2252, .F. ) ;
#1759 = ORIENTED_EDGE ( 'NONE', *, *, #832, .T. ) ;
#1760 = VECTOR ( 'NONE', #4000, 1000.000000000000000 ) ;
#1761 = CARTESIAN_POINT ( 'NONE',  ( -267.1688184859924604, 805.0000000000001137, 8.607714735570329623 ) ) ;
#1762 = CARTESIAN_POINT ( 'NONE',  ( -114.4828442445582226, 800.0000000000001137, 27.32352736051250730 ) ) ;
#1763 = ORIENTED_EDGE ( 'NONE', *, *, #2225, .F. ) ;
#1764 = EDGE_CURVE ( 'NONE', #2005, #1371, #4006, .T. ) ;
#1765 = ORIENTED_EDGE ( 'NONE', *, *, #2871, .F. ) ;
#1766 = DIRECTION ( 'NONE',  ( -0.6965575549846637626, -0.000000000000000000, -0.7175009216675524160 ) ) ;
#1767 = CARTESIAN_POINT ( 'NONE',  ( -259.4640068570271865, 805.0000000000001137, 8.261595196955697773 ) ) ;
#1768 = CARTESIAN_POINT ( 'NONE',  ( -225.0224362187566953, 800.0000000000001137, 15.05154234427599569 ) ) ;
#1769 = ORIENTED_EDGE ( 'NONE', *, *, #3265, .T. ) ;
#1770 = CARTESIAN_POINT ( 'NONE',  ( -285.2692632531440609, 799.9999919999997928, 4.587123813238121350 ) ) ;
#1771 = LINE ( 'NONE', #3718, #3350 ) ;
#1772 = EDGE_CURVE ( 'NONE', #3124, #822, #2673, .T. ) ;
#1773 = CARTESIAN_POINT ( 'NONE',  ( -141.1614346981550625, 805.0000000000003411, 27.35412429335869788 ) ) ;
#1774 = CARTESIAN_POINT ( 'NONE',  ( -246.4103591120961596, 804.0000000000001137, 7.704962952225629991 ) ) ;
#1775 = ORIENTED_EDGE ( 'NONE', *, *, #1657, .F. ) ;
#1776 = EDGE_LOOP ( 'NONE', ( #503, #195, #2167, #1716, #3847 ) ) ;
#1777 = CARTESIAN_POINT ( 'NONE',  ( -249.0161520889757014, 804.0000000000001137, 9.374891832313954509 ) ) ;
#1778 = CARTESIAN_POINT ( 'NONE',  ( -300.0000000000000000, 805.0000000000001137, -0.1621621621621254228 ) ) ;
#1779 = EDGE_CURVE ( 'NONE', #3689, #1899, #1989, .T. ) ;
#1780 = VERTEX_POINT ( 'NONE', #489 ) ;
#1781 = VECTOR ( 'NONE', #3663, 1000.000000000000000 ) ;
#1782 = VERTEX_POINT ( 'NONE', #1074 ) ;
#1783 = DIRECTION ( 'NONE',  ( 0.7248872777926378408, 0.000000000000000000, -0.6888675014067503488 ) ) ;
#1784 = LINE ( 'NONE', #2785, #1119 ) ;
#1785 = VERTEX_POINT ( 'NONE', #2386 ) ;
#1786 = EDGE_CURVE ( 'NONE', #609, #3165, #3981, .T. ) ;
#1787 = ADVANCED_FACE ( 'NONE', ( #2636 ), #2012, .T. ) ;
#1788 = ORIENTED_EDGE ( 'NONE', *, *, #3977, .F. ) ;
#1789 = CARTESIAN_POINT ( 'NONE',  ( -155.5231806707886619, 805.0000000000001137, 9.623948051526827641 ) ) ;
#1790 = DIRECTION ( 'NONE',  ( 0.000000000000000000, 0.000000000000000000, 1.000000000000000000 ) ) ;
#1791 = CARTESIAN_POINT ( 'NONE',  ( 0.000000000000000000, 0.000000000000000000, 0.000000000000000000 ) ) ;
#1792 = VERTEX_POINT ( 'NONE', #3943 ) ;
#1793 = DIRECTION ( 'NONE',  ( 0.01073934591757915065, 0.000000000000000000, 0.9999423315618068964 ) ) ;
#1794 = EDGE_CURVE ( 'NONE', #1785, #3163, #2361, .T. ) ;
#1795 = CARTESIAN_POINT ( 'NONE',  ( -248.5104516239174757, 804.0000000000001137, 10.00099284819229695 ) ) ;
#1796 = CARTESIAN_POINT ( 'NONE',  ( -172.8587101762493887, 805.0000000000003411, 24.44703151162762822 ) ) ;
#1797 = DIRECTION ( 'NONE',  ( 0.000000000000000000, 0.000000000000000000, 1.000000000000000000 ) ) ;
#1798 = ORIENTED_EDGE ( 'NONE', *, *, #4114, .F. ) ;
#1799 = VERTEX_POINT ( 'NONE', #2051 ) ;
#1800 = CARTESIAN_POINT ( 'NONE',  ( -164.9945637137975609, 805.0000000000001137, 9.631325334794968995 ) ) ;
#1801 = CARTESIAN_POINT ( 'NONE',  ( -290.3163669967450460, 805.0000000000001137, 0.8276152839412153073 ) ) ;
#1802 = ORIENTED_EDGE ( 'NONE', *, *, #3041, .T. ) ;
#1803 = ORIENTED_EDGE ( 'NONE', *, *, #953, .F. ) ;
#1804 = DIRECTION ( 'NONE',  ( -0.7248872777926386179, 0.000000000000000000, 0.6888675014067495717 ) ) ;
#1805 = CARTESIAN_POINT ( 'NONE',  ( -190.3522683579552108, 800.0000000000001137, 21.10012339114813429 ) ) ;
#1806 = EDGE_LOOP ( 'NONE', ( #3248, #101, #789, #160 ) ) ;
#1807 = CARTESIAN_POINT ( 'NONE',  ( -256.2632107768854439, 804.0000000000001137, 7.656061426429949357 ) ) ;
#1808 = LINE ( 'NONE', #1554, #2906 ) ;
#1809 = LINE ( 'NONE', #4033, #1157 ) ;
#1810 = VERTEX_POINT ( 'NONE', #2074 ) ;
#1811 = CARTESIAN_POINT ( 'NONE',  ( -234.0545347927723299, 804.0000000000001137, 13.49861650587893713 ) ) ;
#1812 = DIRECTION ( 'NONE',  ( -0.000000000000000000, 1.000000000000000000, -0.000000000000000000 ) ) ;
#1813 = CARTESIAN_POINT ( 'NONE',  ( -177.5633811394796737, 804.0000000000001137, 22.91049787895995848 ) ) ;
#1814 = PLANE ( 'NONE',  #3995 ) ;
#1815 = ADVANCED_FACE ( 'NONE', ( #3919 ), #2720, .T. ) ;
#1816 = VERTEX_POINT ( 'NONE', #1057 ) ;
#1817 = DIRECTION ( 'NONE',  ( 0.000000000000000000, 1.000000000000000000, 0.000000000000000000 ) ) ;
#1818 = EDGE_CURVE ( 'NONE', #3564, #530, #2342, .T. ) ;
#1819 = EDGE_CURVE ( 'NONE', #4091, #3103, #3352, .T. ) ;
#1820 = DIRECTION ( 'NONE',  ( -0.8323741106893918218, -0.000000000000000000, -0.5542141642488435105 ) ) ;
#1821 = PRODUCT_DEFINITION_FORMATION_WITH_SPECIFIED_SOURCE ( 'ANY', '', #1232, .NOT_KNOWN. ) ;
#1822 = ORIENTED_EDGE ( 'NONE', *, *, #445, .F. ) ;
#1823 = ORIENTED_EDGE ( 'NONE', *, *, #89, .T. ) ;
#1824 = CARTESIAN_POINT ( 'NONE',  ( -98.50963659386690097, 800.0000000000001137, 24.73998702017675910 ) ) ;
#1825 = ADVANCED_FACE ( 'NONE', ( #1096 ), #3769, .F. ) ;
#1826 = PLANE ( 'NONE',  #3120 ) ;
#1827 = VECTOR ( 'NONE', #1888, 1000.000000000000000 ) ;
#1828 = B_SPLINE_CURVE_WITH_KNOTS ( 'NONE', 3,
 ( #1130, #4039, #522, #4082 ),
 .UNSPECIFIED., .F., .F.,
 ( 4, 4 ),
 ( 0.7821905340093380232, 0.7839306767921976338 ),
 .UNSPECIFIED. ) ;
#1829 = EDGE_LOOP ( 'NONE', ( #170, #3513, #1011 ) ) ;
#1830 = DIRECTION ( 'NONE',  ( -0.000000000000000000, 1.000000000000000000, -0.000000000000000000 ) ) ;
#1831 = EDGE_CURVE ( 'NONE', #3595, #1940, #4072, .T. ) ;
#1832 = CARTESIAN_POINT ( 'NONE',  ( -295.2960495103556013, 799.9999920000000202, 0.3249056940543462169 ) ) ;
#1833 = ORIENTED_EDGE ( 'NONE', *, *, #2250, .F. ) ;
#1834 = SURFACE_SIDE_STYLE ('',( #4078 ) ) ;
#1835 = VERTEX_POINT ( 'NONE', #3397 ) ;
#1836 = CARTESIAN_POINT ( 'NONE',  ( -238.7043891112622589, 804.0000000000001137, 8.605628765596048169 ) ) ;
#1837 = CARTESIAN_POINT ( 'NONE',  ( -221.3618791179135883, 805.0000000000001137, 15.72469533997178637 ) ) ;
#1838 = DIRECTION ( 'NONE',  ( -0.000000000000000000, 1.000000000000000000, -0.000000000000000000 ) ) ;
#1839 = ORIENTED_EDGE ( 'NONE', *, *, #740, .F. ) ;
#1840 = DIRECTION ( 'NONE',  ( -0.000000000000000000, 1.000000000000000000, -0.000000000000000000 ) ) ;
#1841 = CARTESIAN_POINT ( 'NONE',  ( 0.000000000000000000, 804.0000000000001137, 0.000000000000000000 ) ) ;
#1842 = PLANE ( 'NONE',  #230 ) ;
#1843 = EDGE_LOOP ( 'NONE', ( #4077, #3618, #1682, #1198 ) ) ;
#1844 = VERTEX_POINT ( 'NONE', #1223 ) ;
#1845 = CIRCLE ( 'NONE', #3110, 6.324999999999983302 ) ;
#1846 = CARTESIAN_POINT ( 'NONE',  ( -101.7636842347514090, 805.0000000000001137, 11.19527303853105948 ) ) ;
#1847 = DIRECTION ( 'NONE',  ( 0.01073934591757915065, 0.000000000000000000, 0.9999423315618068964 ) ) ;
#1848 = ORIENTED_EDGE ( 'NONE', *, *, #1895, .F. ) ;
#1849 = EDGE_CURVE ( 'NONE', #1732, #3260, #2186, .T. ) ;
#1850 = DIRECTION ( 'NONE',  ( -0.000000000000000000, 1.000000000000000000, -0.000000000000000000 ) ) ;
#1851 = VECTOR ( 'NONE', #2061, 1000.000000000000000 ) ;
#1852 = DIRECTION ( 'NONE',  ( 0.3664463843337242843, 0.000000000000000000, 0.9304391691071159931 ) ) ;
#1853 = VECTOR ( 'NONE', #3696, 1000.000000000000000 ) ;
#1854 = VECTOR ( 'NONE', #2588, 999.9999999999998863 ) ;
#1855 = ORIENTED_EDGE ( 'NONE', *, *, #3298, .F. ) ;
#1856 = CARTESIAN_POINT ( 'NONE',  ( -217.1130667543573907, 805.0000000000001137, 16.54884338884149031 ) ) ;
#1857 = VECTOR ( 'NONE', #3740, 999.9999999999998863 ) ;
#1858 = VERTEX_POINT ( 'NONE', #2828 ) ;
#1859 = DIRECTION ( 'NONE',  ( 0.000000000000000000, -1.000000000000000000, 0.000000000000000000 ) ) ;
#1860 = ORIENTED_EDGE ( 'NONE', *, *, #2149, .F. ) ;
#1861 = DIRECTION ( 'NONE',  ( 0.02688405537825821687, 0.000000000000000000, 0.9996385584632171417 ) ) ;
#1862 = CARTESIAN_POINT ( 'NONE',  ( -152.7139117670830331, 800.0000000000001137, 25.70190672669912146 ) ) ;
#1863 = EDGE_LOOP ( 'NONE', ( #3158, #4046, #2600 ) ) ;
#1864 = CARTESIAN_POINT ( 'NONE',  ( -221.5540287521985192, 805.0000000000001137, 15.35548709238198661 ) ) ;
#1865 = AXIS2_PLACEMENT_3D ( 'NONE', #1869, #10, #3164 ) ;
#1866 = CARTESIAN_POINT ( 'NONE',  ( -196.3571183543445215, 805.0000000000001137, 20.16374226176603202 ) ) ;
#1867 = CARTESIAN_POINT ( 'NONE',  ( -256.3619925308943834, 804.0000000000001137, 6.835156837752369263 ) ) ;
#1868 = ORIENTED_EDGE ( 'NONE', *, *, #1973, .F. ) ;
#1869 = CARTESIAN_POINT ( 'NONE',  ( -251.5473021275624319, 804.0000000000001137, 7.785039514128762050 ) ) ;
#1870 = DIRECTION ( 'NONE',  ( 0.000000000000000000, 1.000000000000000000, 0.000000000000000000 ) ) ;
#1871 = CARTESIAN_POINT ( 'NONE',  ( -133.3568342694779005, 805.0000000000001137, 9.271286723260836027 ) ) ;
#1872 = B_SPLINE_CURVE_WITH_KNOTS ( 'NONE', 3,
 ( #3477, #1929, #361, #620 ),
 .UNSPECIFIED., .F., .F.,
 ( 4, 4 ),
 ( 0.1481840924492145439, 0.1493269641085890331 ),
 .UNSPECIFIED. ) ;
#1873 = DIRECTION ( 'NONE',  ( -0.7248872777926381739, 0.000000000000000000, 0.6888675014067500157 ) ) ;
#1874 = VERTEX_POINT ( 'NONE', #1468 ) ;
#1875 = EDGE_CURVE ( 'NONE', #2397, #1782, #849, .T. ) ;
#1876 = AXIS2_PLACEMENT_3D ( 'NONE', #1445, #3684, #934 ) ;
#1877 = LINE ( 'NONE', #1472, #2708 ) ;
#1878 = VERTEX_POINT ( 'NONE', #1507 ) ;
#1879 = CARTESIAN_POINT ( 'NONE',  ( -92.50000000000000000, 800.0000000000001137, 16.74722354252675771 ) ) ;
#1880 = CARTESIAN_POINT ( 'NONE',  ( -228.7175928595009111, 804.0000000000001137, 8.978678089105077476 ) ) ;
#1881 = ORIENTED_EDGE ( 'NONE', *, *, #1013, .F. ) ;
#1882 = B_SPLINE_CURVE_WITH_KNOTS ( 'NONE', 3,
 ( #929, #8, #4129, #1607, #3810 ),
 .UNSPECIFIED., .F., .F.,
 ( 4, 1, 4 ),
 ( 0.000000000000000000, 0.3737839566691030235, 1.000000000000000000 ),
 .UNSPECIFIED. ) ;
#1883 = CARTESIAN_POINT ( 'NONE',  ( -274.6155771348952044, 805.0000000000001137, 2.997052627295858418 ) ) ;
#1884 = CYLINDRICAL_SURFACE ( 'NONE', #444, 6.324999999999983302 ) ;
#1885 = ORIENTED_EDGE ( 'NONE', *, *, #33, .F. ) ;
#1886 = FACE_BOUND ( 'NONE', #2277, .T. ) ;
#1887 = DIRECTION ( 'NONE',  ( -0.000000000000000000, -1.000000000000000000, -0.000000000000000000 ) ) ;
#1888 = DIRECTION ( 'NONE',  ( 0.000000000000000000, 1.000000000000000000, 0.000000000000000000 ) ) ;
#1889 = EDGE_CURVE ( 'NONE', #3272, #2036, #2242, .T. ) ;
#1890 = ORIENTED_EDGE ( 'NONE', *, *, #2443, .T. ) ;
#1891 = LINE ( 'NONE', #26, #262 ) ;
#1892 = DIRECTION ( 'NONE',  ( -0.06567303980416458464, 0.000000000000000000, 0.9978411957034448720 ) ) ;
#1893 = FACE_OUTER_BOUND ( 'NONE', #56, .T. ) ;
#1894 = VECTOR ( 'NONE', #2100, 1000.000000000000000 ) ;
#1895 = EDGE_CURVE ( 'NONE', #1810, #1785, #2763, .T. ) ;
#1896 = CARTESIAN_POINT ( 'NONE',  ( -266.3727187654359909, 805.0000000000001137, 3.583167371675653801 ) ) ;
#1897 = VECTOR ( 'NONE', #461, 1000.000000000000227 ) ;
#1898 = DIRECTION ( 'NONE',  ( 0.000000000000000000, 0.000000000000000000, -1.000000000000000000 ) ) ;
#1899 = VERTEX_POINT ( 'NONE', #1182 ) ;
#1900 = LINE ( 'NONE', #3818, #1175 ) ;
#1901 = CARTESIAN_POINT ( 'NONE',  ( -195.4384723376414854, 804.0000000000001137, 9.292409703171006896 ) ) ;
#1902 = ORIENTED_EDGE ( 'NONE', *, *, #700, .T. ) ;
#1903 = CARTESIAN_POINT ( 'NONE',  ( -267.5579742966421577, 799.9999920000000202, 3.504036228200401393 ) ) ;
#1904 = AXIS2_PLACEMENT_3D ( 'NONE', #656, #3450, #3766 ) ;
#1905 = CARTESIAN_POINT ( 'NONE',  ( -300.0000000000000000, 799.9999920000000202, 0.000000000000000000 ) ) ;
#1906 = ORIENTED_EDGE ( 'NONE', *, *, #2357, .T. ) ;
#1907 = FACE_BOUND ( 'NONE', #410, .T. ) ;
#1908 = CARTESIAN_POINT ( 'NONE',  ( -113.6756979680784383, 800.0000000000001137, 3.057168747125811770 ) ) ;
#1909 = PLANE ( 'NONE',  #1162 ) ;
#1910 = VECTOR ( 'NONE', #1664, 1000.000000000000000 ) ;
#1911 = ORIENTED_EDGE ( 'NONE', *, *, #462, .T. ) ;
#1912 = LINE ( 'NONE', #45, #3127 ) ;
#1913 = CARTESIAN_POINT ( 'NONE',  ( -164.4223317607596471, 804.0000000000001137, 24.42442517682594882 ) ) ;
#1914 = CARTESIAN_POINT ( 'NONE',  ( -113.6756979680784383, 804.0000000000001137, 3.057168747125811770 ) ) ;
#1915 = LINE ( 'NONE', #328, #321 ) ;
#1916 = EDGE_CURVE ( 'NONE', #2803, #348, #3414, .T. ) ;
#1917 = PRODUCT_DEFINITION ( 'UNKNOWN', '', #1821, #207 ) ;
#1918 = ORIENTED_EDGE ( 'NONE', *, *, #2003, .F. ) ;
#1919 = ORIENTED_EDGE ( 'NONE', *, *, #238, .T. ) ;
#1920 = CARTESIAN_POINT ( 'NONE',  ( -285.8727052897817202, 799.9999920000000202, 2.045397586164800607 ) ) ;
#1921 = VECTOR ( 'NONE', #2440, 1000.000000000000114 ) ;
#1922 = CARTESIAN_POINT ( 'NONE',  ( -264.6795704296161489, 805.0000000000000000, 5.899739385249729295 ) ) ;
#1923 = ORIENTED_EDGE ( 'NONE', *, *, #3398, .F. ) ;
#1924 = FACE_BOUND ( 'NONE', #1863, .T. ) ;
#1925 = CARTESIAN_POINT ( 'NONE',  ( -132.3252790877531311, 804.0000000000001137, 25.56367482687098303 ) ) ;
#1926 = CARTESIAN_POINT ( 'NONE',  ( -113.6756979680784383, 800.0000000000001137, 3.057168747125811770 ) ) ;
#1927 = EDGE_LOOP ( 'NONE', ( #542, #2162, #314, #3772, #1088, #31, #129, #1314, #132, #70, #978, #406, #1758 ) ) ;
#1928 = CARTESIAN_POINT ( 'NONE',  ( -113.5285485838877975, 800.0000000000000000, 8.528672068350854119 ) ) ;
#1929 = CARTESIAN_POINT ( 'NONE',  ( -221.7485988274909232, 804.0000000000000000, 15.64968277326617141 ) ) ;
#1930 = CARTESIAN_POINT ( 'NONE',  ( -266.6398104252422172, 799.9999920000000202, 6.507882213807866911 ) ) ;
#1931 = ORIENTED_EDGE ( 'NONE', *, *, #2454, .F. ) ;
#1932 = EDGE_CURVE ( 'NONE', #4068, #833, #1784, .T. ) ;
#1933 = CARTESIAN_POINT ( 'NONE',  ( -269.3505351003591954, 805.0000000000001137, 8.883550396804281490 ) ) ;
#1934 = VERTEX_POINT ( 'NONE', #2183 ) ;
#1935 = DIRECTION ( 'NONE',  ( -0.000000000000000000, 1.000000000000000000, -0.000000000000000000 ) ) ;
#1936 = ORIENTED_EDGE ( 'NONE', *, *, #1411, .T. ) ;
#1937 = CARTESIAN_POINT ( 'NONE',  ( -257.7945310521340616, 804.0000000000001137, 7.829255745276571865 ) ) ;
#1938 = CARTESIAN_POINT ( 'NONE',  ( -150.8221721565745383, 800.0000000000001137, 8.847120223398674099 ) ) ;
#1939 = CARTESIAN_POINT ( 'NONE',  ( -266.5886069376114733, 716.1111120000000483, 9.579359346406523201 ) ) ;
#1940 = VERTEX_POINT ( 'NONE', #3461 ) ;
#1941 = FACE_BOUND ( 'NONE', #3638, .T. ) ;
#1942 = CARTESIAN_POINT ( 'NONE',  ( -200.4233210937087506, 800.0000000000000000, 19.51179646880439833 ) ) ;
#1943 = DIRECTION ( 'NONE',  ( 0.7248872777926389510, 0.000000000000000000, -0.6888675014067492386 ) ) ;
#1944 = ADVANCED_FACE ( 'NONE', ( #2451 ), #1826, .T. ) ;
#1945 = VERTEX_POINT ( 'NONE', #3711 ) ;
#1946 = PLANE ( 'NONE',  #1865 ) ;
#1947 = ADVANCED_FACE ( 'NONE', ( #1201 ), #2470, .F. ) ;
#1948 = LINE ( 'NONE', #2535, #2963 ) ;
#1949 = CARTESIAN_POINT ( 'NONE',  ( -260.7043874911532271, 799.9999920000000202, 6.146900934098136204 ) ) ;
#1950 = VECTOR ( 'NONE', #693, 1000.000000000000000 ) ;
#1951 = ORIENTED_EDGE ( 'NONE', *, *, #2911, .F. ) ;
#1952 = LINE ( 'NONE', #2909, #3918 ) ;
#1953 = ORIENTED_EDGE ( 'NONE', *, *, #1181, .T. ) ;
#1954 = LINE ( 'NONE', #998, #2190 ) ;
#1955 = CARTESIAN_POINT ( 'NONE',  ( -117.3099561668966828, 805.0000000000001137, 8.709611862579260233 ) ) ;
#1956 = LINE ( 'NONE', #1062, #3891 ) ;
#1957 = ORIENTED_EDGE ( 'NONE', *, *, #2250, .T. ) ;
#1958 = CARTESIAN_POINT ( 'NONE',  ( -268.4179018087332338, 805.0000000000001137, 2.647210225857641319 ) ) ;
#1959 = VECTOR ( 'NONE', #2153, 1000.000000000000000 ) ;
#1960 = CARTESIAN_POINT ( 'NONE',  ( -225.0224362187566953, 805.0000000000003411, 15.05154234427599569 ) ) ;
#1961 = LINE ( 'NONE', #3970, #753 ) ;
#1962 = DIRECTION ( 'NONE',  ( -0.9996385584632124788, 0.000000000000000000, 0.02688405537843112370 ) ) ;
#1963 = ORIENTED_EDGE ( 'NONE', *, *, #4050, .T. ) ;
#1964 = CARTESIAN_POINT ( 'NONE',  ( -260.8576000460735713, 799.9999920000000202, 7.086686038566270440 ) ) ;
#1965 = EDGE_CURVE ( 'NONE', #3225, #646, #3436, .T. ) ;
#1966 = CARTESIAN_POINT ( 'NONE',  ( -257.1160311369277451, 804.0000000000001137, 7.991938233640874856 ) ) ;
#1967 = DIRECTION ( 'NONE',  ( -0.01073934591757915065, -0.000000000000000000, -0.9999423315618068964 ) ) ;
#1968 = ORIENTED_EDGE ( 'NONE', *, *, #1605, .F. ) ;
#1969 = CARTESIAN_POINT ( 'NONE',  ( -92.50000000000000000, 800.0000000000001137, 16.74722354252675771 ) ) ;
#1970 = DIRECTION ( 'NONE',  ( 0.000000000000000000, 0.000000000000000000, -1.000000000000000000 ) ) ;
#1971 = B_SPLINE_CURVE_WITH_KNOTS ( 'NONE', 3,
 ( #3302, #1712, #2987, #128 ),
 .UNSPECIFIED., .F., .F.,
 ( 4, 4 ),
 ( 0.9061558223951188262, 0.9079888871761370162 ),
 .UNSPECIFIED. ) ;
#1972 = VERTEX_POINT ( 'NONE', #555 ) ;
#1973 = EDGE_CURVE ( 'NONE', #2863, #2468, #575, .T. ) ;
#1974 = AXIS2_PLACEMENT_3D ( 'NONE', #351, #1619, #2896 ) ;
#1975 = CARTESIAN_POINT ( 'NONE',  ( -255.0275276099411883, 799.9999999999992042, 7.279903762745748352 ) ) ;
#1976 = CARTESIAN_POINT ( 'NONE',  ( -264.6795704296161489, 800.0000000000001137, 5.899739385249729295 ) ) ;
#1977 = CARTESIAN_POINT ( 'NONE',  ( -238.9144441788500899, 804.0000000000002274, 8.031042272510852342 ) ) ;
#1978 = VECTOR ( 'NONE', #73, 1000.000000000000000 ) ;
#1979 = ORIENTED_EDGE ( 'NONE', *, *, #465, .T. ) ;
#1980 = CARTESIAN_POINT ( 'NONE',  ( -295.2960495105456289, 799.9999920000000202, 0.3249056940346806699 ) ) ;
#1981 = CARTESIAN_POINT ( 'NONE',  ( -255.0045289145436698, 804.0000000000001137, 8.494121269285683340 ) ) ;
#1982 = PLANE ( 'NONE',  #2224 ) ;
#1983 = DIRECTION ( 'NONE',  ( 0.7430509880625497665, 0.000000000000000000, 0.6692348086727621936 ) ) ;
#1984 = ORIENTED_EDGE ( 'NONE', *, *, #2134, .F. ) ;
#1985 = DIRECTION ( 'NONE',  ( -0.06567303980416963616, 0.000000000000000000, 0.9978411957034445390 ) ) ;
#1986 = AXIS2_PLACEMENT_3D ( 'NONE', #22, #2173, #1293 ) ;
#1987 = AXIS2_PLACEMENT_3D ( 'NONE', #1172, #2147, #2441 ) ;
#1988 = CARTESIAN_POINT ( 'NONE',  ( -267.1688184859924604, 805.0000000000001137, 8.607714735570329623 ) ) ;
#1989 = B_SPLINE_CURVE_WITH_KNOTS ( 'NONE', 3,
 ( #94, #2972, #3642, #826, #742 ),
 .UNSPECIFIED., .F., .F.,
 ( 4, 1, 4 ),
 ( 0.1559633577801294024, 0.1646423987747258066, 0.1712988811238075615 ),
 .UNSPECIFIED. ) ;
#1990 = ORIENTED_EDGE ( 'NONE', *, *, #3942, .T. ) ;
#1991 = CARTESIAN_POINT ( 'NONE',  ( -195.7615093375165713, 804.0000000000001137, 9.286246075435920844 ) ) ;
#1992 = CARTESIAN_POINT ( 'NONE',  ( -292.7816016975322100, 805.0000000000001137, 2.342604849896636310 ) ) ;
#1993 = ORIENTED_EDGE ( 'NONE', *, *, #2989, .F. ) ;
#1994 = EDGE_CURVE ( 'NONE', #2094, #2637, #3375, .T. ) ;
#1995 = CARTESIAN_POINT ( 'NONE',  ( -178.1626288332153081, 805.0000000000001137, 22.83150142084994982 ) ) ;
#1996 = LINE ( 'NONE', #2271, #3530 ) ;
#1997 = LINE ( 'NONE', #3271, #1679 ) ;
#1998 = VERTEX_POINT ( 'NONE', #3774 ) ;
#1999 = CARTESIAN_POINT ( 'NONE',  ( -285.1034899461856185, 805.0000000000001137, 1.323141469614547594 ) ) ;
#2000 = CARTESIAN_POINT ( 'NONE',  ( -266.5886069376114733, 805.0000000000001137, 9.579359346406523201 ) ) ;
#2001 = CARTESIAN_POINT ( 'NONE',  ( -258.1834402303667275, 804.0000000000001137, 7.735716175647801229 ) ) ;
#2002 = CARTESIAN_POINT ( 'NONE',  ( -255.4287063458970408, 805.0000000000001137, 7.250587698197622721 ) ) ;
#2003 = EDGE_CURVE ( 'NONE', #687, #2005, #3890, .T. ) ;
#2004 = EDGE_CURVE ( 'NONE', #311, #3843, #3458, .T. ) ;
#2005 = VERTEX_POINT ( 'NONE', #1530 ) ;
#2006 = CARTESIAN_POINT ( 'NONE',  ( -258.7028822036019164, 799.9999920000000202, -42.17616278367351867 ) ) ;
#2007 = EDGE_CURVE ( 'NONE', #2890, #1934, #4093, .T. ) ;
#2008 = CARTESIAN_POINT ( 'NONE',  ( -190.2778826472211335, 805.0000000000001137, 21.11138721320716627 ) ) ;
#2009 = EDGE_LOOP ( 'NONE', ( #2354, #3372, #3268, #618 ) ) ;
#2010 = CARTESIAN_POINT ( 'NONE',  ( -275.1101811045253953, 799.9999920000000202, 6.552289714360634676 ) ) ;
#2011 = EDGE_CURVE ( 'NONE', #1027, #463, #623, .T. ) ;
#2012 = PLANE ( 'NONE',  #2514 ) ;
#2013 = ORIENTED_EDGE ( 'NONE', *, *, #1196, .F. ) ;
#2014 = DIRECTION ( 'NONE',  ( 0.000000000000000000, -1.000000000000000000, 0.000000000000000000 ) ) ;
#2015 = VECTOR ( 'NONE', #38, 1000.000000000000114 ) ;
#2016 = DIRECTION ( 'NONE',  ( -0.2442954651671675748, 0.000000000000000000, 0.9697008434041692881 ) ) ;
#2017 = CARTESIAN_POINT ( 'NONE',  ( -249.8586558847692345, 805.0000000000001137, 9.692726198989218389 ) ) ;
#2018 = VERTEX_POINT ( 'NONE', #1896 ) ;
#2019 = CARTESIAN_POINT ( 'NONE',  ( -221.8295757527612295, 804.0000000000001137, 15.06553218126491878 ) ) ;
#2020 = DIRECTION ( 'NONE',  ( -0.6888675014067497937, -0.000000000000000000, -0.7248872777926383959 ) ) ;
#2021 = ADVANCED_FACE ( 'NONE', ( #4084 ), #1884, .T. ) ;
#2022 = DIRECTION ( 'NONE',  ( 0.000000000000000000, 1.000000000000000000, 0.000000000000000000 ) ) ;
#2023 = DIRECTION ( 'NONE',  ( 0.02688405537884543464, 0.000000000000000000, 0.9996385584632012655 ) ) ;
#2024 = VECTOR ( 'NONE', #1218, 1000.000000000000000 ) ;
#2025 = ORIENTED_EDGE ( 'NONE', *, *, #1049, .F. ) ;
#2026 = LINE ( 'NONE', #68, #2380 ) ;
#2027 = EDGE_CURVE ( 'NONE', #2216, #3434, #2502, .T. ) ;
#2028 = CARTESIAN_POINT ( 'NONE',  ( -113.0233135672802547, 800.0000000000001137, 27.31498970425841932 ) ) ;
#2029 = ORIENTED_EDGE ( 'NONE', *, *, #1605, .T. ) ;
#2030 = CARTESIAN_POINT ( 'NONE',  ( -268.3117575011437452, 799.9999920000000202, 8.318369645160963444 ) ) ;
#2031 = CARTESIAN_POINT ( 'NONE',  ( -114.4828442445582226, 805.0000000000001137, 27.32352736051250730 ) ) ;
#2032 = ORIENTED_EDGE ( 'NONE', *, *, #3430, .F. ) ;
#2033 = LINE ( 'NONE', #2308, #3193 ) ;
#2034 = DIRECTION ( 'NONE',  ( -0.000000000000000000, 1.000000000000000000, -0.000000000000000000 ) ) ;
#2035 = CARTESIAN_POINT ( 'NONE',  ( -260.7875091720493401, 800.0000000000000000, 7.103832978772138596 ) ) ;
#2036 = VERTEX_POINT ( 'NONE', #316 ) ;
#2037 = CARTESIAN_POINT ( 'NONE',  ( -274.1238790097730771, 805.0000000000001137, 2.239275516227480889 ) ) ;
#2038 = LINE ( 'NONE', #3315, #1510 ) ;
#2039 = LINE ( 'NONE', #81, #624 ) ;
#2040 = CARTESIAN_POINT ( 'NONE',  ( -229.2634781952536116, 805.0000000000001137, 8.393818420997043006 ) ) ;
#2041 = VERTEX_POINT ( 'NONE', #295 ) ;
#2042 = EDGE_LOOP ( 'NONE', ( #133, #1071, #2696 ) ) ;
#2043 = CARTESIAN_POINT ( 'NONE',  ( -267.1688184859924604, 716.1111120000000483, 8.607714735570329623 ) ) ;
#2044 = CARTESIAN_POINT ( 'NONE',  ( -265.8557205421092817, 805.0000000000001137, 6.670256816194243932 ) ) ;
#2045 = VECTOR ( 'NONE', #3635, 999.9999999999998863 ) ;
#2046 = ADVANCED_BREP_SHAPE_REPRESENTATION ( 'rib 7 end', ( #1117, #1284 ), #2553 ) ;
#2047 = VECTOR ( 'NONE', #1541, 1000.000000000000114 ) ;
#2048 = CIRCLE ( 'NONE', #257, 6.324999999999983302 ) ;
#2049 = ORIENTED_EDGE ( 'NONE', *, *, #722, .T. ) ;
#2050 = CARTESIAN_POINT ( 'NONE',  ( -270.6058122691740664, 799.9999920000000202, 7.731282320555687093 ) ) ;
#2051 = CARTESIAN_POINT ( 'NONE',  ( -112.6486715160237821, 800.0000000000001137, 11.48801144721272749 ) ) ;
#2052 = AXIS2_PLACEMENT_3D ( 'NONE', #3466, #330, #896 ) ;
#2053 = ORIENTED_EDGE ( 'NONE', *, *, #979, .F. ) ;
#2054 = EDGE_CURVE ( 'NONE', #2759, #479, #2776, .T. ) ;
#2055 = EDGE_CURVE ( 'NONE', #1421, #3163, #923, .T. ) ;
#2056 = CARTESIAN_POINT ( 'NONE',  ( -200.4954640087551923, 805.0000000000001137, 8.438484520300974623 ) ) ;
#2057 = CARTESIAN_POINT ( 'NONE',  ( -265.3338636067449556, 805.0000000000001137, 6.801727551363130786 ) ) ;
#2058 = CARTESIAN_POINT ( 'NONE',  ( -92.50000000000000000, 804.0000000000001137, 16.74722354252675771 ) ) ;
#2059 = ORIENTED_EDGE ( 'NONE', *, *, #3351, .T. ) ;
#2060 = CARTESIAN_POINT ( 'NONE',  ( -282.6978133708465180, 805.0000000000001137, 5.318962716709634719 ) ) ;
#2061 = DIRECTION ( 'NONE',  ( 0.9996385584632171417, 0.000000000000000000, -0.02688405537825780053 ) ) ;
#2062 = CARTESIAN_POINT ( 'NONE',  ( -237.8803495755753659, 800.0000000000001137, 13.20663139703280642 ) ) ;
#2063 = CARTESIAN_POINT ( 'NONE',  ( -260.8576000460946602, 800.0000000000001137, 7.086686038695710010 ) ) ;
#2064 = ORIENTED_EDGE ( 'NONE', *, *, #839, .T. ) ;
#2065 = ORIENTED_EDGE ( 'NONE', *, *, #961, .T. ) ;
#2066 = CARTESIAN_POINT ( 'NONE',  ( -248.7894769338265064, 804.0000000000001137, 9.579048621719062240 ) ) ;
#2067 = CARTESIAN_POINT ( 'NONE',  ( -275.1101811045253953, 805.0000000000001137, 6.552289714360634676 ) ) ;
#2068 = AXIS2_PLACEMENT_3D ( 'NONE', #1383, #3917, #1055 ) ;
#2069 = CARTESIAN_POINT ( 'NONE',  ( -140.1163786704159406, 800.0000000000001137, 26.58487205923219676 ) ) ;
#2070 = EDGE_CURVE ( 'NONE', #2545, #1780, #4044, .T. ) ;
#2071 = EDGE_LOOP ( 'NONE', ( #1492, #3756, #3517, #3050, #948, #563, #2983, #1158, #2444, #2140, #149, #1919, #4138, #867, #2555, #1159, #2467, #811, #450, #17, #468, #1855, #2919, #1278, #3916, #347, #3634, #2802, #1081, #2025, #3648, #3304 ) ) ;
#2072 = DIRECTION ( 'NONE',  ( 0.6888675014067946467, 0.000000000000000000, 0.7248872777925956523 ) ) ;
#2073 = EDGE_CURVE ( 'NONE', #3789, #1694, #3806, .T. ) ;
#2074 = CARTESIAN_POINT ( 'NONE',  ( -253.8791415835516148, 804.0000000000001137, 8.282324195538835809 ) ) ;
#2075 = EDGE_LOOP ( 'NONE', ( #1292, #1470, #3448, #933, #1531, #3780 ) ) ;
#2076 = ORIENTED_EDGE ( 'NONE', *, *, #1779, .F. ) ;
#2077 = CARTESIAN_POINT ( 'NONE',  ( -122.1786715887304240, 805.0000000000001137, 8.123971859965809728 ) ) ;
#2078 = VECTOR ( 'NONE', #769, 1000.000000000000000 ) ;
#2079 = CARTESIAN_POINT ( 'NONE',  ( -287.7366072063900901, 799.9999920000000202, 1.077373546353734390 ) ) ;
#2080 = DIRECTION ( 'NONE',  ( 0.000000000000000000, 0.000000000000000000, -1.000000000000000000 ) ) ;
#2081 = ORIENTED_EDGE ( 'NONE', *, *, #279, .F. ) ;
#2082 = CARTESIAN_POINT ( 'NONE',  ( -256.4540599162018566, 804.0000000000002274, 7.194228691582399193 ) ) ;
#2083 = DIRECTION ( 'NONE',  ( -0.9996385584632171417, 0.000000000000000000, 0.02688405537825784564 ) ) ;
#2084 = LINE ( 'NONE', #2414, #1853 ) ;
#2085 = EDGE_CURVE ( 'NONE', #1721, #3561, #3939, .T. ) ;
#2086 = VECTOR ( 'NONE', #2292, 1000.000000000000000 ) ;
#2087 = CARTESIAN_POINT ( 'NONE',  ( -83.70945874278774568, 804.0000000000001137, 79.54992100821259271 ) ) ;
#2088 = EDGE_LOOP ( 'NONE', ( #1599, #2630, #918, #518, #3399, #1759, #537, #267 ) ) ;
#2089 = ORIENTED_EDGE ( 'NONE', *, *, #1693, .T. ) ;
#2090 = CARTESIAN_POINT ( 'NONE',  ( -195.1301120960158073, 805.0000000000001137, 9.398703641024599875 ) ) ;
#2091 = CARTESIAN_POINT ( 'NONE',  ( -182.1618346910474031, 805.0000000000001137, 9.507479321549864082 ) ) ;
#2092 = ADVANCED_FACE ( 'NONE', ( #2817 ), #2195, .F. ) ;
#2093 = EDGE_LOOP ( 'NONE', ( #3982, #3752, #2145 ) ) ;
#2094 = VERTEX_POINT ( 'NONE', #1519 ) ;
#2095 = CARTESIAN_POINT ( 'NONE',  ( -228.9787319495090969, 804.0000000000001137, 8.123221266307991684 ) ) ;
#2096 = VECTOR ( 'NONE', #2180, 1000.000000000000000 ) ;
#2097 = DIRECTION ( 'NONE',  ( 0.5395627763223839191, 0.000000000000000000, 0.8419453725790534415 ) ) ;
#2098 = ORIENTED_EDGE ( 'NONE', *, *, #1573, .T. ) ;
#2099 = ORIENTED_EDGE ( 'NONE', *, *, #1330, .T. ) ;
#2100 = DIRECTION ( 'NONE',  ( 0.000000000000000000, 1.000000000000000000, 0.000000000000000000 ) ) ;
#2101 = CARTESIAN_POINT ( 'NONE',  ( -113.8284090580018244, 805.0000000000001137, 28.12009005535458073 ) ) ;
#2102 = APPLICATION_PROTOCOL_DEFINITION ( 'draft international standard', 'automotive_design', 1998, #4116 ) ;
#2103 = EDGE_CURVE ( 'NONE', #145, #297, #1213, .T. ) ;
#2104 = VERTEX_POINT ( 'NONE', #3470 ) ;
#2105 = CARTESIAN_POINT ( 'NONE',  ( -295.2192840323294263, 799.9999919999997928, 1.574556936904933702 ) ) ;
#2106 = CYLINDRICAL_SURFACE ( 'NONE', #819, 5.124999999999995559 ) ;
#2107 = CARTESIAN_POINT ( 'NONE',  ( -265.8557205421093954, 800.0000000000001137, 6.670256816194784832 ) ) ;
#2108 = LINE ( 'NONE', #2461, #1857 ) ;
#2109 = ORIENTED_EDGE ( 'NONE', *, *, #1330, .F. ) ;
#2110 = EDGE_LOOP ( 'NONE', ( #2363, #2667, #3402 ) ) ;
#2111 = FACE_OUTER_BOUND ( 'NONE', #976, .T. ) ;
#2112 = CARTESIAN_POINT ( 'NONE',  ( 0.000000000000000000, 804.0000000000001137, 0.000000000000000000 ) ) ;
#2113 = ORIENTED_EDGE ( 'NONE', *, *, #3849, .F. ) ;
#2114 = ORIENTED_EDGE ( 'NONE', *, *, #3734, .F. ) ;
#2115 = CARTESIAN_POINT ( 'NONE',  ( -178.2930354147679282, 804.0000000000001137, 9.547694018432261842 ) ) ;
#2116 = VECTOR ( 'NONE', #1326, 1000.000000000000000 ) ;
#2117 = CARTESIAN_POINT ( 'NONE',  ( -253.8791415835516148, 804.0000000000001137, 8.282324195538835809 ) ) ;
#2118 = ORIENTED_EDGE ( 'NONE', *, *, #2489, .T. ) ;
#2119 = VECTOR ( 'NONE', #3071, 1000.000000000000114 ) ;
#2120 = CARTESIAN_POINT ( 'NONE',  ( -280.0929048604700142, 799.9999920000000202, 6.043931826251222716 ) ) ;
#2121 = CARTESIAN_POINT ( 'NONE',  ( -285.8727052897817202, 799.9999920000000202, 2.045397586164800607 ) ) ;
#2122 = EDGE_CURVE ( 'NONE', #1141, #2844, #743, .T. ) ;
#2123 = CARTESIAN_POINT ( 'NONE',  ( -229.2634781935176420, 804.0000000000001137, 8.393818419347322646 ) ) ;
#2124 = ADVANCED_FACE ( 'NONE', ( #2526 ), #3201, .T. ) ;
#2125 = VERTEX_POINT ( 'NONE', #3070 ) ;
#2126 = DIRECTION ( 'NONE',  ( -0.000000000000000000, 1.000000000000000000, -0.000000000000000000 ) ) ;
#2127 = CARTESIAN_POINT ( 'NONE',  ( -178.0312117117007915, 804.0000000000001137, 9.550500515646506372 ) ) ;
#2128 = CARTESIAN_POINT ( 'NONE',  ( -128.1061509150808320, 805.0000000000003411, 27.97564465478143347 ) ) ;
#2129 = CARTESIAN_POINT ( 'NONE',  ( -176.9684519223427230, 804.0000000000001137, 22.98833891310567168 ) ) ;
#2130 = ORIENTED_EDGE ( 'NONE', *, *, #1750, .T. ) ;
#2131 = LINE ( 'NONE', #2711, #384 ) ;
#2132 = EDGE_CURVE ( 'NONE', #994, #3272, #116, .T. ) ;
#2133 = CARTESIAN_POINT ( 'NONE',  ( -249.0161520889757014, 804.0000000000001137, 9.374891832313956286 ) ) ;
#2134 = EDGE_CURVE ( 'NONE', #895, #2545, #3086, .T. ) ;
#2135 = ORIENTED_EDGE ( 'NONE', *, *, #3560, .T. ) ;
#2136 = EDGE_CURVE ( 'NONE', #2910, #2660, #564, .T. ) ;
#2137 = VERTEX_POINT ( 'NONE', #206 ) ;
#2138 = DIRECTION ( 'NONE',  ( -0.7248872777926381739, 0.000000000000000000, 0.6888675014067500157 ) ) ;
#2139 = DIRECTION ( 'NONE',  ( -0.000000000000000000, -1.000000000000000000, -0.000000000000000000 ) ) ;
#2140 = ORIENTED_EDGE ( 'NONE', *, *, #3266, .F. ) ;
#2141 = CARTESIAN_POINT ( 'NONE',  ( -195.1153897876525889, 805.0000000000001137, 9.298503150647020377 ) ) ;
#2142 = DIRECTION ( 'NONE',  ( -0.6888675014067497937, -0.000000000000000000, -0.7248872777926383959 ) ) ;
#2143 = ORIENTED_EDGE ( 'NONE', *, *, #1621, .F. ) ;
#2144 = LINE ( 'NONE', #4139, #1035 ) ;
#2145 = ORIENTED_EDGE ( 'NONE', *, *, #2956, .F. ) ;
#2146 = FACE_OUTER_BOUND ( 'NONE', #2457, .T. ) ;
#2147 = DIRECTION ( 'NONE',  ( 0.5395627763223838080, 0.000000000000000000, 0.8419453725790535525 ) ) ;
#2148 = CARTESIAN_POINT ( 'NONE',  ( -119.0667696627177463, 805.0000000000003411, 28.12804715761673791 ) ) ;
#2149 = EDGE_CURVE ( 'NONE', #1179, #1899, #184, .T. ) ;
#2150 = ORIENTED_EDGE ( 'NONE', *, *, #3862, .T. ) ;
#2151 = FACE_OUTER_BOUND ( 'NONE', #3738, .T. ) ;
#2152 = CARTESIAN_POINT ( 'NONE',  ( -223.8634068827337842, 805.0000000000001137, 8.578241106067626021 ) ) ;
#2153 = DIRECTION ( 'NONE',  ( 0.000000000000000000, 1.000000000000000000, 0.000000000000000000 ) ) ;
#2154 = AXIS2_PLACEMENT_3D ( 'NONE', #395, #3316, #2964 ) ;
#2155 = B_SPLINE_CURVE_WITH_KNOTS ( 'NONE', 3,
 ( #3290, #2959, #2604, #2017 ),
 .UNSPECIFIED., .F., .F.,
 ( 4, 4 ),
 ( 0.05206305305226716779, 0.05568592136626020206 ),
 .UNSPECIFIED. ) ;
#2156 = ORIENTED_EDGE ( 'NONE', *, *, #4114, .T. ) ;
#2157 = ADVANCED_FACE ( 'NONE', ( #2146 ), #814, .T. ) ;
#2158 = EDGE_LOOP ( 'NONE', ( #3758, #626, #111, #2693 ) ) ;
#2159 = CARTESIAN_POINT ( 'NONE',  ( -177.7432081959518086, 804.0000000000001137, 9.553409263231328552 ) ) ;
#2160 = CARTESIAN_POINT ( 'NONE',  ( -245.9346338134759264, 804.0000000000001137, 7.400093216907709603 ) ) ;
#2161 = VECTOR ( 'NONE', #1085, 1000.000000000000000 ) ;
#2162 = ORIENTED_EDGE ( 'NONE', *, *, #2591, .F. ) ;
#2163 = DIRECTION ( 'NONE',  ( -0.7248872777926369526, 0.000000000000000000, 0.6888675014067512370 ) ) ;
#2164 = CARTESIAN_POINT ( 'NONE',  ( -165.5945626566746967, 805.0000000000001137, 9.630199037178199362 ) ) ;
#2165 = ORIENTED_EDGE ( 'NONE', *, *, #2870, .F. ) ;
#2166 = CARTESIAN_POINT ( 'NONE',  ( -112.7120578011263774, 800.0000000000000000, 28.11340712249478102 ) ) ;
#2167 = ORIENTED_EDGE ( 'NONE', *, *, #614, .T. ) ;
#2168 = LINE ( 'NONE', #2950, #2450 ) ;
#2169 = VERTEX_POINT ( 'NONE', #4016 ) ;
#2170 = DIRECTION ( 'NONE',  ( 0.000000000000000000, 1.000000000000000000, 0.000000000000000000 ) ) ;
#2171 = CARTESIAN_POINT ( 'NONE',  ( -224.4286458187617939, 805.0000000000001137, 15.12619433148376658 ) ) ;
#2172 = ORIENTED_EDGE ( 'NONE', *, *, #2007, .F. ) ;
#2173 = DIRECTION ( 'NONE',  ( 0.000000000000000000, -1.000000000000000000, 0.000000000000000000 ) ) ;
#2174 = PLANE ( 'NONE',  #1904 ) ;
#2175 = CARTESIAN_POINT ( 'NONE',  ( -279.6950825001121075, 805.0000000000001137, 1.796581939513774318 ) ) ;
#2176 = EDGE_CURVE ( 'NONE', #1616, #1431, #3025, .T. ) ;
#2177 = VERTEX_POINT ( 'NONE', #1836 ) ;
#2178 = CARTESIAN_POINT ( 'NONE',  ( -252.4608865940129476, 800.0000000000001137, 7.408327906442531585 ) ) ;
#2179 = EDGE_CURVE ( 'NONE', #3285, #2869, #1129, .T. ) ;
#2180 = DIRECTION ( 'NONE',  ( 0.000000000000000000, -1.000000000000000000, 0.000000000000000000 ) ) ;
#2181 = VECTOR ( 'NONE', #2142, 1000.000000000000000 ) ;
#2182 = DIRECTION ( 'NONE',  ( 0.000000000000000000, 0.000000000000000000, -1.000000000000000000 ) ) ;
#2183 = CARTESIAN_POINT ( 'NONE',  ( -165.5945626566746967, 804.0000000000001137, 9.630199037178199362 ) ) ;
#2184 = ORIENTED_EDGE ( 'NONE', *, *, #212, .T. ) ;
#2185 = DIRECTION ( 'NONE',  ( 0.000000000000000000, 1.000000000000000000, 0.000000000000000000 ) ) ;
#2186 = CIRCLE ( 'NONE', #517, 0.4000000000000461520 ) ;
#2187 = AXIS2_PLACEMENT_3D ( 'NONE', #2445, #2420, #1109 ) ;
#2188 = ORIENTED_EDGE ( 'NONE', *, *, #3298, .T. ) ;
#2189 = DIRECTION ( 'NONE',  ( -0.000000000000000000, -1.000000000000000000, -0.000000000000000000 ) ) ;
#2190 = VECTOR ( 'NONE', #2856, 1000.000000000000114 ) ;
#2191 = EDGE_CURVE ( 'NONE', #293, #4034, #4080, .T. ) ;
#2192 = CARTESIAN_POINT ( 'NONE',  ( -260.7629341021684013, 805.0000000000001137, 6.944829825278307389 ) ) ;
#2193 = ORIENTED_EDGE ( 'NONE', *, *, #3681, .F. ) ;
#2194 = CARTESIAN_POINT ( 'NONE',  ( -285.8727052897817202, 805.0000000000001137, 2.045397586164800607 ) ) ;
#2195 = PLANE ( 'NONE',  #1715 ) ;
#2196 = ORIENTED_EDGE ( 'NONE', *, *, #1196, .T. ) ;
#2197 = FACE_BOUND ( 'NONE', #3062, .T. ) ;
#2198 = CARTESIAN_POINT ( 'NONE',  ( -174.2805248062288399, 805.0000000000001137, 23.33870612901657537 ) ) ;
#2199 = FACE_OUTER_BOUND ( 'NONE', #416, .T. ) ;
#2200 = EDGE_CURVE ( 'NONE', #3865, #1488, #2084, .T. ) ;
#2201 = ORIENTED_EDGE ( 'NONE', *, *, #3923, .T. ) ;
#2202 = LINE ( 'NONE', #2178, #58 ) ;
#2203 = CARTESIAN_POINT ( 'NONE',  ( -222.1339385744326762, 805.0000000000001137, 15.90658109350743388 ) ) ;
#2204 = CARTESIAN_POINT ( 'NONE',  ( -254.4422157793071904, 805.0000000000001137, 7.304441185825714555 ) ) ;
#2205 = EDGE_CURVE ( 'NONE', #1835, #199, #4037, .T. ) ;
#2206 = CARTESIAN_POINT ( 'NONE',  ( -188.9322783967771500, 804.0000000000001137, 21.31370094711531493 ) ) ;
#2207 = EDGE_CURVE ( 'NONE', #1348, #1179, #3582, .T. ) ;
#2208 = AXIS2_PLACEMENT_3D ( 'NONE', #2804, #4070, #196 ) ;
#2209 = CARTESIAN_POINT ( 'NONE',  ( -109.7378762676476498, 804.0000000000001137, 91.59481740374727110 ) ) ;
#2210 = ORIENTED_EDGE ( 'NONE', *, *, #192, .T. ) ;
#2211 = CARTESIAN_POINT ( 'NONE',  ( -113.8284090580018244, 800.0000000000000000, 28.12009005535458073 ) ) ;
#2212 = LINE ( 'NONE', #50, #2116 ) ;
#2213 = ORIENTED_EDGE ( 'NONE', *, *, #4007, .F. ) ;
#2214 = CARTESIAN_POINT ( 'NONE',  ( -293.2676002059585585, 805.0000000000001137, 1.330312713632799237 ) ) ;
#2215 = DIRECTION ( 'NONE',  ( -0.02688405537843112716, -0.000000000000000000, -0.9996385584632124788 ) ) ;
#2216 = VERTEX_POINT ( 'NONE', #861 ) ;
#2217 = LINE ( 'NONE', #3493, #2518 ) ;
#2218 = FACE_OUTER_BOUND ( 'NONE', #3690, .T. ) ;
#2219 = CARTESIAN_POINT ( 'NONE',  ( 0.5936727027209567353, 800.0000000000001137, 22.07472482841617634 ) ) ;
#2220 = EDGE_LOOP ( 'NONE', ( #1367, #502, #2398, #67 ) ) ;
#2221 = CARTESIAN_POINT ( 'NONE',  ( -214.1361376603798305, 804.0000000000001137, 8.860027491220346718 ) ) ;
#2222 = CARTESIAN_POINT ( 'NONE',  ( -100.1882357590222767, 800.0000000000001137, 10.35261402249422424 ) ) ;
#2223 = DIRECTION ( 'NONE',  ( -0.9996385584632013765, 0.000000000000000000, 0.02688405537884490035 ) ) ;
#2224 = AXIS2_PLACEMENT_3D ( 'NONE', #733, #3257, #1044 ) ;
#2225 = EDGE_CURVE ( 'NONE', #2255, #1547, #2168, .T. ) ;
#2226 = VECTOR ( 'NONE', #3392, 1000.000000000000000 ) ;
#2227 = CARTESIAN_POINT ( 'NONE',  ( -266.5886069376114733, 805.0000000000001137, 9.579359346406523201 ) ) ;
#2228 = ORIENTED_EDGE ( 'NONE', *, *, #527, .F. ) ;
#2229 = EDGE_LOOP ( 'NONE', ( #2447, #3234, #78, #3693 ) ) ;
#2230 = CARTESIAN_POINT ( 'NONE',  ( -280.3490536555165136, 805.0000000000001137, 2.537585519907651133 ) ) ;
#2231 = AXIS2_PLACEMENT_3D ( 'NONE', #698, #3558, #1009 ) ;
#2232 = CARTESIAN_POINT ( 'NONE',  ( -132.7570495598756395, 805.0000000000001137, 9.255214942794401267 ) ) ;
#2233 = ORIENTED_EDGE ( 'NONE', *, *, #3791, .T. ) ;
#2234 = FACE_BOUND ( 'NONE', #533, .T. ) ;
#2235 = CARTESIAN_POINT ( 'NONE',  ( -199.2002922913582097, 805.0000000000001137, 19.70788813797876671 ) ) ;
#2236 = DIRECTION ( 'NONE',  ( 0.6407894207433072475, 0.000000000000000000, 0.7677166914060529201 ) ) ;
#2237 = AXIS2_PLACEMENT_3D ( 'NONE', #1811, #3068, #2392 ) ;
#2238 = ORIENTED_EDGE ( 'NONE', *, *, #614, .F. ) ;
#2239 = CARTESIAN_POINT ( 'NONE',  ( -233.7501719711009400, 805.0000000000001137, 12.65756759363638473 ) ) ;
#2240 = DIRECTION ( 'NONE',  ( -0.6888675014067497937, -0.000000000000000000, -0.7248872777926383959 ) ) ;
#2241 = CARTESIAN_POINT ( 'NONE',  ( -112.8759871213101178, 800.0000000000001137, 3.035661502869881900 ) ) ;
#2242 = B_SPLINE_CURVE_WITH_KNOTS ( 'NONE', 3,
 ( #1486, #3729, #3750, #3147 ),
 .UNSPECIFIED., .F., .F.,
 ( 4, 4 ),
 ( 0.1048468651970069360, 0.1060171090181408204 ),
 .UNSPECIFIED. ) ;
#2243 = VERTEX_POINT ( 'NONE', #3443 ) ;
#2244 = PLANE ( 'NONE',  #919 ) ;
#2245 = ORIENTED_EDGE ( 'NONE', *, *, #3102, .F. ) ;
#2246 = CARTESIAN_POINT ( 'NONE',  ( -215.2669448463192623, 804.0000000000001137, 8.828999559335404257 ) ) ;
#2247 = EDGE_CURVE ( 'NONE', #3285, #1736, #3496, .T. ) ;
#2248 = ORIENTED_EDGE ( 'NONE', *, *, #2122, .T. ) ;
#2249 = DIRECTION ( 'NONE',  ( 0.000000000000000000, 0.000000000000000000, -1.000000000000000000 ) ) ;
#2250 = EDGE_CURVE ( 'NONE', #895, #4002, #585, .T. ) ;
#2251 = VECTOR ( 'NONE', #263, 1000.000000000000000 ) ;
#2252 = EDGE_CURVE ( 'NONE', #2137, #2947, #3579, .T. ) ;
#2253 = CARTESIAN_POINT ( 'NONE',  ( -257.1713895207026894, 805.0000000000001137, 7.153931681131421527 ) ) ;
#2254 = CARTESIAN_POINT ( 'NONE',  ( -116.9445762645164848, 804.0000000000001137, 111.1335796921702723 ) ) ;
#2255 = VERTEX_POINT ( 'NONE', #2285 ) ;
#2256 = CARTESIAN_POINT ( 'NONE',  ( -245.7811620399695016, 804.0000000000001137, 8.251920861738131663 ) ) ;
#2257 = CARTESIAN_POINT ( 'NONE',  ( -238.1161579706514999, 805.0000000000001137, 8.063291191233982858 ) ) ;
#2258 = DIRECTION ( 'NONE',  ( -0.9996385584632171417, 0.000000000000000000, 0.02688405537825763400 ) ) ;
#2259 = CIRCLE ( 'NONE', #454, 10.79999999999999005 ) ;
#2260 = EDGE_LOOP ( 'NONE', ( #1163, #1099, #3700, #3415 ) ) ;
#2261 = CARTESIAN_POINT ( 'NONE',  ( -195.1301120960158073, 804.0000000000001137, 9.398703641024599875 ) ) ;
#2262 = CARTESIAN_POINT ( 'NONE',  ( -251.8022909279662542, 804.0000000000001137, 7.942175760401747553 ) ) ;
#2263 = DIRECTION ( 'NONE',  ( -0.7248872777926381739, 0.000000000000000000, 0.6888675014067500157 ) ) ;
#2264 = EDGE_CURVE ( 'NONE', #3124, #3225, #2784, .T. ) ;
#2265 = VERTEX_POINT ( 'NONE', #1674 ) ;
#2266 = FACE_OUTER_BOUND ( 'NONE', #989, .T. ) ;
#2267 = ORIENTED_EDGE ( 'NONE', *, *, #1266, .T. ) ;
#2268 = CARTESIAN_POINT ( 'NONE',  ( -293.2676002059585585, 799.9999920000000202, 1.330312713632799237 ) ) ;
#2269 = VECTOR ( 'NONE', #1804, 1000.000000000000114 ) ;
#2270 = EDGE_CURVE ( 'NONE', #1376, #2397, #1247, .T. ) ;
#2271 = CARTESIAN_POINT ( 'NONE',  ( -239.2467623673019261, 800.0000000000001137, 8.017431533633828877 ) ) ;
#2272 = DIRECTION ( 'NONE',  ( 0.000000000000000000, 0.000000000000000000, -1.000000000000000000 ) ) ;
#2273 = ORIENTED_EDGE ( 'NONE', *, *, #1269, .F. ) ;
#2274 = DIRECTION ( 'NONE',  ( -0.000000000000000000, 1.000000000000000000, -0.000000000000000000 ) ) ;
#2275 = LINE ( 'NONE', #3274, #1219 ) ;
#2276 = CARTESIAN_POINT ( 'NONE',  ( -165.1945694306308212, 804.0000000000002274, 9.630992313254461479 ) ) ;
#2277 = EDGE_LOOP ( 'NONE', ( #1670, #1118, #3393 ) ) ;
#2278 = CARTESIAN_POINT ( 'NONE',  ( -88.41564499545332012, 805.0000000000001137, -93.03875721260200748 ) ) ;
#2279 = CARTESIAN_POINT ( 'NONE',  ( -177.5633811394796737, 805.0000000000001137, 22.91049787895995848 ) ) ;
#2280 = CARTESIAN_POINT ( 'NONE',  ( -112.8759871213101178, 805.0000000000001137, 3.035661502869881900 ) ) ;
#2281 = VECTOR ( 'NONE', #2349, 1000.000000000000000 ) ;
#2282 = EDGE_CURVE ( 'NONE', #3355, #3564, #2680, .T. ) ;
#2283 = VERTEX_POINT ( 'NONE', #3467 ) ;
#2284 = AXIS2_PLACEMENT_3D ( 'NONE', #1681, #3567, #2330 ) ;
#2285 = CARTESIAN_POINT ( 'NONE',  ( -239.2467623673018977, 804.0000000000001137, 8.017431533633853746 ) ) ;
#2286 = CARTESIAN_POINT ( 'NONE',  ( -297.6249865866503796, 805.0000000000001137, 0.7942685039368116984 ) ) ;
#2287 = B_SPLINE_CURVE_WITH_KNOTS ( 'NONE', 3,
 ( #3728, #554, #3119, #3412 ),
 .UNSPECIFIED., .F., .F.,
 ( 4, 4 ),
 ( 0.09229527947155809209, 0.09392440925615408442 ),
 .UNSPECIFIED. ) ;
#2288 = ORIENTED_EDGE ( 'NONE', *, *, #3948, .F. ) ;
#2289 = DIRECTION ( 'NONE',  ( 0.000000000000000000, 1.000000000000000000, 0.000000000000000000 ) ) ;
#2290 = VECTOR ( 'NONE', #592, 1000.000000000000000 ) ;
#2291 = CARTESIAN_POINT ( 'NONE',  ( -132.7140058270188092, 805.0000000000001137, 9.254047714990685236 ) ) ;
#2292 = DIRECTION ( 'NONE',  ( -0.6965575549846625414, -0.000000000000000000, -0.7175009216675536372 ) ) ;
#2293 = VERTEX_POINT ( 'NONE', #1229 ) ;
#2294 = CARTESIAN_POINT ( 'NONE',  ( -279.6950825009795381, 805.0000000000001137, 1.796581939439559239 ) ) ;
#2295 = VECTOR ( 'NONE', #4108, 1000.000000000000000 ) ;
#2296 = FACE_OUTER_BOUND ( 'NONE', #3827, .T. ) ;
#2297 = DIRECTION ( 'NONE',  ( -0.7248872777926381739, 0.000000000000000000, 0.6888675014067500157 ) ) ;
#2298 = PLANE ( 'NONE',  #1320 ) ;
#2299 = ORIENTED_EDGE ( 'NONE', *, *, #1994, .T. ) ;
#2300 = DIRECTION ( 'NONE',  ( -0.8513302070673183231, 0.000000000000000000, 0.5246302302905513359 ) ) ;
#2301 = CARTESIAN_POINT ( 'NONE',  ( -112.7508309264629105, 800.0000000000001137, 7.689384925052574538 ) ) ;
#2302 = EDGE_CURVE ( 'NONE', #167, #1348, #1537, .T. ) ;
#2303 = ORIENTED_EDGE ( 'NONE', *, *, #968, .F. ) ;
#2304 = CARTESIAN_POINT ( 'NONE',  ( -123.0258495498963782, 800.0000000000001137, 8.956862106542860857 ) ) ;
#2305 = DIRECTION ( 'NONE',  ( -0.6888675014067504598, -0.000000000000000000, -0.7248872777926377298 ) ) ;
#2306 = ORIENTED_EDGE ( 'NONE', *, *, #3509, .F. ) ;
#2307 = EDGE_CURVE ( 'NONE', #2932, #2858, #4100, .T. ) ;
#2308 = CARTESIAN_POINT ( 'NONE',  ( -249.1849982830883050, 799.9999920000000202, -62.77685069814302210 ) ) ;
#2309 = DIRECTION ( 'NONE',  ( -0.9304391691071159931, 0.000000000000000000, 0.3664463843337242843 ) ) ;
#2310 = DIRECTION ( 'NONE',  ( 0.000000000000000000, 1.000000000000000000, 0.000000000000000000 ) ) ;
#2311 = AXIS2_PLACEMENT_3D ( 'NONE', #1446, #3621, #1405 ) ;
#2312 = ADVANCED_FACE ( 'NONE', ( #2499, #2598, #3779, #3897, #608, #3877 ), #292, .T. ) ;
#2313 = ORIENTED_EDGE ( 'NONE', *, *, #3636, .T. ) ;
#2314 = CARTESIAN_POINT ( 'NONE',  ( -282.4215676329403095, 805.0000000000001137, 1.563290641976378126 ) ) ;
#2315 = FACE_OUTER_BOUND ( 'NONE', #1093, .T. ) ;
#2316 = CARTESIAN_POINT ( 'NONE',  ( -246.7979172724595287, 805.0000000000001137, 7.686970943641812326 ) ) ;
#2317 = LINE ( 'NONE', #2965, #2688 ) ;
#2318 = VECTOR ( 'NONE', #935, 1000.000000000000114 ) ;
#2319 = ORIENTED_EDGE ( 'NONE', *, *, #3146, .F. ) ;
#2320 = CARTESIAN_POINT ( 'NONE',  ( -83.70945874278774568, 805.0000000000001137, 79.54992100821259271 ) ) ;
#2321 = EDGE_CURVE ( 'NONE', #2486, #1810, #4122, .T. ) ;
#2322 = VECTOR ( 'NONE', #4018, 1000.000000000000000 ) ;
#2323 = CARTESIAN_POINT ( 'NONE',  ( -300.0000000000000000, 716.1111120000000483, 0.000000000000000000 ) ) ;
#2324 = ORIENTED_EDGE ( 'NONE', *, *, #3509, .T. ) ;
#2325 = CARTESIAN_POINT ( 'NONE',  ( -270.6058122691740664, 805.0000000000001137, 7.731282320555687093 ) ) ;
#2326 = DIRECTION ( 'NONE',  ( 0.000000000000000000, 1.000000000000000000, 0.000000000000000000 ) ) ;
#2327 = ORIENTED_EDGE ( 'NONE', *, *, #3326, .T. ) ;
#2328 = LINE ( 'NONE', #727, #3655 ) ;
#2329 = DIRECTION ( 'NONE',  ( 0.000000000000000000, 0.000000000000000000, -1.000000000000000000 ) ) ;
#2330 = DIRECTION ( 'NONE',  ( -0.9996385584632171417, 0.000000000000000000, 0.02688405537825780053 ) ) ;
#2331 = EDGE_LOOP ( 'NONE', ( #1753, #1957, #203, #510 ) ) ;
#2332 = FACE_OUTER_BOUND ( 'NONE', #852, .T. ) ;
#2333 = DIRECTION ( 'NONE',  ( 0.000000000000000000, 1.000000000000000000, 0.000000000000000000 ) ) ;
#2334 = DIRECTION ( 'NONE',  ( -0.9996497148847962588, 0.000000000000000000, 0.02646596929541218668 ) ) ;
#2335 = DIRECTION ( 'NONE',  ( 0.000000000000000000, 0.000000000000000000, -1.000000000000000000 ) ) ;
#2336 = VERTEX_POINT ( 'NONE', #702 ) ;
#2337 = LINE ( 'NONE', #2278, #1713 ) ;
#2338 = DIRECTION ( 'NONE',  ( 0.001877162694616514409, 0.000000000000000000, -0.9999982381285568156 ) ) ;
#2339 = VERTEX_POINT ( 'NONE', #2522 ) ;
#2340 = FACE_OUTER_BOUND ( 'NONE', #2343, .T. ) ;
#2341 = EDGE_CURVE ( 'NONE', #4095, #633, #940, .T. ) ;
#2342 = LINE ( 'NONE', #114, #512 ) ;
#2343 = EDGE_LOOP ( 'NONE', ( #827, #2879, #882, #744 ) ) ;
#2344 = CARTESIAN_POINT ( 'NONE',  ( -292.7816016975322100, 799.9999920000000202, 2.342604849896636310 ) ) ;
#2345 = LINE ( 'NONE', #1428, #3242 ) ;
#2346 = CARTESIAN_POINT ( 'NONE',  ( -259.3915731961799338, 800.0000000000000000, 7.445118414149744623 ) ) ;
#2347 = VERTEX_POINT ( 'NONE', #2908 ) ;
#2348 = CARTESIAN_POINT ( 'NONE',  ( -297.6853304519445373, 799.9999920000000202, 0.07763497804487534681 ) ) ;
#2349 = DIRECTION ( 'NONE',  ( 0.000000000000000000, 1.000000000000000000, 0.000000000000000000 ) ) ;
#2350 = CARTESIAN_POINT ( 'NONE',  ( -149.9733316264472194, 804.0000000000001137, 10.94980211331408881 ) ) ;
#2351 = CARTESIAN_POINT ( 'NONE',  ( -242.5218837963553824, 804.0000000000001137, 11.68162153531826419 ) ) ;
#2352 = AXIS2_PLACEMENT_3D ( 'NONE', #1926, #1962, #657 ) ;
#2353 = ORIENTED_EDGE ( 'NONE', *, *, #400, .F. ) ;
#2354 = ORIENTED_EDGE ( 'NONE', *, *, #3543, .F. ) ;
#2355 = LINE ( 'NONE', #1377, #48 ) ;
#2356 = CARTESIAN_POINT ( 'NONE',  ( -112.6701787603263796, 800.0000000000001137, 10.68830060044215280 ) ) ;
#2357 = EDGE_CURVE ( 'NONE', #3839, #3799, #2212, .T. ) ;
#2358 = EDGE_CURVE ( 'NONE', #115, #1816, #324, .T. ) ;
#2359 = VERTEX_POINT ( 'NONE', #3599 ) ;
#2360 = CARTESIAN_POINT ( 'NONE',  ( -112.2823144185779682, 800.0000000000001137, 25.11038633121939867 ) ) ;
#2361 = LINE ( 'NONE', #3961, #4130 ) ;
#2362 = ORIENTED_EDGE ( 'NONE', *, *, #651, .T. ) ;
#2363 = ORIENTED_EDGE ( 'NONE', *, *, #953, .T. ) ;
#2364 = CARTESIAN_POINT ( 'NONE',  ( -225.6975725102136039, 805.0000000000003411, 8.533007167635533463 ) ) ;
#2365 = B_SPLINE_CURVE_WITH_KNOTS ( 'NONE', 13,
 ( #1409, #2681, #4011, #809, #3966, #2366, #3646, #3019, #2079, #2769, #874, #1832, #266, #560 ),
 .UNSPECIFIED., .F., .F.,
 ( 14, 14 ),
 ( 0.000000000000000000, 1.000000000000000000 ),
 .UNSPECIFIED. ) ;
#2366 = CARTESIAN_POINT ( 'NONE',  ( -279.6950825001121075, 799.9999920000000202, 1.796581939513774318 ) ) ;
#2367 = EDGE_CURVE ( 'NONE', #3972, #586, #1717, .T. ) ;
#2368 = DIRECTION ( 'NONE',  ( -0.000000000000000000, -1.000000000000000000, -0.000000000000000000 ) ) ;
#2369 = ORIENTED_EDGE ( 'NONE', *, *, #552, .T. ) ;
#2370 = CARTESIAN_POINT ( 'NONE',  ( -233.2886263910395996, 800.0000000000001137, 13.32257616013490420 ) ) ;
#2371 = AXIS2_PLACEMENT_3D ( 'NONE', #244, #3482, #3401 ) ;
#2372 = CARTESIAN_POINT ( 'NONE',  ( -164.9945637137975609, 804.0000000000001137, 9.631325334794968995 ) ) ;
#2373 = LINE ( 'NONE', #3631, #3494 ) ;
#2374 = CARTESIAN_POINT ( 'NONE',  ( -112.8759871213101178, 800.0000000000001137, 3.035661502869943629 ) ) ;
#2375 = ADVANCED_FACE ( 'NONE', ( #464 ), #3941, .F. ) ;
#2376 = EDGE_LOOP ( 'NONE', ( #2634, #924, #2471 ) ) ;
#2377 = ORIENTED_EDGE ( 'NONE', *, *, #2986, .F. ) ;
#2378 = CARTESIAN_POINT ( 'NONE',  ( -148.5690912469677301, 805.0000000000001137, 9.556892805854925399 ) ) ;
#2379 = CARTESIAN_POINT ( 'NONE',  ( -265.5219321219681774, 805.0000000000001137, 2.837808823443983997 ) ) ;
#2380 = VECTOR ( 'NONE', #3574, 1000.000000000000000 ) ;
#2381 = EDGE_CURVE ( 'NONE', #115, #3799, #1737, .T. ) ;
#2382 = AXIS2_PLACEMENT_3D ( 'NONE', #504, #3974, #1155 ) ;
#2383 = VECTOR ( 'NONE', #243, 1000.000000000000000 ) ;
#2384 = ORIENTED_EDGE ( 'NONE', *, *, #1506, .F. ) ;
#2385 = CARTESIAN_POINT ( 'NONE',  ( -292.2377533026771061, 799.9999920000000202, 1.650914772662632979 ) ) ;
#2386 = CARTESIAN_POINT ( 'NONE',  ( -253.8791415835516148, 805.0000000000001137, 8.282324195538835809 ) ) ;
#2387 = EDGE_LOOP ( 'NONE', ( #2430, #767, #274, #806 ) ) ;
#2388 = VERTEX_POINT ( 'NONE', #1072 ) ;
#2389 = CARTESIAN_POINT ( 'NONE',  ( -160.2337874188641251, 805.0000000000001137, 9.638341105437232770 ) ) ;
#2390 = DIRECTION ( 'NONE',  ( 0.9996385584632171417, 0.000000000000000000, -0.02688405537825784564 ) ) ;
#2391 = ORIENTED_EDGE ( 'NONE', *, *, #3126, .F. ) ;
#2392 = DIRECTION ( 'NONE',  ( 0.6888675014067477953, 0.000000000000000000, 0.7248872777926400612 ) ) ;
#2393 = LINE ( 'NONE', #3672, #2480 ) ;
#2394 = CARTESIAN_POINT ( 'NONE',  ( -113.5285485838878117, 800.0000000000001137, 8.528672068350854119 ) ) ;
#2395 = CARTESIAN_POINT ( 'NONE',  ( -245.5651775961718499, 804.0000000000001137, 7.743979073360947041 ) ) ;
#2396 = EDGE_CURVE ( 'NONE', #220, #921, #150, .T. ) ;
#2397 = VERTEX_POINT ( 'NONE', #2404 ) ;
#2398 = ORIENTED_EDGE ( 'NONE', *, *, #1265, .F. ) ;
#2399 = DIRECTION ( 'NONE',  ( -0.000000000000000000, 1.000000000000000000, -0.000000000000000000 ) ) ;
#2400 = CARTESIAN_POINT ( 'NONE',  ( -241.2190980153119426, 805.0000000000001137, 7.936650684388200538 ) ) ;
#2401 = CIRCLE ( 'NONE', #1140, 0.6000000000000224043 ) ;
#2402 = ORIENTED_EDGE ( 'NONE', *, *, #529, .F. ) ;
#2403 = ORIENTED_EDGE ( 'NONE', *, *, #3612, .T. ) ;
#2404 = CARTESIAN_POINT ( 'NONE',  ( -260.8337779114087880, 805.0000000000001137, 6.940564282570123922 ) ) ;
#2405 = EDGE_CURVE ( 'NONE', #2265, #3972, #3035, .T. ) ;
#2406 = CARTESIAN_POINT ( 'NONE',  ( -133.5305144212671280, 804.0000000000001137, 25.38181269809026119 ) ) ;
#2407 = ORIENTED_EDGE ( 'NONE', *, *, #2866, .T. ) ;
#2408 = EDGE_LOOP ( 'NONE', ( #548, #1054, #997, #194 ) ) ;
#2409 = LINE ( 'NONE', #829, #821 ) ;
#2410 = CARTESIAN_POINT ( 'NONE',  ( -196.2236163048101787, 805.0000000000001137, 21.18604354544763169 ) ) ;
#2411 = VERTEX_POINT ( 'NONE', #508 ) ;
#2412 = CARTESIAN_POINT ( 'NONE',  ( -176.9634105113533451, 804.0000000000001137, 22.91643466139867513 ) ) ;
#2413 = CARTESIAN_POINT ( 'NONE',  ( -188.9322783937708721, 805.0000000000001137, 21.31370094756423228 ) ) ;
#2414 = CARTESIAN_POINT ( 'NONE',  ( -101.3232182224359406, 804.0000000000001137, 24.01536559620939926 ) ) ;
#2415 = AXIS2_PLACEMENT_3D ( 'NONE', #766, #810, #1410 ) ;
#2416 = LINE ( 'NONE', #1435, #2119 ) ;
#2417 = B_SPLINE_SURFACE_WITH_KNOTS ( 'NONE', 3, 1, ( 
 ( #2569, #2979 ),
 ( #1942, #1356 ),
 ( #1684, #3845 ),
 ( #3867, #1960 ),
 ( #732, #431 ),
 ( #676, #750 ),
 ( #2900, #3886 ),
 ( #1004, #1706 ),
 ( #1311, #394 ),
 ( #3219, #3236 ) ),
 .UNSPECIFIED., .F., .F., .F.,
 ( 4, 1, 1, 1, 1, 1, 1, 4 ),
 ( 2, 2 ),
 ( 0.000000000000000000, 0.01186766440047273830, 0.03121087057751428806, 0.04088247366603506294, 0.05055407675455584476, 0.06022567984307662659, 0.06448362319682569843, 0.06470880715794090354 ),
 ( 0.000000000000000000, 1.000000000000000000 ),
 .UNSPECIFIED. ) ;
#2418 = VERTEX_POINT ( 'NONE', #739 ) ;
#2419 = VERTEX_POINT ( 'NONE', #172 ) ;
#2420 = DIRECTION ( 'NONE',  ( -0.000000000000000000, 1.000000000000000000, -0.000000000000000000 ) ) ;
#2421 = LINE ( 'NONE', #3767, #2226 ) ;
#2422 = AXIS2_PLACEMENT_3D ( 'NONE', #12, #3852, #3540 ) ;
#2423 = B_SPLINE_CURVE_WITH_KNOTS ( 'NONE', 3,
 ( #3379, #2057, #764, #1767, #1702, #3926, #514, #2410, #494, #2639, #3288, #158, #831, #2101, #2975, #1079 ),
 .UNSPECIFIED., .F., .F.,
 ( 4, 1, 1, 1, 1, 1, 1, 1, 1, 1, 1, 1, 1, 4 ),
 ( 0.03891155862395574011, 0.04061555485877392513, 0.04231955109358285366, 0.05452787951388714249, 0.06815984939235858464, 0.08179181927083004067, 0.1090557590277729250, 0.1363196987847158093, 0.1499516686631872653, 0.1635836385416586936, 0.1772156084201301496, 0.1908475782986016056, 0.1928611597997482718, 0.1945651560345577347 ),
 .UNSPECIFIED. ) ;
#2424 = ORIENTED_EDGE ( 'NONE', *, *, #2247, .T. ) ;
#2425 = ORIENTED_EDGE ( 'NONE', *, *, #552, .F. ) ;
#2426 = DIRECTION ( 'NONE',  ( 0.02646596929541375487, 0.000000000000000000, 0.9996497148847961478 ) ) ;
#2427 = VECTOR ( 'NONE', #598, 1000.000000000000000 ) ;
#2428 = ADVANCED_FACE ( 'NONE', ( #4004 ), #3012, .F. ) ;
#2429 = CARTESIAN_POINT ( 'NONE',  ( -133.3568342694779005, 805.0000000000001137, 9.271286723260836027 ) ) ;
#2430 = ORIENTED_EDGE ( 'NONE', *, *, #3932, .T. ) ;
#2431 = CARTESIAN_POINT ( 'NONE',  ( -192.5000000000002274, 800.0000000000001137, 15.15093237103806700 ) ) ;
#2432 = VECTOR ( 'NONE', #2727, 1000.000000000000000 ) ;
#2433 = DIRECTION ( 'NONE',  ( 0.9304391691071159931, 0.000000000000000000, -0.3664463843337242843 ) ) ;
#2434 = PLANE ( 'NONE',  #4029 ) ;
#2435 = ADVANCED_FACE ( 'NONE', ( #2694 ), #780, .F. ) ;
#2436 = ORIENTED_EDGE ( 'NONE', *, *, #3102, .T. ) ;
#2437 = CARTESIAN_POINT ( 'NONE',  ( -255.4287063650164100, 804.0000000000001137, 7.250587697153873634 ) ) ;
#2438 = DIRECTION ( 'NONE',  ( -0.000000000000000000, 1.000000000000000000, -0.000000000000000000 ) ) ;
#2439 = ADVANCED_FACE ( 'NONE', ( #2340 ), #2862, .F. ) ;
#2440 = DIRECTION ( 'NONE',  ( -0.6888675014067477953, -0.000000000000000000, -0.7248872777926400612 ) ) ;
#2441 = DIRECTION ( 'NONE',  ( 0.8419453725790534415, 0.000000000000000000, -0.5395627763223836970 ) ) ;
#2442 = ADVANCED_FACE ( 'NONE', ( #2992 ), #130, .T. ) ;
#2443 = EDGE_CURVE ( 'NONE', #646, #822, #1669, .T. ) ;
#2444 = ORIENTED_EDGE ( 'NONE', *, *, #3706, .F. ) ;
#2445 = CARTESIAN_POINT ( 'NONE',  ( -192.5000000000002274, 805.0000000000001137, 15.15093237103806700 ) ) ;
#2446 = LINE ( 'NONE', #3053, #3768 ) ;
#2447 = ORIENTED_EDGE ( 'NONE', *, *, #2566, .F. ) ;
#2448 = VERTEX_POINT ( 'NONE', #1761 ) ;
#2449 = PLANE ( 'NONE',  #2208 ) ;
#2450 = VECTOR ( 'NONE', #3562, 1000.000000000000000 ) ;
#2451 = FACE_OUTER_BOUND ( 'NONE', #2331, .T. ) ;
#2452 = ORIENTED_EDGE ( 'NONE', *, *, #3801, .F. ) ;
#2453 = CARTESIAN_POINT ( 'NONE',  ( -266.5147033832301418, 805.0000000000001137, 5.740492526924503736 ) ) ;
#2454 = EDGE_CURVE ( 'NONE', #3225, #3124, #71, .T. ) ;
#2455 = VECTOR ( 'NONE', #1240, 1000.000000000000000 ) ;
#2456 = FACE_OUTER_BOUND ( 'NONE', #3076, .T. ) ;
#2457 = EDGE_LOOP ( 'NONE', ( #2327, #648, #1447, #3407 ) ) ;
#2458 = LINE ( 'NONE', #790, #1366 ) ;
#2459 = ORIENTED_EDGE ( 'NONE', *, *, #1460, .F. ) ;
#2460 = CARTESIAN_POINT ( 'NONE',  ( -265.3338636067449556, 800.0000000000001137, 6.801727551363130786 ) ) ;
#2461 = CARTESIAN_POINT ( 'NONE',  ( -252.9784568474884736, 799.9999920000000202, -41.24291343747756855 ) ) ;
#2462 = EDGE_CURVE ( 'NONE', #4002, #2487, #1504, .T. ) ;
#2463 = CARTESIAN_POINT ( 'NONE',  ( -222.5213143660650132, 805.0000000000001137, 15.49895004327216874 ) ) ;
#2464 = ORIENTED_EDGE ( 'NONE', *, *, #515, .T. ) ;
#2465 = DIRECTION ( 'NONE',  ( 0.000000000000000000, 0.000000000000000000, -1.000000000000000000 ) ) ;
#2466 = LINE ( 'NONE', #2757, #2024 ) ;
#2467 = ORIENTED_EDGE ( 'NONE', *, *, #531, .F. ) ;
#2468 = VERTEX_POINT ( 'NONE', #621 ) ;
#2469 = DIRECTION ( 'NONE',  ( -0.01073934591757915065, -0.000000000000000000, -0.9999423315618068964 ) ) ;
#2470 = PLANE ( 'NONE',  #52 ) ;
#2471 = ORIENTED_EDGE ( 'NONE', *, *, #221, .F. ) ;
#2472 = CARTESIAN_POINT ( 'NONE',  ( -272.0829353890873676, 799.9999920000000202, 8.182179439941577925 ) ) ;
#2473 = CARTESIAN_POINT ( 'NONE',  ( -269.9384435895149750, 799.9999920000000202, 3.340010526439053606 ) ) ;
#2474 = VERTEX_POINT ( 'NONE', #2738 ) ;
#2475 = CARTESIAN_POINT ( 'NONE',  ( -133.3568342694779005, 804.0000000000001137, 9.271286723260836027 ) ) ;
#2476 = ORIENTED_EDGE ( 'NONE', *, *, #2207, .F. ) ;
#2477 = CARTESIAN_POINT ( 'NONE',  ( -151.9060143339745537, 800.0000000000001137, 9.644634931176614856 ) ) ;
#2478 = ORIENTED_EDGE ( 'NONE', *, *, #2136, .F. ) ;
#2479 = DIRECTION ( 'NONE',  ( 0.6888675014067476843, 0.000000000000000000, 0.7248872777926403943 ) ) ;
#2480 = VECTOR ( 'NONE', #475, 1000.000000000000114 ) ;
#2481 = CARTESIAN_POINT ( 'NONE',  ( -292.2377533026771061, 799.9999920000000202, 1.650914772662632979 ) ) ;
#2482 = ORIENTED_EDGE ( 'NONE', *, *, #1450, .T. ) ;
#2483 = FACE_BOUND ( 'NONE', #4024, .T. ) ;
#2484 = DIRECTION ( 'NONE',  ( 0.000000000000000000, 0.000000000000000000, -1.000000000000000000 ) ) ;
#2485 = CARTESIAN_POINT ( 'NONE',  ( -254.1091732842313888, 805.0000000000001137, 9.090270003344036454 ) ) ;
#2486 = VERTEX_POINT ( 'NONE', #2488 ) ;
#2487 = VERTEX_POINT ( 'NONE', #1243 ) ;
#2488 = CARTESIAN_POINT ( 'NONE',  ( -252.4608865940129476, 804.0000000000001137, 7.408327906442551125 ) ) ;
#2489 = EDGE_CURVE ( 'NONE', #1780, #1142, #283, .T. ) ;
#2490 = ADVANCED_FACE ( 'NONE', ( #1893 ), #2449, .T. ) ;
#2491 = DIRECTION ( 'NONE',  ( -0.2442954651673957256, 0.000000000000000000, 0.9697008434041118896 ) ) ;
#2492 = VECTOR ( 'NONE', #2861, 1000.000000000000000 ) ;
#2493 = B_SPLINE_SURFACE_WITH_KNOTS ( 'NONE', 3, 1, ( 
 ( #1640, #3645 ),
 ( #1100, #57 ),
 ( #3964, #3565 ),
 ( #1975, #2678 ),
 ( #2933, #75 ),
 ( #389, #763 ),
 ( #1678, #2364 ),
 ( #3604, #2620 ),
 ( #787, #425 ),
 ( #3229, #368 ) ),
 .UNSPECIFIED., .F., .F., .F.,
 ( 4, 1, 1, 1, 1, 1, 1, 4 ),
 ( 2, 2 ),
 ( 0.000000000000000000, 0.0003460023028997172290, 0.006601694788056500229, 0.02129757267368515006, 0.03599345055931391091, 0.05068932844494256074, 0.08008108421619997142, 0.1028497146841623744 ),
 ( 0.000000000000000000, 1.000000000000000000 ),
 .UNSPECIFIED. ) ;
#2494 = ORIENTED_EDGE ( 'NONE', *, *, #825, .T. ) ;
#2495 = CARTESIAN_POINT ( 'NONE',  ( -245.5029835924179622, 804.0000000000001137, 8.073649514971068086 ) ) ;
#2496 = CARTESIAN_POINT ( 'NONE',  ( -116.9445762645164848, 805.0000000000001137, 111.1335796921702723 ) ) ;
#2497 = EDGE_LOOP ( 'NONE', ( #3263, #3712, #1220 ) ) ;
#2498 = CARTESIAN_POINT ( 'NONE',  ( -266.6398104252422172, 805.0000000000001137, 6.507882213807866911 ) ) ;
#2499 = FACE_OUTER_BOUND ( 'NONE', #1927, .T. ) ;
#2500 = ORIENTED_EDGE ( 'NONE', *, *, #465, .F. ) ;
#2501 = CARTESIAN_POINT ( 'NONE',  ( -280.3490536555165136, 805.0000000000001137, 2.537585519907651133 ) ) ;
#2502 = LINE ( 'NONE', #3425, #3318 ) ;
#2503 = ORIENTED_EDGE ( 'NONE', *, *, #2943, .T. ) ;
#2504 = LINE ( 'NONE', #1864, #1120 ) ;
#2505 = DIRECTION ( 'NONE',  ( 0.6888675014067500157, 0.000000000000000000, 0.7248872777926381739 ) ) ;
#2506 = EDGE_CURVE ( 'NONE', #3015, #3254, #2287, .T. ) ;
#2507 = FACE_OUTER_BOUND ( 'NONE', #3308, .T. ) ;
#2508 = ORIENTED_EDGE ( 'NONE', *, *, #3849, .T. ) ;
#2509 = CARTESIAN_POINT ( 'NONE',  ( -260.7043874911532271, 799.9999920000000202, 6.146900934098136204 ) ) ;
#2510 = DIRECTION ( 'NONE',  ( -0.000000000000000000, 1.000000000000000000, -0.000000000000000000 ) ) ;
#2511 = VECTOR ( 'NONE', #2621, 1000.000000000000000 ) ;
#2512 = EDGE_CURVE ( 'NONE', #944, #3163, #97, .T. ) ;
#2513 = CARTESIAN_POINT ( 'NONE',  ( -176.6433472521857198, 804.0000000000001137, 9.564051733357914031 ) ) ;
#2514 = AXIS2_PLACEMENT_3D ( 'NONE', #804, #1676, #2952 ) ;
#2515 = DIRECTION ( 'NONE',  ( 0.000000000000000000, 0.000000000000000000, -1.000000000000000000 ) ) ;
#2516 = EDGE_CURVE ( 'NONE', #325, #2411, #3089, .T. ) ;
#2517 = DIRECTION ( 'NONE',  ( 0.7248872777926395061, 0.000000000000000000, -0.6888675014067485725 ) ) ;
#2518 = VECTOR ( 'NONE', #634, 1000.000000000000000 ) ;
#2519 = EDGE_LOOP ( 'NONE', ( #1615, #801, #1178, #2049 ) ) ;
#2520 = DIRECTION ( 'NONE',  ( -0.000000000000000000, 1.000000000000000000, -0.000000000000000000 ) ) ;
#2521 = AXIS2_PLACEMENT_3D ( 'NONE', #2794, #3386, #1797 ) ;
#2522 = CARTESIAN_POINT ( 'NONE',  ( -221.8295757527612295, 805.0000000000001137, 15.06553218126492055 ) ) ;
#2523 = ORIENTED_EDGE ( 'NONE', *, *, #3929, .F. ) ;
#2524 = LINE ( 'NONE', #1233, #863 ) ;
#2525 = B_SPLINE_CURVE_WITH_KNOTS ( 'NONE', 3,
 ( #186, #3860, #3510, #2836 ),
 .UNSPECIFIED., .F., .F.,
 ( 4, 4 ),
 ( 0.1147249827450547016, 0.1160354663420340854 ),
 .UNSPECIFIED. ) ;
#2526 = FACE_OUTER_BOUND ( 'NONE', #3468, .T. ) ;
#2527 = ORIENTED_EDGE ( 'NONE', *, *, #2307, .T. ) ;
#2528 = CARTESIAN_POINT ( 'NONE',  ( -165.6192316589048232, 805.0000000000001137, 22.77181901356583182 ) ) ;
#2529 = CARTESIAN_POINT ( 'NONE',  ( -204.8832445304088310, 804.0000000000001137, 18.74516666487845029 ) ) ;
#2530 = EDGE_CURVE ( 'NONE', #1816, #3949, #1467, .T. ) ;
#2531 = ADVANCED_FACE ( 'NONE', ( #1550 ), #3457, .T. ) ;
#2532 = CARTESIAN_POINT ( 'NONE',  ( -164.2408507529935378, 804.0000000000001137, 24.50836570392766944 ) ) ;
#2533 = VERTEX_POINT ( 'NONE', #3709 ) ;
#2534 = DIRECTION ( 'NONE',  ( 0.000000000000000000, 1.000000000000000000, 0.000000000000000000 ) ) ;
#2535 = CARTESIAN_POINT ( 'NONE',  ( -112.6486715160237821, 800.0000000000001137, 11.48801144721272749 ) ) ;
#2536 = DIRECTION ( 'NONE',  ( -0.02688405537884489688, -0.000000000000000000, -0.9996385584632012655 ) ) ;
#2537 = EDGE_CURVE ( 'NONE', #3221, #1208, #3396, .T. ) ;
#2538 = B_SPLINE_CURVE_WITH_KNOTS ( 'NONE', 3,
 ( #3301, #2925, #1671, #3615 ),
 .UNSPECIFIED., .F., .F.,
 ( 4, 4 ),
 ( 0.7024439672986638739, 0.7038618315150659832 ),
 .UNSPECIFIED. ) ;
#2539 = CARTESIAN_POINT ( 'NONE',  ( -238.2652901195033621, 800.0000000000001137, 8.067388918634684103 ) ) ;
#2540 = ORIENTED_EDGE ( 'NONE', *, *, #2512, .F. ) ;
#2541 =( NAMED_UNIT ( * ) SI_UNIT ( $, .STERADIAN. ) SOLID_ANGLE_UNIT ( ) );
#2542 = EDGE_LOOP ( 'NONE', ( #941, #2500, #3061, #4052, #334, #1426 ) ) ;
#2543 = CARTESIAN_POINT ( 'NONE',  ( -258.1834402303673528, 800.0000000000001137, 7.735716175647652015 ) ) ;
#2544 = CARTESIAN_POINT ( 'NONE',  ( -112.7120578240558046, 800.0000000000001137, 28.11340712263204367 ) ) ;
#2545 = VERTEX_POINT ( 'NONE', #3078 ) ;
#2546 = LINE ( 'NONE', #2568, #1319 ) ;
#2547 = LINE ( 'NONE', #1908, #1757 ) ;
#2548 = DIRECTION ( 'NONE',  ( -0.6407894207433073586, -0.000000000000000000, -0.7677166914060528091 ) ) ;
#2549 = ORIENTED_EDGE ( 'NONE', *, *, #1265, .T. ) ;
#2550 = FACE_OUTER_BOUND ( 'NONE', #1677, .T. ) ;
#2551 = CARTESIAN_POINT ( 'NONE',  ( -132.7570444405470198, 804.0000000000001137, 9.255407141683583916 ) ) ;
#2552 = CARTESIAN_POINT ( 'NONE',  ( -198.1861463371279797, 805.0000000000001137, 12.38084846747689305 ) ) ;
#2553 =( GEOMETRIC_REPRESENTATION_CONTEXT ( 3 ) GLOBAL_UNCERTAINTY_ASSIGNED_CONTEXT ( ( #3761 ) ) GLOBAL_UNIT_ASSIGNED_CONTEXT ( ( #3947, #1725, #541 ) ) REPRESENTATION_CONTEXT ( 'NONE', 'WORKASPACE' ) );
#2554 = EDGE_CURVE ( 'NONE', #2666, #3807, #850, .T. ) ;
#2555 = ORIENTED_EDGE ( 'NONE', *, *, #3041, .F. ) ;
#2556 = ADVANCED_FACE ( 'NONE', ( #2783 ), #3097, .T. ) ;
#2557 = ADVANCED_FACE ( 'NONE', ( #888 ), #3435, .F. ) ;
#2558 = CIRCLE ( 'NONE', #3503, 0.6000000000000033085 ) ;
#2559 = CARTESIAN_POINT ( 'NONE',  ( -112.6701787603263796, 800.0000000000001137, 10.68830060044215280 ) ) ;
#2560 = VERTEX_POINT ( 'NONE', #1846 ) ;
#2561 = CARTESIAN_POINT ( 'NONE',  ( -251.5699785954964511, 804.0000000000002274, 7.454144039144699363 ) ) ;
#2562 = ORIENTED_EDGE ( 'NONE', *, *, #2865, .T. ) ;
#2563 = CARTESIAN_POINT ( 'NONE',  ( -269.9384435895149750, 805.0000000000001137, 3.340010526439053606 ) ) ;
#2564 = CARTESIAN_POINT ( 'NONE',  ( -234.4537921693520843, 804.0000000000001137, 13.07848260166416487 ) ) ;
#2565 = DIRECTION ( 'NONE',  ( 0.9304391691071159931, 0.000000000000000000, -0.3664463843337242843 ) ) ;
#2566 = EDGE_CURVE ( 'NONE', #3701, #144, #4092, .T. ) ;
#2567 = ORIENTED_EDGE ( 'NONE', *, *, #2381, .T. ) ;
#2568 = CARTESIAN_POINT ( 'NONE',  ( -132.3252790877531311, 804.0000000000001137, 25.56367482687098303 ) ) ;
#2569 = CARTESIAN_POINT ( 'NONE',  ( -196.3571183543442658, 800.0000000000000000, 20.16374226176606399 ) ) ;
#2570 = CARTESIAN_POINT ( 'NONE',  ( -108.8166162379600479, 804.0000000000001137, 90.82587009885537555 ) ) ;
#2571 = EDGE_CURVE ( 'NONE', #3812, #633, #2401, .T. ) ;
#2572 = ORIENTED_EDGE ( 'NONE', *, *, #1076, .T. ) ;
#2573 = CARTESIAN_POINT ( 'NONE',  ( -135.8203959127808673, 800.0000000000000000, 9.371846716018479739 ) ) ;
#2574 = ORIENTED_EDGE ( 'NONE', *, *, #3116, .T. ) ;
#2575 = CYLINDRICAL_SURFACE ( 'NONE', #420, 6.324999999999983302 ) ;
#2576 = VECTOR ( 'NONE', #2997, 1000.000000000000227 ) ;
#2577 = VERTEX_POINT ( 'NONE', #599 ) ;
#2578 = FACE_OUTER_BOUND ( 'NONE', #3011, .T. ) ;
#2579 = VERTEX_POINT ( 'NONE', #2596 ) ;
#2580 = VECTOR ( 'NONE', #3893, 1000.000000000000114 ) ;
#2581 = EDGE_CURVE ( 'NONE', #2666, #3689, #344, .T. ) ;
#2582 = CARTESIAN_POINT ( 'NONE',  ( -290.1604015055182231, 799.9999920000000202, 1.637864100023814773 ) ) ;
#2583 = VECTOR ( 'NONE', #2616, 1000.000000000000000 ) ;
#2584 = DIRECTION ( 'NONE',  ( -0.000000000000000000, 1.000000000000000000, -0.000000000000000000 ) ) ;
#2585 = VECTOR ( 'NONE', #2974, 1000.000000000000000 ) ;
#2586 = DIRECTION ( 'NONE',  ( 0.000000000000000000, 0.000000000000000000, -1.000000000000000000 ) ) ;
#2587 = EDGE_LOOP ( 'NONE', ( #2710, #436, #317, #1602 ) ) ;
#2588 = DIRECTION ( 'NONE',  ( -0.8419453725790534415, 0.000000000000000000, 0.5395627763223839191 ) ) ;
#2589 = DIRECTION ( 'NONE',  ( -0.7248872777926366195, 0.000000000000000000, 0.6888675014067514590 ) ) ;
#2590 = CARTESIAN_POINT ( 'NONE',  ( -165.5945624024669769, 804.0000000000001137, 9.630070904658040831 ) ) ;
#2591 = EDGE_CURVE ( 'NONE', #4119, #1273, #2633, .T. ) ;
#2592 = VECTOR ( 'NONE', #2309, 1000.000000000000000 ) ;
#2593 = VERTEX_POINT ( 'NONE', #1930 ) ;
#2594 = DIRECTION ( 'NONE',  ( -0.8323741106893918218, -0.000000000000000000, -0.5542141642488435105 ) ) ;
#2595 = CARTESIAN_POINT ( 'NONE',  ( -174.8487441696853182, 805.0000000000001137, 9.580979351562557866 ) ) ;
#2596 = CARTESIAN_POINT ( 'NONE',  ( -101.7636842347514090, 800.0000000000001137, 11.19527303853105948 ) ) ;
#2597 = ORIENTED_EDGE ( 'NONE', *, *, #1794, .T. ) ;
#2598 = FACE_BOUND ( 'NONE', #371, .T. ) ;
#2599 = CARTESIAN_POINT ( 'NONE',  ( -251.5473021275624319, 804.0000000000001137, 7.785039514128762050 ) ) ;
#2600 = ORIENTED_EDGE ( 'NONE', *, *, #446, .F. ) ;
#2601 = CARTESIAN_POINT ( 'NONE',  ( -258.1834402303667275, 804.0000000000001137, 7.735716175647801229 ) ) ;
#2602 = VECTOR ( 'NONE', #1364, 1000.000000000000000 ) ;
#2603 = CARTESIAN_POINT ( 'NONE',  ( -265.7189512413809211, 805.0000000000000000, 5.831332410556393064 ) ) ;
#2604 = CARTESIAN_POINT ( 'NONE',  ( -251.0229189187954262, 805.0000000000001137, 9.425500050726361323 ) ) ;
#2605 = EDGE_LOOP ( 'NONE', ( #1739, #1392, #3073 ) ) ;
#2606 = DIRECTION ( 'NONE',  ( 0.000000000000000000, 0.000000000000000000, -1.000000000000000000 ) ) ;
#2607 = DIRECTION ( 'NONE',  ( -0.7430509880625585373, -0.000000000000000000, -0.6692348086727523127 ) ) ;
#2608 = LINE ( 'NONE', #1729, #484 ) ;
#2609 = FACE_OUTER_BOUND ( 'NONE', #3418, .T. ) ;
#2610 = EDGE_CURVE ( 'NONE', #2674, #654, #69, .T. ) ;
#2611 = ORIENTED_EDGE ( 'NONE', *, *, #2831, .T. ) ;
#2612 = CARTESIAN_POINT ( 'NONE',  ( -245.9346338134759264, 804.0000000000001137, 7.400093216907709603 ) ) ;
#2613 = CARTESIAN_POINT ( 'NONE',  ( -200.4954640087551923, 800.0000000000001137, 8.438484520300974623 ) ) ;
#2614 = ORIENTED_EDGE ( 'NONE', *, *, #2103, .F. ) ;
#2615 = VECTOR ( 'NONE', #1744, 1000.000000000000000 ) ;
#2616 = DIRECTION ( 'NONE',  ( 0.000000000000000000, -1.000000000000000000, 0.000000000000000000 ) ) ;
#2617 = EDGE_CURVE ( 'NONE', #2005, #1437, #643, .T. ) ;
#2618 = CARTESIAN_POINT ( 'NONE',  ( -290.3110310810180863, 805.0000000000001137, 3.099905874896820901 ) ) ;
#2619 = ORIENTED_EDGE ( 'NONE', *, *, #3681, .T. ) ;
#2620 = CARTESIAN_POINT ( 'NONE',  ( -211.2429925427488229, 805.0000000000002274, 8.957290179382589201 ) ) ;
#2621 = DIRECTION ( 'NONE',  ( -0.7248872777926378408, 0.000000000000000000, 0.6888675014067503488 ) ) ;
#2622 = ADVANCED_FACE ( 'NONE', ( #380 ), #2905, .F. ) ;
#2623 = CARTESIAN_POINT ( 'NONE',  ( -246.2820735093928022, 805.0000000000001137, 10.50722245627387430 ) ) ;
#2624 = ORIENTED_EDGE ( 'NONE', *, *, #3686, .F. ) ;
#2625 = CARTESIAN_POINT ( 'NONE',  ( -282.4215676329403095, 799.9999920000000202, 1.563290641976378126 ) ) ;
#2626 = CARTESIAN_POINT ( 'NONE',  ( -249.3248647807647558, 805.0000000000001137, 10.17348941216916636 ) ) ;
#2627 = AXIS2_PLACEMENT_3D ( 'NONE', #2279, #1887, #2484 ) ;
#2628 = CARTESIAN_POINT ( 'NONE',  ( -112.3038216628890495, 800.0000000000001137, 24.31067548444904958 ) ) ;
#2629 = CYLINDRICAL_SURFACE ( 'NONE', #3726, 5.124999999999995559 ) ;
#2630 = ORIENTED_EDGE ( 'NONE', *, *, #2801, .T. ) ;
#2631 = DIRECTION ( 'NONE',  ( 0.000000000000000000, -1.000000000000000000, 0.000000000000000000 ) ) ;
#2632 = CARTESIAN_POINT ( 'NONE',  ( -149.1355522178720889, 804.0000000000002274, 9.563395545347612270 ) ) ;
#2633 = B_SPLINE_CURVE_WITH_KNOTS ( 'NONE', 3,
 ( #2301, #3224, #1630, #719, #3577, #699, #2868, #2613, #2927, #663, #3894, #1300, #1949 ),
 .UNSPECIFIED., .F., .F.,
 ( 4, 1, 1, 1, 1, 1, 1, 1, 1, 1, 4 ),
 ( 0.7011752054892484987, 0.7037511641538184426, 0.7114926295676233803, 0.7321002988842217896, 0.7527079682008201988, 0.7939233068340170174, 0.8351386454672137249, 0.8763539841004104325, 0.8969616534170088418, 0.9175693227336072511, 0.9293509528815055987 ),
 .UNSPECIFIED. ) ;
#2634 = ORIENTED_EDGE ( 'NONE', *, *, #2610, .F. ) ;
#2635 = CARTESIAN_POINT ( 'NONE',  ( -79.83924460293808067, 804.0000000000001137, -84.01391060408241174 ) ) ;
#2636 = FACE_OUTER_BOUND ( 'NONE', #3377, .T. ) ;
#2637 = VERTEX_POINT ( 'NONE', #362 ) ;
#2638 = CARTESIAN_POINT ( 'NONE',  ( -257.8282111302630142, 804.0000000000000000, 7.821252578787563969 ) ) ;
#2639 = CARTESIAN_POINT ( 'NONE',  ( -154.5807832906197916, 805.0000000000001137, 26.32937649834314442 ) ) ;
#2640 = CARTESIAN_POINT ( 'NONE',  ( -242.9298313318373346, 805.0000000000001137, 11.25234309190398463 ) ) ;
#2641 = AXIS2_PLACEMENT_3D ( 'NONE', #3544, #685, #1970 ) ;
#2642 = ORIENTED_EDGE ( 'NONE', *, *, #836, .T. ) ;
#2643 = DIRECTION ( 'NONE',  ( -0.000000000000000000, -1.000000000000000000, -0.000000000000000000 ) ) ;
#2644 = CARTESIAN_POINT ( 'NONE',  ( -113.5068429449947445, 805.0000000000001137, 9.335759885576816686 ) ) ;
#2645 = CARTESIAN_POINT ( 'NONE',  ( -132.2895928815849516, 804.0000000000001137, 26.91158335888606601 ) ) ;
#2646 = LINE ( 'NONE', #3935, #327 ) ;
#2647 = VECTOR ( 'NONE', #914, 999.9999999999998863 ) ;
#2648 = ORIENTED_EDGE ( 'NONE', *, *, #890, .F. ) ;
#2649 = CARTESIAN_POINT ( 'NONE',  ( -63.30337484742598519, 804.0000000000001137, 61.45559214547110116 ) ) ;
#2650 = EDGE_CURVE ( 'NONE', #1022, #2283, #1339, .T. ) ;
#2651 = EDGE_CURVE ( 'NONE', #2858, #864, #1281, .T. ) ;
#2652 = VECTOR ( 'NONE', #3805, 1000.000000000000000 ) ;
#2653 = CARTESIAN_POINT ( 'NONE',  ( -268.3117575011437452, 805.0000000000001137, 8.318369645160963444 ) ) ;
#2654 = ORIENTED_EDGE ( 'NONE', *, *, #2743, .T. ) ;
#2655 = DIRECTION ( 'NONE',  ( 0.000000000000000000, 0.000000000000000000, 1.000000000000000000 ) ) ;
#2656 = CARTESIAN_POINT ( 'NONE',  ( -214.7170587909637618, 804.0000000000001137, 9.410057304301764347 ) ) ;
#2657 = ORIENTED_EDGE ( 'NONE', *, *, #2282, .F. ) ;
#2658 = CARTESIAN_POINT ( 'NONE',  ( -300.0000000000000000, 799.9999920000000202, 0.000000000000000000 ) ) ;
#2659 = CARTESIAN_POINT ( 'NONE',  ( -112.3038216628890495, 805.0000000000001137, 24.31067548444904958 ) ) ;
#2660 = VERTEX_POINT ( 'NONE', #3187 ) ;
#2661 = CARTESIAN_POINT ( 'NONE',  ( -292.8379051518249980, 805.0000000000001137, 0.5759372686755794835 ) ) ;
#2662 = CARTESIAN_POINT ( 'NONE',  ( -150.2687402496345612, 805.0000000000001137, 9.575102033794678391 ) ) ;
#2663 = CARTESIAN_POINT ( 'NONE',  ( -176.6433472521858334, 805.0000000000001137, 9.564051733357912255 ) ) ;
#2664 = PLANE ( 'NONE',  #3226 ) ;
#2665 = EDGE_CURVE ( 'NONE', #3299, #492, #326, .T. ) ;
#2666 = VERTEX_POINT ( 'NONE', #1323 ) ;
#2667 = ORIENTED_EDGE ( 'NONE', *, *, #2176, .T. ) ;
#2668 = CARTESIAN_POINT ( 'NONE',  ( -189.6846012325700030, 805.0000000000001137, 21.20092582515553303 ) ) ;
#2669 = DIRECTION ( 'NONE',  ( -0.000000000000000000, 1.000000000000000000, -0.000000000000000000 ) ) ;
#2670 = ORIENTED_EDGE ( 'NONE', *, *, #2132, .T. ) ;
#2671 = DIRECTION ( 'NONE',  ( -0.000000000000000000, 1.000000000000000000, -0.000000000000000000 ) ) ;
#2672 = EDGE_CURVE ( 'NONE', #3839, #1844, #3241, .T. ) ;
#2673 = LINE ( 'NONE', #2993, #1051 ) ;
#2674 = VERTEX_POINT ( 'NONE', #2552 ) ;
#2675 = EDGE_CURVE ( 'NONE', #738, #921, #1264, .T. ) ;
#2676 = ADVANCED_FACE ( 'NONE', ( #1030 ), #2575, .T. ) ;
#2677 = ORIENTED_EDGE ( 'NONE', *, *, #3543, .T. ) ;
#2678 = CARTESIAN_POINT ( 'NONE',  ( -255.0275276099411883, 805.0000000000003411, 7.279903762745748352 ) ) ;
#2679 = VECTOR ( 'NONE', #1396, 1000.000000000000000 ) ;
#2680 = B_SPLINE_CURVE_WITH_KNOTS ( 'NONE', 3,
 ( #92, #1901, #1991, #3132 ),
 .UNSPECIFIED., .F., .F.,
 ( 4, 4 ),
 ( 0.8269501858923773430, 0.8284300751928154183 ),
 .UNSPECIFIED. ) ;
#2681 = CARTESIAN_POINT ( 'NONE',  ( -268.4179018073645011, 799.9999920000000202, 2.647210225952845608 ) ) ;
#2682 = CARTESIAN_POINT ( 'NONE',  ( -133.9566291355076544, 804.0000000000001137, 9.286974893465000491 ) ) ;
#2683 = ORIENTED_EDGE ( 'NONE', *, *, #3731, .F. ) ;
#2684 = CARTESIAN_POINT ( 'NONE',  ( -280.0929048608385301, 799.9999919999997928, 6.043931826148660313 ) ) ;
#2685 = CARTESIAN_POINT ( 'NONE',  ( -238.1161579706514146, 800.0000000000001137, 8.063291191233984634 ) ) ;
#2686 = CARTESIAN_POINT ( 'NONE',  ( -113.0233135672802547, 805.0000000000001137, 27.31498970425841932 ) ) ;
#2687 = CARTESIAN_POINT ( 'NONE',  ( -192.5000000000002274, 800.0000000000001137, 10.02593237103807056 ) ) ;
#2688 = VECTOR ( 'NONE', #3572, 1000.000000000000000 ) ;
#2689 = ORIENTED_EDGE ( 'NONE', *, *, #2672, .F. ) ;
#2690 = EDGE_LOOP ( 'NONE', ( #4110, #2165, #1154, #2303 ) ) ;
#2691 = DIRECTION ( 'NONE',  ( 0.000000000000000000, 1.000000000000000000, 0.000000000000000000 ) ) ;
#2692 = CARTESIAN_POINT ( 'NONE',  ( -149.9733316264472194, 805.0000000000001137, 10.94980211331408881 ) ) ;
#2693 = ORIENTED_EDGE ( 'NONE', *, *, #3498, .F. ) ;
#2694 = FACE_OUTER_BOUND ( 'NONE', #3178, .T. ) ;
#2695 = DIRECTION ( 'NONE',  ( -0.000000000000000000, 1.000000000000000000, -0.000000000000000000 ) ) ;
#2696 = ORIENTED_EDGE ( 'NONE', *, *, #547, .F. ) ;
#2697 = ADVANCED_FACE ( 'NONE', ( #951 ), #3830, .F. ) ;
#2698 = ORIENTED_EDGE ( 'NONE', *, *, #3560, .F. ) ;
#2699 = CARTESIAN_POINT ( 'NONE',  ( -264.6795704296161489, 805.0000000000001137, 5.899739385249729295 ) ) ;
#2700 = DIRECTION ( 'NONE',  ( -0.000000000000000000, 1.000000000000000000, -0.000000000000000000 ) ) ;
#2701 = CARTESIAN_POINT ( 'NONE',  ( -228.3645095521558517, 803.9999999999998863, 8.424808813197302015 ) ) ;
#2702 = ORIENTED_EDGE ( 'NONE', *, *, #3771, .T. ) ;
#2703 = PLANE ( 'NONE',  #2237 ) ;
#2704 = VECTOR ( 'NONE', #2390, 1000.000000000000000 ) ;
#2705 = DIRECTION ( 'NONE',  ( 0.009894637397860176625, 0.000000000000000000, -0.9999510468771782845 ) ) ;
#2706 = CARTESIAN_POINT ( 'NONE',  ( -248.7894769338265064, 805.0000000000001137, 9.579048621719062240 ) ) ;
#2707 = CARTESIAN_POINT ( 'NONE',  ( -245.1419891225305889, 804.0000000000001137, 7.763188727969735581 ) ) ;
#2708 = VECTOR ( 'NONE', #2745, 1000.000000000000000 ) ;
#2709 = EDGE_LOOP ( 'NONE', ( #1627, #2614, #4055 ) ) ;
#2710 = ORIENTED_EDGE ( 'NONE', *, *, #3771, .F. ) ;
#2711 = CARTESIAN_POINT ( 'NONE',  ( -164.3945647709204536, 804.0000000000001137, 9.632451632411738629 ) ) ;
#2712 = EDGE_CURVE ( 'NONE', #167, #2869, #3502, .T. ) ;
#2713 = FACE_OUTER_BOUND ( 'NONE', #3376, .T. ) ;
#2714 = VECTOR ( 'NONE', #2750, 1000.000000000000000 ) ;
#2715 = VERTEX_POINT ( 'NONE', #2886 ) ;
#2716 = AXIS2_PLACEMENT_3D ( 'NONE', #1543, #5, #2880 ) ;
#2717 = AXIS2_PLACEMENT_3D ( 'NONE', #1617, #315, #1581 ) ;
#2718 = ORIENTED_EDGE ( 'NONE', *, *, #1404, .T. ) ;
#2719 = DIRECTION ( 'NONE',  ( 0.6888675014067499047, 0.000000000000000000, 0.7248872777926382849 ) ) ;
#2720 = PLANE ( 'NONE',  #2311 ) ;
#2721 = ORIENTED_EDGE ( 'NONE', *, *, #4049, .F. ) ;
#2722 = ORIENTED_EDGE ( 'NONE', *, *, #2367, .F. ) ;
#2723 = CARTESIAN_POINT ( 'NONE',  ( 0.5721654584183536452, 805.0000000000001137, 21.27501398164558211 ) ) ;
#2724 = CARTESIAN_POINT ( 'NONE',  ( -251.1237327974606899, 805.0000000000001137, 7.476682416521709840 ) ) ;
#2725 = CARTESIAN_POINT ( 'NONE',  ( -200.4233210937089211, 800.0000000000002274, 19.51179646880437346 ) ) ;
#2726 = ORIENTED_EDGE ( 'NONE', *, *, #142, .F. ) ;
#2727 = DIRECTION ( 'NONE',  ( -0.000000000000000000, 1.000000000000000000, -0.000000000000000000 ) ) ;
#2728 = CARTESIAN_POINT ( 'NONE',  ( -185.2486345918600534, 805.0000000000001137, 21.86308458077037287 ) ) ;
#2729 = CARTESIAN_POINT ( 'NONE',  ( -133.7537577297727012, 804.0000000000001137, 26.88888592144400747 ) ) ;
#2730 = CARTESIAN_POINT ( 'NONE',  ( -238.9655282012697342, 804.0000000000001137, 7.750171942798270486 ) ) ;
#2731 = EDGE_LOOP ( 'NONE', ( #774, #3708, #3096, #214 ) ) ;
#2732 = ORIENTED_EDGE ( 'NONE', *, *, #1751, .F. ) ;
#2733 = CARTESIAN_POINT ( 'NONE',  ( -200.6618418067348557, 805.0000000000001137, 9.191674515743700979 ) ) ;
#2734 = EDGE_CURVE ( 'NONE', #3272, #1945, #28, .T. ) ;
#2735 = LINE ( 'NONE', #908, #1959 ) ;
#2736 = VERTEX_POINT ( 'NONE', #2356 ) ;
#2737 = EDGE_LOOP ( 'NONE', ( #735, #1211, #1121, #2059 ) ) ;
#2738 = CARTESIAN_POINT ( 'NONE',  ( -178.2930354147679282, 805.0000000000001137, 9.547694018432261842 ) ) ;
#2739 = EDGE_CURVE ( 'NONE', #1858, #199, #1092, .T. ) ;
#2740 = EDGE_CURVE ( 'NONE', #3962, #3212, #140, .T. ) ;
#2741 = CARTESIAN_POINT ( 'NONE',  ( -241.7602381807119798, 805.0000000000001137, 11.50963215707254861 ) ) ;
#2742 = VERTEX_POINT ( 'NONE', #799 ) ;
#2743 = EDGE_CURVE ( 'NONE', #609, #3038, #2946, .T. ) ;
#2744 = FACE_OUTER_BOUND ( 'NONE', #3614, .T. ) ;
#2745 = DIRECTION ( 'NONE',  ( -0.7248872777926395061, 0.000000000000000000, 0.6888675014067485725 ) ) ;
#2746 = APPLICATION_PROTOCOL_DEFINITION ( 'draft international standard', 'automotive_design', 1998, #178 ) ;
#2747 = ORIENTED_EDGE ( 'NONE', *, *, #1657, .T. ) ;
#2748 = CARTESIAN_POINT ( 'NONE',  ( -274.7847390683606932, 799.9999919999997928, 7.475225214956167541 ) ) ;
#2749 = CARTESIAN_POINT ( 'NONE',  ( -300.0000000000000000, 716.1111120000000483, 0.000000000000000000 ) ) ;
#2750 = DIRECTION ( 'NONE',  ( -0.7430509880625497665, -0.000000000000000000, -0.6692348086727621936 ) ) ;
#2751 = AXIS2_PLACEMENT_3D ( 'NONE', #139, #1666, #1357 ) ;
#2752 = DIRECTION ( 'NONE',  ( 0.000000000000000000, 0.000000000000000000, -1.000000000000000000 ) ) ;
#2753 = B_SPLINE_CURVE_WITH_KNOTS ( 'NONE', 3,
 ( #2123, #3336, #1080, #2701, #472 ),
 .UNSPECIFIED., .F., .F.,
 ( 4, 1, 4 ),
 ( 0.7605504897365032990, 0.7612274788411785842, 0.7623065538501546667 ),
 .UNSPECIFIED. ) ;
#2754 = EDGE_CURVE ( 'NONE', #497, #3462, #1361, .T. ) ;
#2755 = ORIENTED_EDGE ( 'NONE', *, *, #1031, .F. ) ;
#2756 = DIRECTION ( 'NONE',  ( -0.000000000000000000, -1.000000000000000000, -0.000000000000000000 ) ) ;
#2757 = CARTESIAN_POINT ( 'NONE',  ( -190.3522683579551540, 800.0000000000001137, 21.10012339114813074 ) ) ;
#2758 = AXIS2_PLACEMENT_3D ( 'NONE', #2323, #3637, #109 ) ;
#2759 = VERTEX_POINT ( 'NONE', #1420 ) ;
#2760 = ORIENTED_EDGE ( 'NONE', *, *, #2651, .T. ) ;
#2761 = ADVANCED_FACE ( 'NONE', ( #1135 ), #3957, .F. ) ;
#2762 = CARTESIAN_POINT ( 'NONE',  ( -149.3392522000159772, 803.9999999999998863, 25.90981694351675557 ) ) ;
#2763 = LINE ( 'NONE', #2117, #2851 ) ;
#2764 = ORIENTED_EDGE ( 'NONE', *, *, #2865, .F. ) ;
#2765 = EDGE_CURVE ( 'NONE', #3299, #1940, #3576, .T. ) ;
#2766 = LINE ( 'NONE', #4053, #3160 ) ;
#2767 = B_SPLINE_CURVE_WITH_KNOTS ( 'NONE', 13,
 ( #2379, #3659, #528, #3452, #820, #2175, #4067, #885, #1482, #1801, #1500, #1197, #594, #1778 ),
 .UNSPECIFIED., .F., .F.,
 ( 14, 14 ),
 ( 0.9375780134687023981, 1.000000000000000000 ),
 .UNSPECIFIED. ) ;
#2768 = CIRCLE ( 'NONE', #974, 0.6000000000000224043 ) ;
#2769 = CARTESIAN_POINT ( 'NONE',  ( -290.3163669967450460, 799.9999920000000202, 0.8276152839412153073 ) ) ;
#2770 = ORIENTED_EDGE ( 'NONE', *, *, #1916, .T. ) ;
#2771 = CARTESIAN_POINT ( 'NONE',  ( -264.2871590456990702, 800.0000000000001137, 7.064132261342629171 ) ) ;
#2772 = ORIENTED_EDGE ( 'NONE', *, *, #3705, .F. ) ;
#2773 = CARTESIAN_POINT ( 'NONE',  ( -133.7537577297727012, 804.0000000000001137, 26.88888592144400747 ) ) ;
#2774 = B_SPLINE_CURVE_WITH_KNOTS ( 'NONE', 3,
 ( #4032, #3900, #3227, #3525, #2539, #3190, #2892, #3247, #645, #346 ),
 .UNSPECIFIED., .F., .F.,
 ( 4, 1, 1, 1, 1, 1, 1, 4 ),
 ( 0.8266341156869883022, 0.8494027461549507052, 0.8787945019262081159, 0.8934903798118367657, 0.9081862576974655266, 0.9228821355830941764, 0.9291378280682509594, 0.9294838303711506766 ),
 .UNSPECIFIED. ) ;
#2775 = PLANE ( 'NONE',  #3056 ) ;
#2776 = LINE ( 'NONE', #1905, #1582 ) ;
#2777 = ORIENTED_EDGE ( 'NONE', *, *, #2004, .F. ) ;
#2778 = DIRECTION ( 'NONE',  ( 0.000000000000000000, 1.000000000000000000, 0.000000000000000000 ) ) ;
#2779 = CARTESIAN_POINT ( 'NONE',  ( -164.3945645426477427, 805.0000000000001137, 9.632322640913395517 ) ) ;
#2780 = ORIENTED_EDGE ( 'NONE', *, *, #1779, .T. ) ;
#2781 = VECTOR ( 'NONE', #1754, 1000.000000000000000 ) ;
#2782 = ORIENTED_EDGE ( 'NONE', *, *, #1570, .T. ) ;
#2783 = FACE_OUTER_BOUND ( 'NONE', #1283, .T. ) ;
#2784 = CIRCLE ( 'NONE', #2982, 5.124999999999997335 ) ;
#2785 = CARTESIAN_POINT ( 'NONE',  ( -87.86455099432787108, 804.0000000000001137, -92.45884739036793576 ) ) ;
#2786 = ORIENTED_EDGE ( 'NONE', *, *, #3398, .T. ) ;
#2787 = CARTESIAN_POINT ( 'NONE',  ( -252.2572995699170519, 805.0000000000001137, 6.637396135036491174 ) ) ;
#2788 = VECTOR ( 'NONE', #1935, 1000.000000000000000 ) ;
#2789 = CARTESIAN_POINT ( 'NONE',  ( -177.5633811394796737, 804.0000000000001137, 22.91049787895995848 ) ) ;
#2790 = ORIENTED_EDGE ( 'NONE', *, *, #968, .T. ) ;
#2791 = DIRECTION ( 'NONE',  ( 0.000000000000000000, 1.000000000000000000, 0.000000000000000000 ) ) ;
#2792 = VERTEX_POINT ( 'NONE', #1734 ) ;
#2793 = CARTESIAN_POINT ( 'NONE',  ( -259.4640068570271865, 805.0000000000003411, 8.261595196955697773 ) ) ;
#2794 = CARTESIAN_POINT ( 'NONE',  ( -192.5000000000002274, 805.0000000000001137, 15.15093237103806700 ) ) ;
#2795 = CARTESIAN_POINT ( 'NONE',  ( -231.6069690393644009, 805.0000000000001137, 13.67366396302020881 ) ) ;
#2796 = ORIENTED_EDGE ( 'NONE', *, *, #1965, .T. ) ;
#2797 = FACE_BOUND ( 'NONE', #3555, .T. ) ;
#2798 = CARTESIAN_POINT ( 'NONE',  ( -113.0233135672802547, 800.0000000000001137, 27.31498970425841932 ) ) ;
#2799 = EDGE_CURVE ( 'NONE', #858, #2448, #481, .T. ) ;
#2800 = CARTESIAN_POINT ( 'NONE',  ( -178.2930354147679282, 805.0000000000001137, 9.547694018432261842 ) ) ;
#2801 = EDGE_CURVE ( 'NONE', #1215, #715, #3031, .T. ) ;
#2802 = ORIENTED_EDGE ( 'NONE', *, *, #2512, .T. ) ;
#2803 = VERTEX_POINT ( 'NONE', #2044 ) ;
#2804 = CARTESIAN_POINT ( 'NONE',  ( -165.6223296465139185, 804.0000000000001137, 24.42217258159240956 ) ) ;
#2805 = AXIS2_PLACEMENT_3D ( 'NONE', #3349, #2671, #488 ) ;
#2806 = CARTESIAN_POINT ( 'NONE',  ( -222.1339385744326762, 804.0000000000001137, 15.90658109350743388 ) ) ;
#2807 = ORIENTED_EDGE ( 'NONE', *, *, #664, .F. ) ;
#2808 = CARTESIAN_POINT ( 'NONE',  ( -233.4746249705381729, 804.0000000000001137, 12.94752250475350053 ) ) ;
#2809 = DIRECTION ( 'NONE',  ( 0.000000000000000000, -1.000000000000000000, 0.000000000000000000 ) ) ;
#2810 = ADVANCED_FACE ( 'NONE', ( #2713 ), #1090, .T. ) ;
#2811 = ORIENTED_EDGE ( 'NONE', *, *, #2200, .F. ) ;
#2812 = DIRECTION ( 'NONE',  ( -0.000000000000000000, 1.000000000000000000, -0.000000000000000000 ) ) ;
#2813 = CARTESIAN_POINT ( 'NONE',  ( -49.20153583356039206, 804.0000000000001137, -51.77420520022902650 ) ) ;
#2814 = ORIENTED_EDGE ( 'NONE', *, *, #2675, .T. ) ;
#2815 = CARTESIAN_POINT ( 'NONE',  ( -269.9384435895149750, 805.0000000000001137, 3.340010526439053606 ) ) ;
#2816 = VECTOR ( 'NONE', #2020, 1000.000000000000000 ) ;
#2817 = FACE_OUTER_BOUND ( 'NONE', #2731, .T. ) ;
#2818 = EDGE_CURVE ( 'NONE', #3865, #1998, #3262, .T. ) ;
#2819 = ORIENTED_EDGE ( 'NONE', *, *, #3636, .F. ) ;
#2820 = CARTESIAN_POINT ( 'NONE',  ( -293.2676002059585585, 805.0000000000001137, 1.330312713632799237 ) ) ;
#2821 = VECTOR ( 'NONE', #1336, 1000.000000000000000 ) ;
#2822 = PLANE ( 'NONE',  #1408 ) ;
#2823 = CARTESIAN_POINT ( 'NONE',  ( -255.0045289145435561, 805.0000000000001137, 8.494121269285690445 ) ) ;
#2824 = ORIENTED_EDGE ( 'NONE', *, *, #1214, .T. ) ;
#2825 = CARTESIAN_POINT ( 'NONE',  ( -183.6884954526939566, 800.0000000000000000, 9.492861711845693051 ) ) ;
#2826 = LINE ( 'NONE', #2203, #301 ) ;
#2827 = DIRECTION ( 'NONE',  ( 0.6888675014067515701, 0.000000000000000000, 0.7248872777926367306 ) ) ;
#2828 = CARTESIAN_POINT ( 'NONE',  ( -239.2467623673019261, 805.0000000000001137, 8.017431533633883944 ) ) ;
#2829 = ORIENTED_EDGE ( 'NONE', *, *, #2004, .T. ) ;
#2830 = DIRECTION ( 'NONE',  ( -0.02646596929541375487, -0.000000000000000000, -0.9996497148847961478 ) ) ;
#2831 = EDGE_CURVE ( 'NONE', #872, #1594, #1070, .T. ) ;
#2832 = ORIENTED_EDGE ( 'NONE', *, *, #3735, .F. ) ;
#2833 = FILL_AREA_STYLE_COLOUR ( '', #307 ) ;
#2834 = CARTESIAN_POINT ( 'NONE',  ( 0.000000000000000000, 800.0000000000001137, 0.000000000000000000 ) ) ;
#2835 = ORIENTED_EDGE ( 'NONE', *, *, #2712, .F. ) ;
#2836 = CARTESIAN_POINT ( 'NONE',  ( -188.9322783967795090, 804.0000000000001137, 21.31370094711495966 ) ) ;
#2837 = VECTOR ( 'NONE', #2791, 1000.000000000000000 ) ;
#2838 = CARTESIAN_POINT ( 'NONE',  ( -113.0233135672802547, 800.0000000000001137, 27.31498970425841932 ) ) ;
#2839 = EDGE_CURVE ( 'NONE', #1406, #2910, #3616, .T. ) ;
#2840 = EDGE_LOOP ( 'NONE', ( #3348, #1137, #1516, #246 ) ) ;
#2841 = FACE_BOUND ( 'NONE', #2497, .T. ) ;
#2842 = DIRECTION ( 'NONE',  ( 0.6888675014067477953, 0.000000000000000000, 0.7248872777926400612 ) ) ;
#2843 = CARTESIAN_POINT ( 'NONE',  ( -164.3945645426477427, 804.0000000000001137, 9.632322640913395517 ) ) ;
#2844 = VERTEX_POINT ( 'NONE', #2028 ) ;
#2845 = CYLINDRICAL_SURFACE ( 'NONE', #793, 0.6000000000000224043 ) ;
#2846 = EDGE_CURVE ( 'NONE', #4095, #955, #1971, .T. ) ;
#2847 = ORIENTED_EDGE ( 'NONE', *, *, #2011, .T. ) ;
#2848 = CARTESIAN_POINT ( 'NONE',  ( -242.5218837963553824, 804.0000000000001137, 11.68162153531826419 ) ) ;
#2849 = VECTOR ( 'NONE', #1346, 1000.000000000000227 ) ;
#2850 = B_SPLINE_CURVE_WITH_KNOTS ( 'NONE', 3,
 ( #134, #3924, #2638, #2601 ),
 .UNSPECIFIED., .F., .F.,
 ( 4, 4 ),
 ( 0.1844856753872250454, 0.1856172661962220971 ),
 .UNSPECIFIED. ) ;
#2851 = VECTOR ( 'NONE', #4051, 1000.000000000000000 ) ;
#2852 = DIRECTION ( 'NONE',  ( 0.000000000000000000, 1.000000000000000000, 0.000000000000000000 ) ) ;
#2853 = ORIENTED_EDGE ( 'NONE', *, *, #1687, .F. ) ;
#2854 = AXIS2_PLACEMENT_3D ( 'NONE', #1937, #2, #2249 ) ;
#2855 = ORIENTED_EDGE ( 'NONE', *, *, #3233, .T. ) ;
#2856 = DIRECTION ( 'NONE',  ( -0.6888675014067497937, -0.000000000000000000, -0.7248872777926382849 ) ) ;
#2857 = CARTESIAN_POINT ( 'NONE',  ( -290.1850476729546244, 799.9999920000000202, 2.279926096537435498 ) ) ;
#2858 = VERTEX_POINT ( 'NONE', #148 ) ;
#2859 = FACE_BOUND ( 'NONE', #1228, .T. ) ;
#2860 = CARTESIAN_POINT ( 'NONE',  ( -113.5068429449947445, 804.0000000000001137, 9.335759885576816686 ) ) ;
#2861 = DIRECTION ( 'NONE',  ( 0.000000000000000000, -1.000000000000000000, 0.000000000000000000 ) ) ;
#2862 = B_SPLINE_SURFACE_WITH_KNOTS ( 'NONE', 3, 1, ( 
 ( #3639, #1138 ),
 ( #2030, #1695 ),
 ( #2050, #2325 ),
 ( #2010, #3620 ),
 ( #3283, #1423 ),
 ( #3329, #3979 ),
 ( #112, #1114 ),
 ( #2385, #440 ),
 ( #3305, #1095 ) ),
 .UNSPECIFIED., .F., .F., .F.,
 ( 4, 1, 1, 1, 1, 1, 4 ),
 ( 2, 2 ),
 ( 0.000000000000000000, 0.003752057358490226702, 0.007504114716980453403, 0.01500822943396090681, 0.02251234415094136021, 0.02626440150943158344, 0.03001645886792181014 ),
 ( 0.000000000000000000, 1.000000000000000000 ),
 .UNSPECIFIED. ) ;
#2863 = VERTEX_POINT ( 'NONE', #2692 ) ;
#2864 = CARTESIAN_POINT ( 'NONE',  ( -171.0363900829410113, 800.0000000000000000, 9.645892564013939463 ) ) ;
#2865 = EDGE_CURVE ( 'NONE', #1007, #2216, #2767, .T. ) ;
#2866 = EDGE_CURVE ( 'NONE', #2533, #1173, #3965, .T. ) ;
#2867 = FACE_OUTER_BOUND ( 'NONE', #469, .T. ) ;
#2868 = CARTESIAN_POINT ( 'NONE',  ( -173.4395179607336104, 800.0000000000001137, 8.866531246998681226 ) ) ;
#2869 = VERTEX_POINT ( 'NONE', #1176 ) ;
#2870 = EDGE_CURVE ( 'NONE', #2359, #864, #2446, .T. ) ;
#2871 = EDGE_CURVE ( 'NONE', #3411, #2858, #1675, .T. ) ;
#2872 = LINE ( 'NONE', #308, #3788 ) ;
#2873 = EDGE_LOOP ( 'NONE', ( #1224, #329, #2053, #3550 ) ) ;
#2874 = CARTESIAN_POINT ( 'NONE',  ( -128.1061509150808320, 800.0000000000001137, 27.97564465478143347 ) ) ;
#2875 = ORIENTED_EDGE ( 'NONE', *, *, #2926, .T. ) ;
#2876 = EDGE_CURVE ( 'NONE', #2388, #3812, #1464, .T. ) ;
#2877 = LINE ( 'NONE', #332, #2652 ) ;
#2878 = CARTESIAN_POINT ( 'NONE',  ( -240.4624955004808839, 805.0000000000000000, 7.187158872640684315 ) ) ;
#2879 = ORIENTED_EDGE ( 'NONE', *, *, #1387, .T. ) ;
#2880 = DIRECTION ( 'NONE',  ( 0.000000000000000000, 0.000000000000000000, -1.000000000000000000 ) ) ;
#2881 = DIRECTION ( 'NONE',  ( 0.7248872777926381739, 0.000000000000000000, -0.6888675014067500157 ) ) ;
#2882 = CARTESIAN_POINT ( 'NONE',  ( -79.01260360124966553, 804.0000000000001137, -83.14404587073116204 ) ) ;
#2883 = ORIENTED_EDGE ( 'NONE', *, *, #952, .T. ) ;
#2884 = CARTESIAN_POINT ( 'NONE',  ( -108.8166162379600479, 805.0000000000001137, 90.82587009885537555 ) ) ;
#2885 = CARTESIAN_POINT ( 'NONE',  ( -171.1667286147500704, 805.0000000000001137, 9.609856989036067887 ) ) ;
#2886 = CARTESIAN_POINT ( 'NONE',  ( -246.4103591038307002, 805.0000000000001137, 7.704962946928673340 ) ) ;
#2887 = VECTOR ( 'NONE', #1766, 1000.000000000000114 ) ;
#2888 = B_SPLINE_CURVE_WITH_KNOTS ( 'NONE', 3,
 ( #4088, #884, #2152, #3515 ),
 .UNSPECIFIED., .F., .F.,
 ( 4, 4 ),
 ( 0.8578314467636656282, 0.8777154268956712801 ),
 .UNSPECIFIED. ) ;
#2889 = EDGE_CURVE ( 'NONE', #2104, #1508, #3409, .T. ) ;
#2890 = VERTEX_POINT ( 'NONE', #213 ) ;
#2891 = VECTOR ( 'NONE', #337, 1000.000000000000000 ) ;
#2892 = CARTESIAN_POINT ( 'NONE',  ( -255.0275276099411883, 800.0000000000001137, 7.279903762745748352 ) ) ;
#2893 = ORIENTED_EDGE ( 'NONE', *, *, #1077, .F. ) ;
#2894 = EDGE_CURVE ( 'NONE', #1461, #1418, #2421, .T. ) ;
#2895 = DIRECTION ( 'NONE',  ( -0.000000000000000000, 1.000000000000000000, -0.000000000000000000 ) ) ;
#2896 = DIRECTION ( 'NONE',  ( 0.7248872777926386179, 0.000000000000000000, -0.6888675014067495717 ) ) ;
#2897 = DIRECTION ( 'NONE',  ( 0.3664463843337242843, 0.000000000000000000, 0.9304391691071159931 ) ) ;
#2898 = ORIENTED_EDGE ( 'NONE', *, *, #1134, .T. ) ;
#2899 = CARTESIAN_POINT ( 'NONE',  ( -268.4179018087332338, 799.9999920000000202, 2.647210225857641319 ) ) ;
#2900 = CARTESIAN_POINT ( 'NONE',  ( -254.9539109580269383, 800.0000000000000000, 8.516572991783643687 ) ) ;
#2901 = CARTESIAN_POINT ( 'NONE',  ( -108.8166162379600479, 804.0000000000001137, 90.82587009885537555 ) ) ;
#2902 = VERTEX_POINT ( 'NONE', #2779 ) ;
#2903 = DIRECTION ( 'NONE',  ( 0.000000000000000000, 1.000000000000000000, 0.000000000000000000 ) ) ;
#2904 = CARTESIAN_POINT ( 'NONE',  ( -238.4144342001442567, 804.0000000000001137, 8.330081765032456786 ) ) ;
#2905 = PLANE ( 'NONE',  #3876 ) ;
#2906 = VECTOR ( 'NONE', #3082, 1000.000000000000114 ) ;
#2907 = ORIENTED_EDGE ( 'NONE', *, *, #1502, .T. ) ;
#2908 = CARTESIAN_POINT ( 'NONE',  ( -165.5945624024669769, 805.0000000000001137, 9.630070904658040831 ) ) ;
#2909 = CARTESIAN_POINT ( 'NONE',  ( -148.6125551966295006, 804.0000000000001137, 25.91327914437580304 ) ) ;
#2910 = VERTEX_POINT ( 'NONE', #844 ) ;
#2911 = EDGE_CURVE ( 'NONE', #1141, #3962, #2466, .T. ) ;
#2912 = AXIS2_PLACEMENT_3D ( 'NONE', #2668, #716, #1089 ) ;
#2913 = DIRECTION ( 'NONE',  ( -0.7248872777926381739, 0.000000000000000000, 0.6888675014067500157 ) ) ;
#2914 = VECTOR ( 'NONE', #3152, 1000.000000000000114 ) ;
#2915 = AXIS2_PLACEMENT_3D ( 'NONE', #655, #3179, #675 ) ;
#2916 = FACE_OUTER_BOUND ( 'NONE', #1354, .T. ) ;
#2917 = AXIS2_PLACEMENT_3D ( 'NONE', #3469, #688, #1600 ) ;
#2918 = CARTESIAN_POINT ( 'NONE',  ( -238.1605239462295458, 804.0000000000002274, 8.061508986391750398 ) ) ;
#2919 = ORIENTED_EDGE ( 'NONE', *, *, #93, .F. ) ;
#2920 = CARTESIAN_POINT ( 'NONE',  ( -189.6846012325700030, 804.0000000000001137, 21.20092582515553303 ) ) ;
#2921 = DIRECTION ( 'NONE',  ( 0.000000000000000000, 0.000000000000000000, -1.000000000000000000 ) ) ;
#2922 = DIRECTION ( 'NONE',  ( 0.000000000000000000, -1.000000000000000000, 0.000000000000000000 ) ) ;
#2923 = CARTESIAN_POINT ( 'NONE',  ( -165.6192316589048232, 804.0000000000001137, 22.77181901356583182 ) ) ;
#2924 = ORIENTED_EDGE ( 'NONE', *, *, #4027, .T. ) ;
#2925 = CARTESIAN_POINT ( 'NONE',  ( -113.8344749848858299, 804.0000000000000000, 8.543598326846165492 ) ) ;
#2926 = EDGE_CURVE ( 'NONE', #2243, #286, #2735, .T. ) ;
#2927 = CARTESIAN_POINT ( 'NONE',  ( -222.8468073653594104, 800.0000000000001137, 7.840947217310170636 ) ) ;
#2928 = VERTEX_POINT ( 'NONE', #3745 ) ;
#2929 = CARTESIAN_POINT ( 'NONE',  ( -183.6884954526167348, 800.0000000000002274, 9.492861711846627415 ) ) ;
#2930 = ADVANCED_FACE ( 'NONE', ( #571 ), #1842, .F. ) ;
#2931 = CARTESIAN_POINT ( 'NONE',  ( -282.6978133705282517, 805.0000000000001137, 5.318962716800226254 ) ) ;
#2932 = VERTEX_POINT ( 'NONE', #550 ) ;
#2933 = CARTESIAN_POINT ( 'NONE',  ( -247.5948149815342560, 799.9999999999992042, 7.661474984079888806 ) ) ;
#2934 = VECTOR ( 'NONE', #3773, 1000.000000000000000 ) ;
#2935 = EDGE_CURVE ( 'NONE', #2792, #3541, #1525, .T. ) ;
#2936 = CARTESIAN_POINT ( 'NONE',  ( -240.4624955004808839, 800.0000000000001137, 7.187158872640684315 ) ) ;
#2937 = CARTESIAN_POINT ( 'NONE',  ( -79.01260360124966553, 805.0000000000001137, -83.14404587073116204 ) ) ;
#2938 = ORIENTED_EDGE ( 'NONE', *, *, #1029, .F. ) ;
#2939 = LINE ( 'NONE', #3591, #4048 ) ;
#2940 = LINE ( 'NONE', #122, #3013 ) ;
#2941 = DIRECTION ( 'NONE',  ( 0.000000000000000000, 1.000000000000000000, 0.000000000000000000 ) ) ;
#2942 = FACE_OUTER_BOUND ( 'NONE', #1097, .T. ) ;
#2943 = EDGE_CURVE ( 'NONE', #264, #2792, #3925, .T. ) ;
#2944 = ORIENTED_EDGE ( 'NONE', *, *, #1013, .T. ) ;
#2945 = LINE ( 'NONE', #1360, #3117 ) ;
#2946 = LINE ( 'NONE', #1401, #1897 ) ;
#2947 = VERTEX_POINT ( 'NONE', #3724 ) ;
#2948 = EDGE_CURVE ( 'NONE', #796, #1616, #866, .T. ) ;
#2949 = CIRCLE ( 'NONE', #3282, 10.79999999999999005 ) ;
#2950 = CARTESIAN_POINT ( 'NONE',  ( -238.9655282012697342, 804.0000000000001137, 7.750171942798270486 ) ) ;
#2951 = B_SPLINE_CURVE_WITH_KNOTS ( 'NONE', 3,
 ( #3864, #1977, #3589, #2918, #729 ),
 .UNSPECIFIED., .F., .F.,
 ( 4, 1, 4 ),
 ( 0.7449675099819837998, 0.7465316009555499344, 0.7467401505555615326 ),
 .UNSPECIFIED. ) ;
#2952 = DIRECTION ( 'NONE',  ( -0.9996385584632171417, 0.000000000000000000, 0.02688405537825780747 ) ) ;
#2953 = EDGE_LOOP ( 'NONE', ( #1521, #1769, #1710, #3300, #1951, #2233, #590, #175 ) ) ;
#2954 = CARTESIAN_POINT ( 'NONE',  ( -257.1713895135033567, 800.0000000000001137, 7.153931678296024721 ) ) ;
#2955 = VECTOR ( 'NONE', #1820, 1000.000000000000114 ) ;
#2956 = EDGE_CURVE ( 'NONE', #2474, #2283, #4131, .T. ) ;
#2957 = ADVANCED_FACE ( 'NONE', ( #2507 ), #1909, .F. ) ;
#2958 = CARTESIAN_POINT ( 'NONE',  ( -173.4395179607336104, 800.0000000000001137, 8.866531246998681226 ) ) ;
#2959 = CARTESIAN_POINT ( 'NONE',  ( -252.1818313538002485, 805.0000000000001137, 9.156855241075431806 ) ) ;
#2960 = ORIENTED_EDGE ( 'NONE', *, *, #2516, .T. ) ;
#2961 = CARTESIAN_POINT ( 'NONE',  ( -295.2960495105456289, 805.0000000000001137, 0.3249056940346806699 ) ) ;
#2962 = CARTESIAN_POINT ( 'NONE',  ( -178.1626288332160470, 800.0000000000001137, 22.83150142084985745 ) ) ;
#2963 = VECTOR ( 'NONE', #2510, 1000.000000000000000 ) ;
#2964 = DIRECTION ( 'NONE',  ( 0.000000000000000000, 0.000000000000000000, 1.000000000000000000 ) ) ;
#2965 = CARTESIAN_POINT ( 'NONE',  ( -112.8759871213074035, 800.0000000000001137, 3.035661502803514988 ) ) ;
#2966 = ORIENTED_EDGE ( 'NONE', *, *, #1460, .T. ) ;
#2967 = CARTESIAN_POINT ( 'NONE',  ( -251.9670063117948473, 805.0000000000001137, 7.103975348474945939 ) ) ;
#2968 = CARTESIAN_POINT ( 'NONE',  ( -243.1847437545577009, 805.0000000000001137, 7.852033320476859757 ) ) ;
#2969 = CIRCLE ( 'NONE', #3511, 0.6000000000000033085 ) ;
#2970 = VERTEX_POINT ( 'NONE', #2843 ) ;
#2971 = DIRECTION ( 'NONE',  ( 0.6888675014067503488, 0.000000000000000000, 0.7248872777926378408 ) ) ;
#2972 = CARTESIAN_POINT ( 'NONE',  ( -145.7690503019806272, 805.0000000000001137, 26.18834114502507049 ) ) ;
#2973 = ORIENTED_EDGE ( 'NONE', *, *, #2122, .F. ) ;
#2974 = DIRECTION ( 'NONE',  ( 0.000000000000000000, 1.000000000000000000, 0.000000000000000000 ) ) ;
#2975 = CARTESIAN_POINT ( 'NONE',  ( -112.7120578011263774, 805.0000000000001137, 28.11340712249478102 ) ) ;
#2976 = CARTESIAN_POINT ( 'NONE',  ( -244.4189108070953012, 805.0000000000001137, 10.92368385466238578 ) ) ;
#2977 = ORIENTED_EDGE ( 'NONE', *, *, #927, .F. ) ;
#2978 = CARTESIAN_POINT ( 'NONE',  ( -287.7366072069031020, 805.0000000000001137, 1.077373546304075891 ) ) ;
#2979 = CARTESIAN_POINT ( 'NONE',  ( -196.3571183543442658, 805.0000000000003411, 20.16374226176606399 ) ) ;
#2980 = CARTESIAN_POINT ( 'NONE',  ( -132.0558163129703644, 805.0000000000001137, 26.96303150527401016 ) ) ;
#2981 = LINE ( 'NONE', #1358, #900 ) ;
#2982 = AXIS2_PLACEMENT_3D ( 'NONE', #403, #270, #382 ) ;
#2983 = ORIENTED_EDGE ( 'NONE', *, *, #1818, .T. ) ;
#2984 = ORIENTED_EDGE ( 'NONE', *, *, #2516, .F. ) ;
#2985 = LINE ( 'NONE', #2967, #1313 ) ;
#2986 = EDGE_CURVE ( 'NONE', #2419, #2970, #536, .T. ) ;
#2987 = CARTESIAN_POINT ( 'NONE',  ( -133.1568151895775998, 804.0000000000002274, 9.266055488606490087 ) ) ;
#2988 = AXIS2_PLACEMENT_3D ( 'NONE', #3500, #641, #333 ) ;
#2989 = EDGE_CURVE ( 'NONE', #1874, #2666, #2558, .T. ) ;
#2990 = ADVANCED_FACE ( 'NONE', ( #3554 ), #617, .T. ) ;
#2991 = ORIENTED_EDGE ( 'NONE', *, *, #2765, .F. ) ;
#2992 = FACE_OUTER_BOUND ( 'NONE', #3182, .T. ) ;
#2993 = CARTESIAN_POINT ( 'NONE',  ( -192.5000000000002274, 800.0000000000001137, 10.02593237103807056 ) ) ;
#2994 = ORIENTED_EDGE ( 'NONE', *, *, #1764, .T. ) ;
#2995 = ORIENTED_EDGE ( 'NONE', *, *, #967, .T. ) ;
#2996 = LINE ( 'NONE', #1701, #2585 ) ;
#2997 = DIRECTION ( 'NONE',  ( 0.001877162694616514409, 0.000000000000000000, -0.9999982381285568156 ) ) ;
#2998 = CARTESIAN_POINT ( 'NONE',  ( -214.7170587909637618, 804.0000000000001137, 9.410057304301764347 ) ) ;
#2999 = ORIENTED_EDGE ( 'NONE', *, *, #3630, .F. ) ;
#3000 = CARTESIAN_POINT ( 'NONE',  ( -112.7508309264629105, 800.0000000000001137, 7.689384925052574538 ) ) ;
#3001 = EDGE_CURVE ( 'NONE', #4123, #1187, #3474, .T. ) ;
#3002 = CARTESIAN_POINT ( 'NONE',  ( -196.0844992106079587, 805.0000000000001137, 9.280012691016615634 ) ) ;
#3003 = CARTESIAN_POINT ( 'NONE',  ( -132.7570444405470198, 805.0000000000001137, 9.255407141683583916 ) ) ;
#3004 = DIRECTION ( 'NONE',  ( -0.02646596929541375487, -0.000000000000000000, -0.9996497148847961478 ) ) ;
#3005 = ORIENTED_EDGE ( 'NONE', *, *, #1029, .T. ) ;
#3006 = ORIENTED_EDGE ( 'NONE', *, *, #2396, .F. ) ;
#3007 = CARTESIAN_POINT ( 'NONE',  ( -255.0045289145195682, 800.0000000000001137, 8.494121269291358800 ) ) ;
#3008 = CARTESIAN_POINT ( 'NONE',  ( -165.6223296465139185, 805.0000000000001137, 24.42217258159240956 ) ) ;
#3009 = EDGE_CURVE ( 'NONE', #2742, #3103, #3220, .T. ) ;
#3010 = B_SPLINE_CURVE_WITH_KNOTS ( 'NONE', 3,
 ( #3428, #2198, #3139, #3161, #3809 ),
 .UNSPECIFIED., .F., .F.,
 ( 4, 1, 4 ),
 ( 0.1277219014672375252, 0.1356275895091634820, 0.1386443574084766095 ),
 .UNSPECIFIED. ) ;
#3011 = EDGE_LOOP ( 'NONE', ( #1153, #3191, #1848, #511 ) ) ;
#3012 = PLANE ( 'NONE',  #3341 ) ;
#3013 = VECTOR ( 'NONE', #3592, 1000.000000000000000 ) ;
#3014 = CARTESIAN_POINT ( 'NONE',  ( -168.8641331842243289, 805.0000000000001137, 24.10239613039014372 ) ) ;
#3015 = VERTEX_POINT ( 'NONE', #2532 ) ;
#3016 = ORIENTED_EDGE ( 'NONE', *, *, #2073, .T. ) ;
#3017 = CARTESIAN_POINT ( 'NONE',  ( -285.2692632528747936, 799.9999920000000202, 4.587123813316574150 ) ) ;
#3018 = B_SPLINE_SURFACE_WITH_KNOTS ( 'NONE', 13, 1, ( 
 ( #3338, #3360 ),
 ( #1456, #204 ),
 ( #3084, #4014 ),
 ( #2748, #451 ),
 ( #834, #1413 ),
 ( #2684, #3403 ),
 ( #3694, #2060 ),
 ( #1770, #3671 ),
 ( #1148, #4035 ),
 ( #519, #3968 ),
 ( #1103, #859 ),
 ( #2105, #1169 ),
 ( #161, #3988 ),
 ( #3382, #474 ) ),
 .UNSPECIFIED., .F., .F., .F.,
 ( 14, 14 ),
 ( 2, 2 ),
 ( 0.000000000000000000, 0.03891155862326674264 ),
 ( 0.000000000000000000, 1.000000000000000000 ),
 .UNSPECIFIED. ) ;
#3019 = CARTESIAN_POINT ( 'NONE',  ( -285.1034899455572713, 799.9999920000000202, 1.323141469673185799 ) ) ;
#3020 = CARTESIAN_POINT ( 'NONE',  ( -211.1184077329953368, 800.0000000000001137, 17.70282848235061479 ) ) ;
#3021 = EDGE_CURVE ( 'NONE', #39, #3843, #947, .T. ) ;
#3022 = ORIENTED_EDGE ( 'NONE', *, *, #3326, .F. ) ;
#3023 = CARTESIAN_POINT ( 'NONE',  ( -265.5219321219681774, 805.0000000000001137, 2.837808823443983997 ) ) ;
#3024 = LINE ( 'NONE', #813, #1742 ) ;
#3025 = LINE ( 'NONE', #2706, #2714 ) ;
#3026 = DIRECTION ( 'NONE',  ( 0.6888675014067527913, 0.000000000000000000, 0.7248872777926355093 ) ) ;
#3027 = VECTOR ( 'NONE', #2548, 1000.000000000000000 ) ;
#3028 = ORIENTED_EDGE ( 'NONE', *, *, #2252, .T. ) ;
#3029 = EDGE_LOOP ( 'NONE', ( #2391, #603, #3141, #3854 ) ) ;
#3030 = DIRECTION ( 'NONE',  ( 0.000000000000000000, 0.000000000000000000, -1.000000000000000000 ) ) ;
#3031 = LINE ( 'NONE', #3975, #1688 ) ;
#3032 = CARTESIAN_POINT ( 'NONE',  ( -293.2676002059585585, 799.9999920000000202, 1.330312713632799237 ) ) ;
#3033 = ORIENTED_EDGE ( 'NONE', *, *, #2617, .F. ) ;
#3034 = EDGE_LOOP ( 'NONE', ( #2677, #709, #2777, #2109 ) ) ;
#3035 = LINE ( 'NONE', #2095, #4087 ) ;
#3036 = CARTESIAN_POINT ( 'NONE',  ( -152.7139117670830331, 800.0000000000001137, 25.70190672669912146 ) ) ;
#3037 = EDGE_LOOP ( 'NONE', ( #2847, #3281, #3239, #572, #339, #2210, #4008, #681, #21, #3998, #3099, #1363, #4105, #2780, #1860, #2476, #1704, #358, #730, #2973, #3291, #3963, #2853, #2786 ) ) ;
#3038 = VERTEX_POINT ( 'NONE', #1296 ) ;
#3039 = CARTESIAN_POINT ( 'NONE',  ( -112.7508309264629105, 805.0000000000001137, 7.689384925052574538 ) ) ;
#3040 = CARTESIAN_POINT ( 'NONE',  ( -192.5000000000002274, 805.0000000000001137, 15.15093237103806700 ) ) ;
#3041 = EDGE_CURVE ( 'NONE', #3221, #2265, #637, .T. ) ;
#3042 = FACE_OUTER_BOUND ( 'NONE', #3978, .T. ) ;
#3043 = VERTEX_POINT ( 'NONE', #1005 ) ;
#3044 = DIRECTION ( 'NONE',  ( 0.000000000000000000, 0.000000000000000000, -1.000000000000000000 ) ) ;
#3045 = CARTESIAN_POINT ( 'NONE',  ( -188.9322783937708721, 805.0000000000001137, 21.31370094756423228 ) ) ;
#3046 = DIRECTION ( 'NONE',  ( -0.7248872777926381739, 0.000000000000000000, 0.6888675014067500157 ) ) ;
#3047 = CARTESIAN_POINT ( 'NONE',  ( -241.7602381807121219, 804.0000000000001137, 11.50963215707266585 ) ) ;
#3048 = VECTOR ( 'NONE', #1385, 1000.000000000000000 ) ;
#3049 = VERTEX_POINT ( 'NONE', #1312 ) ;
#3050 = ORIENTED_EDGE ( 'NONE', *, *, #678, .T. ) ;
#3051 = LINE ( 'NONE', #549, #1448 ) ;
#3052 = EDGE_CURVE ( 'NONE', #1273, #2137, #1882, .T. ) ;
#3053 = CARTESIAN_POINT ( 'NONE',  ( -245.7811620399695016, 804.0000000000001137, 8.251920861738135216 ) ) ;
#3054 = ORIENTED_EDGE ( 'NONE', *, *, #30, .F. ) ;
#3055 = AXIS2_PLACEMENT_3D ( 'NONE', #1800, #2756, #2465 ) ;
#3056 = AXIS2_PLACEMENT_3D ( 'NONE', #3087, #1151, #1861 ) ;
#3057 = ADVANCED_FACE ( 'NONE', ( #2199 ), #3162, .F. ) ;
#3058 = ORIENTED_EDGE ( 'NONE', *, *, #3498, .T. ) ;
#3059 = CARTESIAN_POINT ( 'NONE',  ( -233.4746249705381729, 804.0000000000001137, 12.94752250475350053 ) ) ;
#3060 = DIRECTION ( 'NONE',  ( 0.6888675014067496827, 0.000000000000000000, 0.7248872777926385069 ) ) ;
#3061 = ORIENTED_EDGE ( 'NONE', *, *, #952, .F. ) ;
#3062 = EDGE_LOOP ( 'NONE', ( #153, #4009, #2824, #840 ) ) ;
#3063 = EDGE_CURVE ( 'NONE', #2890, #2411, #1276, .T. ) ;
#3064 = CARTESIAN_POINT ( 'NONE',  ( -148.6143614906607695, 805.0000000000001137, 25.96668747503414565 ) ) ;
#3065 = CARTESIAN_POINT ( 'NONE',  ( -238.7043891112622589, 805.0000000000001137, 8.605628765596048169 ) ) ;
#3066 = CARTESIAN_POINT ( 'NONE',  ( -266.6398104252422172, 716.1111120000000483, 6.507882213807866911 ) ) ;
#3067 = ORIENTED_EDGE ( 'NONE', *, *, #1631, .T. ) ;
#3068 = DIRECTION ( 'NONE',  ( -0.7248872777926401723, 0.000000000000000000, 0.6888675014067479063 ) ) ;
#3069 = CARTESIAN_POINT ( 'NONE',  ( -248.9606400889233839, 804.0000000000001137, 9.898449291141035999 ) ) ;
#3070 = CARTESIAN_POINT ( 'NONE',  ( -114.4461369841751264, 804.0000000000001137, 8.572950441632642082 ) ) ;
#3071 = DIRECTION ( 'NONE',  ( -0.6888675014067493496, -0.000000000000000000, -0.7248872777926388400 ) ) ;
#3072 = ORIENTED_EDGE ( 'NONE', *, *, #3603, .T. ) ;
#3073 = ORIENTED_EDGE ( 'NONE', *, *, #2943, .F. ) ;
#3074 = CARTESIAN_POINT ( 'NONE',  ( -206.0353436069070199, 804.0000000000001137, 18.54572545475296863 ) ) ;
#3075 = DIRECTION ( 'NONE',  ( -0.000000000000000000, -1.000000000000000000, -0.000000000000000000 ) ) ;
#3076 = EDGE_LOOP ( 'NONE', ( #2143, #3958, #1726, #2755 ) ) ;
#3077 = ORIENTED_EDGE ( 'NONE', *, *, #3747, .T. ) ;
#3078 = CARTESIAN_POINT ( 'NONE',  ( -233.2886263910396281, 805.0000000000001137, 13.32257616013495394 ) ) ;
#3079 = DIRECTION ( 'NONE',  ( 0.8419453725790534415, 0.000000000000000000, -0.5395627763223839191 ) ) ;
#3080 = ORIENTED_EDGE ( 'NONE', *, *, #1589, .F. ) ;
#3081 = CARTESIAN_POINT ( 'NONE',  ( -133.9566291355076544, 805.0000000000001137, 9.286974893465000491 ) ) ;
#3082 = DIRECTION ( 'NONE',  ( -0.6888675014067938696, -0.000000000000000000, -0.7248872777925964295 ) ) ;
#3083 = ORIENTED_EDGE ( 'NONE', *, *, #987, .T. ) ;
#3084 = CARTESIAN_POINT ( 'NONE',  ( -272.0829353896129419, 799.9999919999997928, 8.182179439804063037 ) ) ;
#3085 = FACE_OUTER_BOUND ( 'NONE', #1501, .T. ) ;
#3086 = LINE ( 'NONE', #3990, #593 ) ;
#3087 = CARTESIAN_POINT ( 'NONE',  ( -112.8759871213074035, 800.0000000000001137, 3.035661502803514988 ) ) ;
#3088 = ADVANCED_FACE ( 'NONE', ( #3238 ), #966, .T. ) ;
#3089 = B_SPLINE_CURVE_WITH_KNOTS ( 'NONE', 3,
 ( #2115, #2159, #216, #2513 ),
 .UNSPECIFIED., .F., .F.,
 ( 4, 4 ),
 ( 0.8387052689073636325, 0.8412145681180637213 ),
 .UNSPECIFIED. ) ;
#3090 = EDGE_LOOP ( 'NONE', ( #3670, #3185, #557, #236 ) ) ;
#3091 = CARTESIAN_POINT ( 'NONE',  ( -204.8832445304088310, 804.0000000000001137, 18.74516666487845029 ) ) ;
#3092 = CARTESIAN_POINT ( 'NONE',  ( -186.0271392162350423, 805.0000000000002274, 9.454376492064616500 ) ) ;
#3093 = EDGE_CURVE ( 'NONE', #3355, #3730, #3826, .T. ) ;
#3094 = AXIS2_PLACEMENT_3D ( 'NONE', #2882, #3497, #1943 ) ;
#3095 = ORIENTED_EDGE ( 'NONE', *, *, #397, .F. ) ;
#3096 = ORIENTED_EDGE ( 'NONE', *, *, #622, .T. ) ;
#3097 = PLANE ( 'NONE',  #467 ) ;
#3098 = DIRECTION ( 'NONE',  ( -0.6888675014067504598, -0.000000000000000000, -0.7248872777926377298 ) ) ;
#3099 = ORIENTED_EDGE ( 'NONE', *, *, #3413, .F. ) ;
#3100 = CARTESIAN_POINT ( 'NONE',  ( -132.8079613817489815, 805.0000000000001137, 8.488640521341494605 ) ) ;
#3101 = CYLINDRICAL_SURFACE ( 'NONE', #1442, 0.6000000000000276223 ) ;
#3102 = EDGE_CURVE ( 'NONE', #3411, #687, #375, .T. ) ;
#3103 = VERTEX_POINT ( 'NONE', #986 ) ;
#3104 =( NAMED_UNIT ( * ) PLANE_ANGLE_UNIT ( ) SI_UNIT ( $, .RADIAN. ) );
#3105 = ORIENTED_EDGE ( 'NONE', *, *, #765, .T. ) ;
#3106 = EDGE_CURVE ( 'NONE', #807, #3843, #3536, .T. ) ;
#3107 = DIRECTION ( 'NONE',  ( -0.000000000000000000, 1.000000000000000000, -0.000000000000000000 ) ) ;
#3108 = CARTESIAN_POINT ( 'NONE',  ( -186.6071088486877159, 804.0000000000001137, 17.44863968024492351 ) ) ;
#3109 = CARTESIAN_POINT ( 'NONE',  ( -182.6146439342225563, 800.0000000000001137, 22.26316326372818821 ) ) ;
#3110 = AXIS2_PLACEMENT_3D ( 'NONE', #3040, #2034, #1790 ) ;
#3111 = ORIENTED_EDGE ( 'NONE', *, *, #678, .F. ) ;
#3112 = CYLINDRICAL_SURFACE ( 'NONE', #988, 10.79999999999999005 ) ;
#3113 = CYLINDRICAL_SURFACE ( 'NONE', #1555, 0.5999999999999928724 ) ;
#3114 = DIRECTION ( 'NONE',  ( -0.9304391691071159931, 0.000000000000000000, 0.3664463843337242843 ) ) ;
#3115 = ORIENTED_EDGE ( 'NONE', *, *, #2651, .F. ) ;
#3116 = EDGE_CURVE ( 'NONE', #2890, #872, #1626, .T. ) ;
#3117 = VECTOR ( 'NONE', #2631, 1000.000000000000000 ) ;
#3118 = ORIENTED_EDGE ( 'NONE', *, *, #3734, .T. ) ;
#3119 = CARTESIAN_POINT ( 'NONE',  ( -165.3351817206900307, 804.0000000000001137, 24.38920419235038395 ) ) ;
#3120 = AXIS2_PLACEMENT_3D ( 'NONE', #2806, #284, #3060 ) ;
#3121 = EDGE_CURVE ( 'NONE', #962, #738, #1416, .T. ) ;
#3122 = VECTOR ( 'NONE', #901, 999.9999999999998863 ) ;
#3123 = CARTESIAN_POINT ( 'NONE',  ( -240.4740987400201675, 805.0000000000002274, 11.79161982744702719 ) ) ;
#3124 = VERTEX_POINT ( 'NONE', #2687 ) ;
#3125 = LINE ( 'NONE', #2495, #355 ) ;
#3126 = EDGE_CURVE ( 'NONE', #1343, #1799, #2317, .T. ) ;
#3127 = VECTOR ( 'NONE', #2594, 1000.000000000000114 ) ;
#3128 = FACE_OUTER_BOUND ( 'NONE', #2009, .T. ) ;
#3129 = ORIENTED_EDGE ( 'NONE', *, *, #445, .T. ) ;
#3130 = CARTESIAN_POINT ( 'NONE',  ( -212.0019984945549254, 805.0000000000001137, 17.49936013451490169 ) ) ;
#3131 = ORIENTED_EDGE ( 'NONE', *, *, #1098, .F. ) ;
#3132 = CARTESIAN_POINT ( 'NONE',  ( -196.0844992106079587, 804.0000000000001137, 9.280012691016615634 ) ) ;
#3133 = EDGE_LOOP ( 'NONE', ( #3775, #1556, #2995, #1494 ) ) ;
#3134 = PRODUCT_DEFINITION_SHAPE ( 'NONE', 'NONE',  #1917 ) ;
#3135 = LINE ( 'NONE', #3108, #2322 ) ;
#3136 = CARTESIAN_POINT ( 'NONE',  ( -130.8533786264967773, 800.0000000000001137, 27.04426762654682648 ) ) ;
#3137 = ORIENTED_EDGE ( 'NONE', *, *, #3430, .T. ) ;
#3138 = LINE ( 'NONE', #275, #3794 ) ;
#3139 = CARTESIAN_POINT ( 'NONE',  ( -170.5782824749745714, 805.0000000000001137, 23.79646671142362280 ) ) ;
#3140 = DIRECTION ( 'NONE',  ( 0.000000000000000000, 1.000000000000000000, 0.000000000000000000 ) ) ;
#3141 = ORIENTED_EDGE ( 'NONE', *, *, #1177, .F. ) ;
#3142 = PLANE ( 'NONE',  #1720 ) ;
#3143 = DIRECTION ( 'NONE',  ( 0.000000000000000000, -1.000000000000000000, 0.000000000000000000 ) ) ;
#3144 = CARTESIAN_POINT ( 'NONE',  ( -228.4276379483836479, 804.0000000000001137, 8.703131088542161109 ) ) ;
#3145 = AXIS2_PLACEMENT_3D ( 'NONE', #802, #2072, #1403 ) ;
#3146 = EDGE_CURVE ( 'NONE', #3049, #2418, #2981, .T. ) ;
#3147 = CARTESIAN_POINT ( 'NONE',  ( -178.1626288332113006, 804.0000000000001137, 22.83150142085048273 ) ) ;
#3148 = ORIENTED_EDGE ( 'NONE', *, *, #2581, .F. ) ;
#3149 = CARTESIAN_POINT ( 'NONE',  ( -266.3727187654359909, 799.9999920000000202, 3.583167371675653801 ) ) ;
#3150 = ORIENTED_EDGE ( 'NONE', *, *, #3289, .T. ) ;
#3151 = CARTESIAN_POINT ( 'NONE',  ( -190.3522683579551540, 800.0000000000001137, 21.10012339114813074 ) ) ;
#3152 = DIRECTION ( 'NONE',  ( 0.06567303980416458464, 0.000000000000000000, -0.9978411957034448720 ) ) ;
#3153 = VERTEX_POINT ( 'NONE', #1397 ) ;
#3154 = CARTESIAN_POINT ( 'NONE',  ( -266.3727187654359341, 799.9999920000000202, 3.583167371675653801 ) ) ;
#3155 = VECTOR ( 'NONE', #2589, 1000.000000000000114 ) ;
#3156 = EDGE_CURVE ( 'NONE', #3541, #264, #3652, .T. ) ;
#3157 = DIRECTION ( 'NONE',  ( 0.000000000000000000, 0.000000000000000000, 1.000000000000000000 ) ) ;
#3158 = ORIENTED_EDGE ( 'NONE', *, *, #3932, .F. ) ;
#3159 = CYLINDRICAL_SURFACE ( 'NONE', #2716, 9.999999999999991118 ) ;
#3160 = VECTOR ( 'NONE', #3416, 1000.000000000000000 ) ;
#3161 = CARTESIAN_POINT ( 'NONE',  ( -166.8978652039263864, 805.0000000000001137, 24.21555232849272699 ) ) ;
#3162 = PLANE ( 'NONE',  #29 ) ;
#3163 = VERTEX_POINT ( 'NONE', #2002 ) ;
#3164 = DIRECTION ( 'NONE',  ( 0.8513302070673179900, 0.000000000000000000, -0.5246302302905517800 ) ) ;
#3165 = VERTEX_POINT ( 'NONE', #3594 ) ;
#3166 = CARTESIAN_POINT ( 'NONE',  ( -149.9881244947861774, 804.0000000000001137, 9.572435617176004996 ) ) ;
#3167 = CARTESIAN_POINT ( 'NONE',  ( -165.6223296465139185, 804.0000000000001137, 24.42217258159240956 ) ) ;
#3168 = VECTOR ( 'NONE', #3223, 1000.000000000000000 ) ;
#3169 = DIRECTION ( 'NONE',  ( 0.6888675014067485725, 0.000000000000000000, 0.7248872777926395061 ) ) ;
#3170 = ORIENTED_EDGE ( 'NONE', *, *, #987, .F. ) ;
#3171 = SURFACE_STYLE_USAGE ( .BOTH. , #1834 ) ;
#3172 = DIRECTION ( 'NONE',  ( 0.000000000000000000, -1.000000000000000000, 0.000000000000000000 ) ) ;
#3173 = ORIENTED_EDGE ( 'NONE', *, *, #1772, .F. ) ;
#3174 = PLANE ( 'NONE',  #2717 ) ;
#3175 = VECTOR ( 'NONE', #1793, 1000.000000000000000 ) ;
#3176 = ADVANCED_FACE ( 'NONE', ( #477 ), #2664, .T. ) ;
#3177 = DIRECTION ( 'NONE',  ( 0.9697008434041692881, 0.000000000000000000, 0.2442954651671675748 ) ) ;
#3178 = EDGE_LOOP ( 'NONE', ( #2772, #1740, #754, #2875 ) ) ;
#3179 = DIRECTION ( 'NONE',  ( -0.7248872777926383959, 0.000000000000000000, 0.6888675014067497937 ) ) ;
#3180 = CARTESIAN_POINT ( 'NONE',  ( -202.0437164180610239, 805.0000000000001137, 19.23448279298076358 ) ) ;
#3181 = CARTESIAN_POINT ( 'NONE',  ( -117.5244860867506134, 805.0000000000001137, 111.6846736932957498 ) ) ;
#3182 = EDGE_LOOP ( 'NONE', ( #2898, #1885, #419, #3578 ) ) ;
#3183 = FACE_OUTER_BOUND ( 'NONE', #1689, .T. ) ;
#3184 = EDGE_CURVE ( 'NONE', #1371, #2177, #1749, .T. ) ;
#3185 = ORIENTED_EDGE ( 'NONE', *, *, #3429, .F. ) ;
#3186 = ADVANCED_FACE ( 'NONE', ( #2609 ), #1026, .F. ) ;
#3187 = CARTESIAN_POINT ( 'NONE',  ( -251.8022909279662542, 804.0000000000001137, 7.942175760401747553 ) ) ;
#3188 = ADVANCED_FACE ( 'NONE', ( #1667 ), #2298, .F. ) ;
#3189 = VECTOR ( 'NONE', #421, 1000.000000000000114 ) ;
#3190 = CARTESIAN_POINT ( 'NONE',  ( -247.5948149815342560, 800.0000000000001137, 7.661474984079888806 ) ) ;
#3191 = ORIENTED_EDGE ( 'NONE', *, *, #1794, .F. ) ;
#3192 = CARTESIAN_POINT ( 'NONE',  ( -65.70031221889381357, 805.0000000000001137, -69.13567613106708620 ) ) ;
#3193 = VECTOR ( 'NONE', #3880, 1000.000000000000000 ) ;
#3194 = ORIENTED_EDGE ( 'NONE', *, *, #1668, .F. ) ;
#3195 = FACE_OUTER_BOUND ( 'NONE', #2260, .T. ) ;
#3196 = LINE ( 'NONE', #3882, #1195 ) ;
#3197 = ORIENTED_EDGE ( 'NONE', *, *, #2506, .T. ) ;
#3198 = FACE_OUTER_BOUND ( 'NONE', #4126, .T. ) ;
#3199 = DIRECTION ( 'NONE',  ( 0.000000000000000000, 1.000000000000000000, 0.000000000000000000 ) ) ;
#3200 = CARTESIAN_POINT ( 'NONE',  ( -241.7602381807121219, 800.0000000000001137, 11.50963215707266585 ) ) ;
#3201 = B_SPLINE_SURFACE_WITH_KNOTS ( 'NONE', 3, 1, ( 
 ( #4125, #632 ),
 ( #2544, #800 ),
 ( #486, #1756 ),
 ( #232, #2148 ),
 ( #567, #2128 ),
 ( #1458, #1773 ),
 ( #521, #792 ),
 ( #164, #1796 ),
 ( #3719, #248 ),
 ( #3421, #837 ),
 ( #2062, #4059 ),
 ( #500, #1748 ),
 ( #1517, #2793 ),
 ( #1190, #3384 ),
 ( #2460, #3739 ),
 ( #2107, #879 ) ),
 .UNSPECIFIED., .F., .F., .F.,
 ( 4, 1, 1, 1, 1, 1, 1, 1, 1, 1, 1, 1, 1, 4 ),
 ( 2, 2 ),
 ( 0.000000000000000000, 0.001703996196630641613, 0.003717577697777307844, 0.01734954757624876387, 0.03098151745472021990, 0.04461348733319164817, 0.05824545721166310419, 0.08550939696860598849, 0.1127733367255488728, 0.1264053066040203288, 0.1400372764824917571, 0.1522456049027960667, 0.1539496011376049744, 0.1556535973724231803 ),
 ( 0.000000000000000000, 1.000000000000000000 ),
 .UNSPECIFIED. ) ;
#3202 = EDGE_CURVE ( 'NONE', #822, #646, #188, .T. ) ;
#3203 = EDGE_LOOP ( 'NONE', ( #3433, #3131, #1002, #2089 ) ) ;
#3204 = CARTESIAN_POINT ( 'NONE',  ( -189.8871197410761908, 805.0000000000002274, 9.390855830575343788 ) ) ;
#3205 = DIRECTION ( 'NONE',  ( -0.7248872777926351763, 0.000000000000000000, 0.6888675014067531244 ) ) ;
#3206 = DIRECTION ( 'NONE',  ( 0.000000000000000000, 0.000000000000000000, -1.000000000000000000 ) ) ;
#3207 = ADVANCED_FACE ( 'NONE', ( #3258 ), #434, .T. ) ;
#3208 = ORIENTED_EDGE ( 'NONE', *, *, #3617, .T. ) ;
#3209 = CARTESIAN_POINT ( 'NONE',  ( -253.6658019528322825, 804.0000000000001137, 8.424370714792484449 ) ) ;
#3210 = VERTEX_POINT ( 'NONE', #396 ) ;
#3211 = LINE ( 'NONE', #977, #2788 ) ;
#3212 = VERTEX_POINT ( 'NONE', #1708 ) ;
#3213 = CARTESIAN_POINT ( 'NONE',  ( -300.0000000000000000, 805.0000000000001137, 0.000000000000000000 ) ) ;
#3214 = B_SPLINE_CURVE_WITH_KNOTS ( 'NONE', 3,
 ( #1295, #3180, #2235, #1866 ),
 .UNSPECIFIED., .F., .F.,
 ( 4, 4 ),
 ( 0.1005107225783562624, 0.1088088415555528432 ),
 .UNSPECIFIED. ) ;
#3215 = PLANE ( 'NONE',  #1974 ) ;
#3216 = DIRECTION ( 'NONE',  ( -0.000000000000000000, 1.000000000000000000, -0.000000000000000000 ) ) ;
#3217 = ORIENTED_EDGE ( 'NONE', *, *, #3504, .T. ) ;
#3218 = CARTESIAN_POINT ( 'NONE',  ( -190.2701010556687891, 805.0000000000001137, 21.06981534826184443 ) ) ;
#3219 = CARTESIAN_POINT ( 'NONE',  ( -260.8576000477086723, 800.0000000000000000, 7.086686038300855195 ) ) ;
#3220 = LINE ( 'NONE', #3181, #3624 ) ;
#3221 = VERTEX_POINT ( 'NONE', #2040 ) ;
#3222 = FACE_OUTER_BOUND ( 'NONE', #2737, .T. ) ;
#3223 = DIRECTION ( 'NONE',  ( 0.000000000000000000, 1.000000000000000000, 0.000000000000000000 ) ) ;
#3224 = CARTESIAN_POINT ( 'NONE',  ( -113.3033073901014376, 800.0000000000002274, 7.716868825675743615 ) ) ;
#3225 = VERTEX_POINT ( 'NONE', #106 ) ;
#3226 = AXIS2_PLACEMENT_3D ( 'NONE', #2351, #165, #3026 ) ;
#3227 = CARTESIAN_POINT ( 'NONE',  ( -211.2429925427488229, 800.0000000000001137, 8.957290179382589201 ) ) ;
#3228 = ORIENTED_EDGE ( 'NONE', *, *, #2948, .T. ) ;
#3229 = CARTESIAN_POINT ( 'NONE',  ( -194.9083746375344788, 799.9999999999992042, 9.302397801995841320 ) ) ;
#3230 = ADVANCED_FACE ( 'NONE', ( #2942 ), #2629, .F. ) ;
#3231 = CARTESIAN_POINT ( 'NONE',  ( -252.2572995699170519, 805.0000000000000000, 6.637396135036491174 ) ) ;
#3232 = LINE ( 'NONE', #2937, #2015 ) ;
#3233 = EDGE_CURVE ( 'NONE', #583, #1782, #3611, .T. ) ;
#3234 = ORIENTED_EDGE ( 'NONE', *, *, #3613, .F. ) ;
#3235 = CARTESIAN_POINT ( 'NONE',  ( -132.7570495598756395, 804.0000000000001137, 9.255214942794401267 ) ) ;
#3236 = CARTESIAN_POINT ( 'NONE',  ( -260.8576000477086723, 805.0000000000003411, 7.086686038300855195 ) ) ;
#3237 = CARTESIAN_POINT ( 'NONE',  ( -249.9433811924889426, 805.0000000000001137, 7.536298014069365614 ) ) ;
#3238 = FACE_OUTER_BOUND ( 'NONE', #2075, .T. ) ;
#3239 = ORIENTED_EDGE ( 'NONE', *, *, #367, .F. ) ;
#3240 = CARTESIAN_POINT ( 'NONE',  ( -64.16437595342723910, 804.0000000000001137, 62.29146121145266335 ) ) ;
#3241 = LINE ( 'NONE', #3873, #4109 ) ;
#3242 = VECTOR ( 'NONE', #3985, 1000.000000000000000 ) ;
#3243 = ORIENTED_EDGE ( 'NONE', *, *, #1338, .T. ) ;
#3244 = DIRECTION ( 'NONE',  ( -0.000000000000000000, 1.000000000000000000, -0.000000000000000000 ) ) ;
#3245 = EDGE_CURVE ( 'NONE', #3595, #2388, #1375, .T. ) ;
#3246 = VECTOR ( 'NONE', #2305, 999.9999999999998863 ) ;
#3247 = CARTESIAN_POINT ( 'NONE',  ( -259.4108628574792874, 800.0000000000001137, 7.026082581617287381 ) ) ;
#3248 = ORIENTED_EDGE ( 'NONE', *, *, #650, .F. ) ;
#3249 = EDGE_CURVE ( 'NONE', #691, #2036, #2646, .T. ) ;
#3250 = CARTESIAN_POINT ( 'NONE',  ( -228.1328149181576919, 800.0000000000001137, 8.432706753226311136 ) ) ;
#3251 = CARTESIAN_POINT ( 'NONE',  ( -123.3344552962528411, 805.0000000000001137, 8.966871577101750646 ) ) ;
#3252 = VECTOR ( 'NONE', #200, 999.9999999999998863 ) ;
#3253 = DIRECTION ( 'NONE',  ( -0.000000000000000000, 1.000000000000000000, -0.000000000000000000 ) ) ;
#3254 = VERTEX_POINT ( 'NONE', #455 ) ;
#3255 = CARTESIAN_POINT ( 'NONE',  ( -290.3163669971461900, 805.0000000000001137, 0.8276152839011832185 ) ) ;
#3256 = FACE_OUTER_BOUND ( 'NONE', #487, .T. ) ;
#3257 = DIRECTION ( 'NONE',  ( 0.6888675014067531244, 0.000000000000000000, 0.7248872777926351763 ) ) ;
#3258 = FACE_OUTER_BOUND ( 'NONE', #1474, .T. ) ;
#3259 = EDGE_CURVE ( 'NONE', #1782, #1732, #3874, .T. ) ;
#3260 = VERTEX_POINT ( 'NONE', #862 ) ;
#3261 = PLANE ( 'NONE',  #1115 ) ;
#3262 = LINE ( 'NONE', #3325, #1760 ) ;
#3263 = ORIENTED_EDGE ( 'NONE', *, *, #1639, .F. ) ;
#3264 = CARTESIAN_POINT ( 'NONE',  ( -113.5285485838878117, 800.0000000000001137, 8.528672068350854119 ) ) ;
#3265 = EDGE_CURVE ( 'NONE', #1792, #1173, #1056, .T. ) ;
#3266 = EDGE_CURVE ( 'NONE', #1187, #1286, #1828, .T. ) ;
#3267 = CARTESIAN_POINT ( 'NONE',  ( -182.6146439342225563, 805.0000000000001137, 22.26316326372818821 ) ) ;
#3268 = ORIENTED_EDGE ( 'NONE', *, *, #3832, .T. ) ;
#3269 = CARTESIAN_POINT ( 'NONE',  ( -133.5305144212671280, 804.0000000000001137, 25.38181269809026119 ) ) ;
#3270 = LINE ( 'NONE', #20, #2592 ) ;
#3271 = CARTESIAN_POINT ( 'NONE',  ( -149.9881244947861774, 804.0000000000001137, 9.572435617176004996 ) ) ;
#3272 = VERTEX_POINT ( 'NONE', #2129 ) ;
#3273 = CARTESIAN_POINT ( 'NONE',  ( -300.0000000000000000, 805.0000000000001137, -0.1621621621621254228 ) ) ;
#3274 = CARTESIAN_POINT ( 'NONE',  ( -214.9781978809721181, 804.0000000000001137, 8.554600481504834875 ) ) ;
#3275 = CARTESIAN_POINT ( 'NONE',  ( -114.4461369841751264, 804.0000000000001137, 8.572950441632642082 ) ) ;
#3276 = CARTESIAN_POINT ( 'NONE',  ( -248.7894769338265064, 804.0000000000001137, 9.579048621719062240 ) ) ;
#3277 = ADVANCED_FACE ( 'NONE', ( #1459 ), #1478, .T. ) ;
#3278 = ORIENTED_EDGE ( 'NONE', *, *, #1001, .T. ) ;
#3279 = CARTESIAN_POINT ( 'NONE',  ( -194.9083746375344788, 805.0000000000001137, 9.302397801995864413 ) ) ;
#3280 = DIRECTION ( 'NONE',  ( -0.000000000000000000, 1.000000000000000000, -0.000000000000000000 ) ) ;
#3281 = ORIENTED_EDGE ( 'NONE', *, *, #446, .T. ) ;
#3282 = AXIS2_PLACEMENT_3D ( 'NONE', #2058, #2368, #2080 ) ;
#3283 = CARTESIAN_POINT ( 'NONE',  ( -280.6338063822639128, 799.9999920000000202, 5.055185953166550838 ) ) ;
#3284 = DIRECTION ( 'NONE',  ( 0.000000000000000000, 1.000000000000000000, 0.000000000000000000 ) ) ;
#3285 = VERTEX_POINT ( 'NONE', #4060 ) ;
#3286 = FACE_OUTER_BOUND ( 'NONE', #2071, .T. ) ;
#3287 = VECTOR ( 'NONE', #756, 1000.000000000000000 ) ;
#3288 = CARTESIAN_POINT ( 'NONE',  ( -141.1614346981550625, 805.0000000000001137, 27.35412429335869788 ) ) ;
#3289 = EDGE_CURVE ( 'NONE', #3299, #609, #3445, .T. ) ;
#3290 = CARTESIAN_POINT ( 'NONE',  ( -253.3352003232435834, 805.0000000000001137, 8.886827556359119029 ) ) ;
#3291 = ORIENTED_EDGE ( 'NONE', *, *, #2911, .T. ) ;
#3292 = DIRECTION ( 'NONE',  ( 0.000000000000000000, 1.000000000000000000, 0.000000000000000000 ) ) ;
#3293 = CARTESIAN_POINT ( 'NONE',  ( -253.8929467958457167, 804.0000000000000000, 8.756247496859160151 ) ) ;
#3294 = VECTOR ( 'NONE', #1870, 1000.000000000000000 ) ;
#3295 = PLANE ( 'NONE',  #1019 ) ;
#3296 = CARTESIAN_POINT ( 'NONE',  ( -256.0688354234273447, 805.0000000000001137, 7.579508173038143504 ) ) ;
#3297 = ADVANCED_FACE ( 'NONE', ( #546 ), #1814, .F. ) ;
#3298 = EDGE_CURVE ( 'NONE', #228, #2169, #3324, .T. ) ;
#3299 = VERTEX_POINT ( 'NONE', #1212 ) ;
#3300 = ORIENTED_EDGE ( 'NONE', *, *, #3330, .F. ) ;
#3301 = CARTESIAN_POINT ( 'NONE',  ( -113.5285485838877975, 804.0000000000001137, 8.528672068350854119 ) ) ;
#3302 = CARTESIAN_POINT ( 'NONE',  ( -133.9566291355076544, 804.0000000000001137, 9.286974893465000491 ) ) ;
#3303 = ADVANCED_FACE ( 'NONE', ( #815 ), #3699, .T. ) ;
#3304 = ORIENTED_EDGE ( 'NONE', *, *, #2270, .T. ) ;
#3305 = CARTESIAN_POINT ( 'NONE',  ( -293.2676002059586153, 799.9999920000000202, 1.330312713632910704 ) ) ;
#3306 = ADVANCED_FACE ( 'NONE', ( #231 ), #2775, .F. ) ;
#3307 = CARTESIAN_POINT ( 'NONE',  ( -123.3137327467875792, 800.0000000000001137, 27.25623171729949945 ) ) ;
#3308 = EDGE_LOOP ( 'NONE', ( #845, #4021, #1245, #1131 ) ) ;
#3309 = CARTESIAN_POINT ( 'NONE',  ( -256.2632107768854439, 804.0000000000001137, 7.656061426429951133 ) ) ;
#3310 = DIRECTION ( 'NONE',  ( -0.000000000000000000, -1.000000000000000000, -0.000000000000000000 ) ) ;
#3311 = CARTESIAN_POINT ( 'NONE',  ( -215.2669448500682563, 805.0000000000001137, 8.828999562898186326 ) ) ;
#3312 = CIRCLE ( 'NONE', #3055, 0.5999999999999928724 ) ;
#3313 = EDGE_LOOP ( 'NONE', ( #973, #1498, #2353, #3664 ) ) ;
#3314 = LINE ( 'NONE', #137, #2432 ) ;
#3315 = CARTESIAN_POINT ( 'NONE',  ( -112.8759871213074177, 804.0000000000001137, 3.035661502803515432 ) ) ;
#3316 = DIRECTION ( 'NONE',  ( -0.000000000000000000, 1.000000000000000000, -0.000000000000000000 ) ) ;
#3317 = DIRECTION ( 'NONE',  ( -0.000000000000000000, 1.000000000000000000, -0.000000000000000000 ) ) ;
#3318 = VECTOR ( 'NONE', #3157, 1000.000000000000000 ) ;
#3319 = CIRCLE ( 'NONE', #2854, 0.4000000000000461520 ) ;
#3320 = B_SPLINE_CURVE_WITH_KNOTS ( 'NONE', 3,
 ( #3149, #855, #2473, #605, #225, #2121, #1166, #1246, #4097 ),
 .UNSPECIFIED., .F., .F.,
 ( 4, 1, 1, 1, 1, 1, 4 ),
 ( 0.9389019328317708135, 0.9448400810633539315, 0.9507782292949371605, 0.9626545257581033965, 0.9745308222212696325, 0.9804689704528527505, 0.9864071186844358685 ),
 .UNSPECIFIED. ) ;
#3321 = ORIENTED_EDGE ( 'NONE', *, *, #2876, .T. ) ;
#3322 = VERTEX_POINT ( 'NONE', #1191 ) ;
#3323 = LINE ( 'NONE', #2612, #2045 ) ;
#3324 = B_SPLINE_CURVE_WITH_KNOTS ( 'NONE', 3,
 ( #1774, #1518, #2395, #2707 ),
 .UNSPECIFIED., .F., .F.,
 ( 4, 4 ),
 ( 0.7336773637902096468, 0.7356845020141011826 ),
 .UNSPECIFIED. ) ;
#3325 = CARTESIAN_POINT ( 'NONE',  ( -64.16437595342723910, 804.0000000000001137, 62.29146121145266335 ) ) ;
#3326 = EDGE_CURVE ( 'NONE', #583, #198, #2108, .T. ) ;
#3327 = CIRCLE ( 'NONE', #2052, 0.4000000000000045186 ) ;
#3328 = ORIENTED_EDGE ( 'NONE', *, *, #3705, .T. ) ;
#3329 = CARTESIAN_POINT ( 'NONE',  ( -285.9904385892327809, 799.9999920000000202, 3.527721545625112753 ) ) ;
#3330 = EDGE_CURVE ( 'NONE', #3962, #847, #4136, .T. ) ;
#3331 = CARTESIAN_POINT ( 'NONE',  ( -140.1163786704159406, 805.0000000000001137, 26.58487205923219676 ) ) ;
#3332 = VERTEX_POINT ( 'NONE', #1837 ) ;
#3333 = ORIENTED_EDGE ( 'NONE', *, *, #1277, .F. ) ;
#3334 = CARTESIAN_POINT ( 'NONE',  ( -63.30337484742598519, 805.0000000000001137, 61.45559214547110116 ) ) ;
#3335 = CARTESIAN_POINT ( 'NONE',  ( -65.70031221889381357, 804.0000000000001137, -69.13567613106708620 ) ) ;
#3336 = CARTESIAN_POINT ( 'NONE',  ( -229.1182474458889260, 804.0000000000000000, 8.398858338977790439 ) ) ;
#3337 = ORIENTED_EDGE ( 'NONE', *, *, #1049, .T. ) ;
#3338 = CARTESIAN_POINT ( 'NONE',  ( -266.5886069382465848, 799.9999919999997928, 9.579359346246555162 ) ) ;
#3339 = LINE ( 'NONE', #3007, #441 ) ;
#3340 = CARTESIAN_POINT ( 'NONE',  ( -252.9784568474884736, 716.1111120000000483, -41.24291343747756855 ) ) ;
#3341 = AXIS2_PLACEMENT_3D ( 'NONE', #2635, #2971, #1783 ) ;
#3342 = CARTESIAN_POINT ( 'NONE',  ( -112.2016622524414373, 800.0000000000001137, 28.10930200660903822 ) ) ;
#3343 = ORIENTED_EDGE ( 'NONE', *, *, #1718, .T. ) ;
#3344 = ORIENTED_EDGE ( 'NONE', *, *, #1696, .T. ) ;
#3345 = CARTESIAN_POINT ( 'NONE',  ( -192.5000000000002274, 805.0000000000001137, 10.02593237103807056 ) ) ;
#3346 = CARTESIAN_POINT ( 'NONE',  ( -100.5082599175125608, 800.0000000000001137, 23.99344829018408731 ) ) ;
#3347 = DIRECTION ( 'NONE',  ( 0.2442954651671675748, 0.000000000000000000, -0.9697008434041692881 ) ) ;
#3348 = ORIENTED_EDGE ( 'NONE', *, *, #936, .T. ) ;
#3349 = CARTESIAN_POINT ( 'NONE',  ( -192.5000000000002274, 805.0000000000001137, 15.15093237103806700 ) ) ;
#3350 = VECTOR ( 'NONE', #3361, 1000.000000000000114 ) ;
#3351 = EDGE_CURVE ( 'NONE', #3210, #3153, #2416, .T. ) ;
#3352 = LINE ( 'NONE', #2656, #3387 ) ;
#3353 = VECTOR ( 'NONE', #3253, 1000.000000000000000 ) ;
#3354 = ORIENTED_EDGE ( 'NONE', *, *, #3542, .F. ) ;
#3355 = VERTEX_POINT ( 'NONE', #3363 ) ;
#3356 = DIRECTION ( 'NONE',  ( 0.7248872777925956523, 0.000000000000000000, -0.6888675014067946467 ) ) ;
#3357 = CARTESIAN_POINT ( 'NONE',  ( -249.1849982830883050, 805.0000000000001137, -62.77685069814302210 ) ) ;
#3358 = CARTESIAN_POINT ( 'NONE',  ( -254.9539109580269383, 800.0000000000001137, 8.516572991783643687 ) ) ;
#3359 = ORIENTED_EDGE ( 'NONE', *, *, #1786, .F. ) ;
#3360 = CARTESIAN_POINT ( 'NONE',  ( -266.5886069382465848, 805.0000000000001137, 9.579359346246555162 ) ) ;
#3361 = DIRECTION ( 'NONE',  ( -0.6888675014067477953, -0.000000000000000000, -0.7248872777926400612 ) ) ;
#3362 = DIRECTION ( 'NONE',  ( 0.000000000000000000, 0.000000000000000000, -1.000000000000000000 ) ) ;
#3363 = CARTESIAN_POINT ( 'NONE',  ( -195.1153897876527026, 804.0000000000001137, 9.298503150647018600 ) ) ;
#3364 = ADVANCED_FACE ( 'NONE', ( #501 ), #880, .T. ) ;
#3365 = VERTEX_POINT ( 'NONE', #3423 ) ;
#3366 = ORIENTED_EDGE ( 'NONE', *, *, #1134, .F. ) ;
#3367 = DIRECTION ( 'NONE',  ( -0.7248872777926351763, 0.000000000000000000, 0.6888675014067531244 ) ) ;
#3368 = VECTOR ( 'NONE', #3143, 1000.000000000000000 ) ;
#3369 = DIRECTION ( 'NONE',  ( 0.000000000000000000, -1.000000000000000000, 0.000000000000000000 ) ) ;
#3370 = ORIENTED_EDGE ( 'NONE', *, *, #3833, .T. ) ;
#3371 = EDGE_CURVE ( 'NONE', #1792, #1022, #3135, .T. ) ;
#3372 = ORIENTED_EDGE ( 'NONE', *, *, #3797, .F. ) ;
#3373 = DIRECTION ( 'NONE',  ( -0.7248872777926386179, 0.000000000000000000, 0.6888675014067495717 ) ) ;
#3374 = STYLED_ITEM ( 'NONE', ( #956 ), #1117 ) ;
#3375 = LINE ( 'NONE', #509, #255 ) ;
#3376 = EDGE_LOOP ( 'NONE', ( #1993, #3343, #2065, #3148 ) ) ;
#3377 = EDGE_LOOP ( 'NONE', ( #2811, #4085, #1700, #2402, #2508, #3598 ) ) ;
#3378 = CARTESIAN_POINT ( 'NONE',  ( -265.7189512413806938, 805.0000000000001137, 5.831332410554418644 ) ) ;
#3379 = CARTESIAN_POINT ( 'NONE',  ( -265.8557205421092817, 805.0000000000001137, 6.670256816194243932 ) ) ;
#3380 = DIRECTION ( 'NONE',  ( 0.000000000000000000, 0.000000000000000000, 1.000000000000000000 ) ) ;
#3381 = EDGE_LOOP ( 'NONE', ( #2193, #237, #3150, #95 ) ) ;
#3382 = CARTESIAN_POINT ( 'NONE',  ( -300.0000000000000000, 799.9999919999997928, 0.000000000000000000 ) ) ;
#3383 = CARTESIAN_POINT ( 'NONE',  ( -165.8831520761353886, 805.0000000000001137, 24.32831145586023425 ) ) ;
#3384 = CARTESIAN_POINT ( 'NONE',  ( -264.2871590456990702, 805.0000000000003411, 7.064132261342629171 ) ) ;
#3385 = UNCERTAINTY_MEASURE_WITH_UNIT (LENGTH_MEASURE( 1.000000000000000082E-05 ), #16, 'distance_accuracy_value', 'NONE');
#3386 = DIRECTION ( 'NONE',  ( -0.000000000000000000, 1.000000000000000000, -0.000000000000000000 ) ) ;
#3387 = VECTOR ( 'NONE', #2326, 1000.000000000000000 ) ;
#3388 = ORIENTED_EDGE ( 'NONE', *, *, #1322, .F. ) ;
#3389 = ORIENTED_EDGE ( 'NONE', *, *, #99, .F. ) ;
#3390 = CARTESIAN_POINT ( 'NONE',  ( -214.1361376603798305, 805.0000000000001137, 8.860027491220346718 ) ) ;
#3391 = VECTOR ( 'NONE', #3405, 1000.000000000000000 ) ;
#3392 = DIRECTION ( 'NONE',  ( 0.000000000000000000, 1.000000000000000000, 0.000000000000000000 ) ) ;
#3393 = ORIENTED_EDGE ( 'NONE', *, *, #2739, .F. ) ;
#3394 = VECTOR ( 'NONE', #2913, 1000.000000000000114 ) ;
#3395 = ORIENTED_EDGE ( 'NONE', *, *, #1031, .T. ) ;
#3396 = LINE ( 'NONE', #534, #2269 ) ;
#3397 = CARTESIAN_POINT ( 'NONE',  ( -242.2175209746788767, 805.0000000000001137, 10.84057262307062608 ) ) ;
#3398 = EDGE_CURVE ( 'NONE', #2533, #1027, #2525, .T. ) ;
#3399 = ORIENTED_EDGE ( 'NONE', *, *, #3630, .T. ) ;
#3400 = CARTESIAN_POINT ( 'NONE',  ( -150.2687402496345612, 805.0000000000001137, 9.575102033794678391 ) ) ;
#3401 = DIRECTION ( 'NONE',  ( 0.000000000000000000, 0.000000000000000000, -1.000000000000000000 ) ) ;
#3402 = ORIENTED_EDGE ( 'NONE', *, *, #3811, .F. ) ;
#3403 = CARTESIAN_POINT ( 'NONE',  ( -280.0929048608385301, 805.0000000000001137, 6.043931826148660313 ) ) ;
#3404 = CARTESIAN_POINT ( 'NONE',  ( -178.1626288332153081, 805.0000000000001137, 22.83150142084994982 ) ) ;
#3405 = DIRECTION ( 'NONE',  ( 0.000000000000000000, 1.000000000000000000, 0.000000000000000000 ) ) ;
#3406 = CARTESIAN_POINT ( 'NONE',  ( -258.1834402303668980, 805.0000000000001137, 7.735716175647781689 ) ) ;
#3407 = ORIENTED_EDGE ( 'NONE', *, *, #3233, .F. ) ;
#3408 = DIRECTION ( 'NONE',  ( 0.000000000000000000, 1.000000000000000000, 0.000000000000000000 ) ) ;
#3409 = LINE ( 'NONE', #1867, #759 ) ;
#3410 = ORIENTED_EDGE ( 'NONE', *, *, #2839, .T. ) ;
#3411 = VERTEX_POINT ( 'NONE', #3047 ) ;
#3412 = CARTESIAN_POINT ( 'NONE',  ( -165.8831520765355094, 804.0000000000001137, 24.32831145581577204 ) ) ;
#3413 = EDGE_CURVE ( 'NONE', #3807, #2468, #1252, .T. ) ;
#3414 = LINE ( 'NONE', #197, #1186 ) ;
#3415 = ORIENTED_EDGE ( 'NONE', *, *, #1387, .F. ) ;
#3416 = DIRECTION ( 'NONE',  ( -0.000000000000000000, 1.000000000000000000, -0.000000000000000000 ) ) ;
#3417 = CARTESIAN_POINT ( 'NONE',  ( -249.0161520889757014, 805.0000000000001137, 9.374891832313954509 ) ) ;
#3418 = EDGE_LOOP ( 'NONE', ( #3764, #1465, #3483, #3105 ) ) ;
#3419 = FILL_AREA_STYLE ('',( #2833 ) ) ;
#3420 = ORIENTED_EDGE ( 'NONE', *, *, #310, .F. ) ;
#3421 = CARTESIAN_POINT ( 'NONE',  ( -219.6165091063904526, 800.0000000000001137, 16.96789906232488221 ) ) ;
#3422 = AXIS2_PLACEMENT_3D ( 'NONE', #3532, #1662, #2272 ) ;
#3423 = CARTESIAN_POINT ( 'NONE',  ( -148.7718042799496061, 804.0000000000001137, 11.08556981307087774 ) ) ;
#3424 = EDGE_CURVE ( 'NONE', #2018, #858, #1574, .T. ) ;
#3425 = CARTESIAN_POINT ( 'NONE',  ( -300.0000000000000000, 805.0000000000001137, 0.000000000000000000 ) ) ;
#3426 = EDGE_LOOP ( 'NONE', ( #322, #3005, #1788 ) ) ;
#3427 = CARTESIAN_POINT ( 'NONE',  ( -204.8832445304088310, 804.0000000000001137, 18.74516666487845029 ) ) ;
#3428 = CARTESIAN_POINT ( 'NONE',  ( -176.9684519223427230, 805.0000000000001137, 22.98833891310567168 ) ) ;
#3429 = EDGE_CURVE ( 'NONE', #325, #2474, #2877, .T. ) ;
#3430 = EDGE_CURVE ( 'NONE', #640, #4091, #1954, .T. ) ;
#3431 = DIRECTION ( 'NONE',  ( 0.000000000000000000, 1.000000000000000000, 0.000000000000000000 ) ) ;
#3432 = VECTOR ( 'NONE', #1611, 1000.000000000000000 ) ;
#3433 = ORIENTED_EDGE ( 'NONE', *, *, #902, .T. ) ;
#3434 = VERTEX_POINT ( 'NONE', #3213 ) ;
#3435 = PLANE ( 'NONE',  #276 ) ;
#3436 = LINE ( 'NONE', #535, #2251 ) ;
#3437 = ORIENTED_EDGE ( 'NONE', *, *, #2085, .T. ) ;
#3438 = DIRECTION ( 'NONE',  ( 0.6888675014067512370, 0.000000000000000000, 0.7248872777926369526 ) ) ;
#3439 = LINE ( 'NONE', #2496, #2181 ) ;
#3440 = EDGE_LOOP ( 'NONE', ( #2893, #398, #1953, #2238 ) ) ;
#3441 = CARTESIAN_POINT ( 'NONE',  ( -222.5213143660649848, 804.0000000000001137, 15.49895004327217585 ) ) ;
#3442 = ORIENTED_EDGE ( 'NONE', *, *, #19, .T. ) ;
#3443 = CARTESIAN_POINT ( 'NONE',  ( -111.8337132111002035, 804.0000000000001137, 11.46609414118741910 ) ) ;
#3444 = EDGE_LOOP ( 'NONE', ( #3601, #1868, #2452, #1963 ) ) ;
#3445 = LINE ( 'NONE', #838, #3122 ) ;
#3446 = CARTESIAN_POINT ( 'NONE',  ( -233.2886263910396281, 805.0000000000001137, 13.32257616013495394 ) ) ;
#3447 = VECTOR ( 'NONE', #2016, 1000.000000000000000 ) ;
#3448 = ORIENTED_EDGE ( 'NONE', *, *, #2179, .F. ) ;
#3449 = DIRECTION ( 'NONE',  ( 0.000000000000000000, 1.000000000000000000, 0.000000000000000000 ) ) ;
#3450 = DIRECTION ( 'NONE',  ( 0.9697008434041117786, 0.000000000000000000, 0.2442954651673956978 ) ) ;
#3451 = EDGE_CURVE ( 'NONE', #181, #39, #2524, .T. ) ;
#3452 = CARTESIAN_POINT ( 'NONE',  ( -274.1238790086579797, 805.0000000000001137, 2.239275516313835368 ) ) ;
#3453 = VERTEX_POINT ( 'NONE', #1306 ) ;
#3454 = LINE ( 'NONE', #4111, #2455 ) ;
#3455 = CIRCLE ( 'NONE', #2912, 0.6000000000000310640 ) ;
#3456 = LINE ( 'NONE', #2798, #1347 ) ;
#3457 = PLANE ( 'NONE',  #615 ) ;
#3458 = CIRCLE ( 'NONE', #660, 0.6000000000000224043 ) ;
#3459 = CIRCLE ( 'NONE', #2382, 9.999999999999991118 ) ;
#3460 = VECTOR ( 'NONE', #3984, 1000.000000000000000 ) ;
#3461 = CARTESIAN_POINT ( 'NONE',  ( -148.5690912469533203, 804.0000000000001137, 9.556892805854760198 ) ) ;
#3462 = VERTEX_POINT ( 'NONE', #922 ) ;
#3463 = ADVANCED_FACE ( 'NONE', ( #3781 ), #942, .T. ) ;
#3464 = PLANE ( 'NONE',  #578 ) ;
#3465 = EDGE_LOOP ( 'NONE', ( #9, #1833, #1108, #3884 ) ) ;
#3466 = CARTESIAN_POINT ( 'NONE',  ( -195.5153179788389366, 805.0000000000001137, 9.290924107538646837 ) ) ;
#3467 = CARTESIAN_POINT ( 'NONE',  ( -189.8871197409697800, 805.0000000000001137, 9.390855830577100605 ) ) ;
#3468 = EDGE_LOOP ( 'NONE', ( #1036, #1441, #3622, #1032 ) ) ;
#3469 = CARTESIAN_POINT ( 'NONE',  ( -176.8312704554481343, 804.0000000000001137, 9.562374080523937891 ) ) ;
#3470 = CARTESIAN_POINT ( 'NONE',  ( -257.1713895135033567, 804.0000000000001137, 7.153931678296030938 ) ) ;
#3471 = EDGE_LOOP ( 'NONE', ( #3437, #3354, #1535, #282, #3920 ) ) ;
#3472 = FACE_BOUND ( 'NONE', #3426, .T. ) ;
#3473 = CARTESIAN_POINT ( 'NONE',  ( -245.1419891084919982, 805.0000000000001137, 7.763188728607102185 ) ) ;
#3474 = LINE ( 'NONE', #65, #1294 ) ;
#3475 = ORIENTED_EDGE ( 'NONE', *, *, #3791, .F. ) ;
#3476 = DIRECTION ( 'NONE',  ( -0.8323741106893858266, -0.000000000000000000, -0.5542141642488525033 ) ) ;
#3477 = CARTESIAN_POINT ( 'NONE',  ( -221.3618791128721455, 804.0000000000001137, 15.72469533518087559 ) ) ;
#3478 = DIRECTION ( 'NONE',  ( -0.000000000000000000, 1.000000000000000000, -0.000000000000000000 ) ) ;
#3479 = VECTOR ( 'NONE', #3478, 1000.000000000000000 ) ;
#3480 = DIRECTION ( 'NONE',  ( 0.000000000000000000, 1.000000000000000000, 0.000000000000000000 ) ) ;
#3481 = ADVANCED_FACE ( 'NONE', ( #3195 ), #3804, .F. ) ;
#3482 = DIRECTION ( 'NONE',  ( -0.000000000000000000, -1.000000000000000000, -0.000000000000000000 ) ) ;
#3483 = ORIENTED_EDGE ( 'NONE', *, *, #2948, .F. ) ;
#3484 = DIRECTION ( 'NONE',  ( -0.7248872777926378408, 0.000000000000000000, 0.6888675014067503488 ) ) ;
#3485 = CARTESIAN_POINT ( 'NONE',  ( -259.5469776146223921, 805.0000000000001137, 7.017902761774131193 ) ) ;
#3486 = ORIENTED_EDGE ( 'NONE', *, *, #89, .F. ) ;
#3487 = CARTESIAN_POINT ( 'NONE',  ( -280.3490536555165136, 799.9999920000000202, 2.537585519907651133 ) ) ;
#3488 = ADVANCED_FACE ( 'NONE', ( #1560 ), #3174, .F. ) ;
#3489 = B_SPLINE_CURVE_WITH_KNOTS ( 'NONE', 3,
 ( #4041, #2733, #569, #480, #3390 ),
 .UNSPECIFIED., .F., .F.,
 ( 4, 1, 4 ),
 ( 0.8284300751928155293, 0.8494027461549507052, 0.8560913039751901765 ),
 .UNSPECIFIED. ) ;
#3490 = CARTESIAN_POINT ( 'NONE',  ( -190.3522683579551540, 800.0000000000001137, 21.10012339114813074 ) ) ;
#3491 = EDGE_CURVE ( 'NONE', #3870, #1508, #3319, .T. ) ;
#3492 = ORIENTED_EDGE ( 'NONE', *, *, #1318, .F. ) ;
#3493 = CARTESIAN_POINT ( 'NONE',  ( -194.9083746375344788, 800.0000000000001137, 9.302397801995864413 ) ) ;
#3494 = VECTOR ( 'NONE', #2922, 1000.000000000000000 ) ;
#3495 = DIRECTION ( 'NONE',  ( 0.000000000000000000, 0.000000000000000000, -1.000000000000000000 ) ) ;
#3496 = B_SPLINE_CURVE_WITH_KNOTS ( 'NONE', 3,
 ( #3264, #3759, #2304, #3802, #2477, #898, #2929, #1250 ),
 .UNSPECIFIED., .F., .F.,
 ( 4, 1, 1, 1, 1, 4 ),
 ( 0.7024439672986638739, 0.7171398451842925237, 0.7318357230699212845, 0.7612274788411785842, 0.7906192346124359949, 0.8189731221614766632 ),
 .UNSPECIFIED. ) ;
#3497 = DIRECTION ( 'NONE',  ( 0.6888675014067492386, 0.000000000000000000, 0.7248872777926389510 ) ) ;
#3498 = EDGE_CURVE ( 'NONE', #1732, #3870, #3529, .T. ) ;
#3499 = ORIENTED_EDGE ( 'NONE', *, *, #1764, .F. ) ;
#3500 = CARTESIAN_POINT ( 'NONE',  ( -192.5000000000002274, 804.0000000000001137, 15.15093237103806700 ) ) ;
#3501 = LINE ( 'NONE', #1592, #3168 ) ;
#3502 = LINE ( 'NONE', #1914, #3432 ) ;
#3503 = AXIS2_PLACEMENT_3D ( 'NONE', #24, #1337, #1257 ) ;
#3504 = EDGE_CURVE ( 'NONE', #994, #2418, #3820, .T. ) ;
#3505 = CARTESIAN_POINT ( 'NONE',  ( -265.8557205421094523, 799.9999920000000202, 6.670256816194805261 ) ) ;
#3506 = ORIENTED_EDGE ( 'NONE', *, *, #460, .F. ) ;
#3507 = CARTESIAN_POINT ( 'NONE',  ( -251.1237328128930812, 804.0000000000001137, 7.476682415742227583 ) ) ;
#3508 = ORIENTED_EDGE ( 'NONE', *, *, #2302, .F. ) ;
#3509 = EDGE_CURVE ( 'NONE', #2137, #3322, #705, .T. ) ;
#3510 = CARTESIAN_POINT ( 'NONE',  ( -189.3807222951490132, 804.0000000000000000, 21.24673424730385562 ) ) ;
#3511 = AXIS2_PLACEMENT_3D ( 'NONE', #3569, #2643, #2606 ) ;
#3512 = CARTESIAN_POINT ( 'NONE',  ( -79.83924460293808067, 805.0000000000001137, -84.01391060408241174 ) ) ;
#3513 = ORIENTED_EDGE ( 'NONE', *, *, #397, .T. ) ;
#3514 = FACE_BOUND ( 'NONE', #166, .T. ) ;
#3515 = CARTESIAN_POINT ( 'NONE',  ( -228.1328149042699351, 805.0000000000001137, 8.432706753699708457 ) ) ;
#3516 = CARTESIAN_POINT ( 'NONE',  ( -164.7945688822796910, 804.0000000000002274, 9.631744044209980871 ) ) ;
#3517 = ORIENTED_EDGE ( 'NONE', *, *, #907, .T. ) ;
#3518 = LINE ( 'NONE', #2884, #1523 ) ;
#3519 = CARTESIAN_POINT ( 'NONE',  ( -165.5945624024669769, 805.0000000000001137, 9.630070904658040831 ) ) ;
#3520 = CARTESIAN_POINT ( 'NONE',  ( -148.6143614906607695, 800.0000000000001137, 25.96668747503414920 ) ) ;
#3521 = VECTOR ( 'NONE', #1985, 1000.000000000000114 ) ;
#3522 = SHAPE_DEFINITION_REPRESENTATION ( #3134, #2046 ) ;
#3523 = ORIENTED_EDGE ( 'NONE', *, *, #1506, .T. ) ;
#3524 = AXIS2_PLACEMENT_3D ( 'NONE', #1813, #476, #3362 ) ;
#3525 = CARTESIAN_POINT ( 'NONE',  ( -225.6975725102136039, 800.0000000000001137, 8.533007167635533463 ) ) ;
#3526 = EDGE_LOOP ( 'NONE', ( #1333, #2081, #2523, #4 ) ) ;
#3527 = DIRECTION ( 'NONE',  ( 0.000000000000000000, 0.000000000000000000, 1.000000000000000000 ) ) ;
#3528 = ORIENTED_EDGE ( 'NONE', *, *, #580, .T. ) ;
#3529 = LINE ( 'NONE', #2543, #786 ) ;
#3530 = VECTOR ( 'NONE', #37, 1000.000000000000000 ) ;
#3531 = CARTESIAN_POINT ( 'NONE',  ( -115.5180971449263865, 800.0000000000001137, 7.824897445543880004 ) ) ;
#3532 = CARTESIAN_POINT ( 'NONE',  ( -164.9945637137975609, 804.0000000000001137, 9.631325334794968995 ) ) ;
#3533 = ORIENTED_EDGE ( 'NONE', *, *, #2617, .T. ) ;
#3534 = FACE_BOUND ( 'NONE', #2376, .T. ) ;
#3535 = CARTESIAN_POINT ( 'NONE',  ( -258.7028822036019164, 716.1111120000000483, -42.17616278367351867 ) ) ;
#3536 = LINE ( 'NONE', #677, #1231 ) ;
#3537 = ORIENTED_EDGE ( 'NONE', *, *, #2665, .T. ) ;
#3538 = CARTESIAN_POINT ( 'NONE',  ( -135.8203959127808673, 805.0000000000002274, 9.371846716018479739 ) ) ;
#3539 = CARTESIAN_POINT ( 'NONE',  ( -264.1907845933577050, 805.0000000000001137, -17.38774865900553124 ) ) ;
#3540 = DIRECTION ( 'NONE',  ( 0.000000000000000000, 0.000000000000000000, 1.000000000000000000 ) ) ;
#3541 = VERTEX_POINT ( 'NONE', #3903 ) ;
#3542 = EDGE_CURVE ( 'NONE', #2593, #3561, #2033, .T. ) ;
#3543 = EDGE_CURVE ( 'NONE', #2577, #807, #96, .T. ) ;
#3544 = CARTESIAN_POINT ( 'NONE',  ( -133.3568342694779005, 804.0000000000001137, 9.271286723260836027 ) ) ;
#3545 = ORIENTED_EDGE ( 'NONE', *, *, #1751, .T. ) ;
#3546 = CARTESIAN_POINT ( 'NONE',  ( -149.8130695285134664, 800.0000000000001137, 25.87183340821860966 ) ) ;
#3547 = B_SPLINE_CURVE_WITH_KNOTS ( 'NONE', 3,
 ( #1430, #2035, #2346, #3358, #3715, #3626, #1768, #3020, #2725, #159 ),
 .UNSPECIFIED., .F., .F.,
 ( 4, 1, 1, 1, 1, 1, 1, 4 ),
 ( 0.04410003439761218946, 0.04432521835872739457, 0.04858316171247646642, 0.05825476480099724824, 0.06792636788951803006, 0.07759797097803880495, 0.09694117715508035471, 0.1088088415555528432 ),
 .UNSPECIFIED. ) ;
#3548 = CARTESIAN_POINT ( 'NONE',  ( -132.8079613817489815, 805.0000000000000000, 8.488640521341494605 ) ) ;
#3549 = DIRECTION ( 'NONE',  ( -0.7248872777926378408, 0.000000000000000000, 0.6888675014067503488 ) ) ;
#3550 = ORIENTED_EDGE ( 'NONE', *, *, #1098, .T. ) ;
#3551 = CARTESIAN_POINT ( 'NONE',  ( -287.7366072069031020, 799.9999920000000202, 1.077373546304075891 ) ) ;
#3552 = CARTESIAN_POINT ( 'NONE',  ( -232.2261342704867957, 805.0000000000001137, 8.291005834789050510 ) ) ;
#3553 = AXIS2_PLACEMENT_3D ( 'NONE', #2372, #162, #1170 ) ;
#3554 = FACE_OUTER_BOUND ( 'NONE', #2387, .T. ) ;
#3555 = EDGE_LOOP ( 'NONE', ( #2369, #2597, #2540 ) ) ;
#3556 = CARTESIAN_POINT ( 'NONE',  ( -133.9566291355076544, 805.0000000000001137, 9.286974893465000491 ) ) ;
#3557 = EDGE_CURVE ( 'NONE', #3153, #2293, #1368, .T. ) ;
#3558 = DIRECTION ( 'NONE',  ( -0.6692348086727524237, 0.000000000000000000, 0.7430509880625585373 ) ) ;
#3559 = DIRECTION ( 'NONE',  ( -0.6888675014067527913, -0.000000000000000000, -0.7248872777926355093 ) ) ;
#3560 = EDGE_CURVE ( 'NONE', #1437, #2177, #2328, .T. ) ;
#3561 = VERTEX_POINT ( 'NONE', #1349 ) ;
#3562 = DIRECTION ( 'NONE',  ( -0.7248872777926403943, 0.000000000000000000, 0.6888675014067476843 ) ) ;
#3563 = LINE ( 'NONE', #386, #1249 ) ;
#3564 = VERTEX_POINT ( 'NONE', #1660 ) ;
#3565 = CARTESIAN_POINT ( 'NONE',  ( -259.4108628574792874, 805.0000000000003411, 7.026082581617287381 ) ) ;
#3566 = CARTESIAN_POINT ( 'NONE',  ( -260.6240663350685622, 800.0000000000001137, 6.159236989585846977 ) ) ;
#3567 = DIRECTION ( 'NONE',  ( -0.02688405537825780053, 0.000000000000000000, -0.9996385584632171417 ) ) ;
#3568 = ORIENTED_EDGE ( 'NONE', *, *, #1692, .F. ) ;
#3569 = CARTESIAN_POINT ( 'NONE',  ( -149.2125205955679803, 805.0000000000001137, 25.91972275192623698 ) ) ;
#3570 = LINE ( 'NONE', #2626, #1016 ) ;
#3571 = CARTESIAN_POINT ( 'NONE',  ( -114.4828442445582226, 805.0000000000001137, 27.32352736051250730 ) ) ;
#3572 = DIRECTION ( 'NONE',  ( -0.02688405537825821340, -0.000000000000000000, -0.9996385584632171417 ) ) ;
#3573 = VERTEX_POINT ( 'NONE', #1995 ) ;
#3574 = DIRECTION ( 'NONE',  ( 0.000000000000000000, 1.000000000000000000, 0.000000000000000000 ) ) ;
#3575 = EDGE_CURVE ( 'NONE', #3865, #3462, #407, .T. ) ;
#3576 = B_SPLINE_CURVE_WITH_KNOTS ( 'NONE', 3,
 ( #401, #1672, #2632, #3914 ),
 .UNSPECIFIED., .F., .F.,
 ( 4, 4 ),
 ( 0.8812983385988764073, 0.8838836986591611655 ),
 .UNSPECIFIED. ) ;
#3577 = CARTESIAN_POINT ( 'NONE',  ( -132.8079613817489815, 800.0000000000001137, 8.488640521341494605 ) ) ;
#3578 = ORIENTED_EDGE ( 'NONE', *, *, #3801, .T. ) ;
#3579 = LINE ( 'NONE', #721, #2914 ) ;
#3580 = VECTOR ( 'NONE', #1285, 1000.000000000000000 ) ;
#3581 = CARTESIAN_POINT ( 'NONE',  ( -287.8070055318488016, 805.0000000000001137, 3.847726477039149717 ) ) ;
#3582 = B_SPLINE_CURVE_WITH_KNOTS ( 'NONE', 3,
 ( #545, #229, #1495, #2773 ),
 .UNSPECIFIED., .F., .F.,
 ( 4, 4 ),
 ( 0.05948525451407501302, 0.06126988555130413044 ),
 .UNSPECIFIED. ) ;
#3583 = ORIENTED_EDGE ( 'NONE', *, *, #1269, .T. ) ;
#3584 = EDGE_CURVE ( 'NONE', #144, #3870, #2850, .T. ) ;
#3585 = LINE ( 'NONE', #2954, #1515 ) ;
#3586 = VECTOR ( 'NONE', #883, 1000.000000000000000 ) ;
#3587 = CARTESIAN_POINT ( 'NONE',  ( -222.8468073653594104, 805.0000000000000000, 7.840947217310170636 ) ) ;
#3588 = VECTOR ( 'NONE', #1067, 1000.000000000000114 ) ;
#3589 = CARTESIAN_POINT ( 'NONE',  ( -238.5376007784347223, 804.0000000000002274, 8.046344376492744033 ) ) ;
#3590 = ORIENTED_EDGE ( 'NONE', *, *, #3797, .T. ) ;
#3591 = CARTESIAN_POINT ( 'NONE',  ( -176.8312704554481343, 804.0000000000001137, 9.562374080523937891 ) ) ;
#3592 = DIRECTION ( 'NONE',  ( 0.9996385584632171417, 0.000000000000000000, -0.02688405537825779359 ) ) ;
#3593 = CARTESIAN_POINT ( 'NONE',  ( -100.1882357590222767, 805.0000000000001137, 10.35261402249422424 ) ) ;
#3594 = CARTESIAN_POINT ( 'NONE',  ( -164.4197008633243513, 805.0000000000001137, 23.02289892259648951 ) ) ;
#3595 = VERTEX_POINT ( 'NONE', #3269 ) ;
#3596 = CARTESIAN_POINT ( 'NONE',  ( -206.0353436069070199, 804.0000000000001137, 18.54572545475296863 ) ) ;
#3597 = CARTESIAN_POINT ( 'NONE',  ( -293.2676002059585585, 805.0000000000001137, 1.330312713632799237 ) ) ;
#3598 = ORIENTED_EDGE ( 'NONE', *, *, #3676, .T. ) ;
#3599 = CARTESIAN_POINT ( 'NONE',  ( -245.7811620399695016, 805.0000000000001137, 8.251920861738131663 ) ) ;
#3600 = CARTESIAN_POINT ( 'NONE',  ( -234.4537921693610087, 800.0000000000001137, 13.07848260166229082 ) ) ;
#3601 = ORIENTED_EDGE ( 'NONE', *, *, #3413, .T. ) ;
#3602 = ADVANCED_FACE ( 'NONE', ( #3286 ), #2493, .F. ) ;
#3603 = EDGE_CURVE ( 'NONE', #1376, #2104, #3585, .T. ) ;
#3604 = CARTESIAN_POINT ( 'NONE',  ( -211.2429925427488229, 799.9999999999990905, 8.957290179382589201 ) ) ;
#3605 = CARTESIAN_POINT ( 'NONE',  ( -255.4287063650164100, 804.0000000000001137, 7.250587697153873634 ) ) ;
#3606 = DIRECTION ( 'NONE',  ( 0.000000000000000000, 1.000000000000000000, 0.000000000000000000 ) ) ;
#3607 = EDGE_LOOP ( 'NONE', ( #3072, #1480, #4081, #3388 ) ) ;
#3608 = CARTESIAN_POINT ( 'NONE',  ( -285.1034899461856185, 799.9999920000000202, 1.323141469614547594 ) ) ;
#3609 = CARTESIAN_POINT ( 'NONE',  ( -254.4493969297283513, 804.0000000000000000, 8.625344052200381029 ) ) ;
#3610 = CARTESIAN_POINT ( 'NONE',  ( -149.8130695285132674, 804.0000000000001137, 25.87183340821862032 ) ) ;
#3611 = LINE ( 'NONE', #2063, #385 ) ;
#3612 = EDGE_CURVE ( 'NONE', #1940, #785, #2996, .T. ) ;
#3613 = EDGE_CURVE ( 'NONE', #3541, #3701, #1723, .T. ) ;
#3614 = EDGE_LOOP ( 'NONE', ( #2130, #2726, #3508, #2642 ) ) ;
#3615 = CARTESIAN_POINT ( 'NONE',  ( -114.4461369841751264, 804.0000000000001137, 8.572950441632642082 ) ) ;
#3616 = LINE ( 'NONE', #1111, #3287 ) ;
#3617 = EDGE_CURVE ( 'NONE', #2759, #3789, #4005, .T. ) ;
#3618 = ORIENTED_EDGE ( 'NONE', *, *, #3942, .F. ) ;
#3619 = VECTOR ( 'NONE', #3549, 1000.000000000000000 ) ;
#3620 = CARTESIAN_POINT ( 'NONE',  ( -275.1101811045253953, 805.0000000000001137, 6.552289714360634676 ) ) ;
#3621 = DIRECTION ( 'NONE',  ( -0.7677166914060540304, 0.000000000000000000, 0.6407894207433059153 ) ) ;
#3622 = ORIENTED_EDGE ( 'NONE', *, *, #1388, .F. ) ;
#3623 = DIRECTION ( 'NONE',  ( 0.9996385584632171417, 0.000000000000000000, -0.02688405537825780053 ) ) ;
#3624 = VECTOR ( 'NONE', #320, 1000.000000000000114 ) ;
#3625 = FACE_OUTER_BOUND ( 'NONE', #3440, .T. ) ;
#3626 = CARTESIAN_POINT ( 'NONE',  ( -237.9153930459915784, 800.0000000000001137, 12.36233482739456591 ) ) ;
#3627 = ORIENTED_EDGE ( 'NONE', *, *, #1561, .T. ) ;
#3628 = CARTESIAN_POINT ( 'NONE',  ( -271.2861602210639944, 799.9999920000000202, 2.447696926220287228 ) ) ;
#3629 = CARTESIAN_POINT ( 'NONE',  ( -265.8557205421092817, 800.0000000000001137, 6.670256816194243932 ) ) ;
#3630 = EDGE_CURVE ( 'NONE', #107, #478, #2048, .T. ) ;
#3631 = CARTESIAN_POINT ( 'NONE',  ( -132.7570495598756395, 800.0000000000001137, 9.255214942794401267 ) ) ;
#3632 = CARTESIAN_POINT ( 'NONE',  ( -192.5000000000002274, 800.0000000000001137, 15.15093237103806700 ) ) ;
#3633 = ORIENTED_EDGE ( 'NONE', *, *, #532, .T. ) ;
#3634 = ORIENTED_EDGE ( 'NONE', *, *, #1266, .F. ) ;
#3635 = DIRECTION ( 'NONE',  ( -0.8419453725790534415, 0.000000000000000000, 0.5395627763223839191 ) ) ;
#3636 = EDGE_CURVE ( 'NONE', #1844, #3322, #113, .T. ) ;
#3637 = DIRECTION ( 'NONE',  ( 1.000000000000000000, 0.000000000000000000, 0.000000000000000000 ) ) ;
#3638 = EDGE_LOOP ( 'NONE', ( #364, #3817, #1221, #353, #720 ) ) ;
#3639 = CARTESIAN_POINT ( 'NONE',  ( -267.1688184859924604, 799.9999920000000202, 8.607714735570331399 ) ) ;
#3640 = B_SPLINE_CURVE_WITH_KNOTS ( 'NONE', 3,
 ( #312, #1577, #2561, #3507 ),
 .UNSPECIFIED., .F., .F.,
 ( 4, 4 ),
 ( 0.7240460666540698975, 0.7261831051979222851 ),
 .UNSPECIFIED. ) ;
#3641 = VECTOR ( 'NONE', #1061, 1000.000000000000000 ) ;
#3642 = CARTESIAN_POINT ( 'NONE',  ( -140.7803349292893813, 805.0000000000001137, 26.53285290016550491 ) ) ;
#3643 = ORIENTED_EDGE ( 'NONE', *, *, #1916, .F. ) ;
#3644 = ORIENTED_EDGE ( 'NONE', *, *, #110, .T. ) ;
#3645 = CARTESIAN_POINT ( 'NONE',  ( -260.8337779118351705, 805.0000000000003411, 6.940564282544452901 ) ) ;
#3646 = CARTESIAN_POINT ( 'NONE',  ( -282.4215676321936712, 799.9999920000000202, 1.563290642043225098 ) ) ;
#3647 = AXIS2_PLACEMENT_3D ( 'NONE', #3702, #526, #1463 ) ;
#3648 = ORIENTED_EDGE ( 'NONE', *, *, #3603, .F. ) ;
#3649 = LINE ( 'NONE', #1746, #3175 ) ;
#3650 = CARTESIAN_POINT ( 'NONE',  ( -196.3571183543445215, 800.0000000000001137, 20.16374226176603202 ) ) ;
#3651 = CARTESIAN_POINT ( 'NONE',  ( -264.9890575499203464, 799.9999920000000202, -17.44028709085020878 ) ) ;
#3652 = LINE ( 'NONE', #3296, #3698 ) ;
#3653 = VECTOR ( 'NONE', #1012, 1000.000000000000000 ) ;
#3654 = VECTOR ( 'NONE', #354, 1000.000000000000000 ) ;
#3655 = VECTOR ( 'NONE', #1037, 1000.000000000000000 ) ;
#3656 = ORIENTED_EDGE ( 'NONE', *, *, #341, .F. ) ;
#3657 = ORIENTED_EDGE ( 'NONE', *, *, #3451, .F. ) ;
#3658 = CARTESIAN_POINT ( 'NONE',  ( -214.1361376603798305, 805.0000000000001137, 8.860027491220346718 ) ) ;
#3659 = CARTESIAN_POINT ( 'NONE',  ( -268.4179018073645011, 805.0000000000001137, 2.647210225952845608 ) ) ;
#3660 = VECTOR ( 'NONE', #2584, 1000.000000000000000 ) ;
#3661 = ORIENTED_EDGE ( 'NONE', *, *, #3584, .T. ) ;
#3662 = DIRECTION ( 'NONE',  ( -0.000000000000000000, 1.000000000000000000, -0.000000000000000000 ) ) ;
#3663 = DIRECTION ( 'NONE',  ( 0.000000000000000000, 1.000000000000000000, 0.000000000000000000 ) ) ;
#3664 = ORIENTED_EDGE ( 'NONE', *, *, #1578, .F. ) ;
#3665 = EDGE_LOOP ( 'NONE', ( #3016, #2464, #2770, #2213 ) ) ;
#3666 = EDGE_CURVE ( 'NONE', #2736, #4119, #1164, .T. ) ;
#3667 = CARTESIAN_POINT ( 'NONE',  ( -240.4624955004808839, 805.0000000000001137, 7.187158872640684315 ) ) ;
#3668 = LINE ( 'NONE', #746, #2576 ) ;
#3669 = PLANE ( 'NONE',  #2415 ) ;
#3670 = ORIENTED_EDGE ( 'NONE', *, *, #1362, .F. ) ;
#3671 = CARTESIAN_POINT ( 'NONE',  ( -285.2692632531440609, 805.0000000000001137, 4.587123813238121350 ) ) ;
#3672 = CARTESIAN_POINT ( 'NONE',  ( -233.4746249705381729, 805.0000000000001137, 12.94752250475350053 ) ) ;
#3673 = DIRECTION ( 'NONE',  ( -0.06567303980416963616, 0.000000000000000000, 0.9978411957034445390 ) ) ;
#3674 = VECTOR ( 'NONE', #3749, 1000.000000000000000 ) ;
#3675 = CARTESIAN_POINT ( 'NONE',  ( -259.0078829731723999, 805.0000000000001137, 7.537196778465343527 ) ) ;
#3676 = EDGE_CURVE ( 'NONE', #1462, #1488, #1471, .T. ) ;
#3677 = ORIENTED_EDGE ( 'NONE', *, *, #795, .T. ) ;
#3678 = ORIENTED_EDGE ( 'NONE', *, *, #527, .T. ) ;
#3679 = CARTESIAN_POINT ( 'NONE',  ( -113.5068429449947445, 804.0000000000001137, 9.335759885576816686 ) ) ;
#3680 = CARTESIAN_POINT ( 'NONE',  ( -190.3026776407826048, 805.0000000000001137, 21.10763403174831154 ) ) ;
#3681 = EDGE_CURVE ( 'NONE', #492, #3165, #1184, .T. ) ;
#3682 = ORIENTED_EDGE ( 'NONE', *, *, #2866, .F. ) ;
#3683 = ORIENTED_EDGE ( 'NONE', *, *, #1181, .F. ) ;
#3684 = DIRECTION ( 'NONE',  ( -0.000000000000000000, 1.000000000000000000, -0.000000000000000000 ) ) ;
#3685 = AXIS2_PLACEMENT_3D ( 'NONE', #1065, #2333, #2921 ) ;
#3686 = EDGE_CURVE ( 'NONE', #492, #2902, #559, .T. ) ;
#3687 = CARTESIAN_POINT ( 'NONE',  ( -140.1163786704159406, 800.0000000000001137, 26.58487205923219676 ) ) ;
#3688 = VECTOR ( 'NONE', #3606, 1000.000000000000000 ) ;
#3689 = VERTEX_POINT ( 'NONE', #3064 ) ;
#3690 = EDGE_LOOP ( 'NONE', ( #1183, #1709, #2228, #1087, #1328, #3777 ) ) ;
#3691 = CARTESIAN_POINT ( 'NONE',  ( -112.8759871213101178, 800.0000000000001137, 3.035661502869943629 ) ) ;
#3692 = CARTESIAN_POINT ( 'NONE',  ( -249.8586558847692345, 805.0000000000001137, 9.692726198989218389 ) ) ;
#3693 = ORIENTED_EDGE ( 'NONE', *, *, #4103, .F. ) ;
#3694 = CARTESIAN_POINT ( 'NONE',  ( -282.6978133708465180, 799.9999919999997928, 5.318962716709634719 ) ) ;
#3695 = DIRECTION ( 'NONE',  ( 0.000000000000000000, 0.000000000000000000, 1.000000000000000000 ) ) ;
#3696 = DIRECTION ( 'NONE',  ( 0.000000000000000000, 1.000000000000000000, 0.000000000000000000 ) ) ;
#3697 = ADVANCED_FACE ( 'NONE', ( #2744 ), #853, .T. ) ;
#3698 = VECTOR ( 'NONE', #752, 1000.000000000000000 ) ;
#3699 = PLANE ( 'NONE',  #595 ) ;
#3700 = ORIENTED_EDGE ( 'NONE', *, *, #3424, .T. ) ;
#3701 = VERTEX_POINT ( 'NONE', #1807 ) ;
#3702 = CARTESIAN_POINT ( 'NONE',  ( -264.1907845933577050, 716.1111120000000483, -17.38774865900553124 ) ) ;
#3703 = CLOSED_SHELL ( 'NONE', ( #496, #1825, #2676, #1207, #3602, #3488, #741, #3188, #1344, #2124, #2697, #3057, #846, #2021, #342, #3306, #3915, #1787, #3088, #3230, #2312, #871, #2435, #662, #242, #211, #3277, #1204, #854, #3207, #306, #773, #1505, #3976, #3851, #1697, #4121, #1227, #143, #3186, #1947, #3364, #3176, #163, #3297, #3869, #1014, #3755, #1379, #218, #1944, #1241, #1520, #2557, #176, #1282, #3697, #1540, #2930, #2990, #2428, #959, #388, #1618, #3463, #1815, #2957, #88, #4019, #2490, #2442, #2375, #2622, #2810, #2556, #3303, #4063, #3881, #1714, #2531, #2761, #1038, #154, #2157, #708, #2439, #3481, #1479, #338, #2092, #912 ) ) ;
#3704 = CARTESIAN_POINT ( 'NONE',  ( -256.9585437124908367, 805.0000000000001137, 8.029623923538258268 ) ) ;
#3705 = EDGE_CURVE ( 'NONE', #1418, #286, #493, .T. ) ;
#3706 = EDGE_CURVE ( 'NONE', #1286, #817, #3713, .T. ) ;
#3707 = VERTEX_POINT ( 'NONE', #2453 ) ;
#3708 = ORIENTED_EDGE ( 'NONE', *, *, #3542, .T. ) ;
#3709 = CARTESIAN_POINT ( 'NONE',  ( -190.2778826472211335, 804.0000000000001137, 21.11138721320716627 ) ) ;
#3710 = VECTOR ( 'NONE', #3292, 1000.000000000000000 ) ;
#3711 = CARTESIAN_POINT ( 'NONE',  ( -176.9684519223427230, 805.0000000000001137, 22.98833891310567168 ) ) ;
#3712 = ORIENTED_EDGE ( 'NONE', *, *, #3009, .F. ) ;
#3713 = LINE ( 'NONE', #177, #1894 ) ;
#3714 = CARTESIAN_POINT ( 'NONE',  ( -257.9411096058675525, 804.0000000000001137, 7.457080077633684745 ) ) ;
#3715 = CARTESIAN_POINT ( 'NONE',  ( -247.4112030334045471, 800.0000000000001137, 10.26930581630611883 ) ) ;
#3716 = ORIENTED_EDGE ( 'NONE', *, *, #1634, .T. ) ;
#3717 = CARTESIAN_POINT ( 'NONE',  ( -265.8557205421094523, 799.9999920000000202, 6.670256816194805261 ) ) ;
#3718 = CARTESIAN_POINT ( 'NONE',  ( -241.9419739741160242, 804.0000000000001137, 11.13052753418785557 ) ) ;
#3719 = CARTESIAN_POINT ( 'NONE',  ( -196.2236163048101787, 800.0000000000001137, 21.18604354544763169 ) ) ;
#3720 = DIRECTION ( 'NONE',  ( 0.000000000000000000, 0.000000000000000000, -1.000000000000000000 ) ) ;
#3721 = ORIENTED_EDGE ( 'NONE', *, *, #902, .F. ) ;
#3722 = CARTESIAN_POINT ( 'NONE',  ( -198.1861463371279797, 804.0000000000001137, 12.38084846747689305 ) ) ;
#3723 = VECTOR ( 'NONE', #3662, 1000.000000000000000 ) ;
#3724 = CARTESIAN_POINT ( 'NONE',  ( -265.5219321219682342, 799.9999920000000202, 2.837808823443976891 ) ) ;
#3725 = ORIENTED_EDGE ( 'NONE', *, *, #1450, .F. ) ;
#3726 = AXIS2_PLACEMENT_3D ( 'NONE', #3632, #3911, #2335 ) ;
#3727 = ORIENTED_EDGE ( 'NONE', *, *, #2443, .F. ) ;
#3728 = CARTESIAN_POINT ( 'NONE',  ( -164.2408507529935378, 804.0000000000001137, 24.50836570392766944 ) ) ;
#3729 = CARTESIAN_POINT ( 'NONE',  ( -177.3663338122705397, 804.0000000000001137, 22.93647561324174688 ) ) ;
#3730 = VERTEX_POINT ( 'NONE', #2141 ) ;
#3731 = EDGE_CURVE ( 'NONE', #640, #2742, #2409, .T. ) ;
#3732 = CARTESIAN_POINT ( 'NONE',  ( -269.3505351003591954, 799.9999920000000202, 8.883550396804281490 ) ) ;
#3733 = CARTESIAN_POINT ( 'NONE',  ( -242.2175209746788767, 804.0000000000001137, 10.84057262307062608 ) ) ;
#3734 = EDGE_CURVE ( 'NONE', #633, #785, #459, .T. ) ;
#3735 = EDGE_CURVE ( 'NONE', #1736, #2283, #2766, .T. ) ;
#3736 = ORIENTED_EDGE ( 'NONE', *, *, #1091, .T. ) ;
#3737 = LINE ( 'NONE', #3000, #105 ) ;
#3738 = EDGE_LOOP ( 'NONE', ( #3677, #1399, #581, #2567 ) ) ;
#3739 = CARTESIAN_POINT ( 'NONE',  ( -265.3338636067449556, 805.0000000000003411, 6.801727551363130786 ) ) ;
#3740 = DIRECTION ( 'NONE',  ( 0.1609050596805300382, 0.000000000000000000, -0.9869698889881115544 ) ) ;
#3741 = CARTESIAN_POINT ( 'NONE',  ( -268.3117575011437452, 799.9999920000000202, 8.318369645160963444 ) ) ;
#3742 = ORIENTED_EDGE ( 'NONE', *, *, #349, .T. ) ;
#3743 = CARTESIAN_POINT ( 'NONE',  ( -253.3352003232437539, 800.0000000000001137, 8.886827556359165214 ) ) ;
#3744 = CARTESIAN_POINT ( 'NONE',  ( -246.4103591120961596, 804.0000000000001137, 7.704962952225629991 ) ) ;
#3745 = CARTESIAN_POINT ( 'NONE',  ( -238.1161579706514999, 805.0000000000001137, 8.063291191233982858 ) ) ;
#3746 = ORIENTED_EDGE ( 'NONE', *, *, #2007, .T. ) ;
#3747 = EDGE_CURVE ( 'NONE', #864, #90, #3125, .T. ) ;
#3748 = ORIENTED_EDGE ( 'NONE', *, *, #3706, .T. ) ;
#3749 = DIRECTION ( 'NONE',  ( 0.000000000000000000, -1.000000000000000000, 0.000000000000000000 ) ) ;
#3750 = CARTESIAN_POINT ( 'NONE',  ( -177.7643962364995787, 804.0000000000001137, 22.88419512813160139 ) ) ;
#3751 = AXIS2_PLACEMENT_3D ( 'NONE', #3535, #41, #3908 ) ;
#3752 = ORIENTED_EDGE ( 'NONE', *, *, #2650, .T. ) ;
#3753 = CARTESIAN_POINT ( 'NONE',  ( -274.7847390678884949, 799.9999920000000202, 7.475225215082193841 ) ) ;
#3754 = LINE ( 'NONE', #894, #43 ) ;
#3755 = ADVANCED_FACE ( 'NONE', ( #265 ), #893, .F. ) ;
#3756 = ORIENTED_EDGE ( 'NONE', *, *, #1631, .F. ) ;
#3757 = LINE ( 'NONE', #3192, #4071 ) ;
#3758 = ORIENTED_EDGE ( 'NONE', *, *, #1849, .T. ) ;
#3759 = CARTESIAN_POINT ( 'NONE',  ( -116.6994142980007467, 800.0000000000001137, 8.683379740354212117 ) ) ;
#3760 = ORIENTED_EDGE ( 'NONE', *, *, #3862, .F. ) ;
#3761 = UNCERTAINTY_MEASURE_WITH_UNIT (LENGTH_MEASURE( 1.000000000000000082E-05 ), #3947, 'distance_accuracy_value', 'NONE');
#3762 = CARTESIAN_POINT ( 'NONE',  ( -259.8996325194587484, 805.0000000000001137, 7.320905520190932769 ) ) ;
#3763 = CARTESIAN_POINT ( 'NONE',  ( -255.4287063650164100, 800.0000000000001137, 7.250587697153875411 ) ) ;
#3764 = ORIENTED_EDGE ( 'NONE', *, *, #1351, .T. ) ;
#3765 = FACE_BOUND ( 'NONE', #2042, .T. ) ;
#3766 = DIRECTION ( 'NONE',  ( 0.2442954651673956978, 0.000000000000000000, -0.9697008434041117786 ) ) ;
#3767 = CARTESIAN_POINT ( 'NONE',  ( -102.2995470815227037, 804.0000000000001137, 21.28692364242536073 ) ) ;
#3768 = VECTOR ( 'NONE', #3369, 1000.000000000000000 ) ;
#3769 = B_SPLINE_SURFACE_WITH_KNOTS ( 'NONE', 3, 1, ( 
 ( #466, #761 ),
 ( #1762, #2031 ),
 ( #422, #782 ),
 ( #3307, #1139 ),
 ( #442, #1719 ),
 ( #3687, #3331 ),
 ( #3036, #1738 ),
 ( #174, #3014 ),
 ( #152, #3267 ),
 ( #405, #1424 ),
 ( #1805, #1552 ) ),
 .UNSPECIFIED., .F., .F., .F.,
 ( 4, 1, 1, 1, 1, 1, 1, 1, 4 ),
 ( 2, 2 ),
 ( 0.000000000000000000, 0.004835801544260387441, 0.009671603088520774882, 0.01934320617704154976, 0.02901480926556232465, 0.03868641235408309953, 0.05802961853112464929, 0.07737282470816622681, 0.07900465501499877308 ),
 ( 0.000000000000000000, 1.000000000000000000 ),
 .UNSPECIFIED. ) ;
#3770 = ORIENTED_EDGE ( 'NONE', *, *, #1262, .F. ) ;
#3771 = EDGE_CURVE ( 'NONE', #479, #2216, #4096, .T. ) ;
#3772 = ORIENTED_EDGE ( 'NONE', *, *, #296, .T. ) ;
#3773 = DIRECTION ( 'NONE',  ( -0.9304391691071159931, 0.000000000000000000, 0.3664463843337242843 ) ) ;
#3774 = CARTESIAN_POINT ( 'NONE',  ( -112.6248457536031111, 804.0000000000001137, 12.37393250582480064 ) ) ;
#3775 = ORIENTED_EDGE ( 'NONE', *, *, #3001, .T. ) ;
#3776 = FACE_OUTER_BOUND ( 'NONE', #1209, .T. ) ;
#3777 = ORIENTED_EDGE ( 'NONE', *, *, #4083, .F. ) ;
#3778 = LINE ( 'NONE', #627, #2837 ) ;
#3779 = FACE_BOUND ( 'NONE', #1412, .T. ) ;
#3780 = ORIENTED_EDGE ( 'NONE', *, *, #2103, .T. ) ;
#3781 = FACE_OUTER_BOUND ( 'NONE', #2873, .T. ) ;
#3782 = DIRECTION ( 'NONE',  ( -0.000000000000000000, 1.000000000000000000, -0.000000000000000000 ) ) ;
#3783 = AXIS2_PLACEMENT_3D ( 'NONE', #1491, #1206, #288 ) ;
#3784 = ORIENTED_EDGE ( 'NONE', *, *, #1889, .T. ) ;
#3785 = CARTESIAN_POINT ( 'NONE',  ( -228.7175928595009111, 805.0000000000001137, 8.978678089105073923 ) ) ;
#3786 = PLANE ( 'NONE',  #3898 ) ;
#3787 = CARTESIAN_POINT ( 'NONE',  ( -229.2634781935176420, 800.0000000000001137, 8.393818419347324422 ) ) ;
#3788 = VECTOR ( 'NONE', #2852, 1000.000000000000000 ) ;
#3789 = VERTEX_POINT ( 'NONE', #1225 ) ;
#3790 = LINE ( 'NONE', #932, #3861 ) ;
#3791 = EDGE_CURVE ( 'NONE', #1141, #1736, #1350, .T. ) ;
#3792 = DIRECTION ( 'NONE',  ( -0.9999982381285569266, 0.000000000000000000, -0.001877162694616514626 ) ) ;
#3793 = CARTESIAN_POINT ( 'NONE',  ( -222.5213143660519393, 800.0000000000001137, 15.49895004327472492 ) ) ;
#3794 = VECTOR ( 'NONE', #613, 1000.000000000000000 ) ;
#3795 = AXIS2_PLACEMENT_3D ( 'NONE', #414, #3953, #1686 ) ;
#3796 = CARTESIAN_POINT ( 'NONE',  ( -252.9784568474884736, 805.0000000000001137, -41.24291343747756855 ) ) ;
#3797 = EDGE_CURVE ( 'NONE', #2125, #2577, #1025, .T. ) ;
#3798 = CARTESIAN_POINT ( 'NONE',  ( -164.3945645426477427, 800.0000000000001137, 9.632322640913395517 ) ) ;
#3799 = VERTEX_POINT ( 'NONE', #3593 ) ;
#3800 = CARTESIAN_POINT ( 'NONE',  ( -259.4640068570271865, 800.0000000000001137, 8.261595196955697773 ) ) ;
#3801 = EDGE_CURVE ( 'NONE', #3912, #2863, #3887, .T. ) ;
#3802 = CARTESIAN_POINT ( 'NONE',  ( -135.8203959127808673, 800.0000000000001137, 9.371846716018479739 ) ) ;
#3803 = ORIENTED_EDGE ( 'NONE', *, *, #3895, .F. ) ;
#3804 = B_SPLINE_SURFACE_WITH_KNOTS ( 'NONE', 3, 1, ( 
 ( #2268, #2214 ),
 ( #18, #958 ),
 ( #2582, #272 ),
 ( #1920, #1290 ),
 ( #3487, #2230 ),
 ( #1539, #1883 ),
 ( #630, #2563 ),
 ( #1903, #980 ),
 ( #3154, #294 ) ),
 .UNSPECIFIED., .F., .F., .F.,
 ( 4, 1, 1, 1, 1, 1, 4 ),
 ( 2, 2 ),
 ( 0.000000000000000000, 0.005938148231583117997, 0.01187629646316623599, 0.02375259292633247199, 0.03562888938949870798, 0.04156703762108193700, 0.04750518585266505500 ),
 ( 0.000000000000000000, 1.000000000000000000 ),
 .UNSPECIFIED. ) ;
#3805 = DIRECTION ( 'NONE',  ( 0.000000000000000000, 1.000000000000000000, 0.000000000000000000 ) ) ;
#3806 = LINE ( 'NONE', #1583, #2047 ) ;
#3807 = VERTEX_POINT ( 'NONE', #3610 ) ;
#3808 = DIRECTION ( 'NONE',  ( -0.6888675014067493496, -0.000000000000000000, -0.7248872777926388400 ) ) ;
#3809 = CARTESIAN_POINT ( 'NONE',  ( -165.8831520761353886, 805.0000000000001137, 24.32831145586023425 ) ) ;
#3810 = CARTESIAN_POINT ( 'NONE',  ( -265.7189512413809211, 799.9999919999999065, 5.831332410556393064 ) ) ;
#3811 = EDGE_CURVE ( 'NONE', #2715, #1431, #1606, .T. ) ;
#3812 = VERTEX_POINT ( 'NONE', #1105 ) ;
#3813 = DIRECTION ( 'NONE',  ( 0.000000000000000000, 0.000000000000000000, -1.000000000000000000 ) ) ;
#3814 = LINE ( 'NONE', #950, #2427 ) ;
#3815 = DIRECTION ( 'NONE',  ( -0.000000000000000000, 1.000000000000000000, -0.000000000000000000 ) ) ;
#3816 = LINE ( 'NONE', #1575, #1978 ) ;
#3817 = ORIENTED_EDGE ( 'NONE', *, *, #1322, .T. ) ;
#3818 = CARTESIAN_POINT ( 'NONE',  ( -266.3727187654359909, 716.1111120000000483, 3.583167371675653801 ) ) ;
#3819 = ORIENTED_EDGE ( 'NONE', *, *, #3977, .T. ) ;
#3820 = LINE ( 'NONE', #350, #1451 ) ;
#3821 = CARTESIAN_POINT ( 'NONE',  ( -132.0558163129703644, 804.0000000000001137, 26.96303150527401016 ) ) ;
#3822 = ORIENTED_EDGE ( 'NONE', *, *, #3351, .F. ) ;
#3823 = PLANE ( 'NONE',  #2915 ) ;
#3824 = AXIS2_PLACEMENT_3D ( 'NONE', #2808, #2163, #3438 ) ;
#3825 = DIRECTION ( 'NONE',  ( 0.7248872777926381739, 0.000000000000000000, -0.6888675014067500157 ) ) ;
#3826 = LINE ( 'NONE', #1647, #565 ) ;
#3827 = EDGE_LOOP ( 'NONE', ( #3683, #2362, #969, #3080 ) ) ;
#3828 = CARTESIAN_POINT ( 'NONE',  ( -183.6884954526939566, 805.0000000000002274, 9.492861711845693051 ) ) ;
#3829 = CARTESIAN_POINT ( 'NONE',  ( -176.6433472521858334, 805.0000000000001137, 9.564051733357912255 ) ) ;
#3830 = PLANE ( 'NONE',  #91 ) ;
#3831 = VECTOR ( 'NONE', #4135, 1000.000000000000000 ) ;
#3832 = EDGE_CURVE ( 'NONE', #2125, #181, #2608, .T. ) ;
#3833 = EDGE_CURVE ( 'NONE', #311, #955, #2373, .T. ) ;
#3834 = ORIENTED_EDGE ( 'NONE', *, *, #3922, .T. ) ;
#3835 = EDGE_CURVE ( 'NONE', #1934, #1594, #2039, .T. ) ;
#3836 = CARTESIAN_POINT ( 'NONE',  ( -82.83959400944436879, 805.0000000000001137, 78.72328000652233015 ) ) ;
#3837 = ORIENTED_EDGE ( 'NONE', *, *, #3429, .T. ) ;
#3838 = CARTESIAN_POINT ( 'NONE',  ( -112.2016622524414373, 800.0000000000001137, 28.10930200660903822 ) ) ;
#3839 = VERTEX_POINT ( 'NONE', #1685 ) ;
#3840 = CARTESIAN_POINT ( 'NONE',  ( -267.5579742966421577, 805.0000000000001137, 3.504036228200401393 ) ) ;
#3841 = CARTESIAN_POINT ( 'NONE',  ( -113.3033073900980696, 800.0000000000002274, 7.716868825675578414 ) ) ;
#3842 = LINE ( 'NONE', #982, #2086 ) ;
#3843 = VERTEX_POINT ( 'NONE', #3003 ) ;
#3844 = FACE_BOUND ( 'NONE', #1576, .T. ) ;
#3845 = CARTESIAN_POINT ( 'NONE',  ( -211.1184077329952231, 805.0000000000003411, 17.70282848235063256 ) ) ;
#3846 = DIRECTION ( 'NONE',  ( 0.000000000000000000, 1.000000000000000000, 0.000000000000000000 ) ) ;
#3847 = ORIENTED_EDGE ( 'NONE', *, *, #1429, .T. ) ;
#3848 = DIRECTION ( 'NONE',  ( 0.6888675014067493496, 0.000000000000000000, 0.7248872777926388400 ) ) ;
#3849 = EDGE_CURVE ( 'NONE', #1343, #1462, #413, .T. ) ;
#3850 = DIRECTION ( 'NONE',  ( 0.000000000000000000, 1.000000000000000000, 0.000000000000000000 ) ) ;
#3851 = ADVANCED_FACE ( 'NONE', ( #3934 ), #374, .T. ) ;
#3852 = DIRECTION ( 'NONE',  ( -0.000000000000000000, 1.000000000000000000, -0.000000000000000000 ) ) ;
#3853 = VECTOR ( 'NONE', #736, 1000.000000000000114 ) ;
#3854 = ORIENTED_EDGE ( 'NONE', *, *, #1443, .F. ) ;
#3855 = VECTOR ( 'NONE', #3673, 1000.000000000000000 ) ;
#3856 = VECTOR ( 'NONE', #117, 1000.000000000000000 ) ;
#3857 = DIRECTION ( 'NONE',  ( 0.000000000000000000, 1.000000000000000000, 0.000000000000000000 ) ) ;
#3858 = ORIENTED_EDGE ( 'NONE', *, *, #795, .F. ) ;
#3859 = EDGE_CURVE ( 'NONE', #3453, #145, #1060, .T. ) ;
#3860 = CARTESIAN_POINT ( 'NONE',  ( -189.8292624888829891, 804.0000000000000000, 21.17929418225583760 ) ) ;
#3861 = VECTOR ( 'NONE', #3476, 1000.000000000000000 ) ;
#3862 = EDGE_CURVE ( 'NONE', #2041, #1878, #1961, .T. ) ;
#3863 = CARTESIAN_POINT ( 'NONE',  ( -113.3033073900980696, 805.0000000000001137, 7.716868825675578414 ) ) ;
#3864 = CARTESIAN_POINT ( 'NONE',  ( -239.2467623673018977, 804.0000000000001137, 8.017431533633853746 ) ) ;
#3865 = VERTEX_POINT ( 'NONE', #770 ) ;
#3866 = FACE_OUTER_BOUND ( 'NONE', #1527, .T. ) ;
#3867 = CARTESIAN_POINT ( 'NONE',  ( -225.0224362187566953, 800.0000000000000000, 15.05154234427599569 ) ) ;
#3868 = CARTESIAN_POINT ( 'NONE',  ( -164.3945645426477427, 804.0000000000001137, 9.632322640913395517 ) ) ;
#3869 = ADVANCED_FACE ( 'NONE', ( #712 ), #1982, .T. ) ;
#3870 = VERTEX_POINT ( 'NONE', #2001 ) ;
#3871 = CARTESIAN_POINT ( 'NONE',  ( -234.0657856390295137, 804.0000000000002274, 13.16004557608008696 ) ) ;
#3872 = CARTESIAN_POINT ( 'NONE',  ( -113.0233135672802547, 805.0000000000001137, 27.31498970425841932 ) ) ;
#3873 = CARTESIAN_POINT ( 'NONE',  ( -112.8759871213101178, 805.0000000000001137, 3.035661502869943629 ) ) ;
#3874 = B_SPLINE_CURVE_WITH_KNOTS ( 'NONE', 3,
 ( #1730, #141, #3762, #3675, #3406 ),
 .UNSPECIFIED., .F., .F.,
 ( 4, 1, 4 ),
 ( 0.04410003439889859100, 0.04432521835872739457, 0.04695150046802161470 ),
 .UNSPECIFIED. ) ;
#3875 = ORIENTED_EDGE ( 'NONE', *, *, #961, .F. ) ;
#3876 = AXIS2_PLACEMENT_3D ( 'NONE', #3166, #1572, #1967 ) ;
#3877 = FACE_BOUND ( 'NONE', #3471, .T. ) ;
#3878 = CARTESIAN_POINT ( 'NONE',  ( -258.1834402303668980, 805.0000000000001137, 7.735716175647781689 ) ) ;
#3879 = ORIENTED_EDGE ( 'NONE', *, *, #66, .F. ) ;
#3880 = DIRECTION ( 'NONE',  ( -0.2442954651671675748, 0.000000000000000000, 0.9697008434041692881 ) ) ;
#3881 = ADVANCED_FACE ( 'NONE', ( #1374 ), #3295, .F. ) ;
#3882 = CARTESIAN_POINT ( 'NONE',  ( -176.6433472521857198, 804.0000000000001137, 9.564051733357914031 ) ) ;
#3883 = LINE ( 'NONE', #1370, #3688 ) ;
#3884 = ORIENTED_EDGE ( 'NONE', *, *, #1001, .F. ) ;
#3885 = CARTESIAN_POINT ( 'NONE',  ( -154.5678389296407147, 805.0000000000001137, 25.48976068269617201 ) ) ;
#3886 = CARTESIAN_POINT ( 'NONE',  ( -254.9539109580269383, 805.0000000000003411, 8.516572991783643687 ) ) ;
#3887 = LINE ( 'NONE', #453, #3959 ) ;
#3888 = AXIS2_PLACEMENT_3D ( 'NONE', #183, #4015, #3695 ) ;
#3889 = DIRECTION ( 'NONE',  ( -0.6692348086727621936, 0.000000000000000000, 0.7430509880625497665 ) ) ;
#3890 = B_SPLINE_CURVE_WITH_KNOTS ( 'NONE', 3,
 ( #2741, #3123, #4028, #1161, #602 ),
 .UNSPECIFIED., .F., .F.,
 ( 4, 1, 4 ),
 ( 0.06400162183560563489, 0.06792636788951803006, 0.07137993711129238250 ),
 .UNSPECIFIED. ) ;
#3891 = VECTOR ( 'NONE', #3928, 1000.000000000000000 ) ;
#3892 = EDGE_LOOP ( 'NONE', ( #3111, #670, #443 ) ) ;
#3893 = DIRECTION ( 'NONE',  ( -0.1609050596807223288, 0.000000000000000000, 0.9869698889880801351 ) ) ;
#3894 = CARTESIAN_POINT ( 'NONE',  ( -251.6104412495301403, 800.0000000000001137, 6.667546580856908101 ) ) ;
#3895 = EDGE_CURVE ( 'NONE', #4117, #3967, #1707, .T. ) ;
#3896 = ORIENTED_EDGE ( 'NONE', *, *, #2765, .T. ) ;
#3897 = FACE_BOUND ( 'NONE', #3029, .T. ) ;
#3898 = AXIS2_PLACEMENT_3D ( 'NONE', #946, #2505, #2881 ) ;
#3899 = B_SPLINE_CURVE_WITH_KNOTS ( 'NONE', 3,
 ( #1795, #3069, #1395, #1476 ),
 .UNSPECIFIED., .F., .F.,
 ( 4, 4 ),
 ( 0.1754868914330527108, 0.1768828452979837873 ),
 .UNSPECIFIED. ) ;
#3900 = CARTESIAN_POINT ( 'NONE',  ( -199.8794144029798190, 800.0000000000000000, 9.209109431590469796 ) ) ;
#3901 = VECTOR ( 'NONE', #3850, 1000.000000000000000 ) ;
#3902 = VERTEX_POINT ( 'NONE', #2663 ) ;
#3903 = CARTESIAN_POINT ( 'NONE',  ( -256.2632107768854439, 805.0000000000001137, 7.656061426429949357 ) ) ;
#3904 = FACE_OUTER_BOUND ( 'NONE', #1075, .T. ) ;
#3905 = CARTESIAN_POINT ( 'NONE',  ( -88.41564499545332012, 804.0000000000001137, -93.03875721260200748 ) ) ;
#3906 = VERTEX_POINT ( 'NONE', #1084 ) ;
#3907 = DIRECTION ( 'NONE',  ( 0.000000000000000000, 1.000000000000000000, 0.000000000000000000 ) ) ;
#3908 = DIRECTION ( 'NONE',  ( 0.1609050596807223288, 0.000000000000000000, -0.9869698889880801351 ) ) ;
#3909 = CARTESIAN_POINT ( 'NONE',  ( -128.2212190931157920, 805.0000000000001137, 27.11826623485157128 ) ) ;
#3910 = MECHANICAL_DESIGN_GEOMETRIC_PRESENTATION_REPRESENTATION (  '', ( #3374 ), #995 ) ;
#3911 = DIRECTION ( 'NONE',  ( -0.000000000000000000, 1.000000000000000000, -0.000000000000000000 ) ) ;
#3912 = VERTEX_POINT ( 'NONE', #2350 ) ;
#3913 = CARTESIAN_POINT ( 'NONE',  ( -241.7602381807119798, 805.0000000000001137, 11.50963215707254861 ) ) ;
#3914 = CARTESIAN_POINT ( 'NONE',  ( -148.5690912469533203, 804.0000000000001137, 9.556892805854760198 ) ) ;
#3915 = ADVANCED_FACE ( 'NONE', ( #119 ), #690, .T. ) ;
#3916 = ORIENTED_EDGE ( 'NONE', *, *, #1351, .F. ) ;
#3917 = DIRECTION ( 'NONE',  ( -0.7175009216675524160, 0.000000000000000000, 0.6965575549846637626 ) ) ;
#3918 = VECTOR ( 'NONE', #54, 1000.000000000000000 ) ;
#3919 = FACE_OUTER_BOUND ( 'NONE', #3203, .T. ) ;
#3920 = ORIENTED_EDGE ( 'NONE', *, *, #1529, .T. ) ;
#3921 = VECTOR ( 'NONE', #1859, 1000.000000000000000 ) ;
#3922 = EDGE_CURVE ( 'NONE', #2637, #1406, #2155, .T. ) ;
#3923 = EDGE_CURVE ( 'NONE', #1934, #2419, #1086, .T. ) ;
#3924 = CARTESIAN_POINT ( 'NONE',  ( -257.4724035784664693, 804.0000000000000000, 7.906660686129893811 ) ) ;
#3925 = B_SPLINE_CURVE_WITH_KNOTS ( 'NONE', 3,
 ( #4043, #3704, #1238, #1545, #2823 ),
 .UNSPECIFIED., .F., .F.,
 ( 4, 1, 4 ),
 ( 0.04808309127701883984, 0.04858316171247646642, 0.05031110543067837670 ),
 .UNSPECIFIED. ) ;
#3926 = CARTESIAN_POINT ( 'NONE',  ( -237.8803495755753659, 805.0000000000001137, 13.20663139703280642 ) ) ;
#3927 = VECTOR ( 'NONE', #3004, 1000.000000000000000 ) ;
#3928 = DIRECTION ( 'NONE',  ( 0.000000000000000000, 1.000000000000000000, 0.000000000000000000 ) ) ;
#3929 = EDGE_CURVE ( 'NONE', #691, #4073, #1956, .T. ) ;
#3930 = ORIENTED_EDGE ( 'NONE', *, *, #2530, .T. ) ;
#3931 = LINE ( 'NONE', #2019, #3710 ) ;
#3932 = EDGE_CURVE ( 'NONE', #4073, #463, #3232, .T. ) ;
#3933 = CARTESIAN_POINT ( 'NONE',  ( -235.1782037828762384, 805.0000000000001137, 8.181310373985954953 ) ) ;
#3934 = FACE_OUTER_BOUND ( 'NONE', #2220, .T. ) ;
#3935 = CARTESIAN_POINT ( 'NONE',  ( -178.0312117117007915, 804.0000000000001137, 9.550500515646506372 ) ) ;
#3936 = ORIENTED_EDGE ( 'NONE', *, *, #1621, .T. ) ;
#3937 = CARTESIAN_POINT ( 'NONE',  ( -233.6773929597410131, 804.0000000000002274, 13.24141146846648631 ) ) ;
#3938 = DIRECTION ( 'NONE',  ( 0.000000000000000000, 1.000000000000000000, 0.000000000000000000 ) ) ;
#3939 = B_SPLINE_CURVE_WITH_KNOTS ( 'NONE', 3,
 ( #3032, #2481, #2857, #3, #4104, #1253, #589, #3741, #943 ),
 .UNSPECIFIED., .F., .F.,
 ( 4, 1, 1, 1, 1, 1, 4 ),
 ( 0.008052357163076461627, 0.01180441452156668833, 0.01555647188005691330, 0.02306058659703736496, 0.03056470131401781837, 0.03431675867250804507, 0.03806881603099827177 ),
 .UNSPECIFIED. ) ;
#3940 = ORIENTED_EDGE ( 'NONE', *, *, #3259, .T. ) ;
#3941 = PLANE ( 'NONE',  #1380 ) ;
#3942 = EDGE_CURVE ( 'NONE', #3365, #2041, #3883, .T. ) ;
#3943 = CARTESIAN_POINT ( 'NONE',  ( -186.6071088486877159, 804.0000000000001137, 17.44863968024492351 ) ) ;
#3944 = ORIENTED_EDGE ( 'NONE', *, *, #110, .F. ) ;
#3945 = CARTESIAN_POINT ( 'NONE',  ( -297.6249865866503796, 799.9999920000000202, 0.7942685039368116984 ) ) ;
#3946 = DIRECTION ( 'NONE',  ( 0.9978411957034446500, 0.000000000000000000, 0.06567303980416965004 ) ) ;
#3947 =( LENGTH_UNIT ( ) NAMED_UNIT ( * ) SI_UNIT ( .MILLI., .METRE. ) );
#3948 = EDGE_CURVE ( 'NONE', #241, #2932, #757, .T. ) ;
#3949 = VERTEX_POINT ( 'NONE', #1021 ) ;
#3950 = CARTESIAN_POINT ( 'NONE',  ( -276.9279722789263474, 805.0000000000001137, 2.022114237912236767 ) ) ;
#3951 = DIRECTION ( 'NONE',  ( 0.000000000000000000, 0.000000000000000000, -1.000000000000000000 ) ) ;
#3952 = CARTESIAN_POINT ( 'NONE',  ( -246.4103591038307002, 805.0000000000001137, 7.704962946928673340 ) ) ;
#3953 = DIRECTION ( 'NONE',  ( -0.7248872777926382849, 0.000000000000000000, 0.6888675014067497937 ) ) ;
#3954 = ORIENTED_EDGE ( 'NONE', *, *, #2307, .F. ) ;
#3955 = ORIENTED_EDGE ( 'NONE', *, *, #2003, .T. ) ;
#3956 = CARTESIAN_POINT ( 'NONE',  ( -264.9890575499203464, 805.0000000000001137, -17.44028709085020878 ) ) ;
#3957 = PLANE ( 'NONE',  #2758 ) ;
#3958 = ORIENTED_EDGE ( 'NONE', *, *, #1819, .T. ) ;
#3959 = VECTOR ( 'NONE', #1415, 1000.000000000000000 ) ;
#3960 = CARTESIAN_POINT ( 'NONE',  ( -66.52695322057213900, 804.0000000000001137, -70.00554086441651691 ) ) ;
#3961 = CARTESIAN_POINT ( 'NONE',  ( -253.6658019528322825, 805.0000000000001137, 8.424370714792484449 ) ) ;
#3962 = VERTEX_POINT ( 'NONE', #77 ) ;
#3963 = ORIENTED_EDGE ( 'NONE', *, *, #2740, .T. ) ;
#3964 = CARTESIAN_POINT ( 'NONE',  ( -259.4108628574792874, 799.9999999999992042, 7.026082581617287381 ) ) ;
#3965 = CIRCLE ( 'NONE', #4038, 0.6000000000000310640 ) ;
#3966 = CARTESIAN_POINT ( 'NONE',  ( -276.9279722779359645, 799.9999920000000202, 2.022114237992950869 ) ) ;
#3967 = VERTEX_POINT ( 'NONE', #1703 ) ;
#3968 = CARTESIAN_POINT ( 'NONE',  ( -290.3110310811928798, 805.0000000000001137, 3.099905874843252640 ) ) ;
#3969 = DIRECTION ( 'NONE',  ( -0.000000000000000000, 1.000000000000000000, -0.000000000000000000 ) ) ;
#3970 = CARTESIAN_POINT ( 'NONE',  ( -148.7881936969120034, 805.0000000000001137, 9.559548402074911522 ) ) ;
#3971 = CARTESIAN_POINT ( 'NONE',  ( -234.0545347927723299, 804.0000000000001137, 13.49861650587893713 ) ) ;
#3972 = VERTEX_POINT ( 'NONE', #747 ) ;
#3973 = EDGE_LOOP ( 'NONE', ( #2267, #1449, #1324, #2425 ) ) ;
#3974 = DIRECTION ( 'NONE',  ( -0.000000000000000000, 1.000000000000000000, -0.000000000000000000 ) ) ;
#3975 = CARTESIAN_POINT ( 'NONE',  ( -195.1301120960158073, 804.0000000000001137, 9.398703641024599875 ) ) ;
#3976 = ADVANCED_FACE ( 'NONE', ( #370 ), #352, .T. ) ;
#3977 = EDGE_CURVE ( 'NONE', #1488, #424, #3842, .T. ) ;
#3978 = EDGE_LOOP ( 'NONE', ( #1775, #2732, #524, #2403 ) ) ;
#3979 = CARTESIAN_POINT ( 'NONE',  ( -285.9904385892327809, 805.0000000000001137, 3.527721545625112753 ) ) ;
#3980 = VECTOR ( 'NONE', #2809, 1000.000000000000000 ) ;
#3981 = LINE ( 'NONE', #1116, #379 ) ;
#3982 = ORIENTED_EDGE ( 'NONE', *, *, #1362, .T. ) ;
#3983 = ORIENTED_EDGE ( 'NONE', *, *, #1687, .T. ) ;
#3984 = DIRECTION ( 'NONE',  ( 0.9996385584632171417, 0.000000000000000000, -0.02688405537825780053 ) ) ;
#3985 = DIRECTION ( 'NONE',  ( 0.000000000000000000, 1.000000000000000000, 0.000000000000000000 ) ) ;
#3986 = DIRECTION ( 'NONE',  ( 0.5246302302905513359, 0.000000000000000000, 0.8513302070673183231 ) ) ;
#3987 = ORIENTED_EDGE ( 'NONE', *, *, #83, .F. ) ;
#3988 = CARTESIAN_POINT ( 'NONE',  ( -297.6249865866923869, 805.0000000000001137, 0.7942685039227660448 ) ) ;
#3989 = CARTESIAN_POINT ( 'NONE',  ( -188.8470996823816961, 805.0000000000001137, 21.32642079327171913 ) ) ;
#3990 = CARTESIAN_POINT ( 'NONE',  ( -228.4276379483836479, 805.0000000000001137, 8.703131088542161109 ) ) ;
#3991 = DIRECTION ( 'NONE',  ( 0.7248872777926403943, 0.000000000000000000, -0.6888675014067476843 ) ) ;
#3992 = VECTOR ( 'NONE', #1838, 1000.000000000000000 ) ;
#3993 = EDGE_CURVE ( 'NONE', #3564, #4117, #1000, .T. ) ;
#3994 = AXIS2_PLACEMENT_3D ( 'NONE', #818, #1817, #3030 ) ;
#3995 = AXIS2_PLACEMENT_3D ( 'NONE', #2730, #2479, #3991 ) ;
#3996 = B_SPLINE_SURFACE_WITH_KNOTS ( 'NONE', 3, 1, ( 
 ( #1591, #3204 ),
 ( #2825, #3828 ),
 ( #2864, #659 ),
 ( #1298, #680 ),
 ( #2573, #3538 ),
 ( #1315, #340 ),
 ( #619, #359 ),
 ( #1928, #1609 ) ),
 .UNSPECIFIED., .F., .F., .F.,
 ( 4, 1, 1, 1, 1, 4 ),
 ( 2, 2 ),
 ( 0.000000000000000000, 0.02835388754921697174, 0.05774564332047438242, 0.08713739909173168208, 0.1018332769773604429, 0.1165291548629890928 ),
 ( 0.000000000000000000, 1.000000000000000000 ),
 .UNSPECIFIED. ) ;
#3997 = ORIENTED_EDGE ( 'NONE', *, *, #2357, .F. ) ;
#3998 = ORIENTED_EDGE ( 'NONE', *, *, #927, .T. ) ;
#3999 = LINE ( 'NONE', #3722, #588 ) ;
#4000 = DIRECTION ( 'NONE',  ( -0.6965575549846625414, -0.000000000000000000, -0.7175009216675536372 ) ) ;
#4001 = EDGE_CURVE ( 'NONE', #4117, #1286, #100, .T. ) ;
#4002 = VERTEX_POINT ( 'NONE', #673 ) ;
#4003 = ORIENTED_EDGE ( 'NONE', *, *, #3731, .T. ) ;
#4004 = FACE_OUTER_BOUND ( 'NONE', #3090, .T. ) ;
#4005 = B_SPLINE_CURVE_WITH_KNOTS ( 'NONE', 13,
 ( #2658, #3945, #1078, #2344, #447, #1407, #3017, #1205, #2120, #539, #3753, #2472, #3732, #1509 ),
 .UNSPECIFIED., .F., .F.,
 ( 14, 14 ),
 ( 0.000000000000000000, 1.000000000000000000 ),
 .UNSPECIFIED. ) ;
#4006 = LINE ( 'NONE', #3600, #3048 ) ;
#4007 = EDGE_CURVE ( 'NONE', #3789, #348, #1642, .T. ) ;
#4008 = ORIENTED_EDGE ( 'NONE', *, *, #1693, .F. ) ;
#4009 = ORIENTED_EDGE ( 'NONE', *, *, #2831, .F. ) ;
#4010 = CARTESIAN_POINT ( 'NONE',  ( -260.6240663350685622, 805.0000000000001137, 6.159236989585846977 ) ) ;
#4011 = CARTESIAN_POINT ( 'NONE',  ( -271.2861602198226478, 799.9999920000000202, 2.447696926311453858 ) ) ;
#4012 = FACE_OUTER_BOUND ( 'NONE', #3973, .T. ) ;
#4013 = ORIENTED_EDGE ( 'NONE', *, *, #2801, .F. ) ;
#4014 = CARTESIAN_POINT ( 'NONE',  ( -272.0829353896129419, 805.0000000000001137, 8.182179439804063037 ) ) ;
#4015 = DIRECTION ( 'NONE',  ( -0.000000000000000000, 1.000000000000000000, -0.000000000000000000 ) ) ;
#4016 = CARTESIAN_POINT ( 'NONE',  ( -245.1419891225305889, 804.0000000000001137, 7.763188727969735581 ) ) ;
#4017 = VECTOR ( 'NONE', #2138, 1000.000000000000114 ) ;
#4018 = DIRECTION ( 'NONE',  ( 0.000000000000000000, 1.000000000000000000, 0.000000000000000000 ) ) ;
#4019 = ADVANCED_FACE ( 'NONE', ( #1040 ), #1620, .T. ) ;
#4020 = EDGE_LOOP ( 'NONE', ( #1906, #1622, #49, #3344 ) ) ;
#4021 = ORIENTED_EDGE ( 'NONE', *, *, #3116, .F. ) ;
#4022 = FACE_OUTER_BOUND ( 'NONE', #2542, .T. ) ;
#4023 = DIRECTION ( 'NONE',  ( 0.000000000000000000, 0.000000000000000000, -1.000000000000000000 ) ) ;
#4024 = EDGE_LOOP ( 'NONE', ( #473, #2029, #1839 ) ) ;
#4025 = ORIENTED_EDGE ( 'NONE', *, *, #7, .F. ) ;
#4026 = CARTESIAN_POINT ( 'NONE',  ( -255.4287063458970408, 805.0000000000001137, 7.250587698197622721 ) ) ;
#4027 = EDGE_CURVE ( 'NONE', #2255, #586, #2951, .T. ) ;
#4028 = CARTESIAN_POINT ( 'NONE',  ( -238.0462247157277318, 805.0000000000001137, 12.31811504605837726 ) ) ;
#4029 = AXIS2_PLACEMENT_3D ( 'NONE', #856, #3986, #1146 ) ;
#4030 = ORIENTED_EDGE ( 'NONE', *, *, #3202, .F. ) ;
#4031 = CARTESIAN_POINT ( 'NONE',  ( -115.5180971449280918, 805.0000000000001137, 7.824897445543956387 ) ) ;
#4032 = CARTESIAN_POINT ( 'NONE',  ( -194.9083746375344788, 800.0000000000001137, 9.302397801995864413 ) ) ;
#4033 = CARTESIAN_POINT ( 'NONE',  ( -257.1160311369277451, 800.0000000000001137, 7.991938233640874856 ) ) ;
#4034 = VERTEX_POINT ( 'NONE', #60 ) ;
#4035 = CARTESIAN_POINT ( 'NONE',  ( -287.8070055320702068, 805.0000000000001137, 3.847726476973027943 ) ) ;
#4036 = CARTESIAN_POINT ( 'NONE',  ( -192.5000000000002274, 800.0000000000001137, 15.15093237103806700 ) ) ;
#4037 = LINE ( 'NONE', #1171, #1921 ) ;
#4038 = AXIS2_PLACEMENT_3D ( 'NONE', #4089, #3075, #278 ) ;
#4039 = CARTESIAN_POINT ( 'NONE',  ( -214.8901236717287588, 804.0000000000000000, 8.839435695006585547 ) ) ;
#4040 = ORIENTED_EDGE ( 'NONE', *, *, #2818, .F. ) ;
#4041 = CARTESIAN_POINT ( 'NONE',  ( -196.0844992106079587, 805.0000000000001137, 9.280012691016615634 ) ) ;
#4042 = VECTOR ( 'NONE', #1892, 1000.000000000000114 ) ;
#4043 = CARTESIAN_POINT ( 'NONE',  ( -257.1160311369276315, 805.0000000000001137, 7.991938233640836664 ) ) ;
#4044 = B_SPLINE_CURVE_WITH_KNOTS ( 'NONE', 3,
 ( #3446, #2795, #273, #2171, #2463 ),
 .UNSPECIFIED., .F., .F.,
 ( 4, 1, 4 ),
 ( 0.07254750654798805543, 0.07759797097803880495, 0.08324180255566196451 ),
 .UNSPECIFIED. ) ;
#4045 = ORIENTED_EDGE ( 'NONE', *, *, #485, .T. ) ;
#4046 = ORIENTED_EDGE ( 'NONE', *, *, #279, .T. ) ;
#4047 = CARTESIAN_POINT ( 'NONE',  ( -133.4891725394467130, 804.0000000000001137, 26.94334252204056313 ) ) ;
#4048 = VECTOR ( 'NONE', #430, 1000.000000000000114 ) ;
#4049 = EDGE_CURVE ( 'NONE', #2419, #2347, #1332, .T. ) ;
#4050 = EDGE_CURVE ( 'NONE', #3912, #3807, #1997, .T. ) ;
#4051 = DIRECTION ( 'NONE',  ( 0.000000000000000000, 1.000000000000000000, 0.000000000000000000 ) ) ;
#4052 = ORIENTED_EDGE ( 'NONE', *, *, #1177, .T. ) ;
#4053 = CARTESIAN_POINT ( 'NONE',  ( -189.8871197409697800, 800.0000000000001137, 9.390855830577100605 ) ) ;
#4054 = PLANE ( 'NONE',  #778 ) ;
#4055 = ORIENTED_EDGE ( 'NONE', *, *, #3859, .F. ) ;
#4056 = FACE_OUTER_BOUND ( 'NONE', #1731, .T. ) ;
#4057 = ORIENTED_EDGE ( 'NONE', *, *, #2207, .T. ) ;
#4058 = EDGE_CURVE ( 'NONE', #2265, #3153, #2753, .T. ) ;
#4059 = CARTESIAN_POINT ( 'NONE',  ( -237.8803495755753659, 805.0000000000003411, 13.20663139703280642 ) ) ;
#4060 = CARTESIAN_POINT ( 'NONE',  ( -113.5285485838878117, 800.0000000000001137, 8.528672068350854119 ) ) ;
#4061 = VECTOR ( 'NONE', #3367, 999.9999999999998863 ) ;
#4062 = CARTESIAN_POINT ( 'NONE',  ( -114.4828442445582226, 800.0000000000001137, 27.32352736051250730 ) ) ;
#4063 = ADVANCED_FACE ( 'NONE', ( #3042 ), #3669, .F. ) ;
#4064 = EDGE_LOOP ( 'NONE', ( #44, #4013, #3725, #665 ) ) ;
#4065 = LINE ( 'NONE', #1481, #4061 ) ;
#4066 = VECTOR ( 'NONE', #920, 1000.000000000000000 ) ;
#4067 = CARTESIAN_POINT ( 'NONE',  ( -282.4215676321936712, 805.0000000000001137, 1.563290642043225098 ) ) ;
#4068 = VERTEX_POINT ( 'NONE', #202 ) ;
#4069 = ORIENTED_EDGE ( 'NONE', *, *, #360, .F. ) ;
#4070 = DIRECTION ( 'NONE',  ( -0.9999982381285569266, 0.000000000000000000, -0.001877162694616514409 ) ) ;
#4071 = VECTOR ( 'NONE', #1514, 1000.000000000000000 ) ;
#4072 = LINE ( 'NONE', #4115, #1579 ) ;
#4073 = VERTEX_POINT ( 'NONE', #495 ) ;
#4074 = CARTESIAN_POINT ( 'NONE',  ( -150.8175075915329728, 805.0000000000001137, 9.580563507124425726 ) ) ;
#4075 = EDGE_CURVE ( 'NONE', #2593, #1113, #1454, .T. ) ;
#4076 = FACE_OUTER_BOUND ( 'NONE', #3607, .T. ) ;
#4077 = ORIENTED_EDGE ( 'NONE', *, *, #538, .T. ) ;
#4078 = SURFACE_STYLE_FILL_AREA ( #3419 ) ;
#4079 = ORIENTED_EDGE ( 'NONE', *, *, #1772, .T. ) ;
#4080 = LINE ( 'NONE', #3651, #3855 ) ;
#4081 = ORIENTED_EDGE ( 'NONE', *, *, #584, .T. ) ;
#4082 = CARTESIAN_POINT ( 'NONE',  ( -214.1361376603798305, 804.0000000000001137, 8.860027491220346718 ) ) ;
#4083 = EDGE_CURVE ( 'NONE', #3462, #1461, #2949, .T. ) ;
#4084 = FACE_OUTER_BOUND ( 'NONE', #2088, .T. ) ;
#4085 = ORIENTED_EDGE ( 'NONE', *, *, #3575, .T. ) ;
#4086 = FACE_BOUND ( 'NONE', #2709, .T. ) ;
#4087 = VECTOR ( 'NONE', #3373, 1000.000000000000114 ) ;
#4088 = CARTESIAN_POINT ( 'NONE',  ( -215.2669448500682563, 805.0000000000001137, 8.828999562898186326 ) ) ;
#4089 = CARTESIAN_POINT ( 'NONE',  ( -189.6846012325700030, 804.0000000000001137, 21.20092582515553303 ) ) ;
#4090 = ORIENTED_EDGE ( 'NONE', *, *, #1831, .F. ) ;
#4091 = VERTEX_POINT ( 'NONE', #2998 ) ;
#4092 = LINE ( 'NONE', #1222, #2934 ) ;
#4093 = LINE ( 'NONE', #3167, #2318 ) ;
#4094 = AXIS2_PLACEMENT_3D ( 'NONE', #2127, #1747, #2705 ) ;
#4095 = VERTEX_POINT ( 'NONE', #2682 ) ;
#4096 = LINE ( 'NONE', #577, #84 ) ;
#4097 = CARTESIAN_POINT ( 'NONE',  ( -293.2676002059585585, 799.9999920000000202, 1.330312713632799237 ) ) ;
#4098 = ORIENTED_EDGE ( 'NONE', *, *, #400, .T. ) ;
#4099 = CARTESIAN_POINT ( 'NONE',  ( -154.5807832906197916, 800.0000000000001137, 26.32937649834314442 ) ) ;
#4100 = LINE ( 'NONE', #1656, #2583 ) ;
#4101 = ORIENTED_EDGE ( 'NONE', *, *, #2591, .T. ) ;
#4102 = CARTESIAN_POINT ( 'NONE',  ( -274.6155771348952044, 805.0000000000001137, 2.997052627295858418 ) ) ;
#4103 = EDGE_CURVE ( 'NONE', #144, #264, #1809, .T. ) ;
#4104 = CARTESIAN_POINT ( 'NONE',  ( -280.6338063822639128, 799.9999920000000202, 5.055185953166550838 ) ) ;
#4105 = ORIENTED_EDGE ( 'NONE', *, *, #2581, .T. ) ;
#4106 = FACE_BOUND ( 'NONE', #841, .T. ) ;
#4107 = CARTESIAN_POINT ( 'NONE',  ( -260.8337779111520831, 799.9999920000000202, 6.940564282634058557 ) ) ;
#4108 = DIRECTION ( 'NONE',  ( 0.000000000000000000, 1.000000000000000000, 0.000000000000000000 ) ) ;
#4109 = VECTOR ( 'NONE', #1342, 1000.000000000000000 ) ;
#4110 = ORIENTED_EDGE ( 'NONE', *, *, #3747, .F. ) ;
#4111 = CARTESIAN_POINT ( 'NONE',  ( 0.2273156052836214358, 805.0000000000001137, 8.452349944409252913 ) ) ;
#4112 = LINE ( 'NONE', #2904, #423 ) ;
#4113 = DIRECTION ( 'NONE',  ( 0.7248872777926366195, 0.000000000000000000, -0.6888675014067514590 ) ) ;
#4114 = EDGE_CURVE ( 'NONE', #583, #478, #3547, .T. ) ;
#4115 = CARTESIAN_POINT ( 'NONE',  ( -82.83959400944436879, 804.0000000000001137, 78.72328000652233015 ) ) ;
#4116 = APPLICATION_CONTEXT ( 'automotive_design' ) ;
#4117 = VERTEX_POINT ( 'NONE', #449 ) ;
#4118 = LINE ( 'NONE', #2209, #1638 ) ;
#4119 = VERTEX_POINT ( 'NONE', #180 ) ;
#4120 = CARTESIAN_POINT ( 'NONE',  ( -219.6165091063904526, 800.0000000000001137, 16.96789906232488221 ) ) ;
#4121 = ADVANCED_FACE ( 'NONE', ( #4012 ), #2434, .F. ) ;
#4122 = LINE ( 'NONE', #1033, #1317 ) ;
#4123 = VERTEX_POINT ( 'NONE', #3311 ) ;
#4124 = CARTESIAN_POINT ( 'NONE',  ( -293.2676002059585585, 805.0000000000001137, 1.330312713632799237 ) ) ;
#4125 = CARTESIAN_POINT ( 'NONE',  ( -112.2016622867483733, 800.0000000000002274, 28.10930200688541802 ) ) ;
#4126 = EDGE_LOOP ( 'NONE', ( #2814, #2196, #3858, #3997, #1058, #2313, #3879, #2562, #1199, #1340, #3643, #1590 ) ) ;
#4127 = FACE_OUTER_BOUND ( 'NONE', #1649, .T. ) ;
#4128 = CARTESIAN_POINT ( 'NONE',  ( -164.9945637137975609, 804.0000000000001137, 9.631325334794968995 ) ) ;
#4129 = CARTESIAN_POINT ( 'NONE',  ( -263.0120511331662101, 799.9999919999999065, 6.006438146371626097 ) ) ;
#4130 = VECTOR ( 'NONE', #1698, 1000.000000000000000 ) ;
#4131 = B_SPLINE_CURVE_WITH_KNOTS ( 'NONE', 3,
 ( #2800, #2091, #3092, #300 ),
 .UNSPECIFIED., .F., .F.,
 ( 4, 4 ),
 ( 0.8013167118600230676, 0.8189731221614766632 ),
 .UNSPECIFIED. ) ;
#4132 = ORIENTED_EDGE ( 'NONE', *, *, #1152, .T. ) ;
#4133 = CARTESIAN_POINT ( 'NONE',  ( -133.3568342694779005, 804.0000000000001137, 9.271286723260836027 ) ) ;
#4134 = DIRECTION ( 'NONE',  ( -0.001877162694616514409, 0.000000000000000000, 0.9999982381285568156 ) ) ;
#4135 = DIRECTION ( 'NONE',  ( 0.000000000000000000, 1.000000000000000000, 0.000000000000000000 ) ) ;
#4136 = CIRCLE ( 'NONE', #2521, 6.324999999999983302 ) ;
#4137 = CARTESIAN_POINT ( 'NONE',  ( -300.0000000000000000, 805.0000000000001137, 0.000000000000000000 ) ) ;
#4138 = ORIENTED_EDGE ( 'NONE', *, *, #3557, .F. ) ;
#4139 = CARTESIAN_POINT ( 'NONE',  ( -79.83924460293808067, 804.0000000000001137, -84.01391060408241174 ) ) ;
ENDSEC;
END-ISO-10303-21;
