ISO-10303-21;
HEADER;
FILE_DESCRIPTION (( 'STEP AP214' ),
    '1' );
FILE_NAME ('rib 7.STEP',
    '2026-03-20T19:52:06',
    ( '' ),
    ( '' ),
    'SwSTEP 2.0',
    'SolidWorks 2024',
    '' );
FILE_SCHEMA (( 'AUTOMOTIVE_DESIGN' ));
ENDSEC;

DATA;
#1 = ORIENTED_EDGE ( 'NONE', *, *, #2175, .F. ) ;
#2 = CARTESIAN_POINT ( 'NONE',  ( -260.7875091720584351, 444.4444399999999860, 7.103832978769898610 ) ) ;
#3 = CARTESIAN_POINT ( 'NONE',  ( -266.5886069376114733, 533.3333280000000514, 9.579359346406523201 ) ) ;
#4 = DIRECTION ( 'NONE',  ( -0.7248872777926381739, 0.000000000000000000, 0.6888675014067500157 ) ) ;
#5 = EDGE_CURVE ( 'NONE', #2926, #905, #2670, .T. ) ;
#6 = ADVANCED_FACE ( 'NONE', ( #1737 ), #455, .T. ) ;
#7 = ORIENTED_EDGE ( 'NONE', *, *, #2400, .F. ) ;
#8 = ORIENTED_EDGE ( 'NONE', *, *, #1595, .T. ) ;
#9 = B_SPLINE_CURVE_WITH_KNOTS ( 'NONE', 3,
 ( #37, #1635, #1959, #3324, #2685 ),
 .UNSPECIFIED., .F., .F.,
 ( 4, 1, 4 ),
 ( 0.07660540888411439264, 0.07759797097803879107, 0.07782290234709561549 ),
 .UNSPECIFIED. ) ;
#10 = CARTESIAN_POINT ( 'NONE',  ( -259.0078829731723999, 444.4444399999999291, 7.537196778465343527 ) ) ;
#11 = DIRECTION ( 'NONE',  ( 0.000000000000000000, -1.000000000000000000, 0.000000000000000000 ) ) ;
#12 = EDGE_CURVE ( 'NONE', #1932, #3077, #3062, .T. ) ;
#13 = ORIENTED_EDGE ( 'NONE', *, *, #624, .T. ) ;
#14 = PLANE ( 'NONE',  #179 ) ;
#15 = DIRECTION ( 'NONE',  ( 0.7430509880625585373, 0.000000000000000000, 0.6692348086727524237 ) ) ;
#16 = EDGE_CURVE ( 'NONE', #2164, #4035, #3855, .T. ) ;
#17 = DIRECTION ( 'NONE',  ( 0.9996385584632171417, 0.000000000000000000, -0.02688405537825780053 ) ) ;
#18 = VECTOR ( 'NONE', #3006, 1000.000000000000000 ) ;
#19 = LINE ( 'NONE', #2608, #1554 ) ;
#20 = LINE ( 'NONE', #1276, #1371 ) ;
#21 = ORIENTED_EDGE ( 'NONE', *, *, #2032, .T. ) ;
#22 = AXIS2_PLACEMENT_3D ( 'NONE', #3536, #4217, #2605 ) ;
#23 = CARTESIAN_POINT ( 'NONE',  ( -133.4891725394467130, 445.4444399999999860, 26.94334252204056313 ) ) ;
#24 = DIRECTION ( 'NONE',  ( -0.7248872777925956523, 0.000000000000000000, 0.6888675014067946467 ) ) ;
#25 = LINE ( 'NONE', #3949, #1930 ) ;
#26 = AXIS2_PLACEMENT_3D ( 'NONE', #3510, #1889, #2785 ) ;
#27 = ORIENTED_EDGE ( 'NONE', *, *, #416, .F. ) ;
#28 = VECTOR ( 'NONE', #930, 1000.000000000000000 ) ;
#29 = CARTESIAN_POINT ( 'NONE',  ( -238.1161579706514999, 444.4444399999999860, 8.063291191233982858 ) ) ;
#30 = DIRECTION ( 'NONE',  ( -0.9996497148847962588, 0.000000000000000000, 0.02646596929541218668 ) ) ;
#31 = EDGE_LOOP ( 'NONE', ( #4142, #2786, #2370, #3089 ) ) ;
#32 = ORIENTED_EDGE ( 'NONE', *, *, #270, .F. ) ;
#33 = CARTESIAN_POINT ( 'NONE',  ( -165.8831520761353886, 444.4444399999999860, 24.32831145586023425 ) ) ;
#34 = CARTESIAN_POINT ( 'NONE',  ( -256.9585437124908367, 444.4444399999999860, 8.029623923538258268 ) ) ;
#35 = ADVANCED_FACE ( 'NONE', ( #272 ), #1569, .F. ) ;
#36 = ORIENTED_EDGE ( 'NONE', *, *, #1406, .T. ) ;
#37 = CARTESIAN_POINT ( 'NONE',  ( -148.6143614906607695, 445.4444399999999860, 25.96668747503414920 ) ) ;
#38 = EDGE_CURVE ( 'NONE', #539, #3013, #2517, .T. ) ;
#39 = DIRECTION ( 'NONE',  ( 0.000000000000000000, -1.000000000000000000, 0.000000000000000000 ) ) ;
#40 = CARTESIAN_POINT ( 'NONE',  ( -292.2377533026771061, 444.4444400000000428, 1.650914772662632979 ) ) ;
#41 = ORIENTED_EDGE ( 'NONE', *, *, #2091, .F. ) ;
#42 = APPLICATION_CONTEXT ( 'automotive_design' ) ;
#43 = DIRECTION ( 'NONE',  ( 0.02646596929541375487, 0.000000000000000000, 0.9996497148847961478 ) ) ;
#44 = CYLINDRICAL_SURFACE ( 'NONE', #1618, 0.6000000000000224043 ) ;
#45 = VECTOR ( 'NONE', #2868, 1000.000000000000000 ) ;
#46 = DIRECTION ( 'NONE',  ( -0.8323741106893918218, 0.000000000000000000, -0.5542141642488435105 ) ) ;
#47 = ORIENTED_EDGE ( 'NONE', *, *, #4179, .T. ) ;
#48 = VECTOR ( 'NONE', #4030, 1000.000000000000000 ) ;
#49 = DIRECTION ( 'NONE',  ( 0.000000000000000000, 0.000000000000000000, -1.000000000000000000 ) ) ;
#50 = CARTESIAN_POINT ( 'NONE',  ( -259.4640068570271865, 444.4444400000003270, 8.261595196955697773 ) ) ;
#51 = VECTOR ( 'NONE', #335, 1000.000000000000000 ) ;
#52 = ORIENTED_EDGE ( 'NONE', *, *, #3372, .F. ) ;
#53 = DIRECTION ( 'NONE',  ( 0.000000000000000000, -1.000000000000000000, 0.000000000000000000 ) ) ;
#54 = CARTESIAN_POINT ( 'NONE',  ( -260.7629341024527889, 444.4444399999999291, 6.944829825261215284 ) ) ;
#55 = CARTESIAN_POINT ( 'NONE',  ( -233.7501719711009400, 445.4444399999999860, 12.65756759363638473 ) ) ;
#56 = CARTESIAN_POINT ( 'NONE',  ( -234.0545347927723299, 444.4444399999999860, 13.49861650587893713 ) ) ;
#57 = EDGE_CURVE ( 'NONE', #3761, #3347, #935, .T. ) ;
#58 = DIRECTION ( 'NONE',  ( 0.3664463843337242843, 0.000000000000000000, 0.9304391691071159931 ) ) ;
#59 = CARTESIAN_POINT ( 'NONE',  ( -165.6223296465139185, 445.4444399999999860, 24.42217258159240956 ) ) ;
#60 = ORIENTED_EDGE ( 'NONE', *, *, #749, .T. ) ;
#61 = ORIENTED_EDGE ( 'NONE', *, *, #1431, .T. ) ;
#62 = EDGE_CURVE ( 'NONE', #121, #236, #3535, .T. ) ;
#63 = CARTESIAN_POINT ( 'NONE',  ( -50.02817683524102677, 445.4444399999999860, -52.64406993357871301 ) ) ;
#64 = CARTESIAN_POINT ( 'NONE',  ( -245.5651775961718499, 445.4444399999999860, 7.743979073360947041 ) ) ;
#65 = ORIENTED_EDGE ( 'NONE', *, *, #2602, .T. ) ;
#66 = CARTESIAN_POINT ( 'NONE',  ( -266.5886069382466985, 533.3333280000000514, 9.579359346246574702 ) ) ;
#67 = CARTESIAN_POINT ( 'NONE',  ( -250.7667120139427368, 444.4444400000003270, 10.33830807117639772 ) ) ;
#68 = FILL_AREA_STYLE_COLOUR ( '', #3176 ) ;
#69 = ORIENTED_EDGE ( 'NONE', *, *, #329, .F. ) ;
#70 = LINE ( 'NONE', #1033, #2017 ) ;
#71 = CARTESIAN_POINT ( 'NONE',  ( -112.7508309264628537, 444.4444399999999291, 7.689384925053575515 ) ) ;
#72 = CARTESIAN_POINT ( 'NONE',  ( -165.3351817206900307, 445.4444399999999291, 24.38920419235038395 ) ) ;
#73 = DIRECTION ( 'NONE',  ( 0.6888675014067496827, 0.000000000000000000, 0.7248872777926385069 ) ) ;
#74 = ORIENTED_EDGE ( 'NONE', *, *, #814, .T. ) ;
#75 = CARTESIAN_POINT ( 'NONE',  ( -123.0258495498963782, 449.4444400000000428, 8.956862106542860857 ) ) ;
#76 = EDGE_CURVE ( 'NONE', #1464, #1695, #3318, .T. ) ;
#77 = ORIENTED_EDGE ( 'NONE', *, *, #983, .F. ) ;
#78 = EDGE_LOOP ( 'NONE', ( #3201, #3734, #417 ) ) ;
#79 = CIRCLE ( 'NONE', #1510, 0.4000000000000045186 ) ;
#80 = CARTESIAN_POINT ( 'NONE',  ( -251.9670063117948473, 445.4444399999999860, 7.103975348474945939 ) ) ;
#81 = EDGE_CURVE ( 'NONE', #621, #2885, #956, .T. ) ;
#82 = CARTESIAN_POINT ( 'NONE',  ( -195.5153179788389366, 445.4444399999999860, 9.290924107538646837 ) ) ;
#83 = VECTOR ( 'NONE', #4138, 1000.000000000000000 ) ;
#84 = ORIENTED_EDGE ( 'NONE', *, *, #3170, .F. ) ;
#85 = LINE ( 'NONE', #3293, #1098 ) ;
#86 = CARTESIAN_POINT ( 'NONE',  ( -300.0000000000000000, 533.3333280000000514, -0.1621621621621254228 ) ) ;
#87 = ADVANCED_FACE ( 'NONE', ( #1871 ), #3169, .T. ) ;
#88 = CARTESIAN_POINT ( 'NONE',  ( -266.6398104252422172, 444.4444399999999860, 6.507882213807866911 ) ) ;
#89 = VERTEX_POINT ( 'NONE', #799 ) ;
#90 = VECTOR ( 'NONE', #1089, 1000.000000000000000 ) ;
#91 = EDGE_LOOP ( 'NONE', ( #2038, #3705, #2186, #682 ) ) ;
#92 = CARTESIAN_POINT ( 'NONE',  ( -285.1034899455572713, 533.3333280000000514, 1.323141469673185799 ) ) ;
#93 = FACE_OUTER_BOUND ( 'NONE', #1832, .T. ) ;
#94 = DIRECTION ( 'NONE',  ( -0.7248872777926381739, 0.000000000000000000, 0.6888675014067500157 ) ) ;
#95 = CARTESIAN_POINT ( 'NONE',  ( -164.2408507514722658, 444.4444399999999860, 24.50836570409218851 ) ) ;
#96 = CARTESIAN_POINT ( 'NONE',  ( -49.20153583356039206, 445.4444399999999860, -51.77420520022902650 ) ) ;
#97 = ORIENTED_EDGE ( 'NONE', *, *, #2768, .T. ) ;
#98 = CARTESIAN_POINT ( 'NONE',  ( -112.2016622524414373, 449.4444399999999860, 28.10930200660903822 ) ) ;
#99 = CARTESIAN_POINT ( 'NONE',  ( -196.2236163048101787, 444.4444399999999860, 21.18604354544763169 ) ) ;
#100 = ORIENTED_EDGE ( 'NONE', *, *, #4038, .T. ) ;
#101 = ORIENTED_EDGE ( 'NONE', *, *, #1044, .T. ) ;
#102 = EDGE_CURVE ( 'NONE', #3694, #1434, #3551, .T. ) ;
#103 = CARTESIAN_POINT ( 'NONE',  ( -259.5469776146223921, 444.4444399999999860, 7.017902761774131193 ) ) ;
#104 = AXIS2_PLACEMENT_3D ( 'NONE', #3051, #3395, #125 ) ;
#105 = DIRECTION ( 'NONE',  ( -0.001877162694616514409, 0.000000000000000000, 0.9999982381285568156 ) ) ;
#106 = CARTESIAN_POINT ( 'NONE',  ( -265.8557205421092817, 449.4444399999999860, 6.670256816194243932 ) ) ;
#107 = VERTEX_POINT ( 'NONE', #3084 ) ;
#108 = ORIENTED_EDGE ( 'NONE', *, *, #317, .F. ) ;
#109 = CARTESIAN_POINT ( 'NONE',  ( -233.2886263910396281, 444.4444399999999860, 13.32257616013495394 ) ) ;
#110 = EDGE_CURVE ( 'NONE', #2536, #1975, #605, .T. ) ;
#111 = CARTESIAN_POINT ( 'NONE',  ( -194.9083746375344788, 449.4444400000000428, 9.302397801995841320 ) ) ;
#112 = LINE ( 'NONE', #2397, #2483 ) ;
#113 = VECTOR ( 'NONE', #17, 1000.000000000000000 ) ;
#114 = LINE ( 'NONE', #1413, #720 ) ;
#115 = VECTOR ( 'NONE', #3874, 1000.000000000000000 ) ;
#116 = FACE_OUTER_BOUND ( 'NONE', #31, .T. ) ;
#117 = FACE_OUTER_BOUND ( 'NONE', #4081, .T. ) ;
#118 = ORIENTED_EDGE ( 'NONE', *, *, #3725, .T. ) ;
#119 = CARTESIAN_POINT ( 'NONE',  ( -176.9684519223427230, 445.4444399999999860, 22.98833891310567168 ) ) ;
#120 = CARTESIAN_POINT ( 'NONE',  ( -222.5213143660519393, 449.4444399999999860, 15.49895004327472492 ) ) ;
#121 = VERTEX_POINT ( 'NONE', #1939 ) ;
#122 = EDGE_LOOP ( 'NONE', ( #1142, #2701, #2729, #2267, #3433 ) ) ;
#123 = FACE_OUTER_BOUND ( 'NONE', #1877, .T. ) ;
#124 = CARTESIAN_POINT ( 'NONE',  ( -112.7120578240558046, 449.4444400000003839, 28.11340712263204367 ) ) ;
#125 = DIRECTION ( 'NONE',  ( 0.06567303980416458464, 0.000000000000000000, -0.9978411957034448720 ) ) ;
#126 = EDGE_CURVE ( 'NONE', #3202, #2957, #2105, .T. ) ;
#127 = VERTEX_POINT ( 'NONE', #3237 ) ;
#128 = ORIENTED_EDGE ( 'NONE', *, *, #1428, .F. ) ;
#129 = LINE ( 'NONE', #2719, #2705 ) ;
#130 = CARTESIAN_POINT ( 'NONE',  ( -223.8634068827337842, 444.4444400000000428, 8.578241106067626021 ) ) ;
#131 = DIRECTION ( 'NONE',  ( -0.009894637397860174891, 0.000000000000000000, 0.9999510468771782845 ) ) ;
#132 = EDGE_CURVE ( 'NONE', #3310, #231, #3710, .T. ) ;
#133 = CARTESIAN_POINT ( 'NONE',  ( -194.9083746375344788, 449.4444399999999860, 9.302397801995864413 ) ) ;
#134 = PLANE ( 'NONE',  #1039 ) ;
#135 = LINE ( 'NONE', #474, #2770 ) ;
#136 = EDGE_CURVE ( 'NONE', #3129, #1246, #3404, .T. ) ;
#137 = EDGE_CURVE ( 'NONE', #2164, #1903, #583, .T. ) ;
#138 = CARTESIAN_POINT ( 'NONE',  ( -214.4271038798466407, 444.4444399999999860, 9.134510303739020287 ) ) ;
#139 = CARTESIAN_POINT ( 'NONE',  ( -165.6192316589048232, 445.4444399999999860, 22.77181901356583182 ) ) ;
#140 = LINE ( 'NONE', #2991, #4171 ) ;
#141 = B_SPLINE_CURVE_WITH_KNOTS ( 'NONE', 3,
 ( #1239, #2553, #576, #3845, #2184, #508, #4076, #2208, #3459 ),
 .UNSPECIFIED., .F., .F.,
 ( 4, 1, 1, 1, 1, 1, 4 ),
 ( 0.9389019328317708135, 0.9448400810633539315, 0.9507782292949371605, 0.9626545257581033965, 0.9745308222212696325, 0.9804689704528527505, 0.9864071186844358685 ),
 .UNSPECIFIED. ) ;
#142 = VERTEX_POINT ( 'NONE', #3829 ) ;
#143 = ORIENTED_EDGE ( 'NONE', *, *, #3304, .F. ) ;
#144 = ORIENTED_EDGE ( 'NONE', *, *, #3340, .T. ) ;
#145 = FACE_BOUND ( 'NONE', #882, .T. ) ;
#146 = CARTESIAN_POINT ( 'NONE',  ( -164.4223317607596471, 445.4444399999999860, 24.42442517682594882 ) ) ;
#147 = CARTESIAN_POINT ( 'NONE',  ( -194.9083746375344788, 444.4444399999999860, 9.302397801995864413 ) ) ;
#148 = AXIS2_PLACEMENT_3D ( 'NONE', #3009, #2372, #49 ) ;
#149 = VERTEX_POINT ( 'NONE', #292 ) ;
#150 = B_SPLINE_CURVE_WITH_KNOTS ( 'NONE', 13,
 ( #1118, #2565, #4195, #1992, #1327, #3319, #2357, #92, #2642, #1348, #3299, #2011, #388, #2661 ),
 .UNSPECIFIED., .F., .F.,
 ( 14, 14 ),
 ( 0.9375780134687023981, 1.000000000000000000 ),
 .UNSPECIFIED. ) ;
#151 = ORIENTED_EDGE ( 'NONE', *, *, #2098, .T. ) ;
#152 = CARTESIAN_POINT ( 'NONE',  ( -269.9384435895149750, 533.3333280000000514, 3.340010526439053606 ) ) ;
#153 = CIRCLE ( 'NONE', #299, 0.6000000000000033085 ) ;
#154 = CARTESIAN_POINT ( 'NONE',  ( -290.3110310810180863, 444.4444399999999291, 3.099905874896820901 ) ) ;
#155 = LINE ( 'NONE', #1035, #3769 ) ;
#156 = AXIS2_PLACEMENT_3D ( 'NONE', #619, #1934, #4214 ) ;
#157 = ORIENTED_EDGE ( 'NONE', *, *, #3668, .T. ) ;
#158 = LINE ( 'NONE', #818, #3994 ) ;
#159 = EDGE_CURVE ( 'NONE', #3141, #2965, #3519, .T. ) ;
#160 = CARTESIAN_POINT ( 'NONE',  ( -242.2175209746788767, 445.4444399999999860, 10.84057262307062963 ) ) ;
#161 = CIRCLE ( 'NONE', #1447, 6.324999999999983302 ) ;
#162 = FACE_OUTER_BOUND ( 'NONE', #1936, .T. ) ;
#163 = DIRECTION ( 'NONE',  ( -0.2442954651673957256, 0.000000000000000000, 0.9697008434041118896 ) ) ;
#164 = EDGE_CURVE ( 'NONE', #3173, #3839, #2235, .T. ) ;
#165 = LINE ( 'NONE', #2524, #2514 ) ;
#166 = CARTESIAN_POINT ( 'NONE',  ( -268.4179018087319832, 533.3333280000000514, 2.647210225857725252 ) ) ;
#167 = ORIENTED_EDGE ( 'NONE', *, *, #1376, .F. ) ;
#168 = ORIENTED_EDGE ( 'NONE', *, *, #2938, .F. ) ;
#169 = FACE_BOUND ( 'NONE', #1818, .T. ) ;
#170 = CARTESIAN_POINT ( 'NONE',  ( -165.6192316589048232, 444.4444399999999860, 22.77181901356583182 ) ) ;
#171 = DIRECTION ( 'NONE',  ( 0.9999423315618068964, 0.000000000000000000, -0.01073934591757915065 ) ) ;
#172 = DIRECTION ( 'NONE',  ( 0.000000000000000000, -1.000000000000000000, 0.000000000000000000 ) ) ;
#173 = ORIENTED_EDGE ( 'NONE', *, *, #3813, .T. ) ;
#174 = ORIENTED_EDGE ( 'NONE', *, *, #1692, .T. ) ;
#175 = CARTESIAN_POINT ( 'NONE',  ( -221.8295757527612295, 445.4444399999999860, 15.06553218126491878 ) ) ;
#176 = CARTESIAN_POINT ( 'NONE',  ( -265.7189512413809211, 444.4444399999999291, 5.831332410556393064 ) ) ;
#177 = CARTESIAN_POINT ( 'NONE',  ( -234.4537921693520843, 444.4444399999999860, 13.07848260166416843 ) ) ;
#178 = CIRCLE ( 'NONE', #3037, 0.4000000000000461520 ) ;
#179 = AXIS2_PLACEMENT_3D ( 'NONE', #1668, #3615, #2337 ) ;
#180 = ORIENTED_EDGE ( 'NONE', *, *, #2954, .F. ) ;
#181 = DIRECTION ( 'NONE',  ( 0.000000000000000000, -1.000000000000000000, 0.000000000000000000 ) ) ;
#182 = CARTESIAN_POINT ( 'NONE',  ( -256.2632107768854439, 445.4444399999999860, 7.656061426429951133 ) ) ;
#183 = AXIS2_PLACEMENT_3D ( 'NONE', #409, #2607, #1673 ) ;
#184 = LINE ( 'NONE', #2857, #1271 ) ;
#185 = EDGE_CURVE ( 'NONE', #1555, #2216, #2218, .T. ) ;
#186 = AXIS2_PLACEMENT_3D ( 'NONE', #2022, #3345, #2330 ) ;
#187 = ORIENTED_EDGE ( 'NONE', *, *, #2036, .F. ) ;
#188 = DIRECTION ( 'NONE',  ( -0.7248872777926381739, 0.000000000000000000, 0.6888675014067500157 ) ) ;
#189 = FACE_OUTER_BOUND ( 'NONE', #3791, .T. ) ;
#190 = EDGE_CURVE ( 'NONE', #3202, #3694, #150, .T. ) ;
#191 = EDGE_LOOP ( 'NONE', ( #1318, #2154, #84, #2044 ) ) ;
#192 = VERTEX_POINT ( 'NONE', #370 ) ;
#193 = FACE_BOUND ( 'NONE', #3065, .T. ) ;
#194 = DIRECTION ( 'NONE',  ( 0.7248872777925956523, 0.000000000000000000, -0.6888675014067946467 ) ) ;
#195 = CARTESIAN_POINT ( 'NONE',  ( -290.1850476729546244, 444.4444399999999860, 2.279926096537435498 ) ) ;
#196 = CARTESIAN_POINT ( 'NONE',  ( -285.9904385892327809, 533.3333280000000514, 3.527721545625112753 ) ) ;
#197 = ORIENTED_EDGE ( 'NONE', *, *, #498, .T. ) ;
#198 = ORIENTED_EDGE ( 'NONE', *, *, #2057, .F. ) ;
#199 = CARTESIAN_POINT ( 'NONE',  ( -267.1688184859924604, 533.3333280000000514, 8.607714735570329623 ) ) ;
#200 = CARTESIAN_POINT ( 'NONE',  ( -214.1361376603798305, 444.4444399999999860, 8.860027491220346718 ) ) ;
#201 = CARTESIAN_POINT ( 'NONE',  ( -194.9083746375344788, 444.4444399999999860, 9.302397801995864413 ) ) ;
#202 = ORIENTED_EDGE ( 'NONE', *, *, #3138, .F. ) ;
#203 = CARTESIAN_POINT ( 'NONE',  ( -300.0000000000000000, 444.4444399999999860, -0.1621621621621254228 ) ) ;
#204 = CARTESIAN_POINT ( 'NONE',  ( -196.3571183543445215, 444.4444399999999860, 20.16374226176603202 ) ) ;
#205 = FACE_OUTER_BOUND ( 'NONE', #2029, .T. ) ;
#206 = ORIENTED_EDGE ( 'NONE', *, *, #2824, .F. ) ;
#207 = EDGE_CURVE ( 'NONE', #1558, #107, #3631, .T. ) ;
#208 = LINE ( 'NONE', #1806, #1479 ) ;
#209 = CARTESIAN_POINT ( 'NONE',  ( -287.7366072069025904, 533.3333280000000514, 1.077373546304119856 ) ) ;
#210 = ORIENTED_EDGE ( 'NONE', *, *, #393, .F. ) ;
#211 = ORIENTED_EDGE ( 'NONE', *, *, #1692, .F. ) ;
#212 = CARTESIAN_POINT ( 'NONE',  ( -190.2778826472211335, 444.4444399999999860, 21.11138721320716627 ) ) ;
#213 = EDGE_CURVE ( 'NONE', #805, #1555, #1688, .T. ) ;
#214 = CARTESIAN_POINT ( 'NONE',  ( -238.7043891112622589, 445.4444399999999860, 8.605628765596051721 ) ) ;
#215 = CARTESIAN_POINT ( 'NONE',  ( -297.6249865866923869, 444.4444400000000428, 0.7942685039227672661 ) ) ;
#216 = CARTESIAN_POINT ( 'NONE',  ( -178.1626288332160470, 449.4444399999999860, 22.83150142084985745 ) ) ;
#217 = ORIENTED_EDGE ( 'NONE', *, *, #3725, .F. ) ;
#218 = ORIENTED_EDGE ( 'NONE', *, *, #1003, .T. ) ;
#219 = CARTESIAN_POINT ( 'NONE',  ( 0.000000000000000000, 0.000000000000000000, 0.000000000000000000 ) ) ;
#220 = CARTESIAN_POINT ( 'NONE',  ( -240.4624955004808839, 533.3333280000000514, 7.187158872640684315 ) ) ;
#221 = EDGE_CURVE ( 'NONE', #3803, #2656, #3956, .T. ) ;
#222 = DIRECTION ( 'NONE',  ( 0.000000000000000000, 0.000000000000000000, -1.000000000000000000 ) ) ;
#223 = VECTOR ( 'NONE', #3118, 1000.000000000000000 ) ;
#224 = ADVANCED_BREP_SHAPE_REPRESENTATION ( 'rib 7', ( #1718, #4110 ), #364 ) ;
#225 = ORIENTED_EDGE ( 'NONE', *, *, #3344, .T. ) ;
#226 = LINE ( 'NONE', #3212, #3259 ) ;
#227 = AXIS2_PLACEMENT_3D ( 'NONE', #350, #1330, #3918 ) ;
#228 = CARTESIAN_POINT ( 'NONE',  ( -196.0844992106079587, 444.4444399999999860, 9.280012691016615634 ) ) ;
#229 = AXIS2_PLACEMENT_3D ( 'NONE', #1346, #2335, #3294 ) ;
#230 = CARTESIAN_POINT ( 'NONE',  ( -238.1161579706514999, 444.4444399999999860, 8.063291191233982858 ) ) ;
#231 = VERTEX_POINT ( 'NONE', #1013 ) ;
#232 = B_SPLINE_CURVE_WITH_KNOTS ( 'NONE', 3,
 ( #2168, #2491, #1845, #3442, #177 ),
 .UNSPECIFIED., .F., .F.,
 ( 4, 1, 4 ),
 ( 0.06400162183560563489, 0.06792636788951803006, 0.07137993711129238250 ),
 .UNSPECIFIED. ) ;
#233 = DIRECTION ( 'NONE',  ( 0.000000000000000000, 1.000000000000000000, -0.000000000000000000 ) ) ;
#234 = CARTESIAN_POINT ( 'NONE',  ( -279.6950825009786854, 533.3333280000000514, 1.796581939439624742 ) ) ;
#235 = EDGE_LOOP ( 'NONE', ( #2834, #1991, #3913, #3140 ) ) ;
#236 = VERTEX_POINT ( 'NONE', #2681 ) ;
#237 = DIRECTION ( 'NONE',  ( -0.02688405537843112716, 0.000000000000000000, -0.9996385584632124788 ) ) ;
#238 = FACE_OUTER_BOUND ( 'NONE', #857, .T. ) ;
#239 = CARTESIAN_POINT ( 'NONE',  ( -257.9411096058675525, 445.4444399999999860, 7.457080077633684745 ) ) ;
#240 = CARTESIAN_POINT ( 'NONE',  ( -234.4537921693520843, 445.4444399999999860, 13.07848260166416487 ) ) ;
#241 = ORIENTED_EDGE ( 'NONE', *, *, #579, .T. ) ;
#242 = EDGE_CURVE ( 'NONE', #2637, #1038, #70, .T. ) ;
#243 = VERTEX_POINT ( 'NONE', #33 ) ;
#244 = DIRECTION ( 'NONE',  ( 0.000000000000000000, 0.000000000000000000, -1.000000000000000000 ) ) ;
#245 = DIRECTION ( 'NONE',  ( -0.7248872777926378408, 0.000000000000000000, 0.6888675014067503488 ) ) ;
#246 = VERTEX_POINT ( 'NONE', #2321 ) ;
#247 = ADVANCED_FACE ( 'NONE', ( #3975 ), #14, .F. ) ;
#248 = CARTESIAN_POINT ( 'NONE',  ( -287.7366072063900901, 444.4444399999999860, 1.077373546353734390 ) ) ;
#249 = DIRECTION ( 'NONE',  ( 0.000000000000000000, 1.000000000000000000, -0.000000000000000000 ) ) ;
#250 = LINE ( 'NONE', #3763, #488 ) ;
#251 = B_SPLINE_CURVE_WITH_KNOTS ( 'NONE', 3,
 ( #2673, #2023, #399, #3677, #415, #1721, #3026, #99, #2709, #756, #4112, #2836, #4133, #2177, #1876, #2862 ),
 .UNSPECIFIED., .F., .F.,
 ( 4, 1, 1, 1, 1, 1, 1, 1, 1, 1, 1, 1, 1, 4 ),
 ( 0.03891155862395574011, 0.04061555485877392513, 0.04231955109358285366, 0.05452787951388714249, 0.06815984939235858464, 0.08179181927083004067, 0.1090557590277729250, 0.1363196987847158093, 0.1499516686631872653, 0.1635836385416586936, 0.1772156084201301496, 0.1908475782986016056, 0.1928611597997482718, 0.1945651560345577347 ),
 .UNSPECIFIED. ) ;
#252 = VECTOR ( 'NONE', #3822, 1000.000000000000000 ) ;
#253 = DIRECTION ( 'NONE',  ( 0.000000000000000000, -1.000000000000000000, 0.000000000000000000 ) ) ;
#254 = ORIENTED_EDGE ( 'NONE', *, *, #959, .F. ) ;
#255 = DIRECTION ( 'NONE',  ( 0.7248872777926381739, 0.000000000000000000, -0.6888675014067500157 ) ) ;
#256 = CARTESIAN_POINT ( 'NONE',  ( -274.1238790097720539, 444.4444400000000428, 2.239275516227556828 ) ) ;
#257 = VERTEX_POINT ( 'NONE', #1049 ) ;
#258 = EDGE_LOOP ( 'NONE', ( #13, #851, #1915, #3990, #4088, #1210 ) ) ;
#259 = VERTEX_POINT ( 'NONE', #688 ) ;
#260 = VECTOR ( 'NONE', #3220, 1000.000000000000000 ) ;
#261 = CARTESIAN_POINT ( 'NONE',  ( -259.3915731961845381, 449.4444399999999860, 7.445118414148630848 ) ) ;
#262 = DIRECTION ( 'NONE',  ( 0.000000000000000000, -1.000000000000000000, 0.000000000000000000 ) ) ;
#263 = LINE ( 'NONE', #1838, #223 ) ;
#264 = CARTESIAN_POINT ( 'NONE',  ( -280.6338063822639128, 533.3333280000000514, 5.055185953166550838 ) ) ;
#265 = ORIENTED_EDGE ( 'NONE', *, *, #1921, .T. ) ;
#266 = EDGE_LOOP ( 'NONE', ( #3506, #3167, #1583, #752, #3903, #3008, #817, #466, #3936, #1048, #2452, #2748, #1061, #198, #1966, #1850, #1898, #601, #2932, #2418, #4060, #1165 ) ) ;
#267 = FACE_OUTER_BOUND ( 'NONE', #617, .T. ) ;
#268 = FACE_OUTER_BOUND ( 'NONE', #3317, .T. ) ;
#269 = EDGE_CURVE ( 'NONE', #4001, #2965, #2979, .T. ) ;
#270 = EDGE_CURVE ( 'NONE', #2247, #2794, #2998, .T. ) ;
#271 = CARTESIAN_POINT ( 'NONE',  ( -264.6795704296161489, 533.3333280000000514, 5.899739385249729295 ) ) ;
#272 = FACE_OUTER_BOUND ( 'NONE', #1625, .T. ) ;
#273 = CARTESIAN_POINT ( 'NONE',  ( -249.8586558847692345, 444.4444399999999860, 9.692726198989218389 ) ) ;
#274 = EDGE_CURVE ( 'NONE', #3374, #356, #3649, .T. ) ;
#275 = PLANE ( 'NONE',  #1954 ) ;
#276 = VERTEX_POINT ( 'NONE', #3257 ) ;
#277 = EDGE_CURVE ( 'NONE', #2187, #2940, #2147, .T. ) ;
#278 = CARTESIAN_POINT ( 'NONE',  ( -241.7602381807119798, 444.4444399999999860, 11.50963215707254861 ) ) ;
#279 = CARTESIAN_POINT ( 'NONE',  ( -270.6058122691740664, 533.3333280000000514, 7.731282320555687093 ) ) ;
#280 = B_SPLINE_CURVE_WITH_KNOTS ( 'NONE', 3,
 ( #2167, #3462, #1844, #1196, #200 ),
 .UNSPECIFIED., .F., .F.,
 ( 4, 1, 4 ),
 ( 0.8284300751928155293, 0.8494027461549507052, 0.8560913039751901765 ),
 .UNSPECIFIED. ) ;
#281 = VERTEX_POINT ( 'NONE', #975 ) ;
#282 = ORIENTED_EDGE ( 'NONE', *, *, #2804, .T. ) ;
#283 = LINE ( 'NONE', #1579, #912 ) ;
#284 = LINE ( 'NONE', #2887, #1134 ) ;
#285 = CARTESIAN_POINT ( 'NONE',  ( -222.5213143660649848, 445.4444399999999860, 15.49895004327217585 ) ) ;
#286 = ORIENTED_EDGE ( 'NONE', *, *, #1962, .T. ) ;
#287 = ORIENTED_EDGE ( 'NONE', *, *, #1570, .F. ) ;
#288 = LINE ( 'NONE', #1626, #3842 ) ;
#289 = DIRECTION ( 'NONE',  ( 0.1609050596805300382, 0.000000000000000000, -0.9869698889881115544 ) ) ;
#290 = ORIENTED_EDGE ( 'NONE', *, *, #3304, .T. ) ;
#291 = DIRECTION ( 'NONE',  ( 0.001877162694616514409, 0.000000000000000000, -0.9999982381285568156 ) ) ;
#292 = CARTESIAN_POINT ( 'NONE',  ( -221.8295757527612295, 444.4444399999999860, 15.06553218126492055 ) ) ;
#293 = DIRECTION ( 'NONE',  ( 0.000000000000000000, -1.000000000000000000, 0.000000000000000000 ) ) ;
#294 = FACE_OUTER_BOUND ( 'NONE', #2292, .T. ) ;
#295 = VECTOR ( 'NONE', #1021, 1000.000000000000000 ) ;
#296 = B_SPLINE_CURVE_WITH_KNOTS ( 'NONE', 3,
 ( #964, #2268, #3841, #923, #3561 ),
 .UNSPECIFIED., .F., .F.,
 ( 4, 1, 4 ),
 ( 0.9063446169645016370, 0.9081862576974655266, 0.9138388755448292322 ),
 .UNSPECIFIED. ) ;
#297 = ORIENTED_EDGE ( 'NONE', *, *, #2750, .F. ) ;
#298 = EDGE_CURVE ( 'NONE', #2532, #969, #1631, .T. ) ;
#299 = AXIS2_PLACEMENT_3D ( 'NONE', #3049, #3986, #1028 ) ;
#300 = CARTESIAN_POINT ( 'NONE',  ( -176.8473984958616256, 444.4444399999999860, 11.19227220079777396 ) ) ;
#301 = CARTESIAN_POINT ( 'NONE',  ( -154.5807832906197916, 449.4444399999999860, 26.32937649834314442 ) ) ;
#302 = VECTOR ( 'NONE', #3031, 1000.000000000000000 ) ;
#303 = VERTEX_POINT ( 'NONE', #2302 ) ;
#304 = EDGE_CURVE ( 'NONE', #1163, #1629, #456, .T. ) ;
#305 = EDGE_LOOP ( 'NONE', ( #652, #974, #1331, #2212 ) ) ;
#306 = CYLINDRICAL_SURFACE ( 'NONE', #3760, 9.999999999999991118 ) ;
#307 = CARTESIAN_POINT ( 'NONE',  ( -150.2687402496345612, 444.4444399999999860, 9.575102033794678391 ) ) ;
#308 = CARTESIAN_POINT ( 'NONE',  ( -181.6565702130959892, 444.4444399999999860, 22.36918686938166445 ) ) ;
#309 = ORIENTED_EDGE ( 'NONE', *, *, #2082, .T. ) ;
#310 = LINE ( 'NONE', #327, #28 ) ;
#311 = LINE ( 'NONE', #952, #3630 ) ;
#312 = ORIENTED_EDGE ( 'NONE', *, *, #1145, .T. ) ;
#313 = EDGE_LOOP ( 'NONE', ( #2882, #613, #363 ) ) ;
#314 = CARTESIAN_POINT ( 'NONE',  ( -192.5000000000002274, 449.4444399999999860, 15.15093237103806700 ) ) ;
#315 = FACE_OUTER_BOUND ( 'NONE', #1305, .T. ) ;
#316 = CARTESIAN_POINT ( 'NONE',  ( -233.4746249705381729, 445.4444399999999860, 12.94752250475350053 ) ) ;
#317 = EDGE_CURVE ( 'NONE', #337, #1284, #3593, .T. ) ;
#318 = EDGE_CURVE ( 'NONE', #1163, #2165, #1650, .T. ) ;
#319 = CARTESIAN_POINT ( 'NONE',  ( -267.1688184859924604, 444.4444400000000428, 8.607714735570331399 ) ) ;
#320 = ORIENTED_EDGE ( 'NONE', *, *, #2647, .F. ) ;
#321 = CARTESIAN_POINT ( 'NONE',  ( -196.3571183543442658, 444.4444400000000428, 20.16374226176606399 ) ) ;
#322 = LINE ( 'NONE', #1640, #452 ) ;
#323 = EDGE_CURVE ( 'NONE', #3700, #149, #2443, .T. ) ;
#324 = CARTESIAN_POINT ( 'NONE',  ( -248.5104516239174757, 449.4444399999999860, 10.00099284819229695 ) ) ;
#325 = ORIENTED_EDGE ( 'NONE', *, *, #2240, .T. ) ;
#326 = VECTOR ( 'NONE', #1487, 1000.000000000000000 ) ;
#327 = CARTESIAN_POINT ( 'NONE',  ( -300.0000000000000000, 533.3333280000000514, -0.1621621621621254228 ) ) ;
#328 = DIRECTION ( 'NONE',  ( -0.6965575549846637626, 0.000000000000000000, -0.7175009216675524160 ) ) ;
#329 = EDGE_CURVE ( 'NONE', #486, #2558, #1476, .T. ) ;
#330 = VERTEX_POINT ( 'NONE', #766 ) ;
#331 = ORIENTED_EDGE ( 'NONE', *, *, #732, .T. ) ;
#332 = CARTESIAN_POINT ( 'NONE',  ( -165.1945694306308212, 445.4444399999999291, 9.630992313254461479 ) ) ;
#333 = CARTESIAN_POINT ( 'NONE',  ( -133.9566240984088097, 445.4444399999999860, 9.287166304838079256 ) ) ;
#334 = DIRECTION ( 'NONE',  ( 0.6888675014067499047, 0.000000000000000000, 0.7248872777926382849 ) ) ;
#335 = DIRECTION ( 'NONE',  ( 0.000000000000000000, 0.000000000000000000, 1.000000000000000000 ) ) ;
#336 = CARTESIAN_POINT ( 'NONE',  ( -280.6338063822639128, 444.4444400000000428, 5.055185953166550838 ) ) ;
#337 = VERTEX_POINT ( 'NONE', #3730 ) ;
#338 = ORIENTED_EDGE ( 'NONE', *, *, #432, .F. ) ;
#339 = CARTESIAN_POINT ( 'NONE',  ( -257.9411096058675525, 445.4444399999999860, 7.457080077633684745 ) ) ;
#340 = DIRECTION ( 'NONE',  ( -0.7248872777926366195, 0.000000000000000000, 0.6888675014067514590 ) ) ;
#341 = CARTESIAN_POINT ( 'NONE',  ( -79.01260360124966553, 445.4444399999999860, -83.14404587073116204 ) ) ;
#342 = ORIENTED_EDGE ( 'NONE', *, *, #2350, .F. ) ;
#343 = EDGE_CURVE ( 'NONE', #587, #514, #2141, .T. ) ;
#344 = CARTESIAN_POINT ( 'NONE',  ( -92.50000000000000000, 445.4444399999999860, 16.74722354252675771 ) ) ;
#345 = CARTESIAN_POINT ( 'NONE',  ( -242.2175209746788767, 444.4444399999999860, 10.84057262307062608 ) ) ;
#346 = ORIENTED_EDGE ( 'NONE', *, *, #4130, .F. ) ;
#347 = ORIENTED_EDGE ( 'NONE', *, *, #2361, .F. ) ;
#348 = DIRECTION ( 'NONE',  ( 0.000000000000000000, 1.000000000000000000, 0.000000000000000000 ) ) ;
#349 = EDGE_CURVE ( 'NONE', #1184, #2131, #1131, .T. ) ;
#350 = CARTESIAN_POINT ( 'NONE',  ( -177.5633811394796737, 444.4444399999999860, 22.91049787895995848 ) ) ;
#351 = FACE_OUTER_BOUND ( 'NONE', #708, .T. ) ;
#352 = VECTOR ( 'NONE', #4087, 1000.000000000000000 ) ;
#353 = CARTESIAN_POINT ( 'NONE',  ( -258.1834402303668980, 444.4444399999999860, 7.735716175647781689 ) ) ;
#354 = CARTESIAN_POINT ( 'NONE',  ( -141.1614346981550625, 449.4444399999999860, 27.35412429335869788 ) ) ;
#355 = ORIENTED_EDGE ( 'NONE', *, *, #978, .F. ) ;
#356 = VERTEX_POINT ( 'NONE', #3685 ) ;
#357 = VECTOR ( 'NONE', #4062, 1000.000000000000000 ) ;
#358 = DIRECTION ( 'NONE',  ( 0.8419453725790534415, 0.000000000000000000, -0.5395627763223839191 ) ) ;
#359 = CARTESIAN_POINT ( 'NONE',  ( -140.7803349292893813, 444.4444399999999860, 26.53285290016550491 ) ) ;
#360 = CARTESIAN_POINT ( 'NONE',  ( -257.1160311369277451, 449.4444399999999860, 7.991938233640874856 ) ) ;
#361 = VECTOR ( 'NONE', #3589, 1000.000000000000000 ) ;
#362 = ORIENTED_EDGE ( 'NONE', *, *, #4189, .T. ) ;
#363 = ORIENTED_EDGE ( 'NONE', *, *, #1068, .T. ) ;
#364 =( GEOMETRIC_REPRESENTATION_CONTEXT ( 3 ) GLOBAL_UNCERTAINTY_ASSIGNED_CONTEXT ( ( #3464 ) ) GLOBAL_UNIT_ASSIGNED_CONTEXT ( ( #3272, #906, #3507 ) ) REPRESENTATION_CONTEXT ( 'NONE', 'WORKASPACE' ) );
#365 = LINE ( 'NONE', #3968, #3295 ) ;
#366 = CARTESIAN_POINT ( 'NONE',  ( -154.5807832906197916, 444.4444400000003270, 26.32937649834314442 ) ) ;
#367 = ADVANCED_FACE ( 'NONE', ( #4078 ), #1151, .F. ) ;
#368 = ORIENTED_EDGE ( 'NONE', *, *, #4130, .T. ) ;
#369 = ORIENTED_EDGE ( 'NONE', *, *, #1857, .T. ) ;
#370 = CARTESIAN_POINT ( 'NONE',  ( -148.6125551966295006, 444.4444399999999860, 25.91327914437580304 ) ) ;
#371 = DIRECTION ( 'NONE',  ( -0.7248872777926381739, 0.000000000000000000, 0.6888675014067500157 ) ) ;
#372 = CARTESIAN_POINT ( 'NONE',  ( -242.5404671324269827, 445.4444400000000428, 11.33828084265113390 ) ) ;
#373 = EDGE_CURVE ( 'NONE', #3256, #1498, #129, .T. ) ;
#374 = DIRECTION ( 'NONE',  ( 0.7248872777926382849, 0.000000000000000000, -0.6888675014067499047 ) ) ;
#375 = CARTESIAN_POINT ( 'NONE',  ( -255.4287063458970408, 444.4444399999999860, 7.250587698197622721 ) ) ;
#376 = DIRECTION ( 'NONE',  ( 0.9869698889880801351, -0.000000000000000000, 0.1609050596807223288 ) ) ;
#377 = ORIENTED_EDGE ( 'NONE', *, *, #4047, .F. ) ;
#378 = LINE ( 'NONE', #1719, #3386 ) ;
#379 = VECTOR ( 'NONE', #1183, 1000.000000000000114 ) ;
#380 = CARTESIAN_POINT ( 'NONE',  ( -79.83924460293808067, 444.4444399999999860, -84.01391060408241174 ) ) ;
#381 = VECTOR ( 'NONE', #1894, 1000.000000000000000 ) ;
#382 = EDGE_LOOP ( 'NONE', ( #2417, #2140, #36, #1433 ) ) ;
#383 = VECTOR ( 'NONE', #1750, 1000.000000000000000 ) ;
#384 = CARTESIAN_POINT ( 'NONE',  ( -285.2692632531441745, 533.3333280000000514, 4.587123813238130232 ) ) ;
#385 = CARTESIAN_POINT ( 'NONE',  ( -128.1061509150808320, 449.4444400000003839, 27.97564465478143347 ) ) ;
#386 = VECTOR ( 'NONE', #398, 1000.000000000000000 ) ;
#387 = ORIENTED_EDGE ( 'NONE', *, *, #2715, .F. ) ;
#388 = CARTESIAN_POINT ( 'NONE',  ( -297.6853304518525078, 533.3333280000000514, 0.07763497805441094135 ) ) ;
#389 = DIRECTION ( 'NONE',  ( 0.000000000000000000, -1.000000000000000000, 0.000000000000000000 ) ) ;
#390 = EDGE_CURVE ( 'NONE', #3665, #1286, #813, .T. ) ;
#391 = CARTESIAN_POINT ( 'NONE',  ( -165.8831520765355094, 445.4444399999999860, 24.32831145581577204 ) ) ;
#392 = CARTESIAN_POINT ( 'NONE',  ( -123.3137327467875792, 449.4444400000000428, 27.25623171729949945 ) ) ;
#393 = EDGE_CURVE ( 'NONE', #3713, #905, #669, .T. ) ;
#394 = DIRECTION ( 'NONE',  ( -0.7248872777925956523, 0.000000000000000000, 0.6888675014067946467 ) ) ;
#395 = ORIENTED_EDGE ( 'NONE', *, *, #3576, .T. ) ;
#396 = PRODUCT_RELATED_PRODUCT_CATEGORY ( 'part', '', ( #734 ) ) ;
#397 = EDGE_CURVE ( 'NONE', #4114, #1903, #874, .T. ) ;
#398 = DIRECTION ( 'NONE',  ( -0.6888675014067527913, 0.000000000000000000, -0.7248872777926355093 ) ) ;
#399 = CARTESIAN_POINT ( 'NONE',  ( -264.2871590456990702, 444.4444399999999860, 7.064132261342629171 ) ) ;
#400 = VERTEX_POINT ( 'NONE', #2049 ) ;
#401 = DIRECTION ( 'NONE',  ( 0.000000000000000000, -1.000000000000000000, 0.000000000000000000 ) ) ;
#402 = CARTESIAN_POINT ( 'NONE',  ( -112.2016622867483733, 444.4444400000003270, 28.10930200688541802 ) ) ;
#403 = DIRECTION ( 'NONE',  ( 0.8513302070673179900, 0.000000000000000000, -0.5246302302905517800 ) ) ;
#404 = ORIENTED_EDGE ( 'NONE', *, *, #2314, .F. ) ;
#405 = DIRECTION ( 'NONE',  ( -0.8513302070673179900, 0.000000000000000000, 0.5246302302905517800 ) ) ;
#406 = CARTESIAN_POINT ( 'NONE',  ( -211.2429925427488229, 444.4444399999998723, 8.957290179382589201 ) ) ;
#407 = CARTESIAN_POINT ( 'NONE',  ( -178.0312117117007915, 445.4444399999999860, 9.550500515646506372 ) ) ;
#408 = EDGE_LOOP ( 'NONE', ( #27, #211, #1577, #4071 ) ) ;
#409 = CARTESIAN_POINT ( 'NONE',  ( -164.9945637137975609, 444.4444399999999860, 9.631325334794968995 ) ) ;
#410 = CARTESIAN_POINT ( 'NONE',  ( -256.0688354234273447, 445.4444399999999860, 7.579508173038143504 ) ) ;
#411 = EDGE_CURVE ( 'NONE', #281, #1338, #2395, .T. ) ;
#412 = CARTESIAN_POINT ( 'NONE',  ( -113.0233135672802547, 449.4444399999999860, 27.31498970425841932 ) ) ;
#413 = VECTOR ( 'NONE', #1641, 1000.000000000000000 ) ;
#414 = CARTESIAN_POINT ( 'NONE',  ( -109.7378762676476498, 445.4444399999999860, 91.59481740374727110 ) ) ;
#415 = CARTESIAN_POINT ( 'NONE',  ( -250.7667120139427368, 444.4444399999999860, 10.33830807117639772 ) ) ;
#416 = EDGE_CURVE ( 'NONE', #243, #1338, #3416, .T. ) ;
#417 = ORIENTED_EDGE ( 'NONE', *, *, #949, .F. ) ;
#418 = ORIENTED_EDGE ( 'NONE', *, *, #2555, .F. ) ;
#419 = CARTESIAN_POINT ( 'NONE',  ( -164.4197008633243513, 445.4444399999999860, 23.02289892259648951 ) ) ;
#420 = LINE ( 'NONE', #1685, #2059 ) ;
#421 = AXIS2_PLACEMENT_3D ( 'NONE', #2827, #3124, #222 ) ;
#422 = FACE_OUTER_BOUND ( 'NONE', #1542, .T. ) ;
#423 = ORIENTED_EDGE ( 'NONE', *, *, #931, .F. ) ;
#424 = CARTESIAN_POINT ( 'NONE',  ( -248.7894769338265064, 445.4444399999999860, 9.579048621719062240 ) ) ;
#425 = FACE_OUTER_BOUND ( 'NONE', #3892, .T. ) ;
#426 = B_SPLINE_CURVE_WITH_KNOTS ( 'NONE', 3,
 ( #3435, #3136, #2798, #1789, #3726 ),
 .UNSPECIFIED., .F., .F.,
 ( 4, 1, 4 ),
 ( 0.7820141081642159042, 0.7906192346124359949, 0.7988074126493230898 ),
 .UNSPECIFIED. ) ;
#427 = CARTESIAN_POINT ( 'NONE',  ( 0.000000000000000000, 445.4444399999999860, 0.000000000000000000 ) ) ;
#428 = CARTESIAN_POINT ( 'NONE',  ( -265.7189512413806938, 533.3333280000000514, 5.831332410554418644 ) ) ;
#429 = DIRECTION ( 'NONE',  ( 0.6888675014067497937, 0.000000000000000000, 0.7248872777926382849 ) ) ;
#430 = CARTESIAN_POINT ( 'NONE',  ( -151.9060143339745537, 449.4444400000000428, 9.644634931176614856 ) ) ;
#431 = ORIENTED_EDGE ( 'NONE', *, *, #3192, .T. ) ;
#432 = EDGE_CURVE ( 'NONE', #1619, #1799, #4011, .T. ) ;
#433 = EDGE_CURVE ( 'NONE', #3224, #3914, #3364, .T. ) ;
#434 = DIRECTION ( 'NONE',  ( 0.7248872777926351763, 0.000000000000000000, -0.6888675014067531244 ) ) ;
#435 = DIRECTION ( 'NONE',  ( 0.6888675014067477953, 0.000000000000000000, 0.7248872777926400612 ) ) ;
#436 = ORIENTED_EDGE ( 'NONE', *, *, #516, .F. ) ;
#437 = ORIENTED_EDGE ( 'NONE', *, *, #4090, .F. ) ;
#438 = CARTESIAN_POINT ( 'NONE',  ( -258.3256435328780753, 444.4444399999999291, 7.088893238348418890 ) ) ;
#439 = EDGE_CURVE ( 'NONE', #486, #2639, #3666, .T. ) ;
#440 = VECTOR ( 'NONE', #3011, 1000.000000000000000 ) ;
#441 = PLANE ( 'NONE',  #915 ) ;
#442 = DIRECTION ( 'NONE',  ( 0.6888675014067477953, 0.000000000000000000, 0.7248872777926400612 ) ) ;
#443 = ORIENTED_EDGE ( 'NONE', *, *, #931, .T. ) ;
#444 = VECTOR ( 'NONE', #913, 1000.000000000000000 ) ;
#445 = EDGE_LOOP ( 'NONE', ( #2469, #1473, #4069, #2735 ) ) ;
#446 = CARTESIAN_POINT ( 'NONE',  ( -123.3137327467875792, 444.4444399999999860, 27.25623171729949945 ) ) ;
#447 = CARTESIAN_POINT ( 'NONE',  ( -112.7508309264629105, 444.4444399999999860, 7.689384925052574538 ) ) ;
#448 = CARTESIAN_POINT ( 'NONE',  ( -300.0000000000000000, 444.4444399999999860, 0.000000000000000000 ) ) ;
#449 = ORIENTED_EDGE ( 'NONE', *, *, #2546, .F. ) ;
#450 = EDGE_LOOP ( 'NONE', ( #3420, #1357, #2010 ) ) ;
#451 = CARTESIAN_POINT ( 'NONE',  ( -261.5617635561004590, 533.3333280000000514, 7.738060476453661352 ) ) ;
#452 = VECTOR ( 'NONE', #3843, 1000.000000000000000 ) ;
#453 = LINE ( 'NONE', #1430, #357 ) ;
#454 = CARTESIAN_POINT ( 'NONE',  ( -241.2190980153119426, 444.4444399999999860, 7.936650684388200538 ) ) ;
#455 = CYLINDRICAL_SURFACE ( 'NONE', #2161, 0.4000000000000461520 ) ;
#456 = B_SPLINE_CURVE_WITH_KNOTS ( 'NONE', 3,
 ( #670, #332, #646, #2937 ),
 .UNSPECIFIED., .F., .F.,
 ( 4, 4 ),
 ( 0.8580078726031707959, 0.8598309684919420715 ),
 .UNSPECIFIED. ) ;
#457 = DIRECTION ( 'NONE',  ( 0.7248872777926381739, 0.000000000000000000, -0.6888675014067500157 ) ) ;
#458 = CARTESIAN_POINT ( 'NONE',  ( -257.1713895135033567, 445.4444399999999860, 7.153931678296030938 ) ) ;
#459 = ORIENTED_EDGE ( 'NONE', *, *, #4173, .T. ) ;
#460 = ORIENTED_EDGE ( 'NONE', *, *, #1333, .T. ) ;
#461 = FACE_BOUND ( 'NONE', #3541, .T. ) ;
#462 = CARTESIAN_POINT ( 'NONE',  ( -293.2676002059585585, 533.3333280000000514, 1.330312713632799237 ) ) ;
#463 = CYLINDRICAL_SURFACE ( 'NONE', #1886, 0.5999999999999928724 ) ;
#464 = ADVANCED_FACE ( 'NONE', ( #3354 ), #2419, .F. ) ;
#465 = ORIENTED_EDGE ( 'NONE', *, *, #1488, .T. ) ;
#466 = ORIENTED_EDGE ( 'NONE', *, *, #3671, .F. ) ;
#467 = CARTESIAN_POINT ( 'NONE',  ( -266.3727187654359909, 533.3333280000000514, 3.583167371675653801 ) ) ;
#468 = CARTESIAN_POINT ( 'NONE',  ( -260.8337779111442387, 449.4444399999999860, 6.940564282586051625 ) ) ;
#469 = CARTESIAN_POINT ( 'NONE',  ( -233.2886263910396281, 444.4444399999999860, 13.32257616013495394 ) ) ;
#470 = EDGE_CURVE ( 'NONE', #4203, #1672, #925, .T. ) ;
#471 = LINE ( 'NONE', #4061, #867 ) ;
#472 = DIRECTION ( 'NONE',  ( -0.1609050596807223288, 0.000000000000000000, 0.9869698889880801351 ) ) ;
#473 = ORIENTED_EDGE ( 'NONE', *, *, #2401, .T. ) ;
#474 = CARTESIAN_POINT ( 'NONE',  ( -252.9784568474884736, 533.3333280000000514, -41.24291343747756855 ) ) ;
#475 = CARTESIAN_POINT ( 'NONE',  ( -248.4092376083339389, 444.4444399999999860, -62.58141432606363708 ) ) ;
#476 = CARTESIAN_POINT ( 'NONE',  ( -165.6223296465139185, 444.4444399999999860, 24.42217258159240956 ) ) ;
#477 = CARTESIAN_POINT ( 'NONE',  ( -192.5000000000002274, 444.4444399999999860, 20.27593237103806345 ) ) ;
#478 = VERTEX_POINT ( 'NONE', #199 ) ;
#479 = VERTEX_POINT ( 'NONE', #1499 ) ;
#480 = CARTESIAN_POINT ( 'NONE',  ( -228.7414626854665869, 445.4444399999999291, 8.411888648275942515 ) ) ;
#481 = CARTESIAN_POINT ( 'NONE',  ( -49.20153583356039206, 445.4444399999999860, -51.77420520022902650 ) ) ;
#482 = CARTESIAN_POINT ( 'NONE',  ( -268.3117575011437452, 444.4444399999999860, 8.318369645160963444 ) ) ;
#483 = CARTESIAN_POINT ( 'NONE',  ( -133.4891725394467130, 445.4444399999999860, 26.94334252204056313 ) ) ;
#484 = VECTOR ( 'NONE', #1950, 1000.000000000000000 ) ;
#485 = VERTEX_POINT ( 'NONE', #1174 ) ;
#486 = VERTEX_POINT ( 'NONE', #4098 ) ;
#487 = DIRECTION ( 'NONE',  ( -0.000000000000000000, -1.000000000000000000, -0.000000000000000000 ) ) ;
#488 = VECTOR ( 'NONE', #3195, 1000.000000000000000 ) ;
#489 = CARTESIAN_POINT ( 'NONE',  ( -266.5886069376114733, 444.4444399999999860, 9.579359346406523201 ) ) ;
#490 = DIRECTION ( 'NONE',  ( 0.000000000000000000, 1.000000000000000000, -0.000000000000000000 ) ) ;
#491 = ADVANCED_FACE ( 'NONE', ( #3780 ), #2489, .T. ) ;
#492 = EDGE_CURVE ( 'NONE', #2674, #893, #650, .T. ) ;
#493 = VECTOR ( 'NONE', #131, 1000.000000000000114 ) ;
#494 = ORIENTED_EDGE ( 'NONE', *, *, #1947, .F. ) ;
#495 = DIRECTION ( 'NONE',  ( -0.9996385584632171417, 0.000000000000000000, 0.02688405537825763400 ) ) ;
#496 = CARTESIAN_POINT ( 'NONE',  ( -133.3568342694779005, 445.4444399999999860, 9.271286723260836027 ) ) ;
#497 = VECTOR ( 'NONE', #3098, 1000.000000000000000 ) ;
#498 = EDGE_CURVE ( 'NONE', #1619, #2558, #9, .T. ) ;
#499 = CARTESIAN_POINT ( 'NONE',  ( -206.0353436069070483, 444.4444399999999860, 18.54572545475297218 ) ) ;
#500 = VERTEX_POINT ( 'NONE', #2941 ) ;
#501 = DIRECTION ( 'NONE',  ( -0.8419453725790534415, 0.000000000000000000, 0.5395627763223836970 ) ) ;
#502 = CARTESIAN_POINT ( 'NONE',  ( -297.6853304519444805, 533.3333280000000514, 0.07763497804488378451 ) ) ;
#503 = ORIENTED_EDGE ( 'NONE', *, *, #3836, .F. ) ;
#504 = VERTEX_POINT ( 'NONE', #1036 ) ;
#505 = CARTESIAN_POINT ( 'NONE',  ( -228.3645095521558517, 445.4444399999999291, 8.424808813197302015 ) ) ;
#506 = LINE ( 'NONE', #550, #2213 ) ;
#507 = LINE ( 'NONE', #2113, #3556 ) ;
#508 = CARTESIAN_POINT ( 'NONE',  ( -285.8727052897817202, 444.4444399999999860, 2.045397586164800607 ) ) ;
#509 = EDGE_LOOP ( 'NONE', ( #1400, #3570, #2126, #533, #3827 ) ) ;
#510 = DIRECTION ( 'NONE',  ( 0.7430509880625497665, 0.000000000000000000, 0.6692348086727621936 ) ) ;
#511 = CARTESIAN_POINT ( 'NONE',  ( -269.3505351003591954, 444.4444399999999291, 8.883550396804281490 ) ) ;
#512 = CARTESIAN_POINT ( 'NONE',  ( -177.5633811394796737, 445.4444399999999860, 22.91049787895995848 ) ) ;
#513 = AXIS2_PLACEMENT_3D ( 'NONE', #1591, #2898, #1226 ) ;
#514 = VERTEX_POINT ( 'NONE', #1710 ) ;
#515 = LINE ( 'NONE', #2448, #1206 ) ;
#516 = EDGE_CURVE ( 'NONE', #1965, #3505, #4220, .T. ) ;
#517 = DIRECTION ( 'NONE',  ( -0.000000000000000000, -1.000000000000000000, -0.000000000000000000 ) ) ;
#518 = VECTOR ( 'NONE', #3919, 1000.000000000000000 ) ;
#519 = DIRECTION ( 'NONE',  ( -0.7248872777926377298, 0.000000000000000000, 0.6888675014067504598 ) ) ;
#520 = AXIS2_PLACEMENT_3D ( 'NONE', #2364, #1415, #2967 ) ;
#521 = ORIENTED_EDGE ( 'NONE', *, *, #3844, .F. ) ;
#522 = ADVANCED_FACE ( 'NONE', ( #3941 ), #2963, .T. ) ;
#523 = CARTESIAN_POINT ( 'NONE',  ( -182.1618346910474031, 444.4444399999999860, 9.507479321549864082 ) ) ;
#524 = CARTESIAN_POINT ( 'NONE',  ( -265.5219321234511085, 533.3333280000000514, 2.837808823346377185 ) ) ;
#525 = EDGE_CURVE ( 'NONE', #3439, #356, #1474, .T. ) ;
#526 = ORIENTED_EDGE ( 'NONE', *, *, #2207, .T. ) ;
#527 = EDGE_CURVE ( 'NONE', #929, #2165, #4134, .T. ) ;
#528 = ORIENTED_EDGE ( 'NONE', *, *, #343, .T. ) ;
#529 = FACE_BOUND ( 'NONE', #1316, .T. ) ;
#530 = LINE ( 'NONE', #1812, #3085 ) ;
#531 = FACE_OUTER_BOUND ( 'NONE', #1102, .T. ) ;
#532 = CARTESIAN_POINT ( 'NONE',  ( -176.8312704554481343, 444.4444399999999860, 9.562374080523937891 ) ) ;
#533 = ORIENTED_EDGE ( 'NONE', *, *, #1962, .F. ) ;
#534 = ORIENTED_EDGE ( 'NONE', *, *, #81, .F. ) ;
#535 = CARTESIAN_POINT ( 'NONE',  ( -292.2254576542372888, 533.3333280000000514, 1.434434858989688255 ) ) ;
#536 = APPLICATION_PROTOCOL_DEFINITION ( 'draft international standard', 'automotive_design', 1998, #1122 ) ;
#537 = CARTESIAN_POINT ( 'NONE',  ( -264.6795704296161489, 444.4444399999999291, 5.899739385249729295 ) ) ;
#538 = DIRECTION ( 'NONE',  ( 0.9304391691071159931, 0.000000000000000000, -0.3664463843337242843 ) ) ;
#539 = VERTEX_POINT ( 'NONE', #3306 ) ;
#540 = CARTESIAN_POINT ( 'NONE',  ( -268.4179018073645011, 444.4444399999999860, 2.647210225952845608 ) ) ;
#541 = CARTESIAN_POINT ( 'NONE',  ( -135.8203959127808673, 449.4444399999999860, 9.371846716018479739 ) ) ;
#542 = CARTESIAN_POINT ( 'NONE',  ( -112.6486715160237821, 445.4444399999999860, 11.48801144721272749 ) ) ;
#543 = ORIENTED_EDGE ( 'NONE', *, *, #3533, .T. ) ;
#544 = LINE ( 'NONE', #3174, #942 ) ;
#545 = ADVANCED_FACE ( 'NONE', ( #981 ), #2287, .F. ) ;
#546 = CARTESIAN_POINT ( 'NONE',  ( -64.16437595342723910, 445.4444399999999860, 62.29146121145266335 ) ) ;
#547 = ORIENTED_EDGE ( 'NONE', *, *, #2985, .F. ) ;
#548 = VERTEX_POINT ( 'NONE', #1312 ) ;
#549 = PLANE ( 'NONE',  #4175 ) ;
#550 = CARTESIAN_POINT ( 'NONE',  ( -249.1849982830883050, 533.3333280000000514, -62.77685069814302210 ) ) ;
#551 = B_SPLINE_CURVE_WITH_KNOTS ( 'NONE', 3,
 ( #147, #1445, #2068, #3373 ),
 .UNSPECIFIED., .F., .F.,
 ( 4, 4 ),
 ( 0.8266341156869883022, 0.8269501858923770099 ),
 .UNSPECIFIED. ) ;
#552 = FACE_OUTER_BOUND ( 'NONE', #4009, .T. ) ;
#553 = EDGE_CURVE ( 'NONE', #668, #3439, #1978, .T. ) ;
#554 = CARTESIAN_POINT ( 'NONE',  ( -233.6773929597410131, 445.4444400000000428, 13.24141146846648631 ) ) ;
#555 = ORIENTED_EDGE ( 'NONE', *, *, #159, .T. ) ;
#556 = ORIENTED_EDGE ( 'NONE', *, *, #126, .T. ) ;
#557 = DIRECTION ( 'NONE',  ( 0.9996385584632171417, 0.000000000000000000, -0.02688405537825763400 ) ) ;
#558 = PLANE ( 'NONE',  #1444 ) ;
#559 = ORIENTED_EDGE ( 'NONE', *, *, #3325, .T. ) ;
#560 = CARTESIAN_POINT ( 'NONE',  ( -265.5219321219681774, 444.4444399999999860, 2.837808823443983997 ) ) ;
#561 = AXIS2_PLACEMENT_3D ( 'NONE', #3830, #3514, #1205 ) ;
#562 = DIRECTION ( 'NONE',  ( -0.7248872777926395061, 0.000000000000000000, 0.6888675014067485725 ) ) ;
#563 = CARTESIAN_POINT ( 'NONE',  ( -112.8759871213101178, 444.4444399999999860, 3.035661502869881900 ) ) ;
#564 = AXIS2_PLACEMENT_3D ( 'NONE', #2535, #490, #3782 ) ;
#565 = DIRECTION ( 'NONE',  ( 0.000000000000000000, 0.000000000000000000, -1.000000000000000000 ) ) ;
#566 = ORIENTED_EDGE ( 'NONE', *, *, #3240, .T. ) ;
#567 = CARTESIAN_POINT ( 'NONE',  ( -82.83959400944436879, 445.4444399999999860, 78.72328000652233015 ) ) ;
#568 = CARTESIAN_POINT ( 'NONE',  ( -258.1834402303667275, 445.4444399999999860, 7.735716175647801229 ) ) ;
#569 = ORIENTED_EDGE ( 'NONE', *, *, #4173, .F. ) ;
#570 = ORIENTED_EDGE ( 'NONE', *, *, #3555, .T. ) ;
#571 = EDGE_CURVE ( 'NONE', #3105, #4035, #996, .T. ) ;
#572 = ADVANCED_FACE ( 'NONE', ( #351 ), #1017, .T. ) ;
#573 = CARTESIAN_POINT ( 'NONE',  ( -182.6146439342225563, 449.4444400000000428, 22.26316326372818821 ) ) ;
#574 = CYLINDRICAL_SURFACE ( 'NONE', #4041, 0.6000000000000033085 ) ;
#575 = CARTESIAN_POINT ( 'NONE',  ( -275.1101811045253953, 444.4444399999999860, 6.552289714360634676 ) ) ;
#576 = CARTESIAN_POINT ( 'NONE',  ( -269.9384435895149750, 444.4444399999999860, 3.340010526439053606 ) ) ;
#577 = ORIENTED_EDGE ( 'NONE', *, *, #1068, .F. ) ;
#578 = ORIENTED_EDGE ( 'NONE', *, *, #2091, .T. ) ;
#579 = EDGE_CURVE ( 'NONE', #1951, #2864, #2787, .T. ) ;
#580 = CARTESIAN_POINT ( 'NONE',  ( -260.7875091712481890, 444.4444399999999291, 7.103832978967997924 ) ) ;
#581 = CARTESIAN_POINT ( 'NONE',  ( -117.5244860867506134, 445.4444399999999860, 111.6846736932957498 ) ) ;
#582 = CARTESIAN_POINT ( 'NONE',  ( -248.7894769338265064, 445.4444399999999860, 9.579048621719062240 ) ) ;
#583 = LINE ( 'NONE', #1203, #1127 ) ;
#584 = EDGE_CURVE ( 'NONE', #3121, #1001, #471, .T. ) ;
#585 = CARTESIAN_POINT ( 'NONE',  ( -116.6994142980007467, 449.4444399999999860, 8.683379740354212117 ) ) ;
#586 = VECTOR ( 'NONE', #2531, 1000.000000000000000 ) ;
#587 = VERTEX_POINT ( 'NONE', #428 ) ;
#588 = ORIENTED_EDGE ( 'NONE', *, *, #1145, .F. ) ;
#589 = LINE ( 'NONE', #3858, #51 ) ;
#590 = CARTESIAN_POINT ( 'NONE',  ( -292.2377533026771061, 533.3333280000000514, 1.650914772662632979 ) ) ;
#591 = VECTOR ( 'NONE', #1393, 1000.000000000000000 ) ;
#592 = EDGE_LOOP ( 'NONE', ( #3846, #526, #32, #1971 ) ) ;
#593 = VERTEX_POINT ( 'NONE', #95 ) ;
#594 = CARTESIAN_POINT ( 'NONE',  ( -112.8759871213101178, 444.4444399999999860, 3.035661502869943629 ) ) ;
#595 = DIRECTION ( 'NONE',  ( -0.8323741106893858266, 0.000000000000000000, -0.5542141642488525033 ) ) ;
#596 = LINE ( 'NONE', #2843, #45 ) ;
#597 = VERTEX_POINT ( 'NONE', #2149 ) ;
#598 = EDGE_LOOP ( 'NONE', ( #2795, #4182, #3767, #3162, #2706, #3728, #3870, #3577 ) ) ;
#599 = CARTESIAN_POINT ( 'NONE',  ( -258.1834402303668980, 444.4444399999999860, 7.735716175647781689 ) ) ;
#600 = CARTESIAN_POINT ( 'NONE',  ( -170.5782824749745714, 444.4444399999999860, 23.79646671142362280 ) ) ;
#601 = ORIENTED_EDGE ( 'NONE', *, *, #2146, .T. ) ;
#602 = EDGE_CURVE ( 'NONE', #2688, #3391, #515, .T. ) ;
#603 = ORIENTED_EDGE ( 'NONE', *, *, #2850, .F. ) ;
#604 = LINE ( 'NONE', #1225, #3715 ) ;
#605 = LINE ( 'NONE', #1249, #2304 ) ;
#606 = CARTESIAN_POINT ( 'NONE',  ( -249.3248647807647558, 445.4444399999999860, 10.17348941216916636 ) ) ;
#607 = DIRECTION ( 'NONE',  ( 0.7248872777926386179, 0.000000000000000000, -0.6888675014067495717 ) ) ;
#608 = EDGE_CURVE ( 'NONE', #1629, #276, #3590, .T. ) ;
#609 = DIRECTION ( 'NONE',  ( -0.000000000000000000, -1.000000000000000000, -0.000000000000000000 ) ) ;
#610 = CARTESIAN_POINT ( 'NONE',  ( -172.8587101762493887, 449.4444399999999860, 24.44703151162762822 ) ) ;
#611 = ORIENTED_EDGE ( 'NONE', *, *, #2039, .F. ) ;
#612 = ORIENTED_EDGE ( 'NONE', *, *, #776, .F. ) ;
#613 = ORIENTED_EDGE ( 'NONE', *, *, #1643, .T. ) ;
#614 = CARTESIAN_POINT ( 'NONE',  ( -254.9539109580269383, 449.4444399999999860, 8.516572991783643687 ) ) ;
#615 = CARTESIAN_POINT ( 'NONE',  ( -148.6143614906607695, 444.4444399999999860, 25.96668747503414565 ) ) ;
#616 = CARTESIAN_POINT ( 'NONE',  ( -192.5000000000002274, 449.4444399999999860, 10.02593237103807056 ) ) ;
#617 = EDGE_LOOP ( 'NONE', ( #2691, #3179, #1769, #1188 ) ) ;
#618 = ORIENTED_EDGE ( 'NONE', *, *, #1465, .T. ) ;
#619 = CARTESIAN_POINT ( 'NONE',  ( -189.6846012325700030, 444.4444399999999860, 21.20092582515553303 ) ) ;
#620 = VERTEX_POINT ( 'NONE', #2765 ) ;
#621 = VERTEX_POINT ( 'NONE', #3101 ) ;
#622 = DIRECTION ( 'NONE',  ( -0.02646596929541218668, 0.000000000000000000, -0.9996497148847962588 ) ) ;
#623 = VECTOR ( 'NONE', #2325, 1000.000000000000114 ) ;
#624 = EDGE_CURVE ( 'NONE', #1965, #2764, #2101, .T. ) ;
#625 = EDGE_CURVE ( 'NONE', #2890, #715, #1775, .T. ) ;
#626 = CARTESIAN_POINT ( 'NONE',  ( -195.5153179788389366, 445.4444399999999860, 9.290924107538646837 ) ) ;
#627 = LINE ( 'NONE', #2996, #4128 ) ;
#628 = AXIS2_PLACEMENT_3D ( 'NONE', #496, #3171, #2809 ) ;
#629 = EDGE_CURVE ( 'NONE', #620, #3141, #1075, .T. ) ;
#630 = AXIS2_PLACEMENT_3D ( 'NONE', #2952, #30, #3531 ) ;
#631 = CARTESIAN_POINT ( 'NONE',  ( -265.8557205421093386, 533.3333280000000514, 6.670256816194236826 ) ) ;
#632 = CARTESIAN_POINT ( 'NONE',  ( -290.1604015055182231, 444.4444400000000428, 1.637864100023814773 ) ) ;
#633 = VECTOR ( 'NONE', #2205, 1000.000000000000000 ) ;
#634 = ORIENTED_EDGE ( 'NONE', *, *, #3081, .F. ) ;
#635 = ORIENTED_EDGE ( 'NONE', *, *, #2902, .T. ) ;
#636 = B_SPLINE_CURVE_WITH_KNOTS ( 'NONE', 13,
 ( #1383, #761, #3050, #2995, #2046, #1726, #1403, #3371, #1745, #4025, #1105, #1364, #2353, #722 ),
 .UNSPECIFIED., .F., .F.,
 ( 14, 14 ),
 ( 0.000000000000000000, 0.03891155862395484499 ),
 .UNSPECIFIED. ) ;
#637 = DIRECTION ( 'NONE',  ( -0.02688405537884543811, 0.000000000000000000, -0.9996385584632012655 ) ) ;
#638 = DIRECTION ( 'NONE',  ( -0.7248872777926386179, 0.000000000000000000, 0.6888675014067495717 ) ) ;
#639 = LINE ( 'NONE', #2655, #1651 ) ;
#640 = EDGE_LOOP ( 'NONE', ( #3499, #3778, #1419, #1326 ) ) ;
#641 = ORIENTED_EDGE ( 'NONE', *, *, #3305, .F. ) ;
#642 = DIRECTION ( 'NONE',  ( 0.000000000000000000, -1.000000000000000000, 0.000000000000000000 ) ) ;
#643 = CARTESIAN_POINT ( 'NONE',  ( -266.6398104252422172, 533.3333280000000514, 6.507882213807866911 ) ) ;
#644 = VERTEX_POINT ( 'NONE', #3059 ) ;
#645 = ORIENTED_EDGE ( 'NONE', *, *, #3698, .T. ) ;
#646 = CARTESIAN_POINT ( 'NONE',  ( -164.7945688822796910, 445.4444399999999291, 9.631744044209980871 ) ) ;
#647 = CARTESIAN_POINT ( 'NONE',  ( -132.7570444405470198, 445.4444399999999860, 9.255407141683583916 ) ) ;
#648 = FACE_OUTER_BOUND ( 'NONE', #2911, .T. ) ;
#649 = ORIENTED_EDGE ( 'NONE', *, *, #1546, .F. ) ;
#650 = LINE ( 'NONE', #56, #1551 ) ;
#651 = VECTOR ( 'NONE', #1728, 1000.000000000000000 ) ;
#652 = ORIENTED_EDGE ( 'NONE', *, *, #492, .F. ) ;
#653 = CARTESIAN_POINT ( 'NONE',  ( -196.3571183543445215, 449.4444399999999860, 20.16374226176603202 ) ) ;
#654 = LINE ( 'NONE', #2904, #2614 ) ;
#655 = EDGE_CURVE ( 'NONE', #3824, #4077, #114, .T. ) ;
#656 = AXIS2_PLACEMENT_3D ( 'NONE', #2194, #1917, #3489 ) ;
#657 = ORIENTED_EDGE ( 'NONE', *, *, #2240, .F. ) ;
#658 = CARTESIAN_POINT ( 'NONE',  ( -252.2572995699170519, 444.4444399999999860, 6.637396135036491174 ) ) ;
#659 = B_SPLINE_CURVE_WITH_KNOTS ( 'NONE', 3,
 ( #3126, #2494, #2584, #2217 ),
 .UNSPECIFIED., .F., .F.,
 ( 4, 4 ),
 ( 0.1481840924492145439, 0.1493269641085890331 ),
 .UNSPECIFIED. ) ;
#660 = CARTESIAN_POINT ( 'NONE',  ( -241.9419739741160242, 444.4444399999999860, 11.13052753418785557 ) ) ;
#661 = CARTESIAN_POINT ( 'NONE',  ( -192.5000000000002274, 444.4444399999999860, 10.02593237103807056 ) ) ;
#662 = ADVANCED_FACE ( 'NONE', ( #3078 ), #795, .F. ) ;
#663 = ORIENTED_EDGE ( 'NONE', *, *, #702, .T. ) ;
#664 = VECTOR ( 'NONE', #3739, 999.9999999999998863 ) ;
#665 = CARTESIAN_POINT ( 'NONE',  ( -252.4608865830120124, 444.4444399999999860, 7.408327899663251337 ) ) ;
#666 = DIRECTION ( 'NONE',  ( -0.000000000000000000, -1.000000000000000000, -0.000000000000000000 ) ) ;
#667 = ORIENTED_EDGE ( 'NONE', *, *, #2824, .T. ) ;
#668 = VERTEX_POINT ( 'NONE', #3670 ) ;
#669 = B_SPLINE_CURVE_WITH_KNOTS ( 'NONE', 3,
 ( #2465, #2071, #1796, #446, #2096, #2376, #1425 ),
 .UNSPECIFIED., .F., .F.,
 ( 4, 1, 1, 1, 4 ),
 ( 0.1730835121501688445, 0.1743140018632465815, 0.1839856049517673564, 0.1888214064960277438, 0.1936572080402881313 ),
 .UNSPECIFIED. ) ;
#670 = CARTESIAN_POINT ( 'NONE',  ( -165.5945624024669769, 445.4444399999999860, 9.630070904658040831 ) ) ;
#671 = DIRECTION ( 'NONE',  ( 0.000000000000000000, 0.000000000000000000, 1.000000000000000000 ) ) ;
#672 = EDGE_LOOP ( 'NONE', ( #2858, #910, #1683, #856 ) ) ;
#673 = DIRECTION ( 'NONE',  ( 0.000000000000000000, -1.000000000000000000, 0.000000000000000000 ) ) ;
#674 = DIRECTION ( 'NONE',  ( 0.6888675014067500157, 0.000000000000000000, 0.7248872777926381739 ) ) ;
#675 = CARTESIAN_POINT ( 'NONE',  ( -293.2676002059585585, 533.3333280000000514, 1.330312713632799237 ) ) ;
#676 = ORIENTED_EDGE ( 'NONE', *, *, #2458, .F. ) ;
#677 = ORIENTED_EDGE ( 'NONE', *, *, #304, .F. ) ;
#678 = CARTESIAN_POINT ( 'NONE',  ( -113.0233135672802547, 449.4444399999999860, 27.31498970425841932 ) ) ;
#679 = EDGE_CURVE ( 'NONE', #500, #1951, #158, .T. ) ;
#680 = DIRECTION ( 'NONE',  ( 0.000000000000000000, 0.000000000000000000, -1.000000000000000000 ) ) ;
#681 = CARTESIAN_POINT ( 'NONE',  ( -114.1403301938991319, 445.4444399999999860, 8.558357344852513648 ) ) ;
#682 = ORIENTED_EDGE ( 'NONE', *, *, #4091, .T. ) ;
#683 = ORIENTED_EDGE ( 'NONE', *, *, #2542, .T. ) ;
#684 = CARTESIAN_POINT ( 'NONE',  ( -280.0929048608386438, 444.4444400000000428, 6.043931826148671860 ) ) ;
#685 = EDGE_CURVE ( 'NONE', #2846, #1408, #747, .T. ) ;
#686 = LINE ( 'NONE', #2318, #361 ) ;
#687 = EDGE_LOOP ( 'NONE', ( #2070, #3222, #555, #2498, #1475, #2366, #460, #2760 ) ) ;
#688 = CARTESIAN_POINT ( 'NONE',  ( -178.1626288332153081, 444.4444399999999860, 22.83150142084994982 ) ) ;
#689 = CARTESIAN_POINT ( 'NONE',  ( -259.4108628574792874, 449.4444400000000428, 7.026082581617287381 ) ) ;
#690 = DIRECTION ( 'NONE',  ( 0.02688405537843112370, 0.000000000000000000, 0.9996385584632124788 ) ) ;
#691 = CARTESIAN_POINT ( 'NONE',  ( -113.0233135672802547, 444.4444399999998723, 27.31498970425841577 ) ) ;
#692 = VECTOR ( 'NONE', #1663, 1000.000000000000000 ) ;
#693 = CARTESIAN_POINT ( 'NONE',  ( -251.6104412495301403, 449.4444399999999860, 6.667546580856908101 ) ) ;
#694 = LINE ( 'NONE', #3619, #295 ) ;
#695 = B_SPLINE_CURVE_WITH_KNOTS ( 'NONE', 3,
 ( #1581, #2910, #681, #3885 ),
 .UNSPECIFIED., .F., .F.,
 ( 4, 4 ),
 ( 0.7024439672986638739, 0.7038618315150659832 ),
 .UNSPECIFIED. ) ;
#696 = VERTEX_POINT ( 'NONE', #2052 ) ;
#697 = VECTOR ( 'NONE', #797, 999.9999999999998863 ) ;
#698 = DIRECTION ( 'NONE',  ( -0.000000000000000000, -1.000000000000000000, -0.000000000000000000 ) ) ;
#699 = DIRECTION ( 'NONE',  ( -0.000000000000000000, -1.000000000000000000, -0.000000000000000000 ) ) ;
#700 = VECTOR ( 'NONE', #3092, 1000.000000000000000 ) ;
#701 = EDGE_CURVE ( 'NONE', #3004, #2940, #4015, .T. ) ;
#702 = EDGE_CURVE ( 'NONE', #3761, #3120, #1781, .T. ) ;
#703 = VERTEX_POINT ( 'NONE', #133 ) ;
#704 = AXIS2_PLACEMENT_3D ( 'NONE', #2012, #2738, #3336 ) ;
#705 = DIRECTION ( 'NONE',  ( -0.7248872777926366195, 0.000000000000000000, 0.6888675014067514590 ) ) ;
#706 = FACE_OUTER_BOUND ( 'NONE', #898, .T. ) ;
#707 = EDGE_CURVE ( 'NONE', #1734, #1695, #2702, .T. ) ;
#708 = EDGE_LOOP ( 'NONE', ( #881, #730, #3334, #60 ) ) ;
#709 = CARTESIAN_POINT ( 'NONE',  ( 0.2273156052836214358, 445.4444399999999860, 8.452349944409252913 ) ) ;
#710 = CARTESIAN_POINT ( 'NONE',  ( -176.6433472521858334, 444.4444399999999860, 9.564051733357912255 ) ) ;
#711 = CARTESIAN_POINT ( 'NONE',  ( -300.0000000000000000, 533.3333280000000514, 0.000000000000000000 ) ) ;
#712 = ADVANCED_FACE ( 'NONE', ( #2741 ), #2470, .F. ) ;
#713 = CARTESIAN_POINT ( 'NONE',  ( -189.7936300697764409, 449.4444400000000428, 21.18474622708733079 ) ) ;
#714 = CARTESIAN_POINT ( 'NONE',  ( -171.0363900829410113, 449.4444400000000428, 9.645892564013939463 ) ) ;
#715 = VERTEX_POINT ( 'NONE', #3421 ) ;
#716 = PLANE ( 'NONE',  #1209 ) ;
#717 = VECTOR ( 'NONE', #39, 1000.000000000000000 ) ;
#718 = CARTESIAN_POINT ( 'NONE',  ( -238.4144342001442567, 444.4444399999999860, 8.330081765032456786 ) ) ;
#719 = EDGE_LOOP ( 'NONE', ( #846, #347, #503, #570 ) ) ;
#720 = VECTOR ( 'NONE', #1481, 1000.000000000000000 ) ;
#721 = CARTESIAN_POINT ( 'NONE',  ( -251.8022909279662542, 445.4444399999999860, 7.942175760401747553 ) ) ;
#722 = CARTESIAN_POINT ( 'NONE',  ( -266.5886069376114733, 533.3333280000000514, 9.579359346406523201 ) ) ;
#723 = LINE ( 'NONE', #2714, #651 ) ;
#724 = VECTOR ( 'NONE', #3516, 1000.000000000000000 ) ;
#725 = ORIENTED_EDGE ( 'NONE', *, *, #1644, .F. ) ;
#726 = DIRECTION ( 'NONE',  ( -0.8323741106893918218, 0.000000000000000000, -0.5542141642488435105 ) ) ;
#727 = DIRECTION ( 'NONE',  ( 0.6407894207433072475, 0.000000000000000000, 0.7677166914060529201 ) ) ;
#728 = CARTESIAN_POINT ( 'NONE',  ( -251.9670063117948473, 444.4444399999999860, 7.103975348474945939 ) ) ;
#729 = EDGE_CURVE ( 'NONE', #3629, #1547, #1800, .T. ) ;
#730 = ORIENTED_EDGE ( 'NONE', *, *, #2431, .F. ) ;
#731 = CARTESIAN_POINT ( 'NONE',  ( -92.50000000000000000, 444.4444399999999860, 16.74722354252675771 ) ) ;
#732 = EDGE_CURVE ( 'NONE', #539, #587, #2955, .T. ) ;
#733 = CARTESIAN_POINT ( 'NONE',  ( -200.4954640087551923, 449.4444399999999860, 8.438484520300974623 ) ) ;
#734 = PRODUCT ( 'rib 7', 'rib 7', '', ( #2142 ) ) ;
#735 = EDGE_LOOP ( 'NONE', ( #3467, #917, #2006, #3981 ) ) ;
#736 = DIRECTION ( 'NONE',  ( -0.9999982381285569266, 0.000000000000000000, -0.001877162694616514409 ) ) ;
#737 = LINE ( 'NONE', #2085, #976 ) ;
#738 = EDGE_LOOP ( 'NONE', ( #1527, #3149, #1541, #962 ) ) ;
#739 = ORIENTED_EDGE ( 'NONE', *, *, #4124, .T. ) ;
#740 = LINE ( 'NONE', #3933, #1308 ) ;
#741 = CARTESIAN_POINT ( 'NONE',  ( -164.4223317607596471, 445.4444399999999860, 24.42442517682594882 ) ) ;
#742 = CARTESIAN_POINT ( 'NONE',  ( -253.3352003232437539, 449.4444399999999860, 8.886827556359165214 ) ) ;
#743 = EDGE_LOOP ( 'NONE', ( #2078, #843, #1584 ) ) ;
#744 = CARTESIAN_POINT ( 'NONE',  ( -148.5690912469677301, 444.4444399999999860, 9.556892805854925399 ) ) ;
#745 = CARTESIAN_POINT ( 'NONE',  ( -115.5180971449263865, 444.4444399999999291, 7.824897445543880004 ) ) ;
#746 = CARTESIAN_POINT ( 'NONE',  ( -192.5000000000002274, 449.4444399999999860, 10.02593237103807056 ) ) ;
#747 = LINE ( 'NONE', #1390, #3110 ) ;
#748 = EDGE_CURVE ( 'NONE', #1975, #3529, #2830, .T. ) ;
#749 = EDGE_CURVE ( 'NONE', #246, #2394, #2171, .T. ) ;
#750 = LINE ( 'NONE', #1391, #3082 ) ;
#751 = CARTESIAN_POINT ( 'NONE',  ( -123.0258495498963782, 444.4444399999999291, 8.956862106542860857 ) ) ;
#752 = ORIENTED_EDGE ( 'NONE', *, *, #1356, .F. ) ;
#753 = EDGE_CURVE ( 'NONE', #2247, #1184, #1202, .T. ) ;
#754 = AXIS2_PLACEMENT_3D ( 'NONE', #1217, #1539, #2530 ) ;
#755 = FACE_BOUND ( 'NONE', #122, .T. ) ;
#756 = CARTESIAN_POINT ( 'NONE',  ( -154.5807832906197916, 444.4444399999999860, 26.32937649834314442 ) ) ;
#757 = VECTOR ( 'NONE', #2261, 1000.000000000000000 ) ;
#758 = ORIENTED_EDGE ( 'NONE', *, *, #571, .F. ) ;
#759 = EDGE_LOOP ( 'NONE', ( #667, #1022, #3369, #4183 ) ) ;
#760 = CARTESIAN_POINT ( 'NONE',  ( -214.9781978809721181, 444.4444399999999860, 8.554600481504834875 ) ) ;
#761 = CARTESIAN_POINT ( 'NONE',  ( -297.6249865866503796, 533.3333280000000514, 0.7942685039368116984 ) ) ;
#762 = VECTOR ( 'NONE', #3321, 1000.000000000000114 ) ;
#763 = DIRECTION ( 'NONE',  ( 0.000000000000000000, -1.000000000000000000, 0.000000000000000000 ) ) ;
#764 = ORIENTED_EDGE ( 'NONE', *, *, #76, .F. ) ;
#765 = ORIENTED_EDGE ( 'NONE', *, *, #4149, .F. ) ;
#766 = CARTESIAN_POINT ( 'NONE',  ( -114.4461369841751264, 444.4444399999999860, 8.572950441632642082 ) ) ;
#767 = CARTESIAN_POINT ( 'NONE',  ( -150.8221721565745383, 444.4444399999999291, 8.847120223398674099 ) ) ;
#768 = DIRECTION ( 'NONE',  ( 0.000000000000000000, 0.000000000000000000, 1.000000000000000000 ) ) ;
#769 = ORIENTED_EDGE ( 'NONE', *, *, #2283, .F. ) ;
#770 = DIRECTION ( 'NONE',  ( -0.8323741106893858266, 0.000000000000000000, -0.5542141642488525033 ) ) ;
#771 = ORIENTED_EDGE ( 'NONE', *, *, #3896, .F. ) ;
#772 = CARTESIAN_POINT ( 'NONE',  ( -117.5244860867506134, 445.4444399999999860, 111.6846736932957498 ) ) ;
#773 = CARTESIAN_POINT ( 'NONE',  ( -247.5948149815342560, 449.4444399999999860, 7.661474984079888806 ) ) ;
#774 = ORIENTED_EDGE ( 'NONE', *, *, #1340, .T. ) ;
#775 = DIRECTION ( 'NONE',  ( -0.001877162694616514192, 0.000000000000000000, 0.9999982381285568156 ) ) ;
#776 = EDGE_CURVE ( 'NONE', #2957, #1258, #2390, .T. ) ;
#777 = DIRECTION ( 'NONE',  ( 0.000000000000000000, 0.000000000000000000, -1.000000000000000000 ) ) ;
#778 = VERTEX_POINT ( 'NONE', #2564 ) ;
#779 = ORIENTED_EDGE ( 'NONE', *, *, #1356, .T. ) ;
#780 = LINE ( 'NONE', #2732, #3686 ) ;
#781 = VECTOR ( 'NONE', #253, 1000.000000000000000 ) ;
#782 = CARTESIAN_POINT ( 'NONE',  ( -178.2930354147679282, 445.4444399999999860, 9.547694018432261842 ) ) ;
#783 = VECTOR ( 'NONE', #622, 999.9999999999998863 ) ;
#784 = EDGE_CURVE ( 'NONE', #400, #1532, #865, .T. ) ;
#785 = LINE ( 'NONE', #2440, #1334 ) ;
#786 = ORIENTED_EDGE ( 'NONE', *, *, #1922, .T. ) ;
#787 = VECTOR ( 'NONE', #3534, 1000.000000000000000 ) ;
#788 = ORIENTED_EDGE ( 'NONE', *, *, #126, .F. ) ;
#789 = DIRECTION ( 'NONE',  ( -0.000000000000000000, -1.000000000000000000, -0.000000000000000000 ) ) ;
#790 = CARTESIAN_POINT ( 'NONE',  ( -200.4954640087551923, 444.4444399999999291, 8.438484520300974623 ) ) ;
#791 = DIRECTION ( 'NONE',  ( 0.000000000000000000, -1.000000000000000000, 0.000000000000000000 ) ) ;
#792 = B_SPLINE_CURVE_WITH_KNOTS ( 'NONE', 3,
 ( #2333, #438, #103, #2658, #2066 ),
 .UNSPECIFIED., .F., .F.,
 ( 4, 1, 4 ),
 ( 0.9235467367179033271, 0.9291378280682509594, 0.9294838303704563431 ),
 .UNSPECIFIED. ) ;
#793 = AXIS2_PLACEMENT_3D ( 'NONE', #2198, #233, #2792 ) ;
#794 = ORIENTED_EDGE ( 'NONE', *, *, #1198, .F. ) ;
#795 = PLANE ( 'NONE',  #1401 ) ;
#796 = CIRCLE ( 'NONE', #520, 6.324999999999983302 ) ;
#797 = DIRECTION ( 'NONE',  ( -0.7248872777926351763, 0.000000000000000000, 0.6888675014067531244 ) ) ;
#798 = CARTESIAN_POINT ( 'NONE',  ( -251.0229189187954262, 444.4444399999998154, 9.425500050726361323 ) ) ;
#799 = CARTESIAN_POINT ( 'NONE',  ( -189.8871197409697800, 449.4444399999999860, 9.390855830577100605 ) ) ;
#800 = FACE_OUTER_BOUND ( 'NONE', #91, .T. ) ;
#801 = B_SPLINE_CURVE_WITH_KNOTS ( 'NONE', 3,
 ( #3964, #3948, #3044, #1738, #1040 ),
 .UNSPECIFIED., .F., .F.,
 ( 4, 1, 4 ),
 ( 0.05708187523119163248, 0.05825476480099724824, 0.06281041210247810536 ),
 .UNSPECIFIED. ) ;
#802 = LINE ( 'NONE', #380, #3288 ) ;
#803 = EDGE_LOOP ( 'NONE', ( #1497, #812, #2503, #1078 ) ) ;
#804 = ORIENTED_EDGE ( 'NONE', *, *, #2523, .T. ) ;
#805 = VERTEX_POINT ( 'NONE', #3168 ) ;
#806 = EDGE_CURVE ( 'NONE', #1081, #2336, #3854, .T. ) ;
#807 = CARTESIAN_POINT ( 'NONE',  ( -229.2634781935176420, 445.4444399999999860, 8.393818419347322646 ) ) ;
#808 = CARTESIAN_POINT ( 'NONE',  ( -245.9346338134759264, 445.4444399999999860, 7.400093216907709603 ) ) ;
#809 = CARTESIAN_POINT ( 'NONE',  ( -265.8557205421093954, 449.4444400000000428, 6.670256816194784832 ) ) ;
#810 = FACE_OUTER_BOUND ( 'NONE', #1853, .T. ) ;
#811 = ORIENTED_EDGE ( 'NONE', *, *, #277, .T. ) ;
#812 = ORIENTED_EDGE ( 'NONE', *, *, #1914, .F. ) ;
#813 = LINE ( 'NONE', #2117, #1615 ) ;
#814 = EDGE_CURVE ( 'NONE', #4135, #259, #1548, .T. ) ;
#815 = CARTESIAN_POINT ( 'NONE',  ( -272.0829353890873676, 444.4444399999999291, 8.182179439941577925 ) ) ;
#816 = CARTESIAN_POINT ( 'NONE',  ( -113.6756979680784383, 444.4444399999999860, 3.057168747125811770 ) ) ;
#817 = ORIENTED_EDGE ( 'NONE', *, *, #1234, .F. ) ;
#818 = CARTESIAN_POINT ( 'NONE',  ( -228.7175928595009111, 445.4444399999999860, 8.978678089105077476 ) ) ;
#819 = CARTESIAN_POINT ( 'NONE',  ( -123.3344552962528411, 444.4444399999999860, 8.966871577101750646 ) ) ;
#820 = DIRECTION ( 'NONE',  ( 0.8323741106893858266, 0.000000000000000000, 0.5542141642488525033 ) ) ;
#821 = ORIENTED_EDGE ( 'NONE', *, *, #3414, .T. ) ;
#822 = LINE ( 'NONE', #2128, #3595 ) ;
#823 = CARTESIAN_POINT ( 'NONE',  ( -295.2960495105454584, 533.3333280000000514, 0.3249056940346981004 ) ) ;
#824 = VERTEX_POINT ( 'NONE', #4147 ) ;
#825 = ORIENTED_EDGE ( 'NONE', *, *, #393, .T. ) ;
#826 = FACE_BOUND ( 'NONE', #2266, .T. ) ;
#827 = LINE ( 'NONE', #462, #2686 ) ;
#828 = CARTESIAN_POINT ( 'NONE',  ( -265.8557205421093954, 533.3333280000000514, 6.670256816194784832 ) ) ;
#829 = LINE ( 'NONE', #927, #2202 ) ;
#830 = VECTOR ( 'NONE', #3525, 1000.000000000000000 ) ;
#831 = EDGE_CURVE ( 'NONE', #3211, #3723, #604, .T. ) ;
#832 = VERTEX_POINT ( 'NONE', #3828 ) ;
#833 = ORIENTED_EDGE ( 'NONE', *, *, #2207, .F. ) ;
#834 = CARTESIAN_POINT ( 'NONE',  ( -109.7378762676476498, 444.4444399999999860, 91.59481740374727110 ) ) ;
#835 = AXIS2_PLACEMENT_3D ( 'NONE', #2181, #3799, #3724 ) ;
#836 = LINE ( 'NONE', #3073, #497 ) ;
#837 = CARTESIAN_POINT ( 'NONE',  ( -102.2995470815227037, 445.4444399999999860, 21.28692364242536073 ) ) ;
#838 = EDGE_CURVE ( 'NONE', #3505, #2764, #911, .T. ) ;
#839 = AXIS2_PLACEMENT_3D ( 'NONE', #2160, #4093, #2841 ) ;
#840 = VERTEX_POINT ( 'NONE', #2808 ) ;
#841 = CARTESIAN_POINT ( 'NONE',  ( -186.6071088486877159, 445.4444399999999860, 17.44863968024492351 ) ) ;
#842 = CARTESIAN_POINT ( 'NONE',  ( -117.3099561668966828, 444.4444399999999860, 8.709611862579260233 ) ) ;
#843 = ORIENTED_EDGE ( 'NONE', *, *, #1234, .T. ) ;
#844 = LINE ( 'NONE', #3425, #3860 ) ;
#845 = EDGE_CURVE ( 'NONE', #3768, #1946, #659, .T. ) ;
#846 = ORIENTED_EDGE ( 'NONE', *, *, #2597, .T. ) ;
#847 = B_SPLINE_CURVE_WITH_KNOTS ( 'NONE', 3,
 ( #3146, #3810, #2195, #2586, #1977 ),
 .UNSPECIFIED., .F., .F.,
 ( 4, 1, 4 ),
 ( 0.7449675099819837998, 0.7465316009555499344, 0.7467401505555615326 ),
 .UNSPECIFIED. ) ;
#848 = DIRECTION ( 'NONE',  ( 0.6407894207433059153, 0.000000000000000000, 0.7677166914060540304 ) ) ;
#849 = LINE ( 'NONE', #2156, #3683 ) ;
#850 = ORIENTED_EDGE ( 'NONE', *, *, #4205, .F. ) ;
#851 = ORIENTED_EDGE ( 'NONE', *, *, #1512, .F. ) ;
#852 = CARTESIAN_POINT ( 'NONE',  ( -101.3232182224362958, 445.4444399999999860, 24.01536559620939926 ) ) ;
#853 = CARTESIAN_POINT ( 'NONE',  ( -164.4197008633243513, 444.4444399999999860, 23.02289892259648951 ) ) ;
#854 = CARTESIAN_POINT ( 'NONE',  ( -150.2687402496345612, 445.4444399999999860, 9.575102033794678391 ) ) ;
#855 = DIRECTION ( 'NONE',  ( 0.000000000000000000, 1.000000000000000000, 0.000000000000000000 ) ) ;
#856 = ORIENTED_EDGE ( 'NONE', *, *, #3787, .T. ) ;
#857 = EDGE_LOOP ( 'NONE', ( #3931, #225, #3812, #588 ) ) ;
#858 = B_SPLINE_CURVE_WITH_KNOTS ( 'NONE', 3,
 ( #3664, #4053, #2758, #1765 ),
 .UNSPECIFIED., .F., .F.,
 ( 4, 4 ),
 ( 0.1805057136119768979, 0.1822576612335656265 ),
 .UNSPECIFIED. ) ;
#859 = CARTESIAN_POINT ( 'NONE',  ( -274.6155771348952044, 533.3333280000000514, 2.997052627295858418 ) ) ;
#860 = CARTESIAN_POINT ( 'NONE',  ( -264.6795704296161489, 533.3333280000000514, 5.899739385249729295 ) ) ;
#861 = CARTESIAN_POINT ( 'NONE',  ( -88.41564499545332012, 445.4444399999999860, -93.03875721260200748 ) ) ;
#862 = EDGE_LOOP ( 'NONE', ( #369, #418, #1112, #100 ) ) ;
#863 = CARTESIAN_POINT ( 'NONE',  ( -202.0437164180610239, 444.4444399999999291, 19.23448279298076358 ) ) ;
#864 = EDGE_CURVE ( 'NONE', #3741, #3027, #226, .T. ) ;
#865 = B_SPLINE_CURVE_WITH_KNOTS ( 'NONE', 3,
 ( #1824, #4104, #1268, #2193 ),
 .UNSPECIFIED., .F., .F.,
 ( 4, 4 ),
 ( 0.05948525451407501302, 0.06126988555130413044 ),
 .UNSPECIFIED. ) ;
#866 = CARTESIAN_POINT ( 'NONE',  ( -189.6846012325700030, 445.4444399999999860, 21.20092582515553303 ) ) ;
#867 = VECTOR ( 'NONE', #3359, 1000.000000000000114 ) ;
#868 = DIRECTION ( 'NONE',  ( -0.1609050596805300382, 0.000000000000000000, 0.9869698889881115544 ) ) ;
#869 = AXIS2_PLACEMENT_3D ( 'NONE', #3695, #736, #775 ) ;
#870 = VERTEX_POINT ( 'NONE', #1528 ) ;
#871 = EDGE_CURVE ( 'NONE', #1385, #4114, #2897, .T. ) ;
#872 = CARTESIAN_POINT ( 'NONE',  ( -222.1339385744326762, 444.4444399999999860, 15.90658109350743388 ) ) ;
#873 = CARTESIAN_POINT ( 'NONE',  ( -276.9279722789253810, 533.3333280000000514, 2.022114237912307821 ) ) ;
#874 = B_SPLINE_CURVE_WITH_KNOTS ( 'NONE', 3,
 ( #1109, #1449, #3122, #744 ),
 .UNSPECIFIED., .F., .F.,
 ( 4, 4 ),
 ( 0.7338661583722677628, 0.7561382821082465178 ),
 .UNSPECIFIED. ) ;
#875 = ORIENTED_EDGE ( 'NONE', *, *, #2082, .F. ) ;
#876 = ORIENTED_EDGE ( 'NONE', *, *, #277, .F. ) ;
#877 = CARTESIAN_POINT ( 'NONE',  ( -200.4954640087551923, 444.4444399999999860, 8.438484520300974623 ) ) ;
#878 = FACE_OUTER_BOUND ( 'NONE', #1823, .T. ) ;
#879 = LINE ( 'NONE', #2552, #1164 ) ;
#880 = DIRECTION ( 'NONE',  ( -0.000000000000000000, -1.000000000000000000, -0.000000000000000000 ) ) ;
#881 = ORIENTED_EDGE ( 'NONE', *, *, #3668, .F. ) ;
#882 = EDGE_LOOP ( 'NONE', ( #1130, #1855, #3637 ) ) ;
#883 = LINE ( 'NONE', #3754, #1525 ) ;
#884 = FACE_BOUND ( 'NONE', #3863, .T. ) ;
#885 = ORIENTED_EDGE ( 'NONE', *, *, #213, .F. ) ;
#886 = CARTESIAN_POINT ( 'NONE',  ( -292.8379051515317428, 444.4444399999999860, 0.5759372687055264173 ) ) ;
#887 = DIRECTION ( 'NONE',  ( -0.000000000000000000, -1.000000000000000000, -0.000000000000000000 ) ) ;
#888 = CARTESIAN_POINT ( 'NONE',  ( -113.5285485838878117, 449.4444399999999860, 8.528672068350854119 ) ) ;
#889 = CARTESIAN_POINT ( 'NONE',  ( -165.8831520765355094, 445.4444399999999860, 24.32831145581577204 ) ) ;
#890 = EDGE_CURVE ( 'NONE', #2711, #2965, #3920, .T. ) ;
#891 = EDGE_CURVE ( 'NONE', #3307, #1362, #2312, .T. ) ;
#892 = ORIENTED_EDGE ( 'NONE', *, *, #3240, .F. ) ;
#893 = VERTEX_POINT ( 'NONE', #988 ) ;
#894 = CARTESIAN_POINT ( 'NONE',  ( -246.4103591120961596, 445.4444399999999860, 7.704962952225629991 ) ) ;
#895 = FACE_OUTER_BOUND ( 'NONE', #862, .T. ) ;
#896 = ADVANCED_FACE ( 'NONE', ( #2295 ), #44, .T. ) ;
#897 = ORIENTED_EDGE ( 'NONE', *, *, #2492, .T. ) ;
#898 = EDGE_LOOP ( 'NONE', ( #2660, #3282, #2819, #3647 ) ) ;
#899 = CARTESIAN_POINT ( 'NONE',  ( -113.6756979680784383, 445.4444399999999860, 3.057168747125811770 ) ) ;
#900 = FACE_OUTER_BOUND ( 'NONE', #2717, .T. ) ;
#901 = DIRECTION ( 'NONE',  ( -0.01073934591757915065, 0.000000000000000000, -0.9999423315618068964 ) ) ;
#902 = CARTESIAN_POINT ( 'NONE',  ( -148.7718042799496061, 445.4444399999999860, 11.08556981307087774 ) ) ;
#903 = EDGE_CURVE ( 'NONE', #236, #3823, #1984, .T. ) ;
#904 = ORIENTED_EDGE ( 'NONE', *, *, #3024, .F. ) ;
#905 = VERTEX_POINT ( 'NONE', #2632 ) ;
#906 =( NAMED_UNIT ( * ) PLANE_ANGLE_UNIT ( ) SI_UNIT ( $, .RADIAN. ) );
#907 = LINE ( 'NONE', #1243, #1253 ) ;
#908 = CARTESIAN_POINT ( 'NONE',  ( -239.2467623673018977, 445.4444399999999860, 8.017431533633853746 ) ) ;
#909 = AXIS2_PLACEMENT_3D ( 'NONE', #4094, #171, #901 ) ;
#910 = ORIENTED_EDGE ( 'NONE', *, *, #948, .T. ) ;
#911 = LINE ( 'NONE', #1247, #3455 ) ;
#912 = VECTOR ( 'NONE', #4184, 1000.000000000000000 ) ;
#913 = DIRECTION ( 'NONE',  ( -0.000000000000000000, -1.000000000000000000, -0.000000000000000000 ) ) ;
#914 = DIRECTION ( 'NONE',  ( 0.06567303980416963616, 0.000000000000000000, -0.9978411957034445390 ) ) ;
#915 = AXIS2_PLACEMENT_3D ( 'NONE', #741, #3702, #105 ) ;
#916 = CARTESIAN_POINT ( 'NONE',  ( -228.9787319495090969, 445.4444399999999860, 8.123221266307991684 ) ) ;
#917 = ORIENTED_EDGE ( 'NONE', *, *, #2014, .F. ) ;
#918 = VECTOR ( 'NONE', #3181, 999.9999999999998863 ) ;
#919 = CARTESIAN_POINT ( 'NONE',  ( -113.5285485838878117, 449.4444399999999860, 8.528672068350854119 ) ) ;
#920 = DIRECTION ( 'NONE',  ( 0.6888675014067503488, 0.000000000000000000, 0.7248872777926378408 ) ) ;
#921 = EDGE_LOOP ( 'NONE', ( #1263, #968, #986 ) ) ;
#922 = VERTEX_POINT ( 'NONE', #3604 ) ;
#923 = CARTESIAN_POINT ( 'NONE',  ( -249.9433811924889426, 444.4444400000000428, 7.536298014069365614 ) ) ;
#924 = EDGE_CURVE ( 'NONE', #127, #1981, #1220, .T. ) ;
#925 = B_SPLINE_CURVE_WITH_KNOTS ( 'NONE', 3,
 ( #467, #3072, #152, #859, #2166, #2802, #3461, #535, #1842 ),
 .UNSPECIFIED., .F., .F.,
 ( 4, 1, 1, 1, 1, 1, 4 ),
 ( 0.9389019328317708135, 0.9448400810633539315, 0.9507782292949371605, 0.9626545257581033965, 0.9745308222212696325, 0.9804689704528527505, 0.9864071186844358685 ),
 .UNSPECIFIED. ) ;
#926 = DIRECTION ( 'NONE',  ( -0.1609050596805300382, 0.000000000000000000, 0.9869698889881115544 ) ) ;
#927 = CARTESIAN_POINT ( 'NONE',  ( -264.9890575499203464, 444.4444399999999860, -17.44028709085020878 ) ) ;
#928 = ORIENTED_EDGE ( 'NONE', *, *, #57, .F. ) ;
#929 = VERTEX_POINT ( 'NONE', #3204 ) ;
#930 = DIRECTION ( 'NONE',  ( -0.000000000000000000, -1.000000000000000000, -0.000000000000000000 ) ) ;
#931 = EDGE_CURVE ( 'NONE', #1498, #3713, #2612, .T. ) ;
#932 = PLANE ( 'NONE',  #630 ) ;
#933 = ORIENTED_EDGE ( 'NONE', *, *, #2647, .T. ) ;
#934 = CARTESIAN_POINT ( 'NONE',  ( -279.6950825001121075, 444.4444399999999860, 1.796581939513774318 ) ) ;
#935 = LINE ( 'NONE', #3718, #2086 ) ;
#936 = CARTESIAN_POINT ( 'NONE',  ( -92.50000000000000000, 444.4444399999999860, 16.74722354252675771 ) ) ;
#937 = VECTOR ( 'NONE', #3857, 1000.000000000000000 ) ;
#938 = SURFACE_SIDE_STYLE ('',( #4197 ) ) ;
#939 = VECTOR ( 'NONE', #3097, 1000.000000000000000 ) ;
#940 = LINE ( 'NONE', #2223, #3717 ) ;
#941 = CARTESIAN_POINT ( 'NONE',  ( -237.8803495755753659, 449.4444399999999860, 13.20663139703280642 ) ) ;
#942 = VECTOR ( 'NONE', #2106, 1000.000000000000000 ) ;
#943 = ORIENTED_EDGE ( 'NONE', *, *, #3644, .F. ) ;
#944 = EDGE_LOOP ( 'NONE', ( #764, #473, #1155, #2599 ) ) ;
#945 = CARTESIAN_POINT ( 'NONE',  ( -260.8576000477224284, 449.4444399999999860, 7.086686038297494328 ) ) ;
#946 = CARTESIAN_POINT ( 'NONE',  ( -135.8692035659113060, 444.4444399999999860, 26.79237269320660886 ) ) ;
#947 = LINE ( 'NONE', #616, #2682 ) ;
#948 = EDGE_CURVE ( 'NONE', #2456, #1398, #322, .T. ) ;
#949 = EDGE_CURVE ( 'NONE', #3607, #1408, #3866, .T. ) ;
#950 = ORIENTED_EDGE ( 'NONE', *, *, #1828, .F. ) ;
#951 = DIRECTION ( 'NONE',  ( 0.000000000000000000, -1.000000000000000000, 0.000000000000000000 ) ) ;
#952 = CARTESIAN_POINT ( 'NONE',  ( -189.8871197409697800, 449.4444399999999860, 9.390855830577100605 ) ) ;
#953 = ORIENTED_EDGE ( 'NONE', *, *, #1292, .T. ) ;
#954 = EDGE_CURVE ( 'NONE', #1284, #3700, #2929, .T. ) ;
#955 = CARTESIAN_POINT ( 'NONE',  ( -292.7816016976615288, 533.3333280000000514, 2.342604849855894678 ) ) ;
#956 = LINE ( 'NONE', #4168, #783 ) ;
#957 = CARTESIAN_POINT ( 'NONE',  ( -190.3522683579551540, 444.4444399999999860, 21.10012339114813074 ) ) ;
#958 = DIRECTION ( 'NONE',  ( -0.7248872777926355093, 0.000000000000000000, 0.6888675014067527913 ) ) ;
#959 = EDGE_CURVE ( 'NONE', #3347, #1246, #1299, .T. ) ;
#960 = CARTESIAN_POINT ( 'NONE',  ( -264.1907845933577050, 444.4444399999999860, -17.38774865900553124 ) ) ;
#961 = CARTESIAN_POINT ( 'NONE',  ( -270.6058122691740664, 444.4444400000000428, 7.731282320555687093 ) ) ;
#962 = ORIENTED_EDGE ( 'NONE', *, *, #3296, .T. ) ;
#963 = ORIENTED_EDGE ( 'NONE', *, *, #3007, .T. ) ;
#964 = CARTESIAN_POINT ( 'NONE',  ( -246.4103591038307002, 444.4444399999999860, 7.704962946928673340 ) ) ;
#965 = PLANE ( 'NONE',  #2707 ) ;
#966 = LINE ( 'NONE', #3270, #3756 ) ;
#967 = ORIENTED_EDGE ( 'NONE', *, *, #2099, .T. ) ;
#968 = ORIENTED_EDGE ( 'NONE', *, *, #525, .F. ) ;
#969 = VERTEX_POINT ( 'NONE', #2595 ) ;
#970 = CARTESIAN_POINT ( 'NONE',  ( -249.8586558847691776, 445.4444399999999860, 9.692726198989230824 ) ) ;
#971 = DIRECTION ( 'NONE',  ( -0.000000000000000000, -1.000000000000000000, -0.000000000000000000 ) ) ;
#972 = EDGE_CURVE ( 'NONE', #1799, #3121, #3762, .T. ) ;
#973 = ORIENTED_EDGE ( 'NONE', *, *, #527, .F. ) ;
#974 = ORIENTED_EDGE ( 'NONE', *, *, #3926, .T. ) ;
#975 = CARTESIAN_POINT ( 'NONE',  ( -176.8473984958616256, 445.4444399999999860, 11.19227220079777396 ) ) ;
#976 = VECTOR ( 'NONE', #1438, 1000.000000000000000 ) ;
#977 = FACE_OUTER_BOUND ( 'NONE', #4163, .T. ) ;
#978 = EDGE_CURVE ( 'NONE', #486, #1905, #2229, .T. ) ;
#979 = DIRECTION ( 'NONE',  ( -0.000000000000000000, -1.000000000000000000, -0.000000000000000000 ) ) ;
#980 = AXIS2_PLACEMENT_3D ( 'NONE', #2623, #2982, #3894 ) ;
#981 = FACE_OUTER_BOUND ( 'NONE', #2088, .T. ) ;
#982 = VECTOR ( 'NONE', #3977, 1000.000000000000114 ) ;
#983 = EDGE_CURVE ( 'NONE', #2043, #1484, #1604, .T. ) ;
#984 = DIRECTION ( 'NONE',  ( 0.000000000000000000, 0.000000000000000000, 1.000000000000000000 ) ) ;
#985 = CARTESIAN_POINT ( 'NONE',  ( -178.0452344410734042, 445.4444399999999860, 10.96763611671494942 ) ) ;
#986 = ORIENTED_EDGE ( 'NONE', *, *, #553, .F. ) ;
#987 = CARTESIAN_POINT ( 'NONE',  ( -260.6240663350685622, 444.4444399999999860, 6.159236989585846977 ) ) ;
#988 = CARTESIAN_POINT ( 'NONE',  ( -238.7043891112622589, 444.4444399999999860, 8.605628765596048169 ) ) ;
#989 = CARTESIAN_POINT ( 'NONE',  ( -254.1091732842313888, 444.4444399999999860, 9.090270003344036454 ) ) ;
#990 = ORIENTED_EDGE ( 'NONE', *, *, #845, .T. ) ;
#991 = CARTESIAN_POINT ( 'NONE',  ( -258.1834402303667275, 445.4444399999999860, 7.735716175647801229 ) ) ;
#992 = CARTESIAN_POINT ( 'NONE',  ( -248.5104516239174757, 445.4444399999999860, 10.00099284819229695 ) ) ;
#993 = ORIENTED_EDGE ( 'NONE', *, *, #2083, .T. ) ;
#994 = CARTESIAN_POINT ( 'NONE',  ( -256.4540599162018566, 445.4444399999999860, 7.194228691582399193 ) ) ;
#995 = PLANE ( 'NONE',  #1861 ) ;
#996 = LINE ( 'NONE', #3596, #2019 ) ;
#997 = EDGE_CURVE ( 'NONE', #1179, #1486, #284, .T. ) ;
#998 = VECTOR ( 'NONE', #2734, 1000.000000000000000 ) ;
#999 = CARTESIAN_POINT ( 'NONE',  ( -133.9566291355076544, 445.4444399999999860, 9.286974893465000491 ) ) ;
#1000 = CARTESIAN_POINT ( 'NONE',  ( -290.1604015055182231, 533.3333280000000514, 1.637864100023814773 ) ) ;
#1001 = VERTEX_POINT ( 'NONE', #1260 ) ;
#1002 = EDGE_LOOP ( 'NONE', ( #1804, #1213, #1511 ) ) ;
#1003 = EDGE_CURVE ( 'NONE', #3614, #2591, #1062, .T. ) ;
#1004 = CARTESIAN_POINT ( 'NONE',  ( -112.3038216628890495, 449.4444399999999860, 24.31067548444904958 ) ) ;
#1005 = CARTESIAN_POINT ( 'NONE',  ( -196.3571183543445215, 444.4444399999999860, 20.16374226176603202 ) ) ;
#1006 = LINE ( 'NONE', #360, #2811 ) ;
#1007 = ORIENTED_EDGE ( 'NONE', *, *, #3398, .T. ) ;
#1008 = VECTOR ( 'NONE', #609, 1000.000000000000000 ) ;
#1009 = CARTESIAN_POINT ( 'NONE',  ( -277.4549981302086508, 533.3333280000000514, 6.762558882512844427 ) ) ;
#1010 = CARTESIAN_POINT ( 'NONE',  ( -249.3248647807647558, 445.4444399999999860, 10.17348941216916636 ) ) ;
#1011 = B_SPLINE_CURVE_WITH_KNOTS ( 'NONE', 3,
 ( #4187, #3867, #64, #3965 ),
 .UNSPECIFIED., .F., .F.,
 ( 4, 4 ),
 ( 0.7336773637902096468, 0.7356845020141011826 ),
 .UNSPECIFIED. ) ;
#1012 = ORIENTED_EDGE ( 'NONE', *, *, #4017, .F. ) ;
#1013 = CARTESIAN_POINT ( 'NONE',  ( -192.5000000000002274, 449.4444399999999860, 20.27593237103806345 ) ) ;
#1014 = CARTESIAN_POINT ( 'NONE',  ( -260.9867192135914138, 533.3333280000000514, 7.878685561044471264 ) ) ;
#1015 = B_SPLINE_CURVE_WITH_KNOTS ( 'NONE', 3,
 ( #1759, #3063, #2708, #1099 ),
 .UNSPECIFIED., .F., .F.,
 ( 4, 4 ),
 ( 0.1402734871941962724, 0.1547458643171480686 ),
 .UNSPECIFIED. ) ;
#1016 = ORIENTED_EDGE ( 'NONE', *, *, #1892, .F. ) ;
#1017 = PLANE ( 'NONE',  #2583 ) ;
#1018 = PLANE ( 'NONE',  #2922 ) ;
#1019 = EDGE_CURVE ( 'NONE', #356, #668, #1928, .T. ) ;
#1020 = ADVANCED_FACE ( 'NONE', ( #3884 ), #965, .T. ) ;
#1021 = DIRECTION ( 'NONE',  ( 0.000000000000000000, 1.000000000000000000, 0.000000000000000000 ) ) ;
#1022 = ORIENTED_EDGE ( 'NONE', *, *, #2492, .F. ) ;
#1023 = ORIENTED_EDGE ( 'NONE', *, *, #753, .T. ) ;
#1024 = DIRECTION ( 'NONE',  ( -0.7430509880625585373, 0.000000000000000000, -0.6692348086727523127 ) ) ;
#1025 = EDGE_CURVE ( 'NONE', #593, #3661, #1015, .T. ) ;
#1026 = CARTESIAN_POINT ( 'NONE',  ( -165.5945624024669769, 444.4444399999999860, 9.630070904658040831 ) ) ;
#1027 = ORIENTED_EDGE ( 'NONE', *, *, #1993, .T. ) ;
#1028 = DIRECTION ( 'NONE',  ( 0.000000000000000000, 0.000000000000000000, -1.000000000000000000 ) ) ;
#1029 = CARTESIAN_POINT ( 'NONE',  ( -237.8803495755753659, 449.4444400000003839, 13.20663139703280642 ) ) ;
#1030 = PRODUCT_DEFINITION ( 'UNKNOWN', '', #3361, #1754 ) ;
#1031 = ADVANCED_FACE ( 'NONE', ( #3025 ), #4002, .F. ) ;
#1032 = ORIENTED_EDGE ( 'NONE', *, *, #2032, .F. ) ;
#1033 = CARTESIAN_POINT ( 'NONE',  ( -251.5473021275624319, 445.4444399999999860, 7.785039514128762050 ) ) ;
#1034 = CARTESIAN_POINT ( 'NONE',  ( -87.86455099432787108, 445.4444399999999860, -92.45884739036793576 ) ) ;
#1035 = CARTESIAN_POINT ( 'NONE',  ( -132.7570444405470198, 445.4444399999999860, 9.255407141683583916 ) ) ;
#1036 = CARTESIAN_POINT ( 'NONE',  ( -293.2676002059585585, 444.4444399999999860, 1.330312713632799237 ) ) ;
#1037 = CARTESIAN_POINT ( 'NONE',  ( -228.4276379483836479, 445.4444399999999860, 8.703131088542161109 ) ) ;
#1038 = VERTEX_POINT ( 'NONE', #2671 ) ;
#1039 = AXIS2_PLACEMENT_3D ( 'NONE', #3691, #1967, #1319 ) ;
#1040 = CARTESIAN_POINT ( 'NONE',  ( -242.9298313318373346, 444.4444399999999860, 11.25234309190398463 ) ) ;
#1041 = CARTESIAN_POINT ( 'NONE',  ( -234.0545347927723299, 445.4444399999999860, 13.49861650587893713 ) ) ;
#1042 = VECTOR ( 'NONE', #4166, 1000.000000000000000 ) ;
#1043 = ORIENTED_EDGE ( 'NONE', *, *, #3533, .F. ) ;
#1044 = EDGE_CURVE ( 'NONE', #1135, #2315, #4020, .T. ) ;
#1045 = DIRECTION ( 'NONE',  ( -0.8513302070673179900, 0.000000000000000000, 0.5246302302905517800 ) ) ;
#1046 = CARTESIAN_POINT ( 'NONE',  ( -101.7636842347514090, 449.4444399999999860, 11.19527303853105948 ) ) ;
#1047 = PLANE ( 'NONE',  #3788 ) ;
#1048 = ORIENTED_EDGE ( 'NONE', *, *, #1727, .T. ) ;
#1049 = CARTESIAN_POINT ( 'NONE',  ( -190.2778826472211335, 445.4444399999999860, 21.11138721320716627 ) ) ;
#1050 = ADVANCED_FACE ( 'NONE', ( #2368 ), #1079, .T. ) ;
#1051 = CARTESIAN_POINT ( 'NONE',  ( -122.1786715887304240, 533.3333280000000514, 8.123971859965809728 ) ) ;
#1052 = DIRECTION ( 'NONE',  ( -0.7430509880625497665, 0.000000000000000000, -0.6692348086727621936 ) ) ;
#1053 = CARTESIAN_POINT ( 'NONE',  ( -117.3872845654307042, 449.4444400000000428, 27.32359723883179825 ) ) ;
#1054 = CARTESIAN_POINT ( 'NONE',  ( -260.7629341024527889, 449.4444400000000428, 6.944829825261215284 ) ) ;
#1055 = ORIENTED_EDGE ( 'NONE', *, *, #3576, .F. ) ;
#1056 = FACE_OUTER_BOUND ( 'NONE', #2278, .T. ) ;
#1057 = B_SPLINE_CURVE_WITH_KNOTS ( 'NONE', 3,
 ( #1161, #4111, #2476, #1185 ),
 .UNSPECIFIED., .F., .F.,
 ( 4, 4 ),
 ( 0.8269501858923773430, 0.8284300751928154183 ),
 .UNSPECIFIED. ) ;
#1058 = CARTESIAN_POINT ( 'NONE',  ( -214.8901236717287588, 445.4444399999999291, 8.839435695006585547 ) ) ;
#1059 = VECTOR ( 'NONE', #487, 1000.000000000000000 ) ;
#1060 = ORIENTED_EDGE ( 'NONE', *, *, #1328, .F. ) ;
#1061 = ORIENTED_EDGE ( 'NONE', *, *, #304, .T. ) ;
#1062 = B_SPLINE_CURVE_WITH_KNOTS ( 'NONE', 3,
 ( #307, #2908, #2574, #2250, #3543 ),
 .UNSPECIFIED., .F., .F.,
 ( 4, 1, 4 ),
 ( 0.7587236421685094045, 0.7612274788411785842, 0.7801910122754447396 ),
 .UNSPECIFIED. ) ;
#1063 = VECTOR ( 'NONE', #2761, 1000.000000000000000 ) ;
#1064 = CARTESIAN_POINT ( 'NONE',  ( -257.1160311369276315, 444.4444399999999860, 7.991938233640836664 ) ) ;
#1065 = CARTESIAN_POINT ( 'NONE',  ( -119.0667696627177463, 444.4444400000003270, 28.12804715761673791 ) ) ;
#1066 = DIRECTION ( 'NONE',  ( -0.6407894207433073586, 0.000000000000000000, -0.7677166914060528091 ) ) ;
#1067 = EDGE_CURVE ( 'NONE', #824, #281, #2654, .T. ) ;
#1068 = EDGE_CURVE ( 'NONE', #3076, #1787, #378, .T. ) ;
#1069 = AXIS2_PLACEMENT_3D ( 'NONE', #2771, #1830, #4086 ) ;
#1070 = VERTEX_POINT ( 'NONE', #139 ) ;
#1071 = DIRECTION ( 'NONE',  ( -0.6692348086727621936, 0.000000000000000000, 0.7430509880625497665 ) ) ;
#1072 = CARTESIAN_POINT ( 'NONE',  ( -260.8337779118351705, 449.4444399999999860, 6.940564282544452901 ) ) ;
#1073 = CARTESIAN_POINT ( 'NONE',  ( -233.4746249705381729, 444.4444399999999860, 12.94752250475350053 ) ) ;
#1074 = EDGE_CURVE ( 'NONE', #1529, #3853, #801, .T. ) ;
#1075 = LINE ( 'NONE', #1090, #3255 ) ;
#1076 = CARTESIAN_POINT ( 'NONE',  ( -238.4144342001442567, 445.4444399999999860, 8.330081765032456786 ) ) ;
#1077 = CARTESIAN_POINT ( 'NONE',  ( -225.6975725102136039, 449.4444399999999860, 8.533007167635533463 ) ) ;
#1078 = ORIENTED_EDGE ( 'NONE', *, *, #390, .T. ) ;
#1079 = PLANE ( 'NONE',  #2021 ) ;
#1080 = LINE ( 'NONE', #718, #3352 ) ;
#1081 = VERTEX_POINT ( 'NONE', #3676 ) ;
#1082 = ORIENTED_EDGE ( 'NONE', *, *, #949, .T. ) ;
#1083 = CARTESIAN_POINT ( 'NONE',  ( -290.3110310811928798, 533.3333280000000514, 3.099905874843258413 ) ) ;
#1084 = CARTESIAN_POINT ( 'NONE',  ( -112.2823144185779682, 449.4444399999999860, 25.11038633121939867 ) ) ;
#1085 = DIRECTION ( 'NONE',  ( 0.000000000000000000, 0.000000000000000000, -1.000000000000000000 ) ) ;
#1086 = ORIENTED_EDGE ( 'NONE', *, *, #1377, .F. ) ;
#1087 = CARTESIAN_POINT ( 'NONE',  ( -224.4286458187617939, 444.4444399999999291, 15.12619433148376658 ) ) ;
#1088 = FACE_OUTER_BOUND ( 'NONE', #1257, .T. ) ;
#1089 = DIRECTION ( 'NONE',  ( -0.000000000000000000, -1.000000000000000000, -0.000000000000000000 ) ) ;
#1090 = CARTESIAN_POINT ( 'NONE',  ( -198.1861463371279797, 445.4444399999999860, 12.38084846747689305 ) ) ;
#1091 = B_SPLINE_CURVE_WITH_KNOTS ( 'NONE', 3,
 ( #2572, #1560, #573, #2204, #2907, #4204, #2928, #3865, #3180, #2249, #1281 ),
 .UNSPECIFIED., .F., .F.,
 ( 4, 1, 1, 1, 1, 1, 1, 1, 4 ),
 ( 0.1146525530252893582, 0.1162843833321219045, 0.1356275895091634820, 0.1549707956862050318, 0.1646423987747258066, 0.1743140018632465815, 0.1839856049517673564, 0.1888214064960277438, 0.1936572080402881313 ),
 .UNSPECIFIED. ) ;
#1092 = ORIENTED_EDGE ( 'NONE', *, *, #3553, .T. ) ;
#1093 = EDGE_CURVE ( 'NONE', #2289, #1173, #2990, .T. ) ;
#1094 = FACE_OUTER_BOUND ( 'NONE', #2974, .T. ) ;
#1095 = CARTESIAN_POINT ( 'NONE',  ( -122.1786715887304240, 449.4444399999999860, 8.123971859965809728 ) ) ;
#1096 = ORIENTED_EDGE ( 'NONE', *, *, #2039, .T. ) ;
#1097 = EDGE_CURVE ( 'NONE', #3211, #1535, #1715, .T. ) ;
#1098 = VECTOR ( 'NONE', #1684, 1000.000000000000114 ) ;
#1099 = CARTESIAN_POINT ( 'NONE',  ( -149.8130695285133811, 444.4444399999999860, 25.87183340821861322 ) ) ;
#1100 = DIRECTION ( 'NONE',  ( -0.7248872777926401723, 0.000000000000000000, 0.6888675014067479063 ) ) ;
#1101 = AXIS2_PLACEMENT_3D ( 'NONE', #936, #1918, #2242 ) ;
#1102 = EDGE_LOOP ( 'NONE', ( #1509, #254, #1990, #1297 ) ) ;
#1103 = ORIENTED_EDGE ( 'NONE', *, *, #1827, .T. ) ;
#1104 = FACE_BOUND ( 'NONE', #1002, .T. ) ;
#1105 = CARTESIAN_POINT ( 'NONE',  ( -274.7847390678884949, 533.3333280000000514, 7.475225215082193841 ) ) ;
#1106 = VECTOR ( 'NONE', #11, 1000.000000000000000 ) ;
#1107 = DIRECTION ( 'NONE',  ( -0.01073934591757915065, 0.000000000000000000, -0.9999423315618068964 ) ) ;
#1108 = ORIENTED_EDGE ( 'NONE', *, *, #3413, .T. ) ;
#1109 = CARTESIAN_POINT ( 'NONE',  ( -133.9566291355076544, 444.4444399999999860, 9.286974893465000491 ) ) ;
#1110 = CARTESIAN_POINT ( 'NONE',  ( -260.8337779118351705, 444.4444399999998723, 6.940564282544452901 ) ) ;
#1111 = CARTESIAN_POINT ( 'NONE',  ( -266.5886069376114733, 533.3333280000000514, 9.579359346406523201 ) ) ;
#1112 = ORIENTED_EDGE ( 'NONE', *, *, #3471, .F. ) ;
#1113 = CARTESIAN_POINT ( 'NONE',  ( -79.83924460293808067, 445.4444399999999860, -84.01391060408241174 ) ) ;
#1114 = ORIENTED_EDGE ( 'NONE', *, *, #1074, .F. ) ;
#1115 = FACE_OUTER_BOUND ( 'NONE', #1278, .T. ) ;
#1116 = CARTESIAN_POINT ( 'NONE',  ( -148.6143614906607695, 445.4444399999999860, 25.96668747503414920 ) ) ;
#1117 = ADVANCED_FACE ( 'NONE', ( #3311 ), #716, .F. ) ;
#1118 = CARTESIAN_POINT ( 'NONE',  ( -265.5219321219681774, 533.3333280000000514, 2.837808823443983997 ) ) ;
#1119 = DIRECTION ( 'NONE',  ( -0.7677166914060540304, 0.000000000000000000, 0.6407894207433059153 ) ) ;
#1120 = DIRECTION ( 'NONE',  ( 0.000000000000000000, 1.000000000000000000, 0.000000000000000000 ) ) ;
#1121 = ADVANCED_FACE ( 'NONE', ( #755, #2727 ), #3387, .T. ) ;
#1122 = APPLICATION_CONTEXT ( 'automotive_design' ) ;
#1123 = ORIENTED_EDGE ( 'NONE', *, *, #3296, .F. ) ;
#1124 = ORIENTED_EDGE ( 'NONE', *, *, #3218, .F. ) ;
#1125 = DIRECTION ( 'NONE',  ( 0.000000000000000000, 1.000000000000000000, -0.000000000000000000 ) ) ;
#1126 = LINE ( 'NONE', #808, #1790 ) ;
#1127 = VECTOR ( 'NONE', #2854, 999.9999999999998863 ) ;
#1128 = FACE_OUTER_BOUND ( 'NONE', #2634, .T. ) ;
#1129 = ORIENTED_EDGE ( 'NONE', *, *, #3471, .T. ) ;
#1130 = ORIENTED_EDGE ( 'NONE', *, *, #2722, .T. ) ;
#1131 = LINE ( 'NONE', #3376, #3041 ) ;
#1132 = CARTESIAN_POINT ( 'NONE',  ( -277.4549981297886347, 444.4444399999999291, 6.762558882627204504 ) ) ;
#1133 = DIRECTION ( 'NONE',  ( 0.9999510468771783955, 0.000000000000000000, 0.009894637397860178360 ) ) ;
#1134 = VECTOR ( 'NONE', #4186, 1000.000000000000000 ) ;
#1135 = VERTEX_POINT ( 'NONE', #2348 ) ;
#1136 = CARTESIAN_POINT ( 'NONE',  ( -112.8759871213074035, 449.4444399999999860, 3.035661502803514988 ) ) ;
#1137 = CARTESIAN_POINT ( 'NONE',  ( -245.1419891225305889, 445.4444399999999860, 7.763188727969735581 ) ) ;
#1138 = CARTESIAN_POINT ( 'NONE',  ( 0.2273156052836214358, 449.4444399999999860, 8.452349944409252913 ) ) ;
#1139 = EDGE_CURVE ( 'NONE', #3853, #2536, #3638, .T. ) ;
#1140 = CARTESIAN_POINT ( 'NONE',  ( -238.9655282012697342, 444.4444399999999860, 7.750171942798270486 ) ) ;
#1141 = CARTESIAN_POINT ( 'NONE',  ( -276.9279722789253810, 444.4444400000000428, 2.022114237912307821 ) ) ;
#1142 = ORIENTED_EDGE ( 'NONE', *, *, #1913, .F. ) ;
#1143 = ORIENTED_EDGE ( 'NONE', *, *, #3106, .T. ) ;
#1144 = FACE_BOUND ( 'NONE', #2327, .T. ) ;
#1145 = EDGE_CURVE ( 'NONE', #2157, #3004, #2409, .T. ) ;
#1146 = CARTESIAN_POINT ( 'NONE',  ( -249.1849982830883050, 533.3333280000000514, -62.77685069814302210 ) ) ;
#1147 = CARTESIAN_POINT ( 'NONE',  ( -260.9867192135903338, 449.4444400000000428, 7.878685561044759034 ) ) ;
#1148 = CARTESIAN_POINT ( 'NONE',  ( -242.9298313148080410, 449.4444399999999860, 11.25234309566257984 ) ) ;
#1149 = EDGE_LOOP ( 'NONE', ( #157, #967, #3208 ) ) ;
#1150 = VERTEX_POINT ( 'NONE', #2689 ) ;
#1151 = PLANE ( 'NONE',  #3523 ) ;
#1152 = CARTESIAN_POINT ( 'NONE',  ( -233.7501719711009400, 444.4444399999999860, 12.65756759363638473 ) ) ;
#1153 = ADVANCED_FACE ( 'NONE', ( #1056 ), #3982, .T. ) ;
#1154 = PLANE ( 'NONE',  #3358 ) ;
#1155 = ORIENTED_EDGE ( 'NONE', *, *, #1574, .T. ) ;
#1156 = CARTESIAN_POINT ( 'NONE',  ( -260.9867192135914138, 533.3333280000000514, 7.878685561044471264 ) ) ;
#1157 = CARTESIAN_POINT ( 'NONE',  ( -264.9890575499203464, 533.3333280000000514, -17.44028709085020878 ) ) ;
#1158 = CARTESIAN_POINT ( 'NONE',  ( -239.2467623673019261, 444.4444399999999860, 8.017431533633883944 ) ) ;
#1159 = ORIENTED_EDGE ( 'NONE', *, *, #1919, .T. ) ;
#1160 = B_SPLINE_CURVE_WITH_KNOTS ( 'NONE', 3,
 ( #1158, #454, #3383, #1485 ),
 .UNSPECIFIED., .F., .F.,
 ( 4, 4 ),
 ( 0.8950544707854029003, 0.9043374787310907159 ),
 .UNSPECIFIED. ) ;
#1161 = CARTESIAN_POINT ( 'NONE',  ( -195.1153897876527026, 445.4444399999999860, 9.298503150647018600 ) ) ;
#1162 = CARTESIAN_POINT ( 'NONE',  ( -279.6950825009786854, 444.4444400000000428, 1.796581939439624742 ) ) ;
#1163 = VERTEX_POINT ( 'NONE', #2084 ) ;
#1164 = VECTOR ( 'NONE', #3821, 1000.000000000000000 ) ;
#1165 = ORIENTED_EDGE ( 'NONE', *, *, #997, .F. ) ;
#1166 = CARTESIAN_POINT ( 'NONE',  ( -132.8079613817489815, 444.4444399999999860, 8.488640521341494605 ) ) ;
#1167 = CARTESIAN_POINT ( 'NONE',  ( -238.1161579706514431, 445.4444399999999860, 8.063291191234000621 ) ) ;
#1168 = CARTESIAN_POINT ( 'NONE',  ( -149.8130695285132674, 445.4444399999999860, 25.87183340821862032 ) ) ;
#1169 = CARTESIAN_POINT ( 'NONE',  ( -249.4100451870333472, 445.4444400000000428, 9.795693058987268387 ) ) ;
#1170 = AXIS2_PLACEMENT_3D ( 'NONE', #772, #3267, #429 ) ;
#1171 = EDGE_CURVE ( 'NONE', #1532, #3121, #2751, .T. ) ;
#1172 = ORIENTED_EDGE ( 'NONE', *, *, #1546, .T. ) ;
#1173 = VERTEX_POINT ( 'NONE', #3429 ) ;
#1174 = CARTESIAN_POINT ( 'NONE',  ( -195.1301120960158073, 444.4444399999999860, 9.398703641024599875 ) ) ;
#1175 = AXIS2_PLACEMENT_3D ( 'NONE', #3189, #1133, #1821 ) ;
#1176 = DIRECTION ( 'NONE',  ( 0.000000000000000000, 0.000000000000000000, 1.000000000000000000 ) ) ;
#1177 = CARTESIAN_POINT ( 'NONE',  ( -196.0844992106079587, 445.4444399999999860, 9.280012691016615634 ) ) ;
#1178 = CARTESIAN_POINT ( 'NONE',  ( -248.4092376083339389, 533.3333280000000514, -62.58141432606363708 ) ) ;
#1179 = VERTEX_POINT ( 'NONE', #1851 ) ;
#1180 = ADVANCED_FACE ( 'NONE', ( #3473 ), #2155, .F. ) ;
#1181 = DIRECTION ( 'NONE',  ( -0.000000000000000000, -1.000000000000000000, -0.000000000000000000 ) ) ;
#1182 = CARTESIAN_POINT ( 'NONE',  ( -164.3945647709204536, 444.4444399999999860, 9.632451632411738629 ) ) ;
#1183 = DIRECTION ( 'NONE',  ( -0.06567303980416963616, 0.000000000000000000, 0.9978411957034445390 ) ) ;
#1184 = VERTEX_POINT ( 'NONE', #2430 ) ;
#1185 = CARTESIAN_POINT ( 'NONE',  ( -196.0844992106079587, 445.4444399999999860, 9.280012691016615634 ) ) ;
#1186 = LINE ( 'NONE', #3815, #1587 ) ;
#1187 = VERTEX_POINT ( 'NONE', #3793 ) ;
#1188 = ORIENTED_EDGE ( 'NONE', *, *, #2233, .T. ) ;
#1189 = FACE_BOUND ( 'NONE', #3998, .T. ) ;
#1190 = CARTESIAN_POINT ( 'NONE',  ( -132.0558163129703644, 444.4444399999999860, 26.96303150527401016 ) ) ;
#1191 = CARTESIAN_POINT ( 'NONE',  ( -245.7811620399695016, 444.4444399999999860, 8.251920861738131663 ) ) ;
#1192 = CARTESIAN_POINT ( 'NONE',  ( -249.8586558847691776, 445.4444399999999860, 9.692726198989230824 ) ) ;
#1193 = ORIENTED_EDGE ( 'NONE', *, *, #1969, .T. ) ;
#1194 = EDGE_LOOP ( 'NONE', ( #4048, #645, #928, #663, #725, #331, #875, #1741 ) ) ;
#1195 = PRESENTATION_LAYER_ASSIGNMENT (  '', '', ( #2016 ) ) ;
#1196 = CARTESIAN_POINT ( 'NONE',  ( -212.6868810263902674, 444.4444399999999860, 8.899423504603435120 ) ) ;
#1197 = DIRECTION ( 'NONE',  ( -0.6888675014067477953, 0.000000000000000000, -0.7248872777926400612 ) ) ;
#1198 = EDGE_CURVE ( 'NONE', #2558, #3661, #544, .T. ) ;
#1199 = EDGE_CURVE ( 'NONE', #2347, #2024, #3798, .T. ) ;
#1200 = VECTOR ( 'NONE', #3022, 1000.000000000000000 ) ;
#1201 = ORIENTED_EDGE ( 'NONE', *, *, #2288, .T. ) ;
#1202 = LINE ( 'NONE', #582, #2916 ) ;
#1203 = CARTESIAN_POINT ( 'NONE',  ( -82.83959400944436879, 444.4444399999999860, 78.72328000652233015 ) ) ;
#1204 = B_SPLINE_CURVE_WITH_KNOTS ( 'NONE', 3,
 ( #888, #585, #2495, #541, #1802, #3103, #2519, #1895 ),
 .UNSPECIFIED., .F., .F.,
 ( 4, 1, 1, 1, 1, 4 ),
 ( 0.7024439672986638739, 0.7171398451842925237, 0.7318357230699212845, 0.7612274788411785842, 0.7906192346124359949, 0.8189731221614766632 ),
 .UNSPECIFIED. ) ;
#1205 = DIRECTION ( 'NONE',  ( 0.000000000000000000, 0.000000000000000000, 1.000000000000000000 ) ) ;
#1206 = VECTOR ( 'NONE', #1733, 1000.000000000000000 ) ;
#1207 = ADVANCED_FACE ( 'NONE', ( #2176 ), #3451, .T. ) ;
#1208 = CARTESIAN_POINT ( 'NONE',  ( -212.0019984945549254, 444.4444399999999291, 17.49936013451490169 ) ) ;
#1209 = AXIS2_PLACEMENT_3D ( 'NONE', #63, #1359, #457 ) ;
#1210 = ORIENTED_EDGE ( 'NONE', *, *, #3890, .T. ) ;
#1211 = DIRECTION ( 'NONE',  ( -0.7248872777926403943, 0.000000000000000000, 0.6888675014067476843 ) ) ;
#1212 = DIRECTION ( 'NONE',  ( 0.6965575549846625414, 0.000000000000000000, 0.7175009216675535262 ) ) ;
#1213 = ORIENTED_EDGE ( 'NONE', *, *, #433, .T. ) ;
#1214 = ORIENTED_EDGE ( 'NONE', *, *, #1921, .F. ) ;
#1215 = CARTESIAN_POINT ( 'NONE',  ( -92.50000000000000000, 449.4444399999999860, 16.74722354252675771 ) ) ;
#1216 = LINE ( 'NONE', #214, #700 ) ;
#1217 = CARTESIAN_POINT ( 'NONE',  ( -214.9781978809721181, 445.4444399999999860, 8.554600481504834875 ) ) ;
#1218 = CARTESIAN_POINT ( 'NONE',  ( -112.3038216628890495, 444.4444399999999860, 24.31067548444904958 ) ) ;
#1219 = ORIENTED_EDGE ( 'NONE', *, *, #3719, .T. ) ;
#1220 = B_SPLINE_CURVE_WITH_KNOTS ( 'NONE', 3,
 ( #3906, #1949, #2947, #3583 ),
 .UNSPECIFIED., .F., .F.,
 ( 4, 4 ),
 ( 0.8387052689073636325, 0.8412145681180637213 ),
 .UNSPECIFIED. ) ;
#1221 = EDGE_LOOP ( 'NONE', ( #3796, #3704, #180, #569 ) ) ;
#1222 = CARTESIAN_POINT ( 'NONE',  ( -295.2192840322443317, 444.4444399999999291, 1.574556936932530737 ) ) ;
#1223 = PLANE ( 'NONE',  #2280 ) ;
#1224 = ORIENTED_EDGE ( 'NONE', *, *, #903, .T. ) ;
#1225 = CARTESIAN_POINT ( 'NONE',  ( -176.9684519223427230, 449.4444399999999860, 22.98833891310567168 ) ) ;
#1226 = DIRECTION ( 'NONE',  ( 0.000000000000000000, 0.000000000000000000, 1.000000000000000000 ) ) ;
#1227 = CARTESIAN_POINT ( 'NONE',  ( -114.4461369841751264, 444.4444399999999860, 8.572950441632642082 ) ) ;
#1228 =( NAMED_UNIT ( * ) SI_UNIT ( $, .STERADIAN. ) SOLID_ANGLE_UNIT ( ) );
#1229 = ORIENTED_EDGE ( 'NONE', *, *, #2282, .T. ) ;
#1230 = EDGE_CURVE ( 'NONE', #3851, #929, #3405, .T. ) ;
#1231 = CARTESIAN_POINT ( 'NONE',  ( -247.4112030334045471, 449.4444399999999860, 10.26930581630611883 ) ) ;
#1232 = CARTESIAN_POINT ( 'NONE',  ( -287.7366072069025904, 444.4444400000000428, 1.077373546304119856 ) ) ;
#1233 = EDGE_LOOP ( 'NONE', ( #3818, #3482, #387, #758 ) ) ;
#1234 = EDGE_CURVE ( 'NONE', #2095, #840, #2743, .T. ) ;
#1235 = ORIENTED_EDGE ( 'NONE', *, *, #1333, .F. ) ;
#1236 = CARTESIAN_POINT ( 'NONE',  ( -247.4112030334045471, 444.4444399999999860, 10.26930581630611883 ) ) ;
#1237 = CARTESIAN_POINT ( 'NONE',  ( -112.3038216628890495, 449.4444399999999860, 24.31067548444904958 ) ) ;
#1238 = LINE ( 'NONE', #1881, #2742 ) ;
#1239 = CARTESIAN_POINT ( 'NONE',  ( -266.3727187654359909, 444.4444399999999860, 3.583167371675653801 ) ) ;
#1240 = ORIENTED_EDGE ( 'NONE', *, *, #3102, .T. ) ;
#1241 = ORIENTED_EDGE ( 'NONE', *, *, #1074, .T. ) ;
#1242 = ORIENTED_EDGE ( 'NONE', *, *, #3548, .F. ) ;
#1243 = CARTESIAN_POINT ( 'NONE',  ( -113.6756979680784383, 449.4444399999999860, 3.057168747125811770 ) ) ;
#1244 = PLANE ( 'NONE',  #4107 ) ;
#1245 = VECTOR ( 'NONE', #3329, 1000.000000000000000 ) ;
#1246 = VERTEX_POINT ( 'NONE', #3720 ) ;
#1247 = CARTESIAN_POINT ( 'NONE',  ( -64.16437595342723910, 444.4444399999999860, 62.29146121145266335 ) ) ;
#1248 = VECTOR ( 'NONE', #705, 1000.000000000000114 ) ;
#1249 = CARTESIAN_POINT ( 'NONE',  ( -245.7811620399695016, 445.4444399999999860, 8.251920861738135216 ) ) ;
#1250 = CARTESIAN_POINT ( 'NONE',  ( -221.3618791179135883, 444.4444399999999860, 15.72469533997178637 ) ) ;
#1251 = AXIS2_PLACEMENT_3D ( 'NONE', #1146, #2460, #3745 ) ;
#1252 = PLANE ( 'NONE',  #2578 ) ;
#1253 = VECTOR ( 'NONE', #2298, 1000.000000000000000 ) ;
#1254 = CARTESIAN_POINT ( 'NONE',  ( -228.1328149042699351, 444.4444399999999860, 8.432706753699708457 ) ) ;
#1255 = ADVANCED_FACE ( 'NONE', ( #800 ), #2835, .F. ) ;
#1256 = CARTESIAN_POINT ( 'NONE',  ( -293.2676002059585585, 444.4444400000000428, 1.330312713632799237 ) ) ;
#1257 = EDGE_LOOP ( 'NONE', ( #2828, #3773, #1424, #1638, #2310, #4174 ) ) ;
#1258 = VERTEX_POINT ( 'NONE', #4132 ) ;
#1259 = CARTESIAN_POINT ( 'NONE',  ( -239.2467623673019261, 444.4444399999999860, 8.017431533633883944 ) ) ;
#1260 = CARTESIAN_POINT ( 'NONE',  ( -148.7718042799496061, 444.4444399999999860, 11.08556981307087774 ) ) ;
#1261 = EDGE_CURVE ( 'NONE', #2825, #3607, #3495, .T. ) ;
#1262 = CARTESIAN_POINT ( 'NONE',  ( -133.5305144212671280, 444.4444399999999860, 25.38181269809026119 ) ) ;
#1263 = ORIENTED_EDGE ( 'NONE', *, *, #1019, .F. ) ;
#1264 = EDGE_LOOP ( 'NONE', ( #1835, #3862, #2279, #1834 ) ) ;
#1265 = ORIENTED_EDGE ( 'NONE', *, *, #3950, .F. ) ;
#1266 = DIRECTION ( 'NONE',  ( 0.000000000000000000, 0.000000000000000000, -1.000000000000000000 ) ) ;
#1267 = DIRECTION ( 'NONE',  ( -0.7430509880625585373, 0.000000000000000000, -0.6692348086727523127 ) ) ;
#1268 = CARTESIAN_POINT ( 'NONE',  ( -133.1865977618871568, 445.4444399999999860, 26.91476152578283632 ) ) ;
#1269 = DIRECTION ( 'NONE',  ( 0.02688405537884543464, 0.000000000000000000, 0.9996385584632012655 ) ) ;
#1270 = CARTESIAN_POINT ( 'NONE',  ( -255.5520548874175120, 444.4444399999999860, 8.364696404850086253 ) ) ;
#1271 = VECTOR ( 'NONE', #1958, 1000.000000000000000 ) ;
#1272 = VECTOR ( 'NONE', #53, 1000.000000000000000 ) ;
#1273 = DIRECTION ( 'NONE',  ( 0.000000000000000000, -1.000000000000000000, 0.000000000000000000 ) ) ;
#1274 = VECTOR ( 'NONE', #1429, 1000.000000000000000 ) ;
#1275 = CARTESIAN_POINT ( 'NONE',  ( -260.8576000465214975, 444.4444399999999860, 7.086686038591300196 ) ) ;
#1276 = CARTESIAN_POINT ( 'NONE',  ( -258.1834402303673528, 449.4444399999999860, 7.735716175647652015 ) ) ;
#1277 = VECTOR ( 'NONE', #2861, 1000.000000000000000 ) ;
#1278 = EDGE_LOOP ( 'NONE', ( #3569, #3163, #2680, #2427 ) ) ;
#1279 = ORIENTED_EDGE ( 'NONE', *, *, #2329, .T. ) ;
#1280 = EDGE_CURVE ( 'NONE', #3141, #2711, #165, .T. ) ;
#1281 = CARTESIAN_POINT ( 'NONE',  ( -113.0233135672802547, 449.4444399999999860, 27.31498970425841932 ) ) ;
#1282 = CARTESIAN_POINT ( 'NONE',  ( -199.2002922913582097, 444.4444399999999291, 19.70788813797876671 ) ) ;
#1283 = FACE_OUTER_BOUND ( 'NONE', #1955, .T. ) ;
#1284 = VERTEX_POINT ( 'NONE', #1461 ) ;
#1285 = ORIENTED_EDGE ( 'NONE', *, *, #242, .F. ) ;
#1286 = VERTEX_POINT ( 'NONE', #4066 ) ;
#1287 = EDGE_CURVE ( 'NONE', #3914, #500, #3814, .T. ) ;
#1288 = CARTESIAN_POINT ( 'NONE',  ( -257.8282111302630142, 445.4444399999999860, 7.821252578787563969 ) ) ;
#1289 = DIRECTION ( 'NONE',  ( 0.000000000000000000, -1.000000000000000000, 0.000000000000000000 ) ) ;
#1290 = VERTEX_POINT ( 'NONE', #894 ) ;
#1291 = CARTESIAN_POINT ( 'NONE',  ( -133.4891725394467130, 444.4444399999999860, 26.94334252204056313 ) ) ;
#1292 = EDGE_CURVE ( 'NONE', #3784, #2248, #2453, .T. ) ;
#1293 = CARTESIAN_POINT ( 'NONE',  ( -190.2701010556687891, 445.4444399999999860, 21.06981534826184443 ) ) ;
#1294 = CARTESIAN_POINT ( 'NONE',  ( -168.8641331842243289, 444.4444399999998723, 24.10239613039014372 ) ) ;
#1295 = LINE ( 'NONE', #960, #1896 ) ;
#1296 = CARTESIAN_POINT ( 'NONE',  ( -268.3117575011437452, 444.4444400000000428, 8.318369645160963444 ) ) ;
#1297 = ORIENTED_EDGE ( 'NONE', *, *, #3290, .T. ) ;
#1298 = CARTESIAN_POINT ( 'NONE',  ( -196.3571183543442658, 449.4444400000000428, 20.16374226176606399 ) ) ;
#1299 = LINE ( 'NONE', #3, #2308 ) ;
#1300 = CARTESIAN_POINT ( 'NONE',  ( -252.4608865940129476, 445.4444399999999860, 7.408327906442551125 ) ) ;
#1301 = ORIENTED_EDGE ( 'NONE', *, *, #1961, .T. ) ;
#1302 = CARTESIAN_POINT ( 'NONE',  ( -132.7570495598756395, 445.4444399999999860, 9.255214942794401267 ) ) ;
#1303 = CARTESIAN_POINT ( 'NONE',  ( -264.2871590456990702, 449.4444400000003839, 7.064132261342629171 ) ) ;
#1304 = EDGE_CURVE ( 'NONE', #2536, #1529, #822, .T. ) ;
#1305 = EDGE_LOOP ( 'NONE', ( #611, #1440, #2931, #3674 ) ) ;
#1306 = ORIENTED_EDGE ( 'NONE', *, *, #3106, .F. ) ;
#1307 = CARTESIAN_POINT ( 'NONE',  ( -257.0341857968522277, 445.4444399999999860, 7.161662659115745733 ) ) ;
#1308 = VECTOR ( 'NONE', #1381, 1000.000000000000000 ) ;
#1309 = DIRECTION ( 'NONE',  ( -0.9304391691071159931, 0.000000000000000000, 0.3664463843337242843 ) ) ;
#1310 = EDGE_CURVE ( 'NONE', #149, #1448, #208, .T. ) ;
#1311 = AXIS2_PLACEMENT_3D ( 'NONE', #626, #3572, #3939 ) ;
#1312 = CARTESIAN_POINT ( 'NONE',  ( -267.1688184859924604, 444.4444399999999860, 8.607714735570329623 ) ) ;
#1313 = VECTOR ( 'NONE', #3651, 1000.000000000000000 ) ;
#1314 = LINE ( 'NONE', #3879, #260 ) ;
#1315 = CARTESIAN_POINT ( 'NONE',  ( -285.8727052897817202, 533.3333280000000514, 2.045397586164800607 ) ) ;
#1316 = EDGE_LOOP ( 'NONE', ( #3945, #3772, #1235 ) ) ;
#1317 = VECTOR ( 'NONE', #371, 1000.000000000000114 ) ;
#1318 = ORIENTED_EDGE ( 'NONE', *, *, #3419, .T. ) ;
#1319 = DIRECTION ( 'NONE',  ( 0.8323741106893918218, 0.000000000000000000, 0.5542141642488435105 ) ) ;
#1320 = CARTESIAN_POINT ( 'NONE',  ( -253.6658019528322825, 444.4444399999999860, 8.424370714792484449 ) ) ;
#1321 = DIRECTION ( 'NONE',  ( -0.06567303980416458464, 0.000000000000000000, 0.9978411957034448720 ) ) ;
#1322 = ORIENTED_EDGE ( 'NONE', *, *, #2981, .T. ) ;
#1323 = ORIENTED_EDGE ( 'NONE', *, *, #274, .T. ) ;
#1324 = CARTESIAN_POINT ( 'NONE',  ( -285.2692632531441745, 444.4444400000000428, 4.587123813238130232 ) ) ;
#1325 = CARTESIAN_POINT ( 'NONE',  ( -150.2687402496345612, 444.4444399999999860, 9.575102033794678391 ) ) ;
#1326 = ORIENTED_EDGE ( 'NONE', *, *, #1230, .T. ) ;
#1327 = CARTESIAN_POINT ( 'NONE',  ( -276.9279722779359645, 533.3333280000000514, 2.022114237992950869 ) ) ;
#1328 = EDGE_CURVE ( 'NONE', #696, #4023, #1057, .T. ) ;
#1329 = EDGE_CURVE ( 'NONE', #2696, #3768, #3108, .T. ) ;
#1330 = DIRECTION ( 'NONE',  ( 0.000000000000000000, -1.000000000000000000, 0.000000000000000000 ) ) ;
#1331 = ORIENTED_EDGE ( 'NONE', *, *, #4153, .T. ) ;
#1332 = CARTESIAN_POINT ( 'NONE',  ( -130.8533786264967773, 449.4444400000000428, 27.04426762654682648 ) ) ;
#1333 = EDGE_CURVE ( 'NONE', #3427, #485, #1747, .T. ) ;
#1334 = VECTOR ( 'NONE', #1066, 1000.000000000000000 ) ;
#1335 = CARTESIAN_POINT ( 'NONE',  ( -183.6884954526939566, 444.4444399999999291, 9.492861711845693051 ) ) ;
#1336 = CARTESIAN_POINT ( 'NONE',  ( -128.1061509150808320, 449.4444399999999860, 27.97564465478143347 ) ) ;
#1337 = AXIS2_PLACEMENT_3D ( 'NONE', #3575, #334, #374 ) ;
#1338 = VERTEX_POINT ( 'NONE', #300 ) ;
#1339 = EDGE_CURVE ( 'NONE', #3881, #1768, #940, .T. ) ;
#1340 = EDGE_CURVE ( 'NONE', #2957, #514, #1295, .T. ) ;
#1341 = VECTOR ( 'NONE', #1437, 1000.000000000000114 ) ;
#1342 = CARTESIAN_POINT ( 'NONE',  ( -214.9781978809721181, 445.4444399999999860, 8.554600481504834875 ) ) ;
#1343 = LINE ( 'NONE', #3563, #2884 ) ;
#1344 = EDGE_LOOP ( 'NONE', ( #2174, #1846, #206 ) ) ;
#1345 = CARTESIAN_POINT ( 'NONE',  ( -272.0829353896130556, 444.4444400000000428, 8.182179439804075471 ) ) ;
#1346 = CARTESIAN_POINT ( 'NONE',  ( -112.8759871213101178, 449.4444399999999860, 3.035661502869881900 ) ) ;
#1347 = EDGE_LOOP ( 'NONE', ( #3053, #2371 ) ) ;
#1348 = CARTESIAN_POINT ( 'NONE',  ( -290.3163669967450460, 533.3333280000000514, 0.8276152839412153073 ) ) ;
#1349 = CARTESIAN_POINT ( 'NONE',  ( -112.7508309264628537, 533.3333280000000514, 7.689384925053575515 ) ) ;
#1350 = PLANE ( 'NONE',  #22 ) ;
#1351 = B_SPLINE_SURFACE_WITH_KNOTS ( 'NONE', 3, 1, ( 
 ( #945, #1879 ),
 ( #2593, #2 ),
 ( #261, #3542 ),
 ( #614, #3158 ),
 ( #2294, #1236 ),
 ( #1537, #3582 ),
 ( #2865, #3883 ),
 ( #2840, #3522 ),
 ( #1927, #2886 ),
 ( #1298, #321 ) ),
 .UNSPECIFIED., .F., .F., .F.,
 ( 4, 1, 1, 1, 1, 1, 1, 4 ),
 ( 2, 2 ),
 ( 0.04410003439759747901, 0.04432521835872739457, 0.04858316171247646642, 0.05825476480099724824, 0.06792636788951803006, 0.07759797097803880495, 0.09694117715508035471, 0.1088088415555530930 ),
 ( 0.000000000000000000, 1.000000000000000000 ),
 .UNSPECIFIED. ) ;
#1352 = CARTESIAN_POINT ( 'NONE',  ( -182.6146439342225563, 444.4444399999999291, 22.26316326372818821 ) ) ;
#1353 = B_SPLINE_CURVE_WITH_KNOTS ( 'NONE', 3,
 ( #807, #3409, #480, #505, #2459 ),
 .UNSPECIFIED., .F., .F.,
 ( 4, 1, 4 ),
 ( 0.7605504897365032990, 0.7612274788411785842, 0.7623065538501546667 ),
 .UNSPECIFIED. ) ;
#1354 = FACE_OUTER_BOUND ( 'NONE', #1724, .T. ) ;
#1355 = PLANE ( 'NONE',  #3012 ) ;
#1356 = EDGE_CURVE ( 'NONE', #1729, #644, #1944, .T. ) ;
#1357 = ORIENTED_EDGE ( 'NONE', *, *, #1654, .T. ) ;
#1358 = B_SPLINE_CURVE_WITH_KNOTS ( 'NONE', 3,
 ( #3227, #2888, #3585, #308, #2331 ),
 .UNSPECIFIED., .F., .F.,
 ( 4, 1, 4 ),
 ( 0.1160354663449647550, 0.1162843833321219045, 0.1265516576460990750 ),
 .UNSPECIFIED. ) ;
#1359 = DIRECTION ( 'NONE',  ( 0.6888675014067500157, 0.000000000000000000, 0.7248872777926381739 ) ) ;
#1360 = CARTESIAN_POINT ( 'NONE',  ( -112.2016622524414373, 449.4444399999999860, 28.10930200660903822 ) ) ;
#1361 = EDGE_CURVE ( 'NONE', #703, #3427, #1636, .T. ) ;
#1362 = VERTEX_POINT ( 'NONE', #1275 ) ;
#1363 = CARTESIAN_POINT ( 'NONE',  ( -282.6978133708466316, 444.4444400000000428, 5.318962716709643601 ) ) ;
#1364 = CARTESIAN_POINT ( 'NONE',  ( -272.0829353890873676, 533.3333280000000514, 8.182179439941577925 ) ) ;
#1365 = FILL_AREA_STYLE ('',( #68 ) ) ;
#1366 = ORIENTED_EDGE ( 'NONE', *, *, #753, .F. ) ;
#1367 = DIRECTION ( 'NONE',  ( -0.7248872777926382849, 0.000000000000000000, 0.6888675014067499047 ) ) ;
#1368 = CARTESIAN_POINT ( 'NONE',  ( -194.9083746375344788, 444.4444399999999291, 9.302397801995841320 ) ) ;
#1369 = CARTESIAN_POINT ( 'NONE',  ( 0.5721654584183536452, 449.4444399999999860, 21.27501398164558211 ) ) ;
#1370 = CARTESIAN_POINT ( 'NONE',  ( -190.3522683579552108, 449.4444400000000428, 21.10012339114813429 ) ) ;
#1371 = VECTOR ( 'NONE', #1617, 1000.000000000000000 ) ;
#1372 = AXIS2_PLACEMENT_3D ( 'NONE', #82, #1760, #3388 ) ;
#1373 = CARTESIAN_POINT ( 'NONE',  ( -183.6884954526939566, 449.4444400000000428, 9.492861711845693051 ) ) ;
#1374 = ORIENTED_EDGE ( 'NONE', *, *, #349, .F. ) ;
#1375 = CIRCLE ( 'NONE', #3015, 0.6000000000000310640 ) ;
#1376 = EDGE_CURVE ( 'NONE', #1258, #3252, #589, .T. ) ;
#1377 = EDGE_CURVE ( 'NONE', #3761, #1869, #4154, .T. ) ;
#1378 = DIRECTION ( 'NONE',  ( -0.8513302070673183231, 0.000000000000000000, 0.5246302302905513359 ) ) ;
#1379 = CARTESIAN_POINT ( 'NONE',  ( -245.9346338134759264, 444.4444399999999860, 7.400093216907709603 ) ) ;
#1380 = ORIENTED_EDGE ( 'NONE', *, *, #831, .F. ) ;
#1381 = DIRECTION ( 'NONE',  ( -0.2442954651671675748, 0.000000000000000000, 0.9697008434041692881 ) ) ;
#1382 = EDGE_CURVE ( 'NONE', #1547, #840, #4137, .T. ) ;
#1383 = CARTESIAN_POINT ( 'NONE',  ( -300.0000000000000000, 533.3333280000000514, 0.000000000000000000 ) ) ;
#1384 = DIRECTION ( 'NONE',  ( -0.000000000000000000, -1.000000000000000000, -0.000000000000000000 ) ) ;
#1385 = VERTEX_POINT ( 'NONE', #999 ) ;
#1386 = CARTESIAN_POINT ( 'NONE',  ( -228.0312667605295474, 444.4444399999999860, 14.40911640752381295 ) ) ;
#1387 = CARTESIAN_POINT ( 'NONE',  ( -238.2652901195033621, 449.4444400000000428, 8.067388918634684103 ) ) ;
#1388 = ADVANCED_FACE ( 'NONE', ( #2924 ), #2589, .F. ) ;
#1389 = CARTESIAN_POINT ( 'NONE',  ( -164.7877401601107863, 445.4444399999999291, 24.44922444936305084 ) ) ;
#1390 = CARTESIAN_POINT ( 'NONE',  ( -245.1419891225307026, 449.4444399999999860, 7.763188727969848379 ) ) ;
#1391 = CARTESIAN_POINT ( 'NONE',  ( -242.5218837963553824, 445.4444399999999860, 11.68162153531826419 ) ) ;
#1392 = B_SPLINE_CURVE_WITH_KNOTS ( 'NONE', 3,
 ( #2505, #2112, #2092, #3800, #4117, #3410 ),
 .UNSPECIFIED., .F., .F.,
 ( 4, 1, 1, 4 ),
 ( 0.03891155862395574011, 0.04061555485877392513, 0.04231955109358285366, 0.04416555291674022221 ),
 .UNSPECIFIED. ) ;
#1393 = DIRECTION ( 'NONE',  ( 0.9996385584632171417, 0.000000000000000000, -0.02688405537825784564 ) ) ;
#1394 = EDGE_LOOP ( 'NONE', ( #3483, #3407, #1086, #2048, #4089 ) ) ;
#1395 = AXIS2_PLACEMENT_3D ( 'NONE', #3895, #3491, #565 ) ;
#1396 = CARTESIAN_POINT ( 'NONE',  ( -177.3663338122705397, 445.4444399999999291, 22.93647561324174688 ) ) ;
#1397 = DIRECTION ( 'NONE',  ( 0.000000000000000000, -1.000000000000000000, 0.000000000000000000 ) ) ;
#1398 = VERTEX_POINT ( 'NONE', #278 ) ;
#1399 = ORIENTED_EDGE ( 'NONE', *, *, #1947, .T. ) ;
#1400 = ORIENTED_EDGE ( 'NONE', *, *, #2497, .T. ) ;
#1401 = AXIS2_PLACEMENT_3D ( 'NONE', #2723, #2381, #495 ) ;
#1402 = CARTESIAN_POINT ( 'NONE',  ( -251.5473021275624319, 444.4444399999999860, 7.785039514128762050 ) ) ;
#1403 = CARTESIAN_POINT ( 'NONE',  ( -285.2692632528747936, 533.3333280000000514, 4.587123813316574150 ) ) ;
#1404 = CARTESIAN_POINT ( 'NONE',  ( -148.6143614906607695, 444.4444399999999860, 25.96668747503414565 ) ) ;
#1405 = VECTOR ( 'NONE', #3286, 1000.000000000000000 ) ;
#1406 = EDGE_CURVE ( 'NONE', #1946, #1951, #19, .T. ) ;
#1407 = ORIENTED_EDGE ( 'NONE', *, *, #1655, .F. ) ;
#1408 = VERTEX_POINT ( 'NONE', #2264 ) ;
#1409 = DIRECTION ( 'NONE',  ( 0.000000000000000000, -1.000000000000000000, 0.000000000000000000 ) ) ;
#1410 = CARTESIAN_POINT ( 'NONE',  ( -222.5213143660650132, 444.4444399999999860, 15.49895004327216874 ) ) ;
#1411 = CARTESIAN_POINT ( 'NONE',  ( -112.6701787603263796, 444.4444399999999860, 10.68830060044215280 ) ) ;
#1412 = EDGE_CURVE ( 'NONE', #2940, #1484, #1314, .T. ) ;
#1413 = CARTESIAN_POINT ( 'NONE',  ( -238.1161579706514146, 449.4444399999999860, 8.063291191233984634 ) ) ;
#1414 = DIRECTION ( 'NONE',  ( 0.5395627763223839191, 0.000000000000000000, 0.8419453725790534415 ) ) ;
#1415 = DIRECTION ( 'NONE',  ( 0.000000000000000000, -1.000000000000000000, 0.000000000000000000 ) ) ;
#1416 = ORIENTED_EDGE ( 'NONE', *, *, #1304, .F. ) ;
#1417 = DIRECTION ( 'NONE',  ( 0.000000000000000000, 0.000000000000000000, 1.000000000000000000 ) ) ;
#1418 = CARTESIAN_POINT ( 'NONE',  ( -215.2669448463192623, 445.4444399999999860, 8.828999559335404257 ) ) ;
#1419 = ORIENTED_EDGE ( 'NONE', *, *, #1969, .F. ) ;
#1420 = ORIENTED_EDGE ( 'NONE', *, *, #5, .T. ) ;
#1421 = FACE_BOUND ( 'NONE', #313, .T. ) ;
#1422 = CARTESIAN_POINT ( 'NONE',  ( -154.5807832906197916, 449.4444400000003839, 26.32937649834314442 ) ) ;
#1423 = LINE ( 'NONE', #2695, #998 ) ;
#1424 = ORIENTED_EDGE ( 'NONE', *, *, #732, .F. ) ;
#1425 = CARTESIAN_POINT ( 'NONE',  ( -113.0233135672802547, 444.4444399999999860, 27.31498970425841932 ) ) ;
#1426 = CARTESIAN_POINT ( 'NONE',  ( -234.4537921693610087, 449.4444399999999860, 13.07848260166229082 ) ) ;
#1427 = CARTESIAN_POINT ( 'NONE',  ( -248.7894769338265064, 444.4444399999999860, 9.579048621719062240 ) ) ;
#1428 = EDGE_CURVE ( 'NONE', #1716, #4001, #2606, .T. ) ;
#1429 = DIRECTION ( 'NONE',  ( -0.9304391691071159931, 0.000000000000000000, 0.3664463843337242843 ) ) ;
#1430 = CARTESIAN_POINT ( 'NONE',  ( -249.8586558711692192, 449.4444399999999860, 9.692726202110739209 ) ) ;
#1431 = EDGE_CURVE ( 'NONE', #1734, #2187, #1960, .T. ) ;
#1432 = CARTESIAN_POINT ( 'NONE',  ( -82.83959400944436879, 445.4444399999999860, 78.72328000652233015 ) ) ;
#1433 = ORIENTED_EDGE ( 'NONE', *, *, #679, .F. ) ;
#1434 = VERTEX_POINT ( 'NONE', #4177 ) ;
#1435 = B_SPLINE_CURVE_WITH_KNOTS ( 'NONE', 3,
 ( #1952, #3253, #1288, #991 ),
 .UNSPECIFIED., .F., .F.,
 ( 4, 4 ),
 ( 0.1844856753872250454, 0.1856172661962220971 ),
 .UNSPECIFIED. ) ;
#1436 = VECTOR ( 'NONE', #3370, 999.9999999999998863 ) ;
#1437 = DIRECTION ( 'NONE',  ( 0.001877162694616514409, 0.000000000000000000, -0.9999982381285568156 ) ) ;
#1438 = DIRECTION ( 'NONE',  ( -0.000000000000000000, -1.000000000000000000, -0.000000000000000000 ) ) ;
#1439 = VECTOR ( 'NONE', #2876, 1000.000000000000000 ) ;
#1440 = ORIENTED_EDGE ( 'NONE', *, *, #439, .F. ) ;
#1441 = ORIENTED_EDGE ( 'NONE', *, *, #3419, .F. ) ;
#1442 = FACE_BOUND ( 'NONE', #78, .T. ) ;
#1443 = CARTESIAN_POINT ( 'NONE',  ( -221.8295757527612295, 445.4444399999999860, 15.06553218126492055 ) ) ;
#1444 = AXIS2_PLACEMENT_3D ( 'NONE', #1178, #1867, #3166 ) ;
#1445 = CARTESIAN_POINT ( 'NONE',  ( -194.9773817551066486, 444.4444399999999291, 9.301102788910364794 ) ) ;
#1446 = ORIENTED_EDGE ( 'NONE', *, *, #1801, .T. ) ;
#1447 = AXIS2_PLACEMENT_3D ( 'NONE', #1708, #389, #2420 ) ;
#1448 = VERTEX_POINT ( 'NONE', #1254 ) ;
#1449 = CARTESIAN_POINT ( 'NONE',  ( -138.8161405280352767, 444.4444399999999860, 9.412531083877022198 ) ) ;
#1450 = CARTESIAN_POINT ( 'NONE',  ( -287.8070055318488016, 444.4444399999999291, 3.847726477039149717 ) ) ;
#1451 = PLANE ( 'NONE',  #1175 ) ;
#1452 = EDGE_LOOP ( 'NONE', ( #3847, #1582, #3909, #2782, #8, #4131, #904, #3327, #943, #4202, #953, #449, #2645, #3155, #2232, #677, #2424, #2351, #1446, #1667, #3640, #3797, #634, #4096, #187, #144, #2956, #1441, #1043, #2812, #892, #355, #3236, #1793, #2838, #2301, #1490 ) ) ;
#1453 = CARTESIAN_POINT ( 'NONE',  ( -253.6658019528322825, 445.4444399999999860, 8.424370714792484449 ) ) ;
#1454 = ADVANCED_FACE ( 'NONE', ( #2627 ), #3597, .T. ) ;
#1455 = EDGE_CURVE ( 'NONE', #2891, #3013, #2191, .T. ) ;
#1456 = DIRECTION ( 'NONE',  ( -0.9996497148847961478, 0.000000000000000000, 0.02646596929541375487 ) ) ;
#1457 = ORIENTED_EDGE ( 'NONE', *, *, #1198, .T. ) ;
#1458 = PLANE ( 'NONE',  #4059 ) ;
#1459 = CARTESIAN_POINT ( 'NONE',  ( -265.5219321219681774, 533.3333280000000514, 2.837808823443983997 ) ) ;
#1460 = EDGE_CURVE ( 'NONE', #703, #1931, #3261, .T. ) ;
#1461 = CARTESIAN_POINT ( 'NONE',  ( -215.2669448463192623, 445.4444399999999860, 8.828999559335404257 ) ) ;
#1462 = DIRECTION ( 'NONE',  ( 0.7248872777926378408, 0.000000000000000000, -0.6888675014067503488 ) ) ;
#1463 = EDGE_CURVE ( 'NONE', #3629, #1564, #796, .T. ) ;
#1464 = VERTEX_POINT ( 'NONE', #353 ) ;
#1465 = EDGE_CURVE ( 'NONE', #3256, #400, #2384, .T. ) ;
#1466 = EDGE_LOOP ( 'NONE', ( #559, #2345, #1506, #2158 ) ) ;
#1467 = FACE_BOUND ( 'NONE', #3521, .T. ) ;
#1468 = AXIS2_PLACEMENT_3D ( 'NONE', #1594, #3537, #2588 ) ;
#1469 = FACE_OUTER_BOUND ( 'NONE', #719, .T. ) ;
#1470 = VECTOR ( 'NONE', #726, 1000.000000000000114 ) ;
#1471 = CARTESIAN_POINT ( 'NONE',  ( -262.6644455877007545, 449.4444400000000428, 7.467009704363683831 ) ) ;
#1472 = CARTESIAN_POINT ( 'NONE',  ( -148.6125551966295006, 445.4444399999999860, 25.91327914437580304 ) ) ;
#1473 = ORIENTED_EDGE ( 'NONE', *, *, #2121, .T. ) ;
#1474 = CIRCLE ( 'NONE', #1743, 10.79999999999999005 ) ;
#1475 = ORIENTED_EDGE ( 'NONE', *, *, #3289, .F. ) ;
#1476 = LINE ( 'NONE', #2783, #1063 ) ;
#1477 = DIRECTION ( 'NONE',  ( 0.000000000000000000, 1.000000000000000000, 0.000000000000000000 ) ) ;
#1478 = CARTESIAN_POINT ( 'NONE',  ( -101.7636842347514090, 444.4444399999999860, 11.19527303853105948 ) ) ;
#1479 = VECTOR ( 'NONE', #1507, 1000.000000000000114 ) ;
#1480 = ORIENTED_EDGE ( 'NONE', *, *, #702, .F. ) ;
#1481 = DIRECTION ( 'NONE',  ( -0.000000000000000000, -1.000000000000000000, -0.000000000000000000 ) ) ;
#1482 = ORIENTED_EDGE ( 'NONE', *, *, #4090, .T. ) ;
#1483 = CARTESIAN_POINT ( 'NONE',  ( -265.5219321219681774, 444.4444399999999860, 2.837808823443983997 ) ) ;
#1484 = VERTEX_POINT ( 'NONE', #375 ) ;
#1485 = CARTESIAN_POINT ( 'NONE',  ( -245.1419891084919982, 444.4444399999999860, 7.763188728607102185 ) ) ;
#1486 = VERTEX_POINT ( 'NONE', #3942 ) ;
#1487 = DIRECTION ( 'NONE',  ( -0.6888675014067497937, 0.000000000000000000, -0.7248872777926383959 ) ) ;
#1488 = EDGE_CURVE ( 'NONE', #715, #3679, #3657, .T. ) ;
#1489 = CARTESIAN_POINT ( 'NONE',  ( -300.0000000000000000, 444.4444400000000428, -0.1621621621621254228 ) ) ;
#1490 = ORIENTED_EDGE ( 'NONE', *, *, #2653, .F. ) ;
#1491 = VERTEX_POINT ( 'NONE', #3342 ) ;
#1492 = FACE_BOUND ( 'NONE', #3498, .T. ) ;
#1493 = CARTESIAN_POINT ( 'NONE',  ( -242.2175209746788767, 445.4444399999999860, 10.84057262307062608 ) ) ;
#1494 = CARTESIAN_POINT ( 'NONE',  ( -148.5690912469533203, 445.4444399999999860, 9.556892805854760198 ) ) ;
#1495 = ADVANCED_FACE ( 'NONE', ( #117 ), #1018, .T. ) ;
#1496 = LINE ( 'NONE', #3205, #586 ) ;
#1497 = ORIENTED_EDGE ( 'NONE', *, *, #4017, .T. ) ;
#1498 = VERTEX_POINT ( 'NONE', #3960 ) ;
#1499 = CARTESIAN_POINT ( 'NONE',  ( -100.1882357590222767, 444.4444399999999860, 10.35261402249422424 ) ) ;
#1500 = CYLINDRICAL_SURFACE ( 'NONE', #3234, 5.124999999999995559 ) ;
#1501 = CYLINDRICAL_SURFACE ( 'NONE', #421, 0.6000000000000224043 ) ;
#1502 = ORIENTED_EDGE ( 'NONE', *, *, #2407, .F. ) ;
#1503 = CARTESIAN_POINT ( 'NONE',  ( -295.2960495103556013, 444.4444399999999860, 0.3249056940543462169 ) ) ;
#1504 = DIRECTION ( 'NONE',  ( -0.6888675014067497937, 0.000000000000000000, -0.7248872777926382849 ) ) ;
#1505 = DIRECTION ( 'NONE',  ( -0.7248872777926381739, 0.000000000000000000, 0.6888675014067500157 ) ) ;
#1506 = ORIENTED_EDGE ( 'NONE', *, *, #2927, .F. ) ;
#1507 = DIRECTION ( 'NONE',  ( -0.6888675014067493496, 0.000000000000000000, -0.7248872777926388400 ) ) ;
#1508 = CARTESIAN_POINT ( 'NONE',  ( -266.3727187654359341, 533.3333280000000514, 3.583167371675653801 ) ) ;
#1509 = ORIENTED_EDGE ( 'NONE', *, *, #4044, .T. ) ;
#1510 = AXIS2_PLACEMENT_3D ( 'NONE', #2628, #3923, #1924 ) ;
#1511 = ORIENTED_EDGE ( 'NONE', *, *, #1287, .T. ) ;
#1512 = EDGE_CURVE ( 'NONE', #2216, #2764, #2324, .T. ) ;
#1513 = ADVANCED_FACE ( 'NONE', ( #3618 ), #2560, .T. ) ;
#1514 = FACE_BOUND ( 'NONE', #4152, .T. ) ;
#1515 = B_SPLINE_CURVE_WITH_KNOTS ( 'NONE', 3,
 ( #1908, #554, #1860, #240 ),
 .UNSPECIFIED., .F., .F.,
 ( 4, 4 ),
 ( 0.1600212601162557813, 0.1611888295529567972 ),
 .UNSPECIFIED. ) ;
#1516 = DIRECTION ( 'NONE',  ( 0.6888675014067946467, 0.000000000000000000, 0.7248872777925956523 ) ) ;
#1517 = CARTESIAN_POINT ( 'NONE',  ( -295.2192840323294263, 533.3333280000000514, 1.574556936904936366 ) ) ;
#1518 = CARTESIAN_POINT ( 'NONE',  ( -164.2408507529935378, 445.4444399999999860, 24.50836570392766944 ) ) ;
#1519 = VECTOR ( 'NONE', #2899, 1000.000000000000000 ) ;
#1520 = ORIENTED_EDGE ( 'NONE', *, *, #4038, .F. ) ;
#1521 = ADVANCED_FACE ( 'NONE', ( #1354 ), #2666, .T. ) ;
#1522 = CIRCLE ( 'NONE', #156, 0.6000000000000310640 ) ;
#1523 = CARTESIAN_POINT ( 'NONE',  ( -260.6240663350685622, 533.3333280000000514, 6.159236989585846977 ) ) ;
#1524 = LINE ( 'NONE', #1798, #1864 ) ;
#1525 = VECTOR ( 'NONE', #557, 1000.000000000000000 ) ;
#1526 = B_SPLINE_CURVE_WITH_KNOTS ( 'NONE', 3,
 ( #2173, #1849, #798, #3403 ),
 .UNSPECIFIED., .F., .F.,
 ( 4, 4 ),
 ( 0.05206305305226716779, 0.05568592136626020206 ),
 .UNSPECIFIED. ) ;
#1527 = ORIENTED_EDGE ( 'NONE', *, *, #2523, .F. ) ;
#1528 = CARTESIAN_POINT ( 'NONE',  ( -266.3727187654359909, 444.4444399999999860, 3.583167371675653801 ) ) ;
#1529 = VERTEX_POINT ( 'NONE', #2789 ) ;
#1530 = CARTESIAN_POINT ( 'NONE',  ( -192.5000000000002274, 449.4444399999999860, 15.15093237103806700 ) ) ;
#1531 = CARTESIAN_POINT ( 'NONE',  ( -221.3618791179135883, 444.4444399999999860, 15.72469533997178637 ) ) ;
#1532 = VERTEX_POINT ( 'NONE', #3469 ) ;
#1533 = CARTESIAN_POINT ( 'NONE',  ( -186.0271392162350423, 444.4444400000000428, 9.454376492064616500 ) ) ;
#1534 = PLANE ( 'NONE',  #3966 ) ;
#1535 = VERTEX_POINT ( 'NONE', #2767 ) ;
#1536 = ORIENTED_EDGE ( 'NONE', *, *, #317, .T. ) ;
#1537 = CARTESIAN_POINT ( 'NONE',  ( -237.9153930459915784, 449.4444399999999860, 12.36233482739456591 ) ) ;
#1538 = PLANE ( 'NONE',  #839 ) ;
#1539 = DIRECTION ( 'NONE',  ( 0.6888675014067515701, 0.000000000000000000, 0.7248872777926367306 ) ) ;
#1540 = LINE ( 'NONE', #4141, #2548 ) ;
#1541 = ORIENTED_EDGE ( 'NONE', *, *, #3024, .T. ) ;
#1542 = EDGE_LOOP ( 'NONE', ( #3840, #4209, #973, #320 ) ) ;
#1543 = CIRCLE ( 'NONE', #1395, 0.5999999999999928724 ) ;
#1544 = CARTESIAN_POINT ( 'NONE',  ( -222.8468073653594104, 533.3333280000000514, 7.840947217310170636 ) ) ;
#1545 = LINE ( 'NONE', #2190, #2749 ) ;
#1546 = EDGE_CURVE ( 'NONE', #2157, #1184, #2188, .T. ) ;
#1547 = VERTEX_POINT ( 'NONE', #2472 ) ;
#1548 = LINE ( 'NONE', #3785, #3182 ) ;
#1549 = CARTESIAN_POINT ( 'NONE',  ( -229.2634781935176420, 449.4444399999999860, 8.393818419347324422 ) ) ;
#1550 = DIRECTION ( 'NONE',  ( -0.02688405537884489688, 0.000000000000000000, -0.9996385584632012655 ) ) ;
#1551 = VECTOR ( 'NONE', #2035, 1000.000000000000114 ) ;
#1552 = DIRECTION ( 'NONE',  ( 0.000000000000000000, -1.000000000000000000, 0.000000000000000000 ) ) ;
#1553 = ADVANCED_FACE ( 'NONE', ( #205 ), #1458, .F. ) ;
#1554 = VECTOR ( 'NONE', #2290, 1000.000000000000000 ) ;
#1555 = VERTEX_POINT ( 'NONE', #542 ) ;
#1556 = CARTESIAN_POINT ( 'NONE',  ( -115.5180971449280918, 449.4444399999999860, 7.824897445543956387 ) ) ;
#1557 = CARTESIAN_POINT ( 'NONE',  ( -282.4215676329395706, 533.3333280000000514, 1.563290641976436968 ) ) ;
#1558 = VERTEX_POINT ( 'NONE', #2426 ) ;
#1559 = ORIENTED_EDGE ( 'NONE', *, *, #373, .F. ) ;
#1560 = CARTESIAN_POINT ( 'NONE',  ( -189.7936300697764409, 449.4444400000000428, 21.18474622708733079 ) ) ;
#1561 = CARTESIAN_POINT ( 'NONE',  ( -252.9784568474884736, 449.4444399999999860, -41.24291343747756855 ) ) ;
#1562 = CARTESIAN_POINT ( 'NONE',  ( -300.0000000000000000, 444.4444400000000428, 0.000000000000000000 ) ) ;
#1563 = CARTESIAN_POINT ( 'NONE',  ( -267.1688184859924604, 533.3333280000000514, 8.607714735570329623 ) ) ;
#1564 = VERTEX_POINT ( 'NONE', #2747 ) ;
#1565 = ORIENTED_EDGE ( 'NONE', *, *, #553, .T. ) ;
#1566 = CARTESIAN_POINT ( 'NONE',  ( -234.0545347927723299, 445.4444399999999860, 13.49861650587893713 ) ) ;
#1567 = CARTESIAN_POINT ( 'NONE',  ( -176.8312704554481343, 445.4444399999999860, 9.562374080523937891 ) ) ;
#1568 = DIRECTION ( 'NONE',  ( 0.000000000000000000, -1.000000000000000000, 0.000000000000000000 ) ) ;
#1569 = PLANE ( 'NONE',  #3792 ) ;
#1570 = EDGE_CURVE ( 'NONE', #2825, #1408, #1160, .T. ) ;
#1571 = CARTESIAN_POINT ( 'NONE',  ( -253.8791415835516148, 445.4444399999999860, 8.282324195538835809 ) ) ;
#1572 = CARTESIAN_POINT ( 'NONE',  ( 0.2058083609810148762, 449.4444399999999860, 7.652639097638684440 ) ) ;
#1573 = ORIENTED_EDGE ( 'NONE', *, *, #729, .T. ) ;
#1574 = EDGE_CURVE ( 'NONE', #2356, #2571, #178, .T. ) ;
#1575 = CARTESIAN_POINT ( 'NONE',  ( -225.0224362187566953, 449.4444399999999860, 15.05154234427599569 ) ) ;
#1576 = CARTESIAN_POINT ( 'NONE',  ( -280.6338063822639128, 533.3333280000000514, 5.055185953166550838 ) ) ;
#1577 = ORIENTED_EDGE ( 'NONE', *, *, #1067, .T. ) ;
#1578 = ORIENTED_EDGE ( 'NONE', *, *, #1382, .T. ) ;
#1579 = CARTESIAN_POINT ( 'NONE',  ( -116.9445762645164848, 444.4444399999999860, 111.1335796921702723 ) ) ;
#1580 = CARTESIAN_POINT ( 'NONE',  ( -252.9784568474884736, 444.4444399999999860, -41.24291343747756855 ) ) ;
#1581 = CARTESIAN_POINT ( 'NONE',  ( -113.5285485838877975, 445.4444399999999860, 8.528672068350854119 ) ) ;
#1582 = ORIENTED_EDGE ( 'NONE', *, *, #1465, .F. ) ;
#1583 = ORIENTED_EDGE ( 'NONE', *, *, #2115, .F. ) ;
#1584 = ORIENTED_EDGE ( 'NONE', *, *, #1382, .F. ) ;
#1585 = CARTESIAN_POINT ( 'NONE',  ( -178.0452344410734042, 444.4444399999999860, 10.96763611671494942 ) ) ;
#1586 = CARTESIAN_POINT ( 'NONE',  ( -166.8978652039263864, 444.4444400000000428, 24.21555232849272699 ) ) ;
#1587 = VECTOR ( 'NONE', #3087, 1000.000000000000000 ) ;
#1588 = VERTEX_POINT ( 'NONE', #2124 ) ;
#1589 = CARTESIAN_POINT ( 'NONE',  ( -260.7043874911533976, 533.3333280000000514, 6.146900934099051916 ) ) ;
#1590 = CIRCLE ( 'NONE', #3834, 6.324999999999983302 ) ;
#1591 = CARTESIAN_POINT ( 'NONE',  ( -192.5000000000002274, 444.4444399999999860, 15.15093237103806700 ) ) ;
#1592 = CARTESIAN_POINT ( 'NONE',  ( -256.0688354234273447, 445.4444399999999860, 7.579508173038143504 ) ) ;
#1593 = AXIS2_PLACEMENT_3D ( 'NONE', #3017, #2378, #768 ) ;
#1594 = CARTESIAN_POINT ( 'NONE',  ( -192.5000000000002274, 449.4444399999999860, 15.15093237103806700 ) ) ;
#1595 = EDGE_CURVE ( 'NONE', #3271, #2818, #2104, .T. ) ;
#1596 = VECTOR ( 'NONE', #1477, 1000.000000000000000 ) ;
#1597 = DIRECTION ( 'NONE',  ( -0.000000000000000000, -1.000000000000000000, -0.000000000000000000 ) ) ;
#1598 = CARTESIAN_POINT ( 'NONE',  ( -292.2254576542372888, 533.3333280000000514, 1.434434858989688255 ) ) ;
#1599 = ORIENTED_EDGE ( 'NONE', *, *, #748, .F. ) ;
#1600 = EDGE_CURVE ( 'NONE', #2656, #3741, #844, .T. ) ;
#1601 = ORIENTED_EDGE ( 'NONE', *, *, #5, .F. ) ;
#1602 = ORIENTED_EDGE ( 'NONE', *, *, #2542, .F. ) ;
#1603 = CARTESIAN_POINT ( 'NONE',  ( -148.6125551966295006, 445.4444399999999860, 25.91327914437580304 ) ) ;
#1604 = LINE ( 'NONE', #1320, #2243 ) ;
#1605 = DIRECTION ( 'NONE',  ( -0.000000000000000000, -1.000000000000000000, -0.000000000000000000 ) ) ;
#1606 = ADVANCED_FACE ( 'NONE', ( #162 ), #4108, .F. ) ;
#1607 = ORIENTED_EDGE ( 'NONE', *, *, #411, .F. ) ;
#1608 = ORIENTED_EDGE ( 'NONE', *, *, #2401, .F. ) ;
#1609 = CYLINDRICAL_SURFACE ( 'NONE', #3020, 0.5999999999999928724 ) ;
#1610 = LINE ( 'NONE', #3850, #2893 ) ;
#1611 = ORIENTED_EDGE ( 'NONE', *, *, #298, .F. ) ;
#1612 = DIRECTION ( 'NONE',  ( 0.000000000000000000, 0.000000000000000000, 1.000000000000000000 ) ) ;
#1613 = PLANE ( 'NONE',  #2277 ) ;
#1614 = CARTESIAN_POINT ( 'NONE',  ( -190.2778826472211335, 445.4444399999999860, 21.11138721320716627 ) ) ;
#1615 = VECTOR ( 'NONE', #4056, 1000.000000000000000 ) ;
#1616 = CARTESIAN_POINT ( 'NONE',  ( -192.5000000000002274, 444.4444399999999860, 15.15093237103806700 ) ) ;
#1617 = DIRECTION ( 'NONE',  ( 0.000000000000000000, 1.000000000000000000, 0.000000000000000000 ) ) ;
#1618 = AXIS2_PLACEMENT_3D ( 'NONE', #1968, #1622, #680 ) ;
#1619 = VERTEX_POINT ( 'NONE', #1116 ) ;
#1620 = LINE ( 'NONE', #899, #1935 ) ;
#1621 = EDGE_CURVE ( 'NONE', #4203, #3881, #1826, .T. ) ;
#1622 = DIRECTION ( 'NONE',  ( 0.000000000000000000, -1.000000000000000000, 0.000000000000000000 ) ) ;
#1623 = CARTESIAN_POINT ( 'NONE',  ( -178.0312117117007915, 445.4444399999999860, 9.550500515646506372 ) ) ;
#1624 = ORIENTED_EDGE ( 'NONE', *, *, #2716, .F. ) ;
#1625 = EDGE_LOOP ( 'NONE', ( #2148, #2389, #4157, #3454 ) ) ;
#1626 = CARTESIAN_POINT ( 'NONE',  ( -176.9634105113533451, 445.4444399999999860, 22.91643466139867513 ) ) ;
#1627 = ADVANCED_FACE ( 'NONE', ( #3716 ), #2496, .F. ) ;
#1628 = LINE ( 'NONE', #3610, #2958 ) ;
#1629 = VERTEX_POINT ( 'NONE', #2450 ) ;
#1630 = ORIENTED_EDGE ( 'NONE', *, *, #1455, .T. ) ;
#1631 = LINE ( 'NONE', #2281, #1813 ) ;
#1632 = LINE ( 'NONE', #1592, #3355 ) ;
#1633 = CARTESIAN_POINT ( 'NONE',  ( -260.8576000477226557, 449.4444399999999860, 7.086686038297429491 ) ) ;
#1634 = ORIENTED_EDGE ( 'NONE', *, *, #2903, .F. ) ;
#1635 = CARTESIAN_POINT ( 'NONE',  ( -148.9397601185806650, 445.4444399999999291, 25.94133847265598547 ) ) ;
#1636 = LINE ( 'NONE', #1923, #724 ) ;
#1637 = CARTESIAN_POINT ( 'NONE',  ( -112.7120578011263774, 449.4444399999999291, 28.11340712249478102 ) ) ;
#1638 = ORIENTED_EDGE ( 'NONE', *, *, #38, .T. ) ;
#1639 = DIRECTION ( 'NONE',  ( 0.000000000000000000, -1.000000000000000000, 0.000000000000000000 ) ) ;
#1640 = CARTESIAN_POINT ( 'NONE',  ( -241.7602381807121219, 449.4444399999999860, 11.50963215707266585 ) ) ;
#1641 = DIRECTION ( 'NONE',  ( 0.01073934591757915065, 0.000000000000000000, 0.9999423315618068964 ) ) ;
#1642 = ORIENTED_EDGE ( 'NONE', *, *, #1648, .T. ) ;
#1643 = EDGE_CURVE ( 'NONE', #1660, #3076, #1526, .T. ) ;
#1644 = EDGE_CURVE ( 'NONE', #539, #3120, #135, .T. ) ;
#1645 = VERTEX_POINT ( 'NONE', #1777 ) ;
#1646 = CARTESIAN_POINT ( 'NONE',  ( -133.1568151895775998, 445.4444400000000428, 9.266055488606490087 ) ) ;
#1647 = CARTESIAN_POINT ( 'NONE',  ( -214.7170587909637618, 445.4444399999999860, 9.410057304301764347 ) ) ;
#1648 = EDGE_CURVE ( 'NONE', #121, #4077, #3656, .T. ) ;
#1649 = VERTEX_POINT ( 'NONE', #3737 ) ;
#1650 = LINE ( 'NONE', #2960, #1059 ) ;
#1651 = VECTOR ( 'NONE', #4, 1000.000000000000114 ) ;
#1652 = FACE_OUTER_BOUND ( 'NONE', #2252, .T. ) ;
#1653 = AXIS2_PLACEMENT_3D ( 'NONE', #427, #791, #3634 ) ;
#1654 = EDGE_CURVE ( 'NONE', #3077, #2336, #3609, .T. ) ;
#1655 = EDGE_CURVE ( 'NONE', #4203, #870, #184, .T. ) ;
#1656 = CARTESIAN_POINT ( 'NONE',  ( -79.01260360124966553, 445.4444399999999860, -83.14404587073116204 ) ) ;
#1657 = AXIS2_PLACEMENT_3D ( 'NONE', #1764, #3479, #2778 ) ;
#1658 = CARTESIAN_POINT ( 'NONE',  ( -222.8468073653594104, 449.4444399999999860, 7.840947217310170636 ) ) ;
#1659 = DIRECTION ( 'NONE',  ( 0.000000000000000000, -1.000000000000000000, 0.000000000000000000 ) ) ;
#1660 = VERTEX_POINT ( 'NONE', #2540 ) ;
#1661 = CARTESIAN_POINT ( 'NONE',  ( 0.5936727027209567353, 449.4444399999999860, 22.07472482841617634 ) ) ;
#1662 = CARTESIAN_POINT ( 'NONE',  ( -133.7537577194111975, 444.4444399999999860, 26.88888592191672444 ) ) ;
#1663 = DIRECTION ( 'NONE',  ( 0.000000000000000000, 1.000000000000000000, 0.000000000000000000 ) ) ;
#1664 = ORIENTED_EDGE ( 'NONE', *, *, #2152, .F. ) ;
#1665 = CARTESIAN_POINT ( 'NONE',  ( -287.8070055320702636, 533.3333280000000514, 3.847726476973035048 ) ) ;
#1666 = CARTESIAN_POINT ( 'NONE',  ( -259.4640068570271865, 449.4444400000003839, 8.261595196955697773 ) ) ;
#1667 = ORIENTED_EDGE ( 'NONE', *, *, #924, .F. ) ;
#1668 = CARTESIAN_POINT ( 'NONE',  ( -112.8759871213074035, 449.4444399999999860, 3.035661502803514988 ) ) ;
#1669 = DIRECTION ( 'NONE',  ( -0.7677166914060529201, 0.000000000000000000, 0.6407894207433072475 ) ) ;
#1670 = FACE_OUTER_BOUND ( 'NONE', #2226, .T. ) ;
#1671 = EDGE_CURVE ( 'NONE', #257, #303, #2567, .T. ) ;
#1672 = VERTEX_POINT ( 'NONE', #3878 ) ;
#1673 = DIRECTION ( 'NONE',  ( 0.000000000000000000, 0.000000000000000000, -1.000000000000000000 ) ) ;
#1674 = VECTOR ( 'NONE', #3333, 1000.000000000000000 ) ;
#1675 = AXIS2_PLACEMENT_3D ( 'NONE', #2875, #4148, #2769 ) ;
#1676 = EDGE_CURVE ( 'NONE', #1491, #3173, #3573, .T. ) ;
#1677 = CARTESIAN_POINT ( 'NONE',  ( -189.8871197410761908, 449.4444400000000428, 9.390855830575343788 ) ) ;
#1678 = DIRECTION ( 'NONE',  ( 0.1609050596807223288, 0.000000000000000000, -0.9869698889880801351 ) ) ;
#1679 = EDGE_LOOP ( 'NONE', ( #4070, #2074, #2108, #1159 ) ) ;
#1680 = VECTOR ( 'NONE', #1681, 1000.000000000000000 ) ;
#1681 = DIRECTION ( 'NONE',  ( -0.6888675014067497937, 0.000000000000000000, -0.7248872777926383959 ) ) ;
#1682 = CARTESIAN_POINT ( 'NONE',  ( -178.0452344410734042, 445.4444399999999860, 10.96763611671494942 ) ) ;
#1683 = ORIENTED_EDGE ( 'NONE', *, *, #2309, .F. ) ;
#1684 = DIRECTION ( 'NONE',  ( -0.6888675014067938696, 0.000000000000000000, -0.7248872777925964295 ) ) ;
#1685 = CARTESIAN_POINT ( 'NONE',  ( -195.1153897876525889, 445.4444399999999860, 9.298503150647020377 ) ) ;
#1686 = ORIENTED_EDGE ( 'NONE', *, *, #1328, .T. ) ;
#1687 = ORIENTED_EDGE ( 'NONE', *, *, #349, .T. ) ;
#1688 = LINE ( 'NONE', #709, #2363 ) ;
#1689 = LINE ( 'NONE', #4012, #3302 ) ;
#1690 = CARTESIAN_POINT ( 'NONE',  ( -252.4608865940129476, 449.4444399999999860, 7.408327906442531585 ) ) ;
#1691 = CARTESIAN_POINT ( 'NONE',  ( -123.3137327467875792, 444.4444399999998723, 27.25623171729949945 ) ) ;
#1692 = EDGE_CURVE ( 'NONE', #824, #243, #1873, .T. ) ;
#1693 = ADVANCED_FACE ( 'NONE', ( #2196 ), #3554, .T. ) ;
#1694 = DIRECTION ( 'NONE',  ( 0.7248872777926381739, 0.000000000000000000, -0.6888675014067500157 ) ) ;
#1695 = VERTEX_POINT ( 'NONE', #3831 ) ;
#1696 = ADVANCED_FACE ( 'NONE', ( #294 ), #2221, .T. ) ;
#1697 = B_SPLINE_CURVE_WITH_KNOTS ( 'NONE', 3,
 ( #2951, #580, #3825, #10, #599 ),
 .UNSPECIFIED., .F., .F.,
 ( 4, 1, 4 ),
 ( 0.04410003439889859100, 0.04432521835872739457, 0.04695150046802161470 ),
 .UNSPECIFIED. ) ;
#1698 = CARTESIAN_POINT ( 'NONE',  ( -177.7643962364995787, 445.4444399999998723, 22.88419512813160139 ) ) ;
#1699 = DIRECTION ( 'NONE',  ( -0.7248872777926378408, 0.000000000000000000, 0.6888675014067503488 ) ) ;
#1700 = EDGE_CURVE ( 'NONE', #2532, #3291, #627, .T. ) ;
#1701 = ORIENTED_EDGE ( 'NONE', *, *, #972, .F. ) ;
#1702 = CARTESIAN_POINT ( 'NONE',  ( -292.7816016976615288, 444.4444400000000428, 2.342604849855894678 ) ) ;
#1703 = CARTESIAN_POINT ( 'NONE',  ( -250.7667120139427368, 449.4444400000003839, 10.33830807117639772 ) ) ;
#1704 = CARTESIAN_POINT ( 'NONE',  ( -241.9419739741160242, 445.4444399999999860, 11.13052753418785557 ) ) ;
#1705 = ORIENTED_EDGE ( 'NONE', *, *, #4213, .T. ) ;
#1706 = ORIENTED_EDGE ( 'NONE', *, *, #1883, .T. ) ;
#1707 = DIRECTION ( 'NONE',  ( 0.000000000000000000, -1.000000000000000000, 0.000000000000000000 ) ) ;
#1708 = CARTESIAN_POINT ( 'NONE',  ( -192.5000000000002274, 445.4444399999999860, 15.15093237103806700 ) ) ;
#1709 = CYLINDRICAL_SURFACE ( 'NONE', #3838, 0.6000000000000276223 ) ;
#1710 = CARTESIAN_POINT ( 'NONE',  ( -265.7189512413806938, 444.4444399999999860, 5.831332410554418644 ) ) ;
#1711 = VECTOR ( 'NONE', #880, 1000.000000000000000 ) ;
#1712 = CIRCLE ( 'NONE', #628, 0.6000000000000224043 ) ;
#1713 = CARTESIAN_POINT ( 'NONE',  ( -112.6248457536031253, 445.4444399999999860, 12.37393250582479709 ) ) ;
#1714 = ADVANCED_FACE ( 'NONE', ( #648 ), #1252, .F. ) ;
#1715 = B_SPLINE_CURVE_WITH_KNOTS ( 'NONE', 3,
 ( #119, #1396, #1698, #2004 ),
 .UNSPECIFIED., .F., .F.,
 ( 4, 4 ),
 ( 0.1048468651970069360, 0.1060171090181408204 ),
 .UNSPECIFIED. ) ;
#1716 = VERTEX_POINT ( 'NONE', #1633 ) ;
#1717 = VECTOR ( 'NONE', #3254, 1000.000000000000114 ) ;
#1718 = MANIFOLD_SOLID_BREP ( 'LPattern5[5]', #3930 ) ;
#1719 = CARTESIAN_POINT ( 'NONE',  ( -249.3248647807647558, 444.4444399999999860, 10.17348941216916636 ) ) ;
#1720 = EDGE_CURVE ( 'NONE', #142, #1163, #1543, .T. ) ;
#1721 = CARTESIAN_POINT ( 'NONE',  ( -237.8803495755753659, 444.4444399999999860, 13.20663139703280642 ) ) ;
#1722 = AXIS2_PLACEMENT_3D ( 'NONE', #2720, #1669, #727 ) ;
#1723 = ORIENTED_EDGE ( 'NONE', *, *, #2716, .T. ) ;
#1724 = EDGE_LOOP ( 'NONE', ( #241, #683, #1664, #2003 ) ) ;
#1725 = CARTESIAN_POINT ( 'NONE',  ( -272.0829353896130556, 533.3333280000000514, 8.182179439804075471 ) ) ;
#1726 = CARTESIAN_POINT ( 'NONE',  ( -287.8070055318488016, 533.3333280000000514, 3.847726477039149717 ) ) ;
#1727 = EDGE_CURVE ( 'NONE', #1981, #3924, #3172, .T. ) ;
#1728 = DIRECTION ( 'NONE',  ( 0.000000000000000000, -1.000000000000000000, 0.000000000000000000 ) ) ;
#1729 = VERTEX_POINT ( 'NONE', #4151 ) ;
#1730 = DIRECTION ( 'NONE',  ( 0.000000000000000000, -1.000000000000000000, 0.000000000000000000 ) ) ;
#1731 = CARTESIAN_POINT ( 'NONE',  ( -259.4108628574792874, 444.4444399999999291, 7.026082581617287381 ) ) ;
#1732 = LINE ( 'NONE', #3036, #1941 ) ;
#1733 = DIRECTION ( 'NONE',  ( 0.9996385584632171417, 0.000000000000000000, -0.02688405537825780053 ) ) ;
#1734 = VERTEX_POINT ( 'NONE', #1897 ) ;
#1735 = CARTESIAN_POINT ( 'NONE',  ( -188.9322783967795090, 445.4444399999999860, 21.31370094711495966 ) ) ;
#1736 = CARTESIAN_POINT ( 'NONE',  ( 0.2273156052836214358, 449.4444399999999860, 8.452349944409252913 ) ) ;
#1737 = FACE_OUTER_BOUND ( 'NONE', #944, .T. ) ;
#1738 = CARTESIAN_POINT ( 'NONE',  ( -244.4189108070953012, 444.4444399999999860, 10.92368385466238578 ) ) ;
#1739 = CYLINDRICAL_SURFACE ( 'NONE', #1372, 0.4000000000000045186 ) ;
#1740 = ORIENTED_EDGE ( 'NONE', *, *, #3341, .T. ) ;
#1741 = ORIENTED_EDGE ( 'NONE', *, *, #190, .T. ) ;
#1742 = ADVANCED_FACE ( 'NONE', ( #3196 ), #275, .T. ) ;
#1743 = AXIS2_PLACEMENT_3D ( 'NONE', #731, #1998, #3279 ) ;
#1744 = CARTESIAN_POINT ( 'NONE',  ( -149.9733316264472194, 444.4444399999999860, 10.94980211331408881 ) ) ;
#1745 = CARTESIAN_POINT ( 'NONE',  ( -280.0929048604700142, 533.3333280000000514, 6.043931826251222716 ) ) ;
#1746 = CARTESIAN_POINT ( 'NONE',  ( -164.9945637137975609, 445.4444399999999860, 9.631325334794968995 ) ) ;
#1747 = CIRCLE ( 'NONE', #2587, 6.324999999999983302 ) ;
#1748 = ORIENTED_EDGE ( 'NONE', *, *, #62, .T. ) ;
#1749 = ORIENTED_EDGE ( 'NONE', *, *, #3526, .T. ) ;
#1750 = DIRECTION ( 'NONE',  ( 0.000000000000000000, -1.000000000000000000, 0.000000000000000000 ) ) ;
#1751 = EDGE_CURVE ( 'NONE', #2801, #192, #2114, .T. ) ;
#1752 = CARTESIAN_POINT ( 'NONE',  ( -211.2429925427488229, 449.4444399999999860, 8.957290179382589201 ) ) ;
#1753 = CARTESIAN_POINT ( 'NONE',  ( -113.5068429449947445, 445.4444399999999860, 9.335759885576816686 ) ) ;
#1754 = PRODUCT_DEFINITION_CONTEXT ( 'detailed design', #42, 'design' ) ;
#1755 = DIRECTION ( 'NONE',  ( -0.7248872777926381739, 0.000000000000000000, 0.6888675014067500157 ) ) ;
#1756 = DIRECTION ( 'NONE',  ( -0.000000000000000000, -1.000000000000000000, -0.000000000000000000 ) ) ;
#1757 = DIRECTION ( 'NONE',  ( -0.5542141642488525033, 0.000000000000000000, 0.8323741106893858266 ) ) ;
#1758 = CARTESIAN_POINT ( 'NONE',  ( -257.7945310521340616, 445.4444399999999860, 7.829255745276571865 ) ) ;
#1759 = CARTESIAN_POINT ( 'NONE',  ( -164.2408507514722658, 444.4444399999999860, 24.50836570409218851 ) ) ;
#1760 = DIRECTION ( 'NONE',  ( 0.000000000000000000, -1.000000000000000000, 0.000000000000000000 ) ) ;
#1761 = ORIENTED_EDGE ( 'NONE', *, *, #954, .T. ) ;
#1762 = ORIENTED_EDGE ( 'NONE', *, *, #2791, .F. ) ;
#1763 = FACE_BOUND ( 'NONE', #3449, .T. ) ;
#1764 = CARTESIAN_POINT ( 'NONE',  ( -164.9945637137975609, 444.4444399999999860, 9.631325334794968995 ) ) ;
#1765 = CARTESIAN_POINT ( 'NONE',  ( -255.0045289145436698, 445.4444399999999860, 8.494121269285683340 ) ) ;
#1766 = ADVANCED_FACE ( 'NONE', ( #3972 ), #1047, .T. ) ;
#1767 = EDGE_CURVE ( 'NONE', #1038, #1558, #858, .T. ) ;
#1768 = VERTEX_POINT ( 'NONE', #2093 ) ;
#1769 = ORIENTED_EDGE ( 'NONE', *, *, #608, .T. ) ;
#1770 = CARTESIAN_POINT ( 'NONE',  ( 0.000000000000000000, 445.4444399999999860, 0.000000000000000000 ) ) ;
#1771 = CARTESIAN_POINT ( 'NONE',  ( -292.7816016975322100, 444.4444399999999291, 2.342604849896636310 ) ) ;
#1772 = CARTESIAN_POINT ( 'NONE',  ( -114.4461369841751264, 445.4444399999999860, 8.572950441632642082 ) ) ;
#1773 = ADVANCED_FACE ( 'NONE', ( #1128 ), #3988, .T. ) ;
#1774 = EDGE_LOOP ( 'NONE', ( #1634, #3848, #3738, #2577, #2075, #603, #2620, #2132, #3353, #990, #769, #3711, #1602, #4193, #3207, #52, #2433, #4136, #1214, #1114, #4028, #1399, #3961, #3048, #3095, #2950, #676, #4121, #41, #2479, #1608, #4164 ) ) ;
#1775 = LINE ( 'NONE', #1136, #2648 ) ;
#1776 = CARTESIAN_POINT ( 'NONE',  ( -189.3807222951490132, 445.4444399999999291, 21.24673424730385562 ) ) ;
#1777 = CARTESIAN_POINT ( 'NONE',  ( -214.1361376603798305, 444.4444399999999860, 8.860027491220346718 ) ) ;
#1778 = ADVANCED_FACE ( 'NONE', ( #3094 ), #3643, .F. ) ;
#1779 = EDGE_CURVE ( 'NONE', #2818, #621, #723, .T. ) ;
#1780 = DIRECTION ( 'NONE',  ( -0.9996385584632013765, 0.000000000000000000, 0.02688405537884543811 ) ) ;
#1781 = B_SPLINE_CURVE_WITH_KNOTS ( 'NONE', 3,
 ( #2122, #2398, #3690, #3381, #451, #1156 ),
 .UNSPECIFIED., .F., .F.,
 ( 4, 1, 1, 4 ),
 ( 0.03891155862395574011, 0.04061555485877392513, 0.04231955109358285366, 0.04416555291673884137 ),
 .UNSPECIFIED. ) ;
#1782 = AXIS2_PLACEMENT_3D ( 'NONE', #3639, #1397, #777 ) ;
#1783 = DIRECTION ( 'NONE',  ( 0.6888675014067493496, 0.000000000000000000, 0.7248872777926388400 ) ) ;
#1784 = CARTESIAN_POINT ( 'NONE',  ( -206.0353436069070483, 444.4444399999999860, 18.54572545475297218 ) ) ;
#1785 = VECTOR ( 'NONE', #1504, 1000.000000000000114 ) ;
#1786 = ORIENTED_EDGE ( 'NONE', *, *, #1574, .F. ) ;
#1787 = VERTEX_POINT ( 'NONE', #2028 ) ;
#1788 = CARTESIAN_POINT ( 'NONE',  ( -190.3522683579551540, 444.4444399999999860, 21.10012339114813074 ) ) ;
#1789 = CARTESIAN_POINT ( 'NONE',  ( -174.8487441696853182, 444.4444399999999860, 9.580979351562557866 ) ) ;
#1790 = VECTOR ( 'NONE', #2438, 999.9999999999998863 ) ;
#1791 = CARTESIAN_POINT ( 'NONE',  ( -133.3568342694779005, 444.4444399999999860, 9.271286723260836027 ) ) ;
#1792 = CARTESIAN_POINT ( 'NONE',  ( -251.5473021275624319, 445.4444399999999860, 7.785039514128762050 ) ) ;
#1793 = ORIENTED_EDGE ( 'NONE', *, *, #498, .F. ) ;
#1794 = VECTOR ( 'NONE', #2914, 1000.000000000000000 ) ;
#1795 = ORIENTED_EDGE ( 'NONE', *, *, #1779, .F. ) ;
#1796 = CARTESIAN_POINT ( 'NONE',  ( -128.2212190931157920, 444.4444399999999860, 27.11826623485157128 ) ) ;
#1797 = CARTESIAN_POINT ( 'NONE',  ( -300.0000000000000000, 444.4444399999999860, 0.000000000000000000 ) ) ;
#1798 = CARTESIAN_POINT ( 'NONE',  ( -241.9419739741160242, 445.4444399999999860, 11.13052753418785557 ) ) ;
#1799 = VERTEX_POINT ( 'NONE', #1404 ) ;
#1800 = LINE ( 'NONE', #841, #1817 ) ;
#1801 = EDGE_CURVE ( 'NONE', #1070, #1981, #785, .T. ) ;
#1802 = CARTESIAN_POINT ( 'NONE',  ( -151.9060143339745537, 449.4444399999999860, 9.644634931176614856 ) ) ;
#1803 = CARTESIAN_POINT ( 'NONE',  ( -251.5699785954964511, 445.4444400000000428, 7.454144039144699363 ) ) ;
#1804 = ORIENTED_EDGE ( 'NONE', *, *, #2152, .T. ) ;
#1805 = EDGE_CURVE ( 'NONE', #3784, #3105, #3727, .T. ) ;
#1806 = CARTESIAN_POINT ( 'NONE',  ( -221.5540287521985192, 444.4444399999999860, 15.35548709238198661 ) ) ;
#1807 = CARTESIAN_POINT ( 'NONE',  ( -297.6853304519444805, 444.4444400000000428, 0.07763497804488378451 ) ) ;
#1808 = ORIENTED_EDGE ( 'NONE', *, *, #3273, .T. ) ;
#1809 = ORIENTED_EDGE ( 'NONE', *, *, #1751, .F. ) ;
#1810 = FACE_BOUND ( 'NONE', #3112, .T. ) ;
#1811 =( GEOMETRIC_REPRESENTATION_CONTEXT ( 3 ) GLOBAL_UNCERTAINTY_ASSIGNED_CONTEXT ( ( #3338 ) ) GLOBAL_UNIT_ASSIGNED_CONTEXT ( ( #2679, #2923, #1228 ) ) REPRESENTATION_CONTEXT ( 'NONE', 'WORKASPACE' ) );
#1812 = CARTESIAN_POINT ( 'NONE',  ( -252.9784568474884736, 449.4444399999999860, -41.24291343747756855 ) ) ;
#1813 = VECTOR ( 'NONE', #3571, 1000.000000000000000 ) ;
#1814 = DIRECTION ( 'NONE',  ( -0.6888675014067512370, 0.000000000000000000, -0.7248872777926368416 ) ) ;
#1815 = CARTESIAN_POINT ( 'NONE',  ( -293.2676002059585585, 533.3333280000000514, 1.330312713632799237 ) ) ;
#1816 = VERTEX_POINT ( 'NONE', #88 ) ;
#1817 = VECTOR ( 'NONE', #3193, 1000.000000000000000 ) ;
#1818 = EDGE_LOOP ( 'NONE', ( #821, #3363, #151 ) ) ;
#1819 = CARTESIAN_POINT ( 'NONE',  ( -231.6069690393644009, 444.4444400000000428, 13.67366396302020881 ) ) ;
#1820 = CARTESIAN_POINT ( 'NONE',  ( -149.9881244947861774, 444.4444399999999860, 9.572435617176004996 ) ) ;
#1821 = DIRECTION ( 'NONE',  ( 0.009894637397860176625, 0.000000000000000000, -0.9999510468771782845 ) ) ;
#1822 = AXIS2_PLACEMENT_3D ( 'NONE', #316, #2245, #3199 ) ;
#1823 = EDGE_LOOP ( 'NONE', ( #423, #1559, #618, #3751 ) ) ;
#1824 = CARTESIAN_POINT ( 'NONE',  ( -132.0558163129703644, 445.4444399999999860, 26.96303150527401016 ) ) ;
#1825 = PLANE ( 'NONE',  #1997 ) ;
#1826 = LINE ( 'NONE', #4064, #379 ) ;
#1827 = EDGE_CURVE ( 'NONE', #1038, #1660, #4008, .T. ) ;
#1828 = EDGE_CURVE ( 'NONE', #1649, #3391, #1423, .T. ) ;
#1829 = ORIENTED_EDGE ( 'NONE', *, *, #3625, .F. ) ;
#1830 = DIRECTION ( 'NONE',  ( 1.000000000000000000, 0.000000000000000000, 0.000000000000000000 ) ) ;
#1831 = DIRECTION ( 'NONE',  ( 0.000000000000000000, -1.000000000000000000, 0.000000000000000000 ) ) ;
#1832 = EDGE_LOOP ( 'NONE', ( #1193, #2320, #2201, #2488 ) ) ;
#1833 = ADVANCED_FACE ( 'NONE', ( #810 ), #4026, .T. ) ;
#1834 = ORIENTED_EDGE ( 'NONE', *, *, #1914, .T. ) ;
#1835 = ORIENTED_EDGE ( 'NONE', *, *, #3157, .F. ) ;
#1836 = FACE_BOUND ( 'NONE', #921, .T. ) ;
#1837 = CARTESIAN_POINT ( 'NONE',  ( -150.2687402496345612, 445.4444399999999860, 9.575102033794678391 ) ) ;
#1838 = CARTESIAN_POINT ( 'NONE',  ( -233.2886263910395996, 449.4444399999999860, 13.32257616013490420 ) ) ;
#1839 = DIRECTION ( 'NONE',  ( -0.06567303980416963616, 0.000000000000000000, 0.9978411957034445390 ) ) ;
#1840 = EDGE_LOOP ( 'NONE', ( #4120, #993, #1416, #4143 ) ) ;
#1841 = ORIENTED_EDGE ( 'NONE', *, *, #3813, .F. ) ;
#1842 = CARTESIAN_POINT ( 'NONE',  ( -293.2676002059585585, 533.3333280000000514, 1.330312713632799237 ) ) ;
#1843 = APPLICATION_PROTOCOL_DEFINITION ( 'draft international standard', 'automotive_design', 1998, #42 ) ;
#1844 = CARTESIAN_POINT ( 'NONE',  ( -206.6864969281539004, 444.4444399999999291, 9.056685826430586062 ) ) ;
#1845 = CARTESIAN_POINT ( 'NONE',  ( -238.0462247157277318, 444.4444399999999291, 12.31811504605837726 ) ) ;
#1846 = ORIENTED_EDGE ( 'NONE', *, *, #3989, .T. ) ;
#1847 = CARTESIAN_POINT ( 'NONE',  ( -271.2861602198226478, 444.4444399999999860, 2.447696926311453858 ) ) ;
#1848 = CARTESIAN_POINT ( 'NONE',  ( -195.1153897876525889, 444.4444399999999860, 9.298503150647020377 ) ) ;
#1849 = CARTESIAN_POINT ( 'NONE',  ( -252.1818313538002485, 444.4444399999998723, 9.156855241075431806 ) ) ;
#1850 = ORIENTED_EDGE ( 'NONE', *, *, #4213, .F. ) ;
#1851 = CARTESIAN_POINT ( 'NONE',  ( -132.7570495598756395, 444.4444399999999860, 9.255214942794401267 ) ) ;
#1852 = CARTESIAN_POINT ( 'NONE',  ( -271.2861602210628575, 533.3333280000000514, 2.447696926220368052 ) ) ;
#1853 = EDGE_LOOP ( 'NONE', ( #3591, #342, #2225, #3697 ) ) ;
#1854 = VECTOR ( 'NONE', #4208, 1000.000000000000114 ) ;
#1855 = ORIENTED_EDGE ( 'NONE', *, *, #3632, .T. ) ;
#1856 = FACE_BOUND ( 'NONE', #1149, .T. ) ;
#1857 = EDGE_CURVE ( 'NONE', #2997, #1874, #2047, .T. ) ;
#1858 = DIRECTION ( 'NONE',  ( -0.7248872777926386179, 0.000000000000000000, 0.6888675014067495717 ) ) ;
#1859 = CARTESIAN_POINT ( 'NONE',  ( -205.3602212599696202, 445.4444399999999860, 18.09482247956828971 ) ) ;
#1860 = CARTESIAN_POINT ( 'NONE',  ( -234.0657856390295137, 445.4444400000000428, 13.16004557608008696 ) ) ;
#1861 = AXIS2_PLACEMENT_3D ( 'NONE', #2303, #2939, #690 ) ;
#1862 = ORIENTED_EDGE ( 'NONE', *, *, #1805, .T. ) ;
#1863 = ORIENTED_EDGE ( 'NONE', *, *, #1377, .T. ) ;
#1864 = VECTOR ( 'NONE', #1197, 1000.000000000000114 ) ;
#1865 = CARTESIAN_POINT ( 'NONE',  ( -133.9566240984088097, 444.4444399999999860, 9.287166304838079256 ) ) ;
#1866 = ADVANCED_FACE ( 'NONE', ( #422 ), #463, .T. ) ;
#1867 = DIRECTION ( 'NONE',  ( 0.9697008434041117786, -0.000000000000000000, 0.2442954651673956978 ) ) ;
#1868 = VECTOR ( 'NONE', #642, 1000.000000000000000 ) ;
#1869 = VERTEX_POINT ( 'NONE', #106 ) ;
#1870 = CARTESIAN_POINT ( 'NONE',  ( -261.3333421444359601, 533.3333280000000514, 6.109088865820963221 ) ) ;
#1871 = FACE_OUTER_BOUND ( 'NONE', #1840, .T. ) ;
#1872 = FACE_OUTER_BOUND ( 'NONE', #3246, .T. ) ;
#1873 = LINE ( 'NONE', #889, #3316 ) ;
#1874 = VERTEX_POINT ( 'NONE', #2393 ) ;
#1875 = CARTESIAN_POINT ( 'NONE',  ( -133.7537577297727012, 445.4444399999999860, 26.88888592144400747 ) ) ;
#1876 = CARTESIAN_POINT ( 'NONE',  ( -112.7120578011263774, 444.4444399999999860, 28.11340712249478102 ) ) ;
#1877 = EDGE_LOOP ( 'NONE', ( #1925, #404, #4219, #3742, #167, #612, #774, #3868, #3566, #3432, #2116, #1012 ) ) ;
#1878 = ORIENTED_EDGE ( 'NONE', *, *, #3102, .F. ) ;
#1879 = CARTESIAN_POINT ( 'NONE',  ( -260.8576000477224284, 444.4444399999999860, 7.086686038297494328 ) ) ;
#1880 = LINE ( 'NONE', #1237, #633 ) ;
#1881 = CARTESIAN_POINT ( 'NONE',  ( -233.4746249705381729, 445.4444399999999860, 12.94752250475350053 ) ) ;
#1882 = LINE ( 'NONE', #3139, #3623 ) ;
#1883 = EDGE_CURVE ( 'NONE', #1588, #2711, #3682, .T. ) ;
#1884 = ORIENTED_EDGE ( 'NONE', *, *, #3413, .F. ) ;
#1885 = EDGE_LOOP ( 'NONE', ( #2959, #1862, #2917, #3882 ) ) ;
#1886 = AXIS2_PLACEMENT_3D ( 'NONE', #1746, #172, #1085 ) ;
#1887 = VECTOR ( 'NONE', #562, 1000.000000000000000 ) ;
#1888 = CARTESIAN_POINT ( 'NONE',  ( -133.9566291355076544, 444.4444399999999860, 9.286974893465000491 ) ) ;
#1889 = DIRECTION ( 'NONE',  ( 0.000000000000000000, 1.000000000000000000, -0.000000000000000000 ) ) ;
#1890 = ORIENTED_EDGE ( 'NONE', *, *, #159, .F. ) ;
#1891 = ORIENTED_EDGE ( 'NONE', *, *, #602, .F. ) ;
#1892 = EDGE_CURVE ( 'NONE', #3427, #3096, #551, .T. ) ;
#1893 = CARTESIAN_POINT ( 'NONE',  ( -297.6853304518525078, 444.4444399999999860, 0.07763497805441094135 ) ) ;
#1894 = DIRECTION ( 'NONE',  ( 0.02688405537825821340, 0.000000000000000000, 0.9996385584632171417 ) ) ;
#1895 = CARTESIAN_POINT ( 'NONE',  ( -189.8871197409697800, 449.4444399999999860, 9.390855830577100605 ) ) ;
#1896 = VECTOR ( 'NONE', #1979, 1000.000000000000114 ) ;
#1897 = CARTESIAN_POINT ( 'NONE',  ( -257.1713895207026894, 444.4444399999999860, 7.153931681131421527 ) ) ;
#1898 = ORIENTED_EDGE ( 'NONE', *, *, #2546, .T. ) ;
#1899 = DIRECTION ( 'NONE',  ( -0.7248872777926395061, 0.000000000000000000, 0.6888675014067485725 ) ) ;
#1900 = CARTESIAN_POINT ( 'NONE',  ( -293.2676002059586153, 444.4444400000000428, 1.330312713632910704 ) ) ;
#1901 = ORIENTED_EDGE ( 'NONE', *, *, #1621, .F. ) ;
#1902 = B_SPLINE_SURFACE_WITH_KNOTS ( 'NONE', 3, 1, ( 
 ( #2276, #3568 ),
 ( #2636, #2935 ),
 ( #1303, #2659 ),
 ( #1666, #50 ),
 ( #1703, #67 ),
 ( #1029, #4007 ),
 ( #3332, #3663 ),
 ( #2676, #3970 ),
 ( #3642, #2694 ),
 ( #1422, #366 ),
 ( #3681, #3315 ),
 ( #385, #2976 ),
 ( #2027, #1065 ),
 ( #2373, #2415 ),
 ( #124, #3350 ),
 ( #2733, #402 ) ),
 .UNSPECIFIED., .F., .F., .F.,
 ( 4, 1, 1, 1, 1, 1, 1, 1, 1, 1, 1, 1, 1, 4 ),
 ( 2, 2 ),
 ( 0.03891155862395574011, 0.04061555485877392513, 0.04231955109358285366, 0.05452787951388714249, 0.06815984939235858464, 0.08179181927083004067, 0.1090557590277729250, 0.1363196987847158093, 0.1499516686631872653, 0.1635836385416586936, 0.1772156084201301496, 0.1908475782986016056, 0.1928611597997482718, 0.1945651559963789134 ),
 ( 0.000000000000000000, 1.000000000000000000 ),
 .UNSPECIFIED. ) ;
#1903 = VERTEX_POINT ( 'NONE', #3069 ) ;
#1904 = ORIENTED_EDGE ( 'NONE', *, *, #2667, .T. ) ;
#1905 = VERTEX_POINT ( 'NONE', #1518 ) ;
#1906 = DIRECTION ( 'NONE',  ( -0.000000000000000000, -1.000000000000000000, -0.000000000000000000 ) ) ;
#1907 = CARTESIAN_POINT ( 'NONE',  ( -228.9787319495090969, 445.4444399999999860, 8.123221266307991684 ) ) ;
#1908 = CARTESIAN_POINT ( 'NONE',  ( -233.2886263910395996, 445.4444399999999860, 13.32257616013490420 ) ) ;
#1909 = ORIENTED_EDGE ( 'NONE', *, *, #2850, .T. ) ;
#1910 = ORIENTED_EDGE ( 'NONE', *, *, #1230, .F. ) ;
#1911 = CARTESIAN_POINT ( 'NONE',  ( -253.4528867037432178, 444.4444399999999291, 7.357004109955695981 ) ) ;
#1912 = LINE ( 'NONE', #643, #2408 ) ;
#1913 = EDGE_CURVE ( 'NONE', #1672, #478, #3752, .T. ) ;
#1914 = EDGE_CURVE ( 'NONE', #832, #3559, #4095, .T. ) ;
#1915 = ORIENTED_EDGE ( 'NONE', *, *, #185, .F. ) ;
#1916 = DIRECTION ( 'NONE',  ( -0.6965575549846625414, 0.000000000000000000, -0.7175009216675536372 ) ) ;
#1917 = DIRECTION ( 'NONE',  ( 0.000000000000000000, -1.000000000000000000, 0.000000000000000000 ) ) ;
#1918 = DIRECTION ( 'NONE',  ( 0.000000000000000000, 1.000000000000000000, -0.000000000000000000 ) ) ;
#1919 = EDGE_CURVE ( 'NONE', #969, #479, #596, .T. ) ;
#1920 = DIRECTION ( 'NONE',  ( 0.6888675014067527913, 0.000000000000000000, 0.7248872777926355093 ) ) ;
#1921 = EDGE_CURVE ( 'NONE', #3853, #3390, #3119, .T. ) ;
#1922 = EDGE_CURVE ( 'NONE', #1869, #3129, #1496, .T. ) ;
#1923 = CARTESIAN_POINT ( 'NONE',  ( -194.9083746375344788, 449.4444399999999860, 9.302397801995864413 ) ) ;
#1924 = DIRECTION ( 'NONE',  ( 0.000000000000000000, 0.000000000000000000, -1.000000000000000000 ) ) ;
#1925 = ORIENTED_EDGE ( 'NONE', *, *, #2964, .F. ) ;
#1926 = ORIENTED_EDGE ( 'NONE', *, *, #3372, .T. ) ;
#1927 = CARTESIAN_POINT ( 'NONE',  ( -200.4233210937087506, 449.4444399999999860, 19.51179646880439833 ) ) ;
#1928 = LINE ( 'NONE', #3226, #2776 ) ;
#1929 = CARTESIAN_POINT ( 'NONE',  ( -178.2930354147679282, 444.4444399999999860, 9.547694018432261842 ) ) ;
#1930 = VECTOR ( 'NONE', #1321, 1000.000000000000114 ) ;
#1931 = VERTEX_POINT ( 'NONE', #4162 ) ;
#1932 = VERTEX_POINT ( 'NONE', #4119 ) ;
#1933 = LINE ( 'NONE', #3872, #2062 ) ;
#1934 = DIRECTION ( 'NONE',  ( 0.000000000000000000, -1.000000000000000000, 0.000000000000000000 ) ) ;
#1935 = VECTOR ( 'NONE', #237, 1000.000000000000000 ) ;
#1936 = EDGE_LOOP ( 'NONE', ( #2103, #3465, #3804, #431 ) ) ;
#1937 = VERTEX_POINT ( 'NONE', #902 ) ;
#1938 = CIRCLE ( 'NONE', #835, 0.6000000000000224043 ) ;
#1939 = CARTESIAN_POINT ( 'NONE',  ( -229.2634781952536116, 444.4444399999999860, 8.393818420997043006 ) ) ;
#1940 = CARTESIAN_POINT ( 'NONE',  ( -176.9684519223427230, 445.4444399999999860, 22.98833891310567168 ) ) ;
#1941 = VECTOR ( 'NONE', #3074, 1000.000000000000000 ) ;
#1942 = EDGE_CURVE ( 'NONE', #870, #504, #141, .T. ) ;
#1943 = ORIENTED_EDGE ( 'NONE', *, *, #2692, .T. ) ;
#1944 = LINE ( 'NONE', #919, #1008 ) ;
#1945 = CARTESIAN_POINT ( 'NONE',  ( -267.1688184859924604, 533.3333280000000514, 8.607714735570331399 ) ) ;
#1946 = VERTEX_POINT ( 'NONE', #285 ) ;
#1947 = EDGE_CURVE ( 'NONE', #3529, #4158, #2026, .T. ) ;
#1948 = CARTESIAN_POINT ( 'NONE',  ( -249.0161520889757014, 444.4444399999999860, 9.374891832313954509 ) ) ;
#1949 = CARTESIAN_POINT ( 'NONE',  ( -177.7432081959518086, 445.4444399999999291, 9.553409263231328552 ) ) ;
#1950 = DIRECTION ( 'NONE',  ( -0.000000000000000000, -1.000000000000000000, -0.000000000000000000 ) ) ;
#1951 = VERTEX_POINT ( 'NONE', #2163 ) ;
#1952 = CARTESIAN_POINT ( 'NONE',  ( -257.1160311369277451, 445.4444399999999860, 7.991938233640874856 ) ) ;
#1953 = CARTESIAN_POINT ( 'NONE',  ( -133.3568342694779005, 445.4444399999999860, 9.271286723260836027 ) ) ;
#1954 = AXIS2_PLACEMENT_3D ( 'NONE', #1572, #2877, #4170 ) ;
#1955 = EDGE_LOOP ( 'NONE', ( #2754, #3891, #3230, #74 ) ) ;
#1956 = CARTESIAN_POINT ( 'NONE',  ( -254.1091732842313888, 445.4444399999999860, 9.090270003344036454 ) ) ;
#1957 = CARTESIAN_POINT ( 'NONE',  ( -242.9298313318372777, 445.4444399999999860, 11.25234309190400417 ) ) ;
#1958 = DIRECTION ( 'NONE',  ( -0.000000000000000000, -1.000000000000000000, -0.000000000000000000 ) ) ;
#1959 = CARTESIAN_POINT ( 'NONE',  ( -149.3392522000159772, 445.4444399999999291, 25.90981694351675557 ) ) ;
#1960 = LINE ( 'NONE', #3263, #4210 ) ;
#1961 = EDGE_CURVE ( 'NONE', #1338, #2332, #2508, .T. ) ;
#1962 = EDGE_CURVE ( 'NONE', #870, #1768, #829, .T. ) ;
#1963 = CARTESIAN_POINT ( 'NONE',  ( -113.8284090580018244, 449.4444399999999860, 28.12009005535458073 ) ) ;
#1964 = AXIS2_PLACEMENT_3D ( 'NONE', #4045, #1119, #848 ) ;
#1965 = VERTEX_POINT ( 'NONE', #1218 ) ;
#1966 = ORIENTED_EDGE ( 'NONE', *, *, #1003, .F. ) ;
#1967 = DIRECTION ( 'NONE',  ( -0.5542141642488435105, 0.000000000000000000, 0.8323741106893918218 ) ) ;
#1968 = CARTESIAN_POINT ( 'NONE',  ( -133.3568342694779005, 445.4444399999999860, 9.271286723260836027 ) ) ;
#1969 = EDGE_CURVE ( 'NONE', #3851, #3924, #1882, .T. ) ;
#1970 = LINE ( 'NONE', #2596, #3223 ) ;
#1971 = ORIENTED_EDGE ( 'NONE', *, *, #3864, .F. ) ;
#1972 = LINE ( 'NONE', #2236, #2139 ) ;
#1973 = CARTESIAN_POINT ( 'NONE',  ( -253.8791415835516148, 445.4444399999999860, 8.282324195538835809 ) ) ;
#1974 = B_SPLINE_CURVE_WITH_KNOTS ( 'NONE', 3,
 ( #1788, #3091, #4072, #212 ),
 .UNSPECIFIED., .F., .F.,
 ( 4, 4 ),
 ( 0.1146525530252893582, 0.1147249827450547432 ),
 .UNSPECIFIED. ) ;
#1975 = VERTEX_POINT ( 'NONE', #3504 ) ;
#1976 = DIRECTION ( 'NONE',  ( -0.000000000000000000, -1.000000000000000000, -0.000000000000000000 ) ) ;
#1977 = CARTESIAN_POINT ( 'NONE',  ( -238.1161579706514431, 445.4444399999999860, 8.063291191234000621 ) ) ;
#1978 = LINE ( 'NONE', #2625, #518 ) ;
#1979 = DIRECTION ( 'NONE',  ( -0.06567303980416458464, 0.000000000000000000, 0.9978411957034448720 ) ) ;
#1980 = CARTESIAN_POINT ( 'NONE',  ( -188.9322783937708721, 444.4444399999999860, 21.31370094756423228 ) ) ;
#1981 = VERTEX_POINT ( 'NONE', #2230 ) ;
#1982 = ORIENTED_EDGE ( 'NONE', *, *, #2933, .T. ) ;
#1983 = LINE ( 'NONE', #2970, #3764 ) ;
#1984 = LINE ( 'NONE', #1907, #3940 ) ;
#1985 = DIRECTION ( 'NONE',  ( -0.000000000000000000, -1.000000000000000000, -0.000000000000000000 ) ) ;
#1986 = EDGE_LOOP ( 'NONE', ( #2844, #1055, #2790, #1323 ) ) ;
#1987 = EDGE_CURVE ( 'NONE', #400, #3713, #3481, .T. ) ;
#1988 = CARTESIAN_POINT ( 'NONE',  ( -277.4549981302086508, 444.4444400000000428, 6.762558882512844427 ) ) ;
#1989 = FACE_OUTER_BOUND ( 'NONE', #1986, .T. ) ;
#1990 = ORIENTED_EDGE ( 'NONE', *, *, #3698, .F. ) ;
#1991 = ORIENTED_EDGE ( 'NONE', *, *, #3719, .F. ) ;
#1992 = CARTESIAN_POINT ( 'NONE',  ( -274.1238790086579797, 533.3333280000000514, 2.239275516313835368 ) ) ;
#1993 = EDGE_CURVE ( 'NONE', #1535, #259, #3802, .T. ) ;
#1994 = VECTOR ( 'NONE', #1120, 1000.000000000000000 ) ;
#1995 = CARTESIAN_POINT ( 'NONE',  ( -199.8794144029798190, 444.4444399999999291, 9.209109431590469796 ) ) ;
#1996 = DIRECTION ( 'NONE',  ( 0.000000000000000000, 1.000000000000000000, -0.000000000000000000 ) ) ;
#1997 = AXIS2_PLACEMENT_3D ( 'NONE', #1157, #3127, #914 ) ;
#1998 = DIRECTION ( 'NONE',  ( 0.000000000000000000, 1.000000000000000000, -0.000000000000000000 ) ) ;
#1999 = CIRCLE ( 'NONE', #2817, 0.6000000000000276223 ) ;
#2000 = CARTESIAN_POINT ( 'NONE',  ( -113.5285485838877975, 444.4444399999999291, 8.528672068350854119 ) ) ;
#2001 = CARTESIAN_POINT ( 'NONE',  ( -258.7028822036019164, 533.3333280000000514, -42.17616278367351867 ) ) ;
#2002 = VECTOR ( 'NONE', #3888, 1000.000000000000114 ) ;
#2003 = ORIENTED_EDGE ( 'NONE', *, *, #679, .T. ) ;
#2004 = CARTESIAN_POINT ( 'NONE',  ( -178.1626288332113006, 445.4444399999999860, 22.83150142085048273 ) ) ;
#2005 = DIRECTION ( 'NONE',  ( 0.009894637397860176625, 0.000000000000000000, -0.9999510468771782845 ) ) ;
#2006 = ORIENTED_EDGE ( 'NONE', *, *, #323, .T. ) ;
#2007 = FACE_OUTER_BOUND ( 'NONE', #759, .T. ) ;
#2008 = LINE ( 'NONE', #782, #302 ) ;
#2009 = EDGE_CURVE ( 'NONE', #2864, #597, #1515, .T. ) ;
#2010 = ORIENTED_EDGE ( 'NONE', *, *, #2985, .T. ) ;
#2011 = CARTESIAN_POINT ( 'NONE',  ( -295.2960495103556013, 533.3333280000000514, 0.3249056940543462169 ) ) ;
#2012 = CARTESIAN_POINT ( 'NONE',  ( 0.000000000000000000, 445.4444399999999860, 0.000000000000000000 ) ) ;
#2013 = DIRECTION ( 'NONE',  ( 0.000000000000000000, 1.000000000000000000, -0.000000000000000000 ) ) ;
#2014 = EDGE_CURVE ( 'NONE', #3700, #1187, #1540, .T. ) ;
#2015 = CARTESIAN_POINT ( 'NONE',  ( -140.1163786704159406, 449.4444400000000428, 26.58487205923219676 ) ) ;
#2016 = STYLED_ITEM ( 'NONE', ( #2286 ), #1718 ) ;
#2017 = VECTOR ( 'NONE', #405, 1000.000000000000227 ) ;
#2018 = CARTESIAN_POINT ( 'NONE',  ( -211.2429925427488229, 449.4444399999999291, 8.957290179382589201 ) ) ;
#2019 = VECTOR ( 'NONE', #673, 1000.000000000000000 ) ;
#2020 = ORIENTED_EDGE ( 'NONE', *, *, #1412, .T. ) ;
#2021 = AXIS2_PLACEMENT_3D ( 'NONE', #2386, #3365, #2041 ) ;
#2022 = CARTESIAN_POINT ( 'NONE',  ( -238.9655282012697342, 445.4444399999999860, 7.750171942798270486 ) ) ;
#2023 = CARTESIAN_POINT ( 'NONE',  ( -265.3338636067449556, 444.4444399999999860, 6.801727551363130786 ) ) ;
#2024 = VERTEX_POINT ( 'NONE', #661 ) ;
#2025 = CARTESIAN_POINT ( 'NONE',  ( -274.7847390683608069, 533.3333280000000514, 7.475225214956181752 ) ) ;
#2026 = B_SPLINE_CURVE_WITH_KNOTS ( 'NONE', 3,
 ( #2462, #3161, #1169, #1192 ),
 .UNSPECIFIED., .F., .F.,
 ( 4, 4 ),
 ( 0.1754868914330527108, 0.1768828452979837873 ),
 .UNSPECIFIED. ) ;
#2027 = CARTESIAN_POINT ( 'NONE',  ( -119.0667696627177463, 449.4444400000003839, 28.12804715761673791 ) ) ;
#2028 = CARTESIAN_POINT ( 'NONE',  ( -251.8022909279662542, 444.4444399999999860, 7.942175760401747553 ) ) ;
#2029 = EDGE_LOOP ( 'NONE', ( #2257, #2385, #2992, #2652 ) ) ;
#2030 = CARTESIAN_POINT ( 'NONE',  ( -249.0161520889757014, 445.4444399999999860, 9.374891832313956286 ) ) ;
#2031 = FACE_OUTER_BOUND ( 'NONE', #2557, .T. ) ;
#2032 = EDGE_CURVE ( 'NONE', #3679, #3439, #966, .T. ) ;
#2033 = DIRECTION ( 'NONE',  ( -0.8513302070673183231, 0.000000000000000000, 0.5246302302905513359 ) ) ;
#2034 = ORIENTED_EDGE ( 'NONE', *, *, #3197, .T. ) ;
#2035 = DIRECTION ( 'NONE',  ( -0.6888675014067477953, 0.000000000000000000, -0.7248872777926400612 ) ) ;
#2036 = EDGE_CURVE ( 'NONE', #2185, #246, #2633, .T. ) ;
#2037 = CARTESIAN_POINT ( 'NONE',  ( -259.4108628574792874, 449.4444399999999860, 7.026082581617287381 ) ) ;
#2038 = ORIENTED_EDGE ( 'NONE', *, *, #1376, .T. ) ;
#2039 = EDGE_CURVE ( 'NONE', #2639, #593, #1970, .T. ) ;
#2040 = EDGE_CURVE ( 'NONE', #1937, #2801, #2296, .T. ) ;
#2041 = DIRECTION ( 'NONE',  ( 0.6888675014067938696, 0.000000000000000000, 0.7248872777925964295 ) ) ;
#2042 = DIRECTION ( 'NONE',  ( -0.9304391691071159931, 0.000000000000000000, 0.3664463843337242843 ) ) ;
#2043 = VERTEX_POINT ( 'NONE', #3249 ) ;
#2044 = ORIENTED_EDGE ( 'NONE', *, *, #4124, .F. ) ;
#2045 = CARTESIAN_POINT ( 'NONE',  ( -287.8070055320702636, 444.4444400000000428, 3.847726476973035048 ) ) ;
#2046 = CARTESIAN_POINT ( 'NONE',  ( -290.3110310810180863, 533.3333280000000514, 3.099905874896820901 ) ) ;
#2047 = LINE ( 'NONE', #2416, #3379 ) ;
#2048 = ORIENTED_EDGE ( 'NONE', *, *, #57, .T. ) ;
#2049 = CARTESIAN_POINT ( 'NONE',  ( -132.0558163129703644, 445.4444399999999860, 26.96303150527401016 ) ) ;
#2050 = CARTESIAN_POINT ( 'NONE',  ( -225.6975725102136039, 444.4444399999999291, 8.533007167635533463 ) ) ;
#2051 = LINE ( 'NONE', #1073, #982 ) ;
#2052 = CARTESIAN_POINT ( 'NONE',  ( -195.1153897876527026, 445.4444399999999860, 9.298503150647018600 ) ) ;
#2053 = CIRCLE ( 'NONE', #3900, 0.6000000000000224043 ) ;
#2054 = CARTESIAN_POINT ( 'NONE',  ( -205.2673522678134646, 445.4444399999999291, 18.67897605030990249 ) ) ;
#2055 = CIRCLE ( 'NONE', #227, 0.6000000000000276223 ) ;
#2056 = CARTESIAN_POINT ( 'NONE',  ( -135.8203959127808673, 444.4444399999999291, 9.371846716018479739 ) ) ;
#2057 = EDGE_CURVE ( 'NONE', #2591, #1629, #2613, .T. ) ;
#2058 = EDGE_LOOP ( 'NONE', ( #1201, #3549, #1242, #3601 ) ) ;
#2059 = VECTOR ( 'NONE', #2067, 1000.000000000000000 ) ;
#2060 = CARTESIAN_POINT ( 'NONE',  ( 0.000000000000000000, 533.3333280000000514, 0.000000000000000000 ) ) ;
#2061 = CARTESIAN_POINT ( 'NONE',  ( 0.5721654584183536452, 449.4444399999999860, 21.27501398164558211 ) ) ;
#2062 = VECTOR ( 'NONE', #4165, 1000.000000000000000 ) ;
#2063 = EDGE_CURVE ( 'NONE', #3310, #2024, #947, .T. ) ;
#2064 = ORIENTED_EDGE ( 'NONE', *, *, #2412, .F. ) ;
#2065 = ORIENTED_EDGE ( 'NONE', *, *, #1304, .T. ) ;
#2066 = CARTESIAN_POINT ( 'NONE',  ( -260.8337779114087880, 444.4444399999999860, 6.940564282570123922 ) ) ;
#2067 = DIRECTION ( 'NONE',  ( 0.000000000000000000, -1.000000000000000000, 0.000000000000000000 ) ) ;
#2068 = CARTESIAN_POINT ( 'NONE',  ( -195.0463868102661422, 444.4444399999999291, 9.299804570418556793 ) ) ;
#2069 = ORIENTED_EDGE ( 'NONE', *, *, #1093, .F. ) ;
#2070 = ORIENTED_EDGE ( 'NONE', *, *, #3963, .F. ) ;
#2071 = CARTESIAN_POINT ( 'NONE',  ( -131.6663975624078091, 444.4444399999999291, 26.97927182084074005 ) ) ;
#2072 = CARTESIAN_POINT ( 'NONE',  ( -150.8221721565745383, 533.3333280000000514, 8.847120223398674099 ) ) ;
#2073 = LINE ( 'NONE', #1427, #3908 ) ;
#2074 = ORIENTED_EDGE ( 'NONE', *, *, #1700, .F. ) ;
#2075 = ORIENTED_EDGE ( 'NONE', *, *, #1883, .F. ) ;
#2076 = DIRECTION ( 'NONE',  ( 0.000000000000000000, -1.000000000000000000, 0.000000000000000000 ) ) ;
#2077 = CARTESIAN_POINT ( 'NONE',  ( -132.7570444405470198, 444.4444399999999860, 9.255407141683583916 ) ) ;
#2078 = ORIENTED_EDGE ( 'NONE', *, *, #2288, .F. ) ;
#2079 = DIRECTION ( 'NONE',  ( -0.9996385584632171417, 0.000000000000000000, 0.02688405537825784911 ) ) ;
#2080 = ORIENTED_EDGE ( 'NONE', *, *, #2309, .T. ) ;
#2081 = VECTOR ( 'NONE', #763, 1000.000000000000000 ) ;
#2082 = EDGE_CURVE ( 'NONE', #3202, #587, #25, .T. ) ;
#2083 = EDGE_CURVE ( 'NONE', #3529, #1529, #3312, .T. ) ;
#2084 = CARTESIAN_POINT ( 'NONE',  ( -165.5945624024669769, 445.4444399999999860, 9.630070904658040831 ) ) ;
#2085 = CARTESIAN_POINT ( 'NONE',  ( -112.6486715160237821, 449.4444399999999860, 11.48801144721272749 ) ) ;
#2086 = VECTOR ( 'NONE', #3875, 999.9999999999998863 ) ;
#2087 = EDGE_LOOP ( 'NONE', ( #4019, #3275 ) ) ;
#2088 = EDGE_LOOP ( 'NONE', ( #2447, #2730, #3054, #1705 ) ) ;
#2089 = VECTOR ( 'NONE', #1568, 1000.000000000000000 ) ;
#2090 = DIRECTION ( 'NONE',  ( -0.7248872777926383959, 0.000000000000000000, 0.6888675014067497937 ) ) ;
#2091 = EDGE_CURVE ( 'NONE', #2273, #2610, #1006, .T. ) ;
#2092 = CARTESIAN_POINT ( 'NONE',  ( -264.2871590456990702, 449.4444399999999860, 7.064132261342629171 ) ) ;
#2093 = CARTESIAN_POINT ( 'NONE',  ( -266.5147033832301418, 444.4444399999999860, 5.740492526924503736 ) ) ;
#2094 = VECTOR ( 'NONE', #24, 1000.000000000000000 ) ;
#2095 = VERTEX_POINT ( 'NONE', #1929 ) ;
#2096 = CARTESIAN_POINT ( 'NONE',  ( -117.3872845654307042, 444.4444399999999860, 27.32359723883179825 ) ) ;
#2097 = FACE_OUTER_BOUND ( 'NONE', #445, .T. ) ;
#2098 = EDGE_CURVE ( 'NONE', #922, #1150, #2313, .T. ) ;
#2099 = EDGE_CURVE ( 'NONE', #2394, #259, #1358, .T. ) ;
#2100 = DIRECTION ( 'NONE',  ( 0.000000000000000000, -1.000000000000000000, 0.000000000000000000 ) ) ;
#2101 = LINE ( 'NONE', #3038, #3935 ) ;
#2102 = CARTESIAN_POINT ( 'NONE',  ( -255.4287063650164100, 445.4444399999999860, 7.250587697153873634 ) ) ;
#2103 = ORIENTED_EDGE ( 'NONE', *, *, #137, .T. ) ;
#2104 = LINE ( 'NONE', #3128, #3584 ) ;
#2105 = LINE ( 'NONE', #1459, #444 ) ;
#2106 = DIRECTION ( 'NONE',  ( -0.000000000000000000, -1.000000000000000000, -0.000000000000000000 ) ) ;
#2107 = LINE ( 'NONE', #4021, #1245 ) ;
#2108 = ORIENTED_EDGE ( 'NONE', *, *, #298, .T. ) ;
#2109 = ORIENTED_EDGE ( 'NONE', *, *, #1361, .F. ) ;
#2110 = EDGE_LOOP ( 'NONE', ( #1863, #118, #1762, #1480 ) ) ;
#2111 = DIRECTION ( 'NONE',  ( 0.6888675014067497937, 0.000000000000000000, 0.7248872777926383959 ) ) ;
#2112 = CARTESIAN_POINT ( 'NONE',  ( -265.3338636067449556, 449.4444399999999860, 6.801727551363130786 ) ) ;
#2113 = CARTESIAN_POINT ( 'NONE',  ( -112.8759871213101178, 449.4444399999999860, 3.035661502869881900 ) ) ;
#2114 = LINE ( 'NONE', #1472, #1674 ) ;
#2115 = EDGE_CURVE ( 'NONE', #644, #3271, #695, .T. ) ;
#2116 = ORIENTED_EDGE ( 'NONE', *, *, #3157, .T. ) ;
#2117 = CARTESIAN_POINT ( 'NONE',  ( -112.2823144185779682, 449.4444399999999860, 25.11038633121939867 ) ) ;
#2118 = FACE_OUTER_BOUND ( 'NONE', #3852, .T. ) ;
#2119 = CARTESIAN_POINT ( 'NONE',  ( -256.3619925308943834, 445.4444399999999860, 6.835156837752369263 ) ) ;
#2120 = ORIENTED_EDGE ( 'NONE', *, *, #2179, .T. ) ;
#2121 = EDGE_CURVE ( 'NONE', #231, #2347, #3622, .T. ) ;
#2122 = CARTESIAN_POINT ( 'NONE',  ( -265.8557205421093386, 533.3333280000000514, 6.670256816194236826 ) ) ;
#2123 = LINE ( 'NONE', #182, #1439 ) ;
#2124 = CARTESIAN_POINT ( 'NONE',  ( -204.8832445304088310, 445.4444399999999860, 18.74516666487845029 ) ) ;
#2125 = B_SPLINE_CURVE_WITH_KNOTS ( 'NONE', 3,
 ( #2162, #2484, #195, #3746, #2206, #575, #3436, #482, #4161 ),
 .UNSPECIFIED., .F., .F.,
 ( 4, 1, 1, 1, 1, 1, 4 ),
 ( 0.008052357163076461627, 0.01180441452156668833, 0.01555647188005691330, 0.02306058659703736496, 0.03056470131401781837, 0.03431675867250804507, 0.03806881603099827177 ),
 .UNSPECIFIED. ) ;
#2126 = ORIENTED_EDGE ( 'NONE', *, *, #3325, .F. ) ;
#2127 = VECTOR ( 'NONE', #3771, 1000.000000000000000 ) ;
#2128 = CARTESIAN_POINT ( 'NONE',  ( -245.5029835924179622, 444.4444399999999860, 8.073649514971068086 ) ) ;
#2129 = CARTESIAN_POINT ( 'NONE',  ( -290.3163669971457921, 533.3333280000000514, 0.8276152839012187457 ) ) ;
#2130 = AXIS2_PLACEMENT_3D ( 'NONE', #3641, #2090, #2111 ) ;
#2131 = VERTEX_POINT ( 'NONE', #2575 ) ;
#2132 = ORIENTED_EDGE ( 'NONE', *, *, #1654, .F. ) ;
#2133 = CARTESIAN_POINT ( 'NONE',  ( -204.8832445304088310, 444.4444399999999860, 18.74516666487845029 ) ) ;
#2134 = CARTESIAN_POINT ( 'NONE',  ( -265.8557205421093386, 533.3333280000000514, 6.670256816194236826 ) ) ;
#2135 = VECTOR ( 'NONE', #245, 1000.000000000000000 ) ;
#2136 = CARTESIAN_POINT ( 'NONE',  ( -265.3338636067449556, 449.4444400000000428, 6.801727551363130786 ) ) ;
#2137 = DIRECTION ( 'NONE',  ( -0.6407894207433073586, 0.000000000000000000, -0.7677166914060528091 ) ) ;
#2138 = ORIENTED_EDGE ( 'NONE', *, *, #2804, .F. ) ;
#2139 = VECTOR ( 'NONE', #4191, 1000.000000000000000 ) ;
#2140 = ORIENTED_EDGE ( 'NONE', *, *, #2283, .T. ) ;
#2141 = LINE ( 'NONE', #3440, #3384 ) ;
#2142 = PRODUCT_CONTEXT ( 'NONE', #1122, 'mechanical' ) ;
#2143 = LINE ( 'NONE', #3417, #3910 ) ;
#2144 = DIRECTION ( 'NONE',  ( -0.02688405537843112716, 0.000000000000000000, -0.9996385584632124788 ) ) ;
#2145 = ADVANCED_FACE ( 'NONE', ( #1283 ), #3287, .F. ) ;
#2146 = EDGE_CURVE ( 'NONE', #2248, #1903, #1343, .T. ) ;
#2147 = B_SPLINE_CURVE_WITH_KNOTS ( 'NONE', 3,
 ( #3014, #1307, #994, #3893, #2604 ),
 .UNSPECIFIED., .F., .F.,
 ( 4, 1, 4 ),
 ( 0.7164752440608137540, 0.7171398451842925237, 0.7192841308877147011 ),
 .UNSPECIFIED. ) ;
#2148 = ORIENTED_EDGE ( 'NONE', *, *, #2805, .T. ) ;
#2149 = CARTESIAN_POINT ( 'NONE',  ( -234.4537921693520843, 445.4444399999999860, 13.07848260166416487 ) ) ;
#2150 = ORIENTED_EDGE ( 'NONE', *, *, #3890, .F. ) ;
#2151 = CARTESIAN_POINT ( 'NONE',  ( -132.7570495598756395, 444.4444399999999860, 9.255214942794401267 ) ) ;
#2152 = EDGE_CURVE ( 'NONE', #500, #3224, #639, .T. ) ;
#2153 = CARTESIAN_POINT ( 'NONE',  ( -251.1237328128930812, 445.4444399999999860, 7.476682415742227583 ) ) ;
#2154 = ORIENTED_EDGE ( 'NONE', *, *, #831, .T. ) ;
#2155 = PLANE ( 'NONE',  #2169 ) ;
#2156 = CARTESIAN_POINT ( 'NONE',  ( -195.1301120960158073, 445.4444399999999860, 9.398703641024599875 ) ) ;
#2157 = VERTEX_POINT ( 'NONE', #1300 ) ;
#2158 = ORIENTED_EDGE ( 'NONE', *, *, #1339, .T. ) ;
#2159 = FACE_BOUND ( 'NONE', #3239, .T. ) ;
#2160 = CARTESIAN_POINT ( 'NONE',  ( -251.9670063117948473, 445.4444399999999860, 7.103975348474945939 ) ) ;
#2161 = AXIS2_PLACEMENT_3D ( 'NONE', #1758, #4043, #3042 ) ;
#2162 = CARTESIAN_POINT ( 'NONE',  ( -293.2676002059585585, 444.4444399999999860, 1.330312713632799237 ) ) ;
#2163 = CARTESIAN_POINT ( 'NONE',  ( -228.7175928595009111, 445.4444399999999860, 8.978678089105073923 ) ) ;
#2164 = VERTEX_POINT ( 'NONE', #1262 ) ;
#2165 = VERTEX_POINT ( 'NONE', #1026 ) ;
#2166 = CARTESIAN_POINT ( 'NONE',  ( -280.3490536555165136, 533.3333280000000514, 2.537585519907651133 ) ) ;
#2167 = CARTESIAN_POINT ( 'NONE',  ( -196.0844992106079587, 444.4444399999999860, 9.280012691016615634 ) ) ;
#2168 = CARTESIAN_POINT ( 'NONE',  ( -241.7602381807119798, 444.4444399999999860, 11.50963215707254861 ) ) ;
#2169 = AXIS2_PLACEMENT_3D ( 'NONE', #3130, #2499, #1783 ) ;
#2170 = ORIENTED_EDGE ( 'NONE', *, *, #2715, .T. ) ;
#2171 = LINE ( 'NONE', #4167, #2089 ) ;
#2172 = LINE ( 'NONE', #2788, #1785 ) ;
#2173 = CARTESIAN_POINT ( 'NONE',  ( -253.3352003232435834, 444.4444399999999860, 8.886827556359119029 ) ) ;
#2174 = ORIENTED_EDGE ( 'NONE', *, *, #1857, .F. ) ;
#2175 = EDGE_CURVE ( 'NONE', #1290, #2846, #1011, .T. ) ;
#2176 = FACE_OUTER_BOUND ( 'NONE', #408, .T. ) ;
#2177 = CARTESIAN_POINT ( 'NONE',  ( -113.8284090580018244, 444.4444399999999860, 28.12009005535458073 ) ) ;
#2178 = ORIENTED_EDGE ( 'NONE', *, *, #3138, .T. ) ;
#2179 = EDGE_CURVE ( 'NONE', #2890, #1649, #3907, .T. ) ;
#2180 = ORIENTED_EDGE ( 'NONE', *, *, #1171, .T. ) ;
#2181 = CARTESIAN_POINT ( 'NONE',  ( -133.3568342694779005, 444.4444399999999860, 9.271286723260836027 ) ) ;
#2182 = CARTESIAN_POINT ( 'NONE',  ( -221.3618791128721455, 445.4444399999999860, 15.72469533518087559 ) ) ;
#2183 = PLANE ( 'NONE',  #909 ) ;
#2184 = CARTESIAN_POINT ( 'NONE',  ( -280.3490536555165136, 444.4444399999999860, 2.537585519907651133 ) ) ;
#2185 = VERTEX_POINT ( 'NONE', #1682 ) ;
#2186 = ORIENTED_EDGE ( 'NONE', *, *, #102, .F. ) ;
#2187 = VERTEX_POINT ( 'NONE', #458 ) ;
#2188 = B_SPLINE_CURVE_WITH_KNOTS ( 'NONE', 3,
 ( #2832, #3447, #1803, #2153 ),
 .UNSPECIFIED., .F., .F.,
 ( 4, 4 ),
 ( 0.7240460666540698975, 0.7261831051979222851 ),
 .UNSPECIFIED. ) ;
#2189 = CARTESIAN_POINT ( 'NONE',  ( -192.5000000000002274, 449.4444399999999860, 15.15093237103806700 ) ) ;
#2190 = CARTESIAN_POINT ( 'NONE',  ( -256.0688354234273447, 444.4444399999999860, 7.579508173038143504 ) ) ;
#2191 = B_SPLINE_CURVE_WITH_KNOTS ( 'NONE', 3,
 ( #2568, #3538, #1556, #1095, #2725, #2649, #4000, #733, #1658, #3636, #693, #2687, #3002 ),
 .UNSPECIFIED., .F., .F.,
 ( 4, 1, 1, 1, 1, 1, 1, 1, 1, 1, 4 ),
 ( 0.7011752054892484987, 0.7037511641538184426, 0.7114926295676233803, 0.7321002988842217896, 0.7527079682008201988, 0.7939233068340170174, 0.8351386454672137249, 0.8763539841004104325, 0.8969616534170088418, 0.9175693227336072511, 0.9293509528815055987 ),
 .UNSPECIFIED. ) ;
#2192 = ORIENTED_EDGE ( 'NONE', *, *, #1139, .F. ) ;
#2193 = CARTESIAN_POINT ( 'NONE',  ( -133.7537577297727012, 445.4444399999999860, 26.88888592144400747 ) ) ;
#2194 = CARTESIAN_POINT ( 'NONE',  ( -257.7945310521340616, 444.4444399999999860, 7.829255745276571865 ) ) ;
#2195 = CARTESIAN_POINT ( 'NONE',  ( -238.5376007784347223, 445.4444400000000428, 8.046344376492744033 ) ) ;
#2196 = FACE_OUTER_BOUND ( 'NONE', #2969, .T. ) ;
#2197 = ORIENTED_EDGE ( 'NONE', *, *, #2379, .T. ) ;
#2198 = CARTESIAN_POINT ( 'NONE',  ( -192.5000000000002274, 444.4444399999999860, 15.15093237103806700 ) ) ;
#2199 = ADVANCED_FACE ( 'NONE', ( #2410 ), #1739, .T. ) ;
#2200 = CARTESIAN_POINT ( 'NONE',  ( -268.4179018087319832, 444.4444400000000428, 2.647210225857725252 ) ) ;
#2201 = ORIENTED_EDGE ( 'NONE', *, *, #1801, .F. ) ;
#2202 = VECTOR ( 'NONE', #1839, 1000.000000000000114 ) ;
#2203 = ORIENTED_EDGE ( 'NONE', *, *, #2672, .F. ) ;
#2204 = CARTESIAN_POINT ( 'NONE',  ( -168.8641331842243289, 449.4444399999999860, 24.10239613039014372 ) ) ;
#2205 = DIRECTION ( 'NONE',  ( -0.000000000000000000, -1.000000000000000000, -0.000000000000000000 ) ) ;
#2206 = CARTESIAN_POINT ( 'NONE',  ( -280.6338063822639128, 444.4444399999999860, 5.055185953166550838 ) ) ;
#2207 = EDGE_CURVE ( 'NONE', #4188, #2794, #2349, .T. ) ;
#2208 = CARTESIAN_POINT ( 'NONE',  ( -292.2254576542372888, 444.4444399999999860, 1.434434858989688255 ) ) ;
#2209 = VECTOR ( 'NONE', #517, 1000.000000000000000 ) ;
#2210 = ORIENTED_EDGE ( 'NONE', *, *, #3612, .F. ) ;
#2211 = ORIENTED_EDGE ( 'NONE', *, *, #1097, .T. ) ;
#2212 = ORIENTED_EDGE ( 'NONE', *, *, #3787, .F. ) ;
#2213 = VECTOR ( 'NONE', #3775, 1000.000000000000000 ) ;
#2214 = CARTESIAN_POINT ( 'NONE',  ( -164.9945637137975609, 445.4444399999999860, 9.631325334794968995 ) ) ;
#2215 = DIRECTION ( 'NONE',  ( -0.6888675014067497937, 0.000000000000000000, -0.7248872777926382849 ) ) ;
#2216 = VERTEX_POINT ( 'NONE', #2690 ) ;
#2217 = CARTESIAN_POINT ( 'NONE',  ( -222.5213143660649848, 445.4444399999999860, 15.49895004327217585 ) ) ;
#2218 = LINE ( 'NONE', #3513, #381 ) ;
#2219 = LINE ( 'NONE', #563, #3628 ) ;
#2220 = B_SPLINE_CURVE_WITH_KNOTS ( 'NONE', 3,
 ( #2275, #3530, #1646, #1302 ),
 .UNSPECIFIED., .F., .F.,
 ( 4, 4 ),
 ( 0.9061558223951188262, 0.9079888871761370162 ),
 .UNSPECIFIED. ) ;
#2221 = CYLINDRICAL_SURFACE ( 'NONE', #1468, 6.324999999999983302 ) ;
#2222 = ORIENTED_EDGE ( 'NONE', *, *, #1093, .T. ) ;
#2223 = CARTESIAN_POINT ( 'NONE',  ( -266.5147033832301418, 533.3333280000000514, 5.740492526924503736 ) ) ;
#2224 = CARTESIAN_POINT ( 'NONE',  ( -275.1101811045253953, 533.3333280000000514, 6.552289714360634676 ) ) ;
#2225 = ORIENTED_EDGE ( 'NONE', *, *, #2040, .T. ) ;
#2226 = EDGE_LOOP ( 'NONE', ( #3415, #4022, #1601, #362, #779, #297 ) ) ;
#2227 = ADVANCED_FACE ( 'NONE', ( #3367 ), #4046, .T. ) ;
#2228 = LINE ( 'NONE', #594, #2475 ) ;
#2229 = LINE ( 'NONE', #3524, #2094 ) ;
#2230 = CARTESIAN_POINT ( 'NONE',  ( -176.6433472521857198, 445.4444399999999860, 9.564051733357914031 ) ) ;
#2231 = ORIENTED_EDGE ( 'NONE', *, *, #4205, .T. ) ;
#2232 = ORIENTED_EDGE ( 'NONE', *, *, #608, .F. ) ;
#2233 = EDGE_CURVE ( 'NONE', #276, #3027, #2107, .T. ) ;
#2234 = AXIS2_PLACEMENT_3D ( 'NONE', #1432, #519, #3811 ) ;
#2235 = CIRCLE ( 'NONE', #513, 6.324999999999983302 ) ;
#2236 = CARTESIAN_POINT ( 'NONE',  ( -150.2687402496345612, 445.4444399999999860, 9.575102033794678391 ) ) ;
#2237 = LINE ( 'NONE', #1647, #1106 ) ;
#2238 = CARTESIAN_POINT ( 'NONE',  ( -206.0353436069070483, 445.4444399999999860, 18.54572545475297218 ) ) ;
#2239 = CARTESIAN_POINT ( 'NONE',  ( -300.0000000000000000, 533.3333280000000514, 0.000000000000000000 ) ) ;
#2240 = EDGE_CURVE ( 'NONE', #1284, #2315, #2993, .T. ) ;
#2241 = EDGE_CURVE ( 'NONE', #3679, #1649, #3148, .T. ) ;
#2242 = DIRECTION ( 'NONE',  ( 0.000000000000000000, 0.000000000000000000, 1.000000000000000000 ) ) ;
#2243 = VECTOR ( 'NONE', #595, 1000.000000000000000 ) ;
#2244 = SURFACE_STYLE_USAGE ( .BOTH. , #938 ) ;
#2245 = DIRECTION ( 'NONE',  ( -0.7248872777926369526, 0.000000000000000000, 0.6888675014067512370 ) ) ;
#2246 = CARTESIAN_POINT ( 'NONE',  ( -219.6165091063904526, 449.4444399999999860, 16.96789906232488221 ) ) ;
#2247 = VERTEX_POINT ( 'NONE', #2432 ) ;
#2248 = VERTEX_POINT ( 'NONE', #3983 ) ;
#2249 = CARTESIAN_POINT ( 'NONE',  ( -114.4828442445582226, 449.4444399999999860, 27.32352736051250730 ) ) ;
#2250 = CARTESIAN_POINT ( 'NONE',  ( -160.2337874188641251, 444.4444399999999860, 9.638341105437232770 ) ) ;
#2251 = CARTESIAN_POINT ( 'NONE',  ( -148.7881936969120034, 445.4444399999999860, 9.559548402074911522 ) ) ;
#2252 = EDGE_LOOP ( 'NONE', ( #577, #635, #2753, #143 ) ) ;
#2253 = ORIENTED_EDGE ( 'NONE', *, *, #207, .F. ) ;
#2254 = CARTESIAN_POINT ( 'NONE',  ( -238.9655282012697342, 445.4444399999999860, 7.750171942798270486 ) ) ;
#2255 = CARTESIAN_POINT ( 'NONE',  ( -98.50963659386690097, 444.4444399999999860, 24.73998702017675910 ) ) ;
#2256 = EDGE_CURVE ( 'NONE', #192, #1799, #3422, .T. ) ;
#2257 = ORIENTED_EDGE ( 'NONE', *, *, #1412, .F. ) ;
#2258 = VERTEX_POINT ( 'NONE', #3721 ) ;
#2259 = CARTESIAN_POINT ( 'NONE',  ( -204.8832445304088310, 444.4444399999999860, 18.74516666487845029 ) ) ;
#2260 = CARTESIAN_POINT ( 'NONE',  ( -245.5029835924179622, 445.4444399999999860, 8.073649514971068086 ) ) ;
#2261 = DIRECTION ( 'NONE',  ( 0.000000000000000000, -1.000000000000000000, 0.000000000000000000 ) ) ;
#2262 = CARTESIAN_POINT ( 'NONE',  ( -190.3522683579551540, 449.4444399999999860, 21.10012339114813074 ) ) ;
#2263 = EDGE_CURVE ( 'NONE', #2187, #2571, #140, .T. ) ;
#2264 = CARTESIAN_POINT ( 'NONE',  ( -245.1419891084919982, 444.4444399999999860, 7.763188728607102185 ) ) ;
#2265 = CARTESIAN_POINT ( 'NONE',  ( -268.3117575011437452, 533.3333280000000514, 8.318369645160963444 ) ) ;
#2266 = EDGE_LOOP ( 'NONE', ( #443, #825, #1007 ) ) ;
#2267 = ORIENTED_EDGE ( 'NONE', *, *, #2927, .T. ) ;
#2268 = CARTESIAN_POINT ( 'NONE',  ( -246.7979172724595287, 444.4444399999999860, 7.686970943641812326 ) ) ;
#2269 = CARTESIAN_POINT ( 'NONE',  ( -238.4144342001442567, 445.4444399999999860, 8.330081765032456786 ) ) ;
#2270 = DIRECTION ( 'NONE',  ( 0.9999510468771783955, 0.000000000000000000, 0.009894637397860178360 ) ) ;
#2271 = B_SPLINE_CURVE_WITH_KNOTS ( 'NONE', 3,
 ( #665, #1911, #3209, #2895 ),
 .UNSPECIFIED., .F., .F.,
 ( 4, 4 ),
 ( 0.9159759140963206203, 0.9207378498489078300 ),
 .UNSPECIFIED. ) ;
#2272 = AXIS2_PLACEMENT_3D ( 'NONE', #546, #3152, #1212 ) ;
#2273 = VERTEX_POINT ( 'NONE', #2369 ) ;
#2274 = VERTEX_POINT ( 'NONE', #3660 ) ;
#2275 = CARTESIAN_POINT ( 'NONE',  ( -133.9566291355076544, 445.4444399999999860, 9.286974893465000491 ) ) ;
#2276 = CARTESIAN_POINT ( 'NONE',  ( -265.8557205421093954, 449.4444400000003839, 6.670256816194784832 ) ) ;
#2277 = AXIS2_PLACEMENT_3D ( 'NONE', #606, #2284, #15 ) ;
#2278 = EDGE_LOOP ( 'NONE', ( #765, #3047, #933, #1910 ) ) ;
#2279 = ORIENTED_EDGE ( 'NONE', *, *, #3218, .T. ) ;
#2280 = AXIS2_PLACEMENT_3D ( 'NONE', #2119, #2763, #538 ) ;
#2281 = CARTESIAN_POINT ( 'NONE',  ( 0.2058083609810148762, 449.4444399999999860, 7.652639097638684440 ) ) ;
#2282 = EDGE_CURVE ( 'NONE', #715, #1555, #737, .T. ) ;
#2283 = EDGE_CURVE ( 'NONE', #3914, #1946, #2752, .T. ) ;
#2284 = DIRECTION ( 'NONE',  ( -0.6692348086727524237, 0.000000000000000000, 0.7430509880625585373 ) ) ;
#2285 = CIRCLE ( 'NONE', #2563, 10.79999999999999005 ) ;
#2286 = PRESENTATION_STYLE_ASSIGNMENT (( #2244 ) ) ;
#2287 = PLANE ( 'NONE',  #1337 ) ;
#2288 = EDGE_CURVE ( 'NONE', #2095, #1547, #802, .T. ) ;
#2289 = VERTEX_POINT ( 'NONE', #1360 ) ;
#2290 = DIRECTION ( 'NONE',  ( -0.6888675014067497937, 0.000000000000000000, -0.7248872777926383959 ) ) ;
#2291 = CARTESIAN_POINT ( 'NONE',  ( -280.3490536555165136, 444.4444400000000428, 2.537585519907651133 ) ) ;
#2292 = EDGE_LOOP ( 'NONE', ( #1573, #1578, #2210, #3624, #3125, #3560, #202, #3206 ) ) ;
#2293 = ORIENTED_EDGE ( 'NONE', *, *, #2263, .T. ) ;
#2294 = CARTESIAN_POINT ( 'NONE',  ( -247.4112030334045471, 449.4444399999999860, 10.26930581630611883 ) ) ;
#2295 = FACE_OUTER_BOUND ( 'NONE', #1233, .T. ) ;
#2296 = LINE ( 'NONE', #2251, #413 ) ;
#2297 = ORIENTED_EDGE ( 'NONE', *, *, #579, .F. ) ;
#2298 = DIRECTION ( 'NONE',  ( -0.02688405537843112716, 0.000000000000000000, -0.9996385584632124788 ) ) ;
#2299 = DIRECTION ( 'NONE',  ( 0.9869698889881115544, -0.000000000000000000, 0.1609050596805300382 ) ) ;
#2300 = EDGE_LOOP ( 'NONE', ( #2526, #2455, #2603, #1909, #1265, #3070, #4054, #1686, #1129, #101, #657, #1761, #2511, #1624, #1224, #2380, #1878, #459, #1108, #1, #2755, #1023, #649, #312, #2629, #876, #2293, #1786, #3532, #2615, #2253, #4050, #1285, #1829, #494, #1599, #2912, #2718, #168, #2464, #2413, #2297, #3154 ) ) ;
#2301 = ORIENTED_EDGE ( 'NONE', *, *, #2040, .F. ) ;
#2302 = CARTESIAN_POINT ( 'NONE',  ( -190.2778826472211335, 444.4444399999999860, 21.11138721320716627 ) ) ;
#2303 = CARTESIAN_POINT ( 'NONE',  ( -113.6756979680784383, 449.4444399999999860, 3.057168747125811770 ) ) ;
#2304 = VECTOR ( 'NONE', #3213, 1000.000000000000000 ) ;
#2305 = CARTESIAN_POINT ( 'NONE',  ( -189.7936300697764409, 444.4444399999998723, 21.18474622708733079 ) ) ;
#2306 = CARTESIAN_POINT ( 'NONE',  ( -260.8576000477226557, 449.4444399999999860, 7.086686038297429491 ) ) ;
#2307 = CARTESIAN_POINT ( 'NONE',  ( -274.6155771348952044, 444.4444400000000428, 2.997052627295858418 ) ) ;
#2308 = VECTOR ( 'NONE', #3928, 1000.000000000000000 ) ;
#2309 = EDGE_CURVE ( 'NONE', #893, #1398, #1080, .T. ) ;
#2310 = ORIENTED_EDGE ( 'NONE', *, *, #1455, .F. ) ;
#2311 = LINE ( 'NONE', #3672, #2618 ) ;
#2312 = LINE ( 'NONE', #1580, #3186 ) ;
#2313 = LINE ( 'NONE', #989, #2338 ) ;
#2314 = EDGE_CURVE ( 'NONE', #3129, #1173, #251, .T. ) ;
#2315 = VERTEX_POINT ( 'NONE', #2816 ) ;
#2316 = B_SPLINE_SURFACE_WITH_KNOTS ( 'NONE', 13, 1, ( 
 ( #524, #2500 ),
 ( #166, #2200 ),
 ( #1852, #3109 ),
 ( #3496, #256 ),
 ( #873, #1141 ),
 ( #234, #1162 ),
 ( #1557, #4155 ),
 ( #2772, #4068 ),
 ( #209, #1232 ),
 ( #2129, #2545 ),
 ( #3430, #2454 ),
 ( #823, #3740 ),
 ( #502, #1807 ),
 ( #3837, #1489 ) ),
 .UNSPECIFIED., .F., .F., .F.,
 ( 14, 14 ),
 ( 2, 2 ),
 ( 0.9375780134711824143, 1.000000000000000000 ),
 ( 0.000000000000000000, 1.000000000000000000 ),
 .UNSPECIFIED. ) ;
#2317 = CARTESIAN_POINT ( 'NONE',  ( -282.6978133708466316, 533.3333280000000514, 5.318962716709643601 ) ) ;
#2318 = CARTESIAN_POINT ( 'NONE',  ( -221.3618791128721455, 449.4444399999999860, 15.72469533518087559 ) ) ;
#2319 = ORIENTED_EDGE ( 'NONE', *, *, #685, .F. ) ;
#2320 = ORIENTED_EDGE ( 'NONE', *, *, #1727, .F. ) ;
#2321 = CARTESIAN_POINT ( 'NONE',  ( -188.9322783967795090, 445.4444399999999860, 21.31370094711495966 ) ) ;
#2322 = LINE ( 'NONE', #1293, #1519 ) ;
#2323 = DIRECTION ( 'NONE',  ( 0.7248872777926389510, 0.000000000000000000, -0.6888675014067492386 ) ) ;
#2324 = LINE ( 'NONE', #1713, #717 ) ;
#2325 = DIRECTION ( 'NONE',  ( 0.001877162694616514409, 0.000000000000000000, -0.9999982381285568156 ) ) ;
#2326 = ORIENTED_EDGE ( 'NONE', *, *, #2541, .F. ) ;
#2327 = EDGE_LOOP ( 'NONE', ( #65, #3645, #47, #2463, #4190 ) ) ;
#2328 = B_SPLINE_CURVE_WITH_KNOTS ( 'NONE', 3,
 ( #3927, #4016, #1776, #1735 ),
 .UNSPECIFIED., .F., .F.,
 ( 4, 4 ),
 ( 0.1147249827450547016, 0.1160354663420340854 ),
 .UNSPECIFIED. ) ;
#2329 = EDGE_CURVE ( 'NONE', #2688, #2216, #3406, .T. ) ;
#2330 = DIRECTION ( 'NONE',  ( 0.7248872777926403943, 0.000000000000000000, -0.6888675014067476843 ) ) ;
#2331 = CARTESIAN_POINT ( 'NONE',  ( -178.1626288332153081, 444.4444399999999860, 22.83150142084994982 ) ) ;
#2332 = VERTEX_POINT ( 'NONE', #2525 ) ;
#2333 = CARTESIAN_POINT ( 'NONE',  ( -257.1713895207026894, 444.4444399999999860, 7.153931681131421527 ) ) ;
#2334 = ADVANCED_FACE ( 'NONE', ( #189 ), #3474, .T. ) ;
#2335 = DIRECTION ( 'NONE',  ( -0.9996385584632013765, 0.000000000000000000, 0.02688405537884490035 ) ) ;
#2336 = VERTEX_POINT ( 'NONE', #1784 ) ;
#2337 = DIRECTION ( 'NONE',  ( 0.02688405537825821687, 0.000000000000000000, 0.9996385584632171417 ) ) ;
#2338 = VECTOR ( 'NONE', #46, 1000.000000000000114 ) ;
#2339 = CARTESIAN_POINT ( 'NONE',  ( -238.2652901195033621, 444.4444399999999291, 8.067388918634684103 ) ) ;
#2340 = FACE_OUTER_BOUND ( 'NONE', #1452, .T. ) ;
#2341 = AXIS2_PLACEMENT_3D ( 'NONE', #3060, #1414, #358 ) ;
#2342 = CARTESIAN_POINT ( 'NONE',  ( -182.6146439342225563, 449.4444400000000996, 22.26316326372818821 ) ) ;
#2343 = CIRCLE ( 'NONE', #26, 5.124999999999997335 ) ;
#2344 = DIRECTION ( 'NONE',  ( 0.6888675014067500157, 0.000000000000000000, 0.7248872777926381739 ) ) ;
#2345 = ORIENTED_EDGE ( 'NONE', *, *, #3555, .F. ) ;
#2346 = VECTOR ( 'NONE', #3911, 1000.000000000000000 ) ;
#2347 = VERTEX_POINT ( 'NONE', #477 ) ;
#2348 = CARTESIAN_POINT ( 'NONE',  ( -205.3602212599696202, 445.4444399999999860, 18.09482247956828971 ) ) ;
#2349 = LINE ( 'NONE', #1379, #3219 ) ;
#2350 = EDGE_CURVE ( 'NONE', #1937, #1001, #1186, .T. ) ;
#2351 = ORIENTED_EDGE ( 'NONE', *, *, #2457, .F. ) ;
#2352 = CARTESIAN_POINT ( 'NONE',  ( -274.7847390683608069, 444.4444400000000428, 7.475225214956181752 ) ) ;
#2353 = CARTESIAN_POINT ( 'NONE',  ( -269.3505351003591954, 533.3333280000000514, 8.883550396804281490 ) ) ;
#2354 = DIRECTION ( 'NONE',  ( -0.7248872777926401723, 0.000000000000000000, 0.6888675014067479063 ) ) ;
#2355 = ADVANCED_FACE ( 'NONE', ( #895 ), #1534, .F. ) ;
#2356 = VERTEX_POINT ( 'NONE', #568 ) ;
#2357 = CARTESIAN_POINT ( 'NONE',  ( -282.4215676321936712, 533.3333280000000514, 1.563290642043225098 ) ) ;
#2358 = CARTESIAN_POINT ( 'NONE',  ( -122.1786715887304240, 444.4444399999999291, 8.123971859965809728 ) ) ;
#2359 = CARTESIAN_POINT ( 'NONE',  ( -258.7028822036019164, 444.4444399999999860, -42.17616278367351867 ) ) ;
#2360 = ADVANCED_FACE ( 'NONE', ( #3175 ), #2316, .F. ) ;
#2361 = EDGE_CURVE ( 'NONE', #478, #548, #2793, .T. ) ;
#2362 = CARTESIAN_POINT ( 'NONE',  ( -113.0233135672802547, 449.4444400000000428, 27.31498970425841577 ) ) ;
#2363 = VECTOR ( 'NONE', #3938, 1000.000000000000000 ) ;
#2364 = CARTESIAN_POINT ( 'NONE',  ( -192.5000000000002274, 445.4444399999999860, 15.15093237103806700 ) ) ;
#2365 = VECTOR ( 'NONE', #4126, 1000.000000000000114 ) ;
#2366 = ORIENTED_EDGE ( 'NONE', *, *, #1361, .T. ) ;
#2367 = VECTOR ( 'NONE', #698, 1000.000000000000000 ) ;
#2368 = FACE_OUTER_BOUND ( 'NONE', #2641, .T. ) ;
#2369 = CARTESIAN_POINT ( 'NONE',  ( -257.1160311369277451, 445.4444399999999860, 7.991938233640874856 ) ) ;
#2370 = ORIENTED_EDGE ( 'NONE', *, *, #12, .F. ) ;
#2371 = ORIENTED_EDGE ( 'NONE', *, *, #1199, .T. ) ;
#2372 = DIRECTION ( 'NONE',  ( -0.000000000000000000, -1.000000000000000000, -0.000000000000000000 ) ) ;
#2373 = CARTESIAN_POINT ( 'NONE',  ( -113.8284090695291866, 449.4444400000003839, 28.12009005537209205 ) ) ;
#2374 = DIRECTION ( 'NONE',  ( 0.9999423315618068964, 0.000000000000000000, -0.01073934591757915065 ) ) ;
#2375 = ORIENTED_EDGE ( 'NONE', *, *, #776, .T. ) ;
#2376 = CARTESIAN_POINT ( 'NONE',  ( -114.4828442445582226, 444.4444399999999860, 27.32352736051250730 ) ) ;
#2377 = LINE ( 'NONE', #1034, #1317 ) ;
#2378 = DIRECTION ( 'NONE',  ( 0.000000000000000000, 1.000000000000000000, -0.000000000000000000 ) ) ;
#2379 = EDGE_CURVE ( 'NONE', #778, #485, #849, .T. ) ;
#2380 = ORIENTED_EDGE ( 'NONE', *, *, #2518, .T. ) ;
#2381 = DIRECTION ( 'NONE',  ( -0.02688405537825763400, 0.000000000000000000, -0.9996385584632171417 ) ) ;
#2382 = FACE_OUTER_BOUND ( 'NONE', #592, .T. ) ;
#2383 = ADVANCED_FACE ( 'NONE', ( #3132 ), #3946, .T. ) ;
#2384 = LINE ( 'NONE', #96, #2436 ) ;
#2385 = ORIENTED_EDGE ( 'NONE', *, *, #701, .F. ) ;
#2386 = CARTESIAN_POINT ( 'NONE',  ( -83.70945874278774568, 445.4444399999999860, 79.54992100821259271 ) ) ;
#2387 = CARTESIAN_POINT ( 'NONE',  ( -214.1361376603798305, 445.4444399999999860, 8.860027491220346718 ) ) ;
#2388 = ORIENTED_EDGE ( 'NONE', *, *, #110, .F. ) ;
#2389 = ORIENTED_EDGE ( 'NONE', *, *, #3003, .F. ) ;
#2390 = B_SPLINE_CURVE_WITH_KNOTS ( 'NONE', 13,
 ( #560, #540, #1847, #2516, #3808, #934, #3145, #2537, #248, #3512, #886, #1503, #1893, #203 ),
 .UNSPECIFIED., .F., .F.,
 ( 14, 14 ),
 ( 0.9375780134687023981, 1.000000000000000000 ),
 .UNSPECIFIED. ) ;
#2391 = CARTESIAN_POINT ( 'NONE',  ( -164.3945645426477427, 444.4444399999999860, 9.632322640913395517 ) ) ;
#2392 = FACE_OUTER_BOUND ( 'NONE', #2988, .T. ) ;
#2393 = CARTESIAN_POINT ( 'NONE',  ( -205.3602212599696202, 444.4444399999999860, 18.09482247956828971 ) ) ;
#2394 = VERTEX_POINT ( 'NONE', #1980 ) ;
#2395 = LINE ( 'NONE', #3034, #383 ) ;
#2396 = CARTESIAN_POINT ( 'NONE',  ( -115.5180971449263865, 533.3333280000000514, 7.824897445543880004 ) ) ;
#2397 = CARTESIAN_POINT ( 'NONE',  ( -251.8022909279662542, 445.4444399999999860, 7.942175760401747553 ) ) ;
#2398 = CARTESIAN_POINT ( 'NONE',  ( -265.3338636067449556, 533.3333280000000514, 6.801727551363130786 ) ) ;
#2399 = AXIS2_PLACEMENT_3D ( 'NONE', #1041, #1100, #435 ) ;
#2400 = EDGE_CURVE ( 'NONE', #2818, #3198, #654, .T. ) ;
#2401 = EDGE_CURVE ( 'NONE', #1464, #2356, #20, .T. ) ;
#2402 = EDGE_LOOP ( 'NONE', ( #2852, #1103, #2203, #290 ) ) ;
#2403 = CARTESIAN_POINT ( 'NONE',  ( -204.8832445304088310, 445.4444399999999860, 18.74516666487845029 ) ) ;
#2404 = CIRCLE ( 'NONE', #2953, 9.999999999999991118 ) ;
#2405 = CARTESIAN_POINT ( 'NONE',  ( -194.9083746375344788, 449.4444399999999860, 9.302397801995864413 ) ) ;
#2406 = EDGE_LOOP ( 'NONE', ( #2480, #2918, #2906, #3546, #2873, #97, #1420, #210, #4211, #2740, #2180, #1701, #338, #197, #1457, #3241, #3887, #566, #174, #2759, #1380, #2211, #1027, #3699 ) ) ;
#2407 = EDGE_CURVE ( 'NONE', #2878, #2289, #3448, .T. ) ;
#2408 = VECTOR ( 'NONE', #666, 1000.000000000000000 ) ;
#2409 = LINE ( 'NONE', #80, #3191 ) ;
#2410 = FACE_OUTER_BOUND ( 'NONE', #3684, .T. ) ;
#2411 = ORIENTED_EDGE ( 'NONE', *, *, #3322, .T. ) ;
#2412 = EDGE_CURVE ( 'NONE', #3096, #485, #79, .T. ) ;
#2413 = ORIENTED_EDGE ( 'NONE', *, *, #2009, .F. ) ;
#2414 = FACE_BOUND ( 'NONE', #3511, .T. ) ;
#2415 = CARTESIAN_POINT ( 'NONE',  ( -113.8284090695291866, 444.4444400000003270, 28.12009005537209205 ) ) ;
#2416 = CARTESIAN_POINT ( 'NONE',  ( -88.41564499545332012, 444.4444399999999860, -93.03875721260200748 ) ) ;
#2417 = ORIENTED_EDGE ( 'NONE', *, *, #1287, .F. ) ;
#2418 = ORIENTED_EDGE ( 'NONE', *, *, #871, .F. ) ;
#2419 = PLANE ( 'NONE',  #3323 ) ;
#2420 = DIRECTION ( 'NONE',  ( 0.000000000000000000, 0.000000000000000000, -1.000000000000000000 ) ) ;
#2421 = FACE_OUTER_BOUND ( 'NONE', #191, .T. ) ;
#2422 = EDGE_LOOP ( 'NONE', ( #1841, #1642, #3375 ) ) ;
#2423 = DIRECTION ( 'NONE',  ( 0.6888675014067503488, 0.000000000000000000, 0.7248872777926378408 ) ) ;
#2424 = ORIENTED_EDGE ( 'NONE', *, *, #1720, .F. ) ;
#2425 = DIRECTION ( 'NONE',  ( 0.6888675014067485725, 0.000000000000000000, 0.7248872777926395061 ) ) ;
#2426 = CARTESIAN_POINT ( 'NONE',  ( -255.0045289145436698, 445.4444399999999860, 8.494121269285683340 ) ) ;
#2427 = ORIENTED_EDGE ( 'NONE', *, *, #2981, .F. ) ;
#2428 = VECTOR ( 'NONE', #855, 1000.000000000000000 ) ;
#2429 = AXIS2_PLACEMENT_3D ( 'NONE', #314, #249, #1612 ) ;
#2430 = CARTESIAN_POINT ( 'NONE',  ( -251.1237328128930812, 445.4444399999999860, 7.476682415742227583 ) ) ;
#2431 = EDGE_CURVE ( 'NONE', #2185, #4135, #2590, .T. ) ;
#2432 = CARTESIAN_POINT ( 'NONE',  ( -249.0161520889757014, 445.4444399999999860, 9.374891832313954509 ) ) ;
#2433 = ORIENTED_EDGE ( 'NONE', *, *, #948, .F. ) ;
#2434 = ORIENTED_EDGE ( 'NONE', *, *, #2624, .F. ) ;
#2435 = ORIENTED_EDGE ( 'NONE', *, *, #584, .F. ) ;
#2436 = VECTOR ( 'NONE', #394, 1000.000000000000000 ) ;
#2437 = DIRECTION ( 'NONE',  ( 0.000000000000000000, 0.000000000000000000, 1.000000000000000000 ) ) ;
#2438 = DIRECTION ( 'NONE',  ( -0.8419453725790534415, 0.000000000000000000, 0.5395627763223839191 ) ) ;
#2439 = ADVANCED_FACE ( 'NONE', ( #2968 ), #3303, .T. ) ;
#2440 = CARTESIAN_POINT ( 'NONE',  ( -108.8166162379600479, 445.4444399999999860, 90.82587009885537555 ) ) ;
#2441 = ORIENTED_EDGE ( 'NONE', *, *, #1139, .T. ) ;
#2442 = ORIENTED_EDGE ( 'NONE', *, *, #1648, .F. ) ;
#2443 = LINE ( 'NONE', #175, #4063 ) ;
#2444 = SHAPE_DEFINITION_REPRESENTATION ( #4115, #224 ) ;
#2445 = CARTESIAN_POINT ( 'NONE',  ( -260.6240663350685622, 444.4444399999999291, 6.159236989585846977 ) ) ;
#2446 = DIRECTION ( 'NONE',  ( 0.000000000000000000, -1.000000000000000000, 0.000000000000000000 ) ) ;
#2447 = ORIENTED_EDGE ( 'NONE', *, *, #2624, .T. ) ;
#2448 = CARTESIAN_POINT ( 'NONE',  ( 0.5721654584183536452, 445.4444399999999860, 21.27501398164558211 ) ) ;
#2449 = FACE_OUTER_BOUND ( 'NONE', #1885, .T. ) ;
#2450 = CARTESIAN_POINT ( 'NONE',  ( -164.3945645426477427, 445.4444399999999860, 9.632322640913395517 ) ) ;
#2451 = ORIENTED_EDGE ( 'NONE', *, *, #806, .F. ) ;
#2452 = ORIENTED_EDGE ( 'NONE', *, *, #3783, .F. ) ;
#2453 = LINE ( 'NONE', #567, #664 ) ;
#2454 = CARTESIAN_POINT ( 'NONE',  ( -292.8379051518247138, 444.4444400000000428, 0.5759372686756060178 ) ) ;
#2455 = ORIENTED_EDGE ( 'NONE', *, *, #1329, .F. ) ;
#2456 = VERTEX_POINT ( 'NONE', #2609 ) ;
#2457 = EDGE_CURVE ( 'NONE', #1070, #142, #2669, .T. ) ;
#2458 = EDGE_CURVE ( 'NONE', #922, #1558, #694, .T. ) ;
#2459 = CARTESIAN_POINT ( 'NONE',  ( -228.1328149181576350, 445.4444399999999860, 8.432706753226261398 ) ) ;
#2460 = DIRECTION ( 'NONE',  ( 0.9697008434041692881, -0.000000000000000000, 0.2442954651671675748 ) ) ;
#2461 = CARTESIAN_POINT ( 'NONE',  ( -264.2871590456990702, 533.3333280000000514, 7.064132261342629171 ) ) ;
#2462 = CARTESIAN_POINT ( 'NONE',  ( -248.5104516239174757, 445.4444399999999860, 10.00099284819229695 ) ) ;
#2463 = ORIENTED_EDGE ( 'NONE', *, *, #76, .T. ) ;
#2464 = ORIENTED_EDGE ( 'NONE', *, *, #4153, .F. ) ;
#2465 = CARTESIAN_POINT ( 'NONE',  ( -132.0558163129703644, 444.4444399999999860, 26.96303150527401016 ) ) ;
#2466 = ADVANCED_FACE ( 'NONE', ( #3309 ), #1355, .F. ) ;
#2467 = CARTESIAN_POINT ( 'NONE',  ( -252.2572995699170519, 533.3333280000000514, 6.637396135036491174 ) ) ;
#2468 = FACE_OUTER_BOUND ( 'NONE', #598, .T. ) ;
#2469 = ORIENTED_EDGE ( 'NONE', *, *, #132, .T. ) ;
#2470 = PLANE ( 'NONE',  #3652 ) ;
#2471 = FACE_OUTER_BOUND ( 'NONE', #687, .T. ) ;
#2472 = CARTESIAN_POINT ( 'NONE',  ( -186.6071088486877159, 444.4444399999999860, 17.44863968024492351 ) ) ;
#2473 = VECTOR ( 'NONE', #1659, 1000.000000000000000 ) ;
#2474 = ORIENTED_EDGE ( 'NONE', *, *, #16, .T. ) ;
#2475 = VECTOR ( 'NONE', #637, 1000.000000000000000 ) ;
#2476 = CARTESIAN_POINT ( 'NONE',  ( -195.7615093375165713, 445.4444399999999291, 9.286246075435920844 ) ) ;
#2477 = CARTESIAN_POINT ( 'NONE',  ( -267.1688184859924604, 533.3333280000000514, 8.607714735570329623 ) ) ;
#2478 = VECTOR ( 'NONE', #328, 1000.000000000000114 ) ;
#2479 = ORIENTED_EDGE ( 'NONE', *, *, #4049, .T. ) ;
#2480 = ORIENTED_EDGE ( 'NONE', *, *, #749, .F. ) ;
#2481 = CARTESIAN_POINT ( 'NONE',  ( -122.1786715887304240, 444.4444399999999860, 8.123971859965809728 ) ) ;
#2482 = LINE ( 'NONE', #3457, #2621 ) ;
#2483 = VECTOR ( 'NONE', #2013, 1000.000000000000000 ) ;
#2484 = CARTESIAN_POINT ( 'NONE',  ( -292.2377533026771061, 444.4444399999999860, 1.650914772662632979 ) ) ;
#2485 = CARTESIAN_POINT ( 'NONE',  ( -290.1850476729546244, 533.3333280000000514, 2.279926096537435498 ) ) ;
#2486 = ADVANCED_FACE ( 'NONE', ( #2987 ), #2520, .F. ) ;
#2487 = ORIENTED_EDGE ( 'NONE', *, *, #2989, .T. ) ;
#2488 = ORIENTED_EDGE ( 'NONE', *, *, #4149, .T. ) ;
#2489 = PLANE ( 'NONE',  #2644 ) ;
#2490 = CARTESIAN_POINT ( 'NONE',  ( -252.2572995699170519, 444.4444399999999291, 6.637396135036491174 ) ) ;
#2491 = CARTESIAN_POINT ( 'NONE',  ( -240.4740987400201675, 444.4444399999999860, 11.79161982744702719 ) ) ;
#2492 = EDGE_CURVE ( 'NONE', #2315, #1645, #879, .T. ) ;
#2493 = EDGE_LOOP ( 'NONE', ( #771, #3985, #2549, #1982, #1124, #1611, #1808, #1630, #521, #3580, #3520, #128 ) ) ;
#2494 = CARTESIAN_POINT ( 'NONE',  ( -221.7485988274909232, 445.4444399999999291, 15.64968277326617141 ) ) ;
#2495 = CARTESIAN_POINT ( 'NONE',  ( -123.0258495498963782, 449.4444399999999860, 8.956862106542860857 ) ) ;
#2496 = PLANE ( 'NONE',  #2638 ) ;
#2497 = EDGE_CURVE ( 'NONE', #504, #548, #2125, .T. ) ;
#2498 = ORIENTED_EDGE ( 'NONE', *, *, #269, .F. ) ;
#2499 = DIRECTION ( 'NONE',  ( -0.7248872777926388400, 0.000000000000000000, 0.6888675014067493496 ) ) ;
#2500 = CARTESIAN_POINT ( 'NONE',  ( -265.5219321234511085, 444.4444400000000428, 2.837808823346377185 ) ) ;
#2501 = AXIS2_PLACEMENT_3D ( 'NONE', #1704, #2354, #442 ) ;
#2502 = ORIENTED_EDGE ( 'NONE', *, *, #1431, .F. ) ;
#2503 = ORIENTED_EDGE ( 'NONE', *, *, #2933, .F. ) ;
#2504 = CARTESIAN_POINT ( 'NONE',  ( -222.8468073653594104, 444.4444399999999860, 7.840947217310170636 ) ) ;
#2505 = CARTESIAN_POINT ( 'NONE',  ( -265.8557205421092817, 449.4444399999999860, 6.670256816194243932 ) ) ;
#2506 = VECTOR ( 'NONE', #3194, 1000.000000000000000 ) ;
#2507 = DIRECTION ( 'NONE',  ( 0.000000000000000000, -1.000000000000000000, 0.000000000000000000 ) ) ;
#2508 = LINE ( 'NONE', #532, #4102 ) ;
#2509 = ORIENTED_EDGE ( 'NONE', *, *, #602, .T. ) ;
#2510 = VECTOR ( 'NONE', #1755, 1000.000000000000114 ) ;
#2511 = ORIENTED_EDGE ( 'NONE', *, *, #2014, .T. ) ;
#2512 = CARTESIAN_POINT ( 'NONE',  ( -200.4954640087551923, 533.3333280000000514, 8.438484520300974623 ) ) ;
#2513 = CARTESIAN_POINT ( 'NONE',  ( -100.5082599175125608, 445.4444399999999860, 23.99344829018408731 ) ) ;
#2514 = VECTOR ( 'NONE', #188, 1000.000000000000114 ) ;
#2515 = ORIENTED_EDGE ( 'NONE', *, *, #4189, .F. ) ;
#2516 = CARTESIAN_POINT ( 'NONE',  ( -274.1238790086579797, 444.4444399999999860, 2.239275516313835368 ) ) ;
#2517 = LINE ( 'NONE', #3809, #2640 ) ;
#2518 = EDGE_CURVE ( 'NONE', #3823, #3824, #1238, .T. ) ;
#2519 = CARTESIAN_POINT ( 'NONE',  ( -183.6884954526167348, 449.4444399999999860, 9.492861711846627415 ) ) ;
#2520 = B_SPLINE_SURFACE_WITH_KNOTS ( 'NONE', 3, 1, ( 
 ( #828, #809 ),
 ( #2842, #2136 ),
 ( #2461, #2779 ),
 ( #3503, #1471 ),
 ( #2822, #4074 ),
 ( #3411, #1147 ) ),
 .UNSPECIFIED., .F., .F., .F.,
 ( 4, 1, 1, 4 ),
 ( 2, 2 ),
 ( 0.03891155862395574011, 0.04061555485877392513, 0.04231955109358285366, 0.04416555291674007649 ),
 ( 0.000000000000000000, 1.000000000000000000 ),
 .UNSPECIFIED. ) ;
#2521 = CARTESIAN_POINT ( 'NONE',  ( -206.8723631714094893, 444.4444399999999291, 18.40016975186258463 ) ) ;
#2522 = EDGE_LOOP ( 'NONE', ( #3779, #3613, #3380, #1706 ) ) ;
#2523 = EDGE_CURVE ( 'NONE', #1179, #2885, #2053, .T. ) ;
#2524 = CARTESIAN_POINT ( 'NONE',  ( -87.86455099432787108, 444.4444399999999860, -92.45884739036793576 ) ) ;
#2525 = CARTESIAN_POINT ( 'NONE',  ( -176.9634105113533451, 444.4444399999999860, 22.91643466139867513 ) ) ;
#2526 = ORIENTED_EDGE ( 'NONE', *, *, #845, .F. ) ;
#2527 = ORIENTED_EDGE ( 'NONE', *, *, #3475, .T. ) ;
#2528 = CARTESIAN_POINT ( 'NONE',  ( -265.7189512413806938, 444.4444399999999860, 5.831332410554418644 ) ) ;
#2529 = CARTESIAN_POINT ( 'NONE',  ( -233.7501719711009400, 445.4444399999999860, 12.65756759363638473 ) ) ;
#2530 = DIRECTION ( 'NONE',  ( 0.7248872777926366195, 0.000000000000000000, -0.6888675014067514590 ) ) ;
#2531 = DIRECTION ( 'NONE',  ( -0.000000000000000000, -1.000000000000000000, -0.000000000000000000 ) ) ;
#2532 = VERTEX_POINT ( 'NONE', #3480 ) ;
#2533 = ORIENTED_EDGE ( 'NONE', *, *, #2256, .T. ) ;
#2534 = CARTESIAN_POINT ( 'NONE',  ( -101.3232182224359406, 445.4444399999999860, 24.01536559620939926 ) ) ;
#2535 = CARTESIAN_POINT ( 'NONE',  ( 0.000000000000000000, 449.4444399999999860, 0.000000000000000000 ) ) ;
#2536 = VERTEX_POINT ( 'NONE', #1191 ) ;
#2537 = CARTESIAN_POINT ( 'NONE',  ( -285.1034899455572713, 444.4444399999999860, 1.323141469673185799 ) ) ;
#2538 = DIRECTION ( 'NONE',  ( 0.000000000000000000, 0.000000000000000000, 1.000000000000000000 ) ) ;
#2539 = CARTESIAN_POINT ( 'NONE',  ( -129.4660814831984226, 444.4444400000000428, 9.165747756566894111 ) ) ;
#2540 = CARTESIAN_POINT ( 'NONE',  ( -253.3352003232435834, 444.4444399999999860, 8.886827556359119029 ) ) ;
#2541 = EDGE_CURVE ( 'NONE', #2289, #3665, #507, .T. ) ;
#2542 = EDGE_CURVE ( 'NONE', #2864, #3224, #263, .T. ) ;
#2543 = ORIENTED_EDGE ( 'NONE', *, *, #2350, .T. ) ;
#2544 = CARTESIAN_POINT ( 'NONE',  ( -87.86455099432787108, 445.4444399999999860, -92.45884739036793576 ) ) ;
#2545 = CARTESIAN_POINT ( 'NONE',  ( -290.3163669971457921, 444.4444400000000428, 0.8276152839012187457 ) ) ;
#2546 = EDGE_CURVE ( 'NONE', #3803, #2248, #4218, .T. ) ;
#2547 = ORIENTED_EDGE ( 'NONE', *, *, #972, .T. ) ;
#2548 = VECTOR ( 'NONE', #3544, 1000.000000000000114 ) ;
#2549 = ORIENTED_EDGE ( 'NONE', *, *, #2541, .T. ) ;
#2550 = DIRECTION ( 'NONE',  ( 0.000000000000000000, 0.000000000000000000, -1.000000000000000000 ) ) ;
#2551 = CARTESIAN_POINT ( 'NONE',  ( -266.5147033832301418, 533.3333280000000514, 5.740492526924503736 ) ) ;
#2552 = CARTESIAN_POINT ( 'NONE',  ( -214.1361376603798305, 445.4444399999999860, 8.860027491220346718 ) ) ;
#2553 = CARTESIAN_POINT ( 'NONE',  ( -267.5579742966421577, 444.4444399999999860, 3.504036228200401393 ) ) ;
#2554 = VECTOR ( 'NONE', #1045, 1000.000000000000227 ) ;
#2555 = EDGE_CURVE ( 'NONE', #1135, #1874, #4140, .T. ) ;
#2556 = ADVANCED_FACE ( 'NONE', ( #2799 ), #2183, .F. ) ;
#2557 = EDGE_LOOP ( 'NONE', ( #3185, #3066, #61, #811, #2020, #850, #1740, #1172, #1687, #2138, #3658, #3743, #3947, #287, #1943, #1240, #3133, #2442, #1748, #1723, #4085, #2736, #1536, #325, #897, #3897, #1520, #1060, #3886, #1016, #2109, #3586 ) ) ;
#2558 = VERTEX_POINT ( 'NONE', #1168 ) ;
#2559 = VECTOR ( 'NONE', #3627, 1000.000000000000114 ) ;
#2560 = B_SPLINE_SURFACE_WITH_KNOTS ( 'NONE', 3, 1, ( 
 ( #3673, #2000 ),
 ( #3021, #4018 ),
 ( #75, #751 ),
 ( #3692, #2056 ),
 ( #430, #3280 ),
 ( #714, #3308 ),
 ( #1373, #1335 ),
 ( #1677, #2986 ) ),
 .UNSPECIFIED., .F., .F., .F.,
 ( 4, 1, 1, 1, 1, 4 ),
 ( 2, 2 ),
 ( 0.7024439672986638739, 0.7171398451842925237, 0.7318357230699212845, 0.7612274788411785842, 0.7906192346124359949, 0.8189731221616529666 ),
 ( 0.000000000000000000, 1.000000000000000000 ),
 .UNSPECIFIED. ) ;
#2561 = CARTESIAN_POINT ( 'NONE',  ( -246.4103591038307002, 444.4444399999999860, 7.704962946928673340 ) ) ;
#2562 = CARTESIAN_POINT ( 'NONE',  ( -63.30337484742598519, 445.4444399999999860, 61.45559214547110116 ) ) ;
#2563 = AXIS2_PLACEMENT_3D ( 'NONE', #344, #3232, #1266 ) ;
#2564 = CARTESIAN_POINT ( 'NONE',  ( -195.1301120960158073, 445.4444399999999860, 9.398703641024599875 ) ) ;
#2565 = CARTESIAN_POINT ( 'NONE',  ( -268.4179018073645011, 533.3333280000000514, 2.647210225952845608 ) ) ;
#2566 = DIRECTION ( 'NONE',  ( 0.000000000000000000, 0.000000000000000000, -1.000000000000000000 ) ) ;
#2567 = LINE ( 'NONE', #1614, #2977 ) ;
#2568 = CARTESIAN_POINT ( 'NONE',  ( -112.7508309264629105, 449.4444399999999860, 7.689384925052574538 ) ) ;
#2569 = CARTESIAN_POINT ( 'NONE',  ( -274.6155771348952044, 533.3333280000000514, 2.997052627295858418 ) ) ;
#2570 = ORIENTED_EDGE ( 'NONE', *, *, #3268, .T. ) ;
#2571 = VERTEX_POINT ( 'NONE', #239 ) ;
#2572 = CARTESIAN_POINT ( 'NONE',  ( -190.3522683579551540, 449.4444399999999860, 21.10012339114813074 ) ) ;
#2573 = ADVANCED_FACE ( 'NONE', ( #552 ), #3776, .F. ) ;
#2574 = CARTESIAN_POINT ( 'NONE',  ( -155.5231806707886619, 444.4444399999999860, 9.623948051526827641 ) ) ;
#2575 = CARTESIAN_POINT ( 'NONE',  ( -251.1237327974606899, 444.4444399999999860, 7.476682416521709840 ) ) ;
#2576 = ORIENTED_EDGE ( 'NONE', *, *, #864, .F. ) ;
#2577 = ORIENTED_EDGE ( 'NONE', *, *, #890, .F. ) ;
#2578 = AXIS2_PLACEMENT_3D ( 'NONE', #916, #2900, #607 ) ;
#2579 = VECTOR ( 'NONE', #1976, 1000.000000000000000 ) ;
#2580 = LINE ( 'NONE', #3567, #1868 ) ;
#2581 = ADVANCED_FACE ( 'NONE', ( #531 ), #2657, .F. ) ;
#2582 = CARTESIAN_POINT ( 'NONE',  ( -174.2805248062288399, 444.4444399999999860, 23.33870612901657537 ) ) ;
#2583 = AXIS2_PLACEMENT_3D ( 'NONE', #1656, #2646, #2323 ) ;
#2584 = CARTESIAN_POINT ( 'NONE',  ( -222.1350811781414052, 445.4444399999999291, 15.57443279519618073 ) ) ;
#2585 = DIRECTION ( 'NONE',  ( -0.02646596929541375487, 0.000000000000000000, -0.9996497148847961478 ) ) ;
#2586 = CARTESIAN_POINT ( 'NONE',  ( -238.1605239462295458, 445.4444400000000428, 8.061508986391750398 ) ) ;
#2587 = AXIS2_PLACEMENT_3D ( 'NONE', #1616, #4221, #984 ) ;
#2588 = DIRECTION ( 'NONE',  ( 0.000000000000000000, 0.000000000000000000, -1.000000000000000000 ) ) ;
#2589 = PLANE ( 'NONE',  #1822 ) ;
#2590 = LINE ( 'NONE', #985, #2473 ) ;
#2591 = VERTEX_POINT ( 'NONE', #2391 ) ;
#2592 = EDGE_LOOP ( 'NONE', ( #3385, #1407, #3235, #1219 ) ) ;
#2593 = CARTESIAN_POINT ( 'NONE',  ( -260.7875091720584351, 449.4444399999999860, 7.103832978769898610 ) ) ;
#2594 = B_SPLINE_CURVE_WITH_KNOTS ( 'NONE', 3,
 ( #1227, #842, #819, #2539, #2855, #2151 ),
 .UNSPECIFIED., .F., .F.,
 ( 4, 1, 1, 4 ),
 ( 0.7038618315150659832, 0.7171398451842925237, 0.7318357230699212845, 0.7320330935912495729 ),
 .UNSPECIFIED. ) ;
#2595 = CARTESIAN_POINT ( 'NONE',  ( -100.1882357590222767, 449.4444399999999860, 10.35261402249422424 ) ) ;
#2596 = CARTESIAN_POINT ( 'NONE',  ( -65.70031221889381357, 444.4444399999999860, -69.13567613106708620 ) ) ;
#2597 = EDGE_CURVE ( 'NONE', #1816, #548, #740, .T. ) ;
#2598 = ORIENTED_EDGE ( 'NONE', *, *, #3917, .T. ) ;
#2599 = ORIENTED_EDGE ( 'NONE', *, *, #2879, .T. ) ;
#2600 = LINE ( 'NONE', #1566, #2002 ) ;
#2601 = DIRECTION ( 'NONE',  ( 0.000000000000000000, 0.000000000000000000, -1.000000000000000000 ) ) ;
#2602 = EDGE_CURVE ( 'NONE', #1734, #3307, #792, .T. ) ;
#2603 = ORIENTED_EDGE ( 'NONE', *, *, #3475, .F. ) ;
#2604 = CARTESIAN_POINT ( 'NONE',  ( -255.4287063650164100, 445.4444399999999860, 7.250587697153873634 ) ) ;
#2605 = DIRECTION ( 'NONE',  ( 0.7248872777925956523, 0.000000000000000000, -0.6888675014067946467 ) ) ;
#2606 = B_SPLINE_CURVE_WITH_KNOTS ( 'NONE', 3,
 ( #2306, #3835, #3578, #3901, #1231, #2901, #1575, #3557, #4198, #653 ),
 .UNSPECIFIED., .F., .F.,
 ( 4, 1, 1, 1, 1, 1, 1, 4 ),
 ( 0.04410003439761218946, 0.04432521835872739457, 0.04858316171247646642, 0.05825476480099724824, 0.06792636788951803006, 0.07759797097803880495, 0.09694117715508035471, 0.1088088415555528432 ),
 .UNSPECIFIED. ) ;
#2607 = DIRECTION ( 'NONE',  ( 0.000000000000000000, -1.000000000000000000, 0.000000000000000000 ) ) ;
#2608 = CARTESIAN_POINT ( 'NONE',  ( -222.1339385744326762, 445.4444399999999860, 15.90658109350743388 ) ) ;
#2609 = CARTESIAN_POINT ( 'NONE',  ( -241.7602381807121219, 445.4444399999999860, 11.50963215707266585 ) ) ;
#2610 = VERTEX_POINT ( 'NONE', #1064 ) ;
#2611 = CARTESIAN_POINT ( 'NONE',  ( -264.6795704296161489, 444.4444399999999860, 5.899739385249729295 ) ) ;
#2612 = LINE ( 'NONE', #3248, #1405 ) ;
#2613 = LINE ( 'NONE', #2948, #692 ) ;
#2614 = VECTOR ( 'NONE', #2944, 999.9999999999998863 ) ;
#2615 = ORIENTED_EDGE ( 'NONE', *, *, #3113, .F. ) ;
#2616 = DIRECTION ( 'NONE',  ( 0.000000000000000000, 0.000000000000000000, -1.000000000000000000 ) ) ;
#2617 = FACE_OUTER_BOUND ( 'NONE', #3925, .T. ) ;
#2618 = VECTOR ( 'NONE', #1756, 1000.000000000000000 ) ;
#2619 = ORIENTED_EDGE ( 'NONE', *, *, #890, .T. ) ;
#2620 = ORIENTED_EDGE ( 'NONE', *, *, #806, .T. ) ;
#2621 = VECTOR ( 'NONE', #1858, 1000.000000000000114 ) ;
#2622 = CARTESIAN_POINT ( 'NONE',  ( -196.3571183543445215, 449.4444399999999860, 20.16374226176603202 ) ) ;
#2623 = CARTESIAN_POINT ( 'NONE',  ( -192.5000000000002274, 449.4444399999999860, 15.15093237103806700 ) ) ;
#2624 = EDGE_CURVE ( 'NONE', #3614, #3741, #3680, .T. ) ;
#2625 = CARTESIAN_POINT ( 'NONE',  ( 0.2273156052836214358, 444.4444399999999860, 8.452349944409252913 ) ) ;
#2626 = ADVANCED_FACE ( 'NONE', ( #3314 ), #3331, .T. ) ;
#2627 = FACE_OUTER_BOUND ( 'NONE', #2522, .T. ) ;
#2628 = CARTESIAN_POINT ( 'NONE',  ( -195.5153179788389366, 444.4444399999999860, 9.290924107538646837 ) ) ;
#2629 = ORIENTED_EDGE ( 'NONE', *, *, #701, .T. ) ;
#2630 = ORIENTED_EDGE ( 'NONE', *, *, #625, .T. ) ;
#2631 = PLANE ( 'NONE',  #1170 ) ;
#2632 = CARTESIAN_POINT ( 'NONE',  ( -113.0233135672802547, 444.4444399999999860, 27.31498970425841932 ) ) ;
#2633 = LINE ( 'NONE', #341, #1854 ) ;
#2634 = EDGE_LOOP ( 'NONE', ( #3722, #788, #309, #528 ) ) ;
#2635 = LINE ( 'NONE', #760, #1248 ) ;
#2636 = CARTESIAN_POINT ( 'NONE',  ( -265.3338636067449556, 449.4444400000003839, 6.801727551363130786 ) ) ;
#2637 = VERTEX_POINT ( 'NONE', #721 ) ;
#2638 = AXIS2_PLACEMENT_3D ( 'NONE', #1138, #3790, #2079 ) ;
#2639 = VERTEX_POINT ( 'NONE', #1744 ) ;
#2640 = VECTOR ( 'NONE', #887, 1000.000000000000000 ) ;
#2641 = EDGE_LOOP ( 'NONE', ( #2435, #2863, #2892, #2543 ) ) ;
#2642 = CARTESIAN_POINT ( 'NONE',  ( -287.7366072063900901, 533.3333280000000514, 1.077373546353734390 ) ) ;
#2643 = CARTESIAN_POINT ( 'NONE',  ( -241.7602381807121219, 445.4444399999999860, 11.50963215707266585 ) ) ;
#2644 = AXIS2_PLACEMENT_3D ( 'NONE', #3898, #2966, #73 ) ;
#2645 = ORIENTED_EDGE ( 'NONE', *, *, #221, .T. ) ;
#2646 = DIRECTION ( 'NONE',  ( 0.6888675014067492386, 0.000000000000000000, 0.7248872777926389510 ) ) ;
#2647 = EDGE_CURVE ( 'NONE', #142, #929, #2675, .T. ) ;
#2648 = VECTOR ( 'NONE', #3735, 1000.000000000000000 ) ;
#2649 = CARTESIAN_POINT ( 'NONE',  ( -150.8221721565745383, 449.4444399999999860, 8.847120223398674099 ) ) ;
#2650 = CARTESIAN_POINT ( 'NONE',  ( -119.0667696627177463, 449.4444399999999860, 28.12804715761673791 ) ) ;
#2651 = AXIS2_PLACEMENT_3D ( 'NONE', #2544, #674, #255 ) ;
#2652 = ORIENTED_EDGE ( 'NONE', *, *, #983, .T. ) ;
#2653 = EDGE_CURVE ( 'NONE', #1532, #1937, #85, .T. ) ;
#2654 = LINE ( 'NONE', #414, #2984 ) ;
#2655 = CARTESIAN_POINT ( 'NONE',  ( -228.4276379483836479, 444.4444399999999860, 8.703131088542161109 ) ) ;
#2656 = VERTEX_POINT ( 'NONE', #419 ) ;
#2657 = B_SPLINE_SURFACE_WITH_KNOTS ( 'NONE', 13, 1, ( 
 ( #3183, #1562 ),
 ( #3137, #215 ),
 ( #1517, #2867 ),
 ( #955, #1702 ),
 ( #1083, #2712 ),
 ( #1665, #2045 ),
 ( #384, #1324 ),
 ( #2317, #1363 ),
 ( #3662, #684 ),
 ( #1009, #1988 ),
 ( #2025, #2352 ),
 ( #1725, #1345 ),
 ( #3029, #3349 ),
 ( #66, #2975 ) ),
 .UNSPECIFIED., .F., .F., .F.,
 ( 14, 14 ),
 ( 2, 2 ),
 ( 0.000000000000000000, 0.03891155862326680509 ),
 ( 0.000000000000000000, 1.000000000000000000 ),
 .UNSPECIFIED. ) ;
#2658 = CARTESIAN_POINT ( 'NONE',  ( -260.7629341021684013, 444.4444399999999291, 6.944829825278307389 ) ) ;
#2659 = CARTESIAN_POINT ( 'NONE',  ( -264.2871590456990702, 444.4444400000003270, 7.064132261342629171 ) ) ;
#2660 = ORIENTED_EDGE ( 'NONE', *, *, #3732, .F. ) ;
#2661 = CARTESIAN_POINT ( 'NONE',  ( -300.0000000000000000, 533.3333280000000514, -0.1621621621621254228 ) ) ;
#2662 = PLANE ( 'NONE',  #1722 ) ;
#2663 = LINE ( 'NONE', #3669, #3974 ) ;
#2664 = CARTESIAN_POINT ( 'NONE',  ( -114.4828442445582226, 449.4444400000000428, 27.32352736051250730 ) ) ;
#2665 = ORIENTED_EDGE ( 'NONE', *, *, #516, .T. ) ;
#2666 = PLANE ( 'NONE',  #3518 ) ;
#2667 = EDGE_CURVE ( 'NONE', #1001, #192, #365, .T. ) ;
#2668 = EDGE_CURVE ( 'NONE', #2801, #1619, #153, .T. ) ;
#2669 = LINE ( 'NONE', #59, #623 ) ;
#2670 = LINE ( 'NONE', #412, #1200 ) ;
#2671 = CARTESIAN_POINT ( 'NONE',  ( -253.3352003232437539, 445.4444399999999860, 8.886827556359165214 ) ) ;
#2672 = EDGE_CURVE ( 'NONE', #1787, #1660, #3608, .T. ) ;
#2673 = CARTESIAN_POINT ( 'NONE',  ( -265.8557205421092817, 444.4444399999999860, 6.670256816194243932 ) ) ;
#2674 = VERTEX_POINT ( 'NONE', #4006 ) ;
#2675 = LINE ( 'NONE', #3626, #2949 ) ;
#2676 = CARTESIAN_POINT ( 'NONE',  ( -196.2236163048101787, 449.4444400000003839, 21.18604354544763169 ) ) ;
#2677 = EDGE_CURVE ( 'NONE', #337, #149, #2635, .T. ) ;
#2678 = ADVANCED_FACE ( 'NONE', ( #2007 ), #2994, .F. ) ;
#2679 =( LENGTH_UNIT ( ) NAMED_UNIT ( * ) SI_UNIT ( .MILLI., .METRE. ) );
#2680 = ORIENTED_EDGE ( 'NONE', *, *, #207, .T. ) ;
#2681 = CARTESIAN_POINT ( 'NONE',  ( -229.2634781935176420, 445.4444399999999860, 8.393818419347322646 ) ) ;
#2682 = VECTOR ( 'NONE', #699, 1000.000000000000000 ) ;
#2683 = CARTESIAN_POINT ( 'NONE',  ( -113.3033073900980696, 444.4444399999999291, 7.716868825675578414 ) ) ;
#2684 = CARTESIAN_POINT ( 'NONE',  ( -164.2408507529935378, 445.4444399999999860, 24.50836570392766944 ) ) ;
#2685 = CARTESIAN_POINT ( 'NONE',  ( -149.8130695285132674, 445.4444399999999860, 25.87183340821862032 ) ) ;
#2686 = VECTOR ( 'NONE', #3394, 1000.000000000000000 ) ;
#2687 = CARTESIAN_POINT ( 'NONE',  ( -258.2947075240422805, 449.4444399999999291, 6.291768267488726529 ) ) ;
#2688 = VERTEX_POINT ( 'NONE', #852 ) ;
#2689 = CARTESIAN_POINT ( 'NONE',  ( -256.2632107768854439, 444.4444399999999860, 7.656061426429949357 ) ) ;
#2690 = CARTESIAN_POINT ( 'NONE',  ( -112.6248457536031111, 445.4444399999999860, 12.37393250582480064 ) ) ;
#2691 = ORIENTED_EDGE ( 'NONE', *, *, #3817, .F. ) ;
#2692 = EDGE_CURVE ( 'NONE', #2825, #3453, #780, .T. ) ;
#2693 = CARTESIAN_POINT ( 'NONE',  ( -66.52695322057213900, 444.4444399999999860, -70.00554086441651691 ) ) ;
#2694 = CARTESIAN_POINT ( 'NONE',  ( -172.8587101762493887, 444.4444400000003270, 24.44703151162762822 ) ) ;
#2695 = CARTESIAN_POINT ( 'NONE',  ( -100.5082599175125608, 449.4444399999999860, 23.99344829018408731 ) ) ;
#2696 = VERTEX_POINT ( 'NONE', #3393 ) ;
#2697 = CARTESIAN_POINT ( 'NONE',  ( -222.5213143660650132, 444.4444399999999860, 15.49895004327216874 ) ) ;
#2698 = ADVANCED_FACE ( 'NONE', ( #1144, #826, #461, #1763, #193, #1856, #3456, #3067, #2159, #3434, #1189, #145, #1467, #4024, #1104, #1514, #3135, #1421, #169, #123, #2414, #1492, #1442, #3744, #1810, #3478, #529, #3701, #3116, #1836, #2756 ), #549, .F. ) ;
#2699 = LINE ( 'NONE', #1426, #3431 ) ;
#2700 = FACE_OUTER_BOUND ( 'NONE', #2919, .T. ) ;
#2701 = ORIENTED_EDGE ( 'NONE', *, *, #470, .F. ) ;
#2702 = LINE ( 'NONE', #3996, #1274 ) ;
#2703 = CARTESIAN_POINT ( 'NONE',  ( -206.0353436069070199, 445.4444399999999860, 18.54572545475296863 ) ) ;
#2704 = CARTESIAN_POINT ( 'NONE',  ( -260.8337779118387516, 449.4444399999999860, 6.940564282544234409 ) ) ;
#2705 = VECTOR ( 'NONE', #1730, 1000.000000000000000 ) ;
#2706 = ORIENTED_EDGE ( 'NONE', *, *, #3844, .T. ) ;
#2707 = AXIS2_PLACEMENT_3D ( 'NONE', #2269, #3562, #434 ) ;
#2708 = CARTESIAN_POINT ( 'NONE',  ( -154.5678389296407147, 444.4444400000000428, 25.48976068269617201 ) ) ;
#2709 = CARTESIAN_POINT ( 'NONE',  ( -172.8587101762493887, 444.4444399999999860, 24.44703151162762822 ) ) ;
#2710 = EDGE_LOOP ( 'NONE', ( #2375, #4029, #2945, #556 ) ) ;
#2711 = VERTEX_POINT ( 'NONE', #2133 ) ;
#2712 = CARTESIAN_POINT ( 'NONE',  ( -290.3110310811928798, 444.4444400000000428, 3.099905874843258413 ) ) ;
#2713 = CARTESIAN_POINT ( 'NONE',  ( -149.8130695285133811, 444.4444399999999860, 25.87183340821861322 ) ) ;
#2714 = CARTESIAN_POINT ( 'NONE',  ( -132.3252790877531311, 445.4444399999999860, 25.56367482687098303 ) ) ;
#2715 = EDGE_CURVE ( 'NONE', #4035, #4114, #1938, .T. ) ;
#2716 = EDGE_CURVE ( 'NONE', #236, #1187, #1353, .T. ) ;
#2717 = EDGE_LOOP ( 'NONE', ( #4113, #3748, #3899, #1809 ) ) ;
#2718 = ORIENTED_EDGE ( 'NONE', *, *, #3214, .F. ) ;
#2719 = CARTESIAN_POINT ( 'NONE',  ( -113.5068429449947445, 445.4444399999999860, 9.335759885576816686 ) ) ;
#2720 = CARTESIAN_POINT ( 'NONE',  ( -108.8166162379600479, 445.4444399999999860, 90.82587009885537555 ) ) ;
#2721 = DIRECTION ( 'NONE',  ( 0.000000000000000000, -1.000000000000000000, 0.000000000000000000 ) ) ;
#2722 = EDGE_CURVE ( 'NONE', #3173, #303, #1974, .T. ) ;
#2723 = CARTESIAN_POINT ( 'NONE',  ( 0.5936727027209567353, 449.4444399999999860, 22.07472482841617634 ) ) ;
#2724 = DIRECTION ( 'NONE',  ( -0.6888675014067527913, 0.000000000000000000, -0.7248872777926355093 ) ) ;
#2725 = CARTESIAN_POINT ( 'NONE',  ( -132.8079613817489815, 449.4444399999999860, 8.488640521341494605 ) ) ;
#2726 = ORIENTED_EDGE ( 'NONE', *, *, #2954, .T. ) ;
#2727 = FACE_OUTER_BOUND ( 'NONE', #1194, .T. ) ;
#2728 = CARTESIAN_POINT ( 'NONE',  ( -214.5131865758441734, 445.4444399999999291, 8.849777944127486862 ) ) ;
#2729 = ORIENTED_EDGE ( 'NONE', *, *, #1621, .T. ) ;
#2730 = ORIENTED_EDGE ( 'NONE', *, *, #1600, .F. ) ;
#2731 = B_SPLINE_CURVE_WITH_KNOTS ( 'NONE', 3,
 ( #2643, #3238, #372, #1957 ),
 .UNSPECIFIED., .F., .F.,
 ( 4, 4 ),
 ( 0.1685671448286382157, 0.1697583545617692424 ),
 .UNSPECIFIED. ) ;
#2732 = CARTESIAN_POINT ( 'NONE',  ( -239.2467623673019261, 449.4444399999999860, 8.017431533633828877 ) ) ;
#2733 = CARTESIAN_POINT ( 'NONE',  ( -112.2016622867483733, 449.4444400000003839, 28.10930200688541802 ) ) ;
#2734 = DIRECTION ( 'NONE',  ( -0.000000000000000000, -1.000000000000000000, -0.000000000000000000 ) ) ;
#2735 = ORIENTED_EDGE ( 'NONE', *, *, #2063, .F. ) ;
#2736 = ORIENTED_EDGE ( 'NONE', *, *, #3917, .F. ) ;
#2737 = DIRECTION ( 'NONE',  ( -0.000000000000000000, -1.000000000000000000, -0.000000000000000000 ) ) ;
#2738 = DIRECTION ( 'NONE',  ( 0.000000000000000000, -1.000000000000000000, 0.000000000000000000 ) ) ;
#2739 = LINE ( 'NONE', #728, #3689 ) ;
#2740 = ORIENTED_EDGE ( 'NONE', *, *, #784, .T. ) ;
#2741 = FACE_OUTER_BOUND ( 'NONE', #2058, .T. ) ;
#2742 = VECTOR ( 'NONE', #1814, 1000.000000000000114 ) ;
#2743 = B_SPLINE_CURVE_WITH_KNOTS ( 'NONE', 3,
 ( #3151, #523, #1533, #3086 ),
 .UNSPECIFIED., .F., .F.,
 ( 4, 4 ),
 ( 0.8013167118600230676, 0.8189731221614766632 ),
 .UNSPECIFIED. ) ;
#2744 = EDGE_CURVE ( 'NONE', #3951, #514, #2833, .T. ) ;
#2745 = CARTESIAN_POINT ( 'NONE',  ( -214.4271038798466407, 445.4444399999999860, 9.134510303739020287 ) ) ;
#2746 = VECTOR ( 'NONE', #3490, 1000.000000000000000 ) ;
#2747 = CARTESIAN_POINT ( 'NONE',  ( -190.2701010556688175, 445.4444399999999860, 21.06981534826184443 ) ) ;
#2748 = ORIENTED_EDGE ( 'NONE', *, *, #318, .F. ) ;
#2749 = VECTOR ( 'NONE', #3486, 1000.000000000000000 ) ;
#2750 = EDGE_CURVE ( 'NONE', #3256, #644, #1620, .T. ) ;
#2751 = LINE ( 'NONE', #1875, #3115 ) ;
#2752 = LINE ( 'NONE', #120, #1994 ) ;
#2753 = ORIENTED_EDGE ( 'NONE', *, *, #3625, .T. ) ;
#2754 = ORIENTED_EDGE ( 'NONE', *, *, #1993, .F. ) ;
#2755 = ORIENTED_EDGE ( 'NONE', *, *, #3864, .T. ) ;
#2756 = FACE_BOUND ( 'NONE', #509, .T. ) ;
#2757 = CARTESIAN_POINT ( 'NONE',  ( -133.5305144212671280, 445.4444399999999860, 25.38181269809026119 ) ) ;
#2758 = CARTESIAN_POINT ( 'NONE',  ( -254.4493969297283513, 445.4444399999999291, 8.625344052200381029 ) ) ;
#2759 = ORIENTED_EDGE ( 'NONE', *, *, #3611, .F. ) ;
#2760 = ORIENTED_EDGE ( 'NONE', *, *, #2379, .F. ) ;
#2761 = DIRECTION ( 'NONE',  ( 0.01073934591757915065, 0.000000000000000000, 0.9999423315618068964 ) ) ;
#2762 = CARTESIAN_POINT ( 'NONE',  ( -280.0929048604700142, 444.4444399999999291, 6.043931826251222716 ) ) ;
#2763 = DIRECTION ( 'NONE',  ( 0.3664463843337242843, 0.000000000000000000, 0.9304391691071159931 ) ) ;
#2764 = VERTEX_POINT ( 'NONE', #3905 ) ;
#2765 = CARTESIAN_POINT ( 'NONE',  ( -198.1861463371279797, 445.4444399999999860, 12.38084846747689305 ) ) ;
#2766 = CARTESIAN_POINT ( 'NONE',  ( -233.2886263910395996, 445.4444399999999860, 13.32257616013490420 ) ) ;
#2767 = CARTESIAN_POINT ( 'NONE',  ( -178.1626288332113006, 445.4444399999999860, 22.83150142085048273 ) ) ;
#2768 = EDGE_CURVE ( 'NONE', #1491, #2926, #1091, .T. ) ;
#2769 = DIRECTION ( 'NONE',  ( 0.000000000000000000, 0.000000000000000000, 1.000000000000000000 ) ) ;
#2770 = VECTOR ( 'NONE', #868, 999.9999999999998863 ) ;
#2771 = CARTESIAN_POINT ( 'NONE',  ( -300.0000000000000000, 533.3333280000000514, 0.000000000000000000 ) ) ;
#2772 = CARTESIAN_POINT ( 'NONE',  ( -285.1034899461849932, 533.3333280000000514, 1.323141469614599774 ) ) ;
#2773 = ADVANCED_FACE ( 'NONE', ( #3500 ), #1351, .T. ) ;
#2774 = ORIENTED_EDGE ( 'NONE', *, *, #2329, .F. ) ;
#2775 = ORIENTED_EDGE ( 'NONE', *, *, #3170, .T. ) ;
#2776 = VECTOR ( 'NONE', #4207, 1000.000000000000114 ) ;
#2777 = CARTESIAN_POINT ( 'NONE',  ( -113.3033073901014376, 444.4444400000000428, 7.716868825675743615 ) ) ;
#2778 = DIRECTION ( 'NONE',  ( 0.000000000000000000, 0.000000000000000000, -1.000000000000000000 ) ) ;
#2779 = CARTESIAN_POINT ( 'NONE',  ( -264.2871590456990702, 449.4444400000000428, 7.064132261342629171 ) ) ;
#2780 = CARTESIAN_POINT ( 'NONE',  ( -268.3117575011437452, 533.3333280000000514, 8.318369645160963444 ) ) ;
#2781 = B_SPLINE_CURVE_WITH_KNOTS ( 'NONE', 3,
 ( #3667, #3377, #130, #3650 ),
 .UNSPECIFIED., .F., .F.,
 ( 4, 4 ),
 ( 0.8578314467636656282, 0.8777154268956712801 ),
 .UNSPECIFIED. ) ;
#2782 = ORIENTED_EDGE ( 'NONE', *, *, #2115, .T. ) ;
#2783 = CARTESIAN_POINT ( 'NONE',  ( -149.9881244947861774, 445.4444399999999860, 9.572435617176004996 ) ) ;
#2784 = CARTESIAN_POINT ( 'NONE',  ( -285.2692632528747936, 444.4444399999999291, 4.587123813316574150 ) ) ;
#2785 = DIRECTION ( 'NONE',  ( 0.000000000000000000, 0.000000000000000000, 1.000000000000000000 ) ) ;
#2786 = ORIENTED_EDGE ( 'NONE', *, *, #3581, .T. ) ;
#2787 = LINE ( 'NONE', #4036, #2510 ) ;
#2788 = CARTESIAN_POINT ( 'NONE',  ( -117.5244860867506134, 444.4444399999999860, 111.6846736932957498 ) ) ;
#2789 = CARTESIAN_POINT ( 'NONE',  ( -248.5104516239167936, 444.4444399999999860, 10.00099284819185108 ) ) ;
#2790 = ORIENTED_EDGE ( 'NONE', *, *, #3553, .F. ) ;
#2791 = EDGE_CURVE ( 'NONE', #3120, #2878, #3247, .T. ) ;
#2792 = DIRECTION ( 'NONE',  ( 0.000000000000000000, 0.000000000000000000, 1.000000000000000000 ) ) ;
#2793 = LINE ( 'NONE', #2477, #2127 ) ;
#2794 = VERTEX_POINT ( 'NONE', #1948 ) ;
#2795 = ORIENTED_EDGE ( 'NONE', *, *, #3896, .T. ) ;
#2796 = CARTESIAN_POINT ( 'NONE',  ( -112.7508309264629105, 444.4444399999999860, 7.689384925052574538 ) ) ;
#2797 = ADVANCED_FACE ( 'NONE', ( #4159 ), #306, .F. ) ;
#2798 = CARTESIAN_POINT ( 'NONE',  ( -171.1667286147500704, 444.4444399999999860, 9.609856989036067887 ) ) ;
#2799 = FACE_OUTER_BOUND ( 'NONE', #3313, .T. ) ;
#2800 = CARTESIAN_POINT ( 'NONE',  ( -270.6058122691740664, 533.3333280000000514, 7.731282320555687093 ) ) ;
#2801 = VERTEX_POINT ( 'NONE', #1603 ) ;
#2802 = CARTESIAN_POINT ( 'NONE',  ( -285.8727052897817202, 533.3333280000000514, 2.045397586164800607 ) ) ;
#2803 = CARTESIAN_POINT ( 'NONE',  ( -274.7847390678884949, 444.4444399999999291, 7.475225215082193841 ) ) ;
#2804 = EDGE_CURVE ( 'NONE', #4188, #2131, #296, .T. ) ;
#2805 = EDGE_CURVE ( 'NONE', #3291, #3951, #2228, .T. ) ;
#2806 = LINE ( 'NONE', #816, #4180 ) ;
#2807 = ORIENTED_EDGE ( 'NONE', *, *, #1655, .T. ) ;
#2808 = CARTESIAN_POINT ( 'NONE',  ( -189.8871197409697800, 444.4444399999999860, 9.390855830577100605 ) ) ;
#2809 = DIRECTION ( 'NONE',  ( 0.000000000000000000, 0.000000000000000000, -1.000000000000000000 ) ) ;
#2810 = DIRECTION ( 'NONE',  ( 0.000000000000000000, -1.000000000000000000, 0.000000000000000000 ) ) ;
#2811 = VECTOR ( 'NONE', #1605, 1000.000000000000000 ) ;
#2812 = ORIENTED_EDGE ( 'NONE', *, *, #1067, .F. ) ;
#2813 = ORIENTED_EDGE ( 'NONE', *, *, #3305, .T. ) ;
#2814 = AXIS2_PLACEMENT_3D ( 'NONE', #2745, #2425, #3080 ) ;
#2815 = DIRECTION ( 'NONE',  ( 0.000000000000000000, -1.000000000000000000, 0.000000000000000000 ) ) ;
#2816 = CARTESIAN_POINT ( 'NONE',  ( -214.1361376603798305, 445.4444399999999860, 8.860027491220346718 ) ) ;
#2817 = AXIS2_PLACEMENT_3D ( 'NONE', #512, #2446, #3143 ) ;
#2818 = VERTEX_POINT ( 'NONE', #3203 ) ;
#2819 = ORIENTED_EDGE ( 'NONE', *, *, #864, .T. ) ;
#2820 = DIRECTION ( 'NONE',  ( 0.000000000000000000, 1.000000000000000000, 0.000000000000000000 ) ) ;
#2821 = PLANE ( 'NONE',  #3497 ) ;
#2822 = CARTESIAN_POINT ( 'NONE',  ( -261.5617635560996632, 533.3333280000000514, 7.738060476453848757 ) ) ;
#2823 = CARTESIAN_POINT ( 'NONE',  ( -292.2377533026771061, 533.3333280000000514, 1.650914772662632979 ) ) ;
#2824 = EDGE_CURVE ( 'NONE', #1874, #1645, #283, .T. ) ;
#2825 = VERTEX_POINT ( 'NONE', #1259 ) ;
#2826 = DIRECTION ( 'NONE',  ( 0.000000000000000000, 0.000000000000000000, -1.000000000000000000 ) ) ;
#2827 = CARTESIAN_POINT ( 'NONE',  ( -133.3568342694779005, 445.4444399999999860, 9.271286723260836027 ) ) ;
#2828 = ORIENTED_EDGE ( 'NONE', *, *, #2744, .T. ) ;
#2829 = ADVANCED_FACE ( 'NONE', ( #2449 ), #3736, .T. ) ;
#2830 = LINE ( 'NONE', #3466, #2365 ) ;
#2831 = DIRECTION ( 'NONE',  ( -0.000000000000000000, -1.000000000000000000, -0.000000000000000000 ) ) ;
#2832 = CARTESIAN_POINT ( 'NONE',  ( -252.4608865940129476, 445.4444399999999860, 7.408327906442551125 ) ) ;
#2833 = B_SPLINE_CURVE_WITH_KNOTS ( 'NONE', 3,
 ( #2796, #2777, #4092, #2481, #1166, #3774, #4116, #877, #2504, #3819, #658, #987, #2611, #2528 ),
 .UNSPECIFIED., .F., .F.,
 ( 4, 1, 1, 1, 1, 1, 1, 1, 1, 1, 1, 4 ),
 ( 0.7011752054892484987, 0.7037511641538184426, 0.7114926295676233803, 0.7321002988842217896, 0.7527079682008201988, 0.7939233068340170174, 0.8351386454672137249, 0.8763539841004104325, 0.8969616534170088418, 0.9175693227336072511, 0.9324260961395594016, 0.9375780134687230483 ),
 .UNSPECIFIED. ) ;
#2834 = ORIENTED_EDGE ( 'NONE', *, *, #2497, .F. ) ;
#2835 = PLANE ( 'NONE',  #1069 ) ;
#2836 = CARTESIAN_POINT ( 'NONE',  ( -128.1061509150808320, 444.4444399999999860, 27.97564465478143347 ) ) ;
#2837 = VECTOR ( 'NONE', #1384, 1000.000000000000000 ) ;
#2838 = ORIENTED_EDGE ( 'NONE', *, *, #2668, .F. ) ;
#2839 = EDGE_LOOP ( 'NONE', ( #1374, #1366, #3408, #2411 ) ) ;
#2840 = CARTESIAN_POINT ( 'NONE',  ( -211.1184077329952231, 449.4444400000000428, 17.70282848235063256 ) ) ;
#2841 = DIRECTION ( 'NONE',  ( 0.8513302070673183231, 0.000000000000000000, -0.5246302302905513359 ) ) ;
#2842 = CARTESIAN_POINT ( 'NONE',  ( -265.3338636067449556, 533.3333280000000514, 6.801727551363130786 ) ) ;
#2843 = CARTESIAN_POINT ( 'NONE',  ( -100.1882357590222767, 449.4444399999999860, 10.35261402249422424 ) ) ;
#2844 = ORIENTED_EDGE ( 'NONE', *, *, #1019, .T. ) ;
#2845 = AXIS2_PLACEMENT_3D ( 'NONE', #3712, #2076, #3019 ) ;
#2846 = VERTEX_POINT ( 'NONE', #1137 ) ;
#2847 = CARTESIAN_POINT ( 'NONE',  ( -297.6249865866503796, 444.4444399999999291, 0.7942685039368116984 ) ) ;
#2848 = FACE_OUTER_BOUND ( 'NONE', #3574, .T. ) ;
#2849 = EDGE_CURVE ( 'NONE', #3390, #1975, #750, .T. ) ;
#2850 = EDGE_CURVE ( 'NONE', #1081, #1588, #3242, .T. ) ;
#2851 = VECTOR ( 'NONE', #1211, 1000.000000000000000 ) ;
#2852 = ORIENTED_EDGE ( 'NONE', *, *, #242, .T. ) ;
#2853 = CARTESIAN_POINT ( 'NONE',  ( -265.7189512413806938, 533.3333280000000514, 5.831332410554418644 ) ) ;
#2854 = DIRECTION ( 'NONE',  ( -0.6888675014067504598, 0.000000000000000000, -0.7248872777926377298 ) ) ;
#2855 = CARTESIAN_POINT ( 'NONE',  ( -132.7140058270188092, 444.4444400000000428, 9.254047714990685236 ) ) ;
#2856 = ADVANCED_FACE ( 'NONE', ( #1115 ), #134, .T. ) ;
#2857 = CARTESIAN_POINT ( 'NONE',  ( -266.3727187654359909, 533.3333280000000514, 3.583167371675653801 ) ) ;
#2858 = ORIENTED_EDGE ( 'NONE', *, *, #2938, .T. ) ;
#2859 = ADVANCED_FACE ( 'NONE', ( #2382 ), #3360, .F. ) ;
#2860 = ADVANCED_FACE ( 'NONE', ( #1094 ), #2631, .T. ) ;
#2861 = DIRECTION ( 'NONE',  ( -0.000000000000000000, -1.000000000000000000, -0.000000000000000000 ) ) ;
#2862 = CARTESIAN_POINT ( 'NONE',  ( -112.2016622524414373, 444.4444399999999860, 28.10930200660903822 ) ) ;
#2863 = ORIENTED_EDGE ( 'NONE', *, *, #1171, .F. ) ;
#2864 = VERTEX_POINT ( 'NONE', #2766 ) ;
#2865 = CARTESIAN_POINT ( 'NONE',  ( -225.0224362187566953, 449.4444399999999860, 15.05154234427599569 ) ) ;
#2866 = DIRECTION ( 'NONE',  ( 0.000000000000000000, 0.000000000000000000, -1.000000000000000000 ) ) ;
#2867 = CARTESIAN_POINT ( 'NONE',  ( -295.2192840323294263, 444.4444400000000428, 1.574556936904936366 ) ) ;
#2868 = DIRECTION ( 'NONE',  ( -0.000000000000000000, -1.000000000000000000, -0.000000000000000000 ) ) ;
#2869 = EDGE_LOOP ( 'NONE', ( #395, #1565, #1032, #3443, #1229, #885 ) ) ;
#2870 = ORIENTED_EDGE ( 'NONE', *, *, #2241, .F. ) ;
#2871 = DIRECTION ( 'NONE',  ( -0.7248872777926403943, 0.000000000000000000, 0.6888675014067476843 ) ) ;
#2872 = CARTESIAN_POINT ( 'NONE',  ( -63.30337484742598519, 445.4444399999999860, 61.45559214547110116 ) ) ;
#2873 = ORIENTED_EDGE ( 'NONE', *, *, #1676, .F. ) ;
#2874 = CARTESIAN_POINT ( 'NONE',  ( -263.0120511331662101, 533.3333280000000514, 6.006438146371626097 ) ) ;
#2875 = CARTESIAN_POINT ( 'NONE',  ( -192.5000000000002274, 444.4444399999999860, 15.15093237103806700 ) ) ;
#2876 = DIRECTION ( 'NONE',  ( 0.000000000000000000, 1.000000000000000000, -0.000000000000000000 ) ) ;
#2877 = DIRECTION ( 'NONE',  ( -0.02688405537825780053, 0.000000000000000000, -0.9996385584632171417 ) ) ;
#2878 = VERTEX_POINT ( 'NONE', #4040 ) ;
#2879 = EDGE_CURVE ( 'NONE', #2571, #1695, #3039, .T. ) ;
#2880 = DIRECTION ( 'NONE',  ( 0.000000000000000000, 1.000000000000000000, 0.000000000000000000 ) ) ;
#2881 = CARTESIAN_POINT ( 'NONE',  ( -292.2254576542372888, 444.4444400000000428, 1.434434858989688255 ) ) ;
#2882 = ORIENTED_EDGE ( 'NONE', *, *, #2672, .T. ) ;
#2883 = EDGE_CURVE ( 'NONE', #257, #246, #2328, .T. ) ;
#2884 = VECTOR ( 'NONE', #2930, 1000.000000000000000 ) ;
#2885 = VERTEX_POINT ( 'NONE', #2077 ) ;
#2886 = CARTESIAN_POINT ( 'NONE',  ( -200.4233210937087506, 444.4444399999999860, 19.51179646880439833 ) ) ;
#2887 = CARTESIAN_POINT ( 'NONE',  ( -132.7570495598756395, 449.4444399999999860, 9.255214942794401267 ) ) ;
#2888 = CARTESIAN_POINT ( 'NONE',  ( -188.8470996823816961, 444.4444399999999860, 21.32642079327171913 ) ) ;
#2889 = VECTOR ( 'NONE', #3999, 1000.000000000000000 ) ;
#2890 = VERTEX_POINT ( 'NONE', #1004 ) ;
#2891 = VERTEX_POINT ( 'NONE', #3382 ) ;
#2892 = ORIENTED_EDGE ( 'NONE', *, *, #2653, .T. ) ;
#2893 = VECTOR ( 'NONE', #3873, 1000.000000000000000 ) ;
#2894 = B_SPLINE_SURFACE_WITH_KNOTS ( 'NONE', 3, 1, ( 
 ( #1349, #71 ),
 ( #3016, #2683 ),
 ( #2396, #745 ),
 ( #1051, #2358 ),
 ( #3356, #3035 ),
 ( #2072, #767 ),
 ( #3056, #3781 ),
 ( #2512, #790 ),
 ( #1544, #3123 ),
 ( #220, #3485 ),
 ( #2467, #2490 ),
 ( #1523, #2445 ),
 ( #860, #537 ),
 ( #4057, #176 ) ),
 .UNSPECIFIED., .F., .F., .F.,
 ( 4, 1, 1, 1, 1, 1, 1, 1, 1, 1, 1, 4 ),
 ( 2, 2 ),
 ( 0.7011752054892406161, 0.7037511641538184426, 0.7114926295676233803, 0.7321002988842217896, 0.7527079682008201988, 0.7939233068340170174, 0.8351386454672137249, 0.8763539841004104325, 0.8969616534170088418, 0.9175693227336072511, 0.9324260961395594016, 0.9375780134687230483 ),
 ( 0.000000000000000000, 1.000000000000000000 ),
 .UNSPECIFIED. ) ;
#2895 = CARTESIAN_POINT ( 'NONE',  ( -255.4287063458970408, 444.4444399999999860, 7.250587698197622721 ) ) ;
#2896 = CARTESIAN_POINT ( 'NONE',  ( -165.8831520761353886, 444.4444399999999860, 24.32831145586023425 ) ) ;
#2897 = LINE ( 'NONE', #4194, #115 ) ;
#2898 = DIRECTION ( 'NONE',  ( 0.000000000000000000, 1.000000000000000000, -0.000000000000000000 ) ) ;
#2899 = DIRECTION ( 'NONE',  ( 0.000000000000000000, -1.000000000000000000, 0.000000000000000000 ) ) ;
#2900 = DIRECTION ( 'NONE',  ( 0.6888675014067495717, 0.000000000000000000, 0.7248872777926386179 ) ) ;
#2901 = CARTESIAN_POINT ( 'NONE',  ( -237.9153930459915784, 449.4444399999999860, 12.36233482739456591 ) ) ;
#2902 = EDGE_CURVE ( 'NONE', #3076, #4158, #453, .T. ) ;
#2903 = EDGE_CURVE ( 'NONE', #1716, #1362, #2311, .T. ) ;
#2904 = CARTESIAN_POINT ( 'NONE',  ( -132.2895928815849516, 445.4444399999999860, 26.91158335888606601 ) ) ;
#2905 = ORIENTED_EDGE ( 'NONE', *, *, #3058, .T. ) ;
#2906 = ORIENTED_EDGE ( 'NONE', *, *, #1671, .T. ) ;
#2907 = CARTESIAN_POINT ( 'NONE',  ( -152.7139117670830331, 449.4444399999999860, 25.70190672669912146 ) ) ;
#2908 = CARTESIAN_POINT ( 'NONE',  ( -150.8175075915329728, 444.4444399999999860, 9.580563507124425726 ) ) ;
#2909 = ADVANCED_FACE ( 'NONE', ( #116 ), #3603, .T. ) ;
#2910 = CARTESIAN_POINT ( 'NONE',  ( -113.8344749848858299, 445.4444399999999860, 8.543598326846165492 ) ) ;
#2911 = EDGE_LOOP ( 'NONE', ( #3540, #173, #1306, #3476 ) ) ;
#2912 = ORIENTED_EDGE ( 'NONE', *, *, #2849, .F. ) ;
#2913 = VECTOR ( 'NONE', #348, 1000.000000000000000 ) ;
#2914 = DIRECTION ( 'NONE',  ( 0.000000000000000000, -1.000000000000000000, 0.000000000000000000 ) ) ;
#2915 = LINE ( 'NONE', #1567, #1717 ) ;
#2916 = VECTOR ( 'NONE', #3550, 1000.000000000000000 ) ;
#2917 = ORIENTED_EDGE ( 'NONE', *, *, #571, .T. ) ;
#2918 = ORIENTED_EDGE ( 'NONE', *, *, #2883, .F. ) ;
#2919 = EDGE_LOOP ( 'NONE', ( #368, #436, #2150, #2120, #4004, #1891 ) ) ;
#2920 = DIRECTION ( 'NONE',  ( 0.5395627763223838080, 0.000000000000000000, 0.8419453725790535525 ) ) ;
#2921 = CARTESIAN_POINT ( 'NONE',  ( -133.5305144212671280, 445.4444399999999860, 25.38181269809026119 ) ) ;
#2922 = AXIS2_PLACEMENT_3D ( 'NONE', #410, #58, #3362 ) ;
#2923 =( NAMED_UNIT ( * ) PLANE_ANGLE_UNIT ( ) SI_UNIT ( $, .RADIAN. ) );
#2924 = FACE_OUTER_BOUND ( 'NONE', #3757, .T. ) ;
#2925 = CARTESIAN_POINT ( 'NONE',  ( -269.9384435895149750, 533.3333280000000514, 3.340010526439053606 ) ) ;
#2926 = VERTEX_POINT ( 'NONE', #678 ) ;
#2927 = EDGE_CURVE ( 'NONE', #3881, #2258, #1983, .T. ) ;
#2928 = CARTESIAN_POINT ( 'NONE',  ( -130.8533786264967773, 449.4444399999999860, 27.04426762654682648 ) ) ;
#2929 = LINE ( 'NONE', #1342, #3043 ) ;
#2930 = DIRECTION ( 'NONE',  ( 0.000000000000000000, -1.000000000000000000, 0.000000000000000000 ) ) ;
#2931 = ORIENTED_EDGE ( 'NONE', *, *, #978, .T. ) ;
#2932 = ORIENTED_EDGE ( 'NONE', *, *, #397, .F. ) ;
#2933 = EDGE_CURVE ( 'NONE', #3665, #832, #3285, .T. ) ;
#2934 = LINE ( 'NONE', #4212, #2346 ) ;
#2935 = CARTESIAN_POINT ( 'NONE',  ( -265.3338636067449556, 444.4444400000003270, 6.801727551363130786 ) ) ;
#2936 = ORIENTED_EDGE ( 'NONE', *, *, #1779, .T. ) ;
#2937 = CARTESIAN_POINT ( 'NONE',  ( -164.3945645426477427, 445.4444399999999860, 9.632322640913395517 ) ) ;
#2938 = EDGE_CURVE ( 'NONE', #2274, #2456, #3714, .T. ) ;
#2939 = DIRECTION ( 'NONE',  ( -0.9996385584632124788, 0.000000000000000000, 0.02688405537843112370 ) ) ;
#2940 = VERTEX_POINT ( 'NONE', #2102 ) ;
#2941 = CARTESIAN_POINT ( 'NONE',  ( -228.7175928595009111, 444.4444399999999860, 8.978678089105073923 ) ) ;
#2942 = B_SPLINE_CURVE_WITH_KNOTS ( 'NONE', 3,
 ( #4196, #34, #3616, #1270, #3877 ),
 .UNSPECIFIED., .F., .F.,
 ( 4, 1, 4 ),
 ( 0.04808309127701883984, 0.04858316171247646642, 0.05031110543067837670 ),
 .UNSPECIFIED. ) ;
#2943 = DIRECTION ( 'NONE',  ( 0.000000000000000000, 1.000000000000000000, -0.000000000000000000 ) ) ;
#2944 = DIRECTION ( 'NONE',  ( -0.02646596929541218668, 0.000000000000000000, -0.9996497148847962588 ) ) ;
#2945 = ORIENTED_EDGE ( 'NONE', *, *, #190, .F. ) ;
#2946 = CARTESIAN_POINT ( 'NONE',  ( -205.6513887142924375, 445.4444399999999291, 18.61249429343110862 ) ) ;
#2947 = CARTESIAN_POINT ( 'NONE',  ( -177.1933103915009156, 445.4444399999999291, 9.558864198498685738 ) ) ;
#2948 = CARTESIAN_POINT ( 'NONE',  ( -164.3945645426477427, 449.4444399999999860, 9.632322640913395517 ) ) ;
#2949 = VECTOR ( 'NONE', #401, 1000.000000000000000 ) ;
#2950 = ORIENTED_EDGE ( 'NONE', *, *, #1767, .T. ) ;
#2951 = CARTESIAN_POINT ( 'NONE',  ( -260.8576000465214975, 444.4444399999999860, 7.086686038591300196 ) ) ;
#2952 = CARTESIAN_POINT ( 'NONE',  ( -132.2895928815849516, 445.4444399999999860, 26.91158335888606601 ) ) ;
#2953 = AXIS2_PLACEMENT_3D ( 'NONE', #3594, #1996, #671 ) ;
#2954 = EDGE_CURVE ( 'NONE', #3729, #3607, #3402, .T. ) ;
#2955 = B_SPLINE_CURVE_WITH_KNOTS ( 'NONE', 3,
 ( #1589, #1870, #2874, #271, #2853 ),
 .UNSPECIFIED., .F., .F.,
 ( 4, 1, 4 ),
 ( 0.9293509528815171450, 0.9324260961395594016, 0.9375780134687230483 ),
 .UNSPECIFIED. ) ;
#2956 = ORIENTED_EDGE ( 'NONE', *, *, #1097, .F. ) ;
#2957 = VERTEX_POINT ( 'NONE', #1483 ) ;
#2958 = VECTOR ( 'NONE', #3233, 1000.000000000000000 ) ;
#2959 = ORIENTED_EDGE ( 'NONE', *, *, #3192, .F. ) ;
#2960 = CARTESIAN_POINT ( 'NONE',  ( -165.5945624024670053, 449.4444399999999860, 9.630070904658040831 ) ) ;
#2961 = LINE ( 'NONE', #55, #4105 ) ;
#2962 = ORIENTED_EDGE ( 'NONE', *, *, #2849, .T. ) ;
#2963 = B_SPLINE_SURFACE_WITH_KNOTS ( 'NONE', 3, 1, ( 
 ( #1370, #3262 ),
 ( #713, #2305 ),
 ( #2342, #1352 ),
 ( #3001, #1294 ),
 ( #3339, #3617 ),
 ( #2015, #3979 ),
 ( #1332, #2983 ),
 ( #392, #1691 ),
 ( #1053, #3654 ),
 ( #2664, #3959 ),
 ( #2362, #691 ) ),
 .UNSPECIFIED., .F., .F., .F.,
 ( 4, 1, 1, 1, 1, 1, 1, 1, 4 ),
 ( 2, 2 ),
 ( 0.1146525530252893582, 0.1162843833321219045, 0.1356275895091634820, 0.1549707956862050318, 0.1646423987747258066, 0.1743140018632465815, 0.1839856049517673564, 0.1888214064960277438, 0.1936572080402881313 ),
 ( 0.000000000000000000, 1.000000000000000000 ),
 .UNSPECIFIED. ) ;
#2964 = EDGE_CURVE ( 'NONE', #1173, #1286, #2219, .T. ) ;
#2965 = VERTEX_POINT ( 'NONE', #204 ) ;
#2966 = DIRECTION ( 'NONE',  ( -0.7248872777926385069, 0.000000000000000000, 0.6888675014067496827 ) ) ;
#2967 = DIRECTION ( 'NONE',  ( 0.000000000000000000, 0.000000000000000000, -1.000000000000000000 ) ) ;
#2968 = FACE_OUTER_BOUND ( 'NONE', #235, .T. ) ;
#2969 = EDGE_LOOP ( 'NONE', ( #2192, #265, #2962, #2388 ) ) ;
#2970 = CARTESIAN_POINT ( 'NONE',  ( -258.7028822036019164, 533.3333280000000514, -42.17616278367351867 ) ) ;
#2971 = CARTESIAN_POINT ( 'NONE',  ( -145.7690503019806272, 444.4444399999999860, 26.18834114502507049 ) ) ;
#2972 = DIRECTION ( 'NONE',  ( -0.000000000000000000, -1.000000000000000000, -0.000000000000000000 ) ) ;
#2973 = ORIENTED_EDGE ( 'NONE', *, *, #624, .F. ) ;
#2974 = EDGE_LOOP ( 'NONE', ( #547, #2451, #2527, #1749 ) ) ;
#2975 = CARTESIAN_POINT ( 'NONE',  ( -266.5886069382466985, 444.4444400000000428, 9.579359346246574702 ) ) ;
#2976 = CARTESIAN_POINT ( 'NONE',  ( -128.1061509150808320, 444.4444400000003270, 27.97564465478143347 ) ) ;
#2977 = VECTOR ( 'NONE', #1552, 1000.000000000000000 ) ;
#2978 = EDGE_LOOP ( 'NONE', ( #2065, #1241, #2441 ) ) ;
#2979 = LINE ( 'NONE', #2622, #2579 ) ;
#2980 = CARTESIAN_POINT ( 'NONE',  ( -255.0275276099411883, 444.4444399999999291, 7.279903762745748352 ) ) ;
#2981 = EDGE_CURVE ( 'NONE', #1150, #107, #2123, .T. ) ;
#2982 = DIRECTION ( 'NONE',  ( -0.000000000000000000, -1.000000000000000000, -0.000000000000000000 ) ) ;
#2983 = CARTESIAN_POINT ( 'NONE',  ( -130.8533786264967773, 444.4444399999998723, 27.04426762654682648 ) ) ;
#2984 = VECTOR ( 'NONE', #3621, 1000.000000000000000 ) ;
#2985 = EDGE_CURVE ( 'NONE', #2336, #1932, #2172, .T. ) ;
#2986 = CARTESIAN_POINT ( 'NONE',  ( -189.8871197410761908, 444.4444399999999291, 9.390855830575343788 ) ) ;
#2987 = FACE_OUTER_BOUND ( 'NONE', #2110, .T. ) ;
#2988 = EDGE_LOOP ( 'NONE', ( #3265, #4156, #2326, #2222 ) ) ;
#2989 = EDGE_CURVE ( 'NONE', #330, #1179, #2594, .T. ) ;
#2990 = LINE ( 'NONE', #98, #2367 ) ;
#2991 = CARTESIAN_POINT ( 'NONE',  ( -256.3619925308943834, 445.4444399999999860, 6.835156837752369263 ) ) ;
#2992 = ORIENTED_EDGE ( 'NONE', *, *, #3598, .T. ) ;
#2993 = B_SPLINE_CURVE_WITH_KNOTS ( 'NONE', 3,
 ( #1418, #1058, #2728, #2387 ),
 .UNSPECIFIED., .F., .F.,
 ( 4, 4 ),
 ( 0.7821905340093380232, 0.7839306767921976338 ),
 .UNSPECIFIED. ) ;
#2994 = PLANE ( 'NONE',  #2130 ) ;
#2995 = CARTESIAN_POINT ( 'NONE',  ( -292.7816016975322100, 533.3333280000000514, 2.342604849896636310 ) ) ;
#2996 = CARTESIAN_POINT ( 'NONE',  ( -112.6701787603263796, 449.4444399999999860, 10.68830060044215280 ) ) ;
#2997 = VERTEX_POINT ( 'NONE', #228 ) ;
#2998 = LINE ( 'NONE', #2030, #1272 ) ;
#2999 = CARTESIAN_POINT ( 'NONE',  ( -247.5948149815342560, 444.4444399999999291, 7.661474984079888806 ) ) ;
#3000 = DIRECTION ( 'NONE',  ( -0.02688405537825780747, 0.000000000000000000, -0.9996385584632171417 ) ) ;
#3001 = CARTESIAN_POINT ( 'NONE',  ( -168.8641331842243289, 449.4444400000000428, 24.10239613039014372 ) ) ;
#3002 = CARTESIAN_POINT ( 'NONE',  ( -260.7043874911463490, 449.4444399999999860, 6.146900934099255309 ) ) ;
#3003 = EDGE_CURVE ( 'NONE', #2891, #3951, #4083, .T. ) ;
#3004 = VERTEX_POINT ( 'NONE', #1571 ) ;
#3005 = CARTESIAN_POINT ( 'NONE',  ( -116.9445762645164848, 445.4444399999999860, 111.1335796921702723 ) ) ;
#3006 = DIRECTION ( 'NONE',  ( 0.9996385584632171417, 0.000000000000000000, -0.02688405537825780053 ) ) ;
#3007 = EDGE_CURVE ( 'NONE', #1491, #89, #1590, .T. ) ;
#3008 = ORIENTED_EDGE ( 'NONE', *, *, #3612, .T. ) ;
#3009 = CARTESIAN_POINT ( 'NONE',  ( -92.50000000000000000, 449.4444399999999860, 16.74722354252675771 ) ) ;
#3010 = CARTESIAN_POINT ( 'NONE',  ( -79.01260360124966553, 444.4444399999999860, -83.14404587073116204 ) ) ;
#3011 = DIRECTION ( 'NONE',  ( -0.02646596929541375487, 0.000000000000000000, -0.9996497148847961478 ) ) ;
#3012 = AXIS2_PLACEMENT_3D ( 'NONE', #2001, #376, #1678 ) ;
#3013 = VERTEX_POINT ( 'NONE', #4169 ) ;
#3014 = CARTESIAN_POINT ( 'NONE',  ( -257.1713895135033567, 445.4444399999999860, 7.153931678296030938 ) ) ;
#3015 = AXIS2_PLACEMENT_3D ( 'NONE', #866, #3786, #2566 ) ;
#3016 = CARTESIAN_POINT ( 'NONE',  ( -113.3033073900980696, 533.3333280000000514, 7.716868825675578414 ) ) ;
#3017 = CARTESIAN_POINT ( 'NONE',  ( -192.5000000000002274, 449.4444399999999860, 15.15093237103806700 ) ) ;
#3018 = CIRCLE ( 'NONE', #1593, 6.324999999999983302 ) ;
#3019 = DIRECTION ( 'NONE',  ( 0.000000000000000000, 0.000000000000000000, -1.000000000000000000 ) ) ;
#3020 = AXIS2_PLACEMENT_3D ( 'NONE', #2214, #951, #2616 ) ;
#3021 = CARTESIAN_POINT ( 'NONE',  ( -116.6994142980007467, 449.4444400000000428, 8.683379740354212117 ) ) ;
#3022 = DIRECTION ( 'NONE',  ( -0.000000000000000000, -1.000000000000000000, -0.000000000000000000 ) ) ;
#3023 = ADVANCED_FACE ( 'NONE', ( #1872 ), #1825, .F. ) ;
#3024 = EDGE_CURVE ( 'NONE', #1486, #3198, #1712, .T. ) ;
#3025 = FACE_OUTER_BOUND ( 'NONE', #1221, .T. ) ;
#3026 = CARTESIAN_POINT ( 'NONE',  ( -219.6165091063904526, 444.4444399999999860, 16.96789906232488221 ) ) ;
#3027 = VERTEX_POINT ( 'NONE', #1182 ) ;
#3028 = EDGE_LOOP ( 'NONE', ( #3100, #963, #3114, #2515 ) ) ;
#3029 = CARTESIAN_POINT ( 'NONE',  ( -269.3505351009392257, 533.3333280000000514, 8.883550396655465420 ) ) ;
#3030 = ADVANCED_FACE ( 'NONE', ( #2471 ), #4150, .T. ) ;
#3031 = DIRECTION ( 'NONE',  ( 0.000000000000000000, -1.000000000000000000, 0.000000000000000000 ) ) ;
#3032 = DIRECTION ( 'NONE',  ( -0.7248872777926378408, 0.000000000000000000, 0.6888675014067503488 ) ) ;
#3033 = ORIENTED_EDGE ( 'NONE', *, *, #3322, .F. ) ;
#3034 = CARTESIAN_POINT ( 'NONE',  ( -176.8473984958616256, 445.4444399999999860, 11.19227220079777396 ) ) ;
#3035 = CARTESIAN_POINT ( 'NONE',  ( -132.8079613817489815, 444.4444399999999291, 8.488640521341494605 ) ) ;
#3036 = CARTESIAN_POINT ( 'NONE',  ( -112.8759871213101178, 449.4444399999999860, 3.035661502869943629 ) ) ;
#3037 = AXIS2_PLACEMENT_3D ( 'NONE', #4042, #3061, #3765 ) ;
#3038 = CARTESIAN_POINT ( 'NONE',  ( -112.8759871213074035, 444.4444399999999860, 3.035661502803514988 ) ) ;
#3039 = LINE ( 'NONE', #339, #4031 ) ;
#3040 = CARTESIAN_POINT ( 'NONE',  ( -238.2652901195033621, 449.4444399999999860, 8.067388918634684103 ) ) ;
#3041 = VECTOR ( 'NONE', #789, 1000.000000000000000 ) ;
#3042 = DIRECTION ( 'NONE',  ( 0.000000000000000000, 0.000000000000000000, -1.000000000000000000 ) ) ;
#3043 = VECTOR ( 'NONE', #340, 1000.000000000000114 ) ;
#3044 = CARTESIAN_POINT ( 'NONE',  ( -246.2820735093928022, 444.4444400000000428, 10.50722245627387430 ) ) ;
#3045 = DIRECTION ( 'NONE',  ( -0.7248872777926351763, 0.000000000000000000, 0.6888675014067531244 ) ) ;
#3046 = ORIENTED_EDGE ( 'NONE', *, *, #838, .F. ) ;
#3047 = ORIENTED_EDGE ( 'NONE', *, *, #2457, .T. ) ;
#3048 = ORIENTED_EDGE ( 'NONE', *, *, #1643, .F. ) ;
#3049 = CARTESIAN_POINT ( 'NONE',  ( -149.2125205955679803, 445.4444399999999860, 25.91972275192623698 ) ) ;
#3050 = CARTESIAN_POINT ( 'NONE',  ( -295.2192840322443317, 533.3333280000000514, 1.574556936932530737 ) ) ;
#3051 = CARTESIAN_POINT ( 'NONE',  ( -264.1907845933577050, 533.3333280000000514, -17.38774865900553124 ) ) ;
#3052 = EDGE_CURVE ( 'NONE', #1187, #1448, #250, .T. ) ;
#3053 = ORIENTED_EDGE ( 'NONE', *, *, #3501, .T. ) ;
#3054 = ORIENTED_EDGE ( 'NONE', *, *, #221, .F. ) ;
#3055 = DIRECTION ( 'NONE',  ( 0.000000000000000000, -1.000000000000000000, 0.000000000000000000 ) ) ;
#3056 = CARTESIAN_POINT ( 'NONE',  ( -173.4395179607336104, 533.3333280000000514, 8.866531246998681226 ) ) ;
#3057 = LINE ( 'NONE', #407, #493 ) ;
#3058 = EDGE_CURVE ( 'NONE', #231, #3310, #3971, .T. ) ;
#3059 = CARTESIAN_POINT ( 'NONE',  ( -113.5285485838877975, 445.4444399999999860, 8.528672068350854119 ) ) ;
#3060 = CARTESIAN_POINT ( 'NONE',  ( -245.9346338134759264, 445.4444399999999860, 7.400093216907709603 ) ) ;
#3061 = DIRECTION ( 'NONE',  ( 0.000000000000000000, -1.000000000000000000, 0.000000000000000000 ) ) ;
#3062 = LINE ( 'NONE', #138, #1887 ) ;
#3063 = CARTESIAN_POINT ( 'NONE',  ( -159.3825578031934924, 444.4444400000000428, 25.03374713634702431 ) ) ;
#3064 = DIRECTION ( 'NONE',  ( -0.8419453725790534415, 0.000000000000000000, 0.5395627763223839191 ) ) ;
#3065 = EDGE_LOOP ( 'NONE', ( #2775, #3266, #3833, #1301 ) ) ;
#3066 = ORIENTED_EDGE ( 'NONE', *, *, #2602, .F. ) ;
#3067 = FACE_BOUND ( 'NONE', #640, .T. ) ;
#3068 = CARTESIAN_POINT ( 'NONE',  ( -242.9298313318373346, 444.4444399999999860, 11.25234309190398463 ) ) ;
#3069 = CARTESIAN_POINT ( 'NONE',  ( -148.5690912469677301, 444.4444399999999860, 9.556892805854925399 ) ) ;
#3070 = ORIENTED_EDGE ( 'NONE', *, *, #3963, .T. ) ;
#3071 = ORIENTED_EDGE ( 'NONE', *, *, #584, .T. ) ;
#3072 = CARTESIAN_POINT ( 'NONE',  ( -267.5579742966421577, 533.3333280000000514, 3.504036228200401393 ) ) ;
#3073 = CARTESIAN_POINT ( 'NONE',  ( -164.2408507514722658, 445.4444399999999860, 24.50836570409218851 ) ) ;
#3074 = DIRECTION ( 'NONE',  ( -0.02688405537884543811, 0.000000000000000000, -0.9996385584632012655 ) ) ;
#3075 = EDGE_CURVE ( 'NONE', #1729, #89, #1204, .T. ) ;
#3076 = VERTEX_POINT ( 'NONE', #273 ) ;
#3077 = VERTEX_POINT ( 'NONE', #1250 ) ;
#3078 = FACE_OUTER_BOUND ( 'NONE', #803, .T. ) ;
#3079 = VECTOR ( 'NONE', #1985, 1000.000000000000000 ) ;
#3080 = DIRECTION ( 'NONE',  ( 0.7248872777926395061, 0.000000000000000000, -0.6888675014067485725 ) ) ;
#3081 = EDGE_CURVE ( 'NONE', #257, #1564, #1375, .T. ) ;
#3082 = VECTOR ( 'NONE', #2724, 1000.000000000000000 ) ;
#3083 = CARTESIAN_POINT ( 'NONE',  ( -232.2261342704867957, 444.4444399999999860, 8.291005834789050510 ) ) ;
#3084 = CARTESIAN_POINT ( 'NONE',  ( -256.2632107768854439, 445.4444399999999860, 7.656061426429949357 ) ) ;
#3085 = VECTOR ( 'NONE', #3820, 999.9999999999998863 ) ;
#3086 = CARTESIAN_POINT ( 'NONE',  ( -189.8871197409697800, 444.4444399999999860, 9.390855830577100605 ) ) ;
#3087 = DIRECTION ( 'NONE',  ( 0.000000000000000000, -1.000000000000000000, 0.000000000000000000 ) ) ;
#3088 = VECTOR ( 'NONE', #2871, 1000.000000000000000 ) ;
#3089 = ORIENTED_EDGE ( 'NONE', *, *, #3526, .F. ) ;
#3090 = ORIENTED_EDGE ( 'NONE', *, *, #2063, .T. ) ;
#3091 = CARTESIAN_POINT ( 'NONE',  ( -190.3274728786130083, 444.4444399999999860, 21.10387942403168182 ) ) ;
#3092 = DIRECTION ( 'NONE',  ( 0.000000000000000000, 1.000000000000000000, -0.000000000000000000 ) ) ;
#3093 = DIRECTION ( 'NONE',  ( 0.000000000000000000, 0.000000000000000000, -1.000000000000000000 ) ) ;
#3094 = FACE_OUTER_BOUND ( 'NONE', #3515, .T. ) ;
#3095 = ORIENTED_EDGE ( 'NONE', *, *, #1827, .F. ) ;
#3096 = VERTEX_POINT ( 'NONE', #1848 ) ;
#3097 = DIRECTION ( 'NONE',  ( -0.6407894207433059153, 0.000000000000000000, -0.7677166914060541414 ) ) ;
#3098 = DIRECTION ( 'NONE',  ( 0.000000000000000000, -1.000000000000000000, 0.000000000000000000 ) ) ;
#3099 = FACE_OUTER_BOUND ( 'NONE', #2493, .T. ) ;
#3100 = ORIENTED_EDGE ( 'NONE', *, *, #2768, .F. ) ;
#3101 = CARTESIAN_POINT ( 'NONE',  ( -132.3252790877531311, 444.4444399999999860, 25.56367482687098303 ) ) ;
#3102 = EDGE_CURVE ( 'NONE', #3453, #3824, #847, .T. ) ;
#3103 = CARTESIAN_POINT ( 'NONE',  ( -171.0363900829023009, 449.4444399999999860, 9.645892564013937687 ) ) ;
#3104 = CARTESIAN_POINT ( 'NONE',  ( -235.1782037828762384, 444.4444400000000428, 8.181310373985954953 ) ) ;
#3105 = VERTEX_POINT ( 'NONE', #333 ) ;
#3106 = EDGE_CURVE ( 'NONE', #3823, #4039, #2961, .T. ) ;
#3107 = MECHANICAL_DESIGN_GEOMETRIC_PRESENTATION_REPRESENTATION (  '', ( #2016 ), #1811 ) ;
#3108 = LINE ( 'NONE', #3770, #3869 ) ;
#3109 = CARTESIAN_POINT ( 'NONE',  ( -271.2861602210628575, 444.4444400000000428, 2.447696926220368052 ) ) ;
#3110 = VECTOR ( 'NONE', #4082, 1000.000000000000000 ) ;
#3111 = ADVANCED_FACE ( 'NONE', ( #977 ), #3216, .F. ) ;
#3112 = EDGE_LOOP ( 'NONE', ( #3278, #2598, #3565 ) ) ;
#3113 = EDGE_CURVE ( 'NONE', #107, #2273, #1632, .T. ) ;
#3114 = ORIENTED_EDGE ( 'NONE', *, *, #3075, .F. ) ;
#3115 = VECTOR ( 'NONE', #2815, 1000.000000000000000 ) ;
#3116 = FACE_BOUND ( 'NONE', #3251, .T. ) ;
#3117 = DIRECTION ( 'NONE',  ( 0.001877162694616514409, 0.000000000000000000, -0.9999982381285568156 ) ) ;
#3118 = DIRECTION ( 'NONE',  ( -0.000000000000000000, -1.000000000000000000, -0.000000000000000000 ) ) ;
#3119 = LINE ( 'NONE', #1148, #2428 ) ;
#3120 = VERTEX_POINT ( 'NONE', #1014 ) ;
#3121 = VERTEX_POINT ( 'NONE', #3552 ) ;
#3122 = CARTESIAN_POINT ( 'NONE',  ( -143.6891950074856652, 444.4444400000000428, 9.500873599543140813 ) ) ;
#3123 = CARTESIAN_POINT ( 'NONE',  ( -222.8468073653594104, 444.4444399999999291, 7.840947217310170636 ) ) ;
#3124 = DIRECTION ( 'NONE',  ( 0.000000000000000000, -1.000000000000000000, 0.000000000000000000 ) ) ;
#3125 = ORIENTED_EDGE ( 'NONE', *, *, #1676, .T. ) ;
#3126 = CARTESIAN_POINT ( 'NONE',  ( -221.3618791128721455, 445.4444399999999860, 15.72469533518087559 ) ) ;
#3127 = DIRECTION ( 'NONE',  ( 0.9978411957034446500, -0.000000000000000000, 0.06567303980416965004 ) ) ;
#3128 = CARTESIAN_POINT ( 'NONE',  ( -50.02817683524102677, 445.4444399999999860, -52.64406993357871301 ) ) ;
#3129 = VERTEX_POINT ( 'NONE', #3856 ) ;
#3130 = CARTESIAN_POINT ( 'NONE',  ( -221.5540287521985192, 445.4444399999999860, 15.35548709238198661 ) ) ;
#3131 = ADVANCED_FACE ( 'NONE', ( #315 ), #1350, .T. ) ;
#3132 = FACE_OUTER_BOUND ( 'NONE', #2592, .T. ) ;
#3133 = ORIENTED_EDGE ( 'NONE', *, *, #655, .T. ) ;
#3134 = ORIENTED_EDGE ( 'NONE', *, *, #655, .F. ) ;
#3135 = FACE_BOUND ( 'NONE', #2978, .T. ) ;
#3136 = CARTESIAN_POINT ( 'NONE',  ( -167.4825542092883097, 444.4444399999999860, 9.625721798540517682 ) ) ;
#3137 = CARTESIAN_POINT ( 'NONE',  ( -297.6249865866923869, 533.3333280000000514, 0.7942685039227672661 ) ) ;
#3138 = EDGE_CURVE ( 'NONE', #1564, #3839, #2322, .T. ) ;
#3139 = CARTESIAN_POINT ( 'NONE',  ( -108.8166162379600479, 444.4444399999999860, 90.82587009885537555 ) ) ;
#3140 = ORIENTED_EDGE ( 'NONE', *, *, #2361, .T. ) ;
#3141 = VERTEX_POINT ( 'NONE', #3277 ) ;
#3142 = CARTESIAN_POINT ( 'NONE',  ( -196.3571183543445215, 449.4444399999999860, 20.16374226176603202 ) ) ;
#3143 = DIRECTION ( 'NONE',  ( 0.000000000000000000, 0.000000000000000000, -1.000000000000000000 ) ) ;
#3144 = ORIENTED_EDGE ( 'NONE', *, *, #81, .T. ) ;
#3145 = CARTESIAN_POINT ( 'NONE',  ( -282.4215676321936712, 444.4444399999999860, 1.563290642043225098 ) ) ;
#3146 = CARTESIAN_POINT ( 'NONE',  ( -239.2467623673018977, 445.4444399999999860, 8.017431533633853746 ) ) ;
#3147 = CARTESIAN_POINT ( 'NONE',  ( -229.2634781952536116, 444.4444399999999860, 8.393818420997043006 ) ) ;
#3148 = CIRCLE ( 'NONE', #3832, 10.79999999999999005 ) ;
#3149 = ORIENTED_EDGE ( 'NONE', *, *, #997, .T. ) ;
#3150 = CIRCLE ( 'NONE', #1311, 0.4000000000000045186 ) ;
#3151 = CARTESIAN_POINT ( 'NONE',  ( -178.2930354147679282, 444.4444399999999860, 9.547694018432261842 ) ) ;
#3152 = DIRECTION ( 'NONE',  ( -0.7175009216675536372, 0.000000000000000000, 0.6965575549846626524 ) ) ;
#3153 = CIRCLE ( 'NONE', #1657, 0.5999999999999928724 ) ;
#3154 = ORIENTED_EDGE ( 'NONE', *, *, #1406, .F. ) ;
#3155 = ORIENTED_EDGE ( 'NONE', *, *, #3732, .T. ) ;
#3156 = ADVANCED_FACE ( 'NONE', ( #1652 ), #1613, .T. ) ;
#3157 = EDGE_CURVE ( 'NONE', #479, #3559, #3904, .T. ) ;
#3158 = CARTESIAN_POINT ( 'NONE',  ( -254.9539109580269383, 444.4444399999999860, 8.516572991783643687 ) ) ;
#3159 = LINE ( 'NONE', #146, #3231 ) ;
#3160 = CARTESIAN_POINT ( 'NONE',  ( -149.1355522178720889, 445.4444400000000428, 9.563395545347612270 ) ) ;
#3161 = CARTESIAN_POINT ( 'NONE',  ( -248.9606400889233839, 445.4444400000000428, 9.898449291141035999 ) ) ;
#3162 = ORIENTED_EDGE ( 'NONE', *, *, #4037, .T. ) ;
#3163 = ORIENTED_EDGE ( 'NONE', *, *, #2458, .T. ) ;
#3164 = EDGE_CURVE ( 'NONE', #2610, #922, #2942, .T. ) ;
#3165 = LINE ( 'NONE', #468, #1596 ) ;
#3166 = DIRECTION ( 'NONE',  ( 0.2442954651673956978, 0.000000000000000000, -0.9697008434041117786 ) ) ;
#3167 = ORIENTED_EDGE ( 'NONE', *, *, #4067, .F. ) ;
#3168 = CARTESIAN_POINT ( 'NONE',  ( -111.8337132111002035, 445.4444399999999860, 11.46609414118741910 ) ) ;
#3169 = PLANE ( 'NONE',  #3177 ) ;
#3170 = EDGE_CURVE ( 'NONE', #2332, #3723, #2055, .T. ) ;
#3171 = DIRECTION ( 'NONE',  ( 0.000000000000000000, -1.000000000000000000, 0.000000000000000000 ) ) ;
#3172 = LINE ( 'NONE', #3217, #781 ) ;
#3173 = VERTEX_POINT ( 'NONE', #957 ) ;
#3174 = CARTESIAN_POINT ( 'NONE',  ( -149.8130695285134664, 449.4444399999999860, 25.87183340821860966 ) ) ;
#3175 = FACE_OUTER_BOUND ( 'NONE', #2710, .T. ) ;
#3176 = COLOUR_RGB ( '',0.7921568627450980005, 0.8196078431372548767, 0.9333333333333333481 ) ;
#3177 = AXIS2_PLACEMENT_3D ( 'NONE', #2260, #2920, #4216 ) ;
#3178 = ORIENTED_EDGE ( 'NONE', *, *, #3632, .F. ) ;
#3179 = ORIENTED_EDGE ( 'NONE', *, *, #2057, .T. ) ;
#3180 = CARTESIAN_POINT ( 'NONE',  ( -117.3872845654307042, 449.4444399999999860, 27.32359723883179825 ) ) ;
#3181 = DIRECTION ( 'NONE',  ( 0.1609050596805300382, 0.000000000000000000, -0.9869698889881115544 ) ) ;
#3182 = VECTOR ( 'NONE', #3488, 1000.000000000000114 ) ;
#3183 = CARTESIAN_POINT ( 'NONE',  ( -300.0000000000000000, 533.3333280000000514, 0.000000000000000000 ) ) ;
#3184 = CARTESIAN_POINT ( 'NONE',  ( -275.1101811045253953, 533.3333280000000514, 6.552289714360634676 ) ) ;
#3185 = ORIENTED_EDGE ( 'NONE', *, *, #4037, .F. ) ;
#3186 = VECTOR ( 'NONE', #926, 999.9999999999998863 ) ;
#3187 = EDGE_LOOP ( 'NONE', ( #3292, #437, #950, #2870, #21, #3297 ) ) ;
#3188 = LINE ( 'NONE', #2254, #3088 ) ;
#3189 = CARTESIAN_POINT ( 'NONE',  ( -176.8312704554481343, 445.4444399999999860, 9.562374080523937891 ) ) ;
#3190 = B_SPLINE_CURVE_WITH_KNOTS ( 'NONE', 3,
 ( #3934, #2582, #600, #1586, #2896 ),
 .UNSPECIFIED., .F., .F.,
 ( 4, 1, 4 ),
 ( 0.1277219014672375252, 0.1356275895091634820, 0.1386443574084766095 ),
 .UNSPECIFIED. ) ;
#3191 = VECTOR ( 'NONE', #1378, 1000.000000000000000 ) ;
#3192 = EDGE_CURVE ( 'NONE', #3784, #2164, #3258, .T. ) ;
#3193 = DIRECTION ( 'NONE',  ( 0.000000000000000000, -1.000000000000000000, 0.000000000000000000 ) ) ;
#3194 = DIRECTION ( 'NONE',  ( 0.000000000000000000, 1.000000000000000000, 0.000000000000000000 ) ) ;
#3195 = DIRECTION ( 'NONE',  ( -0.000000000000000000, -1.000000000000000000, -0.000000000000000000 ) ) ;
#3196 = FACE_OUTER_BOUND ( 'NONE', #1679, .T. ) ;
#3197 = EDGE_CURVE ( 'NONE', #696, #778, #3150, .T. ) ;
#3198 = VERTEX_POINT ( 'NONE', #647 ) ;
#3199 = DIRECTION ( 'NONE',  ( 0.6888675014067512370, 0.000000000000000000, 0.7248872777926369526 ) ) ;
#3200 = CARTESIAN_POINT ( 'NONE',  ( -275.1101811045253953, 444.4444400000000428, 6.552289714360634676 ) ) ;
#3201 = ORIENTED_EDGE ( 'NONE', *, *, #1261, .F. ) ;
#3202 = VERTEX_POINT ( 'NONE', #3301 ) ;
#3203 = CARTESIAN_POINT ( 'NONE',  ( -132.3252790877531311, 445.4444399999999860, 25.56367482687098303 ) ) ;
#3204 = CARTESIAN_POINT ( 'NONE',  ( -165.5945626566746967, 444.4444399999999860, 9.630199037178199362 ) ) ;
#3205 = CARTESIAN_POINT ( 'NONE',  ( -265.8557205421092817, 449.4444399999999860, 6.670256816194243932 ) ) ;
#3206 = ORIENTED_EDGE ( 'NONE', *, *, #1463, .F. ) ;
#3207 = ORIENTED_EDGE ( 'NONE', *, *, #3926, .F. ) ;
#3208 = ORIENTED_EDGE ( 'NONE', *, *, #814, .F. ) ;
#3209 = CARTESIAN_POINT ( 'NONE',  ( -254.4422157793071904, 444.4444399999999291, 7.304441185825714555 ) ) ;
#3210 = LINE ( 'NONE', #1973, #1042 ) ;
#3211 = VERTEX_POINT ( 'NONE', #1940 ) ;
#3212 = CARTESIAN_POINT ( 'NONE',  ( -164.4223317607596471, 444.4444399999999860, 24.42442517682594882 ) ) ;
#3213 = DIRECTION ( 'NONE',  ( 0.000000000000000000, 1.000000000000000000, -0.000000000000000000 ) ) ;
#3214 = EDGE_CURVE ( 'NONE', #2456, #3390, #2731, .T. ) ;
#3215 = ADVANCED_FACE ( 'NONE', ( #1670 ), #995, .T. ) ;
#3216 = CYLINDRICAL_SURFACE ( 'NONE', #980, 5.124999999999995559 ) ;
#3217 = CARTESIAN_POINT ( 'NONE',  ( -176.6433472521857198, 445.4444399999999860, 9.564051733357914031 ) ) ;
#3218 = EDGE_CURVE ( 'NONE', #969, #832, #2404, .T. ) ;
#3219 = VECTOR ( 'NONE', #3064, 999.9999999999998863 ) ;
#3220 = DIRECTION ( 'NONE',  ( -0.000000000000000000, -1.000000000000000000, -0.000000000000000000 ) ) ;
#3221 = CARTESIAN_POINT ( 'NONE',  ( -290.1850476729546244, 444.4444400000000428, 2.279926096537435498 ) ) ;
#3222 = ORIENTED_EDGE ( 'NONE', *, *, #629, .T. ) ;
#3223 = VECTOR ( 'NONE', #3929, 1000.000000000000000 ) ;
#3224 = VERTEX_POINT ( 'NONE', #469 ) ;
#3225 = CARTESIAN_POINT ( 'NONE',  ( -260.9867192135914138, 533.3333280000000514, 7.878685561044471264 ) ) ;
#3226 = CARTESIAN_POINT ( 'NONE',  ( -63.30337484742598519, 444.4444399999999860, 61.45559214547110116 ) ) ;
#3227 = CARTESIAN_POINT ( 'NONE',  ( -188.9322783937708721, 444.4444399999999860, 21.31370094756423228 ) ) ;
#3228 = AXIS2_PLACEMENT_3D ( 'NONE', #23, #1456, #43 ) ;
#3229 = ORIENTED_EDGE ( 'NONE', *, *, #2241, .T. ) ;
#3230 = ORIENTED_EDGE ( 'NONE', *, *, #2431, .T. ) ;
#3231 = VECTOR ( 'NONE', #3117, 1000.000000000000227 ) ;
#3232 = DIRECTION ( 'NONE',  ( 0.000000000000000000, -1.000000000000000000, 0.000000000000000000 ) ) ;
#3233 = DIRECTION ( 'NONE',  ( -0.7248872777926378408, 0.000000000000000000, 0.6888675014067503488 ) ) ;
#3234 = AXIS2_PLACEMENT_3D ( 'NONE', #2189, #3399, #244 ) ;
#3235 = ORIENTED_EDGE ( 'NONE', *, *, #470, .T. ) ;
#3236 = ORIENTED_EDGE ( 'NONE', *, *, #329, .T. ) ;
#3237 = CARTESIAN_POINT ( 'NONE',  ( -178.2930354147679282, 445.4444399999999860, 9.547694018432261842 ) ) ;
#3238 = CARTESIAN_POINT ( 'NONE',  ( -242.1505976584644202, 445.4444400000000428, 11.42404535656160292 ) ) ;
#3239 = EDGE_LOOP ( 'NONE', ( #2434, #218, #3766, #2576 ) ) ;
#3240 = EDGE_CURVE ( 'NONE', #1905, #824, #3284, .T. ) ;
#3241 = ORIENTED_EDGE ( 'NONE', *, *, #1025, .F. ) ;
#3242 = B_SPLINE_CURVE_WITH_KNOTS ( 'NONE', 3,
 ( #2703, #2946, #2054, #2403 ),
 .UNSPECIFIED., .F., .F.,
 ( 4, 4 ),
 ( 0.09938822208567223149, 0.1005107225783659353 ),
 .UNSPECIFIED. ) ;
#3243 = CARTESIAN_POINT ( 'NONE',  ( -192.5000000000002274, 444.4444399999999860, 15.15093237103806700 ) ) ;
#3244 = CARTESIAN_POINT ( 'NONE',  ( -285.9904385892327809, 533.3333280000000514, 3.527721545625112753 ) ) ;
#3245 = ADVANCED_FACE ( 'NONE', ( #2700 ), #3993, .T. ) ;
#3246 = EDGE_LOOP ( 'NONE', ( #286, #3620, #1901, #2807 ) ) ;
#3247 = LINE ( 'NONE', #3225, #83 ) ;
#3248 = CARTESIAN_POINT ( 'NONE',  ( -49.20153583356039206, 444.4444399999999860, -51.77420520022902650 ) ) ;
#3249 = CARTESIAN_POINT ( 'NONE',  ( -253.8791415835516148, 444.4444399999999860, 8.282324195538835809 ) ) ;
#3250 = ADVANCED_FACE ( 'NONE', ( #2340 ), #3688, .F. ) ;
#3251 = EDGE_LOOP ( 'NONE', ( #2665, #4146, #2973 ) ) ;
#3252 = VERTEX_POINT ( 'NONE', #448 ) ;
#3253 = CARTESIAN_POINT ( 'NONE',  ( -257.4724035784664693, 445.4444399999999860, 7.906660686129893811 ) ) ;
#3254 = DIRECTION ( 'NONE',  ( -0.009894637397860174891, 0.000000000000000000, 0.9999510468771782845 ) ) ;
#3255 = VECTOR ( 'NONE', #181, 1000.000000000000000 ) ;
#3256 = VERTEX_POINT ( 'NONE', #1753 ) ;
#3257 = CARTESIAN_POINT ( 'NONE',  ( -164.3945647709204536, 445.4444399999999860, 9.632451632411738629 ) ) ;
#3258 = LINE ( 'NONE', #2921, #757 ) ;
#3259 = VECTOR ( 'NONE', #291, 1000.000000000000227 ) ;
#3260 = CARTESIAN_POINT ( 'NONE',  ( -242.5218837963553824, 445.4444399999999860, 11.68162153531826419 ) ) ;
#3261 = B_SPLINE_CURVE_WITH_KNOTS ( 'NONE', 3,
 ( #2405, #3980, #2018, #1077, #3040, #773, #3326, #2037, #1054, #2704 ),
 .UNSPECIFIED., .F., .F.,
 ( 4, 1, 1, 1, 1, 1, 1, 4 ),
 ( 0.8266341156869883022, 0.8494027461549507052, 0.8787945019262081159, 0.8934903798118367657, 0.9081862576974655266, 0.9228821355830941764, 0.9291378280682509594, 0.9294838303711506766 ),
 .UNSPECIFIED. ) ;
#3262 = CARTESIAN_POINT ( 'NONE',  ( -190.3522683579552108, 444.4444399999998723, 21.10012339114813429 ) ) ;
#3263 = CARTESIAN_POINT ( 'NONE',  ( -257.1713895135033567, 449.4444399999999860, 7.153931678296024721 ) ) ;
#3264 = CARTESIAN_POINT ( 'NONE',  ( -285.9904385892327809, 444.4444400000000428, 3.527721545625112753 ) ) ;
#3265 = ORIENTED_EDGE ( 'NONE', *, *, #2964, .T. ) ;
#3266 = ORIENTED_EDGE ( 'NONE', *, *, #3611, .T. ) ;
#3267 = DIRECTION ( 'NONE',  ( -0.7248872777926382849, 0.000000000000000000, 0.6888675014067497937 ) ) ;
#3268 = EDGE_CURVE ( 'NONE', #4039, #4077, #2051, .T. ) ;
#3269 = DIRECTION ( 'NONE',  ( -0.6888675014067477953, 0.000000000000000000, -0.7248872777926400612 ) ) ;
#3270 = CARTESIAN_POINT ( 'NONE',  ( -101.7636842347514090, 449.4444399999999860, 11.19527303853105948 ) ) ;
#3271 = VERTEX_POINT ( 'NONE', #1772 ) ;
#3272 =( LENGTH_UNIT ( ) NAMED_UNIT ( * ) SI_UNIT ( .MILLI., .METRE. ) );
#3273 = EDGE_CURVE ( 'NONE', #2532, #2891, #1732, .T. ) ;
#3274 = DIRECTION ( 'NONE',  ( 0.6965575549846637626, 0.000000000000000000, 0.7175009216675524160 ) ) ;
#3275 = ORIENTED_EDGE ( 'NONE', *, *, #3058, .F. ) ;
#3276 = CARTESIAN_POINT ( 'NONE',  ( -215.2669448463192623, 449.4444399999999860, 8.828999559335404257 ) ) ;
#3277 = CARTESIAN_POINT ( 'NONE',  ( -198.1861463371279797, 444.4444399999999860, 12.38084846747689305 ) ) ;
#3278 = ORIENTED_EDGE ( 'NONE', *, *, #2677, .F. ) ;
#3279 = DIRECTION ( 'NONE',  ( 0.000000000000000000, 0.000000000000000000, 1.000000000000000000 ) ) ;
#3280 = CARTESIAN_POINT ( 'NONE',  ( -151.9060143339745537, 444.4444399999999291, 9.644634931176614856 ) ) ;
#3281 = CARTESIAN_POINT ( 'NONE',  ( -280.3490536555165136, 533.3333280000000514, 2.537585519907651133 ) ) ;
#3282 = ORIENTED_EDGE ( 'NONE', *, *, #1600, .T. ) ;
#3283 = ORIENTED_EDGE ( 'NONE', *, *, #1512, .T. ) ;
#3284 = B_SPLINE_CURVE_WITH_KNOTS ( 'NONE', 3,
 ( #2684, #1389, #72, #391 ),
 .UNSPECIFIED., .F., .F.,
 ( 4, 4 ),
 ( 0.09229527947155809209, 0.09392440925615408442 ),
 .UNSPECIFIED. ) ;
#3285 = LINE ( 'NONE', #1661, #2889 ) ;
#3286 = DIRECTION ( 'NONE',  ( -0.7248872777925956523, 0.000000000000000000, 0.6888675014067946467 ) ) ;
#3287 = PLANE ( 'NONE',  #3492 ) ;
#3288 = VECTOR ( 'NONE', #1699, 1000.000000000000000 ) ;
#3289 = EDGE_CURVE ( 'NONE', #703, #4001, #3018, .T. ) ;
#3290 = EDGE_CURVE ( 'NONE', #1434, #3252, #3357, .T. ) ;
#3291 = VERTEX_POINT ( 'NONE', #1411 ) ;
#3292 = ORIENTED_EDGE ( 'NONE', *, *, #274, .F. ) ;
#3293 = CARTESIAN_POINT ( 'NONE',  ( -83.70945874278774568, 445.4444399999999860, 79.54992100821259271 ) ) ;
#3294 = DIRECTION ( 'NONE',  ( 0.02688405537884489688, 0.000000000000000000, 0.9996385584632012655 ) ) ;
#3295 = VECTOR ( 'NONE', #3952, 1000.000000000000000 ) ;
#3296 = EDGE_CURVE ( 'NONE', #3198, #2885, #155, .T. ) ;
#3297 = ORIENTED_EDGE ( 'NONE', *, *, #525, .T. ) ;
#3298 = AXIS2_PLACEMENT_3D ( 'NONE', #1953, #1289, #2601 ) ;
#3299 = CARTESIAN_POINT ( 'NONE',  ( -292.8379051515317428, 533.3333280000000514, 0.5759372687055264173 ) ) ;
#3300 = CARTESIAN_POINT ( 'NONE',  ( -199.8794144029798190, 449.4444400000000428, 9.209109431590469796 ) ) ;
#3301 = CARTESIAN_POINT ( 'NONE',  ( -265.5219321219681774, 533.3333280000000514, 2.837808823443983997 ) ) ;
#3302 = VECTOR ( 'NONE', #3957, 1000.000000000000000 ) ;
#3303 = B_SPLINE_SURFACE_WITH_KNOTS ( 'NONE', 3, 1, ( 
 ( #3880, #1900 ),
 ( #590, #40 ),
 ( #3943, #3221 ),
 ( #3244, #3264 ),
 ( #1576, #336 ),
 ( #2224, #3200 ),
 ( #279, #961 ),
 ( #2265, #1296 ),
 ( #1945, #319 ) ),
 .UNSPECIFIED., .F., .F., .F.,
 ( 4, 1, 1, 1, 1, 1, 4 ),
 ( 2, 2 ),
 ( 0.008052357163076461627, 0.01180441452156668833, 0.01555647188005691330, 0.02306058659703736496, 0.03056470131401781837, 0.03431675867250804507, 0.03806881603099827177 ),
 ( 0.000000000000000000, 1.000000000000000000 ),
 .UNSPECIFIED. ) ;
#3304 = EDGE_CURVE ( 'NONE', #1787, #2637, #112, .T. ) ;
#3305 = EDGE_CURVE ( 'NONE', #330, #621, #2663, .T. ) ;
#3306 = CARTESIAN_POINT ( 'NONE',  ( -260.7043874911533976, 533.3333280000000514, 6.146900934099051916 ) ) ;
#3307 = VERTEX_POINT ( 'NONE', #3958 ) ;
#3308 = CARTESIAN_POINT ( 'NONE',  ( -171.0363900829410113, 444.4444399999999291, 9.645892564013939463 ) ) ;
#3309 = FACE_OUTER_BOUND ( 'NONE', #1466, .T. ) ;
#3310 = VERTEX_POINT ( 'NONE', #746 ) ;
#3311 = FACE_OUTER_BOUND ( 'NONE', #3460, .T. ) ;
#3312 = LINE ( 'NONE', #324, #484 ) ;
#3313 = EDGE_LOOP ( 'NONE', ( #794, #69, #3937, #3487 ) ) ;
#3314 = FACE_OUTER_BOUND ( 'NONE', #3187, .T. ) ;
#3315 = CARTESIAN_POINT ( 'NONE',  ( -141.1614346981550625, 444.4444400000003270, 27.35412429335869788 ) ) ;
#3316 = VECTOR ( 'NONE', #1273, 1000.000000000000000 ) ;
#3317 = EDGE_LOOP ( 'NONE', ( #7, #2936, #3144, #1123 ) ) ;
#3318 = CIRCLE ( 'NONE', #656, 0.4000000000000461520 ) ;
#3319 = CARTESIAN_POINT ( 'NONE',  ( -279.6950825001121075, 533.3333280000000514, 1.796581939513774318 ) ) ;
#3320 = CARTESIAN_POINT ( 'NONE',  ( -225.6975725102136039, 449.4444400000000428, 8.533007167635533463 ) ) ;
#3321 = DIRECTION ( 'NONE',  ( -0.1609050596807223288, 0.000000000000000000, 0.9869698889880801351 ) ) ;
#3322 = EDGE_CURVE ( 'NONE', #2794, #2131, #2073, .T. ) ;
#3323 = AXIS2_PLACEMENT_3D ( 'NONE', #1770, #3706, #3397 ) ;
#3324 = CARTESIAN_POINT ( 'NONE',  ( -149.7391703492796466, 445.4444399999999291, 25.87777162697155120 ) ) ;
#3325 = EDGE_CURVE ( 'NONE', #1768, #1816, #4013, .T. ) ;
#3326 = CARTESIAN_POINT ( 'NONE',  ( -255.0275276099411883, 449.4444399999999860, 7.279903762745748352 ) ) ;
#3327 = ORIENTED_EDGE ( 'NONE', *, *, #4172, .F. ) ;
#3328 = CARTESIAN_POINT ( 'NONE',  ( -242.5218837963553824, 444.4444399999999860, 11.68162153531826419 ) ) ;
#3329 = DIRECTION ( 'NONE',  ( 0.000000000000000000, -1.000000000000000000, 0.000000000000000000 ) ) ;
#3330 = VERTEX_POINT ( 'NONE', #3378 ) ;
#3331 = CYLINDRICAL_SURFACE ( 'NONE', #148, 10.79999999999999005 ) ;
#3332 = CARTESIAN_POINT ( 'NONE',  ( -219.6165091063904526, 449.4444400000003839, 16.96789906232488221 ) ) ;
#3333 = DIRECTION ( 'NONE',  ( 0.000000000000000000, -1.000000000000000000, 0.000000000000000000 ) ) ;
#3334 = ORIENTED_EDGE ( 'NONE', *, *, #2036, .T. ) ;
#3335 = CARTESIAN_POINT ( 'NONE',  ( -102.2995470815227037, 445.4444399999999860, 21.28692364242536073 ) ) ;
#3336 = DIRECTION ( 'NONE',  ( 0.000000000000000000, -0.000000000000000000, -1.000000000000000000 ) ) ;
#3337 = DIRECTION ( 'NONE',  ( -0.9996385584632171417, 0.000000000000000000, 0.02688405537825780747 ) ) ;
#3338 = UNCERTAINTY_MEASURE_WITH_UNIT (LENGTH_MEASURE( 1.000000000000000082E-05 ), #2679, 'distance_accuracy_value', 'NONE');
#3339 = CARTESIAN_POINT ( 'NONE',  ( -152.7139117670830331, 449.4444400000000428, 25.70190672669912146 ) ) ;
#3340 = EDGE_CURVE ( 'NONE', #2185, #1535, #3057, .T. ) ;
#3341 = EDGE_CURVE ( 'NONE', #3330, #2157, #4033, .T. ) ;
#3342 = CARTESIAN_POINT ( 'NONE',  ( -190.3522683579551540, 449.4444399999999860, 21.10012339114813074 ) ) ;
#3343 = ORIENTED_EDGE ( 'NONE', *, *, #323, .F. ) ;
#3344 = EDGE_CURVE ( 'NONE', #3330, #2043, #2739, .T. ) ;
#3345 = DIRECTION ( 'NONE',  ( 0.6888675014067476843, 0.000000000000000000, 0.7248872777926403943 ) ) ;
#3346 = CARTESIAN_POINT ( 'NONE',  ( -92.50000000000000000, 449.4444399999999860, 16.74722354252675771 ) ) ;
#3347 = VERTEX_POINT ( 'NONE', #1111 ) ;
#3348 = ORIENTED_EDGE ( 'NONE', *, *, #1280, .T. ) ;
#3349 = CARTESIAN_POINT ( 'NONE',  ( -269.3505351009392257, 444.4444400000000428, 8.883550396655465420 ) ) ;
#3350 = CARTESIAN_POINT ( 'NONE',  ( -112.7120578240558046, 444.4444400000003270, 28.11340712263204367 ) ) ;
#3351 = CARTESIAN_POINT ( 'NONE',  ( -148.7881936969120034, 445.4444399999999860, 9.559548402074911522 ) ) ;
#3352 = VECTOR ( 'NONE', #3045, 999.9999999999998863 ) ;
#3353 = ORIENTED_EDGE ( 'NONE', *, *, #3581, .F. ) ;
#3354 = FACE_OUTER_BOUND ( 'NONE', #2300, .T. ) ;
#3355 = VECTOR ( 'NONE', #1309, 1000.000000000000000 ) ;
#3356 = CARTESIAN_POINT ( 'NONE',  ( -132.8079613817489815, 533.3333280000000514, 8.488640521341494605 ) ) ;
#3357 = LINE ( 'NONE', #711, #90 ) ;
#3358 = AXIS2_PLACEMENT_3D ( 'NONE', #3755, #2299, #289 ) ;
#3359 = DIRECTION ( 'NONE',  ( -0.6888675014067938696, 0.000000000000000000, -0.7248872777925964295 ) ) ;
#3360 = PLANE ( 'NONE',  #2341 ) ;
#3361 = PRODUCT_DEFINITION_FORMATION_WITH_SPECIFIED_SOURCE ( 'ANY', '', #734, .NOT_KNOWN. ) ;
#3362 = DIRECTION ( 'NONE',  ( 0.9304391691071159931, 0.000000000000000000, -0.3664463843337242843 ) ) ;
#3363 = ORIENTED_EDGE ( 'NONE', *, *, #3164, .T. ) ;
#3364 = B_SPLINE_CURVE_WITH_KNOTS ( 'NONE', 3,
 ( #109, #1819, #1386, #1087, #2697 ),
 .UNSPECIFIED., .F., .F.,
 ( 4, 1, 4 ),
 ( 0.07254750654798805543, 0.07759797097803880495, 0.08324180255566196451 ),
 .UNSPECIFIED. ) ;
#3365 = DIRECTION ( 'NONE',  ( -0.7248872777925964295, 0.000000000000000000, 0.6888675014067938696 ) ) ;
#3366 = ADVANCED_FACE ( 'NONE', ( #2421 ), #1709, .T. ) ;
#3367 = FACE_OUTER_BOUND ( 'NONE', #305, .T. ) ;
#3368 = ORIENTED_EDGE ( 'NONE', *, *, #2179, .F. ) ;
#3369 = ORIENTED_EDGE ( 'NONE', *, *, #1044, .F. ) ;
#3370 = DIRECTION ( 'NONE',  ( -0.7248872777926382849, 0.000000000000000000, 0.6888675014067499047 ) ) ;
#3371 = CARTESIAN_POINT ( 'NONE',  ( -282.6978133705282517, 533.3333280000000514, 5.318962716800226254 ) ) ;
#3372 = EDGE_CURVE ( 'NONE', #1398, #2674, #232, .T. ) ;
#3373 = CARTESIAN_POINT ( 'NONE',  ( -195.1153897876525889, 444.4444399999999860, 9.298503150647020377 ) ) ;
#3374 = VERTEX_POINT ( 'NONE', #837 ) ;
#3375 = ORIENTED_EDGE ( 'NONE', *, *, #3268, .F. ) ;
#3376 = CARTESIAN_POINT ( 'NONE',  ( -251.1237328128931381, 449.4444399999999860, 7.476682415742273768 ) ) ;
#3377 = CARTESIAN_POINT ( 'NONE',  ( -219.5727436744082013, 444.4444400000000428, 8.709749623887196535 ) ) ;
#3378 = CARTESIAN_POINT ( 'NONE',  ( -252.4608865830120124, 444.4444399999999860, 7.408327899663251337 ) ) ;
#3379 = VECTOR ( 'NONE', #3032, 1000.000000000000000 ) ;
#3380 = ORIENTED_EDGE ( 'NONE', *, *, #3950, .T. ) ;
#3381 = CARTESIAN_POINT ( 'NONE',  ( -262.6644455877011524, 533.3333280000000514, 7.467009704363589684 ) ) ;
#3382 = CARTESIAN_POINT ( 'NONE',  ( -112.7508309264629105, 449.4444399999999860, 7.689384925052574538 ) ) ;
#3383 = CARTESIAN_POINT ( 'NONE',  ( -243.1847437545577009, 444.4444399999999291, 7.852033320476859757 ) ) ;
#3384 = VECTOR ( 'NONE', #2737, 1000.000000000000000 ) ;
#3385 = ORIENTED_EDGE ( 'NONE', *, *, #1942, .F. ) ;
#3386 = VECTOR ( 'NONE', #1024, 1000.000000000000114 ) ;
#3387 = PLANE ( 'NONE',  #3997 ) ;
#3388 = DIRECTION ( 'NONE',  ( 0.000000000000000000, 0.000000000000000000, -1.000000000000000000 ) ) ;
#3389 = ORIENTED_EDGE ( 'NONE', *, *, #2677, .T. ) ;
#3390 = VERTEX_POINT ( 'NONE', #4145 ) ;
#3391 = VERTEX_POINT ( 'NONE', #2513 ) ;
#3392 = ADVANCED_FACE ( 'NONE', ( #3463 ), #1451, .T. ) ;
#3393 = CARTESIAN_POINT ( 'NONE',  ( -214.7170587909637618, 445.4444399999999860, 9.410057304301764347 ) ) ;
#3394 = DIRECTION ( 'NONE',  ( -0.000000000000000000, -1.000000000000000000, -0.000000000000000000 ) ) ;
#3395 = DIRECTION ( 'NONE',  ( 0.9978411957034449831, -0.000000000000000000, 0.06567303980416459852 ) ) ;
#3396 = ORIENTED_EDGE ( 'NONE', *, *, #3081, .T. ) ;
#3397 = DIRECTION ( 'NONE',  ( 0.000000000000000000, -0.000000000000000000, -1.000000000000000000 ) ) ;
#3398 = EDGE_CURVE ( 'NONE', #905, #1498, #2806, .T. ) ;
#3399 = DIRECTION ( 'NONE',  ( -0.000000000000000000, -1.000000000000000000, -0.000000000000000000 ) ) ;
#3400 = DIRECTION ( 'NONE',  ( 0.000000000000000000, 0.000000000000000000, -1.000000000000000000 ) ) ;
#3401 = DIRECTION ( 'NONE',  ( -0.02688405537825821340, 0.000000000000000000, -0.9996385584632171417 ) ) ;
#3402 = LINE ( 'NONE', #160, #2746 ) ;
#3403 = CARTESIAN_POINT ( 'NONE',  ( -249.8586558847692345, 444.4444399999999860, 9.692726198989218389 ) ) ;
#3404 = LINE ( 'NONE', #475, #4201 ) ;
#3405 = LINE ( 'NONE', #476, #1341 ) ;
#3406 = LINE ( 'NONE', #3452, #352 ) ;
#3407 = ORIENTED_EDGE ( 'NONE', *, *, #1922, .F. ) ;
#3408 = ORIENTED_EDGE ( 'NONE', *, *, #270, .T. ) ;
#3409 = CARTESIAN_POINT ( 'NONE',  ( -229.1182474458889260, 445.4444399999999291, 8.398858338977790439 ) ) ;
#3410 = CARTESIAN_POINT ( 'NONE',  ( -260.9867192135901064, 449.4444399999999860, 7.878685561044791896 ) ) ;
#3411 = CARTESIAN_POINT ( 'NONE',  ( -260.9867192135903338, 533.3333280000000514, 7.878685561044759034 ) ) ;
#3412 = DIRECTION ( 'NONE',  ( 0.5246302302905517800, 0.000000000000000000, 0.8513302070673179900 ) ) ;
#3413 = EDGE_CURVE ( 'NONE', #3729, #2846, #1524, .T. ) ;
#3414 = EDGE_CURVE ( 'NONE', #1150, #2610, #1545, .T. ) ;
#3415 = ORIENTED_EDGE ( 'NONE', *, *, #373, .T. ) ;
#3416 = LINE ( 'NONE', #834, #939 ) ;
#3417 = CARTESIAN_POINT ( 'NONE',  ( -196.0844992106079587, 445.4444399999999860, 9.280012691016615634 ) ) ;
#3418 = LINE ( 'NONE', #861, #2135 ) ;
#3419 = EDGE_CURVE ( 'NONE', #4005, #3211, #1999, .T. ) ;
#3420 = ORIENTED_EDGE ( 'NONE', *, *, #12, .T. ) ;
#3421 = CARTESIAN_POINT ( 'NONE',  ( -112.6486715160237821, 449.4444399999999860, 11.48801144721272749 ) ) ;
#3422 = CIRCLE ( 'NONE', #1782, 0.6000000000000033085 ) ;
#3423 = CARTESIAN_POINT ( 'NONE',  ( -112.7508309264629105, 449.4444399999999860, 7.689384925052574538 ) ) ;
#3424 = AXIS2_PLACEMENT_3D ( 'NONE', #4106, #2831, #3468 ) ;
#3425 = CARTESIAN_POINT ( 'NONE',  ( -164.4197008633243513, 445.4444399999999860, 23.02289892259648951 ) ) ;
#3426 = ADVANCED_FACE ( 'NONE', ( #2848 ), #1223, .F. ) ;
#3427 = VERTEX_POINT ( 'NONE', #201 ) ;
#3428 = VECTOR ( 'NONE', #1267, 1000.000000000000114 ) ;
#3429 = CARTESIAN_POINT ( 'NONE',  ( -112.2016622524414373, 444.4444399999999860, 28.10930200660903822 ) ) ;
#3430 = CARTESIAN_POINT ( 'NONE',  ( -292.8379051518247138, 533.3333280000000514, 0.5759372686756060178 ) ) ;
#3431 = VECTOR ( 'NONE', #3633, 1000.000000000000000 ) ;
#3432 = ORIENTED_EDGE ( 'NONE', *, *, #4075, .T. ) ;
#3433 = ORIENTED_EDGE ( 'NONE', *, *, #3836, .T. ) ;
#3434 = FACE_BOUND ( 'NONE', #4097, .T. ) ;
#3435 = CARTESIAN_POINT ( 'NONE',  ( -165.5945624024669769, 444.4444399999999860, 9.630070904658040831 ) ) ;
#3436 = CARTESIAN_POINT ( 'NONE',  ( -270.6058122691740664, 444.4444399999999860, 7.731282320555687093 ) ) ;
#3437 = CARTESIAN_POINT ( 'NONE',  ( -132.0558163129703644, 445.4444399999999860, 26.96303150527401016 ) ) ;
#3438 = ORIENTED_EDGE ( 'NONE', *, *, #492, .T. ) ;
#3439 = VERTEX_POINT ( 'NONE', #1478 ) ;
#3440 = CARTESIAN_POINT ( 'NONE',  ( -265.7189512413806938, 449.4444399999999860, 5.831332410554418644 ) ) ;
#3441 = CARTESIAN_POINT ( 'NONE',  ( -282.6978133705282517, 444.4444399999999291, 5.318962716800226254 ) ) ;
#3442 = CARTESIAN_POINT ( 'NONE',  ( -235.6014818645786590, 444.4444399999999291, 12.83722639092111173 ) ) ;
#3443 = ORIENTED_EDGE ( 'NONE', *, *, #1488, .F. ) ;
#3444 = DIRECTION ( 'NONE',  ( 0.7248872777926378408, 0.000000000000000000, -0.6888675014067503488 ) ) ;
#3445 = ADVANCED_FACE ( 'NONE', ( #4058 ), #1501, .T. ) ;
#3446 = DIRECTION ( 'NONE',  ( 0.000000000000000000, 1.000000000000000000, -0.000000000000000000 ) ) ;
#3447 = CARTESIAN_POINT ( 'NONE',  ( -252.0157015678383061, 445.4444400000000428, 7.431360752369295497 ) ) ;
#3448 = B_SPLINE_CURVE_WITH_KNOTS ( 'NONE', 3,
 ( #4178, #3517, #4222, #941, #2246, #3539, #610, #301, #354, #1336, #2650, #1963, #1637, #4199 ),
 .UNSPECIFIED., .F., .F.,
 ( 4, 1, 1, 1, 1, 1, 1, 1, 1, 1, 1, 4 ),
 ( 0.04416555291674022221, 0.05452787951388714249, 0.06815984939235858464, 0.08179181927083004067, 0.1090557590277729250, 0.1363196987847158093, 0.1499516686631872653, 0.1635836385416586936, 0.1772156084201301773, 0.1908475782986016056, 0.1928611597997482718, 0.1945651560345577624 ),
 .UNSPECIFIED. ) ;
#3449 = EDGE_LOOP ( 'NONE', ( #1096, #3955, #377 ) ) ;
#3450 = ADVANCED_FACE ( 'NONE', ( #3099, #3806, #884, #3733 ), #4101, .T. ) ;
#3451 = PLANE ( 'NONE',  #1964 ) ;
#3452 = CARTESIAN_POINT ( 'NONE',  ( -64.16437595342723910, 445.4444399999999860, 62.29146121145266335 ) ) ;
#3453 = VERTEX_POINT ( 'NONE', #908 ) ;
#3454 = ORIENTED_EDGE ( 'NONE', *, *, #1700, .T. ) ;
#3455 = VECTOR ( 'NONE', #1916, 1000.000000000000000 ) ;
#3456 = FACE_BOUND ( 'NONE', #743, .T. ) ;
#3457 = CARTESIAN_POINT ( 'NONE',  ( -228.9787319495090969, 444.4444399999999860, 8.123221266307991684 ) ) ;
#3458 = DIRECTION ( 'NONE',  ( 0.000000000000000000, -1.000000000000000000, 0.000000000000000000 ) ) ;
#3459 = CARTESIAN_POINT ( 'NONE',  ( -293.2676002059585585, 444.4444399999999860, 1.330312713632799237 ) ) ;
#3460 = EDGE_LOOP ( 'NONE', ( #2813, #1795, #4125, #3602 ) ) ;
#3461 = CARTESIAN_POINT ( 'NONE',  ( -290.1604015055182231, 533.3333280000000514, 1.637864100023814773 ) ) ;
#3462 = CARTESIAN_POINT ( 'NONE',  ( -200.6618418067348557, 444.4444399999999291, 9.191674515743700979 ) ) ;
#3463 = FACE_OUTER_BOUND ( 'NONE', #3527, .T. ) ;
#3464 = UNCERTAINTY_MEASURE_WITH_UNIT (LENGTH_MEASURE( 1.000000000000000082E-05 ), #3272, 'distance_accuracy_value', 'NONE');
#3465 = ORIENTED_EDGE ( 'NONE', *, *, #2146, .F. ) ;
#3466 = CARTESIAN_POINT ( 'NONE',  ( -245.5029835924179622, 445.4444399999999860, 8.073649514971068086 ) ) ;
#3467 = ORIENTED_EDGE ( 'NONE', *, *, #3052, .F. ) ;
#3468 = DIRECTION ( 'NONE',  ( 0.000000000000000000, 0.000000000000000000, -1.000000000000000000 ) ) ;
#3469 = CARTESIAN_POINT ( 'NONE',  ( -133.7537577297727012, 445.4444399999999860, 26.88888592144400747 ) ) ;
#3470 = ADVANCED_FACE ( 'NONE', ( #4123 ), #558, .T. ) ;
#3471 = EDGE_CURVE ( 'NONE', #4023, #1135, #3418, .T. ) ;
#3472 = ORIENTED_EDGE ( 'NONE', *, *, #707, .T. ) ;
#3473 = FACE_OUTER_BOUND ( 'NONE', #735, .T. ) ;
#3474 = PLANE ( 'NONE',  #2272 ) ;
#3475 = EDGE_CURVE ( 'NONE', #1081, #2696, #3826, .T. ) ;
#3476 = ORIENTED_EDGE ( 'NONE', *, *, #903, .F. ) ;
#3477 = ORIENTED_EDGE ( 'NONE', *, *, #1961, .F. ) ;
#3478 = FACE_BOUND ( 'NONE', #1344, .T. ) ;
#3479 = DIRECTION ( 'NONE',  ( 0.000000000000000000, -1.000000000000000000, 0.000000000000000000 ) ) ;
#3480 = CARTESIAN_POINT ( 'NONE',  ( -112.6701787603263796, 449.4444399999999860, 10.68830060044215280 ) ) ;
#3481 = LINE ( 'NONE', #3437, #830 ) ;
#3482 = ORIENTED_EDGE ( 'NONE', *, *, #871, .T. ) ;
#3483 = ORIENTED_EDGE ( 'NONE', *, *, #136, .F. ) ;
#3484 = DIRECTION ( 'NONE',  ( 1.000000000000000000, 0.000000000000000000, 0.000000000000000000 ) ) ;
#3485 = CARTESIAN_POINT ( 'NONE',  ( -240.4624955004808839, 444.4444399999999291, 7.187158872640684315 ) ) ;
#3486 = DIRECTION ( 'NONE',  ( -0.9304391691071159931, 0.000000000000000000, 0.3664463843337242843 ) ) ;
#3487 = ORIENTED_EDGE ( 'NONE', *, *, #4047, .T. ) ;
#3488 = DIRECTION ( 'NONE',  ( -0.009894637397860174891, 0.000000000000000000, 0.9999510468771782845 ) ) ;
#3489 = DIRECTION ( 'NONE',  ( 0.000000000000000000, 0.000000000000000000, -1.000000000000000000 ) ) ;
#3490 = DIRECTION ( 'NONE',  ( 0.000000000000000000, -1.000000000000000000, 0.000000000000000000 ) ) ;
#3491 = DIRECTION ( 'NONE',  ( 0.000000000000000000, -1.000000000000000000, 0.000000000000000000 ) ) ;
#3492 = AXIS2_PLACEMENT_3D ( 'NONE', #1623, #2270, #2005 ) ;
#3493 = ORIENTED_EDGE ( 'NONE', *, *, #2518, .F. ) ;
#3494 = AXIS2_PLACEMENT_3D ( 'NONE', #1369, #3000, #3337 ) ;
#3495 = LINE ( 'NONE', #1140, #2851 ) ;
#3496 = CARTESIAN_POINT ( 'NONE',  ( -274.1238790097720539, 533.3333280000000514, 2.239275516227556828 ) ) ;
#3497 = AXIS2_PLACEMENT_3D ( 'NONE', #481, #1516, #194 ) ;
#3498 = EDGE_LOOP ( 'NONE', ( #833, #282, #3033 ) ) ;
#3499 = ORIENTED_EDGE ( 'NONE', *, *, #527, .T. ) ;
#3500 = FACE_OUTER_BOUND ( 'NONE', #1774, .T. ) ;
#3501 = EDGE_CURVE ( 'NONE', #2024, #2347, #2343, .T. ) ;
#3502 = LINE ( 'NONE', #1561, #918 ) ;
#3503 = CARTESIAN_POINT ( 'NONE',  ( -262.6644455877007545, 533.3333280000000514, 7.467009704363683831 ) ) ;
#3504 = CARTESIAN_POINT ( 'NONE',  ( -245.7811620399695016, 445.4444399999999860, 8.251920861738131663 ) ) ;
#3505 = VERTEX_POINT ( 'NONE', #4080 ) ;
#3506 = ORIENTED_EDGE ( 'NONE', *, *, #2989, .F. ) ;
#3507 =( NAMED_UNIT ( * ) SI_UNIT ( $, .STERADIAN. ) SOLID_ANGLE_UNIT ( ) );
#3508 = LINE ( 'NONE', #2534, #1794 ) ;
#3509 = ADVANCED_FACE ( 'NONE', ( #2468 ), #1154, .T. ) ;
#3510 = CARTESIAN_POINT ( 'NONE',  ( -192.5000000000002274, 444.4444399999999860, 15.15093237103806700 ) ) ;
#3511 = EDGE_LOOP ( 'NONE', ( #3807, #2231, #77 ) ) ;
#3512 = CARTESIAN_POINT ( 'NONE',  ( -290.3163669967450460, 444.4444399999999860, 0.8276152839412153073 ) ) ;
#3513 = CARTESIAN_POINT ( 'NONE',  ( -112.8759871213074177, 445.4444399999999860, 3.035661502803515432 ) ) ;
#3514 = DIRECTION ( 'NONE',  ( 0.000000000000000000, 1.000000000000000000, -0.000000000000000000 ) ) ;
#3515 = EDGE_LOOP ( 'NONE', ( #2319, #1884, #2726, #1082 ) ) ;
#3516 = DIRECTION ( 'NONE',  ( -0.000000000000000000, -1.000000000000000000, -0.000000000000000000 ) ) ;
#3517 = CARTESIAN_POINT ( 'NONE',  ( -257.7587715430228741, 449.4444399999999291, 8.668068884507697192 ) ) ;
#3518 = AXIS2_PLACEMENT_3D ( 'NONE', #1037, #2344, #1694 ) ;
#3519 = CIRCLE ( 'NONE', #1675, 6.324999999999983302 ) ;
#3520 = ORIENTED_EDGE ( 'NONE', *, *, #3289, .T. ) ;
#3521 = EDGE_LOOP ( 'NONE', ( #3348, #2619, #1890 ) ) ;
#3522 = CARTESIAN_POINT ( 'NONE',  ( -211.1184077329952231, 444.4444400000000428, 17.70282848235063256 ) ) ;
#3523 = AXIS2_PLACEMENT_3D ( 'NONE', #424, #1071, #510 ) ;
#3524 = CARTESIAN_POINT ( 'NONE',  ( -65.70031221889381357, 445.4444399999999860, -69.13567613106708620 ) ) ;
#3525 = DIRECTION ( 'NONE',  ( 0.000000000000000000, -1.000000000000000000, 0.000000000000000000 ) ) ;
#3526 = EDGE_CURVE ( 'NONE', #2696, #1932, #2237, .T. ) ;
#3527 = EDGE_LOOP ( 'NONE', ( #3477, #1607, #543, #739 ) ) ;
#3528 = VECTOR ( 'NONE', #3269, 1000.000000000000114 ) ;
#3529 = VERTEX_POINT ( 'NONE', #992 ) ;
#3530 = CARTESIAN_POINT ( 'NONE',  ( -133.5566762934620613, 445.4444400000000428, 9.276641230029431640 ) ) ;
#3531 = DIRECTION ( 'NONE',  ( 0.02646596929541218668, 0.000000000000000000, 0.9996497148847962588 ) ) ;
#3532 = ORIENTED_EDGE ( 'NONE', *, *, #4049, .F. ) ;
#3533 = EDGE_CURVE ( 'NONE', #281, #4005, #2915, .T. ) ;
#3534 = DIRECTION ( 'NONE',  ( 0.000000000000000000, -1.000000000000000000, 0.000000000000000000 ) ) ;
#3535 = LINE ( 'NONE', #1549, #2506 ) ;
#3536 = CARTESIAN_POINT ( 'NONE',  ( -65.70031221889381357, 445.4444399999999860, -69.13567613106708620 ) ) ;
#3537 = DIRECTION ( 'NONE',  ( -0.000000000000000000, -1.000000000000000000, -0.000000000000000000 ) ) ;
#3538 = CARTESIAN_POINT ( 'NONE',  ( -113.3033073901014376, 449.4444400000000428, 7.716868825675743615 ) ) ;
#3539 = CARTESIAN_POINT ( 'NONE',  ( -196.2236163048101787, 449.4444399999999860, 21.18604354544763169 ) ) ;
#3540 = ORIENTED_EDGE ( 'NONE', *, *, #62, .F. ) ;
#3541 = EDGE_LOOP ( 'NONE', ( #2533, #2547, #3071, #1904 ) ) ;
#3542 = CARTESIAN_POINT ( 'NONE',  ( -259.3915731961845381, 444.4444399999999860, 7.445118414148630848 ) ) ;
#3543 = CARTESIAN_POINT ( 'NONE',  ( -164.3945645426477427, 444.4444399999999860, 9.632322640913395517 ) ) ;
#3544 = DIRECTION ( 'NONE',  ( -0.6888675014067493496, 0.000000000000000000, -0.7248872777926388400 ) ) ;
#3545 = ORIENTED_EDGE ( 'NONE', *, *, #954, .F. ) ;
#3546 = ORIENTED_EDGE ( 'NONE', *, *, #2722, .F. ) ;
#3547 = CARTESIAN_POINT ( 'NONE',  ( -186.6071088486877159, 445.4444399999999860, 17.44863968024492351 ) ) ;
#3548 = EDGE_CURVE ( 'NONE', #127, #3629, #1628, .T. ) ;
#3549 = ORIENTED_EDGE ( 'NONE', *, *, #729, .F. ) ;
#3550 = DIRECTION ( 'NONE',  ( -0.7430509880625497665, 0.000000000000000000, -0.6692348086727621936 ) ) ;
#3551 = LINE ( 'NONE', #2239, #3587 ) ;
#3552 = CARTESIAN_POINT ( 'NONE',  ( -133.7537577194111975, 444.4444399999999860, 26.88888592191672444 ) ) ;
#3553 = EDGE_CURVE ( 'NONE', #3374, #805, #3912, .T. ) ;
#3554 = PLANE ( 'NONE',  #4200 ) ;
#3555 = EDGE_CURVE ( 'NONE', #2258, #1816, #1912, .T. ) ;
#3556 = VECTOR ( 'NONE', #4118, 1000.000000000000114 ) ;
#3557 = CARTESIAN_POINT ( 'NONE',  ( -211.1184077329953368, 449.4444399999999291, 17.70282848235061479 ) ) ;
#3558 = CARTESIAN_POINT ( 'NONE',  ( -267.5579742966421577, 444.4444400000000428, 3.504036228200401393 ) ) ;
#3559 = VERTEX_POINT ( 'NONE', #2255 ) ;
#3560 = ORIENTED_EDGE ( 'NONE', *, *, #164, .T. ) ;
#3561 = CARTESIAN_POINT ( 'NONE',  ( -251.1237327974606899, 444.4444399999999860, 7.476682416521709840 ) ) ;
#3562 = DIRECTION ( 'NONE',  ( 0.6888675014067531244, 0.000000000000000000, 0.7248872777926351763 ) ) ;
#3563 = CARTESIAN_POINT ( 'NONE',  ( -148.5690912469533203, 445.4444399999999860, 9.556892805854760198 ) ) ;
#3564 = VECTOR ( 'NONE', #2215, 1000.000000000000114 ) ;
#3565 = ORIENTED_EDGE ( 'NONE', *, *, #1310, .F. ) ;
#3566 = ORIENTED_EDGE ( 'NONE', *, *, #2805, .F. ) ;
#3567 = CARTESIAN_POINT ( 'NONE',  ( -114.4461369841751264, 445.4444399999999860, 8.572950441632642082 ) ) ;
#3568 = CARTESIAN_POINT ( 'NONE',  ( -265.8557205421093954, 444.4444400000003270, 6.670256816194784832 ) ) ;
#3569 = ORIENTED_EDGE ( 'NONE', *, *, #2098, .F. ) ;
#3570 = ORIENTED_EDGE ( 'NONE', *, *, #2597, .F. ) ;
#3571 = DIRECTION ( 'NONE',  ( 0.9996385584632171417, 0.000000000000000000, -0.02688405537825779359 ) ) ;
#3572 = DIRECTION ( 'NONE',  ( 0.000000000000000000, -1.000000000000000000, 0.000000000000000000 ) ) ;
#3573 = LINE ( 'NONE', #2262, #937 ) ;
#3574 = EDGE_LOOP ( 'NONE', ( #2502, #3472, #3967, #3678 ) ) ;
#3575 = CARTESIAN_POINT ( 'NONE',  ( -66.52695322057213900, 445.4444399999999860, -70.00554086441651691 ) ) ;
#3576 = EDGE_CURVE ( 'NONE', #805, #668, #1610, .T. ) ;
#3577 = ORIENTED_EDGE ( 'NONE', *, *, #2791, .T. ) ;
#3578 = CARTESIAN_POINT ( 'NONE',  ( -259.3915731961799338, 449.4444399999999860, 7.445118414149744623 ) ) ;
#3579 = CARTESIAN_POINT ( 'NONE',  ( -285.8727052897817202, 444.4444400000000428, 2.045397586164800607 ) ) ;
#3580 = ORIENTED_EDGE ( 'NONE', *, *, #1460, .F. ) ;
#3581 = EDGE_CURVE ( 'NONE', #3768, #3077, #686, .T. ) ;
#3582 = CARTESIAN_POINT ( 'NONE',  ( -237.9153930459915784, 444.4444399999999860, 12.36233482739456591 ) ) ;
#3583 = CARTESIAN_POINT ( 'NONE',  ( -176.6433472521857198, 445.4444399999999860, 9.564051733357914031 ) ) ;
#3584 = VECTOR ( 'NONE', #1505, 1000.000000000000114 ) ;
#3585 = CARTESIAN_POINT ( 'NONE',  ( -185.2486345918600534, 444.4444399999999860, 21.86308458077037287 ) ) ;
#3586 = ORIENTED_EDGE ( 'NONE', *, *, #1460, .T. ) ;
#3587 = VECTOR ( 'NONE', #2538, 1000.000000000000000 ) ;
#3588 = CARTESIAN_POINT ( 'NONE',  ( -266.3727187654359909, 533.3333280000000514, 3.583167371675653801 ) ) ;
#3589 = DIRECTION ( 'NONE',  ( -0.000000000000000000, -1.000000000000000000, -0.000000000000000000 ) ) ;
#3590 = CIRCLE ( 'NONE', #2845, 0.5999999999999928724 ) ;
#3591 = ORIENTED_EDGE ( 'NONE', *, *, #2667, .F. ) ;
#3592 = ORIENTED_EDGE ( 'NONE', *, *, #185, .T. ) ;
#3593 = LINE ( 'NONE', #3276, #2913 ) ;
#3594 = CARTESIAN_POINT ( 'NONE',  ( -92.50000000000000000, 449.4444399999999860, 16.74722354252675771 ) ) ;
#3595 = VECTOR ( 'NONE', #501, 1000.000000000000114 ) ;
#3596 = CARTESIAN_POINT ( 'NONE',  ( -133.9566240984088097, 445.4444399999999860, 9.287166304838079256 ) ) ;
#3597 = PLANE ( 'NONE',  #2651 ) ;
#3598 = EDGE_CURVE ( 'NONE', #3004, #2043, #3210, .T. ) ;
#3599 = ADVANCED_FACE ( 'NONE', ( #268 ), #932, .F. ) ;
#3600 = CARTESIAN_POINT ( 'NONE',  ( -267.5579742966421577, 533.3333280000000514, 3.504036228200401393 ) ) ;
#3601 = ORIENTED_EDGE ( 'NONE', *, *, #3671, .T. ) ;
#3602 = ORIENTED_EDGE ( 'NONE', *, *, #4067, .T. ) ;
#3603 = PLANE ( 'NONE',  #2814 ) ;
#3604 = CARTESIAN_POINT ( 'NONE',  ( -255.0045289145435561, 444.4444399999999860, 8.494121269285690445 ) ) ;
#3605 = ADVANCED_FACE ( 'NONE', ( #1989 ), #1244, .F. ) ;
#3606 = CARTESIAN_POINT ( 'NONE',  ( -192.5000000000002274, 449.4444399999999860, 20.27593237103806345 ) ) ;
#3607 = VERTEX_POINT ( 'NONE', #345 ) ;
#3608 = LINE ( 'NONE', #1402, #2554 ) ;
#3609 = B_SPLINE_CURVE_WITH_KNOTS ( 'NONE', 3,
 ( #1531, #4129, #1208, #2521, #499 ),
 .UNSPECIFIED., .F., .F.,
 ( 4, 1, 4 ),
 ( 0.08438467421112531841, 0.09694117715508035471, 0.09938822208567223149 ),
 .UNSPECIFIED. ) ;
#3610 = CARTESIAN_POINT ( 'NONE',  ( -79.83924460293808067, 445.4444399999999860, -84.01391060408241174 ) ) ;
#3611 = EDGE_CURVE ( 'NONE', #3723, #243, #3190, .T. ) ;
#3612 = EDGE_CURVE ( 'NONE', #89, #840, #311, .T. ) ;
#3613 = ORIENTED_EDGE ( 'NONE', *, *, #629, .F. ) ;
#3614 = VERTEX_POINT ( 'NONE', #1325 ) ;
#3615 = DIRECTION ( 'NONE',  ( -0.9996385584632171417, 0.000000000000000000, 0.02688405537825821687 ) ) ;
#3616 = CARTESIAN_POINT ( 'NONE',  ( -256.2563826241415654, 444.4444399999999860, 8.197415171186413829 ) ) ;
#3617 = CARTESIAN_POINT ( 'NONE',  ( -152.7139117670830331, 444.4444399999998723, 25.70190672669912146 ) ) ;
#3618 = FACE_OUTER_BOUND ( 'NONE', #266, .T. ) ;
#3619 = CARTESIAN_POINT ( 'NONE',  ( -255.0045289145195682, 449.4444399999999860, 8.494121269291358800 ) ) ;
#3620 = ORIENTED_EDGE ( 'NONE', *, *, #1339, .F. ) ;
#3621 = DIRECTION ( 'NONE',  ( -0.6407894207433059153, 0.000000000000000000, -0.7677166914060541414 ) ) ;
#3622 = LINE ( 'NONE', #3606, #3079 ) ;
#3623 = VECTOR ( 'NONE', #2137, 1000.000000000000000 ) ;
#3624 = ORIENTED_EDGE ( 'NONE', *, *, #3007, .F. ) ;
#3625 = EDGE_CURVE ( 'NONE', #4158, #2637, #4192, .T. ) ;
#3626 = CARTESIAN_POINT ( 'NONE',  ( -165.5945626566746967, 445.4444399999999860, 9.630199037178199362 ) ) ;
#3627 = DIRECTION ( 'NONE',  ( -0.7248872777926389510, 0.000000000000000000, 0.6888675014067492386 ) ) ;
#3628 = VECTOR ( 'NONE', #1550, 1000.000000000000114 ) ;
#3629 = VERTEX_POINT ( 'NONE', #3547 ) ;
#3630 = VECTOR ( 'NONE', #971, 1000.000000000000000 ) ;
#3631 = LINE ( 'NONE', #1956, #1470 ) ;
#3632 = EDGE_CURVE ( 'NONE', #303, #3839, #1522, .T. ) ;
#3633 = DIRECTION ( 'NONE',  ( 0.000000000000000000, 1.000000000000000000, 0.000000000000000000 ) ) ;
#3634 = DIRECTION ( 'NONE',  ( 0.000000000000000000, -0.000000000000000000, -1.000000000000000000 ) ) ;
#3635 = CARTESIAN_POINT ( 'NONE',  ( 0.5721654584183536452, 444.4444399999999860, 21.27501398164558211 ) ) ;
#3636 = CARTESIAN_POINT ( 'NONE',  ( -240.4624955004808839, 449.4444399999999860, 7.187158872640684315 ) ) ;
#3637 = ORIENTED_EDGE ( 'NONE', *, *, #164, .F. ) ;
#3638 = LINE ( 'NONE', #3328, #386 ) ;
#3639 = CARTESIAN_POINT ( 'NONE',  ( -149.2125205955679803, 444.4444399999999860, 25.91972275192623698 ) ) ;
#3640 = ORIENTED_EDGE ( 'NONE', *, *, #3548, .T. ) ;
#3641 = CARTESIAN_POINT ( 'NONE',  ( -116.9445762645164848, 445.4444399999999860, 111.1335796921702723 ) ) ;
#3642 = CARTESIAN_POINT ( 'NONE',  ( -172.8587101762493887, 449.4444400000003839, 24.44703151162762822 ) ) ;
#3643 = PLANE ( 'NONE',  #2501 ) ;
#3644 = EDGE_CURVE ( 'NONE', #3105, #1385, #4034, .T. ) ;
#3645 = ORIENTED_EDGE ( 'NONE', *, *, #891, .T. ) ;
#3646 = ADVANCED_FACE ( 'NONE', ( #2617 ), #1902, .F. ) ;
#3647 = ORIENTED_EDGE ( 'NONE', *, *, #2233, .F. ) ;
#3648 = VECTOR ( 'NONE', #1707, 1000.000000000000000 ) ;
#3649 = LINE ( 'NONE', #3335, #3648 ) ;
#3650 = CARTESIAN_POINT ( 'NONE',  ( -228.1328149042699351, 444.4444399999999860, 8.432706753699708457 ) ) ;
#3651 = DIRECTION ( 'NONE',  ( 0.000000000000000000, 1.000000000000000000, 0.000000000000000000 ) ) ;
#3652 = AXIS2_PLACEMENT_3D ( 'NONE', #1113, #2423, #3444 ) ;
#3653 = ADVANCED_FACE ( 'NONE', ( #706 ), #441, .F. ) ;
#3654 = CARTESIAN_POINT ( 'NONE',  ( -117.3872845654307042, 444.4444399999998723, 27.32359723883179825 ) ) ;
#3655 = AXIS2_PLACEMENT_3D ( 'NONE', #3243, #2943, #3922 ) ;
#3656 = B_SPLINE_CURVE_WITH_KNOTS ( 'NONE', 3,
 ( #3147, #3083, #3104, #230 ),
 .UNSPECIFIED., .F., .F.,
 ( 4, 4 ),
 ( 0.8794714910334887614, 0.8932818302118249454 ),
 .UNSPECIFIED. ) ;
#3657 = LINE ( 'NONE', #1736, #591 ) ;
#3658 = ORIENTED_EDGE ( 'NONE', *, *, #3921, .T. ) ;
#3659 = DIRECTION ( 'NONE',  ( 0.000000000000000000, 1.000000000000000000, -0.000000000000000000 ) ) ;
#3660 = CARTESIAN_POINT ( 'NONE',  ( -238.7043891112622589, 445.4444399999999860, 8.605628765596048169 ) ) ;
#3661 = VERTEX_POINT ( 'NONE', #2713 ) ;
#3662 = CARTESIAN_POINT ( 'NONE',  ( -280.0929048608386438, 533.3333280000000514, 6.043931826148671860 ) ) ;
#3663 = CARTESIAN_POINT ( 'NONE',  ( -219.6165091063904526, 444.4444400000003270, 16.96789906232488221 ) ) ;
#3664 = CARTESIAN_POINT ( 'NONE',  ( -253.3352003232437539, 445.4444399999999860, 8.886827556359165214 ) ) ;
#3665 = VERTEX_POINT ( 'NONE', #1084 ) ;
#3666 = LINE ( 'NONE', #3991, #4206 ) ;
#3667 = CARTESIAN_POINT ( 'NONE',  ( -215.2669448500682563, 444.4444399999999860, 8.828999562898186326 ) ) ;
#3668 = EDGE_CURVE ( 'NONE', #4135, #2394, #3953, .T. ) ;
#3669 = CARTESIAN_POINT ( 'NONE',  ( -50.02817683524102677, 444.4444399999999860, -52.64406993357871301 ) ) ;
#3670 = CARTESIAN_POINT ( 'NONE',  ( -111.8337132111004166, 444.4444399999999860, 11.46609414118742443 ) ) ;
#3671 = EDGE_CURVE ( 'NONE', #127, #2095, #2008, .T. ) ;
#3672 = CARTESIAN_POINT ( 'NONE',  ( -260.8576000460946602, 449.4444399999999860, 7.086686038695710010 ) ) ;
#3673 = CARTESIAN_POINT ( 'NONE',  ( -113.5285485838877975, 449.4444400000000428, 8.528672068350854119 ) ) ;
#3674 = ORIENTED_EDGE ( 'NONE', *, *, #4014, .T. ) ;
#3675 = EDGE_CURVE ( 'NONE', #696, #3096, #420, .T. ) ;
#3676 = CARTESIAN_POINT ( 'NONE',  ( -206.0353436069070199, 445.4444399999999860, 18.54572545475296863 ) ) ;
#3677 = CARTESIAN_POINT ( 'NONE',  ( -259.4640068570271865, 444.4444399999999860, 8.261595196955697773 ) ) ;
#3678 = ORIENTED_EDGE ( 'NONE', *, *, #2263, .F. ) ;
#3679 = VERTEX_POINT ( 'NONE', #1046 ) ;
#3680 = LINE ( 'NONE', #2693, #1436 ) ;
#3681 = CARTESIAN_POINT ( 'NONE',  ( -141.1614346981550625, 449.4444400000003839, 27.35412429335869788 ) ) ;
#3682 = LINE ( 'NONE', #3703, #2081 ) ;
#3683 = VECTOR ( 'NONE', #1831, 1000.000000000000000 ) ;
#3684 = EDGE_LOOP ( 'NONE', ( #2064, #4103, #2034, #2197 ) ) ;
#3685 = CARTESIAN_POINT ( 'NONE',  ( -102.2995470815227037, 444.4444399999999860, 21.28692364242538204 ) ) ;
#3686 = VECTOR ( 'NONE', #2820, 1000.000000000000000 ) ;
#3687 = PLANE ( 'NONE',  #704 ) ;
#3688 = PLANE ( 'NONE',  #1653 ) ;
#3689 = VECTOR ( 'NONE', #2033, 1000.000000000000000 ) ;
#3690 = CARTESIAN_POINT ( 'NONE',  ( -264.2871590456990702, 533.3333280000000514, 7.064132261342629171 ) ) ;
#3691 = CARTESIAN_POINT ( 'NONE',  ( -254.1091732842313888, 445.4444399999999860, 9.090270003344036454 ) ) ;
#3692 = CARTESIAN_POINT ( 'NONE',  ( -135.8203959127808673, 449.4444400000000428, 9.371846716018479739 ) ) ;
#3693 = ADVANCED_FACE ( 'NONE', ( #2392 ), #3987, .F. ) ;
#3694 = VERTEX_POINT ( 'NONE', #86 ) ;
#3695 = CARTESIAN_POINT ( 'NONE',  ( -165.6223296465139185, 445.4444399999999860, 24.42217258159240956 ) ) ;
#3696 = DIRECTION ( 'NONE',  ( 0.000000000000000000, 1.000000000000000000, -0.000000000000000000 ) ) ;
#3697 = ORIENTED_EDGE ( 'NONE', *, *, #1751, .T. ) ;
#3698 = EDGE_CURVE ( 'NONE', #1434, #3347, #636, .T. ) ;
#3699 = ORIENTED_EDGE ( 'NONE', *, *, #2099, .F. ) ;
#3700 = VERTEX_POINT ( 'NONE', #1443 ) ;
#3701 = FACE_BOUND ( 'NONE', #1347, .T. ) ;
#3702 = DIRECTION ( 'NONE',  ( -0.9999982381285569266, 0.000000000000000000, -0.001877162694616514626 ) ) ;
#3703 = CARTESIAN_POINT ( 'NONE',  ( -204.8832445304088310, 445.4444399999999860, 18.74516666487845029 ) ) ;
#3704 = ORIENTED_EDGE ( 'NONE', *, *, #1261, .T. ) ;
#3705 = ORIENTED_EDGE ( 'NONE', *, *, #3290, .F. ) ;
#3706 = DIRECTION ( 'NONE',  ( 0.000000000000000000, -1.000000000000000000, 0.000000000000000000 ) ) ;
#3707 = CARTESIAN_POINT ( 'NONE',  ( -189.6846012325700030, 445.4444399999999860, 21.20092582515553303 ) ) ;
#3708 = CARTESIAN_POINT ( 'NONE',  ( -177.5633811394796737, 445.4444399999999860, 22.91049787895995848 ) ) ;
#3709 = AXIS2_PLACEMENT_3D ( 'NONE', #3351, #2374, #1107 ) ;
#3710 = CIRCLE ( 'NONE', #2429, 5.124999999999997335 ) ;
#3711 = ORIENTED_EDGE ( 'NONE', *, *, #433, .F. ) ;
#3712 = CARTESIAN_POINT ( 'NONE',  ( -164.9945637137975609, 445.4444399999999860, 9.631325334794968995 ) ) ;
#3713 = VERTEX_POINT ( 'NONE', #1190 ) ;
#3714 = LINE ( 'NONE', #1076, #697 ) ;
#3715 = VECTOR ( 'NONE', #1181, 1000.000000000000000 ) ;
#3716 = FACE_OUTER_BOUND ( 'NONE', #2869, .T. ) ;
#3717 = VECTOR ( 'NONE', #1597, 1000.000000000000000 ) ;
#3718 = CARTESIAN_POINT ( 'NONE',  ( -248.4092376083339389, 533.3333280000000514, -62.58141432606363708 ) ) ;
#3719 = EDGE_CURVE ( 'NONE', #1672, #504, #827, .T. ) ;
#3720 = CARTESIAN_POINT ( 'NONE',  ( -266.5886069376114733, 444.4444399999999860, 9.579359346406523201 ) ) ;
#3721 = CARTESIAN_POINT ( 'NONE',  ( -266.6398104252422172, 533.3333280000000514, 6.507882213807866911 ) ) ;
#3722 = ORIENTED_EDGE ( 'NONE', *, *, #1340, .F. ) ;
#3723 = VERTEX_POINT ( 'NONE', #4052 ) ;
#3724 = DIRECTION ( 'NONE',  ( 0.000000000000000000, 0.000000000000000000, -1.000000000000000000 ) ) ;
#3725 = EDGE_CURVE ( 'NONE', #1869, #2878, #1392, .T. ) ;
#3726 = CARTESIAN_POINT ( 'NONE',  ( -176.6433472521858334, 444.4444399999999860, 9.564051733357912255 ) ) ;
#3727 = LINE ( 'NONE', #483, #440 ) ;
#3728 = ORIENTED_EDGE ( 'NONE', *, *, #38, .F. ) ;
#3729 = VERTEX_POINT ( 'NONE', #1493 ) ;
#3730 = CARTESIAN_POINT ( 'NONE',  ( -215.2669448500682563, 444.4444399999999860, 8.828999562898186326 ) ) ;
#3731 = CYLINDRICAL_SURFACE ( 'NONE', #4185, 0.6000000000000310640 ) ;
#3732 = EDGE_CURVE ( 'NONE', #2656, #276, #3159, .T. ) ;
#3733 = FACE_BOUND ( 'NONE', #2087, .T. ) ;
#3734 = ORIENTED_EDGE ( 'NONE', *, *, #1570, .T. ) ;
#3735 = DIRECTION ( 'NONE',  ( -0.02688405537825821340, 0.000000000000000000, -0.9996385584632171417 ) ) ;
#3736 = PLANE ( 'NONE',  #3228 ) ;
#3737 = CARTESIAN_POINT ( 'NONE',  ( -100.5082599175125608, 449.4444399999999860, 23.99344829018408731 ) ) ;
#3738 = ORIENTED_EDGE ( 'NONE', *, *, #269, .T. ) ;
#3739 = DIRECTION ( 'NONE',  ( -0.6888675014067504598, 0.000000000000000000, -0.7248872777926377298 ) ) ;
#3740 = CARTESIAN_POINT ( 'NONE',  ( -295.2960495105454584, 444.4444400000000428, 0.3249056940346981004 ) ) ;
#3741 = VERTEX_POINT ( 'NONE', #853 ) ;
#3742 = ORIENTED_EDGE ( 'NONE', *, *, #4044, .F. ) ;
#3743 = ORIENTED_EDGE ( 'NONE', *, *, #2175, .T. ) ;
#3744 = FACE_BOUND ( 'NONE', #2422, .T. ) ;
#3745 = DIRECTION ( 'NONE',  ( 0.2442954651671675748, 0.000000000000000000, -0.9697008434041692881 ) ) ;
#3746 = CARTESIAN_POINT ( 'NONE',  ( -285.9904385892327809, 444.4444399999999860, 3.527721545625112753 ) ) ;
#3747 = DIRECTION ( 'NONE',  ( -0.009894637397860174891, 0.000000000000000000, 0.9999510468771782845 ) ) ;
#3748 = ORIENTED_EDGE ( 'NONE', *, *, #432, .T. ) ;
#3749 = ADVANCED_FACE ( 'NONE', ( #878 ), #2821, .T. ) ;
#3750 = ORIENTED_EDGE ( 'NONE', *, *, #137, .F. ) ;
#3751 = ORIENTED_EDGE ( 'NONE', *, *, #1987, .T. ) ;
#3752 = B_SPLINE_CURVE_WITH_KNOTS ( 'NONE', 3,
 ( #1815, #2823, #2485, #196, #264, #3184, #2800, #2780, #1563 ),
 .UNSPECIFIED., .F., .F.,
 ( 4, 1, 1, 1, 1, 1, 4 ),
 ( 0.008052357163076461627, 0.01180441452156668833, 0.01555647188005691330, 0.02306058659703736496, 0.03056470131401781837, 0.03431675867250804507, 0.03806881603099827177 ),
 .UNSPECIFIED. ) ;
#3753 = CARTESIAN_POINT ( 'NONE',  ( -148.6143614906607695, 449.4444399999999860, 25.96668747503414920 ) ) ;
#3754 = CARTESIAN_POINT ( 'NONE',  ( 0.5936727027209567353, 444.4444399999999860, 22.07472482841617634 ) ) ;
#3755 = CARTESIAN_POINT ( 'NONE',  ( -252.9784568474884736, 533.3333280000000514, -41.24291343747756855 ) ) ;
#3756 = VECTOR ( 'NONE', #2972, 1000.000000000000000 ) ;
#3757 = EDGE_LOOP ( 'NONE', ( #3134, #3493, #1143, #2570 ) ) ;
#3758 = ADVANCED_FACE ( 'NONE', ( #238 ), #1538, .F. ) ;
#3759 = DIRECTION ( 'NONE',  ( 0.000000000000000000, 1.000000000000000000, -0.000000000000000000 ) ) ;
#3760 = AXIS2_PLACEMENT_3D ( 'NONE', #1215, #1906, #2550 ) ;
#3761 = VERTEX_POINT ( 'NONE', #2134 ) ;
#3762 = B_SPLINE_CURVE_WITH_KNOTS ( 'NONE', 3,
 ( #615, #2971, #359, #946, #1662 ),
 .UNSPECIFIED., .F., .F.,
 ( 4, 1, 4 ),
 ( 0.1559633577801294024, 0.1646423987747258066, 0.1712988811238075615 ),
 .UNSPECIFIED. ) ;
#3763 = CARTESIAN_POINT ( 'NONE',  ( -228.1328149181576919, 449.4444399999999860, 8.432706753226311136 ) ) ;
#3764 = VECTOR ( 'NONE', #472, 1000.000000000000114 ) ;
#3765 = DIRECTION ( 'NONE',  ( 0.000000000000000000, 0.000000000000000000, -1.000000000000000000 ) ) ;
#3766 = ORIENTED_EDGE ( 'NONE', *, *, #3817, .T. ) ;
#3767 = ORIENTED_EDGE ( 'NONE', *, *, #891, .F. ) ;
#3768 = VERTEX_POINT ( 'NONE', #2182 ) ;
#3769 = VECTOR ( 'NONE', #2721, 1000.000000000000000 ) ;
#3770 = CARTESIAN_POINT ( 'NONE',  ( -214.4271038798466407, 445.4444399999999860, 9.134510303739020287 ) ) ;
#3771 = DIRECTION ( 'NONE',  ( -0.000000000000000000, -1.000000000000000000, -0.000000000000000000 ) ) ;
#3772 = ORIENTED_EDGE ( 'NONE', *, *, #2412, .T. ) ;
#3773 = ORIENTED_EDGE ( 'NONE', *, *, #343, .F. ) ;
#3774 = CARTESIAN_POINT ( 'NONE',  ( -150.8221721565745383, 444.4444399999999860, 8.847120223398674099 ) ) ;
#3775 = DIRECTION ( 'NONE',  ( -0.2442954651671675748, 0.000000000000000000, 0.9697008434041692881 ) ) ;
#3776 = PLANE ( 'NONE',  #754 ) ;
#3777 = CARTESIAN_POINT ( 'NONE',  ( -98.50963659386690097, 449.4444399999999860, 24.73998702017675910 ) ) ;
#3778 = ORIENTED_EDGE ( 'NONE', *, *, #3783, .T. ) ;
#3779 = ORIENTED_EDGE ( 'NONE', *, *, #1280, .F. ) ;
#3780 = FACE_OUTER_BOUND ( 'NONE', #382, .T. ) ;
#3781 = CARTESIAN_POINT ( 'NONE',  ( -173.4395179607336104, 444.4444399999999291, 8.866531246998681226 ) ) ;
#3782 = DIRECTION ( 'NONE',  ( 0.000000000000000000, 0.000000000000000000, 1.000000000000000000 ) ) ;
#3783 = EDGE_CURVE ( 'NONE', #2165, #3924, #426, .T. ) ;
#3784 = VERTEX_POINT ( 'NONE', #2757 ) ;
#3785 = CARTESIAN_POINT ( 'NONE',  ( -178.0312117117007915, 444.4444399999999860, 9.550500515646506372 ) ) ;
#3786 = DIRECTION ( 'NONE',  ( 0.000000000000000000, -1.000000000000000000, 0.000000000000000000 ) ) ;
#3787 = EDGE_CURVE ( 'NONE', #893, #2274, #1216, .T. ) ;
#3788 = AXIS2_PLACEMENT_3D ( 'NONE', #1792, #3412, #403 ) ;
#3789 = B_SPLINE_CURVE_WITH_KNOTS ( 'NONE', 13,
 ( #1797, #2847, #1222, #1771, #154, #1450, #2784, #3441, #2762, #1132, #2803, #815, #511, #489 ),
 .UNSPECIFIED., .F., .F.,
 ( 14, 14 ),
 ( 0.000000000000000000, 0.03891155862395484499 ),
 .UNSPECIFIED. ) ;
#3790 = DIRECTION ( 'NONE',  ( -0.02688405537825784911, 0.000000000000000000, -0.9996385584632171417 ) ) ;
#3791 = EDGE_LOOP ( 'NONE', ( #3046, #346, #1279, #3283 ) ) ;
#3792 = AXIS2_PLACEMENT_3D ( 'NONE', #4065, #1780, #1269 ) ;
#3793 = CARTESIAN_POINT ( 'NONE',  ( -228.1328149181576350, 445.4444399999999860, 8.432706753226261398 ) ) ;
#3794 = CARTESIAN_POINT ( 'NONE',  ( -88.41564499545332012, 445.4444399999999860, -93.03875721260200748 ) ) ;
#3795 = VECTOR ( 'NONE', #770, 1000.000000000000000 ) ;
#3796 = ORIENTED_EDGE ( 'NONE', *, *, #2692, .F. ) ;
#3797 = ORIENTED_EDGE ( 'NONE', *, *, #1463, .T. ) ;
#3798 = CIRCLE ( 'NONE', #793, 5.124999999999997335 ) ;
#3799 = DIRECTION ( 'NONE',  ( 0.000000000000000000, -1.000000000000000000, 0.000000000000000000 ) ) ;
#3800 = CARTESIAN_POINT ( 'NONE',  ( -262.6644455877006408, 449.4444399999999291, 7.467009704363694489 ) ) ;
#3801 = CARTESIAN_POINT ( 'NONE',  ( -149.7021053793913552, 445.4444400000000428, 9.569462738240332556 ) ) ;
#3802 = LINE ( 'NONE', #216, #1711 ) ;
#3803 = VERTEX_POINT ( 'NONE', #1837 ) ;
#3804 = ORIENTED_EDGE ( 'NONE', *, *, #1292, .F. ) ;
#3805 = CARTESIAN_POINT ( 'NONE',  ( -176.9634105113533451, 445.4444399999999860, 22.91643466139867513 ) ) ;
#3806 = FACE_BOUND ( 'NONE', #3028, .T. ) ;
#3807 = ORIENTED_EDGE ( 'NONE', *, *, #3344, .F. ) ;
#3808 = CARTESIAN_POINT ( 'NONE',  ( -276.9279722779359645, 444.4444399999999860, 2.022114237992950869 ) ) ;
#3809 = CARTESIAN_POINT ( 'NONE',  ( -260.7043874911533976, 533.3333280000000514, 6.146900934099051916 ) ) ;
#3810 = CARTESIAN_POINT ( 'NONE',  ( -238.9144441788500899, 445.4444400000000428, 8.031042272510852342 ) ) ;
#3811 = DIRECTION ( 'NONE',  ( 0.6888675014067504598, 0.000000000000000000, 0.7248872777926377298 ) ) ;
#3812 = ORIENTED_EDGE ( 'NONE', *, *, #3598, .F. ) ;
#3813 = EDGE_CURVE ( 'NONE', #121, #4039, #2482, .T. ) ;
#3814 = LINE ( 'NONE', #872, #326 ) ;
#3815 = CARTESIAN_POINT ( 'NONE',  ( -148.7718042799496061, 445.4444399999999860, 11.08556981307087774 ) ) ;
#3816 = ORIENTED_EDGE ( 'NONE', *, *, #1199, .F. ) ;
#3817 = EDGE_CURVE ( 'NONE', #2591, #3027, #3153, .T. ) ;
#3818 = ORIENTED_EDGE ( 'NONE', *, *, #3644, .T. ) ;
#3819 = CARTESIAN_POINT ( 'NONE',  ( -240.4624955004808839, 444.4444399999999860, 7.187158872640684315 ) ) ;
#3820 = DIRECTION ( 'NONE',  ( 0.1609050596805300382, 0.000000000000000000, -0.9869698889881115544 ) ) ;
#3821 = DIRECTION ( 'NONE',  ( 0.000000000000000000, -1.000000000000000000, 0.000000000000000000 ) ) ;
#3822 = DIRECTION ( 'NONE',  ( -0.000000000000000000, -1.000000000000000000, -0.000000000000000000 ) ) ;
#3823 = VERTEX_POINT ( 'NONE', #2529 ) ;
#3824 = VERTEX_POINT ( 'NONE', #1167 ) ;
#3825 = CARTESIAN_POINT ( 'NONE',  ( -259.8996325194587484, 444.4444399999999291, 7.320905520190932769 ) ) ;
#3826 = LINE ( 'NONE', #581, #3564 ) ;
#3827 = ORIENTED_EDGE ( 'NONE', *, *, #1942, .T. ) ;
#3828 = CARTESIAN_POINT ( 'NONE',  ( -98.50963659386690097, 449.4444399999999860, 24.73998702017675910 ) ) ;
#3829 = CARTESIAN_POINT ( 'NONE',  ( -165.5945626566746967, 445.4444399999999860, 9.630199037178199362 ) ) ;
#3830 = CARTESIAN_POINT ( 'NONE',  ( -192.5000000000002274, 449.4444399999999860, 15.15093237103806700 ) ) ;
#3831 = CARTESIAN_POINT ( 'NONE',  ( -257.9411096058675525, 444.4444399999999860, 7.457080077633684745 ) ) ;
#3832 = AXIS2_PLACEMENT_3D ( 'NONE', #3346, #3696, #4003 ) ;
#3833 = ORIENTED_EDGE ( 'NONE', *, *, #416, .T. ) ;
#3834 = AXIS2_PLACEMENT_3D ( 'NONE', #1530, #3446, #4127 ) ;
#3835 = CARTESIAN_POINT ( 'NONE',  ( -260.7875091720493401, 449.4444399999999860, 7.103832978772138596 ) ) ;
#3836 = EDGE_CURVE ( 'NONE', #2258, #478, #506, .T. ) ;
#3837 = CARTESIAN_POINT ( 'NONE',  ( -300.0000000000000000, 533.3333280000000514, -0.1621621621621254228 ) ) ;
#3838 = AXIS2_PLACEMENT_3D ( 'NONE', #3708, #2100, #3400 ) ;
#3839 = VERTEX_POINT ( 'NONE', #4139 ) ;
#3840 = ORIENTED_EDGE ( 'NONE', *, *, #1720, .T. ) ;
#3841 = CARTESIAN_POINT ( 'NONE',  ( -248.3736178015836344, 444.4444400000000428, 7.613064812028684791 ) ) ;
#3842 = VECTOR ( 'NONE', #3849, 1000.000000000000000 ) ;
#3843 = DIRECTION ( 'NONE',  ( -0.000000000000000000, -1.000000000000000000, -0.000000000000000000 ) ) ;
#3844 = EDGE_CURVE ( 'NONE', #1931, #3013, #530, .T. ) ;
#3845 = CARTESIAN_POINT ( 'NONE',  ( -274.6155771348952044, 444.4444399999999860, 2.997052627295858418 ) ) ;
#3846 = ORIENTED_EDGE ( 'NONE', *, *, #3921, .F. ) ;
#3847 = ORIENTED_EDGE ( 'NONE', *, *, #784, .F. ) ;
#3848 = ORIENTED_EDGE ( 'NONE', *, *, #1428, .T. ) ;
#3849 = DIRECTION ( 'NONE',  ( 0.000000000000000000, -1.000000000000000000, 0.000000000000000000 ) ) ;
#3850 = CARTESIAN_POINT ( 'NONE',  ( -111.8337132111004166, 445.4444399999999860, 11.46609414118741910 ) ) ;
#3851 = VERTEX_POINT ( 'NONE', #170 ) ;
#3852 = EDGE_LOOP ( 'NONE', ( #3178, #4055, #3396, #2178 ) ) ;
#3853 = VERTEX_POINT ( 'NONE', #3068 ) ;
#3854 = LINE ( 'NONE', #2238, #787 ) ;
#3855 = LINE ( 'NONE', #1291, #3932 ) ;
#3856 = CARTESIAN_POINT ( 'NONE',  ( -265.8557205421092817, 444.4444399999999860, 6.670256816194243932 ) ) ;
#3857 = DIRECTION ( 'NONE',  ( -0.000000000000000000, -1.000000000000000000, -0.000000000000000000 ) ) ;
#3858 = CARTESIAN_POINT ( 'NONE',  ( -300.0000000000000000, 444.4444399999999860, 0.000000000000000000 ) ) ;
#3859 = CARTESIAN_POINT ( 'NONE',  ( -266.3727187654359341, 444.4444400000000428, 3.583167371675653801 ) ) ;
#3860 = VECTOR ( 'NONE', #2810, 1000.000000000000000 ) ;
#3861 = VECTOR ( 'NONE', #1367, 999.9999999999998863 ) ;
#3862 = ORIENTED_EDGE ( 'NONE', *, *, #1919, .F. ) ;
#3863 = EDGE_LOOP ( 'NONE', ( #2630, #465, #3229, #3368 ) ) ;
#3864 = EDGE_CURVE ( 'NONE', #1290, #2247, #1126, .T. ) ;
#3865 = CARTESIAN_POINT ( 'NONE',  ( -123.3137327467875792, 449.4444399999999860, 27.25623171729949945 ) ) ;
#3866 = LINE ( 'NONE', #660, #3528 ) ;
#3867 = CARTESIAN_POINT ( 'NONE',  ( -245.9879733558652504, 445.4444399999999860, 7.724571797890878777 ) ) ;
#3868 = ORIENTED_EDGE ( 'NONE', *, *, #2744, .F. ) ;
#3869 = VECTOR ( 'NONE', #1899, 1000.000000000000000 ) ;
#3870 = ORIENTED_EDGE ( 'NONE', *, *, #1644, .T. ) ;
#3871 = ADVANCED_FACE ( 'NONE', ( #1469 ), #4073, .F. ) ;
#3872 = CARTESIAN_POINT ( 'NONE',  ( 0.2058083609810148762, 444.4444399999999860, 7.652639097638684440 ) ) ;
#3873 = DIRECTION ( 'NONE',  ( 0.000000000000000000, -1.000000000000000000, 0.000000000000000000 ) ) ;
#3874 = DIRECTION ( 'NONE',  ( -0.000000000000000000, -1.000000000000000000, -0.000000000000000000 ) ) ;
#3875 = DIRECTION ( 'NONE',  ( -0.2442954651673957256, 0.000000000000000000, 0.9697008434041118896 ) ) ;
#3876 = ADVANCED_FACE ( 'NONE', ( #900 ), #574, .T. ) ;
#3877 = CARTESIAN_POINT ( 'NONE',  ( -255.0045289145435561, 444.4444399999999860, 8.494121269285690445 ) ) ;
#3878 = CARTESIAN_POINT ( 'NONE',  ( -293.2676002059585585, 533.3333280000000514, 1.330312713632799237 ) ) ;
#3879 = CARTESIAN_POINT ( 'NONE',  ( -255.4287063650164100, 449.4444399999999860, 7.250587697153875411 ) ) ;
#3880 = CARTESIAN_POINT ( 'NONE',  ( -293.2676002059586153, 533.3333280000000514, 1.330312713632910704 ) ) ;
#3881 = VERTEX_POINT ( 'NONE', #2551 ) ;
#3882 = ORIENTED_EDGE ( 'NONE', *, *, #16, .F. ) ;
#3883 = CARTESIAN_POINT ( 'NONE',  ( -225.0224362187566953, 444.4444399999999860, 15.05154234427599569 ) ) ;
#3884 = FACE_OUTER_BOUND ( 'NONE', #672, .T. ) ;
#3885 = CARTESIAN_POINT ( 'NONE',  ( -114.4461369841751264, 445.4444399999999860, 8.572950441632642082 ) ) ;
#3886 = ORIENTED_EDGE ( 'NONE', *, *, #3675, .T. ) ;
#3887 = ORIENTED_EDGE ( 'NONE', *, *, #4014, .F. ) ;
#3888 = DIRECTION ( 'NONE',  ( -0.6888675014067477953, 0.000000000000000000, -0.7248872777926400612 ) ) ;
#3889 = DIRECTION ( 'NONE',  ( -0.7175009216675524160, 0.000000000000000000, 0.6965575549846637626 ) ) ;
#3890 = EDGE_CURVE ( 'NONE', #2890, #1965, #1880, .T. ) ;
#3891 = ORIENTED_EDGE ( 'NONE', *, *, #3340, .F. ) ;
#3892 = EDGE_LOOP ( 'NONE', ( #2509, #1482, #1092, #4109, #3592, #2774 ) ) ;
#3893 = CARTESIAN_POINT ( 'NONE',  ( -255.8729201739221537, 445.4444399999999860, 7.226337629610783075 ) ) ;
#3894 = DIRECTION ( 'NONE',  ( 0.000000000000000000, 0.000000000000000000, -1.000000000000000000 ) ) ;
#3895 = CARTESIAN_POINT ( 'NONE',  ( -164.9945637137975609, 445.4444399999999860, 9.631325334794968995 ) ) ;
#3896 = EDGE_CURVE ( 'NONE', #2878, #1716, #3502, .T. ) ;
#3897 = ORIENTED_EDGE ( 'NONE', *, *, #3989, .F. ) ;
#3898 = CARTESIAN_POINT ( 'NONE',  ( -222.1339385744326762, 445.4444399999999860, 15.90658109350743388 ) ) ;
#3899 = ORIENTED_EDGE ( 'NONE', *, *, #2256, .F. ) ;
#3900 = AXIS2_PLACEMENT_3D ( 'NONE', #1791, #2507, #3093 ) ;
#3901 = CARTESIAN_POINT ( 'NONE',  ( -254.9539109580269383, 449.4444399999999860, 8.516572991783643687 ) ) ;
#3902 = CARTESIAN_POINT ( 'NONE',  ( -269.9384435895149750, 444.4444400000000428, 3.340010526439053606 ) ) ;
#3903 = ORIENTED_EDGE ( 'NONE', *, *, #3075, .T. ) ;
#3904 = CIRCLE ( 'NONE', #1101, 9.999999999999991118 ) ;
#3905 = CARTESIAN_POINT ( 'NONE',  ( -112.6248457536031253, 444.4444399999999860, 12.37393250582480597 ) ) ;
#3906 = CARTESIAN_POINT ( 'NONE',  ( -178.2930354147679282, 445.4444399999999860, 9.547694018432261842 ) ) ;
#3907 = LINE ( 'NONE', #2061, #18 ) ;
#3908 = VECTOR ( 'NONE', #1052, 1000.000000000000000 ) ;
#3909 = ORIENTED_EDGE ( 'NONE', *, *, #2750, .T. ) ;
#3910 = VECTOR ( 'NONE', #4144, 1000.000000000000000 ) ;
#3911 = DIRECTION ( 'NONE',  ( 0.000000000000000000, -1.000000000000000000, 0.000000000000000000 ) ) ;
#3912 = LINE ( 'NONE', #2872, #2478 ) ;
#3913 = ORIENTED_EDGE ( 'NONE', *, *, #1913, .T. ) ;
#3914 = VERTEX_POINT ( 'NONE', #1410 ) ;
#3915 = CARTESIAN_POINT ( 'NONE',  ( -66.52695322057213900, 445.4444399999999860, -70.00554086441651691 ) ) ;
#3916 = ADVANCED_FACE ( 'NONE', ( #93 ), #2662, .F. ) ;
#3917 = EDGE_CURVE ( 'NONE', #337, #1448, #2781, .T. ) ;
#3918 = DIRECTION ( 'NONE',  ( 0.000000000000000000, 0.000000000000000000, -1.000000000000000000 ) ) ;
#3919 = DIRECTION ( 'NONE',  ( 0.9996385584632171417, 0.000000000000000000, -0.02688405537825784564 ) ) ;
#3920 = B_SPLINE_CURVE_WITH_KNOTS ( 'NONE', 3,
 ( #2259, #863, #1282, #1005 ),
 .UNSPECIFIED., .F., .F.,
 ( 4, 4 ),
 ( 0.1005107225783562624, 0.1088088415555528432 ),
 .UNSPECIFIED. ) ;
#3921 = EDGE_CURVE ( 'NONE', #4188, #1290, #1689, .T. ) ;
#3922 = DIRECTION ( 'NONE',  ( 0.000000000000000000, 0.000000000000000000, 1.000000000000000000 ) ) ;
#3923 = DIRECTION ( 'NONE',  ( 0.000000000000000000, -1.000000000000000000, 0.000000000000000000 ) ) ;
#3924 = VERTEX_POINT ( 'NONE', #710 ) ;
#3925 = EDGE_LOOP ( 'NONE', ( #1502, #217, #786, #4215, #2069 ) ) ;
#3926 = EDGE_CURVE ( 'NONE', #2674, #597, #2699, .T. ) ;
#3927 = CARTESIAN_POINT ( 'NONE',  ( -190.2778826472211335, 445.4444399999999860, 21.11138721320716627 ) ) ;
#3928 = DIRECTION ( 'NONE',  ( -0.000000000000000000, -1.000000000000000000, -0.000000000000000000 ) ) ;
#3929 = DIRECTION ( 'NONE',  ( -0.7248872777925956523, 0.000000000000000000, 0.6888675014067946467 ) ) ;
#3930 = CLOSED_SHELL ( 'NONE', ( #3995, #522, #1696, #1513, #3962, #1627, #2626, #35, #3969, #3646, #3693, #662, #2797, #3030, #2773, #247, #1742, #3245, #3215, #3111, #3450, #2698, #3605, #2334, #3944, #6, #3426, #1495, #2856, #1553, #3758, #1766, #3156, #367, #2859, #87, #1693, #1778, #1031, #1020, #2227, #1388, #1714, #1521, #491, #1180, #2909, #2573, #1454, #2199, #2355, #2678, #2860, #464, #4099, #3445, #3749, #1117, #3250, #572, #712, #3984, #2145, #3366, #3392, #1207, #3916, #3653, #1866, #1153, #3131, #545, #2556, #3876, #1833, #1050, #1606, #3599, #896, #2829, #1255, #2581, #3470, #2486, #3509, #1773, #2439, #2383, #3023, #2466, #3871, #2360, #1121 ) ) ;
#3931 = ORIENTED_EDGE ( 'NONE', *, *, #3341, .F. ) ;
#3932 = VECTOR ( 'NONE', #2585, 1000.000000000000000 ) ;
#3933 = CARTESIAN_POINT ( 'NONE',  ( -249.1849982830883050, 444.4444399999999860, -62.77685069814302210 ) ) ;
#3934 = CARTESIAN_POINT ( 'NONE',  ( -176.9684519223427230, 444.4444399999999860, 22.98833891310567168 ) ) ;
#3935 = VECTOR ( 'NONE', #3401, 1000.000000000000000 ) ;
#3936 = ORIENTED_EDGE ( 'NONE', *, *, #924, .T. ) ;
#3937 = ORIENTED_EDGE ( 'NONE', *, *, #439, .T. ) ;
#3938 = DIRECTION ( 'NONE',  ( -0.9996385584632171417, 0.000000000000000000, 0.02688405537825784564 ) ) ;
#3939 = DIRECTION ( 'NONE',  ( 0.000000000000000000, 0.000000000000000000, -1.000000000000000000 ) ) ;
#3940 = VECTOR ( 'NONE', #638, 1000.000000000000114 ) ;
#3941 = FACE_OUTER_BOUND ( 'NONE', #2406, .T. ) ;
#3942 = CARTESIAN_POINT ( 'NONE',  ( -132.7570495598756395, 445.4444399999999860, 9.255214942794401267 ) ) ;
#3943 = CARTESIAN_POINT ( 'NONE',  ( -290.1850476729546244, 533.3333280000000514, 2.279926096537435498 ) ) ;
#3944 = ADVANCED_FACE ( 'NONE', ( #425 ), #3687, .F. ) ;
#3945 = ORIENTED_EDGE ( 'NONE', *, *, #1892, .T. ) ;
#3946 = B_SPLINE_SURFACE_WITH_KNOTS ( 'NONE', 3, 1, ( 
 ( #1508, #3859 ),
 ( #3600, #3558 ),
 ( #2925, #3902 ),
 ( #2569, #2307 ),
 ( #3281, #2291 ),
 ( #1315, #3579 ),
 ( #1000, #632 ),
 ( #1598, #2881 ),
 ( #675, #1256 ) ),
 .UNSPECIFIED., .F., .F., .F.,
 ( 4, 1, 1, 1, 1, 1, 4 ),
 ( 2, 2 ),
 ( 0.9389019328317708135, 0.9448400810633539315, 0.9507782292949371605, 0.9626545257581033965, 0.9745308222212696325, 0.9804689704528527505, 0.9864071186844358685 ),
 ( 0.000000000000000000, 1.000000000000000000 ),
 .UNSPECIFIED. ) ;
#3947 = ORIENTED_EDGE ( 'NONE', *, *, #685, .T. ) ;
#3948 = CARTESIAN_POINT ( 'NONE',  ( -248.1322003304342729, 444.4444400000000428, 10.08715061567863280 ) ) ;
#3949 = CARTESIAN_POINT ( 'NONE',  ( -264.1907845933577050, 533.3333280000000514, -17.38774865900553124 ) ) ;
#3950 = EDGE_CURVE ( 'NONE', #620, #1588, #2377, .T. ) ;
#3951 = VERTEX_POINT ( 'NONE', #447 ) ;
#3952 = DIRECTION ( 'NONE',  ( 0.01073934591757915065, 0.000000000000000000, 0.9999423315618068964 ) ) ;
#3953 = LINE ( 'NONE', #3010, #2559 ) ;
#3954 = ORIENTED_EDGE ( 'NONE', *, *, #2121, .F. ) ;
#3955 = ORIENTED_EDGE ( 'NONE', *, *, #1025, .T. ) ;
#3956 = LINE ( 'NONE', #3915, #3861 ) ;
#3957 = DIRECTION ( 'NONE',  ( 0.000000000000000000, 1.000000000000000000, 0.000000000000000000 ) ) ;
#3958 = CARTESIAN_POINT ( 'NONE',  ( -260.8337779114087880, 444.4444399999999860, 6.940564282570123922 ) ) ;
#3959 = CARTESIAN_POINT ( 'NONE',  ( -114.4828442445582226, 444.4444399999998723, 27.32352736051250730 ) ) ;
#3960 = CARTESIAN_POINT ( 'NONE',  ( -113.5068429449947445, 444.4444399999999860, 9.335759885576816686 ) ) ;
#3961 = ORIENTED_EDGE ( 'NONE', *, *, #2902, .F. ) ;
#3962 = ADVANCED_FACE ( 'NONE', ( #2031 ), #4181, .T. ) ;
#3963 = EDGE_CURVE ( 'NONE', #620, #778, #161, .T. ) ;
#3964 = CARTESIAN_POINT ( 'NONE',  ( -248.5104516239167936, 444.4444399999999860, 10.00099284819185108 ) ) ;
#3965 = CARTESIAN_POINT ( 'NONE',  ( -245.1419891225305889, 445.4444399999999860, 7.763188727969735581 ) ) ;
#3966 = AXIS2_PLACEMENT_3D ( 'NONE', #3794, #920, #1462 ) ;
#3967 = ORIENTED_EDGE ( 'NONE', *, *, #2879, .F. ) ;
#3968 = CARTESIAN_POINT ( 'NONE',  ( -148.7881936969120034, 444.4444399999999860, 9.559548402074911522 ) ) ;
#3969 = ADVANCED_FACE ( 'NONE', ( #1088 ), #2894, .F. ) ;
#3970 = CARTESIAN_POINT ( 'NONE',  ( -196.2236163048101787, 444.4444400000003270, 21.18604354544763169 ) ) ;
#3971 = CIRCLE ( 'NONE', #561, 5.124999999999997335 ) ;
#3972 = FACE_OUTER_BOUND ( 'NONE', #2402, .T. ) ;
#3973 = ORIENTED_EDGE ( 'NONE', *, *, #3113, .T. ) ;
#3974 = VECTOR ( 'NONE', #94, 1000.000000000000114 ) ;
#3975 = FACE_OUTER_BOUND ( 'NONE', #258, .T. ) ;
#3976 = CARTESIAN_POINT ( 'NONE',  ( -260.7629341024527889, 449.4444400000000428, 6.944829825261215284 ) ) ;
#3977 = DIRECTION ( 'NONE',  ( -0.6888675014067512370, 0.000000000000000000, -0.7248872777926368416 ) ) ;
#3978 = VECTOR ( 'NONE', #4100, 1000.000000000000000 ) ;
#3979 = CARTESIAN_POINT ( 'NONE',  ( -140.1163786704159406, 444.4444399999998723, 26.58487205923219676 ) ) ;
#3980 = CARTESIAN_POINT ( 'NONE',  ( -199.8794144029798190, 449.4444399999999860, 9.209109431590469796 ) ) ;
#3981 = ORIENTED_EDGE ( 'NONE', *, *, #1310, .T. ) ;
#3982 = PLANE ( 'NONE',  #869 ) ;
#3983 = CARTESIAN_POINT ( 'NONE',  ( -148.5690912469533203, 445.4444399999999860, 9.556892805854760198 ) ) ;
#3984 = ADVANCED_FACE ( 'NONE', ( #2118 ), #3731, .T. ) ;
#3985 = ORIENTED_EDGE ( 'NONE', *, *, #2407, .T. ) ;
#3986 = DIRECTION ( 'NONE',  ( 0.000000000000000000, -1.000000000000000000, 0.000000000000000000 ) ) ;
#3987 = PLANE ( 'NONE',  #229 ) ;
#3988 = PLANE ( 'NONE',  #104 ) ;
#3989 = EDGE_CURVE ( 'NONE', #2997, #1645, #280, .T. ) ;
#3990 = ORIENTED_EDGE ( 'NONE', *, *, #2282, .F. ) ;
#3991 = CARTESIAN_POINT ( 'NONE',  ( -149.9733316264472194, 445.4444399999999860, 10.94980211331408881 ) ) ;
#3992 = CARTESIAN_POINT ( 'NONE',  ( -255.0275276099411883, 449.4444400000000428, 7.279903762745748352 ) ) ;
#3993 = PLANE ( 'NONE',  #3494 ) ;
#3994 = VECTOR ( 'NONE', #3759, 1000.000000000000000 ) ;
#3995 = ADVANCED_FACE ( 'NONE', ( #2097 ), #1500, .F. ) ;
#3996 = CARTESIAN_POINT ( 'NONE',  ( -256.3619925308943834, 444.4444399999999860, 6.835156837752369263 ) ) ;
#3997 = AXIS2_PLACEMENT_3D ( 'NONE', #2060, #3659, #1417 ) ;
#3998 = EDGE_LOOP ( 'NONE', ( #641, #2487, #804, #534 ) ) ;
#3999 = DIRECTION ( 'NONE',  ( 0.9996385584632171417, 0.000000000000000000, -0.02688405537825763400 ) ) ;
#4000 = CARTESIAN_POINT ( 'NONE',  ( -173.4395179607336104, 449.4444399999999860, 8.866531246998681226 ) ) ;
#4001 = VERTEX_POINT ( 'NONE', #3142 ) ;
#4002 = PLANE ( 'NONE',  #186 ) ;
#4003 = DIRECTION ( 'NONE',  ( 0.000000000000000000, 0.000000000000000000, 1.000000000000000000 ) ) ;
#4004 = ORIENTED_EDGE ( 'NONE', *, *, #1828, .T. ) ;
#4005 = VERTEX_POINT ( 'NONE', #3805 ) ;
#4006 = CARTESIAN_POINT ( 'NONE',  ( -234.4537921693520843, 444.4444399999999860, 13.07848260166416843 ) ) ;
#4007 = CARTESIAN_POINT ( 'NONE',  ( -237.8803495755753659, 444.4444400000003270, 13.20663139703280642 ) ) ;
#4008 = LINE ( 'NONE', #742, #2837 ) ;
#4009 = EDGE_LOOP ( 'NONE', ( #108, #3389, #3343, #3545 ) ) ;
#4010 = ORIENTED_EDGE ( 'NONE', *, *, #3414, .F. ) ;
#4011 = LINE ( 'NONE', #3753, #48 ) ;
#4012 = CARTESIAN_POINT ( 'NONE',  ( -246.4103591120961596, 449.4444399999999860, 7.704962952225635320 ) ) ;
#4013 = LINE ( 'NONE', #2359, #762 ) ;
#4014 = EDGE_CURVE ( 'NONE', #1905, #593, #836, .T. ) ;
#4015 = LINE ( 'NONE', #1453, #3795 ) ;
#4016 = CARTESIAN_POINT ( 'NONE',  ( -189.8292624888829891, 445.4444399999999291, 21.17929418225583760 ) ) ;
#4017 = EDGE_CURVE ( 'NONE', #1286, #3559, #883, .T. ) ;
#4018 = CARTESIAN_POINT ( 'NONE',  ( -116.6994142980007467, 444.4444399999999291, 8.683379740354212117 ) ) ;
#4019 = ORIENTED_EDGE ( 'NONE', *, *, #132, .F. ) ;
#4020 = LINE ( 'NONE', #3005, #1680 ) ;
#4021 = CARTESIAN_POINT ( 'NONE',  ( -164.3945647709204536, 445.4444399999999860, 9.632451632411738629 ) ) ;
#4022 = ORIENTED_EDGE ( 'NONE', *, *, #3398, .F. ) ;
#4023 = VERTEX_POINT ( 'NONE', #1177 ) ;
#4024 = FACE_BOUND ( 'NONE', #450, .T. ) ;
#4025 = CARTESIAN_POINT ( 'NONE',  ( -277.4549981297886347, 533.3333280000000514, 6.762558882627204504 ) ) ;
#4026 = PLANE ( 'NONE',  #3709 ) ;
#4027 = VECTOR ( 'NONE', #3458, 1000.000000000000000 ) ;
#4028 = ORIENTED_EDGE ( 'NONE', *, *, #2083, .F. ) ;
#4029 = ORIENTED_EDGE ( 'NONE', *, *, #4091, .F. ) ;
#4030 = DIRECTION ( 'NONE',  ( -0.000000000000000000, -1.000000000000000000, -0.000000000000000000 ) ) ;
#4031 = VECTOR ( 'NONE', #1639, 1000.000000000000000 ) ;
#4032 = CARTESIAN_POINT ( 'NONE',  ( -247.5948149815342560, 449.4444400000000428, 7.661474984079888806 ) ) ;
#4033 = LINE ( 'NONE', #1690, #1313 ) ;
#4034 = CIRCLE ( 'NONE', #3298, 0.6000000000000224043 ) ;
#4035 = VERTEX_POINT ( 'NONE', #1865 ) ;
#4036 = CARTESIAN_POINT ( 'NONE',  ( -228.4276379483836479, 445.4444399999999860, 8.703131088542161109 ) ) ;
#4037 = EDGE_CURVE ( 'NONE', #3307, #1931, #3165, .T. ) ;
#4038 = EDGE_CURVE ( 'NONE', #4023, #2997, #2143, .T. ) ;
#4039 = VERTEX_POINT ( 'NONE', #1152 ) ;
#4040 = CARTESIAN_POINT ( 'NONE',  ( -260.9867192135901064, 449.4444399999999860, 7.878685561044791896 ) ) ;
#4041 = AXIS2_PLACEMENT_3D ( 'NONE', #4160, #262, #2866 ) ;
#4042 = CARTESIAN_POINT ( 'NONE',  ( -257.7945310521340616, 445.4444399999999860, 7.829255745276571865 ) ) ;
#4043 = DIRECTION ( 'NONE',  ( 0.000000000000000000, -1.000000000000000000, 0.000000000000000000 ) ) ;
#4044 = EDGE_CURVE ( 'NONE', #3252, #1246, #3789, .T. ) ;
#4045 = CARTESIAN_POINT ( 'NONE',  ( -109.7378762676476498, 445.4444399999999860, 91.59481740374727110 ) ) ;
#4046 = PLANE ( 'NONE',  #2399 ) ;
#4047 = EDGE_CURVE ( 'NONE', #2639, #3661, #4079, .T. ) ;
#4048 = ORIENTED_EDGE ( 'NONE', *, *, #102, .T. ) ;
#4049 = EDGE_CURVE ( 'NONE', #2273, #2356, #1435, .T. ) ;
#4050 = ORIENTED_EDGE ( 'NONE', *, *, #1767, .F. ) ;
#4051 = CARTESIAN_POINT ( 'NONE',  ( 0.000000000000000000, 444.4444399999999860, 0.000000000000000000 ) ) ;
#4052 = CARTESIAN_POINT ( 'NONE',  ( -176.9684519223427230, 444.4444399999999860, 22.98833891310567168 ) ) ;
#4053 = CARTESIAN_POINT ( 'NONE',  ( -253.8929467958457167, 445.4444399999999291, 8.756247496859160151 ) ) ;
#4054 = ORIENTED_EDGE ( 'NONE', *, *, #3197, .F. ) ;
#4055 = ORIENTED_EDGE ( 'NONE', *, *, #1671, .F. ) ;
#4056 = DIRECTION ( 'NONE',  ( -0.000000000000000000, -1.000000000000000000, -0.000000000000000000 ) ) ;
#4057 = CARTESIAN_POINT ( 'NONE',  ( -265.7189512413809211, 533.3333280000000514, 5.831332410556393064 ) ) ;
#4058 = FACE_OUTER_BOUND ( 'NONE', #738, .T. ) ;
#4059 = AXIS2_PLACEMENT_3D ( 'NONE', #4084, #1757, #820 ) ;
#4060 = ORIENTED_EDGE ( 'NONE', *, *, #4172, .T. ) ;
#4061 = CARTESIAN_POINT ( 'NONE',  ( -83.70945874278774568, 444.4444399999999860, 79.54992100821259271 ) ) ;
#4062 = DIRECTION ( 'NONE',  ( 0.000000000000000000, 1.000000000000000000, 0.000000000000000000 ) ) ;
#4063 = VECTOR ( 'NONE', #1409, 1000.000000000000000 ) ;
#4064 = CARTESIAN_POINT ( 'NONE',  ( -264.9890575499203464, 533.3333280000000514, -17.44028709085020878 ) ) ;
#4065 = CARTESIAN_POINT ( 'NONE',  ( -112.8759871213101178, 449.4444399999999860, 3.035661502869943629 ) ) ;
#4066 = CARTESIAN_POINT ( 'NONE',  ( -112.2823144185779682, 444.4444399999999860, 25.11038633121939867 ) ) ;
#4067 = EDGE_CURVE ( 'NONE', #3271, #330, #2580, .T. ) ;
#4068 = CARTESIAN_POINT ( 'NONE',  ( -285.1034899461849932, 444.4444400000000428, 1.323141469614599774 ) ) ;
#4069 = ORIENTED_EDGE ( 'NONE', *, *, #3501, .F. ) ;
#4070 = ORIENTED_EDGE ( 'NONE', *, *, #4075, .F. ) ;
#4071 = ORIENTED_EDGE ( 'NONE', *, *, #411, .T. ) ;
#4072 = CARTESIAN_POINT ( 'NONE',  ( -190.3026776407826048, 444.4444400000000428, 21.10763403174831154 ) ) ;
#4073 = PLANE ( 'NONE',  #1251 ) ;
#4074 = CARTESIAN_POINT ( 'NONE',  ( -261.5617635560996632, 449.4444400000000428, 7.738060476453848757 ) ) ;
#4075 = EDGE_CURVE ( 'NONE', #3291, #479, #1933, .T. ) ;
#4076 = CARTESIAN_POINT ( 'NONE',  ( -290.1604015055182231, 444.4444399999999860, 1.637864100023814773 ) ) ;
#4077 = VERTEX_POINT ( 'NONE', #29 ) ;
#4078 = FACE_OUTER_BOUND ( 'NONE', #2839, .T. ) ;
#4079 = LINE ( 'NONE', #1820, #3978 ) ;
#4080 = CARTESIAN_POINT ( 'NONE',  ( -101.3232182224359548, 444.4444399999999860, 24.01536559620939926 ) ) ;
#4081 = EDGE_LOOP ( 'NONE', ( #3973, #578, #4010, #1322 ) ) ;
#4082 = DIRECTION ( 'NONE',  ( -0.000000000000000000, -1.000000000000000000, -0.000000000000000000 ) ) ;
#4083 = LINE ( 'NONE', #3423, #2209 ) ;
#4084 = CARTESIAN_POINT ( 'NONE',  ( -253.6658019528322825, 445.4444399999999860, 8.424370714792484449 ) ) ;
#4085 = ORIENTED_EDGE ( 'NONE', *, *, #3052, .T. ) ;
#4086 = DIRECTION ( 'NONE',  ( 0.000000000000000000, 0.000000000000000000, -1.000000000000000000 ) ) ;
#4087 = DIRECTION ( 'NONE',  ( -0.6965575549846625414, 0.000000000000000000, -0.7175009216675536372 ) ) ;
#4088 = ORIENTED_EDGE ( 'NONE', *, *, #625, .F. ) ;
#4089 = ORIENTED_EDGE ( 'NONE', *, *, #959, .T. ) ;
#4090 = EDGE_CURVE ( 'NONE', #3391, #3374, #2285, .T. ) ;
#4091 = EDGE_CURVE ( 'NONE', #3694, #1258, #310, .T. ) ;
#4092 = CARTESIAN_POINT ( 'NONE',  ( -115.5180971449280918, 444.4444399999999860, 7.824897445543956387 ) ) ;
#4093 = DIRECTION ( 'NONE',  ( 0.5246302302905513359, 0.000000000000000000, 0.8513302070673183231 ) ) ;
#4094 = CARTESIAN_POINT ( 'NONE',  ( -149.9881244947861774, 445.4444399999999860, 9.572435617176004996 ) ) ;
#4095 = LINE ( 'NONE', #3777, #252 ) ;
#4096 = ORIENTED_EDGE ( 'NONE', *, *, #2883, .T. ) ;
#4097 = EDGE_LOOP ( 'NONE', ( #2170, #4176, #3750, #2474 ) ) ;
#4098 = CARTESIAN_POINT ( 'NONE',  ( -149.9733316264472194, 445.4444399999999860, 10.94980211331408881 ) ) ;
#4099 = ADVANCED_FACE ( 'NONE', ( #267 ), #1609, .T. ) ;
#4100 = DIRECTION ( 'NONE',  ( 0.01073934591757915065, 0.000000000000000000, 0.9999423315618068964 ) ) ;
#4101 = PLANE ( 'NONE',  #564 ) ;
#4102 = VECTOR ( 'NONE', #3747, 1000.000000000000114 ) ;
#4103 = ORIENTED_EDGE ( 'NONE', *, *, #3675, .F. ) ;
#4104 = CARTESIAN_POINT ( 'NONE',  ( -132.6206067223063769, 445.4444399999999860, 26.93947749185418417 ) ) ;
#4105 = VECTOR ( 'NONE', #293, 1000.000000000000000 ) ;
#4106 = CARTESIAN_POINT ( 'NONE',  ( -192.5000000000002274, 449.4444399999999860, 15.15093237103806700 ) ) ;
#4107 = AXIS2_PLACEMENT_3D ( 'NONE', #2562, #3889, #3274 ) ;
#4108 = PLANE ( 'NONE',  #2234 ) ;
#4109 = ORIENTED_EDGE ( 'NONE', *, *, #213, .T. ) ;
#4110 = AXIS2_PLACEMENT_3D ( 'NONE', #219, #1176, #3484 ) ;
#4111 = CARTESIAN_POINT ( 'NONE',  ( -195.4384723376414854, 445.4444399999999291, 9.292409703171006896 ) ) ;
#4112 = CARTESIAN_POINT ( 'NONE',  ( -141.1614346981550625, 444.4444399999999860, 27.35412429335869788 ) ) ;
#4113 = ORIENTED_EDGE ( 'NONE', *, *, #2668, .T. ) ;
#4114 = VERTEX_POINT ( 'NONE', #1888 ) ;
#4115 = PRODUCT_DEFINITION_SHAPE ( 'NONE', 'NONE',  #1030 ) ;
#4116 = CARTESIAN_POINT ( 'NONE',  ( -173.4395179607336104, 444.4444399999999860, 8.866531246998681226 ) ) ;
#4117 = CARTESIAN_POINT ( 'NONE',  ( -261.5617635560994927, 449.4444399999999860, 7.738060476453870962 ) ) ;
#4118 = DIRECTION ( 'NONE',  ( -0.02688405537884489688, 0.000000000000000000, -0.9996385584632012655 ) ) ;
#4119 = CARTESIAN_POINT ( 'NONE',  ( -214.7170587909637618, 444.4444399999999860, 9.410057304301764347 ) ) ;
#4120 = ORIENTED_EDGE ( 'NONE', *, *, #748, .T. ) ;
#4121 = ORIENTED_EDGE ( 'NONE', *, *, #3164, .F. ) ;
#4122 = DIRECTION ( 'NONE',  ( 0.000000000000000000, -1.000000000000000000, 0.000000000000000000 ) ) ;
#4123 = FACE_OUTER_BOUND ( 'NONE', #1394, .T. ) ;
#4124 = EDGE_CURVE ( 'NONE', #4005, #2332, #288, .T. ) ;
#4125 = ORIENTED_EDGE ( 'NONE', *, *, #1595, .F. ) ;
#4126 = DIRECTION ( 'NONE',  ( -0.8419453725790534415, 0.000000000000000000, 0.5395627763223836970 ) ) ;
#4127 = DIRECTION ( 'NONE',  ( 0.000000000000000000, 0.000000000000000000, 1.000000000000000000 ) ) ;
#4128 = VECTOR ( 'NONE', #979, 1000.000000000000000 ) ;
#4129 = CARTESIAN_POINT ( 'NONE',  ( -217.1130667543573907, 444.4444399999999291, 16.54884338884149031 ) ) ;
#4130 = EDGE_CURVE ( 'NONE', #2688, #3505, #3508, .T. ) ;
#4131 = ORIENTED_EDGE ( 'NONE', *, *, #2400, .T. ) ;
#4132 = CARTESIAN_POINT ( 'NONE',  ( -300.0000000000000000, 444.4444399999999860, -0.1621621621621254228 ) ) ;
#4133 = CARTESIAN_POINT ( 'NONE',  ( -119.0667696627177463, 444.4444399999999860, 28.12804715761673791 ) ) ;
#4134 = CIRCLE ( 'NONE', #183, 0.5999999999999928724 ) ;
#4135 = VERTEX_POINT ( 'NONE', #1585 ) ;
#4136 = ORIENTED_EDGE ( 'NONE', *, *, #3214, .T. ) ;
#4137 = CIRCLE ( 'NONE', #3655, 6.324999999999983302 ) ;
#4138 = DIRECTION ( 'NONE',  ( -0.000000000000000000, -1.000000000000000000, -0.000000000000000000 ) ) ;
#4139 = CARTESIAN_POINT ( 'NONE',  ( -190.2701010556687891, 444.4444399999999860, 21.06981534826184443 ) ) ;
#4140 = LINE ( 'NONE', #1859, #4027 ) ;
#4141 = CARTESIAN_POINT ( 'NONE',  ( -221.5540287521985192, 445.4444399999999860, 15.35548709238198661 ) ) ;
#4142 = ORIENTED_EDGE ( 'NONE', *, *, #1329, .T. ) ;
#4143 = ORIENTED_EDGE ( 'NONE', *, *, #110, .T. ) ;
#4144 = DIRECTION ( 'NONE',  ( 0.000000000000000000, -1.000000000000000000, 0.000000000000000000 ) ) ;
#4145 = CARTESIAN_POINT ( 'NONE',  ( -242.9298313318372777, 445.4444399999999860, 11.25234309190400417 ) ) ;
#4146 = ORIENTED_EDGE ( 'NONE', *, *, #838, .T. ) ;
#4147 = CARTESIAN_POINT ( 'NONE',  ( -165.8831520765355094, 445.4444399999999860, 24.32831145581577204 ) ) ;
#4148 = DIRECTION ( 'NONE',  ( 0.000000000000000000, 1.000000000000000000, -0.000000000000000000 ) ) ;
#4149 = EDGE_CURVE ( 'NONE', #1070, #3851, #2934, .T. ) ;
#4150 = CYLINDRICAL_SURFACE ( 'NONE', #3424, 6.324999999999983302 ) ;
#4151 = CARTESIAN_POINT ( 'NONE',  ( -113.5285485838878117, 449.4444399999999860, 8.528672068350854119 ) ) ;
#4152 = EDGE_LOOP ( 'NONE', ( #2080, #1926, #3438 ) ) ;
#4153 = EDGE_CURVE ( 'NONE', #597, #2274, #2600, .T. ) ;
#4154 = LINE ( 'NONE', #631, #1277 ) ;
#4155 = CARTESIAN_POINT ( 'NONE',  ( -282.4215676329395706, 444.4444400000000428, 1.563290641976436968 ) ) ;
#4156 = ORIENTED_EDGE ( 'NONE', *, *, #390, .F. ) ;
#4157 = ORIENTED_EDGE ( 'NONE', *, *, #3273, .F. ) ;
#4158 = VERTEX_POINT ( 'NONE', #970 ) ;
#4159 = FACE_OUTER_BOUND ( 'NONE', #1264, .T. ) ;
#4160 = CARTESIAN_POINT ( 'NONE',  ( -149.2125205955679803, 445.4444399999999860, 25.91972275192623698 ) ) ;
#4161 = CARTESIAN_POINT ( 'NONE',  ( -267.1688184859924604, 444.4444399999999860, 8.607714735570329623 ) ) ;
#4162 = CARTESIAN_POINT ( 'NONE',  ( -260.8337779118387516, 449.4444399999999860, 6.940564282544234409 ) ) ;
#4163 = EDGE_LOOP ( 'NONE', ( #3954, #2905, #3090, #3816 ) ) ;
#4164 = ORIENTED_EDGE ( 'NONE', *, *, #4179, .F. ) ;
#4165 = DIRECTION ( 'NONE',  ( 0.9996385584632171417, 0.000000000000000000, -0.02688405537825779359 ) ) ;
#4166 = DIRECTION ( 'NONE',  ( 0.000000000000000000, -1.000000000000000000, 0.000000000000000000 ) ) ;
#4167 = CARTESIAN_POINT ( 'NONE',  ( -188.9322783967771500, 445.4444399999999860, 21.31370094711531493 ) ) ;
#4168 = CARTESIAN_POINT ( 'NONE',  ( -132.2895928815849516, 444.4444399999999860, 26.91158335888606601 ) ) ;
#4169 = CARTESIAN_POINT ( 'NONE',  ( -260.7043874911463490, 449.4444399999999860, 6.146900934099255309 ) ) ;
#4170 = DIRECTION ( 'NONE',  ( -0.9996385584632171417, 0.000000000000000000, 0.02688405537825780053 ) ) ;
#4171 = VECTOR ( 'NONE', #2042, 1000.000000000000000 ) ;
#4172 = EDGE_CURVE ( 'NONE', #1385, #1486, #2220, .T. ) ;
#4173 = EDGE_CURVE ( 'NONE', #3453, #3729, #3188, .T. ) ;
#4174 = ORIENTED_EDGE ( 'NONE', *, *, #3003, .T. ) ;
#4175 = AXIS2_PLACEMENT_3D ( 'NONE', #4051, #1125, #2437 ) ;
#4176 = ORIENTED_EDGE ( 'NONE', *, *, #397, .T. ) ;
#4177 = CARTESIAN_POINT ( 'NONE',  ( -300.0000000000000000, 533.3333280000000514, 0.000000000000000000 ) ) ;
#4178 = CARTESIAN_POINT ( 'NONE',  ( -260.9867192135901064, 449.4444399999999860, 7.878685561044791896 ) ) ;
#4179 = EDGE_CURVE ( 'NONE', #1362, #1464, #1697, .T. ) ;
#4180 = VECTOR ( 'NONE', #2144, 1000.000000000000000 ) ;
#4181 = B_SPLINE_SURFACE_WITH_KNOTS ( 'NONE', 3, 1, ( 
 ( #111, #1368 ),
 ( #3300, #1995 ),
 ( #1752, #406 ),
 ( #3320, #2050 ),
 ( #1387, #2339 ),
 ( #4032, #2999 ),
 ( #3992, #2980 ),
 ( #689, #1731 ),
 ( #3976, #54 ),
 ( #1072, #1110 ) ),
 .UNSPECIFIED., .F., .F., .F.,
 ( 4, 1, 1, 1, 1, 1, 1, 4 ),
 ( 2, 2 ),
 ( 0.8266341156869883022, 0.8494027461549507052, 0.8787945019262081159, 0.8934903798118367657, 0.9081862576974655266, 0.9228821355830941764, 0.9291378280682509594, 0.9294838303711506766 ),
 ( 0.000000000000000000, 1.000000000000000000 ),
 .UNSPECIFIED. ) ;
#4182 = ORIENTED_EDGE ( 'NONE', *, *, #2903, .T. ) ;
#4183 = ORIENTED_EDGE ( 'NONE', *, *, #2555, .T. ) ;
#4184 = DIRECTION ( 'NONE',  ( -0.6888675014067497937, 0.000000000000000000, -0.7248872777926383959 ) ) ;
#4185 = AXIS2_PLACEMENT_3D ( 'NONE', #3707, #4122, #2826 ) ;
#4186 = DIRECTION ( 'NONE',  ( 0.000000000000000000, 1.000000000000000000, 0.000000000000000000 ) ) ;
#4187 = CARTESIAN_POINT ( 'NONE',  ( -246.4103591120961596, 445.4444399999999860, 7.704962952225629991 ) ) ;
#4188 = VERTEX_POINT ( 'NONE', #2561 ) ;
#4189 = EDGE_CURVE ( 'NONE', #2926, #1729, #907, .T. ) ;
#4190 = ORIENTED_EDGE ( 'NONE', *, *, #707, .F. ) ;
#4191 = DIRECTION ( 'NONE',  ( 0.000000000000000000, -1.000000000000000000, 0.000000000000000000 ) ) ;
#4192 = LINE ( 'NONE', #1010, #3428 ) ;
#4193 = ORIENTED_EDGE ( 'NONE', *, *, #2009, .T. ) ;
#4194 = CARTESIAN_POINT ( 'NONE',  ( -133.9566291355076544, 449.4444399999999860, 9.286974893465000491 ) ) ;
#4195 = CARTESIAN_POINT ( 'NONE',  ( -271.2861602198226478, 533.3333280000000514, 2.447696926311453858 ) ) ;
#4196 = CARTESIAN_POINT ( 'NONE',  ( -257.1160311369276315, 444.4444399999999860, 7.991938233640836664 ) ) ;
#4197 = SURFACE_STYLE_FILL_AREA ( #1365 ) ;
#4198 = CARTESIAN_POINT ( 'NONE',  ( -200.4233210937089211, 449.4444399999999291, 19.51179646880437346 ) ) ;
#4199 = CARTESIAN_POINT ( 'NONE',  ( -112.2016622524414373, 449.4444399999999860, 28.10930200660903822 ) ) ;
#4200 = AXIS2_PLACEMENT_3D ( 'NONE', #3260, #958, #1920 ) ;
#4201 = VECTOR ( 'NONE', #163, 999.9999999999998863 ) ;
#4202 = ORIENTED_EDGE ( 'NONE', *, *, #1805, .F. ) ;
#4203 = VERTEX_POINT ( 'NONE', #3588 ) ;
#4204 = CARTESIAN_POINT ( 'NONE',  ( -140.1163786704159406, 449.4444399999999860, 26.58487205923219676 ) ) ;
#4205 = EDGE_CURVE ( 'NONE', #3330, #1484, #2271, .T. ) ;
#4206 = VECTOR ( 'NONE', #3055, 1000.000000000000000 ) ;
#4207 = DIRECTION ( 'NONE',  ( -0.6965575549846637626, 0.000000000000000000, -0.7175009216675524160 ) ) ;
#4208 = DIRECTION ( 'NONE',  ( -0.7248872777926389510, 0.000000000000000000, 0.6888675014067492386 ) ) ;
#4209 = ORIENTED_EDGE ( 'NONE', *, *, #318, .T. ) ;
#4210 = VECTOR ( 'NONE', #2880, 1000.000000000000000 ) ;
#4211 = ORIENTED_EDGE ( 'NONE', *, *, #1987, .F. ) ;
#4212 = CARTESIAN_POINT ( 'NONE',  ( -165.6192316589048232, 445.4444399999999860, 22.77181901356583182 ) ) ;
#4213 = EDGE_CURVE ( 'NONE', #3803, #3614, #1972, .T. ) ;
#4214 = DIRECTION ( 'NONE',  ( 0.000000000000000000, 0.000000000000000000, -1.000000000000000000 ) ) ;
#4215 = ORIENTED_EDGE ( 'NONE', *, *, #2314, .T. ) ;
#4216 = DIRECTION ( 'NONE',  ( 0.8419453725790534415, 0.000000000000000000, -0.5395627763223836970 ) ) ;
#4217 = DIRECTION ( 'NONE',  ( 0.6888675014067946467, 0.000000000000000000, 0.7248872777925956523 ) ) ;
#4218 = B_SPLINE_CURVE_WITH_KNOTS ( 'NONE', 3,
 ( #854, #3801, #3160, #1494 ),
 .UNSPECIFIED., .F., .F.,
 ( 4, 4 ),
 ( 0.8812983385988764073, 0.8838836986591611655 ),
 .UNSPECIFIED. ) ;
#4219 = ORIENTED_EDGE ( 'NONE', *, *, #136, .T. ) ;
#4220 = LINE ( 'NONE', #3635, #113 ) ;
#4221 = DIRECTION ( 'NONE',  ( 0.000000000000000000, 1.000000000000000000, -0.000000000000000000 ) ) ;
#4222 = CARTESIAN_POINT ( 'NONE',  ( -250.1640547648514712, 449.4444399999999860, 10.47245111218836300 ) ) ;
ENDSEC;
END-ISO-10303-21;
