ISO-10303-21;
HEADER;
FILE_DESCRIPTION (( 'STEP AP214' ),
    '1' );
FILE_NAME ('rib7 outer.STEP',
    '2026-03-21T17:22:20',
    ( '' ),
    ( '' ),
    'SwSTEP 2.0',
    'SolidWorks 2024',
    '' );
FILE_SCHEMA (( 'AUTOMOTIVE_DESIGN' ));
ENDSEC;

DATA;
#1 = CARTESIAN_POINT ( 'NONE',  ( -260.8576000465643006, 1432.079999999999927, 7.086686038580862323 ) ) ;
#2 = CARTESIAN_POINT ( 'NONE',  ( -280.3490536555156041, 1520.960000000000036, 2.537585519907809672 ) ) ;
#3 = EDGE_CURVE ( 'NONE', #2214, #1570, #3210, .T. ) ;
#4 = EDGE_LOOP ( 'NONE', ( #1749, #1216, #1022, #2400 ) ) ;
#5 = FACE_OUTER_BOUND ( 'NONE', #2351, .T. ) ;
#6 = AXIS2_PLACEMENT_3D ( 'NONE', #1217, #263, #2771 ) ;
#7 = CARTESIAN_POINT ( 'NONE',  ( -225.6975725102126944, 1437.079999999999927, 8.533007167635572543 ) ) ;
#8 = CARTESIAN_POINT ( 'NONE',  ( -232.7573189821663959, 1432.079999999999927, 13.43332594171979544 ) ) ;
#9 = CARTESIAN_POINT ( 'NONE',  ( -250.7585574480021364, 1432.079999999999927, 7.495065782900966589 ) ) ;
#10 = CARTESIAN_POINT ( 'NONE',  ( -266.5147033832301418, 1520.960000000000036, 5.740492526924503736 ) ) ;
#11 = ORIENTED_EDGE ( 'NONE', *, *, #118, .T. ) ;
#12 = VECTOR ( 'NONE', #205, 1000.000000000000000 ) ;
#13 = FACE_BOUND ( 'NONE', #1203, .T. ) ;
#14 = LINE ( 'NONE', #259, #409 ) ;
#15 = FACE_OUTER_BOUND ( 'NONE', #1836, .T. ) ;
#16 = VERTEX_POINT ( 'NONE', #813 ) ;
#17 = ORIENTED_EDGE ( 'NONE', *, *, #94, .T. ) ;
#18 = DIRECTION ( 'NONE',  ( 0.7248872777926386179, 0.000000000000000000, -0.6888675014067493496 ) ) ;
#19 = CARTESIAN_POINT ( 'NONE',  ( -119.0667696627180590, 1432.079999999999927, 28.12804715761673435 ) ) ;
#20 = CARTESIAN_POINT ( 'NONE',  ( -240.4624955004808839, 1432.079999999999927, 7.187158872640684315 ) ) ;
#21 = EDGE_CURVE ( 'NONE', #3919, #3554, #986, .T. ) ;
#22 = CARTESIAN_POINT ( 'NONE',  ( -149.8118213194345003, 1432.079999999999927, 25.94868207460713805 ) ) ;
#23 = ORIENTED_EDGE ( 'NONE', *, *, #379, .F. ) ;
#24 = LINE ( 'NONE', #2198, #3740 ) ;
#25 = EDGE_CURVE ( 'NONE', #3083, #3651, #2779, .T. ) ;
#26 = CARTESIAN_POINT ( 'NONE',  ( -112.8759871213103310, 1437.079999999999927, 3.035661502870928175 ) ) ;
#27 = CARTESIAN_POINT ( 'NONE',  ( -257.8976825154148855, 1432.079999999999927, 7.804466760825801153 ) ) ;
#28 = CARTESIAN_POINT ( 'NONE',  ( -154.5807832906197916, 1437.079999999999927, 26.32937649834314442 ) ) ;
#29 = ORIENTED_EDGE ( 'NONE', *, *, #2793, .T. ) ;
#30 = CARTESIAN_POINT ( 'NONE',  ( -282.6978133705282517, 1432.079999999999927, 5.318962716800226254 ) ) ;
#31 = CARTESIAN_POINT ( 'NONE',  ( -248.4092376083339389, 1432.079999999999927, -62.58141432606363708 ) ) ;
#32 = CARTESIAN_POINT ( 'NONE',  ( -195.6463559078458445, 1437.079999999999927, 20.27733546108195739 ) ) ;
#33 = EDGE_CURVE ( 'NONE', #1515, #2486, #2629, .T. ) ;
#34 = ORIENTED_EDGE ( 'NONE', *, *, #3753, .F. ) ;
#35 = ORIENTED_EDGE ( 'NONE', *, *, #2240, .T. ) ;
#36 = CARTESIAN_POINT ( 'NONE',  ( -199.0850363344286507, 1437.080000000000155, 17.00309731254721868 ) ) ;
#37 = VECTOR ( 'NONE', #2163, 1000.000000000000000 ) ;
#38 = CARTESIAN_POINT ( 'NONE',  ( -132.0558163129717002, 1433.079999999999927, 26.96303150527395687 ) ) ;
#39 = CARTESIAN_POINT ( 'NONE',  ( -112.3038216628891064, 1437.079999999999927, 24.31067548444906024 ) ) ;
#40 = DIRECTION ( 'NONE',  ( 0.7248872777926330668, 0.000000000000000000, -0.6888675014067552338 ) ) ;
#41 = EDGE_LOOP ( 'NONE', ( #4074, #2306, #2109, #1317 ) ) ;
#42 = CARTESIAN_POINT ( 'NONE',  ( -279.6950825009786854, 1520.960000000000036, 1.796581939439624742 ) ) ;
#43 = ORIENTED_EDGE ( 'NONE', *, *, #2054, .F. ) ;
#44 = ORIENTED_EDGE ( 'NONE', *, *, #1202, .T. ) ;
#45 = EDGE_CURVE ( 'NONE', #2623, #3648, #520, .T. ) ;
#46 = SURFACE_SIDE_STYLE ('',( #995 ) ) ;
#47 = CARTESIAN_POINT ( 'NONE',  ( -253.0842567625609547, 1432.079999999999927, 7.376365557282274388 ) ) ;
#48 = ORIENTED_EDGE ( 'NONE', *, *, #905, .F. ) ;
#49 = FACE_BOUND ( 'NONE', #2149, .T. ) ;
#50 = CARTESIAN_POINT ( 'NONE',  ( -297.6249865866923869, 1432.079999999999927, 0.7942685039227671551 ) ) ;
#51 = CARTESIAN_POINT ( 'NONE',  ( -64.90756987942758371, 1433.079999999999927, -106.1180870880435378 ) ) ;
#52 = VERTEX_POINT ( 'NONE', #559 ) ;
#53 = EDGE_LOOP ( 'NONE', ( #2969, #383, #475, #2663 ) ) ;
#54 = LINE ( 'NONE', #1918, #1121 ) ;
#55 = VECTOR ( 'NONE', #955, 1000.000000000000000 ) ;
#56 = CARTESIAN_POINT ( 'NONE',  ( -290.3110310810180863, 1520.959999999999809, 3.099905874896820901 ) ) ;
#57 = EDGE_CURVE ( 'NONE', #584, #2915, #588, .T. ) ;
#58 = CARTESIAN_POINT ( 'NONE',  ( -260.7875091720599698, 1437.079999999999927, 7.103832978769569095 ) ) ;
#59 = CYLINDRICAL_SURFACE ( 'NONE', #1140, 0.5999999999999946487 ) ;
#60 = ORIENTED_EDGE ( 'NONE', *, *, #820, .T. ) ;
#61 = ORIENTED_EDGE ( 'NONE', *, *, #3141, .F. ) ;
#62 = ORIENTED_EDGE ( 'NONE', *, *, #2043, .T. ) ;
#63 = DIRECTION ( 'NONE',  ( -0.000000000000000000, -1.000000000000000000, -0.000000000000000000 ) ) ;
#64 = ORIENTED_EDGE ( 'NONE', *, *, #2294, .T. ) ;
#65 = VERTEX_POINT ( 'NONE', #4032 ) ;
#66 = CARTESIAN_POINT ( 'NONE',  ( -92.49999999999820943, 1437.079999999999927, 16.74722354252501688 ) ) ;
#67 = CARTESIAN_POINT ( 'NONE',  ( -264.1907845933577050, 1520.960000000000036, -17.38774865900553124 ) ) ;
#68 = ORIENTED_EDGE ( 'NONE', *, *, #2049, .T. ) ;
#69 = LINE ( 'NONE', #2291, #1520 ) ;
#70 = EDGE_CURVE ( 'NONE', #1880, #396, #3365, .T. ) ;
#71 = CARTESIAN_POINT ( 'NONE',  ( -287.8070055320702636, 1432.079999999999927, 3.847726476973034160 ) ) ;
#72 = CARTESIAN_POINT ( 'NONE',  ( -119.0667696627180590, 1432.079999999999927, 28.12804715761673435 ) ) ;
#73 = VECTOR ( 'NONE', #2737, 1000.000000000000000 ) ;
#74 = ORIENTED_EDGE ( 'NONE', *, *, #1134, .F. ) ;
#75 = ORIENTED_EDGE ( 'NONE', *, *, #323, .F. ) ;
#76 = CARTESIAN_POINT ( 'NONE',  ( -237.8656650781825306, 1433.079999999999927, 8.073344651762354829 ) ) ;
#77 = LINE ( 'NONE', #1031, #909 ) ;
#78 = CIRCLE ( 'NONE', #1538, 0.6007478931679237633 ) ;
#79 = CARTESIAN_POINT ( 'NONE',  ( -260.7875091720599698, 1432.079999999999927, 7.103832978769569095 ) ) ;
#80 = CARTESIAN_POINT ( 'NONE',  ( -256.7794921707696290, 1433.079999999999927, 7.175935368848862517 ) ) ;
#81 = AXIS2_PLACEMENT_3D ( 'NONE', #1902, #670, #1858 ) ;
#82 = EDGE_CURVE ( 'NONE', #3478, #3028, #3202, .T. ) ;
#83 = DIRECTION ( 'NONE',  ( 0.01073934591758248132, 0.000000000000000000, 0.9999423315618068964 ) ) ;
#84 = ORIENTED_EDGE ( 'NONE', *, *, #323, .T. ) ;
#85 = ORIENTED_EDGE ( 'NONE', *, *, #3975, .F. ) ;
#86 = VECTOR ( 'NONE', #1960, 1000.000000000000000 ) ;
#87 = CARTESIAN_POINT ( 'NONE',  ( -290.3163669971457921, 1520.960000000000036, 0.8276152839012187457 ) ) ;
#88 = VECTOR ( 'NONE', #3965, 1000.000000000000000 ) ;
#89 = VERTEX_POINT ( 'NONE', #209 ) ;
#90 = ORIENTED_EDGE ( 'NONE', *, *, #2112, .T. ) ;
#91 = EDGE_CURVE ( 'NONE', #3411, #1437, #1805, .T. ) ;
#92 = DIRECTION ( 'NONE',  ( 0.000000000000000000, -1.000000000000000000, 0.000000000000000000 ) ) ;
#93 = DIRECTION ( 'NONE',  ( 0.06567303980416458464, 0.000000000000000000, -0.9978411957034448720 ) ) ;
#94 = EDGE_CURVE ( 'NONE', #2314, #1823, #3755, .T. ) ;
#95 = ORIENTED_EDGE ( 'NONE', *, *, #3848, .F. ) ;
#96 = VECTOR ( 'NONE', #2631, 1000.000000000000000 ) ;
#97 = DIRECTION ( 'NONE',  ( -0.9996385584632011545, 0.000000000000000000, 0.02688405537885410826 ) ) ;
#98 = LINE ( 'NONE', #2605, #1473 ) ;
#99 = EDGE_CURVE ( 'NONE', #4096, #3687, #892, .T. ) ;
#100 = CARTESIAN_POINT ( 'NONE',  ( -119.0667696627180590, 1437.079999999999927, 28.12804715761673435 ) ) ;
#101 = CARTESIAN_POINT ( 'NONE',  ( -195.6463559078458445, 1437.079999999999927, 20.27733546108195739 ) ) ;
#102 = EDGE_CURVE ( 'NONE', #746, #2602, #2813, .T. ) ;
#103 = B_SPLINE_SURFACE_WITH_KNOTS ( 'NONE', 3, 1, ( 
 ( #3471, #3777 ),
 ( #2473, #602 ),
 ( #562, #297 ),
 ( #2205, #3094 ),
 ( #1891, #256 ),
 ( #1527, #4053 ),
 ( #1209, #3738 ),
 ( #895, #3427 ),
 ( #2264, #1666 ),
 ( #2860, #3573 ),
 ( #2224, #422 ),
 ( #2531, #1691 ),
 ( #1309, #1908 ),
 ( #728, #2311 ) ),
 .UNSPECIFIED., .F., .F., .F.,
 ( 4, 1, 1, 1, 1, 1, 1, 1, 1, 1, 1, 4 ),
 ( 2, 2 ),
 ( 0.7011752054892412822, 0.7037511641537997908, 0.7114926295676233803, 0.7321002988842217896, 0.7527079682008201988, 0.7939233068340170174, 0.8351386454672137249, 0.8763539841004104325, 0.8969616534170088418, 0.9175693227336072511, 0.9324260961395651748, 0.9375780134687207168 ),
 ( 0.000000000000000000, 1.000000000000000000 ),
 .UNSPECIFIED. ) ;
#104 = CARTESIAN_POINT ( 'NONE',  ( -269.3505351003591954, 1520.959999999999809, 8.883550396804281490 ) ) ;
#105 = CARTESIAN_POINT ( 'NONE',  ( -150.2687402517477437, 1433.079999999999927, 9.575102033815708680 ) ) ;
#106 = ORIENTED_EDGE ( 'NONE', *, *, #3820, .F. ) ;
#107 = CARTESIAN_POINT ( 'NONE',  ( -183.0782561714916312, 1432.079999999999927, 9.495039263358659554 ) ) ;
#108 = CARTESIAN_POINT ( 'NONE',  ( -267.5579742966418735, 1432.079999999999927, 3.504036228201333092 ) ) ;
#109 = ORIENTED_EDGE ( 'NONE', *, *, #2550, .F. ) ;
#110 = VERTEX_POINT ( 'NONE', #2409 ) ;
#111 = VECTOR ( 'NONE', #1890, 1000.000000000000114 ) ;
#112 = LINE ( 'NONE', #347, #494 ) ;
#113 = VECTOR ( 'NONE', #2783, 1000.000000000000000 ) ;
#114 = ORIENTED_EDGE ( 'NONE', *, *, #2979, .F. ) ;
#115 = VERTEX_POINT ( 'NONE', #3676 ) ;
#116 = CARTESIAN_POINT ( 'NONE',  ( -254.6226053384950774, 1433.079999999999927, 8.584301412233694251 ) ) ;
#117 = LINE ( 'NONE', #996, #2811 ) ;
#118 = EDGE_CURVE ( 'NONE', #1956, #499, #1785, .T. ) ;
#119 = CARTESIAN_POINT ( 'NONE',  ( -290.1850476729540560, 1520.960000000000036, 2.279926096537914670 ) ) ;
#120 = PLANE ( 'NONE',  #686 ) ;
#121 = CARTESIAN_POINT ( 'NONE',  ( -292.7816016976615288, 1432.079999999999927, 2.342604849855893789 ) ) ;
#122 = CARTESIAN_POINT ( 'NONE',  ( -237.8803495755753659, 1432.079999999999927, 13.20663139703280642 ) ) ;
#123 = CARTESIAN_POINT ( 'NONE',  ( -149.1355522185795621, 1433.079999999999927, 9.563395545355731997 ) ) ;
#124 = DIRECTION ( 'NONE',  ( -0.9996385584632172527, 0.000000000000000000, 0.02688405537825218003 ) ) ;
#125 = CARTESIAN_POINT ( 'NONE',  ( -164.3938166502457250, 1433.079999999999927, 9.632323722520098386 ) ) ;
#126 = ORIENTED_EDGE ( 'NONE', *, *, #3731, .F. ) ;
#127 = CARTESIAN_POINT ( 'NONE',  ( -165.6171606190784189, 1433.079999999999927, 22.88600174151924094 ) ) ;
#128 = CARTESIAN_POINT ( 'NONE',  ( -260.8337779118351136, 1432.079999999999927, 6.940564282543896013 ) ) ;
#129 = AXIS2_PLACEMENT_3D ( 'NONE', #1314, #3844, #663 ) ;
#130 = ORIENTED_EDGE ( 'NONE', *, *, #3325, .F. ) ;
#131 = ORIENTED_EDGE ( 'NONE', *, *, #2122, .F. ) ;
#132 = CARTESIAN_POINT ( 'NONE',  ( -260.9867192135902769, 1437.079999999999927, 7.878685561044781238 ) ) ;
#133 = ORIENTED_EDGE ( 'NONE', *, *, #1820, .T. ) ;
#134 = EDGE_LOOP ( 'NONE', ( #1653, #2463, #3771, #1265 ) ) ;
#135 = CARTESIAN_POINT ( 'NONE',  ( -83.70945874280815246, 1432.079999999999927, 79.54992100822235557 ) ) ;
#136 = CARTESIAN_POINT ( 'NONE',  ( -292.2377533026756282, 1520.960000000000036, 1.650914772663081065 ) ) ;
#137 = LINE ( 'NONE', #2669, #4073 ) ;
#138 = DIRECTION ( 'NONE',  ( 0.000000000000000000, 0.000000000000000000, -1.000000000000000000 ) ) ;
#139 = LINE ( 'NONE', #524, #1600 ) ;
#140 = CARTESIAN_POINT ( 'NONE',  ( -112.3038216628891064, 1432.079999999999927, 24.31067548444906024 ) ) ;
#141 = DIRECTION ( 'NONE',  ( 0.000000000000000000, -1.000000000000000000, 0.000000000000000000 ) ) ;
#142 = FACE_OUTER_BOUND ( 'NONE', #2947, .T. ) ;
#143 = CARTESIAN_POINT ( 'NONE',  ( -256.2097432759642288, 1433.079999999999927, 7.207805312617992399 ) ) ;
#144 = CARTESIAN_POINT ( 'NONE',  ( -274.6155771348952612, 1432.079999999999927, 2.997052627296134197 ) ) ;
#145 = ORIENTED_EDGE ( 'NONE', *, *, #2176, .T. ) ;
#146 = ORIENTED_EDGE ( 'NONE', *, *, #1450, .F. ) ;
#147 = EDGE_CURVE ( 'NONE', #3493, #3523, #3442, .T. ) ;
#148 = DIRECTION ( 'NONE',  ( -0.9999423315618068964, 0.000000000000000000, 0.01073934591758078823 ) ) ;
#149 = ORIENTED_EDGE ( 'NONE', *, *, #641, .F. ) ;
#150 = EDGE_CURVE ( 'NONE', #3884, #3497, #1167, .T. ) ;
#151 = LINE ( 'NONE', #2682, #3993 ) ;
#152 = CARTESIAN_POINT ( 'NONE',  ( -92.49999999999820943, 1432.079999999999927, 16.74722354252501688 ) ) ;
#153 = ORIENTED_EDGE ( 'NONE', *, *, #673, .T. ) ;
#154 = LINE ( 'NONE', #3949, #2152 ) ;
#155 = EDGE_CURVE ( 'NONE', #3901, #3916, #541, .T. ) ;
#156 = CARTESIAN_POINT ( 'NONE',  ( -194.9129271786084701, 1433.079999999999927, 9.302312362620199337 ) ) ;
#157 = CARTESIAN_POINT ( 'NONE',  ( -140.1163786704161112, 1437.079999999999927, 26.58487205923218966 ) ) ;
#158 = DIRECTION ( 'NONE',  ( 0.6888675014067501268, 0.000000000000000000, 0.7248872777926379518 ) ) ;
#159 = DIRECTION ( 'NONE',  ( 0.000000000000000000, -1.000000000000000000, 0.000000000000000000 ) ) ;
#160 = CARTESIAN_POINT ( 'NONE',  ( -165.5953102936683479, 1433.079999999999927, 9.630069181646563337 ) ) ;
#161 = CARTESIAN_POINT ( 'NONE',  ( -89.62753892102892905, 1432.079999999999927, 125.4662875543850191 ) ) ;
#162 = DIRECTION ( 'NONE',  ( 0.000000000000000000, 0.000000000000000000, 1.000000000000000000 ) ) ;
#163 = ORIENTED_EDGE ( 'NONE', *, *, #147, .F. ) ;
#164 = VERTEX_POINT ( 'NONE', #3406 ) ;
#165 = PLANE ( 'NONE',  #848 ) ;
#166 =( BOUNDED_CURVE ( )  B_SPLINE_CURVE ( 3, ( #2318, #691, #36, #101 ),
 .UNSPECIFIED., .F., .F. ) 
 B_SPLINE_CURVE_WITH_KNOTS ( ( 4, 4 ),
 ( 0.4721547818380111838, 2.569620353406168789 ),
 .UNSPECIFIED. ) 
 CURVE ( )  GEOMETRIC_REPRESENTATION_ITEM ( )  RATIONAL_B_SPLINE_CURVE ( ( 1.000000000000000000, 0.6657799060883726749, 0.6657799060883726749, 1.000000000000000000 ) ) 
 REPRESENTATION_ITEM ( '' )  );
#167 = AXIS2_PLACEMENT_3D ( 'NONE', #1474, #2111, #3961 ) ;
#168 = ORIENTED_EDGE ( 'NONE', *, *, #1714, .F. ) ;
#169 = VECTOR ( 'NONE', #1892, 1000.000000000000114 ) ;
#170 = ORIENTED_EDGE ( 'NONE', *, *, #3153, .F. ) ;
#171 = CARTESIAN_POINT ( 'NONE',  ( -80.42685347601847923, 1432.079999999999927, -84.63224460233963953 ) ) ;
#172 = EDGE_CURVE ( 'NONE', #3838, #1510, #3069, .T. ) ;
#173 = DIRECTION ( 'NONE',  ( -0.8137065930674870495, 0.000000000000000000, -0.5812758212746363951 ) ) ;
#174 = CARTESIAN_POINT ( 'NONE',  ( -168.8641331842243858, 1437.079999999999927, 24.10239613039014017 ) ) ;
#175 = LINE ( 'NONE', #1789, #1763 ) ;
#176 = LINE ( 'NONE', #3331, #3241 ) ;
#177 = CARTESIAN_POINT ( 'NONE',  ( -164.9945637137987831, 1433.079999999999927, 9.631325334794965443 ) ) ;
#178 = DIRECTION ( 'NONE',  ( 0.000000000000000000, 0.000000000000000000, -1.000000000000000000 ) ) ;
#179 = CARTESIAN_POINT ( 'NONE',  ( -132.7570495598770606, 1433.079999999999927, 9.255214942794435018 ) ) ;
#180 = ORIENTED_EDGE ( 'NONE', *, *, #2979, .T. ) ;
#181 = ORIENTED_EDGE ( 'NONE', *, *, #2300, .F. ) ;
#182 = CARTESIAN_POINT ( 'NONE',  ( -165.9276959313934015, 1432.079999999999927, 24.32335976594871241 ) ) ;
#183 = ORIENTED_EDGE ( 'NONE', *, *, #430, .F. ) ;
#184 = CARTESIAN_POINT ( 'NONE',  ( -205.0226850628186241, 1433.079999999999927, 18.72112452208074274 ) ) ;
#185 = ORIENTED_EDGE ( 'NONE', *, *, #3702, .F. ) ;
#186 = LINE ( 'NONE', #521, #2482 ) ;
#187 = DIRECTION ( 'NONE',  ( -0.9999982381285569266, 0.000000000000000000, -0.001877162694616529154 ) ) ;
#188 = CARTESIAN_POINT ( 'NONE',  ( -117.3872845654308179, 1437.079999999999927, 27.32359723883181246 ) ) ;
#189 = CARTESIAN_POINT ( 'NONE',  ( -257.7587715430228741, 1437.079999999999927, 8.668068884507679428 ) ) ;
#190 = CARTESIAN_POINT ( 'NONE',  ( -150.2687402517477437, 1433.079999999999927, 9.575102033815708680 ) ) ;
#191 = EDGE_CURVE ( 'NONE', #4022, #245, #3092, .T. ) ;
#192 = VECTOR ( 'NONE', #1091, 1000.000000000000000 ) ;
#193 = EDGE_CURVE ( 'NONE', #1008, #2498, #1288, .T. ) ;
#194 = LINE ( 'NONE', #3000, #1338 ) ;
#195 = CARTESIAN_POINT ( 'NONE',  ( -133.5305144212685775, 1432.079999999999927, 25.38181269808915630 ) ) ;
#196 = DIRECTION ( 'NONE',  ( 0.7241518884010706980, 0.000000000000000000, 0.6896405168819210729 ) ) ;
#197 = ORIENTED_EDGE ( 'NONE', *, *, #1079, .F. ) ;
#198 = ORIENTED_EDGE ( 'NONE', *, *, #212, .T. ) ;
#199 = DIRECTION ( 'NONE',  ( -0.8376768486544285963, 0.000000000000000000, 0.5461661809636199072 ) ) ;
#200 = ADVANCED_FACE ( 'NONE', ( #1237 ), #3456, .T. ) ;
#201 = ORIENTED_EDGE ( 'NONE', *, *, #2167, .T. ) ;
#202 = CIRCLE ( 'NONE', #3980, 4.124999999999996447 ) ;
#203 = VERTEX_POINT ( 'NONE', #322 ) ;
#204 = B_SPLINE_CURVE_WITH_KNOTS ( 'NONE', 3,
 ( #3327, #483, #3262, #1732, #427 ),
 .UNSPECIFIED., .F., .F.,
 ( 4, 1, 4 ),
 ( 0.07660540888411186689, 0.07759797097803880495, 0.07782247295120917063 ),
 .UNSPECIFIED. ) ;
#205 = DIRECTION ( 'NONE',  ( 0.000000000000000000, -1.000000000000000000, 0.000000000000000000 ) ) ;
#206 = ADVANCED_FACE ( 'NONE', ( #2500 ), #902, .T. ) ;
#207 = CARTESIAN_POINT ( 'NONE',  ( -101.4282823775221232, 1432.079999999999927, 92.93846047869827487 ) ) ;
#208 = VECTOR ( 'NONE', #1092, 1000.000000000000000 ) ;
#209 = CARTESIAN_POINT ( 'NONE',  ( -221.0877470024795173, 1433.079999999999927, 15.20952985507673105 ) ) ;
#210 = VECTOR ( 'NONE', #860, 1000.000000000000000 ) ;
#211 = DIRECTION ( 'NONE',  ( -0.7348758801460677503, 0.000000000000000000, -0.6782016225132037057 ) ) ;
#212 = EDGE_CURVE ( 'NONE', #610, #3493, #1594, .T. ) ;
#213 = FACE_OUTER_BOUND ( 'NONE', #3672, .T. ) ;
#214 = CARTESIAN_POINT ( 'NONE',  ( -265.8557205421092817, 1437.079999999999927, 6.670256816194243932 ) ) ;
#215 = DIRECTION ( 'NONE',  ( 0.000000000000000000, -1.000000000000000000, 0.000000000000000000 ) ) ;
#216 = EDGE_LOOP ( 'NONE', ( #556, #2436 ) ) ;
#217 = COLOUR_RGB ( '',0.7921568627450980005, 0.8196078431372548767, 0.9333333333333333481 ) ;
#218 = EDGE_CURVE ( 'NONE', #2870, #2479, #1396, .T. ) ;
#219 = FACE_OUTER_BOUND ( 'NONE', #3606, .T. ) ;
#220 = DIRECTION ( 'NONE',  ( 0.000000000000000000, -1.000000000000000000, 0.000000000000000000 ) ) ;
#221 = FACE_OUTER_BOUND ( 'NONE', #460, .T. ) ;
#222 = EDGE_CURVE ( 'NONE', #1355, #2072, #3773, .T. ) ;
#223 = ORIENTED_EDGE ( 'NONE', *, *, #2095, .T. ) ;
#224 = ORIENTED_EDGE ( 'NONE', *, *, #3630, .T. ) ;
#225 = VECTOR ( 'NONE', #2887, 1000.000000000000000 ) ;
#226 = CARTESIAN_POINT ( 'NONE',  ( -50.02817683524195758, 1433.079999999999927, -52.64406993357894038 ) ) ;
#227 = ORIENTED_EDGE ( 'NONE', *, *, #2793, .F. ) ;
#228 = ORIENTED_EDGE ( 'NONE', *, *, #2490, .F. ) ;
#229 = VECTOR ( 'NONE', #2760, 1000.000000000000000 ) ;
#230 = CYLINDRICAL_SURFACE ( 'NONE', #1407, 0.3999999999999863110 ) ;
#231 = CARTESIAN_POINT ( 'NONE',  ( -187.6898994665143334, 1432.079999999999700, 10.88360650331930835 ) ) ;
#232 = CARTESIAN_POINT ( 'NONE',  ( -265.5219321219681774, 1520.960000000000036, 2.837808823443983997 ) ) ;
#233 = VECTOR ( 'NONE', #3426, 1000.000000000000000 ) ;
#234 = VECTOR ( 'NONE', #796, 1000.000000000000000 ) ;
#235 = DIRECTION ( 'NONE',  ( 0.000000000000000000, -1.000000000000000000, 0.000000000000000000 ) ) ;
#236 = EDGE_CURVE ( 'NONE', #1821, #3585, #2864, .T. ) ;
#237 = CARTESIAN_POINT ( 'NONE',  ( -238.2618435604907745, 1433.079999999999927, 8.623513685525212580 ) ) ;
#238 = PLANE ( 'NONE',  #3944 ) ;
#239 = AXIS2_PLACEMENT_3D ( 'NONE', #2206, #1545, #2799 ) ;
#240 = VERTEX_POINT ( 'NONE', #3418 ) ;
#241 = CARTESIAN_POINT ( 'NONE',  ( -171.5645189601738423, 1432.079999999999927, 9.608143046178179603 ) ) ;
#242 = DIRECTION ( 'NONE',  ( 0.000000000000000000, 0.000000000000000000, 1.000000000000000000 ) ) ;
#243 = DIRECTION ( 'NONE',  ( 0.6888675014067487945, 0.000000000000000000, 0.7248872777926393951 ) ) ;
#244 = ORIENTED_EDGE ( 'NONE', *, *, #1505, .F. ) ;
#245 = VERTEX_POINT ( 'NONE', #3435 ) ;
#246 = CARTESIAN_POINT ( 'NONE',  ( -267.5579742966418735, 1432.079999999999927, 3.504036228201333092 ) ) ;
#247 = FACE_OUTER_BOUND ( 'NONE', #3727, .T. ) ;
#248 = VERTEX_POINT ( 'NONE', #1553 ) ;
#249 = EDGE_LOOP ( 'NONE', ( #573, #2130, #2455, #2974, #1638, #3923 ) ) ;
#250 = CARTESIAN_POINT ( 'NONE',  ( -260.7043874911533976, 1520.960000000000036, 6.146900934099051916 ) ) ;
#251 = CARTESIAN_POINT ( 'NONE',  ( -187.8555102931843237, 1432.079999999999927, 17.45826335425561382 ) ) ;
#252 = VECTOR ( 'NONE', #856, 1000.000000000000000 ) ;
#253 = DIRECTION ( 'NONE',  ( -0.8137065930674870495, 0.000000000000000000, -0.5812758212746363951 ) ) ;
#254 = CARTESIAN_POINT ( 'NONE',  ( -258.2947075240423374, 1437.079999999999927, 6.291768267488272670 ) ) ;
#255 = EDGE_CURVE ( 'NONE', #1684, #1552, #3616, .T. ) ;
#256 = CARTESIAN_POINT ( 'NONE',  ( -132.8079613817489815, 1432.079999999999927, 8.488640521341494605 ) ) ;
#257 = CARTESIAN_POINT ( 'NONE',  ( -133.9566291355089902, 1432.079999999999927, 9.286974893465032466 ) ) ;
#258 = ORIENTED_EDGE ( 'NONE', *, *, #753, .F. ) ;
#259 = CARTESIAN_POINT ( 'NONE',  ( -82.83959400944358720, 1432.079999999999927, 78.72328000652272806 ) ) ;
#260 = LINE ( 'NONE', #587, #3743 ) ;
#261 = ORIENTED_EDGE ( 'NONE', *, *, #4028, .T. ) ;
#262 = EDGE_LOOP ( 'NONE', ( #327, #3433, #1604 ) ) ;
#263 = DIRECTION ( 'NONE',  ( 0.000000000000000000, -1.000000000000000000, 0.000000000000000000 ) ) ;
#264 = CARTESIAN_POINT ( 'NONE',  ( -260.9867192135902769, 1520.960000000000264, 7.878685561044790120 ) ) ;
#265 = ORIENTED_EDGE ( 'NONE', *, *, #1124, .T. ) ;
#266 = EDGE_CURVE ( 'NONE', #1432, #2870, #2039, .T. ) ;
#267 = ORIENTED_EDGE ( 'NONE', *, *, #2830, .F. ) ;
#268 = B_SPLINE_CURVE_WITH_KNOTS ( 'NONE', 3,
 ( #2065, #1774, #1447, #2358, #758, #2706 ),
 .UNSPECIFIED., .F., .F.,
 ( 4, 1, 1, 4 ),
 ( 0.7038618315150664273, 0.7171398451842927457, 0.7318357230699212845, 0.7320330935912517933 ),
 .UNSPECIFIED. ) ;
#269 = CARTESIAN_POINT ( 'NONE',  ( -264.2871590457025377, 1437.079999999999927, 7.064132261341821817 ) ) ;
#270 = AXIS2_PLACEMENT_3D ( 'NONE', #530, #1451, #2709 ) ;
#271 = PRODUCT_DEFINITION_CONTEXT ( 'detailed design', #3531, 'design' ) ;
#272 = EDGE_CURVE ( 'NONE', #1017, #721, #3479, .T. ) ;
#273 = CARTESIAN_POINT ( 'NONE',  ( -220.6196549160198401, 1433.079999999999927, 15.86831719877247338 ) ) ;
#274 = VECTOR ( 'NONE', #302, 1000.000000000000000 ) ;
#275 = CARTESIAN_POINT ( 'NONE',  ( -260.7043874911533976, 1520.960000000000036, 6.146900934099051916 ) ) ;
#276 = CARTESIAN_POINT ( 'NONE',  ( -248.1457962159360022, 1432.079999999999927, 7.623944616039793232 ) ) ;
#277 = CARTESIAN_POINT ( 'NONE',  ( -244.8321065422305196, 1433.079999999999927, 7.777216704173523176 ) ) ;
#278 = VERTEX_POINT ( 'NONE', #3791 ) ;
#279 = EDGE_CURVE ( 'NONE', #1967, #3959, #1837, .T. ) ;
#280 = DIRECTION ( 'NONE',  ( 0.9286912196815906295, 0.000000000000000000, -0.3708539045046170268 ) ) ;
#281 = CARTESIAN_POINT ( 'NONE',  ( -300.0000000000000000, 1520.960000000000036, 0.000000000000000000 ) ) ;
#282 = B_SPLINE_CURVE_WITH_KNOTS ( 'NONE', 3,
 ( #3316, #107, #3226, #3896 ),
 .UNSPECIFIED., .F., .F.,
 ( 4, 4 ),
 ( 0.8031795761935873745, 0.8194334802529954498 ),
 .UNSPECIFIED. ) ;
#283 = PRESENTATION_LAYER_ASSIGNMENT (  '', '', ( #3463 ) ) ;
#284 = EDGE_LOOP ( 'NONE', ( #1286, #3483, #3741, #3160 ) ) ;
#285 = VERTEX_POINT ( 'NONE', #2132 ) ;
#286 = CARTESIAN_POINT ( 'NONE',  ( -285.8727052897787075, 1520.960000000000036, 2.045397586167052584 ) ) ;
#287 = DIRECTION ( 'NONE',  ( 0.9996385584632173638, 0.000000000000000000, -0.02688405537825217656 ) ) ;
#288 = CARTESIAN_POINT ( 'NONE',  ( -264.6795704296176268, 1432.079999999999927, 5.899739385248923718 ) ) ;
#289 = VERTEX_POINT ( 'NONE', #1818 ) ;
#290 = ADVANCED_FACE ( 'NONE', ( #2790 ), #3279, .T. ) ;
#291 = AXIS2_PLACEMENT_3D ( 'NONE', #1105, #3368, #3311 ) ;
#292 = ORIENTED_EDGE ( 'NONE', *, *, #827, .F. ) ;
#293 = CARTESIAN_POINT ( 'NONE',  ( -195.6463559078458445, 1432.079999999999927, 20.27733546108195739 ) ) ;
#294 = CARTESIAN_POINT ( 'NONE',  ( -257.8976825154148855, 1433.079999999999927, 7.804466760825801153 ) ) ;
#295 = CARTESIAN_POINT ( 'NONE',  ( -221.0062521052388149, 1433.079999999999700, 15.79369151990120379 ) ) ;
#296 = DIRECTION ( 'NONE',  ( -0.6888675014067484614, 0.000000000000000000, -0.7248872777926396171 ) ) ;
#297 = CARTESIAN_POINT ( 'NONE',  ( -115.5180971449222653, 1432.079999999999927, 7.824897445543450125 ) ) ;
#298 = PLANE ( 'NONE',  #239 ) ;
#299 = VECTOR ( 'NONE', #1360, 1000.000000000000000 ) ;
#300 = ORIENTED_EDGE ( 'NONE', *, *, #1212, .T. ) ;
#301 = EDGE_CURVE ( 'NONE', #2711, #3543, #3499, .T. ) ;
#302 = DIRECTION ( 'NONE',  ( 0.000000000000000000, -1.000000000000000000, 0.000000000000000000 ) ) ;
#303 = CARTESIAN_POINT ( 'NONE',  ( -233.1459903762588226, 1433.080000000000155, 13.35243548219757059 ) ) ;
#304 = ORIENTED_EDGE ( 'NONE', *, *, #3893, .F. ) ;
#305 = ORIENTED_EDGE ( 'NONE', *, *, #1551, .T. ) ;
#306 = DIRECTION ( 'NONE',  ( 0.000000000000000000, -1.000000000000000000, 0.000000000000000000 ) ) ;
#307 = DIRECTION ( 'NONE',  ( 0.000000000000000000, -1.000000000000000000, 0.000000000000000000 ) ) ;
#308 = CARTESIAN_POINT ( 'NONE',  ( -190.7528261741830136, 1437.079999999999927, 21.03932599842006823 ) ) ;
#309 = ORIENTED_EDGE ( 'NONE', *, *, #646, .T. ) ;
#310 = DIRECTION ( 'NONE',  ( -0.6888675014067517921, 0.000000000000000000, -0.7248872777926362865 ) ) ;
#311 = CARTESIAN_POINT ( 'NONE',  ( -214.3987121032657228, 1433.079999999999927, 8.852874277016555382 ) ) ;
#312 = CARTESIAN_POINT ( 'NONE',  ( -221.7787467680724660, 1432.079999999999927, 15.64372520361560781 ) ) ;
#313 = LINE ( 'NONE', #1192, #2643 ) ;
#314 = VECTOR ( 'NONE', #2733, 1000.000000000000114 ) ;
#315 = CARTESIAN_POINT ( 'NONE',  ( -232.7573189821663959, 1433.079999999999927, 13.43332594171979544 ) ) ;
#316 = ORIENTED_EDGE ( 'NONE', *, *, #506, .F. ) ;
#317 = CARTESIAN_POINT ( 'NONE',  ( -285.2692632528747936, 1432.079999999999927, 4.587123813316574150 ) ) ;
#318 = CARTESIAN_POINT ( 'NONE',  ( -133.5305144212685775, 1433.079999999999927, 25.38181269808915630 ) ) ;
#319 = CARTESIAN_POINT ( 'NONE',  ( -113.5285485838877833, 1433.079999999999927, 8.528672068350594770 ) ) ;
#320 = ORIENTED_EDGE ( 'NONE', *, *, #1371, .F. ) ;
#321 = ORIENTED_EDGE ( 'NONE', *, *, #827, .T. ) ;
#322 = CARTESIAN_POINT ( 'NONE',  ( -98.79510912553676860, 1437.079999999999927, 10.31514758700471290 ) ) ;
#323 = EDGE_CURVE ( 'NONE', #594, #2812, #3538, .T. ) ;
#324 = DIRECTION ( 'NONE',  ( -0.06567303980429951837, 0.000000000000000000, 0.9978411957034358792 ) ) ;
#325 = LINE ( 'NONE', #2853, #2817 ) ;
#326 = DIRECTION ( 'NONE',  ( 0.6888675014067553448, 0.000000000000000000, 0.7248872777926331779 ) ) ;
#327 = ORIENTED_EDGE ( 'NONE', *, *, #3405, .F. ) ;
#329 = ADVANCED_FACE ( 'NONE', ( #1345 ), #2564, .T. ) ;
#328 = DIRECTION ( 'NONE',  ( -0.7348758801460677503, 0.000000000000000000, -0.6782016225132037057 ) ) ;
#330 = CARTESIAN_POINT ( 'NONE',  ( -266.3727187654356499, 1432.079999999999927, 3.583167371676566404 ) ) ;
#331 = EDGE_CURVE ( 'NONE', #245, #1835, #3517, .T. ) ;
#332 = CARTESIAN_POINT ( 'NONE',  ( -205.0226850628186241, 1433.079999999999927, 18.72112452208074274 ) ) ;
#333 = CARTESIAN_POINT ( 'NONE',  ( -143.6891950074799240, 1432.080000000000155, 9.500873599543025350 ) ) ;
#334 = ORIENTED_EDGE ( 'NONE', *, *, #82, .T. ) ;
#335 = EDGE_CURVE ( 'NONE', #1967, #595, #54, .T. ) ;
#336 = FACE_BOUND ( 'NONE', #3610, .T. ) ;
#337 = CARTESIAN_POINT ( 'NONE',  ( -266.5886069376114733, 1520.960000000000036, 9.579359346406523201 ) ) ;
#338 = DIRECTION ( 'NONE',  ( 0.000000000000000000, 0.000000000000000000, -1.000000000000000000 ) ) ;
#339 = ORIENTED_EDGE ( 'NONE', *, *, #3461, .T. ) ;
#340 = ORIENTED_EDGE ( 'NONE', *, *, #3577, .T. ) ;
#341 = DIRECTION ( 'NONE',  ( -0.7241518884010734736, 0.000000000000000000, -0.6896405168819181863 ) ) ;
#342 = DIRECTION ( 'NONE',  ( 0.000000000000000000, -1.000000000000000000, 0.000000000000000000 ) ) ;
#343 = CARTESIAN_POINT ( 'NONE',  ( -292.2254576542359246, 1520.960000000000036, 1.434434858990511596 ) ) ;
#344 = ADVANCED_FACE ( 'NONE', ( #1699 ), #713, .F. ) ;
#345 = CARTESIAN_POINT ( 'NONE',  ( -135.8203959127808957, 1432.079999999999927, 9.371846716018461976 ) ) ;
#346 = VERTEX_POINT ( 'NONE', #983 ) ;
#348 = ADVANCED_FACE ( 'NONE', ( #1299 ), #3222, .F. ) ;
#347 = CARTESIAN_POINT ( 'NONE',  ( -82.83959400944358720, 1433.079999999999927, 78.72328000652272806 ) ) ;
#349 = ORIENTED_EDGE ( 'NONE', *, *, #770, .T. ) ;
#350 = EDGE_LOOP ( 'NONE', ( #3361, #2769, #772 ) ) ;
#351 = FACE_OUTER_BOUND ( 'NONE', #2252, .T. ) ;
#352 = CARTESIAN_POINT ( 'NONE',  ( -260.8576000477227126, 1437.079999999999927, 7.086686038297449919 ) ) ;
#353 = EDGE_CURVE ( 'NONE', #1173, #3537, #2255, .T. ) ;
#354 = VERTEX_POINT ( 'NONE', #1029 ) ;
#355 = FACE_BOUND ( 'NONE', #3448, .T. ) ;
#356 = VECTOR ( 'NONE', #253, 999.9999999999998863 ) ;
#357 = CARTESIAN_POINT ( 'NONE',  ( -99.13813852873975918, 1433.079999999999927, 23.95660055259056165 ) ) ;
#358 = VECTOR ( 'NONE', #466, 1000.000000000000227 ) ;
#359 = CARTESIAN_POINT ( 'NONE',  ( -279.6950825001121075, 1520.960000000000036, 1.796581939513774318 ) ) ;
#360 = ORIENTED_EDGE ( 'NONE', *, *, #4069, .T. ) ;
#361 = ORIENTED_EDGE ( 'NONE', *, *, #2972, .T. ) ;
#362 = CARTESIAN_POINT ( 'NONE',  ( -238.6193992907155916, 1433.079999999999927, 8.043000348108632735 ) ) ;
#363 = VECTOR ( 'NONE', #3363, 1000.000000000000000 ) ;
#364 = DIRECTION ( 'NONE',  ( 0.2442954651670562749, 0.000000000000000000, -0.9697008434041972658 ) ) ;
#365 = DIRECTION ( 'NONE',  ( -0.6888675014067540125, 0.000000000000000000, -0.7248872777926342881 ) ) ;
#366 = DIRECTION ( 'NONE',  ( -0.7248872777926378408, 0.000000000000000000, 0.6888675014067503488 ) ) ;
#367 = ORIENTED_EDGE ( 'NONE', *, *, #1243, .T. ) ;
#368 = ORIENTED_EDGE ( 'NONE', *, *, #1444, .F. ) ;
#369 = VERTEX_POINT ( 'NONE', #651 ) ;
#370 = CARTESIAN_POINT ( 'NONE',  ( -295.2960495105454584, 1432.079999999999700, 0.3249056940346981004 ) ) ;
#371 = ORIENTED_EDGE ( 'NONE', *, *, #222, .T. ) ;
#372 = EDGE_CURVE ( 'NONE', #1319, #4027, #2916, .T. ) ;
#373 = B_SPLINE_CURVE_WITH_KNOTS ( 'NONE', 3,
 ( #319, #1591, #2846, #2024 ),
 .UNSPECIFIED., .F., .F.,
 ( 4, 4 ),
 ( 0.7024439672986643179, 0.7038618315150664273 ),
 .UNSPECIFIED. ) ;
#374 = ORIENTED_EDGE ( 'NONE', *, *, #3153, .T. ) ;
#375 = DIRECTION ( 'NONE',  ( 0.000000000000000000, 0.000000000000000000, 1.000000000000000000 ) ) ;
#376 = CARTESIAN_POINT ( 'NONE',  ( -220.6196549160198401, 1433.079999999999927, 15.86831719877247338 ) ) ;
#377 = ORIENTED_EDGE ( 'NONE', *, *, #1848, .F. ) ;
#378 = CARTESIAN_POINT ( 'NONE',  ( -293.2676002059569100, 1520.960000000000036, 1.330312713633649668 ) ) ;
#379 = EDGE_CURVE ( 'NONE', #721, #2964, #4036, .T. ) ;
#380 = CARTESIAN_POINT ( 'NONE',  ( -295.2192840323294263, 1432.079999999999927, 1.574556936904935922 ) ) ;
#381 = DIRECTION ( 'NONE',  ( -0.7248872777926396171, 0.000000000000000000, 0.6888675014067484614 ) ) ;
#382 = VERTEX_POINT ( 'NONE', #3197 ) ;
#383 = ORIENTED_EDGE ( 'NONE', *, *, #1884, .F. ) ;
#384 = CARTESIAN_POINT ( 'NONE',  ( -123.7680119748291787, 1433.079999999999927, 117.6179576813737810 ) ) ;
#385 = VECTOR ( 'NONE', #2712, 1000.000000000000114 ) ;
#386 = CARTESIAN_POINT ( 'NONE',  ( -154.5807832906197916, 1432.079999999999927, 26.32937649834314442 ) ) ;
#387 = CARTESIAN_POINT ( 'NONE',  ( -264.6795704296176268, 1520.960000000000036, 5.899739385248923718 ) ) ;
#388 = CARTESIAN_POINT ( 'NONE',  ( -256.7728635227499581, 1433.079999999999927, 7.176306220632727495 ) ) ;
#389 = CARTESIAN_POINT ( 'NONE',  ( -198.1683094137295598, 1432.079999999999927, 15.24074369565837905 ) ) ;
#390 = ORIENTED_EDGE ( 'NONE', *, *, #1020, .F. ) ;
#391 = ORIENTED_EDGE ( 'NONE', *, *, #4043, .T. ) ;
#392 = EDGE_CURVE ( 'NONE', #595, #285, #1606, .T. ) ;
#393 = CARTESIAN_POINT ( 'NONE',  ( -227.5076778612757948, 1433.079999999999927, 8.453911112217982193 ) ) ;
#394 = B_SPLINE_SURFACE_WITH_KNOTS ( 'NONE', 3, 1, ( 
 ( #1035, #764 ),
 ( #3875, #2920 ),
 ( #2363, #1370 ),
 ( #7, #3935 ),
 ( #2342, #3608 ),
 ( #3275, #2304 ),
 ( #1724, #2656 ),
 ( #3626, #437 ),
 ( #1982, #2528 ),
 ( #3799, #128 ) ),
 .UNSPECIFIED., .F., .F., .F.,
 ( 4, 1, 1, 1, 1, 1, 1, 4 ),
 ( 2, 2 ),
 ( 0.8257716611427048381, 0.8494027461549495950, 0.8787945019262066726, 0.8934903798118352114, 0.9081862576974637502, 0.9228821355830922890, 0.9291378280682562885, 0.9294838303711485672 ),
 ( 0.000000000000000000, 1.000000000000000000 ),
 .UNSPECIFIED. ) ;
#395 = EDGE_CURVE ( 'NONE', #3323, #3554, #166, .T. ) ;
#396 = VERTEX_POINT ( 'NONE', #1633 ) ;
#397 = VECTOR ( 'NONE', #2850, 1000.000000000000000 ) ;
#398 = ORIENTED_EDGE ( 'NONE', *, *, #1426, .T. ) ;
#399 = CARTESIAN_POINT ( 'NONE',  ( -101.4282823775221232, 1433.079999999999927, 92.93846047869827487 ) ) ;
#400 = ADVANCED_FACE ( 'NONE', ( #2633 ), #2891, .F. ) ;
#401 = DIRECTION ( 'NONE',  ( -0.02646596929540921336, 0.000000000000000000, -0.9996497148847962588 ) ) ;
#402 = EDGE_LOOP ( 'NONE', ( #3318, #3857, #4042, #3726 ) ) ;
#403 = LINE ( 'NONE', #793, #1697 ) ;
#404 = CARTESIAN_POINT ( 'NONE',  ( -246.0930087101614845, 1433.079999999999927, 7.719654219035418485 ) ) ;
#405 = CARTESIAN_POINT ( 'NONE',  ( -295.2960495103556013, 1520.960000000000036, 0.3249056940543462169 ) ) ;
#406 = VECTOR ( 'NONE', #2419, 1000.000000000000000 ) ;
#407 = CARTESIAN_POINT ( 'NONE',  ( -189.5599024516232021, 1432.079999999999927, 21.21982524976230167 ) ) ;
#408 = FACE_OUTER_BOUND ( 'NONE', #963, .T. ) ;
#409 = VECTOR ( 'NONE', #3115, 1000.000000000000114 ) ;
#410 = CARTESIAN_POINT ( 'NONE',  ( 0.2058083609809951420, 1437.079999999999927, 7.652639097639167609 ) ) ;
#411 = ORIENTED_EDGE ( 'NONE', *, *, #1943, .F. ) ;
#412 = DIRECTION ( 'NONE',  ( 0.000000000000000000, -1.000000000000000000, 0.000000000000000000 ) ) ;
#413 = VECTOR ( 'NONE', #3643, 1000.000000000000000 ) ;
#414 = CARTESIAN_POINT ( 'NONE',  ( -213.2678935476478159, 1433.079999999999927, 8.883460927922911310 ) ) ;
#415 = VERTEX_POINT ( 'NONE', #3891 ) ;
#416 = VERTEX_POINT ( 'NONE', #526 ) ;
#417 = VECTOR ( 'NONE', #3995, 1000.000000000000000 ) ;
#418 = CARTESIAN_POINT ( 'NONE',  ( -285.1034899461849932, 1432.079999999999700, 1.323141469614599774 ) ) ;
#419 = EDGE_CURVE ( 'NONE', #3473, #3211, #176, .T. ) ;
#420 = ORIENTED_EDGE ( 'NONE', *, *, #479, .F. ) ;
#421 = EDGE_LOOP ( 'NONE', ( #1028, #3375, #1637, #1790 ) ) ;
#422 = CARTESIAN_POINT ( 'NONE',  ( -252.2572995699182741, 1432.079999999999927, 6.637396135036434330 ) ) ;
#423 = B_SPLINE_CURVE_WITH_KNOTS ( 'NONE', 3,
 ( #640, #705, #2575, #1624, #27 ),
 .UNSPECIFIED., .F., .F.,
 ( 4, 1, 4 ),
 ( 0.04410003439885289839, 0.04432521835872276633, 0.04725479771932831335 ),
 .UNSPECIFIED. ) ;
#424 = LINE ( 'NONE', #2287, #961 ) ;
#425 = CARTESIAN_POINT ( 'NONE',  ( -293.2676002059569100, 1520.960000000000036, 1.330312713633649668 ) ) ;
#426 = VECTOR ( 'NONE', #2038, 1000.000000000000000 ) ;
#427 = CARTESIAN_POINT ( 'NONE',  ( -149.8126463061967399, 1433.079999999999927, 25.87186741635287390 ) ) ;
#428 = CARTESIAN_POINT ( 'NONE',  ( -253.0423473195501742, 1433.079999999999927, 8.955332983845949002 ) ) ;
#429 = FACE_OUTER_BOUND ( 'NONE', #1375, .T. ) ;
#430 = EDGE_CURVE ( 'NONE', #3916, #1498, #3017, .T. ) ;
#431 = CARTESIAN_POINT ( 'NONE',  ( -164.3938168790713235, 1433.079999999999927, 9.632453036328874063 ) ) ;
#432 = CARTESIAN_POINT ( 'NONE',  ( -172.8587101762493887, 1432.079999999999927, 24.44703151162762822 ) ) ;
#433 = DIRECTION ( 'NONE',  ( 0.000000000000000000, -0.000000000000000000, -1.000000000000000000 ) ) ;
#434 = B_SPLINE_CURVE_WITH_KNOTS ( 'NONE', 3,
 ( #2750, #2497, #2787, #3452 ),
 .UNSPECIFIED., .F., .F.,
 ( 4, 4 ),
 ( 0.05236955718785119007, 0.05602420057133106202 ),
 .UNSPECIFIED. ) ;
#435 = ORIENTED_EDGE ( 'NONE', *, *, #1183, .T. ) ;
#436 = CARTESIAN_POINT ( 'NONE',  ( -221.7787467680724660, 1432.079999999999927, 15.64372520361560781 ) ) ;
#437 = CARTESIAN_POINT ( 'NONE',  ( -259.4108628574806517, 1432.079999999999927, 7.026082581616715395 ) ) ;
#438 = ORIENTED_EDGE ( 'NONE', *, *, #1062, .T. ) ;
#439 = ORIENTED_EDGE ( 'NONE', *, *, #994, .F. ) ;
#440 = CARTESIAN_POINT ( 'NONE',  ( -271.2861602210628575, 1432.079999999999700, 2.447696926220368052 ) ) ;
#441 = VECTOR ( 'NONE', #2976, 1000.000000000000000 ) ;
#442 = ORIENTED_EDGE ( 'NONE', *, *, #3405, .T. ) ;
#443 = ORIENTED_EDGE ( 'NONE', *, *, #877, .F. ) ;
#444 = CARTESIAN_POINT ( 'NONE',  ( -69.44017073450980604, 1433.079999999999927, -106.5031585959443703 ) ) ;
#445 = CARTESIAN_POINT ( 'NONE',  ( -123.0048530695428184, 1433.079999999999927, 129.1603298418975783 ) ) ;
#446 = EDGE_LOOP ( 'NONE', ( #442, #3856, #2930, #2266 ) ) ;
#447 = CARTESIAN_POINT ( 'NONE',  ( -103.7443451577378539, 1433.079999999999927, -109.1689705120349458 ) ) ;
#448 = CARTESIAN_POINT ( 'NONE',  ( -280.0929048608386438, 1432.079999999999927, 6.043931826148670083 ) ) ;
#449 = CARTESIAN_POINT ( 'NONE',  ( 0.5936727027209565133, 1437.079999999999927, 22.07472482841616923 ) ) ;
#450 = CARTESIAN_POINT ( 'NONE',  ( -128.1061509150808320, 1432.079999999999927, 27.97564465478143347 ) ) ;
#451 = EDGE_CURVE ( 'NONE', #2263, #1355, #268, .T. ) ;
#452 = ADVANCED_FACE ( 'NONE', ( #3371 ), #3870, .T. ) ;
#453 = LINE ( 'NONE', #2724, #192 ) ;
#454 = CARTESIAN_POINT ( 'NONE',  ( -113.5285485838877975, 1437.079999999999927, 8.528672068350594770 ) ) ;
#455 = PLANE ( 'NONE',  #1274 ) ;
#456 = DIRECTION ( 'NONE',  ( -0.01060253998774571098, 0.000000000000000000, 0.9999437914932058913 ) ) ;
#457 = VECTOR ( 'NONE', #287, 999.9999999999998863 ) ;
#458 = EDGE_CURVE ( 'NONE', #717, #1017, #453, .T. ) ;
#459 = VERTEX_POINT ( 'NONE', #1129 ) ;
#460 = EDGE_LOOP ( 'NONE', ( #2678, #3401, #2869, #476, #377, #2800, #3068, #2770 ) ) ;
#461 = DIRECTION ( 'NONE',  ( -0.7248872777926391731, 0.000000000000000000, 0.6888675014067489055 ) ) ;
#462 = ORIENTED_EDGE ( 'NONE', *, *, #679, .F. ) ;
#463 = CARTESIAN_POINT ( 'NONE',  ( -260.9867192135914138, 1520.960000000000036, 7.878685561044471264 ) ) ;
#464 = LINE ( 'NONE', #540, #893 ) ;
#465 = ORIENTED_EDGE ( 'NONE', *, *, #1565, .F. ) ;
#466 = DIRECTION ( 'NONE',  ( -0.7248872777926392841, 0.000000000000000000, 0.6888675014067486835 ) ) ;
#467 = CARTESIAN_POINT ( 'NONE',  ( -266.5886069382466985, 1520.960000000000036, 9.579359346246572926 ) ) ;
#468 = CARTESIAN_POINT ( 'NONE',  ( -168.8641331842243858, 1432.079999999999927, 24.10239613039014017 ) ) ;
#469 = DIRECTION ( 'NONE',  ( -0.7248872777926379518, 0.000000000000000000, 0.6888675014067501268 ) ) ;
#470 = DIRECTION ( 'NONE',  ( -0.7248872777926391731, 0.000000000000000000, 0.6888675014067489055 ) ) ;
#471 = DIRECTION ( 'NONE',  ( 0.000000000000000000, 0.000000000000000000, -1.000000000000000000 ) ) ;
#472 = B_SPLINE_CURVE_WITH_KNOTS ( 'NONE', 3,
 ( #2217, #968, #3124, #985, #2502, #1239, #3482, #2173, #2193, #20, #3750, #2257, #288, #3146 ),
 .UNSPECIFIED., .F., .F.,
 ( 4, 1, 1, 1, 1, 1, 1, 1, 1, 1, 1, 4 ),
 ( 0.7011752054892489427, 0.7037511641537997908, 0.7114926295676233803, 0.7321002988842217896, 0.7527079682008201988, 0.7939233068340170174, 0.8351386454672137249, 0.8763539841004104325, 0.8969616534170088418, 0.9175693227336072511, 0.9324260961395651748, 0.9375780134687207168 ),
 .UNSPECIFIED. ) ;
#473 = CARTESIAN_POINT ( 'NONE',  ( -249.0977906874155678, 1433.079999999999927, 9.867109382341327617 ) ) ;
#474 = CARTESIAN_POINT ( 'NONE',  ( -242.5546761553364092, 1432.079999999999927, 11.33505664491636189 ) ) ;
#475 = ORIENTED_EDGE ( 'NONE', *, *, #2012, .T. ) ;
#476 = ORIENTED_EDGE ( 'NONE', *, *, #236, .T. ) ;
#477 = DIRECTION ( 'NONE',  ( -0.1609050596805300382, 0.000000000000000000, 0.9869698889881115544 ) ) ;
#478 = ORIENTED_EDGE ( 'NONE', *, *, #1863, .T. ) ;
#479 = EDGE_CURVE ( 'NONE', #4096, #1173, #1152, .T. ) ;
#480 = CARTESIAN_POINT ( 'NONE',  ( -190.0016062546593503, 1433.079999999999927, 21.15314922799253594 ) ) ;
#481 = SHAPE_DEFINITION_REPRESENTATION ( #2950, #939 ) ;
#482 = CARTESIAN_POINT ( 'NONE',  ( -237.9153930459915784, 1437.079999999999927, 12.36233482739457301 ) ) ;
#483 = CARTESIAN_POINT ( 'NONE',  ( -148.9397601185791871, 1433.079999999999927, 25.94133847265610981 ) ) ;
#484 = LINE ( 'NONE', #2372, #3132 ) ;
#485 = CARTESIAN_POINT ( 'NONE',  ( -152.7139117670832320, 1432.079999999999927, 25.70190672669911436 ) ) ;
#486 = CARTESIAN_POINT ( 'NONE',  ( -287.7366072063900901, 1432.079999999999927, 1.077373546353734390 ) ) ;
#487 = CARTESIAN_POINT ( 'NONE',  ( -285.9904385892309051, 1520.960000000000036, 3.527721545625652766 ) ) ;
#488 = DIRECTION ( 'NONE',  ( 0.000000000000000000, 0.000000000000000000, -1.000000000000000000 ) ) ;
#489 = FACE_OUTER_BOUND ( 'NONE', #1831, .T. ) ;
#490 = CARTESIAN_POINT ( 'NONE',  ( -197.6509316559068736, 1432.079999999999927, 18.36862119522871595 ) ) ;
#491 = VERTEX_POINT ( 'NONE', #2376 ) ;
#492 = ORIENTED_EDGE ( 'NONE', *, *, #1074, .T. ) ;
#493 = DIRECTION ( 'NONE',  ( 0.000000000000000000, -1.000000000000000000, 0.000000000000000000 ) ) ;
#494 = VECTOR ( 'NONE', #1924, 1000.000000000000114 ) ;
#495 = ORIENTED_EDGE ( 'NONE', *, *, #94, .F. ) ;
#496 = VECTOR ( 'NONE', #2407, 1000.000000000000000 ) ;
#497 = DIRECTION ( 'NONE',  ( -0.7248872777926386179, 0.000000000000000000, 0.6888675014067493496 ) ) ;
#498 = EDGE_CURVE ( 'NONE', #707, #1823, #2651, .T. ) ;
#499 = VERTEX_POINT ( 'NONE', #3351 ) ;
#500 = CARTESIAN_POINT ( 'NONE',  ( -179.3923076441957392, 1437.079999999999927, 22.66755377934815030 ) ) ;
#501 = LINE ( 'NONE', #4011, #948 ) ;
#502 = AXIS2_PLACEMENT_3D ( 'NONE', #3520, #3794, #1284 ) ;
#503 = CARTESIAN_POINT ( 'NONE',  ( -140.1163786704161112, 1432.079999999999927, 26.58487205923218966 ) ) ;
#504 = CARTESIAN_POINT ( 'NONE',  ( -276.9279722779359645, 1432.079999999999927, 2.022114237992950869 ) ) ;
#505 = CARTESIAN_POINT ( 'NONE',  ( -108.7582395782411027, 1432.079999999999927, -114.4450334271763978 ) ) ;
#506 = EDGE_CURVE ( 'NONE', #888, #2399, #3912, .T. ) ;
#507 = CARTESIAN_POINT ( 'NONE',  ( -199.9493753164614702, 1437.079999999999927, 19.59184744843430792 ) ) ;
#508 = DIRECTION ( 'NONE',  ( 0.1609050596805300659, 0.000000000000000000, -0.9869698889881115544 ) ) ;
#509 = CARTESIAN_POINT ( 'NONE',  ( -113.5285485838877833, 1433.079999999999927, 8.528672068350594770 ) ) ;
#510 = ORIENTED_EDGE ( 'NONE', *, *, #1497, .F. ) ;
#511 = ORIENTED_EDGE ( 'NONE', *, *, #3291, .F. ) ;
#512 = DIRECTION ( 'NONE',  ( -0.01073934591758248132, 0.000000000000000000, -0.9999423315618068964 ) ) ;
#513 = ORIENTED_EDGE ( 'NONE', *, *, #574, .F. ) ;
#514 = EDGE_CURVE ( 'NONE', #699, #3691, #3779, .T. ) ;
#515 = ORIENTED_EDGE ( 'NONE', *, *, #25, .T. ) ;
#516 = EDGE_CURVE ( 'NONE', #3559, #3229, #3038, .T. ) ;
#517 = CARTESIAN_POINT ( 'NONE',  ( -259.4108628574806517, 1437.079999999999927, 7.026082581616715395 ) ) ;
#518 = PLANE ( 'NONE',  #1163 ) ;
#519 = EDGE_CURVE ( 'NONE', #2177, #761, #2338, .T. ) ;
#520 = LINE ( 'NONE', #4068, #3737 ) ;
#521 = CARTESIAN_POINT ( 'NONE',  ( -57.94607177228484574, 1433.079999999999927, 62.78836422842088183 ) ) ;
#522 = CARTESIAN_POINT ( 'NONE',  ( -150.8175075915432899, 1432.079999999999927, 9.580563507124519873 ) ) ;
#523 = EDGE_CURVE ( 'NONE', #746, #245, #1231, .T. ) ;
#524 = CARTESIAN_POINT ( 'NONE',  ( -69.87710367951460455, 1432.079999999999927, -107.1733000749819951 ) ) ;
#525 = CARTESIAN_POINT ( 'NONE',  ( -295.2960495103556013, 1432.079999999999927, 0.3249056940543462169 ) ) ;
#526 = CARTESIAN_POINT ( 'NONE',  ( -241.8427587424439764, 1433.079999999999927, 10.92287269651130721 ) ) ;
#527 = VECTOR ( 'NONE', #3581, 1000.000000000000000 ) ;
#528 = DIRECTION ( 'NONE',  ( 0.000000000000000000, -1.000000000000000000, 0.000000000000000000 ) ) ;
#529 = CARTESIAN_POINT ( 'NONE',  ( -266.3727187654356499, 1520.960000000000036, 3.583167371676566404 ) ) ;
#530 = CARTESIAN_POINT ( 'NONE',  ( -113.6756979680784099, 1437.079999999999927, 3.057168747125016850 ) ) ;
#531 = ORIENTED_EDGE ( 'NONE', *, *, #812, .F. ) ;
#532 = ORIENTED_EDGE ( 'NONE', *, *, #598, .T. ) ;
#533 = CARTESIAN_POINT ( 'NONE',  ( -149.8118213194345003, 1433.079999999999927, 25.94868207460713805 ) ) ;
#534 = EDGE_LOOP ( 'NONE', ( #1588, #1122, #3326, #1616 ) ) ;
#535 = AXIS2_PLACEMENT_3D ( 'NONE', #3041, #1514, #162 ) ;
#536 = EDGE_LOOP ( 'NONE', ( #2904, #1297, #1060, #1236 ) ) ;
#537 = EDGE_CURVE ( 'NONE', #2381, #702, #1108, .T. ) ;
#538 = DIRECTION ( 'NONE',  ( 0.000000000000000000, 0.000000000000000000, 1.000000000000000000 ) ) ;
#539 = CARTESIAN_POINT ( 'NONE',  ( -171.0000680319912760, 1432.079999999999472, 23.74827596643235239 ) ) ;
#540 = CARTESIAN_POINT ( 'NONE',  ( 0.5721654584182511716, 1433.079999999999927, 21.27501398164623225 ) ) ;
#541 = LINE ( 'NONE', #232, #3807 ) ;
#542 = CARTESIAN_POINT ( 'NONE',  ( -148.6143614906584389, 1432.079999999999927, 25.96668747503433750 ) ) ;
#543 = DIRECTION ( 'NONE',  ( 0.000000000000000000, -1.000000000000000000, 0.000000000000000000 ) ) ;
#544 = LINE ( 'NONE', #2413, #3614 ) ;
#545 = VERTEX_POINT ( 'NONE', #2690 ) ;
#546 = PLANE ( 'NONE',  #932 ) ;
#547 = DIRECTION ( 'NONE',  ( 0.000000000000000000, -1.000000000000000000, 0.000000000000000000 ) ) ;
#548 = CARTESIAN_POINT ( 'NONE',  ( -260.7043874911462353, 1437.079999999999927, 6.146900934098694869 ) ) ;
#549 = VERTEX_POINT ( 'NONE', #3459 ) ;
#550 = ORIENTED_EDGE ( 'NONE', *, *, #2664, .T. ) ;
#551 = CARTESIAN_POINT ( 'NONE',  ( -267.5579742966418735, 1520.960000000000036, 3.504036228201333092 ) ) ;
#552 = B_SPLINE_CURVE_WITH_KNOTS ( 'NONE', 3,
 ( #542, #1585, #1847, #2141, #2797 ),
 .UNSPECIFIED., .F., .F.,
 ( 4, 1, 4 ),
 ( 0.1559633577801318172, 0.1646423987747256401, 0.1712988811237816655 ),
 .UNSPECIFIED. ) ;
#553 = DIRECTION ( 'NONE',  ( -0.7372897795734375537, 0.000000000000000000, 0.6755766284712281244 ) ) ;
#554 = ORIENTED_EDGE ( 'NONE', *, *, #519, .T. ) ;
#555 = B_SPLINE_CURVE_WITH_KNOTS ( 'NONE', 13,
 ( #3539, #2871, #1936, #1677, #56, #2299, #2892, #3561, #1322, #2586, #3851, #2940, #104, #1006 ),
 .UNSPECIFIED., .F., .F.,
 ( 14, 14 ),
 ( 0.000000000000000000, 0.03891155862395484499 ),
 .UNSPECIFIED. ) ;
#556 = ORIENTED_EDGE ( 'NONE', *, *, #2851, .T. ) ;
#557 = CARTESIAN_POINT ( 'NONE',  ( -266.5886069376114733, 1432.079999999999927, 9.579359346406523201 ) ) ;
#558 = CARTESIAN_POINT ( 'NONE',  ( -165.5953102936683479, 1433.079999999999927, 9.630069181646565113 ) ) ;
#559 = CARTESIAN_POINT ( 'NONE',  ( -253.0423473195501742, 1433.079999999999927, 8.955332983845949002 ) ) ;
#560 = VECTOR ( 'NONE', #729, 1000.000000000000000 ) ;
#561 = CARTESIAN_POINT ( 'NONE',  ( -260.7043874911462353, 1437.079999999999927, 6.146900934098694869 ) ) ;
#562 = CARTESIAN_POINT ( 'NONE',  ( -115.5180971449222653, 1520.960000000000036, 7.824897445543450125 ) ) ;
#563 = CARTESIAN_POINT ( 'NONE',  ( -190.1890343106762202, 1432.079999999999927, 9.385866078298587212 ) ) ;
#564 = ORIENTED_EDGE ( 'NONE', *, *, #236, .F. ) ;
#565 = FACE_OUTER_BOUND ( 'NONE', #41, .T. ) ;
#566 = EDGE_CURVE ( 'NONE', #1880, #52, #3837, .T. ) ;
#567 = FACE_OUTER_BOUND ( 'NONE', #2558, .T. ) ;
#568 = CARTESIAN_POINT ( 'NONE',  ( -258.0653487639629589, 1432.079999999999927, 7.103995780298856921 ) ) ;
#569 = ORIENTED_EDGE ( 'NONE', *, *, #3029, .F. ) ;
#570 = EDGE_LOOP ( 'NONE', ( #1537, #2032, #3301, #900 ) ) ;
#571 = CARTESIAN_POINT ( 'NONE',  ( -187.8555102931843237, 1433.079999999999927, 17.45826335425561382 ) ) ;
#572 = CARTESIAN_POINT ( 'NONE',  ( -245.4693082736719134, 1433.079999999999927, 8.268023086486969930 ) ) ;
#573 = ORIENTED_EDGE ( 'NONE', *, *, #4084, .T. ) ;
#574 = EDGE_CURVE ( 'NONE', #3283, #1498, #472, .T. ) ;
#575 = VERTEX_POINT ( 'NONE', #39 ) ;
#576 = CARTESIAN_POINT ( 'NONE',  ( -50.02817683524195758, 1433.079999999999927, -52.64406993357894038 ) ) ;
#577 = CARTESIAN_POINT ( 'NONE',  ( -113.0233135672802405, 1432.079999999999927, 27.31498970425845485 ) ) ;
#578 = EDGE_CURVE ( 'NONE', #3010, #2517, #904, .T. ) ;
#579 = VECTOR ( 'NONE', #669, 1000.000000000000000 ) ;
#580 = CARTESIAN_POINT ( 'NONE',  ( -199.9493753164616692, 1437.079999999999927, 19.59184744843427950 ) ) ;
#581 = CARTESIAN_POINT ( 'NONE',  ( -173.4395179607336104, 1437.079999999999927, 8.866531246998681226 ) ) ;
#582 = PLANE ( 'NONE',  #3833 ) ;
#583 = DIRECTION ( 'NONE',  ( 0.1609050596805300659, 0.000000000000000000, -0.9869698889881115544 ) ) ;
#584 = VERTEX_POINT ( 'NONE', #308 ) ;
#585 = ADVANCED_FACE ( 'NONE', ( #3165 ), #1635, .T. ) ;
#586 = LINE ( 'NONE', #31, #1335 ) ;
#587 = CARTESIAN_POINT ( 'NONE',  ( -177.9340017912533369, 1432.079999999999927, -1.886658415423741575 ) ) ;
#588 = B_SPLINE_CURVE_WITH_KNOTS ( 'NONE', 3,
 ( #3716, #3109, #834, #1541, #2451, #1506, #4008, #2796, #1563, #3384, #2096 ),
 .UNSPECIFIED., .F., .F.,
 ( 4, 1, 1, 1, 1, 1, 1, 1, 4 ),
 ( 0.1142625518259317435, 0.1162843833321218490, 0.1356275895091633710, 0.1549707956862048930, 0.1646423987747256401, 0.1743140018632464150, 0.1839856049517671899, 0.1888214064960275773, 0.1936572080402879370 ),
 .UNSPECIFIED. ) ;
#589 = EDGE_LOOP ( 'NONE', ( #300, #532, #435 ) ) ;
#590 = ORIENTED_EDGE ( 'NONE', *, *, #3308, .T. ) ;
#591 = CARTESIAN_POINT ( 'NONE',  ( -274.6155771348952612, 1520.960000000000036, 2.997052627296134197 ) ) ;
#592 = CARTESIAN_POINT ( 'NONE',  ( -250.7667120139445274, 1432.079999999999927, 10.33830807117599448 ) ) ;
#593 = CARTESIAN_POINT ( 'NONE',  ( -254.6226053384950774, 1432.079999999999927, 8.584301412233694251 ) ) ;
#594 = VERTEX_POINT ( 'NONE', #2544 ) ;
#595 = VERTEX_POINT ( 'NONE', #633 ) ;
#596 = PLANE ( 'NONE',  #2522 ) ;
#597 = VECTOR ( 'NONE', #2062, 1000.000000000000000 ) ;
#598 = EDGE_CURVE ( 'NONE', #2090, #3416, #3233, .T. ) ;
#599 = CARTESIAN_POINT ( 'NONE',  ( -213.2678935476478159, 1433.079999999999927, 8.883460927922911310 ) ) ;
#600 = CARTESIAN_POINT ( 'NONE',  ( -112.7508309264629105, 1437.079999999999927, 7.689384925052574538 ) ) ;
#601 = VECTOR ( 'NONE', #4083, 1000.000000000000227 ) ;
#602 = CARTESIAN_POINT ( 'NONE',  ( -113.3033073900940764, 1432.079999999999927, 7.716868825675114785 ) ) ;
#603 = CARTESIAN_POINT ( 'NONE',  ( -250.1640547648514712, 1437.079999999999927, 10.47245111218835234 ) ) ;
#604 = VECTOR ( 'NONE', #412, 1000.000000000000000 ) ;
#605 = ORIENTED_EDGE ( 'NONE', *, *, #1524, .F. ) ;
#606 = LINE ( 'NONE', #2477, #3852 ) ;
#607 = LINE ( 'NONE', #3763, #3413 ) ;
#608 = AXIS2_PLACEMENT_3D ( 'NONE', #66, #1644, #681 ) ;
#609 = ORIENTED_EDGE ( 'NONE', *, *, #1020, .T. ) ;
#610 = VERTEX_POINT ( 'NONE', #3815 ) ;
#611 = DIRECTION ( 'NONE',  ( 0.6888675014067490165, 0.000000000000000000, 0.7248872777926391731 ) ) ;
#612 = CARTESIAN_POINT ( 'NONE',  ( -32.54741776726640268, 1433.079999999999927, -81.50514457746611185 ) ) ;
#613 = CARTESIAN_POINT ( 'NONE',  ( -253.0423473195501742, 1433.079999999999927, 8.955332983845949002 ) ) ;
#614 = VECTOR ( 'NONE', #3679, 1000.000000000000000 ) ;
#615 = ORIENTED_EDGE ( 'NONE', *, *, #2476, .F. ) ;
#616 = CARTESIAN_POINT ( 'NONE',  ( -248.7225026532515244, 1433.079999999999927, 9.434087006954596788 ) ) ;
#617 = CARTESIAN_POINT ( 'NONE',  ( -171.1374583195218690, 1437.079999999999927, 9.645899208250039436 ) ) ;
#618 = FACE_OUTER_BOUND ( 'NONE', #3067, .T. ) ;
#619 = LINE ( 'NONE', #1248, #3694 ) ;
#620 = EDGE_CURVE ( 'NONE', #3422, #2214, #2097, .T. ) ;
#621 = LINE ( 'NONE', #3095, #37 ) ;
#622 = VECTOR ( 'NONE', #1601, 1000.000000000000000 ) ;
#623 = ORIENTED_EDGE ( 'NONE', *, *, #629, .T. ) ;
#624 = CARTESIAN_POINT ( 'NONE',  ( -295.2192840322443317, 1432.079999999999927, 1.574556936932530737 ) ) ;
#625 = LINE ( 'NONE', #1530, #930 ) ;
#626 = AXIS2_PLACEMENT_3D ( 'NONE', #67, #3215, #93 ) ;
#627 = CARTESIAN_POINT ( 'NONE',  ( -232.7573189821663959, 1433.079999999999927, 13.43332594171979544 ) ) ;
#628 = ORIENTED_EDGE ( 'NONE', *, *, #4026, .T. ) ;
#629 = EDGE_CURVE ( 'NONE', #3566, #858, #325, .T. ) ;
#630 = ORIENTED_EDGE ( 'NONE', *, *, #3484, .F. ) ;
#631 = CARTESIAN_POINT ( 'NONE',  ( -233.2191333188851843, 1433.079999999999927, 12.76857277731329532 ) ) ;
#632 = DIRECTION ( 'NONE',  ( -0.9286912196815810816, 0.000000000000000000, 0.3708539045046411742 ) ) ;
#633 = CARTESIAN_POINT ( 'NONE',  ( -237.6737849170279731, 1433.079999999999927, 8.080994594439271594 ) ) ;
#634 = ORIENTED_EDGE ( 'NONE', *, *, #2427, .T. ) ;
#635 = EDGE_CURVE ( 'NONE', #1420, #2381, #3181, .T. ) ;
#636 = CARTESIAN_POINT ( 'NONE',  ( -194.3434337935484280, 1432.079999999999927, 9.312927148811791511 ) ) ;
#637 = APPLICATION_CONTEXT ( 'automotive_design' ) ;
#638 = ADVANCED_FACE ( 'NONE', ( #1883 ), #2521, .F. ) ;
#639 = CARTESIAN_POINT ( 'NONE',  ( -231.2513789649347586, 1432.079999999999927, 13.74674283284762311 ) ) ;
#640 = CARTESIAN_POINT ( 'NONE',  ( -260.8576000465643006, 1432.079999999999927, 7.086686038580862323 ) ) ;
#641 = EDGE_CURVE ( 'NONE', #3247, #1956, #3835, .T. ) ;
#642 = AXIS2_PLACEMENT_3D ( 'NONE', #2510, #4071, #2493 ) ;
#643 = CARTESIAN_POINT ( 'NONE',  ( -237.8803495755753659, 1437.079999999999927, 13.20663139703280642 ) ) ;
#644 = ORIENTED_EDGE ( 'NONE', *, *, #2427, .F. ) ;
#645 = CARTESIAN_POINT ( 'NONE',  ( -274.7847390678884949, 1432.079999999999927, 7.475225215082193841 ) ) ;
#646 = EDGE_CURVE ( 'NONE', #3234, #3411, #1219, .T. ) ;
#647 = CARTESIAN_POINT ( 'NONE',  ( -248.2263911974834230, 1433.079999999999927, 10.06564403484840398 ) ) ;
#648 = LINE ( 'NONE', #2803, #3485 ) ;
#649 = ORIENTED_EDGE ( 'NONE', *, *, #3467, .F. ) ;
#650 = ORIENTED_EDGE ( 'NONE', *, *, #783, .T. ) ;
#651 = CARTESIAN_POINT ( 'NONE',  ( -265.8557205421092817, 1437.079999999999927, 6.670256816194243932 ) ) ;
#652 = LINE ( 'NONE', #3583, #579 ) ;
#653 = CARTESIAN_POINT ( 'NONE',  ( -274.6155771348952612, 1520.960000000000036, 2.997052627296134197 ) ) ;
#654 = LINE ( 'NONE', #22, #3717 ) ;
#655 = ORIENTED_EDGE ( 'NONE', *, *, #3274, .T. ) ;
#656 = DIRECTION ( 'NONE',  ( 0.000000000000000000, -1.000000000000000000, 0.000000000000000000 ) ) ;
#657 = EDGE_CURVE ( 'NONE', #2479, #721, #3768, .T. ) ;
#658 = ORIENTED_EDGE ( 'NONE', *, *, #1128, .F. ) ;
#659 = EDGE_CURVE ( 'NONE', #3096, #2592, #3503, .T. ) ;
#660 = LINE ( 'NONE', #116, #2006 ) ;
#661 = LINE ( 'NONE', #2246, #1626 ) ;
#662 = VERTEX_POINT ( 'NONE', #2301 ) ;
#663 = DIRECTION ( 'NONE',  ( 0.000000000000000000, 0.000000000000000000, 1.000000000000000000 ) ) ;
#664 = CARTESIAN_POINT ( 'NONE',  ( -300.0000000000000000, 1520.960000000000036, 0.000000000000000000 ) ) ;
#665 = CARTESIAN_POINT ( 'NONE',  ( -271.2861602198226478, 1520.960000000000036, 2.447696926311453858 ) ) ;
#666 = ORIENTED_EDGE ( 'NONE', *, *, #3199, .F. ) ;
#667 = ORIENTED_EDGE ( 'NONE', *, *, #3571, .T. ) ;
#668 = DIRECTION ( 'NONE',  ( 0.000000000000000000, -1.000000000000000000, 0.000000000000000000 ) ) ;
#669 = DIRECTION ( 'NONE',  ( -0.6888675014067469071, 0.000000000000000000, -0.7248872777926410604 ) ) ;
#670 = DIRECTION ( 'NONE',  ( 0.5217872676265177256, 0.000000000000000000, 0.8530756398719007150 ) ) ;
#671 = B_SPLINE_CURVE_WITH_KNOTS ( 'NONE', 3,
 ( #798, #2066, #241, #1195, #3412 ),
 .UNSPECIFIED., .F., .F.,
 ( 4, 1, 4 ),
 ( 0.7820152444153389837, 0.7906192346124354398, 0.8006194959623235130 ),
 .UNSPECIFIED. ) ;
#672 = EDGE_LOOP ( 'NONE', ( #1471, #2459, #106 ) ) ;
#673 = EDGE_CURVE ( 'NONE', #1893, #1178, #3562, .T. ) ;
#674 = PLANE ( 'NONE',  #1992 ) ;
#675 = ORIENTED_EDGE ( 'NONE', *, *, #2555, .T. ) ;
#676 = VERTEX_POINT ( 'NONE', #454 ) ;
#677 = CARTESIAN_POINT ( 'NONE',  ( -287.7366072069025904, 1520.960000000000036, 1.077373546304119856 ) ) ;
#678 = ORIENTED_EDGE ( 'NONE', *, *, #1524, .T. ) ;
#679 = EDGE_CURVE ( 'NONE', #549, #829, #2394, .T. ) ;
#680 = ORIENTED_EDGE ( 'NONE', *, *, #1212, .F. ) ;
#681 = DIRECTION ( 'NONE',  ( 0.000000000000000000, 0.000000000000000000, -1.000000000000000000 ) ) ;
#682 = DIRECTION ( 'NONE',  ( -0.02688405537825821340, 0.000000000000000000, -0.9996385584632171417 ) ) ;
#683 = ORIENTED_EDGE ( 'NONE', *, *, #3009, .T. ) ;
#684 = FACE_BOUND ( 'NONE', #1903, .T. ) ;
#685 = CYLINDRICAL_SURFACE ( 'NONE', #2926, 0.5999999999999685585 ) ;
#686 = AXIS2_PLACEMENT_3D ( 'NONE', #1442, #731, #1997 ) ;
#687 = CARTESIAN_POINT ( 'NONE',  ( -282.4215676321936712, 1520.960000000000036, 1.563290642043225098 ) ) ;
#688 = EDGE_CURVE ( 'NONE', #1515, #3281, #3270, .T. ) ;
#689 = ORIENTED_EDGE ( 'NONE', *, *, #2530, .F. ) ;
#690 = ORIENTED_EDGE ( 'NONE', *, *, #926, .F. ) ;
#691 = CARTESIAN_POINT ( 'NONE',  ( -198.4327075881555515, 1437.080000000000155, 11.51359134017621777 ) ) ;
#692 = VECTOR ( 'NONE', #1932, 1000.000000000000114 ) ;
#693 = CARTESIAN_POINT ( 'NONE',  ( -128.1061509150808320, 1432.079999999999927, 27.97564465478143347 ) ) ;
#694 = EDGE_CURVE ( 'NONE', #3867, #2909, #2587, .T. ) ;
#695 = DIRECTION ( 'NONE',  ( 0.000000000000000000, -1.000000000000000000, 0.000000000000000000 ) ) ;
#696 = CARTESIAN_POINT ( 'NONE',  ( -233.9222184832874234, 1433.079999999999927, 13.19005079517899048 ) ) ;
#697 = CARTESIAN_POINT ( 'NONE',  ( -228.2616225081515609, 1433.079999999999927, 8.428349987432380175 ) ) ;
#698 = VERTEX_POINT ( 'NONE', #1722 ) ;
#699 = VERTEX_POINT ( 'NONE', #105 ) ;
#700 = DIRECTION ( 'NONE',  ( -0.6896405168819181863, 0.000000000000000000, 0.7241518884010734736 ) ) ;
#701 = EDGE_CURVE ( 'NONE', #746, #2322, #760, .T. ) ;
#702 = VERTEX_POINT ( 'NONE', #2612 ) ;
#703 = ORIENTED_EDGE ( 'NONE', *, *, #2785, .T. ) ;
#704 = ADVANCED_FACE ( 'NONE', ( #1367 ), #2963, .T. ) ;
#705 = CARTESIAN_POINT ( 'NONE',  ( -260.7875091712782023, 1432.079999999999927, 7.103832978960701539 ) ) ;
#706 = CARTESIAN_POINT ( 'NONE',  ( 0.2058083609809951420, 1432.079999999999927, 7.652639097639167609 ) ) ;
#707 = VERTEX_POINT ( 'NONE', #2635 ) ;
#708 = FACE_BOUND ( 'NONE', #262, .T. ) ;
#709 = CARTESIAN_POINT ( 'NONE',  ( -274.7847390683608069, 1520.960000000000036, 7.475225214956179975 ) ) ;
#710 = CARTESIAN_POINT ( 'NONE',  ( -141.1614346981550625, 1437.079999999999927, 27.35412429335869788 ) ) ;
#711 = ORIENTED_EDGE ( 'NONE', *, *, #1746, .T. ) ;
#712 = ORIENTED_EDGE ( 'NONE', *, *, #1418, .T. ) ;
#713 = PLANE ( 'NONE',  #3972 ) ;
#714 = ADVANCED_FACE ( 'NONE', ( #142 ), #3894, .T. ) ;
#715 = DIRECTION ( 'NONE',  ( 0.000000000000000000, -1.000000000000000000, 0.000000000000000000 ) ) ;
#716 = CARTESIAN_POINT ( 'NONE',  ( -244.8321065422305196, 1433.079999999999927, 7.777216704173523176 ) ) ;
#717 = VERTEX_POINT ( 'NONE', #2360 ) ;
#718 = CARTESIAN_POINT ( 'NONE',  ( -112.8759871213074035, 1437.079999999999927, 3.035661502803514988 ) ) ;
#719 = CARTESIAN_POINT ( 'NONE',  ( -228.6383456797400697, 1433.079999999999927, 8.415405281992565989 ) ) ;
#720 = ORIENTED_EDGE ( 'NONE', *, *, #3518, .F. ) ;
#721 = VERTEX_POINT ( 'NONE', #1959 ) ;
#722 = LINE ( 'NONE', #1640, #1945 ) ;
#723 = B_SPLINE_SURFACE_WITH_KNOTS ( 'NONE', 3, 1, ( 
 ( #3729, #3086 ),
 ( #921, #945 ),
 ( #1535, #3400 ),
 ( #4046, #2520 ),
 ( #1595, #3481 ),
 ( #264, #1201 ) ),
 .UNSPECIFIED., .F., .F., .F.,
 ( 4, 1, 1, 4 ),
 ( 2, 2 ),
 ( 0.03891155862395586501, 0.04061555485876838789, 0.04231955109357731643, 0.04416555291674015282 ),
 ( 0.000000000000000000, 1.000000000000000000 ),
 .UNSPECIFIED. ) ;
#724 = ORIENTED_EDGE ( 'NONE', *, *, #2898, .F. ) ;
#725 = VECTOR ( 'NONE', #341, 1000.000000000000114 ) ;
#726 = ORIENTED_EDGE ( 'NONE', *, *, #629, .F. ) ;
#727 = ADVANCED_FACE ( 'NONE', ( #1032 ), #2045, .F. ) ;
#728 = CARTESIAN_POINT ( 'NONE',  ( -265.7189512413807506, 1520.960000000000036, 5.831332410555692292 ) ) ;
#729 = DIRECTION ( 'NONE',  ( -0.7241518884010706980, 0.000000000000000000, -0.6896405168819210729 ) ) ;
#730 = ORIENTED_EDGE ( 'NONE', *, *, #2851, .F. ) ;
#731 = DIRECTION ( 'NONE',  ( -0.9996497148847962588, 0.000000000000000000, 0.02646596929540921336 ) ) ;
#732 = CARTESIAN_POINT ( 'NONE',  ( -103.7443451577378539, 1433.079999999999927, -109.1689705120349458 ) ) ;
#733 = CARTESIAN_POINT ( 'NONE',  ( -290.3163669967450460, 1520.960000000000036, 0.8276152839412153073 ) ) ;
#734 = AXIS2_PLACEMENT_3D ( 'NONE', #1795, #243, #3396 ) ;
#735 = DIRECTION ( 'NONE',  ( -0.5812758212746363951, 0.000000000000000000, 0.8137065930674871606 ) ) ;
#736 = CARTESIAN_POINT ( 'NONE',  ( -255.8870986851619023, 1433.079999999999927, 7.681003567253950948 ) ) ;
#737 = DIRECTION ( 'NONE',  ( 0.2442954651673956978, 0.000000000000000000, -0.9697008434041117786 ) ) ;
#738 = ORIENTED_EDGE ( 'NONE', *, *, #2925, .F. ) ;
#739 = CARTESIAN_POINT ( 'NONE',  ( -111.7890298152394166, 1433.079999999999927, 11.46489243595243046 ) ) ;
#740 = AXIS2_PLACEMENT_3D ( 'NONE', #2321, #3915, #737 ) ;
#741 = FACE_OUTER_BOUND ( 'NONE', #2036, .T. ) ;
#742 = VERTEX_POINT ( 'NONE', #1703 ) ;
#743 = ORIENTED_EDGE ( 'NONE', *, *, #830, .T. ) ;
#744 = VECTOR ( 'NONE', #3564, 1000.000000000000000 ) ;
#745 = FACE_OUTER_BOUND ( 'NONE', #284, .T. ) ;
#746 = VERTEX_POINT ( 'NONE', #125 ) ;
#747 = EDGE_LOOP ( 'NONE', ( #724, #1100, #623, #1327 ) ) ;
#748 = EDGE_CURVE ( 'NONE', #2623, #1501, #1670, .T. ) ;
#749 = CARTESIAN_POINT ( 'NONE',  ( -264.9890575499149463, 1520.960000000000036, -17.44028709088449247 ) ) ;
#750 = LINE ( 'NONE', #1667, #2155 ) ;
#751 = ORIENTED_EDGE ( 'NONE', *, *, #57, .F. ) ;
#752 = CARTESIAN_POINT ( 'NONE',  ( -113.6756979680784099, 1437.079999999999927, 3.057168747125016850 ) ) ;
#753 = EDGE_CURVE ( 'NONE', #1012, #2792, #2653, .T. ) ;
#754 = CARTESIAN_POINT ( 'NONE',  ( -194.9129271786084701, 1433.079999999999927, 9.302312362620199337 ) ) ;
#755 = ADVANCED_FACE ( 'NONE', ( #2984 ), #1021, .T. ) ;
#756 = CARTESIAN_POINT ( 'NONE',  ( -130.8533786264969194, 1437.079999999999927, 27.04426762654682648 ) ) ;
#757 = CARTESIAN_POINT ( 'NONE',  ( -292.8379051515317428, 1520.960000000000036, 0.5759372687055264173 ) ) ;
#758 = CARTESIAN_POINT ( 'NONE',  ( -132.7140058270198040, 1432.079999999999927, 9.254047714990708329 ) ) ;
#759 = VECTOR ( 'NONE', #2508, 1000.000000000000227 ) ;
#760 = LINE ( 'NONE', #3246, #3789 ) ;
#761 = VERTEX_POINT ( 'NONE', #1512 ) ;
#762 = CARTESIAN_POINT ( 'NONE',  ( -149.8126463061967115, 1432.079999999999927, 25.87186741635286324 ) ) ;
#763 = EDGE_CURVE ( 'NONE', #1161, #248, #3059, .T. ) ;
#764 = CARTESIAN_POINT ( 'NONE',  ( -194.3434337935483995, 1432.079999999999927, 9.312927148811843026 ) ) ;
#765 = VERTEX_POINT ( 'NONE', #2766 ) ;
#766 = ORIENTED_EDGE ( 'NONE', *, *, #574, .T. ) ;
#767 = VECTOR ( 'NONE', #841, 1000.000000000000227 ) ;
#768 = LINE ( 'NONE', #2033, #3500 ) ;
#769 = B_SPLINE_CURVE_WITH_KNOTS ( 'NONE', 3,
 ( #179, #2129, #4041, #1740 ),
 .UNSPECIFIED., .F., .F.,
 ( 4, 4 ),
 ( 0.7320330935912517933, 0.7338661583722697612 ),
 .UNSPECIFIED. ) ;
#770 = EDGE_CURVE ( 'NONE', #3901, #2592, #2377, .T. ) ;
#771 = ORIENTED_EDGE ( 'NONE', *, *, #1551, .F. ) ;
#772 = ORIENTED_EDGE ( 'NONE', *, *, #3945, .F. ) ;
#773 = CARTESIAN_POINT ( 'NONE',  ( -247.5948149815329487, 1437.079999999999927, 7.661474984079974959 ) ) ;
#774 = CARTESIAN_POINT ( 'NONE',  ( 0.000000000000000000, 0.000000000000000000, 0.000000000000000000 ) ) ;
#775 = ORIENTED_EDGE ( 'NONE', *, *, #2914, .T. ) ;
#776 = CARTESIAN_POINT ( 'NONE',  ( -187.8555102931843237, 1433.079999999999927, 17.45826335425561382 ) ) ;
#777 = CARTESIAN_POINT ( 'NONE',  ( -220.6196549160086136, 1432.079999999999927, 15.86831719877464231 ) ) ;
#778 = CARTESIAN_POINT ( 'NONE',  ( -178.2004695315806657, 1433.079999999999927, 22.82649320470189380 ) ) ;
#779 = CARTESIAN_POINT ( 'NONE',  ( -285.1034899455572713, 1432.079999999999927, 1.323141469673185799 ) ) ;
#780 = DIRECTION ( 'NONE',  ( -0.8530756398719019362, 0.000000000000000000, 0.5217872676265157272 ) ) ;
#781 = CARTESIAN_POINT ( 'NONE',  ( -102.3130301131315036, 1432.079999999999927, 93.74915243284928579 ) ) ;
#782 = DIRECTION ( 'NONE',  ( -0.8530756398719019362, 0.000000000000000000, 0.5217872676265157272 ) ) ;
#783 = EDGE_CURVE ( 'NONE', #3147, #3276, #671, .T. ) ;
#784 = FACE_OUTER_BOUND ( 'NONE', #1293, .T. ) ;
#785 = VECTOR ( 'NONE', #3611, 1000.000000000000000 ) ;
#786 = ORIENTED_EDGE ( 'NONE', *, *, #335, .T. ) ;
#787 = ORIENTED_EDGE ( 'NONE', *, *, #970, .T. ) ;
#788 = CARTESIAN_POINT ( 'NONE',  ( -252.9784568474884736, 1520.960000000000036, -41.24291343747756855 ) ) ;
#789 = ORIENTED_EDGE ( 'NONE', *, *, #1511, .F. ) ;
#790 = DIRECTION ( 'NONE',  ( 0.001877162694597761397, 0.000000000000000000, -0.9999982381285568156 ) ) ;
#791 = PRODUCT_CONTEXT ( 'NONE', #637, 'mechanical' ) ;
#792 = CARTESIAN_POINT ( 'NONE',  ( -247.4112030334044618, 1437.079999999999927, 10.26930581630612593 ) ) ;
#793 = CARTESIAN_POINT ( 'NONE',  ( -293.2676002059569100, 1520.960000000000036, 1.330312713633649668 ) ) ;
#794 = LINE ( 'NONE', #3989, #614 ) ;
#795 = DIRECTION ( 'NONE',  ( -0.000000000000000000, -1.000000000000000000, -0.000000000000000000 ) ) ;
#796 = DIRECTION ( 'NONE',  ( 0.000000000000000000, -1.000000000000000000, 0.000000000000000000 ) ) ;
#797 = CARTESIAN_POINT ( 'NONE',  ( -270.6058122691731000, 1432.079999999999927, 7.731282320555692422 ) ) ;
#798 = CARTESIAN_POINT ( 'NONE',  ( -165.5953102936683479, 1432.079999999999927, 9.630069181646563337 ) ) ;
#799 = VECTOR ( 'NONE', #1187, 1000.000000000000114 ) ;
#800 = PLANE ( 'NONE',  #2001 ) ;
#801 = CARTESIAN_POINT ( 'NONE',  ( -113.6756979680784241, 1433.079999999999927, 3.057168747125017294 ) ) ;
#802 = ORIENTED_EDGE ( 'NONE', *, *, #3548, .F. ) ;
#803 = ORIENTED_EDGE ( 'NONE', *, *, #2539, .T. ) ;
#804 = VECTOR ( 'NONE', #3973, 1000.000000000000000 ) ;
#805 = B_SPLINE_CURVE_WITH_KNOTS ( 'NONE', 3,
 ( #777, #3054, #3660, #1125, #3950 ),
 .UNSPECIFIED., .F., .F.,
 ( 4, 1, 4 ),
 ( 0.08511555471016767072, 0.09694117715508032695, 0.1003748877703653647 ),
 .UNSPECIFIED. ) ;
#806 = LINE ( 'NONE', #2089, #314 ) ;
#807 = ADVANCED_FACE ( 'NONE', ( #3372 ), #546, .T. ) ;
#808 = ORIENTED_EDGE ( 'NONE', *, *, #3524, .F. ) ;
#809 = CARTESIAN_POINT ( 'NONE',  ( -235.2482142749078093, 1432.079999999999927, 12.91218124334136874 ) ) ;
#810 =( GEOMETRIC_REPRESENTATION_CONTEXT ( 3 ) GLOBAL_UNCERTAINTY_ASSIGNED_CONTEXT ( ( #2468 ) ) GLOBAL_UNIT_ASSIGNED_CONTEXT ( ( #1043, #3597, #3030 ) ) REPRESENTATION_CONTEXT ( 'NONE', 'WORKASPACE' ) );
#811 = DIRECTION ( 'NONE',  ( 1.000000000000000000, 0.000000000000000000, 0.000000000000000000 ) ) ;
#812 = EDGE_CURVE ( 'NONE', #416, #3618, #1174, .T. ) ;
#813 = CARTESIAN_POINT ( 'NONE',  ( -149.8126463061967115, 1432.079999999999927, 25.87186741635286324 ) ) ;
#814 = FACE_OUTER_BOUND ( 'NONE', #2031, .T. ) ;
#815 = DIRECTION ( 'NONE',  ( -0.8137065930674900471, 0.000000000000000000, -0.5812758212746321762 ) ) ;
#816 = CARTESIAN_POINT ( 'NONE',  ( -192.5000000004401102, 1437.079999999999927, 15.15093237100210288 ) ) ;
#817 = DIRECTION ( 'NONE',  ( 0.7248872777926403943, 0.000000000000000000, -0.6888675014067474622 ) ) ;
#818 = CARTESIAN_POINT ( 'NONE',  ( -290.1850476729540560, 1432.079999999999927, 2.279926096537914670 ) ) ;
#819 = CARTESIAN_POINT ( 'NONE',  ( -210.8832346672962501, 1437.079999999999927, 17.74767239861380475 ) ) ;
#820 = EDGE_CURVE ( 'NONE', #203, #2848, #3255, .T. ) ;
#821 = DIRECTION ( 'NONE',  ( 0.000000000000000000, -1.000000000000000000, 0.000000000000000000 ) ) ;
#822 = CARTESIAN_POINT ( 'NONE',  ( -133.1133349853126902, 1433.079999999999927, 126.4989099470499241 ) ) ;
#823 = ORIENTED_EDGE ( 'NONE', *, *, #1074, .F. ) ;
#824 = ORIENTED_EDGE ( 'NONE', *, *, #3079, .T. ) ;
#825 = EDGE_CURVE ( 'NONE', #1515, #1313, #3039, .T. ) ;
#826 = LINE ( 'NONE', #2366, #3344 ) ;
#827 = EDGE_CURVE ( 'NONE', #1177, #717, #194, .T. ) ;
#828 = VECTOR ( 'NONE', #2899, 1000.000000000000000 ) ;
#829 = VERTEX_POINT ( 'NONE', #1737 ) ;
#830 = EDGE_CURVE ( 'NONE', #2602, #3147, #1448, .T. ) ;
#831 = VECTOR ( 'NONE', #1874, 1000.000000000000000 ) ;
#832 = CARTESIAN_POINT ( 'NONE',  ( -194.3434337935483995, 1437.079999999999927, 9.312927148811843026 ) ) ;
#833 = DIRECTION ( 'NONE',  ( 0.6888675014067495717, 0.000000000000000000, 0.7248872777926386179 ) ) ;
#834 = CARTESIAN_POINT ( 'NONE',  ( -182.7476535926390113, 1437.079999999999700, 22.24537223474090197 ) ) ;
#835 = LINE ( 'NONE', #1558, #2023 ) ;
#836 = LINE ( 'NONE', #2099, #3801 ) ;
#837 = CARTESIAN_POINT ( 'NONE',  ( -113.0233135672802547, 1437.079999999999927, 27.31498970425845130 ) ) ;
#838 = CARTESIAN_POINT ( 'NONE',  ( -274.1238790086579797, 1432.079999999999927, 2.239275516313835368 ) ) ;
#839 = CARTESIAN_POINT ( 'NONE',  ( -264.1907845933577050, 1432.079999999999927, -17.38774865900553124 ) ) ;
#840 = CARTESIAN_POINT ( 'NONE',  ( -192.5000000004401102, 1432.079999999999927, 11.02593237100210644 ) ) ;
#841 = DIRECTION ( 'NONE',  ( -0.8530756398719007150, 0.000000000000000000, 0.5217872676265177256 ) ) ;
#842 = PLANE ( 'NONE',  #1269 ) ;
#843 = VERTEX_POINT ( 'NONE', #1466 ) ;
#844 = EDGE_CURVE ( 'NONE', #1432, #1985, #1153, .T. ) ;
#845 = ORIENTED_EDGE ( 'NONE', *, *, #1188, .T. ) ;
#846 = PLANE ( 'NONE',  #167 ) ;
#847 = ORIENTED_EDGE ( 'NONE', *, *, #91, .T. ) ;
#848 = AXIS2_PLACEMENT_3D ( 'NONE', #1435, #1116, #2383 ) ;
#849 = ORIENTED_EDGE ( 'NONE', *, *, #3321, .F. ) ;
#850 = CARTESIAN_POINT ( 'NONE',  ( -123.0258495498965630, 1437.080000000000155, 8.956862106542892832 ) ) ;
#851 = LINE ( 'NONE', #2450, #73 ) ;
#852 = CARTESIAN_POINT ( 'NONE',  ( -179.5174658418248157, 1433.079999999999927, 9.534537799042796635 ) ) ;
#853 = CARTESIAN_POINT ( 'NONE',  ( -221.7787467680724660, 1433.079999999999927, 15.64372520361560781 ) ) ;
#854 = CARTESIAN_POINT ( 'NONE',  ( -192.5000000004401102, 1432.079999999999927, 19.27593237100209933 ) ) ;
#855 = CARTESIAN_POINT ( 'NONE',  ( -96.72838245694208581, 1437.079999999999927, 24.69208237058674626 ) ) ;
#856 = DIRECTION ( 'NONE',  ( -0.000000000000000000, -1.000000000000000000, -0.000000000000000000 ) ) ;
#857 = DIRECTION ( 'NONE',  ( 0.001877162694616528937, 0.000000000000000000, -0.9999982381285568156 ) ) ;
#858 = VERTEX_POINT ( 'NONE', #840 ) ;
#859 = DIRECTION ( 'NONE',  ( 0.000000000000000000, 0.000000000000000000, -1.000000000000000000 ) ) ;
#860 = DIRECTION ( 'NONE',  ( -0.8137065930674900471, 0.000000000000000000, -0.5812758212746321762 ) ) ;
#861 = PLANE ( 'NONE',  #1665 ) ;
#862 = ORIENTED_EDGE ( 'NONE', *, *, #2503, .F. ) ;
#863 = ORIENTED_EDGE ( 'NONE', *, *, #3939, .F. ) ;
#864 = DIRECTION ( 'NONE',  ( 0.7248872777926391731, 0.000000000000000000, -0.6888675014067490165 ) ) ;
#865 = CARTESIAN_POINT ( 'NONE',  ( -246.0930087101614845, 1433.079999999999927, 7.719654219035418485 ) ) ;
#866 = ORIENTED_EDGE ( 'NONE', *, *, #953, .F. ) ;
#867 = VECTOR ( 'NONE', #1164, 1000.000000000000000 ) ;
#868 = EDGE_LOOP ( 'NONE', ( #316, #61, #2618, #678 ) ) ;
#869 = CARTESIAN_POINT ( 'NONE',  ( -183.8902233028017861, 1437.080000000000155, 9.490411956954650563 ) ) ;
#870 = CARTESIAN_POINT ( 'NONE',  ( -114.4461369841751406, 1433.079999999999927, 8.572950441632396945 ) ) ;
#871 = CARTESIAN_POINT ( 'NONE',  ( -250.7585574480021364, 1433.079999999999927, 7.495065782900966589 ) ) ;
#872 = ADVANCED_FACE ( 'NONE', ( #219 ), #3332, .T. ) ;
#873 = CARTESIAN_POINT ( 'NONE',  ( -257.1893738146056876, 1433.079999999999927, 7.974471785464695373 ) ) ;
#874 = CARTESIAN_POINT ( 'NONE',  ( -99.99778022952409628, 1432.079999999999927, 23.97971956385086401 ) ) ;
#875 = CARTESIAN_POINT ( 'NONE',  ( -194.5332803159410275, 1433.079999999999927, 9.309413196033403892 ) ) ;
#876 = EDGE_LOOP ( 'NONE', ( #1529, #2364, #3895, #4004 ) ) ;
#877 = EDGE_CURVE ( 'NONE', #3161, #2602, #78, .T. ) ;
#878 = EDGE_CURVE ( 'NONE', #699, #4100, #1756, .T. ) ;
#879 = DIRECTION ( 'NONE',  ( -0.6782016225132038167, 0.000000000000000000, 0.7348758801460677503 ) ) ;
#880 = CARTESIAN_POINT ( 'NONE',  ( -280.6338063822633444, 1432.079999999999927, 5.055185953166628998 ) ) ;
#881 = DIRECTION ( 'NONE',  ( -0.7248872777926378408, 0.000000000000000000, 0.6888675014067503488 ) ) ;
#882 = ORIENTED_EDGE ( 'NONE', *, *, #1584, .F. ) ;
#883 = ORIENTED_EDGE ( 'NONE', *, *, #3, .T. ) ;
#884 = CARTESIAN_POINT ( 'NONE',  ( -274.6155771348952612, 1432.079999999999927, 2.997052627296134197 ) ) ;
#885 = DIRECTION ( 'NONE',  ( 0.6755766284712281244, 0.000000000000000000, 0.7372897795734375537 ) ) ;
#886 = ADVANCED_FACE ( 'NONE', ( #3994 ), #1811, .F. ) ;
#887 = ORIENTED_EDGE ( 'NONE', *, *, #1234, .F. ) ;
#888 = VERTEX_POINT ( 'NONE', #4056 ) ;
#889 = AXIS2_PLACEMENT_3D ( 'NONE', #2260, #700, #1964 ) ;
#890 = CARTESIAN_POINT ( 'NONE',  ( -135.8203959127808957, 1437.080000000000155, 9.371846716018461976 ) ) ;
#891 = CYLINDRICAL_SURFACE ( 'NONE', #3591, 4.124999999999996447 ) ;
#892 = LINE ( 'NONE', #1190, #2547 ) ;
#893 = VECTOR ( 'NONE', #3383, 1000.000000000000114 ) ;
#894 = CARTESIAN_POINT ( 'NONE',  ( -178.2004695315806373, 1437.079999999999927, 22.82649320470189380 ) ) ;
#895 = CARTESIAN_POINT ( 'NONE',  ( -200.4954640087551923, 1520.960000000000036, 8.438484520300974623 ) ) ;
#896 = CARTESIAN_POINT ( 'NONE',  ( -260.8576000460946602, 1437.079999999999927, 7.086686038695749090 ) ) ;
#897 = ORIENTED_EDGE ( 'NONE', *, *, #2801, .T. ) ;
#898 = CARTESIAN_POINT ( 'NONE',  ( -190.7528261741830136, 1437.079999999999927, 21.03932599842010021 ) ) ;
#899 = DIRECTION ( 'NONE',  ( 0.000000000000000000, -1.000000000000000000, 0.000000000000000000 ) ) ;
#900 = ORIENTED_EDGE ( 'NONE', *, *, #1162, .T. ) ;
#901 = ORIENTED_EDGE ( 'NONE', *, *, #255, .F. ) ;
#902 = PLANE ( 'NONE',  #1260 ) ;
#903 = DIRECTION ( 'NONE',  ( -0.7248872777926403943, 0.000000000000000000, 0.6888675014067474622 ) ) ;
#904 = LINE ( 'NONE', #946, #2298 ) ;
#905 = EDGE_CURVE ( 'NONE', #3537, #240, #606, .T. ) ;
#906 = ORIENTED_EDGE ( 'NONE', *, *, #4059, .T. ) ;
#907 = VERTEX_POINT ( 'NONE', #2187 ) ;
#908 = CARTESIAN_POINT ( 'NONE',  ( -178.2004695315806657, 1432.079999999999927, 22.82649320470189025 ) ) ;
#909 = VECTOR ( 'NONE', #3224, 1000.000000000000000 ) ;
#910 = CARTESIAN_POINT ( 'NONE',  ( -165.5953102936683479, 1433.079999999999927, 9.630069181646565113 ) ) ;
#911 = CARTESIAN_POINT ( 'NONE',  ( -132.8079613817489815, 1437.079999999999927, 8.488640521341494605 ) ) ;
#912 = FACE_OUTER_BOUND ( 'NONE', #971, .T. ) ;
#913 = CARTESIAN_POINT ( 'NONE',  ( -300.0000000000000000, 1520.960000000000036, -0.1621621621621254228 ) ) ;
#914 = ORIENTED_EDGE ( 'NONE', *, *, #3942, .F. ) ;
#915 = DIRECTION ( 'NONE',  ( 0.3708539045046170268, 0.000000000000000000, 0.9286912196815906295 ) ) ;
#916 = CARTESIAN_POINT ( 'NONE',  ( -228.0922669548007775, 1432.079999999999927, 9.000081170464282465 ) ) ;
#917 = ORIENTED_EDGE ( 'NONE', *, *, #1202, .F. ) ;
#918 = ORIENTED_EDGE ( 'NONE', *, *, #3291, .T. ) ;
#919 = CARTESIAN_POINT ( 'NONE',  ( -190.5023954709740224, 1433.079999999999927, 21.07741219790161580 ) ) ;
#920 = AXIS2_PLACEMENT_3D ( 'NONE', #384, #1049, #3244 ) ;
#921 = CARTESIAN_POINT ( 'NONE',  ( -265.3338636067466041, 1520.960000000000036, 6.801727551362758639 ) ) ;
#922 = CARTESIAN_POINT ( 'NONE',  ( -293.2676002059569100, 1520.960000000000036, 1.330312713633649668 ) ) ;
#923 = ORIENTED_EDGE ( 'NONE', *, *, #1469, .T. ) ;
#924 = CARTESIAN_POINT ( 'NONE',  ( -251.1990655684237481, 1433.079999999999927, 7.472962773391171432 ) ) ;
#925 = EDGE_CURVE ( 'NONE', #3497, #354, #1547, .T. ) ;
#926 = EDGE_CURVE ( 'NONE', #3247, #65, #1232, .T. ) ;
#927 = LINE ( 'NONE', #2759, #2331 ) ;
#928 = VECTOR ( 'NONE', #3014, 1000.000000000000000 ) ;
#929 = CARTESIAN_POINT ( 'NONE',  ( -165.3648485973203606, 1433.080000000000382, 24.38595098206934964 ) ) ;
#930 = VECTOR ( 'NONE', #2824, 1000.000000000000000 ) ;
#931 = FACE_OUTER_BOUND ( 'NONE', #3221, .T. ) ;
#932 = AXIS2_PLACEMENT_3D ( 'NONE', #2456, #879, #3394 ) ;
#933 = EDGE_CURVE ( 'NONE', #2010, #1533, #2845, .T. ) ;
#934 = CARTESIAN_POINT ( 'NONE',  ( -206.0074911702983229, 1432.079999999999927, 9.073304149983117739 ) ) ;
#935 = CARTESIAN_POINT ( 'NONE',  ( -252.9784568474884736, 1437.079999999999927, -41.24291343747757566 ) ) ;
#936 = AXIS2_PLACEMENT_3D ( 'NONE', #3273, #2676, #2655 ) ;
#937 = VERTEX_POINT ( 'NONE', #2250 ) ;
#938 = CARTESIAN_POINT ( 'NONE',  ( -251.4243920417408162, 1432.079999999999927, 7.965703907404517281 ) ) ;
#939 = ADVANCED_BREP_SHAPE_REPRESENTATION ( 'rib7 outer', ( #2472, #3019 ), #1824 ) ;
#940 = CARTESIAN_POINT ( 'NONE',  ( -185.9315778033651441, 1432.079999999999927, 18.58588332090532091 ) ) ;
#941 = CARTESIAN_POINT ( 'NONE',  ( -233.5342942828518744, 1433.080000000000155, 13.27134239836746410 ) ) ;
#942 = VECTOR ( 'NONE', #790, 1000.000000000000227 ) ;
#943 = EDGE_LOOP ( 'NONE', ( #2990, #126, #849, #3751 ) ) ;
#944 = VERTEX_POINT ( 'NONE', #979 ) ;
#945 = CARTESIAN_POINT ( 'NONE',  ( -265.3338636067466041, 1437.079999999999927, 6.801727551362758639 ) ) ;
#946 = CARTESIAN_POINT ( 'NONE',  ( -112.2016622524414515, 1437.079999999999927, 28.10930200660903822 ) ) ;
#947 = ADVANCED_FACE ( 'NONE', ( #565 ), #3098, .F. ) ;
#948 = VECTOR ( 'NONE', #173, 999.9999999999998863 ) ;
#949 = ORIENTED_EDGE ( 'NONE', *, *, #1005, .F. ) ;
#950 = CARTESIAN_POINT ( 'NONE',  ( -241.3852872890720391, 1433.079999999999927, 11.59175294562724723 ) ) ;
#951 = EDGE_CURVE ( 'NONE', #3302, #2928, #14, .T. ) ;
#952 = FACE_OUTER_BOUND ( 'NONE', #3528, .T. ) ;
#953 = EDGE_CURVE ( 'NONE', #499, #3155, #2802, .T. ) ;
#954 = CARTESIAN_POINT ( 'NONE',  ( -132.5334251630776805, 1432.079999999999927, 125.9478159459217181 ) ) ;
#955 = DIRECTION ( 'NONE',  ( -0.6755766284712282355, 0.000000000000000000, -0.7372897795734375537 ) ) ;
#956 = CARTESIAN_POINT ( 'NONE',  ( -50.02817683524195758, 1432.079999999999927, -52.64406993357894038 ) ) ;
#957 = VECTOR ( 'NONE', #3888, 1000.000000000000000 ) ;
#958 = ORIENTED_EDGE ( 'NONE', *, *, #1014, .T. ) ;
#959 = FACE_BOUND ( 'NONE', #3277, .T. ) ;
#960 = CARTESIAN_POINT ( 'NONE',  ( -179.2680965261207575, 1432.079999999999927, 10.95298948655129756 ) ) ;
#961 = VECTOR ( 'NONE', #2955, 1000.000000000000000 ) ;
#962 = CARTESIAN_POINT ( 'NONE',  ( -132.3252790877544953, 1433.079999999999927, 25.56367482687227621 ) ) ;
#963 = EDGE_LOOP ( 'NONE', ( #2234, #1614, #3120, #1946 ) ) ;
#964 = ORIENTED_EDGE ( 'NONE', *, *, #1791, .F. ) ;
#965 = CARTESIAN_POINT ( 'NONE',  ( -190.0016062456336954, 1432.079999999999927, 21.15314922935498387 ) ) ;
#966 = LINE ( 'NONE', #3180, #1310 ) ;
#967 = EDGE_CURVE ( 'NONE', #2208, #2090, #625, .T. ) ;
#968 = CARTESIAN_POINT ( 'NONE',  ( -113.3033073900973449, 1432.079999999999927, 7.716868825675275545 ) ) ;
#969 = DIRECTION ( 'NONE',  ( -0.01073934591758248132, 0.000000000000000000, -0.9999423315618068964 ) ) ;
#970 = EDGE_CURVE ( 'NONE', #3281, #3473, #4076, .T. ) ;
#971 = EDGE_LOOP ( 'NONE', ( #3486, #368, #2034, #590 ) ) ;
#972 = CARTESIAN_POINT ( 'NONE',  ( -250.7585574480021364, 1433.079999999999927, 7.495065782900966589 ) ) ;
#973 = CARTESIAN_POINT ( 'NONE',  ( -112.7508309264629105, 1437.079999999999927, 7.689384925052574538 ) ) ;
#974 = LINE ( 'NONE', #3861, #1840 ) ;
#975 = VECTOR ( 'NONE', #342, 1000.000000000000000 ) ;
#976 = LINE ( 'NONE', #2625, #4077 ) ;
#977 = ORIENTED_EDGE ( 'NONE', *, *, #2503, .T. ) ;
#978 = CARTESIAN_POINT ( 'NONE',  ( -266.5886069376114733, 1432.079999999999927, 9.579359346406523201 ) ) ;
#979 = CARTESIAN_POINT ( 'NONE',  ( -196.9577467012201737, 1432.079999999999927, 12.34914432081862756 ) ) ;
#980 = CARTESIAN_POINT ( 'NONE',  ( -213.2678935476478159, 1433.079999999999927, 8.883460927922911310 ) ) ;
#981 = ORIENTED_EDGE ( 'NONE', *, *, #4026, .F. ) ;
#982 = ORIENTED_EDGE ( 'NONE', *, *, #3957, .F. ) ;
#983 = CARTESIAN_POINT ( 'NONE',  ( -228.6383456738226698, 1432.079999999999927, 8.415405282195896675 ) ) ;
#984 = DIRECTION ( 'NONE',  ( 0.000000000000000000, -1.000000000000000000, 0.000000000000000000 ) ) ;
#985 = CARTESIAN_POINT ( 'NONE',  ( -122.1786715887263881, 1432.079999999999927, 8.123971859965671172 ) ) ;
#986 = B_SPLINE_CURVE_WITH_KNOTS ( 'NONE', 3,
 ( #3288, #1103, #2370, #1401, #792, #482, #2431, #3130, #580, #2160 ),
 .UNSPECIFIED., .F., .F.,
 ( 4, 1, 1, 1, 1, 1, 1, 4 ),
 ( 0.04410003439761221028, 0.04432521835872276633, 0.04858316171247652193, 0.05825476480099728294, 0.06792636788951804394, 0.07759797097803880495, 0.09694117715508032695, 0.1095003286792484432 ),
 .UNSPECIFIED. ) ;
#987 = DIRECTION ( 'NONE',  ( 0.000000000000000000, -1.000000000000000000, 0.000000000000000000 ) ) ;
#988 = ADVANCED_FACE ( 'NONE', ( #2496 ), #3175, .F. ) ;
#989 = ORIENTED_EDGE ( 'NONE', *, *, #45, .F. ) ;
#990 = DIRECTION ( 'NONE',  ( 0.000000000000000000, 0.000000000000000000, -1.000000000000000000 ) ) ;
#991 = ORIENTED_EDGE ( 'NONE', *, *, #2054, .T. ) ;
#992 = EDGE_LOOP ( 'NONE', ( #2279, #3376, #2170, #3232 ) ) ;
#993 = VECTOR ( 'NONE', #1560, 1000.000000000000000 ) ;
#994 = EDGE_CURVE ( 'NONE', #584, #1598, #1440, .T. ) ;
#995 = SURFACE_STYLE_FILL_AREA ( #3188 ) ;
#996 = CARTESIAN_POINT ( 'NONE',  ( -112.8759871213074035, 1432.079999999999927, 3.035661502803514988 ) ) ;
#997 = ADVANCED_FACE ( 'NONE', ( #1914 ), #2312, .F. ) ;
#998 = VERTEX_POINT ( 'NONE', #337 ) ;
#999 = CARTESIAN_POINT ( 'NONE',  ( -290.3110310810180863, 1432.079999999999927, 3.099905874896820901 ) ) ;
#1000 = CARTESIAN_POINT ( 'NONE',  ( -272.0829353896130556, 1520.960000000000036, 8.182179439804075471 ) ) ;
#1001 = CARTESIAN_POINT ( 'NONE',  ( -259.4640068570307108, 1437.079999999999927, 8.261595196954861109 ) ) ;
#1002 = ORIENTED_EDGE ( 'NONE', *, *, #3385, .T. ) ;
#1003 = ORIENTED_EDGE ( 'NONE', *, *, #523, .F. ) ;
#1004 = CARTESIAN_POINT ( 'NONE',  ( -293.2676002059569100, 1432.079999999999927, 1.330312713633649668 ) ) ;
#1005 = EDGE_CURVE ( 'NONE', #1472, #3090, #586, .T. ) ;
#1006 = CARTESIAN_POINT ( 'NONE',  ( -266.5886069376114733, 1520.960000000000036, 9.579359346406523201 ) ) ;
#1007 = CARTESIAN_POINT ( 'NONE',  ( -259.3915731961860160, 1432.079999999999700, 7.445118414148291563 ) ) ;
#1008 = VERTEX_POINT ( 'NONE', #3158 ) ;
#1009 =( BOUNDED_SURFACE ( )  B_SPLINE_SURFACE ( 3, 1, ( 
 ( #2506, #636 ),
 ( #2432, #2814 ),
 ( #2120, #3678 ),
 ( #3052, #1287 ) ),
 .UNSPECIFIED., .F., .F., .F. ) 
 B_SPLINE_SURFACE_WITH_KNOTS ( ( 4, 4 ),
 ( 2, 2 ),
 ( 0.000000000000000000, 1.000000000000000000 ),
 ( 0.000000000000000000, 1.000000000000000000 ),
 .UNSPECIFIED. ) 
 GEOMETRIC_REPRESENTATION_ITEM ( )  RATIONAL_B_SPLINE_SURFACE ( (
 ( 1.000000000000000000, 1.000000000000000000),
 ( 0.6657799060883728970, 0.6657799060883728970),
 ( 0.6657799060883728970, 0.6657799060883728970),
 ( 1.000000000000000000, 1.000000000000000000) ) ) 
 REPRESENTATION_ITEM ( '' )  SURFACE ( )  );
#1010 = DIRECTION ( 'NONE',  ( -0.9996385584632171417, 0.000000000000000000, 0.02688405537825821687 ) ) ;
#1011 = ORIENTED_EDGE ( 'NONE', *, *, #218, .T. ) ;
#1012 = VERTEX_POINT ( 'NONE', #318 ) ;
#1013 = ORIENTED_EDGE ( 'NONE', *, *, #3957, .T. ) ;
#1014 = EDGE_CURVE ( 'NONE', #3838, #1893, #2535, .T. ) ;
#1015 = CARTESIAN_POINT ( 'NONE',  ( -265.5219321234511085, 1432.079999999999700, 2.837808823346377185 ) ) ;
#1016 = ORIENTED_EDGE ( 'NONE', *, *, #1311, .F. ) ;
#1017 = VERTEX_POINT ( 'NONE', #960 ) ;
#1018 = PRESENTATION_STYLE_ASSIGNMENT (( #2599 ) ) ;
#1019 = DIRECTION ( 'NONE',  ( -0.000000000000000000, -1.000000000000000000, -0.000000000000000000 ) ) ;
#1020 = EDGE_CURVE ( 'NONE', #2638, #1885, #98, .T. ) ;
#1021 = B_SPLINE_SURFACE_WITH_KNOTS ( 'NONE', 3, 1, ( 
 ( #1410, #2893 ),
 ( #58, #79 ),
 ( #1323, #1007 ),
 ( #2274, #3225 ),
 ( #2918, #3872 ),
 ( #3723, #1428 ),
 ( #3352, #2126 ),
 ( #819, #3703 ),
 ( #507, #4017 ),
 ( #3684, #3077 ) ),
 .UNSPECIFIED., .F., .F., .F.,
 ( 4, 1, 1, 1, 1, 1, 1, 4 ),
 ( 2, 2 ),
 ( 0.04410003439759753452, 0.04432521835872276633, 0.04858316171247652193, 0.05825476480099728294, 0.06792636788951804394, 0.07759797097803880495, 0.09694117715508032695, 0.1095003286792487068 ),
 ( 0.000000000000000000, 1.000000000000000000 ),
 .UNSPECIFIED. ) ;
#1022 = ORIENTED_EDGE ( 'NONE', *, *, #150, .F. ) ;
#1023 = CARTESIAN_POINT ( 'NONE',  ( -165.5923904649428948, 1432.079999999999927, 9.690496330747528475 ) ) ;
#1024 = CARTESIAN_POINT ( 'NONE',  ( -190.1890343106762202, 1437.079999999999927, 9.385866078298587212 ) ) ;
#1025 = VECTOR ( 'NONE', #1662, 1000.000000000000000 ) ;
#1026 = CARTESIAN_POINT ( 'NONE',  ( -141.1614346981550625, 1432.079999999999927, 27.35412429335869788 ) ) ;
#1027 = ORIENTED_EDGE ( 'NONE', *, *, #395, .F. ) ;
#1028 = ORIENTED_EDGE ( 'NONE', *, *, #1183, .F. ) ;
#1029 = CARTESIAN_POINT ( 'NONE',  ( -300.0000000000000000, 1432.079999999999927, 0.000000000000000000 ) ) ;
#1030 = VECTOR ( 'NONE', #497, 1000.000000000000227 ) ;
#1031 = CARTESIAN_POINT ( 'NONE',  ( -148.6143614906584105, 1437.079999999999927, 25.96668747503434105 ) ) ;
#1032 = FACE_OUTER_BOUND ( 'NONE', #2683, .T. ) ;
#1033 = ORIENTED_EDGE ( 'NONE', *, *, #3784, .F. ) ;
#1034 = CARTESIAN_POINT ( 'NONE',  ( -112.7508309264629105, 1432.079999999999927, 7.689384925052574538 ) ) ;
#1035 = CARTESIAN_POINT ( 'NONE',  ( -194.3434337935483995, 1437.079999999999927, 9.312927148811843026 ) ) ;
#1036 = EDGE_LOOP ( 'NONE', ( #766, #1156, #1689, #3904, #2896, #2679 ) ) ;
#1037 = ORIENTED_EDGE ( 'NONE', *, *, #2626, .F. ) ;
#1039 = ADVANCED_FACE ( 'NONE', ( #1403 ), #685, .T. ) ;
#1038 = CARTESIAN_POINT ( 'NONE',  ( -292.8379051518247138, 1520.960000000000036, 0.5759372686756060178 ) ) ;
#1040 = VECTOR ( 'NONE', #141, 1000.000000000000000 ) ;
#1041 = ORIENTED_EDGE ( 'NONE', *, *, #2998, .F. ) ;
#1042 = EDGE_LOOP ( 'NONE', ( #775, #1215, #609 ) ) ;
#1043 =( LENGTH_UNIT ( ) NAMED_UNIT ( * ) SI_UNIT ( .MILLI., .METRE. ) );
#1044 = CARTESIAN_POINT ( 'NONE',  ( -251.4243920417408162, 1433.079999999999927, 7.965703907404517281 ) ) ;
#1045 = ORIENTED_EDGE ( 'NONE', *, *, #1690, .F. ) ;
#1046 = LINE ( 'NONE', #3289, #1362 ) ;
#1047 = DIRECTION ( 'NONE',  ( 0.000000000000000000, -1.000000000000000000, 0.000000000000000000 ) ) ;
#1048 = CARTESIAN_POINT ( 'NONE',  ( -32.84410089086564000, 1433.079999999999927, -82.24809755320639226 ) ) ;
#1049 = DIRECTION ( 'NONE',  ( -0.7248872777926402833, 0.000000000000000000, 0.6888675014067477953 ) ) ;
#1050 = DIRECTION ( 'NONE',  ( 0.000000000000000000, -1.000000000000000000, 0.000000000000000000 ) ) ;
#1051 = DIRECTION ( 'NONE',  ( 0.000000000000000000, -1.000000000000000000, 0.000000000000000000 ) ) ;
#1052 = ORIENTED_EDGE ( 'NONE', *, *, #331, .T. ) ;
#1053 = PLANE ( 'NONE',  #936 ) ;
#1054 = CARTESIAN_POINT ( 'NONE',  ( -248.2263911974824850, 1432.079999999999927, 10.06564403484861892 ) ) ;
#1055 = EDGE_LOOP ( 'NONE', ( #2889, #1399, #1222, #1593 ) ) ;
#1056 = VERTEX_POINT ( 'NONE', #3865 ) ;
#1057 = CARTESIAN_POINT ( 'NONE',  ( -282.4215676329395706, 1520.960000000000036, 1.563290641976436968 ) ) ;
#1058 = B_SPLINE_CURVE_WITH_KNOTS ( 'NONE', 3,
 ( #2324, #108, #1658, #144, #2677, #1350, #3918, #2836, #2221 ),
 .UNSPECIFIED., .F., .F.,
 ( 4, 1, 1, 1, 1, 1, 4 ),
 ( 0.9389019328317700364, 0.9448400810633528213, 0.9507782292949357172, 0.9626545257581013981, 0.9745308222212671900, 0.9804689704528499750, 0.9864071186844328709 ),
 .UNSPECIFIED. ) ;
#1059 = EDGE_CURVE ( 'NONE', #1082, #4096, #3786, .T. ) ;
#1060 = ORIENTED_EDGE ( 'NONE', *, *, #2137, .F. ) ;
#1061 = AXIS2_PLACEMENT_3D ( 'NONE', #3560, #735, #1977 ) ;
#1062 = EDGE_CURVE ( 'NONE', #3867, #2010, #3131, .T. ) ;
#1063 = ORIENTED_EDGE ( 'NONE', *, *, #1994, .T. ) ;
#1064 = DIRECTION ( 'NONE',  ( 0.9996385584632172527, 0.000000000000000000, -0.02688405537825352271 ) ) ;
#1065 = EDGE_LOOP ( 'NONE', ( #130, #569 ) ) ;
#1066 = DIRECTION ( 'NONE',  ( 0.6888675014067492386, 0.000000000000000000, 0.7248872777926389510 ) ) ;
#1067 = ADVANCED_FACE ( 'NONE', ( #2649 ), #2581, .F. ) ;
#1068 = CARTESIAN_POINT ( 'NONE',  ( -245.2527964942030678, 1433.079999999999927, 7.758224667485085213 ) ) ;
#1069 = FACE_OUTER_BOUND ( 'NONE', #1708, .T. ) ;
#1070 = VECTOR ( 'NONE', #2068, 1000.000000000000000 ) ;
#1071 = CARTESIAN_POINT ( 'NONE',  ( -255.0873318177361284, 1433.079999999999927, 7.269166099123650859 ) ) ;
#1072 = CARTESIAN_POINT ( 'NONE',  ( -260.7043874911533976, 1520.960000000000036, 6.146900934099051916 ) ) ;
#1073 = ORIENTED_EDGE ( 'NONE', *, *, #1343, .T. ) ;
#1074 = EDGE_CURVE ( 'NONE', #1598, #3843, #2021, .T. ) ;
#1075 = LINE ( 'NONE', #2303, #744 ) ;
#1076 = CARTESIAN_POINT ( 'NONE',  ( -149.8118213194345003, 1433.079999999999927, 25.94868207460713805 ) ) ;
#1077 = ORIENTED_EDGE ( 'NONE', *, *, #1079, .T. ) ;
#1078 = ORIENTED_EDGE ( 'NONE', *, *, #694, .T. ) ;
#1079 = EDGE_CURVE ( 'NONE', #1114, #2699, #3290, .T. ) ;
#1080 = DIRECTION ( 'NONE',  ( -0.7248872777926389510, 0.000000000000000000, 0.6888675014067492386 ) ) ;
#1081 = ORIENTED_EDGE ( 'NONE', *, *, #3420, .F. ) ;
#1082 = VERTEX_POINT ( 'NONE', #357 ) ;
#1083 = DIRECTION ( 'NONE',  ( 0.9996385584632172527, 0.000000000000000000, -0.02688405537825352271 ) ) ;
#1084 = ADVANCED_FACE ( 'NONE', ( #1339 ), #1672, .T. ) ;
#1085 = ORIENTED_EDGE ( 'NONE', *, *, #1128, .T. ) ;
#1086 = LINE ( 'NONE', #752, #299 ) ;
#1087 = EDGE_CURVE ( 'NONE', #52, #761, #3218, .T. ) ;
#1088 = DIRECTION ( 'NONE',  ( 0.000000000000000000, 0.000000000000000000, -1.000000000000000000 ) ) ;
#1089 = FACE_OUTER_BOUND ( 'NONE', #2647, .T. ) ;
#1090 = CARTESIAN_POINT ( 'NONE',  ( -268.4179018073645011, 1520.960000000000036, 2.647210225952845608 ) ) ;
#1091 = DIRECTION ( 'NONE',  ( 0.000000000000000000, -1.000000000000000000, 0.000000000000000000 ) ) ;
#1092 = DIRECTION ( 'NONE',  ( 0.000000000000000000, -1.000000000000000000, 0.000000000000000000 ) ) ;
#1093 = FACE_OUTER_BOUND ( 'NONE', #1765, .T. ) ;
#1094 = CARTESIAN_POINT ( 'NONE',  ( -228.6383456797400697, 1433.079999999999927, 8.415405281992565989 ) ) ;
#1095 = ORIENTED_EDGE ( 'NONE', *, *, #620, .T. ) ;
#1096 = ORIENTED_EDGE ( 'NONE', *, *, #3702, .T. ) ;
#1097 = VECTOR ( 'NONE', #4057, 1000.000000000000114 ) ;
#1098 = EDGE_CURVE ( 'NONE', #937, #1082, #2336, .T. ) ;
#1099 = DIRECTION ( 'NONE',  ( 0.000000000000000000, -1.000000000000000000, 0.000000000000000000 ) ) ;
#1100 = ORIENTED_EDGE ( 'NONE', *, *, #3029, .T. ) ;
#1101 = CARTESIAN_POINT ( 'NONE',  ( -177.8347060259989121, 1433.079999999999927, 9.552397567821030222 ) ) ;
#1102 = APPLICATION_PROTOCOL_DEFINITION ( 'draft international standard', 'automotive_design', 1998, #637 ) ;
#1103 = CARTESIAN_POINT ( 'NONE',  ( -260.7875091720508181, 1437.079999999999927, 7.103832978771801976 ) ) ;
#1104 = CARTESIAN_POINT ( 'NONE',  ( -221.7787467680724660, 1433.079999999999927, 15.64372520361560781 ) ) ;
#1105 = CARTESIAN_POINT ( 'NONE',  ( -257.5087377909017050, 1432.079999999999927, 7.897858416091774636 ) ) ;
#1106 = LINE ( 'NONE', #1149, #2593 ) ;
#1107 = CARTESIAN_POINT ( 'NONE',  ( -257.8976825154148855, 1432.079999999999927, 7.804466760825801153 ) ) ;
#1108 = LINE ( 'NONE', #2999, #3553 ) ;
#1109 = ADVANCED_FACE ( 'NONE', ( #2268 ), #2577, .F. ) ;
#1110 = CARTESIAN_POINT ( 'NONE',  ( -187.8555102931843237, 1433.079999999999927, 17.45826335425561382 ) ) ;
#1111 = DIRECTION ( 'NONE',  ( -0.9996385584632013765, 0.000000000000000000, 0.02688405537884543811 ) ) ;
#1112 = DIRECTION ( 'NONE',  ( 0.6888675014067514590, 0.000000000000000000, 0.7248872777926367306 ) ) ;
#1113 = VECTOR ( 'NONE', #1798, 1000.000000000000000 ) ;
#1114 = VERTEX_POINT ( 'NONE', #156 ) ;
#1115 = ORIENTED_EDGE ( 'NONE', *, *, #3089, .F. ) ;
#1116 = DIRECTION ( 'NONE',  ( 0.000000000000000000, -1.000000000000000000, 0.000000000000000000 ) ) ;
#1117 = ADVANCED_FACE ( 'NONE', ( #1462 ), #3328, .T. ) ;
#1118 = ORIENTED_EDGE ( 'NONE', *, *, #266, .T. ) ;
#1119 = LINE ( 'NONE', #3654, #2402 ) ;
#1120 = CARTESIAN_POINT ( 'NONE',  ( -116.5000488705958901, 1432.079999999999927, 110.7111409426734099 ) ) ;
#1121 = VECTOR ( 'NONE', #2939, 1000.000000000000000 ) ;
#1122 = ORIENTED_EDGE ( 'NONE', *, *, #1162, .F. ) ;
#1123 = CARTESIAN_POINT ( 'NONE',  ( -113.5068429449947445, 1433.079999999999927, 9.335759885577626704 ) ) ;
#1124 = EDGE_CURVE ( 'NONE', #3648, #1416, #3999, .T. ) ;
#1125 = CARTESIAN_POINT ( 'NONE',  ( -206.1976110987570223, 1432.079999999999927, 18.51843315398726020 ) ) ;
#1126 = CARTESIAN_POINT ( 'NONE',  ( -179.3923076441957392, 1432.079999999999927, 22.66755377934829951 ) ) ;
#1127 = LINE ( 'NONE', #1424, #234 ) ;
#1128 = EDGE_CURVE ( 'NONE', #4002, #2072, #484, .T. ) ;
#1129 = CARTESIAN_POINT ( 'NONE',  ( -293.2676002059569100, 1432.079999999999927, 1.330312713633649668 ) ) ;
#1130 = DIRECTION ( 'NONE',  ( 0.01060253998775674729, 0.000000000000000000, -0.9999437914932057803 ) ) ;
#1131 = VECTOR ( 'NONE', #987, 1000.000000000000000 ) ;
#1132 = DIRECTION ( 'NONE',  ( -0.1609050596807223288, 0.000000000000000000, 0.9869698889880801351 ) ) ;
#1133 = CARTESIAN_POINT ( 'NONE',  ( -192.5000000004401102, 1437.079999999999927, 19.27593237100209933 ) ) ;
#1134 = EDGE_CURVE ( 'NONE', #4100, #2322, #1253, .T. ) ;
#1135 = ORIENTED_EDGE ( 'NONE', *, *, #2580, .F. ) ;
#1136 = ORIENTED_EDGE ( 'NONE', *, *, #1623, .F. ) ;
#1137 = AXIS2_PLACEMENT_3D ( 'NONE', #2786, #915, #280 ) ;
#1138 = DIRECTION ( 'NONE',  ( 0.000000000000000000, -1.000000000000000000, 0.000000000000000000 ) ) ;
#1139 = VECTOR ( 'NONE', #1051, 1000.000000000000000 ) ;
#1140 = AXIS2_PLACEMENT_3D ( 'NONE', #3625, #1739, #3874 ) ;
#1141 = ORIENTED_EDGE ( 'NONE', *, *, #99, .F. ) ;
#1142 = CARTESIAN_POINT ( 'NONE',  ( -203.8710170635361578, 1433.079999999999927, 18.91889305117460651 ) ) ;
#1143 = VECTOR ( 'NONE', #3674, 1000.000000000000000 ) ;
#1144 = B_SPLINE_CURVE_WITH_KNOTS ( 'NONE', 3,
 ( #2453, #2839, #276, #2142, #9 ),
 .UNSPECIFIED., .F., .F.,
 ( 4, 1, 4 ),
 ( 0.9058420653951422263, 0.9081862576974637502, 0.9132561285132084761 ),
 .UNSPECIFIED. ) ;
#1145 = ORIENTED_EDGE ( 'NONE', *, *, #1806, .F. ) ;
#1146 = CARTESIAN_POINT ( 'NONE',  ( -114.4828442445582510, 1432.079999999999927, 27.32352736051254283 ) ) ;
#1147 = CARTESIAN_POINT ( 'NONE',  ( -160.2332887747898837, 1432.079999999999927, 9.638339581770710041 ) ) ;
#1148 = EDGE_CURVE ( 'NONE', #998, #3090, #3034, .T. ) ;
#1149 = CARTESIAN_POINT ( 'NONE',  ( -87.84855366176002178, 1432.079999999999927, -92.44201358294745319 ) ) ;
#1150 = CARTESIAN_POINT ( 'NONE',  ( -233.9222184832874234, 1433.079999999999927, 13.19005079517899048 ) ) ;
#1151 = AXIS2_PLACEMENT_3D ( 'NONE', #3407, #3736, #2492 ) ;
#1152 = LINE ( 'NONE', #2961, #2511 ) ;
#1153 = LINE ( 'NONE', #1110, #3116 ) ;
#1154 = CARTESIAN_POINT ( 'NONE',  ( -192.5000000004401102, 1437.079999999999927, 15.15093237100210288 ) ) ;
#1155 = DIRECTION ( 'NONE',  ( -0.6896405168819210729, 0.000000000000000000, 0.7241518884010706980 ) ) ;
#1156 = ORIENTED_EDGE ( 'NONE', *, *, #3341, .F. ) ;
#1157 = VERTEX_POINT ( 'NONE', #2389 ) ;
#1158 = LINE ( 'NONE', #788, #2040 ) ;
#1159 = EDGE_LOOP ( 'NONE', ( #1779, #3745, #2794, #823, #439, #3042 ) ) ;
#1160 = VECTOR ( 'NONE', #2335, 1000.000000000000000 ) ;
#1161 = VERTEX_POINT ( 'NONE', #1787 ) ;
#1162 = EDGE_CURVE ( 'NONE', #1313, #3473, #1484, .T. ) ;
#1163 = AXIS2_PLACEMENT_3D ( 'NONE', #1784, #2430, #1730 ) ;
#1164 = DIRECTION ( 'NONE',  ( 0.000000000000000000, -1.000000000000000000, 0.000000000000000000 ) ) ;
#1165 = DIRECTION ( 'NONE',  ( 0.000000000000000000, -1.000000000000000000, 0.000000000000000000 ) ) ;
#1166 = CARTESIAN_POINT ( 'NONE',  ( -148.6143614906584389, 1432.079999999999927, 25.96668747503433750 ) ) ;
#1167 = LINE ( 'NONE', #3696, #1495 ) ;
#1168 = CARTESIAN_POINT ( 'NONE',  ( -194.3434337935483995, 1437.079999999999927, 9.312927148811843026 ) ) ;
#1169 = CARTESIAN_POINT ( 'NONE',  ( -89.62753892102892905, 1433.079999999999927, 125.4662875543850191 ) ) ;
#1170 =( BOUNDED_CURVE ( )  B_SPLINE_CURVE ( 3, ( #2603, #1628, #3217, #2823 ),
 .UNSPECIFIED., .F., .F. ) 
 B_SPLINE_CURVE_WITH_KNOTS ( ( 4, 4 ),
 ( 5.105781174585922066, 5.811030525341575270 ),
 .UNSPECIFIED. ) 
 CURVE ( )  GEOMETRIC_REPRESENTATION_ITEM ( )  RATIONAL_B_SPLINE_CURVE ( ( 1.000000000000000000, 0.9589796552120676276, 0.9589796552120676276, 1.000000000000000000 ) ) 
 REPRESENTATION_ITEM ( '' )  );
#1171 = LINE ( 'NONE', #1423, #1859 ) ;
#1172 = CARTESIAN_POINT ( 'NONE',  ( -97.31973502765107753, 1432.079999999999927, -102.4084278262971566 ) ) ;
#1173 = VERTEX_POINT ( 'NONE', #4033 ) ;
#1174 = LINE ( 'NONE', #2727, #1271 ) ;
#1175 = CARTESIAN_POINT ( 'NONE',  ( -194.3434337935483995, 1437.079999999999927, 9.312927148811843026 ) ) ;
#1176 = PLANE ( 'NONE',  #734 ) ;
#1177 = VERTEX_POINT ( 'NONE', #2995 ) ;
#1178 = VERTEX_POINT ( 'NONE', #2742 ) ;
#1179 = CARTESIAN_POINT ( 'NONE',  ( -79.60021247432545977, 1433.079999999999927, -83.76237986898324550 ) ) ;
#1180 = LINE ( 'NONE', #612, #2105 ) ;
#1181 = ORIENTED_EDGE ( 'NONE', *, *, #523, .T. ) ;
#1182 = VECTOR ( 'NONE', #903, 1000.000000000000114 ) ;
#1183 = EDGE_CURVE ( 'NONE', #3416, #2880, #501, .T. ) ;
#1184 = ORIENTED_EDGE ( 'NONE', *, *, #951, .F. ) ;
#1185 = EDGE_CURVE ( 'NONE', #3337, #907, #2701, .T. ) ;
#1186 = DIRECTION ( 'NONE',  ( 0.000000000000000000, 0.000000000000000000, -1.000000000000000000 ) ) ;
#1187 = DIRECTION ( 'NONE',  ( -0.7248872777926386179, 0.000000000000000000, 0.6888675014067495717 ) ) ;
#1188 = EDGE_CURVE ( 'NONE', #702, #1420, #805, .T. ) ;
#1189 = ADVANCED_FACE ( 'NONE', ( #213 ), #2353, .T. ) ;
#1190 = CARTESIAN_POINT ( 'NONE',  ( -101.2206899534065485, 1433.079999999999927, 21.21819287104279894 ) ) ;
#1191 = DIRECTION ( 'NONE',  ( 0.000000000000000000, -1.000000000000000000, 0.000000000000000000 ) ) ;
#1192 = CARTESIAN_POINT ( 'NONE',  ( -148.5690912469584077, 1433.079999999999927, 9.556892805854815265 ) ) ;
#1193 = CARTESIAN_POINT ( 'NONE',  ( -244.8321065422305196, 1432.079999999999927, 7.777216704173523176 ) ) ;
#1194 = ORIENTED_EDGE ( 'NONE', *, *, #2233, .T. ) ;
#1195 = CARTESIAN_POINT ( 'NONE',  ( -175.6433355960380993, 1432.079999999999927, 9.574595747435139970 ) ) ;
#1196 = DIRECTION ( 'NONE',  ( -0.01060253998775674729, 0.000000000000000000, 0.9999437914932057803 ) ) ;
#1197 = CARTESIAN_POINT ( 'NONE',  ( -195.6463559078458445, 1432.079999999999927, 20.27733546108195739 ) ) ;
#1198 = ORIENTED_EDGE ( 'NONE', *, *, #1381, .T. ) ;
#1199 = ORIENTED_EDGE ( 'NONE', *, *, #2610, .T. ) ;
#1200 = CARTESIAN_POINT ( 'NONE',  ( -269.9384435895143497, 1432.079999999999927, 3.340010526439208149 ) ) ;
#1201 = CARTESIAN_POINT ( 'NONE',  ( -260.9867192135902769, 1437.080000000000155, 7.878685561044790120 ) ) ;
#1202 = EDGE_CURVE ( 'NONE', #3411, #3559, #1422, .T. ) ;
#1203 = EDGE_LOOP ( 'NONE', ( #3544, #918, #1281 ) ) ;
#1204 = ORIENTED_EDGE ( 'NONE', *, *, #458, .T. ) ;
#1205 = CARTESIAN_POINT ( 'NONE',  ( -231.7250680948778836, 1432.079999999999927, 8.309185957970228742 ) ) ;
#1206 = CARTESIAN_POINT ( 'NONE',  ( -195.6463559078458445, 1437.079999999999927, 20.27733546108195739 ) ) ;
#1207 = CARTESIAN_POINT ( 'NONE',  ( -178.7962997729573260, 1433.079999999999927, 22.74732555274113821 ) ) ;
#1208 = DIRECTION ( 'NONE',  ( -0.000000000000000000, -1.000000000000000000, -0.000000000000000000 ) ) ;
#1209 = CARTESIAN_POINT ( 'NONE',  ( -173.4395179607336104, 1520.960000000000036, 8.866531246998681226 ) ) ;
#1210 = LINE ( 'NONE', #3410, #2487 ) ;
#1211 = ORIENTED_EDGE ( 'NONE', *, *, #1671, .T. ) ;
#1212 = EDGE_CURVE ( 'NONE', #2880, #2090, #2686, .T. ) ;
#1213 = CARTESIAN_POINT ( 'NONE',  ( -190.7528261741830136, 1437.079999999999927, 21.03932599842006823 ) ) ;
#1214 = LINE ( 'NONE', #3514, #2551 ) ;
#1215 = ORIENTED_EDGE ( 'NONE', *, *, #1565, .T. ) ;
#1216 = ORIENTED_EDGE ( 'NONE', *, *, #925, .F. ) ;
#1217 = CARTESIAN_POINT ( 'NONE',  ( -133.3568342694792932, 1433.079999999999927, 9.271286723260869778 ) ) ;
#1218 = DIRECTION ( 'NONE',  ( -0.000000000000000000, -1.000000000000000000, -0.000000000000000000 ) ) ;
#1219 = LINE ( 'NONE', #2809, #601 ) ;
#1220 = ORIENTED_EDGE ( 'NONE', *, *, #392, .T. ) ;
#1221 = B_SPLINE_CURVE_WITH_KNOTS ( 'NONE', 3,
 ( #3391, #4035, #3663, #1193 ),
 .UNSPECIFIED., .F., .F.,
 ( 4, 4 ),
 ( 0.8943606213776803537, 0.9038476758283529033 ),
 .UNSPECIFIED. ) ;
#1222 = ORIENTED_EDGE ( 'NONE', *, *, #2476, .T. ) ;
#1223 = VECTOR ( 'NONE', #3044, 1000.000000000000114 ) ;
#1224 = CARTESIAN_POINT ( 'NONE',  ( -190.1890343106762202, 1432.079999999999927, 9.385866078298587212 ) ) ;
#1225 = CARTESIAN_POINT ( 'NONE',  ( -90.09255957804985826, 1433.079999999999927, 126.1172528288393693 ) ) ;
#1226 = VECTOR ( 'NONE', #2600, 1000.000000000000114 ) ;
#1227 = CARTESIAN_POINT ( 'NONE',  ( -133.9566291355089902, 1433.079999999999927, 9.286974893465032466 ) ) ;
#1228 = CARTESIAN_POINT ( 'NONE',  ( -164.3938166502456681, 1432.079999999999927, 9.632323722520098386 ) ) ;
#1229 = CARTESIAN_POINT ( 'NONE',  ( -116.5000488705958901, 1433.079999999999927, 110.7111409426734099 ) ) ;
#1230 = ORIENTED_EDGE ( 'NONE', *, *, #1505, .T. ) ;
#1231 = CIRCLE ( 'NONE', #3357, 0.6007478931679237633 ) ;
#1232 = LINE ( 'NONE', #1590, #274 ) ;
#1233 = CARTESIAN_POINT ( 'NONE',  ( -300.0000000000000000, 1432.079999999999927, -0.1621621621621254228 ) ) ;
#1234 = EDGE_CURVE ( 'NONE', #3962, #2513, #794, .T. ) ;
#1235 = ORIENTED_EDGE ( 'NONE', *, *, #1124, .F. ) ;
#1236 = ORIENTED_EDGE ( 'NONE', *, *, #925, .T. ) ;
#1237 = FACE_OUTER_BOUND ( 'NONE', #134, .T. ) ;
#1238 = CARTESIAN_POINT ( 'NONE',  ( -87.29745966063431695, 1433.079999999999927, -91.86210376071331041 ) ) ;
#1239 = CARTESIAN_POINT ( 'NONE',  ( -150.8221721565745383, 1432.079999999999927, 8.847120223398674099 ) ) ;
#1240 = ORIENTED_EDGE ( 'NONE', *, *, #2354, .F. ) ;
#1241 = ORIENTED_EDGE ( 'NONE', *, *, #1251, .F. ) ;
#1243 = EDGE_CURVE ( 'NONE', #3251, #2330, #836, .T. ) ;
#1242 = CARTESIAN_POINT ( 'NONE',  ( -252.0785529140159724, 1433.079999999999927, 7.428040944472593665 ) ) ;
#1244 = CARTESIAN_POINT ( 'NONE',  ( -190.1890343106762202, 1437.079999999999927, 9.385866078298587212 ) ) ;
#1245 = CARTESIAN_POINT ( 'NONE',  ( -164.2408507514658993, 1433.079999999999927, 24.50836570409287773 ) ) ;
#1246 = B_SPLINE_CURVE_WITH_KNOTS ( 'NONE', 3,
 ( #972, #924, #3345, #1242 ),
 .UNSPECIFIED., .F., .F.,
 ( 4, 4 ),
 ( 0.9132561285132086981, 0.9153643480786192166 ),
 .UNSPECIFIED. ) ;
#1247 = CARTESIAN_POINT ( 'NONE',  ( -150.8221721565745383, 1437.079999999999927, 8.847120223398674099 ) ) ;
#1248 = CARTESIAN_POINT ( 'NONE',  ( -179.5174658418248157, 1433.079999999999927, 9.534537799042796635 ) ) ;
#1249 = CARTESIAN_POINT ( 'NONE',  ( -119.0667696627180590, 1437.079999999999927, 28.12804715761673435 ) ) ;
#1250 = ORIENTED_EDGE ( 'NONE', *, *, #2675, .T. ) ;
#1251 = EDGE_CURVE ( 'NONE', #2848, #2513, #3698, .T. ) ;
#1252 = FACE_BOUND ( 'NONE', #1042, .T. ) ;
#1253 = B_SPLINE_CURVE_WITH_KNOTS ( 'NONE', 3,
 ( #2411, #522, #2077, #1147, #3347 ),
 .UNSPECIFIED., .F., .F.,
 ( 4, 1, 4 ),
 ( 0.7587236421685330523, 0.7612274788411783621, 0.7801898760548088285 ),
 .UNSPECIFIED. ) ;
#1254 = DIRECTION ( 'NONE',  ( 0.000000000000000000, -1.000000000000000000, 0.000000000000000000 ) ) ;
#1255 = EDGE_CURVE ( 'NONE', #4080, #742, #552, .T. ) ;
#1256 = DIRECTION ( 'NONE',  ( 0.000000000000000000, 1.000000000000000000, 0.000000000000000000 ) ) ;
#1257 = ORIENTED_EDGE ( 'NONE', *, *, #2601, .F. ) ;
#1258 = EDGE_LOOP ( 'NONE', ( #2309, #1377, #3358, #2169 ) ) ;
#1259 = CARTESIAN_POINT ( 'NONE',  ( -189.4337462957782350, 1433.079999999999700, 20.36807104123557011 ) ) ;
#1260 = AXIS2_PLACEMENT_3D ( 'NONE', #1179, #611, #864 ) ;
#1261 = EDGE_CURVE ( 'NONE', #110, #491, #1542, .T. ) ;
#1262 = LINE ( 'NONE', #1518, #3899 ) ;
#1263 = CARTESIAN_POINT ( 'NONE',  ( -266.3727187654356499, 1520.960000000000036, 3.583167371676566404 ) ) ;
#1264 = EDGE_CURVE ( 'NONE', #2623, #2208, #2290, .T. ) ;
#1265 = ORIENTED_EDGE ( 'NONE', *, *, #1700, .T. ) ;
#1266 = DIRECTION ( 'NONE',  ( -0.000000000000000000, -1.000000000000000000, -0.000000000000000000 ) ) ;
#1267 = B_SPLINE_CURVE_WITH_KNOTS ( 'NONE', 3,
 ( #2063, #189, #603, #643, #2226, #3154, #3491, #28, #3720, #1909, #1249, #3172, #3428, #1603 ),
 .UNSPECIFIED., .F., .F.,
 ( 4, 1, 1, 1, 1, 1, 1, 1, 1, 1, 1, 4 ),
 ( 0.04416555291674011119, 0.05452787951388714249, 0.06815984939235858464, 0.08179181927083004067, 0.1090557590277729250, 0.1363196987847158093, 0.1499516686631872653, 0.1635836385416586936, 0.1772156084201301773, 0.1908475782986016056, 0.1928611597997472726, 0.1945651560345575404 ),
 .UNSPECIFIED. ) ;
#1268 = CARTESIAN_POINT ( 'NONE',  ( -238.8043900246975682, 1432.079999999999927, 8.035481054986140848 ) ) ;
#1269 = AXIS2_PLACEMENT_3D ( 'NONE', #1431, #2693, #1112 ) ;
#1270 = DIRECTION ( 'NONE',  ( -0.000000000000000000, -1.000000000000000000, -0.000000000000000000 ) ) ;
#1271 = VECTOR ( 'NONE', #528, 1000.000000000000000 ) ;
#1272 = CARTESIAN_POINT ( 'NONE',  ( -112.6261548481651431, 1433.079999999999927, 12.32525601775577151 ) ) ;
#1273 = CARTESIAN_POINT ( 'NONE',  ( -165.9276959324085965, 1433.079999999999927, 24.32335976583580717 ) ) ;
#1274 = AXIS2_PLACEMENT_3D ( 'NONE', #718, #1010, #1681 ) ;
#1275 = ORIENTED_EDGE ( 'NONE', *, *, #830, .F. ) ;
#1276 = FACE_BOUND ( 'NONE', #1372, .T. ) ;
#1277 = ADVANCED_FACE ( 'NONE', ( #618 ), #3093, .F. ) ;
#1278 = CARTESIAN_POINT ( 'NONE',  ( -185.9315778033651725, 1437.079999999999927, 18.58588332090531381 ) ) ;
#1279 = CARTESIAN_POINT ( 'NONE',  ( -112.6701787603263796, 1432.079999999999927, 10.68830060044215280 ) ) ;
#1280 = ORIENTED_EDGE ( 'NONE', *, *, #3824, .F. ) ;
#1281 = ORIENTED_EDGE ( 'NONE', *, *, #3150, .T. ) ;
#1282 = DIRECTION ( 'NONE',  ( -0.9996385584632172527, 0.000000000000000000, 0.02688405537825354352 ) ) ;
#1283 = FACE_OUTER_BOUND ( 'NONE', #2305, .T. ) ;
#1284 = DIRECTION ( 'NONE',  ( 0.7248872777926391731, 0.000000000000000000, -0.6888675014067489055 ) ) ;
#1285 = CARTESIAN_POINT ( 'NONE',  ( -123.0258495498965630, 1432.079999999999927, 8.956862106542892832 ) ) ;
#1286 = ORIENTED_EDGE ( 'NONE', *, *, #3695, .T. ) ;
#1287 = CARTESIAN_POINT ( 'NONE',  ( -195.6463559078458445, 1432.079999999999927, 20.27733546108196805 ) ) ;
#1288 = CIRCLE ( 'NONE', #1459, 0.5999999999999946487 ) ;
#1289 = DIRECTION ( 'NONE',  ( -0.000000000000000000, -1.000000000000000000, -0.000000000000000000 ) ) ;
#1290 = CARTESIAN_POINT ( 'NONE',  ( -192.5000000004401102, 1432.079999999999927, 15.15093237100210288 ) ) ;
#1291 = LINE ( 'NONE', #376, #441 ) ;
#1292 = AXIS2_PLACEMENT_3D ( 'NONE', #1531, #1915, #338 ) ;
#1293 = EDGE_LOOP ( 'NONE', ( #1728, #2943, #2050, #1230 ) ) ;
#1294 = CARTESIAN_POINT ( 'NONE',  ( -292.7816016975322100, 1432.079999999999927, 2.342604849896636310 ) ) ;
#1295 = DIRECTION ( 'NONE',  ( 0.000000000000000000, -1.000000000000000000, 0.000000000000000000 ) ) ;
#1296 = CARTESIAN_POINT ( 'NONE',  ( -192.5000000004401102, 1437.079999999999927, 11.02593237100210644 ) ) ;
#1297 = ORIENTED_EDGE ( 'NONE', *, *, #1148, .F. ) ;
#1298 = ORIENTED_EDGE ( 'NONE', *, *, #3945, .T. ) ;
#1299 = FACE_OUTER_BOUND ( 'NONE', #1307, .T. ) ;
#1300 = CARTESIAN_POINT ( 'NONE',  ( -112.7120578011266474, 1432.079999999999927, 28.11340712249482721 ) ) ;
#1301 = DIRECTION ( 'NONE',  ( -0.000000000000000000, -1.000000000000000000, -0.000000000000000000 ) ) ;
#1302 = LINE ( 'NONE', #2894, #1131 ) ;
#1303 = EDGE_LOOP ( 'NONE', ( #2329, #2259, #1331, #1145 ) ) ;
#1304 = FACE_OUTER_BOUND ( 'NONE', #3003, .T. ) ;
#1305 = EDGE_CURVE ( 'NONE', #843, #3196, #2181, .T. ) ;
#1306 = B_SPLINE_CURVE_WITH_KNOTS ( 'NONE', 3,
 ( #3415, #568, #2744, #1788, #2078 ),
 .UNSPECIFIED., .F., .F.,
 ( 4, 1, 4 ),
 ( 0.9229142185286508537, 0.9291378280682562885, 0.9294838303704970883 ),
 .UNSPECIFIED. ) ;
#1307 = EDGE_LOOP ( 'NONE', ( #2788, #1557, #1342, #2441 ) ) ;
#1308 = ORIENTED_EDGE ( 'NONE', *, *, #3571, .F. ) ;
#1309 = CARTESIAN_POINT ( 'NONE',  ( -264.6795704296176268, 1520.960000000000036, 5.899739385248923718 ) ) ;
#1310 = VECTOR ( 'NONE', #1050, 1000.000000000000000 ) ;
#1311 = EDGE_CURVE ( 'NONE', #3618, #2909, #2819, .T. ) ;
#1312 = CARTESIAN_POINT ( 'NONE',  ( -267.1688184859921762, 1520.960000000000036, 8.607714735570468179 ) ) ;
#1313 = VERTEX_POINT ( 'NONE', #2452 ) ;
#1314 = CARTESIAN_POINT ( 'NONE',  ( 0.000000000000000000, 1432.079999999999927, 0.000000000000000000 ) ) ;
#1315 = CARTESIAN_POINT ( 'NONE',  ( -282.6978133708466316, 1520.960000000000036, 5.318962716709642713 ) ) ;
#1316 = CARTESIAN_POINT ( 'NONE',  ( -264.2871590457025377, 1432.079999999999927, 7.064132261341821817 ) ) ;
#1317 = ORIENTED_EDGE ( 'NONE', *, *, #1623, .T. ) ;
#1318 = EDGE_CURVE ( 'NONE', #2812, #2849, #1548, .T. ) ;
#1319 = VERTEX_POINT ( 'NONE', #2203 ) ;
#1320 = CARTESIAN_POINT ( 'NONE',  ( -57.13222982526929172, 1433.079999999999927, 61.90651317224560302 ) ) ;
#1321 = B_SPLINE_SURFACE_WITH_KNOTS ( 'NONE', 3, 1, ( 
 ( #1485, #1719 ),
 ( #3680, #2434 ),
 ( #2412, #3055 ),
 ( #174, #468 ),
 ( #3348, #485 ),
 ( #157, #503 ),
 ( #756, #1445 ),
 ( #2981, #1772 ),
 ( #188, #2996 ),
 ( #1463, #2720 ),
 ( #837, #2101 ) ),
 .UNSPECIFIED., .F., .F., .F.,
 ( 4, 1, 1, 1, 1, 1, 1, 1, 4 ),
 ( 2, 2 ),
 ( 0.1142625518259317435, 0.1162843833321218490, 0.1356275895091633710, 0.1549707956862048930, 0.1646423987747256401, 0.1743140018632464150, 0.1839856049517671899, 0.1888214064960275773, 0.1936572080402879370 ),
 ( 0.000000000000000000, 1.000000000000000000 ),
 .UNSPECIFIED. ) ;
#1322 = CARTESIAN_POINT ( 'NONE',  ( -280.0929048604700142, 1520.959999999999809, 6.043931826251222716 ) ) ;
#1323 = CARTESIAN_POINT ( 'NONE',  ( -259.3915731961860160, 1437.079999999999700, 7.445118414148291563 ) ) ;
#1324 = CARTESIAN_POINT ( 'NONE',  ( -242.5546761553364092, 1433.079999999999927, 11.33505664491636189 ) ) ;
#1325 = ORIENTED_EDGE ( 'NONE', *, *, #3769, .F. ) ;
#1326 = EDGE_LOOP ( 'NONE', ( #3462, #3319, #3981 ) ) ;
#1327 = ORIENTED_EDGE ( 'NONE', *, *, #2408, .F. ) ;
#1328 = DIRECTION ( 'NONE',  ( 0.000000000000000000, 0.000000000000000000, -1.000000000000000000 ) ) ;
#1329 = EDGE_CURVE ( 'NONE', #3422, #278, #1526, .T. ) ;
#1330 = ORIENTED_EDGE ( 'NONE', *, *, #1392, .F. ) ;
#1331 = ORIENTED_EDGE ( 'NONE', *, *, #3280, .F. ) ;
#1332 = VECTOR ( 'NONE', #881, 1000.000000000000000 ) ;
#1333 = CARTESIAN_POINT ( 'NONE',  ( -117.0799586928293792, 1433.079999999999927, 111.2622349437988589 ) ) ;
#1334 = LINE ( 'NONE', #1692, #2357 ) ;
#1335 = VECTOR ( 'NONE', #1896, 999.9999999999998863 ) ;
#1336 = VERTEX_POINT ( 'NONE', #330 ) ;
#1337 = CARTESIAN_POINT ( 'NONE',  ( -287.8070055318488016, 1432.079999999999927, 3.847726477039149717 ) ) ;
#1338 = VECTOR ( 'NONE', #1130, 1000.000000000000114 ) ;
#1339 = FACE_OUTER_BOUND ( 'NONE', #534, .T. ) ;
#1340 = CARTESIAN_POINT ( 'NONE',  ( -112.7120578240560604, 1437.079999999999927, 28.11340712263209340 ) ) ;
#1341 = CIRCLE ( 'NONE', #1675, 0.6007478931679237633 ) ;
#1342 = ORIENTED_EDGE ( 'NONE', *, *, #2906, .F. ) ;
#1343 = EDGE_CURVE ( 'NONE', #3543, #2189, #3802, .T. ) ;
#1344 = EDGE_LOOP ( 'NONE', ( #3203, #3563, #75, #68 ) ) ;
#1345 = FACE_OUTER_BOUND ( 'NONE', #421, .T. ) ;
#1346 = PLANE ( 'NONE',  #3761 ) ;
#1347 = CARTESIAN_POINT ( 'NONE',  ( -178.7962997729573260, 1432.079999999999927, 22.74732555274113821 ) ) ;
#1348 = VECTOR ( 'NONE', #3214, 1000.000000000000114 ) ;
#1349 = CARTESIAN_POINT ( 'NONE',  ( -149.2125205955655929, 1432.079999999999927, 25.91972275192642883 ) ) ;
#1350 = CARTESIAN_POINT ( 'NONE',  ( -285.8727052897787075, 1432.079999999999927, 2.045397586167052584 ) ) ;
#1351 = ORIENTED_EDGE ( 'NONE', *, *, #2294, .F. ) ;
#1352 = ORIENTED_EDGE ( 'NONE', *, *, #2723, .F. ) ;
#1353 = CARTESIAN_POINT ( 'NONE',  ( -292.8379051518247138, 1432.079999999999700, 0.5759372686756060178 ) ) ;
#1354 = VECTOR ( 'NONE', #1771, 1000.000000000000000 ) ;
#1355 = VERTEX_POINT ( 'NONE', #2837 ) ;
#1356 = ORIENTED_EDGE ( 'NONE', *, *, #3087, .T. ) ;
#1357 = CARTESIAN_POINT ( 'NONE',  ( -238.8043900228236964, 1433.079999999999927, 8.035481055062303923 ) ) ;
#1358 = CARTESIAN_POINT ( 'NONE',  ( -65.70031221889387041, 1432.079999999999927, -69.13567613107584009 ) ) ;
#1359 = EDGE_LOOP ( 'NONE', ( #3340, #2443, #3380, #4015 ) ) ;
#1360 = DIRECTION ( 'NONE',  ( -0.02688405537842415011, 0.000000000000000000, -0.9996385584632127008 ) ) ;
#1361 = CARTESIAN_POINT ( 'NONE',  ( -245.6731028708971962, 1433.079999999999927, 7.739038463957885305 ) ) ;
#1362 = VECTOR ( 'NONE', #2700, 999.9999999999998863 ) ;
#1363 = CARTESIAN_POINT ( 'NONE',  ( -196.2236163048101787, 1432.079999999999927, 21.18604354544763169 ) ) ;
#1364 = CARTESIAN_POINT ( 'NONE',  ( -238.2426487862577460, 1433.079999999999927, 8.058241179778804053 ) ) ;
#1365 = AXIS2_PLACEMENT_3D ( 'NONE', #4019, #1111, #3021 ) ;
#1366 = DIRECTION ( 'NONE',  ( 0.7248872777926389510, 0.000000000000000000, -0.6888675014067491276 ) ) ;
#1367 = FACE_OUTER_BOUND ( 'NONE', #1055, .T. ) ;
#1368 = ORIENTED_EDGE ( 'NONE', *, *, #118, .F. ) ;
#1369 = CARTESIAN_POINT ( 'NONE',  ( -248.6624568133019579, 1433.079999999999927, 9.966476534974981760 ) ) ;
#1370 = CARTESIAN_POINT ( 'NONE',  ( -211.0565265721793935, 1432.079999999999927, 8.962763485681316311 ) ) ;
#1371 = EDGE_CURVE ( 'NONE', #3211, #3281, #3770, .T. ) ;
#1372 = EDGE_LOOP ( 'NONE', ( #2499, #4087, #711, #3006 ) ) ;
#1373 = EDGE_LOOP ( 'NONE', ( #145, #2426, #3455, #390, #771, #398 ) ) ;
#1374 = CYLINDRICAL_SURFACE ( 'NONE', #3011, 0.6010667131491793658 ) ;
#1375 = EDGE_LOOP ( 'NONE', ( #34, #1352, #2636, #991, #4048 ) ) ;
#1376 = ADVANCED_FACE ( 'NONE', ( #931 ), #1566, .T. ) ;
#1377 = ORIENTED_EDGE ( 'NONE', *, *, #1014, .F. ) ;
#1378 = FACE_OUTER_BOUND ( 'NONE', #4, .T. ) ;
#1379 = CARTESIAN_POINT ( 'NONE',  ( -280.6338063822633444, 1520.960000000000036, 5.055185953166628998 ) ) ;
#1380 = PLANE ( 'NONE',  #3940 ) ;
#1381 = EDGE_CURVE ( 'NONE', #3028, #829, #3170, .T. ) ;
#1382 = CARTESIAN_POINT ( 'NONE',  ( -290.3110310811928798, 1520.960000000000036, 3.099905874843257969 ) ) ;
#1383 = VECTOR ( 'NONE', #4097, 1000.000000000000000 ) ;
#1384 = CARTESIAN_POINT ( 'NONE',  ( -219.6165091063904526, 1432.079999999999927, 16.96789906232488221 ) ) ;
#1385 = EDGE_CURVE ( 'NONE', #3096, #2849, #3718, .T. ) ;
#1386 = CARTESIAN_POINT ( 'NONE',  ( -148.5690912469584077, 1433.079999999999927, 9.556892805854815265 ) ) ;
#1387 = DIRECTION ( 'NONE',  ( -0.6888675014067484614, 0.000000000000000000, -0.7248872777926396171 ) ) ;
#1388 = CARTESIAN_POINT ( 'NONE',  ( -257.5087377909017050, 1433.079999999999927, 7.897858416091774636 ) ) ;
#1389 = ORIENTED_EDGE ( 'NONE', *, *, #2362, .T. ) ;
#1390 = LINE ( 'NONE', #739, #86 ) ;
#1391 = DIRECTION ( 'NONE',  ( -0.9999437914932061133, 0.000000000000000000, -0.01060253998774571271 ) ) ;
#1392 = EDGE_CURVE ( 'NONE', #1012, #3302, #2471, .T. ) ;
#1393 = ORIENTED_EDGE ( 'NONE', *, *, #3652, .F. ) ;
#1394 = ORIENTED_EDGE ( 'NONE', *, *, #1264, .T. ) ;
#1395 = CARTESIAN_POINT ( 'NONE',  ( -266.6398104252421604, 1520.960000000000036, 6.507882213807852700 ) ) ;
#1396 = B_SPLINE_CURVE_WITH_KNOTS ( 'NONE', 3,
 ( #1881, #919, #3143, #1856 ),
 .UNSPECIFIED., .F., .F.,
 ( 4, 4 ),
 ( 0.1142625518259317435, 0.1149940070021487487 ),
 .UNSPECIFIED. ) ;
#1397 = EDGE_CURVE ( 'NONE', #2812, #3283, #2554, .T. ) ;
#1398 = ORIENTED_EDGE ( 'NONE', *, *, #2354, .T. ) ;
#1399 = ORIENTED_EDGE ( 'NONE', *, *, #2049, .F. ) ;
#1400 = CARTESIAN_POINT ( 'NONE',  ( -199.5036048788796279, 1437.079999999999927, 9.217415272723718189 ) ) ;
#1401 = CARTESIAN_POINT ( 'NONE',  ( -254.9539109580283309, 1437.079999999999927, 8.516572991783290192 ) ) ;
#1402 = DIRECTION ( 'NONE',  ( 0.000000000000000000, 1.000000000000000000, -0.000000000000000000 ) ) ;
#1403 = FACE_OUTER_BOUND ( 'NONE', #1303, .T. ) ;
#1404 = DIRECTION ( 'NONE',  ( 0.000000000000000000, 0.000000000000000000, 1.000000000000000000 ) ) ;
#1405 = FACE_OUTER_BOUND ( 'NONE', #1359, .T. ) ;
#1406 = ADVANCED_FACE ( 'NONE', ( #2244 ), #3822, .F. ) ;
#1407 = AXIS2_PLACEMENT_3D ( 'NONE', #2758, #4029, #1186 ) ;
#1408 = CARTESIAN_POINT ( 'NONE',  ( -292.2377533026756282, 1520.960000000000036, 1.650914772663081065 ) ) ;
#1409 = EDGE_CURVE ( 'NONE', #3083, #1885, #2315, .T. ) ;
#1410 = CARTESIAN_POINT ( 'NONE',  ( -260.8576000477224284, 1437.079999999999927, 7.086686038297521861 ) ) ;
#1411 = CARTESIAN_POINT ( 'NONE',  ( -267.1688184859921762, 1432.079999999999927, 8.607714735570468179 ) ) ;
#1412 = CARTESIAN_POINT ( 'NONE',  ( -227.8847318322617070, 1433.079999999999927, 8.441184858986350292 ) ) ;
#1413 = ORIENTED_EDGE ( 'NONE', *, *, #1511, .T. ) ;
#1414 = EDGE_LOOP ( 'NONE', ( #2598, #531, #649, #634 ) ) ;
#1415 = CARTESIAN_POINT ( 'NONE',  ( -102.3130301131315036, 1433.079999999999927, 93.74915243284928579 ) ) ;
#1416 = VERTEX_POINT ( 'NONE', #2648 ) ;
#1417 = CARTESIAN_POINT ( 'NONE',  ( -225.6975725102126944, 1437.079999999999927, 8.533007167635572543 ) ) ;
#1418 = EDGE_CURVE ( 'NONE', #1056, #1985, #3601, .T. ) ;
#1419 =( NAMED_UNIT ( * ) SI_UNIT ( $, .STERADIAN. ) SOLID_ANGLE_UNIT ( ) );
#1420 = VERTEX_POINT ( 'NONE', #3636 ) ;
#1421 = FACE_BOUND ( 'NONE', #992, .T. ) ;
#1422 = LINE ( 'NONE', #1169, #1877 ) ;
#1423 = CARTESIAN_POINT ( 'NONE',  ( -258.7028822036019164, 1520.960000000000036, -42.17616278367351867 ) ) ;
#1424 = CARTESIAN_POINT ( 'NONE',  ( -245.4693082736719134, 1433.079999999999927, 8.268023086486969930 ) ) ;
#1425 = DIRECTION ( 'NONE',  ( -0.7248872777926403943, 0.000000000000000000, 0.6888675014067474622 ) ) ;
#1426 = EDGE_CURVE ( 'NONE', #2915, #676, #1086, .T. ) ;
#1427 = VECTOR ( 'NONE', #3072, 1000.000000000000000 ) ;
#1428 = CARTESIAN_POINT ( 'NONE',  ( -237.9153930459915784, 1432.079999999999927, 12.36233482739457301 ) ) ;
#1429 = AXIS2_PLACEMENT_3D ( 'NONE', #2020, #1402, #2076 ) ;
#1430 = CARTESIAN_POINT ( 'NONE',  ( -148.8736908028978974, 1433.079999999999927, 1.598898269525319327 ) ) ;
#1431 = CARTESIAN_POINT ( 'NONE',  ( -124.3479217970621278, 1433.079999999999927, 118.1690516824992869 ) ) ;
#1432 = VERTEX_POINT ( 'NONE', #776 ) ;
#1433 = ORIENTED_EDGE ( 'NONE', *, *, #2726, .T. ) ;
#1434 = VECTOR ( 'NONE', #508, 999.9999999999998863 ) ;
#1435 = CARTESIAN_POINT ( 'NONE',  ( 0.000000000000000000, 1433.079999999999927, 0.000000000000000000 ) ) ;
#1436 = ADVANCED_FACE ( 'NONE', ( #2371, #2387, #1421, #2037 ), #2630, .T. ) ;
#1437 = VERTEX_POINT ( 'NONE', #3310 ) ;
#1438 = EDGE_CURVE ( 'NONE', #2214, #459, #403, .T. ) ;
#1439 = DIRECTION ( 'NONE',  ( 0.06567303980429951837, 0.000000000000000000, -0.9978411957034358792 ) ) ;
#1440 =( BOUNDED_CURVE ( )  B_SPLINE_CURVE ( 3, ( #1213, #1278, #1876, #3450 ),
 .UNSPECIFIED., .F., .F. ) 
 B_SPLINE_CURVE_WITH_KNOTS ( ( 4, 4 ),
 ( 3.593395922359142514, 5.908010049700227029 ),
 .UNSPECIFIED. ) 
 CURVE ( )  GEOMETRIC_REPRESENTATION_ITEM ( )  RATIONAL_B_SPLINE_CURVE ( ( 1.000000000000000000, 0.6012046472235411665, 0.6012046472235411665, 1.000000000000000000 ) ) 
 REPRESENTATION_ITEM ( '' )  );
#1441 = EDGE_LOOP ( 'NONE', ( #3173, #478, #2657 ) ) ;
#1442 = CARTESIAN_POINT ( 'NONE',  ( -134.1085022721686641, 1433.079999999999927, 3.550555210029314956 ) ) ;
#1443 = CARTESIAN_POINT ( 'NONE',  ( -266.5886069376114733, 1520.960000000000036, 9.579359346406523201 ) ) ;
#1444 = EDGE_CURVE ( 'NONE', #89, #3860, #3659, .T. ) ;
#1445 = CARTESIAN_POINT ( 'NONE',  ( -130.8533786264969194, 1432.079999999999927, 27.04426762654682648 ) ) ;
#1446 = PLANE ( 'NONE',  #4014 ) ;
#1447 = CARTESIAN_POINT ( 'NONE',  ( -123.3344552962530258, 1432.079999999999927, 8.966871577101782620 ) ) ;
#1448 = LINE ( 'NONE', #160, #2722 ) ;
#1449 = LINE ( 'NONE', #161, #210 ) ;
#1450 = EDGE_CURVE ( 'NONE', #662, #1930, #1046, .T. ) ;
#1451 = DIRECTION ( 'NONE',  ( -0.9996385584632127008, 0.000000000000000000, 0.02688405537842415011 ) ) ;
#1452 = VECTOR ( 'NONE', #3174, 1000.000000000000000 ) ;
#1453 = ORIENTED_EDGE ( 'NONE', *, *, #3274, .F. ) ;
#1454 = EDGE_LOOP ( 'NONE', ( #2504, #3936, #515, #90 ) ) ;
#1455 = LINE ( 'NONE', #2345, #785 ) ;
#1456 = ORIENTED_EDGE ( 'NONE', *, *, #2998, .T. ) ;
#1457 = ADVANCED_FACE ( 'NONE', ( #3619 ), #120, .T. ) ;
#1458 = CARTESIAN_POINT ( 'NONE',  ( -204.6388647468730255, 1433.079999999999927, 18.78733895819113542 ) ) ;
#1459 = AXIS2_PLACEMENT_3D ( 'NONE', #3775, #2191, #4081 ) ;
#1460 = ORIENTED_EDGE ( 'NONE', *, *, #3264, .T. ) ;
#1461 = LINE ( 'NONE', #950, #3205 ) ;
#1462 = FACE_OUTER_BOUND ( 'NONE', #2654, .T. ) ;
#1463 = CARTESIAN_POINT ( 'NONE',  ( -114.4828442445582510, 1437.079999999999927, 27.32352736051254283 ) ) ;
#1464 = CARTESIAN_POINT ( 'NONE',  ( -132.0558163152723807, 1433.079999999999927, 26.96303150517800873 ) ) ;
#1465 = CARTESIAN_POINT ( 'NONE',  ( -293.2676002059569100, 1432.079999999999927, 1.330312713633433841 ) ) ;
#1466 = CARTESIAN_POINT ( 'NONE',  ( -266.6398104252421604, 1432.079999999999927, 6.507882213807852700 ) ) ;
#1467 = VECTOR ( 'NONE', #366, 1000.000000000000000 ) ;
#1468 = CARTESIAN_POINT ( 'NONE',  ( -268.3117575011433473, 1432.079999999999927, 8.318369645161142856 ) ) ;
#1469 = EDGE_CURVE ( 'NONE', #3536, #415, #204, .T. ) ;
#1470 = CARTESIAN_POINT ( 'NONE',  ( -247.9425849139417153, 1432.079999999999927, 10.13018560512188238 ) ) ;
#1471 = ORIENTED_EDGE ( 'NONE', *, *, #4028, .F. ) ;
#1472 = VERTEX_POINT ( 'NONE', #1750 ) ;
#1473 = VECTOR ( 'NONE', #3192, 1000.000000000000000 ) ;
#1474 = CARTESIAN_POINT ( 'NONE',  ( -32.54741776726640268, 1433.079999999999927, -81.50514457746611185 ) ) ;
#1475 = AXIS2_PLACEMENT_3D ( 'NONE', #1792, #3955, #3020 ) ;
#1476 = ORIENTED_EDGE ( 'NONE', *, *, #57, .T. ) ;
#1477 = VECTOR ( 'NONE', #821, 1000.000000000000000 ) ;
#1478 = ORIENTED_EDGE ( 'NONE', *, *, #70, .F. ) ;
#1479 = CARTESIAN_POINT ( 'NONE',  ( -266.5147033832301418, 1432.079999999999927, 5.740492526924503736 ) ) ;
#1480 = AXIS2_PLACEMENT_3D ( 'NONE', #1290, #3171, #375 ) ;
#1481 = LINE ( 'NONE', #207, #1564 ) ;
#1482 = DIRECTION ( 'NONE',  ( -0.8376768486544285963, 0.000000000000000000, 0.5461661809636199072 ) ) ;
#1483 = CARTESIAN_POINT ( 'NONE',  ( -267.1688184859921762, 1520.960000000000036, 8.607714735570468179 ) ) ;
#1484 = LINE ( 'NONE', #3073, #1354 ) ;
#1485 = CARTESIAN_POINT ( 'NONE',  ( -190.7528261741830136, 1437.079999999999927, 21.03932599842006468 ) ) ;
#1486 = CARTESIAN_POINT ( 'NONE',  ( -148.5690912469584077, 1433.079999999999927, 9.556892805854815265 ) ) ;
#1487 = AXIS2_PLACEMENT_3D ( 'NONE', #732, #2911, #1999 ) ;
#1488 = ORIENTED_EDGE ( 'NONE', *, *, #1869, .F. ) ;
#1489 = CARTESIAN_POINT ( 'NONE',  ( -164.9945637137987831, 1433.079999999999927, 9.631325334794965443 ) ) ;
#1490 = PLANE ( 'NONE',  #1365 ) ;
#1491 = EDGE_CURVE ( 'NONE', #1313, #3882, #1694, .T. ) ;
#1492 = PLANE ( 'NONE',  #2194 ) ;
#1493 = EDGE_LOOP ( 'NONE', ( #2639, #3668, #153, #1308 ) ) ;
#1494 = ORIENTED_EDGE ( 'NONE', *, *, #516, .F. ) ;
#1495 = VECTOR ( 'NONE', #2119, 1000.000000000000000 ) ;
#1496 = CARTESIAN_POINT ( 'NONE',  ( -265.8557205421093386, 1520.960000000000036, 6.670256816194236826 ) ) ;
#1497 = EDGE_CURVE ( 'NONE', #4027, #2177, #154, .T. ) ;
#1498 = VERTEX_POINT ( 'NONE', #3012 ) ;
#1499 = ADVANCED_FACE ( 'NONE', ( #814 ), #1380, .F. ) ;
#1500 = VECTOR ( 'NONE', #512, 1000.000000000000114 ) ;
#1501 = VERTEX_POINT ( 'NONE', #1716 ) ;
#1502 = CIRCLE ( 'NONE', #1292, 0.5999999999999946487 ) ;
#1503 = CARTESIAN_POINT ( 'NONE',  ( -151.9060143339743547, 1437.080000000000155, 9.644634931176618409 ) ) ;
#1504 = CARTESIAN_POINT ( 'NONE',  ( -194.9129271786084701, 1432.079999999999927, 9.302312362620199337 ) ) ;
#1505 = EDGE_CURVE ( 'NONE', #765, #2275, #1669, .T. ) ;
#1506 = CARTESIAN_POINT ( 'NONE',  ( -140.1163786704161112, 1437.079999999999927, 26.58487205923218966 ) ) ;
#1507 = DIRECTION ( 'NONE',  ( 0.000000000000000000, 0.000000000000000000, -1.000000000000000000 ) ) ;
#1508 = CARTESIAN_POINT ( 'NONE',  ( -250.7585574480021364, 1433.079999999999927, 7.495065782900966589 ) ) ;
#1509 = CARTESIAN_POINT ( 'NONE',  ( -133.1865977557806389, 1433.079999999999927, 26.91476152604799665 ) ) ;
#1510 = VERTEX_POINT ( 'NONE', #2684 ) ;
#1511 = EDGE_CURVE ( 'NONE', #1510, #3206, #137, .T. ) ;
#1512 = CARTESIAN_POINT ( 'NONE',  ( -253.0423473113289106, 1432.079999999999927, 8.955332985767496368 ) ) ;
#1513 = CARTESIAN_POINT ( 'NONE',  ( -148.6125551966285059, 1432.079999999999927, 25.91327914437588475 ) ) ;
#1514 = DIRECTION ( 'NONE',  ( 0.000000000000000000, 1.000000000000000000, -0.000000000000000000 ) ) ;
#1515 = VERTEX_POINT ( 'NONE', #1104 ) ;
#1516 = VERTEX_POINT ( 'NONE', #1581 ) ;
#1517 = CARTESIAN_POINT ( 'NONE',  ( -269.9384435895143497, 1520.960000000000036, 3.340010526439208149 ) ) ;
#1518 = CARTESIAN_POINT ( 'NONE',  ( -264.9890575499149463, 1432.079999999999927, -17.44028709088449247 ) ) ;
#1519 = ORIENTED_EDGE ( 'NONE', *, *, #748, .T. ) ;
#1520 = VECTOR ( 'NONE', #1873, 1000.000000000000000 ) ;
#1521 = ORIENTED_EDGE ( 'NONE', *, *, #451, .F. ) ;
#1522 = CARTESIAN_POINT ( 'NONE',  ( -234.7378271132973566, 1432.079999999999927, 8.198046345726332618 ) ) ;
#1523 = CARTESIAN_POINT ( 'NONE',  ( -265.8557205421092817, 1437.079999999999927, 6.670256816194243932 ) ) ;
#1524 = EDGE_CURVE ( 'NONE', #1991, #2399, #1461, .T. ) ;
#1525 = CARTESIAN_POINT ( 'NONE',  ( -165.9276959324085965, 1433.079999999999927, 24.32335976583580717 ) ) ;
#1526 = LINE ( 'NONE', #3110, #111 ) ;
#1527 = CARTESIAN_POINT ( 'NONE',  ( -150.8221721565745383, 1520.960000000000036, 8.847120223398674099 ) ) ;
#1528 = DIRECTION ( 'NONE',  ( -0.7248872777926383959, 0.000000000000000000, 0.6888675014067497937 ) ) ;
#1529 = ORIENTED_EDGE ( 'NONE', *, *, #2626, .T. ) ;
#1530 = CARTESIAN_POINT ( 'NONE',  ( -256.8343786850404626, 1433.079999999999927, 8.059280522143909664 ) ) ;
#1531 = CARTESIAN_POINT ( 'NONE',  ( -133.3568342694792932, 1432.079999999999927, 9.271286723260869778 ) ) ;
#1532 = ORIENTED_EDGE ( 'NONE', *, *, #1912, .F. ) ;
#1533 = VERTEX_POINT ( 'NONE', #616 ) ;
#1534 = CARTESIAN_POINT ( 'NONE',  ( -133.3568342694792932, 1432.079999999999927, 9.271286723260869778 ) ) ;
#1535 = CARTESIAN_POINT ( 'NONE',  ( -264.2871590457025377, 1520.960000000000036, 7.064132261341821817 ) ) ;
#1536 = AXIS2_PLACEMENT_3D ( 'NONE', #1076, #3565, #83 ) ;
#1537 = ORIENTED_EDGE ( 'NONE', *, *, #970, .F. ) ;
#1538 = AXIS2_PLACEMENT_3D ( 'NONE', #1489, #3665, #859 ) ;
#1539 = EDGE_LOOP ( 'NONE', ( #1398, #3398, #3877, #1741 ) ) ;
#1540 = DIRECTION ( 'NONE',  ( -0.000000000000000000, -1.000000000000000000, -0.000000000000000000 ) ) ;
#1541 = CARTESIAN_POINT ( 'NONE',  ( -168.8641331842243858, 1437.079999999999927, 24.10239613039014017 ) ) ;
#1542 = LINE ( 'NONE', #1227, #2942 ) ;
#1543 = ADVANCED_FACE ( 'NONE', ( #5 ), #1009, .F. ) ;
#1544 = CARTESIAN_POINT ( 'NONE',  ( -114.4461369841751406, 1432.079999999999927, 8.572950441632396945 ) ) ;
#1545 = DIRECTION ( 'NONE',  ( -0.02688405537825354699, 0.000000000000000000, -0.9996385584632172527 ) ) ;
#1546 = ORIENTED_EDGE ( 'NONE', *, *, #2545, .T. ) ;
#1547 = LINE ( 'NONE', #2867, #2064 ) ;
#1548 = B_SPLINE_CURVE_WITH_KNOTS ( 'NONE', 3,
 ( #600, #1828, #2859, #3489, #911, #1247, #581, #3776, #3151, #2223, #1871, #254, #561 ),
 .UNSPECIFIED., .F., .F.,
 ( 4, 1, 1, 1, 1, 1, 1, 1, 1, 1, 4 ),
 ( 0.7011752054892489427, 0.7037511641537997908, 0.7114926295676233803, 0.7321002988842217896, 0.7527079682008201988, 0.7939233068340170174, 0.8351386454672137249, 0.8763539841004104325, 0.8969616534170088418, 0.9175693227336072511, 0.9293509528815036003 ),
 .UNSPECIFIED. ) ;
#1549 = CARTESIAN_POINT ( 'NONE',  ( -132.0558163129717002, 1432.079999999999927, 26.96303150527395687 ) ) ;
#1550 = ORIENTED_EDGE ( 'NONE', *, *, #506, .T. ) ;
#1551 = EDGE_CURVE ( 'NONE', #2915, #2638, #2717, .T. ) ;
#1552 = VERTEX_POINT ( 'NONE', #293 ) ;
#1553 = CARTESIAN_POINT ( 'NONE',  ( -256.7794921470461986, 1432.079999999999927, 7.175935370176112826 ) ) ;
#1554 = CARTESIAN_POINT ( 'NONE',  ( -187.8555102931843237, 1432.079999999999927, 17.45826335425561382 ) ) ;
#1555 = CARTESIAN_POINT ( 'NONE',  ( -290.1604015055179389, 1520.960000000000036, 1.637864100023359581 ) ) ;
#1556 = ORIENTED_EDGE ( 'NONE', *, *, #2967, .T. ) ;
#1557 = ORIENTED_EDGE ( 'NONE', *, *, #1761, .F. ) ;
#1558 = CARTESIAN_POINT ( 'NONE',  ( -57.94607177228484574, 1432.079999999999927, 62.78836422842088183 ) ) ;
#1559 = VECTOR ( 'NONE', #1080, 1000.000000000000114 ) ;
#1560 = DIRECTION ( 'NONE',  ( -0.6888675014067497937, 0.000000000000000000, -0.7248872777926383959 ) ) ;
#1561 = EDGE_CURVE ( 'NONE', #2964, #1177, #2741, .T. ) ;
#1562 = B_SPLINE_CURVE_WITH_KNOTS ( 'NONE', 3,
 ( #414, #3897, #1961, #311 ),
 .UNSPECIFIED., .F., .F.,
 ( 4, 4 ),
 ( 0.8547559085613818386, 0.8564952732850472650 ),
 .UNSPECIFIED. ) ;
#1563 = CARTESIAN_POINT ( 'NONE',  ( -117.3872845654308179, 1437.079999999999927, 27.32359723883181246 ) ) ;
#1564 = VECTOR ( 'NONE', #3947, 1000.000000000000000 ) ;
#1565 = EDGE_CURVE ( 'NONE', #3515, #2638, #4023, .T. ) ;
#1566 = CYLINDRICAL_SURFACE ( 'NONE', #2748, 9.800000000001221068 ) ;
#1567 = LINE ( 'NONE', #3699, #252 ) ;
#1568 = EDGE_CURVE ( 'NONE', #2254, #3732, #835, .T. ) ;
#1569 = DIRECTION ( 'NONE',  ( -0.000000000000000000, -1.000000000000000000, -0.000000000000000000 ) ) ;
#1570 = VERTEX_POINT ( 'NONE', #1483 ) ;
#1571 = CARTESIAN_POINT ( 'NONE',  ( -300.0000000000000000, 1432.079999999999927, 0.000000000000000000 ) ) ;
#1572 = EDGE_CURVE ( 'NONE', #2314, #3234, #1246, .T. ) ;
#1573 = DIRECTION ( 'NONE',  ( -0.001877162694597761397, 0.000000000000000000, 0.9999982381285568156 ) ) ;
#1574 = CARTESIAN_POINT ( 'NONE',  ( -213.2678935476478159, 1432.079999999999927, 8.883460927922911310 ) ) ;
#1575 = VERTEX_POINT ( 'NONE', #1769 ) ;
#1576 = ORIENTED_EDGE ( 'NONE', *, *, #3722, .F. ) ;
#1577 = CARTESIAN_POINT ( 'NONE',  ( -264.2871590457025377, 1520.960000000000036, 7.064132261341821817 ) ) ;
#1578 = CARTESIAN_POINT ( 'NONE',  ( -177.8347060259989121, 1433.079999999999927, 9.552397567821030222 ) ) ;
#1579 = CARTESIAN_POINT ( 'NONE',  ( -256.0355796023129074, 1432.079999999999927, 8.250016919492408007 ) ) ;
#1580 = ORIENTED_EDGE ( 'NONE', *, *, #451, .T. ) ;
#1581 = CARTESIAN_POINT ( 'NONE',  ( -205.0226850628186241, 1433.079999999999927, 18.72112452208074274 ) ) ;
#1582 = VECTOR ( 'NONE', #1387, 1000.000000000000000 ) ;
#1583 = CARTESIAN_POINT ( 'NONE',  ( -228.6383456797400697, 1433.079999999999927, 8.415405281992565989 ) ) ;
#1584 = EDGE_CURVE ( 'NONE', #164, #3962, #2410, .T. ) ;
#1585 = CARTESIAN_POINT ( 'NONE',  ( -145.7690503019791208, 1432.079999999999927, 26.18834114502518062 ) ) ;
#1586 = CARTESIAN_POINT ( 'NONE',  ( -212.1074658580722314, 1432.079999999999927, 8.914555833679584040 ) ) ;
#1587 = PLANE ( 'NONE',  #1949 ) ;
#1588 = ORIENTED_EDGE ( 'NONE', *, *, #419, .F. ) ;
#1589 = CARTESIAN_POINT ( 'NONE',  ( -277.4549981297886347, 1432.079999999999927, 6.762558882627204504 ) ) ;
#1590 = CARTESIAN_POINT ( 'NONE',  ( -242.5546761553364092, 1433.079999999999927, 11.33505664491636189 ) ) ;
#1591 = CARTESIAN_POINT ( 'NONE',  ( -113.8344749848858157, 1433.079999999999927, 8.543598326845911473 ) ) ;
#1592 = VERTEX_POINT ( 'NONE', #854 ) ;
#1593 = ORIENTED_EDGE ( 'NONE', *, *, #3942, .T. ) ;
#1594 = LINE ( 'NONE', #3766, #397 ) ;
#1595 = CARTESIAN_POINT ( 'NONE',  ( -261.5617635561013685, 1520.960000000000036, 7.738060476453454406 ) ) ;
#1596 = CARTESIAN_POINT ( 'NONE',  ( -254.6226053384950774, 1433.079999999999927, 8.584301412233694251 ) ) ;
#1597 = CARTESIAN_POINT ( 'NONE',  ( -165.5953102936683479, 1432.079999999999927, 9.630069181646563337 ) ) ;
#1598 = VERTEX_POINT ( 'NONE', #3819 ) ;
#1599 = DIRECTION ( 'NONE',  ( -0.9996385584632171417, 0.000000000000000000, 0.02688405537825763400 ) ) ;
#1600 = VECTOR ( 'NONE', #3662, 1000.000000000000000 ) ;
#1601 = DIRECTION ( 'NONE',  ( -0.000000000000000000, -1.000000000000000000, -0.000000000000000000 ) ) ;
#1602 = DIRECTION ( 'NONE',  ( -0.7248872777926363975, 0.000000000000000000, 0.6888675014067519031 ) ) ;
#1603 = CARTESIAN_POINT ( 'NONE',  ( -112.2016622524414515, 1437.079999999999927, 28.10930200660903822 ) ) ;
#1604 = ORIENTED_EDGE ( 'NONE', *, *, #3367, .F. ) ;
#1605 = FACE_BOUND ( 'NONE', #1441, .T. ) ;
#1606 = B_SPLINE_CURVE_WITH_KNOTS ( 'NONE', 3,
 ( #1610, #76, #1364, #362, #2609 ),
 .UNSPECIFIED., .F., .F.,
 ( 4, 1, 4 ),
 ( 0.8925888473639720377, 0.8934903798118352114, 0.8943606213747419265 ),
 .UNSPECIFIED. ) ;
#1607 = CARTESIAN_POINT ( 'NONE',  ( -178.1952668448776933, 1433.079999999999927, 22.75369838660252952 ) ) ;
#1608 = ORIENTED_EDGE ( 'NONE', *, *, #3747, .T. ) ;
#1609 = ORIENTED_EDGE ( 'NONE', *, *, #2417, .F. ) ;
#1610 = CARTESIAN_POINT ( 'NONE',  ( -237.6737849170279731, 1433.079999999999927, 8.080994594439271594 ) ) ;
#1611 = CARTESIAN_POINT ( 'NONE',  ( -249.5323828144506138, 1432.079999999999927, 9.767544433441221585 ) ) ;
#1612 = EDGE_CURVE ( 'NONE', #698, #240, #186, .T. ) ;
#1613 = CARTESIAN_POINT ( 'NONE',  ( -254.0970210439141965, 1433.079999999999927, 8.708266201057320188 ) ) ;
#1614 = ORIENTED_EDGE ( 'NONE', *, *, #4001, .F. ) ;
#1615 = CARTESIAN_POINT ( 'NONE',  ( -228.6383456738226698, 1432.079999999999927, 8.415405282195896675 ) ) ;
#1616 = ORIENTED_EDGE ( 'NONE', *, *, #1743, .T. ) ;
#1617 = CARTESIAN_POINT ( 'NONE',  ( -268.4179018087319832, 1520.960000000000036, 2.647210225857725252 ) ) ;
#1618 = EDGE_CURVE ( 'NONE', #1899, #1178, #4088, .T. ) ;
#1619 = EDGE_LOOP ( 'NONE', ( #1704, #2562, #2732, #2248, #2570, #2884 ) ) ;
#1620 = VECTOR ( 'NONE', #3735, 1000.000000000000000 ) ;
#1621 = VECTOR ( 'NONE', #1289, 1000.000000000000000 ) ;
#1622 = ORIENTED_EDGE ( 'NONE', *, *, #3194, .F. ) ;
#1623 = EDGE_CURVE ( 'NONE', #4022, #3635, #2098, .T. ) ;
#1624 = CARTESIAN_POINT ( 'NONE',  ( -258.8181366110552517, 1432.079999999999927, 7.583199739962956265 ) ) ;
#1625 = CARTESIAN_POINT ( 'NONE',  ( -112.2823144185780109, 1432.079999999999927, 25.11038633121939512 ) ) ;
#1626 = VECTOR ( 'NONE', #2333, 1000.000000000000227 ) ;
#1627 = ORIENTED_EDGE ( 'NONE', *, *, #1329, .F. ) ;
#1628 = CARTESIAN_POINT ( 'NONE',  ( -196.3833157930110929, 1433.079999999999927, 10.97703526946452079 ) ) ;
#1629 = CARTESIAN_POINT ( 'NONE',  ( -300.0000000000000000, 1432.079999999999927, 0.000000000000000000 ) ) ;
#1630 = CARTESIAN_POINT ( 'NONE',  ( -112.2016622867483875, 1437.079999999999927, 28.10930200688546421 ) ) ;
#1631 = ORIENTED_EDGE ( 'NONE', *, *, #279, .F. ) ;
#1632 = ORIENTED_EDGE ( 'NONE', *, *, #1098, .T. ) ;
#1633 = CARTESIAN_POINT ( 'NONE',  ( -255.8870986851619023, 1433.079999999999927, 7.681003567253950948 ) ) ;
#1634 = DIRECTION ( 'NONE',  ( 0.000000000000000000, 0.000000000000000000, -1.000000000000000000 ) ) ;
#1635 = PLANE ( 'NONE',  #502 ) ;
#1636 = LINE ( 'NONE', #1825, #3781 ) ;
#1637 = ORIENTED_EDGE ( 'NONE', *, *, #70, .T. ) ;
#1638 = ORIENTED_EDGE ( 'NONE', *, *, #905, .T. ) ;
#1639 = ORIENTED_EDGE ( 'NONE', *, *, #2641, .F. ) ;
#1640 = CARTESIAN_POINT ( 'NONE',  ( -132.7570444405484125, 1433.079999999999927, 9.255407141683622996 ) ) ;
#1641 = ORIENTED_EDGE ( 'NONE', *, *, #3157, .F. ) ;
#1642 = ORIENTED_EDGE ( 'NONE', *, *, #3883, .T. ) ;
#1643 = EDGE_CURVE ( 'NONE', #1516, #1725, #24, .T. ) ;
#1644 = DIRECTION ( 'NONE',  ( -0.000000000000000000, -1.000000000000000000, -0.000000000000000000 ) ) ;
#1645 = VECTOR ( 'NONE', #2273, 1000.000000000000114 ) ;
#1646 = CARTESIAN_POINT ( 'NONE',  ( -227.5076778612757948, 1432.079999999999927, 8.453911112217982193 ) ) ;
#1647 = B_SPLINE_CURVE_WITH_KNOTS ( 'NONE', 13,
 ( #1571, #2865, #624, #1294, #999, #1337, #317, #30, #2267, #1589, #645, #1952, #3827, #978 ),
 .UNSPECIFIED., .F., .F.,
 ( 14, 14 ),
 ( 0.000000000000000000, 0.03891155862395484499 ),
 .UNSPECIFIED. ) ;
#1648 = EDGE_LOOP ( 'NONE', ( #751, #2890, #1639, #3516 ) ) ;
#1649 = LINE ( 'NONE', #2910, #1383 ) ;
#1650 = CARTESIAN_POINT ( 'NONE',  ( -285.2692632531441745, 1432.079999999999927, 4.587123813238129344 ) ) ;
#1651 = CARTESIAN_POINT ( 'NONE',  ( -265.8557205421093954, 1437.079999999999927, 6.670256816194850558 ) ) ;
#1652 = ORIENTED_EDGE ( 'NONE', *, *, #4039, .F. ) ;
#1653 = ORIENTED_EDGE ( 'NONE', *, *, #222, .F. ) ;
#1654 = CARTESIAN_POINT ( 'NONE',  ( -109.3093335793666085, 1433.079999999999927, -115.0249432494104553 ) ) ;
#1655 = LINE ( 'NONE', #2917, #1645 ) ;
#1656 = DIRECTION ( 'NONE',  ( -0.02688405537825352271, 0.000000000000000000, -0.9996385584632172527 ) ) ;
#1657 = PLANE ( 'NONE',  #2527 ) ;
#1658 = CARTESIAN_POINT ( 'NONE',  ( -269.9384435895143497, 1432.079999999999927, 3.340010526439208149 ) ) ;
#1659 = VECTOR ( 'NONE', #2297, 1000.000000000000000 ) ;
#1660 = VERTEX_POINT ( 'NONE', #3366 ) ;
#1661 = ORIENTED_EDGE ( 'NONE', *, *, #514, .F. ) ;
#1662 = DIRECTION ( 'NONE',  ( 0.000000000000000000, -1.000000000000000000, 0.000000000000000000 ) ) ;
#1663 = ORIENTED_EDGE ( 'NONE', *, *, #498, .F. ) ;
#1664 = ORIENTED_EDGE ( 'NONE', *, *, #1738, .F. ) ;
#1665 = AXIS2_PLACEMENT_3D ( 'NONE', #2768, #1813, #3705 ) ;
#1666 = CARTESIAN_POINT ( 'NONE',  ( -222.8468073653594104, 1432.079999999999927, 7.840947217310170636 ) ) ;
#1667 = CARTESIAN_POINT ( 'NONE',  ( -57.13222982526929172, 1432.079999999999927, 61.90651317224560302 ) ) ;
#1668 = ORIENTED_EDGE ( 'NONE', *, *, #2925, .T. ) ;
#1669 = LINE ( 'NONE', #2934, #3813 ) ;
#1670 = CIRCLE ( 'NONE', #2197, 0.3999999999999863110 ) ;
#1671 = EDGE_CURVE ( 'NONE', #3323, #382, #1786, .T. ) ;
#1672 = PLANE ( 'NONE',  #1487 ) ;
#1673 = ADVANCED_FACE ( 'NONE', ( #2525 ), #3798, .F. ) ;
#1674 = LINE ( 'NONE', #1150, #3209 ) ;
#1675 = AXIS2_PLACEMENT_3D ( 'NONE', #2418, #220, #178 ) ;
#1676 = DIRECTION ( 'NONE',  ( 0.6888675014067494606, 0.000000000000000000, 0.7248872777926387290 ) ) ;
#1677 = CARTESIAN_POINT ( 'NONE',  ( -292.7816016975322100, 1520.959999999999809, 2.342604849896636310 ) ) ;
#1678 = CARTESIAN_POINT ( 'NONE',  ( -221.7787467680724660, 1433.079999999999927, 15.64372520361560781 ) ) ;
#1679 = ORIENTED_EDGE ( 'NONE', *, *, #4043, .F. ) ;
#1680 = AXIS2_PLACEMENT_3D ( 'NONE', #749, #3906, #1439 ) ;
#1681 = DIRECTION ( 'NONE',  ( 0.02688405537825821687, 0.000000000000000000, 0.9996385584632171417 ) ) ;
#1682 = ADVANCED_FACE ( 'NONE', ( #3902 ), #1374, .T. ) ;
#1683 = CARTESIAN_POINT ( 'NONE',  ( -112.7508309264629105, 1437.079999999999927, 7.689384925052574538 ) ) ;
#1684 = VERTEX_POINT ( 'NONE', #3278 ) ;
#1685 = ORIENTED_EDGE ( 'NONE', *, *, #3108, .T. ) ;
#1686 = LINE ( 'NONE', #2280, #2220 ) ;
#1687 = VECTOR ( 'NONE', #2529, 999.9999999999998863 ) ;
#1688 = ORIENTED_EDGE ( 'NONE', *, *, #2283, .F. ) ;
#1689 = ORIENTED_EDGE ( 'NONE', *, *, #659, .F. ) ;
#1690 = EDGE_CURVE ( 'NONE', #1012, #3691, #112, .T. ) ;
#1691 = CARTESIAN_POINT ( 'NONE',  ( -260.6240663350704381, 1432.079999999999927, 6.159236989585118671 ) ) ;
#1692 = CARTESIAN_POINT ( 'NONE',  ( -112.8759871213103310, 1437.079999999999927, 3.035661502870928175 ) ) ;
#1693 = ORIENTED_EDGE ( 'NONE', *, *, #2061, .F. ) ;
#1694 = LINE ( 'NONE', #447, #3879 ) ;
#1695 = CARTESIAN_POINT ( 'NONE',  ( -295.2192840323294263, 1520.960000000000036, 1.574556936904935922 ) ) ;
#1696 = ADVANCED_FACE ( 'NONE', ( #745 ), #2247, .F. ) ;
#1697 = VECTOR ( 'NONE', #2058, 1000.000000000000000 ) ;
#1698 = CARTESIAN_POINT ( 'NONE',  ( -237.8803495755753659, 1437.079999999999927, 13.20663139703280642 ) ) ;
#1699 = FACE_OUTER_BOUND ( 'NONE', #1414, .T. ) ;
#1700 = EDGE_CURVE ( 'NONE', #2498, #2072, #722, .T. ) ;
#1701 = AXIS2_PLACEMENT_3D ( 'NONE', #2356, #381, #3890 ) ;
#1702 = CARTESIAN_POINT ( 'NONE',  ( -132.5334251630776805, 1433.079999999999927, 125.9478159459217181 ) ) ;
#1703 = CARTESIAN_POINT ( 'NONE',  ( -133.7537577194358960, 1432.079999999999927, 26.88888592191560178 ) ) ;
#1704 = ORIENTED_EDGE ( 'NONE', *, *, #3194, .T. ) ;
#1705 = LINE ( 'NONE', #1794, #3658 ) ;
#1706 = DIRECTION ( 'NONE',  ( 0.000000000000000000, -1.000000000000000000, 0.000000000000000000 ) ) ;
#1707 = ORIENTED_EDGE ( 'NONE', *, *, #2094, .F. ) ;
#1708 = EDGE_LOOP ( 'NONE', ( #3711, #510, #2384, #3167 ) ) ;
#1709 = CARTESIAN_POINT ( 'NONE',  ( -274.1238790097720539, 1432.079999999999700, 2.239275516227556828 ) ) ;
#1710 = ORIENTED_EDGE ( 'NONE', *, *, #3321, .T. ) ;
#1711 = ORIENTED_EDGE ( 'NONE', *, *, #2530, .T. ) ;
#1712 = CARTESIAN_POINT ( 'NONE',  ( -220.6196549160198401, 1433.079999999999927, 15.86831719877247338 ) ) ;
#1713 = LINE ( 'NONE', #1358, #1226 ) ;
#1714 = EDGE_CURVE ( 'NONE', #3609, #2254, #1686, .T. ) ;
#1715 = ORIENTED_EDGE ( 'NONE', *, *, #3760, .T. ) ;
#1716 = CARTESIAN_POINT ( 'NONE',  ( -257.6570793527035335, 1433.079999999999927, 7.526381928219097794 ) ) ;
#1717 = CARTESIAN_POINT ( 'NONE',  ( -277.4549981302086508, 1432.079999999999927, 6.762558882512843539 ) ) ;
#1718 = AXIS2_PLACEMENT_3D ( 'NONE', #2320, #3501, #364 ) ;
#1719 = CARTESIAN_POINT ( 'NONE',  ( -190.7528261741830136, 1432.079999999999927, 21.03932599842006468 ) ) ;
#1720 = CARTESIAN_POINT ( 'NONE',  ( -297.6853304518525078, 1520.960000000000036, 0.07763497805441094135 ) ) ;
#1721 = CARTESIAN_POINT ( 'NONE',  ( -123.0048530695428184, 1432.079999999999927, 129.1603298418975783 ) ) ;
#1722 = CARTESIAN_POINT ( 'NONE',  ( -99.99778022952456524, 1433.079999999999927, 23.97971956385087111 ) ) ;
#1723 = CARTESIAN_POINT ( 'NONE',  ( -129.5036039822503255, 1433.079999999999927, 123.0685471127015518 ) ) ;
#1724 = CARTESIAN_POINT ( 'NONE',  ( -255.0275276099420694, 1437.079999999999927, 7.279903762745472129 ) ) ;
#1725 = VERTEX_POINT ( 'NONE', #2970 ) ;
#1726 = VERTEX_POINT ( 'NONE', #132 ) ;
#1727 = PLANE ( 'NONE',  #1969 ) ;
#1728 = ORIENTED_EDGE ( 'NONE', *, *, #3150, .F. ) ;
#1729 = CARTESIAN_POINT ( 'NONE',  ( -238.2652901195024242, 1437.079999999999927, 8.067388918634714301 ) ) ;
#1730 = DIRECTION ( 'NONE',  ( 0.7248872777926378408, 0.000000000000000000, -0.6888675014067503488 ) ) ;
#1731 = ORIENTED_EDGE ( 'NONE', *, *, #1799, .F. ) ;
#1732 = CARTESIAN_POINT ( 'NONE',  ( -149.7388882563057280, 1433.079999999999927, 25.87779423093265763 ) ) ;
#1733 = CARTESIAN_POINT ( 'NONE',  ( -269.3505351009392257, 1432.079999999999927, 8.883550396655463643 ) ) ;
#1734 = CARTESIAN_POINT ( 'NONE',  ( -113.5285485838877833, 1437.080000000000155, 8.528672068350594770 ) ) ;
#1735 = LINE ( 'NONE', #1172, #2222 ) ;
#1736 = DIRECTION ( 'NONE',  ( 0.000000000000000000, 0.000000000000000000, -1.000000000000000000 ) ) ;
#1737 = CARTESIAN_POINT ( 'NONE',  ( -178.2004695315806657, 1432.079999999999927, 22.82649320470189025 ) ) ;
#1738 = EDGE_CURVE ( 'NONE', #2346, #843, #1942, .T. ) ;
#1739 = DIRECTION ( 'NONE',  ( 0.000000000000000000, -1.000000000000000000, 0.000000000000000000 ) ) ;
#1740 = CARTESIAN_POINT ( 'NONE',  ( -133.9566291355090470, 1433.079999999999927, 9.286974893465034242 ) ) ;
#1741 = ORIENTED_EDGE ( 'NONE', *, *, #763, .T. ) ;
#1742 = ORIENTED_EDGE ( 'NONE', *, *, #2176, .F. ) ;
#1743 = EDGE_CURVE ( 'NONE', #3882, #3211, #3922, .T. ) ;
#1744 = CARTESIAN_POINT ( 'NONE',  ( -87.84855366176002178, 1433.079999999999927, -92.44201358294745319 ) ) ;
#1745 = ORIENTED_EDGE ( 'NONE', *, *, #498, .T. ) ;
#1746 = EDGE_CURVE ( 'NONE', #2322, #1835, #2807, .T. ) ;
#1747 = CARTESIAN_POINT ( 'NONE',  ( -237.7444685135008342, 1432.079999999999927, 12.38294045383079833 ) ) ;
#1748 = LINE ( 'NONE', #2739, #496 ) ;
#1749 = ORIENTED_EDGE ( 'NONE', *, *, #3048, .T. ) ;
#1750 = CARTESIAN_POINT ( 'NONE',  ( -265.8557205421092817, 1432.079999999999927, 6.670256816194243932 ) ) ;
#1751 = ADVANCED_FACE ( 'NONE', ( #1304 ), #3839, .T. ) ;
#1752 = CARTESIAN_POINT ( 'NONE',  ( -269.3505351009392257, 1520.960000000000036, 8.883550396655463643 ) ) ;
#1753 = DIRECTION ( 'NONE',  ( 0.9869698889881115544, -0.000000000000000000, 0.1609050596805300659 ) ) ;
#1754 = LINE ( 'NONE', #2997, #1822 ) ;
#1755 = CARTESIAN_POINT ( 'NONE',  ( -275.1101811045251111, 1520.960000000000036, 6.552289714361143602 ) ) ;
#1756 = LINE ( 'NONE', #2707, #804 ) ;
#1757 = VECTOR ( 'NONE', #3128, 1000.000000000000000 ) ;
#1758 = CARTESIAN_POINT ( 'NONE',  ( -267.1688184859921762, 1432.079999999999927, 8.607714735570468179 ) ) ;
#1759 = FACE_OUTER_BOUND ( 'NONE', #1373, .T. ) ;
#1760 = ORIENTED_EDGE ( 'NONE', *, *, #1618, .F. ) ;
#1761 = EDGE_CURVE ( 'NONE', #115, #289, #3230, .T. ) ;
#1762 = ORIENTED_EDGE ( 'NONE', *, *, #1804, .F. ) ;
#1763 = VECTOR ( 'NONE', #3349, 1000.000000000000000 ) ;
#1764 = CARTESIAN_POINT ( 'NONE',  ( -148.6125551966285059, 1433.079999999999927, 25.91327914437588475 ) ) ;
#1765 = EDGE_LOOP ( 'NONE', ( #1298, #1851, #48, #1488, #85, #3589 ) ) ;
#1766 = LINE ( 'NONE', #135, #88 ) ;
#1767 = CARTESIAN_POINT ( 'NONE',  ( -150.2687402496501363, 1432.079999999999927, 9.575102033794831158 ) ) ;
#1768 = ORIENTED_EDGE ( 'NONE', *, *, #2379, .T. ) ;
#1769 = CARTESIAN_POINT ( 'NONE',  ( -237.6737849170279731, 1432.079999999999927, 8.080994594439271594 ) ) ;
#1770 = ADVANCED_FACE ( 'NONE', ( #2924 ), #846, .T. ) ;
#1771 = DIRECTION ( 'NONE',  ( 0.000000000000000000, -1.000000000000000000, 0.000000000000000000 ) ) ;
#1772 = CARTESIAN_POINT ( 'NONE',  ( -123.3137327467877640, 1432.079999999999927, 27.25623171729949945 ) ) ;
#1773 = CARTESIAN_POINT ( 'NONE',  ( -178.3956997761454772, 1433.079999999999927, 9.546714804259979203 ) ) ;
#1774 = CARTESIAN_POINT ( 'NONE',  ( -117.3099561668967539, 1432.079999999999927, 8.709611862579059505 ) ) ;
#1775 = CARTESIAN_POINT ( 'NONE',  ( -264.1907845933577050, 1520.960000000000036, -17.38774865900553124 ) ) ;
#1776 = DIRECTION ( 'NONE',  ( 0.9869698889880801351, -0.000000000000000000, 0.1609050596807223010 ) ) ;
#1777 = CARTESIAN_POINT ( 'NONE',  ( -123.7680119748291787, 1433.079999999999927, 117.6179576813737810 ) ) ;
#1778 = EDGE_LOOP ( 'NONE', ( #261, #1622, #420, #3669 ) ) ;
#1779 = ORIENTED_EDGE ( 'NONE', *, *, #266, .F. ) ;
#1780 = DIRECTION ( 'NONE',  ( 0.000000000000000000, 0.000000000000000000, -1.000000000000000000 ) ) ;
#1781 = ORIENTED_EDGE ( 'NONE', *, *, #878, .T. ) ;
#1782 = ORIENTED_EDGE ( 'NONE', *, *, #3467, .T. ) ;
#1783 = DIRECTION ( 'NONE',  ( 0.8376768486544285963, 0.000000000000000000, -0.5461661809636199072 ) ) ;
#1784 = CARTESIAN_POINT ( 'NONE',  ( -49.20153583355309479, 1433.079999999999927, -51.77420520022768358 ) ) ;
#1785 = LINE ( 'NONE', #2180, #1817 ) ;
#1786 = LINE ( 'NONE', #1168, #4009 ) ;
#1787 = CARTESIAN_POINT ( 'NONE',  ( -256.7794921707696290, 1433.079999999999927, 7.175935368848862517 ) ) ;
#1788 = CARTESIAN_POINT ( 'NONE',  ( -260.7629341021873870, 1432.079999999999927, 6.944829825276606527 ) ) ;
#1789 = CARTESIAN_POINT ( 'NONE',  ( -112.8759871213101178, 1432.079999999999927, 3.035661502869943629 ) ) ;
#1790 = ORIENTED_EDGE ( 'NONE', *, *, #2122, .T. ) ;
#1791 = EDGE_CURVE ( 'NONE', #2716, #3438, #2423, .T. ) ;
#1792 = CARTESIAN_POINT ( 'NONE',  ( -92.49999999999820943, 1437.079999999999927, 16.74722354252501688 ) ) ;
#1793 = VECTOR ( 'NONE', #2729, 1000.000000000000114 ) ;
#1794 = CARTESIAN_POINT ( 'NONE',  ( -203.8710170635361578, 1433.079999999999927, 18.91889305117460651 ) ) ;
#1795 = CARTESIAN_POINT ( 'NONE',  ( -80.42685347601847923, 1433.079999999999927, -84.63224460233963953 ) ) ;
#1796 = ORIENTED_EDGE ( 'NONE', *, *, #2539, .F. ) ;
#1797 = ORIENTED_EDGE ( 'NONE', *, *, #1561, .T. ) ;
#1798 = DIRECTION ( 'NONE',  ( -0.7248872777926399502, 0.000000000000000000, 0.6888675014067480173 ) ) ;
#1799 = EDGE_CURVE ( 'NONE', #1940, #3155, #826, .T. ) ;
#1800 = ORIENTED_EDGE ( 'NONE', *, *, #1438, .F. ) ;
#1801 = ORIENTED_EDGE ( 'NONE', *, *, #2723, .T. ) ;
#1802 = CARTESIAN_POINT ( 'NONE',  ( -116.6994142980007751, 1432.079999999999927, 8.683379740353986520 ) ) ;
#1803 = CARTESIAN_POINT ( 'NONE',  ( -104.2954391588634167, 1432.079999999999927, -109.7488803342690176 ) ) ;
#1804 = EDGE_CURVE ( 'NONE', #415, #765, #4000, .T. ) ;
#1805 = LINE ( 'NONE', #2818, #1427 ) ;
#1806 = EDGE_CURVE ( 'NONE', #545, #3337, #3066, .T. ) ;
#1807 = CARTESIAN_POINT ( 'NONE',  ( -266.5886069382466985, 1432.079999999999927, 9.579359346246572926 ) ) ;
#1808 = PLANE ( 'NONE',  #3963 ) ;
#1809 = CARTESIAN_POINT ( 'NONE',  ( -132.6206067204130932, 1433.079999999999927, 26.93947749193012697 ) ) ;
#1810 = ORIENTED_EDGE ( 'NONE', *, *, #3108, .F. ) ;
#1811 = PLANE ( 'NONE',  #2392 ) ;
#1812 = CARTESIAN_POINT ( 'NONE',  ( -111.7890298152394166, 1432.079999999999927, 11.46489243595242691 ) ) ;
#1813 = DIRECTION ( 'NONE',  ( -0.7248872777926327338, 0.000000000000000000, 0.6888675014067557889 ) ) ;
#1814 = EDGE_CURVE ( 'NONE', #1114, #610, #2755, .T. ) ;
#1815 = ORIENTED_EDGE ( 'NONE', *, *, #372, .F. ) ;
#1816 = ORIENTED_EDGE ( 'NONE', *, *, #1561, .F. ) ;
#1817 = VECTOR ( 'NONE', #1482, 1000.000000000000114 ) ;
#1818 = CARTESIAN_POINT ( 'NONE',  ( -227.5076778612757948, 1432.079999999999927, 8.453911112217982193 ) ) ;
#1819 = LINE ( 'NONE', #3767, #457 ) ;
#1820 = EDGE_CURVE ( 'NONE', #3478, #1899, #806, .T. ) ;
#1821 = VERTEX_POINT ( 'NONE', #1496 ) ;
#1822 = VECTOR ( 'NONE', #2763, 1000.000000000000114 ) ;
#1823 = VERTEX_POINT ( 'NONE', #3629 ) ;
#1824 =( GEOMETRIC_REPRESENTATION_CONTEXT ( 3 ) GLOBAL_UNCERTAINTY_ASSIGNED_CONTEXT ( ( #1845 ) ) GLOBAL_UNIT_ASSIGNED_CONTEXT ( ( #3031, #2117, #1419 ) ) REPRESENTATION_CONTEXT ( 'NONE', 'WORKASPACE' ) );
#1825 = CARTESIAN_POINT ( 'NONE',  ( -132.3252790877544953, 1433.079999999999927, 25.56367482687227621 ) ) ;
#1826 = CARTESIAN_POINT ( 'NONE',  ( -166.9276137519881047, 1432.079999999999472, 24.21216429850676022 ) ) ;
#1827 = DIRECTION ( 'NONE',  ( -0.000000000000000000, -1.000000000000000000, -0.000000000000000000 ) ) ;
#1828 = CARTESIAN_POINT ( 'NONE',  ( -113.3033073900973449, 1437.079999999999927, 7.716868825675275545 ) ) ;
#1829 = FACE_OUTER_BOUND ( 'NONE', #1036, .T. ) ;
#1830 = CARTESIAN_POINT ( 'NONE',  ( -148.5690912469584077, 1432.079999999999927, 9.556892805854815265 ) ) ;
#1831 = EDGE_LOOP ( 'NONE', ( #3057, #1664, #2113, #3228 ) ) ;
#1832 = DIRECTION ( 'NONE',  ( 0.7248872777926378408, 0.000000000000000000, -0.6888675014067503488 ) ) ;
#1833 = LINE ( 'NONE', #3159, #3682 ) ;
#1834 = LINE ( 'NONE', #3100, #1332 ) ;
#1835 = VERTEX_POINT ( 'NONE', #2071 ) ;
#1836 = EDGE_LOOP ( 'NONE', ( #1556, #2009, #1989, #374 ) ) ;
#1837 = LINE ( 'NONE', #631, #2325 ) ;
#1838 = LINE ( 'NONE', #2192, #1182 ) ;
#1839 = ORIENTED_EDGE ( 'NONE', *, *, #3295, .T. ) ;
#1840 = VECTOR ( 'NONE', #1993, 1000.000000000000000 ) ;
#1841 = VERTEX_POINT ( 'NONE', #2680 ) ;
#1842 = EDGE_CURVE ( 'NONE', #2330, #1991, #3359, .T. ) ;
#1843 = CARTESIAN_POINT ( 'NONE',  ( -238.2618435604907745, 1433.079999999999927, 8.623513685525212580 ) ) ;
#1844 = CARTESIAN_POINT ( 'NONE',  ( -204.3486025323560966, 1433.079999999999927, 18.26912735972595314 ) ) ;
#1845 = UNCERTAINTY_MEASURE_WITH_UNIT (LENGTH_MEASURE( 1.000000000000000082E-05 ), #3031, 'distance_accuracy_value', 'NONE');
#1846 = CARTESIAN_POINT ( 'NONE',  ( -221.3926199760128100, 1433.079999999999700, 15.71882597912976820 ) ) ;
#1847 = CARTESIAN_POINT ( 'NONE',  ( -140.7803349292970836, 1432.079999999999927, 26.53285290016496845 ) ) ;
#1848 = EDGE_CURVE ( 'NONE', #3096, #3585, #1158, .T. ) ;
#1849 = DIRECTION ( 'NONE',  ( -0.9996497148847962588, 0.000000000000000000, 0.02646596929541076421 ) ) ;
#1850 = LINE ( 'NONE', #4054, #3817 ) ;
#1851 = ORIENTED_EDGE ( 'NONE', *, *, #2308, .F. ) ;
#1852 = DIRECTION ( 'NONE',  ( -0.8376768486538581637, 0.000000000000000000, 0.5461661809644947629 ) ) ;
#1853 = DIRECTION ( 'NONE',  ( 0.01060253998774570924, 0.000000000000000000, -0.9999437914932058913 ) ) ;
#1854 = ORIENTED_EDGE ( 'NONE', *, *, #578, .T. ) ;
#1855 = ORIENTED_EDGE ( 'NONE', *, *, #1385, .F. ) ;
#1856 = CARTESIAN_POINT ( 'NONE',  ( -190.0016062546593503, 1433.079999999999927, 21.15314922799253594 ) ) ;
#1857 = CARTESIAN_POINT ( 'NONE',  ( -265.8557205421092817, 1432.079999999999927, 6.670256816194243932 ) ) ;
#1858 = DIRECTION ( 'NONE',  ( 0.8530756398719007150, 0.000000000000000000, -0.5217872676265177256 ) ) ;
#1859 = VECTOR ( 'NONE', #3930, 1000.000000000000114 ) ;
#1860 = ADVANCED_FACE ( 'NONE', ( #3005 ), #1727, .F. ) ;
#1861 = ORIENTED_EDGE ( 'NONE', *, *, #1059, .F. ) ;
#1862 = AXIS2_PLACEMENT_3D ( 'NONE', #3602, #3929, #1088 ) ;
#1863 = EDGE_CURVE ( 'NONE', #944, #1684, #3938, .T. ) ;
#1864 = ORIENTED_EDGE ( 'NONE', *, *, #3308, .F. ) ;
#1865 = VECTOR ( 'NONE', #2674, 1000.000000000000000 ) ;
#1866 = CARTESIAN_POINT ( 'NONE',  ( -164.4189516322942950, 1433.079999999999927, 23.02218692096814934 ) ) ;
#1867 = VECTOR ( 'NONE', #1132, 1000.000000000000114 ) ;
#1868 = CARTESIAN_POINT ( 'NONE',  ( -252.0785529173849113, 1432.079999999999927, 7.428040944299487691 ) ) ;
#1869 = EDGE_CURVE ( 'NONE', #2711, #3537, #1455, .T. ) ;
#1870 = CARTESIAN_POINT ( 'NONE',  ( -49.20153583355309479, 1433.079999999999927, -51.77420520022768358 ) ) ;
#1871 = CARTESIAN_POINT ( 'NONE',  ( -251.6104412495296856, 1437.079999999999927, 6.667546580856927640 ) ) ;
#1872 = AXIS2_PLACEMENT_3D ( 'NONE', #444, #2715, #1783 ) ;
#1873 = DIRECTION ( 'NONE',  ( -0.7248872777926379518, 0.000000000000000000, 0.6888675014067501268 ) ) ;
#1874 = DIRECTION ( 'NONE',  ( -0.000000000000000000, -1.000000000000000000, -0.000000000000000000 ) ) ;
#1875 = ORIENTED_EDGE ( 'NONE', *, *, #3577, .F. ) ;
#1876 = CARTESIAN_POINT ( 'NONE',  ( -185.6189877027449597, 1437.079999999999927, 12.12471130904598127 ) ) ;
#1877 = VECTOR ( 'NONE', #815, 1000.000000000000000 ) ;
#1878 = DIRECTION ( 'NONE',  ( -0.2442954651673957256, 0.000000000000000000, 0.9697008434041118896 ) ) ;
#1879 = ORIENTED_EDGE ( 'NONE', *, *, #701, .F. ) ;
#1880 = VERTEX_POINT ( 'NONE', #2989 ) ;
#1881 = CARTESIAN_POINT ( 'NONE',  ( -190.7528261741830136, 1433.079999999999927, 21.03932599842006823 ) ) ;
#1882 = CARTESIAN_POINT ( 'NONE',  ( -265.3338636067466041, 1432.079999999999927, 6.801727551362758639 ) ) ;
#1883 = FACE_OUTER_BOUND ( 'NONE', #446, .T. ) ;
#1884 = EDGE_CURVE ( 'NONE', #1725, #2381, #768, .T. ) ;
#1885 = VERTEX_POINT ( 'NONE', #3339 ) ;
#1886 = CARTESIAN_POINT ( 'NONE',  ( -123.3137327467877640, 1432.079999999999927, 27.25623171729949945 ) ) ;
#1887 = AXIS2_PLACEMENT_3D ( 'NONE', #3488, #2858, #1599 ) ;
#1888 = LINE ( 'NONE', #2116, #12 ) ;
#1889 = VECTOR ( 'NONE', #1569, 1000.000000000000000 ) ;
#1890 = DIRECTION ( 'NONE',  ( -0.06567303980429951837, 0.000000000000000000, 0.9978411957034358792 ) ) ;
#1891 = CARTESIAN_POINT ( 'NONE',  ( -132.8079613817489815, 1520.960000000000036, 8.488640521341494605 ) ) ;
#1892 = DIRECTION ( 'NONE',  ( -0.7248872777926330668, 0.000000000000000000, 0.6888675014067552338 ) ) ;
#1893 = VERTEX_POINT ( 'NONE', #182 ) ;
#1894 = EDGE_CURVE ( 'NONE', #3838, #1899, #3303, .T. ) ;
#1895 = FACE_OUTER_BOUND ( 'NONE', #3355, .T. ) ;
#1896 = DIRECTION ( 'NONE',  ( -0.2442954651673957256, 0.000000000000000000, 0.9697008434041118896 ) ) ;
#1897 = PLANE ( 'NONE',  #2422 ) ;
#1898 = ORIENTED_EDGE ( 'NONE', *, *, #1005, .T. ) ;
#1899 = VERTEX_POINT ( 'NONE', #3320 ) ;
#1900 = CARTESIAN_POINT ( 'NONE',  ( -266.3727187654357067, 1520.960000000000036, 3.583167371676564628 ) ) ;
#1901 = CARTESIAN_POINT ( 'NONE',  ( -101.4282823775221232, 1433.079999999999927, 92.93846047869827487 ) ) ;
#1902 = CARTESIAN_POINT ( 'NONE',  ( -65.32499969352929270, 1433.079999999999927, -106.8005475999412823 ) ) ;
#1903 = EDGE_LOOP ( 'NONE', ( #3805, #1580, #371, #658 ) ) ;
#1904 = EDGE_LOOP ( 'NONE', ( #1235, #989, #1519, #2857 ) ) ;
#1905 = DIRECTION ( 'NONE',  ( 0.000000000000000000, -1.000000000000000000, 0.000000000000000000 ) ) ;
#1906 = VECTOR ( 'NONE', #1218, 1000.000000000000000 ) ;
#1907 = DIRECTION ( 'NONE',  ( 0.000000000000000000, 0.000000000000000000, -1.000000000000000000 ) ) ;
#1908 = CARTESIAN_POINT ( 'NONE',  ( -264.6795704296176268, 1432.079999999999927, 5.899739385248923718 ) ) ;
#1909 = CARTESIAN_POINT ( 'NONE',  ( -128.1061509150808320, 1437.079999999999927, 27.97564465478143347 ) ) ;
#1910 = ADVANCED_FACE ( 'NONE', ( #2696 ), #165, .F. ) ;
#1911 = ORIENTED_EDGE ( 'NONE', *, *, #3641, .F. ) ;
#1912 = EDGE_CURVE ( 'NONE', #545, #3536, #2702, .T. ) ;
#1913 = FACE_BOUND ( 'NONE', #2897, .T. ) ;
#1914 = FACE_OUTER_BOUND ( 'NONE', #1159, .T. ) ;
#1915 = DIRECTION ( 'NONE',  ( 0.000000000000000000, -1.000000000000000000, 0.000000000000000000 ) ) ;
#1916 = ORIENTED_EDGE ( 'NONE', *, *, #1392, .T. ) ;
#1917 = ORIENTED_EDGE ( 'NONE', *, *, #3356, .F. ) ;
#1918 = CARTESIAN_POINT ( 'NONE',  ( -128.9236941600217108, 1433.079999999999927, 122.5174531115823271 ) ) ;
#1919 = EDGE_CURVE ( 'NONE', #3860, #289, #3979, .T. ) ;
#1920 = PLANE ( 'NONE',  #2973 ) ;
#1921 = CARTESIAN_POINT ( 'NONE',  ( -256.8343786850404058, 1432.079999999999927, 8.059280522143918546 ) ) ;
#1922 = DIRECTION ( 'NONE',  ( 0.000000000000000000, -1.000000000000000000, 0.000000000000000000 ) ) ;
#1923 = EDGE_LOOP ( 'NONE', ( #2420, #2232, #1663 ) ) ;
#1924 = DIRECTION ( 'NONE',  ( -0.6888675014067556779, 0.000000000000000000, -0.7248872777926326227 ) ) ;
#1925 = ORIENTED_EDGE ( 'NONE', *, *, #933, .T. ) ;
#1926 = ORIENTED_EDGE ( 'NONE', *, *, #2347, .F. ) ;
#1927 = EDGE_CURVE ( 'NONE', #575, #937, #1819, .T. ) ;
#1928 = LINE ( 'NONE', #3925, #3127 ) ;
#1929 = CARTESIAN_POINT ( 'NONE',  ( -134.1085022721686641, 1432.079999999999927, 3.550555210029314956 ) ) ;
#1930 = VERTEX_POINT ( 'NONE', #1 ) ;
#1931 = CARTESIAN_POINT ( 'NONE',  ( -285.2692632531441745, 1520.960000000000036, 4.587123813238129344 ) ) ;
#1932 = DIRECTION ( 'NONE',  ( -0.9286912196815906295, 0.000000000000000000, 0.3708539045046170823 ) ) ;
#1933 = ORIENTED_EDGE ( 'NONE', *, *, #1371, .T. ) ;
#1934 = EDGE_LOOP ( 'NONE', ( #2957, #3142, #1939, #411, #1433 ) ) ;
#1935 = CARTESIAN_POINT ( 'NONE',  ( -186.0164287401526622, 1432.079999999999927, 21.75117456737059030 ) ) ;
#1936 = CARTESIAN_POINT ( 'NONE',  ( -295.2192840322443317, 1520.959999999999809, 1.574556936932530737 ) ) ;
#1937 = CARTESIAN_POINT ( 'NONE',  ( -253.5702622210754953, 1433.079999999999927, 8.831944532698685180 ) ) ;
#1938 = DIRECTION ( 'NONE',  ( -0.7248872777926392841, 0.000000000000000000, 0.6888675014067486835 ) ) ;
#1939 = ORIENTED_EDGE ( 'NONE', *, *, #3299, .F. ) ;
#1940 = VERTEX_POINT ( 'NONE', #3458 ) ;
#1941 = ORIENTED_EDGE ( 'NONE', *, *, #2726, .F. ) ;
#1943 = EDGE_CURVE ( 'NONE', #1336, #2694, #1262, .T. ) ;
#1942 = LINE ( 'NONE', #1395, #2622 ) ;
#1944 = ORIENTED_EDGE ( 'NONE', *, *, #2569, .F. ) ;
#1945 = VECTOR ( 'NONE', #2594, 1000.000000000000000 ) ;
#1946 = ORIENTED_EDGE ( 'NONE', *, *, #1738, .T. ) ;
#1947 = LINE ( 'NONE', #399, #55 ) ;
#1948 = PLANE ( 'NONE',  #2878 ) ;
#1949 = AXIS2_PLACEMENT_3D ( 'NONE', #1229, #1528, #2494 ) ;
#1950 = EDGE_CURVE ( 'NONE', #2343, #3076, #3709, .T. ) ;
#1951 = ORIENTED_EDGE ( 'NONE', *, *, #2898, .T. ) ;
#1952 = CARTESIAN_POINT ( 'NONE',  ( -272.0829353890873676, 1432.079999999999927, 8.182179439941577925 ) ) ;
#1953 = DIRECTION ( 'NONE',  ( -0.000000000000000000, -1.000000000000000000, -0.000000000000000000 ) ) ;
#1954 = DIRECTION ( 'NONE',  ( 0.5217872676265156162, 0.000000000000000000, 0.8530756398719019362 ) ) ;
#1955 = EDGE_LOOP ( 'NONE', ( #981, #1330, #3790, #3397 ) ) ;
#1956 = VERTEX_POINT ( 'NONE', #572 ) ;
#1957 = CARTESIAN_POINT ( 'NONE',  ( -112.8759871213101178, 1437.079999999999927, 3.035661502869943629 ) ) ;
#1958 = FACE_OUTER_BOUND ( 'NONE', #3627, .T. ) ;
#1959 = CARTESIAN_POINT ( 'NONE',  ( -190.0016062456336954, 1432.079999999999927, 21.15314922935498387 ) ) ;
#1960 = DIRECTION ( 'NONE',  ( 0.000000000000000000, -1.000000000000000000, 0.000000000000000000 ) ) ;
#1961 = CARTESIAN_POINT ( 'NONE',  ( -214.0218838902799519, 1433.080000000000382, 8.863162326893021969 ) ) ;
#1962 = ORIENTED_EDGE ( 'NONE', *, *, #1491, .F. ) ;
#1963 = ORIENTED_EDGE ( 'NONE', *, *, #1919, .F. ) ;
#1964 = DIRECTION ( 'NONE',  ( 0.7241518884010734736, 0.000000000000000000, 0.6896405168819181863 ) ) ;
#1965 = PRODUCT_DEFINITION ( 'UNKNOWN', '', #2359, #271 ) ;
#1966 = ORIENTED_EDGE ( 'NONE', *, *, #1261, .T. ) ;
#1967 = VERTEX_POINT ( 'NONE', #2501 ) ;
#1968 = CYLINDRICAL_SURFACE ( 'NONE', #608, 9.000000000001179501 ) ;
#1969 = AXIS2_PLACEMENT_3D ( 'NONE', #2052, #148, #3689 ) ;
#1970 = CARTESIAN_POINT ( 'NONE',  ( -252.0785529173849113, 1432.079999999999927, 7.428040944299487691 ) ) ;
#1971 = ORIENTED_EDGE ( 'NONE', *, *, #3284, .F. ) ;
#1972 = FACE_BOUND ( 'NONE', #1923, .T. ) ;
#1973 = EDGE_CURVE ( 'NONE', #3247, #1991, #2780, .T. ) ;
#1974 = CARTESIAN_POINT ( 'NONE',  ( -272.0829353896130556, 1432.079999999999927, 8.182179439804075471 ) ) ;
#1975 = CARTESIAN_POINT ( 'NONE',  ( -113.8284090695293997, 1432.079999999999927, 28.12009005537213113 ) ) ;
#1976 = ORIENTED_EDGE ( 'NONE', *, *, #218, .F. ) ;
#1977 = DIRECTION ( 'NONE',  ( 0.8137065930674871606, 0.000000000000000000, 0.5812758212746363951 ) ) ;
#1978 = LINE ( 'NONE', #736, #975 ) ;
#1979 = CARTESIAN_POINT ( 'NONE',  ( -263.0120511331678017, 1520.960000000000036, 6.006438146370859599 ) ) ;
#1980 = ORIENTED_EDGE ( 'NONE', *, *, #1943, .T. ) ;
#1981 = CARTESIAN_POINT ( 'NONE',  ( -232.7573189821663959, 1432.079999999999927, 13.43332594171979544 ) ) ;
#1982 = CARTESIAN_POINT ( 'NONE',  ( -260.7629341024542100, 1437.079999999999927, 6.944829825260569578 ) ) ;
#1983 = VECTOR ( 'NONE', #3642, 1000.000000000000114 ) ;
#1984 = EDGE_LOOP ( 'NONE', ( #2480, #845, #2164 ) ) ;
#1985 = VERTEX_POINT ( 'NONE', #1554 ) ;
#1986 = EDGE_CURVE ( 'NONE', #717, #2479, #3145, .T. ) ;
#1987 = CARTESIAN_POINT ( 'NONE',  ( -265.5219321234511085, 1520.960000000000036, 2.837808823346377185 ) ) ;
#1988 = ADVANCED_FACE ( 'NONE', ( #247 ), #723, .F. ) ;
#1989 = ORIENTED_EDGE ( 'NONE', *, *, #933, .F. ) ;
#1990 = EDGE_CURVE ( 'NONE', #2563, #3276, #4024, .T. ) ;
#1991 = VERTEX_POINT ( 'NONE', #2462 ) ;
#1992 = AXIS2_PLACEMENT_3D ( 'NONE', #576, #326, #40 ) ;
#1993 = DIRECTION ( 'NONE',  ( -0.000000000000000000, -1.000000000000000000, -0.000000000000000000 ) ) ;
#1994 = EDGE_CURVE ( 'NONE', #396, #2208, #1180, .T. ) ;
#1995 = CARTESIAN_POINT ( 'NONE',  ( -233.2191333188851843, 1432.079999999999927, 12.76857277731329532 ) ) ;
#1996 = ORIENTED_EDGE ( 'NONE', *, *, #748, .F. ) ;
#1997 = DIRECTION ( 'NONE',  ( 0.02646596929540921336, 0.000000000000000000, 0.9996497148847962588 ) ) ;
#1998 = AXIS2_PLACEMENT_3D ( 'NONE', #1347, #3605, #3584 ) ;
#1999 = DIRECTION ( 'NONE',  ( 0.7248872777926391731, 0.000000000000000000, -0.6888675014067489055 ) ) ;
#2000 = CARTESIAN_POINT ( 'NONE',  ( -112.7120578240560604, 1432.079999999999927, 28.11340712263209340 ) ) ;
#2001 = AXIS2_PLACEMENT_3D ( 'NONE', #2728, #2439, #1196 ) ;
#2002 = CARTESIAN_POINT ( 'NONE',  ( -290.1604015055179389, 1432.079999999999927, 1.637864100023359581 ) ) ;
#2003 = DIRECTION ( 'NONE',  ( 0.6888675014067491276, 0.000000000000000000, 0.7248872777926389510 ) ) ;
#2004 = DIRECTION ( 'NONE',  ( 0.000000000000000000, -1.000000000000000000, 0.000000000000000000 ) ) ;
#2005 = ORIENTED_EDGE ( 'NONE', *, *, #514, .T. ) ;
#2006 = VECTOR ( 'NONE', #2882, 1000.000000000000000 ) ;
#2007 = CARTESIAN_POINT ( 'NONE',  ( -99.99778022952409628, 1433.079999999999927, 23.97971956385087111 ) ) ;
#2008 = LINE ( 'NONE', #2966, #2666 ) ;
#2009 = ORIENTED_EDGE ( 'NONE', *, *, #3461, .F. ) ;
#2010 = VERTEX_POINT ( 'NONE', #865 ) ;
#2011 = CARTESIAN_POINT ( 'NONE',  ( -282.4215676329395706, 1432.079999999999700, 1.563290641976436968 ) ) ;
#2012 = EDGE_CURVE ( 'NONE', #1725, #2486, #1838, .T. ) ;
#2013 = AXIS2_PLACEMENT_3D ( 'NONE', #2060, #235, #1507 ) ;
#2014 = ORIENTED_EDGE ( 'NONE', *, *, #1612, .T. ) ;
#2015 = EDGE_LOOP ( 'NONE', ( #3106, #2086, #3212, #683, #1356 ) ) ;
#2016 = PLANE ( 'NONE',  #1680 ) ;
#2017 = CARTESIAN_POINT ( 'NONE',  ( -254.0872411095337213, 1432.079999999999927, 7.323425104572359068 ) ) ;
#2018 = CLOSED_SHELL ( 'NONE', ( #2991, #3027, #997, #3035, #2886, #3876, #1376, #2774, #3595, #1406, #1673, #2442, #704, #3388, #1543, #755, #3169, #2349, #2165, #2659, #1436, #2179, #3800, #2319, #348, #4091, #1067, #344, #3592, #3465, #2866, #638, #3510, #988, #3081, #1770, #329, #3586, #1751, #2526, #2901, #585, #3223, #1084, #2862, #3637, #2425, #3213, #1499, #727, #400, #807, #1910, #2843, #206, #3338, #1682, #2730, #1039, #3710, #4075, #3134, #2253, #200, #3235, #1457, #2838, #2778, #1860, #886, #947, #872, #1117, #1189, #2046, #2135, #2589, #1277, #4003, #1109, #714, #1988, #2938, #3903, #452, #290, #2485, #3333, #2118, #1696, #2855 ) ) ;
#2019 = CARTESIAN_POINT ( 'NONE',  ( -270.6058122691731000, 1520.960000000000036, 7.731282320555692422 ) ) ;
#2020 = CARTESIAN_POINT ( 'NONE',  ( 0.000000000000000000, 1437.079999999999927, 0.000000000000000000 ) ) ;
#2021 = LINE ( 'NONE', #1024, #3271 ) ;
#2022 = CARTESIAN_POINT ( 'NONE',  ( -148.5690912469584077, 1432.079999999999927, 9.556892805854815265 ) ) ;
#2023 = VECTOR ( 'NONE', #211, 1000.000000000000114 ) ;
#2024 = CARTESIAN_POINT ( 'NONE',  ( -114.4461369841751406, 1433.079999999999927, 8.572950441632396945 ) ) ;
#2025 = CARTESIAN_POINT ( 'NONE',  ( -275.1101811045251111, 1432.079999999999927, 6.552289714361143602 ) ) ;
#2026 = VECTOR ( 'NONE', #583, 999.9999999999998863 ) ;
#2027 = CARTESIAN_POINT ( 'NONE',  ( -190.0016062534441232, 1433.079999999999927, 21.15314922817598031 ) ) ;
#2028 = EDGE_LOOP ( 'NONE', ( #1085, #3810, #2784, #3590 ) ) ;
#2029 = CARTESIAN_POINT ( 'NONE',  ( -255.6456684878680221, 1433.079999999999927, 7.238874054433675376 ) ) ;
#2030 = PLANE ( 'NONE',  #1536 ) ;
#2031 = EDGE_LOOP ( 'NONE', ( #361, #3657, #2608, #1077 ) ) ;
#2032 = ORIENTED_EDGE ( 'NONE', *, *, #688, .F. ) ;
#2033 = CARTESIAN_POINT ( 'NONE',  ( -213.8485997193555193, 1433.079999999999927, 9.433716939735818485 ) ) ;
#2034 = ORIENTED_EDGE ( 'NONE', *, *, #2233, .F. ) ;
#2035 = CARTESIAN_POINT ( 'NONE',  ( -260.8337779118386379, 1437.079999999999927, 6.940564282543681074 ) ) ;
#2036 = EDGE_LOOP ( 'NONE', ( #1971, #738, #3905, #1453, #3522, #3550, #3137, #3830, #17, #1688, #170, #4101, #1078, #2365, #644, #3178, #2695, #1810, #2757, #2775, #2578, #2833, #1864, #227, #3084, #3140, #197, #1280, #2495, #2822 ) ) ;
#2037 = FACE_BOUND ( 'NONE', #1065, .T. ) ;
#2038 = DIRECTION ( 'NONE',  ( -0.000000000000000000, -1.000000000000000000, -0.000000000000000000 ) ) ;
#2039 =( BOUNDED_CURVE ( )  B_SPLINE_CURVE ( 3, ( #571, #3085, #1259, #3103 ),
 .UNSPECIFIED., .F., .F. ) 
 B_SPLINE_CURVE_WITH_KNOTS ( ( 4, 4 ),
 ( 1.879331243436174637, 2.689789384820443718 ),
 .UNSPECIFIED. ) 
 CURVE ( )  GEOMETRIC_REPRESENTATION_ITEM ( )  RATIONAL_B_SPLINE_CURVE ( ( 1.000000000000000000, 0.9460080766014709042, 0.9460080766014709042, 1.000000000000000000 ) ) 
 REPRESENTATION_ITEM ( '' )  );
#2040 = VECTOR ( 'NONE', #477, 999.9999999999998863 ) ;
#2041 = DIRECTION ( 'NONE',  ( -0.7241518884010734736, 0.000000000000000000, -0.6896405168819181863 ) ) ;
#2042 = CARTESIAN_POINT ( 'NONE',  ( -83.70945874280815246, 1433.079999999999927, 79.54992100822235557 ) ) ;
#2043 = EDGE_CURVE ( 'NONE', #3028, #1177, #3526, .T. ) ;
#2044 = CARTESIAN_POINT ( 'NONE',  ( -270.6058122691731000, 1520.960000000000036, 7.731282320555692422 ) ) ;
#2045 = PLANE ( 'NONE',  #3454 ) ;
#2046 = ADVANCED_FACE ( 'NONE', ( #4062 ), #2153, .F. ) ;
#2047 = CARTESIAN_POINT ( 'NONE',  ( -255.0873318177361284, 1433.079999999999927, 7.269166099123650859 ) ) ;
#2048 = FACE_OUTER_BOUND ( 'NONE', #570, .T. ) ;
#2049 = EDGE_CURVE ( 'NONE', #594, #3477, #3419, .T. ) ;
#2050 = ORIENTED_EDGE ( 'NONE', *, *, #1804, .T. ) ;
#2051 = ORIENTED_EDGE ( 'NONE', *, *, #3266, .F. ) ;
#2052 = CARTESIAN_POINT ( 'NONE',  ( -148.8736908028978974, 1433.079999999999927, 1.598898269525319327 ) ) ;
#2053 = ORIENTED_EDGE ( 'NONE', *, *, #2403, .T. ) ;
#2054 = EDGE_CURVE ( 'NONE', #1472, #2517, #2875, .T. ) ;
#2055 = LINE ( 'NONE', #1803, #799 ) ;
#2056 = PLANE ( 'NONE',  #2088 ) ;
#2057 = ORIENTED_EDGE ( 'NONE', *, *, #3266, .T. ) ;
#2058 = DIRECTION ( 'NONE',  ( -0.000000000000000000, -1.000000000000000000, -0.000000000000000000 ) ) ;
#2059 = VECTOR ( 'NONE', #1706, 1000.000000000000000 ) ;
#2060 = CARTESIAN_POINT ( 'NONE',  ( -164.9945637137987831, 1433.079999999999927, 9.631325334794965443 ) ) ;
#2061 = EDGE_CURVE ( 'NONE', #3536, #4080, #77, .T. ) ;
#2062 = DIRECTION ( 'NONE',  ( -0.000000000000000000, -1.000000000000000000, -0.000000000000000000 ) ) ;
#2063 = CARTESIAN_POINT ( 'NONE',  ( -260.9867192135902769, 1437.079999999999927, 7.878685561044781238 ) ) ;
#2064 = VECTOR ( 'NONE', #2560, 1000.000000000000000 ) ;
#2065 = CARTESIAN_POINT ( 'NONE',  ( -114.4461369841751406, 1432.079999999999927, 8.572950441632396945 ) ) ;
#2066 = CARTESIAN_POINT ( 'NONE',  ( -167.4830527588412963, 1432.079999999999927, 9.625719651624425666 ) ) ;
#2067 = LINE ( 'NONE', #2767, #1477 ) ;
#2068 = DIRECTION ( 'NONE',  ( -0.02688405537842415011, 0.000000000000000000, -0.9996385584632127008 ) ) ;
#2069 = EDGE_LOOP ( 'NONE', ( #1642, #1115, #964, #3631 ) ) ;
#2070 = EDGE_LOOP ( 'NONE', ( #3690, #882, #3826, #1854 ) ) ;
#2071 = CARTESIAN_POINT ( 'NONE',  ( -164.3938168790713235, 1432.079999999999927, 9.632453036328874063 ) ) ;
#2072 = VERTEX_POINT ( 'NONE', #3814 ) ;
#2073 = EDGE_CURVE ( 'NONE', #3575, #888, #652, .T. ) ;
#2074 = CARTESIAN_POINT ( 'NONE',  ( -211.0565265721793935, 1437.079999999999927, 8.962763485681316311 ) ) ;
#2075 = ORIENTED_EDGE ( 'NONE', *, *, #4007, .T. ) ;
#2076 = DIRECTION ( 'NONE',  ( 0.000000000000000000, 0.000000000000000000, 1.000000000000000000 ) ) ;
#2077 = CARTESIAN_POINT ( 'NONE',  ( -155.5229316098780146, 1432.079999999999927, 9.623945755278430880 ) ) ;
#2078 = CARTESIAN_POINT ( 'NONE',  ( -260.8337779114352202, 1432.079999999999927, 6.940564282567973642 ) ) ;
#2079 = FACE_OUTER_BOUND ( 'NONE', #4060, .T. ) ;
#2080 = DIRECTION ( 'NONE',  ( -0.7348758801460661960, 0.000000000000000000, -0.6782016225132055931 ) ) ;
#2081 = B_SPLINE_CURVE_WITH_KNOTS ( 'NONE', 3,
 ( #3111, #2798, #934, #1586, #2782 ),
 .UNSPECIFIED., .F., .F.,
 ( 4, 1, 4 ),
 ( 0.8266410662914510654, 0.8494027461549495950, 0.8547559085613823937 ),
 .UNSPECIFIED. ) ;
#2082 = CARTESIAN_POINT ( 'NONE',  ( -66.52695322058222871, 1433.079999999999927, -70.00554086442703294 ) ) ;
#2083 = VECTOR ( 'NONE', #1208, 1000.000000000000000 ) ;
#2084 = DIRECTION ( 'NONE',  ( 0.000000000000000000, 1.000000000000000000, -0.000000000000000000 ) ) ;
#2085 = DIRECTION ( 'NONE',  ( -0.7248872777926342881, 0.000000000000000000, 0.6888675014067540125 ) ) ;
#2086 = ORIENTED_EDGE ( 'NONE', *, *, #620, .F. ) ;
#2087 = VERTEX_POINT ( 'NONE', #2565 ) ;
#2088 = AXIS2_PLACEMENT_3D ( 'NONE', #3050, #833, #2369 ) ;
#2089 = CARTESIAN_POINT ( 'NONE',  ( -177.9340017912533369, 1433.079999999999927, -1.886658415423741575 ) ) ;
#2090 = VERTEX_POINT ( 'NONE', #2256 ) ;
#2091 = ORIENTED_EDGE ( 'NONE', *, *, #4059, .F. ) ;
#2092 = CARTESIAN_POINT ( 'NONE',  ( -204.2549720000115201, 1433.079999999999927, 18.85326315187309376 ) ) ;
#2093 = PRODUCT_RELATED_PRODUCT_CATEGORY ( 'part', '', ( #2908 ) ) ;
#2094 = EDGE_CURVE ( 'NONE', #1319, #2114, #3892, .T. ) ;
#2095 = EDGE_CURVE ( 'NONE', #2792, #110, #3231, .T. ) ;
#2096 = CARTESIAN_POINT ( 'NONE',  ( -113.0233135672802405, 1437.079999999999927, 27.31498970425845485 ) ) ;
#2097 = B_SPLINE_CURVE_WITH_KNOTS ( 'NONE', 3,
 ( #1263, #3502, #2484, #653, #2, #2832, #1555, #343, #922 ),
 .UNSPECIFIED., .F., .F.,
 ( 4, 1, 1, 1, 1, 1, 4 ),
 ( 0.9389019328317700364, 0.9448400810633528213, 0.9507782292949357172, 0.9626545257581013981, 0.9745308222212671900, 0.9804689704528499750, 0.9864071186844328709 ),
 .UNSPECIFIED. ) ;
#2098 = LINE ( 'NONE', #1866, #1757 ) ;
#2099 = CARTESIAN_POINT ( 'NONE',  ( -129.5036039822503255, 1433.079999999999927, 123.0685471127015518 ) ) ;
#2100 = B_SPLINE_CURVE_WITH_KNOTS ( 'NONE', 3,
 ( #832, #1400, #2074, #1417, #1729, #773, #3362, #517, #3049, #2035 ),
 .UNSPECIFIED., .F., .F.,
 ( 4, 1, 1, 1, 1, 1, 1, 4 ),
 ( 0.8257716611427048381, 0.8494027461549495950, 0.8787945019262066726, 0.8934903798118352114, 0.9081862576974637502, 0.9228821355830922890, 0.9291378280682562885, 0.9294838303711485672 ),
 .UNSPECIFIED. ) ;
#2101 = CARTESIAN_POINT ( 'NONE',  ( -113.0233135672802547, 1432.079999999999927, 27.31498970425845130 ) ) ;
#2102 = FACE_OUTER_BOUND ( 'NONE', #53, .T. ) ;
#2103 = CARTESIAN_POINT ( 'NONE',  ( -267.1688184859922330, 1520.960000000000036, 8.607714735570466402 ) ) ;
#2104 = EDGE_CURVE ( 'NONE', #3234, #2614, #966, .T. ) ;
#2105 = VECTOR ( 'NONE', #632, 999.9999999999998863 ) ;
#2106 = DIRECTION ( 'NONE',  ( 0.000000000000000000, -1.000000000000000000, 0.000000000000000000 ) ) ;
#2107 = CARTESIAN_POINT ( 'NONE',  ( -253.5796452974664135, 1433.079999999999927, 8.346190340468108815 ) ) ;
#2108 = CARTESIAN_POINT ( 'NONE',  ( -244.8321065422305196, 1432.079999999999927, 7.777216704173523176 ) ) ;
#2109 = ORIENTED_EDGE ( 'NONE', *, *, #191, .F. ) ;
#2110 = ORIENTED_EDGE ( 'NONE', *, *, #2240, .F. ) ;
#2111 = DIRECTION ( 'NONE',  ( 0.3708539045046411742, 0.000000000000000000, 0.9286912196815810816 ) ) ;
#2112 = EDGE_CURVE ( 'NONE', #3651, #3515, #2611, .T. ) ;
#2113 = ORIENTED_EDGE ( 'NONE', *, *, #3009, .F. ) ;
#2114 = VERTEX_POINT ( 'NONE', #1611 ) ;
#2115 = CARTESIAN_POINT ( 'NONE',  ( -171.1374583195585330, 1437.080000000000155, 9.645899208250041212 ) ) ;
#2116 = CARTESIAN_POINT ( 'NONE',  ( -133.9566240984101739, 1433.079999999999927, 9.287166304838097020 ) ) ;
#2117 =( NAMED_UNIT ( * ) PLANE_ANGLE_UNIT ( ) SI_UNIT ( $, .RADIAN. ) );
#2118 = ADVANCED_FACE ( 'NONE', ( #408 ), #3269, .F. ) ;
#2119 = DIRECTION ( 'NONE',  ( 0.000000000000000000, 0.000000000000000000, 1.000000000000000000 ) ) ;
#2120 = CARTESIAN_POINT ( 'NONE',  ( -199.0850363344286791, 1437.079999999999700, 17.00309731254722578 ) ) ;
#2121 = DIRECTION ( 'NONE',  ( -0.000000000000000000, -1.000000000000000000, -0.000000000000000000 ) ) ;
#2122 = EDGE_CURVE ( 'NONE', #396, #2880, #1978, .T. ) ;
#2123 = CARTESIAN_POINT ( 'NONE',  ( -97.31973502765107753, 1433.079999999999927, -102.4084278262971566 ) ) ;
#2124 = CARTESIAN_POINT ( 'NONE',  ( -282.4215676321936712, 1432.079999999999927, 1.563290642043225098 ) ) ;
#2125 = ORIENTED_EDGE ( 'NONE', *, *, #926, .T. ) ;
#2126 = CARTESIAN_POINT ( 'NONE',  ( -225.0224362187566953, 1432.079999999999927, 15.05154234427599036 ) ) ;
#2127 = VECTOR ( 'NONE', #538, 1000.000000000000000 ) ;
#2128 = CARTESIAN_POINT ( 'NONE',  ( -258.7028822036019164, 1520.960000000000036, -42.17616278367351867 ) ) ;
#2129 = CARTESIAN_POINT ( 'NONE',  ( -133.1568151895789356, 1433.079999999999927, 9.266055488606522061 ) ) ;
#2130 = ORIENTED_EDGE ( 'NONE', *, *, #1059, .T. ) ;
#2131 = ORIENTED_EDGE ( 'NONE', *, *, #45, .T. ) ;
#2132 = CARTESIAN_POINT ( 'NONE',  ( -238.8043900228236964, 1433.079999999999927, 8.035481055062303923 ) ) ;
#2133 = CARTESIAN_POINT ( 'NONE',  ( -178.9948662403255355, 1433.079999999999927, 22.72094172497819997 ) ) ;
#2134 = EDGE_LOOP ( 'NONE', ( #1550, #977, #3113 ) ) ;
#2135 = ADVANCED_FACE ( 'NONE', ( #1283 ), #1920, .T. ) ;
#2136 = ORIENTED_EDGE ( 'NONE', *, *, #155, .F. ) ;
#2137 = EDGE_CURVE ( 'NONE', #3497, #998, #555, .T. ) ;
#2138 = DIRECTION ( 'NONE',  ( 0.000000000000000000, -1.000000000000000000, 0.000000000000000000 ) ) ;
#2139 = CARTESIAN_POINT ( 'NONE',  ( -175.0992433268711181, 1432.079999999999700, 23.23703682229184153 ) ) ;
#2140 = CARTESIAN_POINT ( 'NONE',  ( -165.1948187438384537, 1433.079999999999700, 9.630991950536779811 ) ) ;
#2141 = CARTESIAN_POINT ( 'NONE',  ( -135.8692035659279327, 1432.079999999999927, 26.79237269320573844 ) ) ;
#2142 = CARTESIAN_POINT ( 'NONE',  ( -249.6992184206701779, 1432.079999999999927, 7.548219356035560601 ) ) ;
#2143 = CARTESIAN_POINT ( 'NONE',  ( -194.9129271786084701, 1433.079999999999927, 9.302312362620199337 ) ) ;
#2144 = ORIENTED_EDGE ( 'NONE', *, *, #2641, .T. ) ;
#2145 = CARTESIAN_POINT ( 'NONE',  ( -124.3479217970621278, 1433.079999999999927, 118.1690516824992869 ) ) ;
#2146 = CARTESIAN_POINT ( 'NONE',  ( -290.1850476729540560, 1432.079999999999927, 2.279926096537914670 ) ) ;
#2147 = CARTESIAN_POINT ( 'NONE',  ( -113.0233135672802405, 1437.079999999999927, 27.31498970425845485 ) ) ;
#2148 = EDGE_LOOP ( 'NONE', ( #95, #2285, #4085, #180, #3378, #615, #84, #4055, #3849, #109, #3596, #3256 ) ) ;
#2149 = EDGE_LOOP ( 'NONE', ( #3297, #2540, #1184, #628 ) ) ;
#2150 = VECTOR ( 'NONE', #2740, 1000.000000000000000 ) ;
#2151 = CARTESIAN_POINT ( 'NONE',  ( -265.3338636067466041, 1520.960000000000036, 6.801727551362758639 ) ) ;
#2152 = VECTOR ( 'NONE', #2994, 1000.000000000000000 ) ;
#2153 = PLANE ( 'NONE',  #2175 ) ;
#2154 = ORIENTED_EDGE ( 'NONE', *, *, #2467, .F. ) ;
#2155 = VECTOR ( 'NONE', #2932, 1000.000000000000000 ) ;
#2156 = ORIENTED_EDGE ( 'NONE', *, *, #2362, .F. ) ;
#2157 = EDGE_CURVE ( 'NONE', #2517, #3962, #1655, .T. ) ;
#2158 = LINE ( 'NONE', #3423, #2127 ) ;
#2159 = LINE ( 'NONE', #1844, #2854 ) ;
#2160 = CARTESIAN_POINT ( 'NONE',  ( -195.6463559078458445, 1437.079999999999927, 20.27733546108195739 ) ) ;
#2161 = CARTESIAN_POINT ( 'NONE',  ( -133.5305144212685775, 1433.079999999999927, 25.38181269808915630 ) ) ;
#2162 = CARTESIAN_POINT ( 'NONE',  ( -132.9089226143069311, 1433.079999999999927, 3.518796046875030559 ) ) ;
#2163 = DIRECTION ( 'NONE',  ( 0.000000000000000000, -1.000000000000000000, 0.000000000000000000 ) ) ;
#2164 = ORIENTED_EDGE ( 'NONE', *, *, #635, .T. ) ;
#2165 = ADVANCED_FACE ( 'NONE', ( #1958 ), #1346, .T. ) ;
#2166 = CARTESIAN_POINT ( 'NONE',  ( -185.6189877027449597, 1437.079999999999927, 12.12471130904598304 ) ) ;
#2167 = EDGE_CURVE ( 'NONE', #416, #3867, #3914, .T. ) ;
#2168 = CARTESIAN_POINT ( 'NONE',  ( -100.5531540498221545, 1437.079999999999927, 11.16271731101023512 ) ) ;
#2169 = ORIENTED_EDGE ( 'NONE', *, *, #1618, .T. ) ;
#2170 = ORIENTED_EDGE ( 'NONE', *, *, #3524, .T. ) ;
#2171 = CARTESIAN_POINT ( 'NONE',  ( -198.3885955791789684, 1432.079999999999927, 19.84048583434266178 ) ) ;
#2172 = CARTESIAN_POINT ( 'NONE',  ( -242.5546761553364092, 1433.079999999999927, 11.33505664491636189 ) ) ;
#2173 = CARTESIAN_POINT ( 'NONE',  ( -200.4954640087551923, 1432.079999999999927, 8.438484520300974623 ) ) ;
#2174 = ORIENTED_EDGE ( 'NONE', *, *, #1261, .F. ) ;
#2175 = AXIS2_PLACEMENT_3D ( 'NONE', #1901, #553, #885 ) ;
#2176 = EDGE_CURVE ( 'NONE', #676, #2903, #2962, .T. ) ;
#2177 = VERTEX_POINT ( 'NONE', #938 ) ;
#2178 = DIRECTION ( 'NONE',  ( 0.6755766284707362956, 0.000000000000000000, 0.7372897795738881932 ) ) ;
#2179 = ADVANCED_FACE ( 'NONE', ( #2844, #1252, #1913, #13, #2885, #3533, #2514, #336, #1276, #49, #684, #3782, #3156, #1605, #2534, #959, #3555, #3806, #3864, #2559, #1895, #708, #1972, #355, #2209, #3239, #2228, #3474, #3512 ), #3494, .F. ) ;
#2180 = CARTESIAN_POINT ( 'NONE',  ( -69.44017073450980604, 1433.079999999999927, -106.5031585959443703 ) ) ;
#2181 = LINE ( 'NONE', #2509, #1687 ) ;
#2182 = DIRECTION ( 'NONE',  ( 0.6888675014067501268, 0.000000000000000000, 0.7248872777926379518 ) ) ;
#2183 = VECTOR ( 'NONE', #3728, 1000.000000000000114 ) ;
#2184 = CARTESIAN_POINT ( 'NONE',  ( -204.3486025323560966, 1432.079999999999927, 18.26912735972595314 ) ) ;
#2185 = EDGE_LOOP ( 'NONE', ( #3831, #1800, #883, #2218 ) ) ;
#2186 = EDGE_CURVE ( 'NONE', #354, #3090, #1647, .T. ) ;
#2187 = CARTESIAN_POINT ( 'NONE',  ( -148.7718042799483555, 1432.079999999999927, 11.08556981309512501 ) ) ;
#2188 = CARTESIAN_POINT ( 'NONE',  ( -89.62753892102892905, 1433.079999999999927, 125.4662875543850191 ) ) ;
#2189 = VERTEX_POINT ( 'NONE', #2249 ) ;
#2190 = ORIENTED_EDGE ( 'NONE', *, *, #1950, .F. ) ;
#2191 = DIRECTION ( 'NONE',  ( 0.000000000000000000, -1.000000000000000000, 0.000000000000000000 ) ) ;
#2192 = CARTESIAN_POINT ( 'NONE',  ( -96.76864102652487531, 1433.079999999999927, -101.8285180040629427 ) ) ;
#2193 = CARTESIAN_POINT ( 'NONE',  ( -222.8468073653594104, 1432.079999999999927, 7.840947217310170636 ) ) ;
#2194 = AXIS2_PLACEMENT_3D ( 'NONE', #3686, #1155, #196 ) ;
#2195 = AXIS2_PLACEMENT_3D ( 'NONE', #2230, #2515, #1573 ) ;
#2196 = ORIENTED_EDGE ( 'NONE', *, *, #2201, .T. ) ;
#2197 = AXIS2_PLACEMENT_3D ( 'NONE', #1388, #695, #471 ) ;
#2198 = CARTESIAN_POINT ( 'NONE',  ( -117.0799586928293792, 1433.079999999999927, 111.2622349437988589 ) ) ;
#2199 = AXIS2_PLACEMENT_3D ( 'NONE', #1154, #2084, #242 ) ;
#2200 = CARTESIAN_POINT ( 'NONE',  ( -151.9060143339743547, 1437.079999999999927, 9.644634931176618409 ) ) ;
#2201 = EDGE_CURVE ( 'NONE', #2343, #382, #1170, .T. ) ;
#2202 = CARTESIAN_POINT ( 'NONE',  ( -164.8025584340670093, 1433.080000000000609, 24.44762198403827824 ) ) ;
#2203 = CARTESIAN_POINT ( 'NONE',  ( -249.5323828144506138, 1433.079999999999927, 9.767544433441221585 ) ) ;
#2204 = VECTOR ( 'NONE', #92, 1000.000000000000000 ) ;
#2205 = CARTESIAN_POINT ( 'NONE',  ( -122.1786715887263881, 1520.960000000000036, 8.123971859965671172 ) ) ;
#2206 = CARTESIAN_POINT ( 'NONE',  ( 0.2273156052835981489, 1437.079999999999927, 8.452349944409743188 ) ) ;
#2207 = B_SPLINE_CURVE_WITH_KNOTS ( 'NONE', 3,
 ( #3334, #2457, #2146, #2692, #880, #3724, #3974, #1468, #1758 ),
 .UNSPECIFIED., .F., .F.,
 ( 4, 1, 1, 1, 1, 1, 4 ),
 ( 0.008052357163078591867, 0.01180441452156862081, 0.01555647188005864802, 0.02306058659703870417, 0.03056470131401876206, 0.03431675867250878753, 0.03806881603099881994 ),
 .UNSPECIFIED. ) ;
#2208 = VERTEX_POINT ( 'NONE', #3191 ) ;
#2209 = FACE_BOUND ( 'NONE', #3780, .T. ) ;
#2210 = CARTESIAN_POINT ( 'NONE',  ( -185.6189877027449597, 1432.079999999999927, 12.12471130904598304 ) ) ;
#2211 = VECTOR ( 'NONE', #296, 1000.000000000000000 ) ;
#2212 = DIRECTION ( 'NONE',  ( 0.000000000000000000, 1.000000000000000000, -0.000000000000000000 ) ) ;
#2213 = VERTEX_POINT ( 'NONE', #1023 ) ;
#2214 = VERTEX_POINT ( 'NONE', #378 ) ;
#2215 = CARTESIAN_POINT ( 'NONE',  ( -201.1313894290106816, 1432.079999999999927, 19.38718104202090231 ) ) ;
#2216 = CARTESIAN_POINT ( 'NONE',  ( -242.1653741751015332, 1433.079999999999927, 11.42079789519214117 ) ) ;
#2217 = CARTESIAN_POINT ( 'NONE',  ( -112.7508309264629105, 1432.079999999999927, 7.689384925052574538 ) ) ;
#2218 = ORIENTED_EDGE ( 'NONE', *, *, #4001, .T. ) ;
#2219 = CARTESIAN_POINT ( 'NONE',  ( -128.2212190931163320, 1432.079999999999927, 27.11826623485155707 ) ) ;
#2220 = VECTOR ( 'NONE', #2949, 999.9999999999998863 ) ;
#2221 = CARTESIAN_POINT ( 'NONE',  ( -293.2676002059569100, 1432.079999999999927, 1.330312713633649668 ) ) ;
#2222 = VECTOR ( 'NONE', #2435, 1000.000000000000000 ) ;
#2223 = CARTESIAN_POINT ( 'NONE',  ( -240.4624955004808839, 1437.079999999999927, 7.187158872640684315 ) ) ;
#2224 = CARTESIAN_POINT ( 'NONE',  ( -252.2572995699182741, 1520.960000000000036, 6.637396135036434330 ) ) ;
#2225 = EDGE_CURVE ( 'NONE', #2716, #2263, #1649, .T. ) ;
#2226 = CARTESIAN_POINT ( 'NONE',  ( -219.6165091063904526, 1437.079999999999927, 16.96789906232488221 ) ) ;
#2227 = ORIENTED_EDGE ( 'NONE', *, *, #4039, .T. ) ;
#2228 = FACE_BOUND ( 'NONE', #3220, .T. ) ;
#2229 = B_SPLINE_CURVE_WITH_KNOTS ( 'NONE', 3,
 ( #2454, #875, #3758, #2143 ),
 .UNSPECIFIED., .F., .F.,
 ( 4, 4 ),
 ( 0.8257716611427048381, 0.8266410662914395191 ),
 .UNSPECIFIED. ) ;
#2230 = CARTESIAN_POINT ( 'NONE',  ( -164.3751559483991969, 1433.079999999999927, -0.3085594543071153439 ) ) ;
#2231 = LINE ( 'NONE', #2251, #1097 ) ;
#2232 = ORIENTED_EDGE ( 'NONE', *, *, #2283, .T. ) ;
#2233 = EDGE_CURVE ( 'NONE', #1157, #89, #69, .T. ) ;
#2234 = ORIENTED_EDGE ( 'NONE', *, *, #1305, .T. ) ;
#2235 = CARTESIAN_POINT ( 'NONE',  ( -179.3923076441957392, 1432.079999999999927, 22.66755377934829951 ) ) ;
#2236 = CARTESIAN_POINT ( 'NONE',  ( -196.2236163048101787, 1432.079999999999927, 21.18604354544763169 ) ) ;
#2237 = CARTESIAN_POINT ( 'NONE',  ( -255.2981030855290783, 1432.079999999999927, 8.424977900429249544 ) ) ;
#2238 = LINE ( 'NONE', #3504, #3322 ) ;
#2239 = VERTEX_POINT ( 'NONE', #2820 ) ;
#2240 = EDGE_CURVE ( 'NONE', #3691, #2928, #313, .T. ) ;
#2241 = CARTESIAN_POINT ( 'NONE',  ( -271.2861602210628575, 1520.960000000000036, 2.447696926220368052 ) ) ;
#2242 = VECTOR ( 'NONE', #2762, 1000.000000000000000 ) ;
#2243 = ORIENTED_EDGE ( 'NONE', *, *, #1990, .T. ) ;
#2244 = FACE_OUTER_BOUND ( 'NONE', #2070, .T. ) ;
#2245 = LINE ( 'NONE', #1357, #3797 ) ;
#2246 = CARTESIAN_POINT ( 'NONE',  ( -165.5736163542941881, 1432.079999999999927, -0.3108091634388195912 ) ) ;
#2247 = B_SPLINE_SURFACE_WITH_KNOTS ( 'NONE', 13, 1, ( 
 ( #1987, #1015 ),
 ( #1617, #3525 ),
 ( #2241, #440 ),
 ( #3253, #1709 ),
 ( #2640, #2660 ),
 ( #42, #3858 ),
 ( #1057, #2011 ),
 ( #2877, #418 ),
 ( #677, #3568 ),
 ( #87, #3880 ),
 ( #1038, #1353 ),
 ( #3593, #370 ),
 ( #3506, #2307 ),
 ( #3185, #2328 ) ),
 .UNSPECIFIED., .F., .F., .F.,
 ( 14, 14 ),
 ( 2, 2 ),
 ( 0.9375780134711824143, 1.000000000000000000 ),
 ( 0.000000000000000000, 1.000000000000000000 ),
 .UNSPECIFIED. ) ;
#2248 = ORIENTED_EDGE ( 'NONE', *, *, #301, .F. ) ;
#2249 = CARTESIAN_POINT ( 'NONE',  ( -100.5531540498221545, 1432.079999999999927, 11.16271731101023512 ) ) ;
#2250 = CARTESIAN_POINT ( 'NONE',  ( -99.13813852873975918, 1437.079999999999927, 23.95660055259056165 ) ) ;
#2251 = CARTESIAN_POINT ( 'NONE',  ( -104.2954391588634167, 1433.079999999999927, -109.7488803342690176 ) ) ;
#2252 = EDGE_LOOP ( 'NONE', ( #4065, #1609, #3187, #2533 ) ) ;
#2253 = ADVANCED_FACE ( 'NONE', ( #3757 ), #582, .F. ) ;
#2254 = VERTEX_POINT ( 'NONE', #874 ) ;
#2255 = LINE ( 'NONE', #2542, #3379 ) ;
#2256 = CARTESIAN_POINT ( 'NONE',  ( -256.8343786850404058, 1432.079999999999927, 8.059280522143918546 ) ) ;
#2257 = CARTESIAN_POINT ( 'NONE',  ( -260.6240663350704381, 1432.079999999999927, 6.159236989585118671 ) ) ;
#2258 = CARTESIAN_POINT ( 'NONE',  ( -151.9060143339743547, 1432.079999999999927, 9.644634931176618409 ) ) ;
#2259 = ORIENTED_EDGE ( 'NONE', *, *, #2061, .T. ) ;
#2260 = CARTESIAN_POINT ( 'NONE',  ( -123.5565654830474216, 1433.079999999999927, 129.7396513526184947 ) ) ;
#2261 = EDGE_CURVE ( 'NONE', #2699, #3523, #2081, .T. ) ;
#2262 = ORIENTED_EDGE ( 'NONE', *, *, #2225, .F. ) ;
#2263 = VERTEX_POINT ( 'NONE', #1544 ) ;
#2264 = CARTESIAN_POINT ( 'NONE',  ( -222.8468073653594104, 1520.960000000000036, 7.840947217310170636 ) ) ;
#2265 = DIRECTION ( 'NONE',  ( -0.000000000000000000, -1.000000000000000000, -0.000000000000000000 ) ) ;
#2266 = ORIENTED_EDGE ( 'NONE', *, *, #2104, .T. ) ;
#2267 = CARTESIAN_POINT ( 'NONE',  ( -280.0929048604700142, 1432.079999999999927, 6.043931826251222716 ) ) ;
#2268 = FACE_OUTER_BOUND ( 'NONE', #536, .T. ) ;
#2269 = CARTESIAN_POINT ( 'NONE',  ( -250.7667120139445274, 1437.079999999999927, 10.33830807117599448 ) ) ;
#2270 = ORIENTED_EDGE ( 'NONE', *, *, #3264, .F. ) ;
#2271 = ORIENTED_EDGE ( 'NONE', *, *, #3612, .T. ) ;
#2272 = CARTESIAN_POINT ( 'NONE',  ( 0.2273156052835981489, 1437.079999999999927, 8.452349944409743188 ) ) ;
#2273 = DIRECTION ( 'NONE',  ( -0.02688405537885410132, 0.000000000000000000, -0.9996385584632010435 ) ) ;
#2274 = CARTESIAN_POINT ( 'NONE',  ( -254.9539109580283309, 1437.079999999999927, 8.516572991783290192 ) ) ;
#2275 = VERTEX_POINT ( 'NONE', #3390 ) ;
#2276 = CARTESIAN_POINT ( 'NONE',  ( -255.0873318177361284, 1432.079999999999927, 7.269166099123650859 ) ) ;
#2277 = EDGE_LOOP ( 'NONE', ( #2895, #1494, #917, #847 ) ) ;
#2278 = ORIENTED_EDGE ( 'NONE', *, *, #1087, .F. ) ;
#2279 = ORIENTED_EDGE ( 'NONE', *, *, #3975, .T. ) ;
#2280 = CARTESIAN_POINT ( 'NONE',  ( 0.5721654584182511716, 1432.079999999999927, 21.27501398164622870 ) ) ;
#2281 =( BOUNDED_CURVE ( )  B_SPLINE_CURVE ( 3, ( #3227, #389, #490, #1197 ),
 .UNSPECIFIED., .F., .F. ) 
 B_SPLINE_CURVE_WITH_KNOTS ( ( 4, 4 ),
 ( 1.177404132593664166, 2.569620353406169233 ),
 .UNSPECIFIED. ) 
 CURVE ( )  GEOMETRIC_REPRESENTATION_ITEM ( )  RATIONAL_B_SPLINE_CURVE ( ( 1.000000000000000000, 0.8448957417452556129, 0.8448957417452556129, 1.000000000000000000 ) ) 
 REPRESENTATION_ITEM ( '' )  );
#2282 = ORIENTED_EDGE ( 'NONE', *, *, #3460, .F. ) ;
#2283 = EDGE_CURVE ( 'NONE', #4025, #1823, #1144, .T. ) ;
#2284 = VECTOR ( 'NONE', #3756, 1000.000000000000000 ) ;
#2285 = ORIENTED_EDGE ( 'NONE', *, *, #3753, .T. ) ;
#2286 = PLANE ( 'NONE',  #3263 ) ;
#2287 = CARTESIAN_POINT ( 'NONE',  ( -112.8759871213074035, 1437.079999999999927, 3.035661502803514988 ) ) ;
#2288 = CIRCLE ( 'NONE', #3350, 9.800000000001221068 ) ;
#2289 = ORIENTED_EDGE ( 'NONE', *, *, #1148, .T. ) ;
#2290 = B_SPLINE_CURVE_WITH_KNOTS ( 'NONE', 3,
 ( #4070, #3470, #873, #3133 ),
 .UNSPECIFIED., .F., .F.,
 ( 4, 4 ),
 ( 0.04725479771932811907, 0.04838107786650243380 ),
 .UNSPECIFIED. ) ;
#2291 = CARTESIAN_POINT ( 'NONE',  ( -97.31973502765107753, 1433.079999999999927, -102.4084278262971566 ) ) ;
#2292 = CARTESIAN_POINT ( 'NONE',  ( -280.0929048608386438, 1520.960000000000036, 6.043931826148670083 ) ) ;
#2293 = PLANE ( 'NONE',  #2754 ) ;
#2294 = EDGE_CURVE ( 'NONE', #4044, #1056, #619, .T. ) ;
#2295 = ORIENTED_EDGE ( 'NONE', *, *, #3445, .T. ) ;
#2296 = EDGE_LOOP ( 'NONE', ( #181, #914, #60, #3855 ) ) ;
#2297 = DIRECTION ( 'NONE',  ( 0.9996385584632172527, 0.000000000000000000, -0.02688405537825354352 ) ) ;
#2298 = VECTOR ( 'NONE', #1301, 1000.000000000000000 ) ;
#2299 = CARTESIAN_POINT ( 'NONE',  ( -287.8070055318488016, 1520.959999999999809, 3.847726477039149717 ) ) ;
#2300 = EDGE_CURVE ( 'NONE', #2087, #2513, #4031, .T. ) ;
#2301 = CARTESIAN_POINT ( 'NONE',  ( -260.8337779114352202, 1432.079999999999927, 6.940564282567973642 ) ) ;
#2302 = ORIENTED_EDGE ( 'NONE', *, *, #3284, .T. ) ;
#2303 = CARTESIAN_POINT ( 'NONE',  ( -260.8337779111441250, 1437.079999999999927, 6.940564282585497402 ) ) ;
#2304 = CARTESIAN_POINT ( 'NONE',  ( -247.5948149815329487, 1432.079999999999927, 7.661474984079974959 ) ) ;
#2305 = EDGE_LOOP ( 'NONE', ( #2863, #244, #2746, #1413 ) ) ;
#2306 = ORIENTED_EDGE ( 'NONE', *, *, #331, .F. ) ;
#2307 = CARTESIAN_POINT ( 'NONE',  ( -297.6853304519444805, 1432.079999999999700, 0.07763497804488378451 ) ) ;
#2308 = EDGE_CURVE ( 'NONE', #240, #3732, #3074, .T. ) ;
#2309 = ORIENTED_EDGE ( 'NONE', *, *, #673, .F. ) ;
#2310 = ORIENTED_EDGE ( 'NONE', *, *, #3898, .T. ) ;
#2311 = CARTESIAN_POINT ( 'NONE',  ( -265.7189512413807506, 1432.079999999999927, 5.831332410555692292 ) ) ;
#2312 =( BOUNDED_SURFACE ( )  B_SPLINE_SURFACE ( 3, 1, ( 
 ( #898, #3138 ),
 ( #4098, #940 ),
 ( #2166, #2210 ),
 ( #3431, #3475 ) ),
 .UNSPECIFIED., .F., .F., .F. ) 
 B_SPLINE_SURFACE_WITH_KNOTS ( ( 4, 4 ),
 ( 2, 2 ),
 ( 0.000000000000000000, 1.000000000000000000 ),
 ( 0.000000000000000000, 1.000000000000000000 ),
 .UNSPECIFIED. ) 
 GEOMETRIC_REPRESENTATION_ITEM ( )  RATIONAL_B_SPLINE_SURFACE ( (
 ( 1.000000000000000000, 1.000000000000000000),
 ( 0.6012046472235403893, 0.6012046472235403893),
 ( 0.6012046472235403893, 0.6012046472235403893),
 ( 1.000000000000000000, 1.000000000000000000) ) ) 
 REPRESENTATION_ITEM ( '' )  SURFACE ( )  );
#2313 = PLANE ( 'NONE',  #626 ) ;
#2314 = VERTEX_POINT ( 'NONE', #1508 ) ;
#2315 = LINE ( 'NONE', #1123, #1160 ) ;
#2316 = CARTESIAN_POINT ( 'NONE',  ( -297.6249865866923869, 1520.960000000000036, 0.7942685039227671551 ) ) ;
#2317 = CARTESIAN_POINT ( 'NONE',  ( -265.3338636067466041, 1432.079999999999927, 6.801727551362758639 ) ) ;
#2318 = CARTESIAN_POINT ( 'NONE',  ( -194.3434337935483995, 1437.079999999999927, 9.312927148811843026 ) ) ;
#2319 = ADVANCED_FACE ( 'NONE', ( #912 ), #1808, .F. ) ;
#2320 = CARTESIAN_POINT ( 'NONE',  ( -249.1849982831033969, 1520.960000000000036, -62.77685069811641938 ) ) ;
#2321 = CARTESIAN_POINT ( 'NONE',  ( -248.4092376083339389, 1520.960000000000036, -62.58141432606363708 ) ) ;
#2322 = VERTEX_POINT ( 'NONE', #1228 ) ;
#2323 = FACE_OUTER_BOUND ( 'NONE', #2574, .T. ) ;
#2324 = CARTESIAN_POINT ( 'NONE',  ( -266.3727187654356499, 1432.079999999999927, 3.583167371676566404 ) ) ;
#2325 = VECTOR ( 'NONE', #2461, 1000.000000000000000 ) ;
#2326 = ORIENTED_EDGE ( 'NONE', *, *, #3420, .T. ) ;
#2327 = ORIENTED_EDGE ( 'NONE', *, *, #2972, .F. ) ;
#2328 = CARTESIAN_POINT ( 'NONE',  ( -300.0000000000000000, 1432.079999999999700, -0.1621621621621254228 ) ) ;
#2329 = ORIENTED_EDGE ( 'NONE', *, *, #1912, .T. ) ;
#2330 = VERTEX_POINT ( 'NONE', #237 ) ;
#2331 = VECTOR ( 'NONE', #3424, 1000.000000000000000 ) ;
#2332 = CARTESIAN_POINT ( 'NONE',  ( -96.72838245694208581, 1432.079999999999927, 24.69208237058674626 ) ) ;
#2333 = DIRECTION ( 'NONE',  ( 0.001877162694616528937, 0.000000000000000000, -0.9999982381285568156 ) ) ;
#2334 = ORIENTED_EDGE ( 'NONE', *, *, #1185, .F. ) ;
#2335 = DIRECTION ( 'NONE',  ( 0.000000000000000000, -1.000000000000000000, 0.000000000000000000 ) ) ;
#2336 = LINE ( 'NONE', #3265, #96 ) ;
#2337 = CARTESIAN_POINT ( 'NONE',  ( -128.1061509150808320, 1437.079999999999927, 27.97564465478143347 ) ) ;
#2338 = LINE ( 'NONE', #2673, #4086 ) ;
#2339 = DIRECTION ( 'NONE',  ( -0.02646596929540921336, 0.000000000000000000, -0.9996497148847962588 ) ) ;
#2340 = VERTEX_POINT ( 'NONE', #3446 ) ;
#2341 = CARTESIAN_POINT ( 'NONE',  ( -159.3824136573666976, 1432.079999999999927, 25.03376272444224071 ) ) ;
#2342 = CARTESIAN_POINT ( 'NONE',  ( -238.2652901195024242, 1437.079999999999927, 8.067388918634714301 ) ) ;
#2343 = VERTEX_POINT ( 'NONE', #4034 ) ;
#2344 = ORIENTED_EDGE ( 'NONE', *, *, #102, .F. ) ;
#2345 = CARTESIAN_POINT ( 'NONE',  ( -112.6486715160237821, 1437.079999999999927, 11.48801144721272927 ) ) ;
#2346 = VERTEX_POINT ( 'NONE', #3409 ) ;
#2347 = EDGE_CURVE ( 'NONE', #575, #3609, #1567, .T. ) ;
#2348 = VERTEX_POINT ( 'NONE', #3152 ) ;
#2349 = ADVANCED_FACE ( 'NONE', ( #1829 ), #103, .F. ) ;
#2350 = CARTESIAN_POINT ( 'NONE',  ( -132.7570444405484125, 1433.079999999999927, 9.255407141683622996 ) ) ;
#2351 = EDGE_LOOP ( 'NONE', ( #3546, #1199, #3986, #1257, #1027, #1211 ) ) ;
#2352 = CARTESIAN_POINT ( 'NONE',  ( -221.0877470024795173, 1433.079999999999927, 15.20952985507673105 ) ) ;
#2353 = PLANE ( 'NONE',  #2736 ) ;
#2354 = EDGE_CURVE ( 'NONE', #248, #1416, #3823, .T. ) ;
#2355 = CARTESIAN_POINT ( 'NONE',  ( -148.7718042799483555, 1433.079999999999927, 11.08556981309512501 ) ) ;
#2356 = CARTESIAN_POINT ( 'NONE',  ( -132.5334251630776805, 1433.079999999999927, 125.9478159459217181 ) ) ;
#2357 = VECTOR ( 'NONE', #3574, 1000.000000000000114 ) ;
#2358 = CARTESIAN_POINT ( 'NONE',  ( -129.4660814831989910, 1432.079999999999927, 9.165747756566915427 ) ) ;
#2359 = PRODUCT_DEFINITION_FORMATION_WITH_SPECIFIED_SOURCE ( 'ANY', '', #2908, .NOT_KNOWN. ) ;
#2360 = CARTESIAN_POINT ( 'NONE',  ( -179.2680965261207575, 1433.079999999999927, 10.95298948655129756 ) ) ;
#2361 = DIRECTION ( 'NONE',  ( 0.6888675014067467961, 0.000000000000000000, 0.7248872777926410604 ) ) ;
#2362 = EDGE_CURVE ( 'NONE', #3422, #1336, #974, .T. ) ;
#2363 = CARTESIAN_POINT ( 'NONE',  ( -211.0565265721793935, 1437.079999999999927, 8.962763485681316311 ) ) ;
#2364 = ORIENTED_EDGE ( 'NONE', *, *, #2552, .F. ) ;
#2365 = ORIENTED_EDGE ( 'NONE', *, *, #3673, .F. ) ;
#2366 = CARTESIAN_POINT ( 'NONE',  ( -69.44017073450980604, 1432.079999999999927, -106.5031585959443703 ) ) ;
#2367 = ORIENTED_EDGE ( 'NONE', *, *, #1643, .F. ) ;
#2368 = LINE ( 'NONE', #3633, #942 ) ;
#2369 = DIRECTION ( 'NONE',  ( 0.7248872777926386179, 0.000000000000000000, -0.6888675014067495717 ) ) ;
#2370 = CARTESIAN_POINT ( 'NONE',  ( -259.3915731961814686, 1437.079999999999927, 7.445118414149402675 ) ) ;
#2371 = FACE_OUTER_BOUND ( 'NONE', #2148, .T. ) ;
#2372 = CARTESIAN_POINT ( 'NONE',  ( -132.9089226143069311, 1432.079999999999927, 3.518796046875030559 ) ) ;
#2373 = VECTOR ( 'NONE', #3803, 1000.000000000000114 ) ;
#2374 = LINE ( 'NONE', #214, #597 ) ;
#2375 = DIRECTION ( 'NONE',  ( 0.000000000000000000, -1.000000000000000000, 0.000000000000000000 ) ) ;
#2376 = CARTESIAN_POINT ( 'NONE',  ( -133.9566291355089902, 1432.079999999999927, 9.286974893465032466 ) ) ;
#2377 = LINE ( 'NONE', #1775, #2725 ) ;
#2378 = DIRECTION ( 'NONE',  ( 0.1609050596807223010, 0.000000000000000000, -0.9869698889880801351 ) ) ;
#2379 = EDGE_CURVE ( 'NONE', #3195, #2563, #1947, .T. ) ;
#2380 = CARTESIAN_POINT ( 'NONE',  ( -190.7528261741830136, 1433.079999999999927, 21.03932599842006823 ) ) ;
#2381 = VERTEX_POINT ( 'NONE', #3529 ) ;
#2382 = ORIENTED_EDGE ( 'NONE', *, *, #1842, .F. ) ;
#2383 = DIRECTION ( 'NONE',  ( 0.000000000000000000, -0.000000000000000000, -1.000000000000000000 ) ) ;
#2384 = ORIENTED_EDGE ( 'NONE', *, *, #3199, .T. ) ;
#2385 = DIRECTION ( 'NONE',  ( -0.7248872777926378408, 0.000000000000000000, 0.6888675014067503488 ) ) ;
#2386 = ORIENTED_EDGE ( 'NONE', *, *, #1497, .T. ) ;
#2387 = FACE_BOUND ( 'NONE', #1648, .T. ) ;
#2388 = VECTOR ( 'NONE', #1540, 1000.000000000000000 ) ;
#2389 = CARTESIAN_POINT ( 'NONE',  ( -214.3987121032657228, 1433.079999999999927, 8.852874277016555382 ) ) ;
#2390 = DIRECTION ( 'NONE',  ( 0.000000000000000000, 0.000000000000000000, -1.000000000000000000 ) ) ;
#2391 = CARTESIAN_POINT ( 'NONE',  ( -297.6853304518525078, 1432.079999999999927, 0.07763497805441094135 ) ) ;
#2392 = AXIS2_PLACEMENT_3D ( 'NONE', #2082, #2438, #1832 ) ;
#2393 = DIRECTION ( 'NONE',  ( -0.7248872777926391731, 0.000000000000000000, 0.6888675014067489055 ) ) ;
#2394 = CIRCLE ( 'NONE', #1998, 0.6010667131491793658 ) ;
#2395 = DIRECTION ( 'NONE',  ( 0.000000000000000000, -1.000000000000000000, 0.000000000000000000 ) ) ;
#2396 = VECTOR ( 'NONE', #2397, 1000.000000000000114 ) ;
#2397 = DIRECTION ( 'NONE',  ( -0.01073934591758078823, 0.000000000000000000, -0.9999423315618068964 ) ) ;
#2398 = FACE_OUTER_BOUND ( 'NONE', #3759, .T. ) ;
#2399 = VERTEX_POINT ( 'NONE', #2931 ) ;
#2400 = ORIENTED_EDGE ( 'NONE', *, *, #2743, .T. ) ;
#2401 = CARTESIAN_POINT ( 'NONE',  ( -123.7680119748291787, 1432.079999999999927, 117.6179576813737810 ) ) ;
#2402 = VECTOR ( 'NONE', #2385, 1000.000000000000000 ) ;
#2403 = EDGE_CURVE ( 'NONE', #1930, #3648, #423, .T. ) ;
#2404 = ORIENTED_EDGE ( 'NONE', *, *, #1746, .F. ) ;
#2405 = VECTOR ( 'NONE', #3638, 999.9999999999998863 ) ;
#2406 = CARTESIAN_POINT ( 'NONE',  ( -112.2016622524414515, 1432.079999999999927, 28.10930200660903822 ) ) ;
#2407 = DIRECTION ( 'NONE',  ( 0.000000000000000000, -1.000000000000000000, 0.000000000000000000 ) ) ;
#2408 = EDGE_CURVE ( 'NONE', #1592, #858, #2900, .T. ) ;
#2409 = CARTESIAN_POINT ( 'NONE',  ( -133.9566291355090470, 1433.079999999999927, 9.286974893465034242 ) ) ;
#2410 = LINE ( 'NONE', #3148, #2952 ) ;
#2411 = CARTESIAN_POINT ( 'NONE',  ( -150.2687402496501363, 1432.079999999999927, 9.575102033794831158 ) ) ;
#2412 = CARTESIAN_POINT ( 'NONE',  ( -182.7476535926390113, 1437.079999999999700, 22.24537223474090197 ) ) ;
#2413 = CARTESIAN_POINT ( 'NONE',  ( -165.5736163542941881, 1433.079999999999927, -0.3108091634388195912 ) ) ;
#2414 = CARTESIAN_POINT ( 'NONE',  ( -280.6338063822633444, 1520.960000000000036, 5.055185953166628998 ) ) ;
#2415 = CARTESIAN_POINT ( 'NONE',  ( -256.7794921707696290, 1433.079999999999927, 7.175935368848862517 ) ) ;
#2416 = VECTOR ( 'NONE', #3033, 1000.000000000000000 ) ;
#2417 = EDGE_CURVE ( 'NONE', #1516, #1420, #2556, .T. ) ;
#2418 = CARTESIAN_POINT ( 'NONE',  ( -164.9945637137987831, 1432.079999999999927, 9.631325334794965443 ) ) ;
#2419 = DIRECTION ( 'NONE',  ( -0.000000000000000000, -1.000000000000000000, -0.000000000000000000 ) ) ;
#2420 = ORIENTED_EDGE ( 'NONE', *, *, #2967, .F. ) ;
#2421 = ORIENTED_EDGE ( 'NONE', *, *, #4016, .T. ) ;
#2422 = AXIS2_PLACEMENT_3D ( 'NONE', #2188, #3432, #3829 ) ;
#2423 = LINE ( 'NONE', #226, #1223 ) ;
#2424 = ORIENTED_EDGE ( 'NONE', *, *, #2012, .F. ) ;
#2425 = ADVANCED_FACE ( 'NONE', ( #351 ), #2286, .T. ) ;
#2426 = ORIENTED_EDGE ( 'NONE', *, *, #2879, .F. ) ;
#2427 = EDGE_CURVE ( 'NONE', #285, #2805, #2245, .T. ) ;
#2428 = CARTESIAN_POINT ( 'NONE',  ( -165.5923904649428948, 1433.079999999999927, 9.690496330747528475 ) ) ;
#2429 = CARTESIAN_POINT ( 'NONE',  ( -165.9276959313934015, 1432.079999999999927, 24.32335976594871241 ) ) ;
#2430 = DIRECTION ( 'NONE',  ( 0.6888675014067503488, 0.000000000000000000, 0.7248872777926378408 ) ) ;
#2431 = CARTESIAN_POINT ( 'NONE',  ( -225.0224362187566953, 1437.079999999999927, 15.05154234427599036 ) ) ;
#2432 = CARTESIAN_POINT ( 'NONE',  ( -198.4327075881555231, 1437.079999999999700, 11.51359134017623020 ) ) ;
#2433 = DIRECTION ( 'NONE',  ( -0.6888675014067469071, 0.000000000000000000, -0.7248872777926410604 ) ) ;
#2434 = CARTESIAN_POINT ( 'NONE',  ( -190.0606051026418584, 1432.079999999999927, 21.14460090871749642 ) ) ;
#2435 = DIRECTION ( 'NONE',  ( -0.7248872777926379518, 0.000000000000000000, 0.6888675014067501268 ) ) ;
#2436 = ORIENTED_EDGE ( 'NONE', *, *, #2408, .T. ) ;
#2437 = AXIS2_PLACEMENT_3D ( 'NONE', #3649, #1138, #1780 ) ;
#2438 = DIRECTION ( 'NONE',  ( 0.6888675014067503488, 0.000000000000000000, 0.7248872777926378408 ) ) ;
#2439 = DIRECTION ( 'NONE',  ( -0.9999437914932058913, 0.000000000000000000, -0.01060253998775674902 ) ) ;
#2440 = CARTESIAN_POINT ( 'NONE',  ( -244.1700937925189407, 1432.079999999999927, 10.97927132924447768 ) ) ;
#2441 = ORIENTED_EDGE ( 'NONE', *, *, #1444, .T. ) ;
#2442 = ADVANCED_FACE ( 'NONE', ( #3508 ), #1968, .F. ) ;
#2443 = ORIENTED_EDGE ( 'NONE', *, *, #694, .F. ) ;
#2444 = CARTESIAN_POINT ( 'NONE',  ( -265.8557205421093386, 1520.960000000000036, 6.670256816194236826 ) ) ;
#2445 = CARTESIAN_POINT ( 'NONE',  ( -241.7755728111674216, 1433.079999999999927, 11.50636481653089049 ) ) ;
#2446 = ORIENTED_EDGE ( 'NONE', *, *, #2835, .T. ) ;
#2447 = ORIENTED_EDGE ( 'NONE', *, *, #2308, .T. ) ;
#2448 = B_SPLINE_CURVE_WITH_KNOTS ( 'NONE', 3,
 ( #1054, #1470, #3374, #2440, #474 ),
 .UNSPECIFIED., .F., .F.,
 ( 4, 1, 4 ),
 ( 0.05737537480843916265, 0.05825476480099728294, 0.06319283298367169011 ),
 .UNSPECIFIED. ) ;
#2449 = DIRECTION ( 'NONE',  ( -0.2442954651670563304, 0.000000000000000000, 0.9697008434041973768 ) ) ;
#2450 = CARTESIAN_POINT ( 'NONE',  ( -190.7528261741830136, 1437.079999999999927, 21.03932599842006823 ) ) ;
#2451 = CARTESIAN_POINT ( 'NONE',  ( -152.7139117670832320, 1437.079999999999927, 25.70190672669911436 ) ) ;
#2452 = CARTESIAN_POINT ( 'NONE',  ( -228.0922669548007775, 1433.079999999999927, 9.000081170464282465 ) ) ;
#2453 = CARTESIAN_POINT ( 'NONE',  ( -246.0930087124524732, 1432.079999999999927, 7.719654218929658640 ) ) ;
#2454 = CARTESIAN_POINT ( 'NONE',  ( -194.3434337935483995, 1433.079999999999927, 9.312927148811843026 ) ) ;
#2455 = ORIENTED_EDGE ( 'NONE', *, *, #479, .T. ) ;
#2456 = CARTESIAN_POINT ( 'NONE',  ( -57.94607177228484574, 1433.079999999999927, 62.78836422842088183 ) ) ;
#2457 = CARTESIAN_POINT ( 'NONE',  ( -292.2377533026756282, 1432.079999999999927, 1.650914772663081065 ) ) ;
#2458 = PLANE ( 'NONE',  #535 ) ;
#2459 = ORIENTED_EDGE ( 'NONE', *, *, #4069, .F. ) ;
#2460 = EDGE_LOOP ( 'NONE', ( #1941, #2156, #1095, #3043 ) ) ;
#2461 = DIRECTION ( 'NONE',  ( 0.000000000000000000, -1.000000000000000000, 0.000000000000000000 ) ) ;
#2462 = CARTESIAN_POINT ( 'NONE',  ( -241.3852872890720391, 1433.079999999999927, 11.59175294562724723 ) ) ;
#2463 = ORIENTED_EDGE ( 'NONE', *, *, #3385, .F. ) ;
#2464 = EDGE_LOOP ( 'NONE', ( #334, #1198, #462, #2881 ) ) ;
#2465 = CARTESIAN_POINT ( 'NONE',  ( -183.8902233028017861, 1432.079999999999927, 9.490411956954650563 ) ) ;
#2466 = CARTESIAN_POINT ( 'NONE',  ( -183.8902233027286002, 1437.079999999999927, 9.490411956955542294 ) ) ;
#2467 = EDGE_CURVE ( 'NONE', #2964, #1017, #3259, .T. ) ;
#2468 = UNCERTAINTY_MEASURE_WITH_UNIT (LENGTH_MEASURE( 1.000000000000000082E-05 ), #1043, 'distance_accuracy_value', 'NONE');
#2469 = DIRECTION ( 'NONE',  ( 0.000000000000000000, -1.000000000000000000, 0.000000000000000000 ) ) ;
#2470 = EDGE_CURVE ( 'NONE', #1880, #3416, #660, .T. ) ;
#2471 = LINE ( 'NONE', #2161, #233 ) ;
#2472 = MANIFOLD_SOLID_BREP ( 'LPattern8[4]', #2018 ) ;
#2473 = CARTESIAN_POINT ( 'NONE',  ( -113.3033073900940764, 1520.960000000000036, 7.716868825675114785 ) ) ;
#2474 = DIRECTION ( 'NONE',  ( 0.9996385584632172527, 0.000000000000000000, -0.02688405537825354352 ) ) ;
#2475 = ORIENTED_EDGE ( 'NONE', *, *, #2186, .F. ) ;
#2476 = EDGE_CURVE ( 'NONE', #594, #203, #1928, .T. ) ;
#2477 = CARTESIAN_POINT ( 'NONE',  ( -112.8759871213074177, 1433.079999999999927, 3.035661502803515432 ) ) ;
#2478 = PLANE ( 'NONE',  #3078 ) ;
#2479 = VERTEX_POINT ( 'NONE', #480 ) ;
#2480 = ORIENTED_EDGE ( 'NONE', *, *, #537, .T. ) ;
#2481 = CARTESIAN_POINT ( 'NONE',  ( -280.3490536555156041, 1432.079999999999927, 2.537585519907809672 ) ) ;
#2482 = VECTOR ( 'NONE', #328, 1000.000000000000114 ) ;
#2483 = CARTESIAN_POINT ( 'NONE',  ( -264.2871590457025377, 1432.079999999999927, 7.064132261341821817 ) ) ;
#2484 = CARTESIAN_POINT ( 'NONE',  ( -269.9384435895143497, 1520.960000000000036, 3.340010526439208149 ) ) ;
#2485 = ADVANCED_FACE ( 'NONE', ( #3285 ), #2016, .F. ) ;
#2486 = VERTEX_POINT ( 'NONE', #1712 ) ;
#2487 = VECTOR ( 'NONE', #2474, 1000.000000000000000 ) ;
#2488 = ORIENTED_EDGE ( 'NONE', *, *, #2835, .F. ) ;
#2489 = CARTESIAN_POINT ( 'NONE',  ( -116.6994142980007751, 1437.079999999999927, 8.683379740353986520 ) ) ;
#2490 = EDGE_CURVE ( 'NONE', #1516, #3076, #2944, .T. ) ;
#2491 = DIRECTION ( 'NONE',  ( 0.000000000000000000, 0.000000000000000000, -1.000000000000000000 ) ) ;
#2492 = DIRECTION ( 'NONE',  ( 0.000000000000000000, -0.000000000000000000, -1.000000000000000000 ) ) ;
#2493 = DIRECTION ( 'NONE',  ( 0.000000000000000000, 0.000000000000000000, 1.000000000000000000 ) ) ;
#2494 = DIRECTION ( 'NONE',  ( 0.6888675014067497937, 0.000000000000000000, 0.7248872777926383959 ) ) ;
#2495 = ORIENTED_EDGE ( 'NONE', *, *, #1671, .F. ) ;
#2496 = FACE_OUTER_BOUND ( 'NONE', #1539, .T. ) ;
#2497 = CARTESIAN_POINT ( 'NONE',  ( -251.8779176779845557, 1432.079999999999927, 9.227492700347360355 ) ) ;
#2498 = VERTEX_POINT ( 'NONE', #2350 ) ;
#2499 = ORIENTED_EDGE ( 'NONE', *, *, #2545, .F. ) ;
#2500 = FACE_OUTER_BOUND ( 'NONE', #402, .T. ) ;
#2501 = CARTESIAN_POINT ( 'NONE',  ( -233.2191333188851843, 1433.079999999999927, 12.76857277731329532 ) ) ;
#2502 = CARTESIAN_POINT ( 'NONE',  ( -132.8079613817489815, 1432.079999999999927, 8.488640521341494605 ) ) ;
#2503 = EDGE_CURVE ( 'NONE', #2399, #3575, #3783, .T. ) ;
#2504 = ORIENTED_EDGE ( 'NONE', *, *, #2914, .F. ) ;
#2505 = ORIENTED_EDGE ( 'NONE', *, *, #1743, .F. ) ;
#2506 = CARTESIAN_POINT ( 'NONE',  ( -194.3434337935484280, 1437.079999999999927, 9.312927148811791511 ) ) ;
#2507 = DIRECTION ( 'NONE',  ( -0.7372897795738883042, 0.000000000000000000, 0.6755766284707364067 ) ) ;
#2508 = DIRECTION ( 'NONE',  ( 0.001877162694597761397, 0.000000000000000000, -0.9999982381285568156 ) ) ;
#2509 = CARTESIAN_POINT ( 'NONE',  ( -249.1849982831033969, 1432.079999999999927, -62.77685069811641938 ) ) ;
#2510 = CARTESIAN_POINT ( 'NONE',  ( -92.49999999999820943, 1432.079999999999927, 16.74722354252501688 ) ) ;
#2511 = VECTOR ( 'NONE', #2080, 1000.000000000000000 ) ;
#2512 = DIRECTION ( 'NONE',  ( 0.000000000000000000, -1.000000000000000000, 0.000000000000000000 ) ) ;
#2513 = VERTEX_POINT ( 'NONE', #2332 ) ;
#2514 = FACE_BOUND ( 'NONE', #1326, .T. ) ;
#2515 = DIRECTION ( 'NONE',  ( -0.9999982381285569266, 0.000000000000000000, -0.001877162694597761614 ) ) ;
#2516 = CARTESIAN_POINT ( 'NONE',  ( -255.0873318177361284, 1433.079999999999927, 7.269166099123650859 ) ) ;
#2517 = VERTEX_POINT ( 'NONE', #2406 ) ;
#2518 = ORIENTED_EDGE ( 'NONE', *, *, #598, .F. ) ;
#2519 = CARTESIAN_POINT ( 'NONE',  ( -79.60021247432545977, 1432.079999999999927, -83.76237986898324550 ) ) ;
#2520 = CARTESIAN_POINT ( 'NONE',  ( -262.6644455877041651, 1437.079999999999927, 7.467009704362865818 ) ) ;
#2521 = PLANE ( 'NONE',  #81 ) ;
#2522 = AXIS2_PLACEMENT_3D ( 'NONE', #4066, #2507, #2178 ) ;
#2523 = ORIENTED_EDGE ( 'NONE', *, *, #3652, .T. ) ;
#2524 = AXIS2_PLACEMENT_3D ( 'NONE', #410, #1656, #3624 ) ;
#2525 = FACE_OUTER_BOUND ( 'NONE', #2617, .T. ) ;
#2526 = ADVANCED_FACE ( 'NONE', ( #2975 ), #3617, .T. ) ;
#2527 = AXIS2_PLACEMENT_3D ( 'NONE', #1723, #2985, #2361 ) ;
#2528 = CARTESIAN_POINT ( 'NONE',  ( -260.7629341024542100, 1432.079999999999927, 6.944829825260569578 ) ) ;
#2529 = DIRECTION ( 'NONE',  ( -0.2442954651670563304, 0.000000000000000000, 0.9697008434041973768 ) ) ;
#2530 = EDGE_CURVE ( 'NONE', #3585, #1726, #3983, .T. ) ;
#2531 = CARTESIAN_POINT ( 'NONE',  ( -260.6240663350704381, 1520.960000000000036, 6.159236989585118671 ) ) ;
#2532 = LINE ( 'NONE', #3447, #831 ) ;
#2533 = ORIENTED_EDGE ( 'NONE', *, *, #1884, .T. ) ;
#2534 = FACE_BOUND ( 'NONE', #1984, .T. ) ;
#2535 = LINE ( 'NONE', #3808, #3653 ) ;
#2536 = AXIS2_PLACEMENT_3D ( 'NONE', #2936, #3240, #2670 ) ;
#2537 = CARTESIAN_POINT ( 'NONE',  ( -260.9867192135914138, 1520.960000000000036, 7.878685561044471264 ) ) ;
#2538 = B_SPLINE_CURVE_WITH_KNOTS ( 'NONE', 3,
 ( #2986, #1412, #697, #719 ),
 .UNSPECIFIED., .F., .F.,
 ( 4, 4 ),
 ( 0.8767451746816578018, 0.8785003871908227957 ),
 .UNSPECIFIED. ) ;
#2539 = EDGE_CURVE ( 'NONE', #742, #907, #1766, .T. ) ;
#2540 = ORIENTED_EDGE ( 'NONE', *, *, #3769, .T. ) ;
#2541 = ORIENTED_EDGE ( 'NONE', *, *, #1243, .F. ) ;
#2542 = CARTESIAN_POINT ( 'NONE',  ( 0.2273156052835982044, 1433.079999999999927, 8.452349944409744964 ) ) ;
#2543 = CARTESIAN_POINT ( 'NONE',  ( -112.2016622524414515, 1432.079999999999927, 28.10930200660903822 ) ) ;
#2544 = CARTESIAN_POINT ( 'NONE',  ( -112.6701787603263796, 1437.079999999999927, 10.68830060044215280 ) ) ;
#2545 = EDGE_CURVE ( 'NONE', #4100, #3635, #1119, .T. ) ;
#2546 = CARTESIAN_POINT ( 'NONE',  ( -228.7014718416278640, 1432.079999999999927, 8.413236183745539165 ) ) ;
#2547 = VECTOR ( 'NONE', #3425, 1000.000000000000000 ) ;
#2548 = ORIENTED_EDGE ( 'NONE', *, *, #372, .T. ) ;
#2549 = DIRECTION ( 'NONE',  ( -0.000000000000000000, -1.000000000000000000, -0.000000000000000000 ) ) ;
#2550 = EDGE_CURVE ( 'NONE', #3323, #1841, #2100, .T. ) ;
#2551 = VECTOR ( 'NONE', #899, 1000.000000000000000 ) ;
#2552 = EDGE_CURVE ( 'NONE', #595, #1575, #3306, .T. ) ;
#2553 = VECTOR ( 'NONE', #3117, 1000.000000000000227 ) ;
#2554 = LINE ( 'NONE', #973, #1621 ) ;
#2555 = EDGE_CURVE ( 'NONE', #3478, #549, #151, .T. ) ;
#2556 = LINE ( 'NONE', #332, #2204 ) ;
#2557 = CARTESIAN_POINT ( 'NONE',  ( -300.0000000000000000, 1520.960000000000036, 0.000000000000000000 ) ) ;
#2558 = EDGE_LOOP ( 'NONE', ( #2154, #1797, #321, #1204 ) ) ;
#2559 = FACE_BOUND ( 'NONE', #589, .T. ) ;
#2560 = DIRECTION ( 'NONE',  ( -0.000000000000000000, -1.000000000000000000, -0.000000000000000000 ) ) ;
#2561 = DIRECTION ( 'NONE',  ( 0.5461661809644947629, 0.000000000000000000, 0.8376768486538581637 ) ) ;
#2562 = ORIENTED_EDGE ( 'NONE', *, *, #3820, .T. ) ;
#2563 = VERTEX_POINT ( 'NONE', #1101 ) ;
#2564 = PLANE ( 'NONE',  #1061 ) ;
#2565 = CARTESIAN_POINT ( 'NONE',  ( -98.79510912553676860, 1432.079999999999927, 10.31514758700471290 ) ) ;
#2566 = EDGE_CURVE ( 'NONE', #3635, #1835, #2368, .T. ) ;
#2567 = CARTESIAN_POINT ( 'NONE',  ( -117.0799586928293792, 1432.079999999999927, 111.2622349437988589 ) ) ;
#2568 = CARTESIAN_POINT ( 'NONE',  ( -80.42685347601847923, 1433.079999999999927, -84.63224460233963953 ) ) ;
#2569 = EDGE_CURVE ( 'NONE', #346, #3959, #2055, .T. ) ;
#2570 = ORIENTED_EDGE ( 'NONE', *, *, #1869, .T. ) ;
#2571 = CARTESIAN_POINT ( 'NONE',  ( -178.7962997729573260, 1433.079999999999927, 22.74732555274113821 ) ) ;
#2572 = VECTOR ( 'NONE', #461, 1000.000000000000114 ) ;
#2573 = ORIENTED_EDGE ( 'NONE', *, *, #3393, .T. ) ;
#2574 = EDGE_LOOP ( 'NONE', ( #3997, #3594, #367, #4037 ) ) ;
#2575 = CARTESIAN_POINT ( 'NONE',  ( -259.8051931884570536, 1432.079999999999927, 7.343994521946601850 ) ) ;
#2576 = FACE_OUTER_BOUND ( 'NONE', #3615, .T. ) ;
#2577 = B_SPLINE_SURFACE_WITH_KNOTS ( 'NONE', 13, 1, ( 
 ( #664, #1629 ),
 ( #2316, #50 ),
 ( #1695, #380 ),
 ( #2959, #121 ),
 ( #1382, #3910 ),
 ( #3889, #71 ),
 ( #1931, #1650 ),
 ( #1315, #3845 ),
 ( #2292, #448 ),
 ( #3556, #1717 ),
 ( #709, #2980 ),
 ( #1000, #1974 ),
 ( #1752, #1733 ),
 ( #467, #1807 ) ),
 .UNSPECIFIED., .F., .F., .F.,
 ( 14, 14 ),
 ( 2, 2 ),
 ( 0.000000000000000000, 0.03891155862326679815 ),
 ( 0.000000000000000000, 1.000000000000000000 ),
 .UNSPECIFIED. ) ;
#2578 = ORIENTED_EDGE ( 'NONE', *, *, #1761, .T. ) ;
#2579 = CARTESIAN_POINT ( 'NONE',  ( -113.5285485838877975, 1437.079999999999927, 8.528672068350594770 ) ) ;
#2580 = EDGE_CURVE ( 'NONE', #584, #2870, #851, .T. ) ;
#2581 = PLANE ( 'NONE',  #2536 ) ;
#2582 = CARTESIAN_POINT ( 'NONE',  ( -265.8557205421093954, 1432.079999999999927, 6.670256816194850558 ) ) ;
#2583 = EDGE_LOOP ( 'NONE', ( #3840, #3920, #223, #1966 ) ) ;
#2584 = ORIENTED_EDGE ( 'NONE', *, *, #2112, .F. ) ;
#2585 = DIRECTION ( 'NONE',  ( -0.6782016225132055931, 0.000000000000000000, 0.7348758801460661960 ) ) ;
#2586 = CARTESIAN_POINT ( 'NONE',  ( -277.4549981297886347, 1520.959999999999809, 6.762558882627204504 ) ) ;
#2587 = LINE ( 'NONE', #716, #208 ) ;
#2588 = FACE_OUTER_BOUND ( 'NONE', #2583, .T. ) ;
#2589 = ADVANCED_FACE ( 'NONE', ( #3441 ), #596, .T. ) ;
#2590 = ORIENTED_EDGE ( 'NONE', *, *, #2879, .T. ) ;
#2591 = ORIENTED_EDGE ( 'NONE', *, *, #3460, .T. ) ;
#2592 = VERTEX_POINT ( 'NONE', #4050 ) ;
#2593 = VECTOR ( 'NONE', #3036, 1000.000000000000114 ) ;
#2594 = DIRECTION ( 'NONE',  ( 0.000000000000000000, -1.000000000000000000, 0.000000000000000000 ) ) ;
#2595 = AXIS2_PLACEMENT_3D ( 'NONE', #177, #2395, #488 ) ;
#2596 = B_SPLINE_CURVE_WITH_KNOTS ( 'NONE', 3,
 ( #908, #2139, #539, #1826, #2429 ),
 .UNSPECIFIED., .F., .F.,
 ( 4, 1, 4 ),
 ( 0.1265145920008332037, 0.1356275895091633710, 0.1386002152245789931 ),
 .UNSPECIFIED. ) ;
#2597 = EDGE_LOOP ( 'NONE', ( #1731, #1576, #11, #3065 ) ) ;
#2598 = ORIENTED_EDGE ( 'NONE', *, *, #4067, .T. ) ;
#2599 = SURFACE_STYLE_USAGE ( .BOTH. , #46 ) ;
#2600 = DIRECTION ( 'NONE',  ( -0.7248872777926389510, 0.000000000000000000, 0.6888675014067491276 ) ) ;
#2601 = EDGE_CURVE ( 'NONE', #3554, #1552, #4005, .T. ) ;
#2602 = VERTEX_POINT ( 'NONE', #558 ) ;
#2603 = CARTESIAN_POINT ( 'NONE',  ( -196.9577467012201737, 1433.079999999999927, 12.34914432081862756 ) ) ;
#2604 = MECHANICAL_DESIGN_GEOMETRIC_PRESENTATION_REPRESENTATION (  '', ( #3463 ), #810 ) ;
#2605 = CARTESIAN_POINT ( 'NONE',  ( -113.6756979680784099, 1432.079999999999927, 3.057168747125016850 ) ) ;
#2606 = CARTESIAN_POINT ( 'NONE',  ( -287.7366072063900901, 1520.960000000000036, 1.077373546353734390 ) ) ;
#2607 = EDGE_LOOP ( 'NONE', ( #3434, #2110, #1045, #1916 ) ) ;
#2608 = ORIENTED_EDGE ( 'NONE', *, *, #1814, .F. ) ;
#2609 = CARTESIAN_POINT ( 'NONE',  ( -238.8043900228236964, 1433.079999999999927, 8.035481055062303923 ) ) ;
#2610 = EDGE_CURVE ( 'NONE', #2343, #944, #3129, .T. ) ;
#2611 = LINE ( 'NONE', #38, #3364 ) ;
#2612 = CARTESIAN_POINT ( 'NONE',  ( -220.6196549160086136, 1432.079999999999927, 15.86831719877464231 ) ) ;
#2613 = VECTOR ( 'NONE', #1047, 1000.000000000000000 ) ;
#2614 = VERTEX_POINT ( 'NONE', #1868 ) ;
#2615 = DIRECTION ( 'NONE',  ( 0.000000000000000000, -1.000000000000000000, 0.000000000000000000 ) ) ;
#2616 = PLANE ( 'NONE',  #2718 ) ;
#2617 = EDGE_LOOP ( 'NONE', ( #3977, #1241, #114, #3960 ) ) ;
#2618 = ORIENTED_EDGE ( 'NONE', *, *, #1842, .T. ) ;
#2619 = DIRECTION ( 'NONE',  ( 0.000000000000000000, -1.000000000000000000, 0.000000000000000000 ) ) ;
#2620 = B_SPLINE_SURFACE_WITH_KNOTS ( 'NONE', 3, 1, ( 
 ( #1651, #2582 ),
 ( #2672, #2317 ),
 ( #3557, #1316 ),
 ( #1001, #2960 ),
 ( #2269, #3866 ),
 ( #1698, #122 ),
 ( #3219, #1384 ),
 ( #2912, #1363 ),
 ( #3931, #2650 ),
 ( #3911, #3193 ),
 ( #710, #1026 ),
 ( #2337, #450 ),
 ( #100, #72 ),
 ( #2632, #1975 ),
 ( #1340, #2000 ),
 ( #1630, #3535 ) ),
 .UNSPECIFIED., .F., .F., .F.,
 ( 4, 1, 1, 1, 1, 1, 1, 1, 1, 1, 1, 1, 1, 4 ),
 ( 2, 2 ),
 ( 0.03891155862395586501, 0.04061555485876838789, 0.04231955109357731643, 0.05452787951388714249, 0.06815984939235858464, 0.08179181927083004067, 0.1090557590277729250, 0.1363196987847158093, 0.1499516686631872653, 0.1635836385416586936, 0.1772156084201301496, 0.1908475782986016056, 0.1928611597997472449, 0.1945651559963787469 ),
 ( 0.000000000000000000, 1.000000000000000000 ),
 .UNSPECIFIED. ) ;
#2621 = ORIENTED_EDGE ( 'NONE', *, *, #2417, .T. ) ;
#2622 = VECTOR ( 'NONE', #63, 1000.000000000000000 ) ;
#2623 = VERTEX_POINT ( 'NONE', #294 ) ;
#2624 = DIRECTION ( 'NONE',  ( 0.6888675014067517921, 0.000000000000000000, 0.7248872777926362865 ) ) ;
#2625 = CARTESIAN_POINT ( 'NONE',  ( -132.9089226143069311, 1433.079999999999927, 3.518796046875030559 ) ) ;
#2626 = EDGE_CURVE ( 'NONE', #3959, #1575, #3466, .T. ) ;
#2627 = VECTOR ( 'NONE', #1019, 1000.000000000000000 ) ;
#2628 = ORIENTED_EDGE ( 'NONE', *, *, #688, .T. ) ;
#2629 = B_SPLINE_CURVE_WITH_KNOTS ( 'NONE', 3,
 ( #853, #1846, #295, #273 ),
 .UNSPECIFIED., .F., .F.,
 ( 4, 4 ),
 ( 0.08397392713961392141, 0.08511555471015663787 ),
 .UNSPECIFIED. ) ;
#2630 = PLANE ( 'NONE',  #1429 ) ;
#2631 = DIRECTION ( 'NONE',  ( -0.000000000000000000, -1.000000000000000000, -0.000000000000000000 ) ) ;
#2632 = CARTESIAN_POINT ( 'NONE',  ( -113.8284090695293997, 1437.079999999999927, 28.12009005537213113 ) ) ;
#2633 = FACE_OUTER_BOUND ( 'NONE', #1778, .T. ) ;
#2634 = DIRECTION ( 'NONE',  ( 0.000000000000000000, -1.000000000000000000, 0.000000000000000000 ) ) ;
#2635 = CARTESIAN_POINT ( 'NONE',  ( -248.7225026532515244, 1432.079999999999927, 9.434087006954596788 ) ) ;
#2636 = ORIENTED_EDGE ( 'NONE', *, *, #3018, .T. ) ;
#2637 = CARTESIAN_POINT ( 'NONE',  ( -177.8347060259989121, 1432.079999999999927, 9.552397567821030222 ) ) ;
#2638 = VERTEX_POINT ( 'NONE', #577 ) ;
#2639 = ORIENTED_EDGE ( 'NONE', *, *, #679, .T. ) ;
#2641 = EDGE_CURVE ( 'NONE', #676, #1598, #3487, .T. ) ;
#2640 = CARTESIAN_POINT ( 'NONE',  ( -276.9279722789253810, 1520.960000000000036, 2.022114237912307821 ) ) ;
#2642 = ORIENTED_EDGE ( 'NONE', *, *, #1255, .T. ) ;
#2643 = VECTOR ( 'NONE', #4094, 1000.000000000000000 ) ;
#2644 = ORIENTED_EDGE ( 'NONE', *, *, #1863, .F. ) ;
#2645 = DIRECTION ( 'NONE',  ( 0.000000000000000000, -1.000000000000000000, 0.000000000000000000 ) ) ;
#2646 = CARTESIAN_POINT ( 'NONE',  ( -265.5219321219681774, 1432.079999999999927, 2.837808823443983997 ) ) ;
#2647 = EDGE_LOOP ( 'NONE', ( #2262, #1875, #1742, #2144, #492, #4079, #1351, #1608, #2243, #3701, #1275, #2344, #3182, #74, #2873, #2005, #35, #1325, #2174, #2488, #1002, #1521 ) ) ;
#2648 = CARTESIAN_POINT ( 'NONE',  ( -257.6570793527035335, 1432.079999999999927, 7.526381928219097794 ) ) ;
#2649 = FACE_OUTER_BOUND ( 'NONE', #876, .T. ) ;
#2650 = CARTESIAN_POINT ( 'NONE',  ( -172.8587101762493887, 1432.079999999999927, 24.44703151162762822 ) ) ;
#2651 = LINE ( 'NONE', #1721, #3046 ) ;
#2652 = DIRECTION ( 'NONE',  ( -0.02688405537825218350, 0.000000000000000000, -0.9996385584632173638 ) ) ;
#2653 = LINE ( 'NONE', #3315, #3058 ) ;
#2654 = EDGE_LOOP ( 'NONE', ( #1917, #1679, #3752, #743 ) ) ;
#2655 = DIRECTION ( 'NONE',  ( 0.7248872777926399502, 0.000000000000000000, -0.6888675014067480173 ) ) ;
#2656 = CARTESIAN_POINT ( 'NONE',  ( -255.0275276099420694, 1432.079999999999927, 7.279903762745472129 ) ) ;
#2657 = ORIENTED_EDGE ( 'NONE', *, *, #255, .T. ) ;
#2658 = ORIENTED_EDGE ( 'NONE', *, *, #3848, .T. ) ;
#2659 = ADVANCED_FACE ( 'NONE', ( #3734 ), #891, .F. ) ;
#2661 = EDGE_CURVE ( 'NONE', #2792, #2348, #1888, .T. ) ;
#2660 = CARTESIAN_POINT ( 'NONE',  ( -276.9279722789253810, 1432.079999999999700, 2.022114237912307821 ) ) ;
#2662 = B_SPLINE_CURVE_WITH_KNOTS ( 'NONE', 3,
 ( #3496, #941, #303, #627 ),
 .UNSPECIFIED., .F., .F.,
 ( 4, 4 ),
 ( 0.07191289096778631651, 0.07307916071571725347 ),
 .UNSPECIFIED. ) ;
#2663 = ORIENTED_EDGE ( 'NONE', *, *, #3939, .T. ) ;
#2664 = EDGE_CURVE ( 'NONE', #2340, #2971, #927, .T. ) ;
#2665 = ORIENTED_EDGE ( 'NONE', *, *, #1990, .F. ) ;
#2666 = VECTOR ( 'NONE', #3149, 1000.000000000000000 ) ;
#2667 = APPLICATION_PROTOCOL_DEFINITION ( 'draft international standard', 'automotive_design', 1998, #3531 ) ;
#2668 = ORIENTED_EDGE ( 'NONE', *, *, #1927, .T. ) ;
#2669 = CARTESIAN_POINT ( 'NONE',  ( -164.2408507514659277, 1433.079999999999927, 24.50836570409288484 ) ) ;
#2670 = DIRECTION ( 'NONE',  ( 0.6888675014067497937, 0.000000000000000000, 0.7248872777926383959 ) ) ;
#2671 = FACE_OUTER_BOUND ( 'NONE', #3507, .T. ) ;
#2672 = CARTESIAN_POINT ( 'NONE',  ( -265.3338636067466041, 1437.079999999999927, 6.801727551362758639 ) ) ;
#2673 = CARTESIAN_POINT ( 'NONE',  ( -64.90756987942758371, 1432.079999999999927, -106.1180870880435378 ) ) ;
#2674 = DIRECTION ( 'NONE',  ( 0.000000000000000000, -1.000000000000000000, 0.000000000000000000 ) ) ;
#2675 = EDGE_CURVE ( 'NONE', #610, #3887, #2159, .T. ) ;
#2676 = DIRECTION ( 'NONE',  ( 0.6888675014067480173, 0.000000000000000000, 0.7248872777926399502 ) ) ;
#2677 = CARTESIAN_POINT ( 'NONE',  ( -280.3490536555156041, 1432.079999999999927, 2.537585519907809672 ) ) ;
#2678 = ORIENTED_EDGE ( 'NONE', *, *, #150, .T. ) ;
#2679 = ORIENTED_EDGE ( 'NONE', *, *, #1397, .T. ) ;
#2680 = CARTESIAN_POINT ( 'NONE',  ( -260.8337779118386379, 1437.079999999999927, 6.940564282543681074 ) ) ;
#2681 = ORIENTED_EDGE ( 'NONE', *, *, #33, .F. ) ;
#2682 = CARTESIAN_POINT ( 'NONE',  ( -178.1952668448776933, 1433.079999999999927, 22.75369838660252952 ) ) ;
#2683 = EDGE_LOOP ( 'NONE', ( #198, #29, #1194, #2951, #703, #2591, #786, #1220, #1782, #201, #438, #1925, #1013, #3417, #309, #44, #655, #2271, #1996, #1394, #2752, #1478, #3859, #666, #1815, #1460, #1368, #149, #2977, #2382, #2541, #3204, #1962, #2764, #2710, #2424, #2367, #3600, #2190, #2196, #3023, #3045 ) ) ;
#2684 = CARTESIAN_POINT ( 'NONE',  ( -164.2408507514658993, 1433.079999999999927, 24.50836570409287773 ) ) ;
#2685 = EDGE_CURVE ( 'NONE', #829, #1893, #2596, .T. ) ;
#2686 = LINE ( 'NONE', #2719, #2405 ) ;
#2687 = PLANE ( 'NONE',  #3387 ) ;
#2688 = LINE ( 'NONE', #3953, #3016 ) ;
#2689 = AXIS2_PLACEMENT_3D ( 'NONE', #152, #3307, #3984 ) ;
#2690 = CARTESIAN_POINT ( 'NONE',  ( -148.6125551966285059, 1433.079999999999927, 25.91327914437588475 ) ) ;
#2691 = DIRECTION ( 'NONE',  ( 0.000000000000000000, -1.000000000000000000, 0.000000000000000000 ) ) ;
#2692 = CARTESIAN_POINT ( 'NONE',  ( -285.9904385892309051, 1432.079999999999927, 3.527721545625652766 ) ) ;
#2693 = DIRECTION ( 'NONE',  ( -0.7248872777926367306, 0.000000000000000000, 0.6888675014067514590 ) ) ;
#2694 = VERTEX_POINT ( 'NONE', #1479 ) ;
#2695 = ORIENTED_EDGE ( 'NONE', *, *, #2552, .T. ) ;
#2696 = FACE_OUTER_BOUND ( 'NONE', #249, .T. ) ;
#2697 = ORIENTED_EDGE ( 'NONE', *, *, #3157, .T. ) ;
#2698 = CARTESIAN_POINT ( 'NONE',  ( -241.3852872890720960, 1432.079999999999927, 11.59175294562724901 ) ) ;
#2699 = VERTEX_POINT ( 'NONE', #1504 ) ;
#2700 = DIRECTION ( 'NONE',  ( -0.1609050596805300382, 0.000000000000000000, 0.9869698889881115544 ) ) ;
#2701 = LINE ( 'NONE', #2761, #3670 ) ;
#2702 = CIRCLE ( 'NONE', #2437, 0.5999999999999685585 ) ;
#2703 = CARTESIAN_POINT ( 'NONE',  ( -252.9784568474884736, 1520.960000000000036, -41.24291343747756855 ) ) ;
#2704 = CARTESIAN_POINT ( 'NONE',  ( -265.5219321219681774, 1432.079999999999927, 2.837808823443983997 ) ) ;
#2705 = B_SPLINE_CURVE_WITH_KNOTS ( 'NONE', 13,
 ( #2704, #3681, #3370, #838, #504, #3622, #2124, #779, #486, #2721, #4013, #525, #2391, #3056 ),
 .UNSPECIFIED., .F., .F.,
 ( 14, 14 ),
 ( 0.9375780134687023981, 1.000000000000000000 ),
 .UNSPECIFIED. ) ;
#2706 = CARTESIAN_POINT ( 'NONE',  ( -132.7570495598771174, 1432.079999999999927, 9.255214942794435018 ) ) ;
#2707 = CARTESIAN_POINT ( 'NONE',  ( -150.2687402496501363, 1433.079999999999927, 9.575102033794831158 ) ) ;
#2708 = CARTESIAN_POINT ( 'NONE',  ( -258.7028822036019164, 1432.079999999999927, -42.17616278367351867 ) ) ;
#2709 = DIRECTION ( 'NONE',  ( 0.02688405537842415011, 0.000000000000000000, 0.9996385584632127008 ) ) ;
#2710 = ORIENTED_EDGE ( 'NONE', *, *, #33, .T. ) ;
#2711 = VERTEX_POINT ( 'NONE', #3382 ) ;
#2712 = DIRECTION ( 'NONE',  ( -0.6755766284707362956, 0.000000000000000000, -0.7372897795738881932 ) ) ;
#2713 = EDGE_CURVE ( 'NONE', #1985, #3843, #3582, .T. ) ;
#2714 = ORIENTED_EDGE ( 'NONE', *, *, #21, .T. ) ;
#2715 = DIRECTION ( 'NONE',  ( 0.5461661809636199072, 0.000000000000000000, 0.8376768486544285963 ) ) ;
#2716 = VERTEX_POINT ( 'NONE', #870 ) ;
#2717 = LINE ( 'NONE', #3168, #3480 ) ;
#2718 = AXIS2_PLACEMENT_3D ( 'NONE', #3300, #1391, #456 ) ;
#2719 = CARTESIAN_POINT ( 'NONE',  ( -32.54741776726640268, 1432.079999999999927, -81.50514457746611185 ) ) ;
#2720 = CARTESIAN_POINT ( 'NONE',  ( -114.4828442445582510, 1432.079999999999927, 27.32352736051254283 ) ) ;
#2721 = CARTESIAN_POINT ( 'NONE',  ( -290.3163669967450460, 1432.079999999999927, 0.8276152839412153073 ) ) ;
#2722 = VECTOR ( 'NONE', #2691, 1000.000000000000000 ) ;
#2723 = EDGE_CURVE ( 'NONE', #369, #1726, #2738, .T. ) ;
#2724 = CARTESIAN_POINT ( 'NONE',  ( -179.2680965261207575, 1433.079999999999927, 10.95298948655129756 ) ) ;
#2725 = VECTOR ( 'NONE', #4038, 1000.000000000000114 ) ;
#2726 = EDGE_CURVE ( 'NONE', #1336, #459, #1058, .T. ) ;
#2727 = CARTESIAN_POINT ( 'NONE',  ( -241.8427587424439764, 1433.079999999999927, 10.92287269651130721 ) ) ;
#2728 = CARTESIAN_POINT ( 'NONE',  ( -179.1318213269062198, 1433.079999999999927, -1.899359058834783065 ) ) ;
#2729 = DIRECTION ( 'NONE',  ( -0.6888675014067476843, 0.000000000000000000, -0.7248872777926401723 ) ) ;
#2730 = ADVANCED_FACE ( 'NONE', ( #952 ), #2616, .F. ) ;
#2731 = ORIENTED_EDGE ( 'NONE', *, *, #1450, .T. ) ;
#2732 = ORIENTED_EDGE ( 'NONE', *, *, #1343, .F. ) ;
#2733 = DIRECTION ( 'NONE',  ( 0.01060253998774570924, 0.000000000000000000, -0.9999437914932058913 ) ) ;
#2734 = ORIENTED_EDGE ( 'NONE', *, *, #1098, .F. ) ;
#2735 = ORIENTED_EDGE ( 'NONE', *, *, #2470, .T. ) ;
#2736 = AXIS2_PLACEMENT_3D ( 'NONE', #3389, #187, #3620 ) ;
#2737 = DIRECTION ( 'NONE',  ( -0.000000000000000000, -1.000000000000000000, -0.000000000000000000 ) ) ;
#2738 = B_SPLINE_CURVE_WITH_KNOTS ( 'NONE', 3,
 ( #1523, #2777, #269, #2795, #3542, #3588 ),
 .UNSPECIFIED., .F., .F.,
 ( 4, 1, 1, 4 ),
 ( 0.03891155862395586501, 0.04061555485876838789, 0.04231955109357731643, 0.04416555291674013894 ),
 .UNSPECIFIED. ) ;
#2739 = CARTESIAN_POINT ( 'NONE',  ( -165.5923904649428948, 1433.079999999999927, 9.690496330747528475 ) ) ;
#2740 = DIRECTION ( 'NONE',  ( 0.000000000000000000, -1.000000000000000000, 0.000000000000000000 ) ) ;
#2741 = LINE ( 'NONE', #500, #2416 ) ;
#2742 = CARTESIAN_POINT ( 'NONE',  ( -178.0713867839727698, 1432.079999999999927, 11.07035666520675576 ) ) ;
#2743 = EDGE_CURVE ( 'NONE', #3884, #3558, #2008, .T. ) ;
#2744 = CARTESIAN_POINT ( 'NONE',  ( -259.4174336591689212, 1432.079999999999927, 7.025687709119411650 ) ) ;
#2745 = CARTESIAN_POINT ( 'NONE',  ( -164.4189516322942950, 1432.079999999999927, 23.02218692096814934 ) ) ;
#2746 = ORIENTED_EDGE ( 'NONE', *, *, #3518, .T. ) ;
#2747 = DIRECTION ( 'NONE',  ( -0.6888675014067514590, 0.000000000000000000, -0.7248872777926367306 ) ) ;
#2748 = AXIS2_PLACEMENT_3D ( 'NONE', #4093, #1270, #1907 ) ;
#2749 = B_SPLINE_CURVE_WITH_KNOTS ( 'NONE', 3,
 ( #257, #3804, #333, #1830 ),
 .UNSPECIFIED., .F., .F.,
 ( 4, 4 ),
 ( 0.7338661583722697612, 0.7561382821082323069 ),
 .UNSPECIFIED. ) ;
#2750 = CARTESIAN_POINT ( 'NONE',  ( -253.0423473113289106, 1432.079999999999927, 8.955332985767496368 ) ) ;
#2751 = FACE_OUTER_BOUND ( 'NONE', #2607, .T. ) ;
#2752 = ORIENTED_EDGE ( 'NONE', *, *, #1994, .F. ) ;
#2753 = EDGE_LOOP ( 'NONE', ( #3101, #2310, #1963 ) ) ;
#2754 = AXIS2_PLACEMENT_3D ( 'NONE', #51, #1954, #3846 ) ;
#2755 = LINE ( 'NONE', #1744, #1559 ) ;
#2756 = ORIENTED_EDGE ( 'NONE', *, *, #3356, .T. ) ;
#2757 = ORIENTED_EDGE ( 'NONE', *, *, #2801, .F. ) ;
#2758 = CARTESIAN_POINT ( 'NONE',  ( -257.5087377909017050, 1433.079999999999927, 7.897858416091774636 ) ) ;
#2759 = CARTESIAN_POINT ( 'NONE',  ( -83.70945874280815246, 1433.079999999999927, 79.54992100822235557 ) ) ;
#2760 = DIRECTION ( 'NONE',  ( -0.7248872777926378408, 0.000000000000000000, 0.6888675014067503488 ) ) ;
#2761 = CARTESIAN_POINT ( 'NONE',  ( -148.8736908028978974, 1432.079999999999927, 1.598898269525319327 ) ) ;
#2762 = DIRECTION ( 'NONE',  ( 0.000000000000000000, -1.000000000000000000, 0.000000000000000000 ) ) ;
#2763 = DIRECTION ( 'NONE',  ( -0.6888675014067540125, 0.000000000000000000, -0.7248872777926342881 ) ) ;
#2764 = ORIENTED_EDGE ( 'NONE', *, *, #825, .F. ) ;
#2765 = VECTOR ( 'NONE', #2772, 1000.000000000000114 ) ;
#2766 = CARTESIAN_POINT ( 'NONE',  ( -149.9729130415774137, 1433.079999999999927, 10.94940432798125052 ) ) ;
#2767 = CARTESIAN_POINT ( 'NONE',  ( -214.3987121032657228, 1433.079999999999927, 8.852874277016555382 ) ) ;
#2768 = CARTESIAN_POINT ( 'NONE',  ( -82.83959400944358720, 1433.079999999999927, 78.72328000652272806 ) ) ;
#2769 = ORIENTED_EDGE ( 'NONE', *, *, #1568, .T. ) ;
#2770 = ORIENTED_EDGE ( 'NONE', *, *, #3598, .T. ) ;
#2771 = DIRECTION ( 'NONE',  ( 0.000000000000000000, 0.000000000000000000, -1.000000000000000000 ) ) ;
#2772 = DIRECTION ( 'NONE',  ( -0.7248872777926391731, 0.000000000000000000, 0.6888675014067490165 ) ) ;
#2773 = EDGE_LOOP ( 'NONE', ( #1668, #2731, #2053, #265, #1240 ) ) ;
#2774 = ADVANCED_FACE ( 'NONE', ( #741 ), #394, .T. ) ;
#2775 = ORIENTED_EDGE ( 'NONE', *, *, #2785, .F. ) ;
#2776 = CARTESIAN_POINT ( 'NONE',  ( -237.6737849170279731, 1432.079999999999927, 8.080994594439271594 ) ) ;
#2777 = CARTESIAN_POINT ( 'NONE',  ( -265.3338636067466041, 1437.079999999999927, 6.801727551362758639 ) ) ;
#2778 = ADVANCED_FACE ( 'NONE', ( #784 ), #2030, .T. ) ;
#2779 = LINE ( 'NONE', #1870, #229 ) ;
#2780 = B_SPLINE_CURVE_WITH_KNOTS ( 'NONE', 3,
 ( #2172, #2216, #2445, #4082 ),
 .UNSPECIFIED., .F., .F.,
 ( 4, 4 ),
 ( 0.06319283298366798474, 0.06438286562773318233 ),
 .UNSPECIFIED. ) ;
#2781 = CARTESIAN_POINT ( 'NONE',  ( -100.5531540498221545, 1437.079999999999927, 11.16271731101023512 ) ) ;
#2782 = CARTESIAN_POINT ( 'NONE',  ( -213.2678935476478159, 1432.079999999999927, 8.883460927922911310 ) ) ;
#2783 = DIRECTION ( 'NONE',  ( -0.000000000000000000, -1.000000000000000000, -0.000000000000000000 ) ) ;
#2784 = ORIENTED_EDGE ( 'NONE', *, *, #4007, .F. ) ;
#2785 = EDGE_CURVE ( 'NONE', #115, #2827, #2538, .T. ) ;
#2786 = CARTESIAN_POINT ( 'NONE',  ( -32.84410089086564000, 1433.079999999999927, -82.24809755320639226 ) ) ;
#2787 = CARTESIAN_POINT ( 'NONE',  ( -250.7078635170587120, 1432.079999999999927, 9.498242094977985772 ) ) ;
#2788 = ORIENTED_EDGE ( 'NONE', *, *, #1919, .T. ) ;
#2789 = ORIENTED_EDGE ( 'NONE', *, *, #1255, .F. ) ;
#2790 = FACE_OUTER_BOUND ( 'NONE', #2460, .T. ) ;
#2791 = DIRECTION ( 'NONE',  ( -0.7248872777926399502, 0.000000000000000000, 0.6888675014067480173 ) ) ;
#2792 = VERTEX_POINT ( 'NONE', #3249 ) ;
#2793 = EDGE_CURVE ( 'NONE', #3493, #1157, #1562, .T. ) ;
#2794 = ORIENTED_EDGE ( 'NONE', *, *, #2713, .T. ) ;
#2795 = CARTESIAN_POINT ( 'NONE',  ( -262.6644455877041651, 1437.079999999999927, 7.467009704362864930 ) ) ;
#2796 = CARTESIAN_POINT ( 'NONE',  ( -123.3137327467877640, 1437.079999999999927, 27.25623171729949945 ) ) ;
#2797 = CARTESIAN_POINT ( 'NONE',  ( -133.7537577194358960, 1432.079999999999927, 26.88888592191560178 ) ) ;
#2798 = CARTESIAN_POINT ( 'NONE',  ( -199.8824428965418178, 1432.079999999999927, 9.209042318103692892 ) ) ;
#2799 = DIRECTION ( 'NONE',  ( -0.9996385584632172527, 0.000000000000000000, 0.02688405537825354699 ) ) ;
#2800 = ORIENTED_EDGE ( 'NONE', *, *, #659, .T. ) ;
#2801 = EDGE_CURVE ( 'NONE', #2827, #346, #2946, .T. ) ;
#2802 = LINE ( 'NONE', #647, #3254 ) ;
#2803 = CARTESIAN_POINT ( 'NONE',  ( -149.8126463061965126, 1437.079999999999927, 25.87186741635287035 ) ) ;
#2804 = ORIENTED_EDGE ( 'NONE', *, *, #2379, .F. ) ;
#2805 = VERTEX_POINT ( 'NONE', #1268 ) ;
#2806 = CARTESIAN_POINT ( 'NONE',  ( -290.1604015055179389, 1520.960000000000036, 1.637864100023359581 ) ) ;
#2807 = CIRCLE ( 'NONE', #3282, 0.6007478931679237633 ) ;
#2808 = CARTESIAN_POINT ( 'NONE',  ( -178.2004695315806657, 1433.079999999999927, 22.82649320470189380 ) ) ;
#2809 = CARTESIAN_POINT ( 'NONE',  ( -65.32499969352929270, 1433.079999999999927, -106.8005475999412823 ) ) ;
#2810 = ORIENTED_EDGE ( 'NONE', *, *, #172, .F. ) ;
#2811 = VECTOR ( 'NONE', #682, 1000.000000000000000 ) ;
#2812 = VERTEX_POINT ( 'NONE', #1683 ) ;
#2813 = B_SPLINE_CURVE_WITH_KNOTS ( 'NONE', 3,
 ( #3051, #4092, #2140, #910 ),
 .UNSPECIFIED., .F., .F.,
 ( 4, 4 ),
 ( 0.7801898760548089395, 0.7820152444153389837 ),
 .UNSPECIFIED. ) ;
#2814 = CARTESIAN_POINT ( 'NONE',  ( -198.4327075881555231, 1432.079999999999700, 11.51359134017623020 ) ) ;
#2815 = CARTESIAN_POINT ( 'NONE',  ( -113.5285485838877975, 1437.079999999999927, 8.528672068350594770 ) ) ;
#2816 = B_SPLINE_CURVE_WITH_KNOTS ( 'NONE', 3,
 ( #4095, #3472, #2883, #1646 ),
 .UNSPECIFIED., .F., .F.,
 ( 4, 4 ),
 ( 0.8564952732980916084, 0.8767451746816569136 ),
 .UNSPECIFIED. ) ;
#2817 = VECTOR ( 'NONE', #2872, 1000.000000000000000 ) ;
#2818 = CARTESIAN_POINT ( 'NONE',  ( -253.5796452974664135, 1433.079999999999927, 8.346190340468108815 ) ) ;
#2819 = LINE ( 'NONE', #954, #2211 ) ;
#2820 = CARTESIAN_POINT ( 'NONE',  ( -165.6171606190784189, 1432.079999999999927, 22.88600174151924094 ) ) ;
#2821 = FACE_OUTER_BOUND ( 'NONE', #2953, .T. ) ;
#2822 = ORIENTED_EDGE ( 'NONE', *, *, #2550, .T. ) ;
#2823 = CARTESIAN_POINT ( 'NONE',  ( -194.3434337935483995, 1433.079999999999927, 9.312927148811843026 ) ) ;
#2824 = DIRECTION ( 'NONE',  ( 0.000000000000000000, -1.000000000000000000, 0.000000000000000000 ) ) ;
#2825 = DIRECTION ( 'NONE',  ( -0.7248872777926389510, 0.000000000000000000, 0.6888675014067491276 ) ) ;
#2826 = EDGE_LOOP ( 'NONE', ( #2227, #2665, #2804, #3392 ) ) ;
#2827 = VERTEX_POINT ( 'NONE', #1583 ) ;
#2828 = EDGE_CURVE ( 'NONE', #944, #1552, #2281, .T. ) ;
#2829 = CARTESIAN_POINT ( 'NONE',  ( -262.6644455877046198, 1520.960000000000036, 7.467009704362771672 ) ) ;
#2830 = EDGE_CURVE ( 'NONE', #3155, #65, #2448, .T. ) ;
#2831 = CARTESIAN_POINT ( 'NONE',  ( -219.6165091063904526, 1432.079999999999927, 16.96789906232488221 ) ) ;
#2832 = CARTESIAN_POINT ( 'NONE',  ( -285.8727052897787075, 1520.960000000000036, 2.045397586167052584 ) ) ;
#2833 = ORIENTED_EDGE ( 'NONE', *, *, #3898, .F. ) ;
#2835 = EDGE_CURVE ( 'NONE', #1008, #110, #769, .T. ) ;
#2834 = DIRECTION ( 'NONE',  ( -0.000000000000000000, -1.000000000000000000, -0.000000000000000000 ) ) ;
#2836 = CARTESIAN_POINT ( 'NONE',  ( -292.2254576542359246, 1432.079999999999927, 1.434434858990511596 ) ) ;
#2837 = CARTESIAN_POINT ( 'NONE',  ( -132.7570495598771174, 1432.079999999999927, 9.255214942794435018 ) ) ;
#2838 = ADVANCED_FACE ( 'NONE', ( #2751 ), #861, .F. ) ;
#2839 = CARTESIAN_POINT ( 'NONE',  ( -246.5865632588066205, 1432.079999999999927, 7.696870105647794169 ) ) ;
#2840 = VECTOR ( 'NONE', #668, 1000.000000000000000 ) ;
#2841 = LINE ( 'NONE', #10, #113 ) ;
#2842 = ORIENTED_EDGE ( 'NONE', *, *, #25, .F. ) ;
#2843 = ADVANCED_FACE ( 'NONE', ( #4020 ), #1176, .F. ) ;
#2844 = FACE_BOUND ( 'NONE', #2773, .T. ) ;
#2845 = LINE ( 'NONE', #3828, #3982 ) ;
#2846 = CARTESIAN_POINT ( 'NONE',  ( -114.1403301938991319, 1433.079999999999927, 8.558357344852263182 ) ) ;
#2847 = B_SPLINE_CURVE_WITH_KNOTS ( 'NONE', 3,
 ( #1615, #2546, #1205, #1522, #2776 ),
 .UNSPECIFIED., .F., .F.,
 ( 4, 1, 4 ),
 ( 0.8785003871816327026, 0.8787945019262066726, 0.8925888473639714826 ),
 .UNSPECIFIED. ) ;
#2848 = VERTEX_POINT ( 'NONE', #3002 ) ;
#2849 = VERTEX_POINT ( 'NONE', #548 ) ;
#2850 = DIRECTION ( 'NONE',  ( -0.6888675014067497937, 0.000000000000000000, -0.7248872777926383959 ) ) ;
#2851 = EDGE_CURVE ( 'NONE', #858, #1592, #202, .T. ) ;
#2852 = CARTESIAN_POINT ( 'NONE',  ( -141.1614346981550625, 1432.079999999999927, 27.35412429335869788 ) ) ;
#2853 = CARTESIAN_POINT ( 'NONE',  ( -192.5000000004401102, 1437.079999999999927, 11.02593237100210644 ) ) ;
#2854 = VECTOR ( 'NONE', #1165, 1000.000000000000000 ) ;
#2855 = ADVANCED_FACE ( 'NONE', ( #3958, #221 ), #2458, .T. ) ;
#2856 = CARTESIAN_POINT ( 'NONE',  ( -113.5285485838877833, 1432.079999999999927, 8.528672068350594770 ) ) ;
#2857 = ORIENTED_EDGE ( 'NONE', *, *, #3062, .T. ) ;
#2858 = DIRECTION ( 'NONE',  ( -0.02688405537825763400, 0.000000000000000000, -0.9996385584632171417 ) ) ;
#2859 = CARTESIAN_POINT ( 'NONE',  ( -115.5180971449239138, 1437.079999999999927, 7.824897445543522956 ) ) ;
#2860 = CARTESIAN_POINT ( 'NONE',  ( -240.4624955004808839, 1520.960000000000036, 7.187158872640684315 ) ) ;
#2861 = LINE ( 'NONE', #896, #1889 ) ;
#2862 = ADVANCED_FACE ( 'NONE', ( #2048 ), #842, .T. ) ;
#2863 = ORIENTED_EDGE ( 'NONE', *, *, #3964, .F. ) ;
#2864 = B_SPLINE_CURVE_WITH_KNOTS ( 'NONE', 3,
 ( #2444, #2151, #1577, #2829, #4045, #4102 ),
 .UNSPECIFIED., .F., .F.,
 ( 4, 1, 1, 4 ),
 ( 0.03891155862395586501, 0.04061555485876838789, 0.04231955109357731643, 0.04416555291673891770 ),
 .UNSPECIFIED. ) ;
#2865 = CARTESIAN_POINT ( 'NONE',  ( -297.6249865866503796, 1432.079999999999927, 0.7942685039368116984 ) ) ;
#2866 = ADVANCED_FACE ( 'NONE', ( #3063 ), #1492, .F. ) ;
#2867 = CARTESIAN_POINT ( 'NONE',  ( -300.0000000000000000, 1520.960000000000036, 0.000000000000000000 ) ) ;
#2868 = CARTESIAN_POINT ( 'NONE',  ( -109.3093335793666085, 1433.079999999999927, -115.0249432494104553 ) ) ;
#2869 = ORIENTED_EDGE ( 'NONE', *, *, #3445, .F. ) ;
#2870 = VERTEX_POINT ( 'NONE', #2380 ) ;
#2871 = CARTESIAN_POINT ( 'NONE',  ( -297.6249865866503796, 1520.959999999999809, 0.7942685039368116984 ) ) ;
#2872 = DIRECTION ( 'NONE',  ( -0.000000000000000000, -1.000000000000000000, -0.000000000000000000 ) ) ;
#2873 = ORIENTED_EDGE ( 'NONE', *, *, #878, .F. ) ;
#2874 = LINE ( 'NONE', #2568, #3792 ) ;
#2875 = B_SPLINE_CURVE_WITH_KNOTS ( 'NONE', 3,
 ( #1857, #1882, #2483, #3436, #592, #3123, #2831, #2236, #432, #386, #2852, #693, #19, #3198, #1300, #2543 ),
 .UNSPECIFIED., .F., .F.,
 ( 4, 1, 1, 1, 1, 1, 1, 1, 1, 1, 1, 1, 1, 4 ),
 ( 0.03891155862395586501, 0.04061555485876838789, 0.04231955109357731643, 0.05452787951388714249, 0.06815984939235858464, 0.08179181927083004067, 0.1090557590277729250, 0.1363196987847158093, 0.1499516686631872653, 0.1635836385416586936, 0.1772156084201301496, 0.1908475782986016056, 0.1928611597997472449, 0.1945651560345575404 ),
 .UNSPECIFIED. ) ;
#2876 = ORIENTED_EDGE ( 'NONE', *, *, #2094, .T. ) ;
#2877 = CARTESIAN_POINT ( 'NONE',  ( -285.1034899461849932, 1520.960000000000036, 1.323141469614599774 ) ) ;
#2878 = AXIS2_PLACEMENT_3D ( 'NONE', #2557, #3862, #3886 ) ;
#2879 = EDGE_CURVE ( 'NONE', #3083, #2903, #3645, .T. ) ;
#2880 = VERTEX_POINT ( 'NONE', #3335 ) ;
#2881 = ORIENTED_EDGE ( 'NONE', *, *, #2555, .F. ) ;
#2882 = DIRECTION ( 'NONE',  ( 0.000000000000000000, -1.000000000000000000, 0.000000000000000000 ) ) ;
#2883 = CARTESIAN_POINT ( 'NONE',  ( -223.1576030476124970, 1432.079999999999927, 8.600734002083006757 ) ) ;
#2884 = ORIENTED_EDGE ( 'NONE', *, *, #353, .F. ) ;
#2885 = FACE_BOUND ( 'NONE', #1493, .T. ) ;
#2886 = ADVANCED_FACE ( 'NONE', ( #1759 ), #3022, .T. ) ;
#2887 = DIRECTION ( 'NONE',  ( 0.000000000000000000, -1.000000000000000000, 0.000000000000000000 ) ) ;
#2888 = CARTESIAN_POINT ( 'NONE',  ( -285.1034899455572713, 1520.960000000000036, 1.323141469673185799 ) ) ;
#2889 = ORIENTED_EDGE ( 'NONE', *, *, #4016, .F. ) ;
#2890 = ORIENTED_EDGE ( 'NONE', *, *, #994, .T. ) ;
#2891 = PLANE ( 'NONE',  #3440 ) ;
#2892 = CARTESIAN_POINT ( 'NONE',  ( -285.2692632528747936, 1520.959999999999809, 4.587123813316574150 ) ) ;
#2893 = CARTESIAN_POINT ( 'NONE',  ( -260.8576000477224284, 1432.079999999999927, 7.086686038297521861 ) ) ;
#2894 = CARTESIAN_POINT ( 'NONE',  ( -257.6570793527035335, 1433.079999999999927, 7.526381928219097794 ) ) ;
#2895 = ORIENTED_EDGE ( 'NONE', *, *, #3367, .T. ) ;
#2896 = ORIENTED_EDGE ( 'NONE', *, *, #1318, .F. ) ;
#2897 = EDGE_LOOP ( 'NONE', ( #3688, #2642, #803, #2334 ) ) ;
#2898 = EDGE_CURVE ( 'NONE', #1660, #1592, #3976, .T. ) ;
#2899 = DIRECTION ( 'NONE',  ( 0.000000000000000000, -1.000000000000000000, 0.000000000000000000 ) ) ;
#2900 = CIRCLE ( 'NONE', #1480, 4.124999999999996447 ) ;
#2901 = ADVANCED_FACE ( 'NONE', ( #2398 ), #3667, .T. ) ;
#2902 = B_SPLINE_CURVE_WITH_KNOTS ( 'NONE', 3,
 ( #3313, #1509, #1809, #3330 ),
 .UNSPECIFIED., .F., .F.,
 ( 4, 4 ),
 ( 0.1712988811237817210, 0.1730835121477442007 ),
 .UNSPECIFIED. ) ;
#2903 = VERTEX_POINT ( 'NONE', #509 ) ;
#2904 = ORIENTED_EDGE ( 'NONE', *, *, #2186, .T. ) ;
#2905 = FILL_AREA_STYLE_COLOUR ( '', #217 ) ;
#2906 = EDGE_CURVE ( 'NONE', #89, #115, #3996, .T. ) ;
#2907 = LINE ( 'NONE', #3842, #2627 ) ;
#2908 = PRODUCT ( 'rib7 outer', 'rib7 outer', '', ( #791 ) ) ;
#2909 = VERTEX_POINT ( 'NONE', #2108 ) ;
#2910 = CARTESIAN_POINT ( 'NONE',  ( -114.4461369841751406, 1433.079999999999927, 8.572950441632396945 ) ) ;
#2911 = DIRECTION ( 'NONE',  ( 0.6888675014067489055, 0.000000000000000000, 0.7248872777926391731 ) ) ;
#2912 = CARTESIAN_POINT ( 'NONE',  ( -196.2236163048101787, 1437.079999999999927, 21.18604354544763169 ) ) ;
#2913 = ORIENTED_EDGE ( 'NONE', *, *, #3079, .F. ) ;
#2914 = EDGE_CURVE ( 'NONE', #1885, #3515, #1834, .T. ) ;
#2915 = VERTEX_POINT ( 'NONE', #2147 ) ;
#2916 = LINE ( 'NONE', #3179, #725 ) ;
#2917 = CARTESIAN_POINT ( 'NONE',  ( -112.8759871213103310, 1432.079999999999927, 3.035661502870928175 ) ) ;
#2918 = CARTESIAN_POINT ( 'NONE',  ( -247.4112030334044618, 1437.079999999999927, 10.26930581630612593 ) ) ;
#2919 = CARTESIAN_POINT ( 'NONE',  ( -248.2263911974834230, 1433.079999999999927, 10.06564403484840398 ) ) ;
#2920 = CARTESIAN_POINT ( 'NONE',  ( -199.5036048788796279, 1432.079999999999927, 9.217415272723718189 ) ) ;
#2921 = ORIENTED_EDGE ( 'NONE', *, *, #1820, .F. ) ;
#2922 = ORIENTED_EDGE ( 'NONE', *, *, #3760, .F. ) ;
#2923 = CIRCLE ( 'NONE', #3252, 4.124999999999996447 ) ;
#2924 = FACE_OUTER_BOUND ( 'NONE', #3047, .T. ) ;
#2925 = EDGE_CURVE ( 'NONE', #248, #662, #1306, .T. ) ;
#2926 = AXIS2_PLACEMENT_3D ( 'NONE', #3578, #3534, #138 ) ;
#2927 = VECTOR ( 'NONE', #3853, 1000.000000000000114 ) ;
#2928 = VERTEX_POINT ( 'NONE', #2022 ) ;
#2929 = CIRCLE ( 'NONE', #3457, 0.5999999999999685585 ) ;
#2930 = ORIENTED_EDGE ( 'NONE', *, *, #646, .F. ) ;
#2931 = CARTESIAN_POINT ( 'NONE',  ( -241.3852872890720960, 1432.079999999999927, 11.59175294562724901 ) ) ;
#2932 = DIRECTION ( 'NONE',  ( -0.7348758801460661960, 0.000000000000000000, -0.6782016225132055931 ) ) ;
#2933 = EDGE_LOOP ( 'NONE', ( #1816, #23, #3498, #1976, #1135, #1476, #305, #465, #2584, #1393, #1715, #2789, #1693, #923, #802, #511, #789, #2810, #958, #3966, #3243, #62 ) ) ;
#2934 = CARTESIAN_POINT ( 'NONE',  ( -149.9729130415774137, 1433.079999999999927, 10.94940432798125052 ) ) ;
#2935 = VECTOR ( 'NONE', #2645, 1000.000000000000000 ) ;
#2936 = CARTESIAN_POINT ( 'NONE',  ( -128.9236941600217108, 1433.079999999999927, 122.5174531115823271 ) ) ;
#2937 = LINE ( 'NONE', #1048, #692 ) ;
#2938 = ADVANCED_FACE ( 'NONE', ( #3952 ), #2687, .T. ) ;
#2939 = DIRECTION ( 'NONE',  ( -0.6888675014067497937, 0.000000000000000000, -0.7248872777926383959 ) ) ;
#2940 = CARTESIAN_POINT ( 'NONE',  ( -272.0829353890873676, 1520.959999999999809, 8.182179439941577925 ) ) ;
#2941 = CARTESIAN_POINT ( 'NONE',  ( -261.3333421444374380, 1520.960000000000036, 6.109088865820273995 ) ) ;
#2942 = VECTOR ( 'NONE', #1191, 1000.000000000000000 ) ;
#2943 = ORIENTED_EDGE ( 'NONE', *, *, #3548, .T. ) ;
#2944 = B_SPLINE_CURVE_WITH_KNOTS ( 'NONE', 3,
 ( #184, #1458, #2092, #1142 ),
 .UNSPECIFIED., .F., .F.,
 ( 4, 4 ),
 ( 0.1003748877703653647, 0.1014965991401979156 ),
 .UNSPECIFIED. ) ;
#2945 = CARTESIAN_POINT ( 'NONE',  ( -164.2408507512882636, 1432.079999999999927, 24.50836570411208726 ) ) ;
#2946 = LINE ( 'NONE', #1094, #2059 ) ;
#2947 = EDGE_LOOP ( 'NONE', ( #949, #3998, #304, #2295, #2289 ) ) ;
#2948 = ORIENTED_EDGE ( 'NONE', *, *, #3747, .F. ) ;
#2949 = DIRECTION ( 'NONE',  ( 0.9996385584632173638, 0.000000000000000000, -0.02688405537825217656 ) ) ;
#2950 = PRODUCT_DEFINITION_SHAPE ( 'NONE', 'NONE',  #1965 ) ;
#2951 = ORIENTED_EDGE ( 'NONE', *, *, #2906, .T. ) ;
#2952 = VECTOR ( 'NONE', #2834, 1000.000000000000000 ) ;
#2953 = EDGE_LOOP ( 'NONE', ( #906, #163, #3746, #1250 ) ) ;
#2954 = CARTESIAN_POINT ( 'NONE',  ( -179.3938425800780578, 1432.079999999999927, 22.81231622378527391 ) ) ;
#2955 = DIRECTION ( 'NONE',  ( -0.02688405537825821340, 0.000000000000000000, -0.9996385584632171417 ) ) ;
#2956 = VECTOR ( 'NONE', #401, 1000.000000000000114 ) ;
#2957 = ORIENTED_EDGE ( 'NONE', *, *, #3346, .T. ) ;
#2958 = DIRECTION ( 'NONE',  ( -0.7248872777926391731, 0.000000000000000000, 0.6888675014067489055 ) ) ;
#2959 = CARTESIAN_POINT ( 'NONE',  ( -292.7816016976615288, 1520.960000000000036, 2.342604849855893789 ) ) ;
#2960 = CARTESIAN_POINT ( 'NONE',  ( -259.4640068570307108, 1432.079999999999927, 8.261595196954861109 ) ) ;
#2961 = CARTESIAN_POINT ( 'NONE',  ( -57.13222982526929172, 1433.079999999999927, 61.90651317224560302 ) ) ;
#2962 = LINE ( 'NONE', #2579, #1452 ) ;
#2963 = PLANE ( 'NONE',  #2524 ) ;
#2964 = VERTEX_POINT ( 'NONE', #1126 ) ;
#2965 = CARTESIAN_POINT ( 'NONE',  ( -164.2408507512882636, 1432.079999999999927, 24.50836570411208726 ) ) ;
#2966 = CARTESIAN_POINT ( 'NONE',  ( -300.0000000000000000, 1520.960000000000036, -0.1621621621621254228 ) ) ;
#2967 = EDGE_CURVE ( 'NONE', #4025, #707, #139, .T. ) ;
#2968 = ORIENTED_EDGE ( 'NONE', *, *, #1894, .F. ) ;
#2969 = ORIENTED_EDGE ( 'NONE', *, *, #537, .F. ) ;
#2970 = CARTESIAN_POINT ( 'NONE',  ( -213.8485997193555193, 1433.079999999999927, 9.433716939735818485 ) ) ;
#2971 = VERTEX_POINT ( 'NONE', #2355 ) ;
#2972 = EDGE_CURVE ( 'NONE', #2699, #3887, #1106, .T. ) ;
#2973 = AXIS2_PLACEMENT_3D ( 'NONE', #3519, #2003, #1366 ) ;
#2974 = ORIENTED_EDGE ( 'NONE', *, *, #353, .T. ) ;
#2975 = FACE_OUTER_BOUND ( 'NONE', #2597, .T. ) ;
#2976 = DIRECTION ( 'NONE',  ( 0.000000000000000000, -1.000000000000000000, 0.000000000000000000 ) ) ;
#2977 = ORIENTED_EDGE ( 'NONE', *, *, #1973, .T. ) ;
#2978 = DIRECTION ( 'NONE',  ( 0.000000000000000000, -1.000000000000000000, 0.000000000000000000 ) ) ;
#2979 = EDGE_CURVE ( 'NONE', #164, #2848, #3329, .T. ) ;
#2980 = CARTESIAN_POINT ( 'NONE',  ( -274.7847390683608069, 1432.079999999999927, 7.475225214956179975 ) ) ;
#2981 = CARTESIAN_POINT ( 'NONE',  ( -123.3137327467877640, 1437.079999999999927, 27.25623171729949945 ) ) ;
#2982 = CARTESIAN_POINT ( 'NONE',  ( -300.0000000000000000, 1520.960000000000036, -0.1621621621621254228 ) ) ;
#2983 = DIRECTION ( 'NONE',  ( -0.7241518884010706980, 0.000000000000000000, -0.6896405168819210729 ) ) ;
#2984 = FACE_OUTER_BOUND ( 'NONE', #3707, .T. ) ;
#2985 = DIRECTION ( 'NONE',  ( -0.7248872777926411715, 0.000000000000000000, 0.6888675014067469071 ) ) ;
#2986 = CARTESIAN_POINT ( 'NONE',  ( -227.5076778612757948, 1433.079999999999927, 8.453911112217982193 ) ) ;
#2987 = EDGE_LOOP ( 'NONE', ( #2644, #3184, #3064, #1839 ) ) ;
#2988 = ORIENTED_EDGE ( 'NONE', *, *, #1469, .F. ) ;
#2989 = CARTESIAN_POINT ( 'NONE',  ( -254.6226053384950774, 1433.079999999999927, 8.584301412233694251 ) ) ;
#2990 = ORIENTED_EDGE ( 'NONE', *, *, #1185, .T. ) ;
#2991 = ADVANCED_FACE ( 'NONE', ( #2671 ), #4012, .F. ) ;
#2992 = CARTESIAN_POINT ( 'NONE',  ( -237.6737849170279731, 1433.079999999999927, 8.080994594439271594 ) ) ;
#2993 = CARTESIAN_POINT ( 'NONE',  ( -268.3117575011433473, 1520.960000000000036, 8.318369645161142856 ) ) ;
#2994 = DIRECTION ( 'NONE',  ( 0.000000000000000000, -1.000000000000000000, 0.000000000000000000 ) ) ;
#2995 = CARTESIAN_POINT ( 'NONE',  ( -179.3923076441915043, 1433.079999999999927, 22.66755377934871873 ) ) ;
#2996 = CARTESIAN_POINT ( 'NONE',  ( -117.3872845654308179, 1432.079999999999927, 27.32359723883181246 ) ) ;
#2997 = CARTESIAN_POINT ( 'NONE',  ( -133.1133349853126902, 1432.079999999999927, 126.4989099470499241 ) ) ;
#2998 = EDGE_CURVE ( 'NONE', #2114, #2177, #3639, .T. ) ;
#2999 = CARTESIAN_POINT ( 'NONE',  ( -96.76864102652487531, 1432.079999999999927, -101.8285180040629427 ) ) ;
#3000 = CARTESIAN_POINT ( 'NONE',  ( -179.3938425800780578, 1433.079999999999927, 22.81231622378527391 ) ) ;
#3001 = DIRECTION ( 'NONE',  ( 0.000000000000000000, -1.000000000000000000, 0.000000000000000000 ) ) ;
#3002 = CARTESIAN_POINT ( 'NONE',  ( -96.72838245694208581, 1437.079999999999927, 24.69208237058674626 ) ) ;
#3003 = EDGE_LOOP ( 'NONE', ( #1041, #1707, #2548, #2386 ) ) ;
#3004 = ORIENTED_EDGE ( 'NONE', *, *, #2300, .T. ) ;
#3005 = FACE_OUTER_BOUND ( 'NONE', #943, .T. ) ;
#3006 = ORIENTED_EDGE ( 'NONE', *, *, #2566, .F. ) ;
#3007 = CARTESIAN_POINT ( 'NONE',  ( -233.9222184832874234, 1432.079999999999927, 13.19005079517899048 ) ) ;
#3008 = FACE_OUTER_BOUND ( 'NONE', #3863, .T. ) ;
#3009 = EDGE_CURVE ( 'NONE', #278, #2346, #1171, .T. ) ;
#3010 = VERTEX_POINT ( 'NONE', #3312 ) ;
#3011 = AXIS2_PLACEMENT_3D ( 'NONE', #2571, #2619, #990 ) ;
#3012 = CARTESIAN_POINT ( 'NONE',  ( -265.7189512413806938, 1432.079999999999927, 5.831332410554418644 ) ) ;
#3013 = DIRECTION ( 'NONE',  ( -0.02646596929541076421, 0.000000000000000000, -0.9996497148847962588 ) ) ;
#3014 = DIRECTION ( 'NONE',  ( 0.9996385584632171417, 0.000000000000000000, -0.02688405537825763053 ) ) ;
#3015 = CARTESIAN_POINT ( 'NONE',  ( -179.5174658418248157, 1433.079999999999927, 9.534537799042796635 ) ) ;
#3016 = VECTOR ( 'NONE', #2375, 1000.000000000000000 ) ;
#3017 = LINE ( 'NONE', #839, #1983 ) ;
#3018 = EDGE_CURVE ( 'NONE', #369, #1472, #2374, .T. ) ;
#3019 = AXIS2_PLACEMENT_3D ( 'NONE', #774, #3655, #811 ) ;
#3020 = DIRECTION ( 'NONE',  ( 0.000000000000000000, 0.000000000000000000, 1.000000000000000000 ) ) ;
#3021 = DIRECTION ( 'NONE',  ( 0.02688405537884543464, 0.000000000000000000, 0.9996385584632012655 ) ) ;
#3022 = PLANE ( 'NONE',  #270 ) ;
#3023 = ORIENTED_EDGE ( 'NONE', *, *, #3824, .T. ) ;
#3024 = VECTOR ( 'NONE', #470, 1000.000000000000114 ) ;
#3025 = ORIENTED_EDGE ( 'NONE', *, *, #82, .F. ) ;
#3026 = CARTESIAN_POINT ( 'NONE',  ( -108.7582395782411027, 1433.079999999999927, -114.4450334271763978 ) ) ;
#3027 = ADVANCED_FACE ( 'NONE', ( #3990 ), #1321, .T. ) ;
#3028 = VERTEX_POINT ( 'NONE', #778 ) ;
#3029 = EDGE_CURVE ( 'NONE', #1660, #3566, #2923, .T. ) ;
#3030 =( NAMED_UNIT ( * ) SI_UNIT ( $, .STERADIAN. ) SOLID_ANGLE_UNIT ( ) );
#3031 =( LENGTH_UNIT ( ) NAMED_UNIT ( * ) SI_UNIT ( .MILLI., .METRE. ) );
#3032 = EDGE_LOOP ( 'NONE', ( #3569, #3721, #1096 ) ) ;
#3033 = DIRECTION ( 'NONE',  ( 0.000000000000000000, 1.000000000000000000, 0.000000000000000000 ) ) ;
#3034 = LINE ( 'NONE', #1443, #426 ) ;
#3035 = ADVANCED_FACE ( 'NONE', ( #1089 ), #3237, .T. ) ;
#3036 = DIRECTION ( 'NONE',  ( -0.7248872777926389510, 0.000000000000000000, 0.6888675014067492386 ) ) ;
#3037 = CARTESIAN_POINT ( 'NONE',  ( -177.8347060259989121, 1433.079999999999927, 9.552397567821030222 ) ) ;
#3038 = LINE ( 'NONE', #1071, #1040 ) ;
#3039 = LINE ( 'NONE', #2145, #3119 ) ;
#3040 = LINE ( 'NONE', #3685, #767 ) ;
#3041 = CARTESIAN_POINT ( 'NONE',  ( 0.000000000000000000, 1520.960000000000036, 0.000000000000000000 ) ) ;
#3042 = ORIENTED_EDGE ( 'NONE', *, *, #2580, .T. ) ;
#3043 = ORIENTED_EDGE ( 'NONE', *, *, #1438, .T. ) ;
#3044 = DIRECTION ( 'NONE',  ( -0.7248872777926330668, 0.000000000000000000, 0.6888675014067552338 ) ) ;
#3045 = ORIENTED_EDGE ( 'NONE', *, *, #1814, .T. ) ;
#3046 = VECTOR ( 'NONE', #2983, 1000.000000000000000 ) ;
#3047 = EDGE_LOOP ( 'NONE', ( #680, #131, #1063, #3088 ) ) ;
#3048 = EDGE_CURVE ( 'NONE', #3558, #354, #2158, .T. ) ;
#3049 = CARTESIAN_POINT ( 'NONE',  ( -260.7629341024542100, 1437.079999999999927, 6.944829825260569578 ) ) ;
#3050 = CARTESIAN_POINT ( 'NONE',  ( -104.2954391588634167, 1433.079999999999927, -109.7488803342690176 ) ) ;
#3051 = CARTESIAN_POINT ( 'NONE',  ( -164.3938166502457250, 1433.079999999999927, 9.632323722520098386 ) ) ;
#3052 = CARTESIAN_POINT ( 'NONE',  ( -195.6463559078458445, 1437.079999999999927, 20.27733546108196805 ) ) ;
#3053 = AXIS2_PLACEMENT_3D ( 'NONE', #822, #2085, #3354 ) ;
#3054 = CARTESIAN_POINT ( 'NONE',  ( -216.6150631244887563, 1432.080000000000155, 16.64133208190971303 ) ) ;
#3055 = CARTESIAN_POINT ( 'NONE',  ( -182.7476535926390113, 1432.079999999999700, 22.24537223474090197 ) ) ;
#3056 = CARTESIAN_POINT ( 'NONE',  ( -300.0000000000000000, 1432.079999999999927, -0.1621621621621254228 ) ) ;
#3057 = ORIENTED_EDGE ( 'NONE', *, *, #3299, .T. ) ;
#3058 = VECTOR ( 'NONE', #2339, 1000.000000000000114 ) ;
#3059 = LINE ( 'NONE', #2415, #413 ) ;
#3060 = VECTOR ( 'NONE', #3001, 1000.000000000000000 ) ;
#3061 = PLANE ( 'NONE',  #3122 ) ;
#3062 = EDGE_CURVE ( 'NONE', #1501, #1416, #1302, .T. ) ;
#3063 = FACE_OUTER_BOUND ( 'NONE', #3527, .T. ) ;
#3064 = ORIENTED_EDGE ( 'NONE', *, *, #1950, .T. ) ;
#3065 = ORIENTED_EDGE ( 'NONE', *, *, #953, .T. ) ;
#3066 = LINE ( 'NONE', #1764, #3677 ) ;
#3067 = EDGE_LOOP ( 'NONE', ( #2988, #1532, #1710, #3613, #2523, #2842, #2590, #340, #3126, #2075, #3177, #2446, #3551, #258, #3943, #1661, #824, #3429, #1003, #3532, #443, #1911, #1768, #2948, #2697, #1118, #1011, #3421, #292, #3343, #3025, #133, #2968, #4064, #720, #1762 ) ) ;
#3068 = ORIENTED_EDGE ( 'NONE', *, *, #770, .F. ) ;
#3069 = B_SPLINE_CURVE_WITH_KNOTS ( 'NONE', 3,
 ( #1525, #929, #2202, #1245 ),
 .UNSPECIFIED., .F., .F.,
 ( 4, 4 ),
 ( 0.1386002152235729090, 0.1402734871942026285 ),
 .UNSPECIFIED. ) ;
#3070 = LINE ( 'NONE', #3403, #1467 ) ;
#3071 = CARTESIAN_POINT ( 'NONE',  ( -186.7415213031813721, 1432.079999999999700, 14.16434638209463337 ) ) ;
#3072 = DIRECTION ( 'NONE',  ( 0.000000000000000000, -1.000000000000000000, 0.000000000000000000 ) ) ;
#3073 = CARTESIAN_POINT ( 'NONE',  ( -228.0922669548007775, 1433.079999999999927, 9.000081170464282465 ) ) ;
#3074 = LINE ( 'NONE', #1272, #2242 ) ;
#3075 = CARTESIAN_POINT ( 'NONE',  ( -101.2206899534065485, 1432.079999999999927, 21.21819287104279894 ) ) ;
#3076 = VERTEX_POINT ( 'NONE', #3836 ) ;
#3077 = CARTESIAN_POINT ( 'NONE',  ( -195.6463559078455603, 1432.079999999999927, 20.27733546108200002 ) ) ;
#3078 = AXIS2_PLACEMENT_3D ( 'NONE', #3176, #2561, #3744 ) ;
#3079 = EDGE_CURVE ( 'NONE', #699, #4022, #3070, .T. ) ;
#3080 = LINE ( 'NONE', #1430, #2396 ) ;
#3081 = ADVANCED_FACE ( 'NONE', ( #3714 ), #230, .T. ) ;
#3082 = CARTESIAN_POINT ( 'NONE',  ( -192.5000000004401102, 1432.079999999999927, 15.15093237100210288 ) ) ;
#3083 = VERTEX_POINT ( 'NONE', #3521 ) ;
#3084 = ORIENTED_EDGE ( 'NONE', *, *, #147, .T. ) ;
#3085 = CARTESIAN_POINT ( 'NONE',  ( -188.4128544194609844, 1433.079999999999700, 19.10625565341864629 ) ) ;
#3086 = CARTESIAN_POINT ( 'NONE',  ( -265.8557205421093954, 1437.079999999999927, 6.670256816194850558 ) ) ;
#3087 = EDGE_CURVE ( 'NONE', #2346, #1570, #3091, .T. ) ;
#3088 = ORIENTED_EDGE ( 'NONE', *, *, #967, .T. ) ;
#3089 = EDGE_CURVE ( 'NONE', #3438, #4002, #1636, .T. ) ;
#3090 = VERTEX_POINT ( 'NONE', #557 ) ;
#3091 = LINE ( 'NONE', #4049, #3449 ) ;
#3092 = LINE ( 'NONE', #3468, #759 ) ;
#3093 = PLANE ( 'NONE',  #1151 ) ;
#3094 = CARTESIAN_POINT ( 'NONE',  ( -122.1786715887263881, 1432.079999999999927, 8.123971859965671172 ) ) ;
#3095 = CARTESIAN_POINT ( 'NONE',  ( -165.6171606190784189, 1433.079999999999927, 22.88600174151924094 ) ) ;
#3096 = VERTEX_POINT ( 'NONE', #250 ) ;
#3097 = VECTOR ( 'NONE', #2791, 1000.000000000000000 ) ;
#3098 = PLANE ( 'NONE',  #2195 ) ;
#3099 = CARTESIAN_POINT ( 'NONE',  ( -92.49999999999820943, 1437.079999999999927, 16.74722354252501688 ) ) ;
#3100 = CARTESIAN_POINT ( 'NONE',  ( -49.20153583355309479, 1432.079999999999927, -51.77420520022768358 ) ) ;
#3101 = ORIENTED_EDGE ( 'NONE', *, *, #3661, .F. ) ;
#3102 = ORIENTED_EDGE ( 'NONE', *, *, #3821, .F. ) ;
#3103 = CARTESIAN_POINT ( 'NONE',  ( -190.7528261741830136, 1433.079999999999927, 21.03932599842006823 ) ) ;
#3104 = CARTESIAN_POINT ( 'NONE',  ( -112.6701787603263796, 1437.079999999999927, 10.68830060044215280 ) ) ;
#3105 = ORIENTED_EDGE ( 'NONE', *, *, #272, .T. ) ;
#3106 = ORIENTED_EDGE ( 'NONE', *, *, #3, .F. ) ;
#3107 = CARTESIAN_POINT ( 'NONE',  ( -128.9236941600217108, 1432.079999999999927, 122.5174531115823271 ) ) ;
#3108 = EDGE_CURVE ( 'NONE', #346, #1575, #2847, .T. ) ;
#3109 = CARTESIAN_POINT ( 'NONE',  ( -190.0606051026418584, 1437.079999999999927, 21.14460090871749642 ) ) ;
#3110 = CARTESIAN_POINT ( 'NONE',  ( -264.9890575499149463, 1520.960000000000036, -17.44028709088449247 ) ) ;
#3111 = CARTESIAN_POINT ( 'NONE',  ( -194.9129271786084701, 1432.079999999999927, 9.302312362620199337 ) ) ;
#3112 = CARTESIAN_POINT ( 'NONE',  ( -221.0877470024795173, 1432.079999999999927, 15.20952985507673105 ) ) ;
#3113 = ORIENTED_EDGE ( 'NONE', *, *, #2073, .T. ) ;
#3114 = VECTOR ( 'NONE', #4090, 1000.000000000000000 ) ;
#3115 = DIRECTION ( 'NONE',  ( -0.6888675014067556779, 0.000000000000000000, -0.7248872777926326227 ) ) ;
#3116 = VECTOR ( 'NONE', #2106, 1000.000000000000000 ) ;
#3117 = DIRECTION ( 'NONE',  ( -0.7248872777926386179, 0.000000000000000000, 0.6888675014067493496 ) ) ;
#3118 = ORIENTED_EDGE ( 'NONE', *, *, #1568, .F. ) ;
#3119 = VECTOR ( 'NONE', #2747, 1000.000000000000000 ) ;
#3120 = ORIENTED_EDGE ( 'NONE', *, *, #3087, .F. ) ;
#3121 = DIRECTION ( 'NONE',  ( 0.000000000000000000, 0.000000000000000000, -1.000000000000000000 ) ) ;
#3122 = AXIS2_PLACEMENT_3D ( 'NONE', #2128, #1776, #2378 ) ;
#3123 = CARTESIAN_POINT ( 'NONE',  ( -237.8803495755753659, 1432.079999999999927, 13.20663139703280642 ) ) ;
#3124 = CARTESIAN_POINT ( 'NONE',  ( -115.5180971449239138, 1432.079999999999927, 7.824897445543522956 ) ) ;
#3125 = ORIENTED_EDGE ( 'NONE', *, *, #2157, .F. ) ;
#3126 = ORIENTED_EDGE ( 'NONE', *, *, #1791, .T. ) ;
#3127 = VECTOR ( 'NONE', #1083, 1000.000000000000000 ) ;
#3128 = DIRECTION ( 'NONE',  ( 0.000000000000000000, -1.000000000000000000, 0.000000000000000000 ) ) ;
#3129 = LINE ( 'NONE', #3404, #3114 ) ;
#3130 = CARTESIAN_POINT ( 'NONE',  ( -210.8832346672963638, 1437.079999999999927, 17.74767239861379053 ) ) ;
#3131 = B_SPLINE_CURVE_WITH_KNOTS ( 'NONE', 3,
 ( #3513, #1068, #1361, #404 ),
 .UNSPECIFIED., .F., .F.,
 ( 4, 4 ),
 ( 0.9038476758283531254, 0.9058420653915151277 ),
 .UNSPECIFIED. ) ;
#3132 = VECTOR ( 'NONE', #3013, 999.9999999999998863 ) ;
#3133 = CARTESIAN_POINT ( 'NONE',  ( -256.8343786850404626, 1433.079999999999927, 8.059280522143909664 ) ) ;
#3134 = ADVANCED_FACE ( 'NONE', ( #3733 ), #674, .F. ) ;
#3135 = DIRECTION ( 'NONE',  ( 0.7248872777926379518, 0.000000000000000000, -0.6888675014067501268 ) ) ;
#3136 = CARTESIAN_POINT ( 'NONE',  ( -265.5219321219681774, 1520.960000000000036, 2.837808823443983997 ) ) ;
#3137 = ORIENTED_EDGE ( 'NONE', *, *, #2104, .F. ) ;
#3138 = CARTESIAN_POINT ( 'NONE',  ( -190.7528261741830136, 1432.079999999999927, 21.03932599842010021 ) ) ;
#3139 = LINE ( 'NONE', #2868, #2553 ) ;
#3140 = ORIENTED_EDGE ( 'NONE', *, *, #2261, .F. ) ;
#3141 = EDGE_CURVE ( 'NONE', #2330, #888, #3816, .T. ) ;
#3142 = ORIENTED_EDGE ( 'NONE', *, *, #1305, .F. ) ;
#3143 = CARTESIAN_POINT ( 'NONE',  ( -190.2519878845609469, 1433.079999999999927, 21.11535364893521916 ) ) ;
#3144 = VECTOR ( 'NONE', #3988, 1000.000000000000000 ) ;
#3145 = LINE ( 'NONE', #3793, #2765 ) ;
#3146 = CARTESIAN_POINT ( 'NONE',  ( -265.7189512413806938, 1432.079999999999927, 5.831332410554418644 ) ) ;
#3147 = VERTEX_POINT ( 'NONE', #1597 ) ;
#3148 = CARTESIAN_POINT ( 'NONE',  ( -112.2823144185780109, 1437.079999999999927, 25.11038633121939512 ) ) ;
#3149 = DIRECTION ( 'NONE',  ( -0.000000000000000000, -1.000000000000000000, -0.000000000000000000 ) ) ;
#3150 = EDGE_CURVE ( 'NONE', #16, #2275, #654, .T. ) ;
#3151 = CARTESIAN_POINT ( 'NONE',  ( -222.8468073653594104, 1437.079999999999927, 7.840947217310170636 ) ) ;
#3152 = CARTESIAN_POINT ( 'NONE',  ( -133.9566240984101739, 1432.079999999999927, 9.287166304838097020 ) ) ;
#3153 = EDGE_CURVE ( 'NONE', #2010, #4025, #2238, .T. ) ;
#3154 = CARTESIAN_POINT ( 'NONE',  ( -196.2236163048101787, 1437.079999999999927, 21.18604354544763169 ) ) ;
#3155 = VERTEX_POINT ( 'NONE', #3183 ) ;
#3156 = FACE_BOUND ( 'NONE', #350, .T. ) ;
#3157 = EDGE_CURVE ( 'NONE', #4044, #1432, #2874, .T. ) ;
#3158 = CARTESIAN_POINT ( 'NONE',  ( -132.7570495598770606, 1433.079999999999927, 9.255214942794435018 ) ) ;
#3159 = CARTESIAN_POINT ( 'NONE',  ( -65.70031221889387041, 1433.079999999999927, -69.13567613107584009 ) ) ;
#3160 = ORIENTED_EDGE ( 'NONE', *, *, #155, .T. ) ;
#3161 = VERTEX_POINT ( 'NONE', #2428 ) ;
#3162 = CARTESIAN_POINT ( 'NONE',  ( -203.8710170635361578, 1432.079999999999927, 18.91889305117460651 ) ) ;
#3163 = VECTOR ( 'NONE', #984, 1000.000000000000000 ) ;
#3164 = CARTESIAN_POINT ( 'NONE',  ( -179.3923076441915043, 1433.079999999999927, 22.66755377934871873 ) ) ;
#3165 = FACE_OUTER_BOUND ( 'NONE', #868, .T. ) ;
#3166 = CARTESIAN_POINT ( 'NONE',  ( -190.1890343107848480, 1432.080000000000155, 9.385866078296785986 ) ) ;
#3167 = ORIENTED_EDGE ( 'NONE', *, *, #1087, .T. ) ;
#3168 = CARTESIAN_POINT ( 'NONE',  ( -113.0233135672802405, 1437.079999999999927, 27.31498970425845485 ) ) ;
#3169 = ADVANCED_FACE ( 'NONE', ( #1093 ), #455, .F. ) ;
#3170 = LINE ( 'NONE', #894, #622 ) ;
#3171 = DIRECTION ( 'NONE',  ( 0.000000000000000000, 1.000000000000000000, -0.000000000000000000 ) ) ;
#3172 = CARTESIAN_POINT ( 'NONE',  ( -113.8284090580020518, 1437.079999999999927, 28.12009005535462336 ) ) ;
#3173 = ORIENTED_EDGE ( 'NONE', *, *, #2828, .F. ) ;
#3174 = DIRECTION ( 'NONE',  ( -0.000000000000000000, -1.000000000000000000, -0.000000000000000000 ) ) ;
#3175 = PLANE ( 'NONE',  #1137 ) ;
#3176 = CARTESIAN_POINT ( 'NONE',  ( -69.87710367951460455, 1433.079999999999927, -107.1733000749819951 ) ) ;
#3177 = ORIENTED_EDGE ( 'NONE', *, *, #193, .F. ) ;
#3178 = ORIENTED_EDGE ( 'NONE', *, *, #392, .F. ) ;
#3179 = CARTESIAN_POINT ( 'NONE',  ( -123.5565654830474216, 1433.079999999999927, 129.7396513526184947 ) ) ;
#3180 = CARTESIAN_POINT ( 'NONE',  ( -252.0785529140159724, 1433.079999999999927, 7.428040944472593665 ) ) ;
#3181 = LINE ( 'NONE', #2567, #3656 ) ;
#3182 = ORIENTED_EDGE ( 'NONE', *, *, #701, .T. ) ;
#3183 = CARTESIAN_POINT ( 'NONE',  ( -248.2263911974824850, 1432.079999999999927, 10.06564403484861892 ) ) ;
#3184 = ORIENTED_EDGE ( 'NONE', *, *, #2610, .F. ) ;
#3185 = CARTESIAN_POINT ( 'NONE',  ( -300.0000000000000000, 1520.960000000000036, -0.1621621621621254228 ) ) ;
#3186 = EDGE_LOOP ( 'NONE', ( #1546, #1136, #2913, #1781 ) ) ;
#3187 = ORIENTED_EDGE ( 'NONE', *, *, #1643, .T. ) ;
#3188 = FILL_AREA_STYLE ('',( #2905 ) ) ;
#3189 = LINE ( 'NONE', #1929, #2956 ) ;
#3190 = ORIENTED_EDGE ( 'NONE', *, *, #3695, .F. ) ;
#3191 = CARTESIAN_POINT ( 'NONE',  ( -256.8343786850404626, 1433.079999999999927, 8.059280522143909664 ) ) ;
#3192 = DIRECTION ( 'NONE',  ( -0.02688405537842415011, 0.000000000000000000, -0.9996385584632127008 ) ) ;
#3193 = CARTESIAN_POINT ( 'NONE',  ( -154.5807832906197916, 1432.079999999999927, 26.32937649834314442 ) ) ;
#3194 = EDGE_CURVE ( 'NONE', #1173, #3304, #1390, .T. ) ;
#3195 = VERTEX_POINT ( 'NONE', #127 ) ;
#3196 = VERTEX_POINT ( 'NONE', #1411 ) ;
#3197 = CARTESIAN_POINT ( 'NONE',  ( -194.3434337935483995, 1433.079999999999927, 9.312927148811843026 ) ) ;
#3198 = CARTESIAN_POINT ( 'NONE',  ( -113.8284090580020518, 1432.079999999999927, 28.12009005535462336 ) ) ;
#3199 = EDGE_CURVE ( 'NONE', #4027, #52, #3934, .T. ) ;
#3200 = CARTESIAN_POINT ( 'NONE',  ( -133.1133349853126902, 1433.079999999999927, 126.4989099470499241 ) ) ;
#3201 = CARTESIAN_POINT ( 'NONE',  ( -171.1374583195585330, 1432.079999999999927, 9.645899208250041212 ) ) ;
#3202 = CIRCLE ( 'NONE', #3408, 0.6010667131491793658 ) ;
#3203 = ORIENTED_EDGE ( 'NONE', *, *, #3646, .T. ) ;
#3204 = ORIENTED_EDGE ( 'NONE', *, *, #3484, .T. ) ;
#3205 = VECTOR ( 'NONE', #1905, 1000.000000000000000 ) ;
#3206 = VERTEX_POINT ( 'NONE', #2945 ) ;
#3207 = CARTESIAN_POINT ( 'NONE',  ( -232.7573189821663959, 1433.079999999999927, 13.43332594171979544 ) ) ;
#3208 = EDGE_CURVE ( 'NONE', #1056, #3843, #282, .T. ) ;
#3209 = VECTOR ( 'NONE', #215, 1000.000000000000000 ) ;
#3210 = B_SPLINE_CURVE_WITH_KNOTS ( 'NONE', 3,
 ( #425, #136, #119, #3927, #1379, #3908, #2019, #2993, #3948 ),
 .UNSPECIFIED., .F., .F.,
 ( 4, 1, 1, 1, 1, 1, 4 ),
 ( 0.008052357163078591867, 0.01180441452156862081, 0.01555647188005864802, 0.02306058659703870417, 0.03056470131401876206, 0.03431675867250878753, 0.03806881603099881994 ),
 .UNSPECIFIED. ) ;
#3211 = VERTEX_POINT ( 'NONE', #1981 ) ;
#3212 = ORIENTED_EDGE ( 'NONE', *, *, #1329, .T. ) ;
#3213 = ADVANCED_FACE ( 'NONE', ( #3917 ), #1053, .T. ) ;
#3214 = DIRECTION ( 'NONE',  ( 0.01060253998775674729, 0.000000000000000000, -0.9999437914932057803 ) ) ;
#3215 = DIRECTION ( 'NONE',  ( 0.9978411957034449831, -0.000000000000000000, 0.06567303980416459852 ) ) ;
#3216 = ORIENTED_EDGE ( 'NONE', *, *, #1973, .F. ) ;
#3217 = CARTESIAN_POINT ( 'NONE',  ( -195.4746024212995508, 1433.079999999999927, 9.921671492800104630 ) ) ;
#3218 = LINE ( 'NONE', #428, #2613 ) ;
#3219 = CARTESIAN_POINT ( 'NONE',  ( -219.6165091063904526, 1437.079999999999927, 16.96789906232488221 ) ) ;
#3220 = EDGE_LOOP ( 'NONE', ( #4047, #2091, #2327 ) ) ;
#3221 = EDGE_LOOP ( 'NONE', ( #1141, #1861, #2734, #808, #1073, #360 ) ) ;
#3222 = PLANE ( 'NONE',  #920 ) ;
#3223 = ADVANCED_FACE ( 'NONE', ( #2323 ), #1657, .T. ) ;
#3224 = DIRECTION ( 'NONE',  ( -0.000000000000000000, -1.000000000000000000, -0.000000000000000000 ) ) ;
#3225 = CARTESIAN_POINT ( 'NONE',  ( -254.9539109580283309, 1432.079999999999927, 8.516572991783290192 ) ) ;
#3226 = CARTESIAN_POINT ( 'NONE',  ( -186.6359213439629627, 1432.079999999999927, 9.444839639595118186 ) ) ;
#3227 = CARTESIAN_POINT ( 'NONE',  ( -196.9577467012201737, 1432.079999999999927, 12.34914432081862756 ) ) ;
#3228 = ORIENTED_EDGE ( 'NONE', *, *, #3821, .T. ) ;
#3229 = VERTEX_POINT ( 'NONE', #2276 ) ;
#3230 = LINE ( 'NONE', #393, #1025 ) ;
#3231 = CIRCLE ( 'NONE', #3430, 0.5999999999999946487 ) ;
#3232 = ORIENTED_EDGE ( 'NONE', *, *, #1927, .F. ) ;
#3233 = B_SPLINE_CURVE_WITH_KNOTS ( 'NONE', 3,
 ( #1921, #3437, #1579, #2237, #593 ),
 .UNSPECIFIED., .F., .F.,
 ( 4, 1, 4 ),
 ( 0.04838107786650254483, 0.04858316171247652193, 0.05071265954740075688 ),
 .UNSPECIFIED. ) ;
#3234 = VERTEX_POINT ( 'NONE', #3541 ) ;
#3235 = ADVANCED_FACE ( 'NONE', ( #2588 ), #59, .T. ) ;
#3236 = CARTESIAN_POINT ( 'NONE',  ( -246.0930087124524732, 1432.079999999999927, 7.719654218929658640 ) ) ;
#3237 = B_SPLINE_SURFACE_WITH_KNOTS ( 'NONE', 3, 1, ( 
 ( #1734, #2856 ),
 ( #3692, #1802 ),
 ( #850, #1285 ),
 ( #890, #345 ),
 ( #1503, #2258 ),
 ( #2115, #3201 ),
 ( #869, #2465 ),
 ( #3381, #3166 ) ),
 .UNSPECIFIED., .F., .F., .F.,
 ( 4, 1, 1, 1, 1, 4 ),
 ( 2, 2 ),
 ( 0.7024439672986643179, 0.7171398451842927457, 0.7318357230699212845, 0.7612274788411783621, 0.7906192346124354398, 0.8194334802531624273 ),
 ( 0.000000000000000000, 1.000000000000000000 ),
 .UNSPECIFIED. ) ;
#3238 = ORIENTED_EDGE ( 'NONE', *, *, #1264, .F. ) ;
#3239 = FACE_BOUND ( 'NONE', #2753, .T. ) ;
#3240 = DIRECTION ( 'NONE',  ( -0.7248872777926383959, 0.000000000000000000, 0.6888675014067497937 ) ) ;
#3241 = VECTOR ( 'NONE', #2393, 1000.000000000000114 ) ;
#3242 = CARTESIAN_POINT ( 'NONE',  ( -241.8427587424439764, 1432.079999999999927, 10.92287269651130721 ) ) ;
#3243 = ORIENTED_EDGE ( 'NONE', *, *, #1381, .F. ) ;
#3244 = DIRECTION ( 'NONE',  ( 0.6888675014067476843, 0.000000000000000000, 0.7248872777926401723 ) ) ;
#3245 = CARTESIAN_POINT ( 'NONE',  ( -133.3568342694792932, 1433.079999999999927, 9.271286723260869778 ) ) ;
#3246 = CARTESIAN_POINT ( 'NONE',  ( -164.3938166502457250, 1433.079999999999927, 9.632323722520098386 ) ) ;
#3247 = VERTEX_POINT ( 'NONE', #1324 ) ;
#3248 = DIRECTION ( 'NONE',  ( 0.000000000000000000, 0.000000000000000000, -1.000000000000000000 ) ) ;
#3249 = CARTESIAN_POINT ( 'NONE',  ( -133.9566240984101739, 1433.079999999999927, 9.287166304838097020 ) ) ;
#3250 = ORIENTED_EDGE ( 'NONE', *, *, #3893, .T. ) ;
#3251 = VERTEX_POINT ( 'NONE', #696 ) ;
#3252 = AXIS2_PLACEMENT_3D ( 'NONE', #3369, #3292, #1404 ) ;
#3253 = CARTESIAN_POINT ( 'NONE',  ( -274.1238790097720539, 1520.960000000000036, 2.239275516227556828 ) ) ;
#3254 = VECTOR ( 'NONE', #1254, 1000.000000000000000 ) ;
#3255 = CIRCLE ( 'NONE', #1475, 9.000000000001181277 ) ;
#3256 = ORIENTED_EDGE ( 'NONE', *, *, #21, .F. ) ;
#3257 = VECTOR ( 'NONE', #782, 1000.000000000000000 ) ;
#3258 = ORIENTED_EDGE ( 'NONE', *, *, #3325, .T. ) ;
#3259 = LINE ( 'NONE', #2954, #1348 ) ;
#3260 = CARTESIAN_POINT ( 'NONE',  ( -255.0873318177361284, 1432.079999999999927, 7.269166099123650859 ) ) ;
#3261 = ORIENTED_EDGE ( 'NONE', *, *, #641, .T. ) ;
#3262 = CARTESIAN_POINT ( 'NONE',  ( -149.3391113037709772, 1433.079999999999927, 25.90982806079617973 ) ) ;
#3263 = AXIS2_PLACEMENT_3D ( 'NONE', #1333, #1602, #2624 ) ;
#3264 = EDGE_CURVE ( 'NONE', #1319, #499, #4089, .T. ) ;
#3265 = CARTESIAN_POINT ( 'NONE',  ( -99.13813852873975918, 1437.079999999999927, 23.95660055259056165 ) ) ;
#3266 = EDGE_CURVE ( 'NONE', #698, #2254, #3587, .T. ) ;
#3267 = CARTESIAN_POINT ( 'NONE',  ( -265.5219321219681774, 1520.960000000000036, 2.837808823443983997 ) ) ;
#3268 = CARTESIAN_POINT ( 'NONE',  ( -293.2676002059569100, 1520.960000000000036, 1.330312713633649668 ) ) ;
#3269 = PLANE ( 'NONE',  #1718 ) ;
#3270 = LINE ( 'NONE', #1678, #1139 ) ;
#3271 = VECTOR ( 'NONE', #1953, 1000.000000000000000 ) ;
#3272 = EDGE_LOOP ( 'NONE', ( #2658, #3505, #146, #2302, #2573, #1855, #3647, #1711 ) ) ;
#3273 = CARTESIAN_POINT ( 'NONE',  ( -87.29745966063431695, 1433.079999999999927, -91.86210376071331041 ) ) ;
#3274 = EDGE_CURVE ( 'NONE', #3559, #1161, #3795, .T. ) ;
#3275 = CARTESIAN_POINT ( 'NONE',  ( -247.5948149815329487, 1437.079999999999927, 7.661474984079974959 ) ) ;
#3276 = VERTEX_POINT ( 'NONE', #2637 ) ;
#3277 = EDGE_LOOP ( 'NONE', ( #3706, #1933, #787 ) ) ;
#3278 = CARTESIAN_POINT ( 'NONE',  ( -203.8710170635361578, 1432.079999999999927, 18.91889305117460651 ) ) ;
#3279 = B_SPLINE_SURFACE_WITH_KNOTS ( 'NONE', 3, 1, ( 
 ( #1900, #3399 ),
 ( #551, #246 ),
 ( #1517, #1200 ),
 ( #591, #884 ),
 ( #4061, #2481 ),
 ( #286, #3748 ),
 ( #2806, #2002 ),
 ( #3850, #3832 ),
 ( #3268, #1004 ) ),
 .UNSPECIFIED., .F., .F., .F.,
 ( 4, 1, 1, 1, 1, 1, 4 ),
 ( 2, 2 ),
 ( 0.9389019328317700364, 0.9448400810633528213, 0.9507782292949357172, 0.9626545257581013981, 0.9745308222212671900, 0.9804689704528499750, 0.9864071186844328709 ),
 ( 0.000000000000000000, 1.000000000000000000 ),
 .UNSPECIFIED. ) ;
#3280 = EDGE_CURVE ( 'NONE', #3337, #4080, #2929, .T. ) ;
#3281 = VERTEX_POINT ( 'NONE', #436 ) ;
#3282 = AXIS2_PLACEMENT_3D ( 'NONE', #3547, #656, #1328 ) ;
#3283 = VERTEX_POINT ( 'NONE', #1034 ) ;
#3284 = EDGE_CURVE ( 'NONE', #662, #1841, #1075, .T. ) ;
#3285 = FACE_OUTER_BOUND ( 'NONE', #3878, .T. ) ;
#3286 = LINE ( 'NONE', #445, #560 ) ;
#3287 = VECTOR ( 'NONE', #1064, 1000.000000000000000 ) ;
#3288 = CARTESIAN_POINT ( 'NONE',  ( -260.8576000477227126, 1437.079999999999927, 7.086686038297449919 ) ) ;
#3289 = CARTESIAN_POINT ( 'NONE',  ( -252.9784568474884736, 1432.079999999999927, -41.24291343747756855 ) ) ;
#3290 = LINE ( 'NONE', #754, #225 ) ;
#3291 = EDGE_CURVE ( 'NONE', #3206, #16, #3443, .T. ) ;
#3292 = DIRECTION ( 'NONE',  ( 0.000000000000000000, 1.000000000000000000, -0.000000000000000000 ) ) ;
#3293 = PLANE ( 'NONE',  #1701 ) ;
#3294 = CARTESIAN_POINT ( 'NONE',  ( -268.3117575011433473, 1432.079999999999927, 8.318369645161142856 ) ) ;
#3295 = EDGE_CURVE ( 'NONE', #3076, #1684, #1705, .T. ) ;
#3296 = CARTESIAN_POINT ( 'NONE',  ( -265.7189512413806938, 1520.960000000000036, 5.831332410554418644 ) ) ;
#3297 = ORIENTED_EDGE ( 'NONE', *, *, #3570, .T. ) ;
#3298 = CARTESIAN_POINT ( 'NONE',  ( -64.90756987942758371, 1433.079999999999927, -106.1180870880435378 ) ) ;
#3299 = EDGE_CURVE ( 'NONE', #2694, #843, #4040, .T. ) ;
#3300 = CARTESIAN_POINT ( 'NONE',  ( -177.9340017912533369, 1433.079999999999927, -1.886658415423741575 ) ) ;
#3301 = ORIENTED_EDGE ( 'NONE', *, *, #825, .T. ) ;
#3302 = VERTEX_POINT ( 'NONE', #195 ) ;
#3303 = LINE ( 'NONE', #1415, #385 ) ;
#3304 = VERTEX_POINT ( 'NONE', #1812 ) ;
#3305 = VECTOR ( 'NONE', #307, 1000.000000000000000 ) ;
#3306 = LINE ( 'NONE', #2992, #2935 ) ;
#3307 = DIRECTION ( 'NONE',  ( 0.000000000000000000, 1.000000000000000000, -0.000000000000000000 ) ) ;
#3308 = EDGE_CURVE ( 'NONE', #1157, #3924, #2067, .T. ) ;
#3309 = ORIENTED_EDGE ( 'NONE', *, *, #430, .T. ) ;
#3310 = CARTESIAN_POINT ( 'NONE',  ( -253.5796452974664135, 1432.079999999999927, 8.346190340468108815 ) ) ;
#3311 = DIRECTION ( 'NONE',  ( 0.000000000000000000, 0.000000000000000000, -1.000000000000000000 ) ) ;
#3312 = CARTESIAN_POINT ( 'NONE',  ( -112.2016622524414515, 1437.079999999999927, 28.10930200660903822 ) ) ;
#3313 = CARTESIAN_POINT ( 'NONE',  ( -133.7537577194358960, 1433.079999999999927, 26.88888592191560178 ) ) ;
#3314 = CARTESIAN_POINT ( 'NONE',  ( -164.9945637137987831, 1433.079999999999927, 9.631325334794965443 ) ) ;
#3315 = CARTESIAN_POINT ( 'NONE',  ( -134.1085022721686641, 1433.079999999999927, 3.550555210029314956 ) ) ;
#3316 = CARTESIAN_POINT ( 'NONE',  ( -179.5174658418248157, 1432.079999999999927, 9.534537799042796635 ) ) ;
#3317 = DIRECTION ( 'NONE',  ( 0.000000000000000000, 0.000000000000000000, 1.000000000000000000 ) ) ;
#3318 = ORIENTED_EDGE ( 'NONE', *, *, #272, .F. ) ;
#3319 = ORIENTED_EDGE ( 'NONE', *, *, #1418, .F. ) ;
#3320 = CARTESIAN_POINT ( 'NONE',  ( -178.0713867839727698, 1433.079999999999927, 11.07035666520675576 ) ) ;
#3321 = EDGE_CURVE ( 'NONE', #545, #2971, #3080, .T. ) ;
#3322 = VECTOR ( 'NONE', #1922, 1000.000000000000000 ) ;
#3323 = VERTEX_POINT ( 'NONE', #1175 ) ;
#3324 = CARTESIAN_POINT ( 'NONE',  ( -240.2231530928515895, 1432.079999999999927, 11.84600902010685886 ) ) ;
#3325 = EDGE_CURVE ( 'NONE', #3566, #1660, #3987, .T. ) ;
#3326 = ORIENTED_EDGE ( 'NONE', *, *, #1491, .T. ) ;
#3327 = CARTESIAN_POINT ( 'NONE',  ( -148.6143614906584389, 1433.079999999999927, 25.96668747503433750 ) ) ;
#3328 = CYLINDRICAL_SURFACE ( 'NONE', #2013, 0.6007478931679237633 ) ;
#3329 = LINE ( 'NONE', #449, #928 ) ;
#3330 = CARTESIAN_POINT ( 'NONE',  ( -132.0558163152723807, 1433.079999999999927, 26.96303150517800873 ) ) ;
#3331 = CARTESIAN_POINT ( 'NONE',  ( -103.7443451577378539, 1432.079999999999927, -109.1689705120349458 ) ) ;
#3332 = CYLINDRICAL_SURFACE ( 'NONE', #2595, 0.6007478931679237633 ) ;
#3333 = ADVANCED_FACE ( 'NONE', ( #489 ), #3061, .F. ) ;
#3334 = CARTESIAN_POINT ( 'NONE',  ( -293.2676002059569100, 1432.079999999999927, 1.330312713633649668 ) ) ;
#3335 = CARTESIAN_POINT ( 'NONE',  ( -255.8870986851619023, 1432.079999999999927, 7.681003567253950948 ) ) ;
#3336 = ORIENTED_EDGE ( 'NONE', *, *, #2467, .T. ) ;
#3337 = VERTEX_POINT ( 'NONE', #1513 ) ;
#3338 = ADVANCED_FACE ( 'NONE', ( #567 ), #800, .T. ) ;
#3339 = CARTESIAN_POINT ( 'NONE',  ( -113.5068429449947445, 1432.079999999999927, 9.335759885577626704 ) ) ;
#3340 = ORIENTED_EDGE ( 'NONE', *, *, #1311, .T. ) ;
#3341 = EDGE_CURVE ( 'NONE', #2592, #1498, #3666, .T. ) ;
#3342 = LINE ( 'NONE', #4006, #1030 ) ;
#3343 = ORIENTED_EDGE ( 'NONE', *, *, #2043, .F. ) ;
#3344 = VECTOR ( 'NONE', #199, 1000.000000000000114 ) ;
#3345 = CARTESIAN_POINT ( 'NONE',  ( -251.6390689010222843, 1433.079999999999927, 7.450622648387597913 ) ) ;
#3346 = EDGE_CURVE ( 'NONE', #459, #3196, #2207, .T. ) ;
#3347 = CARTESIAN_POINT ( 'NONE',  ( -164.3938166502456681, 1432.079999999999927, 9.632323722520098386 ) ) ;
#3348 = CARTESIAN_POINT ( 'NONE',  ( -152.7139117670832320, 1437.079999999999927, 25.70190672669911436 ) ) ;
#3349 = DIRECTION ( 'NONE',  ( -0.02688405537884543811, 0.000000000000000000, -0.9996385584632012655 ) ) ;
#3350 = AXIS2_PLACEMENT_3D ( 'NONE', #3099, #2212, #3809 ) ;
#3351 = CARTESIAN_POINT ( 'NONE',  ( -248.2263911974834230, 1433.079999999999927, 10.06564403484840398 ) ) ;
#3352 = CARTESIAN_POINT ( 'NONE',  ( -225.0224362187566953, 1437.079999999999927, 15.05154234427599036 ) ) ;
#3353 = CARTESIAN_POINT ( 'NONE',  ( -252.9784568474884736, 1437.079999999999927, -41.24291343747757566 ) ) ;
#3354 = DIRECTION ( 'NONE',  ( 0.6888675014067540125, 0.000000000000000000, 0.7248872777926342881 ) ) ;
#3355 = EDGE_LOOP ( 'NONE', ( #3125, #43, #1898, #2475, #3628, #3190, #3309, #513, #3811, #2421, #3004, #887 ) ) ;
#3356 = EDGE_CURVE ( 'NONE', #2213, #3147, #1341, .T. ) ;
#3357 = AXIS2_PLACEMENT_3D ( 'NONE', #3314, #159, #1736 ) ;
#3358 = ORIENTED_EDGE ( 'NONE', *, *, #1894, .T. ) ;
#3359 = LINE ( 'NONE', #3026, #2572 ) ;
#3360 = EDGE_LOOP ( 'NONE', ( #554, #2326, #1456 ) ) ;
#3361 = ORIENTED_EDGE ( 'NONE', *, *, #1714, .T. ) ;
#3362 = CARTESIAN_POINT ( 'NONE',  ( -255.0275276099420694, 1437.079999999999927, 7.279903762745472129 ) ) ;
#3363 = DIRECTION ( 'NONE',  ( -0.6888675014067497937, 0.000000000000000000, -0.7248872777926383959 ) ) ;
#3364 = VECTOR ( 'NONE', #715, 1000.000000000000000 ) ;
#3365 = LINE ( 'NONE', #1225, #356 ) ;
#3366 = CARTESIAN_POINT ( 'NONE',  ( -192.5000000004401102, 1437.079999999999927, 19.27593237100209933 ) ) ;
#3367 = EDGE_CURVE ( 'NONE', #1437, #3229, #1449, .T. ) ;
#3368 = DIRECTION ( 'NONE',  ( 0.000000000000000000, -1.000000000000000000, 0.000000000000000000 ) ) ;
#3369 = CARTESIAN_POINT ( 'NONE',  ( -192.5000000004401102, 1437.079999999999927, 15.15093237100210288 ) ) ;
#3370 = CARTESIAN_POINT ( 'NONE',  ( -271.2861602198226478, 1432.079999999999927, 2.447696926311453858 ) ) ;
#3371 = FACE_OUTER_BOUND ( 'NONE', #2185, .T. ) ;
#3372 = FACE_OUTER_BOUND ( 'NONE', #3730, .T. ) ;
#3373 = CARTESIAN_POINT ( 'NONE',  ( -254.6226053384950774, 1432.079999999999927, 8.584301412233694251 ) ) ;
#3374 = CARTESIAN_POINT ( 'NONE',  ( -246.0630612140187452, 1432.079999999999927, 10.55659016639796022 ) ) ;
#3375 = ORIENTED_EDGE ( 'NONE', *, *, #2470, .F. ) ;
#3376 = ORIENTED_EDGE ( 'NONE', *, *, #301, .T. ) ;
#3377 = CARTESIAN_POINT ( 'NONE',  ( -87.29745966063431695, 1432.079999999999927, -91.86210376071331041 ) ) ;
#3378 = ORIENTED_EDGE ( 'NONE', *, *, #820, .F. ) ;
#3379 = VECTOR ( 'NONE', #1282, 1000.000000000000000 ) ;
#3380 = ORIENTED_EDGE ( 'NONE', *, *, #2167, .F. ) ;
#3381 = CARTESIAN_POINT ( 'NONE',  ( -190.1890343107848480, 1437.080000000000382, 9.385866078296785986 ) ) ;
#3382 = CARTESIAN_POINT ( 'NONE',  ( -112.6486715160237821, 1437.079999999999927, 11.48801144721272927 ) ) ;
#3383 = DIRECTION ( 'NONE',  ( 0.9996385584632172527, 0.000000000000000000, -0.02688405537825217656 ) ) ;
#3384 = CARTESIAN_POINT ( 'NONE',  ( -114.4828442445582510, 1437.079999999999927, 27.32352736051254283 ) ) ;
#3385 = EDGE_CURVE ( 'NONE', #1008, #1355, #3395, .T. ) ;
#3386 = CARTESIAN_POINT ( 'NONE',  ( -178.0713867839727698, 1433.079999999999927, 11.07035666520675576 ) ) ;
#3387 = AXIS2_PLACEMENT_3D ( 'NONE', #2703, #1753, #3969 ) ;
#3388 = ADVANCED_FACE ( 'NONE', ( #3956 ), #1490, .F. ) ;
#3389 = CARTESIAN_POINT ( 'NONE',  ( -165.5736163542941881, 1433.079999999999927, -0.3108091634388195912 ) ) ;
#3390 = CARTESIAN_POINT ( 'NONE',  ( -149.9729130415774137, 1432.079999999999927, 10.94940432798125052 ) ) ;
#3391 = CARTESIAN_POINT ( 'NONE',  ( -238.8043900246975682, 1432.079999999999927, 8.035481054986140848 ) ) ;
#3392 = ORIENTED_EDGE ( 'NONE', *, *, #3762, .T. ) ;
#3393 = EDGE_CURVE ( 'NONE', #1841, #2849, #3644, .T. ) ;
#3394 = DIRECTION ( 'NONE',  ( 0.7348758801460677503, 0.000000000000000000, 0.6782016225132038167 ) ) ;
#3395 = LINE ( 'NONE', #3414, #3060 ) ;
#3396 = DIRECTION ( 'NONE',  ( 0.7248872777926392841, 0.000000000000000000, -0.6888675014067486835 ) ) ;
#3397 = ORIENTED_EDGE ( 'NONE', *, *, #2661, .T. ) ;
#3398 = ORIENTED_EDGE ( 'NONE', *, *, #3062, .F. ) ;
#3399 = CARTESIAN_POINT ( 'NONE',  ( -266.3727187654357067, 1432.079999999999927, 3.583167371676564628 ) ) ;
#3400 = CARTESIAN_POINT ( 'NONE',  ( -264.2871590457025377, 1437.079999999999927, 7.064132261341821817 ) ) ;
#3401 = ORIENTED_EDGE ( 'NONE', *, *, #2137, .T. ) ;
#3402 = ORIENTED_EDGE ( 'NONE', *, *, #3762, .F. ) ;
#3403 = CARTESIAN_POINT ( 'NONE',  ( -66.52695322058222871, 1433.079999999999927, -70.00554086442703294 ) ) ;
#3404 = CARTESIAN_POINT ( 'NONE',  ( -196.9577467012201737, 1433.079999999999927, 12.34914432081862756 ) ) ;
#3405 = EDGE_CURVE ( 'NONE', #2614, #1437, #3040, .T. ) ;
#3406 = CARTESIAN_POINT ( 'NONE',  ( -112.2823144185780109, 1437.079999999999927, 25.11038633121939512 ) ) ;
#3407 = CARTESIAN_POINT ( 'NONE',  ( 0.000000000000000000, 1433.079999999999927, 0.000000000000000000 ) ) ;
#3408 = AXIS2_PLACEMENT_3D ( 'NONE', #1207, #4051, #2491 ) ;
#3409 = CARTESIAN_POINT ( 'NONE',  ( -266.6398104252421604, 1520.960000000000036, 6.507882213807852700 ) ) ;
#3410 = CARTESIAN_POINT ( 'NONE',  ( 0.2273156052835981489, 1432.079999999999927, 8.452349944409743188 ) ) ;
#3411 = VERTEX_POINT ( 'NONE', #2107 ) ;
#3412 = CARTESIAN_POINT ( 'NONE',  ( -177.8347060259989121, 1432.079999999999927, 9.552397567821030222 ) ) ;
#3413 = VECTOR ( 'NONE', #1878, 999.9999999999998863 ) ;
#3414 = CARTESIAN_POINT ( 'NONE',  ( -132.7570495598771174, 1433.079999999999927, 9.255214942794435018 ) ) ;
#3415 = CARTESIAN_POINT ( 'NONE',  ( -256.7794921470461986, 1432.079999999999927, 7.175935370176112826 ) ) ;
#3416 = VERTEX_POINT ( 'NONE', #3373 ) ;
#3417 = ORIENTED_EDGE ( 'NONE', *, *, #1572, .T. ) ;
#3418 = CARTESIAN_POINT ( 'NONE',  ( -112.6261548481651289, 1433.079999999999927, 12.32525601775577329 ) ) ;
#3419 = LINE ( 'NONE', #3104, #1906 ) ;
#3420 = EDGE_CURVE ( 'NONE', #761, #2114, #434, .T. ) ;
#3421 = ORIENTED_EDGE ( 'NONE', *, *, #1986, .F. ) ;
#3422 = VERTEX_POINT ( 'NONE', #529 ) ;
#3423 = CARTESIAN_POINT ( 'NONE',  ( -300.0000000000000000, 1432.079999999999927, 0.000000000000000000 ) ) ;
#3424 = DIRECTION ( 'NONE',  ( -0.6888675014067501268, 0.000000000000000000, -0.7248872777926379518 ) ) ;
#3425 = DIRECTION ( 'NONE',  ( 0.000000000000000000, -1.000000000000000000, 0.000000000000000000 ) ) ;
#3426 = DIRECTION ( 'NONE',  ( 0.000000000000000000, -1.000000000000000000, 0.000000000000000000 ) ) ;
#3427 = CARTESIAN_POINT ( 'NONE',  ( -200.4954640087551923, 1432.079999999999927, 8.438484520300974623 ) ) ;
#3428 = CARTESIAN_POINT ( 'NONE',  ( -112.7120578011266474, 1437.079999999999927, 28.11340712249482721 ) ) ;
#3429 = ORIENTED_EDGE ( 'NONE', *, *, #191, .T. ) ;
#3430 = AXIS2_PLACEMENT_3D ( 'NONE', #3245, #2634, #1634 ) ;
#3431 = CARTESIAN_POINT ( 'NONE',  ( -190.1890343106762202, 1437.079999999999927, 9.385866078298580106 ) ) ;
#3432 = DIRECTION ( 'NONE',  ( -0.5812758212746321762, 0.000000000000000000, 0.8137065930674900471 ) ) ;
#3433 = ORIENTED_EDGE ( 'NONE', *, *, #3913, .T. ) ;
#3434 = ORIENTED_EDGE ( 'NONE', *, *, #951, .T. ) ;
#3435 = CARTESIAN_POINT ( 'NONE',  ( -164.3938168790713235, 1433.079999999999927, 9.632453036328874063 ) ) ;
#3436 = CARTESIAN_POINT ( 'NONE',  ( -259.4640068570307108, 1432.079999999999927, 8.261595196954861109 ) ) ;
#3437 = CARTESIAN_POINT ( 'NONE',  ( -256.7706833590909810, 1432.079999999999927, 8.074497407324162879 ) ) ;
#3438 = VERTEX_POINT ( 'NONE', #962 ) ;
#3439 = ORIENTED_EDGE ( 'NONE', *, *, #3641, .T. ) ;
#3440 = AXIS2_PLACEMENT_3D ( 'NONE', #1320, #2585, #3869 ) ;
#3441 = FACE_OUTER_BOUND ( 'NONE', #1258, .T. ) ;
#3442 = LINE ( 'NONE', #599, #2150 ) ;
#3443 = B_SPLINE_CURVE_WITH_KNOTS ( 'NONE', 3,
 ( #2965, #2341, #3607, #762 ),
 .UNSPECIFIED., .F., .F.,
 ( 4, 4 ),
 ( 0.1402734871943789874, 0.1547462937130345273 ),
 .UNSPECIFIED. ) ;
#3444 = CARTESIAN_POINT ( 'NONE',  ( -227.6072848800069721, 1432.079999999999927, 14.49505114406348483 ) ) ;
#3445 = EDGE_CURVE ( 'NONE', #1821, #998, #607, .T. ) ;
#3446 = CARTESIAN_POINT ( 'NONE',  ( -133.7537577194358960, 1433.079999999999927, 26.88888592191560178 ) ) ;
#3447 = CARTESIAN_POINT ( 'NONE',  ( -265.8557205421093386, 1520.960000000000036, 6.670256816194236826 ) ) ;
#3448 = EDGE_LOOP ( 'NONE', ( #3900, #3978, #1016 ) ) ;
#3449 = VECTOR ( 'NONE', #2449, 999.9999999999998863 ) ;
#3450 = CARTESIAN_POINT ( 'NONE',  ( -190.1890343106762202, 1437.079999999999927, 9.385866078298587212 ) ) ;
#3451 = VECTOR ( 'NONE', #3742, 1000.000000000000000 ) ;
#3452 = CARTESIAN_POINT ( 'NONE',  ( -249.5323828144506138, 1432.079999999999927, 9.767544433441221585 ) ) ;
#3453 = EDGE_LOOP ( 'NONE', ( #3105, #3572, #3336 ) ) ;
#3454 = AXIS2_PLACEMENT_3D ( 'NONE', #3540, #2004, #433 ) ;
#3455 = ORIENTED_EDGE ( 'NONE', *, *, #1409, .T. ) ;
#3456 = CYLINDRICAL_SURFACE ( 'NONE', #6, 0.5999999999999946487 ) ;
#3457 = AXIS2_PLACEMENT_3D ( 'NONE', #1349, #2615, #3248 ) ;
#3458 = CARTESIAN_POINT ( 'NONE',  ( -245.4693082736719134, 1432.079999999999927, 8.268023086486969930 ) ) ;
#3459 = CARTESIAN_POINT ( 'NONE',  ( -178.1952668448776933, 1432.079999999999927, 22.75369838660252952 ) ) ;
#3460 = EDGE_CURVE ( 'NONE', #2827, #1967, #2231, .T. ) ;
#3461 = EDGE_CURVE ( 'NONE', #1533, #707, #1214, .T. ) ;
#3462 = ORIENTED_EDGE ( 'NONE', *, *, #2713, .F. ) ;
#3463 = STYLED_ITEM ( 'NONE', ( #1018 ), #2472 ) ;
#3464 = CARTESIAN_POINT ( 'NONE',  ( -113.0233135672802405, 1432.079999999999927, 27.31498970425845485 ) ) ;
#3465 = ADVANCED_FACE ( 'NONE', ( #15 ), #2478, .F. ) ;
#3466 = LINE ( 'NONE', #3107, #993 ) ;
#3467 = EDGE_CURVE ( 'NONE', #285, #416, #3139, .T. ) ;
#3468 = CARTESIAN_POINT ( 'NONE',  ( -164.3751559483991969, 1433.079999999999927, -0.3085594543071153439 ) ) ;
#3469 = VECTOR ( 'NONE', #2121, 1000.000000000000000 ) ;
#3470 = CARTESIAN_POINT ( 'NONE',  ( -257.5438128820314319, 1433.079999999999927, 7.889533120922885168 ) ) ;
#3471 = CARTESIAN_POINT ( 'NONE',  ( -112.7508309264629673, 1520.960000000000036, 7.689384925053317055 ) ) ;
#3472 = CARTESIAN_POINT ( 'NONE',  ( -218.7857932383480488, 1432.079999999999927, 8.733099514987657130 ) ) ;
#3473 = VERTEX_POINT ( 'NONE', #916 ) ;
#3474 = FACE_BOUND ( 'NONE', #216, .T. ) ;
#3475 = CARTESIAN_POINT ( 'NONE',  ( -190.1890343106762202, 1432.079999999999927, 9.385866078298580106 ) ) ;
#3476 = CARTESIAN_POINT ( 'NONE',  ( -233.9222184832874234, 1432.079999999999927, 13.19005079517899048 ) ) ;
#3477 = VERTEX_POINT ( 'NONE', #1279 ) ;
#3478 = VERTEX_POINT ( 'NONE', #1607 ) ;
#3479 = LINE ( 'NONE', #2519, #2183 ) ;
#3480 = VECTOR ( 'NONE', #2549, 1000.000000000000000 ) ;
#3481 = CARTESIAN_POINT ( 'NONE',  ( -261.5617635561013685, 1437.079999999999927, 7.738060476453454406 ) ) ;
#3482 = CARTESIAN_POINT ( 'NONE',  ( -173.4395179607336104, 1432.079999999999927, 8.866531246998681226 ) ) ;
#3483 = ORIENTED_EDGE ( 'NONE', *, *, #2743, .F. ) ;
#3484 = EDGE_CURVE ( 'NONE', #3251, #3882, #2662, .T. ) ;
#3485 = VECTOR ( 'NONE', #1256, 1000.000000000000000 ) ;
#3486 = ORIENTED_EDGE ( 'NONE', *, *, #3661, .T. ) ;
#3487 = B_SPLINE_CURVE_WITH_KNOTS ( 'NONE', 3,
 ( #2815, #2489, #3715, #4030, #2200, #617, #2466, #1244 ),
 .UNSPECIFIED., .F., .F.,
 ( 4, 1, 1, 1, 1, 4 ),
 ( 0.7024439672986643179, 0.7171398451842927457, 0.7318357230699212845, 0.7612274788411783621, 0.7906192346124354398, 0.8194334802529954498 ),
 .UNSPECIFIED. ) ;
#3488 = CARTESIAN_POINT ( 'NONE',  ( 0.5936727027209565133, 1437.079999999999927, 22.07472482841616923 ) ) ;
#3489 = CARTESIAN_POINT ( 'NONE',  ( -122.1786715887263881, 1437.079999999999927, 8.123971859965671172 ) ) ;
#3490 = CARTESIAN_POINT ( 'NONE',  ( -32.84410089086564000, 1432.079999999999927, -82.24809755320639226 ) ) ;
#3491 = CARTESIAN_POINT ( 'NONE',  ( -172.8587101762493887, 1437.079999999999927, 24.44703151162762822 ) ) ;
#3492 = B_SPLINE_CURVE_WITH_KNOTS ( 'NONE', 3,
 ( #3015, #3970, #1773, #3037 ),
 .UNSPECIFIED., .F., .F.,
 ( 4, 4 ),
 ( 0.8368424045737977712, 0.8394024848050616328 ),
 .UNSPECIFIED. ) ;
#3493 = VERTEX_POINT ( 'NONE', #980 ) ;
#3494 = PLANE ( 'NONE',  #129 ) ;
#3495 = DIRECTION ( 'NONE',  ( 0.02688405537825821340, 0.000000000000000000, 0.9996385584632171417 ) ) ;
#3496 = CARTESIAN_POINT ( 'NONE',  ( -233.9222184832874234, 1433.079999999999927, 13.19005079517899048 ) ) ;
#3497 = VERTEX_POINT ( 'NONE', #281 ) ;
#3498 = ORIENTED_EDGE ( 'NONE', *, *, #657, .F. ) ;
#3499 = LINE ( 'NONE', #2272, #1659 ) ;
#3500 = VECTOR ( 'NONE', #1099, 1000.000000000000000 ) ;
#3501 = DIRECTION ( 'NONE',  ( 0.9697008434041973768, -0.000000000000000000, 0.2442954651670563027 ) ) ;
#3502 = CARTESIAN_POINT ( 'NONE',  ( -267.5579742966418735, 1520.960000000000036, 3.504036228201333092 ) ) ;
#3503 = B_SPLINE_CURVE_WITH_KNOTS ( 'NONE', 3,
 ( #1072, #2941, #1979, #387, #3296 ),
 .UNSPECIFIED., .F., .F.,
 ( 4, 1, 4 ),
 ( 0.9293509528815152576, 0.9324260961395651748, 0.9375780134687207168 ),
 .UNSPECIFIED. ) ;
#3504 = CARTESIAN_POINT ( 'NONE',  ( -246.0930087101614845, 1433.079999999999927, 7.719654219035418485 ) ) ;
#3505 = ORIENTED_EDGE ( 'NONE', *, *, #3784, .T. ) ;
#3506 = CARTESIAN_POINT ( 'NONE',  ( -297.6853304519444805, 1520.960000000000036, 0.07763497804488378451 ) ) ;
#3507 = EDGE_LOOP ( 'NONE', ( #3258, #1951, #730, #726 ) ) ;
#3508 = FACE_OUTER_BOUND ( 'NONE', #2296, .T. ) ;
#3509 = CARTESIAN_POINT ( 'NONE',  ( -164.4189516322942950, 1433.079999999999927, 23.02218692096814934 ) ) ;
#3510 = ADVANCED_FACE ( 'NONE', ( #4078 ), #1897, .F. ) ;
#3511 = ORIENTED_EDGE ( 'NONE', *, *, #3722, .T. ) ;
#3512 = FACE_BOUND ( 'NONE', #1934, .T. ) ;
#3513 = CARTESIAN_POINT ( 'NONE',  ( -244.8321065422305196, 1433.079999999999927, 7.777216704173523176 ) ) ;
#3514 = CARTESIAN_POINT ( 'NONE',  ( -248.7225026532515244, 1433.079999999999927, 9.434087006954596788 ) ) ;
#3515 = VERTEX_POINT ( 'NONE', #1549 ) ;
#3516 = ORIENTED_EDGE ( 'NONE', *, *, #1426, .F. ) ;
#3517 = LINE ( 'NONE', #431, #2840 ) ;
#3518 = EDGE_CURVE ( 'NONE', #765, #1510, #1833, .T. ) ;
#3519 = CARTESIAN_POINT ( 'NONE',  ( -65.70031221889387041, 1433.079999999999927, -69.13567613107584009 ) ) ;
#3520 = CARTESIAN_POINT ( 'NONE',  ( -108.7582395782411027, 1433.079999999999927, -114.4450334271763978 ) ) ;
#3521 = CARTESIAN_POINT ( 'NONE',  ( -113.5068429449947445, 1433.079999999999927, 9.335759885577626704 ) ) ;
#3522 = ORIENTED_EDGE ( 'NONE', *, *, #516, .T. ) ;
#3523 = VERTEX_POINT ( 'NONE', #1574 ) ;
#3524 = EDGE_CURVE ( 'NONE', #3543, #937, #2288, .T. ) ;
#3525 = CARTESIAN_POINT ( 'NONE',  ( -268.4179018087319832, 1432.079999999999700, 2.647210225857725252 ) ) ;
#3526 = B_SPLINE_CURVE_WITH_KNOTS ( 'NONE', 3,
 ( #2808, #3749, #2133, #3164 ),
 .UNSPECIFIED., .F., .F.,
 ( 4, 4 ),
 ( 0.1060541746634106608, 0.1072210995708445941 ),
 .UNSPECIFIED. ) ;
#3527 = EDGE_LOOP ( 'NONE', ( #1745, #495, #982, #339 ) ) ;
#3528 = EDGE_LOOP ( 'NONE', ( #667, #1760, #2921, #675 ) ) ;
#3529 = CARTESIAN_POINT ( 'NONE',  ( -213.8485997193555193, 1432.079999999999927, 9.433716939735818485 ) ) ;
#3530 = CARTESIAN_POINT ( 'NONE',  ( -132.3252790877544953, 1432.079999999999927, 25.56367482687227621 ) ) ;
#3531 = APPLICATION_CONTEXT ( 'automotive_design' ) ;
#3532 = ORIENTED_EDGE ( 'NONE', *, *, #102, .T. ) ;
#3533 = FACE_BOUND ( 'NONE', #3453, .T. ) ;
#3534 = DIRECTION ( 'NONE',  ( 0.000000000000000000, -1.000000000000000000, 0.000000000000000000 ) ) ;
#3535 = CARTESIAN_POINT ( 'NONE',  ( -112.2016622867483875, 1432.079999999999927, 28.10930200688546421 ) ) ;
#3536 = VERTEX_POINT ( 'NONE', #3787 ) ;
#3537 = VERTEX_POINT ( 'NONE', #4099 ) ;
#3538 = LINE ( 'NONE', #1957, #527 ) ;
#3539 = CARTESIAN_POINT ( 'NONE',  ( -300.0000000000000000, 1520.960000000000036, 0.000000000000000000 ) ) ;
#3540 = CARTESIAN_POINT ( 'NONE',  ( 0.000000000000000000, 1433.079999999999927, 0.000000000000000000 ) ) ;
#3541 = CARTESIAN_POINT ( 'NONE',  ( -252.0785529140159724, 1433.079999999999927, 7.428040944472593665 ) ) ;
#3542 = CARTESIAN_POINT ( 'NONE',  ( -261.5617635561013685, 1437.080000000000155, 7.738060476453453518 ) ) ;
#3543 = VERTEX_POINT ( 'NONE', #2168 ) ;
#3544 = ORIENTED_EDGE ( 'NONE', *, *, #3964, .T. ) ;
#3545 = AXIS2_PLACEMENT_3D ( 'NONE', #26, #97, #3576 ) ;
#3546 = ORIENTED_EDGE ( 'NONE', *, *, #2201, .F. ) ;
#3548 = EDGE_CURVE ( 'NONE', #16, #415, #648, .T. ) ;
#3547 = CARTESIAN_POINT ( 'NONE',  ( -164.9945637137987831, 1432.079999999999927, 9.631325334794965443 ) ) ;
#3549 = VECTOR ( 'NONE', #2265, 1000.000000000000000 ) ;
#3550 = ORIENTED_EDGE ( 'NONE', *, *, #3913, .F. ) ;
#3551 = ORIENTED_EDGE ( 'NONE', *, *, #2095, .F. ) ;
#3552 = DIRECTION ( 'NONE',  ( -0.02646596929541076421, 0.000000000000000000, -0.9996497148847962588 ) ) ;
#3553 = VECTOR ( 'NONE', #1425, 1000.000000000000114 ) ;
#3554 = VERTEX_POINT ( 'NONE', #32 ) ;
#3555 = FACE_BOUND ( 'NONE', #2134, .T. ) ;
#3556 = CARTESIAN_POINT ( 'NONE',  ( -277.4549981302086508, 1520.960000000000036, 6.762558882512843539 ) ) ;
#3557 = CARTESIAN_POINT ( 'NONE',  ( -264.2871590457025377, 1437.079999999999927, 7.064132261341821817 ) ) ;
#3558 = VERTEX_POINT ( 'NONE', #1233 ) ;
#3559 = VERTEX_POINT ( 'NONE', #2516 ) ;
#3560 = CARTESIAN_POINT ( 'NONE',  ( -90.09255957804985826, 1433.079999999999927, 126.1172528288393693 ) ) ;
#3561 = CARTESIAN_POINT ( 'NONE',  ( -282.6978133705282517, 1520.959999999999809, 5.318962716800226254 ) ) ;
#3562 = LINE ( 'NONE', #781, #2927 ) ;
#3563 = ORIENTED_EDGE ( 'NONE', *, *, #1397, .F. ) ;
#3564 = DIRECTION ( 'NONE',  ( 0.000000000000000000, 1.000000000000000000, 0.000000000000000000 ) ) ;
#3565 = DIRECTION ( 'NONE',  ( -0.9999423315618068964, 0.000000000000000000, 0.01073934591758248132 ) ) ;
#3566 = VERTEX_POINT ( 'NONE', #1296 ) ;
#3567 = ORIENTED_EDGE ( 'NONE', *, *, #3295, .F. ) ;
#3568 = CARTESIAN_POINT ( 'NONE',  ( -287.7366072069025904, 1432.079999999999700, 1.077373546304119856 ) ) ;
#3569 = ORIENTED_EDGE ( 'NONE', *, *, #1799, .T. ) ;
#3570 = EDGE_CURVE ( 'NONE', #2348, #491, #1502, .T. ) ;
#3571 = EDGE_CURVE ( 'NONE', #549, #1178, #260, .T. ) ;
#3572 = ORIENTED_EDGE ( 'NONE', *, *, #379, .T. ) ;
#3573 = CARTESIAN_POINT ( 'NONE',  ( -240.4624955004808839, 1432.079999999999927, 7.187158872640684315 ) ) ;
#3574 = DIRECTION ( 'NONE',  ( -0.02688405537885410132, 0.000000000000000000, -0.9996385584632010435 ) ) ;
#3575 = VERTEX_POINT ( 'NONE', #3476 ) ;
#3576 = DIRECTION ( 'NONE',  ( 0.02688405537885410479, 0.000000000000000000, 0.9996385584632010435 ) ) ;
#3577 = EDGE_CURVE ( 'NONE', #2903, #2716, #373, .T. ) ;
#3578 = CARTESIAN_POINT ( 'NONE',  ( -149.2125205955655929, 1433.079999999999927, 25.91972275192642883 ) ) ;
#3579 = AXIS2_PLACEMENT_3D ( 'NONE', #1534, #306, #3121 ) ;
#3580 = CARTESIAN_POINT ( 'NONE',  ( -274.1238790086579797, 1520.960000000000036, 2.239275516313835368 ) ) ;
#3581 = DIRECTION ( 'NONE',  ( -0.02688405537884543811, 0.000000000000000000, -0.9996385584632012655 ) ) ;
#3582 =( BOUNDED_CURVE ( )  B_SPLINE_CURVE ( 3, ( #251, #3071, #231, #1224 ),
 .UNSPECIFIED., .F., .F. ) 
 B_SPLINE_CURVE_WITH_KNOTS ( ( 4, 4 ),
 ( 4.403854063743411373, 5.908010049700227029 ),
 .UNSPECIFIED. ) 
 CURVE ( )  GEOMETRIC_REPRESENTATION_ITEM ( )  RATIONAL_B_SPLINE_CURVE ( ( 1.000000000000000000, 0.8201805664002034257, 0.8201805664002034257, 1.000000000000000000 ) ) 
 REPRESENTATION_ITEM ( '' )  );
#3583 = CARTESIAN_POINT ( 'NONE',  ( -129.5036039822503255, 1432.079999999999927, 123.0685471127015518 ) ) ;
#3584 = DIRECTION ( 'NONE',  ( 0.000000000000000000, 0.000000000000000000, -1.000000000000000000 ) ) ;
#3585 = VERTEX_POINT ( 'NONE', #2537 ) ;
#3586 = ADVANCED_FACE ( 'NONE', ( #1069 ), #2293, .T. ) ;
#3587 = LINE ( 'NONE', #2007, #604 ) ;
#3588 = CARTESIAN_POINT ( 'NONE',  ( -260.9867192135902769, 1437.079999999999927, 7.878685561044781238 ) ) ;
#3589 = ORIENTED_EDGE ( 'NONE', *, *, #2347, .T. ) ;
#3590 = ORIENTED_EDGE ( 'NONE', *, *, #3089, .T. ) ;
#3591 = AXIS2_PLACEMENT_3D ( 'NONE', #3754, #3774, #3693 ) ;
#3592 = ADVANCED_FACE ( 'NONE', ( #1405 ), #3293, .F. ) ;
#3593 = CARTESIAN_POINT ( 'NONE',  ( -295.2960495105454584, 1520.960000000000036, 0.3249056940346981004 ) ) ;
#3594 = ORIENTED_EDGE ( 'NONE', *, *, #3630, .F. ) ;
#3595 = ADVANCED_FACE ( 'NONE', ( #429 ), #2620, .F. ) ;
#3596 = ORIENTED_EDGE ( 'NONE', *, *, #395, .T. ) ;
#3597 =( NAMED_UNIT ( * ) PLANE_ANGLE_UNIT ( ) SI_UNIT ( $, .RADIAN. ) );
#3598 = EDGE_CURVE ( 'NONE', #3901, #3884, #3941, .T. ) ;
#3599 = LINE ( 'NONE', #1312, #3549 ) ;
#3600 = ORIENTED_EDGE ( 'NONE', *, *, #2490, .T. ) ;
#3601 = LINE ( 'NONE', #171, #358 ) ;
#3602 = CARTESIAN_POINT ( 'NONE',  ( -92.49999999999820943, 1433.079999999999927, 16.74722354252501688 ) ) ;
#3603 = CARTESIAN_POINT ( 'NONE',  ( -276.9279722779359645, 1520.960000000000036, 2.022114237992950869 ) ) ;
#3604 = CARTESIAN_POINT ( 'NONE',  ( -280.6338063822633444, 1432.079999999999927, 5.055185953166628998 ) ) ;
#3605 = DIRECTION ( 'NONE',  ( 0.000000000000000000, -1.000000000000000000, 0.000000000000000000 ) ) ;
#3606 = EDGE_LOOP ( 'NONE', ( #2404, #1879, #1181, #1052 ) ) ;
#3607 = CARTESIAN_POINT ( 'NONE',  ( -154.5675532238969367, 1432.079999999999927, 25.48978774251258628 ) ) ;
#3608 = CARTESIAN_POINT ( 'NONE',  ( -238.2652901195024242, 1432.079999999999927, 8.067388918634714301 ) ) ;
#3609 = VERTEX_POINT ( 'NONE', #140 ) ;
#3610 = EDGE_LOOP ( 'NONE', ( #2756, #650, #1652, #3796 ) ) ;
#3611 = DIRECTION ( 'NONE',  ( -0.000000000000000000, -1.000000000000000000, -0.000000000000000000 ) ) ;
#3612 = EDGE_CURVE ( 'NONE', #1161, #1501, #2937, .T. ) ;
#3613 = ORIENTED_EDGE ( 'NONE', *, *, #2664, .F. ) ;
#3614 = VECTOR ( 'NONE', #857, 1000.000000000000227 ) ;
#3615 = EDGE_LOOP ( 'NONE', ( #183, #2136, #349, #3847 ) ) ;
#3616 = B_SPLINE_CURVE_WITH_KNOTS ( 'NONE', 3,
 ( #3162, #2215, #2171, #3708 ),
 .UNSPECIFIED., .F., .F.,
 ( 4, 4 ),
 ( 0.1014965991401952372, 0.1095003286792484432 ),
 .UNSPECIFIED. ) ;
#3617 = PLANE ( 'NONE',  #1872 ) ;
#3618 = VERTEX_POINT ( 'NONE', #3242 ) ;
#3619 = FACE_OUTER_BOUND ( 'NONE', #1955, .T. ) ;
#3620 = DIRECTION ( 'NONE',  ( -0.001877162694616528937, 0.000000000000000000, 0.9999982381285568156 ) ) ;
#3621 = CARTESIAN_POINT ( 'NONE',  ( -123.5565654830474216, 1432.079999999999927, 129.7396513526184947 ) ) ;
#3622 = CARTESIAN_POINT ( 'NONE',  ( -279.6950825001121075, 1432.079999999999927, 1.796581939513774318 ) ) ;
#3623 = CARTESIAN_POINT ( 'NONE',  ( -149.7021053808015552, 1433.079999999999927, 9.569462738255433365 ) ) ;
#3624 = DIRECTION ( 'NONE',  ( -0.9996385584632172527, 0.000000000000000000, 0.02688405537825352271 ) ) ;
#3625 = CARTESIAN_POINT ( 'NONE',  ( -133.3568342694792932, 1433.079999999999927, 9.271286723260869778 ) ) ;
#3626 = CARTESIAN_POINT ( 'NONE',  ( -259.4108628574806517, 1437.079999999999927, 7.026082581616715395 ) ) ;
#3627 = EDGE_LOOP ( 'NONE', ( #2057, #168, #1926, #2668, #1632, #4021 ) ) ;
#3628 = ORIENTED_EDGE ( 'NONE', *, *, #3048, .F. ) ;
#3629 = CARTESIAN_POINT ( 'NONE',  ( -250.7585574480021364, 1432.079999999999927, 7.495065782900966589 ) ) ;
#3630 = EDGE_CURVE ( 'NONE', #3251, #3575, #1674, .T. ) ;
#3631 = ORIENTED_EDGE ( 'NONE', *, *, #2225, .T. ) ;
#3632 = VECTOR ( 'NONE', #3671, 1000.000000000000114 ) ;
#3633 = CARTESIAN_POINT ( 'NONE',  ( -164.3751559483991969, 1432.079999999999927, -0.3085594543071153439 ) ) ;
#3634 = FACE_OUTER_BOUND ( 'NONE', #1454, .T. ) ;
#3635 = VERTEX_POINT ( 'NONE', #2745 ) ;
#3636 = CARTESIAN_POINT ( 'NONE',  ( -205.0226850628186241, 1432.079999999999927, 18.72112452208074274 ) ) ;
#3637 = ADVANCED_FACE ( 'NONE', ( #2102 ), #1446, .T. ) ;
#3638 = DIRECTION ( 'NONE',  ( -0.9286912196815810816, 0.000000000000000000, 0.3708539045046411742 ) ) ;
#3639 = LINE ( 'NONE', #3621, #3921 ) ;
#3640 = CARTESIAN_POINT ( 'NONE',  ( -112.6261548481651431, 1432.079999999999927, 12.32525601775575907 ) ) ;
#3641 = EDGE_CURVE ( 'NONE', #3195, #3161, #544, .T. ) ;
#3642 = DIRECTION ( 'NONE',  ( -0.06567303980416458464, 0.000000000000000000, 0.9978411957034448720 ) ) ;
#3643 = DIRECTION ( 'NONE',  ( 0.000000000000000000, -1.000000000000000000, 0.000000000000000000 ) ) ;
#3644 = LINE ( 'NONE', #3353, #1434 ) ;
#3645 = LINE ( 'NONE', #801, #1070 ) ;
#3646 = EDGE_CURVE ( 'NONE', #3477, #3283, #175, .T. ) ;
#3647 = ORIENTED_EDGE ( 'NONE', *, *, #1848, .T. ) ;
#3648 = VERTEX_POINT ( 'NONE', #1107 ) ;
#3649 = CARTESIAN_POINT ( 'NONE',  ( -149.2125205955655929, 1433.079999999999927, 25.91972275192642883 ) ) ;
#3650 = AXIS2_PLACEMENT_3D ( 'NONE', #816, #795, #2390 ) ;
#3651 = VERTEX_POINT ( 'NONE', #1464 ) ;
#3652 = EDGE_CURVE ( 'NONE', #2340, #3651, #2902, .T. ) ;
#3653 = VECTOR ( 'NONE', #1295, 1000.000000000000000 ) ;
#3654 = CARTESIAN_POINT ( 'NONE',  ( -66.52695322058222871, 1432.079999999999927, -70.00554086442703294 ) ) ;
#3655 = DIRECTION ( 'NONE',  ( 0.000000000000000000, 0.000000000000000000, 1.000000000000000000 ) ) ;
#3656 = VECTOR ( 'NONE', #4063, 1000.000000000000114 ) ;
#3657 = ORIENTED_EDGE ( 'NONE', *, *, #2675, .F. ) ;
#3658 = VECTOR ( 'NONE', #547, 1000.000000000000000 ) ;
#3659 = LINE ( 'NONE', #2352, #957 ) ;
#3660 = CARTESIAN_POINT ( 'NONE',  ( -211.4159398786203496, 1432.079999999999927, 17.60559082837505329 ) ) ;
#3661 = EDGE_CURVE ( 'NONE', #3924, #3860, #1735, .T. ) ;
#3662 = DIRECTION ( 'NONE',  ( -0.8376768486538581637, 0.000000000000000000, 0.5461661809644947629 ) ) ;
#3663 = CARTESIAN_POINT ( 'NONE',  ( -242.8309385884197411, 1432.079999999999927, 7.867559378202930276 ) ) ;
#3664 = CARTESIAN_POINT ( 'NONE',  ( -292.2377533026756282, 1432.079999999999927, 1.650914772663081065 ) ) ;
#3665 = DIRECTION ( 'NONE',  ( 0.000000000000000000, -1.000000000000000000, 0.000000000000000000 ) ) ;
#3666 = LINE ( 'NONE', #3704, #417 ) ;
#3667 = PLANE ( 'NONE',  #3053 ) ;
#3668 = ORIENTED_EDGE ( 'NONE', *, *, #2685, .T. ) ;
#3669 = ORIENTED_EDGE ( 'NONE', *, *, #99, .T. ) ;
#3670 = VECTOR ( 'NONE', #3968, 1000.000000000000114 ) ;
#3671 = DIRECTION ( 'NONE',  ( -0.6888675014067476843, 0.000000000000000000, -0.7248872777926401723 ) ) ;
#3672 = EDGE_LOOP ( 'NONE', ( #3937, #3402, #3439, #391 ) ) ;
#3673 = EDGE_CURVE ( 'NONE', #2805, #2909, #1221, .T. ) ;
#3674 = DIRECTION ( 'NONE',  ( -0.000000000000000000, -1.000000000000000000, -0.000000000000000000 ) ) ;
#3675 = LINE ( 'NONE', #1120, #363 ) ;
#3676 = CARTESIAN_POINT ( 'NONE',  ( -227.5076778612757948, 1433.079999999999927, 8.453911112217982193 ) ) ;
#3677 = VECTOR ( 'NONE', #493, 1000.000000000000000 ) ;
#3678 = CARTESIAN_POINT ( 'NONE',  ( -199.0850363344286791, 1432.079999999999700, 17.00309731254722578 ) ) ;
#3679 = DIRECTION ( 'NONE',  ( 0.9996385584632171417, 0.000000000000000000, -0.02688405537825763053 ) ) ;
#3680 = CARTESIAN_POINT ( 'NONE',  ( -190.0606051026418584, 1437.079999999999927, 21.14460090871749642 ) ) ;
#3681 = CARTESIAN_POINT ( 'NONE',  ( -268.4179018073645011, 1432.079999999999927, 2.647210225952845608 ) ) ;
#3682 = VECTOR ( 'NONE', #2825, 1000.000000000000114 ) ;
#3683 = CARTESIAN_POINT ( 'NONE',  ( -268.3117575011433473, 1520.960000000000036, 8.318369645161142856 ) ) ;
#3684 = CARTESIAN_POINT ( 'NONE',  ( -195.6463559078455603, 1437.079999999999927, 20.27733546108200002 ) ) ;
#3685 = CARTESIAN_POINT ( 'NONE',  ( -65.32499969352929270, 1432.079999999999927, -106.8005475999412823 ) ) ;
#3686 = CARTESIAN_POINT ( 'NONE',  ( -123.0048530695428184, 1433.079999999999927, 129.1603298418975783 ) ) ;
#3687 = VERTEX_POINT ( 'NONE', #3075 ) ;
#3688 = ORIENTED_EDGE ( 'NONE', *, *, #3280, .T. ) ;
#3689 = DIRECTION ( 'NONE',  ( 0.01073934591758078823, 0.000000000000000000, 0.9999423315618068964 ) ) ;
#3690 = ORIENTED_EDGE ( 'NONE', *, *, #2157, .T. ) ;
#3691 = VERTEX_POINT ( 'NONE', #1486 ) ;
#3692 = CARTESIAN_POINT ( 'NONE',  ( -116.6994142980007751, 1437.080000000000155, 8.683379740353986520 ) ) ;
#3693 = DIRECTION ( 'NONE',  ( 0.000000000000000000, 0.000000000000000000, -1.000000000000000000 ) ) ;
#3694 = VECTOR ( 'NONE', #543, 1000.000000000000000 ) ;
#3695 = EDGE_CURVE ( 'NONE', #3916, #3558, #2705, .T. ) ;
#3696 = CARTESIAN_POINT ( 'NONE',  ( -300.0000000000000000, 1520.960000000000036, 0.000000000000000000 ) ) ;
#3697 = CARTESIAN_POINT ( 'NONE',  ( -132.0558163129717002, 1432.079999999999927, 26.96303150527395687 ) ) ;
#3698 = LINE ( 'NONE', #855, #3469 ) ;
#3699 = CARTESIAN_POINT ( 'NONE',  ( -112.3038216628891064, 1437.079999999999927, 24.31067548444906024 ) ) ;
#3700 = CARTESIAN_POINT ( 'NONE',  ( -96.76864102652487531, 1433.079999999999927, -101.8285180040629427 ) ) ;
#3701 = ORIENTED_EDGE ( 'NONE', *, *, #783, .F. ) ;
#3702 = EDGE_CURVE ( 'NONE', #65, #1940, #1754, .T. ) ;
#3703 = CARTESIAN_POINT ( 'NONE',  ( -210.8832346672962501, 1432.079999999999927, 17.74767239861380475 ) ) ;
#3704 = CARTESIAN_POINT ( 'NONE',  ( -265.7189512413806938, 1437.079999999999927, 5.831332410554418644 ) ) ;
#3705 = DIRECTION ( 'NONE',  ( 0.6888675014067556779, 0.000000000000000000, 0.7248872777926326227 ) ) ;
#3706 = ORIENTED_EDGE ( 'NONE', *, *, #419, .T. ) ;
#3707 = EDGE_LOOP ( 'NONE', ( #1033, #2714, #3818, #901, #3567, #228, #2621, #3841, #863, #2681, #2628, #320, #2505, #630, #224, #862, #605, #3216, #2125, #267, #866, #2270, #2876, #1081, #2278, #3873, #2735, #2518, #3712, #3238, #2131, #3788 ) ) ;
#3708 = CARTESIAN_POINT ( 'NONE',  ( -195.6463559078458445, 1432.079999999999927, 20.27733546108195739 ) ) ;
#3709 = LINE ( 'NONE', #1238, #3097 ) ;
#3710 = ADVANCED_FACE ( 'NONE', ( #2079 ), #238, .T. ) ;
#3711 = ORIENTED_EDGE ( 'NONE', *, *, #519, .F. ) ;
#3712 = ORIENTED_EDGE ( 'NONE', *, *, #967, .F. ) ;
#3713 = B_SPLINE_CURVE_WITH_KNOTS ( 'NONE', 3,
 ( #1970, #47, #2017, #3260 ),
 .UNSPECIFIED., .F., .F.,
 ( 4, 4 ),
 ( 0.9153643480840061297, 0.9201887431944878459 ),
 .UNSPECIFIED. ) ;
#3714 = FACE_OUTER_BOUND ( 'NONE', #1904, .T. ) ;
#3715 = CARTESIAN_POINT ( 'NONE',  ( -123.0258495498965630, 1437.079999999999927, 8.956862106542892832 ) ) ;
#3716 = CARTESIAN_POINT ( 'NONE',  ( -190.7528261741830136, 1437.079999999999927, 21.03932599842006823 ) ) ;
#3717 = VECTOR ( 'NONE', #969, 1000.000000000000114 ) ;
#3718 = LINE ( 'NONE', #275, #2083 ) ;
#3719 = DIRECTION ( 'NONE',  ( 0.02646596929541076421, 0.000000000000000000, 0.9996497148847962588 ) ) ;
#3720 = CARTESIAN_POINT ( 'NONE',  ( -141.1614346981550625, 1437.079999999999927, 27.35412429335869788 ) ) ;
#3721 = ORIENTED_EDGE ( 'NONE', *, *, #2830, .T. ) ;
#3722 = EDGE_CURVE ( 'NONE', #1956, #1940, #1127, .T. ) ;
#3723 = CARTESIAN_POINT ( 'NONE',  ( -237.9153930459915784, 1437.079999999999927, 12.36233482739457301 ) ) ;
#3724 = CARTESIAN_POINT ( 'NONE',  ( -275.1101811045251111, 1432.079999999999927, 6.552289714361143602 ) ) ;
#3725 = DIRECTION ( 'NONE',  ( 0.000000000000000000, 1.000000000000000000, -0.000000000000000000 ) ) ;
#3726 = ORIENTED_EDGE ( 'NONE', *, *, #657, .T. ) ;
#3727 = EDGE_LOOP ( 'NONE', ( #3250, #1801, #689, #564 ) ) ;
#3728 = DIRECTION ( 'NONE',  ( -0.7248872777926391731, 0.000000000000000000, 0.6888675014067490165 ) ) ;
#3729 = CARTESIAN_POINT ( 'NONE',  ( -265.8557205421093954, 1520.960000000000036, 6.670256816194850558 ) ) ;
#3730 = EDGE_LOOP ( 'NONE', ( #3118, #2051, #2014, #2447 ) ) ;
#3731 = EDGE_CURVE ( 'NONE', #2971, #907, #2688, .T. ) ;
#3732 = VERTEX_POINT ( 'NONE', #3640 ) ;
#3733 = FACE_OUTER_BOUND ( 'NONE', #2069, .T. ) ;
#3734 = FACE_OUTER_BOUND ( 'NONE', #747, .T. ) ;
#3735 = DIRECTION ( 'NONE',  ( 0.000000000000000000, -1.000000000000000000, 0.000000000000000000 ) ) ;
#3736 = DIRECTION ( 'NONE',  ( 0.000000000000000000, -1.000000000000000000, 0.000000000000000000 ) ) ;
#3737 = VECTOR ( 'NONE', #2469, 1000.000000000000000 ) ;
#3738 = CARTESIAN_POINT ( 'NONE',  ( -173.4395179607336104, 1432.079999999999927, 8.866531246998681226 ) ) ;
#3739 = LINE ( 'NONE', #935, #2026 ) ;
#3740 = VECTOR ( 'NONE', #310, 1000.000000000000114 ) ;
#3741 = ORIENTED_EDGE ( 'NONE', *, *, #3598, .F. ) ;
#3742 = DIRECTION ( 'NONE',  ( -0.6888675014067514590, 0.000000000000000000, -0.7248872777926367306 ) ) ;
#3743 = VECTOR ( 'NONE', #1853, 1000.000000000000114 ) ;
#3744 = DIRECTION ( 'NONE',  ( 0.8376768486538581637, 0.000000000000000000, -0.5461661809644947629 ) ) ;
#3745 = ORIENTED_EDGE ( 'NONE', *, *, #844, .T. ) ;
#3746 = ORIENTED_EDGE ( 'NONE', *, *, #212, .F. ) ;
#3747 = EDGE_CURVE ( 'NONE', #4044, #2563, #3492, .T. ) ;
#3748 = CARTESIAN_POINT ( 'NONE',  ( -285.8727052897787075, 1432.079999999999927, 2.045397586167052584 ) ) ;
#3749 = CARTESIAN_POINT ( 'NONE',  ( -178.5975834448192643, 1433.079999999999927, 22.77392284324658434 ) ) ;
#3750 = CARTESIAN_POINT ( 'NONE',  ( -252.2572995699182741, 1432.079999999999927, 6.637396135036434330 ) ) ;
#3751 = ORIENTED_EDGE ( 'NONE', *, *, #1806, .T. ) ;
#3752 = ORIENTED_EDGE ( 'NONE', *, *, #877, .T. ) ;
#3753 = EDGE_CURVE ( 'NONE', #1726, #3010, #1267, .T. ) ;
#3754 = CARTESIAN_POINT ( 'NONE',  ( -192.5000000004401102, 1437.079999999999927, 15.15093237100210288 ) ) ;
#3755 = LINE ( 'NONE', #871, #1620 ) ;
#3756 = DIRECTION ( 'NONE',  ( -0.000000000000000000, -1.000000000000000000, -0.000000000000000000 ) ) ;
#3757 = FACE_OUTER_BOUND ( 'NONE', #2028, .T. ) ;
#3758 = CARTESIAN_POINT ( 'NONE',  ( -194.7231115508529058, 1433.079999999999927, 9.305874905341779524 ) ) ;
#3759 = EDGE_LOOP ( 'NONE', ( #185, #690, #3261, #3511 ) ) ;
#3760 = EDGE_CURVE ( 'NONE', #2340, #742, #1850, .T. ) ;
#3761 = AXIS2_PLACEMENT_3D ( 'NONE', #3871, #2652, #124 ) ;
#3762 = EDGE_CURVE ( 'NONE', #3195, #2239, #621, .T. ) ;
#3763 = CARTESIAN_POINT ( 'NONE',  ( -248.4092376083339389, 1520.960000000000036, -62.58141432606363708 ) ) ;
#3764 = ORIENTED_EDGE ( 'NONE', *, *, #3731, .T. ) ;
#3765 = ORIENTED_EDGE ( 'NONE', *, *, #2569, .T. ) ;
#3766 = CARTESIAN_POINT ( 'NONE',  ( -116.5000488705958901, 1433.079999999999927, 110.7111409426734099 ) ) ;
#3767 = CARTESIAN_POINT ( 'NONE',  ( 0.5721654584182511716, 1437.079999999999927, 21.27501398164622870 ) ) ;
#3768 = LINE ( 'NONE', #2027, #1865 ) ;
#3769 = EDGE_CURVE ( 'NONE', #491, #2928, #2749, .T. ) ;
#3770 = B_SPLINE_CURVE_WITH_KNOTS ( 'NONE', 3,
 ( #8, #639, #3444, #4052, #312 ),
 .UNSPECIFIED., .F., .F.,
 ( 4, 1, 4 ),
 ( 0.07307916071571725347, 0.07759797097803880495, 0.08397392713962072153 ),
 .UNSPECIFIED. ) ;
#3771 = ORIENTED_EDGE ( 'NONE', *, *, #193, .T. ) ;
#3772 = CARTESIAN_POINT ( 'NONE',  ( -131.6663975624087470, 1432.079999999999927, 26.97927182084070452 ) ) ;
#3773 = CIRCLE ( 'NONE', #3579, 0.5999999999999946487 ) ;
#3774 = DIRECTION ( 'NONE',  ( -0.000000000000000000, -1.000000000000000000, -0.000000000000000000 ) ) ;
#3775 = CARTESIAN_POINT ( 'NONE',  ( -133.3568342694792932, 1433.079999999999927, 9.271286723260869778 ) ) ;
#3776 = CARTESIAN_POINT ( 'NONE',  ( -200.4954640087551923, 1437.079999999999927, 8.438484520300974623 ) ) ;
#3777 = CARTESIAN_POINT ( 'NONE',  ( -112.7508309264629673, 1432.079999999999927, 7.689384925053317055 ) ) ;
#3778 = FACE_OUTER_BOUND ( 'NONE', #1619, .T. ) ;
#3779 = B_SPLINE_CURVE_WITH_KNOTS ( 'NONE', 3,
 ( #190, #3623, #123, #1386 ),
 .UNSPECIFIED., .F., .F.,
 ( 4, 4 ),
 ( 0.8812983385956609794, 0.8838836986591519507 ),
 .UNSPECIFIED. ) ;
#3780 = EDGE_LOOP ( 'NONE', ( #1944, #1685, #1037 ) ) ;
#3781 = VECTOR ( 'NONE', #2138, 1000.000000000000000 ) ;
#3782 = FACE_BOUND ( 'NONE', #672, .T. ) ;
#3783 = B_SPLINE_CURVE_WITH_KNOTS ( 'NONE', 3,
 ( #2698, #3324, #1747, #809, #3007 ),
 .UNSPECIFIED., .F., .F.,
 ( 4, 1, 4 ),
 ( 0.06438286562773308519, 0.06792636788951804394, 0.07191289096779190926 ),
 .UNSPECIFIED. ) ;
#3784 = EDGE_CURVE ( 'NONE', #3919, #1930, #2861, .T. ) ;
#3785 = CARTESIAN_POINT ( 'NONE',  ( -124.3479217970621278, 1432.079999999999927, 118.1690516824992869 ) ) ;
#3786 = CIRCLE ( 'NONE', #1862, 9.800000000001221068 ) ;
#3787 = CARTESIAN_POINT ( 'NONE',  ( -148.6143614906584389, 1433.079999999999927, 25.96668747503433750 ) ) ;
#3788 = ORIENTED_EDGE ( 'NONE', *, *, #2403, .F. ) ;
#3789 = VECTOR ( 'NONE', #3933, 1000.000000000000000 ) ;
#3790 = ORIENTED_EDGE ( 'NONE', *, *, #753, .T. ) ;
#3791 = CARTESIAN_POINT ( 'NONE',  ( -266.5147033832301418, 1520.960000000000036, 5.740492526924503736 ) ) ;
#3792 = VECTOR ( 'NONE', #1938, 1000.000000000000227 ) ;
#3793 = CARTESIAN_POINT ( 'NONE',  ( -79.60021247432545977, 1433.079999999999927, -83.76237986898324550 ) ) ;
#3794 = DIRECTION ( 'NONE',  ( 0.6888675014067489055, 0.000000000000000000, 0.7248872777926391731 ) ) ;
#3795 = B_SPLINE_CURVE_WITH_KNOTS ( 'NONE', 3,
 ( #2047, #2029, #143, #388, #80 ),
 .UNSPECIFIED., .F., .F.,
 ( 4, 1, 4 ),
 ( 0.9201887431944877349, 0.9228821355830922890, 0.9229142185669250154 ),
 .UNSPECIFIED. ) ;
#3796 = ORIENTED_EDGE ( 'NONE', *, *, #4018, .T. ) ;
#3797 = VECTOR ( 'NONE', #3885, 1000.000000000000000 ) ;
#3798 = PLANE ( 'NONE',  #1887 ) ;
#3799 = CARTESIAN_POINT ( 'NONE',  ( -260.8337779118351136, 1437.079999999999927, 6.940564282543896013 ) ) ;
#3800 = ADVANCED_FACE ( 'NONE', ( #2821 ), #1587, .F. ) ;
#3801 = VECTOR ( 'NONE', #2433, 1000.000000000000000 ) ;
#3802 = LINE ( 'NONE', #2781, #2284 ) ;
#3803 = DIRECTION ( 'NONE',  ( -0.9286912196815906295, 0.000000000000000000, 0.3708539045046170823 ) ) ;
#3804 = CARTESIAN_POINT ( 'NONE',  ( -138.8161405280330882, 1432.080000000000155, 9.412531083876945814 ) ) ;
#3805 = ORIENTED_EDGE ( 'NONE', *, *, #3883, .F. ) ;
#3806 = FACE_BOUND ( 'NONE', #3032, .T. ) ;
#3807 = VECTOR ( 'NONE', #1827, 1000.000000000000000 ) ;
#3808 = CARTESIAN_POINT ( 'NONE',  ( -165.9276959324085965, 1433.079999999999927, 24.32335976583580717 ) ) ;
#3809 = DIRECTION ( 'NONE',  ( 0.000000000000000000, 0.000000000000000000, 1.000000000000000000 ) ) ;
#3810 = ORIENTED_EDGE ( 'NONE', *, *, #1700, .F. ) ;
#3811 = ORIENTED_EDGE ( 'NONE', *, *, #3646, .F. ) ;
#3812 = CARTESIAN_POINT ( 'NONE',  ( -182.4791594191209754, 1432.079999999999927, 22.25289976211965026 ) ) ;
#3813 = VECTOR ( 'NONE', #2978, 1000.000000000000000 ) ;
#3814 = CARTESIAN_POINT ( 'NONE',  ( -132.7570444405484125, 1432.079999999999927, 9.255407141683622996 ) ) ;
#3815 = CARTESIAN_POINT ( 'NONE',  ( -204.3486025323560966, 1433.079999999999927, 18.26912735972595314 ) ) ;
#3816 = LINE ( 'NONE', #1843, #867 ) ;
#3817 = VECTOR ( 'NONE', #2512, 1000.000000000000000 ) ;
#3818 = ORIENTED_EDGE ( 'NONE', *, *, #2601, .T. ) ;
#3819 = CARTESIAN_POINT ( 'NONE',  ( -190.1890343106762202, 1437.079999999999927, 9.385866078298587212 ) ) ;
#3820 = EDGE_CURVE ( 'NONE', #3304, #2189, #1210, .T. ) ;
#3821 = EDGE_CURVE ( 'NONE', #278, #2694, #2841, .T. ) ;
#3822 = PLANE ( 'NONE',  #3545 ) ;
#3823 = LINE ( 'NONE', #3490, #2373 ) ;
#3824 = EDGE_CURVE ( 'NONE', #382, #1114, #2229, .T. ) ;
#3825 = CARTESIAN_POINT ( 'NONE',  ( -214.3987121117448851, 1432.079999999999927, 8.852874276785062335 ) ) ;
#3826 = ORIENTED_EDGE ( 'NONE', *, *, #3951, .F. ) ;
#3827 = CARTESIAN_POINT ( 'NONE',  ( -269.3505351003591954, 1432.079999999999927, 8.883550396804281490 ) ) ;
#3828 = CARTESIAN_POINT ( 'NONE',  ( -69.87710367951460455, 1433.079999999999927, -107.1733000749819951 ) ) ;
#3829 = DIRECTION ( 'NONE',  ( 0.8137065930674900471, 0.000000000000000000, 0.5812758212746321762 ) ) ;
#3830 = ORIENTED_EDGE ( 'NONE', *, *, #1572, .F. ) ;
#3831 = ORIENTED_EDGE ( 'NONE', *, *, #3346, .F. ) ;
#3832 = CARTESIAN_POINT ( 'NONE',  ( -292.2254576542359246, 1432.079999999999927, 1.434434858990511596 ) ) ;
#3833 = AXIS2_PLACEMENT_3D ( 'NONE', #2162, #1849, #3719 ) ;
#3834 = CARTESIAN_POINT ( 'NONE',  ( -249.5323828144506138, 1433.079999999999927, 9.767544433441221585 ) ) ;
#3835 = LINE ( 'NONE', #3200, #3985 ) ;
#3836 = CARTESIAN_POINT ( 'NONE',  ( -203.8710170635361578, 1433.079999999999927, 18.91889305117460651 ) ) ;
#3837 = B_SPLINE_CURVE_WITH_KNOTS ( 'NONE', 3,
 ( #1596, #1613, #1937, #613 ),
 .UNSPECIFIED., .F., .F.,
 ( 4, 4 ),
 ( 0.05071265954740069443, 0.05236955717925022985 ),
 .UNSPECIFIED. ) ;
#3838 = VERTEX_POINT ( 'NONE', #1273 ) ;
#3839 = PLANE ( 'NONE',  #889 ) ;
#3840 = ORIENTED_EDGE ( 'NONE', *, *, #3570, .F. ) ;
#3841 = ORIENTED_EDGE ( 'NONE', *, *, #1188, .F. ) ;
#3842 = CARTESIAN_POINT ( 'NONE',  ( -98.79510912553676860, 1437.079999999999927, 10.31514758700471290 ) ) ;
#3843 = VERTEX_POINT ( 'NONE', #563 ) ;
#3844 = DIRECTION ( 'NONE',  ( 0.000000000000000000, 1.000000000000000000, -0.000000000000000000 ) ) ;
#3845 = CARTESIAN_POINT ( 'NONE',  ( -282.6978133708466316, 1432.079999999999927, 5.318962716709642713 ) ) ;
#3846 = DIRECTION ( 'NONE',  ( 0.8530756398719019362, 0.000000000000000000, -0.5217872676265156162 ) ) ;
#3847 = ORIENTED_EDGE ( 'NONE', *, *, #3341, .T. ) ;
#3848 = EDGE_CURVE ( 'NONE', #1726, #3919, #3739, .T. ) ;
#3849 = ORIENTED_EDGE ( 'NONE', *, *, #3393, .F. ) ;
#3850 = CARTESIAN_POINT ( 'NONE',  ( -292.2254576542359246, 1520.960000000000036, 1.434434858990511596 ) ) ;
#3851 = CARTESIAN_POINT ( 'NONE',  ( -274.7847390678884949, 1520.959999999999809, 7.475225215082193841 ) ) ;
#3852 = VECTOR ( 'NONE', #3495, 1000.000000000000000 ) ;
#3853 = DIRECTION ( 'NONE',  ( -0.6755766284707362956, 0.000000000000000000, -0.7372897795738881932 ) ) ;
#3854 = CARTESIAN_POINT ( 'NONE',  ( -249.5323828144506138, 1433.079999999999927, 9.767544433441221585 ) ) ;
#3855 = ORIENTED_EDGE ( 'NONE', *, *, #1251, .T. ) ;
#3856 = ORIENTED_EDGE ( 'NONE', *, *, #91, .F. ) ;
#3857 = ORIENTED_EDGE ( 'NONE', *, *, #458, .F. ) ;
#3858 = CARTESIAN_POINT ( 'NONE',  ( -279.6950825009786854, 1432.079999999999700, 1.796581939439624742 ) ) ;
#3859 = ORIENTED_EDGE ( 'NONE', *, *, #566, .T. ) ;
#3860 = VERTEX_POINT ( 'NONE', #3112 ) ;
#3861 = CARTESIAN_POINT ( 'NONE',  ( -266.3727187654356499, 1520.960000000000036, 3.583167371676566404 ) ) ;
#3862 = DIRECTION ( 'NONE',  ( 1.000000000000000000, 0.000000000000000000, 0.000000000000000000 ) ) ;
#3863 = EDGE_LOOP ( 'NONE', ( #3765, #1631, #2282, #897 ) ) ;
#3864 = FACE_BOUND ( 'NONE', #3360, .T. ) ;
#3865 = CARTESIAN_POINT ( 'NONE',  ( -179.5174658418248157, 1432.079999999999927, 9.534537799042796635 ) ) ;
#3866 = CARTESIAN_POINT ( 'NONE',  ( -250.7667120139445274, 1432.079999999999927, 10.33830807117599448 ) ) ;
#3867 = VERTEX_POINT ( 'NONE', #277 ) ;
#3868 = EDGE_LOOP ( 'NONE', ( #712, #4058, #1641, #64 ) ) ;
#3869 = DIRECTION ( 'NONE',  ( 0.7348758801460661960, 0.000000000000000000, 0.6782016225132055931 ) ) ;
#3870 = B_SPLINE_SURFACE_WITH_KNOTS ( 'NONE', 3, 1, ( 
 ( #3971, #1465 ),
 ( #1408, #3664 ),
 ( #3992, #818 ),
 ( #487, #3954 ),
 ( #2414, #3604 ),
 ( #1755, #2025 ),
 ( #2044, #797 ),
 ( #3683, #3294 ),
 ( #2103, #3932 ) ),
 .UNSPECIFIED., .F., .F., .F.,
 ( 4, 1, 1, 1, 1, 1, 4 ),
 ( 2, 2 ),
 ( 0.008052357163078591867, 0.01180441452156862081, 0.01555647188005864802, 0.02306058659703870417, 0.03056470131401876206, 0.03431675867250878753, 0.03806881603099881994 ),
 ( 0.000000000000000000, 1.000000000000000000 ),
 .UNSPECIFIED. ) ;
#3871 = CARTESIAN_POINT ( 'NONE',  ( 0.5721654584182511716, 1437.079999999999927, 21.27501398164622870 ) ) ;
#3872 = CARTESIAN_POINT ( 'NONE',  ( -247.4112030334044618, 1432.079999999999927, 10.26930581630612593 ) ) ;
#3873 = ORIENTED_EDGE ( 'NONE', *, *, #566, .F. ) ;
#3874 = DIRECTION ( 'NONE',  ( 0.000000000000000000, 0.000000000000000000, -1.000000000000000000 ) ) ;
#3875 = CARTESIAN_POINT ( 'NONE',  ( -199.5036048788796279, 1437.079999999999927, 9.217415272723718189 ) ) ;
#3876 = ADVANCED_FACE ( 'NONE', ( #3778 ), #298, .F. ) ;
#3877 = ORIENTED_EDGE ( 'NONE', *, *, #3612, .F. ) ;
#3878 = EDGE_LOOP ( 'NONE', ( #1980, #3102, #1627, #1389 ) ) ;
#3879 = VECTOR ( 'NONE', #2958, 1000.000000000000114 ) ;
#3880 = CARTESIAN_POINT ( 'NONE',  ( -290.3163669971457921, 1432.079999999999700, 0.8276152839012187457 ) ) ;
#3881 = CIRCLE ( 'NONE', #2689, 9.800000000001221068 ) ;
#3882 = VERTEX_POINT ( 'NONE', #315 ) ;
#3883 = EDGE_CURVE ( 'NONE', #2263, #4002, #4072, .T. ) ;
#3884 = VERTEX_POINT ( 'NONE', #913 ) ;
#3885 = DIRECTION ( 'NONE',  ( 0.000000000000000000, -1.000000000000000000, 0.000000000000000000 ) ) ;
#3886 = DIRECTION ( 'NONE',  ( 0.000000000000000000, 0.000000000000000000, -1.000000000000000000 ) ) ;
#3887 = VERTEX_POINT ( 'NONE', #2184 ) ;
#3888 = DIRECTION ( 'NONE',  ( 0.000000000000000000, -1.000000000000000000, 0.000000000000000000 ) ) ;
#3889 = CARTESIAN_POINT ( 'NONE',  ( -287.8070055320702636, 1520.960000000000036, 3.847726476973034160 ) ) ;
#3890 = DIRECTION ( 'NONE',  ( 0.6888675014067484614, 0.000000000000000000, 0.7248872777926396171 ) ) ;
#3891 = CARTESIAN_POINT ( 'NONE',  ( -149.8126463061967399, 1433.079999999999927, 25.87186741635287390 ) ) ;
#3892 = LINE ( 'NONE', #3834, #3163 ) ;
#3893 = EDGE_CURVE ( 'NONE', #1821, #369, #2532, .T. ) ;
#3894 = PLANE ( 'NONE',  #740 ) ;
#3895 = ORIENTED_EDGE ( 'NONE', *, *, #335, .F. ) ;
#3896 = CARTESIAN_POINT ( 'NONE',  ( -190.1890343106762202, 1432.079999999999927, 9.385866078298587212 ) ) ;
#3897 = CARTESIAN_POINT ( 'NONE',  ( -213.6449430063347279, 1433.080000000000155, 8.873357482883815095 ) ) ;
#3898 = EDGE_CURVE ( 'NONE', #3924, #289, #2816, .T. ) ;
#3899 = VECTOR ( 'NONE', #324, 1000.000000000000114 ) ;
#3900 = ORIENTED_EDGE ( 'NONE', *, *, #4067, .F. ) ;
#3901 = VERTEX_POINT ( 'NONE', #3136 ) ;
#3902 = FACE_OUTER_BOUND ( 'NONE', #2464, .T. ) ;
#3903 = ADVANCED_FACE ( 'NONE', ( #2576 ), #2313, .T. ) ;
#3904 = ORIENTED_EDGE ( 'NONE', *, *, #1385, .T. ) ;
#3905 = ORIENTED_EDGE ( 'NONE', *, *, #763, .F. ) ;
#3906 = DIRECTION ( 'NONE',  ( 0.9978411957034359903, -0.000000000000000000, 0.06567303980429953225 ) ) ;
#3907 = LINE ( 'NONE', #706, #3287 ) ;
#3908 = CARTESIAN_POINT ( 'NONE',  ( -275.1101811045251111, 1520.960000000000036, 6.552289714361143602 ) ) ;
#3909 = CARTESIAN_POINT ( 'NONE',  ( -87.84855366176002178, 1433.079999999999927, -92.44201358294745319 ) ) ;
#3910 = CARTESIAN_POINT ( 'NONE',  ( -290.3110310811928798, 1432.079999999999927, 3.099905874843257969 ) ) ;
#3911 = CARTESIAN_POINT ( 'NONE',  ( -154.5807832906197916, 1437.079999999999927, 26.32937649834314442 ) ) ;
#3912 = LINE ( 'NONE', #505, #3024 ) ;
#3913 = EDGE_CURVE ( 'NONE', #2614, #3229, #3713, .T. ) ;
#3914 = LINE ( 'NONE', #1702, #1582 ) ;
#3915 = DIRECTION ( 'NONE',  ( 0.9697008434041117786, -0.000000000000000000, 0.2442954651673956978 ) ) ;
#3916 = VERTEX_POINT ( 'NONE', #2646 ) ;
#3917 = FACE_OUTER_BOUND ( 'NONE', #2987, .T. ) ;
#3918 = CARTESIAN_POINT ( 'NONE',  ( -290.1604015055179389, 1432.079999999999927, 1.637864100023359581 ) ) ;
#3919 = VERTEX_POINT ( 'NONE', #352 ) ;
#3920 = ORIENTED_EDGE ( 'NONE', *, *, #2661, .F. ) ;
#3921 = VECTOR ( 'NONE', #2041, 1000.000000000000114 ) ;
#3922 = LINE ( 'NONE', #3207, #828 ) ;
#3923 = ORIENTED_EDGE ( 'NONE', *, *, #1612, .F. ) ;
#3924 = VERTEX_POINT ( 'NONE', #3825 ) ;
#3925 = CARTESIAN_POINT ( 'NONE',  ( 0.2058083609809951420, 1437.079999999999927, 7.652639097639167609 ) ) ;
#3926 = CARTESIAN_POINT ( 'NONE',  ( -101.2206899534065485, 1433.079999999999927, 21.21819287104279894 ) ) ;
#3927 = CARTESIAN_POINT ( 'NONE',  ( -285.9904385892309051, 1520.960000000000036, 3.527721545625652766 ) ) ;
#3928 = DIRECTION ( 'NONE',  ( 0.000000000000000000, -1.000000000000000000, 0.000000000000000000 ) ) ;
#3929 = DIRECTION ( 'NONE',  ( 0.000000000000000000, -1.000000000000000000, 0.000000000000000000 ) ) ;
#3930 = DIRECTION ( 'NONE',  ( -0.1609050596807223288, 0.000000000000000000, 0.9869698889880801351 ) ) ;
#3931 = CARTESIAN_POINT ( 'NONE',  ( -172.8587101762493887, 1437.079999999999927, 24.44703151162762822 ) ) ;
#3932 = CARTESIAN_POINT ( 'NONE',  ( -267.1688184859922330, 1432.079999999999927, 8.607714735570466402 ) ) ;
#3933 = DIRECTION ( 'NONE',  ( 0.000000000000000000, -1.000000000000000000, 0.000000000000000000 ) ) ;
#3934 = LINE ( 'NONE', #3298, #3257 ) ;
#3935 = CARTESIAN_POINT ( 'NONE',  ( -225.6975725102126944, 1432.079999999999927, 8.533007167635572543 ) ) ;
#3936 = ORIENTED_EDGE ( 'NONE', *, *, #1409, .F. ) ;
#3937 = ORIENTED_EDGE ( 'NONE', *, *, #4018, .F. ) ;
#3938 = LINE ( 'NONE', #3377, #1113 ) ;
#3939 = EDGE_CURVE ( 'NONE', #2486, #702, #1291, .T. ) ;
#3940 = AXIS2_PLACEMENT_3D ( 'NONE', #3909, #1066, #3967 ) ;
#3941 = B_SPLINE_CURVE_WITH_KNOTS ( 'NONE', 13,
 ( #3267, #1090, #665, #3580, #3603, #359, #687, #2888, #2606, #733, #757, #405, #1720, #2982 ),
 .UNSPECIFIED., .F., .F.,
 ( 14, 14 ),
 ( 0.9375780134687023981, 1.000000000000000000 ),
 .UNSPECIFIED. ) ;
#3942 = EDGE_CURVE ( 'NONE', #203, #2087, #2907, .T. ) ;
#3943 = ORIENTED_EDGE ( 'NONE', *, *, #1690, .T. ) ;
#3944 = AXIS2_PLACEMENT_3D ( 'NONE', #2042, #469, #158 ) ;
#3945 = EDGE_CURVE ( 'NONE', #3609, #3732, #117, .T. ) ;
#3946 = DIRECTION ( 'NONE',  ( 0.000000000000000000, -1.000000000000000000, 0.000000000000000000 ) ) ;
#3947 = DIRECTION ( 'NONE',  ( -0.6755766284712282355, 0.000000000000000000, -0.7372897795734375537 ) ) ;
#3948 = CARTESIAN_POINT ( 'NONE',  ( -267.1688184859921762, 1520.960000000000036, 8.607714735570468179 ) ) ;
#3949 = CARTESIAN_POINT ( 'NONE',  ( -251.4243920417408162, 1433.079999999999927, 7.965703907404517281 ) ) ;
#3950 = CARTESIAN_POINT ( 'NONE',  ( -205.0226850628186241, 1432.079999999999927, 18.72112452208074274 ) ) ;
#3951 = EDGE_CURVE ( 'NONE', #3010, #164, #1334, .T. ) ;
#3952 = FACE_OUTER_BOUND ( 'NONE', #3272, .T. ) ;
#3953 = CARTESIAN_POINT ( 'NONE',  ( -148.7718042799483555, 1433.079999999999927, 11.08556981309512501 ) ) ;
#3954 = CARTESIAN_POINT ( 'NONE',  ( -285.9904385892309051, 1432.079999999999927, 3.527721545625652766 ) ) ;
#3955 = DIRECTION ( 'NONE',  ( 0.000000000000000000, 1.000000000000000000, -0.000000000000000000 ) ) ;
#3956 = FACE_OUTER_BOUND ( 'NONE', #1344, .T. ) ;
#3957 = EDGE_CURVE ( 'NONE', #1533, #2314, #3286, .T. ) ;
#3958 = FACE_BOUND ( 'NONE', #2015, .T. ) ;
#3959 = VERTEX_POINT ( 'NONE', #1995 ) ;
#3960 = ORIENTED_EDGE ( 'NONE', *, *, #1584, .T. ) ;
#3961 = DIRECTION ( 'NONE',  ( 0.9286912196815810816, 0.000000000000000000, -0.3708539045046411742 ) ) ;
#3962 = VERTEX_POINT ( 'NONE', #1625 ) ;
#3963 = AXIS2_PLACEMENT_3D ( 'NONE', #2123, #2182, #3135 ) ;
#3964 = EDGE_CURVE ( 'NONE', #2275, #3206, #1713, .T. ) ;
#3965 = DIRECTION ( 'NONE',  ( -0.6888675014067501268, 0.000000000000000000, -0.7248872777926379518 ) ) ;
#3966 = ORIENTED_EDGE ( 'NONE', *, *, #2685, .F. ) ;
#3967 = DIRECTION ( 'NONE',  ( 0.7248872777926389510, 0.000000000000000000, -0.6888675014067492386 ) ) ;
#3968 = DIRECTION ( 'NONE',  ( -0.01073934591758078823, 0.000000000000000000, -0.9999423315618068964 ) ) ;
#3969 = DIRECTION ( 'NONE',  ( 0.1609050596805300659, 0.000000000000000000, -0.9869698889881115544 ) ) ;
#3970 = CARTESIAN_POINT ( 'NONE',  ( -178.9566215734363368, 1433.079999999999927, 9.540759037952490473 ) ) ;
#3971 = CARTESIAN_POINT ( 'NONE',  ( -293.2676002059569100, 1520.960000000000036, 1.330312713633433841 ) ) ;
#3972 = AXIS2_PLACEMENT_3D ( 'NONE', #1654, #1676, #18 ) ;
#3973 = DIRECTION ( 'NONE',  ( 0.000000000000000000, -1.000000000000000000, 0.000000000000000000 ) ) ;
#3974 = CARTESIAN_POINT ( 'NONE',  ( -270.6058122691731000, 1432.079999999999927, 7.731282320555692422 ) ) ;
#3975 = EDGE_CURVE ( 'NONE', #575, #2711, #424, .T. ) ;
#3976 = LINE ( 'NONE', #1133, #406 ) ;
#3977 = ORIENTED_EDGE ( 'NONE', *, *, #1234, .T. ) ;
#3978 = ORIENTED_EDGE ( 'NONE', *, *, #3673, .T. ) ;
#3979 = LINE ( 'NONE', #2401, #3632 ) ;
#3980 = AXIS2_PLACEMENT_3D ( 'NONE', #3082, #3725, #3317 ) ;
#3981 = ORIENTED_EDGE ( 'NONE', *, *, #3208, .T. ) ;
#3982 = VECTOR ( 'NONE', #1852, 1000.000000000000000 ) ;
#3983 = LINE ( 'NONE', #463, #1143 ) ;
#3984 = DIRECTION ( 'NONE',  ( 0.000000000000000000, 0.000000000000000000, 1.000000000000000000 ) ) ;
#3985 = VECTOR ( 'NONE', #365, 1000.000000000000114 ) ;
#3986 = ORIENTED_EDGE ( 'NONE', *, *, #2828, .T. ) ;
#3987 = CIRCLE ( 'NONE', #2199, 4.124999999999996447 ) ;
#3988 = DIRECTION ( 'NONE',  ( 0.000000000000000000, -1.000000000000000000, 0.000000000000000000 ) ) ;
#3989 = CARTESIAN_POINT ( 'NONE',  ( 0.5936727027209565133, 1432.079999999999927, 22.07472482841616923 ) ) ;
#3990 = FACE_OUTER_BOUND ( 'NONE', #2933, .T. ) ;
#3991 = DIRECTION ( 'NONE',  ( 0.6888675014067475733, 0.000000000000000000, 0.7248872777926405053 ) ) ;
#3992 = CARTESIAN_POINT ( 'NONE',  ( -290.1850476729540560, 1520.960000000000036, 2.279926096537914670 ) ) ;
#3993 = VECTOR ( 'NONE', #3946, 1000.000000000000000 ) ;
#3994 = FACE_OUTER_BOUND ( 'NONE', #3186, .T. ) ;
#3995 = DIRECTION ( 'NONE',  ( -0.000000000000000000, -1.000000000000000000, -0.000000000000000000 ) ) ;
#3996 = LINE ( 'NONE', #1777, #1793 ) ;
#3997 = ORIENTED_EDGE ( 'NONE', *, *, #2073, .F. ) ;
#3998 = ORIENTED_EDGE ( 'NONE', *, *, #3018, .F. ) ;
#3999 = CIRCLE ( 'NONE', #291, 0.3999999999999863110 ) ;
#4000 = LINE ( 'NONE', #533, #1500 ) ;
#4001 = EDGE_CURVE ( 'NONE', #1570, #3196, #3599, .T. ) ;
#4002 = VERTEX_POINT ( 'NONE', #3530 ) ;
#4003 = ADVANCED_FACE ( 'NONE', ( #1378 ), #1948, .F. ) ;
#4004 = ORIENTED_EDGE ( 'NONE', *, *, #279, .T. ) ;
#4005 = LINE ( 'NONE', #1206, #2388 ) ;
#4006 = CARTESIAN_POINT ( 'NONE',  ( -109.3093335793666085, 1432.079999999999927, -115.0249432494104553 ) ) ;
#4007 = EDGE_CURVE ( 'NONE', #3438, #2498, #976, .T. ) ;
#4008 = CARTESIAN_POINT ( 'NONE',  ( -130.8533786264969194, 1437.079999999999927, 27.04426762654682648 ) ) ;
#4009 = VECTOR ( 'NONE', #1266, 1000.000000000000000 ) ;
#4010 = CARTESIAN_POINT ( 'NONE',  ( -117.3872845654308179, 1432.079999999999927, 27.32359723883181246 ) ) ;
#4011 = CARTESIAN_POINT ( 'NONE',  ( -90.09255957804985826, 1432.079999999999927, 126.1172528288393693 ) ) ;
#4012 = CYLINDRICAL_SURFACE ( 'NONE', #3650, 4.124999999999996447 ) ;
#4013 = CARTESIAN_POINT ( 'NONE',  ( -292.8379051515317428, 1432.079999999999927, 0.5759372687055264173 ) ) ;
#4014 = AXIS2_PLACEMENT_3D ( 'NONE', #3700, #3991, #817 ) ;
#4015 = ORIENTED_EDGE ( 'NONE', *, *, #812, .T. ) ;
#4016 = EDGE_CURVE ( 'NONE', #3477, #2087, #3907, .T. ) ;
#4017 = CARTESIAN_POINT ( 'NONE',  ( -199.9493753164614702, 1432.079999999999927, 19.59184744843430792 ) ) ;
#4018 = EDGE_CURVE ( 'NONE', #2239, #2213, #661, .T. ) ;
#4019 = CARTESIAN_POINT ( 'NONE',  ( -112.8759871213101178, 1437.079999999999927, 3.035661502869943629 ) ) ;
#4020 = FACE_OUTER_BOUND ( 'NONE', #3868, .T. ) ;
#4021 = ORIENTED_EDGE ( 'NONE', *, *, #4084, .F. ) ;
#4022 = VERTEX_POINT ( 'NONE', #3509 ) ;
#4023 = B_SPLINE_CURVE_WITH_KNOTS ( 'NONE', 3,
 ( #3697, #3772, #2219, #1886, #4010, #1146, #3464 ),
 .UNSPECIFIED., .F., .F.,
 ( 4, 1, 1, 1, 4 ),
 ( 0.1730835121501674290, 0.1743140018632464150, 0.1839856049517671899, 0.1888214064960275773, 0.1936572080402879370 ),
 .UNSPECIFIED. ) ;
#4024 = LINE ( 'NONE', #1578, #3305 ) ;
#4025 = VERTEX_POINT ( 'NONE', #3236 ) ;
#4026 = EDGE_CURVE ( 'NONE', #3302, #2348, #3189, .T. ) ;
#4027 = VERTEX_POINT ( 'NONE', #1044 ) ;
#4028 = EDGE_CURVE ( 'NONE', #3687, #3304, #750, .T. ) ;
#4029 = DIRECTION ( 'NONE',  ( 0.000000000000000000, -1.000000000000000000, 0.000000000000000000 ) ) ;
#4030 = CARTESIAN_POINT ( 'NONE',  ( -135.8203959127808957, 1437.079999999999927, 9.371846716018461976 ) ) ;
#4031 = CIRCLE ( 'NONE', #642, 9.000000000001181277 ) ;
#4032 = CARTESIAN_POINT ( 'NONE',  ( -242.5546761553364092, 1432.079999999999927, 11.33505664491636189 ) ) ;
#4033 = CARTESIAN_POINT ( 'NONE',  ( -111.7890298152395445, 1433.079999999999927, 11.46489243595243046 ) ) ;
#4034 = CARTESIAN_POINT ( 'NONE',  ( -196.9577467012201737, 1433.079999999999927, 12.34914432081862756 ) ) ;
#4035 = CARTESIAN_POINT ( 'NONE',  ( -240.8210911605450804, 1432.079999999999927, 7.953508479090165117 ) ) ;
#4036 = B_SPLINE_CURVE_WITH_KNOTS ( 'NONE', 3,
 ( #965, #407, #1935, #3812, #2235 ),
 .UNSPECIFIED., .F., .F.,
 ( 4, 1, 4 ),
 ( 0.1149940070109378015, 0.1162843833321218490, 0.1253476670933949544 ),
 .UNSPECIFIED. ) ;
#4037 = ORIENTED_EDGE ( 'NONE', *, *, #3141, .T. ) ;
#4038 = DIRECTION ( 'NONE',  ( -0.06567303980416458464, 0.000000000000000000, 0.9978411957034448720 ) ) ;
#4039 = EDGE_CURVE ( 'NONE', #2239, #3276, #1481, .T. ) ;
#4040 = LINE ( 'NONE', #2708, #1867 ) ;
#4041 = CARTESIAN_POINT ( 'NONE',  ( -133.5566762934633971, 1433.079999999999927, 9.276641230029460061 ) ) ;
#4042 = ORIENTED_EDGE ( 'NONE', *, *, #1986, .T. ) ;
#4043 = EDGE_CURVE ( 'NONE', #3161, #2213, #1748, .T. ) ;
#4044 = VERTEX_POINT ( 'NONE', #852 ) ;
#4045 = CARTESIAN_POINT ( 'NONE',  ( -261.5617635561021643, 1520.960000000000036, 7.738060476453267000 ) ) ;
#4046 = CARTESIAN_POINT ( 'NONE',  ( -262.6644455877041651, 1520.960000000000036, 7.467009704362865818 ) ) ;
#4047 = ORIENTED_EDGE ( 'NONE', *, *, #2261, .T. ) ;
#4048 = ORIENTED_EDGE ( 'NONE', *, *, #578, .F. ) ;
#4049 = CARTESIAN_POINT ( 'NONE',  ( -249.1849982831033969, 1520.960000000000036, -62.77685069811641938 ) ) ;
#4050 = CARTESIAN_POINT ( 'NONE',  ( -265.7189512413806938, 1520.960000000000036, 5.831332410554418644 ) ) ;
#4051 = DIRECTION ( 'NONE',  ( 0.000000000000000000, -1.000000000000000000, 0.000000000000000000 ) ) ;
#4052 = CARTESIAN_POINT ( 'NONE',  ( -223.9352534629887543, 1432.079999999999927, 15.22428959717712971 ) ) ;
#4053 = CARTESIAN_POINT ( 'NONE',  ( -150.8221721565745383, 1432.079999999999927, 8.847120223398674099 ) ) ;
#4054 = CARTESIAN_POINT ( 'NONE',  ( -133.7537577297973996, 1433.079999999999927, 26.88888592144288125 ) ) ;
#4055 = ORIENTED_EDGE ( 'NONE', *, *, #1318, .T. ) ;
#4056 = CARTESIAN_POINT ( 'NONE',  ( -238.2618435604907745, 1432.079999999999927, 8.623513685525212580 ) ) ;
#4057 = DIRECTION ( 'NONE',  ( -0.7248872777926386179, 0.000000000000000000, 0.6888675014067495717 ) ) ;
#4058 = ORIENTED_EDGE ( 'NONE', *, *, #844, .F. ) ;
#4059 = EDGE_CURVE ( 'NONE', #3887, #3523, #3675, .T. ) ;
#4060 = EDGE_LOOP ( 'NONE', ( #1796, #2922, #550, #3764 ) ) ;
#4061 = CARTESIAN_POINT ( 'NONE',  ( -280.3490536555156041, 1520.960000000000036, 2.537585519907809672 ) ) ;
#4062 = FACE_OUTER_BOUND ( 'NONE', #2826, .T. ) ;
#4063 = DIRECTION ( 'NONE',  ( -0.6888675014067517921, 0.000000000000000000, -0.7248872777926362865 ) ) ;
#4064 = ORIENTED_EDGE ( 'NONE', *, *, #172, .T. ) ;
#4065 = ORIENTED_EDGE ( 'NONE', *, *, #635, .F. ) ;
#4066 = CARTESIAN_POINT ( 'NONE',  ( -102.3130301131315036, 1433.079999999999927, 93.74915243284928579 ) ) ;
#4067 = EDGE_CURVE ( 'NONE', #2805, #3618, #3342, .T. ) ;
#4068 = CARTESIAN_POINT ( 'NONE',  ( -257.8976825154148855, 1433.079999999999927, 7.804466760825801153 ) ) ;
#4069 = EDGE_CURVE ( 'NONE', #2189, #3687, #3881, .T. ) ;
#4070 = CARTESIAN_POINT ( 'NONE',  ( -257.8976825154148855, 1433.079999999999927, 7.804466760825801153 ) ) ;
#4071 = DIRECTION ( 'NONE',  ( 0.000000000000000000, 1.000000000000000000, -0.000000000000000000 ) ) ;
#4072 = LINE ( 'NONE', #956, #169 ) ;
#4073 = VECTOR ( 'NONE', #3928, 1000.000000000000000 ) ;
#4074 = ORIENTED_EDGE ( 'NONE', *, *, #2566, .T. ) ;
#4075 = ADVANCED_FACE ( 'NONE', ( #3634 ), #518, .T. ) ;
#4076 = LINE ( 'NONE', #3785, #3451 ) ;
#4077 = VECTOR ( 'NONE', #3552, 999.9999999999998863 ) ;
#4078 = FACE_OUTER_BOUND ( 'NONE', #2277, .T. ) ;
#4079 = ORIENTED_EDGE ( 'NONE', *, *, #3208, .F. ) ;
#4080 = VERTEX_POINT ( 'NONE', #1166 ) ;
#4081 = DIRECTION ( 'NONE',  ( 0.000000000000000000, 0.000000000000000000, -1.000000000000000000 ) ) ;
#4082 = CARTESIAN_POINT ( 'NONE',  ( -241.3852872890720391, 1433.079999999999927, 11.59175294562724723 ) ) ;
#4083 = DIRECTION ( 'NONE',  ( -0.8530756398719007150, 0.000000000000000000, 0.5217872676265177256 ) ) ;
#4084 = EDGE_CURVE ( 'NONE', #698, #1082, #464, .T. ) ;
#4085 = ORIENTED_EDGE ( 'NONE', *, *, #3951, .T. ) ;
#4086 = VECTOR ( 'NONE', #780, 1000.000000000000000 ) ;
#4087 = ORIENTED_EDGE ( 'NONE', *, *, #1134, .T. ) ;
#4088 = LINE ( 'NONE', #3386, #3144 ) ;
#4089 = B_SPLINE_CURVE_WITH_KNOTS ( 'NONE', 3,
 ( #3854, #473, #1369, #2919 ),
 .UNSPECIFIED., .F., .F.,
 ( 4, 4 ),
 ( 0.05602420057133083997, 0.05737537480843815652 ),
 .UNSPECIFIED. ) ;
#4090 = DIRECTION ( 'NONE',  ( 0.000000000000000000, -1.000000000000000000, 0.000000000000000000 ) ) ;
#4091 = ADVANCED_FACE ( 'NONE', ( #3008 ), #2056, .F. ) ;
#4092 = CARTESIAN_POINT ( 'NONE',  ( -164.7943195962287746, 1433.079999999999700, 9.631744620679029367 ) ) ;
#4093 = CARTESIAN_POINT ( 'NONE',  ( -92.49999999999820943, 1437.079999999999927, 16.74722354252501688 ) ) ;
#4094 = DIRECTION ( 'NONE',  ( 0.000000000000000000, -1.000000000000000000, 0.000000000000000000 ) ) ;
#4095 = CARTESIAN_POINT ( 'NONE',  ( -214.3987121117448851, 1432.079999999999927, 8.852874276785062335 ) ) ;
#4096 = VERTEX_POINT ( 'NONE', #3926 ) ;
#4097 = DIRECTION ( 'NONE',  ( 0.000000000000000000, -1.000000000000000000, 0.000000000000000000 ) ) ;
#4098 = CARTESIAN_POINT ( 'NONE',  ( -185.9315778033651441, 1437.079999999999927, 18.58588332090532091 ) ) ;
#4099 = CARTESIAN_POINT ( 'NONE',  ( -112.6486715160237821, 1433.079999999999927, 11.48801144721272927 ) ) ;
#4100 = VERTEX_POINT ( 'NONE', #1767 ) ;
#4101 = ORIENTED_EDGE ( 'NONE', *, *, #1062, .F. ) ;
#4102 = CARTESIAN_POINT ( 'NONE',  ( -260.9867192135914138, 1520.960000000000036, 7.878685561044471264 ) ) ;
ENDSEC;
END-ISO-10303-21;
