ISO-10303-21;
HEADER;
FILE_DESCRIPTION (( 'STEP AP214' ),
    '1' );
FILE_NAME ('rib7 outer end.STEP',
    '2026-03-22T19:58:31',
    ( '' ),
    ( '' ),
    'SwSTEP 2.0',
    'SolidWorks 2024',
    '' );
FILE_SCHEMA (( 'AUTOMOTIVE_DESIGN' ));
ENDSEC;

DATA;
#1 = CARTESIAN_POINT ( 'NONE',  ( -258.7028822036019164, 88.87999999999998124, -42.17616278367351867 ) ) ;
#2 = ORIENTED_EDGE ( 'NONE', *, *, #3802, .F. ) ;
#3 = FACE_OUTER_BOUND ( 'NONE', #216, .T. ) ;
#4 = B_SPLINE_CURVE_WITH_KNOTS ( 'NONE', 3,
 ( #92, #1685, #1667, #2039 ),
 .UNSPECIFIED., .F., .F.,
 ( 4, 4 ),
 ( 0.04725479771932811907, 0.04838107786650243380 ),
 .UNSPECIFIED. ) ;
#5 = VERTEX_POINT ( 'NONE', #728 ) ;
#6 = LINE ( 'NONE', #3430, #2648 ) ;
#7 = CARTESIAN_POINT ( 'NONE',  ( -186.0164287401526622, 93.87999999999999545, 21.75117456737059030 ) ) ;
#8 = CARTESIAN_POINT ( 'NONE',  ( -252.2572995699182741, 88.87999999999998124, 6.637396135036434330 ) ) ;
#9 = ADVANCED_FACE ( 'NONE', ( #3516 ), #2600, .T. ) ;
#10 = DIRECTION ( 'NONE',  ( -0.000000000000000000, 1.000000000000000000, -0.000000000000000000 ) ) ;
#11 = CARTESIAN_POINT ( 'NONE',  ( -228.6383456797400697, 93.47999999999998977, 8.415405281992565989 ) ) ;
#12 = VECTOR ( 'NONE', #2257, 1000.000000000000000 ) ;
#13 = STYLED_ITEM ( 'NONE', ( #3634 ), #944 ) ;
#14 = ORIENTED_EDGE ( 'NONE', *, *, #1627, .T. ) ;
#15 = VECTOR ( 'NONE', #897, 1000.000000000000000 ) ;
#16 = EDGE_CURVE ( 'NONE', #618, #627, #2560, .T. ) ;
#17 = EDGE_LOOP ( 'NONE', ( #1222, #1597, #2814, #805 ) ) ;
#18 = PLANE ( 'NONE',  #935 ) ;
#19 = AXIS2_PLACEMENT_3D ( 'NONE', #206, #1413, #3391 ) ;
#20 = DIRECTION ( 'NONE',  ( -0.6755766284707362956, -0.000000000000000000, -0.7372897795738881932 ) ) ;
#21 = DIRECTION ( 'NONE',  ( 0.000000000000000000, 0.000000000000000000, 1.000000000000000000 ) ) ;
#22 = LINE ( 'NONE', #2222, #2355 ) ;
#23 = EDGE_LOOP ( 'NONE', ( #673, #816, #2641, #2765 ) ) ;
#24 = CARTESIAN_POINT ( 'NONE',  ( -129.5036039822503255, 92.87999999999999545, 123.0685471127015518 ) ) ;
#25 = EDGE_CURVE ( 'NONE', #237, #270, #3834, .T. ) ;
#26 = CARTESIAN_POINT ( 'NONE',  ( -65.32499969352929270, 92.87999999999999545, -106.8005475999412823 ) ) ;
#27 = VERTEX_POINT ( 'NONE', #702 ) ;
#28 = CARTESIAN_POINT ( 'NONE',  ( -285.9904385892309051, 88.87999999999998124, 3.527721545625652766 ) ) ;
#29 = FACE_BOUND ( 'NONE', #1550, .T. ) ;
#30 = CARTESIAN_POINT ( 'NONE',  ( -149.8126463061967399, 92.87999999999999545, 25.87186741635287390 ) ) ;
#31 = FACE_OUTER_BOUND ( 'NONE', #794, .T. ) ;
#32 = ORIENTED_EDGE ( 'NONE', *, *, #389, .F. ) ;
#33 = VECTOR ( 'NONE', #583, 1000.000000000000000 ) ;
#34 = ORIENTED_EDGE ( 'NONE', *, *, #3191, .T. ) ;
#35 = CARTESIAN_POINT ( 'NONE',  ( -192.5000000004401102, 88.87999999999998124, 15.15093237100210288 ) ) ;
#36 = VECTOR ( 'NONE', #3931, 1000.000000000000000 ) ;
#37 = LINE ( 'NONE', #2199, #2643 ) ;
#38 = FACE_OUTER_BOUND ( 'NONE', #2010, .T. ) ;
#39 = EDGE_CURVE ( 'NONE', #380, #2415, #403, .T. ) ;
#40 = CARTESIAN_POINT ( 'NONE',  ( -280.0929048604700142, 93.87999999999999545, 6.043931826251222716 ) ) ;
#41 = ORIENTED_EDGE ( 'NONE', *, *, #1513, .T. ) ;
#42 = AXIS2_PLACEMENT_3D ( 'NONE', #1003, #1334, #21 ) ;
#43 = CARTESIAN_POINT ( 'NONE',  ( -115.5180971449239138, 93.87999999999999545, 7.824897445543522956 ) ) ;
#44 = VERTEX_POINT ( 'NONE', #1019 ) ;
#45 = DIRECTION ( 'NONE',  ( 0.7248872777926391731, 0.000000000000000000, -0.6888675014067489055 ) ) ;
#46 = CARTESIAN_POINT ( 'NONE',  ( -190.7528261741830136, 93.87999999999999545, 21.03932599842010021 ) ) ;
#47 = EDGE_CURVE ( 'NONE', #3106, #2538, #1331, .T. ) ;
#48 = CARTESIAN_POINT ( 'NONE',  ( -132.0558163152723807, 92.87999999999999545, 26.96303150517800873 ) ) ;
#49 = CARTESIAN_POINT ( 'NONE',  ( -271.2861602210534215, 93.87999999999999545, 2.447696926221061720 ) ) ;
#50 = EDGE_CURVE ( 'NONE', #3730, #3685, #2914, .T. ) ;
#51 = VERTEX_POINT ( 'NONE', #2213 ) ;
#52 = DIRECTION ( 'NONE',  ( -0.9996385584632172527, 0.000000000000000000, 0.02688405537825218003 ) ) ;
#53 = PLANE ( 'NONE',  #3500 ) ;
#54 = CARTESIAN_POINT ( 'NONE',  ( -97.31973502765107753, 92.87999999999999545, -102.4084278262971566 ) ) ;
#55 = EDGE_LOOP ( 'NONE', ( #2217, #3590, #2782, #1526 ) ) ;
#56 = EDGE_CURVE ( 'NONE', #1009, #2356, #279, .T. ) ;
#57 = CARTESIAN_POINT ( 'NONE',  ( -276.9279722779194799, 88.87999999999998124, 2.022114237994286245 ) ) ;
#58 = CIRCLE ( 'NONE', #1119, 9.800000000001221068 ) ;
#59 = PLANE ( 'NONE',  #2778 ) ;
#60 = VECTOR ( 'NONE', #2628, 1000.000000000000000 ) ;
#61 = ORIENTED_EDGE ( 'NONE', *, *, #930, .F. ) ;
#62 = ORIENTED_EDGE ( 'NONE', *, *, #1359, .T. ) ;
#63 = CARTESIAN_POINT ( 'NONE',  ( -173.4395179607336104, 93.88000000000029388, 8.866531246998681226 ) ) ;
#64 = B_SPLINE_CURVE_WITH_KNOTS ( 'NONE', 3,
 ( #3764, #3200, #1613, #3823 ),
 .UNSPECIFIED., .F., .F.,
 ( 4, 4 ),
 ( 0.9153643480786192166, 0.9201887431938696738 ),
 .UNSPECIFIED. ) ;
#65 = CARTESIAN_POINT ( 'NONE',  ( -199.9493753164616692, 88.87999999999998124, 19.59184744843427950 ) ) ;
#66 = DIRECTION ( 'NONE',  ( -0.7372897795738883042, 0.000000000000000000, 0.6755766284707364067 ) ) ;
#67 = CARTESIAN_POINT ( 'NONE',  ( -210.8832346672962501, 93.48000000000000398, 17.74767239861380475 ) ) ;
#68 = DIRECTION ( 'NONE',  ( -0.000000000000000000, 1.000000000000000000, -0.000000000000000000 ) ) ;
#69 = CARTESIAN_POINT ( 'NONE',  ( -290.1850476729540560, 88.87999999999998124, 2.279926096537914670 ) ) ;
#70 = EDGE_CURVE ( 'NONE', #3447, #2237, #916, .T. ) ;
#71 = EDGE_CURVE ( 'NONE', #1184, #3195, #606, .T. ) ;
#72 = DIRECTION ( 'NONE',  ( 0.000000000000000000, 1.000000000000000000, 0.000000000000000000 ) ) ;
#73 = CARTESIAN_POINT ( 'NONE',  ( -175.6433355960380993, 93.87999999999999545, 9.574595747435139970 ) ) ;
#74 = CARTESIAN_POINT ( 'NONE',  ( -165.9276959324085965, 92.87999999999999545, 24.32335976583580717 ) ) ;
#75 = DIRECTION ( 'NONE',  ( 0.000000000000000000, 0.000000000000000000, -1.000000000000000000 ) ) ;
#76 = ORIENTED_EDGE ( 'NONE', *, *, #111, .T. ) ;
#77 = VECTOR ( 'NONE', #2332, 1000.000000000000000 ) ;
#78 = PLANE ( 'NONE',  #1137 ) ;
#79 = VERTEX_POINT ( 'NONE', #2831 ) ;
#80 = ORIENTED_EDGE ( 'NONE', *, *, #3618, .T. ) ;
#81 = DIRECTION ( 'NONE',  ( 0.000000000000000000, 1.000000000000000000, -0.000000000000000000 ) ) ;
#82 = ORIENTED_EDGE ( 'NONE', *, *, #1707, .T. ) ;
#83 = CARTESIAN_POINT ( 'NONE',  ( -264.6795704296176268, 88.87999999999998124, 5.899739385248923718 ) ) ;
#84 = CARTESIAN_POINT ( 'NONE',  ( -185.6189877027449597, 93.87999999999999545, 12.12471130904598304 ) ) ;
#85 = VERTEX_POINT ( 'NONE', #1917 ) ;
#86 = ORIENTED_EDGE ( 'NONE', *, *, #3747, .F. ) ;
#87 = CARTESIAN_POINT ( 'NONE',  ( -102.3130301131315036, 92.87999999999999545, 93.74915243284928579 ) ) ;
#88 = FACE_OUTER_BOUND ( 'NONE', #1132, .T. ) ;
#89 = LINE ( 'NONE', #113, #424 ) ;
#90 = DIRECTION ( 'NONE',  ( 0.6888675014067475733, 0.000000000000000000, 0.7248872777926405053 ) ) ;
#91 = CARTESIAN_POINT ( 'NONE',  ( -133.3568342694792932, 92.87999999999999545, 9.271286723260869778 ) ) ;
#92 = CARTESIAN_POINT ( 'NONE',  ( -257.8976825154148855, 92.87999999999999545, 7.804466760825801153 ) ) ;
#93 = VECTOR ( 'NONE', #1109, 1000.000000000000114 ) ;
#94 = CARTESIAN_POINT ( 'NONE',  ( -92.49999999999820943, 93.87999999999999545, 16.74722354252501688 ) ) ;
#95 = CARTESIAN_POINT ( 'NONE',  ( -179.2680965261207575, 92.87999999999999545, 10.95298948655129756 ) ) ;
#96 = APPLICATION_PROTOCOL_DEFINITION ( 'draft international standard', 'automotive_design', 1998, #2362 ) ;
#97 = B_SPLINE_CURVE_WITH_KNOTS ( 'NONE', 3,
 ( #3435, #3112, #285, #1560 ),
 .UNSPECIFIED., .F., .F.,
 ( 4, 4 ),
 ( 0.9132561285132086981, 0.9153643480786192166 ),
 .UNSPECIFIED. ) ;
#98 = ORIENTED_EDGE ( 'NONE', *, *, #2680, .F. ) ;
#99 = CARTESIAN_POINT ( 'NONE',  ( -133.1133349853126902, 93.47999999999998977, 126.4989099470499241 ) ) ;
#100 = EDGE_CURVE ( 'NONE', #3287, #2921, #3395, .T. ) ;
#101 = ORIENTED_EDGE ( 'NONE', *, *, #1794, .F. ) ;
#102 = B_SPLINE_SURFACE_WITH_KNOTS ( 'NONE', 3, 1, ( 
 ( #3638, #2177 ),
 ( #590, #311 ),
 ( #3099, #2758 ),
 ( #633, #2491 ),
 ( #331, #3484 ),
 ( #965, #3464 ),
 ( #904, #1588 ),
 ( #4046, #3807 ) ),
 .UNSPECIFIED., .F., .F., .F.,
 ( 4, 1, 1, 1, 1, 4 ),
 ( 2, 2 ),
 ( 0.000000000000000000, 0.02881424564072698757, 0.05820600141198406519, 0.08759775718324114280, 0.1022936350688696816, 0.1169895129544981094 ),
 ( 0.000000000000000000, 1.000000000000000000 ),
 .UNSPECIFIED. ) ;
#103 = DIRECTION ( 'NONE',  ( 0.01073934591758248132, 0.000000000000000000, 0.9999423315618068964 ) ) ;
#104 = ORIENTED_EDGE ( 'NONE', *, *, #3134, .T. ) ;
#105 = ORIENTED_EDGE ( 'NONE', *, *, #644, .F. ) ;
#106 = CARTESIAN_POINT ( 'NONE',  ( -264.2871590457025377, 93.87999999999999545, 7.064132261341821817 ) ) ;
#107 = DIRECTION ( 'NONE',  ( 0.000000000000000000, 1.000000000000000000, 0.000000000000000000 ) ) ;
#108 = CARTESIAN_POINT ( 'NONE',  ( -274.6155771348952612, 93.87999999999999545, 2.997052627296134197 ) ) ;
#109 = ORIENTED_EDGE ( 'NONE', *, *, #4048, .T. ) ;
#110 = FACE_OUTER_BOUND ( 'NONE', #2590, .T. ) ;
#111 = EDGE_CURVE ( 'NONE', #2804, #2721, #4061, .T. ) ;
#112 = CARTESIAN_POINT ( 'NONE',  ( -282.4215676329338862, 88.87999999999998124, 1.563290641976946560 ) ) ;
#113 = CARTESIAN_POINT ( 'NONE',  ( -66.52695322058222871, 92.87999999999999545, -70.00554086442703294 ) ) ;
#114 = CARTESIAN_POINT ( 'NONE',  ( -164.9945637137987831, 92.87999999999999545, 9.631325334794965443 ) ) ;
#115 = VECTOR ( 'NONE', #1072, 1000.000000000000000 ) ;
#116 = EDGE_CURVE ( 'NONE', #270, #2081, #3074, .T. ) ;
#117 = DIRECTION ( 'NONE',  ( 0.000000000000000000, 0.000000000000000000, -1.000000000000000000 ) ) ;
#118 = CYLINDRICAL_SURFACE ( 'NONE', #2840, 4.124999999999996447 ) ;
#119 = CARTESIAN_POINT ( 'NONE',  ( -196.9577467012201737, 92.87999999999999545, 12.34914432081862756 ) ) ;
#120 = ORIENTED_EDGE ( 'NONE', *, *, #3477, .T. ) ;
#121 = EDGE_CURVE ( 'NONE', #2058, #3615, #341, .T. ) ;
#122 = DIRECTION ( 'NONE',  ( -0.02646596929540921336, -0.000000000000000000, -0.9996497148847962588 ) ) ;
#123 = VERTEX_POINT ( 'NONE', #1231 ) ;
#124 = CARTESIAN_POINT ( 'NONE',  ( -249.5323828144506138, 92.87999999999999545, 9.767544433441221585 ) ) ;
#125 = EDGE_CURVE ( 'NONE', #2336, #1713, #3519, .T. ) ;
#126 = VECTOR ( 'NONE', #2418, 999.9999999999998863 ) ;
#127 = VERTEX_POINT ( 'NONE', #2854 ) ;
#128 = CARTESIAN_POINT ( 'NONE',  ( -200.4954640087551923, 88.87999999999998124, 8.438484520300974623 ) ) ;
#129 = CARTESIAN_POINT ( 'NONE',  ( -227.5076778612756527, 93.47999999999998977, 8.453911112217978641 ) ) ;
#130 = CARTESIAN_POINT ( 'NONE',  ( -267.5579742966418735, 93.87999999999999545, 3.504036228201333092 ) ) ;
#131 = ADVANCED_FACE ( 'NONE', ( #31 ), #2447, .T. ) ;
#132 = ORIENTED_EDGE ( 'NONE', *, *, #2761, .T. ) ;
#133 = VERTEX_POINT ( 'NONE', #1273 ) ;
#134 = VECTOR ( 'NONE', #3624, 999.9999999999998863 ) ;
#135 = LINE ( 'NONE', #1324, #1712 ) ;
#136 = CARTESIAN_POINT ( 'NONE',  ( -69.44017073450980604, 92.87999999999999545, -106.5031585959443703 ) ) ;
#137 = CARTESIAN_POINT ( 'NONE',  ( -237.8803495755753659, 93.87999999999999545, 13.20663139703280642 ) ) ;
#138 = EDGE_CURVE ( 'NONE', #1184, #2327, #4041, .T. ) ;
#139 =( BOUNDED_CURVE ( )  B_SPLINE_CURVE ( 3, ( #414, #739, #2282, #2879 ),
 .UNSPECIFIED., .F., .F. ) 
 B_SPLINE_CURVE_WITH_KNOTS ( ( 4, 4 ),
 ( 3.593395922359142514, 5.908010049700227029 ),
 .UNSPECIFIED. ) 
 CURVE ( )  GEOMETRIC_REPRESENTATION_ITEM ( )  RATIONAL_B_SPLINE_CURVE ( ( 1.000000000000000000, 0.6012046472235411665, 0.6012046472235411665, 1.000000000000000000 ) ) 
 REPRESENTATION_ITEM ( '' )  );
#140 = CARTESIAN_POINT ( 'NONE',  ( -132.7570495598770606, 92.87999999999999545, 9.255214942794435018 ) ) ;
#141 = FACE_OUTER_BOUND ( 'NONE', #1074, .T. ) ;
#142 = CARTESIAN_POINT ( 'NONE',  ( -165.3648485973203606, 92.88000000000000966, 24.38595098206934964 ) ) ;
#143 = CARTESIAN_POINT ( 'NONE',  ( -123.3137327467877640, 88.87999999999998124, 27.25623171729949945 ) ) ;
#144 = ADVANCED_FACE ( 'NONE', ( #1839 ), #1540, .F. ) ;
#145 = CARTESIAN_POINT ( 'NONE',  ( -255.2981030861467673, 93.47999999999998977, 8.424977900282708987 ) ) ;
#146 = CIRCLE ( 'NONE', #2897, 0.6007478931679237633 ) ;
#147 = ORIENTED_EDGE ( 'NONE', *, *, #2544, .T. ) ;
#148 = VECTOR ( 'NONE', #3929, 1000.000000000000000 ) ;
#149 = DIRECTION ( 'NONE',  ( 0.7248872777926379518, 0.000000000000000000, -0.6888675014067501268 ) ) ;
#150 = VERTEX_POINT ( 'NONE', #3736 ) ;
#151 = ORIENTED_EDGE ( 'NONE', *, *, #1335, .T. ) ;
#152 = LINE ( 'NONE', #500, #3979 ) ;
#153 = DIRECTION ( 'NONE',  ( 0.000000000000000000, 0.000000000000000000, -1.000000000000000000 ) ) ;
#154 = FACE_OUTER_BOUND ( 'NONE', #3508, .T. ) ;
#155 = VECTOR ( 'NONE', #1172, 1000.000000000000000 ) ;
#156 = EDGE_LOOP ( 'NONE', ( #2613, #2574, #1986, #2506, #2259 ) ) ;
#157 = ORIENTED_EDGE ( 'NONE', *, *, #2069, .F. ) ;
#158 = ADVANCED_FACE ( 'NONE', ( #896 ), #2152, .F. ) ;
#159 = DIRECTION ( 'NONE',  ( -0.7248872777926367306, 0.000000000000000000, 0.6888675014067514590 ) ) ;
#160 = CARTESIAN_POINT ( 'NONE',  ( -117.3872845654308179, 88.87999999999998124, 27.32359723883181246 ) ) ;
#161 = CARTESIAN_POINT ( 'NONE',  ( 0.5936727027209565133, 93.87999999999999545, 22.07472482841616923 ) ) ;
#162 = ORIENTED_EDGE ( 'NONE', *, *, #2383, .F. ) ;
#163 = FACE_OUTER_BOUND ( 'NONE', #1445, .T. ) ;
#164 = ORIENTED_EDGE ( 'NONE', *, *, #1776, .T. ) ;
#165 = DIRECTION ( 'NONE',  ( -0.000000000000000000, -1.000000000000000000, -0.000000000000000000 ) ) ;
#166 = CARTESIAN_POINT ( 'NONE',  ( -165.5953102936683479, 93.87999999999999545, 9.630069181646563337 ) ) ;
#167 = CARTESIAN_POINT ( 'NONE',  ( -290.1850476729540560, 93.87999999999999545, 2.279926096537914670 ) ) ;
#168 = CARTESIAN_POINT ( 'NONE',  ( -178.2004695315806657, 92.87999999999999545, 22.82649320470189380 ) ) ;
#169 = AXIS2_PLACEMENT_3D ( 'NONE', #3451, #621, #1892 ) ;
#170 = ORIENTED_EDGE ( 'NONE', *, *, #3754, .F. ) ;
#171 = VECTOR ( 'NONE', #3003, 1000.000000000000000 ) ;
#172 = CARTESIAN_POINT ( 'NONE',  ( -197.6509316559069021, 93.47999999999998977, 18.36862119522871950 ) ) ;
#173 = DIRECTION ( 'NONE',  ( 0.000000000000000000, 0.000000000000000000, -1.000000000000000000 ) ) ;
#174 = ORIENTED_EDGE ( 'NONE', *, *, #2153, .T. ) ;
#175 = LINE ( 'NONE', #3644, #410 ) ;
#176 = DIRECTION ( 'NONE',  ( 0.000000000000000000, 1.000000000000000000, 0.000000000000000000 ) ) ;
#177 = LINE ( 'NONE', #923, #1619 ) ;
#178 = EDGE_CURVE ( 'NONE', #312, #984, #3414, .T. ) ;
#179 = ORIENTED_EDGE ( 'NONE', *, *, #1582, .F. ) ;
#180 = CARTESIAN_POINT ( 'NONE',  ( -213.8485997193555193, 93.47999999999998977, 9.433716939735818485 ) ) ;
#181 = ADVANCED_FACE ( 'NONE', ( #283 ), #202, .T. ) ;
#182 = LINE ( 'NONE', #2687, #2409 ) ;
#183 = LINE ( 'NONE', #161, #155 ) ;
#184 = CARTESIAN_POINT ( 'NONE',  ( -113.5285485838877833, 92.87999999999999545, 8.528672068350594770 ) ) ;
#185 = ORIENTED_EDGE ( 'NONE', *, *, #2520, .F. ) ;
#186 = DIRECTION ( 'NONE',  ( -0.7248872777926383959, 0.000000000000000000, 0.6888675014067497937 ) ) ;
#187 = EDGE_CURVE ( 'NONE', #150, #2475, #1808, .T. ) ;
#188 = CARTESIAN_POINT ( 'NONE',  ( -213.6449430063347279, 92.87999999999999545, 8.873357482883815095 ) ) ;
#189 =( NAMED_UNIT ( * ) PLANE_ANGLE_UNIT ( ) SI_UNIT ( $, .RADIAN. ) );
#190 = VECTOR ( 'NONE', #2466, 1000.000000000000000 ) ;
#191 = ORIENTED_EDGE ( 'NONE', *, *, #3960, .F. ) ;
#192 = DIRECTION ( 'NONE',  ( 0.000000000000000000, 1.000000000000000000, 0.000000000000000000 ) ) ;
#193 = DIRECTION ( 'NONE',  ( -0.6888675014067497937, -0.000000000000000000, -0.7248872777926383959 ) ) ;
#194 = ORIENTED_EDGE ( 'NONE', *, *, #2426, .T. ) ;
#195 = EDGE_CURVE ( 'NONE', #3195, #27, #1308, .T. ) ;
#196 = VERTEX_POINT ( 'NONE', #3536 ) ;
#197 = ORIENTED_EDGE ( 'NONE', *, *, #4020, .F. ) ;
#198 = EDGE_LOOP ( 'NONE', ( #3530, #3848, #371, #1494 ) ) ;
#199 = CARTESIAN_POINT ( 'NONE',  ( -112.6701787603263796, 88.87999999999998124, 10.68830060044215280 ) ) ;
#200 = LINE ( 'NONE', #2352, #584 ) ;
#201 = VERTEX_POINT ( 'NONE', #996 ) ;
#202 = B_SPLINE_SURFACE_WITH_KNOTS ( 'NONE', 13, 1, ( 
 ( #2791, #2484 ),
 ( #3753, #2170 ),
 ( #1894, #3434 ),
 ( #3133, #1559 ),
 ( #1578, #360 ),
 ( #722, #2871 ),
 ( #2577, #1992 ),
 ( #112, #2233 ),
 ( #444, #3513 ),
 ( #1064, #2291 ),
 ( #1974, #3832 ),
 ( #3495, #49 ),
 ( #3192, #376 ),
 ( #3851, #2252 ) ),
 .UNSPECIFIED., .F., .F., .F.,
 ( 14, 14 ),
 ( 2, 2 ),
 ( 0.000000000000000000, 0.06242198652883645948 ),
 ( 0.000000000000000000, 1.000000000000000000 ),
 .UNSPECIFIED. ) ;
#203 = CARTESIAN_POINT ( 'NONE',  ( 0.5721654584182511716, 88.87999999999998124, 21.27501398164622870 ) ) ;
#204 = AXIS2_PLACEMENT_3D ( 'NONE', #2764, #1476, #2726 ) ;
#205 = CARTESIAN_POINT ( 'NONE',  ( -123.3137327467877640, 88.87999999999998124, 27.25623171729949945 ) ) ;
#206 = CARTESIAN_POINT ( 'NONE',  ( -57.13222982526929172, 92.87999999999999545, 61.90651317224560302 ) ) ;
#207 = PLANE ( 'NONE',  #619 ) ;
#208 = VECTOR ( 'NONE', #480, 1000.000000000000114 ) ;
#209 = EDGE_LOOP ( 'NONE', ( #32, #1517, #1155, #1788 ) ) ;
#210 = CARTESIAN_POINT ( 'NONE',  ( -133.9566291355090470, 92.87999999999999545, 9.286974893465034242 ) ) ;
#211 = CARTESIAN_POINT ( 'NONE',  ( 0.000000000000000000, 93.47999999999998977, 0.000000000000000000 ) ) ;
#212 = ADVANCED_FACE ( 'NONE', ( #88 ), #681, .T. ) ;
#213 = ADVANCED_FACE ( 'NONE', ( #3225 ), #3028, .F. ) ;
#214 = LINE ( 'NONE', #3418, #997 ) ;
#215 = CARTESIAN_POINT ( 'NONE',  ( -238.2652901195024242, 88.87999999999998124, 8.067388918634714301 ) ) ;
#216 = EDGE_LOOP ( 'NONE', ( #364, #3127, #3124, #1084 ) ) ;
#217 = ORIENTED_EDGE ( 'NONE', *, *, #1590, .F. ) ;
#218 = ORIENTED_EDGE ( 'NONE', *, *, #2611, .F. ) ;
#219 = VECTOR ( 'NONE', #2798, 1000.000000000000114 ) ;
#220 = CARTESIAN_POINT ( 'NONE',  ( -245.4693082736719134, 93.47999999999998977, 8.268023086486969930 ) ) ;
#221 = CARTESIAN_POINT ( 'NONE',  ( -238.8043900228236964, 92.87999999999999545, 8.035481055062303923 ) ) ;
#222 = CARTESIAN_POINT ( 'NONE',  ( -179.3923076441915043, 92.87999999999999545, 22.66755377934871873 ) ) ;
#223 = VERTEX_POINT ( 'NONE', #975 ) ;
#224 = AXIS2_PLACEMENT_3D ( 'NONE', #3415, #1524, #1486 ) ;
#225 = CARTESIAN_POINT ( 'NONE',  ( -148.5690912469584077, 92.87999999999999545, 9.556892805854815265 ) ) ;
#226 = CARTESIAN_POINT ( 'NONE',  ( -198.4327075881555231, 88.87999999999999545, 11.51359134017623020 ) ) ;
#227 = VECTOR ( 'NONE', #607, 1000.000000000000000 ) ;
#228 = CARTESIAN_POINT ( 'NONE',  ( -112.2016622524414515, 93.87999999999999545, 28.10930200660903822 ) ) ;
#229 = DIRECTION ( 'NONE',  ( 0.02688405537884543464, 0.000000000000000000, 0.9996385584632012655 ) ) ;
#230 = CARTESIAN_POINT ( 'NONE',  ( -274.7847390683606363, 88.87999999999998124, 7.475225214956192410 ) ) ;
#231 = CARTESIAN_POINT ( 'NONE',  ( -274.6155771348952612, 93.87999999999999545, 2.997052627296134197 ) ) ;
#232 = ORIENTED_EDGE ( 'NONE', *, *, #509, .T. ) ;
#233 = VERTEX_POINT ( 'NONE', #397 ) ;
#234 = EDGE_CURVE ( 'NONE', #1563, #3218, #1351, .T. ) ;
#235 = LINE ( 'NONE', #2141, #2976 ) ;
#236 = FACE_OUTER_BOUND ( 'NONE', #3043, .T. ) ;
#237 = VERTEX_POINT ( 'NONE', #661 ) ;
#238 = EDGE_CURVE ( 'NONE', #2499, #3036, #3085, .T. ) ;
#239 = CARTESIAN_POINT ( 'NONE',  ( -255.0873318177361284, 92.87999999999999545, 7.269166099123650859 ) ) ;
#240 = ORIENTED_EDGE ( 'NONE', *, *, #643, .T. ) ;
#241 = CARTESIAN_POINT ( 'NONE',  ( -134.1085022721686641, 92.87999999999999545, 3.550555210029314956 ) ) ;
#242 = EDGE_LOOP ( 'NONE', ( #3738, #1510, #385, #2777 ) ) ;
#243 = CARTESIAN_POINT ( 'NONE',  ( -113.5068429449947445, 92.87999999999999545, 9.335759885577626704 ) ) ;
#244 = VECTOR ( 'NONE', #3597, 1000.000000000000000 ) ;
#245 = CARTESIAN_POINT ( 'NONE',  ( -260.8576000463186801, 93.48000000000000398, 7.086686038640936047 ) ) ;
#246 = EDGE_CURVE ( 'NONE', #3114, #3263, #2116, .T. ) ;
#247 = PLANE ( 'NONE',  #3696 ) ;
#248 = CARTESIAN_POINT ( 'NONE',  ( -267.5579742966418735, 88.87999999999998124, 3.504036228201333092 ) ) ;
#249 = VECTOR ( 'NONE', #2727, 1000.000000000000000 ) ;
#250 = ORIENTED_EDGE ( 'NONE', *, *, #303, .F. ) ;
#251 = EDGE_LOOP ( 'NONE', ( #363, #2395, #3057 ) ) ;
#252 = CARTESIAN_POINT ( 'NONE',  ( -178.0713867839727698, 92.87999999999999545, 11.07035666520675576 ) ) ;
#253 = DIRECTION ( 'NONE',  ( 0.01060253998774570924, 0.000000000000000000, -0.9999437914932058913 ) ) ;
#254 = ORIENTED_EDGE ( 'NONE', *, *, #246, .T. ) ;
#255 = VECTOR ( 'NONE', #807, 1000.000000000000114 ) ;
#256 = VERTEX_POINT ( 'NONE', #1391 ) ;
#257 = CARTESIAN_POINT ( 'NONE',  ( -228.0922669548007775, 92.87999999999999545, 9.000081170464282465 ) ) ;
#258 = EDGE_LOOP ( 'NONE', ( #2689, #3573, #1945, #86 ) ) ;
#259 = DIRECTION ( 'NONE',  ( 0.000000000000000000, 0.000000000000000000, 1.000000000000000000 ) ) ;
#260 = EDGE_CURVE ( 'NONE', #503, #3578, #3732, .T. ) ;
#261 = ORIENTED_EDGE ( 'NONE', *, *, #260, .F. ) ;
#262 = CARTESIAN_POINT ( 'NONE',  ( 0.2058083609809951420, 88.87999999999998124, 7.652639097639167609 ) ) ;
#263 = CARTESIAN_POINT ( 'NONE',  ( -259.8051931883748580, 93.47999999999998977, 7.343994521966527245 ) ) ;
#264 = CARTESIAN_POINT ( 'NONE',  ( -148.5690912469584077, 93.87999999999999545, 9.556892805854815265 ) ) ;
#265 = DIRECTION ( 'NONE',  ( -0.000000000000000000, 1.000000000000000000, -0.000000000000000000 ) ) ;
#266 = VECTOR ( 'NONE', #2038, 1000.000000000000114 ) ;
#267 = LINE ( 'NONE', #2389, #876 ) ;
#268 = EDGE_CURVE ( 'NONE', #2002, #3639, #3602, .T. ) ;
#269 = ORIENTED_EDGE ( 'NONE', *, *, #907, .F. ) ;
#270 = VERTEX_POINT ( 'NONE', #2338 ) ;
#271 = LINE ( 'NONE', #1805, #3569 ) ;
#272 = DIRECTION ( 'NONE',  ( 0.000000000000000000, 1.000000000000000000, 0.000000000000000000 ) ) ;
#273 = ADVANCED_FACE ( 'NONE', ( #526 ), #2035, .F. ) ;
#274 = LINE ( 'NONE', #538, #1642 ) ;
#275 = ORIENTED_EDGE ( 'NONE', *, *, #2771, .T. ) ;
#276 = PLANE ( 'NONE',  #343 ) ;
#277 = VERTEX_POINT ( 'NONE', #1436 ) ;
#278 = DIRECTION ( 'NONE',  ( 0.000000000000000000, 1.000000000000000000, 0.000000000000000000 ) ) ;
#279 = B_SPLINE_CURVE_WITH_KNOTS ( 'NONE', 3,
 ( #623, #2138, #2810, #1523 ),
 .UNSPECIFIED., .F., .F.,
 ( 4, 4 ),
 ( 0.1712988811237817210, 0.1730835121477442007 ),
 .UNSPECIFIED. ) ;
#280 = FACE_BOUND ( 'NONE', #1834, .T. ) ;
#281 = CARTESIAN_POINT ( 'NONE',  ( -194.7231115508529058, 92.87999999999999545, 9.305874905341779524 ) ) ;
#282 = AXIS2_PLACEMENT_3D ( 'NONE', #763, #3548, #713 ) ;
#283 = FACE_OUTER_BOUND ( 'NONE', #1877, .T. ) ;
#284 = ADVANCED_FACE ( 'NONE', ( #2359 ), #1812, .T. ) ;
#285 = CARTESIAN_POINT ( 'NONE',  ( -251.6390689010222843, 92.87999999999999545, 7.450622648387597913 ) ) ;
#286 = VERTEX_POINT ( 'NONE', #3370 ) ;
#287 = CARTESIAN_POINT ( 'NONE',  ( -145.7690503019791208, 93.87999999999999545, 26.18834114502518062 ) ) ;
#288 = CARTESIAN_POINT ( 'NONE',  ( -232.7573189821663959, 93.47999999999998977, 13.43332594171975458 ) ) ;
#289 = FACE_BOUND ( 'NONE', #1240, .T. ) ;
#290 = LINE ( 'NONE', #1549, #3684 ) ;
#291 = ADVANCED_FACE ( 'NONE', ( #464 ), #2645, .T. ) ;
#292 = ORIENTED_EDGE ( 'NONE', *, *, #1193, .F. ) ;
#293 = CARTESIAN_POINT ( 'NONE',  ( -190.0016062534441232, 92.87999999999999545, 21.15314922817598031 ) ) ;
#294 = VERTEX_POINT ( 'NONE', #542 ) ;
#295 = CARTESIAN_POINT ( 'NONE',  ( -233.9222184833511733, 93.47999999999998977, 13.19005079517900114 ) ) ;
#296 = VERTEX_POINT ( 'NONE', #3311 ) ;
#297 = VECTOR ( 'NONE', #1250, 1000.000000000000000 ) ;
#298 = CARTESIAN_POINT ( 'NONE',  ( -148.5690912469584077, 92.87999999999999545, 9.556892805854815265 ) ) ;
#299 = CARTESIAN_POINT ( 'NONE',  ( -182.4791594191209754, 93.87999999999999545, 22.25289976211965026 ) ) ;
#300 = B_SPLINE_CURVE_WITH_KNOTS ( 'NONE', 3,
 ( #1460, #1129, #2424, #2668 ),
 .UNSPECIFIED., .F., .F.,
 ( 4, 4 ),
 ( 0.05071265954740069443, 0.05236955717925022985 ),
 .UNSPECIFIED. ) ;
#301 = CARTESIAN_POINT ( 'NONE',  ( -194.9129271786084701, 92.87999999999999545, 9.302312362620199337 ) ) ;
#302 = EDGE_CURVE ( 'NONE', #123, #2416, #3936, .T. ) ;
#303 = EDGE_CURVE ( 'NONE', #2941, #1311, #3023, .T. ) ;
#304 = DIRECTION ( 'NONE',  ( 0.6888675014067487945, 0.000000000000000000, 0.7248872777926393951 ) ) ;
#305 = CARTESIAN_POINT ( 'NONE',  ( -109.3093335793666085, 93.47999999999998977, -115.0249432494104553 ) ) ;
#306 = EDGE_CURVE ( 'NONE', #2707, #2327, #322, .T. ) ;
#307 = ORIENTED_EDGE ( 'NONE', *, *, #960, .T. ) ;
#308 = FACE_OUTER_BOUND ( 'NONE', #3763, .T. ) ;
#309 = LINE ( 'NONE', #2875, #931 ) ;
#310 = DIRECTION ( 'NONE',  ( 0.6888675014067492386, 0.000000000000000000, 0.7248872777926389510 ) ) ;
#311 = CARTESIAN_POINT ( 'NONE',  ( -183.8902233028017861, 93.88000000000000966, 9.490411956954650563 ) ) ;
#312 = VERTEX_POINT ( 'NONE', #486 ) ;
#313 = CARTESIAN_POINT ( 'NONE',  ( -112.2016622524414515, 88.87999999999998124, 28.10930200660903822 ) ) ;
#314 = ORIENTED_EDGE ( 'NONE', *, *, #116, .F. ) ;
#315 = EDGE_CURVE ( 'NONE', #2681, #1621, #1481, .T. ) ;
#316 = CARTESIAN_POINT ( 'NONE',  ( 0.000000000000000000, 93.47999999999998977, 0.000000000000000000 ) ) ;
#317 = ORIENTED_EDGE ( 'NONE', *, *, #2369, .F. ) ;
#318 = DIRECTION ( 'NONE',  ( -0.6888675014067514590, -0.000000000000000000, -0.7248872777926367306 ) ) ;
#319 = DIRECTION ( 'NONE',  ( 0.000000000000000000, 0.000000000000000000, -1.000000000000000000 ) ) ;
#320 = EDGE_CURVE ( 'NONE', #3283, #2509, #182, .T. ) ;
#321 = PLANE ( 'NONE',  #332 ) ;
#322 = B_SPLINE_CURVE_WITH_KNOTS ( 'NONE', 3,
 ( #1148, #3625, #797, #2055, #3351 ),
 .UNSPECIFIED., .F., .F.,
 ( 4, 1, 4 ),
 ( 0.07660540888411186689, 0.07759797097803880495, 0.07782247295120917063 ),
 .UNSPECIFIED. ) ;
#323 = DIRECTION ( 'NONE',  ( -0.8530756398719019362, 0.000000000000000000, 0.5217872676265156162 ) ) ;
#324 = DIRECTION ( 'NONE',  ( -0.7248872777926386179, 0.000000000000000000, 0.6888675014067493496 ) ) ;
#325 = VERTEX_POINT ( 'NONE', #818 ) ;
#326 = VECTOR ( 'NONE', #2476, 1000.000000000000000 ) ;
#327 = ORIENTED_EDGE ( 'NONE', *, *, #1294, .T. ) ;
#328 = PLANE ( 'NONE',  #2181 ) ;
#329 = DIRECTION ( 'NONE',  ( -0.02646596929541076421, -0.000000000000000000, -0.9996497148847962588 ) ) ;
#330 = LINE ( 'NONE', #2512, #2212 ) ;
#331 = CARTESIAN_POINT ( 'NONE',  ( -135.8203959127808957, 88.87999999999998124, 9.371846716018461976 ) ) ;
#332 = AXIS2_PLACEMENT_3D ( 'NONE', #2542, #3815, #359 ) ;
#333 = EDGE_LOOP ( 'NONE', ( #1488, #3457, #579, #2363 ) ) ;
#334 = CARTESIAN_POINT ( 'NONE',  ( -279.6950825000976693, 88.87999999999998124, 1.796581939515002002 ) ) ;
#335 = ORIENTED_EDGE ( 'NONE', *, *, #354, .T. ) ;
#336 = CARTESIAN_POINT ( 'NONE',  ( 0.5721654584182511716, 92.87999999999999545, 21.27501398164623225 ) ) ;
#337 = ORIENTED_EDGE ( 'NONE', *, *, #475, .T. ) ;
#338 = CARTESIAN_POINT ( 'NONE',  ( -179.3923076441957392, 93.87999999999999545, 22.66755377934829951 ) ) ;
#339 = CARTESIAN_POINT ( 'NONE',  ( 0.000000000000000000, 93.47999999999998977, 0.000000000000000000 ) ) ;
#340 = DIRECTION ( 'NONE',  ( -0.7248872777926378408, 0.000000000000000000, 0.6888675014067503488 ) ) ;
#341 = LINE ( 'NONE', #1605, #3591 ) ;
#342 = VECTOR ( 'NONE', #192, 1000.000000000000000 ) ;
#343 = AXIS2_PLACEMENT_3D ( 'NONE', #2478, #690, #1947 ) ;
#344 = ORIENTED_EDGE ( 'NONE', *, *, #3097, .F. ) ;
#345 = CARTESIAN_POINT ( 'NONE',  ( -256.7794921707696290, 92.87999999999999545, 7.175935368848862517 ) ) ;
#346 = VECTOR ( 'NONE', #278, 1000.000000000000000 ) ;
#347 = CARTESIAN_POINT ( 'NONE',  ( 0.000000000000000000, 93.47999999999998977, 0.000000000000000000 ) ) ;
#348 = CARTESIAN_POINT ( 'NONE',  ( -190.1890343106762202, 93.87999999999999545, 9.385866078298587212 ) ) ;
#349 = ADVANCED_FACE ( 'NONE', ( #2078 ), #3332, .F. ) ;
#350 = ADVANCED_FACE ( 'NONE', ( #878 ), #207, .F. ) ;
#351 = B_SPLINE_CURVE_WITH_KNOTS ( 'NONE', 3,
 ( #2248, #658, #1987, #3532 ),
 .UNSPECIFIED., .F., .F.,
 ( 4, 4 ),
 ( 0.7801898760548089395, 0.7820152444153389837 ),
 .UNSPECIFIED. ) ;
#352 = CARTESIAN_POINT ( 'NONE',  ( -295.2192840322443317, 93.87999999999999545, 1.574556936932530737 ) ) ;
#353 = DIRECTION ( 'NONE',  ( -0.9999423315618068964, 0.000000000000000000, 0.01073934591758248132 ) ) ;
#354 = EDGE_CURVE ( 'NONE', #4014, #1532, #1130, .T. ) ;
#355 = ORIENTED_EDGE ( 'NONE', *, *, #2623, .T. ) ;
#356 = CARTESIAN_POINT ( 'NONE',  ( -265.7189512413807506, 93.88000000000029388, 5.831332410555692292 ) ) ;
#357 = DIRECTION ( 'NONE',  ( -0.02688405537825352271, 0.000000000000000000, -0.9996385584632172527 ) ) ;
#358 = AXIS2_PLACEMENT_3D ( 'NONE', #602, #357, #640 ) ;
#359 = DIRECTION ( 'NONE',  ( 0.000000000000000000, 0.000000000000000000, 1.000000000000000000 ) ) ;
#360 = CARTESIAN_POINT ( 'NONE',  ( -290.3163669971427225, 93.87999999999999545, 0.8276152839015235019 ) ) ;
#361 = B_SPLINE_CURVE_WITH_KNOTS ( 'NONE', 3,
 ( #1508, #3034, #1220, #2757, #1138, #3081, #3660, #902, #3058, #2392 ),
 .UNSPECIFIED., .F., .F.,
 ( 4, 1, 1, 1, 1, 1, 1, 4 ),
 ( 0.8257716611427048381, 0.8494027461549495950, 0.8787945019262066726, 0.8934903798118352114, 0.9081862576974637502, 0.9228821355830922890, 0.9291378280682562885, 0.9294838303700295734 ),
 .UNSPECIFIED. ) ;
#362 = ADVANCED_FACE ( 'NONE', ( #2445 ), #564, .F. ) ;
#363 = ORIENTED_EDGE ( 'NONE', *, *, #1049, .F. ) ;
#364 = ORIENTED_EDGE ( 'NONE', *, *, #2020, .T. ) ;
#365 = CARTESIAN_POINT ( 'NONE',  ( -228.6383456797400697, 92.87999999999999545, 8.415405281992565989 ) ) ;
#366 = DIRECTION ( 'NONE',  ( 0.7248872777926386179, 0.000000000000000000, -0.6888675014067495717 ) ) ;
#367 = LINE ( 'NONE', #54, #2966 ) ;
#368 = CARTESIAN_POINT ( 'NONE',  ( -257.5087377909017050, 93.47999999999998977, 7.897858416091774636 ) ) ;
#369 = CARTESIAN_POINT ( 'NONE',  ( -253.5796452974664135, 92.87999999999999545, 8.346190340468108815 ) ) ;
#370 = ORIENTED_EDGE ( 'NONE', *, *, #1380, .F. ) ;
#371 = ORIENTED_EDGE ( 'NONE', *, *, #4070, .T. ) ;
#372 = CARTESIAN_POINT ( 'NONE',  ( -113.3033073900940764, 93.88000000000029388, 7.716868825675114785 ) ) ;
#373 = CARTESIAN_POINT ( 'NONE',  ( -165.6171606190784189, 92.87999999999999545, 22.88600174151924094 ) ) ;
#374 = CARTESIAN_POINT ( 'NONE',  ( -282.6978133705282517, 88.87999999999998124, 5.318962716800240464 ) ) ;
#375 = VECTOR ( 'NONE', #2201, 1000.000000000000000 ) ;
#376 = CARTESIAN_POINT ( 'NONE',  ( -268.4179018087215809, 93.87999999999999545, 2.647210225858450006 ) ) ;
#377 = CARTESIAN_POINT ( 'NONE',  ( -112.2016622867483875, 88.87999999999998124, 28.10930200688546421 ) ) ;
#378 = CARTESIAN_POINT ( 'NONE',  ( -96.76864102652487531, 92.87999999999999545, -101.8285180040629427 ) ) ;
#379 = EDGE_CURVE ( 'NONE', #3143, #3653, #2733, .T. ) ;
#380 = VERTEX_POINT ( 'NONE', #1461 ) ;
#381 = CARTESIAN_POINT ( 'NONE',  ( -96.72838245694208581, 88.87999999999998124, 24.69208237058674626 ) ) ;
#382 = CARTESIAN_POINT ( 'NONE',  ( -148.5690912469584077, 93.87999999999999545, 9.556892805854815265 ) ) ;
#383 = CARTESIAN_POINT ( 'NONE',  ( -265.8557205421093954, 88.87999999999998124, 6.670256816194850558 ) ) ;
#384 =( NAMED_UNIT ( * ) PLANE_ANGLE_UNIT ( ) SI_UNIT ( $, .RADIAN. ) );
#385 = ORIENTED_EDGE ( 'NONE', *, *, #2373, .F. ) ;
#386 = ADVANCED_BREP_SHAPE_REPRESENTATION ( 'rib7 outer end', ( #944, #1772 ), #3945 ) ;
#387 = CARTESIAN_POINT ( 'NONE',  ( -287.8070055318488016, 93.87999999999999545, 3.847726477039149717 ) ) ;
#388 = VECTOR ( 'NONE', #1385, 1000.000000000000000 ) ;
#389 = EDGE_CURVE ( 'NONE', #2722, #3096, #1192, .T. ) ;
#390 = CARTESIAN_POINT ( 'NONE',  ( -264.6795704296176268, 93.87999999999999545, 5.899739385248923718 ) ) ;
#391 = ORIENTED_EDGE ( 'NONE', *, *, #3109, .F. ) ;
#392 = EDGE_LOOP ( 'NONE', ( #2553, #2990, #1807, #1900 ) ) ;
#393 = CARTESIAN_POINT ( 'NONE',  ( -240.4624955004808839, 88.87999999999998124, 7.187158872640684315 ) ) ;
#394 = CARTESIAN_POINT ( 'NONE',  ( -195.6463559078458445, 88.87999999999998124, 20.27733546108195739 ) ) ;
#395 = ORIENTED_EDGE ( 'NONE', *, *, #1389, .T. ) ;
#396 = DIRECTION ( 'NONE',  ( -0.7248872777926391731, 0.000000000000000000, 0.6888675014067489055 ) ) ;
#397 = CARTESIAN_POINT ( 'NONE',  ( -112.6261548481651431, 93.87999999999999545, 12.32525601775575907 ) ) ;
#398 = LINE ( 'NONE', #1661, #898 ) ;
#399 = B_SPLINE_CURVE_WITH_KNOTS ( 'NONE', 3,
 ( #2971, #1121, #3994, #2092, #847 ),
 .UNSPECIFIED., .F., .F.,
 ( 4, 1, 4 ),
 ( 0.08511555471262212402, 0.09694117715508032695, 0.1003748877787032090 ),
 .UNSPECIFIED. ) ;
#400 = CARTESIAN_POINT ( 'NONE',  ( -248.7225026532515244, 92.87999999999999545, 9.434087006954596788 ) ) ;
#401 = EDGE_CURVE ( 'NONE', #2751, #2031, #2099, .T. ) ;
#402 = VECTOR ( 'NONE', #2022, 1000.000000000000227 ) ;
#403 = LINE ( 'NONE', #2890, #3801 ) ;
#404 = LINE ( 'NONE', #2017, #3237 ) ;
#405 = CARTESIAN_POINT ( 'NONE',  ( -241.3852872890720960, 93.47999999999998977, 11.59175294562698966 ) ) ;
#406 = DIRECTION ( 'NONE',  ( -0.000000000000000000, 1.000000000000000000, -0.000000000000000000 ) ) ;
#407 = VECTOR ( 'NONE', #3920, 1000.000000000000114 ) ;
#408 = ORIENTED_EDGE ( 'NONE', *, *, #39, .T. ) ;
#409 = B_SPLINE_CURVE_WITH_KNOTS ( 'NONE', 3,
 ( #1645, #3921, #167, #1668, #2278, #3943, #3520, #779, #449 ),
 .UNSPECIFIED., .F., .F.,
 ( 4, 1, 1, 1, 1, 1, 4 ),
 ( 0.008052357163078591867, 0.01180441452156862081, 0.01555647188005864802, 0.02306058659703870417, 0.03056470131401876206, 0.03431675867250878753, 0.03806881603099881994 ),
 .UNSPECIFIED. ) ;
#410 = VECTOR ( 'NONE', #1144, 1000.000000000000114 ) ;
#411 = CARTESIAN_POINT ( 'NONE',  ( -265.8557205421093954, 93.87999999999999545, 6.670256816194850558 ) ) ;
#412 = VERTEX_POINT ( 'NONE', #2407 ) ;
#413 = ADVANCED_FACE ( 'NONE', ( #507 ), #1111, .T. ) ;
#414 = CARTESIAN_POINT ( 'NONE',  ( -190.7528261741830136, 88.87999999999998124, 21.03932599842006823 ) ) ;
#415 = VERTEX_POINT ( 'NONE', #856 ) ;
#416 = ORIENTED_EDGE ( 'NONE', *, *, #47, .T. ) ;
#417 = CARTESIAN_POINT ( 'NONE',  ( -259.4640068570307108, 93.87999999999999545, 8.261595196954861109 ) ) ;
#418 = CARTESIAN_POINT ( 'NONE',  ( -246.0930087101614845, 93.47999999999998977, 7.719654219035418485 ) ) ;
#419 = CARTESIAN_POINT ( 'NONE',  ( -203.8710170635361578, 93.47999999999998977, 18.91889305117460651 ) ) ;
#420 = CARTESIAN_POINT ( 'NONE',  ( -242.5546761524411465, 93.47999999999998977, 11.33505664491636722 ) ) ;
#421 = EDGE_CURVE ( 'NONE', #1107, #3730, #2118, .T. ) ;
#422 = CARTESIAN_POINT ( 'NONE',  ( -259.3915731957100661, 93.48000000000000398, 7.445118414263216522 ) ) ;
#423 = CARTESIAN_POINT ( 'NONE',  ( -154.5807832906197916, 88.87999999999998124, 26.32937649834314442 ) ) ;
#424 = VECTOR ( 'NONE', #3537, 1000.000000000000000 ) ;
#425 = CARTESIAN_POINT ( 'NONE',  ( -280.6338063822633444, 88.87999999999998124, 5.055185953166628998 ) ) ;
#426 = EDGE_CURVE ( 'NONE', #286, #2091, #1502, .T. ) ;
#427 = DIRECTION ( 'NONE',  ( -0.7241518884010734736, -0.000000000000000000, -0.6896405168819181863 ) ) ;
#428 = AXIS2_PLACEMENT_3D ( 'NONE', #3916, #1128, #2384 ) ;
#429 = CARTESIAN_POINT ( 'NONE',  ( -237.8656650781825306, 92.87999999999999545, 8.073344651762354829 ) ) ;
#430 = LINE ( 'NONE', #95, #1126 ) ;
#431 = EDGE_CURVE ( 'NONE', #2496, #3363, #545, .T. ) ;
#432 = ORIENTED_EDGE ( 'NONE', *, *, #2369, .T. ) ;
#433 = CARTESIAN_POINT ( 'NONE',  ( -198.1683094137295598, 93.47999999999998977, 15.24074369565838261 ) ) ;
#434 = ORIENTED_EDGE ( 'NONE', *, *, #3032, .T. ) ;
#435 = CARTESIAN_POINT ( 'NONE',  ( -222.8468073653594104, 93.87999999999999545, 7.840947217310170636 ) ) ;
#436 = ORIENTED_EDGE ( 'NONE', *, *, #1265, .T. ) ;
#437 = ORIENTED_EDGE ( 'NONE', *, *, #867, .T. ) ;
#438 = CARTESIAN_POINT ( 'NONE',  ( -150.8221721565745383, 93.88000000000029388, 8.847120223398674099 ) ) ;
#439 = EDGE_CURVE ( 'NONE', #664, #312, #1773, .T. ) ;
#440 = CARTESIAN_POINT ( 'NONE',  ( -220.6196549160198401, 92.87999999999999545, 15.86831719877247338 ) ) ;
#441 = LINE ( 'NONE', #1969, #958 ) ;
#442 = ORIENTED_EDGE ( 'NONE', *, *, #3016, .T. ) ;
#443 = DIRECTION ( 'NONE',  ( 0.000000000000000000, 0.000000000000000000, -1.000000000000000000 ) ) ;
#444 = CARTESIAN_POINT ( 'NONE',  ( -279.6950825009721484, 88.87999999999998124, 1.796581939440190290 ) ) ;
#445 = CARTESIAN_POINT ( 'NONE',  ( -237.8803495755753659, 88.87999999999998124, 13.20663139703280642 ) ) ;
#446 = ADVANCED_FACE ( 'NONE', ( #3092 ), #3957, .T. ) ;
#447 = CARTESIAN_POINT ( 'NONE',  ( -292.8379051515317428, 93.87999999999999545, 0.5759372687055264173 ) ) ;
#448 = CARTESIAN_POINT ( 'NONE',  ( -227.5076778612757948, 92.87999999999999545, 8.453911112217982193 ) ) ;
#449 = CARTESIAN_POINT ( 'NONE',  ( -267.1688184859921762, 93.87999999999999545, 8.607714735570468179 ) ) ;
#450 = SURFACE_STYLE_USAGE ( .BOTH. , #1397 ) ;
#451 = EDGE_CURVE ( 'NONE', #3550, #3908, #2730, .T. ) ;
#452 = DIRECTION ( 'NONE',  ( -0.001877162694616528937, 0.000000000000000000, 0.9999982381285568156 ) ) ;
#453 = ORIENTED_EDGE ( 'NONE', *, *, #2196, .T. ) ;
#454 = PLANE ( 'NONE',  #2063 ) ;
#455 = VECTOR ( 'NONE', #4013, 1000.000000000000000 ) ;
#456 = ORIENTED_EDGE ( 'NONE', *, *, #2028, .T. ) ;
#457 = ORIENTED_EDGE ( 'NONE', *, *, #842, .T. ) ;
#458 = CARTESIAN_POINT ( 'NONE',  ( -99.13813852873975918, 92.87999999999999545, 23.95660055259056165 ) ) ;
#459 = DIRECTION ( 'NONE',  ( 0.000000000000000000, 1.000000000000000000, 0.000000000000000000 ) ) ;
#460 = ORIENTED_EDGE ( 'NONE', *, *, #1707, .F. ) ;
#461 = AXIS2_PLACEMENT_3D ( 'NONE', #558, #2729, #3350 ) ;
#462 = CARTESIAN_POINT ( 'NONE',  ( -133.9566240984101739, 92.87999999999999545, 9.287166304838097020 ) ) ;
#463 = B_SPLINE_CURVE_WITH_KNOTS ( 'NONE', 3,
 ( #3542, #705, #1709, #2000 ),
 .UNSPECIFIED., .F., .F.,
 ( 4, 4 ),
 ( 0.8031795761935873745, 0.8194334802529954498 ),
 .UNSPECIFIED. ) ;
#464 = FACE_OUTER_BOUND ( 'NONE', #1028, .T. ) ;
#465 = CARTESIAN_POINT ( 'NONE',  ( -238.8043900228236964, 93.47999999999998977, 8.035481055062303923 ) ) ;
#466 = CARTESIAN_POINT ( 'NONE',  ( -260.8337779111441250, 88.87999999999998124, 6.940564282585497402 ) ) ;
#467 = CARTESIAN_POINT ( 'NONE',  ( -241.7755728111674216, 92.87999999999999545, 11.50636481653089049 ) ) ;
#468 = CARTESIAN_POINT ( 'NONE',  ( -132.3252790877544953, 93.87999999999999545, 25.56367482687227621 ) ) ;
#469 = CARTESIAN_POINT ( 'NONE',  ( -182.7476535926390113, 93.88000000000000966, 22.24537223474090197 ) ) ;
#470 = EDGE_CURVE ( 'NONE', #3782, #3263, #1412, .T. ) ;
#471 = ORIENTED_EDGE ( 'NONE', *, *, #979, .F. ) ;
#472 = DIRECTION ( 'NONE',  ( -0.01060253998774571098, 0.000000000000000000, 0.9999437914932058913 ) ) ;
#473 = DIRECTION ( 'NONE',  ( -0.6888675014067517921, 0.000000000000000000, -0.7248872777926362865 ) ) ;
#474 = AXIS2_PLACEMENT_3D ( 'NONE', #3821, #3785, #945 ) ;
#475 = EDGE_CURVE ( 'NONE', #1047, #3287, #4064, .T. ) ;
#476 = AXIS2_PLACEMENT_3D ( 'NONE', #3877, #2297, #1708 ) ;
#477 = VERTEX_POINT ( 'NONE', #1754 ) ;
#478 = ORIENTED_EDGE ( 'NONE', *, *, #1513, .F. ) ;
#479 = CARTESIAN_POINT ( 'NONE',  ( -90.09255957804985826, 92.87999999999999545, 126.1172528288393693 ) ) ;
#480 = DIRECTION ( 'NONE',  ( -0.02688405537885410132, -0.000000000000000000, -0.9996385584632010435 ) ) ;
#481 = DIRECTION ( 'NONE',  ( 0.000000000000000000, 0.000000000000000000, 1.000000000000000000 ) ) ;
#482 = VERTEX_POINT ( 'NONE', #1150 ) ;
#483 = VERTEX_POINT ( 'NONE', #3353 ) ;
#484 = EDGE_CURVE ( 'NONE', #574, #3885, #1219, .T. ) ;
#485 = CARTESIAN_POINT ( 'NONE',  ( -227.6072848782953599, 93.48000000000000398, 14.49505114441498321 ) ) ;
#486 = CARTESIAN_POINT ( 'NONE',  ( -111.7890298152395445, 92.87999999999999545, 11.46489243595243046 ) ) ;
#487 = DIRECTION ( 'NONE',  ( 0.000000000000000000, 1.000000000000000000, 0.000000000000000000 ) ) ;
#488 = DIRECTION ( 'NONE',  ( -0.000000000000000000, -1.000000000000000000, -0.000000000000000000 ) ) ;
#489 = ORIENTED_EDGE ( 'NONE', *, *, #2898, .F. ) ;
#490 = CARTESIAN_POINT ( 'NONE',  ( -280.0929048608385301, 88.87999999999998124, 6.043931826148681630 ) ) ;
#491 = EDGE_CURVE ( 'NONE', #3745, #2237, #1506, .T. ) ;
#492 = DIRECTION ( 'NONE',  ( -0.8530756398719019362, 0.000000000000000000, 0.5217872676265157272 ) ) ;
#493 = VECTOR ( 'NONE', #2386, 1000.000000000000114 ) ;
#494 = ORIENTED_EDGE ( 'NONE', *, *, #509, .F. ) ;
#495 = AXIS2_PLACEMENT_3D ( 'NONE', #2750, #3314, #229 ) ;
#496 = DIRECTION ( 'NONE',  ( -0.000000000000000000, 1.000000000000000000, -0.000000000000000000 ) ) ;
#497 = DIRECTION ( 'NONE',  ( 0.000000000000000000, 1.000000000000000000, 0.000000000000000000 ) ) ;
#498 = EDGE_LOOP ( 'NONE', ( #761, #3871, #3122, #1342, #3743, #1244 ) ) ;
#499 = VERTEX_POINT ( 'NONE', #1212 ) ;
#500 = CARTESIAN_POINT ( 'NONE',  ( -233.2191333188851843, 92.87999999999999545, 12.76857277731329532 ) ) ;
#501 = CARTESIAN_POINT ( 'NONE',  ( -260.8337779112896442, 93.48000000000000398, 6.940564282576736410 ) ) ;
#502 = CARTESIAN_POINT ( 'NONE',  ( -87.29745966063431695, 92.87999999999999545, -91.86210376071331041 ) ) ;
#503 = VERTEX_POINT ( 'NONE', #1269 ) ;
#504 = PLANE ( 'NONE',  #651 ) ;
#505 = CARTESIAN_POINT ( 'NONE',  ( -140.1163786704161112, 88.87999999999998124, 26.58487205923218966 ) ) ;
#506 = CARTESIAN_POINT ( 'NONE',  ( -141.1614346981550625, 88.87999999999998124, 27.35412429335869788 ) ) ;
#507 = FACE_OUTER_BOUND ( 'NONE', #789, .T. ) ;
#508 = ADVANCED_FACE ( 'NONE', ( #2501 ), #2467, .T. ) ;
#509 = EDGE_CURVE ( 'NONE', #2415, #1561, #3814, .T. ) ;
#510 = ORIENTED_EDGE ( 'NONE', *, *, #56, .T. ) ;
#511 = CARTESIAN_POINT ( 'NONE',  ( -290.3110310811928798, 93.87999999999999545, 3.099905874843265075 ) ) ;
#512 = CARTESIAN_POINT ( 'NONE',  ( -256.7794921707696290, 92.87999999999999545, 7.175935368848862517 ) ) ;
#513 = CARTESIAN_POINT ( 'NONE',  ( -101.4282823775221232, 92.87999999999999545, 92.93846047869827487 ) ) ;
#514 = VECTOR ( 'NONE', #3300, 1000.000000000000000 ) ;
#515 = LINE ( 'NONE', #252, #3236 ) ;
#516 = CARTESIAN_POINT ( 'NONE',  ( 0.000000000000000000, 92.87999999999999545, 0.000000000000000000 ) ) ;
#517 = VERTEX_POINT ( 'NONE', #1575 ) ;
#518 = ORIENTED_EDGE ( 'NONE', *, *, #2789, .F. ) ;
#519 = ORIENTED_EDGE ( 'NONE', *, *, #3134, .F. ) ;
#520 = DIRECTION ( 'NONE',  ( 0.6888675014067489055, 0.000000000000000000, 0.7248872777926391731 ) ) ;
#521 = DIRECTION ( 'NONE',  ( 0.000000000000000000, -1.000000000000000000, 0.000000000000000000 ) ) ;
#522 = DIRECTION ( 'NONE',  ( 0.000000000000000000, 0.000000000000000000, 1.000000000000000000 ) ) ;
#523 = ORIENTED_EDGE ( 'NONE', *, *, #2426, .F. ) ;
#524 = CARTESIAN_POINT ( 'NONE',  ( -164.3751559483991969, 92.87999999999999545, -0.3085594543071153439 ) ) ;
#525 = VECTOR ( 'NONE', #3250, 1000.000000000000000 ) ;
#526 = FACE_OUTER_BOUND ( 'NONE', #3882, .T. ) ;
#527 = CARTESIAN_POINT ( 'NONE',  ( -264.2871590457025377, 88.87999999999998124, 7.064132261341821817 ) ) ;
#528 = DIRECTION ( 'NONE',  ( -0.7248872777926342881, 0.000000000000000000, 0.6888675014067540125 ) ) ;
#529 = VECTOR ( 'NONE', #2404, 999.9999999999998863 ) ;
#530 = CARTESIAN_POINT ( 'NONE',  ( -295.2192840323294263, 93.87999999999999545, 1.574556936904939919 ) ) ;
#531 = DIRECTION ( 'NONE',  ( 0.000000000000000000, 1.000000000000000000, -0.000000000000000000 ) ) ;
#532 = EDGE_CURVE ( 'NONE', #1136, #415, #1208, .T. ) ;
#533 = ORIENTED_EDGE ( 'NONE', *, *, #3168, .T. ) ;
#534 = LINE ( 'NONE', #3720, #2178 ) ;
#535 = CARTESIAN_POINT ( 'NONE',  ( -228.0922669548007775, 92.87999999999999545, 9.000081170464282465 ) ) ;
#536 = VERTEX_POINT ( 'NONE', #894 ) ;
#537 = AXIS2_PLACEMENT_3D ( 'NONE', #2816, #3759, #1859 ) ;
#538 = CARTESIAN_POINT ( 'NONE',  ( -165.5953102936683479, 92.87999999999999545, 9.630069181646563337 ) ) ;
#539 = ORIENTED_EDGE ( 'NONE', *, *, #2596, .T. ) ;
#540 = CIRCLE ( 'NONE', #1210, 0.5999999999999685585 ) ;
#541 = DIRECTION ( 'NONE',  ( 0.6888675014067476843, 0.000000000000000000, 0.7248872777926401723 ) ) ;
#542 = CARTESIAN_POINT ( 'NONE',  ( -227.5076778612757948, 92.87999999999999545, 8.453911112217982193 ) ) ;
#543 = VECTOR ( 'NONE', #1268, 1000.000000000000114 ) ;
#544 = DIRECTION ( 'NONE',  ( -0.7248872777926379518, 0.000000000000000000, 0.6888675014067501268 ) ) ;
#545 = LINE ( 'NONE', #1836, #1012 ) ;
#546 = EDGE_CURVE ( 'NONE', #2591, #3689, #3727, .T. ) ;
#547 = CARTESIAN_POINT ( 'NONE',  ( -179.5174658418248157, 93.87999999999999545, 9.534537799042796635 ) ) ;
#548 = CARTESIAN_POINT ( 'NONE',  ( -290.1604015055179389, 93.87999999999999545, 1.637864100023359581 ) ) ;
#549 = ORIENTED_EDGE ( 'NONE', *, *, #1915, .T. ) ;
#550 = ORIENTED_EDGE ( 'NONE', *, *, #3654, .T. ) ;
#551 = CARTESIAN_POINT ( 'NONE',  ( -69.87710367951460455, 92.87999999999999545, -107.1733000749819951 ) ) ;
#552 = CARTESIAN_POINT ( 'NONE',  ( -255.0275276099420694, 88.87999999999998124, 7.279903762745472129 ) ) ;
#553 = VERTEX_POINT ( 'NONE', #955 ) ;
#554 = ADVANCED_FACE ( 'NONE', ( #4058 ), #1617, .F. ) ;
#555 = ORIENTED_EDGE ( 'NONE', *, *, #39, .F. ) ;
#556 = DIRECTION ( 'NONE',  ( 0.000000000000000000, 1.000000000000000000, 0.000000000000000000 ) ) ;
#557 = VERTEX_POINT ( 'NONE', #2851 ) ;
#558 = CARTESIAN_POINT ( 'NONE',  ( -109.3093335793666085, 92.87999999999999545, -115.0249432494104553 ) ) ;
#559 = ORIENTED_EDGE ( 'NONE', *, *, #2275, .F. ) ;
#560 = EDGE_CURVE ( 'NONE', #3610, #3253, #2524, .T. ) ;
#561 = ORIENTED_EDGE ( 'NONE', *, *, #2464, .T. ) ;
#562 = LINE ( 'NONE', #262, #1473 ) ;
#563 = AXIS2_PLACEMENT_3D ( 'NONE', #2334, #768, #3554 ) ;
#564 = PLANE ( 'NONE',  #495 ) ;
#565 = LINE ( 'NONE', #1798, #1048 ) ;
#566 = CARTESIAN_POINT ( 'NONE',  ( -64.90756987942758371, 93.47999999999998977, -106.1180870880435378 ) ) ;
#567 = EDGE_CURVE ( 'NONE', #2122, #3421, #2150, .T. ) ;
#568 = DIRECTION ( 'NONE',  ( 0.000000000000000000, 1.000000000000000000, -0.000000000000000000 ) ) ;
#569 = ORIENTED_EDGE ( 'NONE', *, *, #1568, .T. ) ;
#570 = DIRECTION ( 'NONE',  ( -0.7241518884010706980, -0.000000000000000000, -0.6896405168819210729 ) ) ;
#571 = DIRECTION ( 'NONE',  ( -0.6888675014067497937, 0.000000000000000000, -0.7248872777926383959 ) ) ;
#572 = EDGE_LOOP ( 'NONE', ( #2052, #1143, #98, #1737 ) ) ;
#573 = VECTOR ( 'NONE', #1237, 1000.000000000000000 ) ;
#574 = VERTEX_POINT ( 'NONE', #2210 ) ;
#575 = ADVANCED_FACE ( 'NONE', ( #3108, #3474, #29, #280, #1913, #3431 ), #1557, .T. ) ;
#576 = DIRECTION ( 'NONE',  ( 0.000000000000000000, 1.000000000000000000, 0.000000000000000000 ) ) ;
#577 = VERTEX_POINT ( 'NONE', #3772 ) ;
#578 = CARTESIAN_POINT ( 'NONE',  ( -87.29745966063431695, 93.47999999999998977, -91.86210376071331041 ) ) ;
#579 = ORIENTED_EDGE ( 'NONE', *, *, #901, .T. ) ;
#580 = CARTESIAN_POINT ( 'NONE',  ( -99.99778022952409628, 93.87999999999999545, 23.97971956385086401 ) ) ;
#581 = DIRECTION ( 'NONE',  ( -0.6888675014067497937, -0.000000000000000000, -0.7248872777926383959 ) ) ;
#582 = CARTESIAN_POINT ( 'NONE',  ( -112.6261548481651289, 92.87999999999999545, 12.32525601775577329 ) ) ;
#583 = DIRECTION ( 'NONE',  ( 0.000000000000000000, 1.000000000000000000, 0.000000000000000000 ) ) ;
#584 = VECTOR ( 'NONE', #459, 1000.000000000000000 ) ;
#585 = DIRECTION ( 'NONE',  ( -0.000000000000000000, -1.000000000000000000, -0.000000000000000000 ) ) ;
#586 = ORIENTED_EDGE ( 'NONE', *, *, #3663, .T. ) ;
#587 = CARTESIAN_POINT ( 'NONE',  ( -148.6143614906584389, 93.87999999999999545, 25.96668747503433750 ) ) ;
#588 = CARTESIAN_POINT ( 'NONE',  ( -293.2676002059569100, 88.87999999999998124, 1.330312713633649668 ) ) ;
#589 = DIRECTION ( 'NONE',  ( 0.6888675014067556779, 0.000000000000000000, 0.7248872777926326227 ) ) ;
#590 = CARTESIAN_POINT ( 'NONE',  ( -183.8902233028017861, 88.87999999999998124, 9.490411956954650563 ) ) ;
#591 = ADVANCED_FACE ( 'NONE', ( #934 ), #2190, .F. ) ;
#592 = ORIENTED_EDGE ( 'NONE', *, *, #3479, .F. ) ;
#593 = CARTESIAN_POINT ( 'NONE',  ( -102.3130301131315036, 93.87999999999999545, 93.74915243284928579 ) ) ;
#594 = VECTOR ( 'NONE', #2563, 1000.000000000000114 ) ;
#595 = ORIENTED_EDGE ( 'NONE', *, *, #3320, .T. ) ;
#596 = EDGE_CURVE ( 'NONE', #871, #3685, #3149, .T. ) ;
#597 = PLANE ( 'NONE',  #2826 ) ;
#598 = ORIENTED_EDGE ( 'NONE', *, *, #3991, .T. ) ;
#599 = VECTOR ( 'NONE', #1070, 1000.000000000000000 ) ;
#600 = ORIENTED_EDGE ( 'NONE', *, *, #861, .F. ) ;
#601 = CARTESIAN_POINT ( 'NONE',  ( -268.3117575011433473, 93.87999999999999545, 8.318369645161142856 ) ) ;
#602 = CARTESIAN_POINT ( 'NONE',  ( 0.2058083609809951420, 88.87999999999998124, 7.652639097639167609 ) ) ;
#603 = EDGE_CURVE ( 'NONE', #2453, #2751, #3869, .T. ) ;
#604 = CARTESIAN_POINT ( 'NONE',  ( -194.5332803159410275, 92.87999999999999545, 9.309413196033403892 ) ) ;
#605 = AXIS2_PLACEMENT_3D ( 'NONE', #2072, #520, #3617 ) ;
#606 = LINE ( 'NONE', #642, #2922 ) ;
#607 = DIRECTION ( 'NONE',  ( 0.000000000000000000, 1.000000000000000000, 0.000000000000000000 ) ) ;
#608 = VERTEX_POINT ( 'NONE', #2287 ) ;
#609 = ORIENTED_EDGE ( 'NONE', *, *, #2839, .F. ) ;
#610 = DIRECTION ( 'NONE',  ( 0.8530756398719019362, 0.000000000000000000, -0.5217872676265156162 ) ) ;
#611 = DIRECTION ( 'NONE',  ( 0.000000000000000000, 1.000000000000000000, -0.000000000000000000 ) ) ;
#612 = CARTESIAN_POINT ( 'NONE',  ( -233.1459903762588226, 92.87999999999999545, 13.35243548219757059 ) ) ;
#613 = CARTESIAN_POINT ( 'NONE',  ( 0.2273156052835981489, 88.87999999999998124, 8.452349944409743188 ) ) ;
#614 = ORIENTED_EDGE ( 'NONE', *, *, #3517, .T. ) ;
#615 = CARTESIAN_POINT ( 'NONE',  ( -266.5886069376114733, 93.87999999999999545, 9.579359346406523201 ) ) ;
#616 = ORIENTED_EDGE ( 'NONE', *, *, #421, .F. ) ;
#617 = LINE ( 'NONE', #2537, #2516 ) ;
#618 = VERTEX_POINT ( 'NONE', #373 ) ;
#619 = AXIS2_PLACEMENT_3D ( 'NONE', #2361, #3675, #2080 ) ;
#620 = LINE ( 'NONE', #2850, #666 ) ;
#621 = DIRECTION ( 'NONE',  ( 0.9697008434041973768, 0.000000000000000000, 0.2442954651670563027 ) ) ;
#622 = DIRECTION ( 'NONE',  ( -0.000000000000000000, 1.000000000000000000, -0.000000000000000000 ) ) ;
#623 = CARTESIAN_POINT ( 'NONE',  ( -133.7537577194358960, 92.87999999999999545, 26.88888592191560178 ) ) ;
#624 = EDGE_CURVE ( 'NONE', #3406, #3885, #1083, .T. ) ;
#625 = ADVANCED_FACE ( 'NONE', ( #3829 ), #1699, .F. ) ;
#626 = DIRECTION ( 'NONE',  ( -0.000000000000000000, 1.000000000000000000, -0.000000000000000000 ) ) ;
#627 = VERTEX_POINT ( 'NONE', #2268 ) ;
#628 = ORIENTED_EDGE ( 'NONE', *, *, #928, .F. ) ;
#629 = EDGE_LOOP ( 'NONE', ( #2376, #2873, #307 ) ) ;
#630 = FACE_OUTER_BOUND ( 'NONE', #2983, .T. ) ;
#631 = CARTESIAN_POINT ( 'NONE',  ( -292.2254576542359246, 88.87999999999998124, 1.434434858990511596 ) ) ;
#632 = FACE_OUTER_BOUND ( 'NONE', #629, .T. ) ;
#633 = CARTESIAN_POINT ( 'NONE',  ( -151.9060143339743547, 88.87999999999998124, 9.644634931176618409 ) ) ;
#634 = ORIENTED_EDGE ( 'NONE', *, *, #3659, .T. ) ;
#635 = CARTESIAN_POINT ( 'NONE',  ( -271.2861602198020137, 88.87999999999998124, 2.447696926312961541 ) ) ;
#636 = ORIENTED_EDGE ( 'NONE', *, *, #4048, .F. ) ;
#637 = CARTESIAN_POINT ( 'NONE',  ( -57.94607177228484574, 92.87999999999999545, 62.78836422842088183 ) ) ;
#638 = ORIENTED_EDGE ( 'NONE', *, *, #3221, .T. ) ;
#639 = DIRECTION ( 'NONE',  ( -0.000000000000000000, 1.000000000000000000, -0.000000000000000000 ) ) ;
#640 = DIRECTION ( 'NONE',  ( -0.9996385584632172527, 0.000000000000000000, 0.02688405537825352271 ) ) ;
#641 = FACE_OUTER_BOUND ( 'NONE', #3079, .T. ) ;
#642 = CARTESIAN_POINT ( 'NONE',  ( -149.8118213194345003, 93.87999999999999545, 25.94868207460713805 ) ) ;
#643 = EDGE_CURVE ( 'NONE', #1136, #1047, #441, .T. ) ;
#644 = EDGE_CURVE ( 'NONE', #2416, #150, #1365, .T. ) ;
#645 = VECTOR ( 'NONE', #176, 1000.000000000000000 ) ;
#646 = EDGE_LOOP ( 'NONE', ( #1120, #1174, #250 ) ) ;
#647 = CARTESIAN_POINT ( 'NONE',  ( -256.2097432759642288, 92.87999999999999545, 7.207805312617992399 ) ) ;
#648 = CARTESIAN_POINT ( 'NONE',  ( -148.7718042799483555, 92.87999999999999545, 11.08556981309512501 ) ) ;
#649 = DIRECTION ( 'NONE',  ( 0.000000000000000000, 1.000000000000000000, 0.000000000000000000 ) ) ;
#650 = LINE ( 'NONE', #1567, #573 ) ;
#651 = AXIS2_PLACEMENT_3D ( 'NONE', #2441, #2686, #2708 ) ;
#652 = ADVANCED_FACE ( 'NONE', ( #2030 ), #3810, .T. ) ;
#653 = ORIENTED_EDGE ( 'NONE', *, *, #3412, .F. ) ;
#654 = CARTESIAN_POINT ( 'NONE',  ( -276.9279722779359645, 93.87999999999999545, 2.022114237992950869 ) ) ;
#655 = CARTESIAN_POINT ( 'NONE',  ( -235.2482142749483387, 93.47999999999998977, 12.91218124333276407 ) ) ;
#656 = EDGE_CURVE ( 'NONE', #1545, #79, #762, .T. ) ;
#657 = ORIENTED_EDGE ( 'NONE', *, *, #1855, .F. ) ;
#658 = CARTESIAN_POINT ( 'NONE',  ( -164.7943195962287746, 92.87999999999999545, 9.631744620679029367 ) ) ;
#659 = CARTESIAN_POINT ( 'NONE',  ( -190.0016062456336954, 93.87999999999999545, 21.15314922935498387 ) ) ;
#660 = CARTESIAN_POINT ( 'NONE',  ( -244.8321065422305196, 92.87999999999999545, 7.777216704173523176 ) ) ;
#661 = CARTESIAN_POINT ( 'NONE',  ( -192.5000000004401102, 88.87999999999998124, 19.27593237100209933 ) ) ;
#662 = VECTOR ( 'NONE', #122, 1000.000000000000114 ) ;
#663 = VECTOR ( 'NONE', #1321, 1000.000000000000000 ) ;
#664 = VERTEX_POINT ( 'NONE', #1952 ) ;
#665 = LINE ( 'NONE', #3855, #407 ) ;
#666 = VECTOR ( 'NONE', #639, 1000.000000000000000 ) ;
#667 = CARTESIAN_POINT ( 'NONE',  ( -255.0873318177361284, 93.47999999999998977, 7.269166106228228230 ) ) ;
#668 = CARTESIAN_POINT ( 'NONE',  ( -233.9222184832874234, 92.87999999999999545, 13.19005079517899048 ) ) ;
#669 = VERTEX_POINT ( 'NONE', #3205 ) ;
#670 = CARTESIAN_POINT ( 'NONE',  ( -282.4215676321812794, 88.87999999999998124, 1.563290642044331102 ) ) ;
#671 = ORIENTED_EDGE ( 'NONE', *, *, #2214, .F. ) ;
#672 = DIRECTION ( 'NONE',  ( 0.000000000000000000, 1.000000000000000000, 0.000000000000000000 ) ) ;
#673 = ORIENTED_EDGE ( 'NONE', *, *, #3251, .F. ) ;
#674 = VERTEX_POINT ( 'NONE', #3243 ) ;
#675 = CARTESIAN_POINT ( 'NONE',  ( -114.4461369841751406, 93.87999999999999545, 8.572950441632396945 ) ) ;
#676 = CARTESIAN_POINT ( 'NONE',  ( -190.7528261741830136, 88.87999999999998124, 21.03932599842010021 ) ) ;
#677 = DIRECTION ( 'NONE',  ( 0.6888675014067484614, 0.000000000000000000, 0.7248872777926396171 ) ) ;
#678 = EDGE_CURVE ( 'NONE', #2496, #2306, #3933, .T. ) ;
#679 = AXIS2_PLACEMENT_3D ( 'NONE', #3111, #3094, #4080 ) ;
#680 =( BOUNDED_CURVE ( )  B_SPLINE_CURVE ( 3, ( #3274, #778, #802, #1352 ),
 .UNSPECIFIED., .F., .F. ) 
 B_SPLINE_CURVE_WITH_KNOTS ( ( 4, 4 ),
 ( 1.879331243436174637, 2.689789384820443718 ),
 .UNSPECIFIED. ) 
 CURVE ( )  GEOMETRIC_REPRESENTATION_ITEM ( )  RATIONAL_B_SPLINE_CURVE ( ( 1.000000000000000000, 0.9460080766014709042, 0.9460080766014709042, 1.000000000000000000 ) ) 
 REPRESENTATION_ITEM ( '' )  );
#681 = CYLINDRICAL_SURFACE ( 'NONE', #953, 0.6007478931679237633 ) ;
#682 = DIRECTION ( 'NONE',  ( 0.6888675014067480173, 0.000000000000000000, 0.7248872777926399502 ) ) ;
#683 = EDGE_CURVE ( 'NONE', #845, #3682, #2616, .T. ) ;
#684 = DIRECTION ( 'NONE',  ( 0.000000000000000000, 0.000000000000000000, -1.000000000000000000 ) ) ;
#685 = DIRECTION ( 'NONE',  ( -0.000000000000000000, 1.000000000000000000, -0.000000000000000000 ) ) ;
#686 = CARTESIAN_POINT ( 'NONE',  ( -221.7787467680724660, 92.87999999999999545, 15.64372520361560781 ) ) ;
#687 = CARTESIAN_POINT ( 'NONE',  ( -128.2212190931163320, 93.87999999999999545, 27.11826623485155707 ) ) ;
#688 = CARTESIAN_POINT ( 'NONE',  ( -290.3163669967383385, 88.87999999999998124, 0.8276152839418778884 ) ) ;
#689 = ORIENTED_EDGE ( 'NONE', *, *, #4089, .T. ) ;
#690 = DIRECTION ( 'NONE',  ( 0.6888675014067503488, 0.000000000000000000, 0.7248872777926378408 ) ) ;
#691 = ORIENTED_EDGE ( 'NONE', *, *, #71, .F. ) ;
#692 = ORIENTED_EDGE ( 'NONE', *, *, #484, .F. ) ;
#693 = CARTESIAN_POINT ( 'NONE',  ( -113.0233135672802405, 88.87999999999998124, 27.31498970425845485 ) ) ;
#694 = CARTESIAN_POINT ( 'NONE',  ( -225.0224362187566953, 88.87999999999998124, 15.05154234427599036 ) ) ;
#695 = ORIENTED_EDGE ( 'NONE', *, *, #1300, .T. ) ;
#696 = VECTOR ( 'NONE', #1448, 1000.000000000000000 ) ;
#697 = EDGE_CURVE ( 'NONE', #3218, #2031, #3181, .T. ) ;
#698 = CARTESIAN_POINT ( 'NONE',  ( -295.2192840322443317, 88.87999999999998124, 1.574556936932534956 ) ) ;
#699 = CARTESIAN_POINT ( 'NONE',  ( -260.8576000463047535, 93.48000000000000398, 7.086686038644348429 ) ) ;
#700 = CARTESIAN_POINT ( 'NONE',  ( -113.8284090695293997, 93.87999999999999545, 28.12009005537213113 ) ) ;
#701 = CARTESIAN_POINT ( 'NONE',  ( -205.0226850628186241, 92.87999999999999545, 18.72112452208074274 ) ) ;
#702 = CARTESIAN_POINT ( 'NONE',  ( -164.2408507512882636, 93.87999999999999545, 24.50836570411208726 ) ) ;
#703 = ADVANCED_FACE ( 'NONE', ( #2593 ), #1060, .T. ) ;
#704 = CARTESIAN_POINT ( 'NONE',  ( -228.6383456797400697, 92.87999999999999545, 8.415405281992565989 ) ) ;
#705 = CARTESIAN_POINT ( 'NONE',  ( -183.0782561714916312, 93.87999999999999545, 9.495039263358659554 ) ) ;
#706 = CARTESIAN_POINT ( 'NONE',  ( -117.3872845654308179, 88.87999999999998124, 27.32359723883181246 ) ) ;
#707 = VERTEX_POINT ( 'NONE', #1146 ) ;
#708 = CIRCLE ( 'NONE', #3029, 0.6007478931679237633 ) ;
#709 = CARTESIAN_POINT ( 'NONE',  ( -260.8337779111555506, 88.87999999999998124, 6.940564282655047990 ) ) ;
#710 = VECTOR ( 'NONE', #1768, 1000.000000000000000 ) ;
#711 = ORIENTED_EDGE ( 'NONE', *, *, #2745, .F. ) ;
#712 = EDGE_CURVE ( 'NONE', #3689, #1657, #1236, .T. ) ;
#713 = DIRECTION ( 'NONE',  ( 0.000000000000000000, 0.000000000000000000, 1.000000000000000000 ) ) ;
#714 = VERTEX_POINT ( 'NONE', #2706 ) ;
#715 = LINE ( 'NONE', #3241, #1932 ) ;
#716 = LINE ( 'NONE', #1364, #1784 ) ;
#717 = CARTESIAN_POINT ( 'NONE',  ( -248.2263911974834230, 92.87999999999999545, 10.06564403484840398 ) ) ;
#718 = ADVANCED_FACE ( 'NONE', ( #2074 ), #1719, .T. ) ;
#719 = EDGE_LOOP ( 'NONE', ( #61, #1748, #3914, #695 ) ) ;
#720 = EDGE_CURVE ( 'NONE', #2330, #1611, #177, .T. ) ;
#721 = CARTESIAN_POINT ( 'NONE',  ( -190.0016062546593503, 92.87999999999999545, 21.15314922799253594 ) ) ;
#722 = CARTESIAN_POINT ( 'NONE',  ( -287.7366072068987251, 88.87999999999998124, 1.077373546304498220 ) ) ;
#723 = B_SPLINE_SURFACE_WITH_KNOTS ( 'NONE', 3, 1, ( 
 ( #1676, #356 ),
 ( #83, #2555 ),
 ( #1343, #1633 ),
 ( #1616, #1363 ),
 ( #393, #2902 ),
 ( #2881, #2614 ),
 ( #128, #3204 ),
 ( #2866, #63 ),
 ( #3265, #438 ),
 ( #1697, #3868 ),
 ( #2949, #1384 ),
 ( #2637, #3909 ),
 ( #1081, #372 ),
 ( #2571, #2285 ) ),
 .UNSPECIFIED., .F., .F., .F.,
 ( 4, 1, 1, 1, 1, 1, 1, 1, 1, 1, 1, 4 ),
 ( 2, 2 ),
 ( 0.000000000000000000, 0.005151917329155542014, 0.02000869073511346574, 0.04061636005171187502, 0.06122402936831028430, 0.1024393680015069918, 0.1436547066347036994, 0.1848700452679005179, 0.2054777145844989272, 0.2260853839010973365, 0.2338268493149209259, 0.2364028079794794346 ),
 ( 0.000000000000000000, 1.000000000000000000 ),
 .UNSPECIFIED. ) ;
#724 = ADVANCED_FACE ( 'NONE', ( #792 ), #1860, .F. ) ;
#725 = DIRECTION ( 'NONE',  ( 0.7248872777926399502, 0.000000000000000000, -0.6888675014067480173 ) ) ;
#726 = CARTESIAN_POINT ( 'NONE',  ( -233.2191333188851843, 92.87999999999999545, 12.76857277731329532 ) ) ;
#727 = AXIS2_PLACEMENT_3D ( 'NONE', #843, #3382, #3012 ) ;
#728 = CARTESIAN_POINT ( 'NONE',  ( -255.8870986851619023, 92.87999999999999545, 7.681003567253950948 ) ) ;
#729 = CYLINDRICAL_SURFACE ( 'NONE', #3312, 0.6010667131491793658 ) ;
#730 = CARTESIAN_POINT ( 'NONE',  ( -267.1688184859921762, 88.87999999999998124, 8.607714735570468179 ) ) ;
#731 = CARTESIAN_POINT ( 'NONE',  ( -123.0048530695428184, 93.47999999999998977, 129.1603298418975783 ) ) ;
#732 =( NAMED_UNIT ( * ) SI_UNIT ( $, .STERADIAN. ) SOLID_ANGLE_UNIT ( ) );
#733 = VECTOR ( 'NONE', #2602, 1000.000000000000000 ) ;
#734 = ORIENTED_EDGE ( 'NONE', *, *, #2147, .T. ) ;
#735 = ADVANCED_FACE ( 'NONE', ( #2799 ), #2490, .F. ) ;
#736 = CIRCLE ( 'NONE', #1995, 0.6007478931679237633 ) ;
#737 = PLANE ( 'NONE',  #2245 ) ;
#738 = ORIENTED_EDGE ( 'NONE', *, *, #2397, .F. ) ;
#739 = CARTESIAN_POINT ( 'NONE',  ( -185.9315778033651725, 88.87999999999998124, 18.58588332090531381 ) ) ;
#740 = B_SPLINE_CURVE_WITH_KNOTS ( 'NONE', 3,
 ( #1010, #992, #106, #417, #3510, #3828, #1305, #2007, #1032, #3887, #3846, #2267, #3574, #1655, #1058, #3491 ),
 .UNSPECIFIED., .F., .F.,
 ( 4, 1, 1, 1, 1, 1, 1, 1, 1, 1, 1, 1, 1, 4 ),
 ( 0.03891155862395586501, 0.04061555485876838789, 0.04231955109357731643, 0.05452787951388714249, 0.06815984939235858464, 0.08179181927083004067, 0.1090557590277729250, 0.1363196987847158093, 0.1499516686631872653, 0.1635836385416586936, 0.1772156084201301496, 0.1908475782986016056, 0.1928611597997472449, 0.1945651560345575404 ),
 .UNSPECIFIED. ) ;
#741 = EDGE_CURVE ( 'NONE', #517, #1563, #2157, .T. ) ;
#742 = VERTEX_POINT ( 'NONE', #222 ) ;
#743 = ORIENTED_EDGE ( 'NONE', *, *, #3767, .F. ) ;
#744 = LINE ( 'NONE', #1951, #663 ) ;
#745 = CARTESIAN_POINT ( 'NONE',  ( -218.7857932327148944, 93.47999999999997556, 8.733099515158212256 ) ) ;
#746 = CARTESIAN_POINT ( 'NONE',  ( -185.9315778033651441, 88.87999999999998124, 18.58588332090532091 ) ) ;
#747 = ORIENTED_EDGE ( 'NONE', *, *, #2315, .F. ) ;
#748 = CYLINDRICAL_SURFACE ( 'NONE', #3294, 0.3999999999999863110 ) ;
#749 = CARTESIAN_POINT ( 'NONE',  ( -225.0224362187566953, 93.48000000000000398, 15.05154234427599036 ) ) ;
#750 = CARTESIAN_POINT ( 'NONE',  ( -92.49999999999820943, 88.87999999999998124, 16.74722354252501688 ) ) ;
#751 = B_SPLINE_CURVE_WITH_KNOTS ( 'NONE', 3,
 ( #74, #142, #2582, #3586 ),
 .UNSPECIFIED., .F., .F.,
 ( 4, 4 ),
 ( 0.1386002152235729090, 0.1402734871942026285 ),
 .UNSPECIFIED. ) ;
#752 = CARTESIAN_POINT ( 'NONE',  ( -265.7189512413806938, 88.87999999999998124, 5.831332410554418644 ) ) ;
#753 = ADVANCED_FACE ( 'NONE', ( #3975, #2684, #2998, #1124, #2401, #2176, #3443, #3118, #3952, #3669, #289, #3020, #154, #1548, #1407 ), #2379, .F. ) ;
#754 = LINE ( 'NONE', #3563, #733 ) ;
#755 = VECTOR ( 'NONE', #1873, 1000.000000000000000 ) ;
#756 = LINE ( 'NONE', #1045, #1977 ) ;
#757 =( LENGTH_UNIT ( ) NAMED_UNIT ( * ) SI_UNIT ( .MILLI., .METRE. ) );
#758 = EDGE_LOOP ( 'NONE', ( #1554, #2685, #185, #80 ) ) ;
#759 = AXIS2_PLACEMENT_3D ( 'NONE', #3760, #903, #1766 ) ;
#760 = CARTESIAN_POINT ( 'NONE',  ( -80.42685347601847923, 92.87999999999999545, -84.63224460233963953 ) ) ;
#761 = ORIENTED_EDGE ( 'NONE', *, *, #3316, .T. ) ;
#762 = B_SPLINE_CURVE_WITH_KNOTS ( 'NONE', 3,
 ( #1306, #130, #993, #108, #2639, #1989, #2572, #2249, #3511 ),
 .UNSPECIFIED., .F., .F.,
 ( 4, 1, 1, 1, 1, 1, 4 ),
 ( 0.9389019328317700364, 0.9448400810633528213, 0.9507782292949357172, 0.9626545257581013981, 0.9745308222212671900, 0.9804689704528499750, 0.9864071186844328709 ),
 .UNSPECIFIED. ) ;
#763 = CARTESIAN_POINT ( 'NONE',  ( -92.49999999999820943, 88.87999999999998124, 16.74722354252501688 ) ) ;
#764 = ORIENTED_EDGE ( 'NONE', *, *, #70, .F. ) ;
#765 = ORIENTED_EDGE ( 'NONE', *, *, #16, .F. ) ;
#766 = CARTESIAN_POINT ( 'NONE',  ( -113.0233135672802405, 88.87999999999998124, 27.31498970425845485 ) ) ;
#767 = LINE ( 'NONE', #2438, #2108 ) ;
#768 = DIRECTION ( 'NONE',  ( 0.000000000000000000, 1.000000000000000000, 0.000000000000000000 ) ) ;
#769 = ORIENTED_EDGE ( 'NONE', *, *, #2120, .F. ) ;
#770 = ORIENTED_EDGE ( 'NONE', *, *, #1325, .F. ) ;
#771 = CARTESIAN_POINT ( 'NONE',  ( -132.5334251630776805, 92.87999999999999545, 125.9478159459217181 ) ) ;
#772 = EDGE_CURVE ( 'NONE', #2566, #2697, #2978, .T. ) ;
#773 = CARTESIAN_POINT ( 'NONE',  ( -130.8533786264969194, 88.87999999999998124, 27.04426762654682648 ) ) ;
#774 = PLANE ( 'NONE',  #2452 ) ;
#775 = ORIENTED_EDGE ( 'NONE', *, *, #3174, .F. ) ;
#776 = CARTESIAN_POINT ( 'NONE',  ( -133.1568151895789356, 92.87999999999999545, 9.266055488606522061 ) ) ;
#777 = AXIS2_PLACEMENT_3D ( 'NONE', #516, #497, #173 ) ;
#778 = CARTESIAN_POINT ( 'NONE',  ( -188.4128544194609844, 92.87999999999999545, 19.10625565341864629 ) ) ;
#779 = CARTESIAN_POINT ( 'NONE',  ( -268.3117575011433473, 93.87999999999999545, 8.318369645161142856 ) ) ;
#780 = EDGE_CURVE ( 'NONE', #2276, #941, #3506, .T. ) ;
#781 = ORIENTED_EDGE ( 'NONE', *, *, #1874, .F. ) ;
#782 = CARTESIAN_POINT ( 'NONE',  ( -259.4640068570307108, 93.87999999999999545, 8.261595196954861109 ) ) ;
#783 = EDGE_CURVE ( 'NONE', #3390, #2237, #3996, .T. ) ;
#784 = LINE ( 'NONE', #1426, #514 ) ;
#785 = ORIENTED_EDGE ( 'NONE', *, *, #2975, .F. ) ;
#786 = ORIENTED_EDGE ( 'NONE', *, *, #2084, .F. ) ;
#787 = VECTOR ( 'NONE', #3619, 1000.000000000000000 ) ;
#788 = ORIENTED_EDGE ( 'NONE', *, *, #901, .F. ) ;
#789 = EDGE_LOOP ( 'NONE', ( #436, #3665, #2173, #559 ) ) ;
#790 = LINE ( 'NONE', #2049, #2904 ) ;
#791 = DIRECTION ( 'NONE',  ( -0.02688405537825763400, 0.000000000000000000, -0.9996385584632171417 ) ) ;
#792 = FACE_OUTER_BOUND ( 'NONE', #3445, .T. ) ;
#793 = ORIENTED_EDGE ( 'NONE', *, *, #3049, .F. ) ;
#794 = EDGE_LOOP ( 'NONE', ( #3949, #453, #3387, #1810 ) ) ;
#795 = DIRECTION ( 'NONE',  ( -0.7248872777926391731, 0.000000000000000000, 0.6888675014067489055 ) ) ;
#796 = ADVANCED_FACE ( 'NONE', ( #1166 ), #2051, .T. ) ;
#797 = CARTESIAN_POINT ( 'NONE',  ( -149.3391113037709772, 92.87999999999999545, 25.90982806079617973 ) ) ;
#798 = DIRECTION ( 'NONE',  ( 0.000000000000000000, 1.000000000000000000, 0.000000000000000000 ) ) ;
#799 = CARTESIAN_POINT ( 'NONE',  ( -257.8976825154149424, 93.47999999999998977, 7.804466760825788718 ) ) ;
#800 = EDGE_LOOP ( 'NONE', ( #1626, #4085, #3280, #2242 ) ) ;
#801 = CARTESIAN_POINT ( 'NONE',  ( -287.8070055320702068, 88.87999999999998124, 3.847726476973042598 ) ) ;
#802 = CARTESIAN_POINT ( 'NONE',  ( -189.4337462957782350, 92.87999999999999545, 20.36807104123557011 ) ) ;
#803 = CARTESIAN_POINT ( 'NONE',  ( -178.1952668448776933, 92.87999999999999545, 22.75369838660252952 ) ) ;
#804 = LINE ( 'NONE', #731, #60 ) ;
#805 = ORIENTED_EDGE ( 'NONE', *, *, #1830, .F. ) ;
#806 = CARTESIAN_POINT ( 'NONE',  ( -250.7667120139445274, 93.87999999999999545, 10.33830807117599448 ) ) ;
#807 = DIRECTION ( 'NONE',  ( -0.7248872777926330668, 0.000000000000000000, 0.6888675014067552338 ) ) ;
#808 = VERTEX_POINT ( 'NONE', #3141 ) ;
#809 = CIRCLE ( 'NONE', #282, 9.800000000001221068 ) ;
#810 = ORIENTED_EDGE ( 'NONE', *, *, #3580, .F. ) ;
#811 = ADVANCED_FACE ( 'NONE', ( #632 ), #2817, .F. ) ;
#812 = ORIENTED_EDGE ( 'NONE', *, *, #2186, .F. ) ;
#813 = DIRECTION ( 'NONE',  ( 0.000000000000000000, 0.000000000000000000, 1.000000000000000000 ) ) ;
#814 = LINE ( 'NONE', #1454, #645 ) ;
#815 = CARTESIAN_POINT ( 'NONE',  ( -245.2527964942030678, 92.87999999999999545, 7.758224667485085213 ) ) ;
#816 = ORIENTED_EDGE ( 'NONE', *, *, #3797, .F. ) ;
#817 = DIRECTION ( 'NONE',  ( 0.000000000000000000, 1.000000000000000000, 0.000000000000000000 ) ) ;
#818 = CARTESIAN_POINT ( 'NONE',  ( -251.4243920417408162, 92.87999999999999545, 7.965703907404517281 ) ) ;
#819 = LINE ( 'NONE', #3709, #3912 ) ;
#820 = DIRECTION ( 'NONE',  ( 0.000000000000000000, 0.000000000000000000, -1.000000000000000000 ) ) ;
#821 = ORIENTED_EDGE ( 'NONE', *, *, #1688, .T. ) ;
#822 = CARTESIAN_POINT ( 'NONE',  ( -285.2692632531440609, 88.87999999999998124, 4.587123813238138226 ) ) ;
#823 = FACE_OUTER_BOUND ( 'NONE', #3726, .T. ) ;
#824 = DIRECTION ( 'NONE',  ( -0.7372897795734375537, 0.000000000000000000, 0.6755766284712281244 ) ) ;
#825 = CARTESIAN_POINT ( 'NONE',  ( -246.0930087101614845, 92.87999999999999545, 7.719654219035418485 ) ) ;
#826 = CARTESIAN_POINT ( 'NONE',  ( -247.5948149815329487, 93.47999999999998977, 7.661474984079974959 ) ) ;
#827 = ORIENTED_EDGE ( 'NONE', *, *, #2364, .T. ) ;
#828 = ORIENTED_EDGE ( 'NONE', *, *, #47, .F. ) ;
#829 = ORIENTED_EDGE ( 'NONE', *, *, #2611, .T. ) ;
#830 = CARTESIAN_POINT ( 'NONE',  ( -99.99778022952409628, 92.87999999999999545, 23.97971956385087111 ) ) ;
#831 = LINE ( 'NONE', #221, #4084 ) ;
#832 = CARTESIAN_POINT ( 'NONE',  ( -244.8321065422305196, 92.87999999999999545, 7.777216704173523176 ) ) ;
#833 = ORIENTED_EDGE ( 'NONE', *, *, #121, .T. ) ;
#834 = DIRECTION ( 'NONE',  ( 0.000000000000000000, 1.000000000000000000, 0.000000000000000000 ) ) ;
#835 = CARTESIAN_POINT ( 'NONE',  ( -152.7139117670832320, 88.87999999999998124, 25.70190672669911436 ) ) ;
#836 = DIRECTION ( 'NONE',  ( 0.7248872777926330668, 0.000000000000000000, -0.6888675014067552338 ) ) ;
#837 = DIRECTION ( 'NONE',  ( 0.000000000000000000, 1.000000000000000000, 0.000000000000000000 ) ) ;
#838 = EDGE_CURVE ( 'NONE', #1744, #1844, #3769, .T. ) ;
#839 = CARTESIAN_POINT ( 'NONE',  ( -112.8759871213101178, 93.87999999999999545, 3.035661502869943629 ) ) ;
#840 = CARTESIAN_POINT ( 'NONE',  ( -293.2676002059569100, 88.87999999999998124, 1.330312713633649668 ) ) ;
#841 = ORIENTED_EDGE ( 'NONE', *, *, #1800, .F. ) ;
#842 = EDGE_CURVE ( 'NONE', #3367, #2849, #3483, .T. ) ;
#843 = CARTESIAN_POINT ( 'NONE',  ( -192.5000000004401102, 88.87999999999998124, 15.15093237100210288 ) ) ;
#844 = CARTESIAN_POINT ( 'NONE',  ( -260.7629341020902984, 88.87999999999998124, 6.944829825282437419 ) ) ;
#845 = VERTEX_POINT ( 'NONE', #2200 ) ;
#846 = VERTEX_POINT ( 'NONE', #1962 ) ;
#847 = CARTESIAN_POINT ( 'NONE',  ( -205.0226850540049384, 93.47999999999998977, 18.72112452208074629 ) ) ;
#848 = CARTESIAN_POINT ( 'NONE',  ( -57.94607177228484574, 93.87999999999999545, 62.78836422842088183 ) ) ;
#849 = EDGE_CURVE ( 'NONE', #1311, #1408, #1610, .T. ) ;
#850 = ORIENTED_EDGE ( 'NONE', *, *, #2596, .F. ) ;
#851 = CARTESIAN_POINT ( 'NONE',  ( -190.0016062456336954, 93.87999999999999545, 21.15314922935498387 ) ) ;
#852 = VECTOR ( 'NONE', #1223, 1000.000000000000114 ) ;
#853 = ORIENTED_EDGE ( 'NONE', *, *, #475, .F. ) ;
#854 = CARTESIAN_POINT ( 'NONE',  ( -194.3434337935484280, 88.87999999999998124, 9.312927148811791511 ) ) ;
#855 = CARTESIAN_POINT ( 'NONE',  ( -32.54741776726640268, 93.47999999999998977, -81.50514457746611185 ) ) ;
#856 = CARTESIAN_POINT ( 'NONE',  ( -190.1890343106762202, 88.87999999999998124, 9.385866078298587212 ) ) ;
#857 = VECTOR ( 'NONE', #817, 1000.000000000000000 ) ;
#858 = FACE_OUTER_BOUND ( 'NONE', #392, .T. ) ;
#859 = ADVANCED_FACE ( 'NONE', ( #38 ), #2240, .F. ) ;
#860 = CARTESIAN_POINT ( 'NONE',  ( -204.3486025323560966, 93.47999999999998977, 18.26912735972595314 ) ) ;
#861 = EDGE_CURVE ( 'NONE', #3886, #2566, #1880, .T. ) ;
#862 = EDGE_LOOP ( 'NONE', ( #2324, #2443, #2919, #2993 ) ) ;
#863 = LINE ( 'NONE', #3340, #342 ) ;
#864 = CARTESIAN_POINT ( 'NONE',  ( -247.5948149815329487, 88.87999999999998124, 7.661474984079974959 ) ) ;
#865 = ORIENTED_EDGE ( 'NONE', *, *, #2575, .F. ) ;
#866 = ORIENTED_EDGE ( 'NONE', *, *, #1736, .F. ) ;
#867 = EDGE_CURVE ( 'NONE', #3036, #1136, #330, .T. ) ;
#868 = ORIENTED_EDGE ( 'NONE', *, *, #3011, .F. ) ;
#869 = CIRCLE ( 'NONE', #1928, 9.800000000001221068 ) ;
#870 = DIRECTION ( 'NONE',  ( 0.000000000000000000, 1.000000000000000000, 0.000000000000000000 ) ) ;
#871 = VERTEX_POINT ( 'NONE', #3858 ) ;
#872 = VECTOR ( 'NONE', #3345, 1000.000000000000000 ) ;
#873 = PLANE ( 'NONE',  #2960 ) ;
#874 = EDGE_CURVE ( 'NONE', #2104, #3551, #1897, .T. ) ;
#875 = ORIENTED_EDGE ( 'NONE', *, *, #3718, .F. ) ;
#876 = VECTOR ( 'NONE', #3095, 1000.000000000000114 ) ;
#877 = CARTESIAN_POINT ( 'NONE',  ( -219.6165091063904526, 88.87999999999998124, 16.96789906232488221 ) ) ;
#878 = FACE_OUTER_BOUND ( 'NONE', #1653, .T. ) ;
#879 = CARTESIAN_POINT ( 'NONE',  ( -282.6978133708465180, 93.87999999999999545, 5.318962716709653371 ) ) ;
#880 = DIRECTION ( 'NONE',  ( -0.000000000000000000, 1.000000000000000000, -0.000000000000000000 ) ) ;
#881 = CARTESIAN_POINT ( 'NONE',  ( -280.3490536555156041, 93.87999999999999545, 2.537585519907809672 ) ) ;
#882 = EDGE_CURVE ( 'NONE', #1535, #3490, #2583, .T. ) ;
#883 = ORIENTED_EDGE ( 'NONE', *, *, #1217, .F. ) ;
#884 = VECTOR ( 'NONE', #2167, 1000.000000000000000 ) ;
#885 = DIRECTION ( 'NONE',  ( 0.000000000000000000, 1.000000000000000000, 0.000000000000000000 ) ) ;
#886 = PLANE ( 'NONE',  #1301 ) ;
#887 = ORIENTED_EDGE ( 'NONE', *, *, #882, .F. ) ;
#888 = ORIENTED_EDGE ( 'NONE', *, *, #1214, .T. ) ;
#889 = CARTESIAN_POINT ( 'NONE',  ( -49.20153583355309479, 93.87999999999999545, -51.77420520022768358 ) ) ;
#890 = ORIENTED_EDGE ( 'NONE', *, *, #2421, .T. ) ;
#891 = DIRECTION ( 'NONE',  ( 0.8530756398719007150, 0.000000000000000000, -0.5217872676265177256 ) ) ;
#892 = ORIENTED_EDGE ( 'NONE', *, *, #1909, .T. ) ;
#893 = CARTESIAN_POINT ( 'NONE',  ( -148.6125551966285059, 92.87999999999999545, 25.91327914437588475 ) ) ;
#894 = CARTESIAN_POINT ( 'NONE',  ( -249.5323828144506138, 93.47999999999998977, 9.767544436101852412 ) ) ;
#895 = LINE ( 'NONE', #2502, #2234 ) ;
#896 = FACE_OUTER_BOUND ( 'NONE', #1409, .T. ) ;
#897 = DIRECTION ( 'NONE',  ( 0.000000000000000000, 1.000000000000000000, 0.000000000000000000 ) ) ;
#898 = VECTOR ( 'NONE', #68, 1000.000000000000000 ) ;
#899 = ADVANCED_FACE ( 'NONE', ( #1939 ), #3837, .F. ) ;
#900 = VERTEX_POINT ( 'NONE', #3198 ) ;
#901 = EDGE_CURVE ( 'NONE', #2970, #412, #367, .T. ) ;
#902 = CARTESIAN_POINT ( 'NONE',  ( -259.4108628572503221, 88.87999999999998124, 7.026082581630050505 ) ) ;
#903 = DIRECTION ( 'NONE',  ( 0.9697008434041117786, 0.000000000000000000, 0.2442954651673956978 ) ) ;
#904 = CARTESIAN_POINT ( 'NONE',  ( -116.6994142980007751, 88.87999999999998124, 8.683379740353986520 ) ) ;
#905 = B_SPLINE_CURVE_WITH_KNOTS ( 'NONE', 3,
 ( #4045, #3967, #1490, #2739, #1779 ),
 .UNSPECIFIED., .F., .F.,
 ( 4, 1, 4 ),
 ( 0.1265145920008332037, 0.1356275895091633710, 0.1386002152245789931 ),
 .UNSPECIFIED. ) ;
#906 = VERTEX_POINT ( 'NONE', #383 ) ;
#907 = EDGE_CURVE ( 'NONE', #627, #1767, #3178, .T. ) ;
#908 = CARTESIAN_POINT ( 'NONE',  ( -113.0233135672802405, 93.87999999999999545, 27.31498970425845485 ) ) ;
#909 = ORIENTED_EDGE ( 'NONE', *, *, #3992, .T. ) ;
#910 = CARTESIAN_POINT ( 'NONE',  ( 0.000000000000000000, 93.47999999999998977, 0.000000000000000000 ) ) ;
#911 = ORIENTED_EDGE ( 'NONE', *, *, #1736, .T. ) ;
#912 = LINE ( 'NONE', #893, #190 ) ;
#913 = CARTESIAN_POINT ( 'NONE',  ( -83.70945874280815246, 93.87999999999999545, 79.54992100822235557 ) ) ;
#914 = EDGE_CURVE ( 'NONE', #3551, #1408, #1646, .T. ) ;
#915 = LINE ( 'NONE', #660, #2437 ) ;
#916 = LINE ( 'NONE', #959, #755 ) ;
#917 = VECTOR ( 'NONE', #576, 1000.000000000000000 ) ;
#918 = CARTESIAN_POINT ( 'NONE',  ( -192.5000000004401102, 88.87999999999998124, 15.15093237100210288 ) ) ;
#919 = VECTOR ( 'NONE', #3899, 1000.000000000000000 ) ;
#920 = EDGE_LOOP ( 'NONE', ( #1998, #3403, #2717, #254 ) ) ;
#921 = LINE ( 'NONE', #3783, #1398 ) ;
#922 = FACE_OUTER_BOUND ( 'NONE', #2703, .T. ) ;
#923 = CARTESIAN_POINT ( 'NONE',  ( -150.2687402496501363, 92.87999999999999545, 9.575102033794831158 ) ) ;
#924 = FACE_OUTER_BOUND ( 'NONE', #209, .T. ) ;
#925 = ORIENTED_EDGE ( 'NONE', *, *, #882, .T. ) ;
#926 = CARTESIAN_POINT ( 'NONE',  ( -274.1238790086394488, 88.87999999999998124, 2.239275516315263115 ) ) ;
#927 = ORIENTED_EDGE ( 'NONE', *, *, #2623, .F. ) ;
#928 = EDGE_CURVE ( 'NONE', #2305, #3913, #2221, .T. ) ;
#929 = LINE ( 'NONE', #1514, #3840 ) ;
#930 = EDGE_CURVE ( 'NONE', #503, #608, #1922, .T. ) ;
#931 = VECTOR ( 'NONE', #329, 999.9999999999998863 ) ;
#932 = ORIENTED_EDGE ( 'NONE', *, *, #1428, .F. ) ;
#933 = DIRECTION ( 'NONE',  ( 0.9996385584632172527, 0.000000000000000000, -0.02688405537825352271 ) ) ;
#934 = FACE_OUTER_BOUND ( 'NONE', #1147, .T. ) ;
#935 = AXIS2_PLACEMENT_3D ( 'NONE', #3196, #3497, #52 ) ;
#936 = CARTESIAN_POINT ( 'NONE',  ( -133.5305144212685775, 93.87999999999999545, 25.38181269808915630 ) ) ;
#937 = VECTOR ( 'NONE', #3313, 1000.000000000000000 ) ;
#938 = CARTESIAN_POINT ( 'NONE',  ( -114.4461369841751406, 92.87999999999999545, 8.572950441632396945 ) ) ;
#939 = CARTESIAN_POINT ( 'NONE',  ( -231.7250680968398342, 93.48000000000000398, 8.309185957897845753 ) ) ;
#940 = B_SPLINE_CURVE_WITH_KNOTS ( 'NONE', 3,
 ( #448, #3632, #1732, #704 ),
 .UNSPECIFIED., .F., .F.,
 ( 4, 4 ),
 ( 0.8767451746816578018, 0.8785003871908227957 ),
 .UNSPECIFIED. ) ;
#941 = VERTEX_POINT ( 'NONE', #348 ) ;
#942 = ORIENTED_EDGE ( 'NONE', *, *, #1185, .F. ) ;
#943 = DIRECTION ( 'NONE',  ( 0.000000000000000000, 1.000000000000000000, 0.000000000000000000 ) ) ;
#944 = MANIFOLD_SOLID_BREP ( 'Boss-Extrude28', #2588 ) ;
#945 = DIRECTION ( 'NONE',  ( 0.6888675014067517921, 0.000000000000000000, 0.7248872777926362865 ) ) ;
#946 = CARTESIAN_POINT ( 'NONE',  ( -232.7573189821663959, 92.87999999999999545, 13.43332594171979544 ) ) ;
#947 = DIRECTION ( 'NONE',  ( -0.9996385584632127008, 0.000000000000000000, 0.02688405537842415011 ) ) ;
#948 = VERTEX_POINT ( 'NONE', #1046 ) ;
#949 = CARTESIAN_POINT ( 'NONE',  ( -257.6570793527035335, 92.87999999999999545, 7.526381928219097794 ) ) ;
#950 = VERTEX_POINT ( 'NONE', #2963 ) ;
#951 = CARTESIAN_POINT ( 'NONE',  ( -132.7570495598771174, 92.87999999999999545, 9.255214942794435018 ) ) ;
#952 = ORIENTED_EDGE ( 'NONE', *, *, #3279, .T. ) ;
#953 = AXIS2_PLACEMENT_3D ( 'NONE', #1638, #3873, #3207 ) ;
#954 = DIRECTION ( 'NONE',  ( 0.000000000000000000, 1.000000000000000000, 0.000000000000000000 ) ) ;
#955 = CARTESIAN_POINT ( 'NONE',  ( -233.2191333188851843, 93.47999999999998977, 12.76857277731329532 ) ) ;
#956 = ADVANCED_FACE ( 'NONE', ( #1374 ), #2403, .F. ) ;
#957 = PLANE ( 'NONE',  #3891 ) ;
#958 = VECTOR ( 'NONE', #3576, 1000.000000000000000 ) ;
#959 = CARTESIAN_POINT ( 'NONE',  ( -116.5000488705958901, 93.47999999999998977, 110.7111409426734099 ) ) ;
#960 = EDGE_CURVE ( 'NONE', #2331, #1338, #804, .T. ) ;
#961 = VERTEX_POINT ( 'NONE', #168 ) ;
#962 = FACE_OUTER_BOUND ( 'NONE', #1866, .T. ) ;
#963 = PLANE ( 'NONE',  #474 ) ;
#964 = CARTESIAN_POINT ( 'NONE',  ( -232.7573189821663959, 92.87999999999999545, 13.43332594171979544 ) ) ;
#965 = CARTESIAN_POINT ( 'NONE',  ( -123.0258495498965630, 88.87999999999998124, 8.956862106542892832 ) ) ;
#966 = PRODUCT_RELATED_PRODUCT_CATEGORY ( 'part', '', ( #1984 ) ) ;
#967 = ORIENTED_EDGE ( 'NONE', *, *, #3747, .T. ) ;
#968 = CARTESIAN_POINT ( 'NONE',  ( -268.4179018073645011, 93.87999999999999545, 2.647210225952845608 ) ) ;
#969 = DIRECTION ( 'NONE',  ( 0.9996385584632172527, 0.000000000000000000, -0.02688405537825217656 ) ) ;
#970 = EDGE_CURVE ( 'NONE', #2165, #707, #1422, .T. ) ;
#971 = ORIENTED_EDGE ( 'NONE', *, *, #772, .F. ) ;
#972 = CARTESIAN_POINT ( 'NONE',  ( -165.6171606190784189, 92.87999999999999545, 22.88600174151924094 ) ) ;
#973 = DIRECTION ( 'NONE',  ( -0.000000000000000000, -1.000000000000000000, -0.000000000000000000 ) ) ;
#974 = CARTESIAN_POINT ( 'NONE',  ( -248.2263911974834230, 92.87999999999999545, 10.06564403484840398 ) ) ;
#975 = CARTESIAN_POINT ( 'NONE',  ( -165.9276959324085965, 92.87999999999999545, 24.32335976583580717 ) ) ;
#976 = CIRCLE ( 'NONE', #1189, 0.3999999999999871436 ) ;
#977 = EDGE_CURVE ( 'NONE', #1611, #277, #3966, .T. ) ;
#978 = ORIENTED_EDGE ( 'NONE', *, *, #1541, .F. ) ;
#979 = EDGE_CURVE ( 'NONE', #482, #1657, #430, .T. ) ;
#980 = CARTESIAN_POINT ( 'NONE',  ( -178.9948662403255355, 92.87999999999999545, 22.72094172497819997 ) ) ;
#981 = LINE ( 'NONE', #1257, #2123 ) ;
#982 = CARTESIAN_POINT ( 'NONE',  ( -132.0558163129717002, 93.87999999999999545, 26.96303150527395687 ) ) ;
#983 = VECTOR ( 'NONE', #1230, 1000.000000000000114 ) ;
#984 = VERTEX_POINT ( 'NONE', #3879 ) ;
#985 = EDGE_LOOP ( 'NONE', ( #2, #3203, #4012, #1102 ) ) ;
#986 = DIRECTION ( 'NONE',  ( -0.7248872777926378408, 0.000000000000000000, 0.6888675014067503488 ) ) ;
#987 = EDGE_CURVE ( 'NONE', #517, #1061, #2940, .T. ) ;
#988 = CARTESIAN_POINT ( 'NONE',  ( -133.9566291355089902, 92.87999999999999545, 9.286974893465032466 ) ) ;
#989 = VECTOR ( 'NONE', #2893, 1000.000000000000114 ) ;
#990 = ORIENTED_EDGE ( 'NONE', *, *, #3663, .F. ) ;
#991 = ORIENTED_EDGE ( 'NONE', *, *, #560, .T. ) ;
#992 = CARTESIAN_POINT ( 'NONE',  ( -265.3338636067466041, 93.87999999999999545, 6.801727551362758639 ) ) ;
#993 = CARTESIAN_POINT ( 'NONE',  ( -269.9384435895143497, 93.87999999999999545, 3.340010526439208149 ) ) ;
#994 = ADVANCED_FACE ( 'NONE', ( #1071 ), #2322, .F. ) ;
#995 = CARTESIAN_POINT ( 'NONE',  ( -49.20153583355309479, 92.87999999999999545, -51.77420520022768358 ) ) ;
#996 = CARTESIAN_POINT ( 'NONE',  ( -256.8343786850404626, 92.87999999999999545, 8.059280522143909664 ) ) ;
#997 = VECTOR ( 'NONE', #2220, 1000.000000000000000 ) ;
#998 = VERTEX_POINT ( 'NONE', #2390 ) ;
#999 = VECTOR ( 'NONE', #3686, 999.9999999999998863 ) ;
#1000 = ORIENTED_EDGE ( 'NONE', *, *, #1006, .F. ) ;
#1001 = CARTESIAN_POINT ( 'NONE',  ( -112.8759871213074177, 92.87999999999999545, 3.035661502803515432 ) ) ;
#1002 = DIRECTION ( 'NONE',  ( 0.5461661809644947629, 0.000000000000000000, 0.8376768486538581637 ) ) ;
#1003 = CARTESIAN_POINT ( 'NONE',  ( 0.000000000000000000, 93.47999999999998977, 0.000000000000000000 ) ) ;
#1004 = ORIENTED_EDGE ( 'NONE', *, *, #2262, .F. ) ;
#1005 = DIRECTION ( 'NONE',  ( 0.000000000000000000, 0.000000000000000000, 1.000000000000000000 ) ) ;
#1006 = EDGE_CURVE ( 'NONE', #1657, #2591, #2086, .T. ) ;
#1007 = ORIENTED_EDGE ( 'NONE', *, *, #1356, .F. ) ;
#1008 = EDGE_LOOP ( 'NONE', ( #821, #2756, #4033, #1869, #1462, #174 ) ) ;
#1009 = VERTEX_POINT ( 'NONE', #3248 ) ;
#1010 = CARTESIAN_POINT ( 'NONE',  ( -265.8557205421092817, 93.87999999999999545, 6.670256816194243932 ) ) ;
#1011 = CARTESIAN_POINT ( 'NONE',  ( -237.9153930459915784, 88.87999999999998124, 12.36233482739457301 ) ) ;
#1012 = VECTOR ( 'NONE', #837, 1000.000000000000000 ) ;
#1013 = VERTEX_POINT ( 'NONE', #3917 ) ;
#1014 = CARTESIAN_POINT ( 'NONE',  ( -292.7816016975322100, 88.87999999999998124, 2.342604849896643415 ) ) ;
#1015 = AXIS2_PLACEMENT_3D ( 'NONE', #1853, #2470, #3715 ) ;
#1016 = CARTESIAN_POINT ( 'NONE',  ( -254.9539109580283309, 93.48000000000000398, 8.516572991783290192 ) ) ;
#1017 = CARTESIAN_POINT ( 'NONE',  ( -113.8284090695293997, 88.87999999999998124, 28.12009005537213113 ) ) ;
#1018 = DIRECTION ( 'NONE',  ( 0.3708539045046170268, 0.000000000000000000, 0.9286912196815906295 ) ) ;
#1019 = CARTESIAN_POINT ( 'NONE',  ( -148.6125551966285059, 93.87999999999999545, 25.91327914437588475 ) ) ;
#1020 = ADVANCED_FACE ( 'NONE', ( #163 ), #2887, .T. ) ;
#1021 = CARTESIAN_POINT ( 'NONE',  ( -242.5546761553364092, 92.87999999999999545, 11.33505664491636189 ) ) ;
#1022 = FACE_OUTER_BOUND ( 'NONE', #3526, .T. ) ;
#1023 = DIRECTION ( 'NONE',  ( -0.7248872777926391731, 0.000000000000000000, 0.6888675014067489055 ) ) ;
#1024 = PRODUCT_CONTEXT ( 'NONE', #3055, 'mechanical' ) ;
#1025 = ORIENTED_EDGE ( 'NONE', *, *, #1572, .F. ) ;
#1026 = EDGE_CURVE ( 'NONE', #2330, #1107, #89, .T. ) ;
#1027 = DIRECTION ( 'NONE',  ( -0.7248872777926379518, 0.000000000000000000, 0.6888675014067501268 ) ) ;
#1028 = EDGE_LOOP ( 'NONE', ( #2398, #1884, #2748, #978 ) ) ;
#1029 = CARTESIAN_POINT ( 'NONE',  ( -200.4954640087551923, 93.87999999999999545, 8.438484520300974623 ) ) ;
#1030 = EDGE_CURVE ( 'NONE', #2587, #577, #1649, .T. ) ;
#1031 = ORIENTED_EDGE ( 'NONE', *, *, #3557, .T. ) ;
#1032 = CARTESIAN_POINT ( 'NONE',  ( -172.8587101762493887, 93.87999999999999545, 24.44703151162762822 ) ) ;
#1033 = LINE ( 'NONE', #2073, #3824 ) ;
#1034 = CARTESIAN_POINT ( 'NONE',  ( -259.3915731956369655, 88.87999999999998124, 7.445118414280858410 ) ) ;
#1035 = ORIENTED_EDGE ( 'NONE', *, *, #2927, .T. ) ;
#1036 = CIRCLE ( 'NONE', #1902, 0.6010667131491793658 ) ;
#1037 = CARTESIAN_POINT ( 'NONE',  ( -190.5023954709740224, 92.87999999999999545, 21.07741219790161580 ) ) ;
#1038 = CARTESIAN_POINT ( 'NONE',  ( -199.9493753164614702, 93.48000000000000398, 19.59184744843430792 ) ) ;
#1039 = CARTESIAN_POINT ( 'NONE',  ( -128.1061509150808320, 93.87999999999999545, 27.97564465478143347 ) ) ;
#1040 = EDGE_CURVE ( 'NONE', #2451, #79, #398, .T. ) ;
#1041 = DIRECTION ( 'NONE',  ( 0.001877162694597761397, 0.000000000000000000, -0.9999982381285568156 ) ) ;
#1042 = B_SPLINE_CURVE_WITH_KNOTS ( 'NONE', 3,
 ( #2365, #2985, #1419, #3919, #425, #3631, #69, #2624, #2649 ),
 .UNSPECIFIED., .F., .F.,
 ( 4, 1, 1, 1, 1, 1, 4 ),
 ( 0.008052357163078591867, 0.01180441452156862428, 0.01555647188005864975, 0.02306058659703870764, 0.03056470131401876553, 0.03431675867250878753, 0.03806881603099881994 ),
 .UNSPECIFIED. ) ;
#1043 = DIRECTION ( 'NONE',  ( -0.6755766284712282355, -0.000000000000000000, -0.7372897795734375537 ) ) ;
#1044 = CARTESIAN_POINT ( 'NONE',  ( -123.3344552962530258, 93.87999999999999545, 8.966871577101782620 ) ) ;
#1045 = CARTESIAN_POINT ( 'NONE',  ( -112.2823144185780109, 88.87999999999998124, 25.11038633121939512 ) ) ;
#1046 = CARTESIAN_POINT ( 'NONE',  ( -238.2618435604907745, 92.87999999999999545, 8.623513685525212580 ) ) ;
#1047 = VERTEX_POINT ( 'NONE', #2339 ) ;
#1048 = VECTOR ( 'NONE', #1133, 1000.000000000000114 ) ;
#1049 = EDGE_CURVE ( 'NONE', #3876, #3901, #2382, .T. ) ;
#1050 = CARTESIAN_POINT ( 'NONE',  ( -265.8557205421093954, 88.87999999999998124, 6.670256816194850558 ) ) ;
#1051 = VECTOR ( 'NONE', #622, 1000.000000000000000 ) ;
#1052 = ORIENTED_EDGE ( 'NONE', *, *, #2191, .T. ) ;
#1053 = EDGE_LOOP ( 'NONE', ( #3063, #3037, #162 ) ) ;
#1054 = B_SPLINE_CURVE_WITH_KNOTS ( 'NONE', 3,
 ( #2651, #429, #1421, #2343, #2674 ),
 .UNSPECIFIED., .F., .F.,
 ( 4, 1, 4 ),
 ( 0.8925888473639720377, 0.8934903798118352114, 0.8943606213747419265 ),
 .UNSPECIFIED. ) ;
#1055 = DIRECTION ( 'NONE',  ( -0.6888675014067476843, 0.000000000000000000, -0.7248872777926401723 ) ) ;
#1056 = ORIENTED_EDGE ( 'NONE', *, *, #306, .F. ) ;
#1057 = ORIENTED_EDGE ( 'NONE', *, *, #2100, .T. ) ;
#1058 = CARTESIAN_POINT ( 'NONE',  ( -112.7120578011266474, 93.87999999999999545, 28.11340712249482721 ) ) ;
#1059 = CARTESIAN_POINT ( 'NONE',  ( -250.7585574480021364, 93.47999999999998977, 7.495065782896132234 ) ) ;
#1060 = PLANE ( 'NONE',  #2144 ) ;
#1061 = VERTEX_POINT ( 'NONE', #3582 ) ;
#1062 = EDGE_CURVE ( 'NONE', #1832, #2371, #1327, .T. ) ;
#1063 = CARTESIAN_POINT ( 'NONE',  ( -108.7582395782411027, 92.87999999999999545, -114.4450334271763978 ) ) ;
#1064 = CARTESIAN_POINT ( 'NONE',  ( -276.9279722789179345, 88.87999999999998124, 2.022114237912922441 ) ) ;
#1065 = B_SPLINE_SURFACE_WITH_KNOTS ( 'NONE', 13, 1, ( 
 ( #1464, #1838 ),
 ( #2773, #2446 ),
 ( #2752, #2410 ),
 ( #230, #3961 ),
 ( #2119, #3656 ),
 ( #490, #1195 ),
 ( #4039, #879 ),
 ( #822, #1522 ),
 ( #801, #2713 ),
 ( #3695, #511 ),
 ( #3983, #2083 ),
 ( #1756, #530 ),
 ( #3337, #3355 ),
 ( #2136, #3676 ) ),
 .UNSPECIFIED., .F., .F., .F.,
 ( 14, 14 ),
 ( 2, 2 ),
 ( 0.000000000000000000, 0.03891155862326688836 ),
 ( 0.000000000000000000, 1.000000000000000000 ),
 .UNSPECIFIED. ) ;
#1066 = CARTESIAN_POINT ( 'NONE',  ( -112.7120578240560604, 88.87999999999998124, 28.11340712263209340 ) ) ;
#1067 = FACE_OUTER_BOUND ( 'NONE', #2701, .T. ) ;
#1068 = VECTOR ( 'NONE', #2677, 999.9999999999998863 ) ;
#1069 = CARTESIAN_POINT ( 'NONE',  ( -148.7718042799483555, 93.87999999999999545, 11.08556981309512501 ) ) ;
#1070 = DIRECTION ( 'NONE',  ( 0.000000000000000000, 1.000000000000000000, 0.000000000000000000 ) ) ;
#1071 = FACE_OUTER_BOUND ( 'NONE', #1079, .T. ) ;
#1072 = DIRECTION ( 'NONE',  ( 0.9996385584632171417, 0.000000000000000000, -0.02688405537825763053 ) ) ;
#1073 = VECTOR ( 'NONE', #2529, 1000.000000000000000 ) ;
#1074 = EDGE_LOOP ( 'NONE', ( #636, #2974, #2744, #810 ) ) ;
#1075 = VECTOR ( 'NONE', #2811, 1000.000000000000114 ) ;
#1076 = FACE_OUTER_BOUND ( 'NONE', #3504, .T. ) ;
#1077 = EDGE_LOOP ( 'NONE', ( #764, #841, #2227, #2865 ) ) ;
#1078 = DIRECTION ( 'NONE',  ( 0.000000000000000000, 1.000000000000000000, 0.000000000000000000 ) ) ;
#1079 = EDGE_LOOP ( 'NONE', ( #2465, #743, #3756, #1261 ) ) ;
#1080 = EDGE_LOOP ( 'NONE', ( #2148, #691, #3131 ) ) ;
#1081 = CARTESIAN_POINT ( 'NONE',  ( -113.3033073900940764, 88.87999999999998124, 7.716868825675114785 ) ) ;
#1082 = LINE ( 'NONE', #1746, #2696 ) ;
#1083 = LINE ( 'NONE', #3286, #3515 ) ;
#1084 = ORIENTED_EDGE ( 'NONE', *, *, #3109, .T. ) ;
#1085 = ORIENTED_EDGE ( 'NONE', *, *, #138, .T. ) ;
#1086 = FACE_OUTER_BOUND ( 'NONE', #2834, .T. ) ;
#1087 = EDGE_CURVE ( 'NONE', #1844, #3147, #1414, .T. ) ;
#1088 = DIRECTION ( 'NONE',  ( 0.000000000000000000, 1.000000000000000000, 0.000000000000000000 ) ) ;
#1089 = AXIS2_PLACEMENT_3D ( 'NONE', #3072, #2135, #3025 ) ;
#1090 = CARTESIAN_POINT ( 'NONE',  ( -164.4189516322942950, 92.87999999999999545, 23.02218692096814934 ) ) ;
#1091 = CARTESIAN_POINT ( 'NONE',  ( -285.1034899455572713, 93.87999999999999545, 1.323141469673185799 ) ) ;
#1092 = ADVANCED_FACE ( 'NONE', ( #1705 ), #3852, .T. ) ;
#1093 = CARTESIAN_POINT ( 'NONE',  ( -117.3099561668967539, 93.87999999999999545, 8.709611862579059505 ) ) ;
#1094 = CARTESIAN_POINT ( 'NONE',  ( -150.2687402496501363, 93.87999999999999545, 9.575102033794831158 ) ) ;
#1095 = CARTESIAN_POINT ( 'NONE',  ( -113.0233135672802547, 93.88000000000000966, 27.31498970425845130 ) ) ;
#1096 = CARTESIAN_POINT ( 'NONE',  ( -179.5174658418248157, 92.87999999999999545, 9.534537799042796635 ) ) ;
#1097 = CARTESIAN_POINT ( 'NONE',  ( -116.5000488705958901, 92.87999999999999545, 110.7111409426734099 ) ) ;
#1098 = EDGE_LOOP ( 'NONE', ( #2283, #2477, #1552 ) ) ;
#1099 = ADVANCED_FACE ( 'NONE', ( #3514 ), #774, .T. ) ;
#1100 = ORIENTED_EDGE ( 'NONE', *, *, #3426, .T. ) ;
#1101 = ORIENTED_EDGE ( 'NONE', *, *, #1026, .T. ) ;
#1102 = ORIENTED_EDGE ( 'NONE', *, *, #2672, .T. ) ;
#1103 = LINE ( 'NONE', #479, #999 ) ;
#1104 = CARTESIAN_POINT ( 'NONE',  ( -112.6261548481651431, 92.87999999999999545, 12.32525601775577151 ) ) ;
#1105 = CARTESIAN_POINT ( 'NONE',  ( -213.2678935476478159, 92.87999999999999545, 8.883460927922911310 ) ) ;
#1106 = ORIENTED_EDGE ( 'NONE', *, *, #3135, .F. ) ;
#1107 = VERTEX_POINT ( 'NONE', #1090 ) ;
#1108 = CARTESIAN_POINT ( 'NONE',  ( -251.4243920417408162, 92.87999999999999545, 7.965703907404517281 ) ) ;
#1109 = DIRECTION ( 'NONE',  ( -0.8376768486544285963, 0.000000000000000000, 0.5461661809636199072 ) ) ;
#1110 = LINE ( 'NONE', #3980, #2984 ) ;
#1111 = PLANE ( 'NONE',  #2790 ) ;
#1112 = EDGE_LOOP ( 'NONE', ( #1821, #2460, #1319, #1512, #2486, #3303 ) ) ;
#1113 = CARTESIAN_POINT ( 'NONE',  ( -164.3751559483991969, 92.87999999999999545, -0.3085594543071153439 ) ) ;
#1114 = CARTESIAN_POINT ( 'NONE',  ( -221.0877470024795173, 93.47999999999998977, 15.20952985507673105 ) ) ;
#1115 = DIRECTION ( 'NONE',  ( 0.000000000000000000, 1.000000000000000000, 0.000000000000000000 ) ) ;
#1116 = EDGE_LOOP ( 'NONE', ( #3567, #2349, #1295, #2762 ) ) ;
#1117 = DIRECTION ( 'NONE',  ( 0.06567303980416458464, 0.000000000000000000, -0.9978411957034448720 ) ) ;
#1118 = DIRECTION ( 'NONE',  ( 0.000000000000000000, 0.000000000000000000, 1.000000000000000000 ) ) ;
#1119 = AXIS2_PLACEMENT_3D ( 'NONE', #2937, #165, #1996 ) ;
#1120 = ORIENTED_EDGE ( 'NONE', *, *, #2698, .F. ) ;
#1121 = CARTESIAN_POINT ( 'NONE',  ( -216.6150631228161956, 93.47999999999998977, 16.64133208221991467 ) ) ;
#1122 = ADVANCED_FACE ( 'NONE', ( #3208 ), #1780, .T. ) ;
#1123 = LINE ( 'NONE', #2378, #4023 ) ;
#1124 = FACE_BOUND ( 'NONE', #1467, .T. ) ;
#1125 = ORIENTED_EDGE ( 'NONE', *, *, #678, .T. ) ;
#1126 = VECTOR ( 'NONE', #2604, 1000.000000000000000 ) ;
#1127 = DIRECTION ( 'NONE',  ( -0.6888675014067476843, -0.000000000000000000, -0.7248872777926401723 ) ) ;
#1128 = DIRECTION ( 'NONE',  ( -0.000000000000000000, -1.000000000000000000, -0.000000000000000000 ) ) ;
#1129 = CARTESIAN_POINT ( 'NONE',  ( -254.0970210439141965, 92.87999999999999545, 8.708266201057320188 ) ) ;
#1130 = LINE ( 'NONE', #3627, #1157 ) ;
#1131 = ADVANCED_FACE ( 'NONE', ( #2632 ), #1650, .T. ) ;
#1132 = EDGE_LOOP ( 'NONE', ( #2813, #1341, #1362, #1035 ) ) ;
#1133 = DIRECTION ( 'NONE',  ( -0.6888675014067540125, -0.000000000000000000, -0.7248872777926342881 ) ) ;
#1134 = CARTESIAN_POINT ( 'NONE',  ( -214.3987121032657228, 92.87999999999999545, 8.852874277016555382 ) ) ;
#1135 = CARTESIAN_POINT ( 'NONE',  ( -168.8641331842243858, 88.87999999999998124, 24.10239613039014017 ) ) ;
#1136 = VERTEX_POINT ( 'NONE', #1425 ) ;
#1137 = AXIS2_PLACEMENT_3D ( 'NONE', #3278, #1711, #1117 ) ;
#1138 = CARTESIAN_POINT ( 'NONE',  ( -238.2652901195024242, 88.87999999999998124, 8.067388918634714301 ) ) ;
#1139 = PLANE ( 'NONE',  #777 ) ;
#1140 = EDGE_LOOP ( 'NONE', ( #592, #1204, #2114, #3599 ) ) ;
#1141 = AXIS2_PLACEMENT_3D ( 'NONE', #35, #3758, #4086 ) ;
#1142 = ADVANCED_FACE ( 'NONE', ( #2301 ), #3881, .F. ) ;
#1143 = ORIENTED_EDGE ( 'NONE', *, *, #3611, .T. ) ;
#1144 = DIRECTION ( 'NONE',  ( -0.02688405537885410132, -0.000000000000000000, -0.9996385584632010435 ) ) ;
#1145 = FACE_OUTER_BOUND ( 'NONE', #4007, .T. ) ;
#1146 = CARTESIAN_POINT ( 'NONE',  ( -265.7189512413806938, 93.87999999999999545, 5.831332410554418644 ) ) ;
#1147 = EDGE_LOOP ( 'NONE', ( #887, #2472, #3282, #1715 ) ) ;
#1148 = CARTESIAN_POINT ( 'NONE',  ( -148.6143614906584389, 92.87999999999999545, 25.96668747503433750 ) ) ;
#1149 = FACE_OUTER_BOUND ( 'NONE', #800, .T. ) ;
#1150 = CARTESIAN_POINT ( 'NONE',  ( -179.2680965261207575, 92.87999999999999545, 10.95298948655129756 ) ) ;
#1151 = EDGE_LOOP ( 'NONE', ( #1361, #2296, #1449, #2394 ) ) ;
#1152 = ADVANCED_FACE ( 'NONE', ( #1076 ), #2326, .T. ) ;
#1153 = CARTESIAN_POINT ( 'NONE',  ( -213.2678935476478159, 93.47999999999998977, 8.883460927922911310 ) ) ;
#1154 = CARTESIAN_POINT ( 'NONE',  ( -133.3568342694792932, 93.87999999999999545, 9.271286723260869778 ) ) ;
#1155 = ORIENTED_EDGE ( 'NONE', *, *, #2028, .F. ) ;
#1156 = EDGE_CURVE ( 'NONE', #1187, #4035, #2281, .T. ) ;
#1157 = VECTOR ( 'NONE', #3334, 1000.000000000000114 ) ;
#1158 = CARTESIAN_POINT ( 'NONE',  ( -79.60021247432545977, 92.87999999999999545, -83.76237986898324550 ) ) ;
#1159 = CARTESIAN_POINT ( 'NONE',  ( -50.02817683524195758, 93.87999999999999545, -52.64406993357894038 ) ) ;
#1160 = ORIENTED_EDGE ( 'NONE', *, *, #401, .T. ) ;
#1161 = ADVANCED_FACE ( 'NONE', ( #2895 ), #78, .T. ) ;
#1162 = VERTEX_POINT ( 'NONE', #2964 ) ;
#1163 = ORIENTED_EDGE ( 'NONE', *, *, #1030, .F. ) ;
#1164 = LINE ( 'NONE', #3284, #3714 ) ;
#1165 = CARTESIAN_POINT ( 'NONE',  ( -249.1849982831033969, 93.87999999999999545, -62.77685069811641938 ) ) ;
#1166 = FACE_OUTER_BOUND ( 'NONE', #1008, .T. ) ;
#1167 = ORIENTED_EDGE ( 'NONE', *, *, #2680, .T. ) ;
#1168 = EDGE_CURVE ( 'NONE', #714, #2091, #1248, .T. ) ;
#1169 = CARTESIAN_POINT ( 'NONE',  ( -265.8557205421092817, 88.87999999999998124, 6.670256816194243932 ) ) ;
#1170 = CARTESIAN_POINT ( 'NONE',  ( -252.0785529140159724, 92.87999999999999545, 7.428040944472593665 ) ) ;
#1171 = AXIS2_PLACEMENT_3D ( 'NONE', #2419, #3688, #75 ) ;
#1172 = DIRECTION ( 'NONE',  ( 0.9996385584632171417, 0.000000000000000000, -0.02688405537825763053 ) ) ;
#1173 = DIRECTION ( 'NONE',  ( 0.000000000000000000, 0.000000000000000000, -1.000000000000000000 ) ) ;
#1174 = ORIENTED_EDGE ( 'NONE', *, *, #849, .F. ) ;
#1175 = DIRECTION ( 'NONE',  ( 0.6888675014067497937, 0.000000000000000000, 0.7248872777926383959 ) ) ;
#1176 = CARTESIAN_POINT ( 'NONE',  ( -292.2254576542359246, 93.87999999999999545, 1.434434858990511596 ) ) ;
#1177 = EDGE_CURVE ( 'NONE', #3156, #499, #1739, .T. ) ;
#1178 = VECTOR ( 'NONE', #2780, 1000.000000000000000 ) ;
#1179 = VERTEX_POINT ( 'NONE', #709 ) ;
#1180 = ORIENTED_EDGE ( 'NONE', *, *, #2918, .T. ) ;
#1181 = ORIENTED_EDGE ( 'NONE', *, *, #977, .T. ) ;
#1182 = FACE_OUTER_BOUND ( 'NONE', #242, .T. ) ;
#1183 = CARTESIAN_POINT ( 'NONE',  ( -260.8337779112893600, 88.87999999999998124, 6.940564282576751509 ) ) ;
#1184 = VERTEX_POINT ( 'NONE', #1400 ) ;
#1185 = EDGE_CURVE ( 'NONE', #2327, #1829, #2653, .T. ) ;
#1186 = FACE_OUTER_BOUND ( 'NONE', #2564, .T. ) ;
#1187 = VERTEX_POINT ( 'NONE', #1096 ) ;
#1188 = CARTESIAN_POINT ( 'NONE',  ( -100.5531540498221545, 88.87999999999998124, 11.16271731101023512 ) ) ;
#1189 = AXIS2_PLACEMENT_3D ( 'NONE', #368, #1629, #1005 ) ;
#1190 = ORIENTED_EDGE ( 'NONE', *, *, #624, .F. ) ;
#1191 = LINE ( 'NONE', #243, #4043 ) ;
#1192 = LINE ( 'NONE', #4002, #493 ) ;
#1193 = EDGE_CURVE ( 'NONE', #1061, #2031, #3940, .T. ) ;
#1194 = AXIS2_PLACEMENT_3D ( 'NONE', #2482, #1307, #1618 ) ;
#1195 = CARTESIAN_POINT ( 'NONE',  ( -280.0929048608385301, 93.87999999999999545, 6.043931826148681630 ) ) ;
#1196 = LINE ( 'NONE', #1799, #1399 ) ;
#1197 = ORIENTED_EDGE ( 'NONE', *, *, #3678, .T. ) ;
#1198 = ORIENTED_EDGE ( 'NONE', *, *, #2315, .T. ) ;
#1199 = DIRECTION ( 'NONE',  ( 0.7248872777926391731, 0.000000000000000000, -0.6888675014067490165 ) ) ;
#1200 = CARTESIAN_POINT ( 'NONE',  ( -178.7962997729573260, 92.87999999999999545, 22.74732555274113821 ) ) ;
#1201 = ORIENTED_EDGE ( 'NONE', *, *, #1692, .F. ) ;
#1202 = AXIS2_PLACEMENT_3D ( 'NONE', #1158, #2156, #1199 ) ;
#1203 = LINE ( 'NONE', #1165, #126 ) ;
#1204 = ORIENTED_EDGE ( 'NONE', *, *, #1177, .F. ) ;
#1205 = EDGE_CURVE ( 'NONE', #5, #201, #3612, .T. ) ;
#1206 = AXIS2_PLACEMENT_3D ( 'NONE', #2859, #1564, #1296 ) ;
#1207 = FACE_OUTER_BOUND ( 'NONE', #3641, .T. ) ;
#1208 = B_SPLINE_CURVE_WITH_KNOTS ( 'NONE', 3,
 ( #2229, #3734, #1871, #1289, #2829, #3751, #3492, #3130 ),
 .UNSPECIFIED., .F., .F.,
 ( 4, 1, 1, 1, 1, 4 ),
 ( 0.7024439672986643179, 0.7171398451842927457, 0.7318357230699212845, 0.7612274788411783621, 0.7906192346124354398, 0.8194334802529954498 ),
 .UNSPECIFIED. ) ;
#1209 = ORIENTED_EDGE ( 'NONE', *, *, #3104, .T. ) ;
#1210 = AXIS2_PLACEMENT_3D ( 'NONE', #2775, #585, #3376 ) ;
#1211 = LINE ( 'NONE', #2807, #3244 ) ;
#1212 = CARTESIAN_POINT ( 'NONE',  ( -228.6383456797400697, 93.47999999999998977, 8.415405281992565989 ) ) ;
#1213 = CARTESIAN_POINT ( 'NONE',  ( -187.8555102931843237, 93.87999999999999545, 17.45826335425561382 ) ) ;
#1214 = EDGE_CURVE ( 'NONE', #2415, #3363, #3946, .T. ) ;
#1215 = CARTESIAN_POINT ( 'NONE',  ( -92.49999999999820943, 93.87999999999999545, 16.74722354252501688 ) ) ;
#1216 = CARTESIAN_POINT ( 'NONE',  ( -104.2954391588634167, 92.87999999999999545, -109.7488803342690176 ) ) ;
#1217 = EDGE_CURVE ( 'NONE', #2475, #3017, #2920, .T. ) ;
#1218 = ORIENTED_EDGE ( 'NONE', *, *, #603, .T. ) ;
#1219 = CIRCLE ( 'NONE', #1612, 0.3999999999999863110 ) ;
#1220 = CARTESIAN_POINT ( 'NONE',  ( -211.0565265721793935, 88.87999999999998124, 8.962763485681316311 ) ) ;
#1221 = DIRECTION ( 'NONE',  ( -0.7248872777926330668, 0.000000000000000000, 0.6888675014067552338 ) ) ;
#1222 = ORIENTED_EDGE ( 'NONE', *, *, #1942, .T. ) ;
#1223 = DIRECTION ( 'NONE',  ( -0.6755766284707362956, -0.000000000000000000, -0.7372897795738881932 ) ) ;
#1224 = ADVANCED_FACE ( 'NONE', ( #2607 ), #737, .F. ) ;
#1225 = ORIENTED_EDGE ( 'NONE', *, *, #2927, .F. ) ;
#1226 = CARTESIAN_POINT ( 'NONE',  ( -198.4327075881555515, 88.87999999999998124, 11.51359134017621777 ) ) ;
#1227 = EDGE_LOOP ( 'NONE', ( #3288, #1304, #2302 ) ) ;
#1228 = DIRECTION ( 'NONE',  ( -0.000000000000000000, -1.000000000000000000, -0.000000000000000000 ) ) ;
#1229 = DIRECTION ( 'NONE',  ( 0.000000000000000000, 1.000000000000000000, -0.000000000000000000 ) ) ;
#1230 = DIRECTION ( 'NONE',  ( -0.7248872777926391731, 0.000000000000000000, 0.6888675014067490165 ) ) ;
#1231 = CARTESIAN_POINT ( 'NONE',  ( -245.4693082736719134, 92.87999999999999545, 8.268023086486969930 ) ) ;
#1232 = CARTESIAN_POINT ( 'NONE',  ( -228.7014718455724847, 93.48000000000000398, 8.413236183609793528 ) ) ;
#1233 = ORIENTED_EDGE ( 'NONE', *, *, #3226, .F. ) ;
#1234 = DIRECTION ( 'NONE',  ( -0.01060253998775674729, 0.000000000000000000, 0.9999437914932057803 ) ) ;
#1235 = CARTESIAN_POINT ( 'NONE',  ( -267.5579742966418735, 88.87999999999998124, 3.504036228201333092 ) ) ;
#1236 = LINE ( 'NONE', #1432, #1493 ) ;
#1237 = DIRECTION ( 'NONE',  ( -0.8376768486538581637, 0.000000000000000000, 0.5461661809644947629 ) ) ;
#1238 = EDGE_CURVE ( 'NONE', #237, #3623, #3436, .T. ) ;
#1239 = EDGE_CURVE ( 'NONE', #2697, #3630, #2105, .T. ) ;
#1240 = EDGE_LOOP ( 'NONE', ( #561, #3165, #569 ) ) ;
#1241 = CARTESIAN_POINT ( 'NONE',  ( -277.4549981297886347, 93.87999999999999545, 6.762558882627204504 ) ) ;
#1242 = ORIENTED_EDGE ( 'NONE', *, *, #3713, .T. ) ;
#1243 = CARTESIAN_POINT ( 'NONE',  ( -266.5147033832301418, 88.87999999999998124, 5.740492526924503736 ) ) ;
#1244 = ORIENTED_EDGE ( 'NONE', *, *, #3426, .F. ) ;
#1245 = CARTESIAN_POINT ( 'NONE',  ( -292.2377533026756282, 93.87999999999999545, 1.650914772663081065 ) ) ;
#1246 = DIRECTION ( 'NONE',  ( 0.000000000000000000, 0.000000000000000000, 1.000000000000000000 ) ) ;
#1247 = VECTOR ( 'NONE', #1041, 1000.000000000000227 ) ;
#1248 = B_SPLINE_CURVE_WITH_KNOTS ( 'NONE', 3,
 ( #2944, #3568, #2991, #145, #1337 ),
 .UNSPECIFIED., .F., .F.,
 ( 4, 1, 4 ),
 ( 0.04838107786650251013, 0.04858316171247652193, 0.05071265954642433654 ),
 .UNSPECIFIED. ) ;
#1249 = DIRECTION ( 'NONE',  ( 0.000000000000000000, 1.000000000000000000, 0.000000000000000000 ) ) ;
#1250 = DIRECTION ( 'NONE',  ( 0.000000000000000000, 1.000000000000000000, 0.000000000000000000 ) ) ;
#1251 = VECTOR ( 'NONE', #834, 1000.000000000000000 ) ;
#1252 = DIRECTION ( 'NONE',  ( -0.9996385584632172527, 0.000000000000000000, 0.02688405537825354699 ) ) ;
#1253 = EDGE_LOOP ( 'NONE', ( #1402, #3365, #1607 ) ) ;
#1254 = ORIENTED_EDGE ( 'NONE', *, *, #2450, .T. ) ;
#1255 = ORIENTED_EDGE ( 'NONE', *, *, #4015, .F. ) ;
#1256 = LINE ( 'NONE', #1312, #1533 ) ;
#1257 = CARTESIAN_POINT ( 'NONE',  ( -221.7787467680724660, 92.87999999999999545, 15.64372520361560781 ) ) ;
#1258 = CARTESIAN_POINT ( 'NONE',  ( 0.000000000000000000, 92.87999999999999545, 0.000000000000000000 ) ) ;
#1259 = CARTESIAN_POINT ( 'NONE',  ( -264.9890575499149463, 4.999999999999990230, -17.44028709088449247 ) ) ;
#1260 = ORIENTED_EDGE ( 'NONE', *, *, #2450, .F. ) ;
#1261 = ORIENTED_EDGE ( 'NONE', *, *, #907, .T. ) ;
#1262 = CARTESIAN_POINT ( 'NONE',  ( -112.8759871213074035, 93.87999999999999545, 3.035661502803514988 ) ) ;
#1263 = ORIENTED_EDGE ( 'NONE', *, *, #3101, .F. ) ;
#1264 = FACE_OUTER_BOUND ( 'NONE', #3621, .T. ) ;
#1265 = EDGE_CURVE ( 'NONE', #3614, #2475, #863, .T. ) ;
#1266 = VECTOR ( 'NONE', #3546, 1000.000000000000000 ) ;
#1267 = ORIENTED_EDGE ( 'NONE', *, *, #1415, .F. ) ;
#1268 = DIRECTION ( 'NONE',  ( 0.2442954651673956978, 0.000000000000000000, -0.9697008434041117786 ) ) ;
#1269 = CARTESIAN_POINT ( 'NONE',  ( -178.1952668448776933, 93.87999999999999545, 22.75369838660252952 ) ) ;
#1270 = CIRCLE ( 'NONE', #1804, 0.5999999999999946487 ) ;
#1271 = CARTESIAN_POINT ( 'NONE',  ( -264.6795704296176268, 88.87999999999998124, 5.899739385248923718 ) ) ;
#1272 = VECTOR ( 'NONE', #1891, 1000.000000000000114 ) ;
#1273 = CARTESIAN_POINT ( 'NONE',  ( -204.3486025323560966, 92.87999999999999545, 18.26912735972595314 ) ) ;
#1274 = CARTESIAN_POINT ( 'NONE',  ( -178.2004695315806657, 93.87999999999999545, 22.82649320470189025 ) ) ;
#1275 = ORIENTED_EDGE ( 'NONE', *, *, #4093, .F. ) ;
#1276 = EDGE_CURVE ( 'NONE', #3630, #1452, #2126, .T. ) ;
#1277 = VERTEX_POINT ( 'NONE', #1825 ) ;
#1278 = LINE ( 'NONE', #1878, #1073 ) ;
#1279 = DIRECTION ( 'NONE',  ( 0.001877162694616528937, 0.000000000000000000, -0.9999982381285568156 ) ) ;
#1280 = DIRECTION ( 'NONE',  ( -0.7248872777926379518, 0.000000000000000000, 0.6888675014067501268 ) ) ;
#1281 = DIRECTION ( 'NONE',  ( 0.8137065930674900471, 0.000000000000000000, 0.5812758212746321762 ) ) ;
#1282 = EDGE_CURVE ( 'NONE', #2970, #900, #3680, .T. ) ;
#1283 = EDGE_LOOP ( 'NONE', ( #2273, #3706, #105, #3534 ) ) ;
#1284 = DIRECTION ( 'NONE',  ( 0.6888675014067467961, 0.000000000000000000, 0.7248872777926410604 ) ) ;
#1285 = DIRECTION ( 'NONE',  ( 0.000000000000000000, 1.000000000000000000, -0.000000000000000000 ) ) ;
#1286 = VERTEX_POINT ( 'NONE', #1842 ) ;
#1287 = VECTOR ( 'NONE', #3210, 1000.000000000000000 ) ;
#1288 = CARTESIAN_POINT ( 'NONE',  ( -290.1850476729540560, 88.87999999999998124, 2.279926096537914670 ) ) ;
#1289 = CARTESIAN_POINT ( 'NONE',  ( -135.8203959127808957, 88.87999999999998124, 9.371846716018461976 ) ) ;
#1290 = LINE ( 'NONE', #3433, #983 ) ;
#1291 = EDGE_CURVE ( 'NONE', #1452, #1338, #271, .T. ) ;
#1292 = AXIS2_PLACEMENT_3D ( 'NONE', #3306, #3419, #589 ) ;
#1293 = CARTESIAN_POINT ( 'NONE',  ( -247.4112030334044618, 88.87999999999998124, 10.26930581630612593 ) ) ;
#1294 = EDGE_CURVE ( 'NONE', #2453, #3550, #534, .T. ) ;
#1295 = ORIENTED_EDGE ( 'NONE', *, *, #1335, .F. ) ;
#1296 = DIRECTION ( 'NONE',  ( 0.02688405537885410479, 0.000000000000000000, 0.9996385584632010435 ) ) ;
#1297 = CARTESIAN_POINT ( 'NONE',  ( -237.6737849170181676, 93.47999999999998977, 8.080994594439255607 ) ) ;
#1298 = CARTESIAN_POINT ( 'NONE',  ( -114.4828442445582510, 93.87999999999999545, 27.32352736051254283 ) ) ;
#1299 = DIRECTION ( 'NONE',  ( 0.1609050596807223010, 0.000000000000000000, -0.9869698889880801351 ) ) ;
#1300 = EDGE_CURVE ( 'NONE', #1555, #608, #515, .T. ) ;
#1301 = AXIS2_PLACEMENT_3D ( 'NONE', #3119, #947, #4090 ) ;
#1302 = CARTESIAN_POINT ( 'NONE',  ( -194.3434337935483995, 88.87999999999998124, 9.312927148811843026 ) ) ;
#1303 = ORIENTED_EDGE ( 'NONE', *, *, #3455, .T. ) ;
#1304 = ORIENTED_EDGE ( 'NONE', *, *, #1627, .F. ) ;
#1305 = CARTESIAN_POINT ( 'NONE',  ( -219.6165091063904526, 93.87999999999999545, 16.96789906232488221 ) ) ;
#1306 = CARTESIAN_POINT ( 'NONE',  ( -266.3727187654356499, 93.87999999999999545, 3.583167371676566404 ) ) ;
#1307 = DIRECTION ( 'NONE',  ( 0.000000000000000000, 1.000000000000000000, 0.000000000000000000 ) ) ;
#1308 = LINE ( 'NONE', #2909, #2999 ) ;
#1309 = EDGE_CURVE ( 'NONE', #2081, #270, #2712, .T. ) ;
#1310 = VECTOR ( 'NONE', #1299, 1000.000000000000114 ) ;
#1311 = VERTEX_POINT ( 'NONE', #1527 ) ;
#1312 = CARTESIAN_POINT ( 'NONE',  ( -89.62753892102892905, 92.87999999999999545, 125.4662875543850191 ) ) ;
#1313 = LINE ( 'NONE', #3442, #1394 ) ;
#1314 = CARTESIAN_POINT ( 'NONE',  ( -177.9340017912533369, 93.87999999999999545, -1.886658415423741575 ) ) ;
#1315 = ORIENTED_EDGE ( 'NONE', *, *, #1156, .T. ) ;
#1316 = CARTESIAN_POINT ( 'NONE',  ( -272.0829353890873676, 93.87999999999999545, 8.182179439941577925 ) ) ;
#1317 = ORIENTED_EDGE ( 'NONE', *, *, #1168, .F. ) ;
#1318 = DIRECTION ( 'NONE',  ( 0.9869698889880801351, 0.000000000000000000, 0.1609050596807223010 ) ) ;
#1319 = ORIENTED_EDGE ( 'NONE', *, *, #2943, .T. ) ;
#1320 = ORIENTED_EDGE ( 'NONE', *, *, #3991, .F. ) ;
#1321 = DIRECTION ( 'NONE',  ( 0.000000000000000000, 1.000000000000000000, 0.000000000000000000 ) ) ;
#1322 = DIRECTION ( 'NONE',  ( -0.000000000000000000, -1.000000000000000000, -0.000000000000000000 ) ) ;
#1323 = ORIENTED_EDGE ( 'NONE', *, *, #138, .F. ) ;
#1324 = CARTESIAN_POINT ( 'NONE',  ( -267.1688184859921762, 4.999999999999990230, 8.607714735570468179 ) ) ;
#1325 = EDGE_CURVE ( 'NONE', #3578, #557, #905, .T. ) ;
#1326 = CARTESIAN_POINT ( 'NONE',  ( -237.9153930459915784, 93.48000000000000398, 12.36233482739457301 ) ) ;
#1327 = LINE ( 'NONE', #1727, #3084 ) ;
#1328 = EDGE_CURVE ( 'NONE', #2880, #1179, #361, .T. ) ;
#1329 = VECTOR ( 'NONE', #672, 1000.000000000000000 ) ;
#1330 = FACE_OUTER_BOUND ( 'NONE', #3781, .T. ) ;
#1331 = LINE ( 'NONE', #2580, #2082 ) ;
#1332 = CARTESIAN_POINT ( 'NONE',  ( -112.7508309264629105, 88.87999999999998124, 7.689384925052574538 ) ) ;
#1333 = DIRECTION ( 'NONE',  ( 0.000000000000000000, 0.000000000000000000, -1.000000000000000000 ) ) ;
#1334 = DIRECTION ( 'NONE',  ( 0.000000000000000000, 1.000000000000000000, -0.000000000000000000 ) ) ;
#1335 = EDGE_CURVE ( 'NONE', #1532, #2655, #235, .T. ) ;
#1336 = ORIENTED_EDGE ( 'NONE', *, *, #2205, .T. ) ;
#1337 = CARTESIAN_POINT ( 'NONE',  ( -254.6226053384951342, 93.47999999999998977, 8.584301408075409867 ) ) ;
#1338 = VERTEX_POINT ( 'NONE', #2455 ) ;
#1339 = DIRECTION ( 'NONE',  ( 0.000000000000000000, 0.000000000000000000, 1.000000000000000000 ) ) ;
#1340 = ADVANCED_FACE ( 'NONE', ( #1182 ), #1760, .T. ) ;
#1341 = ORIENTED_EDGE ( 'NONE', *, *, #596, .F. ) ;
#1342 = ORIENTED_EDGE ( 'NONE', *, *, #3097, .T. ) ;
#1343 = CARTESIAN_POINT ( 'NONE',  ( -260.6240663350704381, 88.87999999999998124, 6.159236989585118671 ) ) ;
#1344 = DIRECTION ( 'NONE',  ( 0.9996385584632173638, 0.000000000000000000, -0.02688405537825217656 ) ) ;
#1345 = EDGE_LOOP ( 'NONE', ( #3863, #2026, #1651, #1763, #3880, #1741 ) ) ;
#1346 = PLANE ( 'NONE',  #3489 ) ;
#1347 = VECTOR ( 'NONE', #1088, 1000.000000000000000 ) ;
#1348 = CARTESIAN_POINT ( 'NONE',  ( -237.9153930459915784, 88.87999999999998124, 12.36233482739457301 ) ) ;
#1349 = CARTESIAN_POINT ( 'NONE',  ( -112.7120578240560604, 93.87999999999999545, 28.11340712263209340 ) ) ;
#1350 = CARTESIAN_POINT ( 'NONE',  ( -287.7366072063900901, 93.87999999999999545, 1.077373546353734390 ) ) ;
#1351 = LINE ( 'NONE', #1682, #1418 ) ;
#1352 = CARTESIAN_POINT ( 'NONE',  ( -190.7528261741830136, 92.87999999999999545, 21.03932599842006823 ) ) ;
#1353 = DIRECTION ( 'NONE',  ( -0.000000000000000000, 1.000000000000000000, -0.000000000000000000 ) ) ;
#1354 = CARTESIAN_POINT ( 'NONE',  ( -114.4828442445582510, 93.88000000000000966, 27.32352736051254283 ) ) ;
#1355 = B_SPLINE_SURFACE_WITH_KNOTS ( 'NONE', 3, 1, ( 
 ( #1183, #1782 ),
 ( #844, #3035 ),
 ( #2992, #3661 ),
 ( #552, #2414 ),
 ( #864, #826 ),
 ( #215, #3987 ),
 ( #2434, #2127 ),
 ( #3681, #2106 ),
 ( #1826, #3082 ),
 ( #3362, #1401 ) ),
 .UNSPECIFIED., .F., .F., .F.,
 ( 4, 1, 1, 1, 1, 1, 1, 4 ),
 ( 2, 2 ),
 ( 0.000000000000000000, 0.0003460023020038782704, 0.006601694787167877720, 0.02129757267279641653, 0.03599345055842495533, 0.05068932844405349414, 0.08008108421531057175, 0.1037121692275553286 ),
 ( 0.000000000000000000, 1.000000000000000000 ),
 .UNSPECIFIED. ) ;
#1356 = EDGE_CURVE ( 'NONE', #2697, #3485, #3701, .T. ) ;
#1357 = DIRECTION ( 'NONE',  ( -0.6888675014067540125, 0.000000000000000000, -0.7248872777926342881 ) ) ;
#1358 = ORIENTED_EDGE ( 'NONE', *, *, #2889, .T. ) ;
#1359 = EDGE_CURVE ( 'NONE', #1581, #1823, #3860, .T. ) ;
#1360 = DIRECTION ( 'NONE',  ( 0.000000000000000000, 1.000000000000000000, 0.000000000000000000 ) ) ;
#1361 = ORIENTED_EDGE ( 'NONE', *, *, #379, .F. ) ;
#1362 = ORIENTED_EDGE ( 'NONE', *, *, #2163, .F. ) ;
#1363 = CARTESIAN_POINT ( 'NONE',  ( -252.2572995699182741, 93.88000000000029388, 6.637396135036434330 ) ) ;
#1364 = CARTESIAN_POINT ( 'NONE',  ( 0.2273156052835981489, 93.87999999999999545, 8.452349944409743188 ) ) ;
#1365 = LINE ( 'NONE', #717, #244 ) ;
#1366 = ORIENTED_EDGE ( 'NONE', *, *, #1824, .T. ) ;
#1367 = VECTOR ( 'NONE', #571, 1000.000000000000000 ) ;
#1368 = CARTESIAN_POINT ( 'NONE',  ( -159.3824136573666976, 93.87999999999999545, 25.03376272444224071 ) ) ;
#1369 = CARTESIAN_POINT ( 'NONE',  ( -190.7528261741830136, 88.87999999999998124, 21.03932599842006823 ) ) ;
#1370 = CARTESIAN_POINT ( 'NONE',  ( -172.8587101762493887, 93.87999999999999545, 24.44703151162762822 ) ) ;
#1371 = DIRECTION ( 'NONE',  ( -0.000000000000000000, -1.000000000000000000, -0.000000000000000000 ) ) ;
#1372 = CARTESIAN_POINT ( 'NONE',  ( -213.2678935476478159, 92.87999999999999545, 8.883460927922911310 ) ) ;
#1373 = CARTESIAN_POINT ( 'NONE',  ( -178.0713867839727698, 92.87999999999999545, 11.07035666520675576 ) ) ;
#1374 = FACE_OUTER_BOUND ( 'NONE', #1379, .T. ) ;
#1375 = ORIENTED_EDGE ( 'NONE', *, *, #3779, .F. ) ;
#1376 = VECTOR ( 'NONE', #1684, 1000.000000000000000 ) ;
#1377 = DIRECTION ( 'NONE',  ( -0.9999437914932061133, 0.000000000000000000, -0.01060253998774571271 ) ) ;
#1378 = VECTOR ( 'NONE', #1498, 1000.000000000000114 ) ;
#1379 = EDGE_LOOP ( 'NONE', ( #3990, #3343, #2612, #2659, #1570, #3971, #586, #2821, #1085, #1056, #2856, #2160, #3731, #510, #2570, #2348, #3330, #2841, #1197, #147, #549, #2004 ) ) ;
#1380 = EDGE_CURVE ( 'NONE', #1823, #950, #214, .T. ) ;
#1381 = PLANE ( 'NONE',  #2185 ) ;
#1382 = ORIENTED_EDGE ( 'NONE', *, *, #678, .F. ) ;
#1383 = VERTEX_POINT ( 'NONE', #1585 ) ;
#1384 = CARTESIAN_POINT ( 'NONE',  ( -122.1786715887263881, 93.88000000000029388, 8.123971859965671172 ) ) ;
#1385 = DIRECTION ( 'NONE',  ( 0.06567303980416458464, 0.000000000000000000, -0.9978411957034448720 ) ) ;
#1386 = DIRECTION ( 'NONE',  ( 0.000000000000000000, 1.000000000000000000, 0.000000000000000000 ) ) ;
#1387 = ORIENTED_EDGE ( 'NONE', *, *, #2184, .T. ) ;
#1388 = ORIENTED_EDGE ( 'NONE', *, *, #2695, .T. ) ;
#1389 = EDGE_CURVE ( 'NONE', #536, #2804, #2175, .T. ) ;
#1390 = LINE ( 'NONE', #3224, #3826 ) ;
#1391 = CARTESIAN_POINT ( 'NONE',  ( -233.9222184833511733, 93.47999999999998977, 13.19005079517900114 ) ) ;
#1392 = CARTESIAN_POINT ( 'NONE',  ( -250.7667120139445274, 88.87999999999998124, 10.33830807117599448 ) ) ;
#1393 = LINE ( 'NONE', #1730, #525 ) ;
#1394 = VECTOR ( 'NONE', #1609, 1000.000000000000114 ) ;
#1395 = CARTESIAN_POINT ( 'NONE',  ( -255.8870986851619023, 92.87999999999999545, 7.681003567253950948 ) ) ;
#1396 = CARTESIAN_POINT ( 'NONE',  ( -148.6143614906584105, 88.87999999999998124, 25.96668747503434105 ) ) ;
#1397 = SURFACE_SIDE_STYLE ('',( #1687 ) ) ;
#1398 = VECTOR ( 'NONE', #3835, 1000.000000000000114 ) ;
#1399 = VECTOR ( 'NONE', #1840, 1000.000000000000000 ) ;
#1400 = CARTESIAN_POINT ( 'NONE',  ( -149.8126463061967115, 93.87999999999999545, 25.87186741635286324 ) ) ;
#1401 = CARTESIAN_POINT ( 'NONE',  ( -194.3434337935483995, 93.48000000000000398, 9.312927148811843026 ) ) ;
#1402 = ORIENTED_EDGE ( 'NONE', *, *, #2771, .F. ) ;
#1403 = ORIENTED_EDGE ( 'NONE', *, *, #842, .F. ) ;
#1404 = ORIENTED_EDGE ( 'NONE', *, *, #25, .F. ) ;
#1405 = FACE_OUTER_BOUND ( 'NONE', #3842, .T. ) ;
#1406 = DIRECTION ( 'NONE',  ( -0.000000000000000000, -1.000000000000000000, -0.000000000000000000 ) ) ;
#1407 = FACE_BOUND ( 'NONE', #2206, .T. ) ;
#1408 = VERTEX_POINT ( 'NONE', #288 ) ;
#1409 = EDGE_LOOP ( 'NONE', ( #786, #3439, #1862, #3416, #34, #1801 ) ) ;
#1410 = CARTESIAN_POINT ( 'NONE',  ( -123.7680119748291787, 92.87999999999999545, 117.6179576813737810 ) ) ;
#1411 = CARTESIAN_POINT ( 'NONE',  ( -199.0850363344286791, 88.87999999999999545, 17.00309731254722578 ) ) ;
#1412 = CIRCLE ( 'NONE', #3388, 0.5999999999999946487 ) ;
#1413 = DIRECTION ( 'NONE',  ( -0.6782016225132055931, 0.000000000000000000, 0.7348758801460661960 ) ) ;
#1414 = LINE ( 'NONE', #2598, #3463 ) ;
#1415 = EDGE_CURVE ( 'NONE', #742, #482, #1313, .T. ) ;
#1416 = ORIENTED_EDGE ( 'NONE', *, *, #484, .T. ) ;
#1417 = EDGE_CURVE ( 'NONE', #1589, #3263, #309, .T. ) ;
#1418 = VECTOR ( 'NONE', #2933, 1000.000000000000000 ) ;
#1419 = CARTESIAN_POINT ( 'NONE',  ( -270.6058122691731000, 88.87999999999998124, 7.731282320555692422 ) ) ;
#1420 = CARTESIAN_POINT ( 'NONE',  ( -65.32499969352929270, 92.87999999999999545, -106.8005475999412823 ) ) ;
#1421 = CARTESIAN_POINT ( 'NONE',  ( -238.2426487862577460, 92.87999999999999545, 8.058241179778804053 ) ) ;
#1422 = LINE ( 'NONE', #2675, #2168 ) ;
#1423 = ORIENTED_EDGE ( 'NONE', *, *, #1282, .T. ) ;
#1424 = EDGE_CURVE ( 'NONE', #1581, #2941, #981, .T. ) ;
#1425 = CARTESIAN_POINT ( 'NONE',  ( -113.5285485838877975, 88.87999999999998124, 8.528672068350594770 ) ) ;
#1426 = CARTESIAN_POINT ( 'NONE',  ( -266.6398104252421604, 4.999999999999990230, 6.507882213807852700 ) ) ;
#1427 = ORIENTED_EDGE ( 'NONE', *, *, #2364, .F. ) ;
#1428 = EDGE_CURVE ( 'NONE', #2146, #3114, #1731, .T. ) ;
#1429 = ORIENTED_EDGE ( 'NONE', *, *, #2147, .F. ) ;
#1430 = DIRECTION ( 'NONE',  ( -0.7248872777926392841, 0.000000000000000000, 0.6888675014067486835 ) ) ;
#1431 = DIRECTION ( 'NONE',  ( 0.001877162694616528937, 0.000000000000000000, -0.9999982381285568156 ) ) ;
#1432 = CARTESIAN_POINT ( 'NONE',  ( -179.3938425800780578, 93.87999999999999545, 22.81231622378527391 ) ) ;
#1433 = VERTEX_POINT ( 'NONE', #667 ) ;
#1434 = B_SPLINE_CURVE_WITH_KNOTS ( 'NONE', 3,
 ( #4018, #3626, #527, #2385, #2749, #1726, #877, #3071, #2444, #3692, #506, #1501, #3937, #1771, #2098, #2134 ),
 .UNSPECIFIED., .F., .F.,
 ( 4, 1, 1, 1, 1, 1, 1, 1, 1, 1, 1, 1, 1, 4 ),
 ( 0.03891155862395586501, 0.04061555485876838789, 0.04231955109357731643, 0.05452787951388714249, 0.06815984939235858464, 0.08179181927083004067, 0.1090557590277729250, 0.1363196987847158093, 0.1499516686631872653, 0.1635836385416586936, 0.1772156084201301496, 0.1908475782986016056, 0.1928611597997472449, 0.1945651560345575404 ),
 .UNSPECIFIED. ) ;
#1435 = DIRECTION ( 'NONE',  ( -0.7248872777926402833, 0.000000000000000000, 0.6888675014067477953 ) ) ;
#1436 = CARTESIAN_POINT ( 'NONE',  ( -164.3938166502456681, 93.87999999999999545, 9.632323722520098386 ) ) ;
#1437 = DIRECTION ( 'NONE',  ( -0.02646596929541076421, -0.000000000000000000, -0.9996497148847962588 ) ) ;
#1438 = CARTESIAN_POINT ( 'NONE',  ( -113.8344749848858157, 92.87999999999999545, 8.543598326845911473 ) ) ;
#1439 = ORIENTED_EDGE ( 'NONE', *, *, #2143, .F. ) ;
#1440 = DIRECTION ( 'NONE',  ( -0.9996497148847962588, 0.000000000000000000, 0.02646596929541076421 ) ) ;
#1441 = VECTOR ( 'NONE', #272, 1000.000000000000000 ) ;
#1442 = FACE_OUTER_BOUND ( 'NONE', #1573, .T. ) ;
#1443 = FILL_AREA_STYLE_COLOUR ( '', #3777 ) ;
#1444 = ADVANCED_FACE ( 'NONE', ( #2511 ), #53, .F. ) ;
#1445 = EDGE_LOOP ( 'NONE', ( #888, #3268, #927, #408 ) ) ;
#1446 = B_SPLINE_CURVE_WITH_KNOTS ( 'NONE', 3,
 ( #3310, #3690, #485, #1750, #2096 ),
 .UNSPECIFIED., .F., .F.,
 ( 4, 1, 4 ),
 ( 0.07307916071571721184, 0.07759797097803880495, 0.08397392714473826680 ),
 .UNSPECIFIED. ) ;
#1447 = DIRECTION ( 'NONE',  ( 0.000000000000000000, 1.000000000000000000, 0.000000000000000000 ) ) ;
#1448 = DIRECTION ( 'NONE',  ( -0.6888675014067501268, -0.000000000000000000, -0.7248872777926379518 ) ) ;
#1449 = ORIENTED_EDGE ( 'NONE', *, *, #3922, .F. ) ;
#1450 = ORIENTED_EDGE ( 'NONE', *, *, #1521, .F. ) ;
#1451 = AXIS2_PLACEMENT_3D ( 'NONE', #3888, #791, #1988 ) ;
#1452 = VERTEX_POINT ( 'NONE', #3197 ) ;
#1453 = DIRECTION ( 'NONE',  ( -0.000000000000000000, 1.000000000000000000, -0.000000000000000000 ) ) ;
#1454 = CARTESIAN_POINT ( 'NONE',  ( -227.5076778612757948, 92.87999999999999545, 8.453911112217982193 ) ) ;
#1455 = CARTESIAN_POINT ( 'NONE',  ( -187.6898994665143334, 93.87999999999999545, 10.88360650331930835 ) ) ;
#1456 = ADVANCED_FACE ( 'NONE', ( #3117 ), #2549, .F. ) ;
#1457 = ORIENTED_EDGE ( 'NONE', *, *, #596, .T. ) ;
#1458 = PLANE ( 'NONE',  #461 ) ;
#1459 = CARTESIAN_POINT ( 'NONE',  ( -113.0233135672802405, 88.87999999999998124, 27.31498970425845485 ) ) ;
#1460 = CARTESIAN_POINT ( 'NONE',  ( -254.6226053384950774, 92.87999999999999545, 8.584301412233694251 ) ) ;
#1461 = CARTESIAN_POINT ( 'NONE',  ( -133.5305144212685775, 92.87999999999999545, 25.38181269808915630 ) ) ;
#1462 = ORIENTED_EDGE ( 'NONE', *, *, #3069, .T. ) ;
#1463 = EDGE_CURVE ( 'NONE', #3616, #3360, #2562, .T. ) ;
#1464 = CARTESIAN_POINT ( 'NONE',  ( -266.5886069382464711, 88.87999999999998124, 9.579359346246587137 ) ) ;
#1465 = CARTESIAN_POINT ( 'NONE',  ( -274.6155771348952612, 88.87999999999998124, 2.997052627296134197 ) ) ;
#1466 = ADVANCED_FACE ( 'NONE', ( #3836 ), #963, .T. ) ;
#1467 = EDGE_LOOP ( 'NONE', ( #261, #2047, #2858, #770 ) ) ;
#1468 = AXIS2_PLACEMENT_3D ( 'NONE', #1547, #3805, #366 ) ;
#1469 = CARTESIAN_POINT ( 'NONE',  ( -221.7787467680724660, 92.87999999999999545, 15.64372520361560781 ) ) ;
#1470 = ADVANCED_FACE ( 'NONE', ( #922 ), #3498, .F. ) ;
#1471 = CARTESIAN_POINT ( 'NONE',  ( -83.70945874280815246, 92.87999999999999545, 79.54992100822235557 ) ) ;
#1472 = EDGE_LOOP ( 'NONE', ( #1427, #1857, #1101, #1728 ) ) ;
#1473 = VECTOR ( 'NONE', #933, 1000.000000000000000 ) ;
#1474 = ORIENTED_EDGE ( 'NONE', *, *, #1769, .T. ) ;
#1475 = CARTESIAN_POINT ( 'NONE',  ( -133.7537577194358960, 93.87999999999999545, 26.88888592191560178 ) ) ;
#1476 = DIRECTION ( 'NONE',  ( 0.000000000000000000, 1.000000000000000000, -0.000000000000000000 ) ) ;
#1477 = CARTESIAN_POINT ( 'NONE',  ( -190.1890343106762202, 93.87999999999999545, 9.385866078298587212 ) ) ;
#1478 = ORIENTED_EDGE ( 'NONE', *, *, #2586, .F. ) ;
#1479 = LINE ( 'NONE', #1108, #857 ) ;
#1480 = EDGE_CURVE ( 'NONE', #2451, #3096, #2431, .T. ) ;
#1481 = LINE ( 'NONE', #1751, #171 ) ;
#1482 = DIRECTION ( 'NONE',  ( -0.9286912196815906295, 0.000000000000000000, 0.3708539045046170268 ) ) ;
#1483 = DIRECTION ( 'NONE',  ( 0.6888675014067503488, 0.000000000000000000, 0.7248872777926378408 ) ) ;
#1484 = CARTESIAN_POINT ( 'NONE',  ( -179.5174658418248157, 92.87999999999999545, 9.534537799042796635 ) ) ;
#1485 = EDGE_CURVE ( 'NONE', #2453, #1179, #37, .T. ) ;
#1486 = DIRECTION ( 'NONE',  ( 0.000000000000000000, 0.000000000000000000, 1.000000000000000000 ) ) ;
#1487 = AXIS2_PLACEMENT_3D ( 'NONE', #513, #824, #3658 ) ;
#1488 = ORIENTED_EDGE ( 'NONE', *, *, #3629, .F. ) ;
#1489 = ORIENTED_EDGE ( 'NONE', *, *, #3251, .T. ) ;
#1490 = CARTESIAN_POINT ( 'NONE',  ( -171.0000680319912760, 93.87999999999999545, 23.74827596643235239 ) ) ;
#1491 = LINE ( 'NONE', #535, #1963 ) ;
#1492 = ORIENTED_EDGE ( 'NONE', *, *, #451, .T. ) ;
#1493 = VECTOR ( 'NONE', #3041, 1000.000000000000114 ) ;
#1494 = ORIENTED_EDGE ( 'NONE', *, *, #3320, .F. ) ;
#1495 = EDGE_CURVE ( 'NONE', #2509, #3253, #3177, .T. ) ;
#1496 = CARTESIAN_POINT ( 'NONE',  ( -178.1952668448776933, 92.87999999999999545, 22.75369838660252952 ) ) ;
#1497 = VERTEX_POINT ( 'NONE', #1297 ) ;
#1498 = DIRECTION ( 'NONE',  ( -0.02646596929540921336, -0.000000000000000000, -0.9996497148847962588 ) ) ;
#1499 = ORIENTED_EDGE ( 'NONE', *, *, #2069, .T. ) ;
#1500 = AXIS2_PLACEMENT_3D ( 'NONE', #2973, #3347, #522 ) ;
#1501 = CARTESIAN_POINT ( 'NONE',  ( -128.1061509150808320, 88.87999999999998124, 27.97564465478143347 ) ) ;
#1502 = LINE ( 'NONE', #3710, #2857 ) ;
#1503 = CARTESIAN_POINT ( 'NONE',  ( -132.9089226143069311, 92.87999999999999545, 3.518796046875030559 ) ) ;
#1504 = CARTESIAN_POINT ( 'NONE',  ( -267.5579742966418735, 93.87999999999999545, 3.504036228201333092 ) ) ;
#1505 = EDGE_LOOP ( 'NONE', ( #3449, #2350, #942, #1323 ) ) ;
#1506 = B_SPLINE_CURVE_WITH_KNOTS ( 'NONE', 3,
 ( #4037, #1931, #3171, #4078, #1537 ),
 .UNSPECIFIED., .F., .F.,
 ( 4, 1, 4 ),
 ( 0.8266410662914510654, 0.8494027461549495950, 0.8547559085613823937 ),
 .UNSPECIFIED. ) ;
#1507 = ORIENTED_EDGE ( 'NONE', *, *, #178, .T. ) ;
#1508 = CARTESIAN_POINT ( 'NONE',  ( -194.3434337935483995, 88.87999999999998124, 9.312927148811843026 ) ) ;
#1509 = CARTESIAN_POINT ( 'NONE',  ( -89.62753892102892905, 92.87999999999999545, 125.4662875543850191 ) ) ;
#1510 = ORIENTED_EDGE ( 'NONE', *, *, #1915, .F. ) ;
#1511 = CARTESIAN_POINT ( 'NONE',  ( -179.3923076441957392, 88.87999999999998124, 22.66755377934815030 ) ) ;
#1512 = ORIENTED_EDGE ( 'NONE', *, *, #1087, .T. ) ;
#1513 = EDGE_CURVE ( 'NONE', #223, #1555, #4087, .T. ) ;
#1514 = CARTESIAN_POINT ( 'NONE',  ( -266.5147033832301418, 4.999999999999990230, 5.740492526924503736 ) ) ;
#1515 = VECTOR ( 'NONE', #2204, 1000.000000000000000 ) ;
#1516 = VERTEX_POINT ( 'NONE', #1733 ) ;
#1517 = ORIENTED_EDGE ( 'NONE', *, *, #2789, .T. ) ;
#1518 = CARTESIAN_POINT ( 'NONE',  ( -270.6058122691731000, 88.87999999999998124, 7.731282320555692422 ) ) ;
#1519 = CARTESIAN_POINT ( 'NONE',  ( -258.8181366110552517, 93.47999999999997556, 7.583199739962943831 ) ) ;
#1520 = VECTOR ( 'NONE', #1127, 1000.000000000000114 ) ;
#1521 = EDGE_CURVE ( 'NONE', #3421, #2133, #1054, .T. ) ;
#1522 = CARTESIAN_POINT ( 'NONE',  ( -285.2692632531440609, 93.87999999999999545, 4.587123813238138226 ) ) ;
#1523 = CARTESIAN_POINT ( 'NONE',  ( -132.0558163152723807, 92.87999999999999545, 26.96303150517800873 ) ) ;
#1524 = DIRECTION ( 'NONE',  ( 0.000000000000000000, 1.000000000000000000, -0.000000000000000000 ) ) ;
#1525 = ADVANCED_FACE ( 'NONE', ( #1022 ), #118, .F. ) ;
#1526 = ORIENTED_EDGE ( 'NONE', *, *, #3174, .T. ) ;
#1527 = CARTESIAN_POINT ( 'NONE',  ( -228.0922669548007775, 93.47999999999998977, 9.000081170464282465 ) ) ;
#1528 = LINE ( 'NONE', #2456, #1367 ) ;
#1529 = ORIENTED_EDGE ( 'NONE', *, *, #1389, .F. ) ;
#1530 = EDGE_LOOP ( 'NONE', ( #3719, #990, #3336, #909 ) ) ;
#1531 = DIRECTION ( 'NONE',  ( -0.02688405537842415011, -0.000000000000000000, -0.9996385584632127008 ) ) ;
#1532 = VERTEX_POINT ( 'NONE', #2627 ) ;
#1533 = VECTOR ( 'NONE', #2488, 1000.000000000000000 ) ;
#1534 = FACE_OUTER_BOUND ( 'NONE', #3264, .T. ) ;
#1535 = VERTEX_POINT ( 'NONE', #730 ) ;
#1536 = CARTESIAN_POINT ( 'NONE',  ( -285.9904385892309051, 93.87999999999999545, 3.527721545625652766 ) ) ;
#1537 = CARTESIAN_POINT ( 'NONE',  ( -213.2678935476478159, 93.47999999999998977, 8.883460927922911310 ) ) ;
#1538 = B_SPLINE_CURVE_WITH_KNOTS ( 'NONE', 3,
 ( #1539, #2211, #3150, #1577, #2830, #1602, #1872, #4059, #2169, #2809, #8, #1916, #1271, #2525 ),
 .UNSPECIFIED., .F., .F.,
 ( 4, 1, 1, 1, 1, 1, 1, 1, 1, 1, 1, 4 ),
 ( 0.7011752054892489427, 0.7037511641537997908, 0.7114926295676233803, 0.7321002988842217896, 0.7527079682008201988, 0.7939233068340170174, 0.8351386454672137249, 0.8763539841004104325, 0.8969616534170088418, 0.9175693227336072511, 0.9324260961395651748, 0.9375780134687207168 ),
 .UNSPECIFIED. ) ;
#1539 = CARTESIAN_POINT ( 'NONE',  ( -112.7508309264629105, 88.87999999999998124, 7.689384925052574538 ) ) ;
#1540 = PLANE ( 'NONE',  #3329 ) ;
#1541 = EDGE_CURVE ( 'NONE', #2707, #669, #2298, .T. ) ;
#1542 = LINE ( 'NONE', #2792, #1934 ) ;
#1543 = VERTEX_POINT ( 'NONE', #3296 ) ;
#1544 = B_SPLINE_CURVE_WITH_KNOTS ( 'NONE', 3,
 ( #3951, #3327, #3019, #2683, #501 ),
 .UNSPECIFIED., .F., .F.,
 ( 4, 1, 4 ),
 ( 0.9229142185286837163, 0.9291378280682562885, 0.9294838303702601667 ),
 .UNSPECIFIED. ) ;
#1545 = VERTEX_POINT ( 'NONE', #2018 ) ;
#1546 = DIRECTION ( 'NONE',  ( -0.000000000000000000, 1.000000000000000000, -0.000000000000000000 ) ) ;
#1547 = CARTESIAN_POINT ( 'NONE',  ( -104.2954391588634167, 92.87999999999999545, -109.7488803342690176 ) ) ;
#1548 = FACE_BOUND ( 'NONE', #2518, .T. ) ;
#1549 = CARTESIAN_POINT ( 'NONE',  ( -265.5219321219681774, 4.999999999999990230, 2.837808823443983997 ) ) ;
#1550 = EDGE_LOOP ( 'NONE', ( #925, #1499, #2670, #1813, #671 ) ) ;
#1551 = PLANE ( 'NONE',  #3884 ) ;
#1552 = ORIENTED_EDGE ( 'NONE', *, *, #838, .F. ) ;
#1553 = DIRECTION ( 'NONE',  ( -0.7248872777926399502, 0.000000000000000000, 0.6888675014067480173 ) ) ;
#1554 = ORIENTED_EDGE ( 'NONE', *, *, #2021, .T. ) ;
#1555 = VERTEX_POINT ( 'NONE', #1373 ) ;
#1556 = CARTESIAN_POINT ( 'NONE',  ( -292.2377533026756282, 88.87999999999998124, 1.650914772663081065 ) ) ;
#1557 = PLANE ( 'NONE',  #3728 ) ;
#1558 = LINE ( 'NONE', #3452, #2110 ) ;
#1559 = CARTESIAN_POINT ( 'NONE',  ( -292.8379051518224969, 93.87999999999999545, 0.5759372686758340576 ) ) ;
#1560 = CARTESIAN_POINT ( 'NONE',  ( -252.0785529140159724, 92.87999999999999545, 7.428040944472593665 ) ) ;
#1561 = VERTEX_POINT ( 'NONE', #382 ) ;
#1562 = ORIENTED_EDGE ( 'NONE', *, *, #2666, .F. ) ;
#1563 = VERTEX_POINT ( 'NONE', #3232 ) ;
#1564 = DIRECTION ( 'NONE',  ( -0.9996385584632011545, 0.000000000000000000, 0.02688405537885410826 ) ) ;
#1565 = CARTESIAN_POINT ( 'NONE',  ( -280.3490536555156041, 88.87999999999998124, 2.537585519907809672 ) ) ;
#1566 = CARTESIAN_POINT ( 'NONE',  ( -177.8347060259989121, 92.87999999999999545, 9.552397567821030222 ) ) ;
#1567 = CARTESIAN_POINT ( 'NONE',  ( -69.87710367951460455, 93.47999999999998977, -107.1733000749819951 ) ) ;
#1568 = EDGE_CURVE ( 'NONE', #674, #2833, #869, .T. ) ;
#1569 = CARTESIAN_POINT ( 'NONE',  ( -195.6463559078458445, 93.48000000000000398, 20.27733546108196094 ) ) ;
#1570 = ORIENTED_EDGE ( 'NONE', *, *, #2747, .F. ) ;
#1571 = CARTESIAN_POINT ( 'NONE',  ( -240.2231530928515326, 93.47999999999998977, 11.84600902010685353 ) ) ;
#1572 = EDGE_CURVE ( 'NONE', #79, #2965, #409, .T. ) ;
#1573 = EDGE_LOOP ( 'NONE', ( #1936, #3588, #883 ) ) ;
#1574 = CARTESIAN_POINT ( 'NONE',  ( -164.4189516322942950, 93.87999999999999545, 23.02218692096814934 ) ) ;
#1575 = CARTESIAN_POINT ( 'NONE',  ( -196.9577467012201737, 92.87999999999999545, 12.34914432081862756 ) ) ;
#1576 = AXIS2_PLACEMENT_3D ( 'NONE', #3853, #1018, #2274 ) ;
#1577 = CARTESIAN_POINT ( 'NONE',  ( -122.1786715887263881, 88.87999999999998124, 8.123971859965671172 ) ) ;
#1578 = CARTESIAN_POINT ( 'NONE',  ( -290.3163669971427225, 88.87999999999998124, 0.8276152839015235019 ) ) ;
#1579 = VECTOR ( 'NONE', #2805, 1000.000000000000000 ) ;
#1580 = CARTESIAN_POINT ( 'NONE',  ( -232.7573189821663959, 92.87999999999999545, 13.43332594171979544 ) ) ;
#1581 = VERTEX_POINT ( 'NONE', #686 ) ;
#1582 = EDGE_CURVE ( 'NONE', #85, #3360, #2916, .T. ) ;
#1583 = EDGE_LOOP ( 'NONE', ( #3547, #179, #1722, #4010 ) ) ;
#1584 = CYLINDRICAL_SURFACE ( 'NONE', #1141, 4.124999999999996447 ) ;
#1585 = CARTESIAN_POINT ( 'NONE',  ( -255.8870986851619023, 93.47999999999998977, 7.681003567253950948 ) ) ;
#1586 = CARTESIAN_POINT ( 'NONE',  ( -233.5342942828518744, 92.87999999999999545, 13.27134239836746410 ) ) ;
#1587 = EDGE_CURVE ( 'NONE', #277, #3685, #146, .T. ) ;
#1588 = CARTESIAN_POINT ( 'NONE',  ( -116.6994142980007751, 93.88000000000000966, 8.683379740353986520 ) ) ;
#1589 = VERTEX_POINT ( 'NONE', #468 ) ;
#1590 = EDGE_CURVE ( 'NONE', #574, #3908, #1686, .T. ) ;
#1591 = CARTESIAN_POINT ( 'NONE',  ( -297.6249865866503796, 93.87999999999999545, 0.7942685039368116984 ) ) ;
#1592 = ORIENTED_EDGE ( 'NONE', *, *, #683, .F. ) ;
#1593 = EDGE_CURVE ( 'NONE', #998, #1589, #2892, .T. ) ;
#1594 = PLANE ( 'NONE',  #2573 ) ;
#1595 = AXIS2_PLACEMENT_3D ( 'NONE', #3902, #1377, #472 ) ;
#1596 = PRESENTATION_LAYER_ASSIGNMENT (  '', '', ( #13 ) ) ;
#1597 = ORIENTED_EDGE ( 'NONE', *, *, #2383, .T. ) ;
#1598 = LINE ( 'NONE', #3771, #1272 ) ;
#1599 = B_SPLINE_CURVE_WITH_KNOTS ( 'NONE', 13,
 ( #3446, #1591, #352, #3215, #2565, #387, #1944, #2494, #40, #1241, #2182, #1316, #2551, #615 ),
 .UNSPECIFIED., .F., .F.,
 ( 14, 14 ),
 ( 0.000000000000000000, 0.03891155862395484499 ),
 .UNSPECIFIED. ) ;
#1600 = DIRECTION ( 'NONE',  ( 0.000000000000000000, 0.000000000000000000, 1.000000000000000000 ) ) ;
#1601 = VECTOR ( 'NONE', #969, 1000.000000000000114 ) ;
#1602 = CARTESIAN_POINT ( 'NONE',  ( -150.8221721565745383, 88.87999999999998124, 8.847120223398674099 ) ) ;
#1603 = EDGE_CURVE ( 'NONE', #223, #3643, #751, .T. ) ;
#1604 = VECTOR ( 'NONE', #1482, 1000.000000000000114 ) ;
#1605 = CARTESIAN_POINT ( 'NONE',  ( -112.2016622524414515, 88.87999999999998124, 28.10930200660903822 ) ) ;
#1606 = EDGE_CURVE ( 'NONE', #3014, #2594, #756, .T. ) ;
#1607 = ORIENTED_EDGE ( 'NONE', *, *, #697, .F. ) ;
#1608 = PLANE ( 'NONE',  #1206 ) ;
#1609 = DIRECTION ( 'NONE',  ( 0.01060253998775674729, 0.000000000000000000, -0.9999437914932057803 ) ) ;
#1610 = LINE ( 'NONE', #2258, #2936 ) ;
#1611 = VERTEX_POINT ( 'NONE', #1094 ) ;
#1612 = AXIS2_PLACEMENT_3D ( 'NONE', #2481, #973, #319 ) ;
#1613 = CARTESIAN_POINT ( 'NONE',  ( -254.0872411081599580, 93.48000000000000398, 7.323425104646511308 ) ) ;
#1614 = CARTESIAN_POINT ( 'NONE',  ( -260.6240663350704381, 93.87999999999999545, 6.159236989585118671 ) ) ;
#1615 = ORIENTED_EDGE ( 'NONE', *, *, #3184, .F. ) ;
#1616 = CARTESIAN_POINT ( 'NONE',  ( -252.2572995699182741, 88.87999999999998124, 6.637396135036434330 ) ) ;
#1617 = PLANE ( 'NONE',  #1943 ) ;
#1618 = DIRECTION ( 'NONE',  ( 0.000000000000000000, 0.000000000000000000, -1.000000000000000000 ) ) ;
#1619 = VECTOR ( 'NONE', #3646, 1000.000000000000000 ) ;
#1620 = CARTESIAN_POINT ( 'NONE',  ( -168.8641331842243858, 88.87999999999998124, 24.10239613039014017 ) ) ;
#1621 = VERTEX_POINT ( 'NONE', #405 ) ;
#1622 = VERTEX_POINT ( 'NONE', #3564 ) ;
#1623 = CARTESIAN_POINT ( 'NONE',  ( -221.0877470024795173, 92.87999999999999545, 15.20952985507673105 ) ) ;
#1624 = CARTESIAN_POINT ( 'NONE',  ( -220.6196549160198401, 92.87999999999999545, 15.86831719877247338 ) ) ;
#1625 = CARTESIAN_POINT ( 'NONE',  ( -123.3137327467877640, 93.87999999999999545, 27.25623171729949945 ) ) ;
#1626 = ORIENTED_EDGE ( 'NONE', *, *, #3817, .F. ) ;
#1627 = EDGE_CURVE ( 'NONE', #2265, #941, #463, .T. ) ;
#1628 = B_SPLINE_CURVE_WITH_KNOTS ( 'NONE', 3,
 ( #587, #287, #2725, #1858, #1475 ),
 .UNSPECIFIED., .F., .F.,
 ( 4, 1, 4 ),
 ( 0.1559633577801318172, 0.1646423987747256401, 0.1712988811237816655 ),
 .UNSPECIFIED. ) ;
#1629 = DIRECTION ( 'NONE',  ( -0.000000000000000000, -1.000000000000000000, 0.000000000000000000 ) ) ;
#1630 = EDGE_CURVE ( 'NONE', #1277, #1433, #2040, .T. ) ;
#1631 = LINE ( 'NONE', #988, #3441 ) ;
#1632 = ORIENTED_EDGE ( 'NONE', *, *, #1177, .T. ) ;
#1633 = CARTESIAN_POINT ( 'NONE',  ( -260.6240663350704381, 93.88000000000029388, 6.159236989585118671 ) ) ;
#1634 = CARTESIAN_POINT ( 'NONE',  ( -133.3568342694792932, 92.87999999999999545, 9.271286723260869778 ) ) ;
#1635 = EDGE_CURVE ( 'NONE', #2356, #1744, #3319, .T. ) ;
#1636 = VERTEX_POINT ( 'NONE', #803 ) ;
#1637 = CARTESIAN_POINT ( 'NONE',  ( -285.2692632528748504, 88.87999999999998124, 4.587123813316586585 ) ) ;
#1638 = CARTESIAN_POINT ( 'NONE',  ( -164.9945637137987831, 92.87999999999999545, 9.631325334794965443 ) ) ;
#1639 = EDGE_CURVE ( 'NONE', #618, #85, #3633, .T. ) ;
#1640 = CARTESIAN_POINT ( 'NONE',  ( -112.2016622867483875, 93.87999999999999545, 28.10930200688546421 ) ) ;
#1641 = DIRECTION ( 'NONE',  ( 0.000000000000000000, 1.000000000000000000, 0.000000000000000000 ) ) ;
#1642 = VECTOR ( 'NONE', #1865, 1000.000000000000000 ) ;
#1643 = ORIENTED_EDGE ( 'NONE', *, *, #970, .T. ) ;
#1644 = FACE_OUTER_BOUND ( 'NONE', #1695, .T. ) ;
#1645 = CARTESIAN_POINT ( 'NONE',  ( -293.2676002059569100, 93.87999999999999545, 1.330312713633649668 ) ) ;
#1646 = LINE ( 'NONE', #946, #2772 ) ;
#1647 = DIRECTION ( 'NONE',  ( 1.000000000000000000, 0.000000000000000000, 0.000000000000000000 ) ) ;
#1648 = EDGE_CURVE ( 'NONE', #296, #196, #1544, .T. ) ;
#1649 = CIRCLE ( 'NONE', #3229, 9.000000000001181277 ) ;
#1650 = PLANE ( 'NONE',  #2311 ) ;
#1651 = ORIENTED_EDGE ( 'NONE', *, *, #3191, .F. ) ;
#1652 = CARTESIAN_POINT ( 'NONE',  ( -258.7028822036019164, 4.999999999999990230, -42.17616278367351867 ) ) ;
#1653 = EDGE_LOOP ( 'NONE', ( #1255, #3635, #3765, #1358 ) ) ;
#1654 = ORIENTED_EDGE ( 'NONE', *, *, #3636, .T. ) ;
#1655 = CARTESIAN_POINT ( 'NONE',  ( -113.8284090580020518, 93.87999999999999545, 28.12009005535462336 ) ) ;
#1656 = CARTESIAN_POINT ( 'NONE',  ( -247.4112030334044618, 88.87999999999998124, 10.26930581630612593 ) ) ;
#1657 = VERTEX_POINT ( 'NONE', #2029 ) ;
#1658 = VECTOR ( 'NONE', #1357, 1000.000000000000114 ) ;
#1659 = DIRECTION ( 'NONE',  ( -0.7348758801460661960, -0.000000000000000000, -0.6782016225132055931 ) ) ;
#1660 = CARTESIAN_POINT ( 'NONE',  ( -242.5546761524411465, 93.47999999999998977, 11.33505664491636722 ) ) ;
#1661 = CARTESIAN_POINT ( 'NONE',  ( -293.2676002059569100, 4.999999999999990230, 1.330312713633649668 ) ) ;
#1662 = AXIS2_PLACEMENT_3D ( 'NONE', #1714, #3281, #149 ) ;
#1663 = LINE ( 'NONE', #2959, #3549 ) ;
#1664 = EDGE_CURVE ( 'NONE', #984, #674, #716, .T. ) ;
#1665 = EDGE_CURVE ( 'NONE', #1532, #1823, #1123, .T. ) ;
#1666 = DIRECTION ( 'NONE',  ( -0.000000000000000000, 1.000000000000000000, -0.000000000000000000 ) ) ;
#1667 = CARTESIAN_POINT ( 'NONE',  ( -257.1893738146056876, 92.87999999999999545, 7.974471785464695373 ) ) ;
#1668 = CARTESIAN_POINT ( 'NONE',  ( -285.9904385892309051, 93.87999999999999545, 3.527721545625652766 ) ) ;
#1669 = CARTESIAN_POINT ( 'NONE',  ( -160.2332887747898837, 93.87999999999999545, 9.638339581770710041 ) ) ;
#1670 = ORIENTED_EDGE ( 'NONE', *, *, #178, .F. ) ;
#1671 = CARTESIAN_POINT ( 'NONE',  ( -134.1085022721686641, 93.87999999999999545, 3.550555210029314956 ) ) ;
#1672 = ORIENTED_EDGE ( 'NONE', *, *, #121, .F. ) ;
#1673 = CARTESIAN_POINT ( 'NONE',  ( -113.3033073900973449, 93.87999999999998124, 7.716868825675275545 ) ) ;
#1674 = ORIENTED_EDGE ( 'NONE', *, *, #970, .F. ) ;
#1675 = ORIENTED_EDGE ( 'NONE', *, *, #3412, .T. ) ;
#1676 = CARTESIAN_POINT ( 'NONE',  ( -265.7189512413807506, 88.87999999999998124, 5.831332410555692292 ) ) ;
#1677 = CARTESIAN_POINT ( 'NONE',  ( -248.1457962151761478, 93.48000000000000398, 7.623944616076837377 ) ) ;
#1678 = CARTESIAN_POINT ( 'NONE',  ( -201.1313894290106816, 93.47999999999998977, 19.38718104202090231 ) ) ;
#1679 = ORIENTED_EDGE ( 'NONE', *, *, #3335, .F. ) ;
#1680 = CARTESIAN_POINT ( 'NONE',  ( -257.5087377909017050, 92.87999999999999545, 7.897858416091774636 ) ) ;
#1681 = VECTOR ( 'NONE', #2774, 1000.000000000000000 ) ;
#1682 = CARTESIAN_POINT ( 'NONE',  ( -203.8710170635361578, 92.87999999999999545, 18.91889305117460651 ) ) ;
#1683 = DIRECTION ( 'NONE',  ( 0.02646596929540921336, 0.000000000000000000, 0.9996497148847962588 ) ) ;
#1684 = DIRECTION ( 'NONE',  ( 0.000000000000000000, -1.000000000000000000, 0.000000000000000000 ) ) ;
#1685 = CARTESIAN_POINT ( 'NONE',  ( -257.5438128820314319, 92.87999999999999545, 7.889533120922885168 ) ) ;
#1686 = LINE ( 'NONE', #3275, #3628 ) ;
#1687 = SURFACE_STYLE_FILL_AREA ( #2299 ) ;
#1688 = EDGE_CURVE ( 'NONE', #664, #2833, #200, .T. ) ;
#1689 = ORIENTED_EDGE ( 'NONE', *, *, #2918, .F. ) ;
#1690 = VECTOR ( 'NONE', #2279, 1000.000000000000000 ) ;
#1691 = CARTESIAN_POINT ( 'NONE',  ( -32.54741776726640268, 92.87999999999999545, -81.50514457746611185 ) ) ;
#1692 = EDGE_CURVE ( 'NONE', #294, #4055, #814, .T. ) ;
#1693 = ORIENTED_EDGE ( 'NONE', *, *, #914, .T. ) ;
#1694 = FACE_OUTER_BOUND ( 'NONE', #3010, .T. ) ;
#1695 = EDGE_LOOP ( 'NONE', ( #3770, #76, #2584, #3153 ) ) ;
#1696 = ORIENTED_EDGE ( 'NONE', *, *, #3584, .F. ) ;
#1697 = CARTESIAN_POINT ( 'NONE',  ( -132.8079613817489815, 88.87999999999998124, 8.488640521341494605 ) ) ;
#1698 = LINE ( 'NONE', #2950, #208 ) ;
#1699 = PLANE ( 'NONE',  #563 ) ;
#1700 = ORIENTED_EDGE ( 'NONE', *, *, #2186, .T. ) ;
#1701 = ORIENTED_EDGE ( 'NONE', *, *, #1328, .F. ) ;
#1702 = CARTESIAN_POINT ( 'NONE',  ( -293.2676002059569100, 88.87999999999998124, 1.330312713633649668 ) ) ;
#1703 = PRODUCT_DEFINITION ( 'UNKNOWN', '', #4074, #4060 ) ;
#1704 = CARTESIAN_POINT ( 'NONE',  ( -247.4112030334044618, 93.48000000000000398, 10.26930581630612593 ) ) ;
#1705 = FACE_OUTER_BOUND ( 'NONE', #572, .T. ) ;
#1706 = LINE ( 'NONE', #466, #1376 ) ;
#1707 = EDGE_CURVE ( 'NONE', #900, #4055, #2429, .T. ) ;
#1708 = DIRECTION ( 'NONE',  ( 0.000000000000000000, 0.000000000000000000, 1.000000000000000000 ) ) ;
#1709 = CARTESIAN_POINT ( 'NONE',  ( -186.6359213439629627, 93.87999999999999545, 9.444839639595118186 ) ) ;
#1710 = VECTOR ( 'NONE', #2939, 1000.000000000000000 ) ;
#1711 = DIRECTION ( 'NONE',  ( 0.9978411957034449831, 0.000000000000000000, 0.06567303980416459852 ) ) ;
#1712 = VECTOR ( 'NONE', #2576, 1000.000000000000000 ) ;
#1713 = VERTEX_POINT ( 'NONE', #3575 ) ;
#1714 = CARTESIAN_POINT ( 'NONE',  ( -97.31973502765107753, 92.87999999999999545, -102.4084278262971566 ) ) ;
#1715 = ORIENTED_EDGE ( 'NONE', *, *, #3918, .F. ) ;
#1716 = ORIENTED_EDGE ( 'NONE', *, *, #1572, .T. ) ;
#1717 = LINE ( 'NONE', #2377, #2843 ) ;
#1718 = CARTESIAN_POINT ( 'NONE',  ( -264.1907845933577050, 88.87999999999998124, -17.38774865900553124 ) ) ;
#1719 = PLANE ( 'NONE',  #759 ) ;
#1720 = EDGE_CURVE ( 'NONE', #2538, #2336, #1033, .T. ) ;
#1721 = ORIENTED_EDGE ( 'NONE', *, *, #1692, .T. ) ;
#1722 = ORIENTED_EDGE ( 'NONE', *, *, #1639, .F. ) ;
#1723 = CARTESIAN_POINT ( 'NONE',  ( -190.7528261741830136, 88.87999999999998124, 21.03932599842006823 ) ) ;
#1724 = VECTOR ( 'NONE', #4088, 1000.000000000000000 ) ;
#1725 = CARTESIAN_POINT ( 'NONE',  ( -92.49999999999820943, 88.87999999999998124, 16.74722354252501688 ) ) ;
#1726 = CARTESIAN_POINT ( 'NONE',  ( -237.8803495755753659, 88.87999999999998124, 13.20663139703280642 ) ) ;
#1727 = CARTESIAN_POINT ( 'NONE',  ( -57.94607177228484574, 92.87999999999999545, 62.78836422842088183 ) ) ;
#1728 = ORIENTED_EDGE ( 'NONE', *, *, #421, .T. ) ;
#1729 = ADVANCED_FACE ( 'NONE', ( #2286 ), #3553, .F. ) ;
#1730 = CARTESIAN_POINT ( 'NONE',  ( -65.32499969352929270, 93.47999999999998977, -106.8005475999412823 ) ) ;
#1731 = CIRCLE ( 'NONE', #537, 0.5999999999999946487 ) ;
#1732 = CARTESIAN_POINT ( 'NONE',  ( -228.2616225081515609, 92.87999999999999545, 8.428349987432380175 ) ) ;
#1733 = CARTESIAN_POINT ( 'NONE',  ( -190.0016062546593503, 92.87999999999999545, 21.15314922799253594 ) ) ;
#1734 = CARTESIAN_POINT ( 'NONE',  ( -190.0606051026418584, 88.87999999999998124, 21.14460090871749642 ) ) ;
#1735 = VECTOR ( 'NONE', #2256, 1000.000000000000000 ) ;
#1736 = EDGE_CURVE ( 'NONE', #2165, #2728, #3242, .T. ) ;
#1737 = ORIENTED_EDGE ( 'NONE', *, *, #1205, .F. ) ;
#1738 = VECTOR ( 'NONE', #1796, 1000.000000000000114 ) ;
#1739 = LINE ( 'NONE', #3259, #1266 ) ;
#1740 = LINE ( 'NONE', #1806, #4011 ) ;
#1741 = ORIENTED_EDGE ( 'NONE', *, *, #2153, .F. ) ;
#1742 = B_SPLINE_CURVE_WITH_KNOTS ( 'NONE', 13,
 ( #2251, #3512, #2954, #1953, #2931, #3206, #374, #1637, #3893, #2884, #1014, #698, #2595, #3872 ),
 .UNSPECIFIED., .F., .F.,
 ( 14, 14 ),
 ( 0.1791999594315401290, 0.2181115180554950850 ),
 .UNSPECIFIED. ) ;
#1743 = ORIENTED_EDGE ( 'NONE', *, *, #2842, .T. ) ;
#1744 = VERTEX_POINT ( 'NONE', #2638 ) ;
#1745 = CARTESIAN_POINT ( 'NONE',  ( -266.3727187654356499, 88.87999999999998124, 3.583167371676566404 ) ) ;
#1746 = CARTESIAN_POINT ( 'NONE',  ( -129.5036039822503255, 92.87999999999999545, 123.0685471127015518 ) ) ;
#1747 = CARTESIAN_POINT ( 'NONE',  ( 0.000000000000000000, 93.47999999999998977, 0.000000000000000000 ) ) ;
#1748 = ORIENTED_EDGE ( 'NONE', *, *, #1898, .F. ) ;
#1749 = ORIENTED_EDGE ( 'NONE', *, *, #1300, .F. ) ;
#1750 = CARTESIAN_POINT ( 'NONE',  ( -223.9352534595391262, 93.48000000000000398, 15.22428959786221725 ) ) ;
#1751 = CARTESIAN_POINT ( 'NONE',  ( -241.3852872890720391, 92.87999999999999545, 11.59175294562724723 ) ) ;
#1752 = VECTOR ( 'NONE', #2425, 1000.000000000000000 ) ;
#1753 = CARTESIAN_POINT ( 'NONE',  ( -192.5000000004401102, 88.87999999999998124, 11.02593237100210644 ) ) ;
#1754 = CARTESIAN_POINT ( 'NONE',  ( -257.6570793527035335, 93.47999999999998977, 7.526381928219097794 ) ) ;
#1755 = ORIENTED_EDGE ( 'NONE', *, *, #3694, .T. ) ;
#1756 = CARTESIAN_POINT ( 'NONE',  ( -295.2192840323294263, 88.87999999999998124, 1.574556936904939919 ) ) ;
#1757 = CARTESIAN_POINT ( 'NONE',  ( -114.4461369841751406, 92.87999999999999545, 8.572950441632396945 ) ) ;
#1758 = CARTESIAN_POINT ( 'NONE',  ( -113.0233135672802547, 88.87999999999998124, 27.31498970425845130 ) ) ;
#1759 = ORIENTED_EDGE ( 'NONE', *, *, #1214, .F. ) ;
#1760 = PLANE ( 'NONE',  #1202 ) ;
#1761 = LINE ( 'NONE', #2740, #2548 ) ;
#1762 = ORIENTED_EDGE ( 'NONE', *, *, #3517, .F. ) ;
#1763 = ORIENTED_EDGE ( 'NONE', *, *, #1971, .F. ) ;
#1764 = CARTESIAN_POINT ( 'NONE',  ( -112.2823144185780109, 88.87999999999998124, 25.11038633121939512 ) ) ;
#1765 = CARTESIAN_POINT ( 'NONE',  ( -223.1576030448098891, 93.47999999999998977, 8.600734002177599535 ) ) ;
#1766 = DIRECTION ( 'NONE',  ( 0.2442954651673956978, 0.000000000000000000, -0.9697008434041117786 ) ) ;
#1767 = VERTEX_POINT ( 'NONE', #2997 ) ;
#1768 = DIRECTION ( 'NONE',  ( -0.000000000000000000, 1.000000000000000000, -0.000000000000000000 ) ) ;
#1769 = EDGE_CURVE ( 'NONE', #3485, #1338, #3129, .T. ) ;
#1770 = CARTESIAN_POINT ( 'NONE',  ( -114.4828442445582510, 88.87999999999998124, 27.32352736051254283 ) ) ;
#1771 = CARTESIAN_POINT ( 'NONE',  ( -113.8284090580020518, 88.87999999999998124, 28.12009005535462336 ) ) ;
#1772 = AXIS2_PLACEMENT_3D ( 'NONE', #1940, #3257, #1647 ) ;
#1773 = LINE ( 'NONE', #1818, #2137 ) ;
#1774 = ORIENTED_EDGE ( 'NONE', *, *, #3011, .T. ) ;
#1775 = CARTESIAN_POINT ( 'NONE',  ( -249.5323828144506138, 92.87999999999999545, 9.767544433441221585 ) ) ;
#1776 = EDGE_CURVE ( 'NONE', #3283, #2707, #2958, .T. ) ;
#1777 = DIRECTION ( 'NONE',  ( -0.000000000000000000, -1.000000000000000000, -0.000000000000000000 ) ) ;
#1778 = ORIENTED_EDGE ( 'NONE', *, *, #426, .T. ) ;
#1779 = CARTESIAN_POINT ( 'NONE',  ( -165.9276959313934015, 93.87999999999999545, 24.32335976594871241 ) ) ;
#1780 = B_SPLINE_SURFACE_WITH_KNOTS ( 'NONE', 3, 1, ( 
 ( #377, #1640 ),
 ( #1066, #1349 ),
 ( #1017, #700 ),
 ( #2316, #1975 ),
 ( #3874, #1039 ),
 ( #2620, #3560 ),
 ( #423, #2934 ),
 ( #1994, #1370 ),
 ( #3895, #2015 ),
 ( #3271, #2956 ),
 ( #445, #137 ),
 ( #1392, #806 ),
 ( #2372, #782 ),
 ( #2585, #2044 ),
 ( #3862, #3299 ),
 ( #1050, #411 ) ),
 .UNSPECIFIED., .F., .F., .F.,
 ( 4, 1, 1, 1, 1, 1, 1, 1, 1, 1, 1, 1, 1, 4 ),
 ( 2, 2 ),
 ( 0.000000000000000000, 0.001703996196631502036, 0.003717577697777141310, 0.01734954757624859734, 0.03098151745472005336, 0.04461348733319148163, 0.05824545721166293766, 0.08550939696860582195, 0.1127733367255487062, 0.1264053066040201623, 0.1400372764824915905, 0.1522456049028014236, 0.1539496011376103590, 0.1556535973724228750 ),
 ( 0.000000000000000000, 1.000000000000000000 ),
 .UNSPECIFIED. ) ;
#1781 = B_SPLINE_CURVE_WITH_KNOTS ( 'NONE', 3,
 ( #2693, #188, #3716, #1134 ),
 .UNSPECIFIED., .F., .F.,
 ( 4, 4 ),
 ( 0.8547559085613818386, 0.8564952732850472650 ),
 .UNSPECIFIED. ) ;
#1782 = CARTESIAN_POINT ( 'NONE',  ( -260.8337779112893600, 93.47999999999998977, 6.940564282576751509 ) ) ;
#1783 = ORIENTED_EDGE ( 'NONE', *, *, #2246, .T. ) ;
#1784 = VECTOR ( 'NONE', #3285, 1000.000000000000000 ) ;
#1785 = EDGE_CURVE ( 'NONE', #2371, #233, #2661, .T. ) ;
#1786 = ORIENTED_EDGE ( 'NONE', *, *, #1417, .T. ) ;
#1787 = VECTOR ( 'NONE', #2226, 1000.000000000000000 ) ;
#1788 = ORIENTED_EDGE ( 'NONE', *, *, #3792, .F. ) ;
#1789 = CARTESIAN_POINT ( 'NONE',  ( -241.8427587424439764, 93.47999999999998977, 10.92287269651130721 ) ) ;
#1790 = FACE_OUTER_BOUND ( 'NONE', #3890, .T. ) ;
#1791 = CARTESIAN_POINT ( 'NONE',  ( -246.0930087101614845, 92.87999999999999545, 7.719654219035418485 ) ) ;
#1792 = ORIENTED_EDGE ( 'NONE', *, *, #2358, .F. ) ;
#1793 = CARTESIAN_POINT ( 'NONE',  ( -98.79510912553676860, 88.87999999999998124, 10.31514758700471290 ) ) ;
#1794 = EDGE_CURVE ( 'NONE', #4014, #3202, #2615, .T. ) ;
#1795 = CARTESIAN_POINT ( 'NONE',  ( -195.6463559078458445, 88.87999999999998124, 20.27733546108196805 ) ) ;
#1796 = DIRECTION ( 'NONE',  ( -0.8376768486544285963, 0.000000000000000000, 0.5461661809636199072 ) ) ;
#1797 = CARTESIAN_POINT ( 'NONE',  ( -133.1133349853126902, 92.87999999999999545, 126.4989099470499241 ) ) ;
#1798 = CARTESIAN_POINT ( 'NONE',  ( -133.1133349853126902, 92.87999999999999545, 126.4989099470499241 ) ) ;
#1799 = CARTESIAN_POINT ( 'NONE',  ( -192.5000000004401102, 88.87999999999998124, 11.02593237100210644 ) ) ;
#1800 = EDGE_CURVE ( 'NONE', #133, #3447, #3305, .T. ) ;
#1801 = ORIENTED_EDGE ( 'NONE', *, *, #1785, .T. ) ;
#1802 = VECTOR ( 'NONE', #885, 1000.000000000000000 ) ;
#1803 = B_SPLINE_CURVE_WITH_KNOTS ( 'NONE', 13,
 ( #2863, #3467, #3841, #2802, #688, #2877, #2260, #670, #334, #57, #926, #635, #3183, #3525 ),
 .UNSPECIFIED., .F., .F.,
 ( 14, 14 ),
 ( 0.6702772909343686081, 0.7326992774657072882 ),
 .UNSPECIFIED. ) ;
#1804 = AXIS2_PLACEMENT_3D ( 'NONE', #1154, #1777, #3008 ) ;
#1805 = CARTESIAN_POINT ( 'NONE',  ( -250.7585574480021364, 92.87999999999999545, 7.495065782900966589 ) ) ;
#1806 = CARTESIAN_POINT ( 'NONE',  ( -253.0423473195501742, 92.87999999999999545, 8.955332983845949002 ) ) ;
#1807 = ORIENTED_EDGE ( 'NONE', *, *, #2076, .F. ) ;
#1808 = B_SPLINE_CURVE_WITH_KNOTS ( 'NONE', 3,
 ( #3247, #2559, #1954, #3270, #1660 ),
 .UNSPECIFIED., .F., .F.,
 ( 4, 1, 4 ),
 ( 0.05737537480843810794, 0.05825476480099728294, 0.06319283298648539771 ),
 .UNSPECIFIED. ) ;
#1809 = VECTOR ( 'NONE', #2527, 1000.000000000000000 ) ;
#1810 = ORIENTED_EDGE ( 'NONE', *, *, #1485, .T. ) ;
#1811 = CARTESIAN_POINT ( 'NONE',  ( -112.8759871213074035, 88.87999999999998124, 3.035661502803514988 ) ) ;
#1812 =( BOUNDED_SURFACE ( )  B_SPLINE_SURFACE ( 3, 1, ( 
 ( #1795, #3691 ),
 ( #1411, #1816 ),
 ( #226, #3673 ),
 ( #854, #2097 ) ),
 .UNSPECIFIED., .F., .F., .F. ) 
 B_SPLINE_SURFACE_WITH_KNOTS ( ( 4, 4 ),
 ( 2, 2 ),
 ( 0.000000000000000000, 1.000000000000000000 ),
 ( 0.000000000000000000, 1.000000000000000000 ),
 .UNSPECIFIED. ) 
 GEOMETRIC_REPRESENTATION_ITEM ( )  RATIONAL_B_SPLINE_SURFACE ( (
 ( 1.000000000000000000, 1.000000000000000000),
 ( 0.6657799060883728970, 0.6657799060883728970),
 ( 0.6657799060883728970, 0.6657799060883728970),
 ( 1.000000000000000000, 1.000000000000000000) ) ) 
 REPRESENTATION_ITEM ( '' )  SURFACE ( )  );
#1813 = ORIENTED_EDGE ( 'NONE', *, *, #1480, .F. ) ;
#1814 = CARTESIAN_POINT ( 'NONE',  ( -195.4746024212995508, 92.87999999999998124, 9.921671492800104630 ) ) ;
#1815 = ORIENTED_EDGE ( 'NONE', *, *, #3683, .T. ) ;
#1816 = CARTESIAN_POINT ( 'NONE',  ( -199.0850363344286791, 93.48000000000000398, 17.00309731254722578 ) ) ;
#1817 = LINE ( 'NONE', #855, #2716 ) ;
#1818 = CARTESIAN_POINT ( 'NONE',  ( -57.13222982526929172, 92.87999999999999545, 61.90651317224560302 ) ) ;
#1819 = FACE_OUTER_BOUND ( 'NONE', #920, .T. ) ;
#1820 = CARTESIAN_POINT ( 'NONE',  ( -269.9384435895143497, 88.87999999999998124, 3.340010526439208149 ) ) ;
#1821 = ORIENTED_EDGE ( 'NONE', *, *, #643, .F. ) ;
#1822 = AXIS2_PLACEMENT_3D ( 'NONE', #1215, #880, #2193 ) ;
#1823 = VERTEX_POINT ( 'NONE', #440 ) ;
#1824 = EDGE_CURVE ( 'NONE', #2058, #3014, #1698, .T. ) ;
#1825 = CARTESIAN_POINT ( 'NONE',  ( -253.5796452974664135, 93.47999999999998977, 8.346190340468108815 ) ) ;
#1826 = CARTESIAN_POINT ( 'NONE',  ( -199.5036048788796279, 88.87999999999998124, 9.217415272723718189 ) ) ;
#1827 = ORIENTED_EDGE ( 'NONE', *, *, #2076, .T. ) ;
#1828 = VECTOR ( 'NONE', #1344, 999.9999999999998863 ) ;
#1829 = VERTEX_POINT ( 'NONE', #3910 ) ;
#1830 = EDGE_CURVE ( 'NONE', #2104, #948, #1082, .T. ) ;
#1831 = DIRECTION ( 'NONE',  ( -0.6896405168819210729, 0.000000000000000000, 0.7241518884010706980 ) ) ;
#1832 = VERTEX_POINT ( 'NONE', #3596 ) ;
#1833 = FACE_OUTER_BOUND ( 'NONE', #3865, .T. ) ;
#1834 = EDGE_LOOP ( 'NONE', ( #3083, #437, #2812, #609 ) ) ;
#1835 = DIRECTION ( 'NONE',  ( 0.000000000000000000, 0.000000000000000000, -1.000000000000000000 ) ) ;
#1836 = CARTESIAN_POINT ( 'NONE',  ( -133.9566240984101739, 92.87999999999999545, 9.287166304838097020 ) ) ;
#1837 = EDGE_CURVE ( 'NONE', #51, #1047, #767, .T. ) ;
#1838 = CARTESIAN_POINT ( 'NONE',  ( -266.5886069382464711, 93.87999999999999545, 9.579359346246587137 ) ) ;
#1839 = FACE_OUTER_BOUND ( 'NONE', #1841, .T. ) ;
#1840 = DIRECTION ( 'NONE',  ( -0.000000000000000000, 1.000000000000000000, -0.000000000000000000 ) ) ;
#1841 = EDGE_LOOP ( 'NONE', ( #785, #781, #1315, #1100 ) ) ;
#1842 = CARTESIAN_POINT ( 'NONE',  ( -165.5953102936683479, 92.87999999999999545, 9.630069181646565113 ) ) ;
#1843 = LINE ( 'NONE', #2818, #1178 ) ;
#1844 = VERTEX_POINT ( 'NONE', #908 ) ;
#1845 = LINE ( 'NONE', #1496, #455 ) ;
#1846 = ORIENTED_EDGE ( 'NONE', *, *, #3809, .F. ) ;
#1847 = FACE_OUTER_BOUND ( 'NONE', #758, .T. ) ;
#1848 = VECTOR ( 'NONE', #3266, 1000.000000000000000 ) ;
#1849 = EDGE_LOOP ( 'NONE', ( #2032, #2479, #711, #2622, #3187, #3768, #1478, #1615, #3423, #1181, #1225, #3222, #2702, #595, #269, #747, #2768, #14, #344, #3260, #240, #337 ) ) ;
#1850 = CARTESIAN_POINT ( 'NONE',  ( -256.7794921707696290, 92.87999999999999545, 7.175935368848862517 ) ) ;
#1851 = CARTESIAN_POINT ( 'NONE',  ( -189.5599024516232021, 93.87999999999999545, 21.21982524976230167 ) ) ;
#1852 = CARTESIAN_POINT ( 'NONE',  ( -194.3434337935483995, 88.87999999999998124, 9.312927148811843026 ) ) ;
#1853 = CARTESIAN_POINT ( 'NONE',  ( -252.9784568474884736, 4.999999999999990230, -41.24291343747756855 ) ) ;
#1854 = CARTESIAN_POINT ( 'NONE',  ( -234.7378271132907344, 93.48000000000000398, 8.198046345726575979 ) ) ;
#1855 = EDGE_CURVE ( 'NONE', #1286, #3324, #274, .T. ) ;
#1856 = ORIENTED_EDGE ( 'NONE', *, *, #491, .F. ) ;
#1857 = ORIENTED_EDGE ( 'NONE', *, *, #720, .F. ) ;
#1858 = CARTESIAN_POINT ( 'NONE',  ( -135.8692035659279327, 93.87999999999999545, 26.79237269320573844 ) ) ;
#1859 = DIRECTION ( 'NONE',  ( 0.000000000000000000, 0.000000000000000000, -1.000000000000000000 ) ) ;
#1860 = PLANE ( 'NONE',  #1292 ) ;
#1861 = PLANE ( 'NONE',  #3476 ) ;
#1862 = ORIENTED_EDGE ( 'NONE', *, *, #1863, .T. ) ;
#1863 = EDGE_CURVE ( 'NONE', #808, #3000, #2781, .T. ) ;
#1864 = ORIENTED_EDGE ( 'NONE', *, *, #546, .F. ) ;
#1865 = DIRECTION ( 'NONE',  ( 0.000000000000000000, 1.000000000000000000, 0.000000000000000000 ) ) ;
#1866 = EDGE_LOOP ( 'NONE', ( #391, #2948, #3145, #3593, #3103, #3038 ) ) ;
#1867 = AXIS2_PLACEMENT_3D ( 'NONE', #3592, #2304, #3217 ) ;
#1868 = DIRECTION ( 'NONE',  ( 0.000000000000000000, 1.000000000000000000, -0.000000000000000000 ) ) ;
#1869 = ORIENTED_EDGE ( 'NONE', *, *, #2872, .T. ) ;
#1870 = CARTESIAN_POINT ( 'NONE',  ( -194.9129271786084701, 93.47999999999998977, 9.302312362620199337 ) ) ;
#1871 = CARTESIAN_POINT ( 'NONE',  ( -123.0258495498965630, 88.87999999999998124, 8.956862106542892832 ) ) ;
#1872 = CARTESIAN_POINT ( 'NONE',  ( -173.4395179607336104, 88.87999999999998124, 8.866531246998681226 ) ) ;
#1873 = DIRECTION ( 'NONE',  ( -0.6888675014067497937, 0.000000000000000000, -0.7248872777926383959 ) ) ;
#1874 = EDGE_CURVE ( 'NONE', #1187, #2265, #4050, .T. ) ;
#1875 = CARTESIAN_POINT ( 'NONE',  ( -260.8576000463186801, 93.48000000000000398, 7.086686038640936047 ) ) ;
#1876 = ORIENTED_EDGE ( 'NONE', *, *, #861, .T. ) ;
#1877 = EDGE_LOOP ( 'NONE', ( #2068, #442, #769, #3849 ) ) ;
#1878 = CARTESIAN_POINT ( 'NONE',  ( -100.5531540498221545, 88.87999999999998124, 11.16271731101023512 ) ) ;
#1879 = CARTESIAN_POINT ( 'NONE',  ( -290.1604015055179389, 88.87999999999998124, 1.637864100023359581 ) ) ;
#1880 = LINE ( 'NONE', #3521, #1690 ) ;
#1881 = DIRECTION ( 'NONE',  ( 0.9996385584632172527, 0.000000000000000000, -0.02688405537825354352 ) ) ;
#1882 = EDGE_CURVE ( 'NONE', #2755, #1433, #3366, .T. ) ;
#1883 = AXIS2_PLACEMENT_3D ( 'NONE', #2667, #3045, #3649 ) ;
#1884 = ORIENTED_EDGE ( 'NONE', *, *, #3797, .T. ) ;
#1885 = B_SPLINE_CURVE_WITH_KNOTS ( 'NONE', 3,
 ( #4052, #1571, #1910, #655, #295 ),
 .UNSPECIFIED., .F., .F.,
 ( 4, 1, 4 ),
 ( 0.06438286562773305743, 0.06792636788951804394, 0.07191289096773068046 ),
 .UNSPECIFIED. ) ;
#1886 = CARTESIAN_POINT ( 'NONE',  ( -192.5000000004401102, 93.87999999999999545, 11.02593237100210644 ) ) ;
#1887 = ORIENTED_EDGE ( 'NONE', *, *, #3493, .T. ) ;
#1888 = CARTESIAN_POINT ( 'NONE',  ( -194.3434337935483995, 88.87999999999998124, 9.312927148811843026 ) ) ;
#1889 = EDGE_CURVE ( 'NONE', #1543, #1621, #2743, .T. ) ;
#1890 = ORIENTED_EDGE ( 'NONE', *, *, #3524, .F. ) ;
#1891 = DIRECTION ( 'NONE',  ( -0.6888675014067556779, -0.000000000000000000, -0.7248872777926326227 ) ) ;
#1892 = DIRECTION ( 'NONE',  ( 0.2442954651670562749, 0.000000000000000000, -0.9697008434041972658 ) ) ;
#1893 = DIRECTION ( 'NONE',  ( -0.000000000000000000, 1.000000000000000000, -0.000000000000000000 ) ) ;
#1894 = CARTESIAN_POINT ( 'NONE',  ( -295.2960495105439804, 88.87999999999998124, 0.3249056940348477585 ) ) ;
#1895 = DIRECTION ( 'NONE',  ( -0.02688405537825354699, 0.000000000000000000, -0.9996385584632172527 ) ) ;
#1896 = ORIENTED_EDGE ( 'NONE', *, *, #1639, .T. ) ;
#1897 = B_SPLINE_CURVE_WITH_KNOTS ( 'NONE', 3,
 ( #668, #1586, #612, #964 ),
 .UNSPECIFIED., .F., .F.,
 ( 4, 4 ),
 ( 0.07191289096778631651, 0.07307916071571725347 ),
 .UNSPECIFIED. ) ;
#1898 = EDGE_CURVE ( 'NONE', #1636, #503, #1845, .T. ) ;
#1899 = ORIENTED_EDGE ( 'NONE', *, *, #567, .F. ) ;
#1900 = ORIENTED_EDGE ( 'NONE', *, *, #3348, .F. ) ;
#1901 = CARTESIAN_POINT ( 'NONE',  ( -179.1318213269062198, 92.87999999999999545, -1.899359058834783065 ) ) ;
#1902 = AXIS2_PLACEMENT_3D ( 'NONE', #1200, #3160, #3721 ) ;
#1903 = CARTESIAN_POINT ( 'NONE',  ( -102.3130301131315036, 92.87999999999999545, 93.74915243284928579 ) ) ;
#1904 = CARTESIAN_POINT ( 'NONE',  ( -258.7028822036019164, 93.87999999999999545, -42.17616278367351867 ) ) ;
#1905 = LINE ( 'NONE', #3420, #375 ) ;
#1906 = ORIENTED_EDGE ( 'NONE', *, *, #1957, .T. ) ;
#1907 = FACE_OUTER_BOUND ( 'NONE', #17, .T. ) ;
#1908 = ORIENTED_EDGE ( 'NONE', *, *, #1156, .F. ) ;
#1909 = EDGE_CURVE ( 'NONE', #2133, #3876, #831, .T. ) ;
#1910 = CARTESIAN_POINT ( 'NONE',  ( -237.7444685135209568, 93.47999999999998977, 12.38294045382643027 ) ) ;
#1911 = ORIENTED_EDGE ( 'NONE', *, *, #656, .F. ) ;
#1912 = CARTESIAN_POINT ( 'NONE',  ( -124.3479217970621278, 92.87999999999999545, 118.1690516824992869 ) ) ;
#1913 = FACE_BOUND ( 'NONE', #862, .T. ) ;
#1914 = VECTOR ( 'NONE', #3878, 1000.000000000000000 ) ;
#1915 = EDGE_CURVE ( 'NONE', #1516, #2591, #3424, .T. ) ;
#1916 = CARTESIAN_POINT ( 'NONE',  ( -260.6240663350704381, 88.87999999999998124, 6.159236989585118671 ) ) ;
#1917 = CARTESIAN_POINT ( 'NONE',  ( -165.5923904649428948, 92.87999999999999545, 9.690496330747528475 ) ) ;
#1918 = VECTOR ( 'NONE', #3600, 1000.000000000000000 ) ;
#1919 = ORIENTED_EDGE ( 'NONE', *, *, #3601, .F. ) ;
#1920 = PLANE ( 'NONE',  #1993 ) ;
#1921 = CARTESIAN_POINT ( 'NONE',  ( -123.5565654830474216, 93.47999999999998977, 129.7396513526184947 ) ) ;
#1922 = LINE ( 'NONE', #1314, #594 ) ;
#1923 = CARTESIAN_POINT ( 'NONE',  ( -149.9729130415774137, 92.87999999999999545, 10.94940432798125052 ) ) ;
#1924 = ADVANCED_FACE ( 'NONE', ( #1186 ), #3704, .T. ) ;
#1925 = EDGE_LOOP ( 'NONE', ( #3162, #3199, #3845, #598 ) ) ;
#1926 = CARTESIAN_POINT ( 'NONE',  ( -279.6950825001121075, 93.87999999999999545, 1.796581939513774318 ) ) ;
#1927 = DIRECTION ( 'NONE',  ( -0.6782016225132038167, 0.000000000000000000, 0.7348758801460677503 ) ) ;
#1928 = AXIS2_PLACEMENT_3D ( 'NONE', #94, #3898, #2988 ) ;
#1929 = EDGE_LOOP ( 'NONE', ( #1643, #4065, #1403, #3385 ) ) ;
#1930 = CARTESIAN_POINT ( 'NONE',  ( -267.1688184859921762, 93.87999999999999545, 8.607714735570468179 ) ) ;
#1931 = CARTESIAN_POINT ( 'NONE',  ( -199.8824428965418178, 93.47999999999998977, 9.209042318103692892 ) ) ;
#1932 = VECTOR ( 'NONE', #2592, 1000.000000000000114 ) ;
#1933 = CARTESIAN_POINT ( 'NONE',  ( -248.7225026532515244, 93.47999999999998977, 9.434087006954596788 ) ) ;
#1934 = VECTOR ( 'NONE', #1437, 999.9999999999998863 ) ;
#1935 = CARTESIAN_POINT ( 'NONE',  ( -182.7476535926390113, 88.87999999999998124, 22.24537223474090197 ) ) ;
#1936 = ORIENTED_EDGE ( 'NONE', *, *, #187, .F. ) ;
#1937 = CARTESIAN_POINT ( 'NONE',  ( -178.5975834448192643, 92.87999999999999545, 22.77392284324658434 ) ) ;
#1938 = DIRECTION ( 'NONE',  ( 0.000000000000000000, 0.000000000000000000, 1.000000000000000000 ) ) ;
#1939 = FACE_OUTER_BOUND ( 'NONE', #3959, .T. ) ;
#1940 = CARTESIAN_POINT ( 'NONE',  ( 0.000000000000000000, 0.000000000000000000, 0.000000000000000000 ) ) ;
#1941 = ORIENTED_EDGE ( 'NONE', *, *, #1606, .T. ) ;
#1942 = EDGE_CURVE ( 'NONE', #2104, #256, #4031, .T. ) ;
#1943 = AXIS2_PLACEMENT_3D ( 'NONE', #339, #1229, #1600 ) ;
#1944 = CARTESIAN_POINT ( 'NONE',  ( -285.2692632528747936, 93.87999999999999545, 4.587123813316574150 ) ) ;
#1945 = ORIENTED_EDGE ( 'NONE', *, *, #3838, .F. ) ;
#1946 = AXIS2_PLACEMENT_3D ( 'NONE', #1725, #2423, #3290 ) ;
#1947 = DIRECTION ( 'NONE',  ( 0.7248872777926378408, 0.000000000000000000, -0.6888675014067503488 ) ) ;
#1948 = ADVANCED_FACE ( 'NONE', ( #1145 ), #1551, .F. ) ;
#1949 = EDGE_LOOP ( 'NONE', ( #1674, #911, #3344, #2402 ) ) ;
#1950 = ORIENTED_EDGE ( 'NONE', *, *, #3838, .T. ) ;
#1951 = CARTESIAN_POINT ( 'NONE',  ( -164.3938166502457250, 92.87999999999999545, 9.632323722520098386 ) ) ;
#1952 = CARTESIAN_POINT ( 'NONE',  ( -101.2206899534065485, 92.87999999999999545, 21.21819287104279894 ) ) ;
#1953 = CARTESIAN_POINT ( 'NONE',  ( -274.7847390678884949, 88.87999999999998124, 7.475225215082214270 ) ) ;
#1954 = CARTESIAN_POINT ( 'NONE',  ( -246.0630612131100179, 93.47999999999998977, 10.55659016660412064 ) ) ;
#1955 = DIRECTION ( 'NONE',  ( 0.9286912196815810816, 0.000000000000000000, -0.3708539045046411742 ) ) ;
#1956 = VERTEX_POINT ( 'NONE', #257 ) ;
#1957 = EDGE_CURVE ( 'NONE', #557, #608, #3102, .T. ) ;
#1958 = CARTESIAN_POINT ( 'NONE',  ( -203.8710170635361578, 92.87999999999999545, 18.91889305117460651 ) ) ;
#1959 = CARTESIAN_POINT ( 'NONE',  ( -101.4282823775221232, 92.87999999999999545, 92.93846047869827487 ) ) ;
#1960 = CARTESIAN_POINT ( 'NONE',  ( -149.9729130415774137, 93.87999999999999545, 10.94940432798125052 ) ) ;
#1961 = CARTESIAN_POINT ( 'NONE',  ( -165.5923904649428948, 92.87999999999999545, 9.690496330747528475 ) ) ;
#1962 = CARTESIAN_POINT ( 'NONE',  ( -133.9566291355089902, 93.87999999999999545, 9.286974893465032466 ) ) ;
#1963 = VECTOR ( 'NONE', #3061, 1000.000000000000000 ) ;
#1964 = LINE ( 'NONE', #1, #1310 ) ;
#1965 = CARTESIAN_POINT ( 'NONE',  ( -132.8079613817489815, 93.87999999999999545, 8.488640521341494605 ) ) ;
#1966 = ORIENTED_EDGE ( 'NONE', *, *, #977, .F. ) ;
#1967 = ORIENTED_EDGE ( 'NONE', *, *, #268, .T. ) ;
#1968 = DIRECTION ( 'NONE',  ( 0.6888675014067489055, 0.000000000000000000, 0.7248872777926391731 ) ) ;
#1969 = CARTESIAN_POINT ( 'NONE',  ( -113.5285485838877975, 88.87999999999998124, 8.528672068350594770 ) ) ;
#1970 = ORIENTED_EDGE ( 'NONE', *, *, #3054, .F. ) ;
#1971 = EDGE_CURVE ( 'NONE', #312, #127, #3346, .T. ) ;
#1972 = EDGE_CURVE ( 'NONE', #3689, #742, #3744, .T. ) ;
#1973 = FACE_OUTER_BOUND ( 'NONE', #258, .T. ) ;
#1974 = CARTESIAN_POINT ( 'NONE',  ( -274.1238790097635842, 88.87999999999998124, 2.239275516228214524 ) ) ;
#1975 = CARTESIAN_POINT ( 'NONE',  ( -119.0667696627180590, 93.87999999999999545, 28.12804715761673435 ) ) ;
#1976 = CARTESIAN_POINT ( 'NONE',  ( -282.4215676321936712, 93.87999999999999545, 1.563290642043225098 ) ) ;
#1977 = VECTOR ( 'NONE', #3857, 1000.000000000000000 ) ;
#1978 = ORIENTED_EDGE ( 'NONE', *, *, #1882, .F. ) ;
#1979 = CARTESIAN_POINT ( 'NONE',  ( -129.4660814831989910, 93.87999999999999545, 9.165747756566915427 ) ) ;
#1980 = DIRECTION ( 'NONE',  ( 0.000000000000000000, 0.000000000000000000, -1.000000000000000000 ) ) ;
#1981 = ORIENTED_EDGE ( 'NONE', *, *, #234, .F. ) ;
#1982 = DIRECTION ( 'NONE',  ( -0.01073934591758248132, -0.000000000000000000, -0.9999423315618068964 ) ) ;
#1983 = B_SPLINE_CURVE_WITH_KNOTS ( 'NONE', 3,
 ( #3027, #2468, #2059, #264 ),
 .UNSPECIFIED., .F., .F.,
 ( 4, 4 ),
 ( 0.7338661583722697612, 0.7561382821082323069 ),
 .UNSPECIFIED. ) ;
#1984 = PRODUCT ( 'rib7 outer end', 'rib7 outer end', '', ( #1024 ) ) ;
#1985 = CARTESIAN_POINT ( 'NONE',  ( -252.2572995699182741, 93.87999999999999545, 6.637396135036434330 ) ) ;
#1986 = ORIENTED_EDGE ( 'NONE', *, *, #3601, .T. ) ;
#1987 = CARTESIAN_POINT ( 'NONE',  ( -165.1948187438384537, 92.87999999999999545, 9.630991950536779811 ) ) ;
#1988 = DIRECTION ( 'NONE',  ( -0.9996385584632171417, 0.000000000000000000, 0.02688405537825763400 ) ) ;
#1989 = CARTESIAN_POINT ( 'NONE',  ( -285.8727052897787075, 93.87999999999999545, 2.045397586167052584 ) ) ;
#1990 = ORIENTED_EDGE ( 'NONE', *, *, #3636, .F. ) ;
#1991 = CARTESIAN_POINT ( 'NONE',  ( -244.8321065422305196, 92.87999999999999545, 7.777216704173523176 ) ) ;
#1992 = CARTESIAN_POINT ( 'NONE',  ( -285.1034899461802183, 93.87999999999999545, 1.323141469615046306 ) ) ;
#1993 = AXIS2_PLACEMENT_3D ( 'NONE', #1901, #2815, #1234 ) ;
#1994 = CARTESIAN_POINT ( 'NONE',  ( -172.8587101762493887, 88.87999999999998124, 24.44703151162762822 ) ) ;
#1995 = AXIS2_PLACEMENT_3D ( 'NONE', #2166, #2500, #4057 ) ;
#1996 = DIRECTION ( 'NONE',  ( 0.000000000000000000, 0.000000000000000000, -1.000000000000000000 ) ) ;
#1997 = ADVANCED_FACE ( 'NONE', ( #1790 ), #3040, .F. ) ;
#1998 = ORIENTED_EDGE ( 'NONE', *, *, #1417, .F. ) ;
#1999 = CARTESIAN_POINT ( 'NONE',  ( -178.7962997729573260, 92.87999999999999545, 22.74732555274113821 ) ) ;
#2000 = CARTESIAN_POINT ( 'NONE',  ( -190.1890343106762202, 93.87999999999999545, 9.385866078298587212 ) ) ;
#2001 = CARTESIAN_POINT ( 'NONE',  ( -190.7528261741830136, 88.87999999999998124, 21.03932599842006468 ) ) ;
#2002 = VERTEX_POINT ( 'NONE', #2145 ) ;
#2003 = CARTESIAN_POINT ( 'NONE',  ( -196.9577467012201737, 93.47999999999998977, 12.34914432081862756 ) ) ;
#2004 = ORIENTED_EDGE ( 'NONE', *, *, #546, .T. ) ;
#2005 = FACE_OUTER_BOUND ( 'NONE', #3982, .T. ) ;
#2006 = ORIENTED_EDGE ( 'NONE', *, *, #3833, .F. ) ;
#2007 = CARTESIAN_POINT ( 'NONE',  ( -196.2236163048101787, 93.87999999999999545, 21.18604354544763169 ) ) ;
#2008 = CARTESIAN_POINT ( 'NONE',  ( -204.3486025323560966, 92.87999999999999545, 18.26912735972595314 ) ) ;
#2009 = CARTESIAN_POINT ( 'NONE',  ( -190.1890343106762202, 88.87999999999998124, 9.385866078298580106 ) ) ;
#2010 = EDGE_LOOP ( 'NONE', ( #1846, #1762, #523, #218, #2430, #1439, #335, #2924, #2340, #967, #1388, #3137, #3934, #1254, #2554, #2534, #3080, #3859, #2048, #3540, #4051, #434, #2203, #2172, #1416, #1190, #1233, #519, #1679, #3722, #2090, #2801, #971, #600, #1263, #1450, #1899, #3026, #2208, #850, #788, #3970 ) ) ;
#2011 = CARTESIAN_POINT ( 'NONE',  ( -190.7528261741830136, 92.87999999999999545, 21.03932599842006823 ) ) ;
#2012 = EDGE_CURVE ( 'NONE', #3913, #2965, #1203, .T. ) ;
#2013 = VECTOR ( 'NONE', #323, 1000.000000000000114 ) ;
#2014 = CARTESIAN_POINT ( 'NONE',  ( -260.7875091711144933, 88.87999999999998124, 7.103832979000726411 ) ) ;
#2015 = CARTESIAN_POINT ( 'NONE',  ( -196.2236163048101787, 93.87999999999999545, 21.18604354544763169 ) ) ;
#2016 = LINE ( 'NONE', #400, #2557 ) ;
#2017 = CARTESIAN_POINT ( 'NONE',  ( -64.90756987942758371, 92.87999999999999545, -106.1180870880435378 ) ) ;
#2018 = CARTESIAN_POINT ( 'NONE',  ( -266.3727187654356499, 93.87999999999999545, 3.583167371676566404 ) ) ;
#2019 = CARTESIAN_POINT ( 'NONE',  ( -117.3872845654308179, 93.88000000000000966, 27.32359723883181246 ) ) ;
#2020 = EDGE_CURVE ( 'NONE', #3682, #233, #3687, .T. ) ;
#2021 = EDGE_CURVE ( 'NONE', #3147, #1744, #2113, .T. ) ;
#2022 = DIRECTION ( 'NONE',  ( -0.7248872777926392841, 0.000000000000000000, 0.6888675014067486835 ) ) ;
#2023 = ORIENTED_EDGE ( 'NONE', *, *, #1328, .T. ) ;
#2024 = FACE_OUTER_BOUND ( 'NONE', #2095, .T. ) ;
#2025 = ORIENTED_EDGE ( 'NONE', *, *, #3861, .F. ) ;
#2026 = ORIENTED_EDGE ( 'NONE', *, *, #1062, .T. ) ;
#2027 = CARTESIAN_POINT ( 'NONE',  ( 0.000000000000000000, 93.47999999999998977, 0.000000000000000000 ) ) ;
#2028 = EDGE_CURVE ( 'NONE', #1545, #2305, #4072, .T. ) ;
#2029 = CARTESIAN_POINT ( 'NONE',  ( -179.2680965261207575, 93.87999999999999545, 10.95298948655129756 ) ) ;
#2030 = FACE_OUTER_BOUND ( 'NONE', #498, .T. ) ;
#2031 = VERTEX_POINT ( 'NONE', #1569 ) ;
#2032 = ORIENTED_EDGE ( 'NONE', *, *, #100, .T. ) ;
#2033 = CARTESIAN_POINT ( 'NONE',  ( -260.8576000460811315, 88.87999999999998124, 7.086686038612372229 ) ) ;
#2034 = UNCERTAINTY_MEASURE_WITH_UNIT (LENGTH_MEASURE( 1.000000000000000082E-05 ), #757, 'distance_accuracy_value', 'NONE');
#2035 = CYLINDRICAL_SURFACE ( 'NONE', #1946, 9.000000000001179501 ) ;
#2036 = DIRECTION ( 'NONE',  ( -0.7248872777926391731, 0.000000000000000000, 0.6888675014067490165 ) ) ;
#2037 = EDGE_CURVE ( 'NONE', #3639, #1433, #64, .T. ) ;
#2038 = DIRECTION ( 'NONE',  ( -0.7248872777926403943, 0.000000000000000000, 0.6888675014067474622 ) ) ;
#2039 = CARTESIAN_POINT ( 'NONE',  ( -256.8343786850404626, 92.87999999999999545, 8.059280522143909664 ) ) ;
#2040 = LINE ( 'NONE', #3255, #1710 ) ;
#2041 = VECTOR ( 'NONE', #2461, 1000.000000000000000 ) ;
#2042 = ORIENTED_EDGE ( 'NONE', *, *, #2130, .F. ) ;
#2043 = EDGE_CURVE ( 'NONE', #3908, #477, #976, .T. ) ;
#2044 = CARTESIAN_POINT ( 'NONE',  ( -264.2871590457025377, 93.87999999999999545, 7.064132261341821817 ) ) ;
#2045 = CARTESIAN_POINT ( 'NONE',  ( -241.8427587424439764, 92.87999999999999545, 10.92287269651130721 ) ) ;
#2046 = ORIENTED_EDGE ( 'NONE', *, *, #2205, .F. ) ;
#2047 = ORIENTED_EDGE ( 'NONE', *, *, #930, .T. ) ;
#2048 = ORIENTED_EDGE ( 'NONE', *, *, #3356, .T. ) ;
#2049 = CARTESIAN_POINT ( 'NONE',  ( -109.3093335793666085, 92.87999999999999545, -115.0249432494104553 ) ) ;
#2050 = CARTESIAN_POINT ( 'NONE',  ( -249.6992184206703769, 93.48000000000000398, 7.548219356035555272 ) ) ;
#2051 = CYLINDRICAL_SURFACE ( 'NONE', #1171, 9.800000000001221068 ) ;
#2052 = ORIENTED_EDGE ( 'NONE', *, *, #3394, .T. ) ;
#2053 = EDGE_LOOP ( 'NONE', ( #2070, #2216, #2197, #3245 ) ) ;
#2054 = CARTESIAN_POINT ( 'NONE',  ( -103.7443451577378539, 92.87999999999999545, -109.1689705120349458 ) ) ;
#2055 = CARTESIAN_POINT ( 'NONE',  ( -149.7388882563057280, 92.87999999999999545, 25.87779423093265763 ) ) ;
#2056 = PLANE ( 'NONE',  #2459 ) ;
#2057 = CARTESIAN_POINT ( 'NONE',  ( -133.3568342694792932, 93.87999999999999545, 9.271286723260869778 ) ) ;
#2058 = VERTEX_POINT ( 'NONE', #313 ) ;
#2059 = CARTESIAN_POINT ( 'NONE',  ( -143.6891950074799240, 93.87999999999999545, 9.500873599543025350 ) ) ;
#2060 = CARTESIAN_POINT ( 'NONE',  ( -177.8347060259989121, 93.87999999999999545, 9.552397567821030222 ) ) ;
#2061 = CARTESIAN_POINT ( 'NONE',  ( -165.5736163542941881, 92.87999999999999545, -0.3108091634388195912 ) ) ;
#2062 = CARTESIAN_POINT ( 'NONE',  ( -130.8533786264969194, 93.88000000000000966, 27.04426762654682648 ) ) ;
#2063 = AXIS2_PLACEMENT_3D ( 'NONE', #2968, #1968, #45 ) ;
#2064 = ORIENTED_EDGE ( 'NONE', *, *, #2508, .T. ) ;
#2065 = EDGE_CURVE ( 'NONE', #3653, #2728, #1803, .T. ) ;
#2066 = DIRECTION ( 'NONE',  ( -0.9999982381285569266, 0.000000000000000000, -0.001877162694616529154 ) ) ;
#2067 = CARTESIAN_POINT ( 'NONE',  ( -293.2676002059569100, 93.87999999999999545, 1.330312713633433841 ) ) ;
#2068 = ORIENTED_EDGE ( 'NONE', *, *, #2065, .F. ) ;
#2069 = EDGE_CURVE ( 'NONE', #3490, #2722, #1964, .T. ) ;
#2070 = ORIENTED_EDGE ( 'NONE', *, *, #1238, .F. ) ;
#2071 = ORIENTED_EDGE ( 'NONE', *, *, #2870, .T. ) ;
#2072 = CARTESIAN_POINT ( 'NONE',  ( -103.7443451577378539, 92.87999999999999545, -109.1689705120349458 ) ) ;
#2073 = CARTESIAN_POINT ( 'NONE',  ( 0.2058083609809951420, 93.87999999999999545, 7.652639097639167609 ) ) ;
#2074 = FACE_OUTER_BOUND ( 'NONE', #985, .T. ) ;
#2075 = ORIENTED_EDGE ( 'NONE', *, *, #2214, .T. ) ;
#2076 = EDGE_CURVE ( 'NONE', #3425, #2901, #1599, .T. ) ;
#2077 = CARTESIAN_POINT ( 'NONE',  ( -194.3434337935483995, 92.87999999999999545, 9.312927148811843026 ) ) ;
#2078 = FACE_OUTER_BOUND ( 'NONE', #1472, .T. ) ;
#2079 = CARTESIAN_POINT ( 'NONE',  ( -133.7537577194358960, 93.87999999999999545, 26.88888592191560178 ) ) ;
#2080 = DIRECTION ( 'NONE',  ( 0.6888675014067497937, 0.000000000000000000, 0.7248872777926383959 ) ) ;
#2081 = VERTEX_POINT ( 'NONE', #1886 ) ;
#2082 = VECTOR ( 'NONE', #1666, 1000.000000000000000 ) ;
#2083 = CARTESIAN_POINT ( 'NONE',  ( -292.7816016976615288, 93.87999999999999545, 2.342604849855900007 ) ) ;
#2084 = EDGE_CURVE ( 'NONE', #845, #233, #3144, .T. ) ;
#2085 = CARTESIAN_POINT ( 'NONE',  ( -285.8727052897787075, 88.87999999999998124, 2.045397586167052584 ) ) ;
#2086 = LINE ( 'NONE', #3339, #3453 ) ;
#2087 = ORIENTED_EDGE ( 'NONE', *, *, #1720, .T. ) ;
#2088 = CARTESIAN_POINT ( 'NONE',  ( -148.8736908028978974, 92.87999999999999545, 1.598898269525319327 ) ) ;
#2089 = CARTESIAN_POINT ( 'NONE',  ( -117.0799586928293792, 93.47999999999998977, 111.2622349437988589 ) ) ;
#2090 = ORIENTED_EDGE ( 'NONE', *, *, #1276, .F. ) ;
#2091 = VERTEX_POINT ( 'NONE', #2517 ) ;
#2092 = CARTESIAN_POINT ( 'NONE',  ( -206.1976110930542916, 93.47999999999997556, 18.51843315498483022 ) ) ;
#2093 = CARTESIAN_POINT ( 'NONE',  ( -233.9222184832874234, 92.87999999999999545, 13.19005079517899048 ) ) ;
#2094 = DIRECTION ( 'NONE',  ( 0.5461661809636199072, 0.000000000000000000, 0.8376768486544285963 ) ) ;
#2095 = EDGE_LOOP ( 'NONE', ( #3985, #2617, #4030, #1260 ) ) ;
#2096 = CARTESIAN_POINT ( 'NONE',  ( -221.7787467626833688, 93.47999999999998977, 15.64372520361562202 ) ) ;
#2097 = CARTESIAN_POINT ( 'NONE',  ( -194.3434337935484280, 93.48000000000000398, 9.312927148811791511 ) ) ;
#2098 = CARTESIAN_POINT ( 'NONE',  ( -112.7120578011266474, 88.87999999999998124, 28.11340712249482721 ) ) ;
#2099 = LINE ( 'NONE', #4019, #1752 ) ;
#2100 = EDGE_CURVE ( 'NONE', #3885, #477, #3790, .T. ) ;
#2101 = ADVANCED_FACE ( 'NONE', ( #1907 ), #2844, .T. ) ;
#2102 = DIRECTION ( 'NONE',  ( -0.02688405537884543811, -0.000000000000000000, -0.9996385584632012655 ) ) ;
#2103 = CARTESIAN_POINT ( 'NONE',  ( -293.2676002059569100, 93.87999999999999545, 1.330312713633649668 ) ) ;
#2104 = VERTEX_POINT ( 'NONE', #2535 ) ;
#2105 = LINE ( 'NONE', #551, #3972 ) ;
#2106 = CARTESIAN_POINT ( 'NONE',  ( -211.0565265721793935, 93.47999999999998977, 8.962763485681316311 ) ) ;
#2107 = ORIENTED_EDGE ( 'NONE', *, *, #2120, .T. ) ;
#2108 = VECTOR ( 'NONE', #1531, 1000.000000000000000 ) ;
#2109 = ORIENTED_EDGE ( 'NONE', *, *, #2303, .F. ) ;
#2110 = VECTOR ( 'NONE', #340, 1000.000000000000000 ) ;
#2111 = ORIENTED_EDGE ( 'NONE', *, *, #1720, .F. ) ;
#2112 = LINE ( 'NONE', #3326, #148 ) ;
#2113 = LINE ( 'NONE', #889, #3100 ) ;
#2114 = ORIENTED_EDGE ( 'NONE', *, *, #3465, .T. ) ;
#2115 = PLANE ( 'NONE',  #2295 ) ;
#2116 = LINE ( 'NONE', #2979, #2202 ) ;
#2117 = DIRECTION ( 'NONE',  ( -0.9286912196815810816, 0.000000000000000000, 0.3708539045046411742 ) ) ;
#2118 = LINE ( 'NONE', #3005, #2994 ) ;
#2119 = CARTESIAN_POINT ( 'NONE',  ( -277.4549981302084802, 88.87999999999998124, 6.762558882512854197 ) ) ;
#2120 = EDGE_CURVE ( 'NONE', #3742, #3839, #4006, .T. ) ;
#2121 = CARTESIAN_POINT ( 'NONE',  ( -237.6737849170279731, 92.87999999999999545, 8.080994594439271594 ) ) ;
#2122 = VERTEX_POINT ( 'NONE', #726 ) ;
#2123 = VECTOR ( 'NONE', #3461, 1000.000000000000000 ) ;
#2124 = ORIENTED_EDGE ( 'NONE', *, *, #2037, .T. ) ;
#2125 = VECTOR ( 'NONE', #2797, 1000.000000000000000 ) ;
#2126 = LINE ( 'NONE', #2779, #2776 ) ;
#2127 = CARTESIAN_POINT ( 'NONE',  ( -225.6975725102126944, 93.47999999999998977, 8.533007167635572543 ) ) ;
#2128 = AXIS2_PLACEMENT_3D ( 'NONE', #3813, #1228, #1835 ) ;
#2129 = DIRECTION ( 'NONE',  ( 0.000000000000000000, 1.000000000000000000, 0.000000000000000000 ) ) ;
#2130 = EDGE_CURVE ( 'NONE', #2146, #2306, #3121, .T. ) ;
#2131 = VERTEX_POINT ( 'NONE', #3561 ) ;
#2132 = CARTESIAN_POINT ( 'NONE',  ( -123.7680119748291787, 92.87999999999999545, 117.6179576813737810 ) ) ;
#2133 = VERTEX_POINT ( 'NONE', #2319 ) ;
#2134 = CARTESIAN_POINT ( 'NONE',  ( -112.2016622524414515, 88.87999999999998124, 28.10930200660903822 ) ) ;
#2135 = DIRECTION ( 'NONE',  ( -0.5812758212746363951, 0.000000000000000000, 0.8137065930674871606 ) ) ;
#2136 = CARTESIAN_POINT ( 'NONE',  ( -300.0000000000000000, 88.87999999999998124, 0.000000000000000000 ) ) ;
#2137 = VECTOR ( 'NONE', #2770, 1000.000000000000000 ) ;
#2138 = CARTESIAN_POINT ( 'NONE',  ( -133.1865977557806389, 92.87999999999999545, 26.91476152604799665 ) ) ;
#2139 = FACE_OUTER_BOUND ( 'NONE', #1253, .T. ) ;
#2140 = ORIENTED_EDGE ( 'NONE', *, *, #656, .T. ) ;
#2141 = CARTESIAN_POINT ( 'NONE',  ( -213.8485997193555193, 92.87999999999999545, 9.433716939735818485 ) ) ;
#2142 = DIRECTION ( 'NONE',  ( 0.06567303980429951837, 0.000000000000000000, -0.9978411957034358792 ) ) ;
#2143 = EDGE_CURVE ( 'NONE', #4014, #1563, #2767, .T. ) ;
#2144 = AXIS2_PLACEMENT_3D ( 'NONE', #2309, #2094, #4068 ) ;
#2145 = CARTESIAN_POINT ( 'NONE',  ( -252.0785529140159724, 92.87999999999999545, 7.428040944472593665 ) ) ;
#2146 = VERTEX_POINT ( 'NONE', #2599 ) ;
#2147 = EDGE_CURVE ( 'NONE', #2655, #950, #3583, .T. ) ;
#2148 = ORIENTED_EDGE ( 'NONE', *, *, #195, .F. ) ;
#2149 = CARTESIAN_POINT ( 'NONE',  ( -164.3938168790713235, 93.87999999999999545, 9.632453036328874063 ) ) ;
#2150 = LINE ( 'NONE', #3411, #3193 ) ;
#2151 = DIRECTION ( 'NONE',  ( 0.000000000000000000, 1.000000000000000000, 0.000000000000000000 ) ) ;
#2152 = PLANE ( 'NONE',  #679 ) ;
#2153 = EDGE_CURVE ( 'NONE', #3006, #664, #58, .T. ) ;
#2154 = CARTESIAN_POINT ( 'NONE',  ( -99.13813852873975918, 88.87999999999998124, 23.95660055259056165 ) ) ;
#2155 = ORIENTED_EDGE ( 'NONE', *, *, #928, .T. ) ;
#2156 = DIRECTION ( 'NONE',  ( 0.6888675014067490165, 0.000000000000000000, 0.7248872777926391731 ) ) ;
#2157 = LINE ( 'NONE', #502, #36 ) ;
#2158 = FACE_OUTER_BOUND ( 'NONE', #1112, .T. ) ;
#2159 = DIRECTION ( 'NONE',  ( -0.7248872777926391731, 0.000000000000000000, 0.6888675014067489055 ) ) ;
#2160 = ORIENTED_EDGE ( 'NONE', *, *, #3042, .T. ) ;
#2161 = CARTESIAN_POINT ( 'NONE',  ( -195.6463559078458445, 88.87999999999998124, 20.27733546108195739 ) ) ;
#2162 = VECTOR ( 'NONE', #2822, 1000.000000000000114 ) ;
#2163 = EDGE_CURVE ( 'NONE', #2131, #871, #708, .T. ) ;
#2164 = ORIENTED_EDGE ( 'NONE', *, *, #987, .T. ) ;
#2165 = VERTEX_POINT ( 'NONE', #752 ) ;
#2166 = CARTESIAN_POINT ( 'NONE',  ( -164.9945637137987831, 93.87999999999999545, 9.631325334794965443 ) ) ;
#2167 = DIRECTION ( 'NONE',  ( -0.6888675014067501268, -0.000000000000000000, -0.7248872777926379518 ) ) ;
#2168 = VECTOR ( 'NONE', #406, 1000.000000000000000 ) ;
#2169 = CARTESIAN_POINT ( 'NONE',  ( -222.8468073653594104, 88.87999999999998124, 7.840947217310170636 ) ) ;
#2170 = CARTESIAN_POINT ( 'NONE',  ( -297.6853304519437984, 93.87999999999999545, 0.07763497804495636534 ) ) ;
#2171 = CARTESIAN_POINT ( 'NONE',  ( 0.2273156052835981489, 88.87999999999998124, 8.452349944409743188 ) ) ;
#2172 = ORIENTED_EDGE ( 'NONE', *, *, #3252, .F. ) ;
#2173 = ORIENTED_EDGE ( 'NONE', *, *, #2723, .F. ) ;
#2174 = CARTESIAN_POINT ( 'NONE',  ( -64.90756987942758371, 92.87999999999999545, -106.1180870880435378 ) ) ;
#2175 = LINE ( 'NONE', #1921, #219 ) ;
#2176 = FACE_BOUND ( 'NONE', #1227, .T. ) ;
#2177 = CARTESIAN_POINT ( 'NONE',  ( -190.1890343107848480, 93.88000000000000966, 9.385866078296785986 ) ) ;
#2178 = VECTOR ( 'NONE', #496, 1000.000000000000000 ) ;
#2179 = MECHANICAL_DESIGN_GEOMETRIC_PRESENTATION_REPRESENTATION (  '', ( #13 ), #2886 ) ;
#2180 = ORIENTED_EDGE ( 'NONE', *, *, #3394, .F. ) ;
#2181 = AXIS2_PLACEMENT_3D ( 'NONE', #2174, #3440, #610 ) ;
#2182 = CARTESIAN_POINT ( 'NONE',  ( -274.7847390678884949, 93.87999999999999545, 7.475225215082193841 ) ) ;
#2183 = ORIENTED_EDGE ( 'NONE', *, *, #783, .F. ) ;
#2184 = EDGE_CURVE ( 'NONE', #1107, #871, #3896, .T. ) ;
#2185 = AXIS2_PLACEMENT_3D ( 'NONE', #2923, #353, #103 ) ;
#2186 = EDGE_CURVE ( 'NONE', #3630, #2331, #2016, .T. ) ;
#2187 = DIRECTION ( 'NONE',  ( -0.000000000000000000, 1.000000000000000000, -0.000000000000000000 ) ) ;
#2188 = ORIENTED_EDGE ( 'NONE', *, *, #2421, .F. ) ;
#2189 = DIRECTION ( 'NONE',  ( -0.000000000000000000, 1.000000000000000000, -0.000000000000000000 ) ) ;
#2190 = PLANE ( 'NONE',  #169 ) ;
#2191 = EDGE_CURVE ( 'NONE', #196, #1179, #1706, .T. ) ;
#2192 = LINE ( 'NONE', #1852, #3359 ) ;
#2193 = DIRECTION ( 'NONE',  ( 0.000000000000000000, 0.000000000000000000, 1.000000000000000000 ) ) ;
#2194 = LINE ( 'NONE', #2832, #1809 ) ;
#2195 = EDGE_LOOP ( 'NONE', ( #3321, #1489, #4047, #3065 ) ) ;
#2196 = EDGE_CURVE ( 'NONE', #196, #3550, #1663, .T. ) ;
#2197 = ORIENTED_EDGE ( 'NONE', *, *, #116, .T. ) ;
#2198 = CARTESIAN_POINT ( 'NONE',  ( -178.2004695315806657, 92.87999999999999545, 22.82649320470189380 ) ) ;
#2199 = CARTESIAN_POINT ( 'NONE',  ( -252.9784568474884736, 88.87999999999998124, -41.24291343747756855 ) ) ;
#2200 = CARTESIAN_POINT ( 'NONE',  ( -112.3038216628891064, 93.87999999999999545, 24.31067548444906024 ) ) ;
#2201 = DIRECTION ( 'NONE',  ( 0.000000000000000000, 1.000000000000000000, 0.000000000000000000 ) ) ;
#2202 = VECTOR ( 'NONE', #2405, 1000.000000000000000 ) ;
#2203 = ORIENTED_EDGE ( 'NONE', *, *, #1205, .T. ) ;
#2204 = DIRECTION ( 'NONE',  ( 0.000000000000000000, 1.000000000000000000, 0.000000000000000000 ) ) ;
#2205 = EDGE_CURVE ( 'NONE', #3639, #1277, #1393, .T. ) ;
#2206 = EDGE_LOOP ( 'NONE', ( #1025, #1911, #456, #2155, #3988 ) ) ;
#2207 = CARTESIAN_POINT ( 'NONE',  ( -199.0850363344286507, 88.87999999999998124, 17.00309731254721868 ) ) ;
#2208 = ORIENTED_EDGE ( 'NONE', *, *, #3279, .F. ) ;
#2209 = CARTESIAN_POINT ( 'NONE',  ( -268.3117575011433473, 88.87999999999998124, 8.318369645161142856 ) ) ;
#2210 = CARTESIAN_POINT ( 'NONE',  ( -257.8976825154148855, 92.87999999999999545, 7.804466760825801153 ) ) ;
#2211 = CARTESIAN_POINT ( 'NONE',  ( -113.3033073900973449, 88.87999999999998124, 7.716868825675275545 ) ) ;
#2212 = VECTOR ( 'NONE', #3213, 1000.000000000000000 ) ;
#2213 = CARTESIAN_POINT ( 'NONE',  ( -113.5068429449947445, 92.87999999999999545, 9.335759885577626704 ) ) ;
#2214 = EDGE_CURVE ( 'NONE', #1535, #2451, #1042, .T. ) ;
#2215 = B_SPLINE_CURVE_WITH_KNOTS ( 'NONE', 3,
 ( #1021, #2277, #467, #2961 ),
 .UNSPECIFIED., .F., .F.,
 ( 4, 4 ),
 ( 0.06319283298366798474, 0.06438286562773318233 ),
 .UNSPECIFIED. ) ;
#2216 = ORIENTED_EDGE ( 'NONE', *, *, #25, .T. ) ;
#2217 = ORIENTED_EDGE ( 'NONE', *, *, #3654, .F. ) ;
#2218 = CARTESIAN_POINT ( 'NONE',  ( -255.6456684878680221, 92.87999999999999545, 7.238874054433675376 ) ) ;
#2219 = VECTOR ( 'NONE', #1881, 1000.000000000000000 ) ;
#2220 = DIRECTION ( 'NONE',  ( 0.000000000000000000, 1.000000000000000000, 0.000000000000000000 ) ) ;
#2221 = LINE ( 'NONE', #1904, #989 ) ;
#2222 = CARTESIAN_POINT ( 'NONE',  ( -50.02817683524195758, 92.87999999999999545, -52.64406993357894038 ) ) ;
#2223 = ORIENTED_EDGE ( 'NONE', *, *, #2544, .F. ) ;
#2224 = CARTESIAN_POINT ( 'NONE',  ( -271.2861602198226478, 93.87999999999999545, 2.447696926311453858 ) ) ;
#2225 = ORIENTED_EDGE ( 'NONE', *, *, #2842, .F. ) ;
#2226 = DIRECTION ( 'NONE',  ( 0.000000000000000000, 1.000000000000000000, 0.000000000000000000 ) ) ;
#2227 = ORIENTED_EDGE ( 'NONE', *, *, #3809, .T. ) ;
#2228 = CARTESIAN_POINT ( 'NONE',  ( -275.1101811045251111, 93.87999999999999545, 6.552289714361143602 ) ) ;
#2229 = CARTESIAN_POINT ( 'NONE',  ( -113.5285485838877975, 88.87999999999998124, 8.528672068350594770 ) ) ;
#2230 = ADVANCED_FACE ( 'NONE', ( #1067 ), #3209, .T. ) ;
#2231 = VECTOR ( 'NONE', #1115, 1000.000000000000000 ) ;
#2232 = CARTESIAN_POINT ( 'NONE',  ( -150.2687402517477437, 92.87999999999999545, 9.575102033815708680 ) ) ;
#2233 = CARTESIAN_POINT ( 'NONE',  ( -282.4215676329338862, 93.87999999999999545, 1.563290641976946560 ) ) ;
#2234 = VECTOR ( 'NONE', #3752, 1000.000000000000114 ) ;
#2235 = ORIENTED_EDGE ( 'NONE', *, *, #2586, .T. ) ;
#2236 = ADVANCED_FACE ( 'NONE', ( #1330 ), #2579, .F. ) ;
#2237 = VERTEX_POINT ( 'NONE', #1153 ) ;
#2238 = CARTESIAN_POINT ( 'NONE',  ( -149.1355522185795621, 92.87999999999999545, 9.563395545355731997 ) ) ;
#2239 = CARTESIAN_POINT ( 'NONE',  ( -165.5736163542941881, 93.87999999999999545, -0.3108091634388195912 ) ) ;
#2240 = PLANE ( 'NONE',  #3469 ) ;
#2241 = ADVANCED_FACE ( 'NONE', ( #858 ), #1065, .T. ) ;
#2242 = ORIENTED_EDGE ( 'NONE', *, *, #1593, .T. ) ;
#2243 = DIRECTION ( 'NONE',  ( -0.02688405537825821340, -0.000000000000000000, -0.9996385584632171417 ) ) ;
#2244 = FACE_OUTER_BOUND ( 'NONE', #333, .T. ) ;
#2245 = AXIS2_PLACEMENT_3D ( 'NONE', #2088, #2473, #2719 ) ;
#2246 = EDGE_CURVE ( 'NONE', #2894, #2416, #2907, .T. ) ;
#2247 = EDGE_LOOP ( 'NONE', ( #1778, #3138, #2180, #2545 ) ) ;
#2248 = CARTESIAN_POINT ( 'NONE',  ( -164.3938166502457250, 92.87999999999999545, 9.632323722520098386 ) ) ;
#2249 = CARTESIAN_POINT ( 'NONE',  ( -292.2254576542359246, 93.87999999999999545, 1.434434858990511596 ) ) ;
#2250 = AXIS2_PLACEMENT_3D ( 'NONE', #2864, #81, #1339 ) ;
#2251 = CARTESIAN_POINT ( 'NONE',  ( -266.5886069376114733, 88.87999999999998124, 9.579359346406537412 ) ) ;
#2252 = CARTESIAN_POINT ( 'NONE',  ( -265.5219321234397398, 93.87999999999999545, 2.837808823347126808 ) ) ;
#2253 = CARTESIAN_POINT ( 'NONE',  ( -240.8210911568787083, 93.47999999999998977, 7.953508479241829576 ) ) ;
#2254 = ORIENTED_EDGE ( 'NONE', *, *, #3049, .T. ) ;
#2255 = CARTESIAN_POINT ( 'NONE',  ( -192.5000000004401102, 88.87999999999998124, 19.27593237100209933 ) ) ;
#2256 = DIRECTION ( 'NONE',  ( 0.02688405537825821340, 0.000000000000000000, 0.9996385584632171417 ) ) ;
#2257 = DIRECTION ( 'NONE',  ( -0.000000000000000000, 1.000000000000000000, -0.000000000000000000 ) ) ;
#2258 = CARTESIAN_POINT ( 'NONE',  ( -103.7443451577378539, 93.47999999999998977, -109.1689705120349458 ) ) ;
#2259 = ORIENTED_EDGE ( 'NONE', *, *, #451, .F. ) ;
#2260 = CARTESIAN_POINT ( 'NONE',  ( -285.1034899455468690, 88.87999999999998124, 1.323141469674156134 ) ) ;
#2261 = ORIENTED_EDGE ( 'NONE', *, *, #1026, .F. ) ;
#2262 = EDGE_CURVE ( 'NONE', #2538, #2849, #3712, .T. ) ;
#2263 = AXIS2_PLACEMENT_3D ( 'NONE', #2731, #1483, #3047 ) ;
#2264 = CARTESIAN_POINT ( 'NONE',  ( -150.8221721565745383, 93.87999999999999545, 8.847120223398674099 ) ) ;
#2265 = VERTEX_POINT ( 'NONE', #547 ) ;
#2266 = EDGE_LOOP ( 'NONE', ( #1856, #432, #2432 ) ) ;
#2267 = CARTESIAN_POINT ( 'NONE',  ( -128.1061509150808320, 93.87999999999999545, 27.97564465478143347 ) ) ;
#2268 = CARTESIAN_POINT ( 'NONE',  ( -177.8347060259989121, 92.87999999999999545, 9.552397567821030222 ) ) ;
#2269 = ORIENTED_EDGE ( 'NONE', *, *, #3833, .T. ) ;
#2270 = CARTESIAN_POINT ( 'NONE',  ( -154.5675532238969367, 93.87999999999999545, 25.48978774251258628 ) ) ;
#2271 = CARTESIAN_POINT ( 'NONE',  ( -260.8576000463047535, 88.87999999999998124, 7.086686038644348429 ) ) ;
#2272 = DIRECTION ( 'NONE',  ( -0.9996497148847962588, 0.000000000000000000, 0.02646596929540921336 ) ) ;
#2273 = ORIENTED_EDGE ( 'NONE', *, *, #2723, .T. ) ;
#2274 = DIRECTION ( 'NONE',  ( 0.9286912196815906295, 0.000000000000000000, -0.3708539045046170268 ) ) ;
#2275 = EDGE_CURVE ( 'NONE', #3614, #123, #565, .T. ) ;
#2276 = VERTEX_POINT ( 'NONE', #1213 ) ;
#2277 = CARTESIAN_POINT ( 'NONE',  ( -242.1653741751015332, 92.87999999999999545, 11.42079789519214117 ) ) ;
#2278 = CARTESIAN_POINT ( 'NONE',  ( -280.6338063822633444, 93.87999999999999545, 5.055185953166628998 ) ) ;
#2279 = DIRECTION ( 'NONE',  ( -0.6888675014067484614, -0.000000000000000000, -0.7248872777926396171 ) ) ;
#2280 = ORIENTED_EDGE ( 'NONE', *, *, #1309, .T. ) ;
#2281 = LINE ( 'NONE', #760, #402 ) ;
#2282 = CARTESIAN_POINT ( 'NONE',  ( -185.6189877027449597, 88.87999999999998124, 12.12471130904598127 ) ) ;
#2283 = ORIENTED_EDGE ( 'NONE', *, *, #2021, .F. ) ;
#2284 = ORIENTED_EDGE ( 'NONE', *, *, #4015, .T. ) ;
#2285 = CARTESIAN_POINT ( 'NONE',  ( -112.7508309264629673, 93.88000000000029388, 7.689384925053317055 ) ) ;
#2286 = FACE_OUTER_BOUND ( 'NONE', #55, .T. ) ;
#2287 = CARTESIAN_POINT ( 'NONE',  ( -178.0713867839727698, 93.87999999999999545, 11.07035666520675576 ) ) ;
#2288 = ORIENTED_EDGE ( 'NONE', *, *, #3524, .T. ) ;
#2289 = ADVANCED_FACE ( 'NONE', ( #3393 ), #3093, .F. ) ;
#2290 = CARTESIAN_POINT ( 'NONE',  ( -190.2519878845609469, 92.87999999999999545, 21.11535364893521916 ) ) ;
#2291 = CARTESIAN_POINT ( 'NONE',  ( -276.9279722789179345, 93.87999999999999545, 2.022114237912922441 ) ) ;
#2292 = DIRECTION ( 'NONE',  ( -0.7348758801460677503, -0.000000000000000000, -0.6782016225132037057 ) ) ;
#2293 = VECTOR ( 'NONE', #107, 1000.000000000000000 ) ;
#2294 = CARTESIAN_POINT ( 'NONE',  ( -133.5566762934633971, 92.87999999999999545, 9.276641230029460061 ) ) ;
#2295 = AXIS2_PLACEMENT_3D ( 'NONE', #2132, #1435, #541 ) ;
#2296 = ORIENTED_EDGE ( 'NONE', *, *, #3348, .T. ) ;
#2297 = DIRECTION ( 'NONE',  ( 0.000000000000000000, 1.000000000000000000, -0.000000000000000000 ) ) ;
#2298 = LINE ( 'NONE', #1396, #12 ) ;
#2299 = FILL_AREA_STYLE ('',( #1443 ) ) ;
#2300 = ORIENTED_EDGE ( 'NONE', *, *, #2935, .F. ) ;
#2301 = FACE_OUTER_BOUND ( 'NONE', #719, .T. ) ;
#2302 = ORIENTED_EDGE ( 'NONE', *, *, #2975, .T. ) ;
#2303 = EDGE_CURVE ( 'NONE', #846, #1561, #1983, .T. ) ;
#2304 = DIRECTION ( 'NONE',  ( 1.000000000000000000, 0.000000000000000000, 0.000000000000000000 ) ) ;
#2305 = VERTEX_POINT ( 'NONE', #3317 ) ;
#2306 = VERTEX_POINT ( 'NONE', #210 ) ;
#2307 = CARTESIAN_POINT ( 'NONE',  ( -221.7787467626833688, 93.47999999999998977, 15.64372520361562202 ) ) ;
#2308 = CARTESIAN_POINT ( 'NONE',  ( -205.0226850628186241, 92.87999999999999545, 18.72112452208074274 ) ) ;
#2309 = CARTESIAN_POINT ( 'NONE',  ( -69.44017073450980604, 92.87999999999999545, -106.5031585959443703 ) ) ;
#2310 = VERTEX_POINT ( 'NONE', #3050 ) ;
#2311 = AXIS2_PLACEMENT_3D ( 'NONE', #3637, #2066, #452 ) ;
#2312 = LINE ( 'NONE', #1063, #3031 ) ;
#2313 = CARTESIAN_POINT ( 'NONE',  ( -195.6463559078455603, 93.48000000000000398, 20.27733546108200002 ) ) ;
#2314 = VECTOR ( 'NONE', #3950, 1000.000000000000000 ) ;
#2315 = EDGE_CURVE ( 'NONE', #1187, #627, #3605, .T. ) ;
#2316 = CARTESIAN_POINT ( 'NONE',  ( -119.0667696627180590, 88.87999999999998124, 28.12804715761673435 ) ) ;
#2317 = ADVANCED_FACE ( 'NONE', ( #1819 ), #247, .F. ) ;
#2318 = VECTOR ( 'NONE', #954, 1000.000000000000000 ) ;
#2319 = CARTESIAN_POINT ( 'NONE',  ( -238.8043900228236964, 92.87999999999999545, 8.035481055062303923 ) ) ;
#2320 = CARTESIAN_POINT ( 'NONE',  ( -167.4830527588412963, 93.87999999999999545, 9.625719651624425666 ) ) ;
#2321 = DIRECTION ( 'NONE',  ( -0.000000000000000000, -1.000000000000000000, -0.000000000000000000 ) ) ;
#2322 = PLANE ( 'NONE',  #1487 ) ;
#2323 = SHAPE_DEFINITION_REPRESENTATION ( #3566, #386 ) ;
#2324 = ORIENTED_EDGE ( 'NONE', *, *, #1863, .F. ) ;
#2325 = ADVANCED_FACE ( 'NONE', ( #2388 ), #3132, .T. ) ;
#2326 = PLANE ( 'NONE',  #3179 ) ;
#2327 = VERTEX_POINT ( 'NONE', #30 ) ;
#2328 = CARTESIAN_POINT ( 'NONE',  ( -112.7508309264629105, 93.87999999999999545, 7.689384925052574538 ) ) ;
#2329 = EDGE_CURVE ( 'NONE', #1009, #3610, #3172, .T. ) ;
#2330 = VERTEX_POINT ( 'NONE', #2232 ) ;
#2331 = VERTEX_POINT ( 'NONE', #1933 ) ;
#2332 = DIRECTION ( 'NONE',  ( -0.000000000000000000, 1.000000000000000000, -0.000000000000000000 ) ) ;
#2333 = DIRECTION ( 'NONE',  ( -0.6888675014067469071, -0.000000000000000000, -0.7248872777926410604 ) ) ;
#2334 = CARTESIAN_POINT ( 'NONE',  ( 0.000000000000000000, 92.87999999999999545, 0.000000000000000000 ) ) ;
#2335 = ORIENTED_EDGE ( 'NONE', *, *, #3273, .T. ) ;
#2336 = VERTEX_POINT ( 'NONE', #2853 ) ;
#2337 = CARTESIAN_POINT ( 'NONE',  ( -253.0423473195501174, 93.47999999999998977, 8.955332990795984216 ) ) ;
#2338 = CARTESIAN_POINT ( 'NONE',  ( -192.5000000004401102, 93.87999999999999545, 19.27593237100209933 ) ) ;
#2339 = CARTESIAN_POINT ( 'NONE',  ( -113.5285485838877833, 92.87999999999999545, 8.528672068350594770 ) ) ;
#2340 = ORIENTED_EDGE ( 'NONE', *, *, #1359, .F. ) ;
#2341 = CARTESIAN_POINT ( 'NONE',  ( -297.6853304518525078, 93.87999999999999545, 0.07763497805441094135 ) ) ;
#2342 = EDGE_CURVE ( 'NONE', #2566, #3901, #915, .T. ) ;
#2343 = CARTESIAN_POINT ( 'NONE',  ( -238.6193992907155916, 92.87999999999999545, 8.043000348108632735 ) ) ;
#2344 = CARTESIAN_POINT ( 'NONE',  ( -140.1163786704161112, 88.87999999999998124, 26.58487205923218966 ) ) ;
#2345 = VECTOR ( 'NONE', #2531, 1000.000000000000000 ) ;
#2346 = CARTESIAN_POINT ( 'NONE',  ( -195.6463559078458445, 93.48000000000000398, 20.27733546108196094 ) ) ;
#2347 = CARTESIAN_POINT ( 'NONE',  ( -257.8976825154149424, 93.47999999999998977, 7.804466760825788718 ) ) ;
#2348 = ORIENTED_EDGE ( 'NONE', *, *, #838, .T. ) ;
#2349 = ORIENTED_EDGE ( 'NONE', *, *, #3861, .T. ) ;
#2350 = ORIENTED_EDGE ( 'NONE', *, *, #3992, .F. ) ;
#2351 = CARTESIAN_POINT ( 'NONE',  ( -80.42685347601847923, 93.87999999999999545, -84.63224460233963953 ) ) ;
#2352 = CARTESIAN_POINT ( 'NONE',  ( -101.2206899534065485, 92.87999999999999545, 21.21819287104279894 ) ) ;
#2353 = CARTESIAN_POINT ( 'NONE',  ( -187.8555102931843237, 93.87999999999999545, 17.45826335425561382 ) ) ;
#2354 = ORIENTED_EDGE ( 'NONE', *, *, #1648, .T. ) ;
#2355 = VECTOR ( 'NONE', #1221, 1000.000000000000114 ) ;
#2356 = VERTEX_POINT ( 'NONE', #48 ) ;
#2357 = LINE ( 'NONE', #2054, #3556 ) ;
#2358 = EDGE_CURVE ( 'NONE', #3000, #127, #3413, .T. ) ;
#2359 = FACE_OUTER_BOUND ( 'NONE', #3699, .T. ) ;
#2360 = CARTESIAN_POINT ( 'NONE',  ( -252.0785529140159724, 93.47999999999998977, 7.428040944472593665 ) ) ;
#2361 = CARTESIAN_POINT ( 'NONE',  ( -128.9236941600217108, 92.87999999999999545, 122.5174531115823271 ) ) ;
#2362 = APPLICATION_CONTEXT ( 'automotive_design' ) ;
#2363 = ORIENTED_EDGE ( 'NONE', *, *, #3154, .T. ) ;
#2364 = EDGE_CURVE ( 'NONE', #1611, #3730, #1558, .T. ) ;
#2365 = CARTESIAN_POINT ( 'NONE',  ( -267.1688184859921762, 88.87999999999998124, 8.607714735570468179 ) ) ;
#2366 = CARTESIAN_POINT ( 'NONE',  ( -123.5565654830474216, 92.87999999999999545, 129.7396513526184947 ) ) ;
#2367 = CARTESIAN_POINT ( 'NONE',  ( -132.0558163129717002, 92.87999999999999545, 26.96303150527395687 ) ) ;
#2368 = CARTESIAN_POINT ( 'NONE',  ( -150.8175075915432899, 93.87999999999999545, 9.580563507124519873 ) ) ;
#2369 = EDGE_CURVE ( 'NONE', #3745, #3447, #895, .T. ) ;
#2370 = VECTOR ( 'NONE', #2102, 1000.000000000000000 ) ;
#2371 = VERTEX_POINT ( 'NONE', #582 ) ;
#2372 = CARTESIAN_POINT ( 'NONE',  ( -259.4640068570307108, 88.87999999999998124, 8.261595196954861109 ) ) ;
#2373 = EDGE_CURVE ( 'NONE', #482, #1516, #1290, .T. ) ;
#2374 = FACE_OUTER_BOUND ( 'NONE', #1849, .T. ) ;
#2375 = ORIENTED_EDGE ( 'NONE', *, *, #470, .F. ) ;
#2376 = ORIENTED_EDGE ( 'NONE', *, *, #1769, .F. ) ;
#2377 = CARTESIAN_POINT ( 'NONE',  ( -99.13813852873975918, 88.87999999999998124, 23.95660055259056165 ) ) ;
#2378 = CARTESIAN_POINT ( 'NONE',  ( -96.76864102652487531, 92.87999999999999545, -101.8285180040629427 ) ) ;
#2379 = PLANE ( 'NONE',  #1500 ) ;
#2380 = ORIENTED_EDGE ( 'NONE', *, *, #2037, .F. ) ;
#2381 = DIRECTION ( 'NONE',  ( -0.9999982381285569266, 0.000000000000000000, -0.001877162694597761614 ) ) ;
#2382 = B_SPLINE_CURVE_WITH_KNOTS ( 'NONE', 3,
 ( #465, #2253, #2910, #3603 ),
 .UNSPECIFIED., .F., .F.,
 ( 4, 4 ),
 ( 0.8943606213747419265, 0.9038476758169621261 ),
 .UNSPECIFIED. ) ;
#2383 = EDGE_CURVE ( 'NONE', #256, #1543, #2788, .T. ) ;
#2384 = DIRECTION ( 'NONE',  ( 0.000000000000000000, 0.000000000000000000, -1.000000000000000000 ) ) ;
#2385 = CARTESIAN_POINT ( 'NONE',  ( -259.4640068570307108, 88.87999999999998124, 8.261595196954861109 ) ) ;
#2386 = DIRECTION ( 'NONE',  ( 0.06567303980429951837, 0.000000000000000000, -0.9978411957034358792 ) ) ;
#2387 = EDGE_LOOP ( 'NONE', ( #2724, #1786, #2375, #2905 ) ) ;
#2388 = FACE_OUTER_BOUND ( 'NONE', #3757, .T. ) ;
#2389 = CARTESIAN_POINT ( 'NONE',  ( -104.2954391588634167, 93.47999999999998977, -109.7488803342690176 ) ) ;
#2390 = CARTESIAN_POINT ( 'NONE',  ( -132.3252790877544953, 92.87999999999999545, 25.56367482687227621 ) ) ;
#2391 = VECTOR ( 'NONE', #1055, 1000.000000000000114 ) ;
#2392 = CARTESIAN_POINT ( 'NONE',  ( -260.8337779111555506, 88.87999999999998124, 6.940564282655047990 ) ) ;
#2393 = CARTESIAN_POINT ( 'NONE',  ( -238.8043900228236964, 93.47999999999998977, 8.035481055062303923 ) ) ;
#2394 = ORIENTED_EDGE ( 'NONE', *, *, #3016, .F. ) ;
#2395 = ORIENTED_EDGE ( 'NONE', *, *, #3555, .T. ) ;
#2396 = ADVANCED_FACE ( 'NONE', ( #641 ), #321, .F. ) ;
#2397 = EDGE_CURVE ( 'NONE', #2310, #3745, #2869, .T. ) ;
#2398 = ORIENTED_EDGE ( 'NONE', *, *, #1776, .F. ) ;
#2399 = LINE ( 'NONE', #830, #872 ) ;
#2400 = DIRECTION ( 'NONE',  ( 0.7241518884010706980, 0.000000000000000000, 0.6896405168819210729 ) ) ;
#2401 = FACE_BOUND ( 'NONE', #3155, .T. ) ;
#2402 = ORIENTED_EDGE ( 'NONE', *, *, #3135, .T. ) ;
#2403 = B_SPLINE_SURFACE_WITH_KNOTS ( 'NONE', 3, 1, ( 
 ( #1758, #1095 ),
 ( #3009, #1354 ),
 ( #706, #2019 ),
 ( #143, #2652 ),
 ( #3963, #2062 ),
 ( #2344, #2694 ),
 ( #3256, #3297 ),
 ( #1135, #3587 ),
 ( #3608, #469 ),
 ( #1734, #2989 ),
 ( #2001, #3543 ) ),
 .UNSPECIFIED., .F., .F., .F.,
 ( 4, 1, 1, 1, 1, 1, 1, 1, 4 ),
 ( 2, 2 ),
 ( 0.000000000000000000, 0.004835801544260359686, 0.009671603088520747127, 0.01934320617704152201, 0.02901480926556229689, 0.03868641235408304402, 0.05802961853112456603, 0.07737282470816608804, 0.07939465621435619347 ),
 ( 0.000000000000000000, 1.000000000000000000 ),
 .UNSPECIFIED. ) ;
#2404 = DIRECTION ( 'NONE',  ( -0.2442954651673957256, 0.000000000000000000, 0.9697008434041118896 ) ) ;
#2405 = DIRECTION ( 'NONE',  ( 0.000000000000000000, 1.000000000000000000, 0.000000000000000000 ) ) ;
#2406 = DIRECTION ( 'NONE',  ( 0.6888675014067553448, 0.000000000000000000, 0.7248872777926331779 ) ) ;
#2407 = CARTESIAN_POINT ( 'NONE',  ( -221.0877470024795173, 92.87999999999999545, 15.20952985507673105 ) ) ;
#2408 = ORIENTED_EDGE ( 'NONE', *, *, #1276, .T. ) ;
#2409 = VECTOR ( 'NONE', #3955, 1000.000000000000114 ) ;
#2410 = CARTESIAN_POINT ( 'NONE',  ( -272.0829353896128850, 93.87999999999999545, 8.182179439804087906 ) ) ;
#2411 = DIRECTION ( 'NONE',  ( 0.000000000000000000, 0.000000000000000000, 1.000000000000000000 ) ) ;
#2412 = ORIENTED_EDGE ( 'NONE', *, *, #3493, .F. ) ;
#2413 = CARTESIAN_POINT ( 'NONE',  ( -221.0062521052388149, 92.87999999999999545, 15.79369151990120379 ) ) ;
#2414 = CARTESIAN_POINT ( 'NONE',  ( -255.0275276099420694, 93.47999999999998977, 7.279903762745472129 ) ) ;
#2415 = VERTEX_POINT ( 'NONE', #936 ) ;
#2416 = VERTEX_POINT ( 'NONE', #974 ) ;
#2417 = CARTESIAN_POINT ( 'NONE',  ( -112.8759871213101178, 88.87999999999998124, 3.035661502869943629 ) ) ;
#2418 = DIRECTION ( 'NONE',  ( -0.2442954651670563304, 0.000000000000000000, 0.9697008434041973768 ) ) ;
#2419 = CARTESIAN_POINT ( 'NONE',  ( -92.49999999999820943, 88.87999999999998124, 16.74722354252501688 ) ) ;
#2420 = ORIENTED_EDGE ( 'NONE', *, *, #987, .F. ) ;
#2421 = EDGE_CURVE ( 'NONE', #2880, #1622, #2192, .T. ) ;
#2422 = LINE ( 'NONE', #2665, #2498 ) ;
#2423 = DIRECTION ( 'NONE',  ( -0.000000000000000000, 1.000000000000000000, -0.000000000000000000 ) ) ;
#2424 = CARTESIAN_POINT ( 'NONE',  ( -253.5702622210754953, 92.87999999999999545, 8.831944532698685180 ) ) ;
#2425 = DIRECTION ( 'NONE',  ( -0.000000000000000000, 1.000000000000000000, -0.000000000000000000 ) ) ;
#2426 = EDGE_CURVE ( 'NONE', #1622, #2310, #3073, .T. ) ;
#2427 = CARTESIAN_POINT ( 'NONE',  ( -177.8347060259989121, 92.87999999999999545, 9.552397567821030222 ) ) ;
#2428 = CARTESIAN_POINT ( 'NONE',  ( -290.1604015055179389, 88.87999999999998124, 1.637864100023359581 ) ) ;
#2429 = B_SPLINE_CURVE_WITH_KNOTS ( 'NONE', 3,
 ( #3930, #745, #1765, #129 ),
 .UNSPECIFIED., .F., .F.,
 ( 4, 4 ),
 ( 0.8564952732850455996, 0.8767451746816566915 ),
 .UNSPECIFIED. ) ;
#2430 = ORIENTED_EDGE ( 'NONE', *, *, #741, .T. ) ;
#2431 = B_SPLINE_CURVE_WITH_KNOTS ( 'NONE', 3,
 ( #588, #631, #1879, #4067, #1565, #2836, #3158, #1235, #3140 ),
 .UNSPECIFIED., .F., .F.,
 ( 4, 1, 1, 1, 1, 1, 4 ),
 ( 0.9389019328317700364, 0.9448400810633529323, 0.9507782292949357172, 0.9626545257581015091, 0.9745308222212671900, 0.9804689704528500860, 0.9864071186844328709 ),
 .UNSPECIFIED. ) ;
#2432 = ORIENTED_EDGE ( 'NONE', *, *, #70, .T. ) ;
#2433 = DIRECTION ( 'NONE',  ( 0.000000000000000000, 1.000000000000000000, 0.000000000000000000 ) ) ;
#2434 = CARTESIAN_POINT ( 'NONE',  ( -225.6975725102126944, 88.87999999999998124, 8.533007167635572543 ) ) ;
#2435 = VECTOR ( 'NONE', #3724, 1000.000000000000114 ) ;
#2436 = ORIENTED_EDGE ( 'NONE', *, *, #2439, .F. ) ;
#2437 = VECTOR ( 'NONE', #3475, 1000.000000000000000 ) ;
#2438 = CARTESIAN_POINT ( 'NONE',  ( -113.6756979680784241, 92.87999999999999545, 3.057168747125017294 ) ) ;
#2439 = EDGE_CURVE ( 'NONE', #3367, #2165, #1538, .T. ) ;
#2440 = ORIENTED_EDGE ( 'NONE', *, *, #3788, .F. ) ;
#2441 = CARTESIAN_POINT ( 'NONE',  ( -65.70031221889387041, 92.87999999999999545, -69.13567613107584009 ) ) ;
#2442 = ORIENTED_EDGE ( 'NONE', *, *, #1824, .F. ) ;
#2443 = ORIENTED_EDGE ( 'NONE', *, *, #2631, .T. ) ;
#2444 = CARTESIAN_POINT ( 'NONE',  ( -172.8587101762493887, 88.87999999999998124, 24.44703151162762822 ) ) ;
#2445 = FACE_OUTER_BOUND ( 'NONE', #3240, .T. ) ;
#2446 = CARTESIAN_POINT ( 'NONE',  ( -269.3505351009389983, 93.87999999999999545, 8.883550396655479631 ) ) ;
#2447 = PLANE ( 'NONE',  #1015 ) ;
#2448 = ADVANCED_FACE ( 'NONE', ( #3798 ), #957, .T. ) ;
#2449 = CARTESIAN_POINT ( 'NONE',  ( -266.6398104252421604, 88.87999999999998124, 6.507882213807839378 ) ) ;
#2450 = EDGE_CURVE ( 'NONE', #948, #2681, #2312, .T. ) ;
#2451 = VERTEX_POINT ( 'NONE', #1702 ) ;
#2452 = AXIS2_PLACEMENT_3D ( 'NONE', #3938, #682, #725 ) ;
#2453 = VERTEX_POINT ( 'NONE', #2033 ) ;
#2454 = AXIS2_PLACEMENT_3D ( 'NONE', #637, #1927, #3427 ) ;
#2455 = CARTESIAN_POINT ( 'NONE',  ( -250.7585574480021364, 93.47999999999998977, 7.495065782896132234 ) ) ;
#2456 = CARTESIAN_POINT ( 'NONE',  ( -128.9236941600217108, 93.47999999999998977, 122.5174531115823271 ) ) ;
#2457 = ORIENTED_EDGE ( 'NONE', *, *, #2262, .T. ) ;
#2458 = EDGE_CURVE ( 'NONE', #1535, #2965, #135, .T. ) ;
#2459 = AXIS2_PLACEMENT_3D ( 'NONE', #3674, #2406, #836 ) ;
#2460 = ORIENTED_EDGE ( 'NONE', *, *, #867, .F. ) ;
#2461 = DIRECTION ( 'NONE',  ( 0.000000000000000000, 1.000000000000000000, 0.000000000000000000 ) ) ;
#2462 = ORIENTED_EDGE ( 'NONE', *, *, #2913, .T. ) ;
#2463 = PLANE ( 'NONE',  #2454 ) ;
#2464 = EDGE_CURVE ( 'NONE', #2833, #984, #1390, .T. ) ;
#2465 = ORIENTED_EDGE ( 'NONE', *, *, #4070, .F. ) ;
#2466 = DIRECTION ( 'NONE',  ( 0.000000000000000000, 1.000000000000000000, 0.000000000000000000 ) ) ;
#2467 = PLANE ( 'NONE',  #358 ) ;
#2468 = CARTESIAN_POINT ( 'NONE',  ( -138.8161405280330882, 93.87999999999999545, 9.412531083876945814 ) ) ;
#2469 = VECTOR ( 'NONE', #1386, 1000.000000000000000 ) ;
#2470 = DIRECTION ( 'NONE',  ( 0.9869698889881115544, 0.000000000000000000, 0.1609050596805300659 ) ) ;
#2471 = CARTESIAN_POINT ( 'NONE',  ( -246.0930087101614845, 93.47999999999998977, 7.719654219035418485 ) ) ;
#2472 = ORIENTED_EDGE ( 'NONE', *, *, #2458, .T. ) ;
#2473 = DIRECTION ( 'NONE',  ( -0.9999423315618068964, 0.000000000000000000, 0.01073934591758078823 ) ) ;
#2474 = LINE ( 'NONE', #3401, #3015 ) ;
#2475 = VERTEX_POINT ( 'NONE', #420 ) ;
#2476 = DIRECTION ( 'NONE',  ( -0.9996385584632172527, 0.000000000000000000, 0.02688405537825354352 ) ) ;
#2477 = ORIENTED_EDGE ( 'NONE', *, *, #1087, .F. ) ;
#2478 = CARTESIAN_POINT ( 'NONE',  ( -49.20153583355309479, 92.87999999999999545, -51.77420520022768358 ) ) ;
#2479 = ORIENTED_EDGE ( 'NONE', *, *, #3277, .T. ) ;
#2480 = DIRECTION ( 'NONE',  ( -0.8137065930674870495, 0.000000000000000000, -0.5812758212746363951 ) ) ;
#2481 = CARTESIAN_POINT ( 'NONE',  ( -257.5087377909017050, 92.87999999999999545, 7.897858416091774636 ) ) ;
#2482 = CARTESIAN_POINT ( 'NONE',  ( -133.3568342694792932, 92.87999999999999545, 9.271286723260869778 ) ) ;
#2483 = VECTOR ( 'NONE', #193, 1000.000000000000000 ) ;
#2484 = CARTESIAN_POINT ( 'NONE',  ( -300.0000000000000000, 93.87999999999999545, -0.1621621621621254228 ) ) ;
#2485 = CARTESIAN_POINT ( 'NONE',  ( -87.84855366176002178, 92.87999999999999545, -92.44201358294745319 ) ) ;
#2486 = ORIENTED_EDGE ( 'NONE', *, *, #3618, .F. ) ;
#2487 = ADVANCED_FACE ( 'NONE', ( #1086 ), #3558, .F. ) ;
#2488 = DIRECTION ( 'NONE',  ( -0.8137065930674900471, -0.000000000000000000, -0.5812758212746321762 ) ) ;
#2489 = DIRECTION ( 'NONE',  ( 0.000000000000000000, 1.000000000000000000, 0.000000000000000000 ) ) ;
#2490 = PLANE ( 'NONE',  #3078 ) ;
#2491 = CARTESIAN_POINT ( 'NONE',  ( -151.9060143339743547, 93.88000000000000966, 9.644634931176618409 ) ) ;
#2492 = EDGE_LOOP ( 'NONE', ( #2380, #1336, #3844 ) ) ;
#2493 = EDGE_CURVE ( 'NONE', #27, #1184, #2718, .T. ) ;
#2494 = CARTESIAN_POINT ( 'NONE',  ( -282.6978133705282517, 93.87999999999999545, 5.318962716800226254 ) ) ;
#2495 = AXIS2_PLACEMENT_3D ( 'NONE', #24, #3503, #1284 ) ;
#2496 = VERTEX_POINT ( 'NONE', #462 ) ;
#2497 = CARTESIAN_POINT ( 'NONE',  ( -255.0873318177361284, 92.87999999999999545, 7.269166099123650859 ) ) ;
#2498 = VECTOR ( 'NONE', #3935, 1000.000000000000000 ) ;
#2499 = VERTEX_POINT ( 'NONE', #1723 ) ;
#2500 = DIRECTION ( 'NONE',  ( -0.000000000000000000, -1.000000000000000000, -0.000000000000000000 ) ) ;
#2501 = FACE_OUTER_BOUND ( 'NONE', #3090, .T. ) ;
#2502 = CARTESIAN_POINT ( 'NONE',  ( -87.84855366176002178, 93.47999999999998977, -92.44201358294745319 ) ) ;
#2503 = ADVANCED_FACE ( 'NONE', ( #1973 ), #1346, .T. ) ;
#2504 = DIRECTION ( 'NONE',  ( 0.000000000000000000, 0.000000000000000000, 1.000000000000000000 ) ) ;
#2505 = FACE_OUTER_BOUND ( 'NONE', #3953, .T. ) ;
#2506 = ORIENTED_EDGE ( 'NONE', *, *, #2043, .F. ) ;
#2507 = ORIENTED_EDGE ( 'NONE', *, *, #2889, .F. ) ;
#2508 = EDGE_CURVE ( 'NONE', #2721, #536, #3261, .T. ) ;
#2509 = VERTEX_POINT ( 'NONE', #2558 ) ;
#2510 = CARTESIAN_POINT ( 'NONE',  ( -113.5068429449947445, 93.87999999999999545, 9.335759885577626704 ) ) ;
#2511 = FACE_OUTER_BOUND ( 'NONE', #156, .T. ) ;
#2512 = CARTESIAN_POINT ( 'NONE',  ( -113.6756979680784099, 88.87999999999998124, 3.057168747125016850 ) ) ;
#2513 = LINE ( 'NONE', #1923, #1441 ) ;
#2514 = VECTOR ( 'NONE', #1982, 1000.000000000000114 ) ;
#2515 = EDGE_LOOP ( 'NONE', ( #1592, #3932, #3523 ) ) ;
#2516 = VECTOR ( 'NONE', #2783, 1000.000000000000000 ) ;
#2517 = CARTESIAN_POINT ( 'NONE',  ( -254.6226053384951342, 93.47999999999998977, 8.584301408075409867 ) ) ;
#2518 = EDGE_LOOP ( 'NONE', ( #3867, #314 ) ) ;
#2519 = VECTOR ( 'NONE', #324, 1000.000000000000227 ) ;
#2520 = EDGE_CURVE ( 'NONE', #51, #2356, #3579, .T. ) ;
#2521 = CARTESIAN_POINT ( 'NONE',  ( -265.5219321219555013, 88.87999999999998124, 2.837808823444820661 ) ) ;
#2522 = ORIENTED_EDGE ( 'NONE', *, *, #1942, .F. ) ;
#2523 = CARTESIAN_POINT ( 'NONE',  ( -267.1688184859922330, 88.87999999999998124, 8.607714735570466402 ) ) ;
#2524 = LINE ( 'NONE', #913, #884 ) ;
#2525 = CARTESIAN_POINT ( 'NONE',  ( -265.7189512413806938, 88.87999999999998124, 5.831332410554418644 ) ) ;
#2526 = DIRECTION ( 'NONE',  ( -0.01073934591758248132, -0.000000000000000000, -0.9999423315618068964 ) ) ;
#2527 = DIRECTION ( 'NONE',  ( -0.000000000000000000, 1.000000000000000000, -0.000000000000000000 ) ) ;
#2528 = ORIENTED_EDGE ( 'NONE', *, *, #1356, .T. ) ;
#2529 = DIRECTION ( 'NONE',  ( -0.000000000000000000, 1.000000000000000000, -0.000000000000000000 ) ) ;
#2530 = CARTESIAN_POINT ( 'NONE',  ( -69.87710367951460455, 92.87999999999999545, -107.1733000749819951 ) ) ;
#2531 = DIRECTION ( 'NONE',  ( -0.000000000000000000, 1.000000000000000000, -0.000000000000000000 ) ) ;
#2532 = CARTESIAN_POINT ( 'NONE',  ( -227.5076778612756527, 93.47999999999998977, 8.453911112217978641 ) ) ;
#2533 = AXIS2_PLACEMENT_3D ( 'NONE', #91, #3230, #684 ) ;
#2534 = ORIENTED_EDGE ( 'NONE', *, *, #2275, .T. ) ;
#2535 = CARTESIAN_POINT ( 'NONE',  ( -233.9222184832874234, 92.87999999999999545, 13.19005079517899048 ) ) ;
#2536 = AXIS2_PLACEMENT_3D ( 'NONE', #1634, #1322, #3847 ) ;
#2537 = CARTESIAN_POINT ( 'NONE',  ( -165.9276959324085965, 92.87999999999999545, 24.32335976583580717 ) ) ;
#2538 = VERTEX_POINT ( 'NONE', #2644 ) ;
#2539 = CARTESIAN_POINT ( 'NONE',  ( -248.4092376083339389, 88.87999999999998124, -62.58141432606363708 ) ) ;
#2540 = DIRECTION ( 'NONE',  ( 0.000000000000000000, -1.000000000000000000, 0.000000000000000000 ) ) ;
#2541 = EDGE_CURVE ( 'NONE', #2738, #3143, #1742, .T. ) ;
#2542 = CARTESIAN_POINT ( 'NONE',  ( 0.000000000000000000, 93.47999999999998977, 0.000000000000000000 ) ) ;
#2543 = CARTESIAN_POINT ( 'NONE',  ( -259.3915731957100661, 88.87999999999998124, 7.445118414263216522 ) ) ;
#2544 = EDGE_CURVE ( 'NONE', #2824, #1516, #4054, .T. ) ;
#2545 = ORIENTED_EDGE ( 'NONE', *, *, #3032, .F. ) ;
#2546 = ORIENTED_EDGE ( 'NONE', *, *, #3154, .F. ) ;
#2547 = CARTESIAN_POINT ( 'NONE',  ( -132.7570444405484125, 92.87999999999999545, 9.255407141683622996 ) ) ;
#2548 = VECTOR ( 'NONE', #3924, 1000.000000000000000 ) ;
#2549 = PLANE ( 'NONE',  #1468 ) ;
#2550 = CARTESIAN_POINT ( 'NONE',  ( -131.6663975624087470, 93.87999999999999545, 26.97927182084070452 ) ) ;
#2551 = CARTESIAN_POINT ( 'NONE',  ( -269.3505351003591954, 93.87999999999999545, 8.883550396804281490 ) ) ;
#2552 = CARTESIAN_POINT ( 'NONE',  ( -237.6737849170279731, 92.87999999999999545, 8.080994594439271594 ) ) ;
#2553 = ORIENTED_EDGE ( 'NONE', *, *, #2541, .F. ) ;
#2554 = ORIENTED_EDGE ( 'NONE', *, *, #3273, .F. ) ;
#2555 = CARTESIAN_POINT ( 'NONE',  ( -264.6795704296176268, 93.88000000000029388, 5.899739385248923718 ) ) ;
#2556 = CARTESIAN_POINT ( 'NONE',  ( -260.8576000460811315, 88.87999999999998124, 7.086686038612372229 ) ) ;
#2557 = VECTOR ( 'NONE', #1641, 1000.000000000000000 ) ;
#2558 = CARTESIAN_POINT ( 'NONE',  ( -148.7718042799483555, 92.87999999999999545, 11.08556981309512501 ) ) ;
#2559 = CARTESIAN_POINT ( 'NONE',  ( -247.9425849139424258, 93.47999999999998977, 10.13018560512172606 ) ) ;
#2560 = LINE ( 'NONE', #1959, #3856 ) ;
#2561 = LINE ( 'NONE', #1623, #3182 ) ;
#2562 = LINE ( 'NONE', #2239, #4038 ) ;
#2563 = DIRECTION ( 'NONE',  ( 0.01060253998774570924, 0.000000000000000000, -0.9999437914932058913 ) ) ;
#2564 = EDGE_LOOP ( 'NONE', ( #1755, #657, #875, #2896 ) ) ;
#2565 = CARTESIAN_POINT ( 'NONE',  ( -290.3110310810180863, 93.87999999999999545, 3.099905874896820901 ) ) ;
#2566 = VERTEX_POINT ( 'NONE', #1991 ) ;
#2567 = ADVANCED_FACE ( 'NONE', ( #110 ), #748, .T. ) ;
#2568 = FACE_OUTER_BOUND ( 'NONE', #1151, .T. ) ;
#2569 = ORIENTED_EDGE ( 'NONE', *, *, #644, .T. ) ;
#2570 = ORIENTED_EDGE ( 'NONE', *, *, #1635, .T. ) ;
#2571 = CARTESIAN_POINT ( 'NONE',  ( -112.7508309264629673, 88.87999999999998124, 7.689384925053317055 ) ) ;
#2572 = CARTESIAN_POINT ( 'NONE',  ( -290.1604015055179389, 93.87999999999999545, 1.637864100023359581 ) ) ;
#2573 = AXIS2_PLACEMENT_3D ( 'NONE', #3448, #3166, #2766 ) ;
#2574 = ORIENTED_EDGE ( 'NONE', *, *, #1648, .F. ) ;
#2575 = EDGE_CURVE ( 'NONE', #325, #2804, #1479, .T. ) ;
#2576 = DIRECTION ( 'NONE',  ( -0.000000000000000000, 1.000000000000000000, -0.000000000000000000 ) ) ;
#2577 = CARTESIAN_POINT ( 'NONE',  ( -285.1034899461802183, 88.87999999999998124, 1.323141469615046306 ) ) ;
#2578 = DIRECTION ( 'NONE',  ( 0.3708539045046411742, 0.000000000000000000, 0.9286912196815810816 ) ) ;
#2579 = PLANE ( 'NONE',  #1576 ) ;
#2580 = CARTESIAN_POINT ( 'NONE',  ( -112.6701787603263796, 88.87999999999998124, 10.68830060044215280 ) ) ;
#2581 = FACE_OUTER_BOUND ( 'NONE', #1053, .T. ) ;
#2582 = CARTESIAN_POINT ( 'NONE',  ( -164.8025584340670093, 92.88000000000002387, 24.44762198403827824 ) ) ;
#2583 = LINE ( 'NONE', #3462, #3705 ) ;
#2584 = ORIENTED_EDGE ( 'NONE', *, *, #3830, .F. ) ;
#2585 = CARTESIAN_POINT ( 'NONE',  ( -264.2871590457025377, 88.87999999999998124, 7.064132261341821817 ) ) ;
#2586 = EDGE_CURVE ( 'NONE', #3679, #1561, #3022, .T. ) ;
#2587 = VERTEX_POINT ( 'NONE', #1793 ) ;
#2588 = CLOSED_SHELL ( 'NONE', ( #3113, #131, #3892, #284, #213, #2289, #2908, #2601, #1456, #350, #2606, #2487, #1470, #1948, #2819, #4026, #2236, #2567, #1092, #446, #3216, #2794, #703, #413, #2911, #2101, #3076, #2503, #2230, #1466, #1099, #899, #2967, #2868, #2241, #718, #1161, #3799, #3487, #4053, #2862, #591, #181, #956, #652, #3926, #3964, #3538, #796, #1122, #3235, #1729, #273, #508, #362, #158, #3194, #1525, #575, #753, #859, #3642, #2784, #625, #3161, #3378, #1142, #3864, #144, #1340, #291, #1152, #2820, #3664, #2317, #2325, #9, #1020, #724, #2878, #1224, #349, #2656, #212, #1924, #1131, #994, #2642, #2448, #3471, #3399, #1997, #735, #3369, #3404, #2396, #2855, #1444, #554, #811, #3059, #2742, #2737 ) ) ;
#2589 = DIRECTION ( 'NONE',  ( 0.1609050596807223010, 0.000000000000000000, -0.9869698889880801351 ) ) ;
#2590 = EDGE_LOOP ( 'NONE', ( #3384, #3791, #2609, #692 ) ) ;
#2591 = VERTEX_POINT ( 'NONE', #851 ) ;
#2592 = DIRECTION ( 'NONE',  ( -0.7248872777926389510, 0.000000000000000000, 0.6888675014067491276 ) ) ;
#2593 = FACE_OUTER_BOUND ( 'NONE', #1283, .T. ) ;
#2594 = VERTEX_POINT ( 'NONE', #3044 ) ;
#2595 = CARTESIAN_POINT ( 'NONE',  ( -297.6249865866503796, 88.87999999999998124, 0.7942685039368136968 ) ) ;
#2596 = EDGE_CURVE ( 'NONE', #412, #294, #4016, .T. ) ;
#2597 = CARTESIAN_POINT ( 'NONE',  ( -254.9539109580283309, 88.87999999999998124, 8.516572991783290192 ) ) ;
#2598 = CARTESIAN_POINT ( 'NONE',  ( -113.6756979680784099, 93.87999999999999545, 3.057168747125016850 ) ) ;
#2599 = CARTESIAN_POINT ( 'NONE',  ( -132.7570495598770606, 92.87999999999999545, 9.255214942794435018 ) ) ;
#2600 = CYLINDRICAL_SURFACE ( 'NONE', #2533, 0.5999999999999946487 ) ;
#2601 = ADVANCED_FACE ( 'NONE', ( #3331 ), #2115, .F. ) ;
#2602 = DIRECTION ( 'NONE',  ( -0.000000000000000000, 1.000000000000000000, -0.000000000000000000 ) ) ;
#2603 = DIRECTION ( 'NONE',  ( 0.000000000000000000, 1.000000000000000000, 0.000000000000000000 ) ) ;
#2604 = DIRECTION ( 'NONE',  ( 0.000000000000000000, 1.000000000000000000, 0.000000000000000000 ) ) ;
#2605 = VECTOR ( 'NONE', #473, 1000.000000000000114 ) ;
#2606 = ADVANCED_FACE ( 'NONE', ( #3707 ), #1458, .F. ) ;
#2607 = FACE_OUTER_BOUND ( 'NONE', #23, .T. ) ;
#2608 = EDGE_LOOP ( 'NONE', ( #2925, #2075, #2953, #1716 ) ) ;
#2609 = ORIENTED_EDGE ( 'NONE', *, *, #2100, .F. ) ;
#2610 = LINE ( 'NONE', #3883, #2391 ) ;
#2611 = EDGE_CURVE ( 'NONE', #517, #1622, #3655, .T. ) ;
#2612 = ORIENTED_EDGE ( 'NONE', *, *, #3580, .T. ) ;
#2613 = ORIENTED_EDGE ( 'NONE', *, *, #2196, .F. ) ;
#2614 = CARTESIAN_POINT ( 'NONE',  ( -222.8468073653594104, 93.88000000000029388, 7.840947217310170636 ) ) ;
#2615 = LINE ( 'NONE', #2308, #787 ) ;
#2616 = LINE ( 'NONE', #3220, #1828 ) ;
#2617 = ORIENTED_EDGE ( 'NONE', *, *, #1889, .T. ) ;
#2618 = CARTESIAN_POINT ( 'NONE',  ( -251.8779176822688726, 93.48000000000000398, 9.227492699356432126 ) ) ;
#2619 = CARTESIAN_POINT ( 'NONE',  ( -190.0606051026418584, 88.87999999999998124, 21.14460090871749642 ) ) ;
#2620 = CARTESIAN_POINT ( 'NONE',  ( -141.1614346981550625, 88.87999999999998124, 27.35412429335869788 ) ) ;
#2621 = VECTOR ( 'NONE', #2243, 1000.000000000000000 ) ;
#2622 = ORIENTED_EDGE ( 'NONE', *, *, #2130, .T. ) ;
#2623 = EDGE_CURVE ( 'NONE', #380, #2496, #3068, .T. ) ;
#2624 = CARTESIAN_POINT ( 'NONE',  ( -292.2377533026756282, 88.87999999999998124, 1.650914772663081065 ) ) ;
#2625 = VECTOR ( 'NONE', #2151, 1000.000000000000000 ) ;
#2626 = LINE ( 'NONE', #2366, #3905 ) ;
#2627 = CARTESIAN_POINT ( 'NONE',  ( -213.8485997193555193, 92.87999999999999545, 9.433716939735818485 ) ) ;
#2628 = DIRECTION ( 'NONE',  ( -0.7241518884010706980, 0.000000000000000000, -0.6896405168819210729 ) ) ;
#2629 = CARTESIAN_POINT ( 'NONE',  ( 0.5936727027209565133, 88.87999999999998124, 22.07472482841616923 ) ) ;
#2630 = EDGE_LOOP ( 'NONE', ( #2164, #275, #1981, #4073 ) ) ;
#2631 = EDGE_CURVE ( 'NONE', #808, #3408, #2746, .T. ) ;
#2632 = FACE_OUTER_BOUND ( 'NONE', #1583, .T. ) ;
#2633 = VERTEX_POINT ( 'NONE', #1188 ) ;
#2634 = PLANE ( 'NONE',  #2250 ) ;
#2635 = ORIENTED_EDGE ( 'NONE', *, *, #2184, .F. ) ;
#2636 = ORIENTED_EDGE ( 'NONE', *, *, #2803, .F. ) ;
#2637 = CARTESIAN_POINT ( 'NONE',  ( -115.5180971449222653, 88.87999999999998124, 7.824897445543450125 ) ) ;
#2638 = CARTESIAN_POINT ( 'NONE',  ( -132.0558163129717002, 93.87999999999999545, 26.96303150527395687 ) ) ;
#2639 = CARTESIAN_POINT ( 'NONE',  ( -280.3490536555156041, 93.87999999999999545, 2.537585519907809672 ) ) ;
#2640 = EDGE_LOOP ( 'NONE', ( #4044, #3723 ) ) ;
#2641 = ORIENTED_EDGE ( 'NONE', *, *, #320, .T. ) ;
#2642 = ADVANCED_FACE ( 'NONE', ( #3002 ), #504, .T. ) ;
#2643 = VECTOR ( 'NONE', #3482, 999.9999999999998863 ) ;
#2644 = CARTESIAN_POINT ( 'NONE',  ( -112.6701787603263796, 93.87999999999999545, 10.68830060044215280 ) ) ;
#2645 = CYLINDRICAL_SURFACE ( 'NONE', #1883, 0.5999999999999685585 ) ;
#2646 = VECTOR ( 'NONE', #1430, 1000.000000000000227 ) ;
#2647 = DIRECTION ( 'NONE',  ( 0.000000000000000000, 0.000000000000000000, 1.000000000000000000 ) ) ;
#2648 = VECTOR ( 'NONE', #3473, 1000.000000000000000 ) ;
#2649 = CARTESIAN_POINT ( 'NONE',  ( -293.2676002059569100, 88.87999999999998124, 1.330312713633649668 ) ) ;
#2650 = CARTESIAN_POINT ( 'NONE',  ( -132.7570495598771174, 93.87999999999999545, 9.255214942794435018 ) ) ;
#2651 = CARTESIAN_POINT ( 'NONE',  ( -237.6737849170279731, 92.87999999999999545, 8.080994594439271594 ) ) ;
#2652 = CARTESIAN_POINT ( 'NONE',  ( -123.3137327467877640, 93.88000000000000966, 27.25623171729949945 ) ) ;
#2653 = LINE ( 'NONE', #3923, #2514 ) ;
#2654 = CARTESIAN_POINT ( 'NONE',  ( -244.8321065350075969, 93.47999999999998977, 7.777216704173514294 ) ) ;
#2655 = VERTEX_POINT ( 'NONE', #180 ) ;
#2656 = ADVANCED_FACE ( 'NONE', ( #1833 ), #873, .F. ) ;
#2657 = VECTOR ( 'NONE', #3796, 1000.000000000000114 ) ;
#2658 = ORIENTED_EDGE ( 'NONE', *, *, #3629, .T. ) ;
#2659 = ORIENTED_EDGE ( 'NONE', *, *, #1325, .T. ) ;
#2660 = LINE ( 'NONE', #2351, #2646 ) ;
#2661 = LINE ( 'NONE', #1104, #2293 ) ;
#2662 = CARTESIAN_POINT ( 'NONE',  ( -245.6731028708971962, 92.87999999999999545, 7.739038463957885305 ) ) ;
#2663 = EDGE_LOOP ( 'NONE', ( #2947, #3342, #2462, #3928, #41, #191, #109, #533, #4049, #3998, #2223, #2736, #1908, #1198, #765, #1896, #3748, #2300, #3239, #2635, #2261, #3021, #3527, #355, #1125, #2042, #3472, #1696, #197, #853, #3379, #2952, #3480, #2269, #3531, #164 ) ) ;
#2664 = ORIENTED_EDGE ( 'NONE', *, *, #1040, .F. ) ;
#2665 = CARTESIAN_POINT ( 'NONE',  ( -256.8343786850404626, 92.87999999999999545, 8.059280522143909664 ) ) ;
#2666 = EDGE_CURVE ( 'NONE', #906, #1162, #3089, .T. ) ;
#2667 = CARTESIAN_POINT ( 'NONE',  ( -149.2125205955655929, 92.87999999999999545, 25.91972275192642883 ) ) ;
#2668 = CARTESIAN_POINT ( 'NONE',  ( -253.0423473195501742, 92.87999999999999545, 8.955332983845949002 ) ) ;
#2669 = DIRECTION ( 'NONE',  ( -0.02688405537842415011, -0.000000000000000000, -0.9996385584632127008 ) ) ;
#2670 = ORIENTED_EDGE ( 'NONE', *, *, #389, .T. ) ;
#2671 = CARTESIAN_POINT ( 'NONE',  ( -295.2960495103556013, 93.87999999999999545, 0.3249056940543462169 ) ) ;
#2672 = EDGE_CURVE ( 'NONE', #1162, #2901, #3648, .T. ) ;
#2673 = DIRECTION ( 'NONE',  ( -0.8530756398719007150, 0.000000000000000000, 0.5217872676265177256 ) ) ;
#2674 = CARTESIAN_POINT ( 'NONE',  ( -238.8043900228236964, 92.87999999999999545, 8.035481055062303923 ) ) ;
#2675 = CARTESIAN_POINT ( 'NONE',  ( -265.7189512413806938, 88.87999999999998124, 5.831332410554418644 ) ) ;
#2676 = ORIENTED_EDGE ( 'NONE', *, *, #3918, .T. ) ;
#2677 = DIRECTION ( 'NONE',  ( -0.9286912196815810816, 0.000000000000000000, 0.3708539045046411742 ) ) ;
#2678 = LINE ( 'NONE', #3947, #3750 ) ;
#2679 = ORIENTED_EDGE ( 'NONE', *, *, #2397, .T. ) ;
#2680 = EDGE_CURVE ( 'NONE', #201, #714, #2422, .T. ) ;
#2681 = VERTEX_POINT ( 'NONE', #3368 ) ;
#2682 = PLANE ( 'NONE',  #3375 ) ;
#2683 = CARTESIAN_POINT ( 'NONE',  ( -260.7629341020902984, 93.47999999999997556, 6.944829825282437419 ) ) ;
#2684 = FACE_BOUND ( 'NONE', #2195, .T. ) ;
#2685 = ORIENTED_EDGE ( 'NONE', *, *, #1635, .F. ) ;
#2686 = DIRECTION ( 'NONE',  ( 0.6888675014067491276, 0.000000000000000000, 0.7248872777926389510 ) ) ;
#2687 = CARTESIAN_POINT ( 'NONE',  ( -148.8736908028978974, 92.87999999999999545, 1.598898269525319327 ) ) ;
#2688 = LINE ( 'NONE', #3371, #1738 ) ;
#2689 = ORIENTED_EDGE ( 'NONE', *, *, #1424, .T. ) ;
#2690 = CARTESIAN_POINT ( 'NONE',  ( -300.0000000000000000, 88.87999999999998124, 0.000000000000000000 ) ) ;
#2691 = ORIENTED_EDGE ( 'NONE', *, *, #401, .F. ) ;
#2692 = CARTESIAN_POINT ( 'NONE',  ( -249.0977906874155678, 92.87999999999999545, 9.867109382341327617 ) ) ;
#2693 = CARTESIAN_POINT ( 'NONE',  ( -213.2678935476478159, 92.87999999999999545, 8.883460927922911310 ) ) ;
#2694 = CARTESIAN_POINT ( 'NONE',  ( -140.1163786704161112, 93.88000000000000966, 26.58487205923218966 ) ) ;
#2695 = EDGE_CURVE ( 'NONE', #1956, #3551, #2357, .T. ) ;
#2696 = VECTOR ( 'NONE', #2333, 1000.000000000000000 ) ;
#2697 = VERTEX_POINT ( 'NONE', #3672 ) ;
#2698 = EDGE_CURVE ( 'NONE', #1408, #2941, #1446, .T. ) ;
#2699 = CARTESIAN_POINT ( 'NONE',  ( -192.5000000004401102, 93.87999999999999545, 15.15093237100210288 ) ) ;
#2700 = CARTESIAN_POINT ( 'NONE',  ( -300.0000000000000000, 93.87999999999999545, -0.1621621621621254228 ) ) ;
#2701 = EDGE_LOOP ( 'NONE', ( #151, #734, #370, #3432 ) ) ;
#2702 = ORIENTED_EDGE ( 'NONE', *, *, #1855, .T. ) ;
#2703 = EDGE_LOOP ( 'NONE', ( #2796, #1007, #2930, #1700 ) ) ;
#2704 = CARTESIAN_POINT ( 'NONE',  ( -190.1890343106762202, 88.87999999999998124, 9.385866078298587212 ) ) ;
#2705 = DIRECTION ( 'NONE',  ( 0.9996385584632172527, 0.000000000000000000, -0.02688405537825352271 ) ) ;
#2706 = CARTESIAN_POINT ( 'NONE',  ( -256.8343786850404058, 93.47999999999998977, 8.059280522143815517 ) ) ;
#2707 = VERTEX_POINT ( 'NONE', #4075 ) ;
#2708 = DIRECTION ( 'NONE',  ( 0.7248872777926389510, 0.000000000000000000, -0.6888675014067491276 ) ) ;
#2709 = CARTESIAN_POINT ( 'NONE',  ( -165.6171606190784189, 93.87999999999999545, 22.88600174151924094 ) ) ;
#2710 = DIRECTION ( 'NONE',  ( 0.000000000000000000, 1.000000000000000000, 0.000000000000000000 ) ) ;
#2711 = ORIENTED_EDGE ( 'NONE', *, *, #3830, .T. ) ;
#2712 = CIRCLE ( 'NONE', #3903, 4.124999999999996447 ) ;
#2713 = CARTESIAN_POINT ( 'NONE',  ( -287.8070055320702068, 93.87999999999999545, 3.847726476973042598 ) ) ;
#2714 = VECTOR ( 'NONE', #1553, 1000.000000000000000 ) ;
#2715 = CARTESIAN_POINT ( 'NONE',  ( -280.3490536555156041, 88.87999999999998124, 2.537585519907809672 ) ) ;
#2716 = VECTOR ( 'NONE', #2117, 999.9999999999998863 ) ;
#2717 = ORIENTED_EDGE ( 'NONE', *, *, #3584, .T. ) ;
#2718 = B_SPLINE_CURVE_WITH_KNOTS ( 'NONE', 3,
 ( #3915, #1368, #2270, #3289 ),
 .UNSPECIFIED., .F., .F.,
 ( 4, 4 ),
 ( 0.1402734871943789874, 0.1547462937130345273 ),
 .UNSPECIFIED. ) ;
#2719 = DIRECTION ( 'NONE',  ( 0.01073934591758078823, 0.000000000000000000, 0.9999423315618068964 ) ) ;
#2720 = FACE_OUTER_BOUND ( 'NONE', #2663, .T. ) ;
#2721 = VERTEX_POINT ( 'NONE', #2825 ) ;
#2722 = VERTEX_POINT ( 'NONE', #1243 ) ;
#2723 = EDGE_CURVE ( 'NONE', #123, #3017, #4034, .T. ) ;
#2724 = ORIENTED_EDGE ( 'NONE', *, *, #3817, .T. ) ;
#2725 = CARTESIAN_POINT ( 'NONE',  ( -140.7803349292970836, 93.87999999999999545, 26.53285290016496845 ) ) ;
#2726 = DIRECTION ( 'NONE',  ( 0.000000000000000000, 0.000000000000000000, 1.000000000000000000 ) ) ;
#2727 = DIRECTION ( 'NONE',  ( 0.000000000000000000, 1.000000000000000000, 0.000000000000000000 ) ) ;
#2728 = VERTEX_POINT ( 'NONE', #2521 ) ;
#2729 = DIRECTION ( 'NONE',  ( 0.6888675014067494606, 0.000000000000000000, 0.7248872777926387290 ) ) ;
#2730 = B_SPLINE_CURVE_WITH_KNOTS ( 'NONE', 3,
 ( #245, #3392, #263, #1519, #799 ),
 .UNSPECIFIED., .F., .F.,
 ( 4, 1, 4 ),
 ( 0.04410003439911578532, 0.04432521835872276633, 0.04725479771932823009 ),
 .UNSPECIFIED. ) ;
#2731 = CARTESIAN_POINT ( 'NONE',  ( -66.52695322058222871, 92.87999999999999545, -70.00554086442703294 ) ) ;
#2732 = CARTESIAN_POINT ( 'NONE',  ( -300.0000000000000000, 88.87999999999998124, -0.1621621621621254228 ) ) ;
#2733 = LINE ( 'NONE', #2690, #3458 ) ;
#2734 = CARTESIAN_POINT ( 'NONE',  ( -178.9566215734363368, 92.87999999999999545, 9.540759037952490473 ) ) ;
#2735 = CARTESIAN_POINT ( 'NONE',  ( 0.000000000000000000, 93.47999999999998977, 0.000000000000000000 ) ) ;
#2736 = ORIENTED_EDGE ( 'NONE', *, *, #3316, .F. ) ;
#2737 = ADVANCED_FACE ( 'NONE', ( #1534 ), #3146, .F. ) ;
#2738 = VERTEX_POINT ( 'NONE', #3407 ) ;
#2739 = CARTESIAN_POINT ( 'NONE',  ( -166.9276137519881047, 93.87999999999999545, 24.21216429850676022 ) ) ;
#2740 = CARTESIAN_POINT ( 'NONE',  ( -266.5886069376114733, 4.999999999999990230, 9.579359346406523201 ) ) ;
#2741 = ORIENTED_EDGE ( 'NONE', *, *, #1800, .T. ) ;
#2742 = ADVANCED_FACE ( 'NONE', ( #3746 ), #597, .F. ) ;
#2743 = LINE ( 'NONE', #3668, #3292 ) ;
#2744 = ORIENTED_EDGE ( 'NONE', *, *, #260, .T. ) ;
#2745 = EDGE_CURVE ( 'NONE', #2146, #3782, #3125, .T. ) ;
#2746 = LINE ( 'NONE', #203, #134 ) ;
#2747 = EDGE_CURVE ( 'NONE', #223, #557, #617, .T. ) ;
#2748 = ORIENTED_EDGE ( 'NONE', *, *, #3428, .T. ) ;
#2749 = CARTESIAN_POINT ( 'NONE',  ( -250.7667120139445274, 88.87999999999998124, 10.33830807117599448 ) ) ;
#2750 = CARTESIAN_POINT ( 'NONE',  ( -112.8759871213101178, 88.87999999999998124, 3.035661502869943629 ) ) ;
#2751 = VERTEX_POINT ( 'NONE', #2161 ) ;
#2752 = CARTESIAN_POINT ( 'NONE',  ( -272.0829353896128850, 88.87999999999998124, 8.182179439804087906 ) ) ;
#2753 = CARTESIAN_POINT ( 'NONE',  ( -266.3727187654357067, 88.87999999999998124, 3.583167371676564628 ) ) ;
#2754 = EDGE_CURVE ( 'NONE', #1832, #3006, #3488, .T. ) ;
#2755 = VERTEX_POINT ( 'NONE', #2497 ) ;
#2756 = ORIENTED_EDGE ( 'NONE', *, *, #1568, .F. ) ;
#2757 = CARTESIAN_POINT ( 'NONE',  ( -225.6975725102126944, 88.87999999999998124, 8.533007167635572543 ) ) ;
#2758 = CARTESIAN_POINT ( 'NONE',  ( -171.1374583195585330, 93.88000000000000966, 9.645899208250041212 ) ) ;
#2759 = EDGE_LOOP ( 'NONE', ( #489, #2546, #539, #1721 ) ) ;
#2760 = VECTOR ( 'NONE', #556, 1000.000000000000000 ) ;
#2761 = EDGE_CURVE ( 'NONE', #1621, #256, #1885, .T. ) ;
#2762 = ORIENTED_EDGE ( 'NONE', *, *, #354, .F. ) ;
#2763 = VECTOR ( 'NONE', #3773, 1000.000000000000114 ) ;
#2764 = CARTESIAN_POINT ( 'NONE',  ( 0.000000000000000000, 93.47999999999998977, 0.000000000000000000 ) ) ;
#2765 = ORIENTED_EDGE ( 'NONE', *, *, #1495, .T. ) ;
#2766 = DIRECTION ( 'NONE',  ( 0.7241518884010734736, 0.000000000000000000, 0.6896405168819181863 ) ) ;
#2767 = B_SPLINE_CURVE_WITH_KNOTS ( 'NONE', 3,
 ( #701, #3941, #3604, #1958 ),
 .UNSPECIFIED., .F., .F.,
 ( 4, 4 ),
 ( 0.1003748877703653647, 0.1014965991401979156 ),
 .UNSPECIFIED. ) ;
#2768 = ORIENTED_EDGE ( 'NONE', *, *, #1874, .T. ) ;
#2769 = CARTESIAN_POINT ( 'NONE',  ( -270.6058122691731000, 93.87999999999999545, 7.731282320555692422 ) ) ;
#2770 = DIRECTION ( 'NONE',  ( -0.7348758801460661960, -0.000000000000000000, -0.6782016225132055931 ) ) ;
#2771 = EDGE_CURVE ( 'NONE', #1061, #3218, #3766, .T. ) ;
#2772 = VECTOR ( 'NONE', #2837, 1000.000000000000000 ) ;
#2773 = CARTESIAN_POINT ( 'NONE',  ( -269.3505351009389983, 88.87999999999998124, 8.883550396655479631 ) ) ;
#2774 = DIRECTION ( 'NONE',  ( 0.000000000000000000, -1.000000000000000000, 0.000000000000000000 ) ) ;
#2775 = CARTESIAN_POINT ( 'NONE',  ( -149.2125205955655929, 93.87999999999999545, 25.91972275192642883 ) ) ;
#2776 = VECTOR ( 'NONE', #570, 1000.000000000000000 ) ;
#2777 = ORIENTED_EDGE ( 'NONE', *, *, #979, .T. ) ;
#2778 = AXIS2_PLACEMENT_3D ( 'NONE', #1652, #1318, #2589 ) ;
#2779 = CARTESIAN_POINT ( 'NONE',  ( -123.0048530695428184, 92.87999999999999545, 129.1603298418975783 ) ) ;
#2780 = DIRECTION ( 'NONE',  ( -0.6755766284712282355, -0.000000000000000000, -0.7372897795734375537 ) ) ;
#2781 = LINE ( 'NONE', #1811, #3357 ) ;
#2782 = ORIENTED_EDGE ( 'NONE', *, *, #4093, .T. ) ;
#2783 = DIRECTION ( 'NONE',  ( 0.000000000000000000, 1.000000000000000000, 0.000000000000000000 ) ) ;
#2784 = ADVANCED_FACE ( 'NONE', ( #3 ), #2463, .T. ) ;
#2785 = ORIENTED_EDGE ( 'NONE', *, *, #3054, .T. ) ;
#2786 = CARTESIAN_POINT ( 'NONE',  ( -290.1850476729540560, 93.87999999999999545, 2.279926096537914670 ) ) ;
#2787 = CARTESIAN_POINT ( 'NONE',  ( -82.83959400944358720, 93.87999999999999545, 78.72328000652272806 ) ) ;
#2788 = LINE ( 'NONE', #3190, #2763 ) ;
#2789 = EDGE_CURVE ( 'NONE', #2722, #2305, #929, .T. ) ;
#2790 = AXIS2_PLACEMENT_3D ( 'NONE', #1797, #528, #3693 ) ;
#2791 = CARTESIAN_POINT ( 'NONE',  ( -300.0000000000000000, 88.87999999999998124, -0.1621621621621254228 ) ) ;
#2792 = CARTESIAN_POINT ( 'NONE',  ( -132.9089226143069311, 92.87999999999999545, 3.518796046875030559 ) ) ;
#2793 = AXIS2_PLACEMENT_3D ( 'NONE', #3173, #265, #2504 ) ;
#2794 = ADVANCED_FACE ( 'NONE', ( #1264 ), #1594, .T. ) ;
#2795 = ORIENTED_EDGE ( 'NONE', *, *, #2464, .F. ) ;
#2796 = ORIENTED_EDGE ( 'NONE', *, *, #3968, .F. ) ;
#2797 = DIRECTION ( 'NONE',  ( -0.02688405537884543811, -0.000000000000000000, -0.9996385584632012655 ) ) ;
#2798 = DIRECTION ( 'NONE',  ( -0.7241518884010734736, 0.000000000000000000, -0.6896405168819181863 ) ) ;
#2799 = FACE_OUTER_BOUND ( 'NONE', #646, .T. ) ;
#2800 = DIRECTION ( 'NONE',  ( -0.000000000000000000, 1.000000000000000000, -0.000000000000000000 ) ) ;
#2801 = ORIENTED_EDGE ( 'NONE', *, *, #1239, .F. ) ;
#2802 = CARTESIAN_POINT ( 'NONE',  ( -292.8379051515267975, 88.87999999999998124, 0.5759372687060221319 ) ) ;
#2803 = EDGE_CURVE ( 'NONE', #2880, #2751, #4071, .T. ) ;
#2804 = VERTEX_POINT ( 'NONE', #2847 ) ;
#2805 = DIRECTION ( 'NONE',  ( 0.000000000000000000, 1.000000000000000000, 0.000000000000000000 ) ) ;
#2806 = ORIENTED_EDGE ( 'NONE', *, *, #772, .T. ) ;
#2807 = CARTESIAN_POINT ( 'NONE',  ( -190.7528261741830136, 88.87999999999998124, 21.03932599842006823 ) ) ;
#2808 = CARTESIAN_POINT ( 'NONE',  ( 0.000000000000000000, 88.87999999999998124, 0.000000000000000000 ) ) ;
#2809 = CARTESIAN_POINT ( 'NONE',  ( -240.4624955004808839, 88.87999999999998124, 7.187158872640684315 ) ) ;
#2810 = CARTESIAN_POINT ( 'NONE',  ( -132.6206067204130932, 92.87999999999999545, 26.93947749193012697 ) ) ;
#2811 = DIRECTION ( 'NONE',  ( -0.7248872777926389510, 0.000000000000000000, 0.6888675014067492386 ) ) ;
#2812 = ORIENTED_EDGE ( 'NONE', *, *, #532, .T. ) ;
#2813 = ORIENTED_EDGE ( 'NONE', *, *, #1587, .T. ) ;
#2814 = ORIENTED_EDGE ( 'NONE', *, *, #3671, .F. ) ;
#2815 = DIRECTION ( 'NONE',  ( -0.9999437914932058913, 0.000000000000000000, -0.01060253998775674902 ) ) ;
#2816 = CARTESIAN_POINT ( 'NONE',  ( -133.3568342694792932, 92.87999999999999545, 9.271286723260869778 ) ) ;
#2817 = PLANE ( 'NONE',  #42 ) ;
#2818 = CARTESIAN_POINT ( 'NONE',  ( -101.4282823775221232, 93.87999999999999545, 92.93846047869827487 ) ) ;
#2819 = ADVANCED_FACE ( 'NONE', ( #1207 ), #3793, .F. ) ;
#2820 = ADVANCED_FACE ( 'NONE', ( #1847 ), #276, .T. ) ;
#2821 = ORIENTED_EDGE ( 'NONE', *, *, #2493, .T. ) ;
#2822 = DIRECTION ( 'NONE',  ( -0.06567303980429951837, 0.000000000000000000, 0.9978411957034358792 ) ) ;
#2823 = AXIS2_PLACEMENT_3D ( 'NONE', #378, #90, #2888 ) ;
#2824 = VERTEX_POINT ( 'NONE', #3571 ) ;
#2825 = CARTESIAN_POINT ( 'NONE',  ( -253.0423473195501174, 93.47999999999998977, 8.955332990795984216 ) ) ;
#2826 = AXIS2_PLACEMENT_3D ( 'NONE', #316, #1868, #3105 ) ;
#2827 = ORIENTED_EDGE ( 'NONE', *, *, #1480, .T. ) ;
#2828 = LINE ( 'NONE', #3148, #3185 ) ;
#2829 = CARTESIAN_POINT ( 'NONE',  ( -151.9060143339743547, 88.87999999999998124, 9.644634931176618409 ) ) ;
#2830 = CARTESIAN_POINT ( 'NONE',  ( -132.8079613817489815, 88.87999999999998124, 8.488640521341494605 ) ) ;
#2831 = CARTESIAN_POINT ( 'NONE',  ( -293.2676002059569100, 93.87999999999999545, 1.330312713633649668 ) ) ;
#2832 = CARTESIAN_POINT ( 'NONE',  ( -178.2004695315806373, 88.87999999999998124, 22.82649320470189380 ) ) ;
#2833 = VERTEX_POINT ( 'NONE', #3201 ) ;
#2834 = EDGE_LOOP ( 'NONE', ( #2440, #1320, #1876, #3214 ) ) ;
#2835 = CARTESIAN_POINT ( 'NONE',  ( -203.8710170635361578, 93.47999999999998977, 18.91889305117460651 ) ) ;
#2836 = CARTESIAN_POINT ( 'NONE',  ( -274.6155771348952612, 88.87999999999998124, 2.997052627296134197 ) ) ;
#2837 = DIRECTION ( 'NONE',  ( 0.000000000000000000, 1.000000000000000000, 0.000000000000000000 ) ) ;
#2838 = CARTESIAN_POINT ( 'NONE',  ( -205.0226850628186241, 92.87999999999999545, 18.72112452208074274 ) ) ;
#2839 = EDGE_CURVE ( 'NONE', #2499, #415, #139, .T. ) ;
#2840 = AXIS2_PLACEMENT_3D ( 'NONE', #3607, #1353, #1980 ) ;
#2841 = ORIENTED_EDGE ( 'NONE', *, *, #238, .F. ) ;
#2842 = EDGE_CURVE ( 'NONE', #1013, #1277, #3906, .T. ) ;
#2843 = VECTOR ( 'NONE', #1546, 1000.000000000000000 ) ;
#2844 = PLANE ( 'NONE',  #2495 ) ;
#2845 = ORIENTED_EDGE ( 'NONE', *, *, #3683, .F. ) ;
#2846 = AXIS2_PLACEMENT_3D ( 'NONE', #211, #568, #2411 ) ;
#2847 = CARTESIAN_POINT ( 'NONE',  ( -251.4243920417408162, 93.47999999999998977, 7.965703907404517281 ) ) ;
#2848 = EDGE_CURVE ( 'NONE', #2306, #846, #1631, .T. ) ;
#2849 = VERTEX_POINT ( 'NONE', #2328 ) ;
#2850 = CARTESIAN_POINT ( 'NONE',  ( -266.3727187654356499, 4.999999999999990230, 3.583167371676566404 ) ) ;
#2851 = CARTESIAN_POINT ( 'NONE',  ( -165.9276959313934015, 93.87999999999999545, 24.32335976594871241 ) ) ;
#2852 = B_SPLINE_CURVE_WITH_KNOTS ( 'NONE', 3,
 ( #11, #1232, #939, #1854, #3456 ),
 .UNSPECIFIED., .F., .F.,
 ( 4, 1, 4 ),
 ( 0.8785003871908226847, 0.8787945019262066726, 0.8925888473639561616 ),
 .UNSPECIFIED. ) ;
#2853 = CARTESIAN_POINT ( 'NONE',  ( -98.79510912553676860, 93.87999999999999545, 10.31514758700471290 ) ) ;
#2854 = CARTESIAN_POINT ( 'NONE',  ( -112.6486715160237821, 92.87999999999999545, 11.48801144721272927 ) ) ;
#2855 = ADVANCED_FACE ( 'NONE', ( #2005 ), #2634, .F. ) ;
#2856 = ORIENTED_EDGE ( 'NONE', *, *, #1541, .T. ) ;
#2857 = VECTOR ( 'NONE', #3372, 1000.000000000000000 ) ;
#2858 = ORIENTED_EDGE ( 'NONE', *, *, #1957, .F. ) ;
#2859 = CARTESIAN_POINT ( 'NONE',  ( -112.8759871213103310, 88.87999999999998124, 3.035661502870928175 ) ) ;
#2860 = DIRECTION ( 'NONE',  ( 0.8376768486538581637, 0.000000000000000000, -0.5461661809644947629 ) ) ;
#2861 = CARTESIAN_POINT ( 'NONE',  ( -117.3872845654308179, 93.87999999999999545, 27.32359723883181246 ) ) ;
#2862 = ADVANCED_FACE ( 'NONE', ( #1694 ), #59, .F. ) ;
#2863 = CARTESIAN_POINT ( 'NONE',  ( -300.0000000000000000, 88.87999999999998124, -0.1621621621621254228 ) ) ;
#2864 = CARTESIAN_POINT ( 'NONE',  ( 0.000000000000000000, 93.47999999999998977, 0.000000000000000000 ) ) ;
#2865 = ORIENTED_EDGE ( 'NONE', *, *, #783, .T. ) ;
#2866 = CARTESIAN_POINT ( 'NONE',  ( -173.4395179607336104, 88.87999999999998124, 8.866531246998681226 ) ) ;
#2867 = DIRECTION ( 'NONE',  ( -0.9286912196815906295, 0.000000000000000000, 0.3708539045046170823 ) ) ;
#2868 = ADVANCED_FACE ( 'NONE', ( #2568 ), #3186, .F. ) ;
#2869 = LINE ( 'NONE', #3735, #2625 ) ;
#2870 = EDGE_CURVE ( 'NONE', #2849, #707, #2957, .T. ) ;
#2871 = CARTESIAN_POINT ( 'NONE',  ( -287.7366072068987251, 93.87999999999999545, 1.077373546304498220 ) ) ;
#2872 = EDGE_CURVE ( 'NONE', #2633, #3408, #809, .T. ) ;
#2873 = ORIENTED_EDGE ( 'NONE', *, *, #3968, .T. ) ;
#2874 = LINE ( 'NONE', #381, #3502 ) ;
#2875 = CARTESIAN_POINT ( 'NONE',  ( -132.9089226143069311, 93.87999999999999545, 3.518796046875030559 ) ) ;
#2876 = DIRECTION ( 'NONE',  ( 0.7248872777926389510, 0.000000000000000000, -0.6888675014067492386 ) ) ;
#2877 = CARTESIAN_POINT ( 'NONE',  ( -287.7366072063815636, 88.87999999999998124, 1.077373546354556177 ) ) ;
#2878 = ADVANCED_FACE ( 'NONE', ( #3238 ), #1381, .T. ) ;
#2879 = CARTESIAN_POINT ( 'NONE',  ( -190.1890343106762202, 88.87999999999998124, 9.385866078298587212 ) ) ;
#2880 = VERTEX_POINT ( 'NONE', #1302 ) ;
#2881 = CARTESIAN_POINT ( 'NONE',  ( -222.8468073653594104, 88.87999999999998124, 7.840947217310170636 ) ) ;
#2882 = CARTESIAN_POINT ( 'NONE',  ( -254.9539109580283309, 88.87999999999998124, 8.516572991783290192 ) ) ;
#2883 = AXIS2_PLACEMENT_3D ( 'NONE', #2928, #1406, #153 ) ;
#2884 = CARTESIAN_POINT ( 'NONE',  ( -290.3110310810180863, 88.87999999999998124, 3.099905874896829339 ) ) ;
#2885 = CARTESIAN_POINT ( 'NONE',  ( -195.6463559078455603, 88.87999999999998124, 20.27733546108200002 ) ) ;
#2886 =( GEOMETRIC_REPRESENTATION_CONTEXT ( 3 ) GLOBAL_UNCERTAINTY_ASSIGNED_CONTEXT ( ( #2034 ) ) GLOBAL_UNIT_ASSIGNED_CONTEXT ( ( #757, #189, #3565 ) ) REPRESENTATION_CONTEXT ( 'NONE', 'WORKASPACE' ) );
#2887 = PLANE ( 'NONE',  #3989 ) ;
#2888 = DIRECTION ( 'NONE',  ( 0.7248872777926403943, 0.000000000000000000, -0.6888675014067474622 ) ) ;
#2889 = EDGE_CURVE ( 'NONE', #3421, #1497, #2946, .T. ) ;
#2890 = CARTESIAN_POINT ( 'NONE',  ( -133.5305144212685775, 92.87999999999999545, 25.38181269808915630 ) ) ;
#2891 = CARTESIAN_POINT ( 'NONE',  ( -150.2687402517477437, 92.87999999999999545, 9.575102033815708680 ) ) ;
#2892 = LINE ( 'NONE', #2962, #1914 ) ;
#2893 = DIRECTION ( 'NONE',  ( -0.1609050596807223288, 0.000000000000000000, 0.9869698889880801351 ) ) ;
#2894 = VERTEX_POINT ( 'NONE', #124 ) ;
#2895 = FACE_OUTER_BOUND ( 'NONE', #1949, .T. ) ;
#2896 = ORIENTED_EDGE ( 'NONE', *, *, #1582, .T. ) ;
#2897 = AXIS2_PLACEMENT_3D ( 'NONE', #3212, #2321, #1333 ) ;
#2898 = EDGE_CURVE ( 'NONE', #3315, #4055, #2610, .T. ) ;
#2899 = CARTESIAN_POINT ( 'NONE',  ( -122.1786715887263881, 93.87999999999999545, 8.123971859965671172 ) ) ;
#2900 = ORIENTED_EDGE ( 'NONE', *, *, #1972, .F. ) ;
#2901 = VERTEX_POINT ( 'NONE', #3825 ) ;
#2902 = CARTESIAN_POINT ( 'NONE',  ( -240.4624955004808839, 93.88000000000029388, 7.187158872640684315 ) ) ;
#2903 = CARTESIAN_POINT ( 'NONE',  ( -185.6189877027449597, 88.87999999999998124, 12.12471130904598304 ) ) ;
#2904 = VECTOR ( 'NONE', #3304, 1000.000000000000227 ) ;
#2905 = ORIENTED_EDGE ( 'NONE', *, *, #3277, .F. ) ;
#2906 = DIRECTION ( 'NONE',  ( -0.7248872777926396171, 0.000000000000000000, 0.6888675014067484614 ) ) ;
#2907 = B_SPLINE_CURVE_WITH_KNOTS ( 'NONE', 3,
 ( #1775, #2692, #3007, #3374 ),
 .UNSPECIFIED., .F., .F.,
 ( 4, 4 ),
 ( 0.05602420057133083997, 0.05737537480843815652 ),
 .UNSPECIFIED. ) ;
#2908 = ADVANCED_FACE ( 'NONE', ( #2244 ), #3507, .F. ) ;
#2909 = CARTESIAN_POINT ( 'NONE',  ( -65.70031221889387041, 93.87999999999999545, -69.13567613107584009 ) ) ;
#2910 = CARTESIAN_POINT ( 'NONE',  ( -242.8309385829736584, 93.47999999999998977, 7.867559378437305462 ) ) ;
#2911 = ADVANCED_FACE ( 'NONE', ( #2024 ), #454, .T. ) ;
#2912 = DIRECTION ( 'NONE',  ( -0.1609050596805300659, 0.000000000000000000, 0.9869698889881115544 ) ) ;
#2913 = EDGE_CURVE ( 'NONE', #1829, #3643, #715, .T. ) ;
#2914 = LINE ( 'NONE', #3854, #3997 ) ;
#2915 = PLANE ( 'NONE',  #476 ) ;
#2916 = LINE ( 'NONE', #1961, #599 ) ;
#2917 = CARTESIAN_POINT ( 'NONE',  ( -164.3938166502456681, 93.87999999999999545, 9.632323722520098386 ) ) ;
#2918 = EDGE_CURVE ( 'NONE', #1162, #3615, #740, .T. ) ;
#2919 = ORIENTED_EDGE ( 'NONE', *, *, #2872, .F. ) ;
#2920 = LINE ( 'NONE', #99, #1658 ) ;
#2921 = VERTEX_POINT ( 'NONE', #675 ) ;
#2922 = VECTOR ( 'NONE', #2526, 1000.000000000000114 ) ;
#2923 = CARTESIAN_POINT ( 'NONE',  ( -149.8118213194345003, 92.87999999999999545, 25.94868207460713805 ) ) ;
#2924 = ORIENTED_EDGE ( 'NONE', *, *, #1665, .T. ) ;
#2925 = ORIENTED_EDGE ( 'NONE', *, *, #2458, .F. ) ;
#2926 = LINE ( 'NONE', #693, #2980 ) ;
#2927 = EDGE_CURVE ( 'NONE', #2131, #277, #744, .T. ) ;
#2928 = CARTESIAN_POINT ( 'NONE',  ( -149.2125205955655929, 92.87999999999999545, 25.91972275192642883 ) ) ;
#2929 = CARTESIAN_POINT ( 'NONE',  ( -198.3885955791789684, 93.47999999999998977, 19.84048583434266178 ) ) ;
#2930 = ORIENTED_EDGE ( 'NONE', *, *, #1239, .T. ) ;
#2931 = CARTESIAN_POINT ( 'NONE',  ( -277.4549981297886347, 88.87999999999998124, 6.762558882627223156 ) ) ;
#2932 = UNCERTAINTY_MEASURE_WITH_UNIT (LENGTH_MEASURE( 1.000000000000000082E-05 ), #3544, 'distance_accuracy_value', 'NONE');
#2933 = DIRECTION ( 'NONE',  ( 0.000000000000000000, 1.000000000000000000, 0.000000000000000000 ) ) ;
#2934 = CARTESIAN_POINT ( 'NONE',  ( -154.5807832906197916, 93.87999999999999545, 26.32937649834314442 ) ) ;
#2935 = EDGE_CURVE ( 'NONE', #2131, #1286, #351, .T. ) ;
#2936 = VECTOR ( 'NONE', #1023, 1000.000000000000114 ) ;
#2937 = CARTESIAN_POINT ( 'NONE',  ( -92.49999999999820943, 92.87999999999999545, 16.74722354252501688 ) ) ;
#2938 = CARTESIAN_POINT ( 'NONE',  ( -132.7570444405484125, 93.87999999999999545, 9.255407141683622996 ) ) ;
#2939 = DIRECTION ( 'NONE',  ( -0.8137065930674900471, 0.000000000000000000, -0.5812758212746321762 ) ) ;
#2940 = LINE ( 'NONE', #119, #919 ) ;
#2941 = VERTEX_POINT ( 'NONE', #2307 ) ;
#2942 = AXIS2_PLACEMENT_3D ( 'NONE', #1259, #3787, #2142 ) ;
#2943 = EDGE_CURVE ( 'NONE', #3036, #1844, #2926, .T. ) ;
#2944 = CARTESIAN_POINT ( 'NONE',  ( -256.8343786850404058, 93.47999999999998977, 8.059280522143815517 ) ) ;
#2945 = ORIENTED_EDGE ( 'NONE', *, *, #603, .F. ) ;
#2946 = LINE ( 'NONE', #2552, #3650 ) ;
#2947 = ORIENTED_EDGE ( 'NONE', *, *, #306, .T. ) ;
#2948 = ORIENTED_EDGE ( 'NONE', *, *, #2754, .T. ) ;
#2949 = CARTESIAN_POINT ( 'NONE',  ( -122.1786715887263881, 88.87999999999998124, 8.123971859965671172 ) ) ;
#2950 = CARTESIAN_POINT ( 'NONE',  ( -112.8759871213103310, 88.87999999999998124, 3.035661502870928175 ) ) ;
#2951 = CARTESIAN_POINT ( 'NONE',  ( -190.1890343106762202, 93.87999999999999545, 9.385866078298580106 ) ) ;
#2952 = ORIENTED_EDGE ( 'NONE', *, *, #2520, .T. ) ;
#2953 = ORIENTED_EDGE ( 'NONE', *, *, #1040, .T. ) ;
#2954 = CARTESIAN_POINT ( 'NONE',  ( -272.0829353890873676, 88.87999999999998124, 8.182179439941601018 ) ) ;
#2955 = CARTESIAN_POINT ( 'NONE',  ( -210.8832346672962501, 88.87999999999998124, 17.74767239861380475 ) ) ;
#2956 = CARTESIAN_POINT ( 'NONE',  ( -219.6165091063904526, 93.87999999999999545, 16.96789906232488221 ) ) ;
#2957 = B_SPLINE_CURVE_WITH_KNOTS ( 'NONE', 3,
 ( #3843, #1673, #43, #2899, #1965, #2264, #3866, #1029, #435, #3528, #1985, #1614, #390, #3262 ),
 .UNSPECIFIED., .F., .F.,
 ( 4, 1, 1, 1, 1, 1, 1, 1, 1, 1, 1, 4 ),
 ( 0.7011752054892489427, 0.7037511641537997908, 0.7114926295676233803, 0.7321002988842217896, 0.7527079682008201988, 0.7939233068340170174, 0.8351386454672137249, 0.8763539841004104325, 0.8969616534170088418, 0.9175693227336072511, 0.9324260961395651748, 0.9375780134687207168 ),
 .UNSPECIFIED. ) ;
#2958 = CIRCLE ( 'NONE', #2883, 0.5999999999999685585 ) ;
#2959 = CARTESIAN_POINT ( 'NONE',  ( -252.9784568474884736, 93.47999999999998977, -41.24291343747756855 ) ) ;
#2960 = AXIS2_PLACEMENT_3D ( 'NONE', #524, #2381, #3999 ) ;
#2961 = CARTESIAN_POINT ( 'NONE',  ( -241.3852872890720391, 92.87999999999999545, 11.59175294562724723 ) ) ;
#2962 = CARTESIAN_POINT ( 'NONE',  ( -132.3252790877544953, 92.87999999999999545, 25.56367482687227621 ) ) ;
#2963 = CARTESIAN_POINT ( 'NONE',  ( -220.6196549160198686, 93.47999999999998977, 15.86831721223168401 ) ) ;
#2964 = CARTESIAN_POINT ( 'NONE',  ( -265.8557205421092817, 93.87999999999999545, 6.670256816194243932 ) ) ;
#2965 = VERTEX_POINT ( 'NONE', #1930 ) ;
#2966 = VECTOR ( 'NONE', #1280, 1000.000000000000000 ) ;
#2967 = ADVANCED_FACE ( 'NONE', ( #3188 ), #723, .T. ) ;
#2968 = CARTESIAN_POINT ( 'NONE',  ( -108.7582395782411027, 92.87999999999999545, -114.4450334271763978 ) ) ;
#2969 = ORIENTED_EDGE ( 'NONE', *, *, #2541, .T. ) ;
#2970 = VERTEX_POINT ( 'NONE', #3552 ) ;
#2971 = CARTESIAN_POINT ( 'NONE',  ( -220.6196549160198686, 93.47999999999998977, 15.86831721223168401 ) ) ;
#2972 = CARTESIAN_POINT ( 'NONE',  ( -246.5865632572810000, 93.48000000000000398, 7.696870105719148647 ) ) ;
#2973 = CARTESIAN_POINT ( 'NONE',  ( 0.000000000000000000, 93.87999999999999545, 0.000000000000000000 ) ) ;
#2974 = ORIENTED_EDGE ( 'NONE', *, *, #1898, .T. ) ;
#2975 = EDGE_CURVE ( 'NONE', #2265, #2276, #2660, .T. ) ;
#2976 = VECTOR ( 'NONE', #4028, 1000.000000000000000 ) ;
#2977 = DIRECTION ( 'NONE',  ( 0.6888675014067514590, 0.000000000000000000, 0.7248872777926367306 ) ) ;
#2978 = B_SPLINE_CURVE_WITH_KNOTS ( 'NONE', 3,
 ( #832, #815, #2662, #1791 ),
 .UNSPECIFIED., .F., .F.,
 ( 4, 4 ),
 ( 0.9038476758283531254, 0.9058420653915151277 ),
 .UNSPECIFIED. ) ;
#2979 = CARTESIAN_POINT ( 'NONE',  ( -132.7570444405484125, 92.87999999999999545, 9.255407141683622996 ) ) ;
#2980 = VECTOR ( 'NONE', #3219, 1000.000000000000000 ) ;
#2981 = PLANE ( 'NONE',  #19 ) ;
#2982 = DIRECTION ( 'NONE',  ( -0.000000000000000000, 1.000000000000000000, -0.000000000000000000 ) ) ;
#2983 = EDGE_LOOP ( 'NONE', ( #3904, #471, #1267, #2900 ) ) ;
#2984 = VECTOR ( 'NONE', #798, 1000.000000000000000 ) ;
#2985 = CARTESIAN_POINT ( 'NONE',  ( -268.3117575011433473, 88.87999999999998124, 8.318369645161142856 ) ) ;
#2986 = EDGE_CURVE ( 'NONE', #808, #845, #1164, .T. ) ;
#2987 = CARTESIAN_POINT ( 'NONE',  ( -171.5645189601738423, 93.87999999999999545, 9.608143046178179603 ) ) ;
#2988 = DIRECTION ( 'NONE',  ( 0.000000000000000000, 0.000000000000000000, 1.000000000000000000 ) ) ;
#2989 = CARTESIAN_POINT ( 'NONE',  ( -190.0606051026418584, 93.88000000000000966, 21.14460090871749642 ) ) ;
#2990 = ORIENTED_EDGE ( 'NONE', *, *, #3802, .T. ) ;
#2991 = CARTESIAN_POINT ( 'NONE',  ( -256.0355796026208282, 93.47999999999998977, 8.250016919418902361 ) ) ;
#2992 = CARTESIAN_POINT ( 'NONE',  ( -259.4108628572977864, 88.87999999999998124, 7.026082581627302481 ) ) ;
#2993 = ORIENTED_EDGE ( 'NONE', *, *, #4089, .F. ) ;
#2994 = VECTOR ( 'NONE', #2710, 1000.000000000000000 ) ;
#2995 = ORIENTED_EDGE ( 'NONE', *, *, #1630, .F. ) ;
#2996 = LINE ( 'NONE', #4066, #77 ) ;
#2997 = CARTESIAN_POINT ( 'NONE',  ( -177.8347060259989121, 93.87999999999999545, 9.552397567821030222 ) ) ;
#2998 = FACE_BOUND ( 'NONE', #1080, .T. ) ;
#2999 = VECTOR ( 'NONE', #3559, 1000.000000000000114 ) ;
#3000 = VERTEX_POINT ( 'NONE', #3039 ) ;
#3001 = VERTEX_POINT ( 'NONE', #1789 ) ;
#3002 = FACE_OUTER_BOUND ( 'NONE', #1530, .T. ) ;
#3003 = DIRECTION ( 'NONE',  ( 0.000000000000000000, 1.000000000000000000, 0.000000000000000000 ) ) ;
#3004 = CARTESIAN_POINT ( 'NONE',  ( -164.2408507514658993, 92.87999999999999545, 24.50836570409287773 ) ) ;
#3005 = CARTESIAN_POINT ( 'NONE',  ( -164.4189516322942950, 92.87999999999999545, 23.02218692096814934 ) ) ;
#3006 = VERTEX_POINT ( 'NONE', #458 ) ;
#3007 = CARTESIAN_POINT ( 'NONE',  ( -248.6624568133019579, 92.87999999999999545, 9.966476534974981760 ) ) ;
#3008 = DIRECTION ( 'NONE',  ( 0.000000000000000000, 0.000000000000000000, -1.000000000000000000 ) ) ;
#3009 = CARTESIAN_POINT ( 'NONE',  ( -114.4828442445582510, 88.87999999999998124, 27.32352736051254283 ) ) ;
#3010 = EDGE_LOOP ( 'NONE', ( #157, #2676, #628, #518 ) ) ;
#3011 = EDGE_CURVE ( 'NONE', #3106, #3367, #3595, .T. ) ;
#3012 = DIRECTION ( 'NONE',  ( 0.000000000000000000, 0.000000000000000000, 1.000000000000000000 ) ) ;
#3013 = LINE ( 'NONE', #1159, #255 ) ;
#3014 = VERTEX_POINT ( 'NONE', #1764 ) ;
#3015 = VECTOR ( 'NONE', #253, 1000.000000000000114 ) ;
#3016 = EDGE_CURVE ( 'NONE', #3653, #3839, #2996, .T. ) ;
#3017 = VERTEX_POINT ( 'NONE', #220 ) ;
#3018 = LINE ( 'NONE', #2704, #2314 ) ;
#3019 = CARTESIAN_POINT ( 'NONE',  ( -259.4174336591268570, 93.47999999999998977, 7.025687709121832825 ) ) ;
#3020 = FACE_BOUND ( 'NONE', #2515, .T. ) ;
#3021 = ORIENTED_EDGE ( 'NONE', *, *, #3184, .T. ) ;
#3022 = LINE ( 'NONE', #225, #1251 ) ;
#3023 = LINE ( 'NONE', #3978, #4056 ) ;
#3024 = FACE_OUTER_BOUND ( 'NONE', #3380, .T. ) ;
#3025 = DIRECTION ( 'NONE',  ( 0.8137065930674871606, 0.000000000000000000, 0.5812758212746363951 ) ) ;
#3026 = ORIENTED_EDGE ( 'NONE', *, *, #3465, .F. ) ;
#3027 = CARTESIAN_POINT ( 'NONE',  ( -133.9566291355089902, 93.87999999999999545, 9.286974893465032466 ) ) ;
#3028 = B_SPLINE_SURFACE_WITH_KNOTS ( 'NONE', 3, 1, ( 
 ( #2885, #2313 ),
 ( #3581, #1038 ),
 ( #2955, #67 ),
 ( #3894, #749 ),
 ( #1348, #1326 ),
 ( #1293, #1704 ),
 ( #2597, #1016 ),
 ( #2543, #422 ),
 ( #2014, #3816 ),
 ( #2271, #699 ) ),
 .UNSPECIFIED., .F., .F., .F.,
 ( 4, 1, 1, 1, 1, 1, 1, 4 ),
 ( 2, 2 ),
 ( 0.000000000000000000, 0.01255915152416837988, 0.03190235770120990189, 0.04157396078973066289, 0.05124556387825142389, 0.06091716696677218490, 0.06517511032052594744, 0.06540029428013291457 ),
 ( 0.000000000000000000, 1.000000000000000000 ),
 .UNSPECIFIED. ) ;
#3029 = AXIS2_PLACEMENT_3D ( 'NONE', #114, #1371, #3228 ) ;
#3030 = DIRECTION ( 'NONE',  ( 0.000000000000000000, 0.000000000000000000, 1.000000000000000000 ) ) ;
#3031 = VECTOR ( 'NONE', #396, 1000.000000000000114 ) ;
#3032 = EDGE_CURVE ( 'NONE', #286, #5, #1103, .T. ) ;
#3033 = ORIENTED_EDGE ( 'NONE', *, *, #3529, .F. ) ;
#3034 = CARTESIAN_POINT ( 'NONE',  ( -199.5036048788796279, 88.87999999999998124, 9.217415272723718189 ) ) ;
#3035 = CARTESIAN_POINT ( 'NONE',  ( -260.7629341020902984, 93.47999999999998977, 6.944829825282437419 ) ) ;
#3036 = VERTEX_POINT ( 'NONE', #766 ) ;
#3037 = ORIENTED_EDGE ( 'NONE', *, *, #1889, .F. ) ;
#3038 = ORIENTED_EDGE ( 'NONE', *, *, #683, .T. ) ;
#3039 = CARTESIAN_POINT ( 'NONE',  ( -112.6486715160237821, 88.87999999999998124, 11.48801144721272927 ) ) ;
#3040 = PLANE ( 'NONE',  #204 ) ;
#3041 = DIRECTION ( 'NONE',  ( 0.01060253998775674729, 0.000000000000000000, -0.9999437914932057803 ) ) ;
#3042 = EDGE_CURVE ( 'NONE', #669, #3610, #1628, .T. ) ;
#3043 = EDGE_LOOP ( 'NONE', ( #2679, #3234, #2183, #1303, #1423, #82, #1201, #952, #1632, #2288, #2507, #3062, #892, #3402, #4092, #2806, #2528, #1474, #3398, #1031, #1967, #2124, #1978, #3349, #1242, #2354, #1052, #1701, #890, #194 ) ) ;
#3044 = CARTESIAN_POINT ( 'NONE',  ( -112.2823144185780109, 93.87999999999999545, 25.11038633121939512 ) ) ;
#3045 = DIRECTION ( 'NONE',  ( 0.000000000000000000, 1.000000000000000000, 0.000000000000000000 ) ) ;
#3046 = LINE ( 'NONE', #3352, #937 ) ;
#3047 = DIRECTION ( 'NONE',  ( 0.7248872777926378408, 0.000000000000000000, -0.6888675014067503488 ) ) ;
#3048 = VECTOR ( 'NONE', #2433, 1000.000000000000000 ) ;
#3049 = EDGE_CURVE ( 'NONE', #2587, #2336, #2112, .T. ) ;
#3050 = CARTESIAN_POINT ( 'NONE',  ( -194.9129271786084701, 92.87999999999999545, 9.302312362620199337 ) ) ;
#3051 = AXIS2_PLACEMENT_3D ( 'NONE', #2735, #531, #3030 ) ;
#3052 = CARTESIAN_POINT ( 'NONE',  ( -292.2254576542359246, 88.87999999999998124, 1.434434858990511596 ) ) ;
#3053 = CIRCLE ( 'NONE', #2128, 0.6007478931679237633 ) ;
#3054 = EDGE_CURVE ( 'NONE', #950, #3202, #399, .T. ) ;
#3055 = APPLICATION_CONTEXT ( 'automotive_design' ) ;
#3056 = ORIENTED_EDGE ( 'NONE', *, *, #3356, .F. ) ;
#3057 = ORIENTED_EDGE ( 'NONE', *, *, #3788, .T. ) ;
#3058 = CARTESIAN_POINT ( 'NONE',  ( -260.7629341019958815, 88.87999999999998124, 6.944829825288114655 ) ) ;
#3059 = ADVANCED_FACE ( 'NONE', ( #3417 ), #2682, .F. ) ;
#3060 = B_SPLINE_CURVE_WITH_KNOTS ( 'NONE', 3,
 ( #2198, #1937, #980, #3157 ),
 .UNSPECIFIED., .F., .F.,
 ( 4, 4 ),
 ( 0.1060541746634106608, 0.1072210995708445941 ),
 .UNSPECIFIED. ) ;
#3061 = DIRECTION ( 'NONE',  ( 0.000000000000000000, 1.000000000000000000, 0.000000000000000000 ) ) ;
#3062 = ORIENTED_EDGE ( 'NONE', *, *, #1521, .T. ) ;
#3063 = ORIENTED_EDGE ( 'NONE', *, *, #2761, .F. ) ;
#3064 = EDGE_CURVE ( 'NONE', #2122, #553, #152, .T. ) ;
#3065 = ORIENTED_EDGE ( 'NONE', *, *, #3042, .F. ) ;
#3066 = CARTESIAN_POINT ( 'NONE',  ( -179.5174658418248157, 92.87999999999999545, 9.534537799042796635 ) ) ;
#3067 = ORIENTED_EDGE ( 'NONE', *, *, #3792, .T. ) ;
#3068 = LINE ( 'NONE', #241, #1378 ) ;
#3069 = EDGE_CURVE ( 'NONE', #3408, #3006, #1717, .T. ) ;
#3070 = ORIENTED_EDGE ( 'NONE', *, *, #234, .T. ) ;
#3071 = CARTESIAN_POINT ( 'NONE',  ( -196.2236163048101787, 88.87999999999998124, 21.18604354544763169 ) ) ;
#3072 = CARTESIAN_POINT ( 'NONE',  ( -90.09255957804985826, 92.87999999999999545, 126.1172528288393693 ) ) ;
#3073 = B_SPLINE_CURVE_WITH_KNOTS ( 'NONE', 3,
 ( #3110, #604, #281, #301 ),
 .UNSPECIFIED., .F., .F.,
 ( 4, 4 ),
 ( 0.8257716611427048381, 0.8266410662914395191 ),
 .UNSPECIFIED. ) ;
#3074 = CIRCLE ( 'NONE', #2793, 4.124999999999996447 ) ;
#3075 = CARTESIAN_POINT ( 'NONE',  ( -116.5000488705958901, 92.87999999999999545, 110.7111409426734099 ) ) ;
#3076 = ADVANCED_FACE ( 'NONE', ( #1405 ), #3667, .T. ) ;
#3077 = CARTESIAN_POINT ( 'NONE',  ( -269.9384435895143497, 93.87999999999999545, 3.340010526439208149 ) ) ;
#3078 = AXIS2_PLACEMENT_3D ( 'NONE', #1747, #3328, #481 ) ;
#3079 = EDGE_LOOP ( 'NONE', ( #3258, #3572, #1529 ) ) ;
#3080 = ORIENTED_EDGE ( 'NONE', *, *, #302, .T. ) ;
#3081 = CARTESIAN_POINT ( 'NONE',  ( -247.5948149815329487, 88.87999999999998124, 7.661474984079974959 ) ) ;
#3082 = CARTESIAN_POINT ( 'NONE',  ( -199.5036048788796279, 93.47999999999998977, 9.217415272723718189 ) ) ;
#3083 = ORIENTED_EDGE ( 'NONE', *, *, #238, .T. ) ;
#3084 = VECTOR ( 'NONE', #2292, 1000.000000000000114 ) ;
#3085 = B_SPLINE_CURVE_WITH_KNOTS ( 'NONE', 3,
 ( #1369, #2619, #1935, #1620, #835, #505, #773, #205, #160, #1770, #1459 ),
 .UNSPECIFIED., .F., .F.,
 ( 4, 1, 1, 1, 1, 1, 1, 1, 4 ),
 ( 0.1142625518259317435, 0.1162843833321218490, 0.1356275895091633710, 0.1549707956862048930, 0.1646423987747256401, 0.1743140018632464150, 0.1839856049517671899, 0.1888214064960275773, 0.1936572080402879370 ),
 .UNSPECIFIED. ) ;
#3086 = ORIENTED_EDGE ( 'NONE', *, *, #3611, .F. ) ;
#3087 = CARTESIAN_POINT ( 'NONE',  ( 0.2273156052835982044, 92.87999999999999545, 8.452349944409744964 ) ) ;
#3088 = ORIENTED_EDGE ( 'NONE', *, *, #1168, .T. ) ;
#3089 = LINE ( 'NONE', #1169, #710 ) ;
#3090 = EDGE_LOOP ( 'NONE', ( #2087, #793, #2845, #416 ) ) ;
#3091 = LINE ( 'NONE', #1850, #2318 ) ;
#3092 = FACE_OUTER_BOUND ( 'NONE', #2247, .T. ) ;
#3093 = PLANE ( 'NONE',  #3164 ) ;
#3094 = DIRECTION ( 'NONE',  ( -0.9996385584632171417, 0.000000000000000000, 0.02688405537825821687 ) ) ;
#3095 = DIRECTION ( 'NONE',  ( -0.7248872777926386179, 0.000000000000000000, 0.6888675014067495717 ) ) ;
#3096 = VERTEX_POINT ( 'NONE', #1745 ) ;
#3097 = EDGE_CURVE ( 'NONE', #415, #941, #3018, .T. ) ;
#3098 = DIRECTION ( 'NONE',  ( -0.000000000000000000, 1.000000000000000000, -0.000000000000000000 ) ) ;
#3099 = CARTESIAN_POINT ( 'NONE',  ( -171.1374583195585330, 88.87999999999998124, 9.645899208250041212 ) ) ;
#3100 = VECTOR ( 'NONE', #986, 1000.000000000000000 ) ;
#3101 = EDGE_CURVE ( 'NONE', #2133, #3886, #790, .T. ) ;
#3102 = LINE ( 'NONE', #593, #852 ) ;
#3103 = ORIENTED_EDGE ( 'NONE', *, *, #2986, .T. ) ;
#3104 = EDGE_CURVE ( 'NONE', #3615, #2594, #175, .T. ) ;
#3105 = DIRECTION ( 'NONE',  ( 0.000000000000000000, 0.000000000000000000, 1.000000000000000000 ) ) ;
#3106 = VERTEX_POINT ( 'NONE', #199 ) ;
#3107 = CARTESIAN_POINT ( 'NONE',  ( -280.6338063822633444, 93.87999999999999545, 5.055185953166628998 ) ) ;
#3108 = FACE_BOUND ( 'NONE', #3925, .T. ) ;
#3109 = EDGE_CURVE ( 'NONE', #1832, #3682, #2399, .T. ) ;
#3110 = CARTESIAN_POINT ( 'NONE',  ( -194.3434337935483995, 92.87999999999999545, 9.312927148811843026 ) ) ;
#3111 = CARTESIAN_POINT ( 'NONE',  ( -112.8759871213074035, 88.87999999999998124, 3.035661502803514988 ) ) ;
#3112 = CARTESIAN_POINT ( 'NONE',  ( -251.1990655684237481, 92.87999999999999545, 7.472962773391171432 ) ) ;
#3113 = ADVANCED_FACE ( 'NONE', ( #3518 ), #1584, .F. ) ;
#3114 = VERTEX_POINT ( 'NONE', #2547 ) ;
#3115 = DIRECTION ( 'NONE',  ( 0.000000000000000000, 1.000000000000000000, -0.000000000000000000 ) ) ;
#3116 = AXIS2_PLACEMENT_3D ( 'NONE', #26, #3729, #891 ) ;
#3117 = FACE_OUTER_BOUND ( 'NONE', #1140, .T. ) ;
#3118 = FACE_BOUND ( 'NONE', #3794, .T. ) ;
#3119 = CARTESIAN_POINT ( 'NONE',  ( -113.6756979680784099, 88.87999999999998124, 3.057168747125016850 ) ) ;
#3120 = ORIENTED_EDGE ( 'NONE', *, *, #431, .T. ) ;
#3121 = B_SPLINE_CURVE_WITH_KNOTS ( 'NONE', 3,
 ( #140, #776, #2294, #3875 ),
 .UNSPECIFIED., .F., .F.,
 ( 4, 4 ),
 ( 0.7320330935912517933, 0.7338661583722697612 ),
 .UNSPECIFIED. ) ;
#3122 = ORIENTED_EDGE ( 'NONE', *, *, #2839, .T. ) ;
#3123 = CARTESIAN_POINT ( 'NONE',  ( -123.0048530695428184, 92.87999999999999545, 129.1603298418975783 ) ) ;
#3124 = ORIENTED_EDGE ( 'NONE', *, *, #1062, .F. ) ;
#3125 = LINE ( 'NONE', #951, #1579 ) ;
#3126 = EDGE_LOOP ( 'NONE', ( #1890, #3948, #2284 ) ) ;
#3127 = ORIENTED_EDGE ( 'NONE', *, *, #1785, .F. ) ;
#3128 = LINE ( 'NONE', #2539, #543 ) ;
#3129 = B_SPLINE_CURVE_WITH_KNOTS ( 'NONE', 3,
 ( #418, #2972, #1677, #2050, #1059 ),
 .UNSPECIFIED., .F., .F.,
 ( 4, 1, 4 ),
 ( 0.9058420653915151277, 0.9081862576974637502, 0.9132561285132088091 ),
 .UNSPECIFIED. ) ;
#3130 = CARTESIAN_POINT ( 'NONE',  ( -190.1890343106762202, 88.87999999999998124, 9.385866078298587212 ) ) ;
#3131 = ORIENTED_EDGE ( 'NONE', *, *, #2493, .F. ) ;
#3132 = CYLINDRICAL_SURFACE ( 'NONE', #1194, 0.5999999999999946487 ) ;
#3133 = CARTESIAN_POINT ( 'NONE',  ( -292.8379051518224969, 88.87999999999998124, 0.5759372686758340576 ) ) ;
#3134 = EDGE_CURVE ( 'NONE', #1013, #2755, #1256, .T. ) ;
#3135 = EDGE_CURVE ( 'NONE', #3742, #707, #921, .T. ) ;
#3136 = CARTESIAN_POINT ( 'NONE',  ( -249.5323828144506138, 92.87999999999999545, 9.767544433441221585 ) ) ;
#3137 = ORIENTED_EDGE ( 'NONE', *, *, #874, .F. ) ;
#3138 = ORIENTED_EDGE ( 'NONE', *, *, #3779, .T. ) ;
#3139 = CARTESIAN_POINT ( 'NONE',  ( -255.0873318177361284, 92.87999999999999545, 7.269166099123650859 ) ) ;
#3140 = CARTESIAN_POINT ( 'NONE',  ( -266.3727187654356499, 88.87999999999998124, 3.583167371676566404 ) ) ;
#3141 = CARTESIAN_POINT ( 'NONE',  ( -112.3038216628891064, 88.87999999999998124, 24.31067548444906024 ) ) ;
#3142 = LINE ( 'NONE', #2629, #115 ) ;
#3143 = VERTEX_POINT ( 'NONE', #3460 ) ;
#3144 = LINE ( 'NONE', #1262, #2621 ) ;
#3145 = ORIENTED_EDGE ( 'NONE', *, *, #3069, .F. ) ;
#3146 = PLANE ( 'NONE',  #4091 ) ;
#3147 = VERTEX_POINT ( 'NONE', #2510 ) ;
#3148 = CARTESIAN_POINT ( 'NONE',  ( -90.09255957804985826, 93.47999999999998977, 126.1172528288393693 ) ) ;
#3149 = LINE ( 'NONE', #3267, #2469 ) ;
#3150 = CARTESIAN_POINT ( 'NONE',  ( -115.5180971449239138, 88.87999999999998124, 7.824897445543522956 ) ) ;
#3151 = DIRECTION ( 'NONE',  ( 0.7248872777926392841, 0.000000000000000000, -0.6888675014067486835 ) ) ;
#3152 = LINE ( 'NONE', #305, #2519 ) ;
#3153 = ORIENTED_EDGE ( 'NONE', *, *, #3364, .F. ) ;
#3154 = EDGE_CURVE ( 'NONE', #412, #3315, #2561, .T. ) ;
#3155 = EDGE_LOOP ( 'NONE', ( #1000, #3993, #1864 ) ) ;
#3156 = VERTEX_POINT ( 'NONE', #365 ) ;
#3157 = CARTESIAN_POINT ( 'NONE',  ( -179.3923076441915043, 92.87999999999999545, 22.66755377934871873 ) ) ;
#3158 = CARTESIAN_POINT ( 'NONE',  ( -269.9384435895143497, 88.87999999999998124, 3.340010526439208149 ) ) ;
#3159 = CARTESIAN_POINT ( 'NONE',  ( -113.0233135672802405, 93.87999999999999545, 27.31498970425845485 ) ) ;
#3160 = DIRECTION ( 'NONE',  ( -0.000000000000000000, -1.000000000000000000, -0.000000000000000000 ) ) ;
#3161 = ADVANCED_FACE ( 'NONE', ( #630 ), #1920, .T. ) ;
#3162 = ORIENTED_EDGE ( 'NONE', *, *, #3555, .F. ) ;
#3163 = CARTESIAN_POINT ( 'NONE',  ( -264.9890575499149463, 93.87999999999999545, -17.44028709088449247 ) ) ;
#3164 = AXIS2_PLACEMENT_3D ( 'NONE', #3075, #186, #1175 ) ;
#3165 = ORIENTED_EDGE ( 'NONE', *, *, #1664, .T. ) ;
#3166 = DIRECTION ( 'NONE',  ( -0.6896405168819181863, 0.000000000000000000, 0.7241518884010734736 ) ) ;
#3167 = VECTOR ( 'NONE', #1249, 1000.000000000000000 ) ;
#3168 = EDGE_CURVE ( 'NONE', #961, #742, #3060, .T. ) ;
#3169 = ORIENTED_EDGE ( 'NONE', *, *, #2803, .T. ) ;
#3170 = LINE ( 'NONE', #972, #346 ) ;
#3171 = CARTESIAN_POINT ( 'NONE',  ( -206.0074911702983229, 93.47999999999997556, 9.073304149983117739 ) ) ;
#3172 = LINE ( 'NONE', #4079, #3167 ) ;
#3173 = CARTESIAN_POINT ( 'NONE',  ( -192.5000000004401102, 93.87999999999999545, 15.15093237100210288 ) ) ;
#3174 = EDGE_CURVE ( 'NONE', #577, #1713, #2874, .T. ) ;
#3175 = ORIENTED_EDGE ( 'NONE', *, *, #1030, .T. ) ;
#3176 = CARTESIAN_POINT ( 'NONE',  ( -256.7728635227499581, 92.87999999999999545, 7.176306220632727495 ) ) ;
#3177 = LINE ( 'NONE', #648, #3711 ) ;
#3178 = LINE ( 'NONE', #1566, #1724 ) ;
#3179 = AXIS2_PLACEMENT_3D ( 'NONE', #3589, #1027, #3322 ) ;
#3180 = ORIENTED_EDGE ( 'NONE', *, *, #315, .T. ) ;
#3181 = B_SPLINE_CURVE_WITH_KNOTS ( 'NONE', 3,
 ( #419, #1678, #2929, #3889 ),
 .UNSPECIFIED., .F., .F.,
 ( 4, 4 ),
 ( 0.1014965991401952372, 0.1095003286792484432 ),
 .UNSPECIFIED. ) ;
#3182 = VECTOR ( 'NONE', #943, 1000.000000000000000 ) ;
#3183 = CARTESIAN_POINT ( 'NONE',  ( -268.4179018073417637, 88.87999999999998124, 2.647210225954419904 ) ) ;
#3184 = EDGE_CURVE ( 'NONE', #2330, #3679, #3396, .T. ) ;
#3185 = VECTOR ( 'NONE', #2480, 999.9999999999998863 ) ;
#3186 = PLANE ( 'NONE',  #1867 ) ;
#3187 = ORIENTED_EDGE ( 'NONE', *, *, #2848, .T. ) ;
#3188 = FACE_OUTER_BOUND ( 'NONE', #1929, .T. ) ;
#3189 = CARTESIAN_POINT ( 'NONE',  ( -179.3923076441957392, 93.87999999999999545, 22.66755377934829951 ) ) ;
#3190 = CARTESIAN_POINT ( 'NONE',  ( -129.5036039822503255, 93.47999999999998977, 123.0685471127015518 ) ) ;
#3191 = EDGE_CURVE ( 'NONE', #127, #2371, #3481, .T. ) ;
#3192 = CARTESIAN_POINT ( 'NONE',  ( -268.4179018087215809, 88.87999999999998124, 2.647210225858450006 ) ) ;
#3193 = VECTOR ( 'NONE', #581, 1000.000000000000000 ) ;
#3194 = ADVANCED_FACE ( 'NONE', ( #962 ), #18, .T. ) ;
#3195 = VERTEX_POINT ( 'NONE', #1960 ) ;
#3196 = CARTESIAN_POINT ( 'NONE',  ( 0.5721654584182511716, 88.87999999999998124, 21.27501398164622870 ) ) ;
#3197 = CARTESIAN_POINT ( 'NONE',  ( -250.7585574480021364, 92.87999999999999545, 7.495065782900966589 ) ) ;
#3198 = CARTESIAN_POINT ( 'NONE',  ( -214.3987121032657228, 93.47999999999998977, 8.852874277016555382 ) ) ;
#3199 = ORIENTED_EDGE ( 'NONE', *, *, #1909, .F. ) ;
#3200 = CARTESIAN_POINT ( 'NONE',  ( -253.0842567601922610, 93.48000000000000398, 7.376365557407122076 ) ) ;
#3201 = CARTESIAN_POINT ( 'NONE',  ( -101.2206899534065485, 93.87999999999999545, 21.21819287104279894 ) ) ;
#3202 = VERTEX_POINT ( 'NONE', #3211 ) ;
#3203 = ORIENTED_EDGE ( 'NONE', *, *, #3754, .T. ) ;
#3204 = CARTESIAN_POINT ( 'NONE',  ( -200.4954640087551923, 93.88000000000029388, 8.438484520300974623 ) ) ;
#3205 = CARTESIAN_POINT ( 'NONE',  ( -148.6143614906584389, 93.87999999999999545, 25.96668747503433750 ) ) ;
#3206 = CARTESIAN_POINT ( 'NONE',  ( -280.0929048604700142, 88.87999999999998124, 6.043931826251238704 ) ) ;
#3207 = DIRECTION ( 'NONE',  ( 0.000000000000000000, 0.000000000000000000, -1.000000000000000000 ) ) ;
#3208 = FACE_OUTER_BOUND ( 'NONE', #3438, .T. ) ;
#3209 = PLANE ( 'NONE',  #2823 ) ;
#3210 = DIRECTION ( 'NONE',  ( -0.000000000000000000, 1.000000000000000000, -0.000000000000000000 ) ) ;
#3211 = CARTESIAN_POINT ( 'NONE',  ( -205.0226850540049384, 93.47999999999998977, 18.72112452208074629 ) ) ;
#3212 = CARTESIAN_POINT ( 'NONE',  ( -164.9945637137987831, 93.87999999999999545, 9.631325334794965443 ) ) ;
#3213 = DIRECTION ( 'NONE',  ( -0.02688405537842415011, -0.000000000000000000, -0.9996385584632127008 ) ) ;
#3214 = ORIENTED_EDGE ( 'NONE', *, *, #2342, .T. ) ;
#3215 = CARTESIAN_POINT ( 'NONE',  ( -292.7816016975322100, 93.87999999999999545, 2.342604849896636310 ) ) ;
#3216 = ADVANCED_FACE ( 'NONE', ( #1644 ), #328, .T. ) ;
#3217 = DIRECTION ( 'NONE',  ( 0.000000000000000000, 0.000000000000000000, -1.000000000000000000 ) ) ;
#3218 = VERTEX_POINT ( 'NONE', #2835 ) ;
#3219 = DIRECTION ( 'NONE',  ( -0.000000000000000000, 1.000000000000000000, -0.000000000000000000 ) ) ;
#3220 = CARTESIAN_POINT ( 'NONE',  ( 0.5721654584182511716, 93.87999999999999545, 21.27501398164622870 ) ) ;
#3221 = EDGE_CURVE ( 'NONE', #2633, #674, #1278, .T. ) ;
#3222 = ORIENTED_EDGE ( 'NONE', *, *, #2935, .T. ) ;
#3223 = AXIS2_PLACEMENT_3D ( 'NONE', #3995, #870, #3386 ) ;
#3224 = CARTESIAN_POINT ( 'NONE',  ( -57.13222982526929172, 93.87999999999999545, 61.90651317224560302 ) ) ;
#3225 = FACE_OUTER_BOUND ( 'NONE', #3708, .T. ) ;
#3226 = EDGE_CURVE ( 'NONE', #2755, #3406, #3703, .T. ) ;
#3227 = CARTESIAN_POINT ( 'NONE',  ( -32.54741776726640268, 92.87999999999999545, -81.50514457746611185 ) ) ;
#3228 = DIRECTION ( 'NONE',  ( 0.000000000000000000, 0.000000000000000000, -1.000000000000000000 ) ) ;
#3229 = AXIS2_PLACEMENT_3D ( 'NONE', #750, #2982, #2647 ) ;
#3230 = DIRECTION ( 'NONE',  ( 0.000000000000000000, 1.000000000000000000, 0.000000000000000000 ) ) ;
#3231 = CARTESIAN_POINT ( 'NONE',  ( -133.9566240984101739, 93.87999999999999545, 9.287166304838097020 ) ) ;
#3232 = CARTESIAN_POINT ( 'NONE',  ( -203.8710170635361578, 92.87999999999999545, 18.91889305117460651 ) ) ;
#3233 = B_SPLINE_SURFACE_WITH_KNOTS ( 'NONE', 3, 1, ( 
 ( #2523, #3795 ),
 ( #2209, #601 ),
 ( #1518, #2769 ),
 ( #4077, #2228 ),
 ( #4036, #3107 ),
 ( #28, #1536 ),
 ( #1288, #2786 ),
 ( #1556, #1245 ),
 ( #3383, #2067 ) ),
 .UNSPECIFIED., .F., .F., .F.,
 ( 4, 1, 1, 1, 1, 1, 4 ),
 ( 2, 2 ),
 ( 0.000000000000000000, 0.003752057358490032413, 0.007504114716980057886, 0.01500822943396011577, 0.02251234415094017366, 0.02626440150943019913, 0.03001645886792022808 ),
 ( 0.000000000000000000, 1.000000000000000000 ),
 .UNSPECIFIED. ) ;
#3234 = ORIENTED_EDGE ( 'NONE', *, *, #491, .T. ) ;
#3235 = ADVANCED_FACE ( 'NONE', ( #308 ), #1608, .F. ) ;
#3236 = VECTOR ( 'NONE', #1447, 1000.000000000000000 ) ;
#3237 = VECTOR ( 'NONE', #492, 1000.000000000000000 ) ;
#3238 = FACE_OUTER_BOUND ( 'NONE', #1505, .T. ) ;
#3239 = ORIENTED_EDGE ( 'NONE', *, *, #2163, .T. ) ;
#3240 = EDGE_LOOP ( 'NONE', ( #1004, #828, #1774, #457 ) ) ;
#3241 = CARTESIAN_POINT ( 'NONE',  ( -65.70031221889387041, 92.87999999999999545, -69.13567613107584009 ) ) ;
#3242 = LINE ( 'NONE', #1718, #388 ) ;
#3243 = CARTESIAN_POINT ( 'NONE',  ( -100.5531540498221545, 93.87999999999999545, 11.16271731101023512 ) ) ;
#3244 = VECTOR ( 'NONE', #2189, 1000.000000000000000 ) ;
#3245 = ORIENTED_EDGE ( 'NONE', *, *, #3477, .F. ) ;
#3246 = DIRECTION ( 'NONE',  ( 0.000000000000000000, 1.000000000000000000, 0.000000000000000000 ) ) ;
#3247 = CARTESIAN_POINT ( 'NONE',  ( -248.2263911974834230, 93.47999999999998977, 10.06564403484785863 ) ) ;
#3248 = CARTESIAN_POINT ( 'NONE',  ( -133.7537577194358960, 92.87999999999999545, 26.88888592191560178 ) ) ;
#3249 = B_SPLINE_CURVE_WITH_KNOTS ( 'NONE', 3,
 ( #3942, #1093, #1044, #1979, #3541, #2650 ),
 .UNSPECIFIED., .F., .F.,
 ( 4, 1, 1, 4 ),
 ( 0.7038618315150664273, 0.7171398451842927457, 0.7318357230699212845, 0.7320330935912517933 ),
 .UNSPECIFIED. ) ;
#3250 = DIRECTION ( 'NONE',  ( -0.8530756398719006039, 0.000000000000000000, 0.5217872676265177256 ) ) ;
#3251 = EDGE_CURVE ( 'NONE', #44, #3253, #665, .T. ) ;
#3252 = EDGE_CURVE ( 'NONE', #574, #201, #4, .T. ) ;
#3253 = VERTEX_POINT ( 'NONE', #1069 ) ;
#3254 = DIRECTION ( 'NONE',  ( 0.000000000000000000, 1.000000000000000000, 0.000000000000000000 ) ) ;
#3255 = CARTESIAN_POINT ( 'NONE',  ( -89.62753892102892905, 93.47999999999998977, 125.4662875543850191 ) ) ;
#3256 = CARTESIAN_POINT ( 'NONE',  ( -152.7139117670832320, 88.87999999999998124, 25.70190672669911436 ) ) ;
#3257 = DIRECTION ( 'NONE',  ( 0.000000000000000000, 0.000000000000000000, 1.000000000000000000 ) ) ;
#3258 = ORIENTED_EDGE ( 'NONE', *, *, #2508, .F. ) ;
#3259 = CARTESIAN_POINT ( 'NONE',  ( -228.6383456797400697, 92.87999999999999545, 8.415405281992565989 ) ) ;
#3260 = ORIENTED_EDGE ( 'NONE', *, *, #532, .F. ) ;
#3261 = B_SPLINE_CURVE_WITH_KNOTS ( 'NONE', 3,
 ( #2337, #2618, #3535, #3831 ),
 .UNSPECIFIED., .F., .F.,
 ( 4, 4 ),
 ( 0.05236955718086162836, 0.05602420057193124164 ),
 .UNSPECIFIED. ) ;
#3262 = CARTESIAN_POINT ( 'NONE',  ( -265.7189512413806938, 93.87999999999999545, 5.831332410554418644 ) ) ;
#3263 = VERTEX_POINT ( 'NONE', #2938 ) ;
#3264 = EDGE_LOOP ( 'NONE', ( #460, #2658, #3647 ) ) ;
#3265 = CARTESIAN_POINT ( 'NONE',  ( -150.8221721565745383, 88.87999999999998124, 8.847120223398674099 ) ) ;
#3266 = DIRECTION ( 'NONE',  ( 0.000000000000000000, 1.000000000000000000, 0.000000000000000000 ) ) ;
#3267 = CARTESIAN_POINT ( 'NONE',  ( -164.3938168790713235, 92.87999999999999545, 9.632453036328874063 ) ) ;
#3268 = ORIENTED_EDGE ( 'NONE', *, *, #431, .F. ) ;
#3269 = DIRECTION ( 'NONE',  ( 0.6755766284707362956, 0.000000000000000000, 0.7372897795738881932 ) ) ;
#3270 = CARTESIAN_POINT ( 'NONE',  ( -244.1700937906878153, 93.47999999999998977, 10.97927132965335240 ) ) ;
#3271 = CARTESIAN_POINT ( 'NONE',  ( -219.6165091063904526, 88.87999999999998124, 16.96789906232488221 ) ) ;
#3272 = CARTESIAN_POINT ( 'NONE',  ( -96.76864102652487531, 93.47999999999998977, -101.8285180040629427 ) ) ;
#3273 = EDGE_CURVE ( 'NONE', #3614, #2681, #2215, .T. ) ;
#3274 = CARTESIAN_POINT ( 'NONE',  ( -187.8555102931843237, 92.87999999999999545, 17.45826335425561382 ) ) ;
#3275 = CARTESIAN_POINT ( 'NONE',  ( -257.8976825154148855, 92.87999999999999545, 7.804466760825801153 ) ) ;
#3276 = CARTESIAN_POINT ( 'NONE',  ( -155.5229316098780146, 93.87999999999999545, 9.623945755278430880 ) ) ;
#3277 = EDGE_CURVE ( 'NONE', #2921, #3782, #3249, .T. ) ;
#3278 = CARTESIAN_POINT ( 'NONE',  ( -264.1907845933577050, 4.999999999999990230, -17.38774865900553124 ) ) ;
#3279 = EDGE_CURVE ( 'NONE', #294, #3156, #940, .T. ) ;
#3280 = ORIENTED_EDGE ( 'NONE', *, *, #4020, .T. ) ;
#3281 = DIRECTION ( 'NONE',  ( 0.6888675014067501268, 0.000000000000000000, 0.7248872777926379518 ) ) ;
#3282 = ORIENTED_EDGE ( 'NONE', *, *, #2012, .F. ) ;
#3283 = VERTEX_POINT ( 'NONE', #3606 ) ;
#3284 = CARTESIAN_POINT ( 'NONE',  ( -112.3038216628891064, 88.87999999999998124, 24.31067548444906024 ) ) ;
#3285 = DIRECTION ( 'NONE',  ( 0.9996385584632172527, 0.000000000000000000, -0.02688405537825354352 ) ) ;
#3286 = CARTESIAN_POINT ( 'NONE',  ( -32.84410089086564000, 92.87999999999999545, -82.24809755320639226 ) ) ;
#3287 = VERTEX_POINT ( 'NONE', #1757 ) ;
#3288 = ORIENTED_EDGE ( 'NONE', *, *, #780, .T. ) ;
#3289 = CARTESIAN_POINT ( 'NONE',  ( -149.8126463061967115, 93.87999999999999545, 25.87186741635286324 ) ) ;
#3290 = DIRECTION ( 'NONE',  ( 0.000000000000000000, 0.000000000000000000, -1.000000000000000000 ) ) ;
#3291 = CARTESIAN_POINT ( 'NONE',  ( -134.1085022721686641, 92.87999999999999545, 3.550555210029314956 ) ) ;
#3292 = VECTOR ( 'NONE', #2159, 1000.000000000000114 ) ;
#3293 = CARTESIAN_POINT ( 'NONE',  ( -290.3163669967450460, 93.87999999999999545, 0.8276152839412153073 ) ) ;
#3294 = AXIS2_PLACEMENT_3D ( 'NONE', #1680, #3246, #443 ) ;
#3295 = LINE ( 'NONE', #1420, #4040 ) ;
#3296 = CARTESIAN_POINT ( 'NONE',  ( -238.2618435604907745, 93.47999999999998977, 8.623513685525212580 ) ) ;
#3297 = CARTESIAN_POINT ( 'NONE',  ( -152.7139117670832320, 93.88000000000000966, 25.70190672669911436 ) ) ;
#3298 = ORIENTED_EDGE ( 'NONE', *, *, #379, .T. ) ;
#3299 = CARTESIAN_POINT ( 'NONE',  ( -265.3338636067466041, 93.87999999999999545, 6.801727551362758639 ) ) ;
#3300 = DIRECTION ( 'NONE',  ( -0.000000000000000000, 1.000000000000000000, -0.000000000000000000 ) ) ;
#3301 = ORIENTED_EDGE ( 'NONE', *, *, #3713, .F. ) ;
#3302 = ORIENTED_EDGE ( 'NONE', *, *, #2695, .F. ) ;
#3303 = ORIENTED_EDGE ( 'NONE', *, *, #1837, .T. ) ;
#3304 = DIRECTION ( 'NONE',  ( -0.7248872777926386179, 0.000000000000000000, 0.6888675014067493496 ) ) ;
#3305 = LINE ( 'NONE', #2008, #1848 ) ;
#3306 = CARTESIAN_POINT ( 'NONE',  ( -82.83959400944358720, 92.87999999999999545, 78.72328000652272806 ) ) ;
#3307 = ORIENTED_EDGE ( 'NONE', *, *, #914, .F. ) ;
#3308 = ORIENTED_EDGE ( 'NONE', *, *, #3252, .T. ) ;
#3309 = VECTOR ( 'NONE', #20, 1000.000000000000114 ) ;
#3310 = CARTESIAN_POINT ( 'NONE',  ( -232.7573189821663959, 93.47999999999998977, 13.43332594171975458 ) ) ;
#3311 = CARTESIAN_POINT ( 'NONE',  ( -256.7794921470462555, 93.47999999999998977, 7.175935369810898301 ) ) ;
#3312 = AXIS2_PLACEMENT_3D ( 'NONE', #1999, #3254, #117 ) ;
#3313 = DIRECTION ( 'NONE',  ( 0.000000000000000000, 1.000000000000000000, 0.000000000000000000 ) ) ;
#3314 = DIRECTION ( 'NONE',  ( -0.9996385584632013765, 0.000000000000000000, 0.02688405537884543811 ) ) ;
#3315 = VERTEX_POINT ( 'NONE', #1114 ) ;
#3316 = EDGE_CURVE ( 'NONE', #4035, #2824, #680, .T. ) ;
#3317 = CARTESIAN_POINT ( 'NONE',  ( -266.5147033832301418, 93.87999999999999545, 5.740492526924503736 ) ) ;
#3318 = CARTESIAN_POINT ( 'NONE',  ( -165.5923904649428948, 93.87999999999999545, 9.690496330747528475 ) ) ;
#3319 = LINE ( 'NONE', #2367, #2231 ) ;
#3320 = EDGE_CURVE ( 'NONE', #3324, #1767, #3354, .T. ) ;
#3321 = ORIENTED_EDGE ( 'NONE', *, *, #3428, .F. ) ;
#3322 = DIRECTION ( 'NONE',  ( 0.6888675014067501268, 0.000000000000000000, 0.7248872777926379518 ) ) ;
#3323 = LINE ( 'NONE', #1097, #2483 ) ;
#3324 = VERTEX_POINT ( 'NONE', #3585 ) ;
#3325 = ORIENTED_EDGE ( 'NONE', *, *, #1380, .T. ) ;
#3326 = CARTESIAN_POINT ( 'NONE',  ( -98.79510912553676860, 88.87999999999998124, 10.31514758700471290 ) ) ;
#3327 = CARTESIAN_POINT ( 'NONE',  ( -258.0653487639765444, 93.48000000000000398, 7.103995780298074436 ) ) ;
#3328 = DIRECTION ( 'NONE',  ( 0.000000000000000000, 1.000000000000000000, -0.000000000000000000 ) ) ;
#3329 = AXIS2_PLACEMENT_3D ( 'NONE', #3800, #304, #3151 ) ;
#3330 = ORIENTED_EDGE ( 'NONE', *, *, #2943, .F. ) ;
#3331 = FACE_OUTER_BOUND ( 'NONE', #2759, .T. ) ;
#3332 = PLANE ( 'NONE',  #2263 ) ;
#3333 = CARTESIAN_POINT ( 'NONE',  ( -242.5546761553364092, 92.87999999999999545, 11.33505664491636189 ) ) ;
#3334 = DIRECTION ( 'NONE',  ( -0.6888675014067517921, -0.000000000000000000, -0.7248872777926362865 ) ) ;
#3335 = EDGE_CURVE ( 'NONE', #2002, #1013, #3295, .T. ) ;
#3336 = ORIENTED_EDGE ( 'NONE', *, *, #2913, .F. ) ;
#3337 = CARTESIAN_POINT ( 'NONE',  ( -297.6249865866923869, 88.87999999999998124, 0.7942685039227689314 ) ) ;
#3338 = CARTESIAN_POINT ( 'NONE',  ( -285.8727052897787075, 93.87999999999999545, 2.045397586167052584 ) ) ;
#3339 = CARTESIAN_POINT ( 'NONE',  ( -79.60021247432545977, 93.87999999999999545, -83.76237986898324550 ) ) ;
#3340 = CARTESIAN_POINT ( 'NONE',  ( -242.5546761553364092, 92.87999999999999545, 11.33505664491636189 ) ) ;
#3341 = CARTESIAN_POINT ( 'NONE',  ( -257.6570793527035335, 92.87999999999999545, 7.526381928219097794 ) ) ;
#3342 = ORIENTED_EDGE ( 'NONE', *, *, #1185, .T. ) ;
#3343 = ORIENTED_EDGE ( 'NONE', *, *, #3168, .F. ) ;
#3344 = ORIENTED_EDGE ( 'NONE', *, *, #4083, .T. ) ;
#3345 = DIRECTION ( 'NONE',  ( 0.000000000000000000, 1.000000000000000000, 0.000000000000000000 ) ) ;
#3346 = LINE ( 'NONE', #3087, #326 ) ;
#3347 = DIRECTION ( 'NONE',  ( 0.000000000000000000, -1.000000000000000000, 0.000000000000000000 ) ) ;
#3348 = EDGE_CURVE ( 'NONE', #3143, #3425, #754, .T. ) ;
#3349 = ORIENTED_EDGE ( 'NONE', *, *, #3226, .T. ) ;
#3350 = DIRECTION ( 'NONE',  ( 0.7248872777926386179, 0.000000000000000000, -0.6888675014067493496 ) ) ;
#3351 = CARTESIAN_POINT ( 'NONE',  ( -149.8126463061967399, 92.87999999999999545, 25.87186741635287390 ) ) ;
#3352 = CARTESIAN_POINT ( 'NONE',  ( -238.2618435604907745, 92.87999999999999545, 8.623513685525212580 ) ) ;
#3353 = CARTESIAN_POINT ( 'NONE',  ( -253.0423473195501742, 92.87999999999999545, 8.955332983845949002 ) ) ;
#3354 = B_SPLINE_CURVE_WITH_KNOTS ( 'NONE', 3,
 ( #166, #2320, #2987, #73, #2060 ),
 .UNSPECIFIED., .F., .F.,
 ( 4, 1, 4 ),
 ( 0.7820152444153389837, 0.7906192346124354398, 0.8006194959623235130 ),
 .UNSPECIFIED. ) ;
#3355 = CARTESIAN_POINT ( 'NONE',  ( -297.6249865866923869, 93.87999999999999545, 0.7942685039227689314 ) ) ;
#3356 = EDGE_CURVE ( 'NONE', #2894, #325, #2626, .T. ) ;
#3357 = VECTOR ( 'NONE', #3405, 1000.000000000000000 ) ;
#3358 = PLANE ( 'NONE',  #224 ) ;
#3359 = VECTOR ( 'NONE', #1893, 1000.000000000000000 ) ;
#3360 = VERTEX_POINT ( 'NONE', #3318 ) ;
#3361 = DIRECTION ( 'NONE',  ( 0.000000000000000000, 1.000000000000000000, 0.000000000000000000 ) ) ;
#3362 = CARTESIAN_POINT ( 'NONE',  ( -194.3434337935483995, 88.87999999999999545, 9.312927148811843026 ) ) ;
#3363 = VERTEX_POINT ( 'NONE', #3231 ) ;
#3364 = EDGE_CURVE ( 'NONE', #325, #483, #404, .T. ) ;
#3365 = ORIENTED_EDGE ( 'NONE', *, *, #1193, .T. ) ;
#3366 = LINE ( 'NONE', #239, #2041 ) ;
#3367 = VERTEX_POINT ( 'NONE', #1332 ) ;
#3368 = CARTESIAN_POINT ( 'NONE',  ( -241.3852872890720391, 92.87999999999999545, 11.59175294562724723 ) ) ;
#3369 = ADVANCED_FACE ( 'NONE', ( #2581 ), #2915, .F. ) ;
#3370 = CARTESIAN_POINT ( 'NONE',  ( -254.6226053384950774, 92.87999999999999545, 8.584301412233694251 ) ) ;
#3371 = CARTESIAN_POINT ( 'NONE',  ( -69.44017073450980604, 93.47999999999998977, -106.5031585959443703 ) ) ;
#3372 = DIRECTION ( 'NONE',  ( 0.000000000000000000, 1.000000000000000000, 0.000000000000000000 ) ) ;
#3373 = AXIS2_PLACEMENT_3D ( 'NONE', #3227, #2578, #1955 ) ;
#3374 = CARTESIAN_POINT ( 'NONE',  ( -248.2263911974834230, 92.87999999999999545, 10.06564403484840398 ) ) ;
#3375 = AXIS2_PLACEMENT_3D ( 'NONE', #2027, #3115, #813 ) ;
#3376 = DIRECTION ( 'NONE',  ( 0.000000000000000000, 0.000000000000000000, -1.000000000000000000 ) ) ;
#3377 = CIRCLE ( 'NONE', #3505, 4.124999999999996447 ) ;
#3378 = ADVANCED_FACE ( 'NONE', ( #141 ), #729, .T. ) ;
#3379 = ORIENTED_EDGE ( 'NONE', *, *, #1837, .F. ) ;
#3380 = EDGE_LOOP ( 'NONE', ( #2795, #4005, #4025, #1507 ) ) ;
#3381 = ORIENTED_EDGE ( 'NONE', *, *, #960, .F. ) ;
#3382 = DIRECTION ( 'NONE',  ( -0.000000000000000000, 1.000000000000000000, -0.000000000000000000 ) ) ;
#3383 = CARTESIAN_POINT ( 'NONE',  ( -293.2676002059569100, 88.87999999999998124, 1.330312713633433841 ) ) ;
#3384 = ORIENTED_EDGE ( 'NONE', *, *, #1590, .T. ) ;
#3385 = ORIENTED_EDGE ( 'NONE', *, *, #2439, .T. ) ;
#3386 = DIRECTION ( 'NONE',  ( 0.000000000000000000, 0.000000000000000000, -1.000000000000000000 ) ) ;
#3387 = ORIENTED_EDGE ( 'NONE', *, *, #1294, .F. ) ;
#3388 = AXIS2_PLACEMENT_3D ( 'NONE', #2057, #488, #820 ) ;
#3389 = CARTESIAN_POINT ( 'NONE',  ( -196.9577467012201737, 92.87999999999999545, 12.34914432081862756 ) ) ;
#3390 = VERTEX_POINT ( 'NONE', #1372 ) ;
#3391 = DIRECTION ( 'NONE',  ( 0.7348758801460661960, 0.000000000000000000, 0.6782016225132055931 ) ) ;
#3392 = CARTESIAN_POINT ( 'NONE',  ( -260.7875091711144933, 93.47999999999998977, 7.103832979000726411 ) ) ;
#3393 = FACE_OUTER_BOUND ( 'NONE', #1077, .T. ) ;
#3394 = EDGE_CURVE ( 'NONE', #5, #1383, #3897, .T. ) ;
#3395 = LINE ( 'NONE', #938, #297 ) ;
#3396 = B_SPLINE_CURVE_WITH_KNOTS ( 'NONE', 3,
 ( #2891, #3820, #2238, #3804 ),
 .UNSPECIFIED., .F., .F.,
 ( 4, 4 ),
 ( 0.8812983385956609794, 0.8838836986591519507 ),
 .UNSPECIFIED. ) ;
#3397 = LINE ( 'NONE', #3677, #15 ) ;
#3398 = ORIENTED_EDGE ( 'NONE', *, *, #1291, .F. ) ;
#3399 = ADVANCED_FACE ( 'NONE', ( #2139 ), #3358, .F. ) ;
#3400 = CARTESIAN_POINT ( 'NONE',  ( -221.3926199760128100, 92.87999999999999545, 15.71882597912976820 ) ) ;
#3401 = CARTESIAN_POINT ( 'NONE',  ( -177.9340017912533369, 92.87999999999999545, -1.886658415423741575 ) ) ;
#3402 = ORIENTED_EDGE ( 'NONE', *, *, #1049, .T. ) ;
#3403 = ORIENTED_EDGE ( 'NONE', *, *, #1593, .F. ) ;
#3404 = ADVANCED_FACE ( 'NONE', ( #1442 ), #3962, .F. ) ;
#3405 = DIRECTION ( 'NONE',  ( -0.02688405537825821340, -0.000000000000000000, -0.9996385584632171417 ) ) ;
#3406 = VERTEX_POINT ( 'NONE', #512 ) ;
#3407 = CARTESIAN_POINT ( 'NONE',  ( -266.5886069376114733, 88.87999999999998124, 9.579359346406537412 ) ) ;
#3408 = VERTEX_POINT ( 'NONE', #2154 ) ;
#3409 = ORIENTED_EDGE ( 'NONE', *, *, #1265, .F. ) ;
#3410 = FACE_OUTER_BOUND ( 'NONE', #2608, .T. ) ;
#3411 = CARTESIAN_POINT ( 'NONE',  ( -128.9236941600217108, 92.87999999999999545, 122.5174531115823271 ) ) ;
#3412 = EDGE_CURVE ( 'NONE', #3363, #846, #1270, .T. ) ;
#3413 = LINE ( 'NONE', #3494, #1051 ) ;
#3414 = LINE ( 'NONE', #3774, #33 ) ;
#3415 = CARTESIAN_POINT ( 'NONE',  ( 0.000000000000000000, 93.47999999999998977, 0.000000000000000000 ) ) ;
#3416 = ORIENTED_EDGE ( 'NONE', *, *, #2358, .T. ) ;
#3417 = FACE_OUTER_BOUND ( 'NONE', #251, .T. ) ;
#3418 = CARTESIAN_POINT ( 'NONE',  ( -220.6196549160198401, 92.87999999999999545, 15.86831719877247338 ) ) ;
#3419 = DIRECTION ( 'NONE',  ( -0.7248872777926327338, 0.000000000000000000, 0.6888675014067557889 ) ) ;
#3420 = CARTESIAN_POINT ( 'NONE',  ( -241.8427587424439764, 92.87999999999999545, 10.92287269651130721 ) ) ;
#3421 = VERTEX_POINT ( 'NONE', #2121 ) ;
#3422 = VECTOR ( 'NONE', #1431, 1000.000000000000227 ) ;
#3423 = ORIENTED_EDGE ( 'NONE', *, *, #720, .T. ) ;
#3424 = LINE ( 'NONE', #293, #3762 ) ;
#3425 = VERTEX_POINT ( 'NONE', #3697 ) ;
#3426 = EDGE_CURVE ( 'NONE', #4035, #2276, #3397, .T. ) ;
#3427 = DIRECTION ( 'NONE',  ( 0.7348758801460677503, 0.000000000000000000, 0.6782016225132038167 ) ) ;
#3428 = EDGE_CURVE ( 'NONE', #44, #669, #540, .T. ) ;
#3429 = ORIENTED_EDGE ( 'NONE', *, *, #50, .F. ) ;
#3430 = CARTESIAN_POINT ( 'NONE',  ( -132.5334251630776805, 93.47999999999998977, 125.9478159459217181 ) ) ;
#3431 = FACE_BOUND ( 'NONE', #2640, .T. ) ;
#3432 = ORIENTED_EDGE ( 'NONE', *, *, #1665, .F. ) ;
#3433 = CARTESIAN_POINT ( 'NONE',  ( -79.60021247432545977, 92.87999999999999545, -83.76237986898324550 ) ) ;
#3434 = CARTESIAN_POINT ( 'NONE',  ( -295.2960495105439804, 93.87999999999999545, 0.3249056940348477585 ) ) ;
#3435 = CARTESIAN_POINT ( 'NONE',  ( -250.7585574480021364, 92.87999999999999545, 7.495065782900966589 ) ) ;
#3436 = CIRCLE ( 'NONE', #727, 4.124999999999996447 ) ;
#3437 = ORIENTED_EDGE ( 'NONE', *, *, #1882, .T. ) ;
#3438 = EDGE_LOOP ( 'NONE', ( #833, #1689, #1562, #1654 ) ) ;
#3439 = ORIENTED_EDGE ( 'NONE', *, *, #2986, .F. ) ;
#3440 = DIRECTION ( 'NONE',  ( 0.5217872676265156162, 0.000000000000000000, 0.8530756398719019362 ) ) ;
#3441 = VECTOR ( 'NONE', #1078, 1000.000000000000000 ) ;
#3442 = CARTESIAN_POINT ( 'NONE',  ( -179.3938425800780578, 92.87999999999999545, 22.81231622378527391 ) ) ;
#3443 = FACE_BOUND ( 'NONE', #198, .T. ) ;
#3444 = PLANE ( 'NONE',  #2942 ) ;
#3445 = EDGE_LOOP ( 'NONE', ( #494, #555, #3819, #2235 ) ) ;
#3446 = CARTESIAN_POINT ( 'NONE',  ( -300.0000000000000000, 93.87999999999999545, 0.000000000000000000 ) ) ;
#3447 = VERTEX_POINT ( 'NONE', #860 ) ;
#3448 = CARTESIAN_POINT ( 'NONE',  ( -123.5565654830474216, 92.87999999999999545, 129.7396513526184947 ) ) ;
#3449 = ORIENTED_EDGE ( 'NONE', *, *, #71, .T. ) ;
#3450 = LINE ( 'NONE', #1912, #3577 ) ;
#3451 = CARTESIAN_POINT ( 'NONE',  ( -249.1849982831033969, 4.999999999999990230, -62.77685069811641938 ) ) ;
#3452 = CARTESIAN_POINT ( 'NONE',  ( -66.52695322058222871, 93.87999999999999545, -70.00554086442703294 ) ) ;
#3453 = VECTOR ( 'NONE', #2036, 1000.000000000000114 ) ;
#3454 = CARTESIAN_POINT ( 'NONE',  ( -149.8126463061965126, 88.87999999999998124, 25.87186741635287035 ) ) ;
#3455 = EDGE_CURVE ( 'NONE', #3390, #2970, #1781, .T. ) ;
#3456 = CARTESIAN_POINT ( 'NONE',  ( -237.6737849170181676, 93.47999999999998977, 8.080994594439255607 ) ) ;
#3457 = ORIENTED_EDGE ( 'NONE', *, *, #1282, .F. ) ;
#3458 = VECTOR ( 'NONE', #1173, 1000.000000000000000 ) ;
#3459 = ORIENTED_EDGE ( 'NONE', *, *, #2672, .F. ) ;
#3460 = CARTESIAN_POINT ( 'NONE',  ( -300.0000000000000000, 88.87999999999998124, 0.000000000000000000 ) ) ;
#3461 = DIRECTION ( 'NONE',  ( 0.000000000000000000, 1.000000000000000000, 0.000000000000000000 ) ) ;
#3462 = CARTESIAN_POINT ( 'NONE',  ( -249.1849982831033969, 88.87999999999998124, -62.77685069811641938 ) ) ;
#3463 = VECTOR ( 'NONE', #2669, 1000.000000000000000 ) ;
#3464 = CARTESIAN_POINT ( 'NONE',  ( -123.0258495498965630, 93.88000000000000966, 8.956862106542892832 ) ) ;
#3465 = EDGE_CURVE ( 'NONE', #3156, #2122, #3984, .T. ) ;
#3466 = ORIENTED_EDGE ( 'NONE', *, *, #1664, .F. ) ;
#3467 = CARTESIAN_POINT ( 'NONE',  ( -297.6853304518509731, 88.87999999999998124, 0.07763497805456877343 ) ) ;
#3468 = ORIENTED_EDGE ( 'NONE', *, *, #1971, .T. ) ;
#3469 = AXIS2_PLACEMENT_3D ( 'NONE', #1258, #649, #3499 ) ;
#3470 = CARTESIAN_POINT ( 'NONE',  ( -195.6463559078458445, 88.87999999999998124, 20.27733546108195739 ) ) ;
#3471 = ADVANCED_FACE ( 'NONE', ( #4042 ), #3737, .F. ) ;
#3472 = ORIENTED_EDGE ( 'NONE', *, *, #1428, .T. ) ;
#3473 = DIRECTION ( 'NONE',  ( -0.6888675014067484614, 0.000000000000000000, -0.7248872777926396171 ) ) ;
#3474 = FACE_OUTER_BOUND ( 'NONE', #3812, .T. ) ;
#3475 = DIRECTION ( 'NONE',  ( 0.000000000000000000, 1.000000000000000000, 0.000000000000000000 ) ) ;
#3476 = AXIS2_PLACEMENT_3D ( 'NONE', #1509, #4029, #1281 ) ;
#3477 = EDGE_CURVE ( 'NONE', #3623, #2081, #1196, .T. ) ;
#3478 = DIRECTION ( 'NONE',  ( 0.001877162694597761397, 0.000000000000000000, -0.9999982381285568156 ) ) ;
#3479 = EDGE_CURVE ( 'NONE', #499, #553, #267, .T. ) ;
#3480 = ORIENTED_EDGE ( 'NONE', *, *, #56, .F. ) ;
#3481 = LINE ( 'NONE', #1001, #1735 ) ;
#3482 = DIRECTION ( 'NONE',  ( 0.1609050596805300659, 0.000000000000000000, -0.9869698889881115544 ) ) ;
#3483 = LINE ( 'NONE', #3806, #2345 ) ;
#3484 = CARTESIAN_POINT ( 'NONE',  ( -135.8203959127808957, 93.88000000000000966, 9.371846716018461976 ) ) ;
#3485 = VERTEX_POINT ( 'NONE', #2471 ) ;
#3486 = CARTESIAN_POINT ( 'NONE',  ( -274.1238790086579797, 93.87999999999999545, 2.239275516313835368 ) ) ;
#3487 = ADVANCED_FACE ( 'NONE', ( #823 ), #3900, .F. ) ;
#3488 = LINE ( 'NONE', #336, #1601 ) ;
#3489 = AXIS2_PLACEMENT_3D ( 'NONE', #3850, #159, #2977 ) ;
#3490 = VERTEX_POINT ( 'NONE', #2449 ) ;
#3491 = CARTESIAN_POINT ( 'NONE',  ( -112.2016622524414515, 93.87999999999999545, 28.10930200660903822 ) ) ;
#3492 = CARTESIAN_POINT ( 'NONE',  ( -183.8902233027286002, 88.87999999999998124, 9.490411956955542294 ) ) ;
#3493 = EDGE_CURVE ( 'NONE', #2894, #536, #3755, .T. ) ;
#3494 = CARTESIAN_POINT ( 'NONE',  ( -112.6486715160237821, 88.87999999999998124, 11.48801144721272927 ) ) ;
#3495 = CARTESIAN_POINT ( 'NONE',  ( -271.2861602210534215, 88.87999999999998124, 2.447696926221061720 ) ) ;
#3496 = ORIENTED_EDGE ( 'NONE', *, *, #2698, .T. ) ;
#3497 = DIRECTION ( 'NONE',  ( -0.02688405537825218350, 0.000000000000000000, -0.9996385584632173638 ) ) ;
#3498 = PLANE ( 'NONE',  #3776 ) ;
#3499 = DIRECTION ( 'NONE',  ( 0.000000000000000000, 0.000000000000000000, -1.000000000000000000 ) ) ;
#3500 = AXIS2_PLACEMENT_3D ( 'NONE', #347, #611, #1938 ) ;
#3501 = ORIENTED_EDGE ( 'NONE', *, *, #1424, .F. ) ;
#3502 = VECTOR ( 'NONE', #685, 1000.000000000000000 ) ;
#3503 = DIRECTION ( 'NONE',  ( -0.7248872777926411715, 0.000000000000000000, 0.6888675014067469071 ) ) ;
#3504 = EDGE_LOOP ( 'NONE', ( #991, #3818, #2006, #3927 ) ) ;
#3505 = AXIS2_PLACEMENT_3D ( 'NONE', #918, #626, #3775 ) ;
#3506 =( BOUNDED_CURVE ( )  B_SPLINE_CURVE ( 3, ( #2353, #3620, #1455, #1477 ),
 .UNSPECIFIED., .F., .T. ) 
 B_SPLINE_CURVE_WITH_KNOTS ( ( 4, 4 ),
 ( 4.403854063743411373, 5.908010049700227029 ),
 .UNSPECIFIED. ) 
 CURVE ( )  GEOMETRIC_REPRESENTATION_ITEM ( )  RATIONAL_B_SPLINE_CURVE ( ( 1.000000000000000000, 0.8201805664002034257, 0.8201805664002034257, 1.000000000000000000 ) ) 
 REPRESENTATION_ITEM ( '' )  );
#3507 = PLANE ( 'NONE',  #1662 ) ;
#3508 = EDGE_LOOP ( 'NONE', ( #2071, #1106, #2107, #3622, #1827, #3459, #1180, #1209, #550, #4021, #2111, #2457 ) ) ;
#3509 = ORIENTED_EDGE ( 'NONE', *, *, #1587, .F. ) ;
#3510 = CARTESIAN_POINT ( 'NONE',  ( -250.7667120139445274, 93.87999999999999545, 10.33830807117599448 ) ) ;
#3511 = CARTESIAN_POINT ( 'NONE',  ( -293.2676002059569100, 93.87999999999999545, 1.330312713633649668 ) ) ;
#3512 = CARTESIAN_POINT ( 'NONE',  ( -269.3505351003591954, 88.87999999999998124, 8.883550396804306359 ) ) ;
#3513 = CARTESIAN_POINT ( 'NONE',  ( -279.6950825009721484, 93.87999999999999545, 1.796581939440190290 ) ) ;
#3514 = FACE_OUTER_BOUND ( 'NONE', #2630, .T. ) ;
#3515 = VECTOR ( 'NONE', #2867, 1000.000000000000114 ) ;
#3516 = FACE_OUTER_BOUND ( 'NONE', #4027, .T. ) ;
#3517 = EDGE_CURVE ( 'NONE', #2310, #133, #4062, .T. ) ;
#3518 = FACE_OUTER_BOUND ( 'NONE', #2053, .T. ) ;
#3519 = CIRCLE ( 'NONE', #1822, 9.000000000001181277 ) ;
#3520 = CARTESIAN_POINT ( 'NONE',  ( -270.6058122691731000, 93.87999999999999545, 7.731282320555692422 ) ) ;
#3521 = CARTESIAN_POINT ( 'NONE',  ( -132.5334251630776805, 92.87999999999999545, 125.9478159459217181 ) ) ;
#3522 = APPLICATION_PROTOCOL_DEFINITION ( 'draft international standard', 'automotive_design', 1998, #3055 ) ;
#3523 = ORIENTED_EDGE ( 'NONE', *, *, #2020, .F. ) ;
#3524 = EDGE_CURVE ( 'NONE', #499, #1497, #2852, .T. ) ;
#3525 = CARTESIAN_POINT ( 'NONE',  ( -265.5219321219555013, 88.87999999999998124, 2.837808823444820661 ) ) ;
#3526 = EDGE_LOOP ( 'NONE', ( #1404, #3033, #120, #2280 ) ) ;
#3527 = ORIENTED_EDGE ( 'NONE', *, *, #3725, .F. ) ;
#3528 = CARTESIAN_POINT ( 'NONE',  ( -240.4624955004808839, 93.87999999999999545, 7.187158872640684315 ) ) ;
#3529 = EDGE_CURVE ( 'NONE', #3623, #237, #3377, .T. ) ;
#3530 = ORIENTED_EDGE ( 'NONE', *, *, #3694, .F. ) ;
#3531 = ORIENTED_EDGE ( 'NONE', *, *, #320, .F. ) ;
#3532 = CARTESIAN_POINT ( 'NONE',  ( -165.5953102936683479, 92.87999999999999545, 9.630069181646565113 ) ) ;
#3533 = CARTESIAN_POINT ( 'NONE',  ( -185.9315778033651441, 93.87999999999999545, 18.58588332090532091 ) ) ;
#3534 = ORIENTED_EDGE ( 'NONE', *, *, #302, .F. ) ;
#3535 = CARTESIAN_POINT ( 'NONE',  ( -250.7078635189225508, 93.48000000000000398, 9.498242094551869741 ) ) ;
#3536 = CARTESIAN_POINT ( 'NONE',  ( -260.8337779112896442, 93.48000000000000398, 6.940564282576736410 ) ) ;
#3537 = DIRECTION ( 'NONE',  ( -0.7248872777926378408, 0.000000000000000000, 0.6888675014067503488 ) ) ;
#3538 = ADVANCED_FACE ( 'NONE', ( #2505 ), #4081, .F. ) ;
#3539 = CARTESIAN_POINT ( 'NONE',  ( -300.0000000000000000, 93.87999999999999545, -0.1621621621621254228 ) ) ;
#3540 = ORIENTED_EDGE ( 'NONE', *, *, #3364, .T. ) ;
#3541 = CARTESIAN_POINT ( 'NONE',  ( -132.7140058270198040, 93.87999999999999545, 9.254047714990708329 ) ) ;
#3542 = CARTESIAN_POINT ( 'NONE',  ( -179.5174658418248157, 93.87999999999999545, 9.534537799042796635 ) ) ;
#3543 = CARTESIAN_POINT ( 'NONE',  ( -190.7528261741830136, 93.88000000000000966, 21.03932599842006468 ) ) ;
#3544 =( LENGTH_UNIT ( ) NAMED_UNIT ( * ) SI_UNIT ( .MILLI., .METRE. ) );
#3545 = ORIENTED_EDGE ( 'NONE', *, *, #187, .T. ) ;
#3546 = DIRECTION ( 'NONE',  ( 0.000000000000000000, 1.000000000000000000, 0.000000000000000000 ) ) ;
#3547 = ORIENTED_EDGE ( 'NONE', *, *, #1463, .T. ) ;
#3548 = DIRECTION ( 'NONE',  ( -0.000000000000000000, 1.000000000000000000, -0.000000000000000000 ) ) ;
#3549 = VECTOR ( 'NONE', #2912, 999.9999999999998863 ) ;
#3550 = VERTEX_POINT ( 'NONE', #1875 ) ;
#3551 = VERTEX_POINT ( 'NONE', #1580 ) ;
#3552 = CARTESIAN_POINT ( 'NONE',  ( -214.3987121032657228, 92.87999999999999545, 8.852874277016555382 ) ) ;
#3553 = PLANE ( 'NONE',  #1451 ) ;
#3554 = DIRECTION ( 'NONE',  ( 0.000000000000000000, 0.000000000000000000, -1.000000000000000000 ) ) ;
#3555 = EDGE_CURVE ( 'NONE', #3876, #3001, #3152, .T. ) ;
#3556 = VECTOR ( 'NONE', #795, 1000.000000000000114 ) ;
#3557 = EDGE_CURVE ( 'NONE', #1452, #2002, #97, .T. ) ;
#3558 = PLANE ( 'NONE',  #3698 ) ;
#3559 = DIRECTION ( 'NONE',  ( -0.7248872777926389510, 0.000000000000000000, 0.6888675014067491276 ) ) ;
#3560 = CARTESIAN_POINT ( 'NONE',  ( -141.1614346981550625, 93.87999999999999545, 27.35412429335869788 ) ) ;
#3561 = CARTESIAN_POINT ( 'NONE',  ( -164.3938166502457250, 92.87999999999999545, 9.632323722520098386 ) ) ;
#3562 = ORIENTED_EDGE ( 'NONE', *, *, #2747, .T. ) ;
#3563 = CARTESIAN_POINT ( 'NONE',  ( -300.0000000000000000, 4.999999999999990230, 0.000000000000000000 ) ) ;
#3564 = CARTESIAN_POINT ( 'NONE',  ( -194.3434337935483995, 92.87999999999999545, 9.312927148811843026 ) ) ;
#3565 =( NAMED_UNIT ( * ) SI_UNIT ( $, .STERADIAN. ) SOLID_ANGLE_UNIT ( ) );
#3566 = PRODUCT_DEFINITION_SHAPE ( 'NONE', 'NONE',  #1703 ) ;
#3567 = ORIENTED_EDGE ( 'NONE', *, *, #1794, .T. ) ;
#3568 = CARTESIAN_POINT ( 'NONE',  ( -256.7706833590910378, 93.47999999999998977, 8.074497407324157550 ) ) ;
#3569 = VECTOR ( 'NONE', #3361, 1000.000000000000000 ) ;
#3570 = ORIENTED_EDGE ( 'NONE', *, *, #426, .F. ) ;
#3571 = CARTESIAN_POINT ( 'NONE',  ( -190.7528261741830136, 92.87999999999999545, 21.03932599842006823 ) ) ;
#3572 = ORIENTED_EDGE ( 'NONE', *, *, #111, .F. ) ;
#3573 = ORIENTED_EDGE ( 'NONE', *, *, #303, .T. ) ;
#3574 = CARTESIAN_POINT ( 'NONE',  ( -119.0667696627180590, 93.87999999999999545, 28.12804715761673435 ) ) ;
#3575 = CARTESIAN_POINT ( 'NONE',  ( -96.72838245694208581, 93.87999999999999545, 24.69208237058674626 ) ) ;
#3576 = DIRECTION ( 'NONE',  ( -0.000000000000000000, 1.000000000000000000, -0.000000000000000000 ) ) ;
#3577 = VECTOR ( 'NONE', #318, 1000.000000000000000 ) ;
#3578 = VERTEX_POINT ( 'NONE', #1274 ) ;
#3579 = LINE ( 'NONE', #995, #1918 ) ;
#3580 = EDGE_CURVE ( 'NONE', #961, #3578, #2194, .T. ) ;
#3581 = CARTESIAN_POINT ( 'NONE',  ( -199.9493753164614702, 88.87999999999998124, 19.59184744843430792 ) ) ;
#3582 = CARTESIAN_POINT ( 'NONE',  ( -196.9577467012201737, 93.47999999999998977, 12.34914432081862756 ) ) ;
#3583 = LINE ( 'NONE', #3272, #266 ) ;
#3584 = EDGE_CURVE ( 'NONE', #998, #3114, #1542, .T. ) ;
#3585 = CARTESIAN_POINT ( 'NONE',  ( -165.5953102936683479, 93.87999999999999545, 9.630069181646563337 ) ) ;
#3586 = CARTESIAN_POINT ( 'NONE',  ( -164.2408507514658993, 92.87999999999999545, 24.50836570409287773 ) ) ;
#3587 = CARTESIAN_POINT ( 'NONE',  ( -168.8641331842243858, 93.88000000000000966, 24.10239613039014017 ) ) ;
#3588 = ORIENTED_EDGE ( 'NONE', *, *, #3609, .F. ) ;
#3589 = CARTESIAN_POINT ( 'NONE',  ( -83.70945874280815246, 92.87999999999999545, 79.54992100822235557 ) ) ;
#3590 = ORIENTED_EDGE ( 'NONE', *, *, #1606, .F. ) ;
#3591 = VECTOR ( 'NONE', #10, 1000.000000000000000 ) ;
#3592 = CARTESIAN_POINT ( 'NONE',  ( -300.0000000000000000, 4.999999999999990230, 0.000000000000000000 ) ) ;
#3593 = ORIENTED_EDGE ( 'NONE', *, *, #2631, .F. ) ;
#3594 = ORIENTED_EDGE ( 'NONE', *, *, #470, .T. ) ;
#3595 = LINE ( 'NONE', #2417, #2125 ) ;
#3596 = CARTESIAN_POINT ( 'NONE',  ( -99.99778022952456524, 92.87999999999999545, 23.97971956385087111 ) ) ;
#3597 = DIRECTION ( 'NONE',  ( 0.000000000000000000, 1.000000000000000000, 0.000000000000000000 ) ) ;
#3598 = ORIENTED_EDGE ( 'NONE', *, *, #697, .T. ) ;
#3599 = ORIENTED_EDGE ( 'NONE', *, *, #3064, .T. ) ;
#3600 = DIRECTION ( 'NONE',  ( -0.7248872777926378408, 0.000000000000000000, 0.6888675014067503488 ) ) ;
#3601 = EDGE_CURVE ( 'NONE', #296, #477, #4001, .T. ) ;
#3602 = LINE ( 'NONE', #1170, #1347 ) ;
#3603 = CARTESIAN_POINT ( 'NONE',  ( -244.8321065350075969, 93.47999999999998977, 7.777216704173514294 ) ) ;
#3604 = CARTESIAN_POINT ( 'NONE',  ( -204.2549720000115201, 92.88000000000002387, 18.85326315187309376 ) ) ;
#3605 = B_SPLINE_CURVE_WITH_KNOTS ( 'NONE', 3,
 ( #1484, #2734, #4003, #2427 ),
 .UNSPECIFIED., .F., .F.,
 ( 4, 4 ),
 ( 0.8368424045737977712, 0.8394024848050616328 ),
 .UNSPECIFIED. ) ;
#3606 = CARTESIAN_POINT ( 'NONE',  ( -148.6125551966285059, 92.87999999999999545, 25.91327914437588475 ) ) ;
#3607 = CARTESIAN_POINT ( 'NONE',  ( -192.5000000004401102, 88.87999999999998124, 15.15093237100210288 ) ) ;
#3608 = CARTESIAN_POINT ( 'NONE',  ( -182.7476535926390113, 88.87999999999998124, 22.24537223474090197 ) ) ;
#3609 = EDGE_CURVE ( 'NONE', #3017, #150, #2688, .T. ) ;
#3610 = VERTEX_POINT ( 'NONE', #2079 ) ;
#3611 = EDGE_CURVE ( 'NONE', #1383, #714, #1817, .T. ) ;
#3612 = LINE ( 'NONE', #1691, #1068 ) ;
#3613 = CARTESIAN_POINT ( 'NONE',  ( -266.6398104252421604, 93.87999999999999545, 6.507882213807852700 ) ) ;
#3614 = VERTEX_POINT ( 'NONE', #3333 ) ;
#3615 = VERTEX_POINT ( 'NONE', #228 ) ;
#3616 = VERTEX_POINT ( 'NONE', #2709 ) ;
#3617 = DIRECTION ( 'NONE',  ( 0.7248872777926391731, 0.000000000000000000, -0.6888675014067489055 ) ) ;
#3618 = EDGE_CURVE ( 'NONE', #51, #3147, #1191, .T. ) ;
#3619 = DIRECTION ( 'NONE',  ( 0.000000000000000000, 1.000000000000000000, 0.000000000000000000 ) ) ;
#3620 = CARTESIAN_POINT ( 'NONE',  ( -186.7415213031813721, 93.87999999999999545, 14.16434638209463337 ) ) ;
#3621 = EDGE_LOOP ( 'NONE', ( #1887, #395, #865, #3056 ) ) ;
#3622 = ORIENTED_EDGE ( 'NONE', *, *, #3922, .T. ) ;
#3623 = VERTEX_POINT ( 'NONE', #1753 ) ;
#3624 = DIRECTION ( 'NONE',  ( 0.9996385584632173638, 0.000000000000000000, -0.02688405537825217656 ) ) ;
#3625 = CARTESIAN_POINT ( 'NONE',  ( -148.9397601185791871, 92.87999999999999545, 25.94133847265610981 ) ) ;
#3626 = CARTESIAN_POINT ( 'NONE',  ( -265.3338636067466041, 88.87999999999998124, 6.801727551362758639 ) ) ;
#3627 = CARTESIAN_POINT ( 'NONE',  ( -117.0799586928293792, 92.87999999999999545, 111.2622349437988589 ) ) ;
#3628 = VECTOR ( 'NONE', #2603, 1000.000000000000000 ) ;
#3629 = EDGE_CURVE ( 'NONE', #900, #3315, #819, .T. ) ;
#3630 = VERTEX_POINT ( 'NONE', #3956 ) ;
#3631 = CARTESIAN_POINT ( 'NONE',  ( -285.9904385892309051, 88.87999999999998124, 3.527721545625652766 ) ) ;
#3632 = CARTESIAN_POINT ( 'NONE',  ( -227.8847318322617070, 92.87999999999999545, 8.441184858986350292 ) ) ;
#3633 = LINE ( 'NONE', #2061, #3422 ) ;
#3634 = PRESENTATION_STYLE_ASSIGNMENT (( #450 ) ) ;
#3635 = ORIENTED_EDGE ( 'NONE', *, *, #3064, .F. ) ;
#3636 = EDGE_CURVE ( 'NONE', #906, #2058, #1434, .T. ) ;
#3637 = CARTESIAN_POINT ( 'NONE',  ( -165.5736163542941881, 92.87999999999999545, -0.3108091634388195912 ) ) ;
#3638 = CARTESIAN_POINT ( 'NONE',  ( -190.1890343107848480, 88.87999999999998124, 9.385866078296785986 ) ) ;
#3639 = VERTEX_POINT ( 'NONE', #2360 ) ;
#3640 = ORIENTED_EDGE ( 'NONE', *, *, #1485, .F. ) ;
#3641 = EDGE_LOOP ( 'NONE', ( #2046, #3741, #3939, #1743 ) ) ;
#3642 = ADVANCED_FACE ( 'NONE', ( #3024 ), #2981, .F. ) ;
#3643 = VERTEX_POINT ( 'NONE', #3004 ) ;
#3644 = CARTESIAN_POINT ( 'NONE',  ( -112.8759871213103310, 93.87999999999999545, 3.035661502870928175 ) ) ;
#3645 = DIRECTION ( 'NONE',  ( -0.7248872777926403943, 0.000000000000000000, 0.6888675014067474622 ) ) ;
#3646 = DIRECTION ( 'NONE',  ( 0.000000000000000000, 1.000000000000000000, 0.000000000000000000 ) ) ;
#3647 = ORIENTED_EDGE ( 'NONE', *, *, #2898, .T. ) ;
#3648 = LINE ( 'NONE', #3977, #529 ) ;
#3649 = DIRECTION ( 'NONE',  ( 0.000000000000000000, 0.000000000000000000, -1.000000000000000000 ) ) ;
#3650 = VECTOR ( 'NONE', #1360, 1000.000000000000000 ) ;
#3651 = CARTESIAN_POINT ( 'NONE',  ( -32.84410089086564000, 93.47999999999998977, -82.24809755320639226 ) ) ;
#3652 = CARTESIAN_POINT ( 'NONE',  ( -114.1403301938991319, 92.87999999999999545, 8.558357344852263182 ) ) ;
#3653 = VERTEX_POINT ( 'NONE', #2732 ) ;
#3654 = EDGE_CURVE ( 'NONE', #2594, #1713, #183, .T. ) ;
#3655 =( BOUNDED_CURVE ( )  B_SPLINE_CURVE ( 3, ( #3389, #3954, #1814, #2077 ),
 .UNSPECIFIED., .F., .T. ) 
 B_SPLINE_CURVE_WITH_KNOTS ( ( 4, 4 ),
 ( 5.105781174585922066, 5.811030525341575270 ),
 .UNSPECIFIED. ) 
 CURVE ( )  GEOMETRIC_REPRESENTATION_ITEM ( )  RATIONAL_B_SPLINE_CURVE ( ( 1.000000000000000000, 0.9589796552120676276, 0.9589796552120676276, 1.000000000000000000 ) ) 
 REPRESENTATION_ITEM ( '' )  );
#3656 = CARTESIAN_POINT ( 'NONE',  ( -277.4549981302084802, 93.87999999999999545, 6.762558882512854197 ) ) ;
#3657 = DIRECTION ( 'NONE',  ( 0.000000000000000000, 1.000000000000000000, 0.000000000000000000 ) ) ;
#3658 = DIRECTION ( 'NONE',  ( 0.6755766284712281244, 0.000000000000000000, 0.7372897795734375537 ) ) ;
#3659 = EDGE_CURVE ( 'NONE', #286, #483, #300, .T. ) ;
#3660 = CARTESIAN_POINT ( 'NONE',  ( -255.0275276099420694, 88.87999999999998124, 7.279903762745472129 ) ) ;
#3661 = CARTESIAN_POINT ( 'NONE',  ( -259.4108628572977864, 93.47999999999998977, 7.026082581627302481 ) ) ;
#3662 = EDGE_LOOP ( 'NONE', ( #653, #1759, #232, #2109 ) ) ;
#3663 = EDGE_CURVE ( 'NONE', #3643, #27, #1110, .T. ) ;
#3664 = ADVANCED_FACE ( 'NONE', ( #1149 ), #2056, .F. ) ;
#3665 = ORIENTED_EDGE ( 'NONE', *, *, #1217, .T. ) ;
#3666 = ORIENTED_EDGE ( 'NONE', *, *, #624, .T. ) ;
#3667 = PLANE ( 'NONE',  #605 ) ;
#3668 = CARTESIAN_POINT ( 'NONE',  ( -108.7582395782411027, 93.47999999999998977, -114.4450334271763978 ) ) ;
#3669 = FACE_BOUND ( 'NONE', #2387, .T. ) ;
#3670 = ORIENTED_EDGE ( 'NONE', *, *, #246, .F. ) ;
#3671 = EDGE_CURVE ( 'NONE', #948, #1543, #3046, .T. ) ;
#3672 = CARTESIAN_POINT ( 'NONE',  ( -246.0930087101614845, 92.87999999999999545, 7.719654219035418485 ) ) ;
#3673 = CARTESIAN_POINT ( 'NONE',  ( -198.4327075881555231, 93.48000000000000398, 11.51359134017623020 ) ) ;
#3674 = CARTESIAN_POINT ( 'NONE',  ( -50.02817683524195758, 92.87999999999999545, -52.64406993357894038 ) ) ;
#3675 = DIRECTION ( 'NONE',  ( -0.7248872777926383959, 0.000000000000000000, 0.6888675014067497937 ) ) ;
#3676 = CARTESIAN_POINT ( 'NONE',  ( -300.0000000000000000, 93.87999999999999545, 0.000000000000000000 ) ) ;
#3677 = CARTESIAN_POINT ( 'NONE',  ( -187.8555102931843237, 92.87999999999999545, 17.45826335425561382 ) ) ;
#3678 = EDGE_CURVE ( 'NONE', #2499, #2824, #1211, .T. ) ;
#3679 = VERTEX_POINT ( 'NONE', #298 ) ;
#3680 = LINE ( 'NONE', #3986, #3048 ) ;
#3681 = CARTESIAN_POINT ( 'NONE',  ( -211.0565265721793935, 88.87999999999998124, 8.962763485681316311 ) ) ;
#3682 = VERTEX_POINT ( 'NONE', #580 ) ;
#3683 = EDGE_CURVE ( 'NONE', #3106, #2587, #562, .T. ) ;
#3684 = VECTOR ( 'NONE', #2800, 1000.000000000000000 ) ;
#3685 = VERTEX_POINT ( 'NONE', #2149 ) ;
#3686 = DIRECTION ( 'NONE',  ( -0.8137065930674870495, -0.000000000000000000, -0.5812758212746363951 ) ) ;
#3687 = LINE ( 'NONE', #848, #2435 ) ;
#3688 = DIRECTION ( 'NONE',  ( -0.000000000000000000, 1.000000000000000000, -0.000000000000000000 ) ) ;
#3689 = VERTEX_POINT ( 'NONE', #338 ) ;
#3690 = CARTESIAN_POINT ( 'NONE',  ( -231.2513789649348155, 93.47999999999998977, 13.74674283284761600 ) ) ;
#3691 = CARTESIAN_POINT ( 'NONE',  ( -195.6463559078458445, 93.48000000000000398, 20.27733546108196805 ) ) ;
#3692 = CARTESIAN_POINT ( 'NONE',  ( -154.5807832906197916, 88.87999999999998124, 26.32937649834314442 ) ) ;
#3693 = DIRECTION ( 'NONE',  ( 0.6888675014067540125, 0.000000000000000000, 0.7248872777926342881 ) ) ;
#3694 = EDGE_CURVE ( 'NONE', #3360, #3324, #736, .T. ) ;
#3695 = CARTESIAN_POINT ( 'NONE',  ( -290.3110310811928798, 88.87999999999998124, 3.099905874843265075 ) ) ;
#3696 = AXIS2_PLACEMENT_3D ( 'NONE', #1503, #1440, #4022 ) ;
#3697 = CARTESIAN_POINT ( 'NONE',  ( -300.0000000000000000, 93.87999999999999545, 0.000000000000000000 ) ) ;
#3698 = AXIS2_PLACEMENT_3D ( 'NONE', #771, #2906, #677 ) ;
#3699 = EDGE_LOOP ( 'NONE', ( #292, #2420, #829, #2188, #3169, #1160 ) ) ;
#3700 = ORIENTED_EDGE ( 'NONE', *, *, #3104, .F. ) ;
#3701 = LINE ( 'NONE', #825, #1802 ) ;
#3702 = LINE ( 'NONE', #1471, #696 ) ;
#3703 = B_SPLINE_CURVE_WITH_KNOTS ( 'NONE', 3,
 ( #3139, #2218, #647, #3176, #345 ),
 .UNSPECIFIED., .F., .F.,
 ( 4, 1, 4 ),
 ( 0.9201887431944877349, 0.9228821355830922890, 0.9229142185669250154 ),
 .UNSPECIFIED. ) ;
#3704 = CYLINDRICAL_SURFACE ( 'NONE', #3223, 0.6007478931679237633 ) ;
#3705 = VECTOR ( 'NONE', #3786, 999.9999999999998863 ) ;
#3706 = ORIENTED_EDGE ( 'NONE', *, *, #3609, .T. ) ;
#3707 = FACE_OUTER_BOUND ( 'NONE', #1925, .T. ) ;
#3708 = EDGE_LOOP ( 'NONE', ( #327, #1492, #217, #3308, #1167, #3088, #3570, #634, #2711, #2064, #2412, #1783, #2569, #3545, #3409, #2335, #3180, #132, #2522, #4063, #1693, #3496, #3501, #62, #3325, #2785, #101, #3789, #3070, #3598, #2691, #2945 ) ) ;
#3709 = CARTESIAN_POINT ( 'NONE',  ( -97.31973502765107753, 93.47999999999998977, -102.4084278262971566 ) ) ;
#3710 = CARTESIAN_POINT ( 'NONE',  ( -254.6226053384950774, 92.87999999999999545, 8.584301412233694251 ) ) ;
#3711 = VECTOR ( 'NONE', #2489, 1000.000000000000000 ) ;
#3712 = LINE ( 'NONE', #839, #2370 ) ;
#3713 = EDGE_CURVE ( 'NONE', #3406, #296, #3091, .T. ) ;
#3714 = VECTOR ( 'NONE', #1453, 1000.000000000000000 ) ;
#3715 = DIRECTION ( 'NONE',  ( 0.1609050596805300659, 0.000000000000000000, -0.9869698889881115544 ) ) ;
#3716 = CARTESIAN_POINT ( 'NONE',  ( -214.0218838902799519, 92.87999999999999545, 8.863162326893021969 ) ) ;
#3717 = AXIS2_PLACEMENT_3D ( 'NONE', #2171, #1895, #1252 ) ;
#3718 = EDGE_CURVE ( 'NONE', #85, #1286, #3053, .T. ) ;
#3719 = ORIENTED_EDGE ( 'NONE', *, *, #195, .T. ) ;
#3720 = CARTESIAN_POINT ( 'NONE',  ( -260.8576000460946602, 88.87999999999998124, 7.086686038695749090 ) ) ;
#3721 = DIRECTION ( 'NONE',  ( 0.000000000000000000, 0.000000000000000000, -1.000000000000000000 ) ) ;
#3722 = ORIENTED_EDGE ( 'NONE', *, *, #3557, .F. ) ;
#3723 = ORIENTED_EDGE ( 'NONE', *, *, #1238, .T. ) ;
#3724 = DIRECTION ( 'NONE',  ( -0.7348758801460677503, -0.000000000000000000, -0.6782016225132037057 ) ) ;
#3725 = EDGE_CURVE ( 'NONE', #380, #3679, #1598, .T. ) ;
#3726 = EDGE_LOOP ( 'NONE', ( #2664, #2827, #3067, #2140 ) ) ;
#3727 = B_SPLINE_CURVE_WITH_KNOTS ( 'NONE', 3,
 ( #659, #1851, #7, #299, #3189 ),
 .UNSPECIFIED., .F., .F.,
 ( 4, 1, 4 ),
 ( 0.1149940070109378015, 0.1162843833321218490, 0.1253476670933949544 ),
 .UNSPECIFIED. ) ;
#3728 = AXIS2_PLACEMENT_3D ( 'NONE', #2808, #2540, #1246 ) ;
#3729 = DIRECTION ( 'NONE',  ( 0.5217872676265177256, 0.000000000000000000, 0.8530756398719007150 ) ) ;
#3730 = VERTEX_POINT ( 'NONE', #1574 ) ;
#3731 = ORIENTED_EDGE ( 'NONE', *, *, #2329, .F. ) ;
#3732 = CIRCLE ( 'NONE', #428, 0.6010667131491793658 ) ;
#3733 = CARTESIAN_POINT ( 'NONE',  ( -265.5219321219681774, 93.87999999999999545, 2.837808823443983997 ) ) ;
#3734 = CARTESIAN_POINT ( 'NONE',  ( -116.6994142980007751, 88.87999999999998124, 8.683379740353986520 ) ) ;
#3735 = CARTESIAN_POINT ( 'NONE',  ( -194.9129271786084701, 92.87999999999999545, 9.302312362620199337 ) ) ;
#3736 = CARTESIAN_POINT ( 'NONE',  ( -248.2263911974834230, 93.47999999999998977, 10.06564403484785863 ) ) ;
#3737 = PLANE ( 'NONE',  #2846 ) ;
#3738 = ORIENTED_EDGE ( 'NONE', *, *, #1006, .T. ) ;
#3739 = DIRECTION ( 'NONE',  ( 0.000000000000000000, 0.000000000000000000, 1.000000000000000000 ) ) ;
#3740 = FACE_OUTER_BOUND ( 'NONE', #4017, .T. ) ;
#3741 = ORIENTED_EDGE ( 'NONE', *, *, #268, .F. ) ;
#3742 = VERTEX_POINT ( 'NONE', #3733 ) ;
#3743 = ORIENTED_EDGE ( 'NONE', *, *, #780, .F. ) ;
#3744 = LINE ( 'NONE', #1511, #3958 ) ;
#3745 = VERTEX_POINT ( 'NONE', #1870 ) ;
#3746 = FACE_OUTER_BOUND ( 'NONE', #3126, .T. ) ;
#3747 = EDGE_CURVE ( 'NONE', #1581, #1956, #3450, .T. ) ;
#3748 = ORIENTED_EDGE ( 'NONE', *, *, #3718, .T. ) ;
#3749 = CARTESIAN_POINT ( 'NONE',  ( -132.7570495598771174, 93.87999999999999545, 9.255214942794435018 ) ) ;
#3750 = VECTOR ( 'NONE', #1118, 1000.000000000000000 ) ;
#3751 = CARTESIAN_POINT ( 'NONE',  ( -171.1374583195218690, 88.87999999999998124, 9.645899208250039436 ) ) ;
#3752 = DIRECTION ( 'NONE',  ( -0.7248872777926389510, 0.000000000000000000, 0.6888675014067492386 ) ) ;
#3753 = CARTESIAN_POINT ( 'NONE',  ( -297.6853304519437984, 88.87999999999998124, 0.07763497804495636534 ) ) ;
#3754 = EDGE_CURVE ( 'NONE', #2738, #906, #3128, .T. ) ;
#3755 = LINE ( 'NONE', #3136, #227 ) ;
#3756 = ORIENTED_EDGE ( 'NONE', *, *, #16, .T. ) ;
#3757 = EDGE_LOOP ( 'NONE', ( #3594, #3670, #932, #3976 ) ) ;
#3758 = DIRECTION ( 'NONE',  ( -0.000000000000000000, 1.000000000000000000, -0.000000000000000000 ) ) ;
#3759 = DIRECTION ( 'NONE',  ( -0.000000000000000000, -1.000000000000000000, -0.000000000000000000 ) ) ;
#3760 = CARTESIAN_POINT ( 'NONE',  ( -248.4092376083339389, 4.999999999999990230, -62.58141432606363708 ) ) ;
#3761 = CARTESIAN_POINT ( 'NONE',  ( -187.8555102931843237, 92.87999999999999545, 17.45826335425561382 ) ) ;
#3762 = VECTOR ( 'NONE', #3974, 1000.000000000000000 ) ;
#3763 = EDGE_LOOP ( 'NONE', ( #3700, #1672, #1366, #1941 ) ) ;
#3764 = CARTESIAN_POINT ( 'NONE',  ( -252.0785529140159724, 93.47999999999998977, 7.428040944472593665 ) ) ;
#3765 = ORIENTED_EDGE ( 'NONE', *, *, #567, .T. ) ;
#3766 = LINE ( 'NONE', #578, #2714 ) ;
#3767 = EDGE_CURVE ( 'NONE', #618, #3616, #3170, .T. ) ;
#3768 = ORIENTED_EDGE ( 'NONE', *, *, #2303, .T. ) ;
#3769 = B_SPLINE_CURVE_WITH_KNOTS ( 'NONE', 3,
 ( #982, #2550, #687, #1625, #2861, #1298, #3159 ),
 .UNSPECIFIED., .F., .F.,
 ( 4, 1, 1, 1, 4 ),
 ( 0.1730835121501674290, 0.1743140018632464150, 0.1839856049517671899, 0.1888214064960275773, 0.1936572080402879370 ),
 .UNSPECIFIED. ) ;
#3770 = ORIENTED_EDGE ( 'NONE', *, *, #2575, .T. ) ;
#3771 = CARTESIAN_POINT ( 'NONE',  ( -82.83959400944358720, 92.87999999999999545, 78.72328000652272806 ) ) ;
#3772 = CARTESIAN_POINT ( 'NONE',  ( -96.72838245694208581, 88.87999999999998124, 24.69208237058674626 ) ) ;
#3773 = DIRECTION ( 'NONE',  ( -0.6888675014067467961, 0.000000000000000000, -0.7248872777926410604 ) ) ;
#3774 = CARTESIAN_POINT ( 'NONE',  ( -111.7890298152394166, 92.87999999999999545, 11.46489243595243046 ) ) ;
#3775 = DIRECTION ( 'NONE',  ( 0.000000000000000000, 0.000000000000000000, 1.000000000000000000 ) ) ;
#3776 = AXIS2_PLACEMENT_3D ( 'NONE', #2530, #1002, #2860 ) ;
#3777 = COLOUR_RGB ( '',0.7921568627450980005, 0.8196078431372548767, 0.9333333333333333481 ) ;
#3778 = ORIENTED_EDGE ( 'NONE', *, *, #125, .T. ) ;
#3779 = EDGE_CURVE ( 'NONE', #2091, #1383, #2828, .T. ) ;
#3780 = VECTOR ( 'NONE', #3657, 1000.000000000000000 ) ;
#3781 = EDGE_LOOP ( 'NONE', ( #1919, #3301, #3666, #1057 ) ) ;
#3782 = VERTEX_POINT ( 'NONE', #3749 ) ;
#3783 = CARTESIAN_POINT ( 'NONE',  ( -264.1907845933577050, 93.87999999999999545, -17.38774865900553124 ) ) ;
#3784 = VECTOR ( 'NONE', #4004, 1000.000000000000114 ) ;
#3785 = DIRECTION ( 'NONE',  ( -0.7248872777926363975, 0.000000000000000000, 0.6888675014067519031 ) ) ;
#3786 = DIRECTION ( 'NONE',  ( 0.2442954651670563027, 0.000000000000000000, -0.9697008434041973768 ) ) ;
#3787 = DIRECTION ( 'NONE',  ( 0.9978411957034359903, 0.000000000000000000, 0.06567303980429953225 ) ) ;
#3788 = EDGE_CURVE ( 'NONE', #3001, #3901, #6, .T. ) ;
#3789 = ORIENTED_EDGE ( 'NONE', *, *, #2143, .T. ) ;
#3790 = LINE ( 'NONE', #949, #1515 ) ;
#3791 = ORIENTED_EDGE ( 'NONE', *, *, #2043, .T. ) ;
#3792 = EDGE_CURVE ( 'NONE', #3096, #1545, #620, .T. ) ;
#3793 = PLANE ( 'NONE',  #3116 ) ;
#3794 = EDGE_LOOP ( 'NONE', ( #827, #3803, #3509, #1966 ) ) ;
#3795 = CARTESIAN_POINT ( 'NONE',  ( -267.1688184859922330, 93.87999999999999545, 8.607714735570466402 ) ) ;
#3796 = DIRECTION ( 'NONE',  ( -0.6888675014067556779, -0.000000000000000000, -0.7248872777926326227 ) ) ;
#3797 = EDGE_CURVE ( 'NONE', #3283, #44, #912, .T. ) ;
#3798 = FACE_OUTER_BOUND ( 'NONE', #4082, .T. ) ;
#3799 = ADVANCED_FACE ( 'NONE', ( #3410 ), #3233, .F. ) ;
#3800 = CARTESIAN_POINT ( 'NONE',  ( -80.42685347601847923, 92.87999999999999545, -84.63224460233963953 ) ) ;
#3801 = VECTOR ( 'NONE', #72, 1000.000000000000000 ) ;
#3802 = EDGE_CURVE ( 'NONE', #2738, #2901, #1761, .T. ) ;
#3803 = ORIENTED_EDGE ( 'NONE', *, *, #50, .T. ) ;
#3804 = CARTESIAN_POINT ( 'NONE',  ( -148.5690912469584077, 92.87999999999999545, 9.556892805854815265 ) ) ;
#3805 = DIRECTION ( 'NONE',  ( 0.6888675014067495717, 0.000000000000000000, 0.7248872777926386179 ) ) ;
#3806 = CARTESIAN_POINT ( 'NONE',  ( -112.7508309264629105, 88.87999999999998124, 7.689384925052574538 ) ) ;
#3807 = CARTESIAN_POINT ( 'NONE',  ( -113.5285485838877833, 93.88000000000000966, 8.528672068350594770 ) ) ;
#3808 = CARTESIAN_POINT ( 'NONE',  ( -265.5219321219681774, 93.87999999999999545, 2.837808823443983997 ) ) ;
#3809 = EDGE_CURVE ( 'NONE', #133, #3390, #3323, .T. ) ;
#3810 =( BOUNDED_SURFACE ( )  B_SPLINE_SURFACE ( 3, 1, ( 
 ( #2009, #2951 ),
 ( #2903, #84 ),
 ( #746, #3533 ),
 ( #676, #46 ) ),
 .UNSPECIFIED., .F., .F., .T. ) 
 B_SPLINE_SURFACE_WITH_KNOTS ( ( 4, 4 ),
 ( 2, 2 ),
 ( 0.000000000000000000, 1.000000000000000000 ),
 ( 0.000000000000000000, 1.000000000000000000 ),
 .UNSPECIFIED. ) 
 GEOMETRIC_REPRESENTATION_ITEM ( )  RATIONAL_B_SPLINE_SURFACE ( (
 ( 1.000000000000000000, 1.000000000000000000),
 ( 0.6012046472235403893, 0.6012046472235403893),
 ( 0.6012046472235403893, 0.6012046472235403893),
 ( 1.000000000000000000, 1.000000000000000000) ) ) 
 REPRESENTATION_ITEM ( '' )  SURFACE ( )  );
#3811 = CARTESIAN_POINT ( 'NONE',  ( -245.4693082736719134, 92.87999999999999545, 8.268023086486969930 ) ) ;
#3812 = EDGE_LOOP ( 'NONE', ( #866, #2436, #868, #1815, #3175, #1275, #2442, #1990, #170, #2969, #3298, #3827 ) ) ;
#3813 = CARTESIAN_POINT ( 'NONE',  ( -164.9945637137987831, 92.87999999999999545, 9.631325334794965443 ) ) ;
#3814 = LINE ( 'NONE', #2787, #2657 ) ;
#3815 = DIRECTION ( 'NONE',  ( 0.000000000000000000, 1.000000000000000000, -0.000000000000000000 ) ) ;
#3816 = CARTESIAN_POINT ( 'NONE',  ( -260.7875091711144933, 93.48000000000000398, 7.103832979000726411 ) ) ;
#3817 = EDGE_CURVE ( 'NONE', #2921, #1589, #3013, .T. ) ;
#3818 = ORIENTED_EDGE ( 'NONE', *, *, #1495, .F. ) ;
#3819 = ORIENTED_EDGE ( 'NONE', *, *, #3725, .T. ) ;
#3820 = CARTESIAN_POINT ( 'NONE',  ( -149.7021053808015552, 92.87999999999999545, 9.569462738255433365 ) ) ;
#3821 = CARTESIAN_POINT ( 'NONE',  ( -117.0799586928293792, 92.87999999999999545, 111.2622349437988589 ) ) ;
#3822 = CARTESIAN_POINT ( 'NONE',  ( -87.84855366176002178, 92.87999999999999545, -92.44201358294745319 ) ) ;
#3823 = CARTESIAN_POINT ( 'NONE',  ( -255.0873318177361284, 93.47999999999998977, 7.269166106228228230 ) ) ;
#3824 = VECTOR ( 'NONE', #2705, 1000.000000000000000 ) ;
#3825 = CARTESIAN_POINT ( 'NONE',  ( -266.5886069376114733, 93.87999999999999545, 9.579359346406523201 ) ) ;
#3826 = VECTOR ( 'NONE', #1659, 1000.000000000000000 ) ;
#3827 = ORIENTED_EDGE ( 'NONE', *, *, #2065, .T. ) ;
#3828 = CARTESIAN_POINT ( 'NONE',  ( -237.8803495755753659, 93.87999999999999545, 13.20663139703280642 ) ) ;
#3829 = FACE_OUTER_BOUND ( 'NONE', #1345, .T. ) ;
#3830 = EDGE_CURVE ( 'NONE', #483, #2721, #1740, .T. ) ;
#3831 = CARTESIAN_POINT ( 'NONE',  ( -249.5323828144506138, 93.47999999999998977, 9.767544436101852412 ) ) ;
#3832 = CARTESIAN_POINT ( 'NONE',  ( -274.1238790097635842, 93.87999999999999545, 2.239275516228214524 ) ) ;
#3833 = EDGE_CURVE ( 'NONE', #1009, #2509, #3702, .T. ) ;
#3834 = LINE ( 'NONE', #2255, #1287 ) ;
#3835 = DIRECTION ( 'NONE',  ( -0.06567303980416458464, 0.000000000000000000, 0.9978411957034448720 ) ) ;
#3836 = FACE_OUTER_BOUND ( 'NONE', #1116, .T. ) ;
#3837 = PLANE ( 'NONE',  #4032 ) ;
#3838 = EDGE_CURVE ( 'NONE', #1956, #1311, #1491, .T. ) ;
#3839 = VERTEX_POINT ( 'NONE', #2700 ) ;
#3840 = VECTOR ( 'NONE', #2187, 1000.000000000000000 ) ;
#3841 = CARTESIAN_POINT ( 'NONE',  ( -295.2960495103523613, 88.87999999999998124, 0.3249056940546717342 ) ) ;
#3842 = EDGE_LOOP ( 'NONE', ( #1950, #4076, #3307, #3302 ) ) ;
#3843 = CARTESIAN_POINT ( 'NONE',  ( -112.7508309264629105, 93.87999999999999545, 7.689384925052574538 ) ) ;
#3844 = ORIENTED_EDGE ( 'NONE', *, *, #1630, .T. ) ;
#3845 = ORIENTED_EDGE ( 'NONE', *, *, #3101, .T. ) ;
#3846 = CARTESIAN_POINT ( 'NONE',  ( -141.1614346981550625, 93.87999999999999545, 27.35412429335869788 ) ) ;
#3847 = DIRECTION ( 'NONE',  ( 0.000000000000000000, 0.000000000000000000, -1.000000000000000000 ) ) ;
#3848 = ORIENTED_EDGE ( 'NONE', *, *, #1463, .F. ) ;
#3849 = ORIENTED_EDGE ( 'NONE', *, *, #4083, .F. ) ;
#3850 = CARTESIAN_POINT ( 'NONE',  ( -124.3479217970621278, 92.87999999999999545, 118.1690516824992869 ) ) ;
#3851 = CARTESIAN_POINT ( 'NONE',  ( -265.5219321234397398, 88.87999999999998124, 2.837808823347126808 ) ) ;
#3852 = PLANE ( 'NONE',  #3373 ) ;
#3853 = CARTESIAN_POINT ( 'NONE',  ( -32.84410089086564000, 92.87999999999999545, -82.24809755320639226 ) ) ;
#3854 = CARTESIAN_POINT ( 'NONE',  ( -164.3751559483991969, 93.87999999999999545, -0.3085594543071153439 ) ) ;
#3855 = CARTESIAN_POINT ( 'NONE',  ( -148.8736908028978974, 93.87999999999999545, 1.598898269525319327 ) ) ;
#3856 = VECTOR ( 'NONE', #1043, 1000.000000000000000 ) ;
#3857 = DIRECTION ( 'NONE',  ( -0.000000000000000000, 1.000000000000000000, -0.000000000000000000 ) ) ;
#3858 = CARTESIAN_POINT ( 'NONE',  ( -164.3938168790713235, 92.87999999999999545, 9.632453036328874063 ) ) ;
#3859 = ORIENTED_EDGE ( 'NONE', *, *, #2246, .F. ) ;
#3860 = B_SPLINE_CURVE_WITH_KNOTS ( 'NONE', 3,
 ( #1469, #3400, #2413, #1624 ),
 .UNSPECIFIED., .F., .F.,
 ( 4, 4 ),
 ( 0.08397392713961392141, 0.08511555471015663787 ),
 .UNSPECIFIED. ) ;
#3861 = EDGE_CURVE ( 'NONE', #3202, #2655, #3969, .T. ) ;
#3862 = CARTESIAN_POINT ( 'NONE',  ( -265.3338636067466041, 88.87999999999998124, 6.801727551362758639 ) ) ;
#3863 = ORIENTED_EDGE ( 'NONE', *, *, #2754, .F. ) ;
#3864 = ADVANCED_FACE ( 'NONE', ( #2720 ), #1139, .F. ) ;
#3865 = EDGE_LOOP ( 'NONE', ( #3429, #616, #1387, #1457 ) ) ;
#3866 = CARTESIAN_POINT ( 'NONE',  ( -173.4395179607336104, 93.87999999999999545, 8.866531246998681226 ) ) ;
#3867 = ORIENTED_EDGE ( 'NONE', *, *, #1309, .F. ) ;
#3868 = CARTESIAN_POINT ( 'NONE',  ( -132.8079613817489815, 93.88000000000029388, 8.488640521341494605 ) ) ;
#3869 = B_SPLINE_CURVE_WITH_KNOTS ( 'NONE', 3,
 ( #2556, #3870, #1034, #2882, #1656, #1011, #694, #3911, #65, #394 ),
 .UNSPECIFIED., .F., .F.,
 ( 4, 1, 1, 1, 1, 1, 1, 4 ),
 ( 0.04410003439934884195, 0.04432521835872276633, 0.04858316171247652193, 0.05825476480099728294, 0.06792636788951804394, 0.07759797097803880495, 0.09694117715508032695, 0.1095003286792484432 ),
 .UNSPECIFIED. ) ;
#3870 = CARTESIAN_POINT ( 'NONE',  ( -260.7875091709693720, 88.87999999999998124, 7.103832979036211803 ) ) ;
#3871 = ORIENTED_EDGE ( 'NONE', *, *, #3678, .F. ) ;
#3872 = CARTESIAN_POINT ( 'NONE',  ( -300.0000000000000000, 88.87999999999998124, 0.000000000000000000 ) ) ;
#3873 = DIRECTION ( 'NONE',  ( 0.000000000000000000, 1.000000000000000000, 0.000000000000000000 ) ) ;
#3874 = CARTESIAN_POINT ( 'NONE',  ( -128.1061509150808320, 88.87999999999998124, 27.97564465478143347 ) ) ;
#3875 = CARTESIAN_POINT ( 'NONE',  ( -133.9566291355090470, 92.87999999999999545, 9.286974893465034242 ) ) ;
#3876 = VERTEX_POINT ( 'NONE', #2393 ) ;
#3877 = CARTESIAN_POINT ( 'NONE',  ( 0.000000000000000000, 93.47999999999998977, 0.000000000000000000 ) ) ;
#3878 = DIRECTION ( 'NONE',  ( 0.000000000000000000, 1.000000000000000000, 0.000000000000000000 ) ) ;
#3879 = CARTESIAN_POINT ( 'NONE',  ( -111.7890298152394166, 93.87999999999999545, 11.46489243595242691 ) ) ;
#3880 = ORIENTED_EDGE ( 'NONE', *, *, #439, .F. ) ;
#3881 = PLANE ( 'NONE',  #1595 ) ;
#3882 = EDGE_LOOP ( 'NONE', ( #3778, #775, #1163, #2254 ) ) ;
#3883 = CARTESIAN_POINT ( 'NONE',  ( -123.7680119748291787, 93.47999999999998977, 117.6179576813737810 ) ) ;
#3884 = AXIS2_PLACEMENT_3D ( 'NONE', #3123, #1831, #2400 ) ;
#3885 = VERTEX_POINT ( 'NONE', #3341 ) ;
#3886 = VERTEX_POINT ( 'NONE', #2045 ) ;
#3887 = CARTESIAN_POINT ( 'NONE',  ( -154.5807832906197916, 93.87999999999999545, 26.32937649834314442 ) ) ;
#3888 = CARTESIAN_POINT ( 'NONE',  ( 0.5936727027209565133, 88.87999999999998124, 22.07472482841616923 ) ) ;
#3889 = CARTESIAN_POINT ( 'NONE',  ( -195.6463559078458445, 93.48000000000000398, 20.27733546108196094 ) ) ;
#3890 = EDGE_LOOP ( 'NONE', ( #1970, #1429, #2025 ) ) ;
#3891 = AXIS2_PLACEMENT_3D ( 'NONE', #87, #66, #3269 ) ;
#3892 = ADVANCED_FACE ( 'NONE', ( #236 ), #1355, .F. ) ;
#3893 = CARTESIAN_POINT ( 'NONE',  ( -287.8070055318488016, 88.87999999999998124, 3.847726477039160375 ) ) ;
#3894 = CARTESIAN_POINT ( 'NONE',  ( -225.0224362187566953, 88.87999999999998124, 15.05154234427599036 ) ) ;
#3895 = CARTESIAN_POINT ( 'NONE',  ( -196.2236163048101787, 88.87999999999998124, 21.18604354544763169 ) ) ;
#3896 = LINE ( 'NONE', #1113, #1247 ) ;
#3897 = LINE ( 'NONE', #1395, #3780 ) ;
#3898 = DIRECTION ( 'NONE',  ( -0.000000000000000000, 1.000000000000000000, -0.000000000000000000 ) ) ;
#3899 = DIRECTION ( 'NONE',  ( 0.000000000000000000, 1.000000000000000000, 0.000000000000000000 ) ) ;
#3900 = B_SPLINE_SURFACE_WITH_KNOTS ( 'NONE', 3, 1, ( 
 ( #840, #2103 ),
 ( #3052, #1176 ),
 ( #2428, #548 ),
 ( #2085, #3338 ),
 ( #2715, #881 ),
 ( #1465, #231 ),
 ( #1820, #3077 ),
 ( #248, #1504 ),
 ( #2753, #4024 ) ),
 .UNSPECIFIED., .F., .F., .F.,
 ( 4, 1, 1, 1, 1, 1, 4 ),
 ( 2, 2 ),
 ( 0.000000000000000000, 0.005938148231582895953, 0.01187629646316568088, 0.02375259292633147279, 0.03562888938949715367, 0.04156703762108004963, 0.04750518585266283456 ),
 ( 0.000000000000000000, 1.000000000000000000 ),
 .UNSPECIFIED. ) ;
#3901 = VERTEX_POINT ( 'NONE', #2654 ) ;
#3902 = CARTESIAN_POINT ( 'NONE',  ( -177.9340017912533369, 92.87999999999999545, -1.886658415423741575 ) ) ;
#3903 = AXIS2_PLACEMENT_3D ( 'NONE', #2699, #3098, #3739 ) ;
#3904 = ORIENTED_EDGE ( 'NONE', *, *, #712, .T. ) ;
#3905 = VECTOR ( 'NONE', #427, 1000.000000000000114 ) ;
#3906 = LINE ( 'NONE', #369, #1329 ) ;
#3907 = ORIENTED_EDGE ( 'NONE', *, *, #1291, .T. ) ;
#3908 = VERTEX_POINT ( 'NONE', #2347 ) ;
#3909 = CARTESIAN_POINT ( 'NONE',  ( -115.5180971449222653, 93.88000000000029388, 7.824897445543450125 ) ) ;
#3910 = CARTESIAN_POINT ( 'NONE',  ( -149.9729130415774137, 92.87999999999999545, 10.94940432798125052 ) ) ;
#3911 = CARTESIAN_POINT ( 'NONE',  ( -210.8832346672963638, 88.87999999999998124, 17.74767239861379053 ) ) ;
#3912 = VECTOR ( 'NONE', #544, 1000.000000000000000 ) ;
#3913 = VERTEX_POINT ( 'NONE', #3613 ) ;
#3914 = ORIENTED_EDGE ( 'NONE', *, *, #3960, .T. ) ;
#3915 = CARTESIAN_POINT ( 'NONE',  ( -164.2408507512882636, 93.87999999999999545, 24.50836570411208726 ) ) ;
#3916 = CARTESIAN_POINT ( 'NONE',  ( -178.7962997729573260, 93.87999999999999545, 22.74732555274113821 ) ) ;
#3917 = CARTESIAN_POINT ( 'NONE',  ( -253.5796452974664135, 92.87999999999999545, 8.346190340468108815 ) ) ;
#3918 = EDGE_CURVE ( 'NONE', #3490, #3913, #784, .T. ) ;
#3919 = CARTESIAN_POINT ( 'NONE',  ( -275.1101811045251111, 88.87999999999998124, 6.552289714361143602 ) ) ;
#3920 = DIRECTION ( 'NONE',  ( -0.01073934591758078823, -0.000000000000000000, -0.9999423315618068964 ) ) ;
#3921 = CARTESIAN_POINT ( 'NONE',  ( -292.2377533026756282, 93.87999999999999545, 1.650914772663081065 ) ) ;
#3922 = EDGE_CURVE ( 'NONE', #3839, #3425, #2678, .T. ) ;
#3923 = CARTESIAN_POINT ( 'NONE',  ( -149.8118213194345003, 92.87999999999999545, 25.94868207460713805 ) ) ;
#3924 = DIRECTION ( 'NONE',  ( -0.000000000000000000, 1.000000000000000000, -0.000000000000000000 ) ) ;
#3925 = EDGE_LOOP ( 'NONE', ( #1218, #2636, #2023, #3640 ) ) ;
#3926 = ADVANCED_FACE ( 'NONE', ( #2374 ), #102, .F. ) ;
#3927 = ORIENTED_EDGE ( 'NONE', *, *, #2329, .T. ) ;
#3928 = ORIENTED_EDGE ( 'NONE', *, *, #1603, .F. ) ;
#3929 = DIRECTION ( 'NONE',  ( -0.000000000000000000, 1.000000000000000000, -0.000000000000000000 ) ) ;
#3930 = CARTESIAN_POINT ( 'NONE',  ( -214.3987121032657228, 93.47999999999998977, 8.852874277016555382 ) ) ;
#3931 = DIRECTION ( 'NONE',  ( -0.7248872777926399502, 0.000000000000000000, 0.6888675014067480173 ) ) ;
#3932 = ORIENTED_EDGE ( 'NONE', *, *, #2084, .T. ) ;
#3933 = CIRCLE ( 'NONE', #2536, 0.5999999999999946487 ) ;
#3934 = ORIENTED_EDGE ( 'NONE', *, *, #1830, .T. ) ;
#3935 = DIRECTION ( 'NONE',  ( 0.000000000000000000, 1.000000000000000000, 0.000000000000000000 ) ) ;
#3936 = LINE ( 'NONE', #136, #93 ) ;
#3937 = CARTESIAN_POINT ( 'NONE',  ( -119.0667696627180590, 88.87999999999998124, 28.12804715761673435 ) ) ;
#3938 = CARTESIAN_POINT ( 'NONE',  ( -87.29745966063431695, 92.87999999999999545, -91.86210376071331041 ) ) ;
#3939 = ORIENTED_EDGE ( 'NONE', *, *, #3335, .T. ) ;
#3940 =( BOUNDED_CURVE ( )  B_SPLINE_CURVE ( 3, ( #2003, #433, #172, #2346 ),
 .UNSPECIFIED., .F., .F. ) 
 B_SPLINE_CURVE_WITH_KNOTS ( ( 4, 4 ),
 ( 1.177404132593664166, 2.569620353406169677 ),
 .UNSPECIFIED. ) 
 CURVE ( )  GEOMETRIC_REPRESENTATION_ITEM ( )  RATIONAL_B_SPLINE_CURVE ( ( 1.000000000000000000, 0.8448957417452553909, 0.8448957417452553909, 1.000000000000000000 ) ) 
 REPRESENTATION_ITEM ( '' )  );
#3941 = CARTESIAN_POINT ( 'NONE',  ( -204.6388647468730255, 92.88000000000000966, 18.78733895819113542 ) ) ;
#3942 = CARTESIAN_POINT ( 'NONE',  ( -114.4461369841751406, 93.87999999999999545, 8.572950441632396945 ) ) ;
#3943 = CARTESIAN_POINT ( 'NONE',  ( -275.1101811045251111, 93.87999999999999545, 6.552289714361143602 ) ) ;
#3944 = CARTESIAN_POINT ( 'NONE',  ( -150.2687402496501363, 93.87999999999999545, 9.575102033794831158 ) ) ;
#3945 =( GEOMETRIC_REPRESENTATION_CONTEXT ( 3 ) GLOBAL_UNCERTAINTY_ASSIGNED_CONTEXT ( ( #2932 ) ) GLOBAL_UNIT_ASSIGNED_CONTEXT ( ( #3544, #384, #732 ) ) REPRESENTATION_CONTEXT ( 'NONE', 'WORKASPACE' ) );
#3946 = LINE ( 'NONE', #1671, #662 ) ;
#3947 = CARTESIAN_POINT ( 'NONE',  ( -300.0000000000000000, 93.87999999999999545, 0.000000000000000000 ) ) ;
#3948 = ORIENTED_EDGE ( 'NONE', *, *, #3479, .T. ) ;
#3949 = ORIENTED_EDGE ( 'NONE', *, *, #2191, .F. ) ;
#3950 = DIRECTION ( 'NONE',  ( -0.000000000000000000, 1.000000000000000000, -0.000000000000000000 ) ) ;
#3951 = CARTESIAN_POINT ( 'NONE',  ( -256.7794921470462555, 93.47999999999998977, 7.175935369810898301 ) ) ;
#3952 = FACE_BOUND ( 'NONE', #3662, .T. ) ;
#3953 = EDGE_LOOP ( 'NONE', ( #1670, #3468, #1792, #689, #638, #3466 ) ) ;
#3954 = CARTESIAN_POINT ( 'NONE',  ( -196.3833157930110929, 92.87999999999998124, 10.97703526946452079 ) ) ;
#3955 = DIRECTION ( 'NONE',  ( -0.01073934591758078823, -0.000000000000000000, -0.9999423315618068964 ) ) ;
#3956 = CARTESIAN_POINT ( 'NONE',  ( -248.7225026532515244, 92.87999999999999545, 9.434087006954596788 ) ) ;
#3957 = PLANE ( 'NONE',  #1089 ) ;
#3958 = VECTOR ( 'NONE', #521, 1000.000000000000000 ) ;
#3959 = EDGE_LOOP ( 'NONE', ( #317, #738, #614, #2741 ) ) ;
#3960 = EDGE_CURVE ( 'NONE', #1636, #1555, #2474, .T. ) ;
#3961 = CARTESIAN_POINT ( 'NONE',  ( -274.7847390683606363, 93.87999999999999545, 7.475225214956192410 ) ) ;
#3962 = PLANE ( 'NONE',  #3051 ) ;
#3963 = CARTESIAN_POINT ( 'NONE',  ( -130.8533786264969194, 88.87999999999998124, 27.04426762654682648 ) ) ;
#3964 = ADVANCED_FACE ( 'NONE', ( #2158 ), #886, .T. ) ;
#3965 = ORIENTED_EDGE ( 'NONE', *, *, #2848, .F. ) ;
#3966 = B_SPLINE_CURVE_WITH_KNOTS ( 'NONE', 3,
 ( #3944, #2368, #3276, #1669, #2917 ),
 .UNSPECIFIED., .F., .F.,
 ( 4, 1, 4 ),
 ( 0.7587236421685330523, 0.7612274788411783621, 0.7801898760548088285 ),
 .UNSPECIFIED. ) ;
#3967 = CARTESIAN_POINT ( 'NONE',  ( -175.0992433268711181, 93.87999999999999545, 23.23703682229184153 ) ) ;
#3968 = EDGE_CURVE ( 'NONE', #3485, #2331, #650, .T. ) ;
#3969 = LINE ( 'NONE', #2089, #2605 ) ;
#3970 = ORIENTED_EDGE ( 'NONE', *, *, #3455, .F. ) ;
#3971 = ORIENTED_EDGE ( 'NONE', *, *, #1603, .T. ) ;
#3972 = VECTOR ( 'NONE', #4008, 1000.000000000000000 ) ;
#3973 = DIRECTION ( 'NONE',  ( 0.000000000000000000, 1.000000000000000000, 0.000000000000000000 ) ) ;
#3974 = DIRECTION ( 'NONE',  ( 0.000000000000000000, 1.000000000000000000, 0.000000000000000000 ) ) ;
#3975 = FACE_BOUND ( 'NONE', #1098, .T. ) ;
#3976 = ORIENTED_EDGE ( 'NONE', *, *, #2745, .T. ) ;
#3977 = CARTESIAN_POINT ( 'NONE',  ( -248.4092376083339389, 93.87999999999999545, -62.58141432606363708 ) ) ;
#3978 = CARTESIAN_POINT ( 'NONE',  ( -124.3479217970621278, 93.47999999999998977, 118.1690516824992869 ) ) ;
#3979 = VECTOR ( 'NONE', #3973, 1000.000000000000000 ) ;
#3980 = CARTESIAN_POINT ( 'NONE',  ( -164.2408507514659277, 92.87999999999999545, 24.50836570409288484 ) ) ;
#3981 = CARTESIAN_POINT ( 'NONE',  ( -114.4461369841751406, 92.87999999999999545, 8.572950441632396945 ) ) ;
#3982 = EDGE_LOOP ( 'NONE', ( #1317, #3086, #1375 ) ) ;
#3983 = CARTESIAN_POINT ( 'NONE',  ( -292.7816016976615288, 88.87999999999998124, 2.342604849855900007 ) ) ;
#3984 = LINE ( 'NONE', #1216, #3784 ) ;
#3985 = ORIENTED_EDGE ( 'NONE', *, *, #3671, .T. ) ;
#3986 = CARTESIAN_POINT ( 'NONE',  ( -214.3987121032657228, 92.87999999999999545, 8.852874277016555382 ) ) ;
#3987 = CARTESIAN_POINT ( 'NONE',  ( -238.2652901195024242, 93.47999999999998977, 8.067388918634714301 ) ) ;
#3988 = ORIENTED_EDGE ( 'NONE', *, *, #2012, .T. ) ;
#3989 = AXIS2_PLACEMENT_3D ( 'NONE', #3291, #2272, #1683 ) ;
#3990 = ORIENTED_EDGE ( 'NONE', *, *, #1972, .T. ) ;
#3991 = EDGE_CURVE ( 'NONE', #3886, #3001, #1905, .T. ) ;
#3992 = EDGE_CURVE ( 'NONE', #1829, #3195, #2513, .T. ) ;
#3993 = ORIENTED_EDGE ( 'NONE', *, *, #712, .F. ) ;
#3994 = CARTESIAN_POINT ( 'NONE',  ( -211.4159398749400509, 93.47999999999997556, 17.60559082904876504 ) ) ;
#3995 = CARTESIAN_POINT ( 'NONE',  ( -164.9945637137987831, 92.87999999999999545, 9.631325334794965443 ) ) ;
#3996 = LINE ( 'NONE', #1105, #249 ) ;
#3997 = VECTOR ( 'NONE', #3478, 1000.000000000000227 ) ;
#3998 = ORIENTED_EDGE ( 'NONE', *, *, #2373, .T. ) ;
#3999 = DIRECTION ( 'NONE',  ( -0.001877162694597761397, 0.000000000000000000, 0.9999982381285568156 ) ) ;
#4000 = DIRECTION ( 'NONE',  ( -0.6888675014067514590, 0.000000000000000000, -0.7248872777926367306 ) ) ;
#4001 = LINE ( 'NONE', #3651, #1604 ) ;
#4002 = CARTESIAN_POINT ( 'NONE',  ( -264.9890575499149463, 88.87999999999998124, -17.44028709088449247 ) ) ;
#4003 = CARTESIAN_POINT ( 'NONE',  ( -178.3956997761454772, 92.87999999999999545, 9.546714804259979203 ) ) ;
#4004 = DIRECTION ( 'NONE',  ( -0.7248872777926386179, 0.000000000000000000, 0.6888675014067495717 ) ) ;
#4005 = ORIENTED_EDGE ( 'NONE', *, *, #1688, .F. ) ;
#4006 = B_SPLINE_CURVE_WITH_KNOTS ( 'NONE', 13,
 ( #3808, #968, #2224, #3486, #654, #1926, #1976, #1091, #1350, #3293, #447, #2671, #2341, #3539 ),
 .UNSPECIFIED., .F., .F.,
 ( 14, 14 ),
 ( 0.9375780134687023981, 1.000000000000000000 ),
 .UNSPECIFIED. ) ;
#4007 = EDGE_LOOP ( 'NONE', ( #3381, #812, #2408, #3907 ) ) ;
#4008 = DIRECTION ( 'NONE',  ( -0.8376768486538581637, 0.000000000000000000, 0.5461661809644947629 ) ) ;
#4009 = DIRECTION ( 'NONE',  ( 0.000000000000000000, 1.000000000000000000, 0.000000000000000000 ) ) ;
#4010 = ORIENTED_EDGE ( 'NONE', *, *, #3767, .T. ) ;
#4011 = VECTOR ( 'NONE', #4009, 1000.000000000000000 ) ;
#4012 = ORIENTED_EDGE ( 'NONE', *, *, #2666, .T. ) ;
#4013 = DIRECTION ( 'NONE',  ( 0.000000000000000000, 1.000000000000000000, 0.000000000000000000 ) ) ;
#4014 = VERTEX_POINT ( 'NONE', #2838 ) ;
#4015 = EDGE_CURVE ( 'NONE', #553, #1497, #1528, .T. ) ;
#4016 = LINE ( 'NONE', #1410, #1520 ) ;
#4017 = EDGE_LOOP ( 'NONE', ( #2995, #2225, #104, #3437 ) ) ;
#4018 = CARTESIAN_POINT ( 'NONE',  ( -265.8557205421093954, 88.87999999999998124, 6.670256816194850558 ) ) ;
#4019 = CARTESIAN_POINT ( 'NONE',  ( -195.6463559078458445, 88.87999999999998124, 20.27733546108195739 ) ) ;
#4020 = EDGE_CURVE ( 'NONE', #3287, #998, #22, .T. ) ;
#4021 = ORIENTED_EDGE ( 'NONE', *, *, #125, .F. ) ;
#4022 = DIRECTION ( 'NONE',  ( 0.02646596929541076421, 0.000000000000000000, 0.9996497148847962588 ) ) ;
#4023 = VECTOR ( 'NONE', #3645, 1000.000000000000114 ) ;
#4024 = CARTESIAN_POINT ( 'NONE',  ( -266.3727187654357067, 93.87999999999999545, 3.583167371676564628 ) ) ;
#4025 = ORIENTED_EDGE ( 'NONE', *, *, #439, .T. ) ;
#4026 = ADVANCED_FACE ( 'NONE', ( #3740 ), #1861, .F. ) ;
#4027 = EDGE_LOOP ( 'NONE', ( #1675, #3965, #1382, #3120 ) ) ;
#4028 = DIRECTION ( 'NONE',  ( 0.000000000000000000, 1.000000000000000000, 0.000000000000000000 ) ) ;
#4029 = DIRECTION ( 'NONE',  ( -0.5812758212746321762, 0.000000000000000000, 0.8137065930674900471 ) ) ;
#4030 = ORIENTED_EDGE ( 'NONE', *, *, #315, .F. ) ;
#4031 = LINE ( 'NONE', #2093, #2760 ) ;
#4032 = AXIS2_PLACEMENT_3D ( 'NONE', #3822, #310, #2876 ) ;
#4033 = ORIENTED_EDGE ( 'NONE', *, *, #3221, .F. ) ;
#4034 = LINE ( 'NONE', #3811, #1787 ) ;
#4035 = VERTEX_POINT ( 'NONE', #3761 ) ;
#4036 = CARTESIAN_POINT ( 'NONE',  ( -280.6338063822633444, 88.87999999999998124, 5.055185953166628998 ) ) ;
#4037 = CARTESIAN_POINT ( 'NONE',  ( -194.9129271786084701, 93.47999999999998977, 9.302312362620199337 ) ) ;
#4038 = VECTOR ( 'NONE', #1279, 1000.000000000000227 ) ;
#4039 = CARTESIAN_POINT ( 'NONE',  ( -282.6978133708465180, 88.87999999999998124, 5.318962716709653371 ) ) ;
#4040 = VECTOR ( 'NONE', #2673, 1000.000000000000227 ) ;
#4041 = LINE ( 'NONE', #3454, #1681 ) ;
#4042 = FACE_OUTER_BOUND ( 'NONE', #2266, .T. ) ;
#4043 = VECTOR ( 'NONE', #487, 1000.000000000000000 ) ;
#4044 = ORIENTED_EDGE ( 'NONE', *, *, #3529, .T. ) ;
#4045 = CARTESIAN_POINT ( 'NONE',  ( -178.2004695315806657, 93.87999999999999545, 22.82649320470189025 ) ) ;
#4046 = CARTESIAN_POINT ( 'NONE',  ( -113.5285485838877833, 88.87999999999998124, 8.528672068350594770 ) ) ;
#4047 = ORIENTED_EDGE ( 'NONE', *, *, #560, .F. ) ;
#4048 = EDGE_CURVE ( 'NONE', #1636, #961, #1036, .T. ) ;
#4049 = ORIENTED_EDGE ( 'NONE', *, *, #1415, .T. ) ;
#4050 = LINE ( 'NONE', #3066, #917 ) ;
#4051 = ORIENTED_EDGE ( 'NONE', *, *, #3659, .F. ) ;
#4052 = CARTESIAN_POINT ( 'NONE',  ( -241.3852872890720960, 93.47999999999998977, 11.59175294562698966 ) ) ;
#4053 = ADVANCED_FACE ( 'NONE', ( #924 ), #3444, .F. ) ;
#4054 = B_SPLINE_CURVE_WITH_KNOTS ( 'NONE', 3,
 ( #2011, #1037, #2290, #721 ),
 .UNSPECIFIED., .F., .F.,
 ( 4, 4 ),
 ( 0.1142625518259317435, 0.1149940070021487487 ),
 .UNSPECIFIED. ) ;
#4055 = VERTEX_POINT ( 'NONE', #2532 ) ;
#4056 = VECTOR ( 'NONE', #4000, 1000.000000000000000 ) ;
#4057 = DIRECTION ( 'NONE',  ( 0.000000000000000000, 0.000000000000000000, -1.000000000000000000 ) ) ;
#4058 = FACE_OUTER_BOUND ( 'NONE', #2492, .T. ) ;
#4059 = CARTESIAN_POINT ( 'NONE',  ( -200.4954640087551923, 88.87999999999998124, 8.438484520300974623 ) ) ;
#4060 = PRODUCT_DEFINITION_CONTEXT ( 'detailed design', #2362, 'design' ) ;
#4061 = LINE ( 'NONE', #566, #2013 ) ;
#4062 = LINE ( 'NONE', #2485, #1075 ) ;
#4063 = ORIENTED_EDGE ( 'NONE', *, *, #874, .T. ) ;
#4064 = B_SPLINE_CURVE_WITH_KNOTS ( 'NONE', 3,
 ( #184, #1438, #3652, #3981 ),
 .UNSPECIFIED., .F., .F.,
 ( 4, 4 ),
 ( 0.7024439672986643179, 0.7038618315150664273 ),
 .UNSPECIFIED. ) ;
#4065 = ORIENTED_EDGE ( 'NONE', *, *, #2870, .F. ) ;
#4066 = CARTESIAN_POINT ( 'NONE',  ( -300.0000000000000000, 4.999999999999990230, -0.1621621621621254228 ) ) ;
#4067 = CARTESIAN_POINT ( 'NONE',  ( -285.8727052897787075, 88.87999999999998124, 2.045397586167052584 ) ) ;
#4068 = DIRECTION ( 'NONE',  ( 0.8376768486544285963, 0.000000000000000000, -0.5461661809636199072 ) ) ;
#4069 = LINE ( 'NONE', #613, #2219 ) ;
#4070 = EDGE_CURVE ( 'NONE', #3616, #1767, #1843, .T. ) ;
#4071 =( BOUNDED_CURVE ( )  B_SPLINE_CURVE ( 3, ( #1888, #1226, #2207, #3470 ),
 .UNSPECIFIED., .F., .F. ) 
 B_SPLINE_CURVE_WITH_KNOTS ( ( 4, 4 ),
 ( 0.4721547818380111838, 2.569620353406168789 ),
 .UNSPECIFIED. ) 
 CURVE ( )  GEOMETRIC_REPRESENTATION_ITEM ( )  RATIONAL_B_SPLINE_CURVE ( ( 1.000000000000000000, 0.6657799060883726749, 0.6657799060883726749, 1.000000000000000000 ) ) 
 REPRESENTATION_ITEM ( '' )  );
#4072 = LINE ( 'NONE', #3163, #2162 ) ;
#4073 = ORIENTED_EDGE ( 'NONE', *, *, #741, .F. ) ;
#4074 = PRODUCT_DEFINITION_FORMATION_WITH_SPECIFIED_SOURCE ( 'ANY', '', #1984, .NOT_KNOWN. ) ;
#4075 = CARTESIAN_POINT ( 'NONE',  ( -148.6143614906584389, 92.87999999999999545, 25.96668747503433750 ) ) ;
#4076 = ORIENTED_EDGE ( 'NONE', *, *, #849, .T. ) ;
#4077 = CARTESIAN_POINT ( 'NONE',  ( -275.1101811045251111, 88.87999999999998124, 6.552289714361143602 ) ) ;
#4078 = CARTESIAN_POINT ( 'NONE',  ( -212.1074658580722314, 93.47999999999997556, 8.914555833679584040 ) ) ;
#4079 = CARTESIAN_POINT ( 'NONE',  ( -133.7537577297973996, 92.87999999999999545, 26.88888592144288125 ) ) ;
#4080 = DIRECTION ( 'NONE',  ( 0.02688405537825821687, 0.000000000000000000, 0.9996385584632171417 ) ) ;
#4081 = PLANE ( 'NONE',  #3717 ) ;
#4082 = EDGE_LOOP ( 'NONE', ( #1906, #1749, #478, #3562 ) ) ;
#4083 = EDGE_CURVE ( 'NONE', #2728, #3742, #290, .T. ) ;
#4084 = VECTOR ( 'NONE', #2129, 1000.000000000000000 ) ;
#4085 = ORIENTED_EDGE ( 'NONE', *, *, #100, .F. ) ;
#4086 = DIRECTION ( 'NONE',  ( 0.000000000000000000, 0.000000000000000000, -1.000000000000000000 ) ) ;
#4087 = LINE ( 'NONE', #1903, #3309 ) ;
#4088 = DIRECTION ( 'NONE',  ( 0.000000000000000000, 1.000000000000000000, 0.000000000000000000 ) ) ;
#4089 = EDGE_CURVE ( 'NONE', #3000, #2633, #4069, .T. ) ;
#4090 = DIRECTION ( 'NONE',  ( 0.02688405537842415011, 0.000000000000000000, 0.9996385584632127008 ) ) ;
#4091 = AXIS2_PLACEMENT_3D ( 'NONE', #910, #1285, #259 ) ;
#4092 = ORIENTED_EDGE ( 'NONE', *, *, #2342, .F. ) ;
#4093 = EDGE_CURVE ( 'NONE', #3014, #577, #3142, .T. ) ;
ENDSEC;
END-ISO-10303-21;
