ISO-10303-21;
HEADER;
FILE_DESCRIPTION (( 'STEP AP214' ),
    '1' );
FILE_NAME ('Te connector.STEP',
    '2026-03-21T14:16:16',
    ( '' ),
    ( '' ),
    'SwSTEP 2.0',
    'SolidWorks 2024',
    '' );
FILE_SCHEMA (( 'AUTOMOTIVE_DESIGN' ));
ENDSEC;

DATA;
#1 = CARTESIAN_POINT ( 'NONE',  ( -292.2304870653604212, 0.009174007112959684657, 1.962821377840503256 ) ) ;
#2 = CARTESIAN_POINT ( 'NONE',  ( -296.1800796728259115, -5.000000000000000000, 0.7378285551758381189 ) ) ;
#3 = CARTESIAN_POINT ( 'NONE',  ( -267.0065896418146849, -0.000000000000000000, 3.239929159207376230 ) ) ;
#4 = EDGE_LOOP ( 'NONE', ( #73, #762, #340, #178 ) ) ;
#5 = CARTESIAN_POINT ( 'NONE',  ( -281.0195696138512176, -4.504960747012371157E-16, 2.169361897281508522 ) ) ;
#6 = B_SPLINE_CURVE_WITH_KNOTS ( 'NONE', 3,
 ( #390, #895, #316, #127 ),
 .UNSPECIFIED., .F., .F.,
 ( 4, 4 ),
 ( 0.000000000000000000, 1.000000000000000000 ),
 .UNSPECIFIED. ) ;
#7 = CARTESIAN_POINT ( 'NONE',  ( -291.7769455141520325, 0.008942402633672628595, 2.102175928562412643 ) ) ;
#8 = CARTESIAN_POINT ( 'NONE',  ( -293.8241910466082913, 0.03070891677803798403, 0.9732091924778384362 ) ) ;
#9 = CARTESIAN_POINT ( 'NONE',  ( -267.3721098258267830, -0.000000000000000000, 3.215208674670821942 ) ) ;
#10 = ORIENTED_EDGE ( 'NONE', *, *, #1049, .F. ) ;
#11 = CARTESIAN_POINT ( 'NONE',  ( -294.9853265928011865, 0.02247043740297908695, 1.109682216887931450 ) ) ;
#12 = CARTESIAN_POINT ( 'NONE',  ( -296.1750998232844267, -1.694065894508600678E-18, 0.7393788341654298213 ) ) ;
#13 = ORIENTED_EDGE ( 'NONE', *, *, #375, .T. ) ;
#14 = EDGE_CURVE ( 'NONE', #364, #151, #455, .T. ) ;
#15 = DIRECTION ( 'NONE',  ( 0.000000000000000000, -0.000000000000000000, -1.000000000000000000 ) ) ;
#16 = CARTESIAN_POINT ( 'NONE',  ( -266.6141724009613654, 1.492820323027610474, 5.729137541470779915 ) ) ;
#17 = VERTEX_POINT ( 'NONE', #213 ) ;
#18 = ORIENTED_EDGE ( 'NONE', *, *, #110, .T. ) ;
#19 = VECTOR ( 'NONE', #138, 1000.000000000000227 ) ;
#20 = CARTESIAN_POINT ( 'NONE',  ( -286.3314205589891230, 1.106425589438708303E-16, 3.731376884778007774 ) ) ;
#21 = CARTESIAN_POINT ( 'NONE',  ( -274.2611800122428463, 1.492820323027607587, 3.119683944331411496 ) ) ;
#22 = CARTESIAN_POINT ( 'NONE',  ( -266.9513324469021427, 0.0001954775082375209694, 8.972237369520092543 ) ) ;
#23 = CARTESIAN_POINT ( 'NONE',  ( -281.4579331193455118, -8.673617379884035472E-16, 2.131783766598150276 ) ) ;
#24 = ORIENTED_EDGE ( 'NONE', *, *, #665, .F. ) ;
#25 = CARTESIAN_POINT ( 'NONE',  ( -279.7954957646981597, 1.492820323027610918, 2.675730211409570014 ) ) ;
#26 = VERTEX_POINT ( 'NONE', #1136 ) ;
#27 = CARTESIAN_POINT ( 'NONE',  ( -295.2242793815743198, 0.02481999652056140690, 1.035341096134287930 ) ) ;
#28 = ORIENTED_EDGE ( 'NONE', *, *, #306, .T. ) ;
#29 = CARTESIAN_POINT ( 'NONE',  ( -283.9440106820142091, 1.492820323027604701, 2.316536761295386437 ) ) ;
#30 = CARTESIAN_POINT ( 'NONE',  ( -286.9839745773820709, 0.0007002372108616656231, 1.636614765030502294 ) ) ;
#31 = CARTESIAN_POINT ( 'NONE',  ( -296.1651404046954781, -1.694065894508600678E-18, 0.7424793130204514480 ) ) ;
#32 = DIRECTION ( 'NONE',  ( -0.9366590884183454424, -0.2588190451025369487, -0.2359712990503830543 ) ) ;
#33 = CARTESIAN_POINT ( 'NONE',  ( -279.7620704816795296, 9.900733710455593182E-16, 2.277128563673521899 ) ) ;
#34 = CARTESIAN_POINT ( 'NONE',  ( -287.4567217113258835, 0.0006646278504295265958, 1.592394448733807089 ) ) ;
#35 = AXIS2_PLACEMENT_3D ( 'NONE', #452, #1102, #907 ) ;
#36 = CARTESIAN_POINT ( 'NONE',  ( -266.2020636054377292, -2.670608329061685479E-16, 3.293922618428281268 ) ) ;
#37 = CARTESIAN_POINT ( 'NONE',  ( -272.9006997774969250, 5.868056478702901834E-16, 7.440020244605659805 ) ) ;
#38 = CARTESIAN_POINT ( 'NONE',  ( -265.9545598341404684, 1.492820323027610696, 3.711359922852729198 ) ) ;
#39 = ORIENTED_EDGE ( 'NONE', *, *, #1185, .T. ) ;
#40 = CARTESIAN_POINT ( 'NONE',  ( -269.8892034938873508, 0.000000000000000000, 3.040130734245056310 ) ) ;
#41 = CARTESIAN_POINT ( 'NONE',  ( -292.2547151835671571, 7.424859598013108046E-18, 1.957937405063660874 ) ) ;
#42 = CARTESIAN_POINT ( 'NONE',  ( -267.9355649340805599, 0.0008267985060258903601, 8.722460758539289927 ) ) ;
#43 = CARTESIAN_POINT ( 'NONE',  ( -292.1370134565386820, 1.492820323027610474, 1.575646541567775838 ) ) ;
#44 = B_SPLINE_CURVE_WITH_KNOTS ( 'NONE', 3,
 ( #257, #538, #532, #914, #807, #272, #65, #1179, #995, #618, #908, #1004, #71, #430, #922, #169, #436, #717, #1103, #266, #1017, #830, #626, #932, #1011, #1111, #631, #472, #128 ),
 .UNSPECIFIED., .F., .F.,
 ( 4, 1, 1, 1, 1, 1, 1, 1, 2, 2, 1, 1, 1, 1, 1, 2, 2, 1, 2, 2, 4 ),
 ( 0.000000000000000000, 0.2500000000006680212, 0.3750000000010020318, 0.4375000000011690648, 0.4687500000012642665, 0.4843750000013118395, 0.4921875000013473667, 0.4960937500013768431, 0.4980468750014032664, 0.5000000000014297452, 0.5625000000021598279, 0.5937500000025248692, 0.6093750000027073899, 0.6171875000027986502, 0.6210937500028259617, 0.6230468750028205216, 0.6250000000028151925, 0.6875000000023498981, 0.7187500000021171953, 0.7500000000018844926, 1.000000000000000000 ),
 .UNSPECIFIED. ) ;
#45 = CARTESIAN_POINT ( 'NONE',  ( -281.6765558379957497, 0.000000000000000000, 2.112911319052047432 ) ) ;
#46 = CARTESIAN_POINT ( 'NONE',  ( -289.3316358988174102, 1.492820323027610474, 2.431691676141536362 ) ) ;
#47 = CARTESIAN_POINT ( 'NONE',  ( -282.0695018103010625, -5.000000000000000000, 4.969003866035457406 ) ) ;
#48 = CARTESIAN_POINT ( 'NONE',  ( -266.7378216606338697, 5.000000000000000000, 6.487585388509735651 ) ) ;
#49 = EDGE_CURVE ( 'NONE', #439, #364, #1054, .T. ) ;
#50 = CARTESIAN_POINT ( 'NONE',  ( -291.3026239793849186, 1.492820323027610474, 1.832966702045139229 ) ) ;
#51 = COLOUR_RGB ( '',0.7921568627450980005, 0.8196078431372548767, 0.9333333333333333481 ) ;
#52 = ORIENTED_EDGE ( 'NONE', *, *, #1145, .T. ) ;
#53 = CARTESIAN_POINT ( 'NONE',  ( -267.0679532720550924, 1.492820323027610252, 8.530110776097160397 ) ) ;
#54 = CARTESIAN_POINT ( 'NONE',  ( -267.3605474838537930, 0.0003260948486743279421, 8.868538370521694247 ) ) ;
#55 = CARTESIAN_POINT ( 'NONE',  ( -266.2020636054377292, -2.670608329061685479E-16, 3.293922618428281268 ) ) ;
#56 = ORIENTED_EDGE ( 'NONE', *, *, #392, .T. ) ;
#57 = CARTESIAN_POINT ( 'NONE',  ( 0.000000000000000000, 5.000000000000000000, 0.000000000000000000 ) ) ;
#58 = CARTESIAN_POINT ( 'NONE',  ( -268.4871014095456303, 0.0009487009795230172968, 8.581935132300515079 ) ) ;
#59 = CARTESIAN_POINT ( 'NONE',  ( -267.2413289566584922, 1.492820323027616025, 8.486195756822564107 ) ) ;
#60 = DIRECTION ( 'NONE',  ( 0.000000000000000000, -1.000000000000000000, 0.000000000000000000 ) ) ;
#61 = EDGE_LOOP ( 'NONE', ( #1013, #918 ) ) ;
#62 = EDGE_CURVE ( 'NONE', #146, #118, #286, .T. ) ;
#63 = CARTESIAN_POINT ( 'NONE',  ( -274.0366268220414554, 0.000000000000000000, 2.734456431791341124 ) ) ;
#64 = CARTESIAN_POINT ( 'NONE',  ( -268.7737975089120255, 0.0009225867560182950382, 8.508713491509094951 ) ) ;
#65 = CARTESIAN_POINT ( 'NONE',  ( -292.7717851408312981, -0.000000000000000000, 1.078386285364768327 ) ) ;
#66 = CARTESIAN_POINT ( 'NONE',  ( -266.2162963300366414, -5.000000000000000000, 5.774557483285668091 ) ) ;
#67 = CARTESIAN_POINT ( 'NONE',  ( -269.7954969494683723, -2.961373227434948747E-18, 3.046787286265319139 ) ) ;
#68 = CARTESIAN_POINT ( 'NONE',  ( -289.7177727886503362, 0.001911965643648649415, 2.728810319293145881 ) ) ;
#69 = B_SPLINE_CURVE_WITH_KNOTS ( 'NONE', 3,
 ( #22, #747, #1131, #289 ),
 .UNSPECIFIED., .F., .F.,
 ( 4, 4 ),
 ( 0.000000000000000000, 1.000000000000000000 ),
 .UNSPECIFIED. ) ;
#70 = CARTESIAN_POINT ( 'NONE',  ( -285.4409269240850904, -0.000000000000000000, 3.989218165024015494 ) ) ;
#71 = CARTESIAN_POINT ( 'NONE',  ( -292.4359760570922049, 0.000000000000000000, 1.111627667804246267 ) ) ;
#72 = CARTESIAN_POINT ( 'NONE',  ( -266.2020636054377292, -2.670608329061685479E-16, 3.293922618428281268 ) ) ;
#73 = ORIENTED_EDGE ( 'NONE', *, *, #1163, .T. ) ;
#74 = CARTESIAN_POINT ( 'NONE',  ( -275.1629599894644116, -8.950276457247404183E-16, 2.647594443081020099 ) ) ;
#75 = CARTESIAN_POINT ( 'NONE',  ( -292.2349254618397936, 0.009172321474561040411, 1.961455647354923171 ) ) ;
#76 = DIRECTION ( 'NONE',  ( -0.1609050596806845534, 0.000000000000000000, 0.9869698889880862414 ) ) ;
#77 = CARTESIAN_POINT ( 'NONE',  ( -267.2413289566584922, 5.000000000000000000, 8.486195756822564107 ) ) ;
#78 = CARTESIAN_POINT ( 'NONE',  ( -295.1598112108411556, 0.4005747057367249342, 0.9498589425473902281 ) ) ;
#79 = ORIENTED_EDGE ( 'NONE', *, *, #564, .F. ) ;
#80 = CARTESIAN_POINT ( 'NONE',  ( -275.8812810479718109, -5.000000000000000000, 6.658724755780865756 ) ) ;
#81 = CARTESIAN_POINT ( 'NONE',  ( -292.8104246484102191, 0.009040119233467229162, 1.784086071061946388 ) ) ;
#82 = CARTESIAN_POINT ( 'NONE',  ( -266.2162963300366414, 0.000000000000000000, 5.774557483285668091 ) ) ;
#83 = CARTESIAN_POINT ( 'NONE',  ( -293.2187301534376047, 1.492820323027610474, 1.242131373473705835 ) ) ;
#84 = DIRECTION ( 'NONE',  ( -0.06567303980414603004, 0.000000000000000000, 0.9978411957034459823 ) ) ;
#85 = CARTESIAN_POINT ( 'NONE',  ( -295.3571579316079010, 0.3254106147900294732, 0.9100825632769433682 ) ) ;
#86 = ORIENTED_EDGE ( 'NONE', *, *, #14, .F. ) ;
#87 = DIRECTION ( 'NONE',  ( 0.000000000000000000, -1.000000000000000000, 0.000000000000000000 ) ) ;
#88 = CARTESIAN_POINT ( 'NONE',  ( -292.4043092284979934, 0.009039027655449349136, 1.909307768048015719 ) ) ;
#89 = B_SPLINE_SURFACE_WITH_KNOTS ( 'NONE', 3, 1, ( 
 ( #2, #1120 ),
 ( #265, #8 ),
 ( #429, #189 ),
 ( #733, #1186 ),
 ( #1194, #354 ),
 ( #368, #625 ),
 ( #1126, #343 ),
 ( #617, #349 ) ),
 .UNSPECIFIED., .F., .F., .F.,
 ( 4, 1, 1, 1, 1, 4 ),
 ( 2, 2 ),
 ( 0.9333134970992769119, 0.9467117567897038732, 0.9601100164801308345, 0.9735082761705577958, 0.9802074060157712765, 0.9869065358609847571 ),
 ( 0.000000000000000000, 1.000000000000000000 ),
 .UNSPECIFIED. ) ;
#90 = AXIS2_PLACEMENT_3D ( 'NONE', #1183, #992, #337 ) ;
#91 = CARTESIAN_POINT ( 'NONE',  ( -285.6218546537514271, -0.000000000000000000, 3.936870275518156159 ) ) ;
#92 = CARTESIAN_POINT ( 'NONE',  ( -266.0536830781412050, -5.000000000000000000, 3.303799281862938919 ) ) ;
#93 = CARTESIAN_POINT ( 'NONE',  ( -295.6762898086162181, 0.2038569306104030532, 0.8457610465471168126 ) ) ;
#94 = EDGE_LOOP ( 'NONE', ( #505, #475, #386, #735 ) ) ;
#95 = CARTESIAN_POINT ( 'NONE',  ( -266.4790636007936087, 5.000000000000000000, 3.676284085752649755 ) ) ;
#96 = CARTESIAN_POINT ( 'NONE',  ( -290.7575066465559530, 0.006155318014123157405, 2.413765488270868786 ) ) ;
#97 = CARTESIAN_POINT ( 'NONE',  ( -296.1651404046954781, -1.694065894508600678E-18, 0.7424793130204514480 ) ) ;
#98 = ORIENTED_EDGE ( 'NONE', *, *, #689, .T. ) ;
#99 = CARTESIAN_POINT ( 'NONE',  ( -266.4790636007935518, 1.492820323027609586, 3.676284085752647091 ) ) ;
#100 = B_SPLINE_CURVE_WITH_KNOTS ( 'NONE', 3,
 ( #787, #1166, #217, #576, #794, #967, #152, #341, #336 ),
 .UNSPECIFIED., .F., .F.,
 ( 4, 1, 1, 1, 1, 1, 4 ),
 ( 0.9407768680670951511, 0.9464598453055739213, 0.9521428225440526916, 0.9635087770210103431, 0.9748747314979679945, 0.9805577087364467648, 0.9862406859749255350 ),
 .UNSPECIFIED. ) ;
#101 = ORIENTED_EDGE ( 'NONE', *, *, #391, .T. ) ;
#102 = CARTESIAN_POINT ( 'NONE',  ( -293.8594610414208432, -5.000000000000000000, 1.460261286760040189 ) ) ;
#103 = ADVANCED_FACE ( 'NONE', ( #1148 ), #307, .T. ) ;
#104 = DIRECTION ( 'NONE',  ( 0.000000000000000000, -1.000000000000000000, 0.000000000000000000 ) ) ;
#105 = ORIENTED_EDGE ( 'NONE', *, *, #49, .F. ) ;
#106 = CARTESIAN_POINT ( 'NONE',  ( -269.3880480544138436, 2.353296778944123471E-15, 3.075902173486335656 ) ) ;
#107 = DIRECTION ( 'NONE',  ( 0.000000000000000000, -0.000000000000000000, -1.000000000000000000 ) ) ;
#108 = CARTESIAN_POINT ( 'NONE',  ( -279.8683819019877888, 1.492820323027609586, 2.677620329082198491 ) ) ;
#109 = B_SPLINE_CURVE_WITH_KNOTS ( 'NONE', 3,
 ( #845, #742, #1124, #281 ),
 .UNSPECIFIED., .F., .F.,
 ( 4, 4 ),
 ( 0.000000000000000000, 1.000000000000000000 ),
 .UNSPECIFIED. ) ;
#110 = EDGE_CURVE ( 'NONE', #602, #245, #69, .T. ) ;
#111 = VERTEX_POINT ( 'NONE', #848 ) ;
#112 = VECTOR ( 'NONE', #1197, 1000.000000000000000 ) ;
#113 = EDGE_CURVE ( 'NONE', #118, #282, #610, .T. ) ;
#114 = CARTESIAN_POINT ( 'NONE',  ( -275.6450494829573472, 1.492820323027609142, 3.012413591372047339 ) ) ;
#115 = VERTEX_POINT ( 'NONE', #970 ) ;
#116 = CARTESIAN_POINT ( 'NONE',  ( -267.2413289566584353, 5.000000000000000000, 8.486195756822571212 ) ) ;
#117 = CARTESIAN_POINT ( 'NONE',  ( -274.3708445261273710, 1.492820323027609586, 3.115664171102432878 ) ) ;
#118 = VERTEX_POINT ( 'NONE', #234 ) ;
#119 = CARTESIAN_POINT ( 'NONE',  ( -275.6137790391403541, -1.170932974292992224E-15, 2.613637129623013866 ) ) ;
#120 = EDGE_CURVE ( 'NONE', #321, #841, #1176, .T. ) ;
#121 = CARTESIAN_POINT ( 'NONE',  ( -287.4711939104152520, 0.0006628027181181961889, 1.591037894511299511 ) ) ;
#122 = DIRECTION ( 'NONE',  ( 0.2574249135362520202, -0.9658513558944591404, 0.02938659911741992384 ) ) ;
#123 = LINE ( 'NONE', #1143, #1002 ) ;
#124 = CARTESIAN_POINT ( 'NONE',  ( -248.8940880300507388, 0.000000000000000000, -62.70356205862140087 ) ) ;
#125 = CARTESIAN_POINT ( 'NONE',  ( -264.5703228040392787, 1.492820323027610474, 3.803947326469559798 ) ) ;
#126 = CARTESIAN_POINT ( 'NONE',  ( -268.3363133789179642, 5.000000000000000000, 8.208819176600101741 ) ) ;
#127 = CARTESIAN_POINT ( 'NONE',  ( -274.0366268220414554, 0.000000000000000000, 2.734456431791341124 ) ) ;
#128 = CARTESIAN_POINT ( 'NONE',  ( -289.1211384071079351, 0.000000000000000000, 1.434641070923941220 ) ) ;
#129 = CARTESIAN_POINT ( 'NONE',  ( -286.0174102546470181, 1.492820323027610252, 2.127811403324810335 ) ) ;
#130 = AXIS2_PLACEMENT_3D ( 'NONE', #997, #60, #586 ) ;
#131 = CARTESIAN_POINT ( 'NONE',  ( -285.7753486014469217, 0.0006162434677515060818, 1.748206983141210813 ) ) ;
#132 = EDGE_CURVE ( 'NONE', #1022, #927, #1065, .T. ) ;
#133 = CARTESIAN_POINT ( 'NONE',  ( -266.0536858960588233, 0.000000000000000000, 3.303842097519102516 ) ) ;
#134 = CARTESIAN_POINT ( 'NONE',  ( -270.9215183976575645, 8.604582112122771744E-16, 7.956102125854441098 ) ) ;
#135 = CARTESIAN_POINT ( 'NONE',  ( -248.8940880300644949, -5.000000000000000000, -62.70356205859729926 ) ) ;
#136 = FACE_OUTER_BOUND ( 'NONE', #188, .T. ) ;
#137 = CARTESIAN_POINT ( 'NONE',  ( -267.6842677119012706, 0.0006633688691197344150, 8.786353361342948531 ) ) ;
#138 = DIRECTION ( 'NONE',  ( 0.06567303980414603004, 0.000000000000000000, -0.9978411957034459823 ) ) ;
#139 = CARTESIAN_POINT ( 'NONE',  ( -294.2045417268604979, 0.7644173166888784676, 1.142397380603651591 ) ) ;
#140 = LINE ( 'NONE', #414, #144 ) ;
#141 = AXIS2_PLACEMENT_3D ( 'NONE', #124, #32, #299 ) ;
#142 = DIRECTION ( 'NONE',  ( 0.000000000000000000, -1.000000000000000000, 0.000000000000000000 ) ) ;
#143 = PRODUCT_DEFINITION_SHAPE ( 'NONE', 'NONE',  #891 ) ;
#144 = VECTOR ( 'NONE', #868, 1000.000000000000000 ) ;
#145 = CARTESIAN_POINT ( 'NONE',  ( -294.2068544153939911, 0.7635362821909302822, 1.141931298967710617 ) ) ;
#146 = VERTEX_POINT ( 'NONE', #503 ) ;
#147 = CARTESIAN_POINT ( 'NONE',  ( -293.0037117240685234, 2.168404344971008868E-16, 1.727017226918490689 ) ) ;
#148 = CARTESIAN_POINT ( 'NONE',  ( -267.1958753396219777, 0.0001937149856346476249, 8.910292535837198713 ) ) ;
#149 = CARTESIAN_POINT ( 'NONE',  ( -272.1607684338241029, -1.694065894508600678E-18, 7.634994447499236614 ) ) ;
#150 = CARTESIAN_POINT ( 'NONE',  ( -292.2922528504818160, 1.492820323027610474, 1.527812578992755022 ) ) ;
#151 = VERTEX_POINT ( 'NONE', #704 ) ;
#152 = CARTESIAN_POINT ( 'NONE',  ( -269.8918463636156275, 5.000000000000000000, 3.443353738153289267 ) ) ;
#153 = CARTESIAN_POINT ( 'NONE',  ( -290.3388980646726054, -1.275552507597213234E-15, 2.542374537876229468 ) ) ;
#154 = CARTESIAN_POINT ( 'NONE',  ( -289.8900526523860890, 1.492820323027609364, 2.259958816969970918 ) ) ;
#155 = LINE ( 'NONE', #896, #781 ) ;
#156 = CARTESIAN_POINT ( 'NONE',  ( -285.2937409332817538, 1.492820323027610474, 3.624584043683924950 ) ) ;
#157 = ORIENTED_EDGE ( 'NONE', *, *, #506, .T. ) ;
#158 = CARTESIAN_POINT ( 'NONE',  ( -267.4000599771881070, 0.000000000000000000, 3.213737607467245017 ) ) ;
#159 = CARTESIAN_POINT ( 'NONE',  ( -293.5173121974811465, 0.01134171495704021891, 1.565467252419284971 ) ) ;
#160 = FACE_OUTER_BOUND ( 'NONE', #1170, .T. ) ;
#161 = CARTESIAN_POINT ( 'NONE',  ( -293.8844964113210949, 1.492820323027610696, 1.036840961566975583 ) ) ;
#162 = CARTESIAN_POINT ( 'NONE',  ( -267.6768665825998710, -0.000000000000000000, 3.194426941070437120 ) ) ;
#163 = CARTESIAN_POINT ( 'NONE',  ( -266.4104826779661721, 1.252140859457570254, 3.616244194955473112 ) ) ;
#164 = ORIENTED_EDGE ( 'NONE', *, *, #199, .T. ) ;
#165 = VECTOR ( 'NONE', #1117, 1000.000000000000114 ) ;
#166 = DIRECTION ( 'NONE',  ( 0.000000000000000000, -0.000000000000000000, -1.000000000000000000 ) ) ;
#167 = CARTESIAN_POINT ( 'NONE',  ( -291.4809696582425431, 0.008393716061247972690, 2.192891766806690956 ) ) ;
#168 = CARTESIAN_POINT ( 'NONE',  ( -288.0593962782936046, 0.000000000000000000, 3.225414523799957855 ) ) ;
#169 = CARTESIAN_POINT ( 'NONE',  ( -291.8448865601745297, -0.000000000000000000, 1.170054290582897893 ) ) ;
#170 = CARTESIAN_POINT ( 'NONE',  ( -267.0299900681135910, -0.000000000000000000, 3.238348231741401406 ) ) ;
#171 = EDGE_LOOP ( 'NONE', ( #1050, #721 ) ) ;
#172 = PRODUCT_CONTEXT ( 'NONE', #388, 'mechanical' ) ;
#173 = CARTESIAN_POINT ( 'NONE',  ( -268.2372343302996569, -5.000000000000000000, 8.646699968333212638 ) ) ;
#174 = CARTESIAN_POINT ( 'NONE',  ( -290.8561145200622491, 0.006517029993782481358, 2.383730263856551179 ) ) ;
#175 = CARTESIAN_POINT ( 'NONE',  ( -265.8154550622316492, 2.168404344971007635E-16, 9.260026009359068055 ) ) ;
#176 = CARTESIAN_POINT ( 'NONE',  ( 0.000000000000000000, 0.000000000000000000, 0.000000000000000000 ) ) ;
#177 = CARTESIAN_POINT ( 'NONE',  ( -266.1031342129738846, 0.000000000000000000, 3.300497778733503917 ) ) ;
#178 = ORIENTED_EDGE ( 'NONE', *, *, #623, .T. ) ;
#179 = CARTESIAN_POINT ( 'NONE',  ( -270.9215183976575645, 8.604582112122771744E-16, 7.956102125854441098 ) ) ;
#180 = CARTESIAN_POINT ( 'NONE',  ( -292.5271262309694293, 0.008943294765967682580, 1.871464353321357077 ) ) ;
#181 = ADVANCED_FACE ( 'NONE', ( #497 ), #979, .F. ) ;
#182 = CARTESIAN_POINT ( 'NONE',  ( -267.3350272281041953, 5.637777082949830881E-17, 8.875109343913944571 ) ) ;
#183 = PLANE ( 'NONE',  #600 ) ;
#184 = CARTESIAN_POINT ( 'NONE',  ( -267.0534090789394099, -0.000000000000000000, 3.236765027349708834 ) ) ;
#185 = VERTEX_POINT ( 'NONE', #66 ) ;
#186 = PLANE ( 'NONE',  #35 ) ;
#187 = CARTESIAN_POINT ( 'NONE',  ( -292.1771452537323626, 0.009189210723344170759, 1.979232683455465436 ) ) ;
#188 = EDGE_LOOP ( 'NONE', ( #500, #621, #197, #285 ) ) ;
#189 = CARTESIAN_POINT ( 'NONE',  ( -289.1887434887154313, 0.03070891677803798403, 1.438974496950381488 ) ) ;
#190 = CARTESIAN_POINT ( 'NONE',  ( -294.2661621094045472, 6.438958482556321402E-16, 0.9304866050440485647 ) ) ;
#191 = ORIENTED_EDGE ( 'NONE', *, *, #62, .T. ) ;
#192 = EDGE_CURVE ( 'NONE', #413, #245, #1031, .T. ) ;
#193 = CARTESIAN_POINT ( 'NONE',  ( -295.2543278601274892, 0.02512100220164107875, 1.025991165828382901 ) ) ;
#194 = VERTEX_POINT ( 'NONE', #491 ) ;
#195 = CARTESIAN_POINT ( 'NONE',  ( -280.3001545922303421, 6.335534848105195291E-16, 5.445775091136437318 ) ) ;
#196 = CARTESIAN_POINT ( 'NONE',  ( -266.9660068334956122, 2.104757759931256212E-15, 3.242751226166017187 ) ) ;
#197 = ORIENTED_EDGE ( 'NONE', *, *, #1061, .F. ) ;
#198 = EDGE_CURVE ( 'NONE', #328, #376, #155, .T. ) ;
#199 = EDGE_CURVE ( 'NONE', #376, #1026, #884, .T. ) ;
#200 = CARTESIAN_POINT ( 'NONE',  ( -267.2413289566584922, 5.000000000000000000, 8.486195756822564107 ) ) ;
#201 = CARTESIAN_POINT ( 'NONE',  ( -296.1800796728259115, -1.694065894508600678E-18, 0.7378285551758387850 ) ) ;
#202 = CARTESIAN_POINT ( 'NONE',  ( -274.9215368560712704, -4.426217813197088344E-15, 6.906662002373053610 ) ) ;
#203 = CARTESIAN_POINT ( 'NONE',  ( -294.3055695376873473, 1.492820323027611140, 1.328540700990343160 ) ) ;
#204 = CARTESIAN_POINT ( 'NONE',  ( -281.9281884660236415, 0.000000000000000000, 2.091182192144640517 ) ) ;
#205 = CARTESIAN_POINT ( 'NONE',  ( -266.4790636007936087, 5.000000000000000000, 3.676284085752649755 ) ) ;
#206 = ORIENTED_EDGE ( 'NONE', *, *, #392, .F. ) ;
#207 = STYLED_ITEM ( 'NONE', ( #1107 ), #862 ) ;
#208 = CARTESIAN_POINT ( 'NONE',  ( -267.3120401490554627, -1.037534915414246266E-15, 3.219303651643999675 ) ) ;
#209 = ORIENTED_EDGE ( 'NONE', *, *, #768, .F. ) ;
#210 = CARTESIAN_POINT ( 'NONE',  ( -266.2162963300366414, -5.000000000000000000, 5.774557483285668091 ) ) ;
#211 = ORIENTED_EDGE ( 'NONE', *, *, #1145, .F. ) ;
#212 = CARTESIAN_POINT ( 'NONE',  ( -271.4636662396025031, 2.677012983150644925E-15, 2.926987438512441919 ) ) ;
#213 = CARTESIAN_POINT ( 'NONE',  ( -266.9512816706688909, 0.000000000000000000, 8.972250223972869421 ) ) ;
#214 = DIRECTION ( 'NONE',  ( -0.06567303980414603004, 0.000000000000000000, 0.9978411957034459823 ) ) ;
#215 = CARTESIAN_POINT ( 'NONE',  ( -282.5265464174890440, -3.158477716016567989E-15, 2.040280072591025284 ) ) ;
#216 = CARTESIAN_POINT ( 'NONE',  ( -291.3026239793849186, 5.000000000000000000, 1.832966702045139229 ) ) ;
#217 = CARTESIAN_POINT ( 'NONE',  ( -289.3061771411244081, 5.000000000000000000, 1.820498618962104631 ) ) ;
#218 = CARTESIAN_POINT ( 'NONE',  ( -296.3325430134855765, 2.168404344971009361E-16, 0.7005651673848258820 ) ) ;
#219 = CARTESIAN_POINT ( 'NONE',  ( -270.2606071231887768, 0.0002805533841421110875, 8.127066890127967014 ) ) ;
#220 = AXIS2_PLACEMENT_3D ( 'NONE', #248, #359, #838 ) ;
#221 = DIRECTION ( 'NONE',  ( 0.000000000000000000, -1.000000000000000000, 0.000000000000000000 ) ) ;
#222 =( LENGTH_UNIT ( ) NAMED_UNIT ( * ) SI_UNIT ( .MILLI., .METRE. ) );
#223 = ADVANCED_FACE ( 'NONE', ( #783 ), #680, .F. ) ;
#224 = ADVANCED_FACE ( 'NONE', ( #333 ), #599, .F. ) ;
#225 = LINE ( 'NONE', #879, #763 ) ;
#226 = PLANE ( 'NONE',  #1142 ) ;
#227 = CARTESIAN_POINT ( 'NONE',  ( -267.1776669114524339, 0.0001847788187810155071, 8.914907444440665074 ) ) ;
#228 = CARTESIAN_POINT ( 'NONE',  ( -274.8720274528397454, -1.694065894508600678E-18, 6.918183652773431724 ) ) ;
#229 = FACE_OUTER_BOUND ( 'NONE', #61, .T. ) ;
#230 = VERTEX_POINT ( 'NONE', #878 ) ;
#231 = FACE_OUTER_BOUND ( 'NONE', #634, .T. ) ;
#232 = CARTESIAN_POINT ( 'NONE',  ( -266.5614282017093615, 1.492820323027610252, 8.658423140842257837 ) ) ;
#233 = CARTESIAN_POINT ( 'NONE',  ( -267.7354679820526258, 0.0007056532613589304708, 8.773343433765218080 ) ) ;
#234 = CARTESIAN_POINT ( 'NONE',  ( -282.3841849361596701, -1.739973386905919041E-15, 2.051484669583322873 ) ) ;
#235 = CARTESIAN_POINT ( 'NONE',  ( -294.2020486959364121, 0.7653670535092843563, 1.142899807168016535 ) ) ;
#236 = FACE_OUTER_BOUND ( 'NONE', #94, .T. ) ;
#237 = CARTESIAN_POINT ( 'NONE',  ( -268.9252814381881649, 0.0008905313443377979284, 8.469974677246561612 ) ) ;
#238 = CARTESIAN_POINT ( 'NONE',  ( -274.8513932774934574, 1.492820323027610474, 6.517134397937897283 ) ) ;
#239 = VECTOR ( 'NONE', #609, 1000.000000000000000 ) ;
#240 = ORIENTED_EDGE ( 'NONE', *, *, #62, .F. ) ;
#241 = CARTESIAN_POINT ( 'NONE',  ( -296.1800796728259115, -5.000000000000000000, 0.7378285551758387850 ) ) ;
#242 = CARTESIAN_POINT ( 'NONE',  ( -292.3795560590451146, -1.368514819725353289E-16, 1.919477657748425159 ) ) ;
#243 = CARTESIAN_POINT ( 'NONE',  ( -269.9169874491147425, 0.0004684395356416160960, 8.215514446618280786 ) ) ;
#244 = CARTESIAN_POINT ( 'NONE',  ( -292.2922528504817592, 1.492820323027609586, 1.527812578992755688 ) ) ;
#245 = VERTEX_POINT ( 'NONE', #59 ) ;
#246 = CARTESIAN_POINT ( 'NONE',  ( -289.1211384071079351, 0.000000000000000000, 1.434641070923941220 ) ) ;
#247 = CARTESIAN_POINT ( 'NONE',  ( -292.2082803919182652, 0.009181524512189630921, 1.969654117033394991 ) ) ;
#248 = CARTESIAN_POINT ( 'NONE',  ( 0.000000000000000000, 0.000000000000000000, 0.000000000000000000 ) ) ;
#249 = CARTESIAN_POINT ( 'NONE',  ( -293.3851717179084062, 1.492820323027610252, 1.190808770497024494 ) ) ;
#250 = CARTESIAN_POINT ( 'NONE',  ( -267.6135859075973826, 1.492820323027609586, 3.600403277526356582 ) ) ;
#251 = CARTESIAN_POINT ( 'NONE',  ( -282.8747126460419281, 1.492820323027611806, 4.309288212011320063 ) ) ;
#252 = CARTESIAN_POINT ( 'NONE',  ( -258.4067912369130227, 0.000000000000000000, -42.12789126574841703 ) ) ;
#253 = ORIENTED_EDGE ( 'NONE', *, *, #49, .T. ) ;
#254 = DIRECTION ( 'NONE',  ( 0.000000000000000000, -1.000000000000000000, 0.000000000000000000 ) ) ;
#255 = CARTESIAN_POINT ( 'NONE',  ( -290.9013175411591305, 0.006677517815797700228, 2.369955083253344252 ) ) ;
#256 = CARTESIAN_POINT ( 'NONE',  ( -266.0536830781412050, -5.000000000000000000, 3.303799281862938919 ) ) ;
#257 = CARTESIAN_POINT ( 'NONE',  ( -296.1651404046954781, -1.694065894508600678E-18, 0.7424793130204514480 ) ) ;
#258 = CARTESIAN_POINT ( 'NONE',  ( -268.5886873885815476, -0.000000000000000000, 3.131755624830989237 ) ) ;
#259 = CARTESIAN_POINT ( 'NONE',  ( -248.8940880300644949, 0.000000000000000000, -62.70356205859729926 ) ) ;
#260 = ORIENTED_EDGE ( 'NONE', *, *, #1125, .F. ) ;
#261 = AXIS2_PLACEMENT_3D ( 'NONE', #57, #886, #676 ) ;
#262 = FILL_AREA_STYLE ('',( #1192 ) ) ;
#263 = CARTESIAN_POINT ( 'NONE',  ( -292.5990637582818295, 0.008931975153931777031, 1.849285564111809110 ) ) ;
#264 = B_SPLINE_CURVE_WITH_KNOTS ( 'NONE', 3,
 ( #276, #342, #1193, #68, #524, #814, #536, #1092, #96, #174, #255, #636, #624, #939, #1184, #338, #1008, #920, #167, #709, #270, #616, #7, #1001, #427, #805, #1021, #1178, #187, #247, #360, #1, #75, #434, #820, #715, #546, #88, #442, #725, #348, #1083, #1099, #180, #263, #529, #81, #353, #731, #451, #1109, #611, #159, #993, #629, #930, #1014, #834, #517, #906, #651, #466, #366, #11, #964, #863, #27, #290, #298, #193, #1036, #1138, #840, #1032 ),
 .UNSPECIFIED., .F., .F.,
 ( 4, 2, 2, 2, 1, 1, 1, 1, 1, 2, 2, 2, 1, 1, 1, 2, 2, 1, 1, 1, 1, 1, 2, 2, 1, 1, 1, 1, 2, 2, 2, 2, 1, 1, 1, 2, 2, 1, 1, 1, 1, 2, 2, 1, 1, 1, 1, 1, 1, 2, 2, 4 ),
 ( 0.000000000000000000, 0.06249999999984481858, 0.1249999999996896372, 0.1874999999995344557, 0.2187499999994568511, 0.2343749999994180766, 0.2421874999993987310, 0.2460937499994048372, 0.2480468749993915700, 0.2490234374993849087, 0.2499999999993782751, 0.3124999999995074496, 0.3437499999995720645, 0.3593749999996162514, 0.3671874999996383448, 0.3710937499996621036, 0.3749999999996858069, 0.4062499999999409916, 0.4218750000000685563, 0.4296875000001212919, 0.4335937500001476042, 0.4355468750001607603, 0.4365234375001673661, 0.4375000000001739719, 0.4531250000002051137, 0.4609375000002316480, 0.4648437500002530753, 0.4667968750002637890, 0.4677734375002622902, 0.4687500000002608469, 0.4843750000002376432, 0.5000000000002144951, 0.5625000000001671996, 0.5937500000001325606, 0.6093750000001152411, 0.6171875000001173506, 0.6250000000001194600, 0.6875000000001362244, 0.7187500000001335598, 0.7343750000001427747, 0.7421875000001370015, 0.7460937500001340039, 0.7500000000001311173, 0.8124999999998095968, 0.8437499999996488365, 0.8593749999995581312, 0.8671874999995228261, 0.8710937499995051736, 0.8730468749994962918, 0.8740234374994918509, 0.8749999999994874100, 1.000000000000000000 ),
 .UNSPECIFIED. ) ;
#265 = CARTESIAN_POINT ( 'NONE',  ( -293.8241910466082913, -5.000000000000000000, 0.9732091924778384362 ) ) ;
#266 = CARTESIAN_POINT ( 'NONE',  ( -291.7683474078102677, -0.000000000000000000, 1.177601365121976107 ) ) ;
#267 = CARTESIAN_POINT ( 'NONE',  ( -292.2922528504818160, 1.492820323024951046, 1.527812578992755022 ) ) ;
#268 = VERTEX_POINT ( 'NONE', #55 ) ;
#269 =( NAMED_UNIT ( * ) SI_UNIT ( $, .STERADIAN. ) SOLID_ANGLE_UNIT ( ) );
#270 = CARTESIAN_POINT ( 'NONE',  ( -291.6986108896972496, 0.008826290381069511540, 2.126204046198627129 ) ) ;
#271 = CARTESIAN_POINT ( 'NONE',  ( -269.9360351119775032, -1.114013213323705429E-16, 3.036809920085612458 ) ) ;
#272 = CARTESIAN_POINT ( 'NONE',  ( -292.9001823750736548, -0.000000000000000000, 1.065676373187771198 ) ) ;
#273 = CARTESIAN_POINT ( 'NONE',  ( -275.1629599894644116, -8.950276457247404183E-16, 2.647594443081020099 ) ) ;
#274 = EDGE_LOOP ( 'NONE', ( #857, #750, #420, #373 ) ) ;
#275 = CARTESIAN_POINT ( 'NONE',  ( -269.9781933026271190, 0.000000000000000000, 3.033809342088508831 ) ) ;
#276 = CARTESIAN_POINT ( 'NONE',  ( -289.2145074886811358, -1.694065894508600678E-18, 2.880108934982993141 ) ) ;
#277 = EDGE_LOOP ( 'NONE', ( #653, #461, #936, #641 ) ) ;
#278 = CARTESIAN_POINT ( 'NONE',  ( -266.1531379705341465, 2.168404344971009854E-16, 9.174489778580850796 ) ) ;
#279 = CARTESIAN_POINT ( 'NONE',  ( -291.8501777548804057, 1.693017637487058222E-15, 1.169608413344706888 ) ) ;
#280 = ORIENTED_EDGE ( 'NONE', *, *, #760, .T. ) ;
#281 = CARTESIAN_POINT ( 'NONE',  ( -282.1654888199206539, 9.508374360834465672E-16, 4.923024425403624171 ) ) ;
#282 = VERTEX_POINT ( 'NONE', #45 ) ;
#283 = CARTESIAN_POINT ( 'NONE',  ( -268.0040785525413298, -1.998231167545166150E-15, 3.172009163500300932 ) ) ;
#284 = ADVANCED_FACE ( 'NONE', ( #1078 ), #935, .T. ) ;
#285 = ORIENTED_EDGE ( 'NONE', *, *, #198, .F. ) ;
#286 = B_SPLINE_CURVE_WITH_KNOTS ( 'NONE', 3,
 ( #1152, #302, #1039, #961, #477, #958, #465, #121, #34, #574, #474, #752, #30, #384, #854, #758, #1141, #1045, #297, #131, #389, #662, #953, #966, #765 ),
 .UNSPECIFIED., .F., .F.,
 ( 4, 1, 1, 1, 1, 1, 1, 2, 2, 2, 1, 1, 1, 1, 1, 2, 2, 4 ),
 ( 0.000000000000000000, 0.1249999999997979949, 0.1874999999996969924, 0.2187499999996465050, 0.2343749999996212474, 0.2421874999996086186, 0.2460937499996134759, 0.2480468749996270761, 0.2499999999996406208, 0.3750000000005096479, 0.4375000000009441337, 0.4687500000011505796, 0.4843750000012640444, 0.4921875000013207768, 0.4960937500013491985, 0.4980468750013535839, 0.5000000000013579138, 1.000000000000000000 ),
 .UNSPECIFIED. ) ;
#287 = ORIENTED_EDGE ( 'NONE', *, *, #565, .F. ) ;
#288 = CARTESIAN_POINT ( 'NONE',  ( -288.0527647123308839, 8.552287116063354035E-16, 1.536437728997551044 ) ) ;
#289 = CARTESIAN_POINT ( 'NONE',  ( -267.2413289566584922, 1.492820323027616025, 8.486195756822564107 ) ) ;
#290 = CARTESIAN_POINT ( 'NONE',  ( -295.2417868955747053, 0.02499523320251698100, 1.029893468131872103 ) ) ;
#291 = ORIENTED_EDGE ( 'NONE', *, *, #1185, .F. ) ;
#292 = CARTESIAN_POINT ( 'NONE',  ( -270.1084144858725722, 1.492820323027608698, 3.425853684871669635 ) ) ;
#293 = CARTESIAN_POINT ( 'NONE',  ( -270.5338803297169079, 5.000000000000000000, 7.646328399235069462 ) ) ;
#294 = CARTESIAN_POINT ( 'NONE',  ( -266.7378216606338697, 5.000000000000000000, 6.487585388509735651 ) ) ;
#295 = VERTEX_POINT ( 'NONE', #350 ) ;
#296 = CARTESIAN_POINT ( 'NONE',  ( -266.3005139483142898, 1.492820323027609142, 3.688262859741703537 ) ) ;
#297 = CARTESIAN_POINT ( 'NONE',  ( -285.7918249208773318, 0.0006182185530571420980, 1.746697613313322295 ) ) ;
#298 = CARTESIAN_POINT ( 'NONE',  ( -295.2493089613871007, 0.02507065225324480937, 1.027552873095394892 ) ) ;
#299 = DIRECTION ( 'NONE',  ( -0.2442954651672871180, 0.000000000000000000, 0.9697008434041392011 ) ) ;
#300 = CARTESIAN_POINT ( 'NONE',  ( -272.2267760284219094, -3.612065650426503501E-15, 7.616648737591527940 ) ) ;
#301 = CARTESIAN_POINT ( 'NONE',  ( -288.7812262496084941, 1.492820323027610696, 1.869159506431083084 ) ) ;
#302 = CARTESIAN_POINT ( 'NONE',  ( -288.8689916878584540, 0.0001851631230622800275, 1.458803430290384950 ) ) ;
#303 = CARTESIAN_POINT ( 'NONE',  ( -249.2819683674124462, 1.492820323027616025, -62.80128024468831427 ) ) ;
#304 = CARTESIAN_POINT ( 'NONE',  ( -287.0001825908505566, 5.358377279368113548E-15, 3.536015617059857341 ) ) ;
#305 = DIRECTION ( 'NONE',  ( -0.06567303980418771892, 0.000000000000000000, 0.9978411957034433177 ) ) ;
#306 = EDGE_CURVE ( 'NONE', #194, #647, #872, .T. ) ;
#307 = PLANE ( 'NONE',  #934 ) ;
#308 = B_SPLINE_CURVE_WITH_KNOTS ( 'NONE', 3,
 ( #67, #714, #158, #1182 ),
 .UNSPECIFIED., .F., .F.,
 ( 4, 4 ),
 ( 0.9806554757892466112, 0.9866586557965280058 ),
 .UNSPECIFIED. ) ;
#309 = CARTESIAN_POINT ( 'NONE',  ( -296.1800796728259115, 0.06435832967268631521, 0.7378285551758387850 ) ) ;
#310 = CARTESIAN_POINT ( 'NONE',  ( -267.6912389102038219, 0.0006694147828161112071, 8.784582062957671411 ) ) ;
#311 = CARTESIAN_POINT ( 'NONE',  ( -273.5217595972579829, -1.694065894508600678E-18, 7.277724672603444134 ) ) ;
#312 = EDGE_CURVE ( 'NONE', #351, #268, #746, .T. ) ;
#313 = CARTESIAN_POINT ( 'NONE',  ( -294.0674239884442613, 0.8166528418047764859, 1.170031161588032331 ) ) ;
#314 = EDGE_CURVE ( 'NONE', #522, #115, #520, .T. ) ;
#315 = B_SPLINE_CURVE_WITH_KNOTS ( 'NONE', 3,
 ( #850, #23, #377, #749 ),
 .UNSPECIFIED., .F., .F.,
 ( 4, 4 ),
 ( 0.000000000000000000, 1.000000000000000000 ),
 .UNSPECIFIED. ) ;
#316 = CARTESIAN_POINT ( 'NONE',  ( -274.4129293419551345, 8.673617379884035472E-16, 2.705703764167417535 ) ) ;
#317 = CARTESIAN_POINT ( 'NONE',  ( -296.9983092713688393, 2.168404344971008128E-16, 0.4952747554780663752 ) ) ;
#318 = CARTESIAN_POINT ( 'NONE',  ( -267.4327821343348432, 0.0004020299306327151869, 8.850211026974664108 ) ) ;
#319 = DIRECTION ( 'NONE',  ( -0.2442954651671861155, 0.000000000000000000, 0.9697008434041645142 ) ) ;
#320 = CARTESIAN_POINT ( 'NONE',  ( -292.3685276782749156, 1.463760515216006031, 1.512442284166975126 ) ) ;
#321 = VERTEX_POINT ( 'NONE', #817 ) ;
#322 = CARTESIAN_POINT ( 'NONE',  ( -266.1048057455913067, 0.000000000000000000, 3.300432141323298207 ) ) ;
#323 = CARTESIAN_POINT ( 'NONE',  ( -269.0923136650246761, 1.492820323027610474, 8.014627727091264475 ) ) ;
#324 = CARTESIAN_POINT ( 'NONE',  ( -291.2221071160398651, 1.492820323027609364, 1.856195411930540828 ) ) ;
#325 = CARTESIAN_POINT ( 'NONE',  ( -248.8940880300644949, -5.000000000000000000, -62.70356205859729926 ) ) ;
#326 = B_SPLINE_CURVE_WITH_KNOTS ( 'NONE', 3,
 ( #1072, #320, #687, #327, #504, #893, #419, #1181, #399, #1079, #800, #980, #1066, #990, #405, #1158, #313, #681, #1060, #785, #974, #235, #139, #145, #499, #791, #695, #720, #1113, #1029, #550, #541, #640, #78, #527, #85, #93, #446 ),
 .UNSPECIFIED., .F., .F.,
 ( 4, 2, 1, 2, 1, 1, 1, 2, 2, 1, 1, 1, 1, 1, 1, 1, 2, 2, 1, 1, 1, 1, 1, 1, 1, 2, 2, 4 ),
 ( 0.000000000000000000, 0.1250000000080242757, 0.1875000000120547461, 0.2187500000140699674, 0.2343750000150643942, 0.2421875000155616076, 0.2460937500158101865, 0.2480468750159345037, 0.2500000000160588209, 0.3750000000242323939, 0.4375000000283191248, 0.4687500000303808645, 0.4843750000313933879, 0.4921875000318996496, 0.4960937500321711546, 0.4980468750323068239, 0.4990234375323747140, 0.5000000000324424931, 0.6250000000256672461, 0.6875000000222796226, 0.7187500000205986339, 0.7343750000197581951, 0.7421875000193379757, 0.7460937500191380245, 0.7480468750190480964, 0.7490234375190131244, 0.7500000000189780414, 1.000000000000000000 ),
 .UNSPECIFIED. ) ;
#327 = CARTESIAN_POINT ( 'NONE',  ( -292.7258643706934436, 1.327679343144515745, 1.440414906694678532 ) ) ;
#328 = VERTEX_POINT ( 'NONE', #1104 ) ;
#329 = CARTESIAN_POINT ( 'NONE',  ( -280.1933390370801931, 1.492820323027610918, 5.060299202890700343 ) ) ;
#330 = CARTESIAN_POINT ( 'NONE',  ( -270.1038878685391182, 1.492820323027610696, 7.754770266601774154 ) ) ;
#331 = CARTESIAN_POINT ( 'NONE',  ( -269.8426132689784822, 0.0005085836785951382581, 8.234653099546514810 ) ) ;
#332 =( GEOMETRIC_REPRESENTATION_CONTEXT ( 3 ) GLOBAL_UNCERTAINTY_ASSIGNED_CONTEXT ( ( #693 ) ) GLOBAL_UNIT_ASSIGNED_CONTEXT ( ( #222, #963, #772 ) ) REPRESENTATION_CONTEXT ( 'NONE', 'WORKASPACE' ) );
#333 = FACE_OUTER_BOUND ( 'NONE', #637, .T. ) ;
#334 = CARTESIAN_POINT ( 'NONE',  ( -274.8513932774934574, 1.492820323027610474, 6.517134397937897283 ) ) ;
#335 = ORIENTED_EDGE ( 'NONE', *, *, #881, .T. ) ;
#336 = CARTESIAN_POINT ( 'NONE',  ( -266.4790636007936087, 5.000000000000000000, 3.676284085752649755 ) ) ;
#337 = DIRECTION ( 'NONE',  ( 0.2442954651672871180, 0.000000000000000000, -0.9697008434041392011 ) ) ;
#338 = CARTESIAN_POINT ( 'NONE',  ( -290.9411910540326858, 0.006815573838765088752, 2.357800470528821357 ) ) ;
#339 = CARTESIAN_POINT ( 'NONE',  ( -289.3061771411244081, 5.000000000000000000, 1.820498618962104631 ) ) ;
#340 = ORIENTED_EDGE ( 'NONE', *, *, #132, .F. ) ;
#341 = CARTESIAN_POINT ( 'NONE',  ( -267.6135859075973826, 5.000000000000000000, 3.600403277526356582 ) ) ;
#342 = CARTESIAN_POINT ( 'NONE',  ( -289.3096222090025549, 0.0003265790983894683035, 2.851584281947303623 ) ) ;
#343 = CARTESIAN_POINT ( 'NONE',  ( -267.3901341314487468, 0.03070891677803798403, 3.214573880873406786 ) ) ;
#344 = CARTESIAN_POINT ( 'NONE',  ( -297.0272803004466482, 2.168404344971007635E-16, 0.6571358409075891416 ) ) ;
#345 = LINE ( 'NONE', #712, #828 ) ;
#346 = EDGE_LOOP ( 'NONE', ( #291, #559, #534 ) ) ;
#347 = CARTESIAN_POINT ( 'NONE',  ( -269.9360351119775032, -1.114013213323705429E-16, 3.036809920085612458 ) ) ;
#348 = CARTESIAN_POINT ( 'NONE',  ( -292.4475832758540150, 0.009000838452153919061, 1.895976287364700807 ) ) ;
#349 = CARTESIAN_POINT ( 'NONE',  ( -266.0536830781412050, 0.03070891677803798403, 3.303799281862938919 ) ) ;
#350 = CARTESIAN_POINT ( 'NONE',  ( -296.1800796728259115, -5.000000000000000000, 0.7378285551758387850 ) ) ;
#351 = VERTEX_POINT ( 'NONE', #943 ) ;
#352 = CARTESIAN_POINT ( 'NONE',  ( -282.0695018103010625, -5.000000000000000000, 4.969003866035457406 ) ) ;
#353 = CARTESIAN_POINT ( 'NONE',  ( -293.0228505418687632, 0.009408284760886368933, 1.718481281830820162 ) ) ;
#354 = CARTESIAN_POINT ( 'NONE',  ( -275.3423833618964522, 0.03070891677803798403, 2.641336442031988696 ) ) ;
#355 = CARTESIAN_POINT ( 'NONE',  ( -292.2201601915731999, 1.492820323027610474, 1.550037221251297614 ) ) ;
#356 = CARTESIAN_POINT ( 'NONE',  ( -281.7725807858722078, -5.000000000000000000, 2.117118250202886021 ) ) ;
#357 = ORIENTED_EDGE ( 'NONE', *, *, #674, .F. ) ;
#358 = LINE ( 'NONE', #95, #1074 ) ;
#359 = DIRECTION ( 'NONE',  ( 0.000000000000000000, 0.000000000000000000, 1.000000000000000000 ) ) ;
#360 = CARTESIAN_POINT ( 'NONE',  ( -292.2238280490921625, 0.009176447429322808977, 1.964870369096237912 ) ) ;
#361 = DIRECTION ( 'NONE',  ( -0.000000000000000000, 1.000000000000000000, -0.000000000000000000 ) ) ;
#362 = CARTESIAN_POINT ( 'NONE',  ( -292.8858470244959449, 1.492820323027610474, 1.344776579427062746 ) ) ;
#363 = CARTESIAN_POINT ( 'NONE',  ( -266.8668357514517311, 0.000000000000000000, 3.249356367822585856 ) ) ;
#364 = VERTEX_POINT ( 'NONE', #77 ) ;
#365 = CARTESIAN_POINT ( 'NONE',  ( -289.2589293190881676, -5.000000000000000000, 2.893681456037783928 ) ) ;
#366 = CARTESIAN_POINT ( 'NONE',  ( -294.7262843300506461, 0.02002237996542519452, 1.190245577668809673 ) ) ;
#367 = ORIENTED_EDGE ( 'NONE', *, *, #456, .T. ) ;
#368 = CARTESIAN_POINT ( 'NONE',  ( -270.0754260200282602, -5.000000000000000000, 3.030402436536907107 ) ) ;
#369 = CARTESIAN_POINT ( 'NONE',  ( -290.8146628925708796, -1.461258414559702702E-15, 1.271147577629744507 ) ) ;
#370 = B_SPLINE_CURVE_WITH_KNOTS ( 'NONE', 3,
 ( #711, #831, #437, #273 ),
 .UNSPECIFIED., .F., .F.,
 ( 4, 4 ),
 ( 0.9613526202766295992, 0.9715423520790167355 ),
 .UNSPECIFIED. ) ;
#371 = ORIENTED_EDGE ( 'NONE', *, *, #839, .F. ) ;
#372 = VECTOR ( 'NONE', #305, 1000.000000000000114 ) ;
#373 = ORIENTED_EDGE ( 'NONE', *, *, #14, .T. ) ;
#374 = CARTESIAN_POINT ( 'NONE',  ( -285.9808042660512797, 1.296184791879055649E-16, 1.729489772014732418 ) ) ;
#375 = EDGE_CURVE ( 'NONE', #295, #956, #578, .T. ) ;
#376 = VERTEX_POINT ( 'NONE', #16 ) ;
#377 = CARTESIAN_POINT ( 'NONE',  ( -281.2389351980446008, -8.673617379884035472E-16, 2.150594688146576061 ) ) ;
#378 = ORIENTED_EDGE ( 'NONE', *, *, #665, .T. ) ;
#379 = CARTESIAN_POINT ( 'NONE',  ( -271.4928111198167926, 1.492820323027612250, 3.325924396989976994 ) ) ;
#380 = CARTESIAN_POINT ( 'NONE',  ( -280.1507401585294588, 5.000000000000000000, 5.084083609100405354 ) ) ;
#381 = CARTESIAN_POINT ( 'NONE',  ( -296.1507023082847354, 0.01138447143546530635, 0.7469740582717460109 ) ) ;
#382 = CARTESIAN_POINT ( 'NONE',  ( -270.8783384967072720, 4.045746519420705274E-15, 7.967681849731815369 ) ) ;
#383 = CARTESIAN_POINT ( 'NONE',  ( -272.1849493804917302, 1.492820323027610030, 3.275057212402477713 ) ) ;
#384 = CARTESIAN_POINT ( 'NONE',  ( -286.5632699272675836, 0.0006868829049644478756, 1.675648196872850493 ) ) ;
#385 = CARTESIAN_POINT ( 'NONE',  ( -289.3061771411244081, 1.492820323027609586, 1.820498618962104631 ) ) ;
#386 = ORIENTED_EDGE ( 'NONE', *, *, #767, .F. ) ;
#387 = CARTESIAN_POINT ( 'NONE',  ( -290.1242576756491758, -3.309231144376516807E-15, 1.338212220001119279 ) ) ;
#388 = APPLICATION_CONTEXT ( 'automotive_design' ) ;
#389 = CARTESIAN_POINT ( 'NONE',  ( -285.7643464639351123, 0.0006149184361441411987, 1.749214756233305579 ) ) ;
#390 = CARTESIAN_POINT ( 'NONE',  ( -275.1629599894644116, -8.950276457247404183E-16, 2.647594443081020099 ) ) ;
#391 = EDGE_CURVE ( 'NONE', #1067, #1128, #370, .T. ) ;
#392 = EDGE_CURVE ( 'NONE', #268, #557, #940, .T. ) ;
#393 = ORIENTED_EDGE ( 'NONE', *, *, #581, .F. ) ;
#394 = CARTESIAN_POINT ( 'NONE',  ( -296.1800796728259115, -5.000000000000000000, 0.7378285551758387850 ) ) ;
#395 = CARTESIAN_POINT ( 'NONE',  ( -275.8812810479718109, -5.000000000000000000, 6.658724755780865756 ) ) ;
#396 = CARTESIAN_POINT ( 'NONE',  ( -292.3379440093748372, 4.262560093961997759E-16, 1.932302803138014502 ) ) ;
#397 = CARTESIAN_POINT ( 'NONE',  ( -267.7959837201946129, 0.0007494969100601484371, 8.757961787292890321 ) ) ;
#398 = CARTESIAN_POINT ( 'NONE',  ( -274.3708445261273710, 1.492820323027609586, 3.115664171102432878 ) ) ;
#399 = CARTESIAN_POINT ( 'NONE',  ( -293.1971033625615632, 1.148182218076855721, 1.345436022598524461 ) ) ;
#400 = CARTESIAN_POINT ( 'NONE',  ( -275.8812810479718109, 0.06435832967268631521, 6.658724755780865756 ) ) ;
#401 = CARTESIAN_POINT ( 'NONE',  ( -292.2130987613282969, 1.575051774591277065E-15, 1.970748036275404180 ) ) ;
#402 = CARTESIAN_POINT ( 'NONE',  ( -266.9899655871722643, 0.0001717989478210053811, 8.962457047001420207 ) ) ;
#403 = VECTOR ( 'NONE', #319, 1000.000000000000227 ) ;
#404 = CARTESIAN_POINT ( 'NONE',  ( -292.2922528504818160, 1.492820323024951046, 1.527812578992755022 ) ) ;
#405 = CARTESIAN_POINT ( 'NONE',  ( -293.6485784139179600, 0.9762086275312462647, 1.254443875011798326 ) ) ;
#406 = ORIENTED_EDGE ( 'NONE', *, *, #1016, .F. ) ;
#407 = CARTESIAN_POINT ( 'NONE',  ( -266.1542648953799812, 0.000000000000000000, 3.297124356135762380 ) ) ;
#408 = CARTESIAN_POINT ( 'NONE',  ( -267.2368199955649857, 1.492820323027610474, 8.487352530382786142 ) ) ;
#409 = CARTESIAN_POINT ( 'NONE',  ( -267.2831565806741310, 0.0002518745062520665479, 8.888167409792082196 ) ) ;
#410 = B_SPLINE_CURVE_WITH_KNOTS ( 'NONE', 3,
 ( #959, #1025, #1041, #117, #108, #558, #385, #462, #553 ),
 .UNSPECIFIED., .F., .F.,
 ( 4, 1, 1, 1, 1, 1, 4 ),
 ( 0.000000000000000000, 0.1249999999999993894, 0.2499999999999987788, 0.5000000000000000000, 0.7500000000000012212, 0.8750000000000005551, 1.000000000000000000 ),
 .UNSPECIFIED. ) ;
#411 = CARTESIAN_POINT ( 'NONE',  ( -292.2922528504817592, 5.000000000000000000, 1.527812578992755688 ) ) ;
#412 = CARTESIAN_POINT ( 'NONE',  ( -285.2937409332817538, 5.000000000000000000, 3.624584043683924950 ) ) ;
#413 = VERTEX_POINT ( 'NONE', #267 ) ;
#414 = CARTESIAN_POINT ( 'NONE',  ( -258.4067912369130227, -5.000000000000000000, -42.12789126574841703 ) ) ;
#415 = CARTESIAN_POINT ( 'NONE',  ( -297.6640755292524432, 2.168404344971008868E-16, 0.2899843435713030937 ) ) ;
#416 = CARTESIAN_POINT ( 'NONE',  ( -269.4627314726269560, 0.0006973458400848922068, 8.332268304505594969 ) ) ;
#417 = B_SPLINE_CURVE_WITH_KNOTS ( 'NONE', 3,
 ( #179, #515, #991, #899 ),
 .UNSPECIFIED., .F., .F.,
 ( 4, 4 ),
 ( 0.000000000000000000, 1.000000000000000000 ),
 .UNSPECIFIED. ) ;
#418 = CARTESIAN_POINT ( 'NONE',  ( -275.0045999747491692, -1.694065894508600678E-18, 6.882833454812295138 ) ) ;
#419 = CARTESIAN_POINT ( 'NONE',  ( -293.1030926524041433, 1.183991442109899594, 1.364383569458800460 ) ) ;
#420 = ORIENTED_EDGE ( 'NONE', *, *, #540, .F. ) ;
#421 = CARTESIAN_POINT ( 'NONE',  ( -266.3457767190673167, -5.000000000000000000, 6.568772689702864653 ) ) ;
#422 = DIRECTION ( 'NONE',  ( 0.000000000000000000, -1.000000000000000000, 0.000000000000000000 ) ) ;
#423 = CARTESIAN_POINT ( 'NONE',  ( -289.3316358988174102, 1.492820323027610474, 2.431691676141536362 ) ) ;
#424 = CARTESIAN_POINT ( 'NONE',  ( -291.3026239793849186, 5.000000000000000000, 1.832966702045139229 ) ) ;
#425 = ORIENTED_EDGE ( 'NONE', *, *, #314, .F. ) ;
#426 = CARTESIAN_POINT ( 'NONE',  ( -266.6141724009613654, 5.000000000000000000, 5.729137541470779915 ) ) ;
#427 = CARTESIAN_POINT ( 'NONE',  ( -291.7984978609313202, 0.008971188109582868553, 2.095563275569580775 ) ) ;
#428 = ADVANCED_FACE ( 'NONE', ( #539 ), #780, .T. ) ;
#429 = CARTESIAN_POINT ( 'NONE',  ( -289.1887434887154313, -5.000000000000000000, 1.438974496950381488 ) ) ;
#430 = CARTESIAN_POINT ( 'NONE',  ( -292.1703609726893092, -0.000000000000000000, 1.137906048722227004 ) ) ;
#431 = CARTESIAN_POINT ( 'NONE',  ( -289.1887434887154313, -5.000000000000000000, 1.438974496950381488 ) ) ;
#432 = ORIENTED_EDGE ( 'NONE', *, *, #793, .T. ) ;
#433 = CARTESIAN_POINT ( 'NONE',  ( -266.9512816706688909, 0.000000000000000000, 8.972250223972869421 ) ) ;
#434 = CARTESIAN_POINT ( 'NONE',  ( -292.2386995765390907, 0.009170817106150740486, 1.960294288224715409 ) ) ;
#435 = CARTESIAN_POINT ( 'NONE',  ( -285.5495068802918581, -0.000000000000000000, 3.957808579379212155 ) ) ;
#436 = CARTESIAN_POINT ( 'NONE',  ( -291.8022534901878089, -0.000000000000000000, 1.174259087164190030 ) ) ;
#437 = CARTESIAN_POINT ( 'NONE',  ( -277.1409392628657429, 0.000000000000000000, 2.493563253992666873 ) ) ;
#438 = ADVANCED_FACE ( 'NONE', ( #1038 ), #566, .F. ) ;
#439 = VERTEX_POINT ( 'NONE', #48 ) ;
#440 = CARTESIAN_POINT ( 'NONE',  ( -293.8273260011417847, 0.000000000000000000, 0.9728959741075769996 ) ) ;
#441 = APPLICATION_PROTOCOL_DEFINITION ( 'draft international standard', 'automotive_design', 1998, #929 ) ;
#442 = CARTESIAN_POINT ( 'NONE',  ( -292.4290615479163193, 0.009017236804854602758, 1.901682653980394155 ) ) ;
#443 = FACE_OUTER_BOUND ( 'NONE', #951, .T. ) ;
#444 = DIRECTION ( 'NONE',  ( 0.000000000000000000, -0.000000000000000000, -1.000000000000000000 ) ) ;
#445 = CARTESIAN_POINT ( 'NONE',  ( -267.3901341314487468, -5.000000000000000000, 3.214573880873406786 ) ) ;
#446 = CARTESIAN_POINT ( 'NONE',  ( -296.1218284420154987, 0.03415340919942205095, 0.7559628819799263377 ) ) ;
#447 = ORIENTED_EDGE ( 'NONE', *, *, #881, .F. ) ;
#448 = VECTOR ( 'NONE', #84, 1000.000000000000227 ) ;
#449 = CARTESIAN_POINT ( 'NONE',  ( -277.1224737462266603, 0.000000000000000000, 2.495100506874572854 ) ) ;
#450 = AXIS2_PLACEMENT_3D ( 'NONE', #1003, #913, #1093 ) ;
#451 = CARTESIAN_POINT ( 'NONE',  ( -293.4047842351328654, 0.01081255898082768285, 1.600314236720395300 ) ) ;
#452 = CARTESIAN_POINT ( 'NONE',  ( -265.0888416694917282, 5.000000000000000000, -17.44685439482439193 ) ) ;
#453 = CARTESIAN_POINT ( 'NONE',  ( -293.2307378542334391, 3.312727617835220034E-18, 1.032943198298669651 ) ) ;
#454 = ORIENTED_EDGE ( 'NONE', *, *, #786, .T. ) ;
#455 = B_SPLINE_CURVE_WITH_KNOTS ( 'NONE', 3,
 ( #873, #126, #293, #567, #380, #860, #771, #216, #571 ),
 .UNSPECIFIED., .F., .F.,
 ( 4, 1, 1, 1, 1, 1, 4 ),
 ( 0.008158563795881819403, 0.01175367058106770515, 0.01534877736625359090, 0.02253899093662536240, 0.02972920450699713391, 0.03332431129218302313, 0.03691941807736890541 ),
 .UNSPECIFIED. ) ;
#456 = EDGE_CURVE ( 'NONE', #956, #185, #590, .T. ) ;
#457 = PLANE ( 'NONE',  #867 ) ;
#458 = ORIENTED_EDGE ( 'NONE', *, *, #804, .T. ) ;
#459 = CARTESIAN_POINT ( 'NONE',  ( -282.1654888199206539, 9.508374360834465672E-16, 4.923024425403624171 ) ) ;
#460 = CARTESIAN_POINT ( 'NONE',  ( -297.7175605060112957, 2.168404344971008868E-16, 0.5888048089796832363 ) ) ;
#461 = ORIENTED_EDGE ( 'NONE', *, *, #623, .F. ) ;
#462 = CARTESIAN_POINT ( 'NONE',  ( -291.2899760278349390, 1.492820323027609586, 1.627028243902146620 ) ) ;
#463 = ORIENTED_EDGE ( 'NONE', *, *, #971, .T. ) ;
#464 = CARTESIAN_POINT ( 'NONE',  ( -286.7084561496502033, 1.492820323027609808, 2.063996651357602907 ) ) ;
#465 = CARTESIAN_POINT ( 'NONE',  ( -287.5048877544767834, 0.0006583544935784129424, 1.587878673601563317 ) ) ;
#466 = CARTESIAN_POINT ( 'NONE',  ( -294.5234733226868684, 0.01824928339499553784, 1.253278503078376405 ) ) ;
#467 = ORIENTED_EDGE ( 'NONE', *, *, #530, .F. ) ;
#468 = VECTOR ( 'NONE', #76, 1000.000000000000114 ) ;
#469 = CARTESIAN_POINT ( 'NONE',  ( -283.9084438604166394, -8.716013903762746109E-15, 1.918120538812798870 ) ) ;
#470 = ORIENTED_EDGE ( 'NONE', *, *, #875, .F. ) ;
#471 = CARTESIAN_POINT ( 'NONE',  ( -266.9513324469021427, 0.0001954775082375209694, 8.972237369520092543 ) ) ;
#472 = CARTESIAN_POINT ( 'NONE',  ( -289.7049303220197203, -0.000000000000000000, 1.378813635485635736 ) ) ;
#473 = CARTESIAN_POINT ( 'NONE',  ( -290.8534854694961496, 1.492820323027609364, 1.669259157506041591 ) ) ;
#474 = CARTESIAN_POINT ( 'NONE',  ( -287.4406659670495401, 0.0006666055568511785765, 1.593899217370563282 ) ) ;
#475 = ORIENTED_EDGE ( 'NONE', *, *, #198, .T. ) ;
#476 = CARTESIAN_POINT ( 'NONE',  ( -264.5436290484562960, 2.168404344971008868E-16, 3.404839016091440573 ) ) ;
#477 = CARTESIAN_POINT ( 'NONE',  ( -287.7049637832802773, 0.0006263568368882254994, 1.569093645021896410 ) ) ;
#478 = B_SPLINE_CURVE_WITH_KNOTS ( 'NONE', 3,
 ( #1164, #163, #777, #521 ),
 .UNSPECIFIED., .F., .F.,
 ( 4, 4 ),
 ( 0.000000000000000000, 1.000000000000000000 ),
 .UNSPECIFIED. ) ;
#479 = EDGE_CURVE ( 'NONE', #602, #321, #813, .T. ) ;
#480 = DIRECTION ( 'NONE',  ( 0.1609050596806845534, 0.000000000000000000, -0.9869698889880862414 ) ) ;
#481 = CLOSED_SHELL ( 'NONE', ( #224, #823, #1009, #223, #925, #1069, #1048, #675, #882, #284, #722, #1119, #738, #962, #937, #438, #181, #103, #650, #514, #1189, #428, #984 ) ) ;
#482 = CARTESIAN_POINT ( 'NONE',  ( -278.4121900402253686, 1.492820323027611806, 2.790446582884734017 ) ) ;
#483 = ORIENTED_EDGE ( 'NONE', *, *, #314, .T. ) ;
#484 = DIRECTION ( 'NONE',  ( 0.9869698889880862414, 0.000000000000000000, 0.1609050596806845534 ) ) ;
#485 = LINE ( 'NONE', #877, #165 ) ;
#486 = CARTESIAN_POINT ( 'NONE',  ( -292.0954421928868783, 1.492820323027611362, 1.588443271456525308 ) ) ;
#487 = CARTESIAN_POINT ( 'NONE',  ( -267.2413289566584922, 1.492820323027616025, 8.486195756822564107 ) ) ;
#488 = PLANE ( 'NONE',  #849 ) ;
#489 = EDGE_CURVE ( 'NONE', #551, #328, #485, .T. ) ;
#490 = CARTESIAN_POINT ( 'NONE',  ( -258.4067912369130227, -5.000000000000000000, -42.12789126574841703 ) ) ;
#491 = CARTESIAN_POINT ( 'NONE',  ( -282.1654888199206539, 9.508374360834465672E-16, 4.923024425403624171 ) ) ;
#492 = ORIENTED_EDGE ( 'NONE', *, *, #804, .F. ) ;
#493 = CARTESIAN_POINT ( 'NONE',  ( -258.4067912369089299, 0.000000000000000000, -42.12789126575970045 ) ) ;
#494 = CARTESIAN_POINT ( 'NONE',  ( -290.0053967537068615, -1.008600346280899087E-15, 2.642967771155070533 ) ) ;
#495 = CARTESIAN_POINT ( 'NONE',  ( -268.0855549462912677, 0.0008968398395765850902, 8.684298634212737511 ) ) ;
#496 = VECTOR ( 'NONE', #104, 1000.000000000000000 ) ;
#497 = FACE_OUTER_BOUND ( 'NONE', #4, .T. ) ;
#498 = VECTOR ( 'NONE', #361, 1000.000000000000000 ) ;
#499 = CARTESIAN_POINT ( 'NONE',  ( -294.2301184643949910, 0.7546736825931087411, 1.137242840018938272 ) ) ;
#500 = ORIENTED_EDGE ( 'NONE', *, *, #489, .F. ) ;
#501 = CARTESIAN_POINT ( 'NONE',  ( -293.8594610414208432, 0.06435832967268631521, 1.460261286760040189 ) ) ;
#502 = CARTESIAN_POINT ( 'NONE',  ( -267.5847537586897147, 0.0005671960342713422290, 8.811633622115477849 ) ) ;
#503 = CARTESIAN_POINT ( 'NONE',  ( -289.1211384071079351, 0.000000000000000000, 1.434641070923941220 ) ) ;
#504 = CARTESIAN_POINT ( 'NONE',  ( -292.8611456403900206, 1.276150900156526324, 1.413148286919049035 ) ) ;
#505 = ORIENTED_EDGE ( 'NONE', *, *, #614, .T. ) ;
#506 = EDGE_CURVE ( 'NONE', #647, #111, #264, .T. ) ;
#507 = CARTESIAN_POINT ( 'NONE',  ( -291.5126356732415616, 0.000000000000000000, 1.205472051631662600 ) ) ;
#508 = CARTESIAN_POINT ( 'NONE',  ( -293.3365948530101832, 2.168404344971008621E-16, 1.624372020965132446 ) ) ;
#509 = CARTESIAN_POINT ( 'NONE',  ( -267.0499766382206417, 0.0001540721238045087978, 8.947260644990317147 ) ) ;
#510 = CARTESIAN_POINT ( 'NONE',  ( -297.5462108296798647, 1.492820323027610474, -0.09225630392012418302 ) ) ;
#511 = CARTESIAN_POINT ( 'NONE',  ( -279.8683819019877888, 5.000000000000000000, 2.677620329082198491 ) ) ;
#512 = CARTESIAN_POINT ( 'NONE',  ( -291.3026239793849186, 1.492820323027610474, 1.832966702045139229 ) ) ;
#513 = ORIENTED_EDGE ( 'NONE', *, *, #375, .F. ) ;
#514 = ADVANCED_FACE ( 'NONE', ( #646 ), #457, .F. ) ;
#515 = CARTESIAN_POINT ( 'NONE',  ( -272.3016765991424677, 0.000000000000000000, 7.598312486139788824 ) ) ;
#516 = B_SPLINE_CURVE_WITH_KNOTS ( 'NONE', 3,
 ( #36, #407, #322, #133 ),
 .UNSPECIFIED., .F., .F.,
 ( 4, 4 ),
 ( 0.9701759100975273498, 1.000000000000000000 ),
 .UNSPECIFIED. ) ;
#517 = CARTESIAN_POINT ( 'NONE',  ( -294.3584494211326046, 0.01689984079569128994, 1.304542362816177192 ) ) ;
#518 = CARTESIAN_POINT ( 'NONE',  ( -266.9512816706688909, -5.000000000000000000, 8.972250223972869421 ) ) ;
#519 = CARTESIAN_POINT ( 'NONE',  ( -295.2160289270877911, 1.492820323027610252, 0.6262601377534892100 ) ) ;
#520 = LINE ( 'NONE', #1024, #448 ) ;
#521 = CARTESIAN_POINT ( 'NONE',  ( -266.0536858960588233, 0.000000000000000000, 3.303842097519102516 ) ) ;
#522 = VERTEX_POINT ( 'NONE', #205 ) ;
#523 = CARTESIAN_POINT ( 'NONE',  ( -270.4909842915561740, -2.141789095443857771E-16, 2.997164063576378989 ) ) ;
#524 = CARTESIAN_POINT ( 'NONE',  ( -289.8850775736416381, 0.002596131073673002814, 2.678352037077231795 ) ) ;
#525 = PLANE ( 'NONE',  #910 ) ;
#526 = CARTESIAN_POINT ( 'NONE',  ( -267.6135859075973826, 5.000000000000000000, 3.600403277526356582 ) ) ;
#527 = CARTESIAN_POINT ( 'NONE',  ( -295.1636799784876644, 0.3991011955218137786, 0.9490791699369319767 ) ) ;
#528 = EDGE_LOOP ( 'NONE', ( #406, #393, #211, #998, #818, #357, #1097, #732, #1006, #470, #852, #371, #287, #682, #240 ) ) ;
#529 = CARTESIAN_POINT ( 'NONE',  ( -292.6361600088354749, 0.008940113143462661421, 1.837844993765651136 ) ) ;
#530 = EDGE_CURVE ( 'NONE', #557, #898, #568, .T. ) ;
#531 = CARTESIAN_POINT ( 'NONE',  ( -266.6596593966928594, 2.168404344971008375E-16, 9.046173874503713463 ) ) ;
#532 = CARTESIAN_POINT ( 'NONE',  ( -294.6977435983895361, -0.000000000000000000, 0.8877370361084927497 ) ) ;
#533 = CARTESIAN_POINT ( 'NONE',  ( -289.2132797827757713, -1.694065894508600678E-18, 2.880477120746216979 ) ) ;
#534 = ORIENTED_EDGE ( 'NONE', *, *, #760, .F. ) ;
#535 = CARTESIAN_POINT ( 'NONE',  ( -296.1800796728259115, -5.000000000000000000, 0.7378285551758387850 ) ) ;
#536 = CARTESIAN_POINT ( 'NONE',  ( -290.4429031002065358, 0.004922588716019307524, 2.509422227939070105 ) ) ;
#537 = PLANE ( 'NONE',  #450 ) ;
#538 = CARTESIAN_POINT ( 'NONE',  ( -295.5781816936551536, 0.000000000000000000, 0.8005825200519984808 ) ) ;
#539 = FACE_OUTER_BOUND ( 'NONE', #528, .T. ) ;
#540 = EDGE_CURVE ( 'NONE', #364, #245, #563, .T. ) ;
#541 = CARTESIAN_POINT ( 'NONE',  ( -295.1483009442234788, 0.4049586590080687110, 0.9521789036170292819 ) ) ;
#542 = ORIENTED_EDGE ( 'NONE', *, *, #306, .F. ) ;
#543 = VECTOR ( 'NONE', #658, 1000.000000000000000 ) ;
#544 = CARTESIAN_POINT ( 'NONE',  ( -271.6732813361088006, 0.0001614399874859395734, 2.912328073595876976 ) ) ;
#545 = CARTESIAN_POINT ( 'NONE',  ( -270.8195071140334562, -5.000000000000000000, 7.986949373159482946 ) ) ;
#546 = CARTESIAN_POINT ( 'NONE',  ( -292.3589631225444236, 0.009078491086563071980, 1.923274320125782699 ) ) ;
#547 = ORIENTED_EDGE ( 'NONE', *, *, #905, .T. ) ;
#548 = LINE ( 'NONE', #942, #498 ) ;
#549 = CARTESIAN_POINT ( 'NONE',  ( -296.3370000948820007, 2.168404344971008868E-16, 0.7254668728355025964 ) ) ;
#550 = CARTESIAN_POINT ( 'NONE',  ( -295.1322857008020151, 0.4110584383812548315, 0.9554068687215520050 ) ) ;
#551 = VERTEX_POINT ( 'NONE', #955 ) ;
#552 = EDGE_CURVE ( 'NONE', #1026, #413, #410, .T. ) ;
#553 = CARTESIAN_POINT ( 'NONE',  ( -292.2922528504818160, 1.492820323024951046, 1.527812578992755022 ) ) ;
#554 = ORIENTED_EDGE ( 'NONE', *, *, #861, .T. ) ;
#555 = CARTESIAN_POINT ( 'NONE',  ( -282.9836630821800441, 2.402212598148893281E-15, 4.694166162597720238 ) ) ;
#556 = CARTESIAN_POINT ( 'NONE',  ( -269.4161568587844613, 1.492820323027612917, 3.474913462398678377 ) ) ;
#557 = VERTEX_POINT ( 'NONE', #663 ) ;
#558 = CARTESIAN_POINT ( 'NONE',  ( -285.1688731340311165, 1.492820323027609586, 2.209775420256334666 ) ) ;
#559 = ORIENTED_EDGE ( 'NONE', *, *, #1016, .T. ) ;
#560 = CARTESIAN_POINT ( 'NONE',  ( -272.1554536496166179, -4.217409784948082274E-16, 2.876146032678524644 ) ) ;
#561 = CARTESIAN_POINT ( 'NONE',  ( -281.6918952125163287, 0.000000000000000000, 2.111587158677415310 ) ) ;
#562 = AXIS2_PLACEMENT_3D ( 'NONE', #730, #254, #166 ) ;
#563 = LINE ( 'NONE', #200, #496 ) ;
#564 = EDGE_CURVE ( 'NONE', #841, #194, #109, .T. ) ;
#565 = EDGE_CURVE ( 'NONE', #282, #1067, #315, .T. ) ;
#566 = PLANE ( 'NONE',  #719 ) ;
#567 = CARTESIAN_POINT ( 'NONE',  ( -274.8513932774934574, 5.000000000000000000, 6.517134397937897283 ) ) ;
#568 = LINE ( 'NONE', #572, #1040 ) ;
#569 = CARTESIAN_POINT ( 'NONE',  ( -296.3764036191054174, 1.492820323027610474, 1.123521344332527816 ) ) ;
#570 = CARTESIAN_POINT ( 'NONE',  ( -286.8877089634793833, 1.492820323027613805, 3.152153524856408762 ) ) ;
#571 = CARTESIAN_POINT ( 'NONE',  ( -292.2922528504818160, 5.000000000000000000, 1.527812578992755022 ) ) ;
#572 = CARTESIAN_POINT ( 'NONE',  ( -264.6897051912085885, 0.000000000000000000, -17.42058517891372560 ) ) ;
#573 = CARTESIAN_POINT ( 'NONE',  ( -292.2347486406721941, 1.492820323027610252, 1.533513342045267125 ) ) ;
#574 = CARTESIAN_POINT ( 'NONE',  ( -287.4470664700328371, 0.0006658265498299880758, 1.593299396308089699 ) ) ;
#575 = FACE_OUTER_BOUND ( 'NONE', #274, .T. ) ;
#576 = CARTESIAN_POINT ( 'NONE',  ( -285.1688731340311165, 5.000000000000000000, 2.209775420256334666 ) ) ;
#577 = B_SPLINE_CURVE_WITH_KNOTS ( 'NONE', 3,
 ( #459, #737, #1110, #994, #821, #70, #435, #91, #835, #815, #168, #842 ),
 .UNSPECIFIED., .F., .F.,
 ( 4, 1, 1, 1, 1, 2, 2, 4 ),
 ( 0.000000000000000000, 0.2500000000000064393, 0.3750000000000096034, 0.4375000000000001665, 0.4687499999999844014, 0.4843749999999766298, 0.4999999999999688027, 1.000000000000000000 ),
 .UNSPECIFIED. ) ;
#578 = B_SPLINE_CURVE_WITH_KNOTS ( 'NONE', 3,
 ( #909, #1188, #431, #356, #836, #728, #445, #92 ),
 .UNSPECIFIED., .F., .F.,
 ( 4, 1, 1, 1, 1, 4 ),
 ( 0.9333134970992769119, 0.9467117567897038732, 0.9601100164801308345, 0.9735082761705577958, 0.9802074060157712765, 0.9869065358609847571 ),
 .UNSPECIFIED. ) ;
#579 = CARTESIAN_POINT ( 'NONE',  ( -266.9513324469021427, 0.0001954775082375209694, 8.972237369520092543 ) ) ;
#580 = CARTESIAN_POINT ( 'NONE',  ( -274.3708445261273710, 5.000000000000000000, 3.115664171102432878 ) ) ;
#581 = EDGE_CURVE ( 'NONE', #111, #1196, #926, .T. ) ;
#582 = DIRECTION ( 'NONE',  ( -0.1609050596806845534, 0.000000000000000000, 0.9869698889880862414 ) ) ;
#583 = CARTESIAN_POINT ( 'NONE',  ( -294.3352442398353332, 2.168404344971008868E-16, 1.316436403105024411 ) ) ;
#584 = CARTESIAN_POINT ( 'NONE',  ( -267.1613109028528470, 0.0001775351701367073080, 8.919052608340974686 ) ) ;
#585 = CARTESIAN_POINT ( 'NONE',  ( 0.000000000000000000, 0.000000000000000000, 0.000000000000000000 ) ) ;
#586 = DIRECTION ( 'NONE',  ( 0.000000000000000000, -0.000000000000000000, -1.000000000000000000 ) ) ;
#587 = CARTESIAN_POINT ( 'NONE',  ( -269.9360351119775032, -1.114013213323705429E-16, 3.036809920085612458 ) ) ;
#588 = CARTESIAN_POINT ( 'NONE',  ( -266.4790636007936087, 1.492820323027609586, 3.676284085752649755 ) ) ;
#589 = CARTESIAN_POINT ( 'NONE',  ( -266.7302828252145446, 1.492820323027610696, 8.615655425722184901 ) ) ;
#590 = LINE ( 'NONE', #1155, #372 ) ;
#591 = CARTESIAN_POINT ( 'NONE',  ( -268.3363133789179642, 1.492820323027610474, 8.208819176600101741 ) ) ;
#592 = CARTESIAN_POINT ( 'NONE',  ( -280.1507401585294588, 1.492820323027610474, 5.084083609100405354 ) ) ;
#593 = CARTESIAN_POINT ( 'NONE',  ( -274.0366268220414554, 0.000000000000000000, 2.734456431791341124 ) ) ;
#594 = VECTOR ( 'NONE', #700, 1000.000000000000000 ) ;
#595 = CARTESIAN_POINT ( 'NONE',  ( -291.8384964893573965, 1.344812827480193811E-15, 2.085862904504820925 ) ) ;
#596 = CARTESIAN_POINT ( 'NONE',  ( -269.0669233923242700, 0.0008554430684735299080, 8.433736919590288039 ) ) ;
#597 = MECHANICAL_DESIGN_GEOMETRIC_PRESENTATION_REPRESENTATION (  '', ( #207 ), #759 ) ;
#598 = EDGE_CURVE ( 'NONE', #185, #898, #761, .T. ) ;
#599 = PLANE ( 'NONE',  #677 ) ;
#600 = AXIS2_PLACEMENT_3D ( 'NONE', #176, #422, #444 ) ;
#601 = CARTESIAN_POINT ( 'NONE',  ( -289.3316358988174102, 5.000000000000000000, 2.431691676141536362 ) ) ;
#602 = VERTEX_POINT ( 'NONE', #471 ) ;
#603 = CARTESIAN_POINT ( 'NONE',  ( -268.2372343302996569, -5.000000000000000000, 8.646699968333212638 ) ) ;
#604 = CARTESIAN_POINT ( 'NONE',  ( -295.0010104977187098, 2.168404344971008868E-16, 1.111145991198281058 ) ) ;
#605 = CARTESIAN_POINT ( 'NONE',  ( -267.1886138821812438, 0.0001899785640568880734, 8.912133000701667029 ) ) ;
#606 = CARTESIAN_POINT ( 'NONE',  ( -285.1688731340311165, 5.000000000000000000, 2.209775420256334666 ) ) ;
#607 = CARTESIAN_POINT ( 'NONE',  ( -292.2922528504818160, 5.000000000000000000, 1.527812578992755022 ) ) ;
#608 = EDGE_LOOP ( 'NONE', ( #18, #1042, #52, #701, #1073, #79, #209, #1019 ) ) ;
#609 = DIRECTION ( 'NONE',  ( -0.000000000000000000, 1.000000000000000000, -0.000000000000000000 ) ) ;
#610 = B_SPLINE_CURVE_WITH_KNOTS ( 'NONE', 3,
 ( #649, #1035, #204, #561, #973 ),
 .UNSPECIFIED., .F., .F.,
 ( 4, 1, 4 ),
 ( 0.000000000000000000, 0.9350911327597359879, 1.000000000000000000 ),
 .UNSPECIFIED. ) ;
#611 = CARTESIAN_POINT ( 'NONE',  ( -293.4970075294705225, 0.01124255429930902037, 1.571756074467432152 ) ) ;
#612 = DIRECTION ( 'NONE',  ( 0.000000000000000000, -1.000000000000000000, 0.000000000000000000 ) ) ;
#613 = CARTESIAN_POINT ( 'NONE',  ( -282.1654888199206539, 9.508374360834465672E-16, 4.923024425403624171 ) ) ;
#614 = EDGE_CURVE ( 'NONE', #439, #328, #754, .T. ) ;
#615 = CARTESIAN_POINT ( 'NONE',  ( -266.9513155214912103, 0.0001303183388926369972, 8.972241654338171557 ) ) ;
#616 = CARTESIAN_POINT ( 'NONE',  ( -291.7537170252358010, 0.008910114720157468610, 2.109302167397959060 ) ) ;
#617 = CARTESIAN_POINT ( 'NONE',  ( -266.0536830781412050, -5.000000000000000000, 3.303799281862938919 ) ) ;
#618 = CARTESIAN_POINT ( 'NONE',  ( -292.6617303681981639, -0.000000000000000000, 1.089280491502088610 ) ) ;
#619 = CARTESIAN_POINT ( 'NONE',  ( -266.9913420495065566, 0.000000000000000000, 3.240959088732835003 ) ) ;
#620 = VECTOR ( 'NONE', #87, 1000.000000000000000 ) ;
#621 = ORIENTED_EDGE ( 'NONE', *, *, #1087, .F. ) ;
#622 = SURFACE_STYLE_FILL_AREA ( #262 ) ;
#623 = EDGE_CURVE ( 'NONE', #1022, #551, #123, .T. ) ;
#624 = CARTESIAN_POINT ( 'NONE',  ( -290.9334265882554291, 0.006788972608888276493, 2.360167565176079396 ) ) ;
#625 = CARTESIAN_POINT ( 'NONE',  ( -270.0754260200282602, 0.03070891677803798403, 3.030402436536907107 ) ) ;
#626 = CARTESIAN_POINT ( 'NONE',  ( -291.4041599710712944, -0.000000000000000000, 1.213434003060281485 ) ) ;
#627 = CARTESIAN_POINT ( 'NONE',  ( -266.9522704028076419, 0.000000000000000000, 3.243597054071837515 ) ) ;
#628 = ORIENTED_EDGE ( 'NONE', *, *, #199, .F. ) ;
#629 = CARTESIAN_POINT ( 'NONE',  ( -293.8761076763001370, 0.01332042584035021335, 1.454277947167579521 ) ) ;
#630 = CARTESIAN_POINT ( 'NONE',  ( -266.8285017434706674, 2.168404344971009361E-16, 9.003409272677515673 ) ) ;
#631 = CARTESIAN_POINT ( 'NONE',  ( -290.2920239890257790, -0.000000000000000000, 1.322090107906320977 ) ) ;
#632 = CARTESIAN_POINT ( 'NONE',  ( -266.1525938294512912, 0.000000000000000000, 3.297192359436996068 ) ) ;
#633 = DIRECTION ( 'NONE',  ( 0.000000000000000000, -1.000000000000000000, 0.000000000000000000 ) ) ;
#634 = EDGE_LOOP ( 'NONE', ( #837, #454, #643, #911, #1105, #28, #157, #825, #39, #492, #10 ) ) ;
#635 = DIRECTION ( 'NONE',  ( 0.000000000000000000, -1.000000000000000000, 0.000000000000000000 ) ) ;
#636 = CARTESIAN_POINT ( 'NONE',  ( -290.9228943219358143, 0.006752669684849586969, 2.363378263310919714 ) ) ;
#637 = EDGE_LOOP ( 'NONE', ( #206, #1191 ) ) ;
#638 = CARTESIAN_POINT ( 'NONE',  ( -268.1791146726201305, 1.669526685572457761E-15, 8.660797125351903603 ) ) ;
#639 = CARTESIAN_POINT ( 'NONE',  ( -291.1598455152747533, -3.861421982458066893E-15, 1.237412486453949745 ) ) ;
#640 = CARTESIAN_POINT ( 'NONE',  ( -295.1552021060506377, 0.4023301906691335583, 0.9507879343900216274 ) ) ;
#641 = ORIENTED_EDGE ( 'NONE', *, *, #598, .T. ) ;
#642 = DIRECTION ( 'NONE',  ( -0.000000000000000000, 1.000000000000000000, -0.000000000000000000 ) ) ;
#643 = ORIENTED_EDGE ( 'NONE', *, *, #479, .T. ) ;
#644 = CARTESIAN_POINT ( 'NONE',  ( -290.1627815054532107, 1.492820323027608032, 1.736352819629580102 ) ) ;
#645 = ORIENTED_EDGE ( 'NONE', *, *, #1049, .T. ) ;
#646 = FACE_OUTER_BOUND ( 'NONE', #1144, .T. ) ;
#647 = VERTEX_POINT ( 'NONE', #683 ) ;
#648 = CARTESIAN_POINT ( 'NONE',  ( -286.6715090798851406, -4.215478426121336299E-16, 1.665706528189289548 ) ) ;
#649 = CARTESIAN_POINT ( 'NONE',  ( -282.3841849361596701, -1.739973386905919041E-15, 2.051484669583322873 ) ) ;
#650 = ADVANCED_FACE ( 'NONE', ( #136 ), #488, .F. ) ;
#651 = CARTESIAN_POINT ( 'NONE',  ( -294.3888729436339418, 0.01714692477962934461, 1.295091909853994583 ) ) ;
#652 = CARTESIAN_POINT ( 'NONE',  ( -296.2146783139129411, 1.492820323027610696, 0.3183245198933984388 ) ) ;
#653 = ORIENTED_EDGE ( 'NONE', *, *, #1087, .T. ) ;
#654 = CARTESIAN_POINT ( 'NONE',  ( -265.2624138538587886, 1.492820323027610252, 3.757662667454868988 ) ) ;
#655 = B_SPLINE_CURVE_WITH_KNOTS ( 'NONE', 3,
 ( #708, #173, #545, #80, #352, #365, #102, #394 ),
 .UNSPECIFIED., .F., .F.,
 ( 4, 1, 1, 1, 1, 4 ),
 ( 0.007733747045973679742, 0.01195422234752661558, 0.01617469764907955229, 0.02461564825218542571, 0.03305659885529129566, 0.04149754945839716908 ),
 .UNSPECIFIED. ) ;
#656 = CARTESIAN_POINT ( 'NONE',  ( -249.2819683674124462, 5.000000000000000000, -62.80128024468831427 ) ) ;
#657 = VECTOR ( 'NONE', #945, 1000.000000000000000 ) ;
#658 = DIRECTION ( 'NONE',  ( 0.000000000000000000, -1.000000000000000000, 0.000000000000000000 ) ) ;
#659 = EDGE_LOOP ( 'NONE', ( #1118, #378, #975, #253 ) ) ;
#660 = EDGE_CURVE ( 'NONE', #1128, #729, #6, .T. ) ;
#661 = CARTESIAN_POINT ( 'NONE',  ( -266.9929465454659407, 1.492820323027611806, 3.641843052113655332 ) ) ;
#662 = CARTESIAN_POINT ( 'NONE',  ( -285.7576950393882953, 0.0006141130320131881143, 1.749823931374466124 ) ) ;
#663 = CARTESIAN_POINT ( 'NONE',  ( -266.0536858960588233, 0.000000000000000000, 3.303842097519102516 ) ) ;
#664 = CARTESIAN_POINT ( 'NONE',  ( -278.9568203187947120, -2.692829660805812026E-15, 5.816037198675445552 ) ) ;
#665 = EDGE_CURVE ( 'NONE', #245, #328, #773, .T. ) ;
#666 = CARTESIAN_POINT ( 'NONE',  ( -278.3794927776751251, 1.604613843287193997E-15, 2.391784562654048596 ) ) ;
#667 = UNCERTAINTY_MEASURE_WITH_UNIT (LENGTH_MEASURE( 1.000000000000000082E-05 ), #919, 'distance_accuracy_value', 'NONE');
#668 = DIRECTION ( 'NONE',  ( -0.2442954651672870625, 0.000000000000000000, 0.9697008434041392011 ) ) ;
#669 = PLANE ( 'NONE',  #261 ) ;
#670 = CARTESIAN_POINT ( 'NONE',  ( -292.0050040380972973, -5.216004925879676401E-15, 2.034759328669959011 ) ) ;
#671 = CARTESIAN_POINT ( 'NONE',  ( -267.4218741085260831, 0.0003902687231905630286, 8.852978913771273994 ) ) ;
#672 = CARTESIAN_POINT ( 'NONE',  ( -291.7212553888932689, 1.492820323027610918, 1.703430450982235778 ) ) ;
#673 = CARTESIAN_POINT ( 'NONE',  ( 0.000000000000000000, -5.000000000000000000, 0.000000000000000000 ) ) ;
#674 = EDGE_CURVE ( 'NONE', #268, #557, #516, .T. ) ;
#675 = ADVANCED_FACE ( 'NONE', ( #236 ), #226, .T. ) ;
#676 = DIRECTION ( 'NONE',  ( 0.000000000000000000, -0.000000000000000000, -1.000000000000000000 ) ) ;
#677 = AXIS2_PLACEMENT_3D ( 'NONE', #1162, #142, #892 ) ;
#678 = CARTESIAN_POINT ( 'NONE',  ( -293.5030364174809847, 2.168404344971008621E-16, 1.573049417988451770 ) ) ;
#679 = CARTESIAN_POINT ( 'NONE',  ( -267.9012796385215438, 0.0008097059801577459557, 8.731182829817148772 ) ) ;
#680 = PLANE ( 'NONE',  #832 ) ;
#681 = CARTESIAN_POINT ( 'NONE',  ( -294.1372296490952181, 0.7900602108383337763, 1.155962972713990622 ) ) ;
#682 = ORIENTED_EDGE ( 'NONE', *, *, #113, .F. ) ;
#683 = CARTESIAN_POINT ( 'NONE',  ( -289.2145074886811358, -1.694065894508600678E-18, 2.880108934982993141 ) ) ;
#684 = CARTESIAN_POINT ( 'NONE',  ( -265.7172312952538391, 1.492820323027609808, 8.872273392861536934 ) ) ;
#685 = CARTESIAN_POINT ( 'NONE',  ( -267.6488090847194030, 0.0006309078031197107046, 8.795362305056338315 ) ) ;
#686 = CARTESIAN_POINT ( 'NONE',  ( -280.1507401585294588, 1.492820323027610474, 5.084083609100405354 ) ) ;
#687 = CARTESIAN_POINT ( 'NONE',  ( -292.4865062807036793, 1.418842794268779572, 1.488657134798588633 ) ) ;
#688 = ORIENTED_EDGE ( 'NONE', *, *, #391, .F. ) ;
#689 = EDGE_CURVE ( 'NONE', #949, #351, #1027, .T. ) ;
#690 = DIRECTION ( 'NONE',  ( -0.9533397055432427658, -0.2588190451025374483, -0.1554223527261563431 ) ) ;
#691 = CARTESIAN_POINT ( 'NONE',  ( -289.0045009511249532, 1.047397763794873315E-14, 2.943446711907348412 ) ) ;
#692 = CARTESIAN_POINT ( 'NONE',  ( -267.5083663519043853, 0.0004853567147033085723, 8.831029389114146255 ) ) ;
#693 = UNCERTAINTY_MEASURE_WITH_UNIT (LENGTH_MEASURE( 1.000000000000000082E-05 ), #222, 'distance_accuracy_value', 'NONE');
#694 = DIRECTION ( 'NONE',  ( -0.9697008434041646252, 0.000000000000000000, -0.2442954651671861432 ) ) ;
#695 = CARTESIAN_POINT ( 'NONE',  ( -294.7060582536684592, 0.5733975006130986873, 1.041315371575747939 ) ) ;
#696 = CARTESIAN_POINT ( 'NONE',  ( -293.8594610414208432, -5.000000000000000000, 1.460261286760040189 ) ) ;
#697 = CARTESIAN_POINT ( 'NONE',  ( -270.7779931978207628, 1.492820323027613361, 7.580472584675808534 ) ) ;
#698 = CARTESIAN_POINT ( 'NONE',  ( -269.9045027308396811, 0.0004752281791149112278, 8.218727624745874039 ) ) ;
#699 = DIRECTION ( 'NONE',  ( 0.1609050596806845534, 0.000000000000000000, -0.9869698889880862414 ) ) ;
#700 = DIRECTION ( 'NONE',  ( -0.1609050596806400613, 0.000000000000000000, 0.9869698889880935688 ) ) ;
#701 = ORIENTED_EDGE ( 'NONE', *, *, #506, .F. ) ;
#702 = LINE ( 'NONE', #426, #620 ) ;
#703 = CARTESIAN_POINT ( 'NONE',  ( -292.7194206825112133, 1.492820323027611584, 1.396098316127774019 ) ) ;
#704 = CARTESIAN_POINT ( 'NONE',  ( -292.2922528504818160, 5.000000000000000000, 1.527812578992755022 ) ) ;
#705 = CARTESIAN_POINT ( 'NONE',  ( -270.5338803297169079, 1.492820323027610474, 7.646328399235069462 ) ) ;
#706 = ORIENTED_EDGE ( 'NONE', *, *, #748, .F. ) ;
#707 = FACE_OUTER_BOUND ( 'NONE', #171, .T. ) ;
#708 = CARTESIAN_POINT ( 'NONE',  ( -266.9512816706688909, -5.000000000000000000, 8.972250223972869421 ) ) ;
#709 = CARTESIAN_POINT ( 'NONE',  ( -291.5847713714115912, 0.008624698205993553898, 2.161103077483198298 ) ) ;
#710 = FACE_OUTER_BOUND ( 'NONE', #1080, .T. ) ;
#711 = CARTESIAN_POINT ( 'NONE',  ( -281.0195696138512176, -4.504960747012371157E-16, 2.169361897281508522 ) ) ;
#712 = CARTESIAN_POINT ( 'NONE',  ( -292.2922528504818160, 5.000000000000000000, 1.527812578992755022 ) ) ;
#713 = ORIENTED_EDGE ( 'NONE', *, *, #748, .T. ) ;
#714 = CARTESIAN_POINT ( 'NONE',  ( -268.6024646596024468, 0.000000000000000000, 3.131303304966352119 ) ) ;
#715 = CARTESIAN_POINT ( 'NONE',  ( -292.2849088058510461, 0.009140944868492104428, 1.946074936688666046 ) ) ;
#716 = FACE_OUTER_BOUND ( 'NONE', #608, .T. ) ;
#717 = CARTESIAN_POINT ( 'NONE',  ( -291.7821811693479503, -0.000000000000000000, 1.176237923626751058 ) ) ;
#718 = CARTESIAN_POINT ( 'NONE',  ( -269.7954969494683723, -2.961373227434948747E-18, 3.046787286265319139 ) ) ;
#719 = AXIS2_PLACEMENT_3D ( 'NONE', #490, #775, #1150 ) ;
#720 = CARTESIAN_POINT ( 'NONE',  ( -294.9203177441456774, 0.4917914711301831221, 0.9981302139922461070 ) ) ;
#721 = ORIENTED_EDGE ( 'NONE', *, *, #768, .T. ) ;
#722 = ADVANCED_FACE ( 'NONE', ( #1153 ), #669, .F. ) ;
#723 = CARTESIAN_POINT ( 'NONE',  ( -270.3482953804351610, 0.000000000000000000, 3.007420427272871066 ) ) ;
#724 = APPLICATION_PROTOCOL_DEFINITION ( 'draft international standard', 'automotive_design', 1998, #388 ) ;
#725 = CARTESIAN_POINT ( 'NONE',  ( -292.4401151879616805, 0.009007456625664074859, 1.898277178816887956 ) ) ;
#726 = CARTESIAN_POINT ( 'NONE',  ( -258.8015791925041640, 5.000000000000000000, -42.19225328963198507 ) ) ;
#727 = CARTESIAN_POINT ( 'NONE',  ( -294.2173795402627547, 1.492820323027610474, 0.9341957556135970231 ) ) ;
#728 = CARTESIAN_POINT ( 'NONE',  ( -270.0754260200282602, -5.000000000000000000, 3.030402436536907107 ) ) ;
#729 = VERTEX_POINT ( 'NONE', #593 ) ;
#730 = CARTESIAN_POINT ( 'NONE',  ( 0.000000000000000000, 0.000000000000000000, 0.000000000000000000 ) ) ;
#731 = CARTESIAN_POINT ( 'NONE',  ( -293.2765000649351919, 0.01027208809351942524, 1.640023399270507998 ) ) ;
#732 = ORIENTED_EDGE ( 'NONE', *, *, #689, .F. ) ;
#733 = CARTESIAN_POINT ( 'NONE',  ( -281.7725807858722078, -5.000000000000000000, 2.117118250202886021 ) ) ;
#734 = CARTESIAN_POINT ( 'NONE',  ( -292.8855982455332310, 6.418071660709036146E-16, 1.067113711664243736 ) ) ;
#735 = ORIENTED_EDGE ( 'NONE', *, *, #924, .T. ) ;
#736 = CARTESIAN_POINT ( 'NONE',  ( -296.1362649923231061, 0.02276894032642347646, 0.7514685819755472229 ) ) ;
#737 = CARTESIAN_POINT ( 'NONE',  ( -282.7635455660631578, 0.000000000000000000, 4.754806643580110403 ) ) ;
#738 = ADVANCED_FACE ( 'NONE', ( #231 ), #806, .F. ) ;
#739 = EDGE_CURVE ( 'NONE', #185, #1022, #140, .T. ) ;
#740 = CARTESIAN_POINT ( 'NONE',  ( -288.2230018695379954, 1.492820323027610696, 2.758553572581366353 ) ) ;
#741 = EDGE_LOOP ( 'NONE', ( #542, #547 ) ) ;
#742 = CARTESIAN_POINT ( 'NONE',  ( -277.3955639102834425, 0.001063546284243756636, 6.245287700832700573 ) ) ;
#743 = ORIENTED_EDGE ( 'NONE', *, *, #489, .T. ) ;
#744 = CARTESIAN_POINT ( 'NONE',  ( -276.2675374009454003, -2.945021636118810636E-15, 6.546481079465608310 ) ) ;
#745 = CARTESIAN_POINT ( 'NONE',  ( -264.8896837284430035, 2.168404344971008128E-16, 3.381693672319521671 ) ) ;
#746 = B_SPLINE_CURVE_WITH_KNOTS ( 'NONE', 3,
 ( #718, #1195, #258, #162, #9, #184, #170, #3, #1095, #619, #822, #627, #363, #1112, #923, #72 ),
 .UNSPECIFIED., .F., .F.,
 ( 4, 2, 2, 1, 2, 2, 1, 1, 1, 4 ),
 ( 0.000000000000000000, 0.4850879550490760361, 0.7276319325736140264, 0.7427909311688892791, 0.7465806808176969067, 0.7503704304665046454, 0.7579499297641199007, 0.7882679269545810330, 0.8489039213355631386, 0.9701759100975273498 ),
 .UNSPECIFIED. ) ;
#747 = CARTESIAN_POINT ( 'NONE',  ( -267.0480057521399999, 0.4977370138342475103, 8.810220159687293773 ) ) ;
#748 = EDGE_CURVE ( 'NONE', #151, #522, #100, .T. ) ;
#749 = CARTESIAN_POINT ( 'NONE',  ( -281.0195696138512176, -4.504960747012371157E-16, 2.169361897281508522 ) ) ;
#750 = ORIENTED_EDGE ( 'NONE', *, *, #192, .T. ) ;
#751 = CARTESIAN_POINT ( 'NONE',  ( -282.5614098145593971, 1.492820323027608254, 2.438758506259418812 ) ) ;
#752 = CARTESIAN_POINT ( 'NONE',  ( -287.2284148313869991, 0.0006921251527802649251, 1.613788797524321916 ) ) ;
#753 = CARTESIAN_POINT ( 'NONE',  ( -268.3363133789179642, 5.000000000000000000, 8.208819176600101741 ) ) ;
#754 = LINE ( 'NONE', #294, #543 ) ;
#755 = PLANE ( 'NONE',  #141 ) ;
#756 = EDGE_LOOP ( 'NONE', ( #335, #833, #792, #713 ) ) ;
#757 = CARTESIAN_POINT ( 'NONE',  ( -289.7790356351054584, 1.481262687447099079E-16, 1.371550236145388402 ) ) ;
#758 = CARTESIAN_POINT ( 'NONE',  ( -286.0543597585547104, 0.0006474250637437876758, 1.722606591133466480 ) ) ;
#759 =( GEOMETRIC_REPRESENTATION_CONTEXT ( 3 ) GLOBAL_UNCERTAINTY_ASSIGNED_CONTEXT ( ( #667 ) ) GLOBAL_UNIT_ASSIGNED_CONTEXT ( ( #919, #826, #269 ) ) REPRESENTATION_CONTEXT ( 'NONE', 'WORKASPACE' ) );
#760 = EDGE_CURVE ( 'NONE', #230, #146, #869, .T. ) ;
#761 = LINE ( 'NONE', #210, #657 ) ;
#762 = ORIENTED_EDGE ( 'NONE', *, *, #784, .F. ) ;
#763 = VECTOR ( 'NONE', #122, 1000.000000000000000 ) ;
#764 = CARTESIAN_POINT ( 'NONE',  ( -297.7569640302347125, 1.492820323027610474, 0.9868592804767083448 ) ) ;
#765 = CARTESIAN_POINT ( 'NONE',  ( -282.3841849361596701, -1.739973386905919041E-15, 2.051484669583322873 ) ) ;
#766 = CARTESIAN_POINT ( 'NONE',  ( -269.7954969494683723, -2.961373227434948747E-18, 3.046787286265319139 ) ) ;
#767 = EDGE_CURVE ( 'NONE', #115, #376, #702, .T. ) ;
#768 = EDGE_CURVE ( 'NONE', #321, #841, #417, .T. ) ;
#769 = CARTESIAN_POINT ( 'NONE',  ( -269.9243506644576200, 0.0004644227761201077768, 8.213619253587630453 ) ) ;
#770 = CARTESIAN_POINT ( 'NONE',  ( -290.2232147956326003, 1.492820323027609586, 2.159467877011618242 ) ) ;
#771 = CARTESIAN_POINT ( 'NONE',  ( -289.3316358988174102, 5.000000000000000000, 2.431691676141536362 ) ) ;
#772 =( NAMED_UNIT ( * ) SI_UNIT ( $, .STERADIAN. ) SOLID_ANGLE_UNIT ( ) );
#773 = LINE ( 'NONE', #303, #1157 ) ;
#774 = CARTESIAN_POINT ( 'NONE',  ( -292.5876072847397040, -3.080798722967810413E-16, 1.855321981365195549 ) ) ;
#775 = DIRECTION ( 'NONE',  ( -0.9869698889880935688, 0.000000000000000000, -0.1609050596806400613 ) ) ;
#776 = CARTESIAN_POINT ( 'NONE',  ( -269.8918463636156275, 5.000000000000000000, 3.443353738153289267 ) ) ;
#777 = CARTESIAN_POINT ( 'NONE',  ( -266.2686900059913455, 0.7545342546192986832, 3.492103047241099212 ) ) ;
#778 = VECTOR ( 'NONE', #917, 1000.000000000000227 ) ;
#779 = CARTESIAN_POINT ( 'NONE',  ( -282.0695018103010625, 0.06435832967268631521, 4.969003866035457406 ) ) ;
#780 = B_SPLINE_SURFACE_WITH_KNOTS ( 'NONE', 1, 3, ( 
 ( #460, #344, #549, #933, #190, #453, #734, #1122, #279, #639, #369, #387, #757, #1043, #288, #648, #374, #469, #215, #33, #666, #119, #1127, #560, #212, #1134, #106, #1028, #283, #208, #196, #859, #957, #865, #745, #476 ),
 ( #764, #1140, #569, #1034, #203, #1130, #853, #573, #1147, #1047, #473, #644, #952, #301, #965, #464, #129, #29, #751, #25, #482, #114, #21, #383, #379, #292, #556, #948, #847, #870, #661, #296, #38, #654, #960, #125 ) ),
 .UNSPECIFIED., .F., .F., .F.,
 ( 2, 2 ),
 ( 4, 2, 2, 2, 2, 2, 2, 2, 2, 2, 2, 2, 2, 2, 2, 2, 2, 4 ),
 ( 0.000000000000000000, 1.000000000000000000 ),
 ( 0.02312614499788054681, 0.02520710704200043034, 0.02728806908612031734, 0.02832855010818026084, 0.02936903113024020434, 0.03040951215230014784, 0.03144999317436009134, 0.03353095521847997834, 0.03561191726259986534, 0.03977384135083963934, 0.04393576543907941334, 0.04809768952731918734, 0.05017865157143907434, 0.05225961361555896134, 0.05330009463761890137, 0.05434057565967884140, 0.05538105668173878837, 0.05642153770379872840 ),
 .UNSPECIFIED. ) ;
#781 = VECTOR ( 'NONE', #699, 1000.000000000000114 ) ;
#782 = CARTESIAN_POINT ( 'NONE',  ( -267.2296249898233214, 0.0002118886223411811946, 8.901738197044901213 ) ) ;
#783 = FACE_OUTER_BOUND ( 'NONE', #346, .T. ) ;
#784 = EDGE_CURVE ( 'NONE', #927, #17, #1091, .T. ) ;
#785 = CARTESIAN_POINT ( 'NONE',  ( -294.1895835317512820, 0.7701157376112552910, 1.145411942939072780 ) ) ;
#786 = EDGE_CURVE ( 'NONE', #17, #602, #1081, .T. ) ;
#787 = CARTESIAN_POINT ( 'NONE',  ( -292.2922528504818160, 5.000000000000000000, 1.527812578992755022 ) ) ;
#788 = CARTESIAN_POINT ( 'NONE',  ( -268.0803965075527344, 1.492820323027611584, 8.273170028117915464 ) ) ;
#789 = CARTESIAN_POINT ( 'NONE',  ( -268.8548007388981205, 0.0009066475677099550094, 8.488002278364840336 ) ) ;
#790 = CARTESIAN_POINT ( 'NONE',  ( -291.2899760278349390, 5.000000000000000000, 1.627028243902146620 ) ) ;
#791 = CARTESIAN_POINT ( 'NONE',  ( -294.3671060018133971, 0.7024966198711126708, 1.109632814020007130 ) ) ;
#792 = ORIENTED_EDGE ( 'NONE', *, *, #1149, .F. ) ;
#793 = EDGE_CURVE ( 'NONE', #351, #268, #308, .T. ) ;
#794 = CARTESIAN_POINT ( 'NONE',  ( -279.8683819019877888, 5.000000000000000000, 2.677620329082198491 ) ) ;
#795 = FACE_OUTER_BOUND ( 'NONE', #659, .T. ) ;
#796 = CARTESIAN_POINT ( 'NONE',  ( -267.7429771140145931, 1.492820323027610696, 8.359025938108310072 ) ) ;
#797 = CARTESIAN_POINT ( 'NONE',  ( -269.5934742236781858, 0.0006368124585845458263, 8.298706554207242903 ) ) ;
#798 = PRODUCT_DEFINITION_CONTEXT ( 'detailed design', #929, 'design' ) ;
#799 = DIRECTION ( 'NONE',  ( 0.000000000000000000, -1.000000000000000000, 0.000000000000000000 ) ) ;
#800 = CARTESIAN_POINT ( 'NONE',  ( -293.2345253849071582, 1.133927876998560791, 1.337893758928018428 ) ) ;
#801 = ORIENTED_EDGE ( 'NONE', *, *, #598, .F. ) ;
#802 = CARTESIAN_POINT ( 'NONE',  ( -266.9512985960802212, 6.515916944145368347E-05, 8.972245939155705230 ) ) ;
#803 = PLANE ( 'NONE',  #90 ) ;
#804 = EDGE_CURVE ( 'NONE', #295, #230, #928, .T. ) ;
#805 = CARTESIAN_POINT ( 'NONE',  ( -291.8805504177996681, 0.009074116165892667785, 2.070384534818417333 ) ) ;
#806 = B_SPLINE_SURFACE_WITH_KNOTS ( 'NONE', 3, 1, ( 
 ( #874, #981 ),
 ( #603, #1062 ),
 ( #1171, #1159 ),
 ( #395, #400 ),
 ( #47, #779 ),
 ( #976, #1051 ),
 ( #696, #501 ),
 ( #241, #309 ) ),
 .UNSPECIFIED., .F., .F., .F.,
 ( 4, 1, 1, 1, 1, 4 ),
 ( 2, 2 ),
 ( 0.007733747045973679742, 0.01195422234752661558, 0.01617469764907955229, 0.02461564825218542571, 0.03305659885529129566, 0.04149754945839716908 ),
 ( 0.000000000000000000, 1.000000000000000000 ),
 .UNSPECIFIED. ) ;
#807 = CARTESIAN_POINT ( 'NONE',  ( -293.1569768419556681, -0.000000000000000000, 1.040256532645176035 ) ) ;
#808 = DIRECTION ( 'NONE',  ( 0.000000000000000000, -0.000000000000000000, -1.000000000000000000 ) ) ;
#809 = CARTESIAN_POINT ( 'NONE',  ( -275.1629599894644116, -8.950276457247404183E-16, 2.647594443081020099 ) ) ;
#810 = EDGE_LOOP ( 'NONE', ( #86, #105, #1133, #425, #706 ) ) ;
#811 = CARTESIAN_POINT ( 'NONE',  ( -266.9513324469021427, 0.0001954775082375209694, 8.972237369520092543 ) ) ;
#812 = B_SPLINE_CURVE_WITH_KNOTS ( 'NONE', 3,
 ( #5, #912, #449, #74 ),
 .UNSPECIFIED., .F., .F.,
 ( 4, 4 ),
 ( 0.000000000000000000, 1.000000000000000000 ),
 .UNSPECIFIED. ) ;
#813 = B_SPLINE_CURVE_WITH_KNOTS ( 'NONE', 3,
 ( #579, #402, #509, #883, #584, #227, #605, #148, #782, #409, #54, #1161, #671, #318, #692, #502, #685, #972, #137, #1064, #310, #233, #397, #1076, #679, #978, #42, #495, #1058, #58, #890, #64, #789, #1070, #988, #237, #900, #596, #983, #416, #797, #1174, #331, #1053, #698, #243, #769, #219, #968, #134 ),
 .UNSPECIFIED., .F., .F.,
 ( 4, 1, 1, 1, 2, 2, 1, 1, 2, 2, 1, 1, 1, 2, 2, 1, 1, 2, 2, 2, 1, 1, 1, 1, 2, 2, 2, 1, 1, 1, 1, 2, 2, 4 ),
 ( 0.000000000000000000, 0.03125000000025997260, 0.04687500000038995890, 0.05468750000045510817, 0.05859375000050628945, 0.06250000000055747074, 0.09375000000096779529, 0.1093750000011928236, 0.1171875000012878726, 0.1250000000013829216, 0.1562500000017094659, 0.1718750000018924307, 0.1796875000019838853, 0.1835937500019995117, 0.1875000000020151381, 0.2187500000019335644, 0.2343750000018929025, 0.2421875000018532120, 0.2500000000018135493, 0.3750000000005773160, 0.4374999999999591993, 0.4687499999996501687, 0.4843749999995133337, 0.4921874999994625410, 0.4960937499994546029, 0.4999999999994466093, 0.6249999999997453148, 0.6874999999998947509, 0.7187499999999517053, 0.7343749999999972244, 0.7421875000000034417, 0.7460937500000064393, 0.7500000000000095479, 1.000000000000000000 ),
 .UNSPECIFIED. ) ;
#814 = CARTESIAN_POINT ( 'NONE',  ( -290.2738154695254025, 0.004229868723504570834, 2.560738988812813588 ) ) ;
#815 = CARTESIAN_POINT ( 'NONE',  ( -286.8859426288116197, -0.000000000000000000, 3.570689339881490287 ) ) ;
#816 = CARTESIAN_POINT ( 'NONE',  ( -296.8804445717962608, 1.492820323027610030, 0.1130341079866391679 ) ) ;
#817 = CARTESIAN_POINT ( 'NONE',  ( -270.9215183976575645, 8.604582112122771744E-16, 7.956102125854441098 ) ) ;
#818 = ORIENTED_EDGE ( 'NONE', *, *, #1125, .T. ) ;
#819 = CARTESIAN_POINT ( 'NONE',  ( -270.1633698728371655, 0.000000000000000000, 3.020639988299604006 ) ) ;
#820 = CARTESIAN_POINT ( 'NONE',  ( -292.2499682018303133, 0.009166237115345855085, 1.956826699432613337 ) ) ;
#821 = CARTESIAN_POINT ( 'NONE',  ( -285.1871656208169270, -0.000000000000000000, 4.062522107167788832 ) ) ;
#822 = CARTESIAN_POINT ( 'NONE',  ( -266.9824492377902061, 0.000000000000000000, 3.241559647763451402 ) ) ;
#823 = ADVANCED_FACE ( 'NONE', ( #707 ), #999, .F. ) ;
#824 = CARTESIAN_POINT ( 'NONE',  ( -284.2137477824542771, 1.492820323027613139, 3.928229158322978254 ) ) ;
#825 = ORIENTED_EDGE ( 'NONE', *, *, #581, .T. ) ;
#826 =( NAMED_UNIT ( * ) PLANE_ANGLE_UNIT ( ) SI_UNIT ( $, .RADIAN. ) );
#827 = SHAPE_DEFINITION_REPRESENTATION ( #143, #1044 ) ;
#828 = VECTOR ( 'NONE', #633, 1000.000000000000000 ) ;
#829 = LINE ( 'NONE', #726, #468 ) ;
#830 = CARTESIAN_POINT ( 'NONE',  ( -291.6208163309992756, 0.000000000000000000, 1.192138732025209036 ) ) ;
#831 = CARTESIAN_POINT ( 'NONE',  ( -279.0944736959809802, 0.000000000000000000, 2.333870359461609922 ) ) ;
#832 = AXIS2_PLACEMENT_3D ( 'NONE', #585, #799, #808 ) ;
#833 = ORIENTED_EDGE ( 'NONE', *, *, #552, .T. ) ;
#834 = CARTESIAN_POINT ( 'NONE',  ( -294.3297959253733893, 0.01666891758276323535, 1.313442503085347379 ) ) ;
#835 = CARTESIAN_POINT ( 'NONE',  ( -285.6569004281435014, 0.000000000000000000, 3.926723000311222567 ) ) ;
#836 = CARTESIAN_POINT ( 'NONE',  ( -275.3423833618964522, -5.000000000000000000, 2.641336442031988696 ) ) ;
#837 = ORIENTED_EDGE ( 'NONE', *, *, #784, .T. ) ;
#838 = DIRECTION ( 'NONE',  ( 1.000000000000000000, 0.000000000000000000, 0.000000000000000000 ) ) ;
#839 = EDGE_CURVE ( 'NONE', #1067, #1128, #812, .T. ) ;
#840 = CARTESIAN_POINT ( 'NONE',  ( -295.7163389331599888, 0.02987014536070824178, 0.8821974368144359646 ) ) ;
#841 = VERTEX_POINT ( 'NONE', #1115 ) ;
#842 = CARTESIAN_POINT ( 'NONE',  ( -289.2145074886811358, -1.694065894508600678E-18, 2.880108934982993141 ) ) ;
#843 = CARTESIAN_POINT ( 'NONE',  ( -284.5547910542807699, -1.694065894508600678E-18, 4.251583523706457868 ) ) ;
#844 = ORIENTED_EDGE ( 'NONE', *, *, #530, .T. ) ;
#845 = CARTESIAN_POINT ( 'NONE',  ( -275.0045999747491692, -1.694065894508600678E-18, 6.882833454812295138 ) ) ;
#846 = ORIENTED_EDGE ( 'NONE', *, *, #739, .T. ) ;
#847 = CARTESIAN_POINT ( 'NONE',  ( -268.0315175322044752, 1.492820323027608920, 3.571066966537333798 ) ) ;
#848 = CARTESIAN_POINT ( 'NONE',  ( -296.1218284420154987, 0.03415340919942205095, 0.7559628819799263377 ) ) ;
#849 = AXIS2_PLACEMENT_3D ( 'NONE', #493, #690, #582 ) ;
#850 = CARTESIAN_POINT ( 'NONE',  ( -281.6765558379957497, 0.000000000000000000, 2.112911319052047432 ) ) ;
#851 = FACE_OUTER_BOUND ( 'NONE', #1165, .T. ) ;
#852 = ORIENTED_EDGE ( 'NONE', *, *, #660, .F. ) ;
#853 = CARTESIAN_POINT ( 'NONE',  ( -292.9249763363285979, 1.492820323027610696, 1.465170697826767565 ) ) ;
#854 = CARTESIAN_POINT ( 'NONE',  ( -286.3394035008125229, 0.0006738251537628185250, 1.696363078661002444 ) ) ;
#855 = CARTESIAN_POINT ( 'NONE',  ( -267.2413289566584353, 1.492820323027610474, 8.486195756822571212 ) ) ;
#856 = CARTESIAN_POINT ( 'NONE',  ( -296.1218284420154987, 0.03415340919942205095, 0.7559628819799263377 ) ) ;
#857 = ORIENTED_EDGE ( 'NONE', *, *, #1149, .T. ) ;
#858 = CARTESIAN_POINT ( 'NONE',  ( -270.2038166117336004, -7.320630173764432373E-16, 8.142087220511248447 ) ) ;
#859 = CARTESIAN_POINT ( 'NONE',  ( -266.2739050323529000, -1.671076890937066666E-15, 3.289148857317584884 ) ) ;
#860 = CARTESIAN_POINT ( 'NONE',  ( -285.2937409332817538, 5.000000000000000000, 3.624584043683924950 ) ) ;
#861 = EDGE_CURVE ( 'NONE', #26, #949, #871, .T. ) ;
#862 = MANIFOLD_SOLID_BREP ( 'Chamfer1', #481 ) ;
#863 = CARTESIAN_POINT ( 'NONE',  ( -295.1894402198735179, 0.02447248756892000596, 1.046181315538430967 ) ) ;
#864 = ORIENTED_EDGE ( 'NONE', *, *, #113, .T. ) ;
#865 = CARTESIAN_POINT ( 'NONE',  ( -265.2357387462125757, 2.168404344971008621E-16, 3.358553107529988591 ) ) ;
#866 = ORIENTED_EDGE ( 'NONE', *, *, #1061, .T. ) ;
#867 = AXIS2_PLACEMENT_3D ( 'NONE', #1046, #950, #214 ) ;
#868 = DIRECTION ( 'NONE',  ( -0.1609050596806400613, 0.000000000000000000, 0.9869698889880935688 ) ) ;
#869 = B_SPLINE_CURVE_WITH_KNOTS ( 'NONE', 3,
 ( #904, #440, #507, #246 ),
 .UNSPECIFIED., .F., .F.,
 ( 4, 4 ),
 ( 0.9333134970992769119, 0.9466939278760231335 ),
 .UNSPECIFIED. ) ;
#870 = CARTESIAN_POINT ( 'NONE',  ( -267.3391466155644025, 1.492820323027609364, 3.618384178911869142 ) ) ;
#871 = B_SPLINE_CURVE_WITH_KNOTS ( 'NONE', 3,
 ( #523, #723, #819, #275, #347 ),
 .UNSPECIFIED., .F., .F.,
 ( 4, 1, 4 ),
 ( 0.000000000000000000, 0.7723998819266516547, 1.000000000000000000 ),
 .UNSPECIFIED. ) ;
#872 = B_SPLINE_CURVE_WITH_KNOTS ( 'NONE', 3,
 ( #613, #843, #1005, #533, #996 ),
 .UNSPECIFIED., .F., .F.,
 ( 4, 1, 4 ),
 ( 0.02477208819001713858, 0.03305659885529129566, 0.03306101179832848791 ),
 .UNSPECIFIED. ) ;
#873 = CARTESIAN_POINT ( 'NONE',  ( -267.2413289566584922, 5.000000000000000000, 8.486195756822564107 ) ) ;
#874 = CARTESIAN_POINT ( 'NONE',  ( -266.9512816706688909, -5.000000000000000000, 8.972250223972869421 ) ) ;
#875 = EDGE_CURVE ( 'NONE', #729, #26, #1084, .T. ) ;
#876 = CARTESIAN_POINT ( 'NONE',  ( -291.0056293128976677, -3.494937051339006275E-15, 2.340287282539894598 ) ) ;
#877 = CARTESIAN_POINT ( 'NONE',  ( -266.4838180475025524, 0.5256308108005456337, 6.540186163718944456 ) ) ;
#878 = CARTESIAN_POINT ( 'NONE',  ( -296.1800796728259115, -1.694065894508600678E-18, 0.7378285551758387850 ) ) ;
#879 = CARTESIAN_POINT ( 'NONE',  ( -266.2906004267911158, 0.2787869736960762457, 5.766075224619120476 ) ) ;
#880 = CARTESIAN_POINT ( 'NONE',  ( -269.8423569942535210, 0.000000000000000000, 3.043454169447520563 ) ) ;
#881 = EDGE_CURVE ( 'NONE', #522, #1026, #358, .T. ) ;
#882 = ADVANCED_FACE ( 'NONE', ( #1020 ), #186, .T. ) ;
#883 = CARTESIAN_POINT ( 'NONE',  ( -267.1235980073249152, 0.0001645251081820326149, 8.928609177073791869 ) ) ;
#884 = LINE ( 'NONE', #1059, #19 ) ;
#885 = CARTESIAN_POINT ( 'NONE',  ( -280.1507401585294588, 5.000000000000000000, 5.084083609100405354 ) ) ;
#886 = DIRECTION ( 'NONE',  ( 0.000000000000000000, -1.000000000000000000, 0.000000000000000000 ) ) ;
#887 = CARTESIAN_POINT ( 'NONE',  ( -274.8185759419742453, 1.492820323027607810, 6.520139189902566024 ) ) ;
#888 = PRESENTATION_LAYER_ASSIGNMENT (  '', '', ( #207 ) ) ;
#889 = CARTESIAN_POINT ( 'NONE',  ( -291.3388548826183637, -2.039104351469084963E-15, 2.238778765124235015 ) ) ;
#890 = CARTESIAN_POINT ( 'NONE',  ( -268.6157564410627856, 0.0009452003593733599449, 8.549097789615940357 ) ) ;
#891 = PRODUCT_DEFINITION ( 'UNKNOWN', '', #1177, #798 ) ;
#892 = DIRECTION ( 'NONE',  ( 0.000000000000000000, -0.000000000000000000, -1.000000000000000000 ) ) ;
#893 = CARTESIAN_POINT ( 'NONE',  ( -293.0198407194411629, 1.215702381029750923, 1.381162782570544589 ) ) ;
#894 = EDGE_LOOP ( 'NONE', ( #1123, #164, #447, #483 ) ) ;
#895 = CARTESIAN_POINT ( 'NONE',  ( -274.7883822888051668, 8.673617379884035472E-16, 2.676741644123917574 ) ) ;
#896 = CARTESIAN_POINT ( 'NONE',  ( -258.8015791925041640, 1.492820323027611806, -42.19225328963198507 ) ) ;
#897 = CARTESIAN_POINT ( 'NONE',  ( -274.8513932774934574, 5.000000000000000000, 6.517134397937897283 ) ) ;
#898 = VERTEX_POINT ( 'NONE', #82 ) ;
#899 = CARTESIAN_POINT ( 'NONE',  ( -275.0045999747491692, -1.694065894508600678E-18, 6.882833454812295138 ) ) ;
#900 = CARTESIAN_POINT ( 'NONE',  ( -268.9330682440661349, 0.0008886256545599485442, 8.467982570804361231 ) ) ;
#901 = CARTESIAN_POINT ( 'NONE',  ( -292.2617078574800757, 1.492820323027610030, 1.537231922277025875 ) ) ;
#902 = CARTESIAN_POINT ( 'NONE',  ( -270.9215183976575645, 8.604582112122771744E-16, 7.956102125854441098 ) ) ;
#903 = PLANE ( 'NONE',  #130 ) ;
#904 = CARTESIAN_POINT ( 'NONE',  ( -296.1800796728259115, -1.694065894508600678E-18, 0.7378285551758387850 ) ) ;
#905 = EDGE_CURVE ( 'NONE', #194, #647, #577, .T. ) ;
#906 = CARTESIAN_POINT ( 'NONE',  ( -294.3775907589193821, 0.01705494131606351965, 1.298596590155855157 ) ) ;
#907 = DIRECTION ( 'NONE',  ( 0.06567303980414603004, 0.000000000000000000, -0.9978411957034459823 ) ) ;
#908 = CARTESIAN_POINT ( 'NONE',  ( -292.6525591371284918, -0.000000000000000000, 1.090188341841889397 ) ) ;
#909 = CARTESIAN_POINT ( 'NONE',  ( -296.1800796728259115, -5.000000000000000000, 0.7378285551758387850 ) ) ;
#910 = AXIS2_PLACEMENT_3D ( 'NONE', #921, #612, #15 ) ;
#911 = ORIENTED_EDGE ( 'NONE', *, *, #120, .T. ) ;
#912 = CARTESIAN_POINT ( 'NONE',  ( -279.0746770142921491, 0.000000000000000000, 2.335689803919867025 ) ) ;
#913 = DIRECTION ( 'NONE',  ( -0.9978411957034434288, 0.000000000000000000, -0.06567303980418773279 ) ) ;
#914 = CARTESIAN_POINT ( 'NONE',  ( -293.6705657693116791, -0.000000000000000000, 0.9894167868055353532 ) ) ;
#915 = CARTESIAN_POINT ( 'NONE',  ( -266.4790636007935518, 5.000000000000000000, 3.676284085752647091 ) ) ;
#916 = CARTESIAN_POINT ( 'NONE',  ( -296.1701200674664278, -1.694065894508600678E-18, 0.7409290868025193433 ) ) ;
#917 = DIRECTION ( 'NONE',  ( -0.2442954651671861155, 0.000000000000000000, 0.9697008434041645142 ) ) ;
#918 = ORIENTED_EDGE ( 'NONE', *, *, #793, .F. ) ;
#919 =( LENGTH_UNIT ( ) NAMED_UNIT ( * ) SI_UNIT ( .MILLI., .METRE. ) );
#920 = CARTESIAN_POINT ( 'NONE',  ( -291.2650446419899595, 0.007854166635993623316, 2.258962434819593135 ) ) ;
#921 = CARTESIAN_POINT ( 'NONE',  ( 0.000000000000000000, 0.000000000000000000, 0.000000000000000000 ) ) ;
#922 = CARTESIAN_POINT ( 'NONE',  ( -291.9401064133755881, -0.000000000000000000, 1.160656202795606884 ) ) ;
#923 = CARTESIAN_POINT ( 'NONE',  ( -266.3964261232421791, -0.000000000000000000, 3.280923912344482218 ) ) ;
#924 = EDGE_CURVE ( 'NONE', #115, #439, #829, .T. ) ;
#925 = ADVANCED_FACE ( 'NONE', ( #443 ), #525, .F. ) ;
#926 = B_SPLINE_CURVE_WITH_KNOTS ( 'NONE', 3,
 ( #856, #736, #381, #31 ),
 .UNSPECIFIED., .F., .F.,
 ( 4, 4 ),
 ( 0.000000000000000000, 1.000000000000000000 ),
 .UNSPECIFIED. ) ;
#927 = VERTEX_POINT ( 'NONE', #518 ) ;
#928 = LINE ( 'NONE', #535, #112 ) ;
#929 = APPLICATION_CONTEXT ( 'automotive_design' ) ;
#930 = CARTESIAN_POINT ( 'NONE',  ( -294.1320868510982223, 0.01513710590600325298, 1.374836411065991193 ) ) ;
#931 = CARTESIAN_POINT ( 'NONE',  ( -268.8541712203774523, 1.366239397386954655E-15, 8.488507370444510869 ) ) ;
#932 = CARTESIAN_POINT ( 'NONE',  ( -291.1822935568768571, -0.000000000000000000, 1.235162401050067915 ) ) ;
#933 = CARTESIAN_POINT ( 'NONE',  ( -294.9564396837529330, 2.168404344971008621E-16, 0.8621289366913158503 ) ) ;
#934 = AXIS2_PLACEMENT_3D ( 'NONE', #673, #221, #107 ) ;
#935 = B_SPLINE_SURFACE_WITH_KNOTS ( 'NONE', 3, 1, ( 
 ( #411, #244 ),
 ( #790, #1180 ),
 ( #339, #1168 ),
 ( #606, #989 ),
 ( #511, #1086 ),
 ( #580, #398 ),
 ( #776, #1156 ),
 ( #526, #250 ),
 ( #915, #99 ) ),
 .UNSPECIFIED., .F., .F., .F.,
 ( 4, 1, 1, 1, 1, 1, 4 ),
 ( 2, 2 ),
 ( 0.9407768680670951511, 0.9464598453055739213, 0.9521428225440526916, 0.9635087770210103431, 0.9748747314979679945, 0.9805577087364467648, 0.9862406859749255350 ),
 ( 0.000000000000000000, 1.000000000000000000 ),
 .UNSPECIFIED. ) ;
#936 = ORIENTED_EDGE ( 'NONE', *, *, #739, .F. ) ;
#937 = ADVANCED_FACE ( 'NONE', ( #160 ), #537, .F. ) ;
#938 = CARTESIAN_POINT ( 'NONE',  ( -270.4909842915561740, -2.141789095443857771E-16, 2.997164063576378989 ) ) ;
#939 = CARTESIAN_POINT ( 'NONE',  ( -290.9378855390012291, 0.006804258216942663147, 2.358808206232729798 ) ) ;
#940 = B_SPLINE_CURVE_WITH_KNOTS ( 'NONE', 3,
 ( #1012, #632, #177, #1018 ),
 .UNSPECIFIED., .F., .F.,
 ( 4, 4 ),
 ( 0.9866586557965280058, 0.9869065358609847571 ),
 .UNSPECIFIED. ) ;
#941 = EDGE_LOOP ( 'NONE', ( #645, #13, #367, #846, #1037 ) ) ;
#942 = CARTESIAN_POINT ( 'NONE',  ( -266.0536830781412050, -5.000000000000000000, 3.303799281862938919 ) ) ;
#943 = CARTESIAN_POINT ( 'NONE',  ( -269.7954969494683723, -2.961373227434948747E-18, 3.046787286265319139 ) ) ;
#944 = ORIENTED_EDGE ( 'NONE', *, *, #875, .T. ) ;
#945 = DIRECTION ( 'NONE',  ( -0.000000000000000000, 1.000000000000000000, -0.000000000000000000 ) ) ;
#946 = ORIENTED_EDGE ( 'NONE', *, *, #971, .F. ) ;
#947 = CARTESIAN_POINT ( 'NONE',  ( -284.3238258464028263, 4.332364006551376346E-15, 4.312786524093267460 ) ) ;
#948 = CARTESIAN_POINT ( 'NONE',  ( -268.3776881881036616, 1.492820323027609364, 3.547192073462063444 ) ) ;
#949 = VERTEX_POINT ( 'NONE', #271 ) ;
#950 = DIRECTION ( 'NONE',  ( -0.9638405814651251902, -0.2588190451025128569, -0.06343528523773478422 ) ) ;
#951 = EDGE_LOOP ( 'NONE', ( #688, #1033 ) ) ;
#952 = CARTESIAN_POINT ( 'NONE',  ( -289.8174066596944272, 1.492820323027610252, 1.769705593863282411 ) ) ;
#953 = CARTESIAN_POINT ( 'NONE',  ( -284.6326511847120742, 0.0004773660096949492804, 1.852852004471083669 ) ) ;
#954 = CARTESIAN_POINT ( 'NONE',  ( -281.0195696138512176, -4.504960747012371157E-16, 2.169361897281508522 ) ) ;
#955 = CARTESIAN_POINT ( 'NONE',  ( -266.3457767190673167, 0.000000000000000000, 6.568772689702864653 ) ) ;
#956 = VERTEX_POINT ( 'NONE', #256 ) ;
#957 = CARTESIAN_POINT ( 'NONE',  ( -265.9278474306206590, 2.168404344971009361E-16, 3.312252862021370703 ) ) ;
#958 = CARTESIAN_POINT ( 'NONE',  ( -287.5719771164995109, 0.0006486997145739527206, 1.581584539206443818 ) ) ;
#959 = CARTESIAN_POINT ( 'NONE',  ( -266.4790636007936087, 1.492820323027609586, 3.676284085752649755 ) ) ;
#960 = CARTESIAN_POINT ( 'NONE',  ( -264.9163774840259862, 1.492820323027610030, 3.780801982697641339 ) ) ;
#961 = CARTESIAN_POINT ( 'NONE',  ( -287.9661788703221532, 0.0005695378027974089047, 1.544502488544263752 ) ) ;
#962 = ADVANCED_FACE ( 'NONE', ( #710 ), #89, .F. ) ;
#963 =( NAMED_UNIT ( * ) PLANE_ANGLE_UNIT ( ) SI_UNIT ( $, .RADIAN. ) );
#964 = CARTESIAN_POINT ( 'NONE',  ( -295.1204651633782419, 0.02378932731477161402, 1.067641648527214215 ) ) ;
#965 = CARTESIAN_POINT ( 'NONE',  ( -288.0903612882708558, 1.492820323027611140, 1.934667062518786729 ) ) ;
#966 = CARTESIAN_POINT ( 'NONE',  ( -283.5085605682812115, 0.0002728390288824850346, 1.953398099458578008 ) ) ;
#967 = CARTESIAN_POINT ( 'NONE',  ( -274.3708445261273710, 5.000000000000000000, 3.115664171102432878 ) ) ;
#968 = CARTESIAN_POINT ( 'NONE',  ( -270.5913725665869265, 0.0001266887120615170807, 8.041656290939798168 ) ) ;
#969 = CARTESIAN_POINT ( 'NONE',  ( -291.8875846050082146, 1.492820323027607365, 1.652381608640314026 ) ) ;
#970 = CARTESIAN_POINT ( 'NONE',  ( -266.6141724009613654, 5.000000000000000000, 5.729137541470779915 ) ) ;
#971 = EDGE_CURVE ( 'NONE', #956, #557, #548, .T. ) ;
#972 = CARTESIAN_POINT ( 'NONE',  ( -267.6745701672285804, 0.0006548218282198696233, 8.788817343793496661 ) ) ;
#973 = CARTESIAN_POINT ( 'NONE',  ( -281.6765558379957497, 0.000000000000000000, 2.112911319052047432 ) ) ;
#974 = CARTESIAN_POINT ( 'NONE',  ( -294.1983091486245598, 0.7667916587398878603, 1.143653447299977977 ) ) ;
#975 = ORIENTED_EDGE ( 'NONE', *, *, #614, .F. ) ;
#976 = CARTESIAN_POINT ( 'NONE',  ( -289.2589293190881676, -5.000000000000000000, 2.893681456037783928 ) ) ;
#977 = CARTESIAN_POINT ( 'NONE',  ( -278.8510087574123872, 1.492820323027608032, 5.430284805436283335 ) ) ;
#978 = CARTESIAN_POINT ( 'NONE',  ( -267.9227373516843613, 0.0008205919274825117628, 8.725724255942960639 ) ) ;
#979 = PLANE ( 'NONE',  #1055 ) ;
#980 = CARTESIAN_POINT ( 'NONE',  ( -293.2420727968645338, 1.131053005105792986, 1.336372608297131226 ) ) ;
#981 = CARTESIAN_POINT ( 'NONE',  ( -266.9512816706688909, 0.06435832967268631521, 8.972250223972869421 ) ) ;
#982 = CARTESIAN_POINT ( 'NONE',  ( -292.5043866271709589, 9.242242674363356501E-16, 1.880983696513919501 ) ) ;
#983 = CARTESIAN_POINT ( 'NONE',  ( -269.2145786521939499, 0.0008038523664358548319, 8.395923861016697742 ) ) ;
#984 = ADVANCED_FACE ( 'NONE', ( #716 ), #1101, .T. ) ;
#985 = DIRECTION ( 'NONE',  ( -0.2442954651671861155, 0.000000000000000000, 0.9697008434041645142 ) ) ;
#986 = ORIENTED_EDGE ( 'NONE', *, *, #786, .F. ) ;
#987 = SURFACE_STYLE_USAGE ( .BOTH. , #1007 ) ;
#988 = CARTESIAN_POINT ( 'NONE',  ( -268.9134737636336467, 0.0008933598458376705576, 8.472995253279428596 ) ) ;
#989 = CARTESIAN_POINT ( 'NONE',  ( -285.1688731340311165, 1.492820323027609586, 2.209775420256334666 ) ) ;
#990 = CARTESIAN_POINT ( 'NONE',  ( -293.4092248163354384, 1.067383362149668669, 1.302683802887722786 ) ) ;
#991 = CARTESIAN_POINT ( 'NONE',  ( -273.6627069015764846, 0.000000000000000000, 7.240567987868235633 ) ) ;
#992 = DIRECTION ( 'NONE',  ( 0.9697008434041392011, 0.000000000000000000, 0.2442954651672871180 ) ) ;
#993 = CARTESIAN_POINT ( 'NONE',  ( -293.6678910712361699, 0.01209496448288111675, 1.518824733167670749 ) ) ;
#994 = CARTESIAN_POINT ( 'NONE',  ( -284.6780107258024373, -0.000000000000000000, 4.209189627345529594 ) ) ;
#995 = CARTESIAN_POINT ( 'NONE',  ( -292.6754872147992614, -0.000000000000000000, 1.087918715956254889 ) ) ;
#996 = CARTESIAN_POINT ( 'NONE',  ( -289.2145074886811358, -1.694065894508600678E-18, 2.880108934982993141 ) ) ;
#997 = CARTESIAN_POINT ( 'NONE',  ( 0.000000000000000000, 0.000000000000000000, 0.000000000000000000 ) ) ;
#998 = ORIENTED_EDGE ( 'NONE', *, *, #552, .F. ) ;
#999 = PLANE ( 'NONE',  #562 ) ;
#1000 = CARTESIAN_POINT ( 'NONE',  ( -272.7990664283165074, 1.492820323027610474, 7.053147043752085565 ) ) ;
#1001 = CARTESIAN_POINT ( 'NONE',  ( -291.7923448785890059, 0.008963119730850888783, 2.097451204674902758 ) ) ;
#1002 = VECTOR ( 'NONE', #642, 1000.000000000000000 ) ;
#1003 = CARTESIAN_POINT ( 'NONE',  ( -264.6897051912085885, -5.000000000000000000, -17.42058517891372560 ) ) ;
#1004 = CARTESIAN_POINT ( 'NONE',  ( -292.6498695263352374, 0.000000000000000000, 1.090454583531220933 ) ) ;
#1005 = CARTESIAN_POINT ( 'NONE',  ( -286.9072293125088891, -1.694065894508600678E-18, 3.572041775124181306 ) ) ;
#1006 = ORIENTED_EDGE ( 'NONE', *, *, #861, .F. ) ;
#1007 = SURFACE_SIDE_STYLE ('',( #622 ) ) ;
#1008 = CARTESIAN_POINT ( 'NONE',  ( -291.1100007752660872, 0.007391020171474557525, 2.306334219640220340 ) ) ;
#1009 = ADVANCED_FACE ( 'NONE', ( #1187 ), #183, .F. ) ;
#1010 = CARTESIAN_POINT ( 'NONE',  ( -265.4777731326943808, 2.168404344971008868E-16, 9.345566092773886169 ) ) ;
#1011 = CARTESIAN_POINT ( 'NONE',  ( -291.0332248242435185, -0.000000000000000000, 1.249744250144305902 ) ) ;
#1012 = CARTESIAN_POINT ( 'NONE',  ( -266.2020636054377292, -2.670608329061685479E-16, 3.293922618428281268 ) ) ;
#1013 = ORIENTED_EDGE ( 'NONE', *, *, #312, .T. ) ;
#1014 = CARTESIAN_POINT ( 'NONE',  ( -294.2633472336555087, 0.01614218972598245941, 1.334079888804860170 ) ) ;
#1015 = CARTESIAN_POINT ( 'NONE',  ( -267.1661818877547034, 2.168404344971008375E-16, 8.917862162136886539 ) ) ;
#1016 = EDGE_CURVE ( 'NONE', #1196, #146, #44, .T. ) ;
#1017 = CARTESIAN_POINT ( 'NONE',  ( -291.7673796369109596, 0.000000000000000000, 1.177696749709507662 ) ) ;
#1018 = CARTESIAN_POINT ( 'NONE',  ( -266.0536858960588233, 0.000000000000000000, 3.303842097519102516 ) ) ;
#1019 = ORIENTED_EDGE ( 'NONE', *, *, #479, .F. ) ;
#1020 = FACE_OUTER_BOUND ( 'NONE', #894, .T. ) ;
#1021 = CARTESIAN_POINT ( 'NONE',  ( -291.9892176987023618, 0.009166225261928900511, 2.037013717136441748 ) ) ;
#1022 = VERTEX_POINT ( 'NONE', #421 ) ;
#1023 = CARTESIAN_POINT ( 'NONE',  ( -267.8415240597788625, 5.377657618323060921E-16, 8.746696632687962492 ) ) ;
#1024 = CARTESIAN_POINT ( 'NONE',  ( -265.0888416694917282, 5.000000000000000000, -17.44685439482439193 ) ) ;
#1025 = CARTESIAN_POINT ( 'NONE',  ( -267.6135859075973826, 1.492820323027609586, 3.600403277526356582 ) ) ;
#1026 = VERTEX_POINT ( 'NONE', #588 ) ;
#1027 = B_SPLINE_CURVE_WITH_KNOTS ( 'NONE', 3,
 ( #587, #40, #880, #766 ),
 .UNSPECIFIED., .F., .F.,
 ( 4, 4 ),
 ( 0.000000000000000000, 1.000000000000000000 ),
 .UNSPECIFIED. ) ;
#1028 = CARTESIAN_POINT ( 'NONE',  ( -268.3500824751232017, -8.513877377264066583E-16, 3.148145769626041091 ) ) ;
#1029 = CARTESIAN_POINT ( 'NONE',  ( -295.1006050839947079, 0.4231247434568923826, 0.9617922798965096165 ) ) ;
#1030 = ORIENTED_EDGE ( 'NONE', *, *, #1163, .F. ) ;
#1031 = B_SPLINE_CURVE_WITH_KNOTS ( 'NONE', 3,
 ( #404, #50, #423, #1175, #686, #238, #1071, #591, #487 ),
 .UNSPECIFIED., .F., .F.,
 ( 4, 1, 1, 1, 1, 1, 4 ),
 ( 0.000000000000000000, 0.1249999999999998751, 0.2500000000000000000, 0.5000000000000000000, 0.7500000000000000000, 0.8750000000000000000, 1.000000000000000000 ),
 .UNSPECIFIED. ) ;
#1032 = CARTESIAN_POINT ( 'NONE',  ( -296.1218284420154987, 0.03415340919942205095, 0.7559628819799263377 ) ) ;
#1033 = ORIENTED_EDGE ( 'NONE', *, *, #839, .T. ) ;
#1034 = CARTESIAN_POINT ( 'NONE',  ( -294.9958432079764634, 1.492820323027610252, 1.260183408188340737 ) ) ;
#1035 = CARTESIAN_POINT ( 'NONE',  ( -282.1640428229163717, 0.000000000000000000, 2.070705437069425781 ) ) ;
#1036 = CARTESIAN_POINT ( 'NONE',  ( -295.2580270011906691, 0.02515814002492888779, 1.024840114247372425 ) ) ;
#1037 = ORIENTED_EDGE ( 'NONE', *, *, #132, .T. ) ;
#1038 = FACE_OUTER_BOUND ( 'NONE', #277, .T. ) ;
#1039 = CARTESIAN_POINT ( 'NONE',  ( -288.4696559054121394, 0.0004073666197464363963, 1.496891377724766992 ) ) ;
#1040 = VECTOR ( 'NONE', #1132, 1000.000000000000114 ) ;
#1041 = CARTESIAN_POINT ( 'NONE',  ( -269.8918463636156275, 1.492820323027609586, 3.443353738153289267 ) ) ;
#1042 = ORIENTED_EDGE ( 'NONE', *, *, #192, .F. ) ;
#1043 = CARTESIAN_POINT ( 'NONE',  ( -288.7433161441654761, 3.542687660018828446E-16, 1.470959910718053099 ) ) ;
#1044 = ADVANCED_BREP_SHAPE_REPRESENTATION ( 'Te connector', ( #862, #220 ), #332 ) ;
#1045 = CARTESIAN_POINT ( 'NONE',  ( -285.8300815159673789, 0.0006227398506936414812, 1.743191785696423191 ) ) ;
#1046 = CARTESIAN_POINT ( 'NONE',  ( -264.6897051912103507, 0.000000000000000000, -17.42058517890273350 ) ) ;
#1047 = CARTESIAN_POINT ( 'NONE',  ( -291.1988254573174686, 1.492820323027607810, 1.635508670514004503 ) ) ;
#1048 = ADVANCED_FACE ( 'NONE', ( #795 ), #803, .T. ) ;
#1049 = EDGE_CURVE ( 'NONE', #927, #295, #655, .T. ) ;
#1050 = ORIENTED_EDGE ( 'NONE', *, *, #120, .F. ) ;
#1051 = CARTESIAN_POINT ( 'NONE',  ( -289.2589293190881676, 0.06435832967268631521, 2.893681456037783928 ) ) ;
#1052 = CARTESIAN_POINT ( 'NONE',  ( -294.0023611108935597, 2.168404344971009361E-16, 1.419081609058402416 ) ) ;
#1053 = CARTESIAN_POINT ( 'NONE',  ( -269.8858273322857144, 0.0004853542684008950578, 8.223533802570489826 ) ) ;
#1054 = LINE ( 'NONE', #656, #1100 ) ;
#1055 = AXIS2_PLACEMENT_3D ( 'NONE', #325, #694, #985 ) ;
#1056 = CARTESIAN_POINT ( 'NONE',  ( -258.8015791925041640, 5.000000000000000000, -42.19225328963198507 ) ) ;
#1057 = CARTESIAN_POINT ( 'NONE',  ( -265.3795493657165139, 1.492820323027610474, 8.957813476276356823 ) ) ;
#1058 = CARTESIAN_POINT ( 'NONE',  ( -268.2388919715377824, 0.0009345255952278194679, 8.645245078574461672 ) ) ;
#1059 = CARTESIAN_POINT ( 'NONE',  ( -265.0888416694917282, 1.492820323027611362, -17.44685439482439193 ) ) ;
#1060 = CARTESIAN_POINT ( 'NONE',  ( -294.1721322720879925, 0.7767638953538207325, 1.148928942208750081 ) ) ;
#1061 = EDGE_CURVE ( 'NONE', #376, #898, #225, .T. ) ;
#1062 = CARTESIAN_POINT ( 'NONE',  ( -268.2372343302996569, 0.06435832967268631521, 8.646699968333212638 ) ) ;
#1063 = CARTESIAN_POINT ( 'NONE',  ( -266.0549290595674847, 1.492820323027611140, 8.786733396411175789 ) ) ;
#1064 = CARTESIAN_POINT ( 'NONE',  ( -267.6904343083264166, 0.0006686887126093030197, 8.784786497445143283 ) ) ;
#1065 = LINE ( 'NONE', #135, #403 ) ;
#1066 = CARTESIAN_POINT ( 'NONE',  ( -293.2471573506907703, 1.129116255349002618, 1.335347837126304560 ) ) ;
#1067 = VERTEX_POINT ( 'NONE', #954 ) ;
#1068 = DIRECTION ( 'NONE',  ( 0.2442954651672871180, 0.000000000000000000, -0.9697008434041392011 ) ) ;
#1069 = ADVANCED_FACE ( 'NONE', ( #575 ), #1190, .T. ) ;
#1070 = CARTESIAN_POINT ( 'NONE',  ( -268.8957976024999539, 0.0008975198768960719739, 8.477516840279983867 ) ) ;
#1071 = CARTESIAN_POINT ( 'NONE',  ( -270.5338803297169079, 1.492820323027610474, 7.646328399235069462 ) ) ;
#1072 = CARTESIAN_POINT ( 'NONE',  ( -292.2922528504818160, 1.492820323024951046, 1.527812578992755022 ) ) ;
#1073 = ORIENTED_EDGE ( 'NONE', *, *, #905, .F. ) ;
#1074 = VECTOR ( 'NONE', #635, 1000.000000000000000 ) ;
#1075 = CARTESIAN_POINT ( 'NONE',  ( -272.1255780710939121, 1.492820323027607587, 7.229661441124276777 ) ) ;
#1076 = CARTESIAN_POINT ( 'NONE',  ( -267.8692858886261661, 0.0007928177688334678329, 8.739320943160572952 ) ) ;
#1077 = CARTESIAN_POINT ( 'NONE',  ( -288.8901483201149745, 1.492820323027617579, 2.560140112963332548 ) ) ;
#1078 = FACE_OUTER_BOUND ( 'NONE', #756, .T. ) ;
#1079 = CARTESIAN_POINT ( 'NONE',  ( -293.2232347544656363, 1.138228570155240593, 1.340169340730745784 ) ) ;
#1080 = EDGE_LOOP ( 'NONE', ( #280, #191, #864, #1114, #101, #1139, #944, #554, #98, #432, #56, #946, #513, #458 ) ) ;
#1081 = B_SPLINE_CURVE_WITH_KNOTS ( 'NONE', 3,
 ( #433, #802, #615, #811 ),
 .UNSPECIFIED., .F., .F.,
 ( 4, 4 ),
 ( 0.000000000000000000, 2.023732172379779313E-07 ),
 .UNSPECIFIED. ) ;
#1082 = CARTESIAN_POINT ( 'NONE',  ( -272.8546470277381104, 0.0001626205450163303097, 2.824769598367716572 ) ) ;
#1083 = CARTESIAN_POINT ( 'NONE',  ( -292.4529522640075356, 0.008996071052926718145, 1.894322051586343258 ) ) ;
#1084 = B_SPLINE_CURVE_WITH_KNOTS ( 'NONE', 3,
 ( #63, #1082, #544, #938 ),
 .UNSPECIFIED., .F., .F.,
 ( 4, 4 ),
 ( 0.000000000000000000, 1.000000000000000000 ),
 .UNSPECIFIED. ) ;
#1085 = CARTESIAN_POINT ( 'NONE',  ( -292.4697355020755936, 1.492820323027610030, 1.473083520006811975 ) ) ;
#1086 = CARTESIAN_POINT ( 'NONE',  ( -279.8683819019877888, 1.492820323027609586, 2.677620329082198491 ) ) ;
#1087 = EDGE_CURVE ( 'NONE', #898, #551, #1089, .T. ) ;
#1088 = CARTESIAN_POINT ( 'NONE',  ( -296.1651404046954781, -1.694065894508600678E-18, 0.7424793130204514480 ) ) ;
#1089 = LINE ( 'NONE', #252, #594 ) ;
#1090 = ORIENTED_EDGE ( 'NONE', *, *, #456, .F. ) ;
#1091 = LINE ( 'NONE', #1098, #239 ) ;
#1092 = CARTESIAN_POINT ( 'NONE',  ( -290.6589109565931608, 0.005775445456188537177, 2.443765059126783434 ) ) ;
#1093 = DIRECTION ( 'NONE',  ( -0.06567303980418771892, 0.000000000000000000, 0.9978411957034433177 ) ) ;
#1094 = CARTESIAN_POINT ( 'NONE',  ( -292.3864889315833011, 1.492820323027611584, 1.498753224982436238 ) ) ;
#1095 = CARTESIAN_POINT ( 'NONE',  ( -266.9972309580572301, -0.000000000000000000, 3.240561348039706857 ) ) ;
#1096 = LINE ( 'NONE', #259, #778 ) ;
#1097 = ORIENTED_EDGE ( 'NONE', *, *, #312, .F. ) ;
#1098 = CARTESIAN_POINT ( 'NONE',  ( -266.9512816706688909, -5.000000000000000000, 8.972250223972869421 ) ) ;
#1099 = CARTESIAN_POINT ( 'NONE',  ( -292.4911612671955936, 0.008962107511840091550, 1.882549218547102221 ) ) ;
#1100 = VECTOR ( 'NONE', #668, 1000.000000000000000 ) ;
#1101 = B_SPLINE_SURFACE_WITH_KNOTS ( 'NONE', 1, 3, ( 
 ( #1010, #175, #278, #531, #630, #1015, #182, #1023, #638, #931, #1146, #858, #382, #300, #37, #202, #744, #664, #195, #555, #947, #20, #304, #1173, #691, #494, #153, #876, #889, #595, #670, #401, #41, #396, #242, #982, #774, #1154, #147, #508, #678, #1052, #583, #604, #1160, #218, #317, #415 ),
 ( #1057, #684, #1063, #232, #589, #53, #408, #796, #788, #1167, #323, #330, #697, #1075, #1000, #887, #1172, #977, #329, #251, #824, #1135, #570, #740, #1077, #154, #770, #1151, #324, #672, #969, #486, #43, #355, #901, #1094, #1085, #703, #362, #83, #249, #161, #727, #1121, #519, #652, #816, #510 ) ),
 .UNSPECIFIED., .F., .F., .F.,
 ( 2, 2 ),
 ( 4, 2, 2, 2, 2, 2, 2, 2, 2, 2, 2, 2, 2, 2, 2, 2, 2, 2, 2, 2, 2, 2, 2, 4 ),
 ( 0.000000000000000000, 1.000000000000000000 ),
 ( 0.02562333092104738738, 0.02666837432811735437, 0.02719089603165233959, 0.02771341773518732482, 0.02875846114225729527, 0.02980350454932726573, 0.03189359136346720663, 0.03398367817760714754, 0.03816385180588702242, 0.04234402543416690423, 0.04652419906244678605, 0.04861428587658672695, 0.05070437269072666786, 0.05174941609779663831, 0.05279445950486660877, 0.05331698120840159399, 0.05344761163428533857, 0.05357824206016909008, 0.05383950291193657922, 0.05436202461547156445, 0.05488454631900654968, 0.05592958972607652013, 0.05697463313314649058, 0.05906471994728642455 ),
 .UNSPECIFIED. ) ;
#1102 = DIRECTION ( 'NONE',  ( 0.9978411957034462043, 0.000000000000000000, 0.06567303980414604392 ) ) ;
#1103 = CARTESIAN_POINT ( 'NONE',  ( -291.7738453634495954, -0.000000000000000000, 1.177059518861832910 ) ) ;
#1104 = CARTESIAN_POINT ( 'NONE',  ( -266.7378216606338697, 1.492820323027611806, 6.487585388509735651 ) ) ;
#1105 = ORIENTED_EDGE ( 'NONE', *, *, #564, .T. ) ;
#1106 = PRODUCT_RELATED_PRODUCT_CATEGORY ( 'part', '', ( #1116 ) ) ;
#1107 = PRESENTATION_STYLE_ASSIGNMENT (( #987 ) ) ;
#1108 = B_SPLINE_CURVE_WITH_KNOTS ( 'NONE', 3,
 ( #1088, #916, #12, #201 ),
 .UNSPECIFIED., .F., .F.,
 ( 4, 4 ),
 ( 0.04147943589875338621, 0.04149754945839716908 ),
 .UNSPECIFIED. ) ;
#1109 = CARTESIAN_POINT ( 'NONE',  ( -293.4600764100022730, 0.01106745419417401628, 1.583193069834794464 ) ) ;
#1110 = CARTESIAN_POINT ( 'NONE',  ( -283.6531717818615448, -0.000000000000000000, 4.502763211261837206 ) ) ;
#1111 = CARTESIAN_POINT ( 'NONE',  ( -290.9562188340834723, 0.000000000000000000, 1.257268020763090188 ) ) ;
#1112 = CARTESIAN_POINT ( 'NONE',  ( -266.6467947698437797, -0.000000000000000000, 3.264149524658717105 ) ) ;
#1113 = CARTESIAN_POINT ( 'NONE',  ( -295.0386433305221772, 0.4467243389252417707, 0.9742810261101558789 ) ) ;
#1114 = ORIENTED_EDGE ( 'NONE', *, *, #565, .T. ) ;
#1115 = CARTESIAN_POINT ( 'NONE',  ( -275.0045999747491692, -1.694065894508600678E-18, 6.882833454812295138 ) ) ;
#1116 = PRODUCT ( 'Te connector', 'Te connector', '', ( #172 ) ) ;
#1117 = DIRECTION ( 'NONE',  ( -0.2536563126214450570, 0.9658670687919203024, -0.05252885388617980350 ) ) ;
#1118 = ORIENTED_EDGE ( 'NONE', *, *, #540, .T. ) ;
#1119 = ADVANCED_FACE ( 'NONE', ( #229 ), #903, .F. ) ;
#1120 = CARTESIAN_POINT ( 'NONE',  ( -296.1800796728259115, 0.03070891677803798403, 0.7378285551758381189 ) ) ;
#1121 = CARTESIAN_POINT ( 'NONE',  ( -294.8831457981460744, 1.492820323027610474, 0.7289053437068538921 ) ) ;
#1122 = CARTESIAN_POINT ( 'NONE',  ( -292.1953196830206707, -2.081262970767017424E-16, 1.135461385213740515 ) ) ;
#1123 = ORIENTED_EDGE ( 'NONE', *, *, #767, .T. ) ;
#1124 = CARTESIAN_POINT ( 'NONE',  ( -279.7829736112305454, 0.001573757644324963022, 5.592573295812385048 ) ) ;
#1125 = EDGE_CURVE ( 'NONE', #1026, #557, #478, .T. ) ;
#1126 = CARTESIAN_POINT ( 'NONE',  ( -267.3901341314487468, -5.000000000000000000, 3.214573880873406786 ) ) ;
#1127 = CARTESIAN_POINT ( 'NONE',  ( -274.2306217248286657, -3.710167167449502858E-15, 2.720852284262967657 ) ) ;
#1128 = VERTEX_POINT ( 'NONE', #809 ) ;
#1129 = ORIENTED_EDGE ( 'NONE', *, *, #110, .F. ) ;
#1130 = CARTESIAN_POINT ( 'NONE',  ( -293.2701394264271926, 1.492820323027610030, 1.430997857571060239 ) ) ;
#1131 = CARTESIAN_POINT ( 'NONE',  ( -267.1446975822925651, 0.9952785501602463558, 8.648206594244760126 ) ) ;
#1132 = DIRECTION ( 'NONE',  ( -0.06567303980418771892, 0.000000000000000000, 0.9978411957034433177 ) ) ;
#1133 = ORIENTED_EDGE ( 'NONE', *, *, #924, .F. ) ;
#1134 = CARTESIAN_POINT ( 'NONE',  ( -270.0799633877040264, -2.243332114156443151E-15, 3.026866647423442913 ) ) ;
#1135 = CARTESIAN_POINT ( 'NONE',  ( -286.2195555446454023, 1.492820323027610474, 3.347337045209921147 ) ) ;
#1136 = CARTESIAN_POINT ( 'NONE',  ( -270.4909842915561740, -2.141789095443857771E-16, 2.997164063576378989 ) ) ;
#1137 = CARTESIAN_POINT ( 'NONE',  ( -268.3363133789179642, 1.492820323027610474, 8.208819176600101741 ) ) ;
#1138 = CARTESIAN_POINT ( 'NONE',  ( -295.4290861777448072, 0.02687616163486930901, 0.9716119304098048692 ) ) ;
#1139 = ORIENTED_EDGE ( 'NONE', *, *, #660, .T. ) ;
#1140 = CARTESIAN_POINT ( 'NONE',  ( -297.0666838246701786, 1.492820323027609808, 1.055190312404614250 ) ) ;
#1141 = CARTESIAN_POINT ( 'NONE',  ( -285.9058425649404853, 0.0006314335069982213297, 1.736244324370399106 ) ) ;
#1142 = AXIS2_PLACEMENT_3D ( 'NONE', #1056, #484, #480 ) ;
#1143 = CARTESIAN_POINT ( 'NONE',  ( -266.3457767190673167, -5.000000000000000000, 6.568772689702864653 ) ) ;
#1144 = EDGE_LOOP ( 'NONE', ( #866, #467, #260, #628 ) ) ;
#1145 = EDGE_CURVE ( 'NONE', #413, #111, #326, .T. ) ;
#1146 = CARTESIAN_POINT ( 'NONE',  ( -269.1916331402305218, 6.912921604338729489E-16, 8.402101191337218111 ) ) ;
#1147 = CARTESIAN_POINT ( 'NONE',  ( -291.8894156454227868, 1.492820323027611362, 1.567679278757123429 ) ) ;
#1148 = FACE_OUTER_BOUND ( 'NONE', #941, .T. ) ;
#1149 = EDGE_CURVE ( 'NONE', #151, #413, #345, .T. ) ;
#1150 = DIRECTION ( 'NONE',  ( -0.1609050596806400613, 0.000000000000000000, 0.9869698889880935688 ) ) ;
#1151 = CARTESIAN_POINT ( 'NONE',  ( -290.8892567151991670, 1.492820323027607810, 1.957589558155655940 ) ) ;
#1152 = CARTESIAN_POINT ( 'NONE',  ( -289.1211384071079351, 0.000000000000000000, 1.434641070923941220 ) ) ;
#1153 = FACE_OUTER_BOUND ( 'NONE', #810, .T. ) ;
#1154 = CARTESIAN_POINT ( 'NONE',  ( -292.8372712159007278, 1.266681048084878351E-15, 1.778343335885288257 ) ) ;
#1155 = CARTESIAN_POINT ( 'NONE',  ( -264.6897051912085885, -5.000000000000000000, -17.42058517891372560 ) ) ;
#1156 = CARTESIAN_POINT ( 'NONE',  ( -269.8918463636156275, 1.492820323027609586, 3.443353738153289267 ) ) ;
#1157 = VECTOR ( 'NONE', #1068, 999.9999999999998863 ) ;
#1158 = CARTESIAN_POINT ( 'NONE',  ( -293.9278110084824789, 0.8698381037273218430, 1.198168050790315853 ) ) ;
#1159 = CARTESIAN_POINT ( 'NONE',  ( -270.8195071140334562, 0.06435832967268631521, 7.986949373159482946 ) ) ;
#1160 = CARTESIAN_POINT ( 'NONE',  ( -295.3338936266604264, 2.168404344971008621E-16, 1.008500785244916376 ) ) ;
#1161 = CARTESIAN_POINT ( 'NONE',  ( -267.3969165478648620, 0.0003638114549690671579, 8.859311374021586971 ) ) ;
#1162 = CARTESIAN_POINT ( 'NONE',  ( 0.000000000000000000, 0.000000000000000000, 0.000000000000000000 ) ) ;
#1163 = EDGE_CURVE ( 'NONE', #551, #17, #1096, .T. ) ;
#1164 = CARTESIAN_POINT ( 'NONE',  ( -266.4790636007936087, 1.492820323027609586, 3.676284085752649755 ) ) ;
#1165 = EDGE_LOOP ( 'NONE', ( #743, #24, #1129, #986, #1030 ) ) ;
#1166 = CARTESIAN_POINT ( 'NONE',  ( -291.2899760278349390, 5.000000000000000000, 1.627028243902146620 ) ) ;
#1167 = CARTESIAN_POINT ( 'NONE',  ( -268.7550529783974866, 1.492820323027611140, 8.100982381925913245 ) ) ;
#1168 = CARTESIAN_POINT ( 'NONE',  ( -289.3061771411244081, 1.492820323027609586, 1.820498618962104631 ) ) ;
#1169 = CARTESIAN_POINT ( 'NONE',  ( -270.5338803297169079, 5.000000000000000000, 7.646328399235069462 ) ) ;
#1170 = EDGE_LOOP ( 'NONE', ( #463, #844, #801, #1090 ) ) ;
#1171 = CARTESIAN_POINT ( 'NONE',  ( -270.8195071140334562, -5.000000000000000000, 7.986949373159482946 ) ) ;
#1172 = CARTESIAN_POINT ( 'NONE',  ( -276.1636566461245934, 1.492820323027608476, 6.160204242347935732 ) ) ;
#1173 = CARTESIAN_POINT ( 'NONE',  ( -288.3367192951207016, 2.794740175565096070E-16, 3.142049029088811452 ) ) ;
#1174 = CARTESIAN_POINT ( 'NONE',  ( -269.7576335027270034, 0.0005534499731040899489, 8.256511284788595972 ) ) ;
#1175 = CARTESIAN_POINT ( 'NONE',  ( -285.2937409332817538, 1.492820323027610474, 3.624584043683924950 ) ) ;
#1176 = B_SPLINE_CURVE_WITH_KNOTS ( 'NONE', 3,
 ( #902, #149, #311, #228, #418 ),
 .UNSPECIFIED., .F., .F.,
 ( 4, 1, 4 ),
 ( 0.01208066908914906708, 0.01617469764907955229, 0.01662080867219241365 ),
 .UNSPECIFIED. ) ;
#1177 = PRODUCT_DEFINITION_FORMATION_WITH_SPECIFIED_SOURCE ( 'ANY', '', #1116, .NOT_KNOWN. ) ;
#1178 = CARTESIAN_POINT ( 'NONE',  ( -292.1147155721594686, 0.009194711327312534224, 1.998434075897987938 ) ) ;
#1179 = CARTESIAN_POINT ( 'NONE',  ( -292.7075865235102583, -0.000000000000000000, 1.084741239429688253 ) ) ;
#1180 = CARTESIAN_POINT ( 'NONE',  ( -291.2899760278349390, 1.492820323027609586, 1.627028243902146620 ) ) ;
#1181 = CARTESIAN_POINT ( 'NONE',  ( -293.1456942305583766, 1.167764302810857746, 1.355797350314198679 ) ) ;
#1182 = CARTESIAN_POINT ( 'NONE',  ( -266.2020636054377292, -2.670608329061685479E-16, 3.293922618428281268 ) ) ;
#1183 = CARTESIAN_POINT ( 'NONE',  ( -249.2819683674124462, 5.000000000000000000, -62.80128024468831427 ) ) ;
#1184 = CARTESIAN_POINT ( 'NONE',  ( -290.9408459784533534, 0.006814388002765254387, 2.357905668166482727 ) ) ;
#1185 = EDGE_CURVE ( 'NONE', #1196, #230, #1108, .T. ) ;
#1186 = CARTESIAN_POINT ( 'NONE',  ( -281.7725807858722078, 0.03070891677803798403, 2.117118250202886021 ) ) ;
#1187 = FACE_OUTER_BOUND ( 'NONE', #741, .T. ) ;
#1188 = CARTESIAN_POINT ( 'NONE',  ( -293.8241910466082913, -5.000000000000000000, 0.9732091924778384362 ) ) ;
#1189 = ADVANCED_FACE ( 'NONE', ( #851 ), #755, .F. ) ;
#1190 = B_SPLINE_SURFACE_WITH_KNOTS ( 'NONE', 3, 1, ( 
 ( #116, #855 ),
 ( #753, #1137 ),
 ( #1169, #705 ),
 ( #897, #334 ),
 ( #885, #592 ),
 ( #412, #156 ),
 ( #601, #46 ),
 ( #424, #512 ),
 ( #607, #150 ) ),
 .UNSPECIFIED., .F., .F., .F.,
 ( 4, 1, 1, 1, 1, 1, 4 ),
 ( 2, 2 ),
 ( 0.008158563795881819403, 0.01175367058106770515, 0.01534877736625359090, 0.02253899093662536240, 0.02972920450699713391, 0.03332431129218302313, 0.03691941807736890541 ),
 ( 0.000000000000000000, 1.000000000000000000 ),
 .UNSPECIFIED. ) ;
#1191 = ORIENTED_EDGE ( 'NONE', *, *, #674, .T. ) ;
#1192 = FILL_AREA_STYLE_COLOUR ( '', #51 ) ;
#1193 = CARTESIAN_POINT ( 'NONE',  ( -289.4293551777351468, 0.0007742940271553144793, 2.815634806763571252 ) ) ;
#1194 = CARTESIAN_POINT ( 'NONE',  ( -275.3423833618964522, -5.000000000000000000, 2.641336442031988696 ) ) ;
#1195 = CARTESIAN_POINT ( 'NONE',  ( -269.1935843934135733, 0.000000000000000000, 3.089510190570437409 ) ) ;
#1196 = VERTEX_POINT ( 'NONE', #97 ) ;
#1197 = DIRECTION ( 'NONE',  ( -0.000000000000000000, 1.000000000000000000, -0.000000000000000000 ) ) ;
ENDSEC;
END-ISO-10303-21;
