ISO-10303-21;
HEADER;
FILE_DESCRIPTION (( 'STEP AP214' ),
    '1' );
FILE_NAME ('Wing tip.STEP',
    '2026-03-25T10:47:07',
    ( '' ),
    ( '' ),
    'SwSTEP 2.0',
    'SolidWorks 2024',
    '' );
FILE_SCHEMA (( 'AUTOMOTIVE_DESIGN' ));
ENDSEC;

DATA;
#1 = CARTESIAN_POINT ( 'NONE',  ( -279.8304997566443149, -8.813021800811734252, 2.664029397212748673 ) ) ;
#2 = CARTESIAN_POINT ( 'NONE',  ( -101.0970147691377292, -25.19029695722418438, 23.82446340573666177 ) ) ;
#3 = CARTESIAN_POINT ( 'NONE',  ( -228.4636246229522953, -7.785318124276566998, 4.684800356072718053 ) ) ;
#4 = CARTESIAN_POINT ( 'NONE',  ( -9.999999999999991118, -13.87202977489373623, 9.110830812035807469 ) ) ;
#5 = LINE ( 'NONE', #929, #1513 ) ;
#6 = CARTESIAN_POINT ( 'NONE',  ( -21.13496002153824094, -6.830897879111332394, 15.60595411703587665 ) ) ;
#7 = CARTESIAN_POINT ( 'NONE',  ( -11.85565175752161693, -10.26056831315809070, 10.99211147775752728 ) ) ;
#8 = CARTESIAN_POINT ( 'NONE',  ( -244.7860356555162582, -13.38915951967280193, 7.192133306499542300 ) ) ;
#9 = CARTESIAN_POINT ( 'NONE',  ( -291.7754070430277125, -7.265900568628290479, 1.882934450187059960 ) ) ;
#10 = CARTESIAN_POINT ( 'NONE',  ( -205.3025601138333514, -10.39158621037886121, 5.684745748894243000 ) ) ;
#11 = CARTESIAN_POINT ( 'NONE',  ( 0.1110675247352353179, -11.58002873819461342, 0.08185218319315389068 ) ) ;
#12 = DIRECTION ( 'NONE',  ( 0.6314626185908929212, -0.7525478442946405000, -0.1868868731875565625 ) ) ;
#13 = CARTESIAN_POINT ( 'NONE',  ( -10.00000000000641798, -6.000000000000000888, -3.388037155448988980 ) ) ;
#14 = EDGE_CURVE ( 'NONE', #1638, #890, #1300, .T. ) ;
#15 = CARTESIAN_POINT ( 'NONE',  ( -170.8098722468726010, -14.32186867368007555, 26.53632867405090323 ) ) ;
#16 = ADVANCED_FACE ( 'NONE', ( #1452, #828, #1134, #1611 ), #1761, .T. ) ;
#17 = CARTESIAN_POINT ( 'NONE',  ( -9.999999999999987566, -15.38483688532834570, 8.440332703727012387 ) ) ;
#18 = EDGE_LOOP ( 'NONE', ( #991, #1923, #399, #74 ) ) ;
#19 = CARTESIAN_POINT ( 'NONE',  ( -299.0954743017402961, -6.290160853527871687, 0.004884999965382337550 ) ) ;
#20 = CARTESIAN_POINT ( 'NONE',  ( -262.6475042548422607, -11.19342706383906716, 7.707350127844186716 ) ) ;
#21 = CARTESIAN_POINT ( 'NONE',  ( -19.67817985166531614, -6.818747028978247471, -3.258718389849001085 ) ) ;
#22 = CARTESIAN_POINT ( 'NONE',  ( -9.999999999999994671, -18.24114502487564593, 0.7528340491058276296 ) ) ;
#23 = DIRECTION ( 'NONE',  ( 0.7660444431189765702, 0.6427876096865411393, 8.326672684688674053E-17 ) ) ;
#24 = CARTESIAN_POINT ( 'NONE',  ( -300.0000000000000000, -6.155724594818658524, -0.02754304677250547090 ) ) ;
#25 = CARTESIAN_POINT ( 'NONE',  ( -91.49223571188794324, -16.56439087571437341, 28.95964432027129476 ) ) ;
#26 = CARTESIAN_POINT ( 'NONE',  ( -192.4855795964845697, 0.000000000000000000, 10.94748117012555788 ) ) ;
#27 = ORIENTED_EDGE ( 'NONE', *, *, #1936, .T. ) ;
#28 = CARTESIAN_POINT ( 'NONE',  ( -289.0587699920785099, -7.620629670038379544, 1.426728235056446303 ) ) ;
#29 = CARTESIAN_POINT ( 'NONE',  ( -279.7904063003120996, -8.831523654421228997, 4.554229481801448820 ) ) ;
#30 = CARTESIAN_POINT ( 'NONE',  ( -300.0000000000000000, 0.000000000000000000, -0.1621621621621254228 ) ) ;
#31 = EDGE_CURVE ( 'NONE', #579, #523, #345, .T. ) ;
#32 = CARTESIAN_POINT ( 'NONE',  ( -218.4214404133243761, -6.668403124273210025, 4.945794365156917394 ) ) ;
#33 = CARTESIAN_POINT ( 'NONE',  ( -12.37468711849676239, -16.52117116894173776, -1.079852799915107520 ) ) ;
#34 = LINE ( 'NONE', #1919, #1869 ) ;
#35 = LINE ( 'NONE', #822, #352 ) ;
#36 = CARTESIAN_POINT ( 'NONE',  ( -247.6866207218820648, -11.12022196416233655, 12.78119974628293321 ) ) ;
#37 = CARTESIAN_POINT ( 'NONE',  ( -192.4855795964845697, 0.000000000000000000, 19.14748117012553053 ) ) ;
#38 = ORIENTED_EDGE ( 'NONE', *, *, #230, .T. ) ;
#39 = CARTESIAN_POINT ( 'NONE',  ( -16.92961301074367597, -20.11631366146819744, 1.320727716792513107 ) ) ;
#40 = CARTESIAN_POINT ( 'NONE',  ( -78.50916597519257323, -27.37393414885839604, 19.14979604924871737 ) ) ;
#41 = LINE ( 'NONE', #674, #1510 ) ;
#42 = CARTESIAN_POINT ( 'NONE',  ( -11.82386571778258499, -6.715781242098536552, -3.441133680961352859 ) ) ;
#43 = CARTESIAN_POINT ( 'NONE',  ( -86.75567505878754559, -22.27071802034394921, 7.110125157228000425 ) ) ;
#44 = DIRECTION ( 'NONE',  ( -0.2116969189879536750, 0.2522905637450180705, 0.9442107211508609099 ) ) ;
#45 = CARTESIAN_POINT ( 'NONE',  ( -299.9999999999998863, -6.086751365039854811, -0.1555701166433836047 ) ) ;
#46 = CARTESIAN_POINT ( 'NONE',  ( -36.97974375554620252, -15.35868279900052968, 19.86329774635140666 ) ) ;
#47 = EDGE_CURVE ( 'NONE', #1344, #1470, #41, .T. ) ;
#48 = AXIS2_PLACEMENT_3D ( 'NONE', #75, #89, #1505 ) ;
#49 = DIRECTION ( 'NONE',  ( 0.000000000000000000, 0.000000000000000000, 1.000000000000000000 ) ) ;
#50 = ORIENTED_EDGE ( 'NONE', *, *, #1647, .F. ) ;
#51 = CARTESIAN_POINT ( 'NONE',  ( -32.76780084399459980, -23.19410048471452157, 3.953987758007658115 ) ) ;
#52 = CARTESIAN_POINT ( 'NONE',  ( -279.3607479131126752, -9.083577076720874999, 4.148167765463922407 ) ) ;
#53 = CARTESIAN_POINT ( 'NONE',  ( -295.6589017563293851, -6.054056806095237775, 0.2841143440922205832 ) ) ;
#54 = FACE_OUTER_BOUND ( 'NONE', #873, .T. ) ;
#55 = CARTESIAN_POINT ( 'NONE',  ( -289.8965206582357155, -7.153912783086297189, 1.024374287723760713 ) ) ;
#56 = EDGE_CURVE ( 'NONE', #382, #1297, #514, .T. ) ;
#57 = CARTESIAN_POINT ( 'NONE',  ( -6.224458398150236604, -5.027769956934561080, -0.7859051532108388693 ) ) ;
#58 = CARTESIAN_POINT ( 'NONE',  ( -299.9999999999998295, -6.155578287500088841, -0.1346923425041560707 ) ) ;
#59 = CARTESIAN_POINT ( 'NONE',  ( -10.00000000000000888, -11.93647954593633109, 9.676114310513534988 ) ) ;
#60 = EDGE_CURVE ( 'NONE', #1812, #1014, #1144, .T. ) ;
#61 = CARTESIAN_POINT ( 'NONE',  ( 0.000000000000000000, -12.00000000000000000, 0.000000000000000000 ) ) ;
#62 = ORIENTED_EDGE ( 'NONE', *, *, #1736, .T. ) ;
#63 = CARTESIAN_POINT ( 'NONE',  ( -297.3347739810538428, -6.498412010716879905, 0.2323485207603506464 ) ) ;
#64 = CARTESIAN_POINT ( 'NONE',  ( -234.0171158461151322, -15.00607659734891897, 12.02168506740954079 ) ) ;
#65 = CARTESIAN_POINT ( 'NONE',  ( -86.71847804325787479, -7.161701907135022971, 2.996436781103565927 ) ) ;
#66 = CARTESIAN_POINT ( 'NONE',  ( -0.9710831239823791705, 1.157291801713597801, -0.5269471055080093835 ) ) ;
#67 = ORIENTED_EDGE ( 'NONE', *, *, #1582, .T. ) ;
#68 = CARTESIAN_POINT ( 'NONE',  ( -9.999999999999980460, -15.66097580825337410, -1.415046853267975413 ) ) ;
#69 = CARTESIAN_POINT ( 'NONE',  ( -68.37543138863374281, -6.000000000000005329, 27.91979408135151886 ) ) ;
#70 = CARTESIAN_POINT ( 'NONE',  ( -11.14117577920402802, -15.84233879157558711, 8.902899954650733250 ) ) ;
#71 = CARTESIAN_POINT ( 'NONE',  ( -273.9757115494186905, -5.999999999999999112, 7.681819851085356810 ) ) ;
#72 = ORIENTED_EDGE ( 'NONE', *, *, #677, .F. ) ;
#73 = CARTESIAN_POINT ( 'NONE',  ( -9.999999999999991118, -9.982080551994606310, 10.03452440828653636 ) ) ;
#74 = ORIENTED_EDGE ( 'NONE', *, *, #1947, .T. ) ;
#75 = CARTESIAN_POINT ( 'NONE',  ( -192.4855795964845697, 0.000000000000000000, 15.04748117012554331 ) ) ;
#76 = CARTESIAN_POINT ( 'NONE',  ( -119.5929027172305723, -23.11979008126019153, 10.42844059848426319 ) ) ;
#77 = CARTESIAN_POINT ( 'NONE',  ( -40.26767812573468319, -25.01948362533410020, 14.74935972537839213 ) ) ;
#78 = CARTESIAN_POINT ( 'NONE',  ( -10.89152544511197895, -5.999999999999995559, -3.421504617485747080 ) ) ;
#79 = CARTESIAN_POINT ( 'NONE',  ( -2.721259515638592030E-15, -2.283407855910017075E-15, -2.957927243040879032E-31 ) ) ;
#80 = ORIENTED_EDGE ( 'NONE', *, *, #813, .F. ) ;
#81 = CARTESIAN_POINT ( 'NONE',  ( -248.7760958583924946, -9.838395546564415284, 4.329301785420527793 ) ) ;
#82 = CARTESIAN_POINT ( 'NONE',  ( -76.88236521933468737, -6.000000000000000888, 29.05440897839233116 ) ) ;
#83 = CARTESIAN_POINT ( 'NONE',  ( -45.94057012972669440, -19.03758671317255846, 21.03083679576589304 ) ) ;
#84 = CARTESIAN_POINT ( 'NONE',  ( -16.96525639052778089, -6.000000000000000888, 13.80445214798763942 ) ) ;
#85 = ORIENTED_EDGE ( 'NONE', *, *, #1273, .F. ) ;
#86 = PLANE ( 'NONE',  #1446 ) ;
#87 = VERTEX_POINT ( 'NONE', #970 ) ;
#88 = EDGE_CURVE ( 'NONE', #1275, #1495, #1441, .T. ) ;
#89 = DIRECTION ( 'NONE',  ( 0.000000000000000000, 1.000000000000000000, -0.000000000000000000 ) ) ;
#90 = CARTESIAN_POINT ( 'NONE',  ( -28.14507751579120765, -22.51012732793788373, 3.233629110124139228 ) ) ;
#91 = CARTESIAN_POINT ( 'NONE',  ( -199.5086642782252397, -19.03330572984770086, 16.59742865096431785 ) ) ;
#92 = CARTESIAN_POINT ( 'NONE',  ( -192.4855795964845697, -12.00000000000000000, 15.04748117012554331 ) ) ;
#93 = CARTESIAN_POINT ( 'NONE',  ( -62.35227869598610084, -19.56208922332225697, 3.506725125254379183 ) ) ;
#94 = VECTOR ( 'NONE', #1962, 999.9999999999998863 ) ;
#95 = ORIENTED_EDGE ( 'NONE', *, *, #705, .F. ) ;
#96 = CARTESIAN_POINT ( 'NONE',  ( -11.06871262520204091, -14.22361824319311197, 9.589439311226030327 ) ) ;
#97 = CARTESIAN_POINT ( 'NONE',  ( -287.0065220306621541, -6.000000000000004441, 4.065966335196123715 ) ) ;
#98 = CARTESIAN_POINT ( 'NONE',  ( -206.6897150603311957, 0.000000000000000000, 9.438957105904698608 ) ) ;
#99 = CARTESIAN_POINT ( 'NONE',  ( -268.8282227325908025, -10.58190370231879740, 5.002047591590789821 ) ) ;
#100 = CARTESIAN_POINT ( 'NONE',  ( -233.7537083522255159, -15.22299900298274267, 10.78285001405716770 ) ) ;
#101 = CARTESIAN_POINT ( 'NONE',  ( -13.11151305812672163, -5.999999999999995559, -3.452503891610512188 ) ) ;
#102 = VECTOR ( 'NONE', #1798, 999.9999999999998863 ) ;
#103 = CARTESIAN_POINT ( 'NONE',  ( -70.63936591455392033, -19.69553484272053012, 4.287722854314532483 ) ) ;
#104 = ORIENTED_EDGE ( 'NONE', *, *, #664, .T. ) ;
#105 = EDGE_LOOP ( 'NONE', ( #1449, #1308, #551, #879 ) ) ;
#106 = CARTESIAN_POINT ( 'NONE',  ( -61.35250128739282616, -19.66713124195061724, 24.14476273191068145 ) ) ;
#107 = DIRECTION ( 'NONE',  ( 0.000000000000000000, 1.000000000000000000, -0.000000000000000000 ) ) ;
#108 = LINE ( 'NONE', #244, #1029 ) ;
#109 = SURFACE_STYLE_USAGE ( .BOTH. , #722 ) ;
#110 = CARTESIAN_POINT ( 'NONE',  ( -25.31085844656521999, -24.11468940140590789, 7.062078180734527422 ) ) ;
#111 = CARTESIAN_POINT ( 'NONE',  ( -86.21841744459112533, -27.75218303678876097, 18.09301772046558199 ) ) ;
#112 = CARTESIAN_POINT ( 'NONE',  ( 0.000000000000000000, 0.000000000000000000, 0.000000000000000000 ) ) ;
#113 = CARTESIAN_POINT ( 'NONE',  ( -218.4214404133243761, -6.000000000000002665, 4.945794365156915617 ) ) ;
#114 = CARTESIAN_POINT ( 'NONE',  ( -273.7193237529904764, -9.842480167605113905, 3.955842834435946642 ) ) ;
#115 = CARTESIAN_POINT ( 'NONE',  ( -31.24679451695093135, -17.91964008004106290, 0.1882843934922736329 ) ) ;
#116 = ORIENTED_EDGE ( 'NONE', *, *, #572, .F. ) ;
#117 = CARTESIAN_POINT ( 'NONE',  ( -168.5775851689616331, -20.14126118352846362, 23.12845514510402722 ) ) ;
#118 = CARTESIAN_POINT ( 'NONE',  ( 0.000000000000000000, -12.00000000000000000, 0.000000000000000000 ) ) ;
#119 = CARTESIAN_POINT ( 'NONE',  ( -299.0609115359984003, -6.333969017448498384, 0.06987692062075928634 ) ) ;
#120 = CARTESIAN_POINT ( 'NONE',  ( -268.8162962501585866, -10.58937467843606761, 5.765712164239301885 ) ) ;
#121 = CARTESIAN_POINT ( 'NONE',  ( -28.96858525854256783, -6.000000000000000888, -2.609675788310430899 ) ) ;
#122 = CARTESIAN_POINT ( 'NONE',  ( -10.00000000000000000, -6.000000000000000000, -3.388037155377269016 ) ) ;
#123 = CARTESIAN_POINT ( 'NONE',  ( -19.97049414323943139, -22.36976874311774921, 3.894699851789034994 ) ) ;
#124 = CARTESIAN_POINT ( 'NONE',  ( -16.20971860796363018, -15.77237462600695750, -1.492588354935087569 ) ) ;
#125 = MECHANICAL_DESIGN_GEOMETRIC_PRESENTATION_REPRESENTATION (  '', ( #1108 ), #944 ) ;
#126 = ADVANCED_FACE ( 'NONE', ( #1940 ), #1149, .F. ) ;
#127 = CARTESIAN_POINT ( 'NONE',  ( -91.77504278158491502, -24.22388391123800844, 24.58827995304034530 ) ) ;
#128 = CARTESIAN_POINT ( 'NONE',  ( -299.2528591435532235, -6.051824670385383520, 0.2474194350943575427 ) ) ;
#129 = CARTESIAN_POINT ( 'NONE',  ( -299.2293309062570188, -6.103197867728282766, 0.2444593141428640093 ) ) ;
#130 = EDGE_CURVE ( 'NONE', #1191, #835, #34, .T. ) ;
#131 = CARTESIAN_POINT ( 'NONE',  ( -57.19874539190494289, -27.59523956023259217, 13.79887203484073410 ) ) ;
#132 = CARTESIAN_POINT ( 'NONE',  ( -260.7508785119024424, -6.000000000000000888, 3.150569391414348885 ) ) ;
#133 = B_SPLINE_CURVE_WITH_KNOTS ( 'NONE', 3,
 ( #553, #1490, #1648, #1636, #1169, #907, #1064, #385, #1787, #229, #868, #1010, #1952, #374, #1811, #69, #82, #1185, #540, #270, #218, #398, #855, #1689, #1338, #1534, #716, #1478, #1324, #701, #1845, #71, #857, #1353, #555, #1529, #881, #1685, #1518, #542, #902 ),
 .UNSPECIFIED., .F., .F.,
 ( 4, 1, 1, 1, 1, 1, 1, 1, 1, 1, 1, 1, 1, 1, 1, 1, 1, 1, 1, 1, 1, 1, 1, 1, 1, 1, 1, 1, 1, 1, 1, 1, 1, 1, 1, 1, 1, 1, 4 ),
 ( 0.000000000000000000, 0.007812500000000000000, 0.01562500000000000000, 0.02343750000000000000, 0.03906250000000000000, 0.06250000000000000000, 0.07031250000000000000, 0.08593750000000000000, 0.1015625000000000000, 0.1250000000000000000, 0.1601562500000000000, 0.2187500000000000000, 0.2421875000000000000, 0.2812500000000000000, 0.3046875000000000000, 0.3437500000000000000, 0.3750000000000000000, 0.3916698742551067980, 0.4062500000000000000, 0.4687500000000000000, 0.5625000000000000000, 0.6406250000000000000, 0.6875000000000000000, 0.7265625000000000000, 0.7500000000000000000, 0.7890625000000000000, 0.8125000000000000000, 0.8515625000000000000, 0.8750000000000000000, 0.8984375000000000000, 0.9140625000000000000, 0.9296875000000000000, 0.9375000000000000000, 0.9609375000000000000, 0.9687500000000000000, 0.9765625000000000000, 0.9843750000000000000, 0.9921875000000000000, 1.000000000000000000 ),
 .UNSPECIFIED. ) ;
#134 = CARTESIAN_POINT ( 'NONE',  ( -11.31028568913129817, -19.74415393892673265, 2.960572827674722962 ) ) ;
#135 = CARTESIAN_POINT ( 'NONE',  ( -22.25540552429841767, -11.36566125977064345, -2.567123309992496161 ) ) ;
#136 = CARTESIAN_POINT ( 'NONE',  ( -24.27805467348656165, -20.64172991348911879, 12.60218656920678804 ) ) ;
#137 = CARTESIAN_POINT ( 'NONE',  ( -241.0307676733335427, -7.573301261175039656, 15.53056842625230871 ) ) ;
#138 = CARTESIAN_POINT ( 'NONE',  ( -12.98573423414709005, -8.178005942509127379, 11.82307082836543621 ) ) ;
#139 = CARTESIAN_POINT ( 'NONE',  ( -244.1329091165120246, -13.89868781040721402, 9.346047718611254496 ) ) ;
#140 = CARTESIAN_POINT ( 'NONE',  ( -40.89196920134212121, -26.39962533711354453, 9.194371668836186728 ) ) ;
#141 = CARTESIAN_POINT ( 'NONE',  ( -121.1305639032641466, -12.71457599222167190, 5.685134266074392428 ) ) ;
#142 = LINE ( 'NONE', #606, #659 ) ;
#143 = LINE ( 'NONE', #776, #1871 ) ;
#144 = CARTESIAN_POINT ( 'NONE',  ( -100.8799243251602036, -7.187009258473358919, 30.92185355448543049 ) ) ;
#145 = CARTESIAN_POINT ( 'NONE',  ( -277.4338276987613199, -7.313543458672588926, 6.553837272830798533 ) ) ;
#146 = CARTESIAN_POINT ( 'NONE',  ( -33.33569947088921026, -25.51716140242300668, 9.664803405163906902 ) ) ;
#147 = CARTESIAN_POINT ( 'NONE',  ( -86.52923162689675962, -27.17190959321869315, 12.88980756797769978 ) ) ;
#148 = CARTESIAN_POINT ( 'NONE',  ( -143.5151769516776028, -22.99723139710544473, 23.84318827037074939 ) ) ;
#149 = CARTESIAN_POINT ( 'NONE',  ( -61.28433551355885811, -12.79496915846593375, 1.245341766854060284 ) ) ;
#150 = CARTESIAN_POINT ( 'NONE',  ( -0.3365624814202328174, -5.999999999999996447, 2.462375213943003960 ) ) ;
#151 = DIRECTION ( 'NONE',  ( 0.9926062491409471944, 0.000000000000000000, -0.1213788868227910628 ) ) ;
#152 = CARTESIAN_POINT ( 'NONE',  ( -293.1667371839511702, -6.234187511177971430, 2.186201235714653635 ) ) ;
#153 = CARTESIAN_POINT ( 'NONE',  ( -295.3343265591445856, -6.329227777046730452, 1.460828629031901249 ) ) ;
#154 = CARTESIAN_POINT ( 'NONE',  ( -273.5268982457592983, -9.954336513043012147, 4.497255765354664980 ) ) ;
#155 = CARTESIAN_POINT ( 'NONE',  ( -144.0408366585786268, -23.60120191686968028, 13.31982699921961100 ) ) ;
#156 = CARTESIAN_POINT ( 'NONE',  ( -222.1649554538162477, -16.13177913075539394, 14.57445656153885594 ) ) ;
#157 = CARTESIAN_POINT ( 'NONE',  ( -37.02614234484260436, -12.16764585727010939, -1.248885707844132664 ) ) ;
#158 = CARTESIAN_POINT ( 'NONE',  ( -5.801455695253921796, -15.83581908069129085, -1.038631881179503225 ) ) ;
#159 = EDGE_CURVE ( 'NONE', #87, #1812, #977, .T. ) ;
#160 = CARTESIAN_POINT ( 'NONE',  ( -8.258386738605155486, 6.730514411044207002, -12.13530733197230127 ) ) ;
#161 = CARTESIAN_POINT ( 'NONE',  ( -10.27620386585493684, -6.000000000000000888, 10.42746700557331785 ) ) ;
#162 = CARTESIAN_POINT ( 'NONE',  ( -17.41085376506886817, -10.91102319475950644, 13.58487547686575070 ) ) ;
#163 = CARTESIAN_POINT ( 'NONE',  ( -144.3782655110784390, -22.72729529010479510, 12.02036501640467669 ) ) ;
#164 = CARTESIAN_POINT ( 'NONE',  ( -200.2386418804480286, -18.01531695581878623, 18.50652313345448619 ) ) ;
#165 = CARTESIAN_POINT ( 'NONE',  ( -36.45688618311854157, -8.997828092643464615, -1.813366803185988863 ) ) ;
#166 = CARTESIAN_POINT ( 'NONE',  ( -4.783543608988099827, -16.14592407709775657, 3.755916239975906734 ) ) ;
#167 = LINE ( 'NONE', #793, #1545 ) ;
#168 = CARTESIAN_POINT ( 'NONE',  ( -40.09443210118778467, 35.33689288473166812, 10.05255680250591332 ) ) ;
#169 = CARTESIAN_POINT ( 'NONE',  ( -77.57412772512658705, -19.93655869872711506, 26.45025268528170770 ) ) ;
#170 = CARTESIAN_POINT ( 'NONE',  ( -10.00000000000003730, -18.02264787658399570, 6.402387325262914430 ) ) ;
#171 = CARTESIAN_POINT ( 'NONE',  ( -19.84369068204673781, -21.69328866284968171, 2.804981371139037449 ) ) ;
#172 = CARTESIAN_POINT ( 'NONE',  ( -12.49524822868360907, -18.38881536292843677, 7.992390878271733001 ) ) ;
#173 = CARTESIAN_POINT ( 'NONE',  ( -13.15476988556632421, -8.238954500327603014, -3.385809886557658466 ) ) ;
#174 = CARTESIAN_POINT ( 'NONE',  ( -8.013010041324895028, -9.844296294284593074, 8.951034083475420289 ) ) ;
#175 = CARTESIAN_POINT ( 'NONE',  ( -112.9810291039189991, -6.000000000000000000, 5.061158576617761362 ) ) ;
#176 = CARTESIAN_POINT ( 'NONE',  ( -300.0000000000001137, -6.115363404167156958, -0.01293404756611230520 ) ) ;
#177 = CARTESIAN_POINT ( 'NONE',  ( -20.32230251508478958, -13.82066433804957484, 14.17938584900113952 ) ) ;
#178 = FACE_OUTER_BOUND ( 'NONE', #1963, .T. ) ;
#179 = ORIENTED_EDGE ( 'NONE', *, *, #918, .T. ) ;
#180 = CARTESIAN_POINT ( 'NONE',  ( -299.9999999999997726, -6.168273715371429766, -0.1274093585896325931 ) ) ;
#181 = CARTESIAN_POINT ( 'NONE',  ( -222.6370255677623504, -15.65964685721321992, 15.27808423571868346 ) ) ;
#182 = CARTESIAN_POINT ( 'NONE',  ( -1.532088886237956027, -1.285575219373084721, -2.637092369304872615E-31 ) ) ;
#183 = CARTESIAN_POINT ( 'NONE',  ( -283.1368757215615233, -6.000000000000000888, 1.489521144875259662 ) ) ;
#184 = CARTESIAN_POINT ( 'NONE',  ( -237.3129207491281534, -11.87708310447990456, 5.541006149213306919 ) ) ;
#185 = DIRECTION ( 'NONE',  ( 0.000000000000000000, 1.000000000000000000, -0.000000000000000000 ) ) ;
#186 = CARTESIAN_POINT ( 'NONE',  ( -2.029285336001591666, -6.000000000000000000, 5.040719161360286193 ) ) ;
#187 = VECTOR ( 'NONE', #965, 1000.000000000000000 ) ;
#188 = CARTESIAN_POINT ( 'NONE',  ( -100.8795600357639870, -16.48773335266030315, 29.52982026745502253 ) ) ;
#189 = DIRECTION ( 'NONE',  ( -0.000000000000000000, 1.000000000000000000, -0.000000000000000000 ) ) ;
#190 = CARTESIAN_POINT ( 'NONE',  ( -269.2584999101005110, -10.31350421285800678, 4.272124355261264661 ) ) ;
#191 = CARTESIAN_POINT ( 'NONE',  ( -11.28699316497100824, -19.22420495119577311, 5.977612477557845416 ) ) ;
#192 = DIRECTION ( 'NONE',  ( 0.000000000000000000, 1.000000000000000000, 0.000000000000000000 ) ) ;
#193 = CARTESIAN_POINT ( 'NONE',  ( -17.43468189976885085, -8.432124159385066875, -3.275832552811343668 ) ) ;
#194 = AXIS2_PLACEMENT_3D ( 'NONE', #1665, #1343, #544 ) ;
#195 = CARTESIAN_POINT ( 'NONE',  ( -24.12846561460139228, -19.22696087200290904, 0.5417272266310068085 ) ) ;
#196 = ADVANCED_FACE ( 'NONE', ( #349 ), #1444, .F. ) ;
#197 = DIRECTION ( 'NONE',  ( 0.000000000000000000, 1.000000000000000000, 0.000000000000000000 ) ) ;
#198 = CARTESIAN_POINT ( 'NONE',  ( -300.0000000000000568, -6.029000645994732288, -0.0003118149972560659683 ) ) ;
#199 = CARTESIAN_POINT ( 'NONE',  ( -189.4333071050544390, -15.60667200221873330, 23.06260583278734444 ) ) ;
#200 = CARTESIAN_POINT ( 'NONE',  ( -1.532088886237957581, -1.285575219373082501, 2.265685904761444803E-15 ) ) ;
#201 = ORIENTED_EDGE ( 'NONE', *, *, #159, .F. ) ;
#202 = CARTESIAN_POINT ( 'NONE',  ( -32.44013875604079544, -22.02990970446907326, 2.864104949504640452 ) ) ;
#203 = CARTESIAN_POINT ( 'NONE',  ( -262.3597624512489688, -11.37816495720933396, 7.324835088916104020 ) ) ;
#204 = CARTESIAN_POINT ( 'NONE',  ( -29.11256757427169362, -8.816555440908516061, -2.488183936813366692 ) ) ;
#205 = CARTESIAN_POINT ( 'NONE',  ( -69.61154351162718967, -6.000000000000002665, 1.484222525495595857 ) ) ;
#206 = CARTESIAN_POINT ( 'NONE',  ( -14.01172608445616952, -17.03391733296840371, -0.8489262454610235764 ) ) ;
#207 = PLANE ( 'NONE',  #819 ) ;
#208 = CARTESIAN_POINT ( 'NONE',  ( -300.0000000000000000, -6.198109664055261092, -0.09515268442839240615 ) ) ;
#209 = CARTESIAN_POINT ( 'NONE',  ( -294.9252126822023570, -6.642328481192575573, 1.406206294226077569 ) ) ;
#210 = LINE ( 'NONE', #365, #2003 ) ;
#211 = EDGE_LOOP ( 'NONE', ( #1362, #1628, #704, #1809, #1817, #860, #1902 ) ) ;
#212 = CARTESIAN_POINT ( 'NONE',  ( -14.26554511280475879, -19.27189209186504115, 0.8250644013066193994 ) ) ;
#213 = CARTESIAN_POINT ( 'NONE',  ( -48.11968626958594797, -25.67651044845970532, 16.35766604612679842 ) ) ;
#214 = CARTESIAN_POINT ( 'NONE',  ( -11.85032371212402325, -8.169985571294676063, -3.383919188890831542 ) ) ;
#215 = CARTESIAN_POINT ( 'NONE',  ( -21.70096269174526071, -6.000000000000000888, -3.145443695180349941 ) ) ;
#216 = VERTEX_POINT ( 'NONE', #987 ) ;
#217 = CARTESIAN_POINT ( 'NONE',  ( -190.0477297486386021, -15.38753620041765657, 7.627056938132930952 ) ) ;
#218 = CARTESIAN_POINT ( 'NONE',  ( -119.0127988203026916, -5.999999999999997335, 31.37885788608344484 ) ) ;
#219 = CARTESIAN_POINT ( 'NONE',  ( -61.92302863560392012, -22.25962394231714825, 22.77251173457123556 ) ) ;
#220 = ORIENTED_EDGE ( 'NONE', *, *, #1182, .F. ) ;
#221 = CARTESIAN_POINT ( 'NONE',  ( -13.30581510417805724, 0.000000000000000000, 37.08273976459831545 ) ) ;
#222 = VERTEX_POINT ( 'NONE', #1137 ) ;
#223 = CARTESIAN_POINT ( 'NONE',  ( -9.999999999999992895, -13.85581133836411816, 9.116245021910200919 ) ) ;
#224 = CARTESIAN_POINT ( 'NONE',  ( -56.89601611365358735, -25.07278419451736085, 7.119801278474037431 ) ) ;
#225 = CARTESIAN_POINT ( 'NONE',  ( -28.20339483767462596, -23.31920680221974607, 11.80724482136732334 ) ) ;
#226 = CARTESIAN_POINT ( 'NONE',  ( -300.0000000000000568, -6.000000000000000888, -0.1621621621621254228 ) ) ;
#227 = EDGE_LOOP ( 'NONE', ( #1512, #116, #1653, #250, #377, #545 ) ) ;
#228 = CARTESIAN_POINT ( 'NONE',  ( -257.6884137250269191, -10.15804635675115186, 4.114182960908518538 ) ) ;
#229 = CARTESIAN_POINT ( 'NONE',  ( -24.00541320880742902, -6.000000000000002665, 16.75199718042813046 ) ) ;
#230 = EDGE_CURVE ( 'NONE', #216, #1618, #809, .T. ) ;
#231 = CARTESIAN_POINT ( 'NONE',  ( -291.9048491784791395, -7.187405063035890329, 1.954326226126603228 ) ) ;
#232 = CARTESIAN_POINT ( 'NONE',  ( -43.45244762046366560, -5.999999999999998224, 22.96778906766959949 ) ) ;
#233 = EDGE_LOOP ( 'NONE', ( #50, #1336, #1033, #1208 ) ) ;
#234 = DIRECTION ( 'NONE',  ( 0.6314626185908929212, -0.7525478442946405000, -0.1868868731875569511 ) ) ;
#235 = EDGE_LOOP ( 'NONE', ( #1527, #648, #1327, #1990, #492, #1979, #1683, #866, #80 ) ) ;
#236 =( LENGTH_UNIT ( ) NAMED_UNIT ( * ) SI_UNIT ( .MILLI., .METRE. ) );
#237 = CARTESIAN_POINT ( 'NONE',  ( -10.00000000000002309, -16.80101694590465655, -0.6589176768618131286 ) ) ;
#238 = CARTESIAN_POINT ( 'NONE',  ( -40.57162595314626685, -25.82880610962661194, 13.49954818853877825 ) ) ;
#239 = CARTESIAN_POINT ( 'NONE',  ( -93.11842830961475670, -5.999999999999999112, 3.477079922006418133 ) ) ;
#240 = CARTESIAN_POINT ( 'NONE',  ( -55.00159898065675179, -16.06657294817376780, 1.479100622288869848 ) ) ;
#241 = ORIENTED_EDGE ( 'NONE', *, *, #602, .F. ) ;
#242 = CARTESIAN_POINT ( 'NONE',  ( -23.80562410727851841, -19.03950366040820441, 13.48581155688414412 ) ) ;
#243 = CARTESIAN_POINT ( 'NONE',  ( -192.4855795964845697, -12.00000000000000000, 15.04748117012554331 ) ) ;
#244 = CARTESIAN_POINT ( 'NONE',  ( -3.086492190742933239, 0.5668905031110255122, -0.3543084070394634244 ) ) ;
#245 = CARTESIAN_POINT ( 'NONE',  ( -63.10087026147749611, -24.01989158543337766, 6.545179797971117708 ) ) ;
#246 = CARTESIAN_POINT ( 'NONE',  ( -167.6830481799017889, -22.61897694265251957, 18.24776780476848259 ) ) ;
#247 = LINE ( 'NONE', #887, #94 ) ;
#248 = CARTESIAN_POINT ( 'NONE',  ( -55.69869702160423941, -19.38339454788372151, 2.841041247709003237 ) ) ;
#249 = EDGE_LOOP ( 'NONE', ( #1459, #1989, #1007, #1481, #714 ) ) ;
#250 = ORIENTED_EDGE ( 'NONE', *, *, #451, .T. ) ;
#251 = CARTESIAN_POINT ( 'NONE',  ( -280.0788893677066653, -8.659766255964377990, 4.714980095115824277 ) ) ;
#252 = CARTESIAN_POINT ( 'NONE',  ( -273.9757115494186905, -5.999999999999999112, 7.681819851085356810 ) ) ;
#253 = DIRECTION ( 'NONE',  ( -0.7660444431189764591, -0.6427876096865411393, 0.000000000000000000 ) ) ;
#254 = VECTOR ( 'NONE', #841, 1000.000000000000114 ) ;
#255 = FILL_AREA_STYLE_COLOUR ( '', #1302 ) ;
#256 = CARTESIAN_POINT ( 'NONE',  ( -221.6585429807665548, -16.65632469775708202, 11.11834066000370846 ) ) ;
#257 = CARTESIAN_POINT ( 'NONE',  ( -71.18311698934968490, -27.94004001336687892, 15.54377854700020478 ) ) ;
#258 = CARTESIAN_POINT ( 'NONE',  ( -10.29329751832171702, -5.999999999999995559, -3.400525362150413677 ) ) ;
#259 = CARTESIAN_POINT ( 'NONE',  ( -250.8323741508083913, -6.000000000000000888, 3.705559035726511130 ) ) ;
#260 = CARTESIAN_POINT ( 'NONE',  ( -48.76645347805686725, -27.03418980964164575, 10.44153118043758788 ) ) ;
#261 = CARTESIAN_POINT ( 'NONE',  ( -290.3494388560415587, -6.877006893153065015, 0.8937960619204156076 ) ) ;
#262 = VERTEX_POINT ( 'NONE', #655 ) ;
#263 = ADVANCED_FACE ( 'NONE', ( #373 ), #691, .F. ) ;
#264 = CARTESIAN_POINT ( 'NONE',  ( -9.999999999999992895, -13.85581133836411816, 9.116245021910200919 ) ) ;
#265 = FACE_OUTER_BOUND ( 'NONE', #18, .T. ) ;
#266 = CARTESIAN_POINT ( 'NONE',  ( -92.31746631582778662, -27.67438061835622420, 16.15273486267874858 ) ) ;
#267 = CARTESIAN_POINT ( 'NONE',  ( -143.3580133775120942, -24.87005326686718831, 18.40561551569925669 ) ) ;
#268 = CARTESIAN_POINT ( 'NONE',  ( -93.11842830961475670, -5.999999999999999112, 3.477079922006418133 ) ) ;
#269 = CARTESIAN_POINT ( 'NONE',  ( -148.0934066304191390, -5.999999999999992006, 5.882031204993196205 ) ) ;
#270 = CARTESIAN_POINT ( 'NONE',  ( -100.8799243251602604, -6.000000000000009770, 30.92185355448543049 ) ) ;
#271 = CARTESIAN_POINT ( 'NONE',  ( -143.7525786373934977, -24.27794437123191074, 14.74439827367165456 ) ) ;
#272 = EDGE_CURVE ( 'NONE', #1812, #87, #517, .T. ) ;
#273 = CARTESIAN_POINT ( 'NONE',  ( -18.21764851945617991, -13.64552111579894778, -2.187861337236200132 ) ) ;
#274 = CARTESIAN_POINT ( 'NONE',  ( -269.9560170435350983, -9.883226911685301985, 6.951583242010680230 ) ) ;
#275 = CARTESIAN_POINT ( 'NONE',  ( -287.0065220306621541, -6.139236046973440608, 4.065966335196124604 ) ) ;
#276 = CARTESIAN_POINT ( 'NONE',  ( -10.29882547569889262, -10.02394230778048190, 10.19438910564757350 ) ) ;
#277 = CARTESIAN_POINT ( 'NONE',  ( -254.5491437476382544, -12.53087742713959329, 7.792267464856877268 ) ) ;
#278 = CARTESIAN_POINT ( 'NONE',  ( -291.1034808061252761, -6.000000000000000888, 0.7390177787299627710 ) ) ;
#279 = CARTESIAN_POINT ( 'NONE',  ( -199.4332865505311929, -19.23768020123274880, 13.24900730013525241 ) ) ;
#280 = CARTESIAN_POINT ( 'NONE',  ( -191.2533651390394596, -13.17592142249200826, 6.646404441906071270 ) ) ;
#281 = AXIS2_PLACEMENT_3D ( 'NONE', #1622, #1938, #1784 ) ;
#282 = CARTESIAN_POINT ( 'NONE',  ( -39.46110966200490111, -22.77832521979619784, 16.83226416111016022 ) ) ;
#283 = CARTESIAN_POINT ( 'NONE',  ( -206.1623927098015656, -6.768934841247160605, 22.41176979149728865 ) ) ;
#284 = CARTESIAN_POINT ( 'NONE',  ( -19.30672225902272388, -8.480552641545580528, 14.75335228242352947 ) ) ;
#285 = CARTESIAN_POINT ( 'NONE',  ( -279.2137929363315152, -9.164956823695925792, 3.737887971998404169 ) ) ;
#286 = CARTESIAN_POINT ( 'NONE',  ( -299.2936974007707249, -6.000000000000000888, -0.08899001387070390456 ) ) ;
#287 = CARTESIAN_POINT ( 'NONE',  ( -28.68515594897374044, -24.68219097735017442, 6.910298373411636774 ) ) ;
#288 = AXIS2_PLACEMENT_3D ( 'NONE', #1304, #185, #1929 ) ;
#289 = CARTESIAN_POINT ( 'NONE',  ( -13.31659040076941558, -10.56141477855246258, -3.076521149309247249 ) ) ;
#290 = CARTESIAN_POINT ( 'NONE',  ( -5.219012484021264164, 3.108329223905520244, 16.44441877441398958 ) ) ;
#291 = CARTESIAN_POINT ( 'NONE',  ( 69.90146998077273111, -6.000000000000000000, -30.57441023146879644 ) ) ;
#292 = CARTESIAN_POINT ( 'NONE',  ( -286.9104206827142320, -6.415933577270457988, 4.066936028434683159 ) ) ;
#293 = EDGE_CURVE ( 'NONE', #382, #1913, #998, .T. ) ;
#294 = AXIS2_PLACEMENT_3D ( 'NONE', #112, #1179, #1807 ) ;
#295 = CARTESIAN_POINT ( 'NONE',  ( -85.22681894560010107, -9.559393497455314304, 29.78757262560629471 ) ) ;
#296 = B_SPLINE_CURVE_WITH_KNOTS ( 'NONE', 3,
 ( #1922, #1130, #1779, #1317, #1627, #341, #978, #1944, #1757, #1162, #670, #510, #958, #354, #1790, #1587, #170, #804, #1428, #17, #223, #391, #1176, #861, #1331, #883 ),
 .UNSPECIFIED., .F., .F.,
 ( 4, 1, 1, 1, 1, 1, 1, 1, 1, 1, 1, 2, 1, 1, 1, 1, 1, 1, 1, 1, 1, 1, 4 ),
 ( 0.000000000000000000, 0.06263242700289728404, 0.1252648540057945681, 0.1878972810086916301, 0.2505297080115891362, 0.3131621350144864202, 0.3444783485159348402, 0.3757945620173834822, 0.4071107755188321242, 0.4384269890202808773, 0.4697432025217295193, 0.5010594160231780503, 0.5322432025217294083, 0.5634269890202806552, 0.5946107755188322352, 0.6257945620173835932, 0.6569783485159348402, 0.6881621350144861982, 0.7505297080115890251, 0.8128972810086918521, 0.8752648540057945681, 0.9376324270028972840, 1.000000000000000000 ),
 .UNSPECIFIED. ) ;
#297 = CARTESIAN_POINT ( 'NONE',  ( -143.4267513593090086, -24.84100042170040012, 17.33931882437191518 ) ) ;
#298 = CARTESIAN_POINT ( 'NONE',  ( -168.1052645997750687, -22.15590100690517872, 14.04072067728216311 ) ) ;
#299 = CARTESIAN_POINT ( 'NONE',  ( -91.85954248149026569, -25.41399407682609990, 23.27737682852728440 ) ) ;
#300 = CARTESIAN_POINT ( 'NONE',  ( -218.2083551332978004, -7.992349222671307984, 5.012400079554088173 ) ) ;
#301 = CARTESIAN_POINT ( 'NONE',  ( -0.2563507171294879816, -5.999999999999998224, -0.7045325013744094811 ) ) ;
#302 = CARTESIAN_POINT ( 'NONE',  ( -206.6897150603311957, 0.000000000000000000, 9.438957105904698608 ) ) ;
#303 = CARTESIAN_POINT ( 'NONE',  ( -282.8978392405116438, -6.528977691396535832, 5.213369064118795748 ) ) ;
#304 = CARTESIAN_POINT ( 'NONE',  ( -91.43755282675004992, -13.09957605337787356, 29.79890541907519719 ) ) ;
#305 = CARTESIAN_POINT ( 'NONE',  ( -101.5201579691907199, -27.38200948520805156, 16.69628785386325376 ) ) ;
#306 = EDGE_CURVE ( 'NONE', #216, #890, #973, .T. ) ;
#307 = CARTESIAN_POINT ( 'NONE',  ( -119.1414808350238843, -25.21794403279136176, 13.04050974184631073 ) ) ;
#308 = CARTESIAN_POINT ( 'NONE',  ( -294.5244291843382598, -6.901255125516633449, 1.250243543881661257 ) ) ;
#309 = CARTESIAN_POINT ( 'NONE',  ( -267.6572267336044320, -6.906440740526142541, 2.721350103228984185 ) ) ;
#310 = CARTESIAN_POINT ( 'NONE',  ( -0.6585391746580615546, -5.999999999999998224, -1.179012480136955920 ) ) ;
#311 = VECTOR ( 'NONE', #189, 1000.000000000000000 ) ;
#312 = CARTESIAN_POINT ( 'NONE',  ( -300.0000000000000000, 0.000000000000000000, 0.000000000000000000 ) ) ;
#313 = CARTESIAN_POINT ( 'NONE',  ( -299.2591345464726942, -6.017315963149723501, 0.2477653776959904131 ) ) ;
#314 = CARTESIAN_POINT ( 'NONE',  ( -145.4328157439119593, -12.36229449430173410, 29.81860971571107655 ) ) ;
#315 = CARTESIAN_POINT ( 'NONE',  ( -211.3393027161222619, -17.94238290773888522, 12.84302013261710762 ) ) ;
#316 = CARTESIAN_POINT ( 'NONE',  ( -78.93924295643651590, -26.46590474647554458, 10.72116084615642784 ) ) ;
#317 = CARTESIAN_POINT ( 'NONE',  ( -78.20394838332606469, -25.57830121360748521, 22.16665766763440004 ) ) ;
#318 = CARTESIAN_POINT ( 'NONE',  ( -44.67174422983744364, -9.151697057703103155, -0.9677933890400788330 ) ) ;
#319 = CARTESIAN_POINT ( 'NONE',  ( -1.103949685293590610, -5.999999999999996447, 3.578580805723345470 ) ) ;
#320 = PRODUCT_DEFINITION_SHAPE ( 'NONE', 'NONE',  #422 ) ;
#321 = PLANE ( 'NONE',  #1710 ) ;
#322 = CARTESIAN_POINT ( 'NONE',  ( -1.532088886237956027, -1.285575219373084721, -2.957927243040879032E-31 ) ) ;
#323 = CARTESIAN_POINT ( 'NONE',  ( -118.7065019608195939, -16.19017294095492687, 30.00137228714326554 ) ) ;
#324 = CARTESIAN_POINT ( 'NONE',  ( -212.5355684268109542, -16.62430167871801245, 9.368331262717806140 ) ) ;
#325 = CARTESIAN_POINT ( 'NONE',  ( -187.3143256266052674, -19.28755175788836240, 20.10984466223163025 ) ) ;
#326 = CARTESIAN_POINT ( 'NONE',  ( -266.9975264543393223, -7.800280754049891740, 2.867952890156576284 ) ) ;
#327 = ADVANCED_FACE ( 'NONE', ( #1786 ), #1434, .T. ) ;
#328 = CARTESIAN_POINT ( 'NONE',  ( -2.202856846278499425, -5.999999999999997335, 4.777908959700025271 ) ) ;
#329 = CARTESIAN_POINT ( 'NONE',  ( -300.0000000000000000, 0.000000000000000000, -0.000000000000000000 ) ) ;
#330 = CARTESIAN_POINT ( 'NONE',  ( -6.726297852367202346, 8.016089630417290834, -12.13530733197230127 ) ) ;
#331 = CARTESIAN_POINT ( 'NONE',  ( -259.0413459297398049, -9.231051381243091214, 10.81204333252493655 ) ) ;
#332 = DIRECTION ( 'NONE',  ( -0.4197656996029401899, 0.5002572805496237063, -0.7573238479633064291 ) ) ;
#333 = CARTESIAN_POINT ( 'NONE',  ( -63.43316402360466100, -26.33195309140938178, 9.227016327936855333 ) ) ;
#334 = CARTESIAN_POINT ( 'NONE',  ( -19.53922863600450199, -20.60408181296951824, 10.29678408017528746 ) ) ;
#335 = DIRECTION ( 'NONE',  ( 0.000000000000000000, 1.000000000000000000, -0.000000000000000000 ) ) ;
#336 = CARTESIAN_POINT ( 'NONE',  ( -299.2936974007707249, -6.000000000000000888, -0.08899001387070390456 ) ) ;
#337 = CARTESIAN_POINT ( 'NONE',  ( -295.0049271374253976, -6.636378848279673726, 0.4412095429244479172 ) ) ;
#338 = CARTESIAN_POINT ( 'NONE',  ( -1.532088886237956027, -1.285575219373084721, -2.957927243040879032E-31 ) ) ;
#339 = CARTESIAN_POINT ( 'NONE',  ( -6.190095608003630012, 4.265621025619106277, 15.91747166890598919 ) ) ;
#340 = CARTESIAN_POINT ( 'NONE',  ( -69.10338477339293206, -16.48205210457935976, 26.63940039434636020 ) ) ;
#341 = CARTESIAN_POINT ( 'NONE',  ( -10.00000000000001954, -14.10764676633385228, -2.144322138384202603 ) ) ;
#342 = ORIENTED_EDGE ( 'NONE', *, *, #1049, .F. ) ;
#343 = CARTESIAN_POINT ( 'NONE',  ( -299.0802941904998420, -6.308601824623847776, 0.02435572571886373411 ) ) ;
#344 = CARTESIAN_POINT ( 'NONE',  ( -211.5428215628060968, -17.68187579911205276, 15.15276744923265895 ) ) ;
#345 = LINE ( 'NONE', #1926, #1574 ) ;
#346 = CARTESIAN_POINT ( 'NONE',  ( -148.0934066304191390, -7.054158402543322381, 5.882031204993196205 ) ) ;
#347 = AXIS2_PLACEMENT_3D ( 'NONE', #1289, #335, #1916 ) ;
#348 = CARTESIAN_POINT ( 'NONE',  ( -270.5628977649429885, -9.466273907004902455, 3.293949181125197523 ) ) ;
#349 = FACE_OUTER_BOUND ( 'NONE', #1597, .T. ) ;
#350 = DIRECTION ( 'NONE',  ( 0.4867983859909469357, -0.5801437253737710131, -0.6530395005710234457 ) ) ;
#351 = VECTOR ( 'NONE', #1424, 999.9999999999998863 ) ;
#352 = VECTOR ( 'NONE', #679, 999.9999999999998863 ) ;
#353 = CARTESIAN_POINT ( 'NONE',  ( -202.6096765775829454, -14.68560858710798911, 21.09273197543748779 ) ) ;
#354 = CARTESIAN_POINT ( 'NONE',  ( -10.00000000000000000, -19.13211848204892007, 3.979836658627653012 ) ) ;
#355 = ORIENTED_EDGE ( 'NONE', *, *, #272, .F. ) ;
#356 = CARTESIAN_POINT ( 'NONE',  ( -92.69190424920888915, -25.19894802934440392, 10.28723445576697948 ) ) ;
#357 = CARTESIAN_POINT ( 'NONE',  ( -19.90574153653965794, -22.21651317038903173, 8.491979136073787515 ) ) ;
#358 = DIRECTION ( 'NONE',  ( -0.000000000000000000, 1.000000000000000000, -0.000000000000000000 ) ) ;
#359 = CARTESIAN_POINT ( 'NONE',  ( -9.999999999999998224, -6.687305223505919827, -3.388037155377268572 ) ) ;
#360 = DIRECTION ( 'NONE',  ( -0.000000000000000000, -0.000000000000000000, -1.000000000000000000 ) ) ;
#361 = CARTESIAN_POINT ( 'NONE',  ( -236.2338985851439759, -12.94216287146893940, 6.272807321198769159 ) ) ;
#362 = DIRECTION ( 'NONE',  ( -0.000000000000000000, 1.000000000000000000, -0.000000000000000000 ) ) ;
#363 = CARTESIAN_POINT ( 'NONE',  ( -39.99832924798936773, 35.22236196417389920, 10.83846195571677384 ) ) ;
#364 = CARTESIAN_POINT ( 'NONE',  ( -226.6909643780394958, -11.34294924474973953, 17.70452151203134861 ) ) ;
#365 = CARTESIAN_POINT ( 'NONE',  ( -0.7788774175855179838, 0.9282299605980318669, 1.044863200913635826 ) ) ;
#366 = ORIENTED_EDGE ( 'NONE', *, *, #14, .F. ) ;
#367 = CARTESIAN_POINT ( 'NONE',  ( -256.0224411428478675, -11.45230300065023243, 5.129313557600235107 ) ) ;
#368 = CARTESIAN_POINT ( 'NONE',  ( -291.5281224478667923, -7.415683426589010807, 1.596942344607848119 ) ) ;
#369 = CARTESIAN_POINT ( 'NONE',  ( -15.21314454811852457, -8.338461646176748232, -3.356036281691687773 ) ) ;
#370 = LINE ( 'NONE', #1448, #1171 ) ;
#371 = ORIENTED_EDGE ( 'NONE', *, *, #60, .T. ) ;
#372 = CARTESIAN_POINT ( 'NONE',  ( -265.0136381590272663, -9.508376656407397931, 3.504563257627850259 ) ) ;
#373 = FACE_OUTER_BOUND ( 'NONE', #105, .T. ) ;
#374 = CARTESIAN_POINT ( 'NONE',  ( -52.66596657748826971, -6.000000000000001776, 25.10029717372153968 ) ) ;
#375 = CARTESIAN_POINT ( 'NONE',  ( -21.57811365479173205, -18.62622167442006926, 12.73925628772549068 ) ) ;
#376 = VERTEX_POINT ( 'NONE', #1292 ) ;
#377 = ORIENTED_EDGE ( 'NONE', *, *, #918, .F. ) ;
#378 = VECTOR ( 'NONE', #1983, 1000.000000000000114 ) ;
#379 = CARTESIAN_POINT ( 'NONE',  ( -284.7059747443582296, -8.081123539994349514, 1.893364692091868751 ) ) ;
#380 = CARTESIAN_POINT ( 'NONE',  ( -291.5821526487564483, -7.383575054095899759, 1.702958546687332708 ) ) ;
#381 = CARTESIAN_POINT ( 'NONE',  ( -192.4855795964845697, -12.00000000000000000, 15.04748117012554331 ) ) ;
#382 = VERTEX_POINT ( 'NONE', #831 ) ;
#383 = ADVANCED_FACE ( 'NONE', ( #1455 ), #207, .F. ) ;
#384 = CARTESIAN_POINT ( 'NONE',  ( -224.1147636263290792, -14.07583409450540302, 7.073794667862912000 ) ) ;
#385 = CARTESIAN_POINT ( 'NONE',  ( -19.19448293580060039, -6.000000000000002665, 14.78639942208199187 ) ) ;
#386 = CARTESIAN_POINT ( 'NONE',  ( -275.0871653113256912, -9.005701834914045634, 6.166909532888797507 ) ) ;
#387 = CARTESIAN_POINT ( 'NONE',  ( -241.2710676368535019, -5.999999999999977796, 15.53585351816995797 ) ) ;
#388 = ORIENTED_EDGE ( 'NONE', *, *, #936, .T. ) ;
#389 = DIRECTION ( 'NONE',  ( -0.6069269524889673306, 0.7233073760709786137, -0.3293419409424962474 ) ) ;
#390 = ORIENTED_EDGE ( 'NONE', *, *, #1477, .T. ) ;
#391 = CARTESIAN_POINT ( 'NONE',  ( -10.00000000000000888, -11.93647954593633109, 9.676114310513534988 ) ) ;
#392 = CARTESIAN_POINT ( 'NONE',  ( -78.93859165643050346, -25.41441858314511038, 9.285584002296834782 ) ) ;
#393 = CARTESIAN_POINT ( 'NONE',  ( -10.41783342409494750, -18.22608429047934919, 6.542219750056176508 ) ) ;
#394 = CARTESIAN_POINT ( 'NONE',  ( -228.6786698250708127, -5.999999999999999112, 4.624226719382913409 ) ) ;
#395 = DIRECTION ( 'NONE',  ( -0.000000000000000000, 1.000000000000000000, -0.000000000000000000 ) ) ;
#396 = ORIENTED_EDGE ( 'NONE', *, *, #677, .T. ) ;
#397 = CARTESIAN_POINT ( 'NONE',  ( -46.78496849054171491, -19.03413415788502050, 1.909181707567276787 ) ) ;
#398 = CARTESIAN_POINT ( 'NONE',  ( -145.8911982611301141, -6.000000000000000888, 30.30937873406636029 ) ) ;
#399 = ORIENTED_EDGE ( 'NONE', *, *, #1516, .T. ) ;
#400 = CARTESIAN_POINT ( 'NONE',  ( -18.47361197476526584, -16.05276252706396178, 12.60261056742305996 ) ) ;
#401 = CARTESIAN_POINT ( 'NONE',  ( -100.8799243251602604, -6.000000000000009770, 30.92185355448543049 ) ) ;
#402 = ORIENTED_EDGE ( 'NONE', *, *, #1396, .F. ) ;
#403 = DIRECTION ( 'NONE',  ( 0.6314626185908930323, -0.7525478442946405000, -0.1868868731875565348 ) ) ;
#404 = LINE ( 'NONE', #1355, #378 ) ;
#405 = CARTESIAN_POINT ( 'NONE',  ( -56.64753233286548806, -23.82528003711167486, 5.865894614861854706 ) ) ;
#406 = CARTESIAN_POINT ( 'NONE',  ( -10.00000000000001421, -19.01181164135842749, 4.647511059068978767 ) ) ;
#407 = CARTESIAN_POINT ( 'NONE',  ( -240.7286872012800814, -6.000000000000000888, 4.167406897069813709 ) ) ;
#408 = DIRECTION ( 'NONE',  ( -0.6069269524889673306, 0.7233073760709787248, -0.3293419409424960809 ) ) ;
#409 = CARTESIAN_POINT ( 'NONE',  ( -22.86518261234761340, -14.20214715600462441, -1.783183916581443373 ) ) ;
#410 = EDGE_LOOP ( 'NONE', ( #95, #721, #1429, #1207, #889, #1955 ) ) ;
#411 = EDGE_LOOP ( 'NONE', ( #1501, #1493, #1186, #1645 ) ) ;
#412 = CARTESIAN_POINT ( 'NONE',  ( -9.999999999999987566, -15.38483688532834570, 8.440332703727012387 ) ) ;
#413 = CARTESIAN_POINT ( 'NONE',  ( -91.40171529700330666, -6.000000000000000888, 30.34571254861025125 ) ) ;
#414 = CARTESIAN_POINT ( 'NONE',  ( -9.999999999912065007, -6.000000000000003553, 10.26999941051483844 ) ) ;
#415 = LINE ( 'NONE', #894, #584 ) ;
#416 = CARTESIAN_POINT ( 'NONE',  ( -254.6142384449812539, -12.48987328192876944, 7.060043464345741704 ) ) ;
#417 = CARTESIAN_POINT ( 'NONE',  ( -92.24221908178418516, -27.69621605413259857, 17.32546824094742632 ) ) ;
#418 = VECTOR ( 'NONE', #842, 1000.000000000000114 ) ;
#419 = CARTESIAN_POINT ( 'NONE',  ( -173.7461000726751195, -5.999999999999998224, 5.844073527568896864 ) ) ;
#420 = CARTESIAN_POINT ( 'NONE',  ( -6.466562700156313070, -14.07312628514963926, -2.089101088300399311 ) ) ;
#421 = CARTESIAN_POINT ( 'NONE',  ( -22.90149948986752548, -23.49595597042566908, 5.694984614596036110 ) ) ;
#422 = PRODUCT_DEFINITION ( 'UNKNOWN', '', #658, #1700 ) ;
#423 = CARTESIAN_POINT ( 'NONE',  ( -295.2502939870423120, -6.483077683007802072, 0.3697752698265538984 ) ) ;
#424 = VERTEX_POINT ( 'NONE', #454 ) ;
#425 = CARTESIAN_POINT ( 'NONE',  ( -12.17550697201431653, -14.55891795782161680, 10.06417456864490489 ) ) ;
#426 = CARTESIAN_POINT ( 'NONE',  ( -11.72138792228290782, -6.000000000000002665, 11.21887748678940078 ) ) ;
#427 = VECTOR ( 'NONE', #1600, 1000.000000000000000 ) ;
#428 = PRODUCT ( 'Wing tip', 'Wing tip', '', ( #1508 ) ) ;
#429 = EDGE_CURVE ( 'NONE', #1045, #376, #1392, .T. ) ;
#430 = CARTESIAN_POINT ( 'NONE',  ( -233.8414954939996164, -15.16089368696532880, 9.740465763820118639 ) ) ;
#431 = CARTESIAN_POINT ( 'NONE',  ( -92.16695319912473394, -27.60724405117559499, 18.49789011708640274 ) ) ;
#432 = CARTESIAN_POINT ( 'NONE',  ( -86.71847804325787479, -6.000000000000002665, 2.996436781103565927 ) ) ;
#433 = CARTESIAN_POINT ( 'NONE',  ( -278.1395517410955449, -6.000000000000002665, 1.911943529043335532 ) ) ;
#434 = CARTESIAN_POINT ( 'NONE',  ( -199.6983961856929284, -18.93113816733850285, 12.14242069136783542 ) ) ;
#435 = EDGE_CURVE ( 'NONE', #424, #1488, #143, .T. ) ;
#436 = CARTESIAN_POINT ( 'NONE',  ( -299.2205420693935025, -6.152958221380544934, -0.06830557050886984505 ) ) ;
#437 = CARTESIAN_POINT ( 'NONE',  ( -300.0000000000000000, -6.168394854594785315, -0.03482986840928137262 ) ) ;
#438 = PLANE ( 'NONE',  #1514 ) ;
#439 = CARTESIAN_POINT ( 'NONE',  ( -299.1964047208867328, -6.154036626988016678, 0.2375728241095625970 ) ) ;
#440 = CARTESIAN_POINT ( 'NONE',  ( -297.1757861051567602, -6.609226457235137353, 0.4624631281090991752 ) ) ;
#441 = CARTESIAN_POINT ( 'NONE',  ( -10.00000000000002665, -10.10514121622515127, -3.136893904309792092 ) ) ;
#442 = CARTESIAN_POINT ( 'NONE',  ( -22.81165617889550390, -23.05595490225942257, 4.478806055510937689 ) ) ;
#443 = CARTESIAN_POINT ( 'NONE',  ( -78.55227551698476418, -16.41199935423778200, 3.705227568745502076 ) ) ;
#444 = CARTESIAN_POINT ( 'NONE',  ( -62.35817832529190952, -24.11052807747549309, 21.38061631612060509 ) ) ;
#445 = CARTESIAN_POINT ( 'NONE',  ( -300.0000000000000568, -6.009683131738533746, 0.000000000000000000 ) ) ;
#446 = CARTESIAN_POINT ( 'NONE',  ( -227.9594365105928375, -9.619290173321129345, 17.96784446699020066 ) ) ;
#447 = CARTESIAN_POINT ( 'NONE',  ( -273.5566681738184229, -9.938120412880596888, 4.930829631566173710 ) ) ;
#448 = CARTESIAN_POINT ( 'NONE',  ( -1.355318057043293667, -5.999999999999998224, -1.709570673767013105 ) ) ;
#449 = CARTESIAN_POINT ( 'NONE',  ( -234.0866183038940278, -14.95133504249747247, 8.977574275016275251 ) ) ;
#450 = CARTESIAN_POINT ( 'NONE',  ( -260.5600858664930684, -7.076750186330306391, 3.187190887995850819 ) ) ;
#451 = EDGE_CURVE ( 'NONE', #1638, #1913, #1564, .T. ) ;
#452 = LINE ( 'NONE', #893, #566 ) ;
#453 = CARTESIAN_POINT ( 'NONE',  ( -256.0246569560114267, -11.51374955902091735, 9.858995477276026875 ) ) ;
#454 = CARTESIAN_POINT ( 'NONE',  ( -192.4855795964845697, -12.00000000000000000, 10.94748117012555788 ) ) ;
#455 = CARTESIAN_POINT ( 'NONE',  ( -297.7688475006962676, -6.032581625972103012, 0.7397171102591426628 ) ) ;
#456 = CARTESIAN_POINT ( 'NONE',  ( -21.26061035018103951, -8.558558194433585342, 15.57226715007803541 ) ) ;
#457 = CARTESIAN_POINT ( 'NONE',  ( -186.5673429207238598, -20.72398727313022349, 15.09265297212005308 ) ) ;
#458 = CARTESIAN_POINT ( 'NONE',  ( -186.6600224493006692, -20.63224924098766522, 14.25425155655864273 ) ) ;
#459 = CARTESIAN_POINT ( 'NONE',  ( -25.29982758070070403, -11.56802186042508396, -2.328122599128601866 ) ) ;
#460 = CARTESIAN_POINT ( 'NONE',  ( -7.506909240135609451, -7.169657274940175462, 8.807034646144629164 ) ) ;
#461 = CARTESIAN_POINT ( 'NONE',  ( -112.9810291039189991, 0.000000000000000000, 5.061158576617761362 ) ) ;
#462 = CARTESIAN_POINT ( 'NONE',  ( -16.96525639052778089, -6.776085100781658710, 13.80445214798763942 ) ) ;
#463 = CARTESIAN_POINT ( 'NONE',  ( -43.60505890988369515, -9.166613021106035930, 22.91031992668718686 ) ) ;
#464 = CARTESIAN_POINT ( 'NONE',  ( -288.6809232660444877, -7.827354811771977339, 1.942388754051946442 ) ) ;
#465 = CARTESIAN_POINT ( 'NONE',  ( -25.03118288660286694, -22.85356541613727543, 3.774691387242434359 ) ) ;
#466 = CARTESIAN_POINT ( 'NONE',  ( -284.2199543964350141, -8.347059509145404732, 3.392925058175079833 ) ) ;
#467 = CARTESIAN_POINT ( 'NONE',  ( -147.4811436466733312, -12.19349692896783388, 6.343057474428446696 ) ) ;
#468 = CARTESIAN_POINT ( 'NONE',  ( -0.2563507171294879816, -11.23712683319146244, -0.7045325013744094811 ) ) ;
#469 = PLANE ( 'NONE',  #652 ) ;
#470 = CARTESIAN_POINT ( 'NONE',  ( -205.9378314742647262, -8.288716146815389152, 22.38113116315592421 ) ) ;
#471 = CARTESIAN_POINT ( 'NONE',  ( -68.44554526826965457, -9.481949539909010127, 27.83760373708082270 ) ) ;
#472 = CARTESIAN_POINT ( 'NONE',  ( -233.7707923783595163, -15.21473192544082309, 10.26235047741008799 ) ) ;
#473 = CARTESIAN_POINT ( 'NONE',  ( -200.5433271321512905, -17.84547728636986008, 10.13907782800993118 ) ) ;
#474 = CARTESIAN_POINT ( 'NONE',  ( -269.5623896520549465, -10.13190722476748640, 6.714845956015024875 ) ) ;
#475 = CARTESIAN_POINT ( 'NONE',  ( -78.24984200362939646, -9.473925197740458160, 2.385468585326265600 ) ) ;
#476 = EDGE_CURVE ( 'NONE', #1014, #1131, #984, .T. ) ;
#477 = CARTESIAN_POINT ( 'NONE',  ( -5.765860764608926381, -14.60686563523396764, 6.218468470195382736 ) ) ;
#478 = VECTOR ( 'NONE', #683, 1000.000000000000000 ) ;
#479 = CARTESIAN_POINT ( 'NONE',  ( 45.10938575054154143, 0.000000000000000000, -21.15311450338749211 ) ) ;
#480 = CARTESIAN_POINT ( 'NONE',  ( -145.8911982611301994, -7.082590978320122410, 30.30937873406634964 ) ) ;
#481 = CARTESIAN_POINT ( 'NONE',  ( -265.0677330237918454, -9.561560583179520734, 8.926052865877924347 ) ) ;
#482 = ADVANCED_FACE ( 'NONE', ( #1898 ), #321, .F. ) ;
#483 = CARTESIAN_POINT ( 'NONE',  ( -10.00000000000002842, -18.25757895430885114, 0.7752258119980830475 ) ) ;
#484 = CARTESIAN_POINT ( 'NONE',  ( -91.95410770996369365, -26.40580289639991207, 21.80866449675493257 ) ) ;
#485 = CARTESIAN_POINT ( 'NONE',  ( -287.0901487970043036, -6.405755135502303688, 1.132880239053983384 ) ) ;
#486 = CARTESIAN_POINT ( 'NONE',  ( -10.00000000000002665, -19.19382264641788538, 3.611597113617775356 ) ) ;
#487 = B_SPLINE_SURFACE_WITH_KNOTS ( 'NONE', 3, 3, ( 
 ( #1800, #1503, #1693, #1326, #870, #570, #97, #1814, #591, #252, #1036, #1068, #1664, #387, #2005, #1219, #1199, #729, #741, #1981, #1954, #401, #413, #1172, #1022, #1047, #1492, #1673, #232, #1365, #1993, #581, #1210, #1837, #84, #718, #1968, #426, #1059, #161, #1228 ),
 ( #445, #313, #455, #1410, #2038, #1085, #275, #2013, #920, #1264, #948, #939, #794, #777, #1557, #1401, #283, #1565, #1892, #480, #2022, #144, #1728, #1538, #1576, #599, #785, #1418, #609, #1238, #1385, #1854, #6, #626, #462, #2029, #1077, #1712, #635, #1112, #930 ),
 ( #616, #128, #1393, #911, #152, #1702, #292, #303, #1547, #1103, #762, #1246, #1256, #137, #770, #1884, #470, #1863, #1875, #1095, #1720, #1704, #1847, #295, #1549, #471, #1865, #627, #463, #1540, #1885, #921, #456, #284, #600, #1086, #138, #771, #637, #931, #1558 ),
 ( #1229, #129, #778, #153, #1721, #1257, #610, #1855, #145, #1402, #1104, #1394, #1386, #1729, #446, #763, #1239, #786, #2031, #314, #617, #1078, #304, #2023, #949, #940, #1713, #1247, #912, #1876, #1096, #1566, #1578, #1069, #162, #2014, #1411, #7, #2039, #276, #796 ),
 ( #1419, #439, #1694, #966, #1306, #1468, #1120, #833, #989, #1000, #1778, #331, #1427, #1139, #364, #823, #1756, #1616, #15, #1767, #323, #188, #25, #1747, #1265, #340, #1595, #1931, #1284, #46, #1921, #957, #521, #177, #1911, #812, #646, #499, #1436, #657, #59 ),
 ( #1626, #490, #975, #209, #1893, #1128, #1447, #1900, #1272, #1605, #481, #1113, #36, #669, #1294, #509, #353, #199, #1457, #1740, #682, #1151, #844, #1586, #169, #803, #106, #1161, #83, #1637, #1339, #1528, #1942, #702, #400, #1967, #1649, #425, #96, #869, #264 ),
 ( #1517, #580, #1035, #554, #728, #717, #531, #1021, #386, #693, #1316, #1187, #1325, #1491, #1012, #1502, #1352, #1663, #1980, #1813, #1209, #740, #901, #1836, #569, #1058, #219, #1198, #1684, #856, #1364, #1992, #242, #375, #891, #1788, #1479, #1824, #70, #1953, #412 ),
 ( #541, #1046, #1170, #1799, #231, #880, #1672, #251, #1384, #274, #1692, #453, #2012, #598, #607, #1067, #1227, #2020, #117, #1537, #1853, #910, #127, #761, #1376, #2004, #444, #1076, #1701, #282, #919, #1546, #136, #752, #769, #1861, #1391, #1236, #590, #1218, #1844 ),
 ( #437, #1405, #1133, #308, #9, #1580, #1260, #29, #1742, #474, #1915, #1107, #1880, #1123, #181, #640, #164, #325, #1734, #148, #631, #2, #299, #934, #317, #943, #952, #621, #1115, #960, #1267, #1590, #798, #816, #334, #503, #1440, #172, #662, #1252, #806 ),
 ( #969, #1750, #1421, #2034, #494, #1288, #466, #1431, #1099, #1724, #20, #1570, #1888, #790, #156, #1895, #1599, #1561, #1414, #1904, #650, #781, #484, #1278, #1925, #1643, #875, #1319, #213, #77, #513, #225, #827, #696, #525, #1620, #1760, #849, #1461, #393, #1143 ),
 ( #1935, #863, #1299, #1451, #380, #710, #562, #52, #1974, #1486, #203, #1347, #1472, #64, #1028, #344, #91, #1946, #1333, #534, #1016, #1658, #981, #1630, #40, #673, #1960, #1164, #548, #238, #1610, #1178, #1792, #1771, #357, #1806, #1498, #724, #191, #1155, #993 ),
 ( #1782, #837, #686, #1310, #368, #1003, #1193, #1677, #447, #120, #1985, #1222, #1079, #601, #1667, #583, #2007, #755, #246, #2024, #1202, #904, #431, #111, #922, #593, #1370, #772, #1998, #735, #2016, #1705, #1531, #1061, #1849, #1213, #1040, #1522, #896, #1819, #406 ),
 ( #1839, #1507, #440, #1070, #1380, #1695, #1687, #285, #1230, #1395, #1550, #277, #139, #100, #913, #885, #1357, #1856, #575, #267, #1829, #1387, #417, #1052, #1541, #257, #745, #131, #764, #1403, #146, #1088, #779, #1258, #950, #1559, #2040, #1412, #2032, #788, #628 ),
 ( #619, #611, #1240, #1877, #1249, #464, #1714, #1568, #154, #941, #1886, #1722, #1731, #472, #1866, #315, #1105, #457, #1097, #297, #932, #305, #266, #1060, #1997, #1686, #1212, #744, #1356, #895, #592, #754, #110, #1506, #1369, #582, #734, #1676, #1848, #903, #1984 ),
 ( #1828, #119, #1221, #1521, #1530, #574, #1201, #1379, #2006, #99, #1838, #416, #1051, #430, #256, #1697, #279, #458, #1404, #1560, #1543, #1081, #1389, #1858, #1867, #1205, #1072, #898, #260, #140, #2018, #287, #1090, #421, #773, #766, #587, #1525, #134, #1553, #1707 ),
 ( #1216, #916, #604, #2025, #1690, #749, #1716, #1842, #114, #2010, #1397, #1232, #612, #449, #2000, #924, #434, #1241, #298, #271, #933, #1832, #1382, #147, #780, #2033, #1055, #1681, #1372, #1065, #908, #1851, #1535, #442, #123, #759, #596, #1225, #959, #1122, #805 ),
 ( #797, #343, #1287, #1266, #620, #1894, #1589, #1879, #1733, #190, #493, #942, #8, #649, #1413, #1439, #1759, #1420, #1749, #155, #307, #1277, #968, #1450, #316, #826, #333, #1106, #1251, #1114, #1741, #1914, #465, #980, #171, #1598, #1430, #1903, #502, #1098, #483 ),
 ( #180, #19, #815, #1132, #1723, #28, #661, #1, #1569, #1609, #789, #630, #1259, #639, #1887, #324, #473, #951, #1579, #163, #723, #1460, #356, #848, #392, #1642, #1497, #224, #836, #547, #51, #90, #1959, #524, #1177, #39, #212, #1818, #1015, #561, #1298 ),
 ( #1471, #1666, #63, #1619, #874, #1973, #379, #1318, #1485, #695, #1924, #367, #1781, #884, #672, #1945, #685, #533, #992, #862, #76, #709, #1332, #1163, #1192, #1346, #245, #405, #1805, #1039, #202, #1027, #512, #1309, #1142, #1770, #1657, #1154, #1934, #1791, #237 ),
 ( #1002, #1629, #496, #700, #1763, #1303, #1136, #1443, #1928, #348, #986, #1489, #1775, #361, #384, #1918, #1148, #1168, #654, #1613, #1623, #1291, #666, #43, #1908, #1125, #676, #518, #690, #506, #1313, #996, #195, #1281, #830, #1951, #206, #33, #1939, #538, #68 ),
 ( #1465, #840, #1752, #337, #1454, #55, #528, #1158, #1019, #1785, #372, #228, #1008, #184, #1476, #1797, #1635, #217, #853, #1323, #972, #1646, #867, #1602, #820, #103, #93, #248, #397, #899, #115, #1056, #750, #577, #2011, #124, #1698, #597, #1526, #1226, #1032 ),
 ( #1821, #436, #1373, #423, #588, #261, #1361, #1810, #888, #1852, #760, #737, #81, #1988, #1682, #1337, #1195, #280, #2001, #1660, #1511, #1217, #878, #909, #443, #1206, #1843, #240, #1500, #1066, #1691, #917, #409, #1183, #273, #1834, #1978, #715, #1536, #1042, #1383 ),
 ( #726, #1964, #1074, #1669, #552, #565, #1349, #782, #1242, #2026, #326, #622, #1253, #1268, #774, #2035, #10, #1544, #1868, #467, #141, #1554, #935, #767, #1390, #1562, #149, #1571, #1398, #157, #1406, #459, #135, #613, #799, #1100, #289, #791, #1422, #953, #2019 ),
 ( #605, #1717, #1896, #1725, #641, #1233, #485, #1859, #1881, #1743, #309, #450, #945, #1415, #3, #300, #632, #1261, #1889, #1082, #1708, #1091, #1116, #1581, #475, #925, #1109, #1735, #318, #165, #204, #1948, #535, #665, #193, #369, #173, #214, #1279, #1462, #850 ),
 ( #1311, #838, #1301, #53, #1146, #829, #651, #1135, #697, #1631, #1612, #961, #1453, #1927, #807, #32, #1165, #687, #1906, #346, #994, #1751, #1783, #65, #1762, #1937, #495, #1124, #1621, #526, #1793, #1773, #515, #21, #1591, #971, #675, #42, #1917, #1320, #359 ),
 ( #983, #336, #1004, #1473, #1156, #1432, #1601, #183, #818, #1290, #505, #1442, #1223, #407, #394, #563, #712, #1203, #419, #1359, #1053, #886, #268, #432, #2008, #905, #1830, #1532, #1334, #1678, #121, #549, #864, #594, #746, #1976, #585, #757, #78, #258, #1961 ) ),
 .UNSPECIFIED., .F., .F., .F.,
 ( 4, 1, 1, 1, 1, 1, 1, 1, 1, 1, 1, 2, 1, 1, 1, 1, 1, 1, 1, 1, 1, 1, 4 ),
 ( 4, 1, 1, 1, 1, 1, 1, 1, 1, 1, 1, 1, 1, 1, 1, 1, 1, 1, 1, 1, 1, 1, 1, 1, 1, 1, 1, 1, 1, 1, 1, 1, 1, 1, 1, 1, 1, 1, 4 ),
 ( 0.000000000000000000, 0.06236757299710273678, 0.1247351459942054736, 0.1871027189913082034, 0.2494702919884109471, 0.3118378649855138018, 0.3430216514840652153, 0.3742054379826164068, 0.4053892244811677648, 0.4365730109797193448, 0.4677567974782706473, 0.4989405839768218942, 0.5302567974782704807, 0.5615730109797191227, 0.5928892244811678758, 0.6242054379826165178, 0.6555216514840651598, 0.6868378649855135798, 0.7494702919884108638, 0.8121027189913083699, 0.8747351459942054319, 0.9373675729971027160, 1.000000000000000000 ),
 ( 0.000000000000000000, 0.007812500000000000000, 0.01562500000000000000, 0.02343750000000000000, 0.03125000000000000000, 0.03906250000000000000, 0.06250000000000000000, 0.07031250000000000000, 0.08593750000000000000, 0.1015625000000000000, 0.1250000000000000000, 0.1484375000000000000, 0.1875000000000000000, 0.2109375000000000000, 0.2500000000000000000, 0.2734375000000000000, 0.3125000000000000000, 0.3593750000000000000, 0.4375000000000000000, 0.5312500000000000000, 0.5937500000000000000, 0.6083301257448932020, 0.6250000000000000000, 0.6562500000000000000, 0.6953125000000000000, 0.7187500000000000000, 0.7578125000000000000, 0.7812500000000000000, 0.8398437500000000000, 0.8750000000000000000, 0.8984375000000000000, 0.9140625000000000000, 0.9296875000000000000, 0.9375000000000000000, 0.9609375000000000000, 0.9765625000000000000, 0.9843750000000000000, 0.9921875000000000000, 1.000000000000000000 ),
 .UNSPECIFIED. ) ;
#488 = DIRECTION ( 'NONE',  ( 0.6314626185908931433, -0.7525478442946406110, -0.1868868731875556743 ) ) ;
#489 = CARTESIAN_POINT ( 'NONE',  ( -300.0000000000000568, -6.009683131738533746, 0.000000000000000000 ) ) ;
#490 = CARTESIAN_POINT ( 'NONE',  ( -299.1588041524852315, -6.203372202954268388, 0.2259875031902593145 ) ) ;
#491 = CARTESIAN_POINT ( 'NONE',  ( -5.219012484021255283, 3.108329223905510030, 16.44441877441399313 ) ) ;
#492 = ORIENTED_EDGE ( 'NONE', *, *, #1647, .T. ) ;
#493 = CARTESIAN_POINT ( 'NONE',  ( -262.6751642343278377, -11.15986577182813022, 5.108914641033523552 ) ) ;
#494 = CARTESIAN_POINT ( 'NONE',  ( -291.6662111901317758, -7.332501166614933119, 1.798681745953476963 ) ) ;
#495 = CARTESIAN_POINT ( 'NONE',  ( -60.81631260306105702, -7.108189613245540883, 0.6073512286310215336 ) ) ;
#496 = CARTESIAN_POINT ( 'NONE',  ( -297.4125486217996013, -6.447021214698652081, 0.1899872406018559001 ) ) ;
#497 = CARTESIAN_POINT ( 'NONE',  ( -192.4855795964845697, -12.00000000000000000, 15.04748117012554331 ) ) ;
#498 = CARTESIAN_POINT ( 'NONE',  ( -299.9999999999998863, -6.028942594437528335, -0.1618530283331740538 ) ) ;
#499 = CARTESIAN_POINT ( 'NONE',  ( -12.00456191900435243, -12.42592828188970167, 10.63364765730914385 ) ) ;
#500 = CARTESIAN_POINT ( 'NONE',  ( -1.554403304504980099, 1.852465722484107902, -0.3543084070394634244 ) ) ;
#501 = ORIENTED_EDGE ( 'NONE', *, *, #230, .F. ) ;
#502 = CARTESIAN_POINT ( 'NONE',  ( -11.27957375267458495, -18.84286777998251594, 1.052189130829545904 ) ) ;
#503 = CARTESIAN_POINT ( 'NONE',  ( -16.83303845968863399, -19.88405780373769716, 9.441015896681001607 ) ) ;
#504 = DIRECTION ( 'NONE',  ( 0.6069269524889669976, -0.7233073760709785027, 0.3293419409424970801 ) ) ;
#505 = CARTESIAN_POINT ( 'NONE',  ( -267.8329895284618942, -6.000000000000000888, 2.690299403883281482 ) ) ;
#506 = CARTESIAN_POINT ( 'NONE',  ( -39.44453409174803227, -21.06013982287660014, 2.487752219062708381 ) ) ;
#507 = DIRECTION ( 'NONE',  ( 0.7660444431189765702, 0.6427876096865411393, 0.000000000000000000 ) ) ;
#508 = DIRECTION ( 'NONE',  ( 0.7660444431189765702, 0.6427876096865411393, 8.326672684688674053E-17 ) ) ;
#509 = CARTESIAN_POINT ( 'NONE',  ( -214.8751799604965242, -13.78110129019568930, 19.07583731454950993 ) ) ;
#510 = CARTESIAN_POINT ( 'NONE',  ( -10.00000000000002487, -19.11362203375668756, 2.624416064900582324 ) ) ;
#511 = ORIENTED_EDGE ( 'NONE', *, *, #854, .F. ) ;
#512 = CARTESIAN_POINT ( 'NONE',  ( -24.53652488442055457, -20.83443120917516467, 1.711086512286311478 ) ) ;
#513 = CARTESIAN_POINT ( 'NONE',  ( -32.79882565509377201, -24.06228908313490322, 12.98344289644418303 ) ) ;
#514 = LINE ( 'NONE', #182, #689 ) ;
#515 = CARTESIAN_POINT ( 'NONE',  ( -21.70096269174526071, -6.841549455684550196, -3.145443695180349941 ) ) ;
#516 = CARTESIAN_POINT ( 'NONE',  ( -78.21317814592178763, -6.000000000000000888, 2.289072763066940741 ) ) ;
#517 = CIRCLE ( 'NONE', #288, 9.100000000000003197 ) ;
#518 = CARTESIAN_POINT ( 'NONE',  ( -56.25968694250974522, -21.96810880757618989, 4.373948154467326432 ) ) ;
#519 = DIRECTION ( 'NONE',  ( 0.000000000000000000, 0.000000000000000000, 1.000000000000000000 ) ) ;
#520 = DIRECTION ( 'NONE',  ( -0.6427876096865411393, 0.7660444431189765702, 0.000000000000000000 ) ) ;
#521 = CARTESIAN_POINT ( 'NONE',  ( -22.39800216347579820, -14.07684677659323746, 14.97994002935073787 ) ) ;
#522 = CARTESIAN_POINT ( 'NONE',  ( -4.658006721765675984, 5.551196244992189222, 15.91747166890598919 ) ) ;
#523 = VERTEX_POINT ( 'NONE', #329 ) ;
#524 = CARTESIAN_POINT ( 'NONE',  ( -22.45978371351165137, -21.44775077999312174, 2.294761648143071486 ) ) ;
#525 = CARTESIAN_POINT ( 'NONE',  ( -19.74370817029238268, -21.49796933619502681, 9.455441728450670880 ) ) ;
#526 = CARTESIAN_POINT ( 'NONE',  ( -36.30421680091359349, -6.976158860217337221, -1.940515387116255042 ) ) ;
#527 = LINE ( 'NONE', #1644, #811 ) ;
#528 = CARTESIAN_POINT ( 'NONE',  ( -285.5784365713711281, -7.582653926249293797, 1.502933753955838503 ) ) ;
#529 = DIRECTION ( 'NONE',  ( 1.000000000000000000, -0.000000000000000000, 0.000000000000000000 ) ) ;
#530 = CARTESIAN_POINT ( 'NONE',  ( -299.9999999999996589, -6.057815540296989987, -0.1598185996672992770 ) ) ;
#531 = CARTESIAN_POINT ( 'NONE',  ( -284.9928954619194315, -7.891365553871609428, 3.809023073840386076 ) ) ;
#532 = DIRECTION ( 'NONE',  ( -0.000000000000000000, 1.000000000000000000, -0.000000000000000000 ) ) ;
#533 = CARTESIAN_POINT ( 'NONE',  ( -188.2679072690347937, -18.28654318826023228, 9.884094802542751523 ) ) ;
#534 = CARTESIAN_POINT ( 'NONE',  ( -143.3200683390547283, -24.44374695404396292, 21.03038783264524980 ) ) ;
#535 = CARTESIAN_POINT ( 'NONE',  ( -21.81799783998736331, -8.594452414170728360, -3.038792277558758581 ) ) ;
#536 = CARTESIAN_POINT ( 'NONE',  ( -2.503172010220332311, -0.1282834176594845610, -0.5269471055080093835 ) ) ;
#537 = ORIENTED_EDGE ( 'NONE', *, *, #1943, .F. ) ;
#538 = CARTESIAN_POINT ( 'NONE',  ( -10.38838558009773294, -15.81260823575891905, -1.360506006001449331 ) ) ;
#539 = APPLICATION_CONTEXT ( 'automotive_design' ) ;
#540 = CARTESIAN_POINT ( 'NONE',  ( -91.40171529700330666, -6.000000000000000888, 30.34571254861025125 ) ) ;
#541 = CARTESIAN_POINT ( 'NONE',  ( -300.0000000000000000, -6.155724594818658524, -0.02754304677250547090 ) ) ;
#542 = CARTESIAN_POINT ( 'NONE',  ( -299.2591345464726942, -6.000000000000000888, 0.2477653776959904131 ) ) ;
#543 = ORIENTED_EDGE ( 'NONE', *, *, #1182, .T. ) ;
#544 = DIRECTION ( 'NONE',  ( 0.000000000000000000, 0.000000000000000000, 1.000000000000000000 ) ) ;
#545 = ORIENTED_EDGE ( 'NONE', *, *, #1943, .T. ) ;
#546 = CARTESIAN_POINT ( 'NONE',  ( -4.136304772262745288, -6.000000000000000000, 6.700739936604786173 ) ) ;
#547 = CARTESIAN_POINT ( 'NONE',  ( -40.30359126896284039, -24.06753411433411216, 5.055411330478979615 ) ) ;
#548 = CARTESIAN_POINT ( 'NONE',  ( -48.41773861287597924, -26.48862761768033636, 15.01218809176536517 ) ) ;
#549 = CARTESIAN_POINT ( 'NONE',  ( -24.68015526442110641, -6.000000000000000888, -2.945797139614796833 ) ) ;
#550 = DIRECTION ( 'NONE',  ( 0.000000000000000000, 1.000000000000000000, -0.000000000000000000 ) ) ;
#551 = ORIENTED_EDGE ( 'NONE', *, *, #1753, .T. ) ;
#552 = CARTESIAN_POINT ( 'NONE',  ( -293.1264144521494472, -6.456502268171732339, 0.5616386729689951673 ) ) ;
#553 = CARTESIAN_POINT ( 'NONE',  ( -10.00000000030452796, -5.999999999999999112, 10.26999941035575681 ) ) ;
#554 = CARTESIAN_POINT ( 'NONE',  ( -294.7437714992884707, -6.760242867376293319, 1.356337704867344840 ) ) ;
#555 = CARTESIAN_POINT ( 'NONE',  ( -287.0065220306621541, -6.000000000000004441, 4.065966335196123715 ) ) ;
#556 = VECTOR ( 'NONE', #12, 1000.000000000000114 ) ;
#557 = VERTEX_POINT ( 'NONE', #1400 ) ;
#558 = DIRECTION ( 'NONE',  ( 0.7660444431189765702, 0.6427876096865411393, 0.000000000000000000 ) ) ;
#559 = ORIENTED_EDGE ( 'NONE', *, *, #2015, .F. ) ;
#560 = CARTESIAN_POINT ( 'NONE',  ( -10.44325831465825871, 1.301042606982605321E-15, 2.091380765238285644 ) ) ;
#561 = CARTESIAN_POINT ( 'NONE',  ( -10.41494101734875066, -17.76931299722412660, 0.08634364327943068462 ) ) ;
#562 = CARTESIAN_POINT ( 'NONE',  ( -284.0697347313239902, -8.433677502399932635, 3.222905185923736315 ) ) ;
#563 = CARTESIAN_POINT ( 'NONE',  ( -218.4214404133243761, -6.000000000000002665, 4.945794365156915617 ) ) ;
#564 = CARTESIAN_POINT ( 'NONE',  ( -44.52792286877840411, -5.999999999999991118, -1.092902449468274417 ) ) ;
#565 = CARTESIAN_POINT ( 'NONE',  ( -290.7454048083253042, -6.588751579087329446, 0.8032960383833129825 ) ) ;
#566 = VECTOR ( 'NONE', #614, 1000.000000000000114 ) ;
#567 = VERTEX_POINT ( 'NONE', #2021 ) ;
#568 = ORIENTED_EDGE ( 'NONE', *, *, #1736, .F. ) ;
#569 = CARTESIAN_POINT ( 'NONE',  ( -77.83202524591794713, -22.52297916223528418, 24.95397839047311450 ) ) ;
#570 = CARTESIAN_POINT ( 'NONE',  ( -290.9065731460297570, -6.000000000000002665, 2.896036780770926189 ) ) ;
#571 = LINE ( 'NONE', #1982, #1650 ) ;
#572 = EDGE_CURVE ( 'NONE', #1933, #1045, #947, .T. ) ;
#573 = PLANE ( 'NONE',  #680 ) ;
#574 = CARTESIAN_POINT ( 'NONE',  ( -288.7005939060595097, -7.817071908445480055, 1.842166680444715432 ) ) ;
#575 = CARTESIAN_POINT ( 'NONE',  ( -167.6971468519131747, -22.67393541667562573, 17.30399281276108425 ) ) ;
#576 = CARTESIAN_POINT ( 'NONE',  ( -8.971599710406717776, -8.055775662799787185, -3.304556038968972320 ) ) ;
#577 = CARTESIAN_POINT ( 'NONE',  ( -21.33952443443453717, -16.68081808271911015, -0.9228786975758149769 ) ) ;
#578 = ORIENTED_EDGE ( 'NONE', *, *, #1652, .F. ) ;
#579 = VERTEX_POINT ( 'NONE', #1417 ) ;
#580 = CARTESIAN_POINT ( 'NONE',  ( -299.1275160541165405, -6.242132010277978260, 0.2117239772531497033 ) ) ;
#581 = CARTESIAN_POINT ( 'NONE',  ( -24.00541320880742902, -6.000000000000002665, 16.75199718042813046 ) ) ;
#582 = CARTESIAN_POINT ( 'NONE',  ( -17.22677336121834557, -22.07040406666045484, 5.176510512615499771 ) ) ;
#583 = CARTESIAN_POINT ( 'NONE',  ( -211.3405461443248896, -17.91355686233118760, 14.19149548761467017 ) ) ;
#584 = VECTOR ( 'NONE', #743, 999.9999999999998863 ) ;
#585 = CARTESIAN_POINT ( 'NONE',  ( -13.11151305812672163, -5.999999999999995559, -3.452503891610512188 ) ) ;
#586 = CARTESIAN_POINT ( 'NONE',  ( -7.673596643849759147, -6.000000000000002665, -3.255370265669626395 ) ) ;
#587 = CARTESIAN_POINT ( 'NONE',  ( -14.45231067141300407, -21.04017166917213544, 3.743972013460846515 ) ) ;
#588 = CARTESIAN_POINT ( 'NONE',  ( -292.8172995067427564, -6.680359849536436023, 0.6324082691539082424 ) ) ;
#589 = EDGE_LOOP ( 'NONE', ( #1608, #1374 ) ) ;
#590 = CARTESIAN_POINT ( 'NONE',  ( -11.19443235314236063, -17.04456053892879908, 8.187377517031181995 ) ) ;
#591 = CARTESIAN_POINT ( 'NONE',  ( -278.1219968184735194, -6.000000000000002665, 6.565927591490495097 ) ) ;
#592 = CARTESIAN_POINT ( 'NONE',  ( -33.36047085803834733, -25.53828775934348627, 8.754316573941116175 ) ) ;
#593 = CARTESIAN_POINT ( 'NONE',  ( -71.10170056079667233, -27.83398724431008731, 16.68353969885901122 ) ) ;
#594 = CARTESIAN_POINT ( 'NONE',  ( -19.67817985166531614, -6.000000000000000888, -3.258718389849001529 ) ) ;
#595 = CARTESIAN_POINT ( 'NONE',  ( -7.673596643849759147, -7.038536782015579085, -3.255370265669626839 ) ) ;
#596 = CARTESIAN_POINT ( 'NONE',  ( -14.41360237868780381, -20.66117997512829518, 2.680403076944206209 ) ) ;
#597 = CARTESIAN_POINT ( 'NONE',  ( -12.24468012436605235, -14.79759495655285129, -1.916157286351644951 ) ) ;
#598 = CARTESIAN_POINT ( 'NONE',  ( -235.4145325395396924, -13.80343247828630915, 13.78526563332087918 ) ) ;
#599 = CARTESIAN_POINT ( 'NONE',  ( -68.37543138863378545, -7.153370421090302855, 27.91979408135152951 ) ) ;
#600 = CARTESIAN_POINT ( 'NONE',  ( -17.05885632505867378, -8.384152410018861801, 13.77156186271187543 ) ) ;
#601 = CARTESIAN_POINT ( 'NONE',  ( -233.7960691816382450, -15.18783179313960474, 11.29465951230311660 ) ) ;
#602 = EDGE_CURVE ( 'NONE', #1495, #1196, #5, .T. ) ;
#603 = CARTESIAN_POINT ( 'NONE',  ( -10.00000000000000000, -6.000000000000000888, -3.388037155377268572 ) ) ;
#604 = CARTESIAN_POINT ( 'NONE',  ( -297.2036245632691589, -6.589048617367113891, 0.3517032158668197406 ) ) ;
#605 = CARTESIAN_POINT ( 'NONE',  ( -299.9999999999998863, -6.028942594437528335, -0.1618530283331740538 ) ) ;
#606 = CARTESIAN_POINT ( 'NONE',  ( -1.105473860923396963E-31, 0.000000000000000000, -5.998726955931733209E-32 ) ) ;
#607 = CARTESIAN_POINT ( 'NONE',  ( -223.2045672321144139, -15.08782578391457818, 15.88781635388645341 ) ) ;
#608 = DIRECTION ( 'NONE',  ( 0.4197656996029407450, -0.5002572805496241504, 0.7573238479633058740 ) ) ;
#609 = CARTESIAN_POINT ( 'NONE',  ( -43.45244762046370823, -7.037528959682577856, 22.96778906766959949 ) ) ;
#610 = CARTESIAN_POINT ( 'NONE',  ( -286.5502102629824321, -6.824098716350206928, 4.056294646843233487 ) ) ;
#611 = CARTESIAN_POINT ( 'NONE',  ( -299.0590517282759038, -6.336558686208371149, 0.08673528254492710032 ) ) ;
#612 = CARTESIAN_POINT ( 'NONE',  ( -244.4408346741828666, -13.66823280173995236, 7.805910422446945773 ) ) ;
#613 = CARTESIAN_POINT ( 'NONE',  ( -20.17409405321202343, -11.21006680762482688, -2.714734286955668541 ) ) ;
#614 = DIRECTION ( 'NONE',  ( -0.1201285664980205614, 0.1431636506972079337, -0.9823814415135184719 ) ) ;
#615 = CARTESIAN_POINT ( 'NONE',  ( -47.60504079077733763, -6.000000000000000000, 29.77881627226994965 ) ) ;
#616 = CARTESIAN_POINT ( 'NONE',  ( -300.0000000000000568, -6.029000645994732288, -0.0003118149972560659683 ) ) ;
#617 = CARTESIAN_POINT ( 'NONE',  ( -118.8599628163785269, -12.88366375709098222, 30.83571512578371809 ) ) ;
#618 = AXIS2_PLACEMENT_3D ( 'NONE', #821, #1126, #519 ) ;
#619 = CARTESIAN_POINT ( 'NONE',  ( -300.0000000000000568, -6.200011875955151019, -0.08591505636035384752 ) ) ;
#620 = CARTESIAN_POINT ( 'NONE',  ( -291.6875833689896353, -7.327839582666490159, 1.145206271141216092 ) ) ;
#621 = CARTESIAN_POINT ( 'NONE',  ( -56.32130899273383307, -25.10767021024674150, 19.15506042724435787 ) ) ;
#622 = CARTESIAN_POINT ( 'NONE',  ( -259.8437842153956012, -8.136351736917180943, 3.360381567364498778 ) ) ;
#623 = UNCERTAINTY_MEASURE_WITH_UNIT (LENGTH_MEASURE( 1.000000000000000082E-05 ), #1062, 'distance_accuracy_value', 'NONE');
#624 = CARTESIAN_POINT ( 'NONE',  ( -0.6585391746580615546, -10.90436990835505426, -1.179012480136955920 ) ) ;
#625 = CARTESIAN_POINT ( 'NONE',  ( -300.0000000000000000, -6.000000000000000000, -0.1621621621621254228 ) ) ;
#626 = CARTESIAN_POINT ( 'NONE',  ( -19.19448293580061105, -6.806129672588697943, 14.78639942208199543 ) ) ;
#627 = CARTESIAN_POINT ( 'NONE',  ( -52.79330017239197304, -9.313289067521694164, 25.03222116294349675 ) ) ;
#628 = CARTESIAN_POINT ( 'NONE',  ( -10.00000000000000000, -19.13211848204892007, 3.979836658627653012 ) ) ;
#629 = EDGE_CURVE ( 'NONE', #523, #835, #167, .T. ) ;
#630 = CARTESIAN_POINT ( 'NONE',  ( -255.5474108925827181, -11.80978163048509444, 5.551575626952112152 ) ) ;
#631 = CARTESIAN_POINT ( 'NONE',  ( -118.4025296146324422, -24.52643404932918969, 24.36103768458051633 ) ) ;
#632 = CARTESIAN_POINT ( 'NONE',  ( -206.0820462834046225, -8.225001168499320059, 5.341243293677427673 ) ) ;
#633 = CARTESIAN_POINT ( 'NONE',  ( -4.706788834572298796, -16.85174877314559794, 3.124630240911787205 ) ) ;
#634 = DIRECTION ( 'NONE',  ( 0.4867983859909469357, -0.5801437253737710131, -0.6530395005710234457 ) ) ;
#635 = CARTESIAN_POINT ( 'NONE',  ( -10.84060112237806628, -6.678935896406810180, 10.74253664503338435 ) ) ;
#636 = ADVANCED_FACE ( 'NONE', ( #1118 ), #469, .F. ) ;
#637 = CARTESIAN_POINT ( 'NONE',  ( -10.85472731956472181, -8.048737898947488034, 10.70486206659309225 ) ) ;
#638 = ADVANCED_FACE ( 'NONE', ( #2028 ), #748, .T. ) ;
#639 = CARTESIAN_POINT ( 'NONE',  ( -234.9085394974446501, -14.20153598567062581, 7.591082078218623685 ) ) ;
#640 = CARTESIAN_POINT ( 'NONE',  ( -212.3373527487133288, -16.76740355021017237, 16.83692349618508288 ) ) ;
#641 = CARTESIAN_POINT ( 'NONE',  ( -293.3471257058364472, -6.228828205892653180, 0.5202260088088580536 ) ) ;
#642 = CARTESIAN_POINT ( 'NONE',  ( 0.1110675247352353318, -5.999999999999998224, 0.08185218319315389068 ) ) ;
#643 = DIRECTION ( 'NONE',  ( -0.000000000000000000, 1.000000000000000000, -0.000000000000000000 ) ) ;
#644 = CARTESIAN_POINT ( 'NONE',  ( -300.0000000000000000, -6.138221290082515935, -0.01978585682362053386 ) ) ;
#645 = AXIS2_PLACEMENT_3D ( 'NONE', #381, #550, #1312 ) ;
#646 = CARTESIAN_POINT ( 'NONE',  ( -13.40298665497977382, -12.72363963801278786, 11.27619548398954485 ) ) ;
#647 = CARTESIAN_POINT ( 'NONE',  ( -1.532088886237957581, -1.285575219373082501, 2.265685904761444803E-15 ) ) ;
#648 = ORIENTED_EDGE ( 'NONE', *, *, #1049, .T. ) ;
#649 = CARTESIAN_POINT ( 'NONE',  ( -234.4491493883553233, -14.62556809675502834, 8.257883787589797464 ) ) ;
#650 = CARTESIAN_POINT ( 'NONE',  ( -118.4173100807786767, -25.44513089004372830, 22.90909204801094035 ) ) ;
#651 = CARTESIAN_POINT ( 'NONE',  ( -287.1908132001709077, -6.135268630018008373, 1.117584020127680322 ) ) ;
#652 = AXIS2_PLACEMENT_3D ( 'NONE', #1094, #488, #1409 ) ;
#653 = CARTESIAN_POINT ( 'NONE',  ( -4.990054322030792022, -17.26564100008551961, 1.517272319936080471 ) ) ;
#654 = CARTESIAN_POINT ( 'NONE',  ( -170.0195638299556151, -18.52061200300786936, 9.294373779970698024 ) ) ;
#655 = CARTESIAN_POINT ( 'NONE',  ( -2.610814578664568231, 2.168404344971008868E-16, -0.4950893479050128554 ) ) ;
#656 = CARTESIAN_POINT ( 'NONE',  ( -300.0000000000001137, -6.086893667299698052, -0.006614898313475116656 ) ) ;
#657 = CARTESIAN_POINT ( 'NONE',  ( -10.32396076811407681, -12.02319363947836628, 9.835260580442930944 ) ) ;
#658 = PRODUCT_DEFINITION_FORMATION_WITH_SPECIFIED_SOURCE ( 'ANY', '', #428, .NOT_KNOWN. ) ;
#659 = VECTOR ( 'NONE', #859, 1000.000000000000000 ) ;
#660 = DIRECTION ( 'NONE',  ( -0.4197656996029401899, 0.5002572805496237063, -0.7573238479633063180 ) ) ;
#661 = CARTESIAN_POINT ( 'NONE',  ( -284.4584799898280494, -8.219523094399271201, 2.054280097384602044 ) ) ;
#662 = CARTESIAN_POINT ( 'NONE',  ( -11.23070977620319510, -17.87852596303371300, 7.556690844728201739 ) ) ;
#663 = CARTESIAN_POINT ( 'NONE',  ( -2.310966303823471346, -0.3573452587750505782, 1.044863200913635826 ) ) ;
#664 = EDGE_CURVE ( 'NONE', #1618, #1515, #1639, .T. ) ;
#665 = CARTESIAN_POINT ( 'NONE',  ( -19.78283963085052122, -8.521957310483415426, -3.158730725720507060 ) ) ;
#666 = CARTESIAN_POINT ( 'NONE',  ( -92.86653284441209166, -22.17527163724160744, 7.529151042068310318 ) ) ;
#667 = CARTESIAN_POINT ( 'NONE',  ( -35.59426829567232886, 39.30814946340867522, 9.266651649295146953 ) ) ;
#668 = DIRECTION ( 'NONE',  ( 0.9926062491409471944, 0.000000000000000000, -0.1213788868227913542 ) ) ;
#669 = CARTESIAN_POINT ( 'NONE',  ( -237.4468446207045531, -11.98814909638382353, 14.88044315444425969 ) ) ;
#670 = CARTESIAN_POINT ( 'NONE',  ( -9.999999999999973355, -18.78583919287363102, 1.653107880132292928 ) ) ;
#671 = ORIENTED_EDGE ( 'NONE', *, *, #1753, .F. ) ;
#672 = CARTESIAN_POINT ( 'NONE',  ( -223.3090066352647511, -14.95443028448613454, 7.908638574413928701 ) ) ;
#673 = CARTESIAN_POINT ( 'NONE',  ( -70.93945081441283662, -27.34238330303560716, 18.33591704360496166 ) ) ;
#674 = CARTESIAN_POINT ( 'NONE',  ( -3.686923597783311024, 4.393904443278603189, 16.44441877441398958 ) ) ;
#675 = CARTESIAN_POINT ( 'NONE',  ( -13.11151305812672163, -6.734727393726776867, -3.452503891610512188 ) ) ;
#676 = CARTESIAN_POINT ( 'NONE',  ( -62.79840504020731373, -22.15726942002120126, 5.040787959332498680 ) ) ;
#677 = EDGE_CURVE ( 'NONE', #1815, #1297, #1802, .T. ) ;
#678 = DIRECTION ( 'NONE',  ( 0.000000000000000000, 0.000000000000000000, -1.000000000000000000 ) ) ;
#679 = DIRECTION ( 'NONE',  ( 0.7660444431189765702, 0.6427876096865411393, 0.000000000000000000 ) ) ;
#680 = AXIS2_PLACEMENT_3D ( 'NONE', #1520, #1675, #1345 ) ;
#681 = ADVANCED_FACE ( 'NONE', ( #1494 ), #86, .F. ) ;
#682 = CARTESIAN_POINT ( 'NONE',  ( -118.5534002074315509, -19.33671827666342224, 28.71158388122619343 ) ) ;
#683 = DIRECTION ( 'NONE',  ( -0.2116969189879531199, 0.2522905637450172378, 0.9442107211508612430 ) ) ;
#684 = EDGE_LOOP ( 'NONE', ( #104, #1057, #1286, #751, #1189, #38 ) ) ;
#685 = CARTESIAN_POINT ( 'NONE',  ( -201.0827476372403453, -17.11918667837386110, 9.272758553035094664 ) ) ;
#686 = CARTESIAN_POINT ( 'NONE',  ( -297.1803164029448681, -6.605478124426694464, 0.4938092066095036148 ) ) ;
#687 = CARTESIAN_POINT ( 'NONE',  ( -193.2336900628998819, -6.826566995576115460, 5.554718911399834980 ) ) ;
#688 = LINE ( 'NONE', #1321, #1864 ) ;
#689 = VECTOR ( 'NONE', #817, 1000.000000000000000 ) ;
#690 = CARTESIAN_POINT ( 'NONE',  ( -47.46499403098772518, -21.58496014382506800, 3.421125501485003273 ) ) ;
#691 = CYLINDRICAL_SURFACE ( 'NONE', #1680, 4.099999999999985434 ) ;
#692 = CARTESIAN_POINT ( 'NONE',  ( 0.9935946063839348197, -6.000000000000000000, 0.8235454592310292865 ) ) ;
#693 = CARTESIAN_POINT ( 'NONE',  ( -270.5437175460467643, -9.506630282365813756, 7.212970303205620048 ) ) ;
#694 = DIRECTION ( 'NONE',  ( 0.000000000000000000, 0.000000000000000000, 1.000000000000000000 ) ) ;
#695 = CARTESIAN_POINT ( 'NONE',  ( -269.9829792824098149, -9.846683310298082858, 3.647017817831804898 ) ) ;
#696 = CARTESIAN_POINT ( 'NONE',  ( -22.53177384086994195, -22.17174926581635930, 10.25666168324991112 ) ) ;
#697 = CARTESIAN_POINT ( 'NONE',  ( -278.1395517410954881, -6.215897857064991427, 1.911943529043336643 ) ) ;
#698 = CARTESIAN_POINT ( 'NONE',  ( -86.71847804325787479, -6.000000000000002665, 2.996436781103565927 ) ) ;
#699 = EDGE_LOOP ( 'NONE', ( #1789, #858 ) ) ;
#700 = CARTESIAN_POINT ( 'NONE',  ( -294.8001935140570140, -6.754796765270898895, 0.5196021423555013952 ) ) ;
#701 = CARTESIAN_POINT ( 'NONE',  ( -261.1199421527679192, -5.999999999999984013, 10.95032972183354580 ) ) ;
#702 = CARTESIAN_POINT ( 'NONE',  ( -21.00437682041577148, -16.50044759033649910, 13.54316299472568730 ) ) ;
#703 = DIRECTION ( 'NONE',  ( 0.000000000000000000, 1.000000000000000000, -0.000000000000000000 ) ) ;
#704 = ORIENTED_EDGE ( 'NONE', *, *, #1846, .T. ) ;
#705 = EDGE_CURVE ( 'NONE', #523, #835, #1833, .T. ) ;
#706 = CARTESIAN_POINT ( 'NONE',  ( -1.532088886237956027, -1.285575219373084721, -2.637092369304872615E-31 ) ) ;
#707 = ORIENTED_EDGE ( 'NONE', *, *, #1477, .F. ) ;
#708 = CARTESIAN_POINT ( 'NONE',  ( -6.794255542669770165, -6.000000000000000000, 8.452525064340798977 ) ) ;
#709 = CARTESIAN_POINT ( 'NONE',  ( -102.1215872814839827, -23.75975349969462869, 9.597126843832302967 ) ) ;
#710 = CARTESIAN_POINT ( 'NONE',  ( -288.7673682282501204, -7.778307196062716145, 2.276764798900497322 ) ) ;
#711 = EDGE_CURVE ( 'NONE', #1131, #1014, #1092, .T. ) ;
#712 = CARTESIAN_POINT ( 'NONE',  ( -206.2889868120401218, -6.000000000000000888, 5.269401923434142709 ) ) ;
#713 = CYLINDRICAL_SURFACE ( 'NONE', #1703, 4.099999999999985434 ) ;
#714 = ORIENTED_EDGE ( 'NONE', *, *, #1034, .F. ) ;
#715 = CARTESIAN_POINT ( 'NONE',  ( -12.08748468443759094, -12.61583692270292545, -2.633769790935555299 ) ) ;
#716 = CARTESIAN_POINT ( 'NONE',  ( -229.1117687130085017, -5.999999999999995559, 18.09150661254863479 ) ) ;
#717 = CARTESIAN_POINT ( 'NONE',  ( -289.4403653611215077, -7.378570160518870935, 2.703470262060823970 ) ) ;
#718 = CARTESIAN_POINT ( 'NONE',  ( -14.86900642969144037, -6.000000000000002665, 12.82613633421883392 ) ) ;
#719 = EDGE_LOOP ( 'NONE', ( #1167, #543 ) ) ;
#720 = CARTESIAN_POINT ( 'NONE',  ( -11.86342373307920184, 0.000000000000000000, -22.53428421995895903 ) ) ;
#721 = ORIENTED_EDGE ( 'NONE', *, *, #31, .F. ) ;
#722 = SURFACE_SIDE_STYLE ('',( #1368 ) ) ;
#723 = CARTESIAN_POINT ( 'NONE',  ( -119.3610703447835846, -24.25543658316107454, 11.65487593281689271 ) ) ;
#724 = CARTESIAN_POINT ( 'NONE',  ( -12.60453535409594217, -19.78877137591474522, 6.378950732168801707 ) ) ;
#725 = FACE_OUTER_BOUND ( 'NONE', #1803, .T. ) ;
#726 = CARTESIAN_POINT ( 'NONE',  ( -299.9999999999996589, -6.057815540296989987, -0.1598185996672992770 ) ) ;
#727 = ORIENTED_EDGE ( 'NONE', *, *, #476, .T. ) ;
#728 = CARTESIAN_POINT ( 'NONE',  ( -292.0977591088575309, -7.069889105409649765, 2.033380005869870111 ) ) ;
#729 = CARTESIAN_POINT ( 'NONE',  ( -192.6445674859961343, -5.999999999999984013, 24.65688656324953598 ) ) ;
#730 = AXIS2_PLACEMENT_3D ( 'NONE', #1624, #44, #1282 ) ;
#731 = CARTESIAN_POINT ( 'NONE',  ( -262.9190021534010953, 0.000000000000000000, 3.679387162710851644 ) ) ;
#732 = VECTOR ( 'NONE', #1160, 1000.000000000000114 ) ;
#733 = CARTESIAN_POINT ( 'NONE',  ( -7.505175269952708561, 8.944319591015313264, -11.09044413105867122 ) ) ;
#734 = CARTESIAN_POINT ( 'NONE',  ( -14.45902683547011769, -21.10621613469218616, 4.478584538766550160 ) ) ;
#735 = CARTESIAN_POINT ( 'NONE',  ( -40.78804329402964868, -26.35812520519203161, 12.12787042218541878 ) ) ;
#736 = CARTESIAN_POINT ( 'NONE',  ( -11.82386571778258499, -5.999999999999995559, -3.441133680961352859 ) ) ;
#737 = CARTESIAN_POINT ( 'NONE',  ( -258.8393412047637412, -9.169883385592926928, 3.664153093443279108 ) ) ;
#738 = ORIENTED_EDGE ( 'NONE', *, *, #56, .T. ) ;
#739 = ORIENTED_EDGE ( 'NONE', *, *, #306, .T. ) ;
#740 = CARTESIAN_POINT ( 'NONE',  ( -100.9651256716229284, -22.26033795181869479, 26.68465313661845073 ) ) ;
#741 = CARTESIAN_POINT ( 'NONE',  ( -172.4149447434526508, -5.999999999999982236, 27.53885523472876429 ) ) ;
#742 = PLANE ( 'NONE',  #1358 ) ;
#743 = DIRECTION ( 'NONE',  ( 0.7660444431189765702, 0.6427876096865411393, 0.000000000000000000 ) ) ;
#744 = CARTESIAN_POINT ( 'NONE',  ( -57.25121140788338892, -27.59609181674918688, 12.71601035882019204 ) ) ;
#745 = CARTESIAN_POINT ( 'NONE',  ( -63.45108952475296604, -27.80780338957302078, 14.63655875779385873 ) ) ;
#746 = CARTESIAN_POINT ( 'NONE',  ( -17.34725550235220481, -5.999999999999998224, -3.366562384312432599 ) ) ;
#747 = LINE ( 'NONE', #758, #768 ) ;
#748 = B_SPLINE_SURFACE_WITH_KNOTS ( 'NONE', 13, 1, ( 
 ( #1745, #312 ),
 ( #1575, #1891 ),
 ( #1237, #1255 ),
 ( #1711, #955 ),
 ( #1862, #1102 ),
 ( #801, #479 ),
 ( #291, #1111 ),
 ( #1738, #964 ),
 ( #615, #1584 ),
 ( #175, #461 ),
 ( #1556, #1245 ),
 ( #1719, #302 ),
 ( #938, #784 ),
 ( #625, #30 ) ),
 .UNSPECIFIED., .F., .F., .F.,
 ( 14, 14 ),
 ( 2, 2 ),
 ( 0.000000000000000000, 1.000000000000000000 ),
 ( 0.000000000000000000, 1.000000000000000000 ),
 .UNSPECIFIED. ) ;
#749 = CARTESIAN_POINT ( 'NONE',  ( -288.7799482001217939, -7.774188087718537865, 1.695247559329800868 ) ) ;
#750 = CARTESIAN_POINT ( 'NONE',  ( -23.55759207268522459, -17.01096332334337902, -0.6748735419948330705 ) ) ;
#751 = ORIENTED_EDGE ( 'NONE', *, *, #1846, .F. ) ;
#752 = CARTESIAN_POINT ( 'NONE',  ( -21.99908761340538632, -20.18218321088167500, 11.88779171576934601 ) ) ;
#753 = CARTESIAN_POINT ( 'NONE',  ( -1.628191739436376073, -1.171044298815314022, -0.7859051532108388693 ) ) ;
#754 = CARTESIAN_POINT ( 'NONE',  ( -28.69873595178536974, -24.77444677746927582, 7.795499379497688786 ) ) ;
#755 = CARTESIAN_POINT ( 'NONE',  ( -186.5308357899154998, -20.69450566958525073, 16.76294744222104427 ) ) ;
#756 = PRESENTATION_LAYER_ASSIGNMENT (  '', '', ( #1108 ) ) ;
#757 = CARTESIAN_POINT ( 'NONE',  ( -11.82386571778258499, -5.999999999999995559, -3.441133680961352859 ) ) ;
#758 = CARTESIAN_POINT ( 'NONE',  ( -1.628191739436376295, -1.171044298815314022, -0.7859051532108387583 ) ) ;
#759 = CARTESIAN_POINT ( 'NONE',  ( -17.15759440279527936, -21.59411601755062549, 3.293410282486322949 ) ) ;
#760 = CARTESIAN_POINT ( 'NONE',  ( -266.0727560885617322, -8.673191255313142278, 3.124744860272166580 ) ) ;
#761 = CARTESIAN_POINT ( 'NONE',  ( -85.77757363264126411, -24.31764740696199922, 24.15804234136587425 ) ) ;
#762 = CARTESIAN_POINT ( 'NONE',  ( -267.8649704036221806, -6.930825222306753020, 9.224085637381604030 ) ) ;
#763 = CARTESIAN_POINT ( 'NONE',  ( -217.5211820908370157, -10.03826297711130877, 19.97743058163931806 ) ) ;
#764 = CARTESIAN_POINT ( 'NONE',  ( -48.71647510011639071, -27.14017238773541152, 12.52108238839784882 ) ) ;
#765 = CARTESIAN_POINT ( 'NONE',  ( -228.6786698250708127, -5.999999999999999112, 4.624226719382913409 ) ) ;
#766 = CARTESIAN_POINT ( 'NONE',  ( -17.21684254822832827, -21.99768942373059843, 4.410249823213073128 ) ) ;
#767 = CARTESIAN_POINT ( 'NONE',  ( -86.75144862578095228, -12.97488231086840393, 3.537058623403928070 ) ) ;
#768 = VECTOR ( 'NONE', #1999, 1000.000000000000114 ) ;
#769 = CARTESIAN_POINT ( 'NONE',  ( -19.30133875567781132, -19.58043330344339950, 11.01802138778643148 ) ) ;
#770 = CARTESIAN_POINT ( 'NONE',  ( -228.8686526212621004, -7.835969745973433653, 18.07882193042647145 ) ) ;
#771 = CARTESIAN_POINT ( 'NONE',  ( -11.74960166587824340, -8.104778162154936183, 11.18234293529868317 ) ) ;
#772 = CARTESIAN_POINT ( 'NONE',  ( -57.11527563763233672, -27.47575407454845120, 14.87661040857217998 ) ) ;
#773 = CARTESIAN_POINT ( 'NONE',  ( -20.04683036837751686, -22.79291550207338091, 5.062349065998114739 ) ) ;
#774 = CARTESIAN_POINT ( 'NONE',  ( -227.6549538377766453, -9.529172084599933257, 4.971477533220388878 ) ) ;
#775 = CARTESIAN_POINT ( 'NONE',  ( -10.00000000000000000, -6.000000000000000000, 10.26999940980151038 ) ) ;
#776 = CARTESIAN_POINT ( 'NONE',  ( -192.4855795964845697, -12.00000000000000000, 10.94748117012555788 ) ) ;
#777 = CARTESIAN_POINT ( 'NONE',  ( -241.2710676368536724, -6.528189747300160661, 15.53585351816992954 ) ) ;
#778 = CARTESIAN_POINT ( 'NONE',  ( -297.6804847825838465, -6.193690540603951966, 0.7347979190741107391 ) ) ;
#779 = CARTESIAN_POINT ( 'NONE',  ( -25.29550774965764148, -24.08781795934857328, 7.896803514012052716 ) ) ;
#780 = CARTESIAN_POINT ( 'NONE',  ( -78.91190245559057814, -27.27973957225538371, 12.29251973394607589 ) ) ;
#781 = CARTESIAN_POINT ( 'NONE',  ( -101.1746959192286397, -26.15914890960651817, 22.35206039828927516 ) ) ;
#782 = CARTESIAN_POINT ( 'NONE',  ( -282.5584209674843237, -7.026898136048217225, 1.595531088870983716 ) ) ;
#783 = CARTESIAN_POINT ( 'NONE',  ( 0.1589790542645779237, -5.999999999999997335, 0.9671474573856972956 ) ) ;
#784 = CARTESIAN_POINT ( 'NONE',  ( -262.9190021534010953, 0.000000000000000000, 3.679387162710851644 ) ) ;
#785 = CARTESIAN_POINT ( 'NONE',  ( -59.63928260696975059, -7.122769456468511784, 26.48082963886995955 ) ) ;
#786 = CARTESIAN_POINT ( 'NONE',  ( -191.6813982005208743, -10.98812872461360790, 24.36825387939345688 ) ) ;
#787 = VECTOR ( 'NONE', #358, 1000.000000000000000 ) ;
#788 = CARTESIAN_POINT ( 'NONE',  ( -10.43386672835378803, -19.34988686936980429, 4.102190210073651144 ) ) ;
#789 = CARTESIAN_POINT ( 'NONE',  ( -263.0465279734787600, -10.90504203373926018, 4.715135275937694992 ) ) ;
#790 = CARTESIAN_POINT ( 'NONE',  ( -234.3750309109418879, -14.70299081303296518, 12.68524084379394878 ) ) ;
#791 = CARTESIAN_POINT ( 'NONE',  ( -11.94931175133981682, -10.39069248275585622, -3.112395147593679301 ) ) ;
#792 = CARTESIAN_POINT ( 'NONE',  ( -7.151784658484916513, -11.61549068243462912, 8.179752611923987615 ) ) ;
#793 = CARTESIAN_POINT ( 'NONE',  ( -300.0000000000000000, 0.000000000000000000, -0.000000000000000000 ) ) ;
#794 = CARTESIAN_POINT ( 'NONE',  ( -251.3401141268745107, -6.450662209756255372, 13.28023744634926828 ) ) ;
#795 = EDGE_CURVE ( 'NONE', #1275, #1515, #108, .T. ) ;
#796 = CARTESIAN_POINT ( 'NONE',  ( -10.00000000000000178, -9.973651699242907398, 10.03552294339299422 ) ) ;
#797 = CARTESIAN_POINT ( 'NONE',  ( -299.9999999999998295, -6.180462464768014641, -0.1183187495873150447 ) ) ;
#798 = CARTESIAN_POINT ( 'NONE',  ( -24.59958739587975174, -21.73498518397413193, 11.82114657296366111 ) ) ;
#799 = CARTESIAN_POINT ( 'NONE',  ( -17.76160259080162618, -11.01242255251032276, -2.869804593823511496 ) ) ;
#800 = CARTESIAN_POINT ( 'NONE',  ( -1.103949685293590610, -10.66067938461582010, 3.578580805723345470 ) ) ;
#801 = CARTESIAN_POINT ( 'NONE',  ( 45.10938575054154143, -6.000000000000000000, -21.15311450338749211 ) ) ;
#802 = CARTESIAN_POINT ( 'NONE',  ( -300.0000000000000568, -6.000000000000000888, -0.1621621621621254228 ) ) ;
#803 = CARTESIAN_POINT ( 'NONE',  ( -69.56610503607745954, -19.84713093983869925, 25.42725639131550253 ) ) ;
#804 = CARTESIAN_POINT ( 'NONE',  ( -9.999999999999969802, -17.31662484130177404, 7.121135378428671281 ) ) ;
#805 = CARTESIAN_POINT ( 'NONE',  ( -9.999999999999973355, -18.78583919287363102, 1.653107880132292928 ) ) ;
#806 = CARTESIAN_POINT ( 'NONE',  ( -9.999999999999969802, -17.31662484130177404, 7.121135378428671281 ) ) ;
#807 = CARTESIAN_POINT ( 'NONE',  ( -228.6786698250706706, -6.598587285263863400, 4.624226719382914297 ) ) ;
#808 = CARTESIAN_POINT ( 'NONE',  ( -9.999999999999996447, -15.70915459018699956, 8.294913872759227758 ) ) ;
#809 = LINE ( 'NONE', #667, #1140 ) ;
#810 = CARTESIAN_POINT ( 'NONE',  ( -300.0000000000000000, -6.190877577727024850, -0.05469012472286219340 ) ) ;
#811 = VECTOR ( 'NONE', #360, 1000.000000000000000 ) ;
#812 = CARTESIAN_POINT ( 'NONE',  ( -15.58696824723620722, -13.13364944408865043, 12.24435408729482333 ) ) ;
#813 = EDGE_CURVE ( 'NONE', #1045, #1618, #452, .T. ) ;
#814 = FACE_OUTER_BOUND ( 'NONE', #233, .T. ) ;
#815 = CARTESIAN_POINT ( 'NONE',  ( -297.2824068109355835, -6.533531266332182064, 0.2681349148689410877 ) ) ;
#816 = CARTESIAN_POINT ( 'NONE',  ( -22.28537246614070710, -21.24601920233984487, 11.13447128494583538 ) ) ;
#817 = DIRECTION ( 'NONE',  ( -0.2116969189879532032, 0.2522905637450173488, 0.9442107211508612430 ) ) ;
#818 = CARTESIAN_POINT ( 'NONE',  ( -278.1395517410955449, -6.000000000000002665, 1.911943529043335532 ) ) ;
#819 = AXIS2_PLACEMENT_3D ( 'NONE', #1466, #23, #1909 ) ;
#820 = CARTESIAN_POINT ( 'NONE',  ( -78.72896462106962190, -19.74566350149388683, 4.994602618330659105 ) ) ;
#821 = CARTESIAN_POINT ( 'NONE',  ( -92.50000000000000000, -12.00000000000000000, 16.74722354252675771 ) ) ;
#822 = CARTESIAN_POINT ( 'NONE',  ( -6.190095608003630012, 4.265621025619106277, 15.91747166890598919 ) ) ;
#823 = CARTESIAN_POINT ( 'NONE',  ( -216.2820185044256789, -11.95974783570260236, 19.65098855329629757 ) ) ;
#824 = CARTESIAN_POINT ( 'NONE',  ( -3.086492190742933239, 0.5668905031110255122, -0.3543084070394634244 ) ) ;
#825 = ORIENTED_EDGE ( 'NONE', *, *, #629, .T. ) ;
#826 = CARTESIAN_POINT ( 'NONE',  ( -71.28444794993797018, -26.45544861937130676, 10.02721472700483574 ) ) ;
#827 = CARTESIAN_POINT ( 'NONE',  ( -24.87665467461628310, -22.68377902823242209, 10.91219494418460556 ) ) ;
#828 = FACE_BOUND ( 'NONE', #1796, .T. ) ;
#829 = CARTESIAN_POINT ( 'NONE',  ( -291.1034808061252761, -6.098390729256042420, 0.7390177787299609946 ) ) ;
#830 = CARTESIAN_POINT ( 'NONE',  ( -19.16403703565747207, -18.30865475237103013, -0.1294418088328770367 ) ) ;
#831 = CARTESIAN_POINT ( 'NONE',  ( -2.610814578664568231, 2.168404344971008868E-16, 4.811332960533330372 ) ) ;
#832 = CARTESIAN_POINT ( 'NONE',  ( -299.9999999999997726, -6.168273715371429766, -0.1274093585896325931 ) ) ;
#833 = CARTESIAN_POINT ( 'NONE',  ( -281.8211893108765480, -7.551956112406688959, 5.153863478204598891 ) ) ;
#834 = DIRECTION ( 'NONE',  ( 0.000000000000000000, 0.7476001917391166263, -0.6641490445010337362 ) ) ;
#835 = VERTEX_POINT ( 'NONE', #1654 ) ;
#836 = CARTESIAN_POINT ( 'NONE',  ( -48.25302604839931320, -24.65598978549260423, 6.097915613345634256 ) ) ;
#837 = CARTESIAN_POINT ( 'NONE',  ( -299.0605786648993103, -6.334038767299152717, 0.1205020181591619083 ) ) ;
#838 = CARTESIAN_POINT ( 'NONE',  ( -299.2936974007706681, -6.017064336073180364, -0.08899001387069856162 ) ) ;
#839 = CARTESIAN_POINT ( 'NONE',  ( -92.50000000000000000, 0.000000000000000000, 7.647223542526754514 ) ) ;
#840 = CARTESIAN_POINT ( 'NONE',  ( -299.1766213581782381, -6.202304618997864338, -0.05060211301329898409 ) ) ;
#841 = DIRECTION ( 'NONE',  ( -0.4197656996029401899, 0.5002572805496237063, -0.7573238479633064291 ) ) ;
#842 = DIRECTION ( 'NONE',  ( -0.8017534398357526459, 0.000000000000000000, -0.5976549353193181258 ) ) ;
#843 = CIRCLE ( 'NONE', #1378, 4.099999999999985434 ) ;
#844 = CARTESIAN_POINT ( 'NONE',  ( -91.57642702233533782, -19.88415273072969924, 27.66236244367743780 ) ) ;
#845 = ADVANCED_FACE ( 'NONE', ( #1190 ), #742, .F. ) ;
#846 = CYLINDRICAL_SURFACE ( 'NONE', #1211, 9.100000000000003197 ) ;
#847 = EDGE_LOOP ( 'NONE', ( #511, #1835, #578, #871 ) ) ;
#848 = CARTESIAN_POINT ( 'NONE',  ( -86.66681239164607575, -25.32657354899601643, 9.881013631955109844 ) ) ;
#849 = CARTESIAN_POINT ( 'NONE',  ( -12.55632879735566654, -19.15954577601404907, 7.241629350303624868 ) ) ;
#850 = CARTESIAN_POINT ( 'NONE',  ( -9.999999999999987566, -8.062048309438965887, -3.346221975341987509 ) ) ;
#851 = CARTESIAN_POINT ( 'NONE',  ( -10.89152544511197895, -5.999999999999995559, -3.421504617485747080 ) ) ;
#852 = EDGE_LOOP ( 'NONE', ( #979, #1329, #241, #388 ) ) ;
#853 = CARTESIAN_POINT ( 'NONE',  ( -170.9318309230810087, -16.60607996557835264, 8.053488123031714352 ) ) ;
#854 = EDGE_CURVE ( 'NONE', #1822, #382, #142, .T. ) ;
#855 = CARTESIAN_POINT ( 'NONE',  ( -172.4149447434526508, -5.999999999999982236, 27.53885523472876429 ) ) ;
#856 = CARTESIAN_POINT ( 'NONE',  ( -38.83234376096842766, -20.99004963621071695, 17.94199744335673685 ) ) ;
#857 = CARTESIAN_POINT ( 'NONE',  ( -278.1219968184735194, -6.000000000000002665, 6.565927591490495097 ) ) ;
#858 = ORIENTED_EDGE ( 'NONE', *, *, #711, .F. ) ;
#859 = DIRECTION ( 'NONE',  ( -0.4769434361535981881, 0.000000000000000000, 0.8789339899617027996 ) ) ;
#860 = ORIENTED_EDGE ( 'NONE', *, *, #854, .T. ) ;
#861 = CARTESIAN_POINT ( 'NONE',  ( -9.999999999999994671, -7.990528344392864746, 10.23103785571590763 ) ) ;
#862 = CARTESIAN_POINT ( 'NONE',  ( -144.7520591435110475, -21.69510027523353912, 10.86611534796613121 ) ) ;
#863 = CARTESIAN_POINT ( 'NONE',  ( -299.0669539763258058, -6.324005546646098708, 0.1433206094399075148 ) ) ;
#864 = CARTESIAN_POINT ( 'NONE',  ( -21.70096269174526071, -6.000000000000000888, -3.145443695180349941 ) ) ;
#865 = CARTESIAN_POINT ( 'NONE',  ( -121.4537196871485207, -6.000000000000011546, 5.216251915691916707 ) ) ;
#866 = ORIENTED_EDGE ( 'NONE', *, *, #664, .F. ) ;
#867 = CARTESIAN_POINT ( 'NONE',  ( -92.95937430457347261, -19.64331312776718264, 6.052149893604382491 ) ) ;
#868 = CARTESIAN_POINT ( 'NONE',  ( -28.16055169760034360, -6.000000000000004441, 18.29879988878284891 ) ) ;
#869 = CARTESIAN_POINT ( 'NONE',  ( -10.35287748791565221, -13.98110753958036589, 9.273926990571947471 ) ) ;
#870 = CARTESIAN_POINT ( 'NONE',  ( -293.2202828754271309, -6.000000000000004441, 2.186182723201671951 ) ) ;
#871 = ORIENTED_EDGE ( 'NONE', *, *, #56, .F. ) ;
#872 = DIRECTION ( 'NONE',  ( 0.6069269524889669976, -0.7233073760709785027, 0.3293419409424970801 ) ) ;
#873 = EDGE_LOOP ( 'NONE', ( #559, #1025, #67, #671 ) ) ;
#874 = CARTESIAN_POINT ( 'NONE',  ( -291.9544034866925699, -7.180065385588089377, 0.9545458427701654092 ) ) ;
#875 = CARTESIAN_POINT ( 'NONE',  ( -62.94218144900278133, -26.38992619881200952, 18.83542110731491803 ) ) ;
#876 =( NAMED_UNIT ( * ) SI_UNIT ( $, .STERADIAN. ) SOLID_ANGLE_UNIT ( ) );
#877 = CARTESIAN_POINT ( 'NONE',  ( -19.67817985166531614, -6.000000000000000888, -3.258718389849001529 ) ) ;
#878 = CARTESIAN_POINT ( 'NONE',  ( -93.03695379067113436, -16.36437024754704694, 4.806999708913860303 ) ) ;
#879 = ORIENTED_EDGE ( 'NONE', *, *, #1396, .T. ) ;
#880 = CARTESIAN_POINT ( 'NONE',  ( -289.1884886407549970, -7.529095921747626541, 2.601462894929440051 ) ) ;
#881 = CARTESIAN_POINT ( 'NONE',  ( -293.2202828754271309, -6.000000000000004441, 2.186182723201671951 ) ) ;
#882 = CARTESIAN_POINT ( 'NONE',  ( -154.9442319308863887, 0.000000000000000000, 1.852169913356419784 ) ) ;
#883 = CARTESIAN_POINT ( 'NONE',  ( -10.00000000030452796, -5.999999999999999112, 10.26999941035575681 ) ) ;
#884 = CARTESIAN_POINT ( 'NONE',  ( -235.4442393812234684, -13.69835311116556653, 6.989008956963036034 ) ) ;
#885 = CARTESIAN_POINT ( 'NONE',  ( -211.3103834211674439, -17.95617477442968735, 13.52118301610765982 ) ) ;
#886 = CARTESIAN_POINT ( 'NONE',  ( -102.9274792971247052, -6.000000000000000888, 4.162326688205143732 ) ) ;
#887 = CARTESIAN_POINT ( 'NONE',  ( -8.258386738605151933, 6.730514411044203449, -12.13530733197230482 ) ) ;
#888 = CARTESIAN_POINT ( 'NONE',  ( -276.7082742081469178, -7.913093921630764527, 2.228365812799212531 ) ) ;
#889 = ORIENTED_EDGE ( 'NONE', *, *, #997, .F. ) ;
#890 = VERTEX_POINT ( 'NONE', #1504 ) ;
#891 = CARTESIAN_POINT ( 'NONE',  ( -18.95122174773722179, -18.08722068914777736, 11.83275996222810456 ) ) ;
#892 = FACE_OUTER_BOUND ( 'NONE', #1971, .T. ) ;
#893 = CARTESIAN_POINT ( 'NONE',  ( -33.96607655623596855, 40.47919376222399279, 10.05255680250591332 ) ) ;
#894 = CARTESIAN_POINT ( 'NONE',  ( -5.219012484021255283, 3.108329223905510030, 16.44441877441399313 ) ) ;
#895 = CARTESIAN_POINT ( 'NONE',  ( -40.89653089315316947, -26.50669588457719072, 10.18669962586863953 ) ) ;
#896 = CARTESIAN_POINT ( 'NONE',  ( -11.30429445689440193, -19.64652336481845296, 5.029004587080275535 ) ) ;
#897 = CARTESIAN_POINT ( 'NONE',  ( -283.1368757215615233, -6.000000000000000888, 1.489521144875259662 ) ) ;
#898 = CARTESIAN_POINT ( 'NONE',  ( -57.27242019743329848, -27.47562171205890635, 11.62203436265335377 ) ) ;
#899 = CARTESIAN_POINT ( 'NONE',  ( -38.71212812771670286, -18.56880917681342069, 1.025014571302643507 ) ) ;
#900 = EDGE_LOOP ( 'NONE', ( #366, #85, #27, #739 ) ) ;
#901 = CARTESIAN_POINT ( 'NONE',  ( -91.67571770869221837, -22.42621306866598019, 26.12729214463025684 ) ) ;
#902 = CARTESIAN_POINT ( 'NONE',  ( -300.0000000000000568, -5.999999999999999112, 0.000000000000000000 ) ) ;
#903 = CARTESIAN_POINT ( 'NONE',  ( -10.43452797259189246, -19.38365499328966379, 3.422757925837609960 ) ) ;
#904 = CARTESIAN_POINT ( 'NONE',  ( -101.3683096947856228, -27.32432408518730327, 19.03885774534842668 ) ) ;
#905 = CARTESIAN_POINT ( 'NONE',  ( -69.61154351162718967, -6.000000000000002665, 1.484222525495595857 ) ) ;
#906 = CARTESIAN_POINT ( 'NONE',  ( -7.212705045752789701, -12.12151419056028168, -2.733784800075699017 ) ) ;
#907 = CARTESIAN_POINT ( 'NONE',  ( -14.86900642969144037, -6.000000000000002665, 12.82613633421883392 ) ) ;
#908 = CARTESIAN_POINT ( 'NONE',  ( -33.23534631698803565, -24.95588746710087946, 6.452616629496312761 ) ) ;
#909 = CARTESIAN_POINT ( 'NONE',  ( -86.77379340371720673, -16.40553607578623740, 4.358290752965838344 ) ) ;
#910 = CARTESIAN_POINT ( 'NONE',  ( -101.0331367637907505, -24.02458996759568777, 25.13965921674475723 ) ) ;
#911 = CARTESIAN_POINT ( 'NONE',  ( -295.4708342939094905, -6.165862573715036099, 1.467257763035331841 ) ) ;
#912 = CARTESIAN_POINT ( 'NONE',  ( -44.18172072381383941, -12.46175856337851151, 22.59862995938726016 ) ) ;
#913 = CARTESIAN_POINT ( 'NONE',  ( -221.5578434110742307, -16.73131565533122611, 12.33502833370355312 ) ) ;
#914 = CARTESIAN_POINT ( 'NONE',  ( -273.8974267431326552, -6.000000000000000888, 2.248681568967003663 ) ) ;
#915 = CIRCLE ( 'NONE', #645, 4.099999999999985434 ) ;
#916 = CARTESIAN_POINT ( 'NONE',  ( -299.0685405455251384, -6.323724665689165469, 0.04611374274524921574 ) ) ;
#917 = CARTESIAN_POINT ( 'NONE',  ( -25.98094866562413330, -14.51208353795908756, -1.493309550554984710 ) ) ;
#918 = EDGE_CURVE ( 'NONE', #222, #1913, #1816, .T. ) ;
#919 = CARTESIAN_POINT ( 'NONE',  ( -32.04976351386971345, -21.89356070212584982, 14.87666556257044270 ) ) ;
#920 = CARTESIAN_POINT ( 'NONE',  ( -278.1219968184735762, -6.222386578413023450, 6.565927591490482662 ) ) ;
#921 = CARTESIAN_POINT ( 'NONE',  ( -24.14604422076866186, -8.663516053095463576, 16.71656827760417841 ) ) ;
#922 = CARTESIAN_POINT ( 'NONE',  ( -78.64570820684299690, -27.85226015347591400, 17.46315769801293172 ) ) ;
#923 = CARTESIAN_POINT ( 'NONE',  ( -300.0000000000000568, -6.000000000000000888, -0.1621621621621254228 ) ) ;
#924 = CARTESIAN_POINT ( 'NONE',  ( -211.6838273337466205, -17.59662043697081657, 11.17026760626182025 ) ) ;
#925 = CARTESIAN_POINT ( 'NONE',  ( -69.67989638223056659, -9.429911832915973235, 1.588375550071125852 ) ) ;
#926 =( GEOMETRIC_REPRESENTATION_CONTEXT ( 3 ) GLOBAL_UNCERTAINTY_ASSIGNED_CONTEXT ( ( #623 ) ) GLOBAL_UNIT_ASSIGNED_CONTEXT ( ( #1062, #1214, #876 ) ) REPRESENTATION_CONTEXT ( 'NONE', 'WORKASPACE' ) );
#927 = VECTOR ( 'NONE', #872, 1000.000000000000114 ) ;
#928 = CARTESIAN_POINT ( 'NONE',  ( -300.0000000000000000, 0.000000000000000000, -0.1621621621621254228 ) ) ;
#929 = CARTESIAN_POINT ( 'NONE',  ( -8.258386738605155486, 6.730514411044207002, -12.13530733197230127 ) ) ;
#930 = CARTESIAN_POINT ( 'NONE',  ( -10.00000000000000000, -6.663483311863454439, 10.26999940980151038 ) ) ;
#931 = CARTESIAN_POINT ( 'NONE',  ( -10.28095237665378114, -8.010099897969817917, 10.38893415304835521 ) ) ;
#932 = CARTESIAN_POINT ( 'NONE',  ( -118.6750652200117884, -26.58161998164536755, 17.35379300411062431 ) ) ;
#933 = CARTESIAN_POINT ( 'NONE',  ( -118.9411880941773916, -25.96379324685792156, 14.56507491103038099 ) ) ;
#934 = CARTESIAN_POINT ( 'NONE',  ( -85.87994094445058124, -25.52210796954579664, 22.85425187637739697 ) ) ;
#935 = CARTESIAN_POINT ( 'NONE',  ( -93.08657993820575882, -12.95809226251542157, 4.002007638154395863 ) ) ;
#936 = EDGE_CURVE ( 'NONE', #1495, #1640, #571, .T. ) ;
#937 = CARTESIAN_POINT ( 'NONE',  ( 0.02916043891389817275, -11.52079939192308977, 1.605751191529844135 ) ) ;
#938 = CARTESIAN_POINT ( 'NONE',  ( -262.9190021534010953, -6.000000000000000000, 3.679387162710851644 ) ) ;
#939 = CARTESIAN_POINT ( 'NONE',  ( -261.1199421527679760, -6.370990136219290001, 10.95032972183352449 ) ) ;
#940 = CARTESIAN_POINT ( 'NONE',  ( -68.71499762067890060, -12.99891807031537994, 27.41779502730378226 ) ) ;
#941 = CARTESIAN_POINT ( 'NONE',  ( -268.7840457608427869, -10.60750083462425941, 5.258938781593535339 ) ) ;
#942 = CARTESIAN_POINT ( 'NONE',  ( -255.1421136254923852, -12.11097398012918802, 6.019415315041279690 ) ) ;
#943 = CARTESIAN_POINT ( 'NONE',  ( -70.53042691492542815, -25.52049422792724798, 21.27861925651316710 ) ) ;
#944 =( GEOMETRIC_REPRESENTATION_CONTEXT ( 3 ) GLOBAL_UNCERTAINTY_ASSIGNED_CONTEXT ( ( #1572 ) ) GLOBAL_UNIT_ASSIGNED_CONTEXT ( ( #236, #1496, #1038 ) ) REPRESENTATION_CONTEXT ( 'NONE', 'WORKASPACE' ) );
#945 = CARTESIAN_POINT ( 'NONE',  ( -250.6272686969430197, -7.306751449434467638, 3.750032433220960471 ) ) ;
#946 = CARTESIAN_POINT ( 'NONE',  ( -0.03307981613754358563, -11.43848486964458644, -0.3237521602142512389 ) ) ;
#947 = LINE ( 'NONE', #1084, #351 ) ;
#948 = CARTESIAN_POINT ( 'NONE',  ( -268.0520018953991439, -6.312061759985078346, 9.221497421542313333 ) ) ;
#949 = CARTESIAN_POINT ( 'NONE',  ( -77.07277452966167175, -13.07931707438172175, 28.52562811622174266 ) ) ;
#950 = CARTESIAN_POINT ( 'NONE',  ( -20.04937394882877655, -22.84124060629502395, 6.641693812204398917 ) ) ;
#951 = CARTESIAN_POINT ( 'NONE',  ( -187.7476891203193929, -19.08968228142578738, 10.83255271210279069 ) ) ;
#952 = CARTESIAN_POINT ( 'NONE',  ( -62.66470121624251277, -25.34688105451582274, 20.18553821568947626 ) ) ;
#953 = CARTESIAN_POINT ( 'NONE',  ( -10.31502635548781477, -10.16172788776648872, -3.134996879475407283 ) ) ;
#954 = CARTESIAN_POINT ( 'NONE',  ( -4.955061612047385822, -15.93975086894873883, 4.164815212335660988 ) ) ;
#955 = CARTESIAN_POINT ( 'NONE',  ( -34.17880048544710547, 0.000000000000000000, 63.06262459171904311 ) ) ;
#956 = CARTESIAN_POINT ( 'NONE',  ( -4.488798616345195391, -6.000000000000000000, -2.989775468983266293 ) ) ;
#957 = CARTESIAN_POINT ( 'NONE',  ( -25.41987809906538232, -14.40588200306458511, 16.09119705938950773 ) ) ;
#958 = CARTESIAN_POINT ( 'NONE',  ( -10.00000000000000355, -19.16635107413938499, 3.305337619589696185 ) ) ;
#959 = CARTESIAN_POINT ( 'NONE',  ( -11.29891294683497804, -19.39837590567924508, 1.961064622041889471 ) ) ;
#960 = CARTESIAN_POINT ( 'NONE',  ( -39.89217947446435630, -23.98586294818720077, 15.86305649747946056 ) ) ;
#961 = CARTESIAN_POINT ( 'NONE',  ( -260.7508785119023855, -6.360045511625036951, 3.150569391414351994 ) ) ;
#962 = ADVANCED_FACE ( 'NONE', ( #1709 ), #1276, .T. ) ;
#963 = CARTESIAN_POINT ( 'NONE',  ( 0.1753381875241690480, -11.64812145400037657, 0.5121841740068039384 ) ) ;
#964 = CARTESIAN_POINT ( 'NONE',  ( -11.86342373307920184, 0.000000000000000000, -22.53428421995895903 ) ) ;
#965 = DIRECTION ( 'NONE',  ( -0.000000000000000000, 1.000000000000000000, -0.000000000000000000 ) ) ;
#966 = CARTESIAN_POINT ( 'NONE',  ( -295.1433122352499936, -6.489070973175236290, 1.442360044549308107 ) ) ;
#967 = LINE ( 'NONE', #1152, #478 ) ;
#968 = CARTESIAN_POINT ( 'NONE',  ( -92.60085612942158662, -26.22762122384976635, 11.71866316120675577 ) ) ;
#969 = CARTESIAN_POINT ( 'NONE',  ( -300.0000000000000000, -6.180542178817024279, -0.04391667712484245700 ) ) ;
#970 = CARTESIAN_POINT ( 'NONE',  ( -92.50000000000000000, -12.00000000000000000, 7.647223542526754514 ) ) ;
#971 = CARTESIAN_POINT ( 'NONE',  ( -15.14623259396082489, -6.763044397098675553, -3.435764900001194722 ) ) ;
#972 = CARTESIAN_POINT ( 'NONE',  ( -120.3121026383963965, -19.04186998966955358, 7.593768117229852344 ) ) ;
#973 = LINE ( 'NONE', #57, #1248 ) ;
#974 = CARTESIAN_POINT ( 'NONE',  ( -0.7956867479664230247, -6.000000000000000000, -1.969948437609137404 ) ) ;
#975 = CARTESIAN_POINT ( 'NONE',  ( -297.4714007369003070, -6.379207380241300740, 0.7012104957989145904 ) ) ;
#976 = EDGE_CURVE ( 'NONE', #1275, #262, #747, .T. ) ;
#977 = CIRCLE ( 'NONE', #618, 9.100000000000003197 ) ;
#978 = CARTESIAN_POINT ( 'NONE',  ( -9.999999999999980460, -15.66097580825337410, -1.415046853267975413 ) ) ;
#979 = ORIENTED_EDGE ( 'NONE', *, *, #1768, .T. ) ;
#980 = CARTESIAN_POINT ( 'NONE',  ( -22.66123159803461462, -22.35359454305691784, 3.338555603767904945 ) ) ;
#981 = CARTESIAN_POINT ( 'NONE',  ( -92.05711807863271190, -27.15249430661835106, 20.20716017424982880 ) ) ;
#982 = CARTESIAN_POINT ( 'NONE',  ( -10.44325831465825694, 0.000000000000000000, -1.135150767411900187E-15 ) ) ;
#983 = CARTESIAN_POINT ( 'NONE',  ( -300.0000000000000568, -6.000000000000000888, -0.1621621621621254505 ) ) ;
#984 = CIRCLE ( 'NONE', #1184, 9.100000000000003197 ) ;
#985 = VECTOR ( 'NONE', #350, 1000.000000000000114 ) ;
#986 = CARTESIAN_POINT ( 'NONE',  ( -264.1277950187997021, -10.14835423088475785, 3.936802202140802898 ) ) ;
#987 = CARTESIAN_POINT ( 'NONE',  ( -40.19053495438619450, 35.45142380528942283, 9.266651649295146953 ) ) ;
#988 = CARTESIAN_POINT ( 'NONE',  ( 0.5321661167332347731, -6.000000000000000000, 2.084635585785462375 ) ) ;
#989 = CARTESIAN_POINT ( 'NONE',  ( -276.6741139228452084, -7.945124226110589660, 6.494853303188740767 ) ) ;
#990 = CARTESIAN_POINT ( 'NONE',  ( -2.610814578664567343, 3.252606517456513302E-16, -1.946192109212725008 ) ) ;
#991 = ORIENTED_EDGE ( 'NONE', *, *, #1794, .T. ) ;
#992 = CARTESIAN_POINT ( 'NONE',  ( -169.3377546258188033, -19.88350233289502356, 10.53173408273866762 ) ) ;
#993 = CARTESIAN_POINT ( 'NONE',  ( -9.999999999999971578, -18.60394362797239864, 5.576067850296960060 ) ) ;
#994 = CARTESIAN_POINT ( 'NONE',  ( -121.4537196871485207, -7.136918884595140788, 5.216251915691916707 ) ) ;
#995 = CYLINDRICAL_SURFACE ( 'NONE', #281, 9.100000000000003197 ) ;
#996 = CARTESIAN_POINT ( 'NONE',  ( -27.39021631333669049, -19.72246961747752181, 0.9710462925237028919 ) ) ;
#997 = EDGE_CURVE ( 'NONE', #1191, #1173, #1662, .T. ) ;
#998 = LINE ( 'NONE', #1314, #1087 ) ;
#999 = CARTESIAN_POINT ( 'NONE',  ( -7.028481821043822464, -6.000000000000000000, -3.261467184778427786 ) ) ;
#1000 = CARTESIAN_POINT ( 'NONE',  ( -272.3379635420633917, -8.270724148206092252, 7.597962613918124219 ) ) ;
#1001 = CARTESIAN_POINT ( 'NONE',  ( -92.50000000000000000, -12.00000000000000000, 16.74722354252675771 ) ) ;
#1002 = CARTESIAN_POINT ( 'NONE',  ( -300.0000000000000000, -6.138058689654476652, -0.1424375467039463161 ) ) ;
#1003 = CARTESIAN_POINT ( 'NONE',  ( -288.6969749351578116, -7.818551503734195052, 2.139786888719986901 ) ) ;
#1004 = CARTESIAN_POINT ( 'NONE',  ( -297.8618829421716327, -6.000000000000000888, 0.05890254161438208957 ) ) ;
#1005 = ADVANCED_FACE ( 'NONE', ( #1499 ), #1166, .T. ) ;
#1006 = CARTESIAN_POINT ( 'NONE',  ( -33.86997370303755872, 40.36466284166623097, 10.83846195571677384 ) ) ;
#1007 = ORIENTED_EDGE ( 'NONE', *, *, #602, .T. ) ;
#1008 = CARTESIAN_POINT ( 'NONE',  ( -247.5367075301246302, -11.03163999307375498, 4.876124231544284093 ) ) ;
#1009 = ADVANCED_FACE ( 'NONE', ( #54 ), #713, .F. ) ;
#1010 = CARTESIAN_POINT ( 'NONE',  ( -35.33118765442690545, -5.999999999999999112, 20.69859078363713323 ) ) ;
#1011 = AXIS2_PLACEMENT_3D ( 'NONE', #61, #1274, #694 ) ;
#1012 = CARTESIAN_POINT ( 'NONE',  ( -224.0580410792174177, -14.21772688314368693, 16.57931634037161217 ) ) ;
#1013 = VERTEX_POINT ( 'NONE', #1474 ) ;
#1014 = VERTEX_POINT ( 'NONE', #1820 ) ;
#1015 = CARTESIAN_POINT ( 'NONE',  ( -11.25352804012747043, -18.13136040628349122, 0.2492486841965187716 ) ) ;
#1016 = CARTESIAN_POINT ( 'NONE',  ( -118.4594316186907434, -26.12954955872733365, 21.33054002325420484 ) ) ;
#1017 = CARTESIAN_POINT ( 'NONE',  ( -24.68015526442110641, -6.000000000000000888, -2.945797139614796833 ) ) ;
#1018 = ORIENTED_EDGE ( 'NONE', *, *, #705, .T. ) ;
#1019 = CARTESIAN_POINT ( 'NONE',  ( -275.8478153635323906, -8.513031106962650085, 2.502752119351246307 ) ) ;
#1020 = LINE ( 'NONE', #1966, #102 ) ;
#1021 = CARTESIAN_POINT ( 'NONE',  ( -280.5092074006631719, -8.400360925207559504, 4.892333144557477809 ) ) ;
#1022 = CARTESIAN_POINT ( 'NONE',  ( -76.88236521933468737, -6.000000000000000888, 29.05440897839233116 ) ) ;
#1023 = ORIENTED_EDGE ( 'NONE', *, *, #1652, .T. ) ;
#1024 = CARTESIAN_POINT ( 'NONE',  ( -112.9810291039189991, 0.000000000000000000, 5.061158576617761362 ) ) ;
#1025 = ORIENTED_EDGE ( 'NONE', *, *, #435, .T. ) ;
#1026 = PLANE ( 'NONE',  #1730 ) ;
#1027 = CARTESIAN_POINT ( 'NONE',  ( -27.84438505491680971, -21.38572876267777190, 2.203987536859482343 ) ) ;
#1028 = CARTESIAN_POINT ( 'NONE',  ( -221.8102614047277541, -16.48257246552616451, 13.78951176640009990 ) ) ;
#1029 = VECTOR ( 'NONE', #558, 999.9999999999998863 ) ;
#1030 = APPLICATION_PROTOCOL_DEFINITION ( 'draft international standard', 'automotive_design', 1998, #1129 ) ;
#1031 = DIRECTION ( 'NONE',  ( -0.2116969189879531199, 0.2522905637450172378, 0.9442107211508612430 ) ) ;
#1032 = CARTESIAN_POINT ( 'NONE',  ( -10.00000000000001954, -14.10764676633385228, -2.144322138384202603 ) ) ;
#1033 = ORIENTED_EDGE ( 'NONE', *, *, #1330, .T. ) ;
#1034 = EDGE_CURVE ( 'NONE', #262, #1342, #688, .T. ) ;
#1035 = CARTESIAN_POINT ( 'NONE',  ( -297.3786547777849023, -6.449708617595388382, 0.6724133948327866150 ) ) ;
#1036 = CARTESIAN_POINT ( 'NONE',  ( -268.0520018953992007, -5.999999999999993783, 9.221497421542300899 ) ) ;
#1037 = CARTESIAN_POINT ( 'NONE',  ( 69.90146998077273111, 0.000000000000000000, -30.57441023146879644 ) ) ;
#1038 =( NAMED_UNIT ( * ) SI_UNIT ( $, .STERADIAN. ) SOLID_ANGLE_UNIT ( ) );
#1039 = CARTESIAN_POINT ( 'NONE',  ( -39.96305242817916792, -22.85703942066806960, 3.888141114824601452 ) ) ;
#1040 = CARTESIAN_POINT ( 'NONE',  ( -14.43930215165256925, -20.94394012128694627, 5.917453711643858583 ) ) ;
#1041 = CARTESIAN_POINT ( 'NONE',  ( -28.96858525854256783, -6.000000000000000888, -2.609675788310430899 ) ) ;
#1042 = CARTESIAN_POINT ( 'NONE',  ( -10.33891567159780855, -12.22190581156424294, -2.731769979716783148 ) ) ;
#1043 = ORIENTED_EDGE ( 'NONE', *, *, #2015, .T. ) ;
#1044 = B_SPLINE_CURVE_WITH_KNOTS ( 'NONE', 13,
 ( #1641, #708, #546, #186, #1746, #988, #692, #1315, #1435, #974, #1150, #956, #999, #13 ),
 .UNSPECIFIED., .F., .F.,
 ( 14, 14 ),
 ( 0.000000000000000000, 1.000000000000000000 ),
 .UNSPECIFIED. ) ;
#1045 = VERTEX_POINT ( 'NONE', #1006 ) ;
#1046 = CARTESIAN_POINT ( 'NONE',  ( -299.1048752534589426, -6.270820660123677115, 0.1957938793038423164 ) ) ;
#1047 = CARTESIAN_POINT ( 'NONE',  ( -68.37543138863374281, -6.000000000000005329, 27.91979408135151886 ) ) ;
#1048 = CARTESIAN_POINT ( 'NONE',  ( -9.999999999999998224, -6.664892106566217223, 10.26999940980151038 ) ) ;
#1049 = EDGE_CURVE ( 'NONE', #376, #1344, #1335, .T. ) ;
#1050 = FILL_AREA_STYLE ('',( #255 ) ) ;
#1051 = CARTESIAN_POINT ( 'NONE',  ( -244.2096361254798751, -13.84728249459129579, 8.456627644959059609 ) ) ;
#1052 = CARTESIAN_POINT ( 'NONE',  ( -86.29399264945121217, -27.84539086559128052, 16.92297872957237104 ) ) ;
#1053 = CARTESIAN_POINT ( 'NONE',  ( -121.4537196871485207, -6.000000000000011546, 5.216251915691916707 ) ) ;
#1054 = CARTESIAN_POINT ( 'NONE',  ( -9.657199903468910662, -6.685213643086332702, -3.374090433475509965 ) ) ;
#1055 = CARTESIAN_POINT ( 'NONE',  ( -63.51998977231805554, -27.15310525873061209, 10.76361387735417985 ) ) ;
#1056 = CARTESIAN_POINT ( 'NONE',  ( -26.75379801089962939, -17.42612793804092064, -0.3164038594314489972 ) ) ;
#1057 = ORIENTED_EDGE ( 'NONE', *, *, #795, .F. ) ;
#1058 = CARTESIAN_POINT ( 'NONE',  ( -69.97703303493204885, -22.44283091523924156, 23.98267383894690141 ) ) ;
#1059 = CARTESIAN_POINT ( 'NONE',  ( -10.84060112237806628, -6.000000000000000888, 10.74253664503338435 ) ) ;
#1060 = CARTESIAN_POINT ( 'NONE',  ( -86.36751444662363042, -27.82605514224292875, 15.75239383649558533 ) ) ;
#1061 = CARTESIAN_POINT ( 'NONE',  ( -22.86153428753208772, -23.41352693730324575, 8.133997454415180073 ) ) ;
#1062 =( LENGTH_UNIT ( ) NAMED_UNIT ( * ) SI_UNIT ( .MILLI., .METRE. ) );
#1063 = CARTESIAN_POINT ( 'NONE',  ( -173.7461000726751195, -5.999999999999998224, 5.844073527568896864 ) ) ;
#1064 = CARTESIAN_POINT ( 'NONE',  ( -16.96525639052778089, -6.000000000000000888, 13.80445214798763942 ) ) ;
#1065 = CARTESIAN_POINT ( 'NONE',  ( -40.78186439451373246, -25.89555275577539462, 7.728070004488417410 ) ) ;
#1066 = CARTESIAN_POINT ( 'NONE',  ( -37.81744903738727004, -15.39221435483239731, -0.3078812786445239702 ) ) ;
#1067 = CARTESIAN_POINT ( 'NONE',  ( -212.8869156209400160, -16.13109235162200150, 17.53258101351647369 ) ) ;
#1068 = CARTESIAN_POINT ( 'NONE',  ( -261.1199421527679192, -5.999999999999984013, 10.95032972183354580 ) ) ;
#1069 = CARTESIAN_POINT ( 'NONE',  ( -19.72892729369206677, -11.12010898347514143, 14.56234492307275374 ) ) ;
#1070 = CARTESIAN_POINT ( 'NONE',  ( -294.3472124445885925, -7.016853844777659610, 0.9947745820235854852 ) ) ;
#1071 = CARTESIAN_POINT ( 'NONE',  ( -10.00000000001212719, -6.000000000000002665, -3.388037155520678301 ) ) ;
#1072 = CARTESIAN_POINT ( 'NONE',  ( -63.54235939905597519, -27.67902090040994523, 12.40160948380757944 ) ) ;
#1073 = EDGE_CURVE ( 'NONE', #1196, #557, #247, .T. ) ;
#1074 = CARTESIAN_POINT ( 'NONE',  ( -297.7603274760859335, -6.191012384140071489, 0.07869874325462107578 ) ) ;
#1075 = ADVANCED_FACE ( 'NONE', ( #1949 ), #1463, .T. ) ;
#1076 = CARTESIAN_POINT ( 'NONE',  ( -55.96145394505366966, -23.87120487166000871, 20.29741553460477732 ) ) ;
#1077 = CARTESIAN_POINT ( 'NONE',  ( -12.93956930557956042, -6.714932163307987700, 11.85824766043248069 ) ) ;
#1078 = CARTESIAN_POINT ( 'NONE',  ( -100.8724165807398947, -13.06278677675731359, 30.37285001399051865 ) ) ;
#1079 = CARTESIAN_POINT ( 'NONE',  ( -244.1771325286333365, -13.86747124141902354, 9.781804519297377709 ) ) ;
#1080 = CARTESIAN_POINT ( 'NONE',  ( -10.00000000000002309, -14.09131908666764588, -2.150322215577864071 ) ) ;
#1081 = CARTESIAN_POINT ( 'NONE',  ( -101.6016368443965661, -27.24841107821887221, 15.52781452303965359 ) ) ;
#1082 = CARTESIAN_POINT ( 'NONE',  ( -147.9658922694173668, -9.139247718531086306, 5.957288332507912898 ) ) ;
#1083 = DIRECTION ( 'NONE',  ( 0.7660444431189765702, 0.6427876096865411393, 0.000000000000000000 ) ) ;
#1084 = CARTESIAN_POINT ( 'NONE',  ( -35.40206258927550920, 39.07908762229315158, 10.83846195571677384 ) ) ;
#1085 = CARTESIAN_POINT ( 'NONE',  ( -290.9065731460297570, -6.101200151639565306, 2.896036780770925745 ) ) ;
#1086 = CARTESIAN_POINT ( 'NONE',  ( -14.94051017805602655, -8.283970937719265848, 12.79254249195492754 ) ) ;
#1087 = VECTOR ( 'NONE', #1764, 1000.000000000000000 ) ;
#1088 = CARTESIAN_POINT ( 'NONE',  ( -28.67950361846995122, -24.74986054162980764, 8.662869985128830663 ) ) ;
#1089 = CIRCLE ( 'NONE', #1350, 4.099999999999985434 ) ;
#1090 = CARTESIAN_POINT ( 'NONE',  ( -25.29690307234275082, -24.02742985131030196, 6.210258436934640969 ) ) ;
#1091 = CARTESIAN_POINT ( 'NONE',  ( -102.9038222093647335, -9.475738591069594818, 4.244745593789908789 ) ) ;
#1092 = CIRCLE ( 'NONE', #194, 9.100000000000003197 ) ;
#1093 = CARTESIAN_POINT ( 'NONE',  ( -5.263121412591744708, -15.59069367112183535, 5.031352589969801059 ) ) ;
#1094 = CARTESIAN_POINT ( 'NONE',  ( -35.49816544247392613, 39.19361854285091340, 10.05255680250591332 ) ) ;
#1095 = CARTESIAN_POINT ( 'NONE',  ( -145.7932388362035283, -9.225254265326890746, 30.22916571963343912 ) ) ;
#1096 = CARTESIAN_POINT ( 'NONE',  ( -28.89828812171642269, -11.77243597975919798, 18.03327732187241494 ) ) ;
#1097 = CARTESIAN_POINT ( 'NONE',  ( -167.7524394008966055, -22.64909959700711184, 16.35720815562239494 ) ) ;
#1098 = CARTESIAN_POINT ( 'NONE',  ( -10.42369730241504300, -18.45757896866101433, 0.8673779665742308298 ) ) ;
#1099 = CARTESIAN_POINT ( 'NONE',  ( -273.9251339472325526, -9.721540289119486644, 5.503215027500686141 ) ) ;
#1100 = CARTESIAN_POINT ( 'NONE',  ( -15.46341216912748529, -10.79961525900215591, -2.994551385186321912 ) ) ;
#1101 = CARTESIAN_POINT ( 'NONE',  ( -5.404284218099965287, -6.000000000000001776, 7.401333113044216816 ) ) ;
#1102 = CARTESIAN_POINT ( 'NONE',  ( -13.30581510417805724, 0.000000000000000000, 37.08273976459831545 ) ) ;
#1103 = CARTESIAN_POINT ( 'NONE',  ( -273.8117149228940548, -6.775590960928393081, 7.684403175511774542 ) ) ;
#1104 = CARTESIAN_POINT ( 'NONE',  ( -267.1643040692883346, -7.839942085191117016, 9.201655760852359478 ) ) ;
#1105 = CARTESIAN_POINT ( 'NONE',  ( -199.3455086167671197, -19.31943533364314547, 14.00772922852721791 ) ) ;
#1106 = CARTESIAN_POINT ( 'NONE',  ( -57.09017264366858768, -26.13295218526355868, 8.510189559190138198 ) ) ;
#1107 = CARTESIAN_POINT ( 'NONE',  ( -255.5277415012171502, -11.86426534058415960, 9.515632492720529356 ) ) ;
#1108 = STYLED_ITEM ( 'NONE', ( #1827 ), #1588 ) ;
#1109 = CARTESIAN_POINT ( 'NONE',  ( -60.91602222606310590, -9.359855760906190980, 0.7198053788405108788 ) ) ;
#1110 = CARTESIAN_POINT ( 'NONE',  ( -0.3365624814202328174, -11.21338101416391630, 2.462375213943003960 ) ) ;
#1111 = CARTESIAN_POINT ( 'NONE',  ( 69.90146998077273111, 0.000000000000000000, -30.57441023146879644 ) ) ;
#1112 = CARTESIAN_POINT ( 'NONE',  ( -10.27620386585493684, -6.668634173377907537, 10.42746700557331785 ) ) ;
#1113 = CARTESIAN_POINT ( 'NONE',  ( -257.7986445498279409, -10.22548025755252787, 10.57902493215807915 ) ) ;
#1114 = CARTESIAN_POINT ( 'NONE',  ( -40.58113350406419784, -25.09852308732814308, 6.340510540403026418 ) ) ;
#1115 = CARTESIAN_POINT ( 'NONE',  ( -47.75654452255314197, -24.63121203529392744, 17.56597367249151986 ) ) ;
#1116 = CARTESIAN_POINT ( 'NONE',  ( -93.11323512826494664, -9.490060227931396142, 3.564032083767992631 ) ) ;
#1117 = CARTESIAN_POINT ( 'NONE',  ( -9.999999999999980460, -19.02199904528832164, 4.615819875506426584 ) ) ;
#1118 = FACE_OUTER_BOUND ( 'NONE', #1661, .T. ) ;
#1119 = CARTESIAN_POINT ( 'NONE',  ( -299.9999999999998295, -6.180462464768014641, -0.1183187495873150447 ) ) ;
#1120 = CARTESIAN_POINT ( 'NONE',  ( -286.0462907330924622, -7.221714811088925323, 4.017164267592705507 ) ) ;
#1121 = DIRECTION ( 'NONE',  ( 0.4867983859909472133, -0.5801437253737715682, -0.6530395005710227796 ) ) ;
#1122 = CARTESIAN_POINT ( 'NONE',  ( -10.43020117660601898, -18.99519017392589859, 1.755654840061561694 ) ) ;
#1123 = CARTESIAN_POINT ( 'NONE',  ( -234.8480809505923048, -14.29588262166870116, 13.27653600250646271 ) ) ;
#1124 = CARTESIAN_POINT ( 'NONE',  ( -53.80610960616601801, -7.079201694422862623, -0.1205652386432247564 ) ) ;
#1125 = CARTESIAN_POINT ( 'NONE',  ( -70.92310378287750439, -22.28967583632216787, 5.811725458175039272 ) ) ;
#1126 = DIRECTION ( 'NONE',  ( 0.000000000000000000, 1.000000000000000000, -0.000000000000000000 ) ) ;
#1127 = CARTESIAN_POINT ( 'NONE',  ( -192.4855795964845697, -12.00000000000000000, 19.14748117012553053 ) ) ;
#1128 = CARTESIAN_POINT ( 'NONE',  ( -289.7886882689408594, -7.166455519995420076, 2.793970837099626348 ) ) ;
#1129 = APPLICATION_CONTEXT ( 'automotive_design' ) ;
#1130 = CARTESIAN_POINT ( 'NONE',  ( -9.999999999999998224, -6.687305223505919827, -3.388037155377268572 ) ) ;
#1131 = VERTEX_POINT ( 'NONE', #839 ) ;
#1132 = CARTESIAN_POINT ( 'NONE',  ( -294.5513711915291424, -6.897308552673963256, 0.6588716938330341222 ) ) ;
#1133 = CARTESIAN_POINT ( 'NONE',  ( -297.2665053846944261, -6.535451912591009105, 0.6113176071789688804 ) ) ;
#1134 = FACE_BOUND ( 'NONE', #699, .T. ) ;
#1135 = CARTESIAN_POINT ( 'NONE',  ( -283.1368757215613527, -6.172024648588384288, 1.489521144875272984 ) ) ;
#1136 = CARTESIAN_POINT ( 'NONE',  ( -285.0731983421587188, -7.873832432961304306, 1.701149259213858844 ) ) ;
#1137 = CARTESIAN_POINT ( 'NONE',  ( -2.894286484346127342, 0.3378286619955242487, 1.217501899382193109 ) ) ;
#1138 = CARTESIAN_POINT ( 'NONE',  ( -2.610814578664567343, -1.084202172485504434E-16, 1.133605914838305084 ) ) ;
#1139 = CARTESIAN_POINT ( 'NONE',  ( -238.8758798945718809, -10.58347125915953413, 15.25997226663735873 ) ) ;
#1140 = VECTOR ( 'NONE', #507, 999.9999999999998863 ) ;
#1141 = DIRECTION ( 'NONE',  ( 0.000000000000000000, 1.000000000000000000, -0.000000000000000000 ) ) ;
#1142 = CARTESIAN_POINT ( 'NONE',  ( -19.47064951642023445, -19.80575228269969656, 0.9237537184832319559 ) ) ;
#1143 = CARTESIAN_POINT ( 'NONE',  ( -10.00000000000003730, -18.02264787658399570, 6.402387325262914430 ) ) ;
#1144 = LINE ( 'NONE', #1772, #787 ) ;
#1145 = EDGE_CURVE ( 'NONE', #1013, #424, #915, .T. ) ;
#1146 = CARTESIAN_POINT ( 'NONE',  ( -293.4059715215568076, -6.076234737072883973, 0.5111901708843408221 ) ) ;
#1147 = CARTESIAN_POINT ( 'NONE',  ( -8.258386738605151933, 6.730514411044203449, -12.13530733197230482 ) ) ;
#1148 = CARTESIAN_POINT ( 'NONE',  ( -201.8715338031870772, -16.02898479441423163, 8.245272197579467388 ) ) ;
#1149 = PLANE ( 'NONE',  #1841 ) ;
#1150 = CARTESIAN_POINT ( 'NONE',  ( -2.404096160899063861, -6.000000000000000000, -2.562016838305897437 ) ) ;
#1151 = CARTESIAN_POINT ( 'NONE',  ( -100.9099523756588894, -19.76036577509880132, 28.22654564300599489 ) ) ;
#1152 = CARTESIAN_POINT ( 'NONE',  ( -2.503172010220332311, -0.1282834176594845610, -0.5269471055080093835 ) ) ;
#1153 = EDGE_LOOP ( 'NONE', ( #1181, #1043 ) ) ;
#1154 = CARTESIAN_POINT ( 'NONE',  ( -12.46800136889502575, -17.78212075956842142, -0.2350913562726169859 ) ) ;
#1155 = CARTESIAN_POINT ( 'NONE',  ( -10.42622315621212969, -18.81586947916391850, 5.709862325109624770 ) ) ;
#1156 = CARTESIAN_POINT ( 'NONE',  ( -293.4059715215568076, -6.000000000000002665, 0.5111901708843392678 ) ) ;
#1157 = CARTESIAN_POINT ( 'NONE',  ( -60.81631260306105702, -6.000000000000000888, 0.6073512286310215336 ) ) ;
#1158 = CARTESIAN_POINT ( 'NONE',  ( -281.1864182074058363, -8.007854615820127364, 1.968423286988890020 ) ) ;
#1159 = DIRECTION ( 'NONE',  ( -0.6427876096865411393, 0.7660444431189765702, 0.000000000000000000 ) ) ;
#1160 = DIRECTION ( 'NONE',  ( -0.1201285664980205614, 0.1431636506972079337, -0.9823814415135184719 ) ) ;
#1161 = CARTESIAN_POINT ( 'NONE',  ( -54.75916100701564204, -19.44671270162228183, 22.92193975671903061 ) ) ;
#1162 = CARTESIAN_POINT ( 'NONE',  ( -10.00000000000002842, -18.25757895430885114, 0.7752258119980830475 ) ) ;
#1163 = CARTESIAN_POINT ( 'NONE',  ( -86.71272682594788250, -24.10075271976677769, 8.604812689415638260 ) ) ;
#1164 = CARTESIAN_POINT ( 'NONE',  ( -56.91101024808702391, -26.96172652630828992, 16.42700841863646133 ) ) ;
#1165 = CARTESIAN_POINT ( 'NONE',  ( -206.2889868120401218, -6.746856512857310584, 5.269401923434145374 ) ) ;
#1166 = PLANE ( 'NONE',  #1907 ) ;
#1167 = ORIENTED_EDGE ( 'NONE', *, *, #1794, .F. ) ;
#1168 = CARTESIAN_POINT ( 'NONE',  ( -189.0255635367960565, -17.08163633876058896, 8.762180128063377538 ) ) ;
#1169 = CARTESIAN_POINT ( 'NONE',  ( -12.93956930557956042, -5.999999999999998224, 11.85824766043248069 ) ) ;
#1170 = CARTESIAN_POINT ( 'NONE',  ( -297.3115495925936784, -6.500719464522179081, 0.6403417468092401643 ) ) ;
#1171 = VECTOR ( 'NONE', #1307, 1000.000000000000114 ) ;
#1172 = CARTESIAN_POINT ( 'NONE',  ( -85.21287994204399752, -5.999999999999994671, 29.87731884013046724 ) ) ;
#1173 = VERTEX_POINT ( 'NONE', #1808 ) ;
#1174 = CARTESIAN_POINT ( 'NONE',  ( -238.9638067109586359, 0.000000000000000000, 20.41214826711777519 ) ) ;
#1175 = ORIENTED_EDGE ( 'NONE', *, *, #1375, .F. ) ;
#1176 = CARTESIAN_POINT ( 'NONE',  ( -10.00000000000000178, -9.973651699242907398, 10.03552294339299422 ) ) ;
#1177 = CARTESIAN_POINT ( 'NONE',  ( -19.67441185103002610, -20.82170175618758634, 1.812734784805815513 ) ) ;
#1178 = CARTESIAN_POINT ( 'NONE',  ( -28.45263825805099245, -24.09373157770033558, 10.72351113834051262 ) ) ;
#1179 = DIRECTION ( 'NONE',  ( 0.000000000000000000, 0.000000000000000000, 1.000000000000000000 ) ) ;
#1180 = CARTESIAN_POINT ( 'NONE',  ( -36.30421680091359349, -5.999999999999997335, -1.940515387116254820 ) ) ;
#1181 = ORIENTED_EDGE ( 'NONE', *, *, #1145, .T. ) ;
#1182 = EDGE_CURVE ( 'NONE', #579, #1191, #527, .T. ) ;
#1183 = CARTESIAN_POINT ( 'NONE',  ( -20.71969855893652834, -13.95906585717829884, -1.974102278651453268 ) ) ;
#1184 = AXIS2_PLACEMENT_3D ( 'NONE', #1270, #2037, #1263 ) ;
#1185 = CARTESIAN_POINT ( 'NONE',  ( -85.21287994204399752, -5.999999999999994671, 29.87731884013046724 ) ) ;
#1186 = ORIENTED_EDGE ( 'NONE', *, *, #88, .F. ) ;
#1187 = CARTESIAN_POINT ( 'NONE',  ( -256.7677118313155802, -10.98180582923178861, 10.24010094473313792 ) ) ;
#1188 = DIRECTION ( 'NONE',  ( 0.000000000000000000, 0.000000000000000000, 1.000000000000000000 ) ) ;
#1189 = ORIENTED_EDGE ( 'NONE', *, *, #306, .F. ) ;
#1190 = FACE_OUTER_BOUND ( 'NONE', #411, .T. ) ;
#1191 = VERTEX_POINT ( 'NONE', #226 ) ;
#1192 = CARTESIAN_POINT ( 'NONE',  ( -78.91265576741649568, -24.17546725748430703, 8.005551482660571594 ) ) ;
#1193 = CARTESIAN_POINT ( 'NONE',  ( -283.9734814255987203, -8.487333883579491811, 3.034484012679694143 ) ) ;
#1194 = DIRECTION ( 'NONE',  ( 0.000000000000000000, 0.000000000000000000, 1.000000000000000000 ) ) ;
#1195 = CARTESIAN_POINT ( 'NONE',  ( -204.2051380892234533, -12.49251493758898057, 6.292457955913575596 ) ) ;
#1196 = VERTEX_POINT ( 'NONE', #1147 ) ;
#1197 = EDGE_LOOP ( 'NONE', ( #825, #1351, #220, #1950 ) ) ;
#1198 = CARTESIAN_POINT ( 'NONE',  ( -55.44491224468281843, -22.02507613397386166, 21.62288759449439723 ) ) ;
#1199 = CARTESIAN_POINT ( 'NONE',  ( -206.1623927098014519, -6.000000000000004441, 22.41176979149730641 ) ) ;
#1200 = CARTESIAN_POINT ( 'NONE',  ( -10.00000000000000000, -6.000000000000000888, 10.26999940980151038 ) ) ;
#1201 = CARTESIAN_POINT ( 'NONE',  ( -283.9787180002935543, -8.484811615170379184, 2.625121707053621467 ) ) ;
#1202 = CARTESIAN_POINT ( 'NONE',  ( -118.5309342800041179, -26.53785833889806156, 19.65090028453829873 ) ) ;
#1203 = CARTESIAN_POINT ( 'NONE',  ( -193.2336900628998819, -6.000000000000000888, 5.554718911399834980 ) ) ;
#1204 = CARTESIAN_POINT ( 'NONE',  ( -5.663674841539565463, -7.989674316961702161, -3.015272075805230934 ) ) ;
#1205 = CARTESIAN_POINT ( 'NONE',  ( -71.29498403286477526, -27.80139837879642428, 13.25473861169883882 ) ) ;
#1206 = CARTESIAN_POINT ( 'NONE',  ( -70.26949115593997419, -16.35171289528414462, 2.967655858484586684 ) ) ;
#1207 = ORIENTED_EDGE ( 'NONE', *, *, #1699, .T. ) ;
#1208 = ORIENTED_EDGE ( 'NONE', *, *, #1073, .T. ) ;
#1209 = CARTESIAN_POINT ( 'NONE',  ( -118.4557510617928529, -21.73167495921230241, 27.18635553158296858 ) ) ;
#1210 = CARTESIAN_POINT ( 'NONE',  ( -21.13496002153824094, -6.000000000000002665, 15.60595411703587665 ) ) ;
#1211 = AXIS2_PLACEMENT_3D ( 'NONE', #1001, #532, #1469 ) ;
#1212 = CARTESIAN_POINT ( 'NONE',  ( -63.50970026848774808, -27.80345699274825222, 13.52324388890337126 ) ) ;
#1213 = CARTESIAN_POINT ( 'NONE',  ( -17.19530828192254290, -21.90553189364679909, 6.673379969816955359 ) ) ;
#1214 =( NAMED_UNIT ( * ) PLANE_ANGLE_UNIT ( ) SI_UNIT ( $, .RADIAN. ) );
#1215 = CARTESIAN_POINT ( 'NONE',  ( -5.663674841539566351, -6.000000000000001776, -3.015272075805230934 ) ) ;
#1216 = CARTESIAN_POINT ( 'NONE',  ( -299.9999999999998863, -6.190841969669429012, -0.1075300225244771174 ) ) ;
#1217 = CARTESIAN_POINT ( 'NONE',  ( -102.6606461157833223, -16.26826482236605997, 5.448373431580093573 ) ) ;
#1218 = CARTESIAN_POINT ( 'NONE',  ( -10.39512715262419462, -16.70163783796178336, 7.888202297673931440 ) ) ;
#1219 = CARTESIAN_POINT ( 'NONE',  ( -218.6480122691015424, -6.000000000000008882, 20.14498406706865907 ) ) ;
#1220 = ADVANCED_FACE ( 'NONE', ( #725 ), #995, .F. ) ;
#1221 = CARTESIAN_POINT ( 'NONE',  ( -297.1812922090773554, -6.605243156136450189, 0.3981502901121846127 ) ) ;
#1222 = CARTESIAN_POINT ( 'NONE',  ( -254.5921400614640220, -12.50404633735323578, 8.150363648638970560 ) ) ;
#1223 = CARTESIAN_POINT ( 'NONE',  ( -250.8323741508083913, -6.000000000000000888, 3.705559035726511130 ) ) ;
#1224 = CARTESIAN_POINT ( 'NONE',  ( -9.195213826561509762, -6.346178927338528730, -3.353757788445490107 ) ) ;
#1225 = CARTESIAN_POINT ( 'NONE',  ( -12.62094457452770691, -19.96408723728552559, 2.269648836939191838 ) ) ;
#1226 = CARTESIAN_POINT ( 'NONE',  ( -10.36603439575612207, -14.22882131558095331, -2.108176289858961105 ) ) ;
#1227 = CARTESIAN_POINT ( 'NONE',  ( -200.7494627662825906, -17.30614482019093714, 19.30226651036515051 ) ) ;
#1228 = CARTESIAN_POINT ( 'NONE',  ( -10.00000000000000000, -6.000000000000000000, 10.26999940980151038 ) ) ;
#1229 = CARTESIAN_POINT ( 'NONE',  ( -300.0000000000000568, -6.057925475097469814, -0.002355308322194928257 ) ) ;
#1230 = CARTESIAN_POINT ( 'NONE',  ( -273.5239254442648758, -9.955756175541861097, 4.716539853087495793 ) ) ;
#1231 = CARTESIAN_POINT ( 'NONE',  ( -240.7286872012800814, -6.000000000000000888, 4.167406897069813709 ) ) ;
#1232 = CARTESIAN_POINT ( 'NONE',  ( -254.8249294426131542, -12.34201244165294753, 6.524498976346266410 ) ) ;
#1233 = CARTESIAN_POINT ( 'NONE',  ( -291.0281100533568406, -6.295259904820964536, 0.7504988755676960110 ) ) ;
#1234 = ADVANCED_BREP_SHAPE_REPRESENTATION ( 'Wing tip', ( #1588, #294 ), #926 ) ;
#1235 = CARTESIAN_POINT ( 'NONE',  ( 45.10938575054154143, 0.000000000000000000, -21.15311450338749211 ) ) ;
#1236 = CARTESIAN_POINT ( 'NONE',  ( -12.42401323616056708, -17.51730564953474811, 8.636491825049985138 ) ) ;
#1237 = CARTESIAN_POINT ( 'NONE',  ( -157.6588394700279707, -6.000000000000000000, 31.59109912362886874 ) ) ;
#1238 = CARTESIAN_POINT ( 'NONE',  ( -35.33118765442692677, -6.977418218859239296, 20.69859078363714389 ) ) ;
#1239 = CARTESIAN_POINT ( 'NONE',  ( -205.0994533307683696, -10.50927603977898706, 22.18737051969547025 ) ) ;
#1240 = CARTESIAN_POINT ( 'NONE',  ( -297.1758331786859912, -6.609214087962955730, 0.4302417255332050550 ) ) ;
#1241 = CARTESIAN_POINT ( 'NONE',  ( -186.9245143967019089, -20.29173706302309910, 13.03405776669691996 ) ) ;
#1242 = CARTESIAN_POINT ( 'NONE',  ( -277.4600499061340315, -7.286846813660351252, 2.041810389013058114 ) ) ;
#1243 = CARTESIAN_POINT ( 'NONE',  ( -8.956385989198933473, -7.973835197624689286, 9.637462663759166048 ) ) ;
#1244 = CLOSED_SHELL ( 'NONE', ( #1009, #1295, #1905, #2030, #1577, #16, #638, #126, #962, #1220, #1991, #263, #1426, #1548, #636, #1994, #845, #482, #1367, #681, #327, #1075, #196, #1005, #383 ) ) ;
#1245 = CARTESIAN_POINT ( 'NONE',  ( -154.9442319308863887, 0.000000000000000000, 1.852169913356419784 ) ) ;
#1246 = CARTESIAN_POINT ( 'NONE',  ( -260.9116688035439893, -7.106130325953847304, 10.95217290793563514 ) ) ;
#1247 = CARTESIAN_POINT ( 'NONE',  ( -53.27608086134696919, -12.71877053362927690, 24.67385780970251830 ) ) ;
#1248 = VECTOR ( 'NONE', #1603, 1000.000000000000000 ) ;
#1249 = CARTESIAN_POINT ( 'NONE',  ( -291.5156229961175427, -7.422870249796394759, 1.444093002143709503 ) ) ;
#1250 = AXIS2_PLACEMENT_3D ( 'NONE', #753, #1825, #1651 ) ;
#1251 = CARTESIAN_POINT ( 'NONE',  ( -48.50256516269943319, -25.70648200994592969, 7.443934610797289686 ) ) ;
#1252 = CARTESIAN_POINT ( 'NONE',  ( -10.40731658683580640, -17.50848169384386921, 7.266267861074174661 ) ) ;
#1253 = CARTESIAN_POINT ( 'NONE',  ( -249.8569068066978218, -8.589303126227287422, 3.960361221128561482 ) ) ;
#1254 = CARTESIAN_POINT ( 'NONE',  ( 0.1589790542645779237, -11.63699693098504895, 0.9671474573856972956 ) ) ;
#1255 = CARTESIAN_POINT ( 'NONE',  ( -157.6588394700279707, 0.000000000000000000, 31.59109912362886874 ) ) ;
#1256 = CARTESIAN_POINT ( 'NONE',  ( -251.1107991568104580, -7.342981170238583211, 13.27949115712318751 ) ) ;
#1257 = CARTESIAN_POINT ( 'NONE',  ( -290.5743957611762767, -6.599557134303025485, 2.887325292694452372 ) ) ;
#1258 = CARTESIAN_POINT ( 'NONE',  ( -22.90229467887394321, -23.55094079564506870, 7.333215871252701135 ) ) ;
#1259 = CARTESIAN_POINT ( 'NONE',  ( -245.2254354213412455, -13.02558345741907964, 6.623543684324618930 ) ) ;
#1260 = CARTESIAN_POINT ( 'NONE',  ( -284.4153682035885140, -8.232810684738348428, 3.542485021220885599 ) ) ;
#1261 = CARTESIAN_POINT ( 'NONE',  ( -193.0374047945184657, -8.461442497045817746, 5.630226974272752649 ) ) ;
#1262 = CARTESIAN_POINT ( 'NONE',  ( -6.398549967118408510, -13.23249697941096059, 7.279490188530843398 ) ) ;
#1263 = DIRECTION ( 'NONE',  ( 0.000000000000000000, 0.000000000000000000, 1.000000000000000000 ) ) ;
#1264 = CARTESIAN_POINT ( 'NONE',  ( -273.9757115494188042, -6.259915839944706129, 7.681819851085339046 ) ) ;
#1265 = CARTESIAN_POINT ( 'NONE',  ( -77.29728877346671823, -16.57308189090414174, 27.71156941218330871 ) ) ;
#1266 = CARTESIAN_POINT ( 'NONE',  ( -294.4664529138254920, -6.946876196470634035, 0.7291535026088299398 ) ) ;
#1267 = CARTESIAN_POINT ( 'NONE',  ( -32.45120870582635320, -23.05877324820256291, 13.99884303997589541 ) ) ;
#1268 = CARTESIAN_POINT ( 'NONE',  ( -239.7185355963069640, -9.028710862757534983, 4.466506231628530443 ) ) ;
#1269 = CARTESIAN_POINT ( 'NONE',  ( -10.00000000000002309, -11.94884681254769276, 9.673285447224275302 ) ) ;
#1270 = CARTESIAN_POINT ( 'NONE',  ( -92.50000000000000000, 0.000000000000000000, 16.74722354252675771 ) ) ;
#1271 = CARTESIAN_POINT ( 'NONE',  ( -92.50000000000000000, -12.00000000000000000, 25.84722354252676269 ) ) ;
#1272 = CARTESIAN_POINT ( 'NONE',  ( -275.8073457181066601, -8.546908761217181905, 6.362839435952613698 ) ) ;
#1273 = EDGE_CURVE ( 'NONE', #1933, #1638, #370, .T. ) ;
#1274 = DIRECTION ( 'NONE',  ( 0.000000000000000000, 1.000000000000000000, -0.000000000000000000 ) ) ;
#1275 = VERTEX_POINT ( 'NONE', #824 ) ;
#1276 = B_SPLINE_SURFACE_WITH_KNOTS ( 'NONE', 3, 3, ( 
 ( #775, #1200, #1826, #414 ),
 ( #1048, #1399, #1870, #1674 ),
 ( #2027, #1243, #460, #1482 ),
 ( #73, #174, #1737, #1101 ),
 ( #1269, #792, #1882, #1563 ),
 ( #4, #1262, #1890, #328 ),
 ( #808, #477, #800, #319 ),
 ( #1744, #1093, #1110, #150 ),
 ( #1897, #954, #937, #1583 ),
 ( #1117, #166, #1254, #783 ),
 ( #486, #1423, #963, #1416 ),
 ( #1408, #633, #11, #642 ),
 ( #1592, #1433, #946, #1718 ),
 ( #22, #653, #468, #301 ),
 ( #2036, #1726, #624, #310 ),
 ( #1573, #158, #2009, #448 ),
 ( #1080, #420, #1381, #1551 ),
 ( #1831, #906, #1850, #1533 ),
 ( #441, #1688, #1204, #1215 ),
 ( #1987, #576, #595, #586 ),
 ( #2017, #1054, #1224, #1840 ),
 ( #122, #603, #1071, #1706 ) ),
 .UNSPECIFIED., .F., .F., .F.,
 ( 4, 1, 1, 1, 1, 1, 1, 1, 1, 1, 1, 1, 1, 1, 1, 1, 1, 1, 1, 4 ),
 ( 4, 4 ),
 ( 0.000000000000000000, 0.06250000000000000000, 0.1250000000000000000, 0.1875000000000000000, 0.2500000000000000000, 0.3125000000000000000, 0.3750000000000000000, 0.4375000000000000000, 0.4687500000000000000, 0.5000000000000000000, 0.5312500000000000000, 0.5625000000000000000, 0.5937500000000000000, 0.6250000000000000000, 0.6875000000000000000, 0.7500000000000000000, 0.8125000000000000000, 0.8750000000000000000, 0.9375000000000000000, 1.000000000000000000 ),
 ( 0.000000000000000000, 1.000000000000000000 ),
 .UNSPECIFIED. ) ;
#1277 = CARTESIAN_POINT ( 'NONE',  ( -101.8631869141311910, -25.95849781892502506, 12.28053934013290061 ) ) ;
#1278 = CARTESIAN_POINT ( 'NONE',  ( -85.98910244241629641, -26.52778193747361257, 21.39257299624879849 ) ) ;
#1279 = CARTESIAN_POINT ( 'NONE',  ( -10.90518058480553698, -8.116628634940123987, -3.371782891338071853 ) ) ;
#1280 = EDGE_CURVE ( 'NONE', #1822, #1470, #1285, .T. ) ;
#1281 = CARTESIAN_POINT ( 'NONE',  ( -21.85094123980430680, -18.82964530347407717, 0.2362066093310896953 ) ) ;
#1282 = DIRECTION ( 'NONE',  ( 0.000000000000000000, -0.9661071885374479251, 0.2581412409055708901 ) ) ;
#1283 = CARTESIAN_POINT ( 'NONE',  ( -299.9999999999998863, -6.190841969669429012, -0.1075300225244771174 ) ) ;
#1284 = CARTESIAN_POINT ( 'NONE',  ( -44.99656318841995528, -15.78423720884343240, 21.99757370386191724 ) ) ;
#1285 = LINE ( 'NONE', #1932, #1965 ) ;
#1286 = ORIENTED_EDGE ( 'NONE', *, *, #976, .T. ) ;
#1287 = CARTESIAN_POINT ( 'NONE',  ( -297.2380098844479903, -6.564453224994974967, 0.3081591222771617455 ) ) ;
#1288 = CARTESIAN_POINT ( 'NONE',  ( -288.8770101963494312, -7.713840468556911745, 2.400424882717560493 ) ) ;
#1289 = CARTESIAN_POINT ( 'NONE',  ( 0.000000000000000000, 0.000000000000000000, 0.000000000000000000 ) ) ;
#1290 = CARTESIAN_POINT ( 'NONE',  ( -273.8974267431326552, -6.000000000000000888, 2.248681568967003663 ) ) ;
#1291 = CARTESIAN_POINT ( 'NONE',  ( -102.2843536759185810, -21.98195445745350796, 8.125076372465269259 ) ) ;
#1292 = CARTESIAN_POINT ( 'NONE',  ( -1.362197598108173979, 1.623403881368606694, 1.217501899382193109 ) ) ;
#1293 = CARTESIAN_POINT ( 'NONE',  ( -300.0000000000000000, -6.138058689654476652, -0.1424375467039463161 ) ) ;
#1294 = CARTESIAN_POINT ( 'NONE',  ( -225.2490231169573178, -12.97752679127849262, 17.22252367668814799 ) ) ;
#1295 = ADVANCED_FACE ( 'NONE', ( #178 ), #846, .F. ) ;
#1296 = FACE_OUTER_BOUND ( 'NONE', #1153, .T. ) ;
#1297 = VERTEX_POINT ( 'NONE', #491 ) ;
#1298 = CARTESIAN_POINT ( 'NONE',  ( -9.999999999999971578, -17.58145457474726570, 0.005268134066132169890 ) ) ;
#1299 = CARTESIAN_POINT ( 'NONE',  ( -297.1991882357896770, -6.589872142901526786, 0.5375331875769763235 ) ) ;
#1300 = LINE ( 'NONE', #982, #427 ) ;
#1301 = CARTESIAN_POINT ( 'NONE',  ( -297.8618829421716896, -6.031864249254600630, 0.05890254161437452618 ) ) ;
#1302 = COLOUR_RGB ( '',0.7921568627450980005, 0.8196078431372548767, 0.9333333333333333481 ) ;
#1303 = CARTESIAN_POINT ( 'NONE',  ( -289.5184843726142390, -7.366912612877843713, 1.169322697919972232 ) ) ;
#1304 = CARTESIAN_POINT ( 'NONE',  ( -92.50000000000000000, -12.00000000000000000, 16.74722354252675771 ) ) ;
#1305 = CARTESIAN_POINT ( 'NONE',  ( -300.0000000000000568, -6.198112061566436459, -0.06703686300701404421 ) ) ;
#1306 = CARTESIAN_POINT ( 'NONE',  ( -292.6851422617299363, -6.689486944881106290, 2.153720435283613455 ) ) ;
#1307 = DIRECTION ( 'NONE',  ( 0.6314626185908929212, -0.7525478442946405000, -0.1868868731875565625 ) ) ;
#1308 = ORIENTED_EDGE ( 'NONE', *, *, #1145, .F. ) ;
#1309 = CARTESIAN_POINT ( 'NONE',  ( -22.21687049155375249, -20.39024350767357419, 1.354988202367043426 ) ) ;
#1310 = CARTESIAN_POINT ( 'NONE',  ( -294.3560114617949353, -7.011294648971342802, 1.048228416341038916 ) ) ;
#1311 = CARTESIAN_POINT ( 'NONE',  ( -300.0000000000000000, -6.009664379482470231, -0.1621621621621254505 ) ) ;
#1312 = DIRECTION ( 'NONE',  ( 0.000000000000000000, 0.000000000000000000, 1.000000000000000000 ) ) ;
#1313 = CARTESIAN_POINT ( 'NONE',  ( -31.94393384443572259, -20.30515884194783638, 1.556478695602874218 ) ) ;
#1314 = CARTESIAN_POINT ( 'NONE',  ( -2.610814578664567343, 0.000000000000000000, -2.837876918529753427E-16 ) ) ;
#1315 = CARTESIAN_POINT ( 'NONE',  ( 0.9183538261348640486, -6.000000000000000000, -0.2764946092101093766 ) ) ;
#1316 = CARTESIAN_POINT ( 'NONE',  ( -264.1404469824083776, -10.20049829146698883, 8.646667719065753488 ) ) ;
#1317 = CARTESIAN_POINT ( 'NONE',  ( -10.00000000000001599, -10.11379635954018141, -3.135773207430335496 ) ) ;
#1318 = CARTESIAN_POINT ( 'NONE',  ( -280.1302944179624888, -8.638345123982260176, 2.460510743250572840 ) ) ;
#1319 = CARTESIAN_POINT ( 'NONE',  ( -56.64209123009956670, -26.15458577854233368, 17.85961407849091742 ) ) ;
#1320 = CARTESIAN_POINT ( 'NONE',  ( -10.29329751832171702, -6.692053119643028403, -3.400525362150412789 ) ) ;
#1321 = CARTESIAN_POINT ( 'NONE',  ( -2.610814578664567343, 0.000000000000000000, -2.837876918529753427E-16 ) ) ;
#1322 = EDGE_LOOP ( 'NONE', ( #1823, #1018 ) ) ;
#1323 = CARTESIAN_POINT ( 'NONE',  ( -145.9833033511449116, -17.98104265542306734, 8.180188672266901051 ) ) ;
#1324 = CARTESIAN_POINT ( 'NONE',  ( -251.3401141268745107, -5.999999999999981348, 13.28023744634928249 ) ) ;
#1325 = CARTESIAN_POINT ( 'NONE',  ( -246.5544674659989539, -12.03423928120273523, 12.35398156020308846 ) ) ;
#1326 = CARTESIAN_POINT ( 'NONE',  ( -295.5072463329627226, -6.000000000000000888, 1.467476001459639079 ) ) ;
#1327 = ORIENTED_EDGE ( 'NONE', *, *, #47, .T. ) ;
#1328 = CARTESIAN_POINT ( 'NONE',  ( -157.6588394700279707, 0.000000000000000000, 31.59109912362886874 ) ) ;
#1329 = ORIENTED_EDGE ( 'NONE', *, *, #1073, .F. ) ;
#1330 = EDGE_CURVE ( 'NONE', #1342, #1196, #1748, .T. ) ;
#1331 = CARTESIAN_POINT ( 'NONE',  ( -10.00000000000000000, -6.663483311863454439, 10.26999940980151038 ) ) ;
#1332 = CARTESIAN_POINT ( 'NONE',  ( -92.77253799443468552, -23.98629852082071778, 9.015875124470552393 ) ) ;
#1333 = CARTESIAN_POINT ( 'NONE',  ( -167.7727872971553040, -22.29981509574474785, 19.62142790384710622 ) ) ;
#1334 = CARTESIAN_POINT ( 'NONE',  ( -44.52792286877840411, -5.999999999999991118, -1.092902449468274417 ) ) ;
#1335 = LINE ( 'NONE', #66, #1340 ) ;
#1336 = ORIENTED_EDGE ( 'NONE', *, *, #1732, .T. ) ;
#1337 = CARTESIAN_POINT ( 'NONE',  ( -216.2788782388075788, -11.82065344380580285, 5.884850335979491476 ) ) ;
#1338 = CARTESIAN_POINT ( 'NONE',  ( -206.1623927098014519, -6.000000000000004441, 22.41176979149730641 ) ) ;
#1339 = CARTESIAN_POINT ( 'NONE',  ( -30.66402897193417942, -17.80983534498959742, 16.82458729540424969 ) ) ;
#1340 = VECTOR ( 'NONE', #1031, 1000.000000000000000 ) ;
#1341 = PLANE ( 'NONE',  #1250 ) ;
#1342 = VERTEX_POINT ( 'NONE', #990 ) ;
#1343 = DIRECTION ( 'NONE',  ( 0.000000000000000000, 1.000000000000000000, -0.000000000000000000 ) ) ;
#1344 = VERTEX_POINT ( 'NONE', #522 ) ;
#1345 = DIRECTION ( 'NONE',  ( 0.000000000000000000, -0.9895474044440927264, -0.1442079552519865138 ) ) ;
#1346 = CARTESIAN_POINT ( 'NONE',  ( -71.10562693260700939, -24.14938798034437539, 7.319890279871210659 ) ) ;
#1347 = CARTESIAN_POINT ( 'NONE',  ( -254.7925554532085641, -12.37236672764097989, 8.655116455579616286 ) ) ;
#1348 = CARTESIAN_POINT ( 'NONE',  ( -15.14623259396082489, -5.999999999999995559, -3.435764900001194722 ) ) ;
#1349 = CARTESIAN_POINT ( 'NONE',  ( -286.7125362910081776, -6.808512245080830638, 1.203670089246531294 ) ) ;
#1350 = AXIS2_PLACEMENT_3D ( 'NONE', #243, #703, #1188 ) ;
#1351 = ORIENTED_EDGE ( 'NONE', *, *, #130, .F. ) ;
#1352 = CARTESIAN_POINT ( 'NONE',  ( -201.5229086376599241, -16.22615728968602156, 20.21741464441357650 ) ) ;
#1353 = CARTESIAN_POINT ( 'NONE',  ( -283.0175959036611744, -6.000000000000005329, 5.211693298845314182 ) ) ;
#1354 = DIRECTION ( 'NONE',  ( 0.4867983859909473243, -0.5801437253737715682, -0.6530395005710226686 ) ) ;
#1355 = CARTESIAN_POINT ( 'NONE',  ( -4.410180692130823036E-15, -2.706299762169710605E-16, 2.265685904761444803E-15 ) ) ;
#1356 = CARTESIAN_POINT ( 'NONE',  ( -48.75974695672702097, -27.14831238117820433, 11.48862988449439015 ) ) ;
#1357 = CARTESIAN_POINT ( 'NONE',  ( -199.3095661684103845, -19.33636703583850647, 14.76514752807561770 ) ) ;
#1358 = AXIS2_PLACEMENT_3D ( 'NONE', #1366, #1354, #1555 ) ;
#1359 = CARTESIAN_POINT ( 'NONE',  ( -148.0934066304191390, -5.999999999999992006, 5.882031204993196205 ) ) ;
#1360 = DIRECTION ( 'NONE',  ( -0.7660444431189765702, -0.6427876096865411393, 0.000000000000000000 ) ) ;
#1361 = CARTESIAN_POINT ( 'NONE',  ( -286.1835794202680745, -7.203566771906984023, 1.325671023512350777 ) ) ;
#1362 = ORIENTED_EDGE ( 'NONE', *, *, #451, .F. ) ;
#1363 = ORIENTED_EDGE ( 'NONE', *, *, #1375, .T. ) ;
#1364 = CARTESIAN_POINT ( 'NONE',  ( -31.46184166246270664, -20.17592197712889401, 15.87525633181027018 ) ) ;
#1365 = CARTESIAN_POINT ( 'NONE',  ( -35.33118765442690545, -5.999999999999999112, 20.69859078363713323 ) ) ;
#1366 = CARTESIAN_POINT ( 'NONE',  ( -2.310966303823471346, -0.3573452587750505782, 1.044863200913635826 ) ) ;
#1367 = ADVANCED_FACE ( 'NONE', ( #814 ), #1617, .T. ) ;
#1368 = SURFACE_STYLE_FILL_AREA ( #1050 ) ;
#1369 = CARTESIAN_POINT ( 'NONE',  ( -20.05902668265021305, -22.87121226524212858, 5.859490708020608452 ) ) ;
#1370 = CARTESIAN_POINT ( 'NONE',  ( -63.36768650110003165, -27.69438291640454608, 15.74615623772291073 ) ) ;
#1371 = CARTESIAN_POINT ( 'NONE',  ( -293.4059715215568076, -6.000000000000002665, 0.5111901708843392678 ) ) ;
#1372 = CARTESIAN_POINT ( 'NONE',  ( -48.67801193061660570, -26.51843590894053548, 8.899712911149951111 ) ) ;
#1373 = CARTESIAN_POINT ( 'NONE',  ( -297.6480500620418752, -6.285213099337283005, 0.1066875607757334504 ) ) ;
#1374 = ORIENTED_EDGE ( 'NONE', *, *, #1699, .F. ) ;
#1375 = EDGE_CURVE ( 'NONE', #87, #1131, #1606, .T. ) ;
#1376 = CARTESIAN_POINT ( 'NONE',  ( -78.04452651632787763, -24.35875347254905421, 23.45011447159834361 ) ) ;
#1377 = DIRECTION ( 'NONE',  ( 0.000000000000000000, 0.000000000000000000, 1.000000000000000000 ) ) ;
#1378 = AXIS2_PLACEMENT_3D ( 'NONE', #1458, #1141, #49 ) ;
#1379 = CARTESIAN_POINT ( 'NONE',  ( -279.2483584555312177, -9.146591337108940678, 3.387957467172998172 ) ) ;
#1380 = CARTESIAN_POINT ( 'NONE',  ( -291.5152842558879343, -7.423013974786684344, 1.521419163017860621 ) ) ;
#1381 = CARTESIAN_POINT ( 'NONE',  ( -2.495897068947358743, -9.677678861642506902, -2.245402819678067097 ) ) ;
#1382 = CARTESIAN_POINT ( 'NONE',  ( -92.50064756598369797, -27.02429646003621144, 13.29005648914534810 ) ) ;
#1383 = CARTESIAN_POINT ( 'NONE',  ( -9.999999999999985789, -12.13855841458263640, -2.748317375146926533 ) ) ;
#1384 = CARTESIAN_POINT ( 'NONE',  ( -274.5670341343891323, -9.329303131599083088, 5.943973259764009143 ) ) ;
#1385 = CARTESIAN_POINT ( 'NONE',  ( -28.16055169760034360, -6.909956542938719082, 18.29879988878284891 ) ) ;
#1386 = CARTESIAN_POINT ( 'NONE',  ( -250.2522456778990545, -8.650843282368610332, 13.23028014764804006 ) ) ;
#1387 = CARTESIAN_POINT ( 'NONE',  ( -101.4430818879205418, -27.40715219118352763, 17.86759950630071003 ) ) ;
#1388 = CARTESIAN_POINT ( 'NONE',  ( -206.2889868120401218, -6.000000000000000888, 5.269401923434142709 ) ) ;
#1389 = CARTESIAN_POINT ( 'NONE',  ( -92.39253248980610067, -27.54094510072557256, 14.98129683952796931 ) ) ;
#1390 = CARTESIAN_POINT ( 'NONE',  ( -78.38063901110997733, -12.96324331726401091, 2.856845688857055698 ) ) ;
#1391 = CARTESIAN_POINT ( 'NONE',  ( -14.08976126773598558, -18.10922356324657656, 9.235476726690709626 ) ) ;
#1392 = LINE ( 'NONE', #1874, #556 ) ;
#1393 = CARTESIAN_POINT ( 'NONE',  ( -297.7502415334355987, -6.097461966672325318, 0.7393640208416080162 ) ) ;
#1394 = CARTESIAN_POINT ( 'NONE',  ( -260.1316060586693766, -8.185054390996489460, 10.92087290186626447 ) ) ;
#1395 = CARTESIAN_POINT ( 'NONE',  ( -268.7799604838154437, -10.60946515042286364, 5.515204186272391063 ) ) ;
#1396 = EDGE_CURVE ( 'NONE', #1438, #1488, #843, .T. ) ;
#1397 = CARTESIAN_POINT ( 'NONE',  ( -262.3852531147784362, -11.35529675495450874, 5.533962094757971961 ) ) ;
#1398 = CARTESIAN_POINT ( 'NONE',  ( -45.20693622633722697, -12.44411871340714093, -0.4043485083657196721 ) ) ;
#1399 = CARTESIAN_POINT ( 'NONE',  ( -9.652128663066310565, -6.657922512777109780, 10.07220379919364817 ) ) ;
#1400 = CARTESIAN_POINT ( 'NONE',  ( -6.726297852367199681, 8.016089630417287282, -12.13530733197230482 ) ) ;
#1401 = CARTESIAN_POINT ( 'NONE',  ( -218.6480122691015424, -6.688382939635513225, 20.14498406706863776 ) ) ;
#1402 = CARTESIAN_POINT ( 'NONE',  ( -273.1972321637615551, -7.534031499925404773, 7.667338240619348433 ) ) ;
#1403 = CARTESIAN_POINT ( 'NONE',  ( -40.86253910315796389, -26.49176708463337704, 11.16176628761992085 ) ) ;
#1404 = CARTESIAN_POINT ( 'NONE',  ( -167.8502715295705343, -22.54356542202034674, 15.41155687492268989 ) ) ;
#1405 = CARTESIAN_POINT ( 'NONE',  ( -299.0896759188700571, -6.290856573669498353, 0.1812168100326204678 ) ) ;
#1406 = CARTESIAN_POINT ( 'NONE',  ( -29.65012676749345744, -11.81888307688733342, -1.952275721573337952 ) ) ;
#1407 = EDGE_CURVE ( 'NONE', #1515, #1640, #210, .T. ) ;
#1408 = CARTESIAN_POINT ( 'NONE',  ( -9.999999999999992895, -19.10695505642333458, 2.592365990638328288 ) ) ;
#1409 = DIRECTION ( 'NONE',  ( 0.7660444431189764591, 0.6427876096865411393, 0.000000000000000000 ) ) ;
#1410 = CARTESIAN_POINT ( 'NONE',  ( -295.5072463329627226, -6.055472424502347017, 1.467476001459639079 ) ) ;
#1411 = CARTESIAN_POINT ( 'NONE',  ( -13.15927709741551332, -10.43820622575605306, 11.63538808106947720 ) ) ;
#1412 = CARTESIAN_POINT ( 'NONE',  ( -12.64660624286218749, -20.35205526930714370, 4.714088256576522085 ) ) ;
#1413 = CARTESIAN_POINT ( 'NONE',  ( -222.2893982107305249, -16.03233831570554102, 9.388380842682947147 ) ) ;
#1414 = CARTESIAN_POINT ( 'NONE',  ( -167.9612190062511559, -21.75890651949332621, 20.90672059990295395 ) ) ;
#1415 = CARTESIAN_POINT ( 'NONE',  ( -240.5163736150001341, -7.530344598386772503, 4.219632956876978369 ) ) ;
#1416 = CARTESIAN_POINT ( 'NONE',  ( 0.1753381875241690480, -5.999999999999997335, 0.5121841740068039384 ) ) ;
#1417 = CARTESIAN_POINT ( 'NONE',  ( -300.0000000000000568, -5.999999999999999112, 0.000000000000000000 ) ) ;
#1418 = CARTESIAN_POINT ( 'NONE',  ( -52.66596657748826971, -7.090565285840175314, 25.10029717372155034 ) ) ;
#1419 = CARTESIAN_POINT ( 'NONE',  ( -300.0000000000001137, -6.086893667299698052, -0.006614898313475116656 ) ) ;
#1420 = CARTESIAN_POINT ( 'NONE',  ( -187.2934807249583855, -19.76808642723706200, 11.88851618154861889 ) ) ;
#1421 = CARTESIAN_POINT ( 'NONE',  ( -297.2284847477329208, -6.565860508470491297, 0.5768635252465325047 ) ) ;
#1422 = CARTESIAN_POINT ( 'NONE',  ( -10.95619805232157162, -10.25519168988199681, -3.130016299337863739 ) ) ;
#1423 = CARTESIAN_POINT ( 'NONE',  ( -4.706453774050549654, -16.42443628701763458, 3.523372459835470316 ) ) ;
#1424 = DIRECTION ( 'NONE',  ( 0.7660444431189765702, 0.6427876096865411393, 0.000000000000000000 ) ) ;
#1425 = CARTESIAN_POINT ( 'NONE',  ( -300.0000000000000568, -5.999999999999999112, 0.000000000000000000 ) ) ;
#1426 = ADVANCED_FACE ( 'NONE', ( #1296 ), #1769, .T. ) ;
#1427 = CARTESIAN_POINT ( 'NONE',  ( -249.0528258525420711, -9.917326388754799993, 13.08240146574267548 ) ) ;
#1428 = CARTESIAN_POINT ( 'NONE',  ( -10.00000000000001599, -16.52395736768338352, 7.738692635690189725 ) ) ;
#1429 = ORIENTED_EDGE ( 'NONE', *, *, #1947, .F. ) ;
#1430 = CARTESIAN_POINT ( 'NONE',  ( -14.35002779311760968, -20.05311425822156579, 1.701753557027602559 ) ) ;
#1431 = CARTESIAN_POINT ( 'NONE',  ( -279.5473840678178590, -8.975117375482435378, 4.364254389636229803 ) ) ;
#1432 = CARTESIAN_POINT ( 'NONE',  ( -291.1034808061252761, -6.000000000000000888, 0.7390177787299627710 ) ) ;
#1433 = CARTESIAN_POINT ( 'NONE',  ( -4.805828601748833862, -17.20303634646527158, 2.420329644152781512 ) ) ;
#1434 = PLANE ( 'NONE',  #730 ) ;
#1435 = CARTESIAN_POINT ( 'NONE',  ( 0.3173235399022764636, -6.000000000000000000, -1.208554179898991388 ) ) ;
#1436 = CARTESIAN_POINT ( 'NONE',  ( -10.98267847705660749, -12.19157076480008861, 10.15369627785201345 ) ) ;
#1437 = CARTESIAN_POINT ( 'NONE',  ( -92.50000000000000000, -12.00000000000000000, 7.647223542526754514 ) ) ;
#1438 = VERTEX_POINT ( 'NONE', #37 ) ;
#1439 = CARTESIAN_POINT ( 'NONE',  ( -212.0619991164610099, -17.17363967873319197, 10.23446072349800851 ) ) ;
#1440 = CARTESIAN_POINT ( 'NONE',  ( -14.20647807305341281, -19.02629992284720828, 8.573068575162828608 ) ) ;
#1441 = LINE ( 'NONE', #663, #254 ) ;
#1442 = CARTESIAN_POINT ( 'NONE',  ( -260.7508785119024424, -6.000000000000000888, 3.150569391414348885 ) ) ;
#1443 = CARTESIAN_POINT ( 'NONE',  ( -280.5749340121942623, -8.376338504191570777, 2.217815281035802499 ) ) ;
#1444 = PLANE ( 'NONE',  #1766 ) ;
#1445 = CARTESIAN_POINT ( 'NONE',  ( -300.0000000000001137, -6.115204535970015343, -0.1492677108497652283 ) ) ;
#1446 = AXIS2_PLACEMENT_3D ( 'NONE', #706, #389, #253 ) ;
#1447 = CARTESIAN_POINT ( 'NONE',  ( -285.4711196233085388, -7.601294668588700176, 3.932519868900110627 ) ) ;
#1448 = CARTESIAN_POINT ( 'NONE',  ( -6.032252691753399176, -5.256831798050098037, 0.7859051532108097815 ) ) ;
#1449 = ORIENTED_EDGE ( 'NONE', *, *, #435, .F. ) ;
#1450 = CARTESIAN_POINT ( 'NONE',  ( -86.60565958111997986, -26.36661974512481521, 11.31600095901648473 ) ) ;
#1451 = CARTESIAN_POINT ( 'NONE',  ( -294.3928494470717965, -6.987399361033594047, 1.123160443318354851 ) ) ;
#1452 = FACE_BOUND ( 'NONE', #211, .T. ) ;
#1453 = CARTESIAN_POINT ( 'NONE',  ( -250.8323741508082207, -6.437369293636167278, 3.705559035726516015 ) ) ;
#1454 = CARTESIAN_POINT ( 'NONE',  ( -292.4637597175382666, -6.895620182086785732, 0.7340182239032608802 ) ) ;
#1455 = FACE_OUTER_BOUND ( 'NONE', #900, .T. ) ;
#1456 = CARTESIAN_POINT ( 'NONE',  ( -300.0000000000000568, -6.200008447573419623, -0.07624131685631900524 ) ) ;
#1457 = CARTESIAN_POINT ( 'NONE',  ( -169.8695816439251871, -16.86355876940432452, 25.54747298381221299 ) ) ;
#1458 = CARTESIAN_POINT ( 'NONE',  ( -192.4855795964845697, 0.000000000000000000, 15.04748117012554331 ) ) ;
#1459 = ORIENTED_EDGE ( 'NONE', *, *, #976, .F. ) ;
#1460 = CARTESIAN_POINT ( 'NONE',  ( -101.9942836222684974, -24.94952511198691525, 10.85831035732372385 ) ) ;
#1461 = CARTESIAN_POINT ( 'NONE',  ( -11.26201415911008752, -18.61824590088722786, 6.822044414367694820 ) ) ;
#1462 = CARTESIAN_POINT ( 'NONE',  ( -10.29788529501174921, -8.080410119998093776, -3.356034720499894153 ) ) ;
#1463 = PLANE ( 'NONE',  #1539 ) ;
#1464 = AXIS2_PLACEMENT_3D ( 'NONE', #200, #1121, #834 ) ;
#1465 = CARTESIAN_POINT ( 'NONE',  ( -300.0000000000001137, -6.115204535970015343, -0.1492677108497652283 ) ) ;
#1466 = CARTESIAN_POINT ( 'NONE',  ( -6.128355544951816114, -5.142300877492331779, -2.957927243040879032E-31 ) ) ;
#1467 = CARTESIAN_POINT ( 'NONE',  ( -300.0000000000000568, -6.200011875955151019, -0.08591505636035384752 ) ) ;
#1468 = CARTESIAN_POINT ( 'NONE',  ( -290.2075138573217146, -6.889403984251022628, 2.857119849114440058 ) ) ;
#1469 = DIRECTION ( 'NONE',  ( 0.000000000000000000, 0.000000000000000000, 1.000000000000000000 ) ) ;
#1470 = VERTEX_POINT ( 'NONE', #1901 ) ;
#1471 = CARTESIAN_POINT ( 'NONE',  ( -299.9999999999998295, -6.155578287500088841, -0.1346923425041560707 ) ) ;
#1472 = CARTESIAN_POINT ( 'NONE',  ( -244.3934172602792216, -13.71018176346395556, 10.39818977386257437 ) ) ;
#1473 = CARTESIAN_POINT ( 'NONE',  ( -295.6589017563295556, -6.000000000000001776, 0.2841143440922009322 ) ) ;
#1474 = CARTESIAN_POINT ( 'NONE',  ( -192.4855795964845697, -12.00000000000000000, 19.14748117012553053 ) ) ;
#1475 = ORIENTED_EDGE ( 'NONE', *, *, #47, .F. ) ;
#1476 = CARTESIAN_POINT ( 'NONE',  ( -225.2129521373003058, -12.83877625127874289, 6.221268494130061555 ) ) ;
#1477 = EDGE_CURVE ( 'NONE', #222, #1815, #967, .T. ) ;
#1478 = CARTESIAN_POINT ( 'NONE',  ( -241.2710676368535019, -5.999999999999977796, 15.53585351816995797 ) ) ;
#1479 = CARTESIAN_POINT ( 'NONE',  ( -13.91776036862390065, -16.78035676654202391, 9.985060389179469809 ) ) ;
#1480 = FACE_OUTER_BOUND ( 'NONE', #684, .T. ) ;
#1481 = ORIENTED_EDGE ( 'NONE', *, *, #1330, .F. ) ;
#1482 = CARTESIAN_POINT ( 'NONE',  ( -7.506909240135610339, -6.000000000000003553, 8.807034646144629164 ) ) ;
#1483 = ORIENTED_EDGE ( 'NONE', *, *, #813, .T. ) ;
#1484 = FACE_OUTER_BOUND ( 'NONE', #719, .T. ) ;
#1485 = CARTESIAN_POINT ( 'NONE',  ( -274.6057652830731968, -9.299988613569793117, 3.116288500407462969 ) ) ;
#1486 = CARTESIAN_POINT ( 'NONE',  ( -268.9775900518302478, -10.49437748021103012, 6.117700603421871719 ) ) ;
#1487 = CARTESIAN_POINT ( 'NONE',  ( -17.34725550235220481, -5.999999999999998224, -3.366562384312432599 ) ) ;
#1488 = VERTEX_POINT ( 'NONE', #26 ) ;
#1489 = CARTESIAN_POINT ( 'NONE',  ( -256.7250171914217276, -10.91499230027602074, 4.627151143865527061 ) ) ;
#1490 = CARTESIAN_POINT ( 'NONE',  ( -10.27620386585493684, -6.000000000000000888, 10.42746700557331785 ) ) ;
#1491 = CARTESIAN_POINT ( 'NONE',  ( -236.2642115227304487, -13.05466294626711132, 14.35738858627983383 ) ) ;
#1492 = CARTESIAN_POINT ( 'NONE',  ( -59.63928260696975059, -6.000000000000007994, 26.48082963886995955 ) ) ;
#1493 = ORIENTED_EDGE ( 'NONE', *, *, #936, .F. ) ;
#1494 = FACE_OUTER_BOUND ( 'NONE', #847, .T. ) ;
#1495 = VERTEX_POINT ( 'NONE', #1912 ) ;
#1496 =( NAMED_UNIT ( * ) PLANE_ANGLE_UNIT ( ) SI_UNIT ( $, .RADIAN. ) );
#1497 = CARTESIAN_POINT ( 'NONE',  ( -63.29056367822226292, -25.27006189898647648, 7.814543882909855022 ) ) ;
#1498 = CARTESIAN_POINT ( 'NONE',  ( -14.38569935832994240, -20.49076828008493578, 6.913149245135358001 ) ) ;
#1499 = FACE_OUTER_BOUND ( 'NONE', #235, .T. ) ;
#1500 = CARTESIAN_POINT ( 'NONE',  ( -45.94904850482843273, -15.77114141703690109, 0.5464463615915957639 ) ) ;
#1501 = ORIENTED_EDGE ( 'NONE', *, *, #1407, .T. ) ;
#1502 = CARTESIAN_POINT ( 'NONE',  ( -213.7156020864642016, -15.16241417627141175, 18.32687903051473555 ) ) ;
#1503 = CARTESIAN_POINT ( 'NONE',  ( -299.2591345464726942, -6.000000000000000888, 0.2477653776959904131 ) ) ;
#1504 = CARTESIAN_POINT ( 'NONE',  ( -10.44325831465825871, 1.734723475976807094E-15, 0.4626855024949704798 ) ) ;
#1505 = DIRECTION ( 'NONE',  ( 0.000000000000000000, 0.000000000000000000, 1.000000000000000000 ) ) ;
#1506 = CARTESIAN_POINT ( 'NONE',  ( -22.91498842067419517, -23.57929852714838859, 6.522227401120569645 ) ) ;
#1507 = CARTESIAN_POINT ( 'NONE',  ( -299.0590433607778209, -6.336556825073624388, 0.1039182038470494868 ) ) ;
#1508 = PRODUCT_CONTEXT ( 'NONE', #1129, 'mechanical' ) ;
#1509 = CARTESIAN_POINT ( 'NONE',  ( -53.80610960616601801, -5.999999999999995559, -0.1205652386432247564 ) ) ;
#1510 = VECTOR ( 'NONE', #504, 1000.000000000000114 ) ;
#1511 = CARTESIAN_POINT ( 'NONE',  ( -120.7586067061530457, -15.94802700018612818, 6.425887917962807450 ) ) ;
#1512 = ORIENTED_EDGE ( 'NONE', *, *, #429, .F. ) ;
#1513 = VECTOR ( 'NONE', #634, 1000.000000000000114 ) ;
#1514 = AXIS2_PLACEMENT_3D ( 'NONE', #118, #107, #1377 ) ;
#1515 = VERTEX_POINT ( 'NONE', #500 ) ;
#1516 = EDGE_CURVE ( 'NONE', #1173, #567, #296, .T. ) ;
#1517 = CARTESIAN_POINT ( 'NONE',  ( -300.0000000000000000, -6.138221290082515935, -0.01978585682362053386 ) ) ;
#1518 = CARTESIAN_POINT ( 'NONE',  ( -297.7688475006962676, -6.000000000000000888, 0.7397171102591426628 ) ) ;
#1519 = CARTESIAN_POINT ( 'NONE',  ( -300.0000000000000000, 0.000000000000000000, -0.000000000000000000 ) ) ;
#1520 = CARTESIAN_POINT ( 'NONE',  ( -1.435986033039539533, -1.400106139930850979, 0.7859051532108097815 ) ) ;
#1521 = CARTESIAN_POINT ( 'NONE',  ( -294.3578753399344805, -7.010735690893688421, 0.8851217368491762771 ) ) ;
#1522 = CARTESIAN_POINT ( 'NONE',  ( -12.63714831082410228, -20.22565546360023347, 5.410254495043592904 ) ) ;
#1523 = APPLICATION_PROTOCOL_DEFINITION ( 'draft international standard', 'automotive_design', 1998, #539 ) ;
#1524 = CARTESIAN_POINT ( 'NONE',  ( -297.8618829421716327, -6.000000000000000888, 0.05890254161438208957 ) ) ;
#1525 = CARTESIAN_POINT ( 'NONE',  ( -12.64476916766905568, -20.32430083290005030, 3.296816237132413452 ) ) ;
#1526 = CARTESIAN_POINT ( 'NONE',  ( -11.10800503139018858, -14.46308871525541129, -2.033804854330638623 ) ) ;
#1527 = ORIENTED_EDGE ( 'NONE', *, *, #429, .T. ) ;
#1528 = CARTESIAN_POINT ( 'NONE',  ( -26.27660292399741593, -17.28367200973725915, 15.39431939669816884 ) ) ;
#1529 = CARTESIAN_POINT ( 'NONE',  ( -290.9065731460297570, -6.000000000000002665, 2.896036780770926189 ) ) ;
#1530 = CARTESIAN_POINT ( 'NONE',  ( -291.5308630128748746, -7.414709406706597505, 1.366509969158757665 ) ) ;
#1531 = CARTESIAN_POINT ( 'NONE',  ( -25.24876465253444380, -23.94965423090050294, 8.721150233865190060 ) ) ;
#1532 = CARTESIAN_POINT ( 'NONE',  ( -53.80610960616601801, -5.999999999999995559, -0.1205652386432247564 ) ) ;
#1533 = CARTESIAN_POINT ( 'NONE',  ( -3.934895490175773780, -6.000000000000000000, -2.679626440416091882 ) ) ;
#1534 = CARTESIAN_POINT ( 'NONE',  ( -218.6480122691015424, -6.000000000000008882, 20.14498406706865907 ) ) ;
#1535 = CARTESIAN_POINT ( 'NONE',  ( -25.19799965341099934, -23.57494849985609520, 4.955065495244541651 ) ) ;
#1536 = CARTESIAN_POINT ( 'NONE',  ( -11.02729800117468173, -12.38354954376511508, -2.695876417978739337 ) ) ;
#1537 = CARTESIAN_POINT ( 'NONE',  ( -143.6889445962868876, -21.99019223699119507, 25.04750226761377263 ) ) ;
#1538 = CARTESIAN_POINT ( 'NONE',  ( -85.21287994204399752, -7.184663609973739540, 29.87731884013046724 ) ) ;
#1539 = AXIS2_PLACEMENT_3D ( 'NONE', #536, #408, #1360 ) ;
#1540 = CARTESIAN_POINT ( 'NONE',  ( -35.49462069707389844, -8.996778469296828007, 20.65148251473808116 ) ) ;
#1541 = CARTESIAN_POINT ( 'NONE',  ( -78.72413998165175997, -27.95150890994921511, 16.30307245167977470 ) ) ;
#1542 = CARTESIAN_POINT ( 'NONE',  ( -267.8329895284618942, -6.000000000000000888, 2.690299403883281482 ) ) ;
#1543 = CARTESIAN_POINT ( 'NONE',  ( -118.7672460284700264, -26.45050609442841960, 16.21021711033108659 ) ) ;
#1544 = CARTESIAN_POINT ( 'NONE',  ( -192.2971338636060068, -10.85559011427380760, 5.995248320733556291 ) ) ;
#1545 = VECTOR ( 'NONE', #1727, 1000.000000000000000 ) ;
#1546 = CARTESIAN_POINT ( 'NONE',  ( -27.52933928432583954, -21.21591348701726787, 13.58216158550276198 ) ) ;
#1547 = CARTESIAN_POINT ( 'NONE',  ( -277.9770386431802081, -6.663802803921556439, 6.568198052131802633 ) ) ;
#1548 = ADVANCED_FACE ( 'NONE', ( #1996 ), #573, .T. ) ;
#1549 = CARTESIAN_POINT ( 'NONE',  ( -76.92097294410052655, -9.535218364809862734, 28.96722725051835923 ) ) ;
#1550 = CARTESIAN_POINT ( 'NONE',  ( -262.1373495098787316, -11.51388876287100693, 6.600546453183517848 ) ) ;
#1551 = CARTESIAN_POINT ( 'NONE',  ( -2.495897068947358743, -5.999999999999999112, -2.245402819678067097 ) ) ;
#1552 = VECTOR ( 'NONE', #234, 1000.000000000000000 ) ;
#1553 = CARTESIAN_POINT ( 'NONE',  ( -10.43402928114677053, -19.32914504251185051, 2.736404226349277824 ) ) ;
#1554 = CARTESIAN_POINT ( 'NONE',  ( -102.8077527065477597, -12.90861626147447083, 4.666086618406525943 ) ) ;
#1555 = DIRECTION ( 'NONE',  ( 0.000000000000000000, 0.7476001917391165152, -0.6641490445010337362 ) ) ;
#1556 = CARTESIAN_POINT ( 'NONE',  ( -154.9442319308863887, -6.000000000000000000, 1.852169913356419784 ) ) ;
#1557 = CARTESIAN_POINT ( 'NONE',  ( -229.1117687130085585, -6.616611788178222930, 18.09150661254862769 ) ) ;
#1558 = CARTESIAN_POINT ( 'NONE',  ( -9.999999999999994671, -7.990528344392864746, 10.23103785571590763 ) ) ;
#1559 = CARTESIAN_POINT ( 'NONE',  ( -17.21999758031496697, -22.03900800017808592, 5.929575449352245897 ) ) ;
#1560 = CARTESIAN_POINT ( 'NONE',  ( -143.5262974989049951, -24.72017405469555484, 16.27678180204576819 ) ) ;
#1561 = CARTESIAN_POINT ( 'NONE',  ( -186.9451717938999309, -19.93345244820145012, 19.08935076269028741 ) ) ;
#1562 = CARTESIAN_POINT ( 'NONE',  ( -69.93000639035818722, -12.90299825901200137, 2.086326639222074064 ) ) ;
#1563 = CARTESIAN_POINT ( 'NONE',  ( -3.636284222014110057, -5.999999999999999112, 6.055225473184832730 ) ) ;
#1564 = LINE ( 'NONE', #1593, #1975 ) ;
#1565 = CARTESIAN_POINT ( 'NONE',  ( -192.6445674859961912, -6.850655183477508459, 24.65688656324952532 ) ) ;
#1566 = CARTESIAN_POINT ( 'NONE',  ( -24.67537978140124721, -11.50192086739736474, 16.50930080582031678 ) ) ;
#1567 = VECTOR ( 'NONE', #660, 1000.000000000000114 ) ;
#1568 = CARTESIAN_POINT ( 'NONE',  ( -279.2156584508056199, -9.164077784121353432, 3.563190431102349898 ) ) ;
#1569 = CARTESIAN_POINT ( 'NONE',  ( -274.2528815554447306, -9.517692816697801206, 3.370687290599481134 ) ) ;
#1570 = CARTESIAN_POINT ( 'NONE',  ( -255.1107318000377973, -12.15495351224070575, 9.112090967968862643 ) ) ;
#1571 = CARTESIAN_POINT ( 'NONE',  ( -54.37877301670383901, -12.66895788828895064, 0.5435443006014361034 ) ) ;
#1572 = UNCERTAINTY_MEASURE_WITH_UNIT (LENGTH_MEASURE( 1.000000000000000082E-05 ), #236, 'distance_accuracy_value', 'NONE');
#1573 = CARTESIAN_POINT ( 'NONE',  ( -9.999999999999984013, -15.95237553110031392, -1.279823832418038876 ) ) ;
#1574 = VECTOR ( 'NONE', #192, 1000.000000000000000 ) ;
#1575 = CARTESIAN_POINT ( 'NONE',  ( -238.9638067109586359, -6.000000000000000000, 20.41214826711777519 ) ) ;
#1576 = CARTESIAN_POINT ( 'NONE',  ( -76.88236521933468737, -7.174158955599424736, 29.05440897839233116 ) ) ;
#1577 = ADVANCED_FACE ( 'NONE', ( #1484 ), #1026, .F. ) ;
#1578 = CARTESIAN_POINT ( 'NONE',  ( -21.73337621115548757, -11.28550122806645817, 15.37577879341936438 ) ) ;
#1579 = CARTESIAN_POINT ( 'NONE',  ( -168.8660173041155304, -20.79269717043173316, 11.58309012330765775 ) ) ;
#1580 = CARTESIAN_POINT ( 'NONE',  ( -289.0195129602523707, -7.629301104708488879, 2.509255869379498183 ) ) ;
#1581 = CARTESIAN_POINT ( 'NONE',  ( -86.72689633507890505, -9.490912153884940139, 3.086812078382963787 ) ) ;
#1582 = EDGE_CURVE ( 'NONE', #1488, #1438, #1634, .T. ) ;
#1583 = CARTESIAN_POINT ( 'NONE',  ( 0.02916043891389817275, -5.999999999999997335, 1.605751191529844357 ) ) ;
#1584 = CARTESIAN_POINT ( 'NONE',  ( -47.60504079077733763, 0.000000000000000000, 29.77881627226994965 ) ) ;
#1585 = LINE ( 'NONE', #1930, #1873 ) ;
#1586 = CARTESIAN_POINT ( 'NONE',  ( -85.51346468672178958, -19.93537293260396126, 27.21291364615807495 ) ) ;
#1587 = CARTESIAN_POINT ( 'NONE',  ( -9.999999999999971578, -18.60394362797239864, 5.576067850296960060 ) ) ;
#1588 = MANIFOLD_SOLID_BREP ( 'Boss-Extrude10', #1244 ) ;
#1589 = CARTESIAN_POINT ( 'NONE',  ( -284.2483476301534893, -8.336831249242123931, 2.231951852438204487 ) ) ;
#1590 = CARTESIAN_POINT ( 'NONE',  ( -27.89108497363300643, -22.34374754728683854, 12.76084941811120288 ) ) ;
#1591 = CARTESIAN_POINT ( 'NONE',  ( -17.34725550235220481, -6.791077444719285872, -3.366562384312432599 ) ) ;
#1592 = CARTESIAN_POINT ( 'NONE',  ( -9.999999999999998224, -18.77234232436444117, 1.625733612896209435 ) ) ;
#1593 = CARTESIAN_POINT ( 'NONE',  ( 0.09811377657008844844, 0.000000000000000000, 0.8023499827648941096 ) ) ;
#1594 = CARTESIAN_POINT ( 'NONE',  ( -300.0000000000000568, -6.057925475097469814, -0.002355308322194928257 ) ) ;
#1595 = CARTESIAN_POINT ( 'NONE',  ( -60.69538047714819129, -16.31847582352623149, 25.28809501604818166 ) ) ;
#1596 = DIRECTION ( 'NONE',  ( -0.2116969189879532032, 0.2522905637450173488, 0.9442107211508612430 ) ) ;
#1597 = EDGE_LOOP ( 'NONE', ( #707, #179, #1655, #738, #72 ) ) ;
#1598 = CARTESIAN_POINT ( 'NONE',  ( -17.05981092258554810, -20.94788733927888558, 2.257440389778232248 ) ) ;
#1599 = CARTESIAN_POINT ( 'NONE',  ( -199.8183637897298013, -18.59999541299299608, 17.59928931513710637 ) ) ;
#1600 = DIRECTION ( 'NONE',  ( 1.086969921847659022E-16, -0.000000000000000000, -1.000000000000000000 ) ) ;
#1601 = CARTESIAN_POINT ( 'NONE',  ( -287.1908132001710214, -6.000000000000002665, 1.117584020127667443 ) ) ;
#1602 = CARTESIAN_POINT ( 'NONE',  ( -86.77893999203718067, -19.71353064126963162, 5.620549512689581917 ) ) ;
#1603 = DIRECTION ( 'NONE',  ( 0.6314626185908929212, -0.7525478442946405000, -0.1868868731875569511 ) ) ;
#1604 = CARTESIAN_POINT ( 'NONE',  ( -3.254850742290289503E-15, -1.647498594571108263E-15, 5.890061587528328553E-22 ) ) ;
#1605 = CARTESIAN_POINT ( 'NONE',  ( -271.3578197852043559, -8.972212653219793665, 7.442940794116952752 ) ) ;
#1606 = LINE ( 'NONE', #1437, #311 ) ;
#1607 = AXIS2_PLACEMENT_3D ( 'NONE', #322, #508, #520 ) ;
#1608 = ORIENTED_EDGE ( 'NONE', *, *, #1516, .F. ) ;
#1609 = CARTESIAN_POINT ( 'NONE',  ( -269.5915658458652047, -10.09992165570695200, 3.943660156767038405 ) ) ;
#1610 = CARTESIAN_POINT ( 'NONE',  ( -33.07756960143087355, -24.85461517429645539, 11.83499199380979938 ) ) ;
#1611 = FACE_OUTER_BOUND ( 'NONE', #1322, .T. ) ;
#1612 = CARTESIAN_POINT ( 'NONE',  ( -267.8329895284618374, -6.302873978567367530, 2.690299403883283702 ) ) ;
#1613 = CARTESIAN_POINT ( 'NONE',  ( -145.2839131967826631, -20.14952262140484862, 9.516947259058493813 ) ) ;
#1614 = DIRECTION ( 'NONE',  ( 0.000000000000000000, 0.000000000000000000, 1.000000000000000000 ) ) ;
#1615 = LINE ( 'NONE', #1127, #187 ) ;
#1616 = CARTESIAN_POINT ( 'NONE',  ( -190.6260109979355661, -13.35973151718610197, 23.87525345422873713 ) ) ;
#1617 = PLANE ( 'NONE',  #1464 ) ;
#1618 = VERTEX_POINT ( 'NONE', #1804 ) ;
#1619 = CARTESIAN_POINT ( 'NONE',  ( -294.6515050862115572, -6.839879358139764776, 0.5953838956567313323 ) ) ;
#1620 = CARTESIAN_POINT ( 'NONE',  ( -16.98860945627700403, -20.74020571368435384, 8.634785429036504922 ) ) ;
#1621 = CARTESIAN_POINT ( 'NONE',  ( -44.52792286877840411, -7.031078242149975566, -1.092902449468274861 ) ) ;
#1622 = CARTESIAN_POINT ( 'NONE',  ( -92.50000000000000000, -12.00000000000000000, 16.74722354252675771 ) ) ;
#1623 = CARTESIAN_POINT ( 'NONE',  ( -119.9110642072504760, -21.42131522712946534, 9.000200241248679234 ) ) ;
#1624 = CARTESIAN_POINT ( 'NONE',  ( -5.219012484021264164, 3.108329223905520244, 16.44441877441398958 ) ) ;
#1625 = LINE ( 'NONE', #168, #732 ) ;
#1626 = CARTESIAN_POINT ( 'NONE',  ( -300.0000000000001137, -6.115363404167156958, -0.01293404756611230520 ) ) ;
#1627 = CARTESIAN_POINT ( 'NONE',  ( -9.999999999999985789, -12.13855841458263640, -2.748317375146926533 ) ) ;
#1628 = ORIENTED_EDGE ( 'NONE', *, *, #14, .T. ) ;
#1629 = CARTESIAN_POINT ( 'NONE',  ( -299.1399829488054820, -6.241153930655459980, -0.03139267474303680805 ) ) ;
#1630 = CARTESIAN_POINT ( 'NONE',  ( -86.10271048848198916, -27.28711401668622827, 19.79727171282286591 ) ) ;
#1631 = CARTESIAN_POINT ( 'NONE',  ( -273.8974267431325984, -6.252294323170184853, 2.248681568967008548 ) ) ;
#1632 = DIRECTION ( 'NONE',  ( -0.6427876096865411393, 0.7660444431189765702, 0.000000000000000000 ) ) ;
#1633 = ORIENTED_EDGE ( 'NONE', *, *, #159, .T. ) ;
#1634 = CIRCLE ( 'NONE', #48, 4.099999999999985434 ) ;
#1635 = CARTESIAN_POINT ( 'NONE',  ( -202.9402707236275489, -14.49529701995578712, 7.200857427319183657 ) ) ;
#1636 = CARTESIAN_POINT ( 'NONE',  ( -11.72138792228290782, -6.000000000000002665, 11.21887748678940078 ) ) ;
#1637 = CARTESIAN_POINT ( 'NONE',  ( -37.98279122105632410, -18.51444798326598118, 19.00711256617173106 ) ) ;
#1638 = VERTEX_POINT ( 'NONE', #560 ) ;
#1639 = LINE ( 'NONE', #1970, #1552 ) ;
#1640 = VERTEX_POINT ( 'NONE', #733 ) ;
#1641 = CARTESIAN_POINT ( 'NONE',  ( -10.00000000030452796, -5.999999999999999112, 10.26999941035575681 ) ) ;
#1642 = CARTESIAN_POINT ( 'NONE',  ( -71.21321997497216216, -25.39658628395054052, 8.598480394903498691 ) ) ;
#1643 = CARTESIAN_POINT ( 'NONE',  ( -70.74651402943703715, -26.55429455567201558, 19.87516074906278973 ) ) ;
#1644 = CARTESIAN_POINT ( 'NONE',  ( -300.0000000000000000, -6.000000000000000000, -0.1621621621621254228 ) ) ;
#1645 = ORIENTED_EDGE ( 'NONE', *, *, #795, .T. ) ;
#1646 = CARTESIAN_POINT ( 'NONE',  ( -102.4711499743181093, -19.49455524545533791, 6.668363936686115601 ) ) ;
#1647 = EDGE_CURVE ( 'NONE', #1822, #557, #404, .T. ) ;
#1648 = CARTESIAN_POINT ( 'NONE',  ( -10.84060112237806628, -6.000000000000000888, 10.74253664503338435 ) ) ;
#1649 = CARTESIAN_POINT ( 'NONE',  ( -13.68280780135107833, -14.98197989159770849, 10.69877464355923813 ) ) ;
#1650 = VECTOR ( 'NONE', #1083, 999.9999999999998863 ) ;
#1651 = DIRECTION ( 'NONE',  ( 0.000000000000000000, -0.9895474044440927264, -0.1442079552519868468 ) ) ;
#1652 = EDGE_CURVE ( 'NONE', #1297, #1470, #415, .T. ) ;
#1653 = ORIENTED_EDGE ( 'NONE', *, *, #1273, .T. ) ;
#1654 = CARTESIAN_POINT ( 'NONE',  ( -300.0000000000000000, 0.000000000000000000, -0.1621621621621254228 ) ) ;
#1655 = ORIENTED_EDGE ( 'NONE', *, *, #293, .F. ) ;
#1656 = DIRECTION ( 'NONE',  ( 0.000000000000000000, 0.000000000000000000, -1.000000000000000000 ) ) ;
#1657 = CARTESIAN_POINT ( 'NONE',  ( -14.16411253585199326, -18.36508880743937766, 0.05204888329490722776 ) ) ;
#1658 = CARTESIAN_POINT ( 'NONE',  ( -101.2653907243494018, -26.88553276481171039, 20.74839121018722565 ) ) ;
#1659 = CARTESIAN_POINT ( 'NONE',  ( -102.9274792971247052, -6.000000000000000888, 4.162326688205143732 ) ) ;
#1660 = CARTESIAN_POINT ( 'NONE',  ( -146.7911602729051026, -15.15521538612703800, 7.060477799333115811 ) ) ;
#1661 = EDGE_LOOP ( 'NONE', ( #1483, #501, #1671, #1801 ) ) ;
#1662 = B_SPLINE_CURVE_WITH_KNOTS ( 'NONE', 3,
 ( #923, #286, #1524, #1696, #1371, #278, #1679, #897, #433, #914, #1542, #132, #259, #1231, #765, #113, #1388, #1857, #1063, #269, #865, #1659, #239, #698, #516, #205, #1157, #1509, #564, #1180, #1041, #1017, #215, #877, #1487, #1348, #101, #736, #851, #1795, #1977 ),
 .UNSPECIFIED., .F., .F.,
 ( 4, 1, 1, 1, 1, 1, 1, 1, 1, 1, 1, 1, 1, 1, 1, 1, 1, 1, 1, 1, 1, 1, 1, 1, 1, 1, 1, 1, 1, 1, 1, 1, 1, 1, 1, 1, 1, 1, 4 ),
 ( 0.000000000000000000, 0.007812500000000000000, 0.01562500000000000000, 0.02343750000000000000, 0.03125000000000000000, 0.03906250000000000000, 0.06250000000000000000, 0.07031250000000000000, 0.08593750000000000000, 0.1015625000000000000, 0.1250000000000000000, 0.1484375000000000000, 0.1875000000000000000, 0.2109375000000000000, 0.2500000000000000000, 0.2734375000000000000, 0.3125000000000000000, 0.3593750000000000000, 0.4375000000000000000, 0.5312500000000000000, 0.5937500000000000000, 0.6083301257448932020, 0.6250000000000000000, 0.6562500000000000000, 0.6953125000000000000, 0.7187500000000000000, 0.7578125000000000000, 0.7812500000000000000, 0.8398437500000000000, 0.8750000000000000000, 0.8984375000000000000, 0.9140625000000000000, 0.9296875000000000000, 0.9375000000000000000, 0.9609375000000000000, 0.9765625000000000000, 0.9843750000000000000, 0.9921875000000000000, 1.000000000000000000 ),
 .UNSPECIFIED. ) ;
#1663 = CARTESIAN_POINT ( 'NONE',  ( -188.4576454941392853, -17.30993471228298830, 22.05257263711327909 ) ) ;
#1664 = CARTESIAN_POINT ( 'NONE',  ( -251.3401141268745107, -5.999999999999981348, 13.28023744634928249 ) ) ;
#1665 = CARTESIAN_POINT ( 'NONE',  ( -92.50000000000000000, 0.000000000000000000, 16.74722354252675771 ) ) ;
#1666 = CARTESIAN_POINT ( 'NONE',  ( -299.1133827100646272, -6.269980439018565832, -0.01198263022726136356 ) ) ;
#1667 = CARTESIAN_POINT ( 'NONE',  ( -221.5948479349480351, -16.69193863932800781, 12.93410497488022770 ) ) ;
#1668 = DIRECTION ( 'NONE',  ( 1.086969921847659022E-16, -0.000000000000000000, -1.000000000000000000 ) ) ;
#1669 = CARTESIAN_POINT ( 'NONE',  ( -295.4648489360041026, -6.323909910452890415, 0.3197867351579672390 ) ) ;
#1670 = ORIENTED_EDGE ( 'NONE', *, *, #272, .T. ) ;
#1671 = ORIENTED_EDGE ( 'NONE', *, *, #1936, .F. ) ;
#1672 = CARTESIAN_POINT ( 'NONE',  ( -284.6472039354404160, -8.096625144395384055, 3.669125589037008250 ) ) ;
#1673 = CARTESIAN_POINT ( 'NONE',  ( -52.66596657748826971, -6.000000000000001776, 25.10029717372153968 ) ) ;
#1674 = CARTESIAN_POINT ( 'NONE',  ( -9.131777542525593816, -6.000000000000003553, 9.777766774949887107 ) ) ;
#1675 = DIRECTION ( 'NONE',  ( 0.1201285664980212137, -0.1431636506972085721, 0.9823814415135183609 ) ) ;
#1676 = CARTESIAN_POINT ( 'NONE',  ( -12.64898591099367131, -20.38538994186154341, 4.010081089548370947 ) ) ;
#1677 = CARTESIAN_POINT ( 'NONE',  ( -279.2414230790848819, -9.150400988112242118, 3.908565565901148897 ) ) ;
#1678 = CARTESIAN_POINT ( 'NONE',  ( -36.30421680091359349, -5.999999999999997335, -1.940515387116254820 ) ) ;
#1679 = CARTESIAN_POINT ( 'NONE',  ( -287.1908132001710214, -6.000000000000002665, 1.117584020127667443 ) ) ;
#1680 = AXIS2_PLACEMENT_3D ( 'NONE', #497, #362, #1614 ) ;
#1681 = CARTESIAN_POINT ( 'NONE',  ( -57.21923098442396594, -26.95253384449965850, 10.01868590451154795 ) ) ;
#1682 = CARTESIAN_POINT ( 'NONE',  ( -226.5187231878131797, -11.22296939143937955, 5.474665478213744052 ) ) ;
#1683 = ORIENTED_EDGE ( 'NONE', *, *, #1407, .F. ) ;
#1684 = CARTESIAN_POINT ( 'NONE',  ( -46.74443858927770634, -21.57708365633131820, 19.84589054004052144 ) ) ;
#1685 = CARTESIAN_POINT ( 'NONE',  ( -295.5072463329627226, -6.000000000000000888, 1.467476001459639079 ) ) ;
#1686 = CARTESIAN_POINT ( 'NONE',  ( -71.24819854474803549, -27.92979243716950677, 14.40175301872365310 ) ) ;
#1687 = CARTESIAN_POINT ( 'NONE',  ( -283.9509541154024532, -8.499200612875421612, 2.900298182113208334 ) ) ;
#1688 = CARTESIAN_POINT ( 'NONE',  ( -8.049522219008503399, -10.09938828554574108, -3.101782934045576035 ) ) ;
#1689 = CARTESIAN_POINT ( 'NONE',  ( -192.6445674859961343, -5.999999999999984013, 24.65688656324953598 ) ) ;
#1690 = CARTESIAN_POINT ( 'NONE',  ( -291.5926478431094893, -7.380708809053046160, 1.252839080312762476 ) ) ;
#1691 = CARTESIAN_POINT ( 'NONE',  ( -30.39856272681842242, -14.88705761996480881, -1.063791763402449853 ) ) ;
#1692 = CARTESIAN_POINT ( 'NONE',  ( -263.4715006533924111, -10.65029282859249626, 8.330328359648408565 ) ) ;
#1693 = CARTESIAN_POINT ( 'NONE',  ( -297.7688475006962676, -6.000000000000000888, 0.7397171102591426628 ) ) ;
#1694 = CARTESIAN_POINT ( 'NONE',  ( -297.5828686605968301, -6.288210869270077552, 0.7229728019109724624 ) ) ;
#1695 = CARTESIAN_POINT ( 'NONE',  ( -288.6803403247253073, -7.827613843968399543, 2.042238392523149759 ) ) ;
#1696 = CARTESIAN_POINT ( 'NONE',  ( -295.6589017563295556, -6.000000000000001776, 0.2841143440922009322 ) ) ;
#1697 = CARTESIAN_POINT ( 'NONE',  ( -211.4217883421914053, -17.87023459554916727, 12.16322018698857832 ) ) ;
#1698 = CARTESIAN_POINT ( 'NONE',  ( -13.79933145384140047, -15.21121348411771379, -1.752629634483868104 ) ) ;
#1699 = EDGE_CURVE ( 'NONE', #567, #1173, #1044, .T. ) ;
#1700 = PRODUCT_DEFINITION_CONTEXT ( 'detailed design', #539, 'design' ) ;
#1701 = CARTESIAN_POINT ( 'NONE',  ( -47.34338327660050538, -23.40323762216054604, 18.62488602819493977 ) ) ;
#1702 = CARTESIAN_POINT ( 'NONE',  ( -290.8366201435890162, -6.302415043639015835, 2.896380161106792084 ) ) ;
#1703 = AXIS2_PLACEMENT_3D ( 'NONE', #92, #395, #1194 ) ;
#1704 = CARTESIAN_POINT ( 'NONE',  ( -100.8767195464480295, -9.554398220035221101, 30.83113009362702073 ) ) ;
#1705 = CARTESIAN_POINT ( 'NONE',  ( -28.62518461636270928, -24.61148364474635031, 9.519842363737245350 ) ) ;
#1706 = CARTESIAN_POINT ( 'NONE',  ( -10.00000000001212719, -6.000000000000003553, -3.388037155520678745 ) ) ;
#1707 = CARTESIAN_POINT ( 'NONE',  ( -10.00000000000002487, -19.11362203375668756, 2.624416064900582324 ) ) ;
#1708 = CARTESIAN_POINT ( 'NONE',  ( -121.3872344852466938, -9.392987524301751989, 5.291633993725715968 ) ) ;
#1709 = FACE_OUTER_BOUND ( 'NONE', #589, .T. ) ;
#1710 = AXIS2_PLACEMENT_3D ( 'NONE', #160, #608, #1883 ) ;
#1711 = CARTESIAN_POINT ( 'NONE',  ( -34.17880048544710547, -6.000000000000000000, 63.06262459171904311 ) ) ;
#1712 = CARTESIAN_POINT ( 'NONE',  ( -11.72138792228290782, -6.694376528210169930, 11.21887748678940078 ) ) ;
#1713 = CARTESIAN_POINT ( 'NONE',  ( -60.13531803087981586, -12.86674255894270047, 26.01649504766643872 ) ) ;
#1714 = CARTESIAN_POINT ( 'NONE',  ( -283.9520889988538102, -8.498676396208072248, 2.762960636759528743 ) ) ;
#1715 = VECTOR ( 'NONE', #403, 1000.000000000000000 ) ;
#1716 = CARTESIAN_POINT ( 'NONE',  ( -284.0852146415650168, -8.427130039780491799, 2.423126833598763241 ) ) ;
#1717 = CARTESIAN_POINT ( 'NONE',  ( -299.2863831444213929, -6.051184565144355432, -0.08757535507559552346 ) ) ;
#1718 = CARTESIAN_POINT ( 'NONE',  ( -0.03307981613754358563, -5.999999999999998224, -0.3237521602142512389 ) ) ;
#1719 = CARTESIAN_POINT ( 'NONE',  ( -206.6897150603311957, -6.000000000000000000, 9.438957105904698608 ) ) ;
#1720 = CARTESIAN_POINT ( 'NONE',  ( -118.9789979596425127, -9.478571878586556920, 31.28914631895068155 ) ) ;
#1721 = CARTESIAN_POINT ( 'NONE',  ( -292.9660061788566168, -6.464529826147365377, 2.178292731937194304 ) ) ;
#1722 = CARTESIAN_POINT ( 'NONE',  ( -254.5575450249204437, -12.52680245222237332, 7.426571339436335073 ) ) ;
#1723 = CARTESIAN_POINT ( 'NONE',  ( -291.8100438352666401, -7.259703080910195006, 1.045158613156296656 ) ) ;
#1724 = CARTESIAN_POINT ( 'NONE',  ( -269.2312675869744112, -10.33887202531952099, 6.435354017119529146 ) ) ;
#1725 = CARTESIAN_POINT ( 'NONE',  ( -295.6180527661873612, -6.162285401284075093, 0.2905061810671804579 ) ) ;
#1726 = CARTESIAN_POINT ( 'NONE',  ( -5.312565544725133648, -16.91239849626245473, 0.2807499342003489384 ) ) ;
#1727 = DIRECTION ( 'NONE',  ( 0.000000000000000000, 0.000000000000000000, -1.000000000000000000 ) ) ;
#1728 = CARTESIAN_POINT ( 'NONE',  ( -91.40171529700330666, -7.187519423312433986, 30.34571254861025125 ) ) ;
#1729 = CARTESIAN_POINT ( 'NONE',  ( -240.1314929427502705, -9.103329026293410564, 15.45638000221538810 ) ) ;
#1730 = AXIS2_PLACEMENT_3D ( 'NONE', #1958, #1972, #1656 ) ;
#1731 = CARTESIAN_POINT ( 'NONE',  ( -244.1453391994004960, -13.89265563887620480, 8.901883383217430890 ) ) ;
#1732 = EDGE_CURVE ( 'NONE', #1822, #1342, #1899, .T. ) ;
#1733 = CARTESIAN_POINT ( 'NONE',  ( -273.9528277966733185, -9.701459292185933947, 3.652228613332890284 ) ) ;
#1734 = CARTESIAN_POINT ( 'NONE',  ( -168.2341995494373634, -21.02811562409165802, 22.08324781077513421 ) ) ;
#1735 = CARTESIAN_POINT ( 'NONE',  ( -53.92772574174664868, -9.282845951136030394, -0.001846155242327032070 ) ) ;
#1736 = EDGE_CURVE ( 'NONE', #1815, #1344, #35, .T. ) ;
#1737 = CARTESIAN_POINT ( 'NONE',  ( -5.404284218099966175, -8.207167685717767114, 7.401333113044216816 ) ) ;
#1738 = CARTESIAN_POINT ( 'NONE',  ( -11.86342373307920184, -6.000000000000000000, -22.53428421995895903 ) ) ;
#1739 = PLANE ( 'NONE',  #1607 ) ;
#1740 = CARTESIAN_POINT ( 'NONE',  ( -144.3971662215166418, -18.27377951042731397, 27.87119977265889048 ) ) ;
#1741 = CARTESIAN_POINT ( 'NONE',  ( -33.03723301563996984, -24.18743185496013481, 5.154403705943606084 ) ) ;
#1742 = CARTESIAN_POINT ( 'NONE',  ( -274.2185115398099242, -9.543209103635609480, 5.741922632600109822 ) ) ;
#1743 = CARTESIAN_POINT ( 'NONE',  ( -273.7391315581767230, -6.755568406775028123, 2.274918507594819062 ) ) ;
#1744 = CARTESIAN_POINT ( 'NONE',  ( -9.999999999999998224, -17.37824881703047808, 7.156030761471066981 ) ) ;
#1745 = CARTESIAN_POINT ( 'NONE',  ( -300.0000000000000000, -6.000000000000000000, 0.000000000000000000 ) ) ;
#1746 = CARTESIAN_POINT ( 'NONE',  ( -0.4738188658730791425, -6.000000000000000000, 3.495523769985598772 ) ) ;
#1747 = CARTESIAN_POINT ( 'NONE',  ( -85.38249410729549993, -16.59075771960148771, 28.50121487155297473 ) ) ;
#1748 = LINE ( 'NONE', #647, #1567 ) ;
#1749 = CARTESIAN_POINT ( 'NONE',  ( -168.4495169100288763, -21.56149884123077953, 12.75916952106973667 ) ) ;
#1750 = CARTESIAN_POINT ( 'NONE',  ( -299.0768442770708475, -6.309101754406684748, 0.1636383481753045377 ) ) ;
#1751 = CARTESIAN_POINT ( 'NONE',  ( -102.9274792971247052, -7.160995489645658907, 4.162326688205143732 ) ) ;
#1752 = CARTESIAN_POINT ( 'NONE',  ( -297.5196603658600907, -6.376254402299504243, 0.1465493938457307632 ) ) ;
#1753 = EDGE_CURVE ( 'NONE', #1013, #1438, #1615, .T. ) ;
#1754 = CARTESIAN_POINT ( 'NONE',  ( -300.0000000000000000, -6.000000000000000000, 0.000000000000000000 ) ) ;
#1755 = CARTESIAN_POINT ( 'NONE',  ( -300.0000000000000000, -6.009664379482470231, -0.1621621621621254505 ) ) ;
#1756 = CARTESIAN_POINT ( 'NONE',  ( -203.9322807831439093, -12.65364409901974341, 21.78179466224743166 ) ) ;
#1757 = CARTESIAN_POINT ( 'NONE',  ( -9.999999999999971578, -17.58145457474726570, 0.005268134066132169890 ) ) ;
#1758 = ORIENTED_EDGE ( 'NONE', *, *, #1582, .F. ) ;
#1759 = CARTESIAN_POINT ( 'NONE',  ( -200.0751431806009464, -18.45852495074465338, 11.10118081499728859 ) ) ;
#1760 = CARTESIAN_POINT ( 'NONE',  ( -14.30660771769088591, -19.83422253765682086, 7.800454114382019633 ) ) ;
#1761 = PLANE ( 'NONE',  #347 ) ;
#1762 = CARTESIAN_POINT ( 'NONE',  ( -78.21317814592178763, -7.153353835319331111, 2.289072763066940741 ) ) ;
#1763 = CARTESIAN_POINT ( 'NONE',  ( -292.1687205618337657, -7.061452182386685372, 0.8461962629605844777 ) ) ;
#1764 = DIRECTION ( 'NONE',  ( 1.086969921847659022E-16, -0.000000000000000000, -1.000000000000000000 ) ) ;
#1765 = LINE ( 'NONE', #330, #985 ) ;
#1766 = AXIS2_PLACEMENT_3D ( 'NONE', #338, #1776, #1159 ) ;
#1767 = CARTESIAN_POINT ( 'NONE',  ( -144.9401101002472956, -15.39604029233008831, 29.05676070603170302 ) ) ;
#1768 = EDGE_CURVE ( 'NONE', #1640, #557, #1765, .T. ) ;
#1769 = PLANE ( 'NONE',  #1011 ) ;
#1770 = CARTESIAN_POINT ( 'NONE',  ( -16.77312157041456686, -19.14879407431725156, 0.4871241715281806051 ) ) ;
#1771 = CARTESIAN_POINT ( 'NONE',  ( -22.72744377039848018, -22.91259896124688566, 9.253688248624479584 ) ) ;
#1772 = CARTESIAN_POINT ( 'NONE',  ( -92.50000000000000000, -12.00000000000000000, 25.84722354252676269 ) ) ;
#1773 = CARTESIAN_POINT ( 'NONE',  ( -24.68015526442110641, -6.872889797264061684, -2.945797139614796833 ) ) ;
#1774 = DIRECTION ( 'NONE',  ( 0.7660444431189765702, 0.6427876096865411393, 8.326672684688674053E-17 ) ) ;
#1775 = CARTESIAN_POINT ( 'NONE',  ( -246.4979702499154826, -11.94540141961208946, 5.499770477597464513 ) ) ;
#1776 = DIRECTION ( 'NONE',  ( 0.7660444431189765702, 0.6427876096865411393, 8.326672684688674053E-17 ) ) ;
#1777 = CARTESIAN_POINT ( 'NONE',  ( -300.0000000000000000, -6.168394854594785315, -0.03482986840928137262 ) ) ;
#1778 = CARTESIAN_POINT ( 'NONE',  ( -266.1847353539035339, -8.722162609484467310, 9.115597447456114111 ) ) ;
#1779 = CARTESIAN_POINT ( 'NONE',  ( -9.999999999999987566, -8.062048309438965887, -3.346221975341987509 ) ) ;
#1780 = ORIENTED_EDGE ( 'NONE', *, *, #711, .T. ) ;
#1781 = CARTESIAN_POINT ( 'NONE',  ( -245.7392303235191662, -12.59404057543705235, 6.110254138384104472 ) ) ;
#1782 = CARTESIAN_POINT ( 'NONE',  ( -300.0000000000000568, -6.198112061566436459, -0.06703686300701404421 ) ) ;
#1783 = CARTESIAN_POINT ( 'NONE',  ( -93.11842830961475670, -7.163241518048447887, 3.477079922006418133 ) ) ;
#1784 = DIRECTION ( 'NONE',  ( 0.000000000000000000, 0.000000000000000000, 1.000000000000000000 ) ) ;
#1785 = CARTESIAN_POINT ( 'NONE',  ( -271.3595542429353600, -8.930611480639095490, 2.932598722518833689 ) ) ;
#1786 = FACE_OUTER_BOUND ( 'NONE', #1957, .T. ) ;
#1787 = CARTESIAN_POINT ( 'NONE',  ( -21.13496002153824094, -6.000000000000002665, 15.60595411703587665 ) ) ;
#1788 = CARTESIAN_POINT ( 'NONE',  ( -16.38498533578809457, -17.48732503743085331, 10.91262695571627184 ) ) ;
#1789 = ORIENTED_EDGE ( 'NONE', *, *, #476, .F. ) ;
#1790 = CARTESIAN_POINT ( 'NONE',  ( -10.00000000000001421, -19.01181164135842749, 4.647511059068978767 ) ) ;
#1791 = CARTESIAN_POINT ( 'NONE',  ( -10.40435568018247459, -16.97440351970017858, -0.5891964992939499046 ) ) ;
#1792 = CARTESIAN_POINT ( 'NONE',  ( -25.09709944754983724, -23.44049263906965308, 9.875813936422261463 ) ) ;
#1793 = CARTESIAN_POINT ( 'NONE',  ( -28.96858525854256783, -6.914254166802966672, -2.609675788310430455 ) ) ;
#1794 = EDGE_CURVE ( 'NONE', #579, #1191, #1872, .T. ) ;
#1795 = CARTESIAN_POINT ( 'NONE',  ( -10.29329751832171702, -5.999999999999995559, -3.400525362150413677 ) ) ;
#1796 = EDGE_LOOP ( 'NONE', ( #402, #1758 ) ) ;
#1797 = CARTESIAN_POINT ( 'NONE',  ( -214.9814012822481288, -13.61853108937538259, 6.712103684823048866 ) ) ;
#1798 = DIRECTION ( 'NONE',  ( 0.7660444431189765702, 0.6427876096865411393, 0.000000000000000000 ) ) ;
#1799 = CARTESIAN_POINT ( 'NONE',  ( -294.6125171211289739, -6.844585141138391116, 1.300582553602363411 ) ) ;
#1800 = CARTESIAN_POINT ( 'NONE',  ( -300.0000000000000568, -6.000000000000000888, 0.000000000000000000 ) ) ;
#1801 = ORIENTED_EDGE ( 'NONE', *, *, #572, .T. ) ;
#1802 = LINE ( 'NONE', #290, #927 ) ;
#1803 = EDGE_LOOP ( 'NONE', ( #1175, #355, #371, #727 ) ) ;
#1804 = CARTESIAN_POINT ( 'NONE',  ( -34.06217940943437839, 40.59372468278175461, 9.266651649295146953 ) ) ;
#1805 = CARTESIAN_POINT ( 'NONE',  ( -47.94230746181032998, -23.42103626042568365, 4.878788975850090637 ) ) ;
#1806 = CARTESIAN_POINT ( 'NONE',  ( -17.11166497403932851, -21.43183176004498947, 7.709926708870275647 ) ) ;
#1807 = DIRECTION ( 'NONE',  ( 1.000000000000000000, 0.000000000000000000, 0.000000000000000000 ) ) ;
#1808 = CARTESIAN_POINT ( 'NONE',  ( -10.00000000000641798, -6.000000000000000888, -3.388037155448988980 ) ) ;
#1809 = ORIENTED_EDGE ( 'NONE', *, *, #1034, .T. ) ;
#1810 = CARTESIAN_POINT ( 'NONE',  ( -281.9185722974611394, -7.527699460443701973, 1.746924131120615620 ) ) ;
#1811 = CARTESIAN_POINT ( 'NONE',  ( -59.63928260696975059, -6.000000000000007994, 26.48082963886995955 ) ) ;
#1812 = VERTEX_POINT ( 'NONE', #1271 ) ;
#1813 = CARTESIAN_POINT ( 'NONE',  ( -143.9718421128958710, -20.45775935715361271, 26.46205905131487057 ) ) ;
#1814 = CARTESIAN_POINT ( 'NONE',  ( -283.0175959036611744, -6.000000000000005329, 5.211693298845314182 ) ) ;
#1815 = VERTEX_POINT ( 'NONE', #339 ) ;
#1816 = LINE ( 'NONE', #1860, #1715 ) ;
#1817 = ORIENTED_EDGE ( 'NONE', *, *, #1732, .F. ) ;
#1818 = CARTESIAN_POINT ( 'NONE',  ( -12.53013933102606536, -18.64255338997017120, 0.4955548996878557100 ) ) ;
#1819 = CARTESIAN_POINT ( 'NONE',  ( -10.43203127499835325, -19.22872792287691368, 4.774621534738118456 ) ) ;
#1820 = CARTESIAN_POINT ( 'NONE',  ( -92.50000000000000000, 0.000000000000000000, 25.84722354252676269 ) ) ;
#1821 = CARTESIAN_POINT ( 'NONE',  ( -299.9999999999998863, -6.086751365039854811, -0.1555701166433836047 ) ) ;
#1822 = VERTEX_POINT ( 'NONE', #1604 ) ;
#1823 = ORIENTED_EDGE ( 'NONE', *, *, #629, .F. ) ;
#1824 = CARTESIAN_POINT ( 'NONE',  ( -12.31900202176231574, -16.25811386814417858, 9.366347659358202904 ) ) ;
#1825 = DIRECTION ( 'NONE',  ( 0.1201285664980214773, -0.1431636506972088774, 0.9823814415135182498 ) ) ;
#1826 = CARTESIAN_POINT ( 'NONE',  ( -9.999999999912065007, -6.000000000000002665, 10.26999941051483844 ) ) ;
#1827 = PRESENTATION_STYLE_ASSIGNMENT (( #109 ) ) ;
#1828 = CARTESIAN_POINT ( 'NONE',  ( -300.0000000000000000, -6.198109664055261092, -0.09515268442839240615 ) ) ;
#1829 = CARTESIAN_POINT ( 'NONE',  ( -118.5980586491677400, -26.61068556659474993, 18.50216964597426639 ) ) ;
#1830 = CARTESIAN_POINT ( 'NONE',  ( -60.81631260306105702, -6.000000000000000888, 0.6073512286310215336 ) ) ;
#1831 = CARTESIAN_POINT ( 'NONE',  ( -9.999999999999973355, -12.12580894642702845, -2.751242241738065974 ) ) ;
#1832 = CARTESIAN_POINT ( 'NONE',  ( -101.7313027803984227, -26.74015849838432857, 13.84354242720308292 ) ) ;
#1833 = B_SPLINE_CURVE_WITH_KNOTS ( 'NONE', 13,
 ( #1519, #1174, #1328, #1995, #221, #1235, #1037, #720, #1956, #1024, #882, #98, #731, #928 ),
 .UNSPECIFIED., .F., .F.,
 ( 14, 14 ),
 ( 0.000000000000000000, 1.000000000000000000 ),
 .UNSPECIFIED. ) ;
#1834 = CARTESIAN_POINT ( 'NONE',  ( -15.81262827568557761, -13.30143319368143651, -2.380564522299880359 ) ) ;
#1835 = ORIENTED_EDGE ( 'NONE', *, *, #1280, .T. ) ;
#1836 = CARTESIAN_POINT ( 'NONE',  ( -85.65108029271208068, -22.50080024083857921, 25.68787829308190851 ) ) ;
#1837 = CARTESIAN_POINT ( 'NONE',  ( -19.19448293580060039, -6.000000000000002665, 14.78639942208199187 ) ) ;
#1838 = CARTESIAN_POINT ( 'NONE',  ( -262.1936988588427653, -11.48017128926972852, 5.984552928729529597 ) ) ;
#1839 = CARTESIAN_POINT ( 'NONE',  ( -300.0000000000000568, -6.200008447573419623, -0.07624131685631900524 ) ) ;
#1840 = CARTESIAN_POINT ( 'NONE',  ( -9.195213826561509762, -6.000000000000003553, -3.353757788445490107 ) ) ;
#1841 = AXIS2_PLACEMENT_3D ( 'NONE', #1754, #529, #678 ) ;
#1842 = CARTESIAN_POINT ( 'NONE',  ( -279.3778653863320756, -9.074186719966560233, 3.131466602245498443 ) ) ;
#1843 = CARTESIAN_POINT ( 'NONE',  ( -61.79034504396594230, -16.22471700272057404, 2.159281197216446291 ) ) ;
#1844 = CARTESIAN_POINT ( 'NONE',  ( -10.00000000000001599, -16.52395736768338352, 7.738692635690189725 ) ) ;
#1845 = CARTESIAN_POINT ( 'NONE',  ( -268.0520018953992007, -5.999999999999993783, 9.221497421542300899 ) ) ;
#1846 = EDGE_CURVE ( 'NONE', #890, #262, #1585, .T. ) ;
#1847 = CARTESIAN_POINT ( 'NONE',  ( -91.40767450392992544, -9.562935162197387484, 30.25530353195889433 ) ) ;
#1848 = CARTESIAN_POINT ( 'NONE',  ( -11.31175471587257242, -19.80209943395073680, 3.657760857078163230 ) ) ;
#1849 = CARTESIAN_POINT ( 'NONE',  ( -20.01629291274492317, -22.70536430884762069, 7.414053237119966333 ) ) ;
#1850 = CARTESIAN_POINT ( 'NONE',  ( -3.934895490175773780, -8.873199224597506429, -2.679626440416091882 ) ) ;
#1851 = CARTESIAN_POINT ( 'NONE',  ( -28.57738483952511288, -24.21479793162489358, 5.603163548197967359 ) ) ;
#1852 = CARTESIAN_POINT ( 'NONE',  ( -272.3126247744049806, -8.231847182815599240, 2.614239396096122992 ) ) ;
#1853 = CARTESIAN_POINT ( 'NONE',  ( -118.4130501686162802, -23.41651046629573329, 25.65951251191741633 ) ) ;
#1854 = CARTESIAN_POINT ( 'NONE',  ( -24.00541320880742902, -6.864959794256589198, 16.75199718042814112 ) ) ;
#1855 = CARTESIAN_POINT ( 'NONE',  ( -282.4490082827868491, -7.047439658648408489, 5.201454865184482301 ) ) ;
#1856 = CARTESIAN_POINT ( 'NONE',  ( -186.5235906971444422, -20.74426845165430677, 15.93046732174786051 ) ) ;
#1857 = CARTESIAN_POINT ( 'NONE',  ( -193.2336900628998819, -6.000000000000000888, 5.554718911399834980 ) ) ;
#1858 = CARTESIAN_POINT ( 'NONE',  ( -86.43749176150355140, -27.69314909475582454, 14.58189257988301435 ) ) ;
#1859 = CARTESIAN_POINT ( 'NONE',  ( -283.0151365807762431, -6.515746767047150279, 1.508238663467646123 ) ) ;
#1860 = CARTESIAN_POINT ( 'NONE',  ( -1.435986033039539755, -1.400106139930850979, 0.7859051532108098925 ) ) ;
#1861 = CARTESIAN_POINT ( 'NONE',  ( -16.65184871532771282, -18.90752321438544215, 10.13190449968796081 ) ) ;
#1862 = CARTESIAN_POINT ( 'NONE',  ( -13.30581510417805724, -6.000000000000000000, 37.08273976459831545 ) ) ;
#1863 = CARTESIAN_POINT ( 'NONE',  ( -192.4408489798479991, -8.531904635314853991, 24.61445380566569696 ) ) ;
#1864 = VECTOR ( 'NONE', #1668, 1000.000000000000000 ) ;
#1865 = CARTESIAN_POINT ( 'NONE',  ( -59.74247181521164407, -9.400668845634923443, 26.40567794709097527 ) ) ;
#1866 = CARTESIAN_POINT ( 'NONE',  ( -221.5810982224726899, -16.72013672391955552, 11.72749265077186287 ) ) ;
#1867 = CARTESIAN_POINT ( 'NONE',  ( -78.85386294204872115, -27.80495355421699699, 13.97845912684388914 ) ) ;
#1868 = CARTESIAN_POINT ( 'NONE',  ( -172.9221639238142245, -11.48773455807941168, 6.302907151666969909 ) ) ;
#1869 = VECTOR ( 'NONE', #197, 1000.000000000000000 ) ;
#1870 = CARTESIAN_POINT ( 'NONE',  ( -9.131777542525593816, -6.389885758313393893, 9.777766774949887107 ) ) ;
#1871 = VECTOR ( 'NONE', #643, 1000.000000000000000 ) ;
#1872 = B_SPLINE_CURVE_WITH_KNOTS ( 'NONE', 3,
 ( #1425, #489, #198, #1594, #656, #176, #644, #24, #1777, #1941, #810, #1305, #1456, #1467, #208, #1283, #1119, #832, #58, #1293, #1445, #45, #530, #498, #1755, #802 ),
 .UNSPECIFIED., .F., .F.,
 ( 4, 1, 1, 1, 1, 1, 1, 1, 1, 1, 1, 2, 1, 1, 1, 1, 1, 1, 1, 1, 1, 1, 4 ),
 ( 0.000000000000000000, 0.06236757299710273678, 0.1247351459942054736, 0.1871027189913082034, 0.2494702919884109471, 0.3118378649855138018, 0.3430216514840652153, 0.3742054379826164068, 0.4053892244811677648, 0.4365730109797193448, 0.4677567974782706473, 0.4989405839768218942, 0.5302567974782704807, 0.5615730109797191227, 0.5928892244811678758, 0.6242054379826165178, 0.6555216514840651598, 0.6868378649855135798, 0.7494702919884108638, 0.8121027189913083699, 0.8747351459942054319, 0.9373675729971027160, 1.000000000000000000 ),
 .UNSPECIFIED. ) ;
#1873 = VECTOR ( 'NONE', #668, 1000.000000000000000 ) ;
#1874 = CARTESIAN_POINT ( 'NONE',  ( 0.09610285319841357921, -0.1145309205577684508, 0.7859051532108097815 ) ) ;
#1875 = CARTESIAN_POINT ( 'NONE',  ( -172.2521161498133324, -8.861946513730304176, 27.47884546681311946 ) ) ;
#1876 = CARTESIAN_POINT ( 'NONE',  ( -36.11094189378788144, -12.15322451934036252, 20.38630607288636298 ) ) ;
#1877 = CARTESIAN_POINT ( 'NONE',  ( -294.3473724783200396, -7.016792395385418324, 0.9399942705462268622 ) ) ;
#1878 = PRODUCT_RELATED_PRODUCT_CATEGORY ( 'part', '', ( #428 ) ) ;
#1879 = CARTESIAN_POINT ( 'NONE',  ( -279.5758012830686994, -8.960716259830993735, 2.889041769043290131 ) ) ;
#1880 = CARTESIAN_POINT ( 'NONE',  ( -245.1954580886314261, -13.09916717574444256, 11.45493965506838840 ) ) ;
#1881 = CARTESIAN_POINT ( 'NONE',  ( -277.9965624848085213, -6.646881510763974710, 1.934761080224890240 ) ) ;
#1882 = CARTESIAN_POINT ( 'NONE',  ( -3.636284222014110057, -9.143789370390791760, 6.055225473184832730 ) ) ;
#1883 = DIRECTION ( 'NONE',  ( 0.000000000000000000, -0.8343948094289820316, -0.5511672178186696192 ) ) ;
#1884 = CARTESIAN_POINT ( 'NONE',  ( -218.4101464182270718, -8.049214896320972201, 20.12459694554422995 ) ) ;
#1885 = CARTESIAN_POINT ( 'NONE',  ( -28.31533283119625111, -8.798939519650755159, 18.25975014402980179 ) ) ;
#1886 = CARTESIAN_POINT ( 'NONE',  ( -262.1432711404078191, -11.51102526813040150, 6.292902273424751058 ) ) ;
#1887 = CARTESIAN_POINT ( 'NONE',  ( -222.7610448846962186, -15.53926284098715804, 8.610668029662278400 ) ) ;
#1888 = CARTESIAN_POINT ( 'NONE',  ( -244.7397909776163090, -13.44911089915169100, 10.95828562625590230 ) ) ;
#1889 = CARTESIAN_POINT ( 'NONE',  ( -173.5737547957615163, -8.783043520046804886, 5.921236238052149048 ) ) ;
#1890 = CARTESIAN_POINT ( 'NONE',  ( -2.202856846278499425, -9.964347790623948597, 4.777908959700025271 ) ) ;
#1891 = CARTESIAN_POINT ( 'NONE',  ( -238.9638067109586359, 0.000000000000000000, 20.41214826711777519 ) ) ;
#1892 = CARTESIAN_POINT ( 'NONE',  ( -172.4149447434526508, -6.961384313703524285, 27.53885523472876429 ) ) ;
#1893 = CARTESIAN_POINT ( 'NONE',  ( -292.3644823771027745, -6.904767172516089957, 2.103796515906300790 ) ) ;
#1894 = CARTESIAN_POINT ( 'NONE',  ( -288.9017434522212966, -7.707254925727042405, 1.556107260521427893 ) ) ;
#1895 = CARTESIAN_POINT ( 'NONE',  ( -211.8822059134687379, -17.29236088729793508, 16.03880246228387207 ) ) ;
#1896 = CARTESIAN_POINT ( 'NONE',  ( -297.8405043101839738, -6.095652206107169846, 0.06241907234170308849 ) ) ;
#1897 = CARTESIAN_POINT ( 'NONE',  ( -10.00000000000002665, -18.48341215715833030, 5.863136916042622104 ) ) ;
#1898 = FACE_OUTER_BOUND ( 'NONE', #852, .T. ) ;
#1899 = LINE ( 'NONE', #1910, #418 ) ;
#1900 = CARTESIAN_POINT ( 'NONE',  ( -281.1047301412218644, -8.033120567700532177, 5.048295254358268203 ) ) ;
#1901 = CARTESIAN_POINT ( 'NONE',  ( -3.686923597783302142, 4.393904443278592531, 16.44441877441399313 ) ) ;
#1902 = ORIENTED_EDGE ( 'NONE', *, *, #293, .T. ) ;
#1903 = CARTESIAN_POINT ( 'NONE',  ( -12.58192751427523426, -19.38525179906019247, 1.330538908838595047 ) ) ;
#1904 = CARTESIAN_POINT ( 'NONE',  ( -143.3895394076195089, -23.82797640688927032, 22.49553360387059442 ) ) ;
#1905 = ADVANCED_FACE ( 'NONE', ( #1920 ), #1739, .F. ) ;
#1906 = CARTESIAN_POINT ( 'NONE',  ( -173.7461000726751195, -6.934870805151637896, 5.844073527568896864 ) ) ;
#1907 = AXIS2_PLACEMENT_3D ( 'NONE', #79, #1774, #1632 ) ;
#1908 = CARTESIAN_POINT ( 'NONE',  ( -78.84989209009368949, -22.32682857311692004, 6.501916927573681448 ) ) ;
#1909 = DIRECTION ( 'NONE',  ( -0.6427876096865411393, 0.7660444431189765702, 0.000000000000000000 ) ) ;
#1910 = CARTESIAN_POINT ( 'NONE',  ( -2.597179517635521391E-15, 0.000000000000000000, 3.484113472639022825E-15 ) ) ;
#1911 = CARTESIAN_POINT ( 'NONE',  ( -17.90540106073484949, -13.49206049094988913, 13.21427250183431745 ) ) ;
#1912 = CARTESIAN_POINT ( 'NONE',  ( -9.037264156190662590, 7.658744371642231208, -11.09044413105867122 ) ) ;
#1913 = VERTEX_POINT ( 'NONE', #1138 ) ;
#1914 = CARTESIAN_POINT ( 'NONE',  ( -28.39338473622917647, -23.47092814830229557, 4.370245052159854815 ) ) ;
#1915 = CARTESIAN_POINT ( 'NONE',  ( -263.0237569933852910, -10.94697477792091966, 8.044372455103651731 ) ) ;
#1916 = DIRECTION ( 'NONE',  ( 0.000000000000000000, 0.000000000000000000, 1.000000000000000000 ) ) ;
#1917 = CARTESIAN_POINT ( 'NONE',  ( -10.89152544511197895, -6.701548911917252660, -3.421504617485746191 ) ) ;
#1918 = CARTESIAN_POINT ( 'NONE',  ( -213.8880358035345353, -14.99505752925928448, 7.658754773419755857 ) ) ;
#1919 = CARTESIAN_POINT ( 'NONE',  ( -300.0000000000000000, -6.000000000000000000, -0.1621621621621254228 ) ) ;
#1920 = FACE_OUTER_BOUND ( 'NONE', #249, .T. ) ;
#1921 = CARTESIAN_POINT ( 'NONE',  ( -29.71880791482364614, -14.80807623446392363, 17.57878125787722468 ) ) ;
#1922 = CARTESIAN_POINT ( 'NONE',  ( -10.00000000000641798, -6.000000000000000888, -3.388037155448988980 ) ) ;
#1923 = ORIENTED_EDGE ( 'NONE', *, *, #997, .T. ) ;
#1924 = CARTESIAN_POINT ( 'NONE',  ( -263.4824400882191071, -10.60270158012421682, 4.359657540772268192 ) ) ;
#1925 = CARTESIAN_POINT ( 'NONE',  ( -78.36037045181724636, -26.59950167682176669, 20.72559254895607239 ) ) ;
#1926 = CARTESIAN_POINT ( 'NONE',  ( -300.0000000000000000, -6.000000000000000000, -0.000000000000000000 ) ) ;
#1927 = CARTESIAN_POINT ( 'NONE',  ( -240.7286872012800814, -6.512655205403955705, 4.167406897069814598 ) ) ;
#1928 = CARTESIAN_POINT ( 'NONE',  ( -275.1288558898638144, -8.973118370177413539, 2.813295107246568616 ) ) ;
#1929 = DIRECTION ( 'NONE',  ( 0.000000000000000000, 0.000000000000000000, 1.000000000000000000 ) ) ;
#1930 = CARTESIAN_POINT ( 'NONE',  ( -0.09811377657009233422, 0.000000000000000000, -0.8023499827649239746 ) ) ;
#1931 = CARTESIAN_POINT ( 'NONE',  ( -53.96102793924610808, -16.12736000729078967, 23.99582636176290151 ) ) ;
#1932 = CARTESIAN_POINT ( 'NONE',  ( -2.721259515638592030E-15, -2.283407855910017075E-15, -2.637092369304872615E-31 ) ) ;
#1933 = VERTEX_POINT ( 'NONE', #363 ) ;
#1934 = CARTESIAN_POINT ( 'NONE',  ( -11.22203574267140880, -17.30873842770145643, -0.4487080147552658937 ) ) ;
#1935 = CARTESIAN_POINT ( 'NONE',  ( -300.0000000000000000, -6.190877577727024850, -0.05469012472286219340 ) ) ;
#1936 = EDGE_CURVE ( 'NONE', #1933, #216, #1625, .T. ) ;
#1937 = CARTESIAN_POINT ( 'NONE',  ( -69.61154351162718967, -7.135360527211054738, 1.484222525495595857 ) ) ;
#1938 = DIRECTION ( 'NONE',  ( -0.000000000000000000, 1.000000000000000000, -0.000000000000000000 ) ) ;
#1939 = CARTESIAN_POINT ( 'NONE',  ( -11.17451763253230013, -16.10526586106909264, -1.249943766657155786 ) ) ;
#1940 = FACE_OUTER_BOUND ( 'NONE', #1197, .T. ) ;
#1941 = CARTESIAN_POINT ( 'NONE',  ( -300.0000000000000000, -6.180542178817024279, -0.04391667712484245700 ) ) ;
#1942 = CARTESIAN_POINT ( 'NONE',  ( -23.16229849734632751, -16.84591243257177595, 14.32038037637978967 ) ) ;
#1943 = EDGE_CURVE ( 'NONE', #222, #376, #1020, .T. ) ;
#1944 = CARTESIAN_POINT ( 'NONE',  ( -10.00000000000002309, -16.80101694590465655, -0.6589176768618131286 ) ) ;
#1945 = CARTESIAN_POINT ( 'NONE',  ( -213.0838000012732323, -15.97306434191675706, 8.587072445642860430 ) ) ;
#1946 = CARTESIAN_POINT ( 'NONE',  ( -186.6779988645452875, -20.41171950248423173, 17.96799518161180131 ) ) ;
#1947 = EDGE_CURVE ( 'NONE', #567, #579, #133, .T. ) ;
#1948 = CARTESIAN_POINT ( 'NONE',  ( -24.81100109205335968, -8.691668259569938826, -2.831638682298919019 ) ) ;
#1949 = FACE_OUTER_BOUND ( 'NONE', #2002, .T. ) ;
#1950 = ORIENTED_EDGE ( 'NONE', *, *, #31, .T. ) ;
#1951 = CARTESIAN_POINT ( 'NONE',  ( -16.53785590619535384, -17.72548873781882506, -0.4937891864802079200 ) ) ;
#1952 = CARTESIAN_POINT ( 'NONE',  ( -43.45244762046366560, -5.999999999999998224, 22.96778906766959949 ) ) ;
#1953 = CARTESIAN_POINT ( 'NONE',  ( -10.37723076459945304, -15.54087326397773516, 8.594470874652417436 ) ) ;
#1954 = CARTESIAN_POINT ( 'NONE',  ( -119.0127988203026916, -5.999999999999997335, 31.37885788608344484 ) ) ;
#1955 = ORIENTED_EDGE ( 'NONE', *, *, #130, .T. ) ;
#1956 = CARTESIAN_POINT ( 'NONE',  ( -47.60504079077733763, 0.000000000000000000, 29.77881627226994965 ) ) ;
#1957 = EDGE_LOOP ( 'NONE', ( #1475, #568, #396, #1023 ) ) ;
#1958 = CARTESIAN_POINT ( 'NONE',  ( -300.0000000000000000, -6.200010160467890330, -0.08108108108106271139 ) ) ;
#1959 = CARTESIAN_POINT ( 'NONE',  ( -24.80713166568403949, -21.92254056238595794, 2.690386631739269063 ) ) ;
#1960 = CARTESIAN_POINT ( 'NONE',  ( -63.18003716385963031, -27.18983281217517955, 17.34862809402683226 ) ) ;
#1961 = CARTESIAN_POINT ( 'NONE',  ( -10.00000000000000000, -6.000000000000000000, -3.388037155377269016 ) ) ;
#1962 = DIRECTION ( 'NONE',  ( 0.7660444431189765702, 0.6427876096865411393, 0.000000000000000000 ) ) ;
#1963 = EDGE_LOOP ( 'NONE', ( #201, #1363, #1780, #1969 ) ) ;
#1964 = CARTESIAN_POINT ( 'NONE',  ( -299.2589530497802457, -6.102239949809866282, -0.08065666983679885271 ) ) ;
#1965 = VECTOR ( 'NONE', #1596, 1000.000000000000000 ) ;
#1966 = CARTESIAN_POINT ( 'NONE',  ( -2.894286484346127342, 0.3378286619955242487, 1.217501899382193109 ) ) ;
#1967 = CARTESIAN_POINT ( 'NONE',  ( -16.02066402932650035, -15.55830077887295637, 11.65235188213018525 ) ) ;
#1968 = CARTESIAN_POINT ( 'NONE',  ( -12.93956930557956042, -5.999999999999998224, 11.85824766043248069 ) ) ;
#1969 = ORIENTED_EDGE ( 'NONE', *, *, #60, .F. ) ;
#1970 = CARTESIAN_POINT ( 'NONE',  ( -0.09610285319842280793, 0.1145309205577683953, -0.7859051532108388693 ) ) ;
#1971 = EDGE_LOOP ( 'NONE', ( #1670, #1633 ) ) ;
#1972 = DIRECTION ( 'NONE',  ( 1.000000000000000000, 0.000000000000000000, 0.000000000000000000 ) ) ;
#1973 = CARTESIAN_POINT ( 'NONE',  ( -289.2438181494144942, -7.518888952230590839, 1.309496020648044157 ) ) ;
#1974 = CARTESIAN_POINT ( 'NONE',  ( -273.7001149580909214, -9.855809011604858227, 5.231764150094456056 ) ) ;
#1975 = VECTOR ( 'NONE', #151, 1000.000000000000000 ) ;
#1976 = CARTESIAN_POINT ( 'NONE',  ( -15.14623259396082489, -5.999999999999995559, -3.435764900001194722 ) ) ;
#1977 = CARTESIAN_POINT ( 'NONE',  ( -10.00000000000641798, -6.000000000000000888, -3.388037155448988980 ) ) ;
#1978 = CARTESIAN_POINT ( 'NONE',  ( -13.54243899279334329, -12.90497165025802850, -2.541252833535376343 ) ) ;
#1979 = ORIENTED_EDGE ( 'NONE', *, *, #1768, .F. ) ;
#1980 = CARTESIAN_POINT ( 'NONE',  ( -169.1084080461998838, -18.79049538925366747, 24.34799162933585492 ) ) ;
#1981 = CARTESIAN_POINT ( 'NONE',  ( -145.8911982611301141, -6.000000000000000888, 30.30937873406636029 ) ) ;
#1982 = CARTESIAN_POINT ( 'NONE',  ( -9.037264156190662590, 7.658744371642231208, -11.09044413105867122 ) ) ;
#1983 = DIRECTION ( 'NONE',  ( -0.4197656996029401899, 0.5002572805496237063, -0.7573238479633063180 ) ) ;
#1984 = CARTESIAN_POINT ( 'NONE',  ( -10.00000000000000355, -19.16635107413938499, 3.305337619589696185 ) ) ;
#1985 = CARTESIAN_POINT ( 'NONE',  ( -262.1775515960907796, -11.49053832412707976, 6.901480214983303441 ) ) ;
#1986 = SHAPE_DEFINITION_REPRESENTATION ( #320, #1234 ) ;
#1987 = CARTESIAN_POINT ( 'NONE',  ( -9.999999999999982236, -8.057690788352433131, -3.346396204674247699 ) ) ;
#1988 = CARTESIAN_POINT ( 'NONE',  ( -238.5984832407719125, -10.48598685903900751, 4.899406979585299027 ) ) ;
#1989 = ORIENTED_EDGE ( 'NONE', *, *, #88, .T. ) ;
#1990 = ORIENTED_EDGE ( 'NONE', *, *, #1280, .F. ) ;
#1991 = ADVANCED_FACE ( 'NONE', ( #892 ), #438, .T. ) ;
#1992 = CARTESIAN_POINT ( 'NONE',  ( -26.99849688932107838, -19.55871643221930611, 14.51320478505766154 ) ) ;
#1993 = CARTESIAN_POINT ( 'NONE',  ( -28.16055169760034360, -6.000000000000004441, 18.29879988878284891 ) ) ;
#1994 = ADVANCED_FACE ( 'NONE', ( #1480 ), #1341, .F. ) ;
#1995 = CARTESIAN_POINT ( 'NONE',  ( -34.17880048544710547, 0.000000000000000000, 63.06262459171904311 ) ) ;
#1996 = FACE_OUTER_BOUND ( 'NONE', #227, .T. ) ;
#1997 = CARTESIAN_POINT ( 'NONE',  ( -78.79425953926416071, -27.93620664459655245, 15.14180898577042633 ) ) ;
#1998 = CARTESIAN_POINT ( 'NONE',  ( -48.63563164760043378, -27.01285846932272605, 13.54639855225838296 ) ) ;
#1999 = DIRECTION ( 'NONE',  ( 0.6314626185908929212, -0.7525478442946403890, -0.1868868731875569511 ) ) ;
#2000 = CARTESIAN_POINT ( 'NONE',  ( -221.9149398354072673, -16.41160009544915965, 10.22803568380469841 ) ) ;
#2001 = CARTESIAN_POINT ( 'NONE',  ( -172.0007166053053709, -14.10818566174506117, 6.995285750738439390 ) ) ;
#2002 = EDGE_LOOP ( 'NONE', ( #342, #537, #390, #62 ) ) ;
#2003 = VECTOR ( 'NONE', #332, 1000.000000000000114 ) ;
#2004 = CARTESIAN_POINT ( 'NONE',  ( -70.29872617993412121, -24.29016454105692091, 22.52539641098704948 ) ) ;
#2005 = CARTESIAN_POINT ( 'NONE',  ( -229.1117687130085017, -5.999999999999995559, 18.09150661254863479 ) ) ;
#2006 = CARTESIAN_POINT ( 'NONE',  ( -273.5660891706281745, -9.932453554070267643, 4.277389991978877148 ) ) ;
#2007 = CARTESIAN_POINT ( 'NONE',  ( -199.3295791300313624, -19.29019503647951339, 15.51579491850245240 ) ) ;
#2008 = CARTESIAN_POINT ( 'NONE',  ( -78.21317814592178763, -6.000000000000000888, 2.289072763066940741 ) ) ;
#2009 = CARTESIAN_POINT ( 'NONE',  ( -1.355318057043293889, -10.39523457306045451, -1.709570673767013105 ) ) ;
#2010 = CARTESIAN_POINT ( 'NONE',  ( -268.9989845230358583, -10.47733313386326692, 4.626520279957688331 ) ) ;
#2011 = CARTESIAN_POINT ( 'NONE',  ( -18.73599506387592939, -16.25053255010131892, -1.212912439315976476 ) ) ;
#2012 = CARTESIAN_POINT ( 'NONE',  ( -245.7396230013107754, -12.67644848779764288, 11.87968717367147242 ) ) ;
#2013 = CARTESIAN_POINT ( 'NONE',  ( -283.0175959036612312, -6.177143680585244212, 5.211693298845297306 ) ) ;
#2014 = CARTESIAN_POINT ( 'NONE',  ( -15.20935213917150364, -10.68712348920097455, 12.60699139330379381 ) ) ;
#2015 = EDGE_CURVE ( 'NONE', #424, #1013, #1089, .T. ) ;
#2016 = CARTESIAN_POINT ( 'NONE',  ( -33.27239578459675329, -25.37974931922962440, 10.56519895956250821 ) ) ;
#2017 = CARTESIAN_POINT ( 'NONE',  ( -9.999999999999998224, -6.685852018270549202, -3.388037155377268128 ) ) ;
#2018 = CARTESIAN_POINT ( 'NONE',  ( -33.34905179405024711, -25.43989525185648048, 7.825682523464423390 ) ) ;
#2019 = CARTESIAN_POINT ( 'NONE',  ( -10.00000000000001599, -10.11379635954018141, -3.135773207430335496 ) ) ;
#2020 = CARTESIAN_POINT ( 'NONE',  ( -187.7674314112867364, -18.50377865143660117, 21.01019561690894122 ) ) ;
#2021 = CARTESIAN_POINT ( 'NONE',  ( -10.00000000030452796, -5.999999999999999112, 10.26999941035575681 ) ) ;
#2022 = CARTESIAN_POINT ( 'NONE',  ( -119.0127988203027485, -7.165049729359745712, 31.37885788608346616 ) ) ;
#2023 = CARTESIAN_POINT ( 'NONE',  ( -85.28644969513899809, -13.10671636414967267, 29.33448382025374812 ) ) ;
#2024 = CARTESIAN_POINT ( 'NONE',  ( -143.3148001209249287, -24.80765200104281831, 19.47162635978391165 ) ) ;
#2025 = CARTESIAN_POINT ( 'NONE',  ( -294.4006532857455340, -6.985632026879686762, 0.8049344824027944156 ) ) ;
#2026 = CARTESIAN_POINT ( 'NONE',  ( -273.1451130860506282, -7.502029298565338955, 2.398423924523414463 ) ) ;
#2027 = CARTESIAN_POINT ( 'NONE',  ( -9.999999999999998224, -7.994743978992010724, 10.23084949558275270 ) ) ;
#2028 = FACE_OUTER_BOUND ( 'NONE', #410, .T. ) ;
#2029 = CARTESIAN_POINT ( 'NONE',  ( -14.86900642969143505, -6.745658041294769980, 12.82613633421883392 ) ) ;
#2030 = ADVANCED_FACE ( 'NONE', ( #265 ), #487, .T. ) ;
#2031 = CARTESIAN_POINT ( 'NONE',  ( -171.6471294503335230, -11.63949107880039868, 27.15574549551629602 ) ) ;
#2032 = CARTESIAN_POINT ( 'NONE',  ( -11.30977098315826090, -19.76926024637208457, 4.347059631710373573 ) ) ;
#2033 = CARTESIAN_POINT ( 'NONE',  ( -71.31360469130274282, -27.27462272431019130, 11.58662268164555798 ) ) ;
#2034 = CARTESIAN_POINT ( 'NONE',  ( -294.4500976571193860, -6.949811154657950851, 1.190777150156465902 ) ) ;
#2035 = CARTESIAN_POINT ( 'NONE',  ( -217.4064943075663905, -9.935225004216405864, 5.328576699348677614 ) ) ;
#2036 = CARTESIAN_POINT ( 'NONE',  ( -10.00000000000000711, -17.33554820969554910, -0.2684630688629689454 ) ) ;
#2037 = DIRECTION ( 'NONE',  ( 0.000000000000000000, 1.000000000000000000, -0.000000000000000000 ) ) ;
#2038 = CARTESIAN_POINT ( 'NONE',  ( -293.2202828754271309, -6.078347831625945830, 2.186182723201671951 ) ) ;
#2039 = CARTESIAN_POINT ( 'NONE',  ( -10.90789910966296894, -10.12212427051851904, 10.51226001514925912 ) ) ;
#2040 = CARTESIAN_POINT ( 'NONE',  ( -14.45495221461993296, -21.07359075297446083, 5.202246176571975411 ) ) ;
ENDSEC;
END-ISO-10303-21;
