ISO-10303-21;
HEADER;
FILE_DESCRIPTION (( 'STEP AP214' ),
    '1' );
FILE_NAME ('rib7 aileron outer filled.STEP',
    '2026-03-22T21:42:59',
    ( '' ),
    ( '' ),
    'SwSTEP 2.0',
    'SolidWorks 2024',
    '' );
FILE_SCHEMA (( 'AUTOMOTIVE_DESIGN' ));
ENDSEC;

DATA;
#1 = ORIENTED_EDGE ( 'NONE', *, *, #41, .F. ) ;
#2 = VECTOR ( 'NONE', #1547, 1000.000000000000114 ) ;
#3 = ORIENTED_EDGE ( 'NONE', *, *, #3826, .F. ) ;
#4 = CARTESIAN_POINT ( 'NONE',  ( -185.9315778033651725, 1081.559999999999945, 18.58588332090531381 ) ) ;
#5 = CARTESIAN_POINT ( 'NONE',  ( -300.0000000000000000, 1165.440000000000055, 0.000000000000000000 ) ) ;
#6 = CIRCLE ( 'NONE', #2376, 0.5999999999999685585 ) ;
#7 = CARTESIAN_POINT ( 'NONE',  ( -178.5975834448192643, 1077.559999999999945, 22.77392284324658434 ) ) ;
#8 = ORIENTED_EDGE ( 'NONE', *, *, #1302, .F. ) ;
#9 = CARTESIAN_POINT ( 'NONE',  ( -187.8555102931843237, 1077.559999999999945, 17.45826335425561382 ) ) ;
#10 = LINE ( 'NONE', #1663, #3314 ) ;
#11 = CARTESIAN_POINT ( 'NONE',  ( -244.8321065422305196, 1077.559999999999945, 7.777216704173523176 ) ) ;
#12 = CARTESIAN_POINT ( 'NONE',  ( -295.2192840323294263, 1076.559999999999945, 1.574556936904935922 ) ) ;
#13 = CARTESIAN_POINT ( 'NONE',  ( 0.2058083609809951420, 1076.559999999999945, 7.652639097639167609 ) ) ;
#14 = ADVANCED_FACE ( 'NONE', ( #1750 ), #131, .T. ) ;
#15 = CARTESIAN_POINT ( 'NONE',  ( -132.7570444405484125, 1077.559999999999945, 9.255407141683622996 ) ) ;
#16 = CARTESIAN_POINT ( 'NONE',  ( -195.6463559078458445, 1081.559999999999945, 20.27733546108195739 ) ) ;
#17 = EDGE_LOOP ( 'NONE', ( #1977, #2475, #1238, #3901, #2523, #3526, #152, #426 ) ) ;
#18 = LINE ( 'NONE', #336, #3854 ) ;
#19 = VERTEX_POINT ( 'NONE', #3740 ) ;
#20 = CARTESIAN_POINT ( 'NONE',  ( -198.4327075881555515, 1081.559999999999945, 11.51359134017621777 ) ) ;
#21 = LINE ( 'NONE', #4175, #3275 ) ;
#22 = EDGE_CURVE ( 'NONE', #2404, #2484, #1080, .T. ) ;
#23 = DIRECTION ( 'NONE',  ( 0.000000000000000000, -1.000000000000000000, 0.000000000000000000 ) ) ;
#24 = VECTOR ( 'NONE', #323, 1000.000000000000000 ) ;
#25 = VERTEX_POINT ( 'NONE', #3424 ) ;
#26 = CARTESIAN_POINT ( 'NONE',  ( -227.5076778612757948, 1076.959999999999809, 8.453911112217982193 ) ) ;
#27 = EDGE_CURVE ( 'NONE', #1093, #2150, #2447, .T. ) ;
#28 = CARTESIAN_POINT ( 'NONE',  ( -132.0558163129717002, 1076.559999999999945, 26.96303150527395687 ) ) ;
#29 = ORIENTED_EDGE ( 'NONE', *, *, #234, .T. ) ;
#30 = DIRECTION ( 'NONE',  ( -0.9286912196815906295, 0.000000000000000000, 0.3708539045046170823 ) ) ;
#31 = CARTESIAN_POINT ( 'NONE',  ( -290.3110310811928798, 1165.440000000000055, 3.099905874843257969 ) ) ;
#32 = CARTESIAN_POINT ( 'NONE',  ( -123.5565654830474216, 1077.559999999999945, 129.7396513526184947 ) ) ;
#33 = B_SPLINE_CURVE_WITH_KNOTS ( 'NONE', 3,
 ( #2136, #892, #1910, #608 ),
 .UNSPECIFIED., .F., .F.,
 ( 4, 4 ),
 ( 0.04725479771932811907, 0.04838107786650243380 ),
 .UNSPECIFIED. ) ;
#34 = EDGE_CURVE ( 'NONE', #4033, #3372, #2132, .T. ) ;
#35 = CARTESIAN_POINT ( 'NONE',  ( -259.4108628574806517, 1081.559999999999945, 7.026082581616715395 ) ) ;
#36 = LINE ( 'NONE', #1027, #84 ) ;
#37 = LINE ( 'NONE', #2909, #2035 ) ;
#38 = VERTEX_POINT ( 'NONE', #2047 ) ;
#39 = EDGE_CURVE ( 'NONE', #3486, #2144, #3334, .T. ) ;
#40 = CARTESIAN_POINT ( 'NONE',  ( -260.8337779111441250, 1081.559999999999945, 6.940564282585497402 ) ) ;
#41 = EDGE_CURVE ( 'NONE', #460, #901, #1497, .T. ) ;
#42 = CARTESIAN_POINT ( 'NONE',  ( -69.44017073450980604, 1077.559999999999945, -106.5031585959443703 ) ) ;
#43 = CARTESIAN_POINT ( 'NONE',  ( -265.5219321219681774, 1076.559999999999945, 2.837808823443983997 ) ) ;
#44 = CARTESIAN_POINT ( 'NONE',  ( -112.8759871213074035, 1081.559999999999945, 3.035661502803514988 ) ) ;
#45 = EDGE_LOOP ( 'NONE', ( #4026, #57, #948, #493 ) ) ;
#46 = VERTEX_POINT ( 'NONE', #4118 ) ;
#47 = DIRECTION ( 'NONE',  ( 0.000000000000000000, 0.000000000000000000, -1.000000000000000000 ) ) ;
#48 = ADVANCED_FACE ( 'NONE', ( #1820 ), #3821, .T. ) ;
#49 = DIRECTION ( 'NONE',  ( 0.7241518884010706980, 0.000000000000000000, 0.6896405168819210729 ) ) ;
#50 = ORIENTED_EDGE ( 'NONE', *, *, #3552, .F. ) ;
#51 = CARTESIAN_POINT ( 'NONE',  ( -292.8379051518247138, 1165.440000000000055, 0.5759372686756060178 ) ) ;
#52 = CARTESIAN_POINT ( 'NONE',  ( -237.8656650781825306, 1077.559999999999945, 8.073344651762354829 ) ) ;
#53 = CARTESIAN_POINT ( 'NONE',  ( -248.2263911974834230, 1077.559999999999945, 10.06564403484840398 ) ) ;
#54 = CARTESIAN_POINT ( 'NONE',  ( -211.0565265721793935, 1081.559999999999945, 8.962763485681316311 ) ) ;
#55 = DIRECTION ( 'NONE',  ( 0.6888675014067503488, 0.000000000000000000, 0.7248872777926378408 ) ) ;
#56 = DIRECTION ( 'NONE',  ( 0.000000000000000000, -0.000000000000000000, -1.000000000000000000 ) ) ;
#57 = ORIENTED_EDGE ( 'NONE', *, *, #251, .F. ) ;
#58 = CARTESIAN_POINT ( 'NONE',  ( -221.7787467680724660, 1076.959999999999809, 15.64372520361560781 ) ) ;
#59 = VECTOR ( 'NONE', #724, 1000.000000000000000 ) ;
#60 = DIRECTION ( 'NONE',  ( 0.000000000000000000, -1.000000000000000000, 0.000000000000000000 ) ) ;
#61 = CARTESIAN_POINT ( 'NONE',  ( -280.6338063822633444, 1165.440000000000055, 5.055185953166628998 ) ) ;
#62 = CARTESIAN_POINT ( 'NONE',  ( -179.5174658418248157, 1076.559999999999945, 9.534537799042796635 ) ) ;
#63 = VECTOR ( 'NONE', #1211, 1000.000000000000000 ) ;
#64 = EDGE_CURVE ( 'NONE', #1285, #3007, #3288, .T. ) ;
#65 = VECTOR ( 'NONE', #2148, 1000.000000000000000 ) ;
#66 = EDGE_CURVE ( 'NONE', #2794, #855, #3491, .T. ) ;
#67 = AXIS2_PLACEMENT_3D ( 'NONE', #3678, #470, #1104 ) ;
#68 = EDGE_LOOP ( 'NONE', ( #1818, #607, #3232, #1770, #1728 ) ) ;
#69 = PLANE ( 'NONE',  #137 ) ;
#70 = DIRECTION ( 'NONE',  ( 0.000000000000000000, -1.000000000000000000, 0.000000000000000000 ) ) ;
#71 = ORIENTED_EDGE ( 'NONE', *, *, #1196, .F. ) ;
#72 = CARTESIAN_POINT ( 'NONE',  ( -292.8379051518247138, 1076.559999999999718, 0.5759372686756060178 ) ) ;
#73 = DIRECTION ( 'NONE',  ( 0.000000000000000000, -1.000000000000000000, 0.000000000000000000 ) ) ;
#74 = EDGE_CURVE ( 'NONE', #4066, #254, #2942, .T. ) ;
#75 = DIRECTION ( 'NONE',  ( 0.000000000000000000, 0.000000000000000000, -1.000000000000000000 ) ) ;
#76 = PLANE ( 'NONE',  #133 ) ;
#77 = CARTESIAN_POINT ( 'NONE',  ( -204.2549720000115201, 1077.559999999999945, 18.85326315187309376 ) ) ;
#78 = CARTESIAN_POINT ( 'NONE',  ( -260.7629341024542100, 1081.559999999999945, 6.944829825260569578 ) ) ;
#79 = ORIENTED_EDGE ( 'NONE', *, *, #3610, .T. ) ;
#80 = CARTESIAN_POINT ( 'NONE',  ( -149.8118213194345003, 1077.559999999999945, 25.94868207460713805 ) ) ;
#81 = CARTESIAN_POINT ( 'NONE',  ( -164.3751559483991969, 1077.559999999999945, -0.3085594543071153439 ) ) ;
#82 = CARTESIAN_POINT ( 'NONE',  ( -190.1890343106762202, 1081.559999999999945, 9.385866078298580106 ) ) ;
#83 = CARTESIAN_POINT ( 'NONE',  ( -250.7667120139445274, 1076.559999999999945, 10.33830807117599448 ) ) ;
#84 = VECTOR ( 'NONE', #1260, 999.9999999999998863 ) ;
#85 = ORIENTED_EDGE ( 'NONE', *, *, #3216, .T. ) ;
#86 = DIRECTION ( 'NONE',  ( 0.5217872676265156162, 0.000000000000000000, 0.8530756398719019362 ) ) ;
#87 = DIRECTION ( 'NONE',  ( 0.1609050596807223010, 0.000000000000000000, -0.9869698889880801351 ) ) ;
#88 = ADVANCED_FACE ( 'NONE', ( #2470 ), #2175, .F. ) ;
#89 = DIRECTION ( 'NONE',  ( 0.7348758801460677503, 0.000000000000000000, 0.6782016225132038167 ) ) ;
#90 = ORIENTED_EDGE ( 'NONE', *, *, #3552, .T. ) ;
#91 = DIRECTION ( 'NONE',  ( 0.000000000000000000, 0.000000000000000000, -1.000000000000000000 ) ) ;
#92 = LINE ( 'NONE', #1350, #4132 ) ;
#93 = DIRECTION ( 'NONE',  ( 0.8530756398719006039, 0.000000000000000000, -0.5217872676265177256 ) ) ;
#94 = VECTOR ( 'NONE', #3125, 1000.000000000000000 ) ;
#95 = EDGE_CURVE ( 'NONE', #123, #383, #2516, .T. ) ;
#96 = CARTESIAN_POINT ( 'NONE',  ( -113.5285485838877833, 1081.559999999999945, 8.528672068350594770 ) ) ;
#97 = LINE ( 'NONE', #2666, #2394 ) ;
#98 = EDGE_CURVE ( 'NONE', #1925, #795, #1234, .T. ) ;
#99 = LINE ( 'NONE', #1781, #1099 ) ;
#100 = EDGE_CURVE ( 'NONE', #2021, #2570, #2855, .T. ) ;
#101 = ORIENTED_EDGE ( 'NONE', *, *, #4167, .F. ) ;
#102 = CARTESIAN_POINT ( 'NONE',  ( -254.6226053384950774, 1076.959999999999809, 8.584301412233694251 ) ) ;
#103 = LINE ( 'NONE', #125, #3879 ) ;
#104 = EDGE_CURVE ( 'NONE', #2743, #3758, #2532, .T. ) ;
#105 = CARTESIAN_POINT ( 'NONE',  ( -112.6701787603263796, 1081.559999999999945, 10.68830060044215280 ) ) ;
#106 = CARTESIAN_POINT ( 'NONE',  ( -112.7120578240560604, 1081.559999999999945, 28.11340712263209340 ) ) ;
#107 =( BOUNDED_CURVE ( )  B_SPLINE_CURVE ( 3, ( #2681, #3964, #1475, #1161 ),
 .UNSPECIFIED., .F., .F. ) 
 B_SPLINE_CURVE_WITH_KNOTS ( ( 4, 4 ),
 ( 3.713564953773416111, 5.105781174585921178 ),
 .UNSPECIFIED. ) 
 CURVE ( )  GEOMETRIC_REPRESENTATION_ITEM ( )  RATIONAL_B_SPLINE_CURVE ( ( 1.000000000000000000, 0.8448957417452556129, 0.8448957417452556129, 1.000000000000000000 ) ) 
 REPRESENTATION_ITEM ( '' )  );
#108 = ORIENTED_EDGE ( 'NONE', *, *, #1120, .T. ) ;
#109 = ORIENTED_EDGE ( 'NONE', *, *, #723, .F. ) ;
#110 = DIRECTION ( 'NONE',  ( 0.000000000000000000, -1.000000000000000000, 0.000000000000000000 ) ) ;
#111 = ORIENTED_EDGE ( 'NONE', *, *, #1582, .T. ) ;
#112 = LINE ( 'NONE', #1711, #541 ) ;
#113 = CARTESIAN_POINT ( 'NONE',  ( -238.6193992907155916, 1077.559999999999945, 8.043000348108632735 ) ) ;
#114 = CARTESIAN_POINT ( 'NONE',  ( -259.8051931883019279, 1076.959999999999582, 7.343994521984203772 ) ) ;
#115 = AXIS2_PLACEMENT_3D ( 'NONE', #1877, #1569, #1917 ) ;
#116 = EDGE_CURVE ( 'NONE', #568, #3818, #2233, .T. ) ;
#117 = EDGE_CURVE ( 'NONE', #348, #3960, #1778, .T. ) ;
#118 = DIRECTION ( 'NONE',  ( -0.6888675014067556779, 0.000000000000000000, -0.7248872777926326227 ) ) ;
#119 = CARTESIAN_POINT ( 'NONE',  ( -196.3833157930110929, 1077.559999999999945, 10.97703526946452079 ) ) ;
#120 = DIRECTION ( 'NONE',  ( -0.000000000000000000, -1.000000000000000000, -0.000000000000000000 ) ) ;
#121 = EDGE_LOOP ( 'NONE', ( #4152, #1973, #3074, #4047 ) ) ;
#122 = EDGE_LOOP ( 'NONE', ( #1008, #1792, #2640, #1572 ) ) ;
#123 = VERTEX_POINT ( 'NONE', #3447 ) ;
#124 = CARTESIAN_POINT ( 'NONE',  ( -282.4215676321936712, 1165.440000000000055, 1.563290642043225098 ) ) ;
#125 = CARTESIAN_POINT ( 'NONE',  ( -132.9089226143069311, 1076.559999999999945, 3.518796046875030559 ) ) ;
#126 = CARTESIAN_POINT ( 'NONE',  ( -133.9566291355089902, 1076.559999999999945, 9.286974893465032466 ) ) ;
#127 = PLANE ( 'NONE',  #2235 ) ;
#128 = AXIS2_PLACEMENT_3D ( 'NONE', #3440, #3778, #3713 ) ;
#129 = EDGE_LOOP ( 'NONE', ( #3581, #1796, #3883, #2751 ) ) ;
#130 = VERTEX_POINT ( 'NONE', #3212 ) ;
#131 = PLANE ( 'NONE',  #164 ) ;
#133 = AXIS2_PLACEMENT_3D ( 'NONE', #1377, #3948, #2665 ) ;
#132 = FACE_OUTER_BOUND ( 'NONE', #3716, .T. ) ;
#134 = ORIENTED_EDGE ( 'NONE', *, *, #3827, .T. ) ;
#135 = VECTOR ( 'NONE', #1919, 1000.000000000000114 ) ;
#136 = B_SPLINE_CURVE_WITH_KNOTS ( 'NONE', 3,
 ( #2165, #1878, #559, #1516, #1534 ),
 .UNSPECIFIED., .F., .F.,
 ( 4, 1, 4 ),
 ( 0.7820152444153389837, 0.7906192346124354398, 0.8006194959623235130 ),
 .UNSPECIFIED. ) ;
#137 = AXIS2_PLACEMENT_3D ( 'NONE', #3940, #428, #3717 ) ;
#138 = ORIENTED_EDGE ( 'NONE', *, *, #4038, .T. ) ;
#139 = DIRECTION ( 'NONE',  ( 0.2442954651673956978, 0.000000000000000000, -0.9697008434041117786 ) ) ;
#140 = CARTESIAN_POINT ( 'NONE',  ( -148.5690912469584077, 1076.559999999999945, 9.556892805854815265 ) ) ;
#141 = CARTESIAN_POINT ( 'NONE',  ( -260.8337779111441250, 1076.959999999999809, 6.940564282585497402 ) ) ;
#142 = CARTESIAN_POINT ( 'NONE',  ( -112.2823144185780109, 1081.559999999999945, 25.11038633121939512 ) ) ;
#143 = DIRECTION ( 'NONE',  ( 0.2442954651670563027, 0.000000000000000000, -0.9697008434041973768 ) ) ;
#144 = CARTESIAN_POINT ( 'NONE',  ( -171.0000680319912760, 1076.559999999999945, 23.74827596643235239 ) ) ;
#145 = EDGE_CURVE ( 'NONE', #4114, #2756, #21, .T. ) ;
#146 = ORIENTED_EDGE ( 'NONE', *, *, #606, .T. ) ;
#147 = ORIENTED_EDGE ( 'NONE', *, *, #4092, .T. ) ;
#148 = DIRECTION ( 'NONE',  ( 0.000000000000000000, -1.000000000000000000, 0.000000000000000000 ) ) ;
#149 = CARTESIAN_POINT ( 'NONE',  ( -150.8221721565745383, 1076.559999999999945, 8.847120223398674099 ) ) ;
#150 = DIRECTION ( 'NONE',  ( 0.000000000000000000, 0.000000000000000000, -1.000000000000000000 ) ) ;
#151 =( NAMED_UNIT ( * ) PLANE_ANGLE_UNIT ( ) SI_UNIT ( $, .RADIAN. ) );
#152 = ORIENTED_EDGE ( 'NONE', *, *, #996, .T. ) ;
#153 = ADVANCED_FACE ( 'NONE', ( #1053 ), #1361, .T. ) ;
#154 = ORIENTED_EDGE ( 'NONE', *, *, #2899, .T. ) ;
#155 = VERTEX_POINT ( 'NONE', #973 ) ;
#156 = CARTESIAN_POINT ( 'NONE',  ( -112.7120578011266474, 1081.559999999999945, 28.11340712249482721 ) ) ;
#157 = ORIENTED_EDGE ( 'NONE', *, *, #974, .F. ) ;
#158 = ORIENTED_EDGE ( 'NONE', *, *, #2049, .F. ) ;
#159 = EDGE_CURVE ( 'NONE', #197, #3601, #2613, .T. ) ;
#160 = DIRECTION ( 'NONE',  ( 0.5217872676265177256, 0.000000000000000000, 0.8530756398719007150 ) ) ;
#161 = CARTESIAN_POINT ( 'NONE',  ( -133.5305144212685775, 1076.559999999999945, 25.38181269808915630 ) ) ;
#162 = PRESENTATION_LAYER_ASSIGNMENT (  '', '', ( #297 ) ) ;
#163 = LINE ( 'NONE', #764, #3313 ) ;
#164 = AXIS2_PLACEMENT_3D ( 'NONE', #2110, #86, #3085 ) ;
#165 = PLANE ( 'NONE',  #1316 ) ;
#166 = DIRECTION ( 'NONE',  ( 0.000000000000000000, 0.000000000000000000, -1.000000000000000000 ) ) ;
#167 = ORIENTED_EDGE ( 'NONE', *, *, #327, .T. ) ;
#168 = EDGE_CURVE ( 'NONE', #1348, #2135, #379, .T. ) ;
#169 = ORIENTED_EDGE ( 'NONE', *, *, #773, .F. ) ;
#170 = ORIENTED_EDGE ( 'NONE', *, *, #1196, .T. ) ;
#171 = CARTESIAN_POINT ( 'NONE',  ( -237.9153930459915784, 1081.560000000000173, 12.36233482739457301 ) ) ;
#172 = CARTESIAN_POINT ( 'NONE',  ( -213.2678935476478159, 1077.559999999999945, 8.883460927922911310 ) ) ;
#173 = CARTESIAN_POINT ( 'NONE',  ( -185.6189877027449597, 1076.559999999999945, 12.12471130904598304 ) ) ;
#174 = CARTESIAN_POINT ( 'NONE',  ( -112.7120578240560604, 1076.559999999999945, 28.11340712263209340 ) ) ;
#175 = ADVANCED_FACE ( 'NONE', ( #2288 ), #2273, .F. ) ;
#176 = ORIENTED_EDGE ( 'NONE', *, *, #409, .T. ) ;
#177 = EDGE_CURVE ( 'NONE', #3487, #2514, #358, .T. ) ;
#178 = VERTEX_POINT ( 'NONE', #3876 ) ;
#179 = CARTESIAN_POINT ( 'NONE',  ( -254.6226053384950774, 1077.559999999999945, 8.584301412233694251 ) ) ;
#180 = ORIENTED_EDGE ( 'NONE', *, *, #1744, .F. ) ;
#181 = PLANE ( 'NONE',  #1696 ) ;
#182 = EDGE_CURVE ( 'NONE', #624, #2021, #2952, .T. ) ;
#183 = ORIENTED_EDGE ( 'NONE', *, *, #605, .T. ) ;
#184 = CARTESIAN_POINT ( 'NONE',  ( -198.4327075881555231, 1076.959999999999809, 11.51359134017623020 ) ) ;
#185 = CARTESIAN_POINT ( 'NONE',  ( -150.8221721565745383, 1076.559999999999718, 8.847120223398674099 ) ) ;
#186 = EDGE_CURVE ( 'NONE', #3818, #2812, #3290, .T. ) ;
#187 = CARTESIAN_POINT ( 'NONE',  ( -285.8727052897787075, 1076.959999999999809, 2.045397586167052584 ) ) ;
#188 = VECTOR ( 'NONE', #1644, 1000.000000000000227 ) ;
#189 = DIRECTION ( 'NONE',  ( 0.8376768486544285963, 0.000000000000000000, -0.5461661809636199072 ) ) ;
#190 = ORIENTED_EDGE ( 'NONE', *, *, #3340, .T. ) ;
#191 = ORIENTED_EDGE ( 'NONE', *, *, #1731, .F. ) ;
#192 = DIRECTION ( 'NONE',  ( 0.7248872777926399502, 0.000000000000000000, -0.6888675014067480173 ) ) ;
#193 = LINE ( 'NONE', #2828, #1931 ) ;
#194 = CARTESIAN_POINT ( 'NONE',  ( -245.2527964942030678, 1077.560000000000173, 7.758224667485085213 ) ) ;
#195 = DIRECTION ( 'NONE',  ( 1.000000000000000000, 0.000000000000000000, 0.000000000000000000 ) ) ;
#196 = ORIENTED_EDGE ( 'NONE', *, *, #2988, .T. ) ;
#197 = VERTEX_POINT ( 'NONE', #2254 ) ;
#198 = CYLINDRICAL_SURFACE ( 'NONE', #206, 0.5999999999999946487 ) ;
#199 = CARTESIAN_POINT ( 'NONE',  ( -295.2960495103556013, 1076.559999999999945, 0.3249056940543462169 ) ) ;
#200 = DIRECTION ( 'NONE',  ( 0.6888675014067503488, 0.000000000000000000, 0.7248872777926378408 ) ) ;
#201 = EDGE_CURVE ( 'NONE', #1999, #1198, #4045, .T. ) ;
#202 = AXIS2_PLACEMENT_3D ( 'NONE', #3796, #3540, #255 ) ;
#203 = ORIENTED_EDGE ( 'NONE', *, *, #3180, .F. ) ;
#204 = CARTESIAN_POINT ( 'NONE',  ( -112.2016622524414515, 1081.559999999999945, 28.10930200660903822 ) ) ;
#205 = CARTESIAN_POINT ( 'NONE',  ( -260.6240663350704381, 1076.559999999999718, 6.159236989585118671 ) ) ;
#206 = AXIS2_PLACEMENT_3D ( 'NONE', #3423, #1182, #515 ) ;
#207 = VERTEX_POINT ( 'NONE', #1653 ) ;
#208 = EDGE_CURVE ( 'NONE', #3507, #1072, #261, .T. ) ;
#209 = VECTOR ( 'NONE', #3527, 1000.000000000000114 ) ;
#210 = DIRECTION ( 'NONE',  ( 0.000000000000000000, -1.000000000000000000, 0.000000000000000000 ) ) ;
#211 = CARTESIAN_POINT ( 'NONE',  ( 0.5936727027209565133, 1081.559999999999945, 22.07472482841616923 ) ) ;
#212 = CARTESIAN_POINT ( 'NONE',  ( -112.7508309264629105, 1081.559999999999945, 7.689384925052574538 ) ) ;
#213 = VECTOR ( 'NONE', #73, 1000.000000000000000 ) ;
#214 = EDGE_LOOP ( 'NONE', ( #111, #1321, #3265, #2438 ) ) ;
#215 = VERTEX_POINT ( 'NONE', #5 ) ;
#216 = CARTESIAN_POINT ( 'NONE',  ( -259.3915731961860160, 1081.560000000000173, 7.445118414148291563 ) ) ;
#217 = CARTESIAN_POINT ( 'NONE',  ( -260.7875091720508181, 1081.559999999999945, 7.103832978771801976 ) ) ;
#218 = CARTESIAN_POINT ( 'NONE',  ( -238.8043900228236964, 1076.959999999999809, 8.035481055062303923 ) ) ;
#219 = CARTESIAN_POINT ( 'NONE',  ( -100.5531540498221545, 1076.559999999999945, 11.16271731101023512 ) ) ;
#220 = ORIENTED_EDGE ( 'NONE', *, *, #495, .T. ) ;
#221 = VERTEX_POINT ( 'NONE', #684 ) ;
#222 = CARTESIAN_POINT ( 'NONE',  ( -149.9729130415774137, 1077.559999999999945, 10.94940432798125052 ) ) ;
#223 = CARTESIAN_POINT ( 'NONE',  ( -178.3956997761454772, 1077.559999999999945, 9.546714804259979203 ) ) ;
#224 = CARTESIAN_POINT ( 'NONE',  ( -258.7028822036019164, 1165.440000000000055, -42.17616278367351867 ) ) ;
#225 = DIRECTION ( 'NONE',  ( -0.9996497148847962588, 0.000000000000000000, 0.02646596929540921336 ) ) ;
#226 = ADVANCED_FACE ( 'NONE', ( #1955 ), #3910, .F. ) ;
#227 = EDGE_LOOP ( 'NONE', ( #1763, #3715, #1454, #3770 ) ) ;
#228 = CARTESIAN_POINT ( 'NONE',  ( -114.4828442445582510, 1076.559999999999945, 27.32352736051254283 ) ) ;
#229 = CARTESIAN_POINT ( 'NONE',  ( -248.6624568133019579, 1077.559999999999945, 9.966476534974981760 ) ) ;
#230 = DIRECTION ( 'NONE',  ( -0.9996385584632171417, 0.000000000000000000, 0.02688405537825763400 ) ) ;
#231 = LINE ( 'NONE', #552, #2155 ) ;
#232 = ADVANCED_FACE ( 'NONE', ( #3263 ), #304, .T. ) ;
#233 = ORIENTED_EDGE ( 'NONE', *, *, #3899, .T. ) ;
#234 = EDGE_CURVE ( 'NONE', #2897, #3998, #342, .T. ) ;
#235 = ORIENTED_EDGE ( 'NONE', *, *, #372, .F. ) ;
#236 = CARTESIAN_POINT ( 'NONE',  ( -265.8557205421093954, 1165.440000000000055, 6.670256816194850558 ) ) ;
#237 = CARTESIAN_POINT ( 'NONE',  ( -123.3137327467877640, 1081.559999999999945, 27.25623171729949945 ) ) ;
#238 = LINE ( 'NONE', #595, #1290 ) ;
#239 = CARTESIAN_POINT ( 'NONE',  ( -178.0713867839727698, 1077.559999999999945, 11.07035666520675576 ) ) ;
#240 = EDGE_CURVE ( 'NONE', #2423, #1411, #2537, .T. ) ;
#241 = ORIENTED_EDGE ( 'NONE', *, *, #104, .T. ) ;
#242 = ORIENTED_EDGE ( 'NONE', *, *, #1678, .F. ) ;
#243 = CARTESIAN_POINT ( 'NONE',  ( -190.1890343106762202, 1081.559999999999945, 9.385866078298587212 ) ) ;
#244 = CARTESIAN_POINT ( 'NONE',  ( -151.9060143339743547, 1081.559999999999945, 9.644634931176618409 ) ) ;
#245 = CARTESIAN_POINT ( 'NONE',  ( 0.5721654584182511716, 1081.559999999999945, 21.27501398164622870 ) ) ;
#246 = ORIENTED_EDGE ( 'NONE', *, *, #1575, .F. ) ;
#247 = LINE ( 'NONE', #914, #614 ) ;
#248 = LINE ( 'NONE', #2480, #954 ) ;
#249 = CARTESIAN_POINT ( 'NONE',  ( -65.70031221889387041, 1077.559999999999945, -69.13567613107584009 ) ) ;
#250 = DIRECTION ( 'NONE',  ( 0.000000000000000000, 1.000000000000000000, -0.000000000000000000 ) ) ;
#251 = EDGE_CURVE ( 'NONE', #729, #3880, #3528, .T. ) ;
#252 = EDGE_CURVE ( 'NONE', #2698, #743, #338, .T. ) ;
#253 = VECTOR ( 'NONE', #1237, 1000.000000000000000 ) ;
#254 = VERTEX_POINT ( 'NONE', #3350 ) ;
#255 = DIRECTION ( 'NONE',  ( 0.000000000000000000, 0.000000000000000000, -1.000000000000000000 ) ) ;
#256 = CARTESIAN_POINT ( 'NONE',  ( -148.7718042799483555, 1077.559999999999945, 11.08556981309512501 ) ) ;
#257 = CARTESIAN_POINT ( 'NONE',  ( -233.1459903762588226, 1077.559999999999718, 13.35243548219757059 ) ) ;
#258 = ORIENTED_EDGE ( 'NONE', *, *, #3827, .F. ) ;
#259 = VERTEX_POINT ( 'NONE', #2014 ) ;
#260 = CARTESIAN_POINT ( 'NONE',  ( -150.2687402517477437, 1077.559999999999945, 9.575102033815708680 ) ) ;
#261 = B_SPLINE_CURVE_WITH_KNOTS ( 'NONE', 3,
 ( #2631, #3547, #3283, #3229 ),
 .UNSPECIFIED., .F., .F.,
 ( 4, 4 ),
 ( 0.1386002152235729090, 0.1402734871942026285 ),
 .UNSPECIFIED. ) ;
#262 = CARTESIAN_POINT ( 'NONE',  ( -262.6644455877041651, 1081.559999999999945, 7.467009704362864930 ) ) ;
#263 = CARTESIAN_POINT ( 'NONE',  ( -241.3852872890720391, 1077.559999999999945, 11.59175294562724723 ) ) ;
#264 = ORIENTED_EDGE ( 'NONE', *, *, #802, .T. ) ;
#265 = FACE_OUTER_BOUND ( 'NONE', #2556, .T. ) ;
#266 = PRODUCT_DEFINITION_FORMATION_WITH_SPECIFIED_SOURCE ( 'ANY', '', #2528, .NOT_KNOWN. ) ;
#267 = CARTESIAN_POINT ( 'NONE',  ( -249.5323828144506138, 1077.559999999999945, 9.767544433441221585 ) ) ;
#268 = CARTESIAN_POINT ( 'NONE',  ( -274.7847390683608069, 1076.559999999999945, 7.475225214956179975 ) ) ;
#269 = CARTESIAN_POINT ( 'NONE',  ( -192.5000000004401102, 1081.559999999999945, 15.15093237100210288 ) ) ;
#270 = VECTOR ( 'NONE', #3011, 1000.000000000000114 ) ;
#271 = AXIS2_PLACEMENT_3D ( 'NONE', #1835, #2808, #1179 ) ;
#272 = VECTOR ( 'NONE', #3382, 1000.000000000000114 ) ;
#273 = ORIENTED_EDGE ( 'NONE', *, *, #2920, .T. ) ;
#274 = EDGE_CURVE ( 'NONE', #877, #4025, #1766, .T. ) ;
#275 = DIRECTION ( 'NONE',  ( 0.7248872777926330668, 0.000000000000000000, -0.6888675014067552338 ) ) ;
#276 = CARTESIAN_POINT ( 'NONE',  ( -115.5180971449239138, 1081.559999999999945, 7.824897445543522956 ) ) ;
#277 = VECTOR ( 'NONE', #2074, 1000.000000000000000 ) ;
#278 = FACE_OUTER_BOUND ( 'NONE', #3500, .T. ) ;
#279 = ORIENTED_EDGE ( 'NONE', *, *, #95, .T. ) ;
#280 = EDGE_LOOP ( 'NONE', ( #459, #3670, #1438, #1446 ) ) ;
#281 = ORIENTED_EDGE ( 'NONE', *, *, #2071, .T. ) ;
#282 = CARTESIAN_POINT ( 'NONE',  ( -149.3391113037709772, 1077.559999999999945, 25.90982806079617973 ) ) ;
#283 = DIRECTION ( 'NONE',  ( 0.000000000000000000, -1.000000000000000000, 0.000000000000000000 ) ) ;
#284 = LINE ( 'NONE', #245, #1849 ) ;
#285 = EDGE_CURVE ( 'NONE', #3601, #3793, #3329, .T. ) ;
#286 = B_SPLINE_CURVE_WITH_KNOTS ( 'NONE', 3,
 ( #985, #2032, #1607, #2907, #695 ),
 .UNSPECIFIED., .F., .F.,
 ( 4, 1, 4 ),
 ( 0.1149940070109378015, 0.1162843833321218490, 0.1253476670933949544 ),
 .UNSPECIFIED. ) ;
#287 = ORIENTED_EDGE ( 'NONE', *, *, #1623, .T. ) ;
#288 = EDGE_CURVE ( 'NONE', #1863, #832, #103, .T. ) ;
#289 = CARTESIAN_POINT ( 'NONE',  ( -165.1948187438384537, 1077.559999999999945, 9.630991950536779811 ) ) ;
#290 = CARTESIAN_POINT ( 'NONE',  ( -194.5332803159410275, 1077.559999999999945, 9.309413196033403892 ) ) ;
#291 = ADVANCED_FACE ( 'NONE', ( #399 ), #2353, .F. ) ;
#292 = CARTESIAN_POINT ( 'NONE',  ( -227.5076778612757948, 1077.559999999999945, 8.453911112217982193 ) ) ;
#293 = CARTESIAN_POINT ( 'NONE',  ( -99.13813852873975918, 1081.559999999999945, 23.95660055259056165 ) ) ;
#294 = DIRECTION ( 'NONE',  ( -0.6896405168819181863, 0.000000000000000000, 0.7241518884010734736 ) ) ;
#295 = AXIS2_PLACEMENT_3D ( 'NONE', #1317, #1608, #2608 ) ;
#296 = FACE_OUTER_BOUND ( 'NONE', #17, .T. ) ;
#297 = STYLED_ITEM ( 'NONE', ( #873 ), #804 ) ;
#298 = CARTESIAN_POINT ( 'NONE',  ( -285.2692632528747936, 1076.559999999999945, 4.587123813316574150 ) ) ;
#299 = CARTESIAN_POINT ( 'NONE',  ( -141.1614346981550625, 1076.559999999999945, 27.35412429335869788 ) ) ;
#300 = AXIS2_PLACEMENT_3D ( 'NONE', #2573, #3246, #2934 ) ;
#301 = ORIENTED_EDGE ( 'NONE', *, *, #1703, .T. ) ;
#302 = ORIENTED_EDGE ( 'NONE', *, *, #1940, .F. ) ;
#303 = CARTESIAN_POINT ( 'NONE',  ( -242.5546761553364092, 1077.559999999999945, 11.33505664491636189 ) ) ;
#304 = PLANE ( 'NONE',  #1459 ) ;
#305 = LINE ( 'NONE', #1866, #895 ) ;
#306 = CIRCLE ( 'NONE', #2474, 0.6007478931679237633 ) ;
#307 = ADVANCED_FACE ( 'NONE', ( #2673 ), #791, .T. ) ;
#308 = EDGE_CURVE ( 'NONE', #2257, #976, #3037, .T. ) ;
#309 = EDGE_LOOP ( 'NONE', ( #1387, #3404, #3677, #774 ) ) ;
#310 = CARTESIAN_POINT ( 'NONE',  ( -190.1890343106762202, 1076.559999999999945, 9.385866078298587212 ) ) ;
#311 = ORIENTED_EDGE ( 'NONE', *, *, #1428, .F. ) ;
#312 = FACE_BOUND ( 'NONE', #396, .T. ) ;
#313 = CARTESIAN_POINT ( 'NONE',  ( -256.7728635227499581, 1077.559999999999945, 7.176306220632727495 ) ) ;
#314 = CARTESIAN_POINT ( 'NONE',  ( -297.6249865866923869, 1076.559999999999945, 0.7942685039227671551 ) ) ;
#315 = LINE ( 'NONE', #1294, #188 ) ;
#316 = CARTESIAN_POINT ( 'NONE',  ( -255.0275276099420694, 1076.959999999999582, 7.279903762745472129 ) ) ;
#317 = PLANE ( 'NONE',  #295 ) ;
#318 = LINE ( 'NONE', #3620, #135 ) ;
#319 = VECTOR ( 'NONE', #2093, 1000.000000000000000 ) ;
#320 = ORIENTED_EDGE ( 'NONE', *, *, #2558, .F. ) ;
#321 = ORIENTED_EDGE ( 'NONE', *, *, #1596, .T. ) ;
#322 = CARTESIAN_POINT ( 'NONE',  ( -149.7388882563057280, 1077.559999999999945, 25.87779423093265763 ) ) ;
#323 = DIRECTION ( 'NONE',  ( -0.7241518884010706980, 0.000000000000000000, -0.6896405168819210729 ) ) ;
#324 = CARTESIAN_POINT ( 'NONE',  ( -292.2377533026756282, 1076.959999999999809, 1.650914772663081065 ) ) ;
#325 = AXIS2_PLACEMENT_3D ( 'NONE', #3483, #1276, #275 ) ;
#326 = ORIENTED_EDGE ( 'NONE', *, *, #252, .T. ) ;
#327 = EDGE_CURVE ( 'NONE', #610, #2484, #2063, .T. ) ;
#328 = CARTESIAN_POINT ( 'NONE',  ( -133.9566291355090470, 1077.559999999999945, 9.286974893465034242 ) ) ;
#329 = CARTESIAN_POINT ( 'NONE',  ( -276.9279722789253810, 1076.559999999999718, 2.022114237912307821 ) ) ;
#330 = CARTESIAN_POINT ( 'NONE',  ( -132.7570444405484125, 1077.559999999999945, 9.255407141683622996 ) ) ;
#331 = LINE ( 'NONE', #3904, #3434 ) ;
#332 = EDGE_CURVE ( 'NONE', #362, #221, #1511, .T. ) ;
#333 = CIRCLE ( 'NONE', #2098, 9.000000000001181277 ) ;
#334 = CARTESIAN_POINT ( 'NONE',  ( -225.6975725102126944, 1076.959999999999582, 8.533007167635572543 ) ) ;
#335 = LINE ( 'NONE', #1334, #647 ) ;
#336 = CARTESIAN_POINT ( 'NONE',  ( -128.9236941600217108, 1077.559999999999945, 122.5174531115823271 ) ) ;
#337 = VECTOR ( 'NONE', #1341, 999.9999999999998863 ) ;
#338 = B_SPLINE_CURVE_WITH_KNOTS ( 'NONE', 3,
 ( #1427, #3672, #3692, #442, #4001, #3956 ),
 .UNSPECIFIED., .F., .F.,
 ( 4, 1, 1, 4 ),
 ( 0.7038618315150664273, 0.7171398451842927457, 0.7318357230699212845, 0.7320330935912517933 ),
 .UNSPECIFIED. ) ;
#339 = VECTOR ( 'NONE', #538, 1000.000000000000000 ) ;
#340 = VERTEX_POINT ( 'NONE', #1788 ) ;
#341 = LINE ( 'NONE', #1360, #4036 ) ;
#342 = LINE ( 'NONE', #662, #3012 ) ;
#343 = CARTESIAN_POINT ( 'NONE',  ( -270.6058122691731000, 1076.959999999999809, 7.731282320555692422 ) ) ;
#344 = ORIENTED_EDGE ( 'NONE', *, *, #4134, .F. ) ;
#345 = LINE ( 'NONE', #1268, #3530 ) ;
#346 = EDGE_CURVE ( 'NONE', #474, #2485, #3080, .T. ) ;
#347 = DIRECTION ( 'NONE',  ( -0.7248872777926378408, 0.000000000000000000, 0.6888675014067503488 ) ) ;
#348 = VERTEX_POINT ( 'NONE', #3625 ) ;
#349 = DIRECTION ( 'NONE',  ( -0.000000000000000000, -1.000000000000000000, -0.000000000000000000 ) ) ;
#350 = PLANE ( 'NONE',  #3342 ) ;
#351 = DIRECTION ( 'NONE',  ( -0.000000000000000000, -1.000000000000000000, -0.000000000000000000 ) ) ;
#352 = EDGE_CURVE ( 'NONE', #1304, #3708, #722, .T. ) ;
#353 = CARTESIAN_POINT ( 'NONE',  ( -97.31973502765107753, 1076.959999999999809, -102.4084278262971566 ) ) ;
#354 = CARTESIAN_POINT ( 'NONE',  ( -268.3117575011433473, 1165.440000000000055, 8.318369645161142856 ) ) ;
#355 = CARTESIAN_POINT ( 'NONE',  ( -112.2016622524414515, 1076.559999999999945, 28.10930200660903822 ) ) ;
#356 = VERTEX_POINT ( 'NONE', #2042 ) ;
#357 = LINE ( 'NONE', #3955, #2557 ) ;
#358 = LINE ( 'NONE', #3894, #1587 ) ;
#359 = CARTESIAN_POINT ( 'NONE',  ( -268.3117575011433473, 1165.440000000000055, 8.318369645161142856 ) ) ;
#360 = ADVANCED_FACE ( 'NONE', ( #422 ), #1405, .F. ) ;
#361 = VECTOR ( 'NONE', #2759, 1000.000000000000000 ) ;
#362 = VERTEX_POINT ( 'NONE', #2381 ) ;
#363 = LINE ( 'NONE', #3553, #681 ) ;
#364 = DIRECTION ( 'NONE',  ( -0.6896405168819210729, 0.000000000000000000, 0.7241518884010706980 ) ) ;
#365 = EDGE_LOOP ( 'NONE', ( #1762, #1957, #3161, #648, #556, #2213 ) ) ;
#366 = CARTESIAN_POINT ( 'NONE',  ( -276.9279722789253810, 1165.440000000000055, 2.022114237912307821 ) ) ;
#367 = CARTESIAN_POINT ( 'NONE',  ( -133.5305144212685775, 1077.559999999999945, 25.38181269808915630 ) ) ;
#368 = DIRECTION ( 'NONE',  ( -0.000000000000000000, -1.000000000000000000, -0.000000000000000000 ) ) ;
#369 = CARTESIAN_POINT ( 'NONE',  ( -247.5948149815329487, 1076.959999999999582, 7.661474984079974959 ) ) ;
#370 = CARTESIAN_POINT ( 'NONE',  ( -297.6249865866503796, 1076.559999999999945, 0.7942685039368116984 ) ) ;
#371 = CARTESIAN_POINT ( 'NONE',  ( -80.42685347601847923, 1077.559999999999945, -84.63224460233963953 ) ) ;
#372 = EDGE_CURVE ( 'NONE', #1936, #2756, #3733, .T. ) ;
#373 = EDGE_CURVE ( 'NONE', #3835, #374, #2807, .T. ) ;
#374 = VERTEX_POINT ( 'NONE', #3776 ) ;
#375 =( BOUNDED_CURVE ( )  B_SPLINE_CURVE ( 3, ( #9, #2898, #1310, #3215 ),
 .UNSPECIFIED., .F., .F. ) 
 B_SPLINE_CURVE_WITH_KNOTS ( ( 4, 4 ),
 ( 1.879331243436174637, 2.689789384820443718 ),
 .UNSPECIFIED. ) 
 CURVE ( )  GEOMETRIC_REPRESENTATION_ITEM ( )  RATIONAL_B_SPLINE_CURVE ( ( 1.000000000000000000, 0.9460080766014709042, 0.9460080766014709042, 1.000000000000000000 ) ) 
 REPRESENTATION_ITEM ( '' )  );
#376 = ORIENTED_EDGE ( 'NONE', *, *, #2667, .T. ) ;
#377 = ORIENTED_EDGE ( 'NONE', *, *, #1392, .T. ) ;
#378 = CARTESIAN_POINT ( 'NONE',  ( -227.6072848800073700, 1076.959999999999582, 14.49505114406339423 ) ) ;
#379 = LINE ( 'NONE', #645, #24 ) ;
#380 = DIRECTION ( 'NONE',  ( 0.000000000000000000, 1.000000000000000000, 0.000000000000000000 ) ) ;
#381 = DIRECTION ( 'NONE',  ( 0.000000000000000000, -1.000000000000000000, 0.000000000000000000 ) ) ;
#382 = ORIENTED_EDGE ( 'NONE', *, *, #2987, .T. ) ;
#383 = VERTEX_POINT ( 'NONE', #3484 ) ;
#384 = VECTOR ( 'NONE', #3886, 999.9999999999998863 ) ;
#385 = PLANE ( 'NONE',  #3249 ) ;
#386 = B_SPLINE_CURVE_WITH_KNOTS ( 'NONE', 3,
 ( #1001, #4145, #1313, #4165 ),
 .UNSPECIFIED., .F., .F.,
 ( 4, 4 ),
 ( 0.1765445660929128580, 0.1801992094833818059 ),
 .UNSPECIFIED. ) ;
#387 = LINE ( 'NONE', #179, #894 ) ;
#388 = EDGE_LOOP ( 'NONE', ( #2122, #2737, #2079, #412 ) ) ;
#389 = CARTESIAN_POINT ( 'NONE',  ( -123.7680119748291787, 1076.959999999999809, 117.6179576813737810 ) ) ;
#390 = CARTESIAN_POINT ( 'NONE',  ( -269.3505351009392257, 1165.440000000000055, 8.883550396655463643 ) ) ;
#391 = FACE_OUTER_BOUND ( 'NONE', #2231, .T. ) ;
#392 = CARTESIAN_POINT ( 'NONE',  ( -257.6570793527035335, 1076.959999999999809, 7.526381928219137762 ) ) ;
#393 = CARTESIAN_POINT ( 'NONE',  ( -256.7706833590910378, 1076.959999999999582, 8.074497407324152221 ) ) ;
#394 = CARTESIAN_POINT ( 'NONE',  ( -247.5948149815329487, 1081.559999999999945, 7.661474984079974959 ) ) ;
#395 = EDGE_CURVE ( 'NONE', #3953, #2519, #3574, .T. ) ;
#396 = EDGE_LOOP ( 'NONE', ( #2398, #326, #2818, #1992 ) ) ;
#397 = CARTESIAN_POINT ( 'NONE',  ( -266.3727187654356499, 1076.959999999999809, 3.583167371676566404 ) ) ;
#398 = VECTOR ( 'NONE', #2596, 1000.000000000000227 ) ;
#399 = FACE_OUTER_BOUND ( 'NONE', #760, .T. ) ;
#400 = LINE ( 'NONE', #1012, #1558 ) ;
#401 = DIRECTION ( 'NONE',  ( -0.8376768486538581637, 0.000000000000000000, 0.5461661809644947629 ) ) ;
#402 = CIRCLE ( 'NONE', #1501, 0.6007478931679237633 ) ;
#403 = VECTOR ( 'NONE', #1637, 1000.000000000000114 ) ;
#404 = ORIENTED_EDGE ( 'NONE', *, *, #1744, .T. ) ;
#405 = ORIENTED_EDGE ( 'NONE', *, *, #39, .F. ) ;
#406 = AXIS2_PLACEMENT_3D ( 'NONE', #3631, #3658, #2813 ) ;
#407 = VERTEX_POINT ( 'NONE', #1177 ) ;
#408 = DIRECTION ( 'NONE',  ( -0.7372897795734375537, 0.000000000000000000, 0.6755766284712281244 ) ) ;
#409 = EDGE_CURVE ( 'NONE', #3096, #3358, #136, .T. ) ;
#410 = EDGE_CURVE ( 'NONE', #3974, #513, #546, .T. ) ;
#411 = DIRECTION ( 'NONE',  ( -0.01073934591758248132, 0.000000000000000000, -0.9999423315618068964 ) ) ;
#412 = ORIENTED_EDGE ( 'NONE', *, *, #570, .T. ) ;
#413 = CARTESIAN_POINT ( 'NONE',  ( -290.3110310810180863, 1165.440000000000055, 3.099905874896820901 ) ) ;
#414 = DIRECTION ( 'NONE',  ( 0.000000000000000000, -1.000000000000000000, 0.000000000000000000 ) ) ;
#415 = CARTESIAN_POINT ( 'NONE',  ( -65.70031221889387041, 1077.559999999999945, -69.13567613107584009 ) ) ;
#416 = EDGE_CURVE ( 'NONE', #2040, #1322, #834, .T. ) ;
#417 = CARTESIAN_POINT ( 'NONE',  ( -258.0653487718396377, 1076.959999999999582, 7.103995779842669833 ) ) ;
#418 = LINE ( 'NONE', #1068, #2462 ) ;
#419 = CARTESIAN_POINT ( 'NONE',  ( -211.0565265721793935, 1081.559999999999945, 8.962763485681316311 ) ) ;
#420 = ORIENTED_EDGE ( 'NONE', *, *, #2328, .F. ) ;
#421 = PLANE ( 'NONE',  #3298 ) ;
#422 = FACE_OUTER_BOUND ( 'NONE', #3415, .T. ) ;
#423 = LINE ( 'NONE', #3418, #679 ) ;
#424 = CARTESIAN_POINT ( 'NONE',  ( -128.1061509150808320, 1076.559999999999945, 27.97564465478143347 ) ) ;
#425 = ORIENTED_EDGE ( 'NONE', *, *, #234, .F. ) ;
#426 = ORIENTED_EDGE ( 'NONE', *, *, #2106, .T. ) ;
#427 = ORIENTED_EDGE ( 'NONE', *, *, #458, .T. ) ;
#428 = DIRECTION ( 'NONE',  ( -0.9999437914932061133, 0.000000000000000000, -0.01060253998774571271 ) ) ;
#429 = VECTOR ( 'NONE', #3903, 1000.000000000000114 ) ;
#430 = EDGE_CURVE ( 'NONE', #4076, #2405, #957, .T. ) ;
#431 = EDGE_CURVE ( 'NONE', #1494, #3203, #193, .T. ) ;
#432 = VECTOR ( 'NONE', #60, 1000.000000000000000 ) ;
#433 = ORIENTED_EDGE ( 'NONE', *, *, #477, .F. ) ;
#434 = CARTESIAN_POINT ( 'NONE',  ( -272.0829353890873676, 1165.440000000000055, 8.182179439941577925 ) ) ;
#435 = CARTESIAN_POINT ( 'NONE',  ( -99.13813852873975918, 1081.559999999999945, 23.95660055259056165 ) ) ;
#436 = CARTESIAN_POINT ( 'NONE',  ( 0.000000000000000000, 1076.959999999999809, 0.000000000000000000 ) ) ;
#437 = CARTESIAN_POINT ( 'NONE',  ( -112.3038216628891064, 1081.559999999999945, 24.31067548444906024 ) ) ;
#438 = LINE ( 'NONE', #3688, #2938 ) ;
#439 = CARTESIAN_POINT ( 'NONE',  ( -132.3252790877544953, 1077.559999999999945, 25.56367482687227621 ) ) ;
#440 = ORIENTED_EDGE ( 'NONE', *, *, #1703, .F. ) ;
#441 = CARTESIAN_POINT ( 'NONE',  ( -295.2960495103556013, 1165.440000000000055, 0.3249056940543462169 ) ) ;
#442 = CARTESIAN_POINT ( 'NONE',  ( -129.4660814831989910, 1076.560000000000173, 9.165747756566915427 ) ) ;
#443 = DIRECTION ( 'NONE',  ( -0.02688405537884543811, 0.000000000000000000, -0.9996385584632012655 ) ) ;
#444 = CARTESIAN_POINT ( 'NONE',  ( -141.1614346981550625, 1076.559999999999945, 27.35412429335869788 ) ) ;
#445 = ORIENTED_EDGE ( 'NONE', *, *, #3496, .T. ) ;
#446 = ORIENTED_EDGE ( 'NONE', *, *, #1875, .T. ) ;
#447 = ORIENTED_EDGE ( 'NONE', *, *, #201, .F. ) ;
#448 = VERTEX_POINT ( 'NONE', #4131 ) ;
#449 = DIRECTION ( 'NONE',  ( 0.000000000000000000, -1.000000000000000000, 0.000000000000000000 ) ) ;
#450 = VECTOR ( 'NONE', #1485, 1000.000000000000227 ) ;
#451 = EDGE_CURVE ( 'NONE', #1434, #3708, #306, .T. ) ;
#452 = ORIENTED_EDGE ( 'NONE', *, *, #168, .T. ) ;
#453 = DIRECTION ( 'NONE',  ( 0.9286912196815810816, 0.000000000000000000, -0.3708539045046411742 ) ) ;
#454 = LINE ( 'NONE', #2324, #4177 ) ;
#455 = CARTESIAN_POINT ( 'NONE',  ( -50.02817683524195758, 1076.559999999999945, -52.64406993357894038 ) ) ;
#456 = CARTESIAN_POINT ( 'NONE',  ( -254.6226053384950774, 1076.959999999999809, 8.584301412233694251 ) ) ;
#457 = CARTESIAN_POINT ( 'NONE',  ( -178.2004695315806657, 1076.559999999999945, 22.82649320470189025 ) ) ;
#458 = EDGE_CURVE ( 'NONE', #1722, #2271, #3376, .T. ) ;
#459 = ORIENTED_EDGE ( 'NONE', *, *, #2099, .T. ) ;
#460 = VERTEX_POINT ( 'NONE', #2307 ) ;
#461 = ORIENTED_EDGE ( 'NONE', *, *, #2145, .T. ) ;
#462 = DIRECTION ( 'NONE',  ( 0.7248872777926386179, 0.000000000000000000, -0.6888675014067493496 ) ) ;
#463 = CARTESIAN_POINT ( 'NONE',  ( -234.7378271132975556, 1076.959999999999582, 8.198046345726323736 ) ) ;
#464 = DIRECTION ( 'NONE',  ( 0.6888675014067514590, 0.000000000000000000, 0.7248872777926367306 ) ) ;
#465 =( LENGTH_UNIT ( ) NAMED_UNIT ( * ) SI_UNIT ( .MILLI., .METRE. ) );
#466 = VECTOR ( 'NONE', #401, 1000.000000000000000 ) ;
#467 = VERTEX_POINT ( 'NONE', #2627 ) ;
#468 = ORIENTED_EDGE ( 'NONE', *, *, #3340, .F. ) ;
#469 = ORIENTED_EDGE ( 'NONE', *, *, #2182, .F. ) ;
#471 = AXIS2_PLACEMENT_3D ( 'NONE', #2520, #868, #3786 ) ;
#470 = DIRECTION ( 'NONE',  ( -0.7248872777926402833, 0.000000000000000000, 0.6888675014067477953 ) ) ;
#472 = VECTOR ( 'NONE', #443, 1000.000000000000000 ) ;
#473 = AXIS2_PLACEMENT_3D ( 'NONE', #1345, #1926, #47 ) ;
#474 = VERTEX_POINT ( 'NONE', #620 ) ;
#475 = DIRECTION ( 'NONE',  ( 0.000000000000000000, -1.000000000000000000, 0.000000000000000000 ) ) ;
#476 = PLANE ( 'NONE',  #1212 ) ;
#477 = EDGE_CURVE ( 'NONE', #3196, #2418, #335, .T. ) ;
#478 = CARTESIAN_POINT ( 'NONE',  ( -113.5285485838877833, 1076.559999999999718, 8.528672068350594770 ) ) ;
#479 = DIRECTION ( 'NONE',  ( 0.000000000000000000, 0.000000000000000000, -1.000000000000000000 ) ) ;
#480 = EDGE_CURVE ( 'NONE', #4161, #875, #2669, .T. ) ;
#481 = EDGE_CURVE ( 'NONE', #1641, #2635, #4149, .T. ) ;
#482 = ORIENTED_EDGE ( 'NONE', *, *, #3428, .F. ) ;
#483 = B_SPLINE_CURVE_WITH_KNOTS ( 'NONE', 3,
 ( #3637, #2626, #1969, #3239 ),
 .UNSPECIFIED., .F., .F.,
 ( 4, 4 ),
 ( 0.7338661583722697612, 0.7561382821082323069 ),
 .UNSPECIFIED. ) ;
#484 = VERTEX_POINT ( 'NONE', #1005 ) ;
#485 = ORIENTED_EDGE ( 'NONE', *, *, #1986, .F. ) ;
#486 = CARTESIAN_POINT ( 'NONE',  ( -252.0785529140159724, 1077.559999999999945, 7.428040944472593665 ) ) ;
#487 = CARTESIAN_POINT ( 'NONE',  ( -260.6240663350704381, 1076.559999999999945, 6.159236989585118671 ) ) ;
#488 = CARTESIAN_POINT ( 'NONE',  ( -253.0423473195501742, 1077.559999999999945, 8.955332983845949002 ) ) ;
#489 = APPLICATION_PROTOCOL_DEFINITION ( 'draft international standard', 'automotive_design', 1998, #2499 ) ;
#490 = EDGE_LOOP ( 'NONE', ( #767, #311, #571 ) ) ;
#491 = ORIENTED_EDGE ( 'NONE', *, *, #1536, .T. ) ;
#492 = DIRECTION ( 'NONE',  ( 0.000000000000000000, -1.000000000000000000, 0.000000000000000000 ) ) ;
#493 = ORIENTED_EDGE ( 'NONE', *, *, #623, .T. ) ;
#494 = CARTESIAN_POINT ( 'NONE',  ( -102.3130301131315036, 1076.559999999999945, 93.74915243284928579 ) ) ;
#495 = EDGE_CURVE ( 'NONE', #3719, #38, #1933, .T. ) ;
#496 = ORIENTED_EDGE ( 'NONE', *, *, #3518, .T. ) ;
#497 = B_SPLINE_CURVE_WITH_KNOTS ( 'NONE', 3,
 ( #4176, #1844, #4156, #263 ),
 .UNSPECIFIED., .F., .F.,
 ( 4, 4 ),
 ( 0.06319283298366798474, 0.06438286562773318233 ),
 .UNSPECIFIED. ) ;
#498 = UNCERTAINTY_MEASURE_WITH_UNIT (LENGTH_MEASURE( 1.000000000000000082E-05 ), #465, 'distance_accuracy_value', 'NONE');
#499 = VERTEX_POINT ( 'NONE', #3598 ) ;
#500 = PLANE ( 'NONE',  #1352 ) ;
#501 = CARTESIAN_POINT ( 'NONE',  ( -260.6240663350704381, 1165.440000000000055, 6.159236989585118671 ) ) ;
#502 = VECTOR ( 'NONE', #3949, 1000.000000000000227 ) ;
#503 = CARTESIAN_POINT ( 'NONE',  ( -280.3490536555156041, 1076.959999999999809, 2.537585519907809672 ) ) ;
#504 = PLANE ( 'NONE',  #3748 ) ;
#505 = DIRECTION ( 'NONE',  ( 0.7248872777926399502, 0.000000000000000000, -0.6888675014067480173 ) ) ;
#506 = ORIENTED_EDGE ( 'NONE', *, *, #2686, .F. ) ;
#507 = EDGE_CURVE ( 'NONE', #448, #2698, #3561, .T. ) ;
#508 = CARTESIAN_POINT ( 'NONE',  ( -250.7585574480021364, 1077.559999999999945, 7.495065782900966589 ) ) ;
#509 = EDGE_CURVE ( 'NONE', #2422, #660, #2260, .T. ) ;
#510 = CARTESIAN_POINT ( 'NONE',  ( -112.7508309264629105, 1081.559999999999945, 7.689384925052574538 ) ) ;
#511 = CARTESIAN_POINT ( 'NONE',  ( -260.7043874911533976, 1165.440000000000055, 6.146900934099051916 ) ) ;
#512 = DIRECTION ( 'NONE',  ( 0.000000000000000000, 0.000000000000000000, 1.000000000000000000 ) ) ;
#513 = VERTEX_POINT ( 'NONE', #16 ) ;
#514 = ORIENTED_EDGE ( 'NONE', *, *, #912, .F. ) ;
#515 = DIRECTION ( 'NONE',  ( 0.000000000000000000, 0.000000000000000000, -1.000000000000000000 ) ) ;
#516 = CARTESIAN_POINT ( 'NONE',  ( -117.0799586928293792, 1076.959999999999809, 111.2622349437988589 ) ) ;
#517 = LINE ( 'NONE', #3425, #339 ) ;
#518 = EDGE_CURVE ( 'NONE', #3649, #2397, #2883, .T. ) ;
#519 = ORIENTED_EDGE ( 'NONE', *, *, #2824, .T. ) ;
#520 = DIRECTION ( 'NONE',  ( 0.000000000000000000, -1.000000000000000000, 0.000000000000000000 ) ) ;
#521 = CARTESIAN_POINT ( 'NONE',  ( -265.7189512413806938, 1165.440000000000055, 5.831332410554418644 ) ) ;
#522 = FACE_BOUND ( 'NONE', #600, .T. ) ;
#523 = CARTESIAN_POINT ( 'NONE',  ( -133.1865977557806389, 1077.559999999999945, 26.91476152604799665 ) ) ;
#524 = VECTOR ( 'NONE', #1603, 1000.000000000000000 ) ;
#525 = CARTESIAN_POINT ( 'NONE',  ( -87.29745966063431695, 1076.959999999999809, -91.86210376071331041 ) ) ;
#526 = ORIENTED_EDGE ( 'NONE', *, *, #936, .F. ) ;
#527 = ORIENTED_EDGE ( 'NONE', *, *, #3359, .T. ) ;
#528 = ORIENTED_EDGE ( 'NONE', *, *, #669, .T. ) ;
#529 = CARTESIAN_POINT ( 'NONE',  ( -265.8557205421092817, 1076.559999999999945, 6.670256816194243932 ) ) ;
#530 = CARTESIAN_POINT ( 'NONE',  ( -200.4954640087551923, 1081.559999999999945, 8.438484520300974623 ) ) ;
#531 = CARTESIAN_POINT ( 'NONE',  ( -192.5000000004401102, 1081.559999999999945, 15.15093237100210288 ) ) ;
#532 = CARTESIAN_POINT ( 'NONE',  ( -213.6449430063347279, 1077.559999999999945, 8.873357482883815095 ) ) ;
#533 = ADVANCED_FACE ( 'NONE', ( #2284 ), #317, .T. ) ;
#534 = ORIENTED_EDGE ( 'NONE', *, *, #104, .F. ) ;
#535 = ORIENTED_EDGE ( 'NONE', *, *, #1369, .T. ) ;
#536 = CARTESIAN_POINT ( 'NONE',  ( -112.6486715160237821, 1081.559999999999945, 11.48801144721272927 ) ) ;
#537 = CARTESIAN_POINT ( 'NONE',  ( 0.000000000000000000, 1077.559999999999945, 0.000000000000000000 ) ) ;
#538 = DIRECTION ( 'NONE',  ( 0.000000000000000000, -1.000000000000000000, 0.000000000000000000 ) ) ;
#539 = CARTESIAN_POINT ( 'NONE',  ( -255.8870986851619023, 1077.559999999999945, 7.681003567253950948 ) ) ;
#540 = VECTOR ( 'NONE', #3735, 1000.000000000000000 ) ;
#541 = VECTOR ( 'NONE', #3966, 1000.000000000000114 ) ;
#542 = ORIENTED_EDGE ( 'NONE', *, *, #3679, .T. ) ;
#543 = CARTESIAN_POINT ( 'NONE',  ( -123.3137327467877640, 1076.559999999999945, 27.25623171729949945 ) ) ;
#544 = VECTOR ( 'NONE', #1379, 1000.000000000000114 ) ;
#545 = ADVANCED_FACE ( 'NONE', ( #3888 ), #3906, .T. ) ;
#546 = B_SPLINE_CURVE_WITH_KNOTS ( 'NONE', 3,
 ( #1221, #217, #903, #924, #2463, #1834, #2509, #2191, #2868, #578 ),
 .UNSPECIFIED., .F., .F.,
 ( 4, 1, 1, 1, 1, 1, 1, 4 ),
 ( 0.04410003439761221028, 0.04432521835872276633, 0.04858316171247652193, 0.05825476480099728294, 0.06792636788951804394, 0.07759797097803880495, 0.09694117715508032695, 0.1095003286792484432 ),
 .UNSPECIFIED. ) ;
#547 = VECTOR ( 'NONE', #953, 1000.000000000000000 ) ;
#548 = VECTOR ( 'NONE', #1854, 1000.000000000000000 ) ;
#549 = CIRCLE ( 'NONE', #3663, 4.124999999999996447 ) ;
#550 = CARTESIAN_POINT ( 'NONE',  ( -92.49999999999820943, 1076.559999999999945, 16.74722354252501688 ) ) ;
#551 = CARTESIAN_POINT ( 'NONE',  ( -132.0558163152723807, 1077.559999999999945, 26.96303150517800873 ) ) ;
#552 = CARTESIAN_POINT ( 'NONE',  ( -179.3923076441957392, 1081.559999999999945, 22.66755377934815030 ) ) ;
#553 = CIRCLE ( 'NONE', #2921, 0.6010667131491793658 ) ;
#554 = EDGE_CURVE ( 'NONE', #1285, #221, #676, .T. ) ;
#555 = ORIENTED_EDGE ( 'NONE', *, *, #3389, .F. ) ;
#556 = ORIENTED_EDGE ( 'NONE', *, *, #3730, .T. ) ;
#557 = ORIENTED_EDGE ( 'NONE', *, *, #1941, .F. ) ;
#558 = LINE ( 'NONE', #2487, #1620 ) ;
#559 = CARTESIAN_POINT ( 'NONE',  ( -171.5645189601738423, 1076.559999999999945, 9.608143046178179603 ) ) ;
#560 = CARTESIAN_POINT ( 'NONE',  ( -232.7573189821663959, 1077.559999999999945, 13.43332594171979544 ) ) ;
#561 = B_SPLINE_CURVE_WITH_KNOTS ( 'NONE', 3,
 ( #1311, #4162, #1927, #2902, #1270, #632, #3555, #1328, #2242 ),
 .UNSPECIFIED., .F., .F.,
 ( 4, 1, 1, 1, 1, 1, 4 ),
 ( 0.9389019328317700364, 0.9448400810633528213, 0.9507782292949357172, 0.9626545257581013981, 0.9745308222212671900, 0.9804689704528499750, 0.9864071186844328709 ),
 .UNSPECIFIED. ) ;
#562 = CARTESIAN_POINT ( 'NONE',  ( -233.9222184832874234, 1077.559999999999945, 13.19005079517899048 ) ) ;
#563 = ORIENTED_EDGE ( 'NONE', *, *, #145, .T. ) ;
#564 = EDGE_LOOP ( 'NONE', ( #3175, #3226, #1479, #817 ) ) ;
#565 = DIRECTION ( 'NONE',  ( 0.000000000000000000, -1.000000000000000000, 0.000000000000000000 ) ) ;
#566 = CARTESIAN_POINT ( 'NONE',  ( -292.8379051515317428, 1076.559999999999945, 0.5759372687055264173 ) ) ;
#567 = CARTESIAN_POINT ( 'NONE',  ( -129.5036039822503255, 1077.559999999999945, 123.0685471127015518 ) ) ;
#568 = VERTEX_POINT ( 'NONE', #2947 ) ;
#569 = CARTESIAN_POINT ( 'NONE',  ( 0.2273156052835981489, 1081.559999999999945, 8.452349944409743188 ) ) ;
#570 = EDGE_CURVE ( 'NONE', #1037, #207, #36, .T. ) ;
#571 = ORIENTED_EDGE ( 'NONE', *, *, #1249, .F. ) ;
#572 = AXIS2_PLACEMENT_3D ( 'NONE', #1738, #3666, #2392 ) ;
#573 = CARTESIAN_POINT ( 'NONE',  ( -145.7690503019791208, 1076.559999999999945, 26.18834114502518062 ) ) ;
#574 = CARTESIAN_POINT ( 'NONE',  ( -109.3093335793666085, 1077.559999999999945, -115.0249432494104553 ) ) ;
#575 = B_SPLINE_CURVE_WITH_KNOTS ( 'NONE', 3,
 ( #4150, #3148, #257, #560 ),
 .UNSPECIFIED., .F., .F.,
 ( 4, 4 ),
 ( 0.07191289096778631651, 0.07307916071571725347 ),
 .UNSPECIFIED. ) ;
#576 = ORIENTED_EDGE ( 'NONE', *, *, #2090, .T. ) ;
#577 = FACE_OUTER_BOUND ( 'NONE', #227, .T. ) ;
#578 = CARTESIAN_POINT ( 'NONE',  ( -195.6463559078458445, 1081.559999999999945, 20.27733546108195739 ) ) ;
#579 = CARTESIAN_POINT ( 'NONE',  ( -265.5219321219681774, 1165.440000000000055, 2.837808823443983997 ) ) ;
#580 = EDGE_LOOP ( 'NONE', ( #2256, #2871, #2881, #3801 ) ) ;
#581 = ORIENTED_EDGE ( 'NONE', *, *, #3158, .F. ) ;
#582 = DIRECTION ( 'NONE',  ( 0.000000000000000000, -1.000000000000000000, 0.000000000000000000 ) ) ;
#583 = DIRECTION ( 'NONE',  ( 0.000000000000000000, -1.000000000000000000, 0.000000000000000000 ) ) ;
#584 = CARTESIAN_POINT ( 'NONE',  ( -159.3824136573666976, 1076.559999999999945, 25.03376272444224071 ) ) ;
#585 = EDGE_LOOP ( 'NONE', ( #3189, #3326, #1675, #1049 ) ) ;
#586 = DIRECTION ( 'NONE',  ( 0.000000000000000000, -1.000000000000000000, 0.000000000000000000 ) ) ;
#587 = EDGE_CURVE ( 'NONE', #3486, #2066, #3274, .T. ) ;
#588 = DIRECTION ( 'NONE',  ( 0.000000000000000000, 0.000000000000000000, 1.000000000000000000 ) ) ;
#589 = CARTESIAN_POINT ( 'NONE',  ( -277.4549981302086508, 1165.440000000000055, 6.762558882512843539 ) ) ;
#590 = CARTESIAN_POINT ( 'NONE',  ( -238.8043900228236964, 1077.559999999999945, 8.035481055062303923 ) ) ;
#591 = AXIS2_PLACEMENT_3D ( 'NONE', #4166, #613, #3202 ) ;
#592 = ORIENTED_EDGE ( 'NONE', *, *, #3495, .F. ) ;
#593 = CARTESIAN_POINT ( 'NONE',  ( -264.2871590457025377, 1081.559999999999945, 7.064132261341821817 ) ) ;
#594 = CARTESIAN_POINT ( 'NONE',  ( -150.8221721565745383, 1081.559999999999945, 8.847120223398674099 ) ) ;
#595 = CARTESIAN_POINT ( 'NONE',  ( -190.0016062534441232, 1077.559999999999945, 21.15314922817598031 ) ) ;
#596 = EDGE_CURVE ( 'NONE', #259, #3007, #1420, .T. ) ;
#597 = ORIENTED_EDGE ( 'NONE', *, *, #964, .T. ) ;
#598 = VECTOR ( 'NONE', #1932, 1000.000000000000114 ) ;
#599 = EDGE_CURVE ( 'NONE', #3062, #2271, #418, .T. ) ;
#600 = EDGE_LOOP ( 'NONE', ( #241, #1794, #883, #1903 ) ) ;
#601 = ORIENTED_EDGE ( 'NONE', *, *, #3412, .F. ) ;
#602 = CARTESIAN_POINT ( 'NONE',  ( -113.6756979680784099, 1081.559999999999945, 3.057168747125016850 ) ) ;
#603 = CARTESIAN_POINT ( 'NONE',  ( -112.8759871213074035, 1081.559999999999945, 3.035661502803514988 ) ) ;
#604 = CARTESIAN_POINT ( 'NONE',  ( -132.5334251630776805, 1076.959999999999809, 125.9478159459217181 ) ) ;
#605 = EDGE_CURVE ( 'NONE', #1213, #2279, #1961, .T. ) ;
#606 = EDGE_CURVE ( 'NONE', #4033, #624, #97, .T. ) ;
#607 = ORIENTED_EDGE ( 'NONE', *, *, #1418, .T. ) ;
#608 = CARTESIAN_POINT ( 'NONE',  ( -256.8343786850404626, 1077.559999999999945, 8.059280522143909664 ) ) ;
#609 = AXIS2_PLACEMENT_3D ( 'NONE', #1537, #4113, #1223 ) ;
#610 = VERTEX_POINT ( 'NONE', #2346 ) ;
#611 = DIRECTION ( 'NONE',  ( -0.000000000000000000, -1.000000000000000000, -0.000000000000000000 ) ) ;
#612 = CARTESIAN_POINT ( 'NONE',  ( -192.5000000004401102, 1076.559999999999945, 19.27593237100209933 ) ) ;
#613 = DIRECTION ( 'NONE',  ( -0.6782016225132055931, 0.000000000000000000, 0.7348758801460661960 ) ) ;
#614 = VECTOR ( 'NONE', #4121, 1000.000000000000000 ) ;
#615 = ADVANCED_FACE ( 'NONE', ( #1758 ), #2688, .F. ) ;
#616 = AXIS2_PLACEMENT_3D ( 'NONE', #4091, #1571, #3798 ) ;
#617 = AXIS2_PLACEMENT_3D ( 'NONE', #3293, #1819, #89 ) ;
#618 = B_SPLINE_CURVE_WITH_KNOTS ( 'NONE', 3,
 ( #1318, #1611, #3206, #3930, #1972, #987, #3580, #697, #4190, #3889, #299, #1990, #1006, #1301, #2628, #355 ),
 .UNSPECIFIED., .F., .F.,
 ( 4, 1, 1, 1, 1, 1, 1, 1, 1, 1, 1, 1, 1, 4 ),
 ( 0.03891155862395586501, 0.04061555485876838789, 0.04231955109357731643, 0.05452787951388714249, 0.06815984939235858464, 0.08179181927083004067, 0.1090557590277729250, 0.1363196987847158093, 0.1499516686631872653, 0.1635836385416586936, 0.1772156084201301496, 0.1908475782986016056, 0.1928611597997472449, 0.1945651560345575404 ),
 .UNSPECIFIED. ) ;
#619 = PLANE ( 'NONE',  #3370 ) ;
#620 = CARTESIAN_POINT ( 'NONE',  ( -213.2678935476478159, 1077.559999999999945, 8.883460927922911310 ) ) ;
#621 = VECTOR ( 'NONE', #3272, 1000.000000000000000 ) ;
#622 = DIRECTION ( 'NONE',  ( -0.02646596929541076421, 0.000000000000000000, -0.9996497148847962588 ) ) ;
#623 = EDGE_CURVE ( 'NONE', #2108, #2209, #2007, .T. ) ;
#624 = VERTEX_POINT ( 'NONE', #1089 ) ;
#625 = VERTEX_POINT ( 'NONE', #3995 ) ;
#626 = CARTESIAN_POINT ( 'NONE',  ( -92.49999999999820943, 1081.559999999999945, 16.74722354252501688 ) ) ;
#627 = CARTESIAN_POINT ( 'NONE',  ( -220.6196549160198686, 1076.959999999999809, 15.86831721223168401 ) ) ;
#628 = CARTESIAN_POINT ( 'NONE',  ( -262.6644455877046198, 1165.440000000000055, 7.467009704362771672 ) ) ;
#629 = ORIENTED_EDGE ( 'NONE', *, *, #1505, .F. ) ;
#630 = EDGE_CURVE ( 'NONE', #1093, #4066, #3928, .T. ) ;
#631 = CARTESIAN_POINT ( 'NONE',  ( -108.7582395782411027, 1077.559999999999945, -114.4450334271763978 ) ) ;
#632 = CARTESIAN_POINT ( 'NONE',  ( -285.8727052897787075, 1165.440000000000055, 2.045397586167052584 ) ) ;
#633 = FACE_OUTER_BOUND ( 'NONE', #3475, .T. ) ;
#634 = CARTESIAN_POINT ( 'NONE',  ( -297.6249865866923869, 1165.440000000000055, 0.7942685039227671551 ) ) ;
#635 = DIRECTION ( 'NONE',  ( 0.9996385584632171417, 0.000000000000000000, -0.02688405537825763053 ) ) ;
#636 = VECTOR ( 'NONE', #143, 999.9999999999998863 ) ;
#637 = LINE ( 'NONE', #3204, #1013 ) ;
#638 = DIRECTION ( 'NONE',  ( 0.9286912196815810816, 0.000000000000000000, -0.3708539045046411742 ) ) ;
#639 = DIRECTION ( 'NONE',  ( 0.7248872777926389510, 0.000000000000000000, -0.6888675014067492386 ) ) ;
#640 = VECTOR ( 'NONE', #2651, 1000.000000000000114 ) ;
#641 = EDGE_CURVE ( 'NONE', #4018, #4173, #2326, .T. ) ;
#642 = EDGE_LOOP ( 'NONE', ( #3506, #1752, #3443, #273 ) ) ;
#643 = EDGE_LOOP ( 'NONE', ( #2068, #2384, #3773, #3040 ) ) ;
#644 = FACE_OUTER_BOUND ( 'NONE', #490, .T. ) ;
#645 = CARTESIAN_POINT ( 'NONE',  ( -123.0048530695428184, 1077.559999999999945, 129.1603298418975783 ) ) ;
#646 = DIRECTION ( 'NONE',  ( 0.7248872777926403943, 0.000000000000000000, -0.6888675014067474622 ) ) ;
#647 = VECTOR ( 'NONE', #638, 999.9999999999998863 ) ;
#648 = ORIENTED_EDGE ( 'NONE', *, *, #66, .F. ) ;
#649 = CARTESIAN_POINT ( 'NONE',  ( -133.3568342694792932, 1077.559999999999945, 9.271286723260869778 ) ) ;
#650 = EDGE_CURVE ( 'NONE', #25, #2040, #1110, .T. ) ;
#651 = DIRECTION ( 'NONE',  ( 0.000000000000000000, 0.000000000000000000, 1.000000000000000000 ) ) ;
#652 = PLANE ( 'NONE',  #2638 ) ;
#653 = CARTESIAN_POINT ( 'NONE',  ( -287.8070055320702636, 1076.559999999999945, 3.847726476973034160 ) ) ;
#654 = LINE ( 'NONE', #2962, #2762 ) ;
#655 = CARTESIAN_POINT ( 'NONE',  ( -132.0558163129717002, 1077.559999999999945, 26.96303150527395687 ) ) ;
#656 = CARTESIAN_POINT ( 'NONE',  ( -275.1101811045251111, 1165.440000000000055, 6.552289714361143602 ) ) ;
#657 = PLANE ( 'NONE',  #893 ) ;
#658 = VECTOR ( 'NONE', #1194, 1000.000000000000000 ) ;
#659 = ORIENTED_EDGE ( 'NONE', *, *, #912, .T. ) ;
#660 = VERTEX_POINT ( 'NONE', #1693 ) ;
#661 = CARTESIAN_POINT ( 'NONE',  ( -199.0850363344286507, 1081.559999999999945, 17.00309731254721868 ) ) ;
#662 = CARTESIAN_POINT ( 'NONE',  ( -123.0048530695428184, 1076.959999999999809, 129.1603298418975783 ) ) ;
#663 = CARTESIAN_POINT ( 'NONE',  ( -192.5000000004401102, 1081.559999999999945, 15.15093237100210288 ) ) ;
#664 = EDGE_CURVE ( 'NONE', #1173, #3104, #1380, .T. ) ;
#665 = EDGE_LOOP ( 'NONE', ( #4030, #2045, #3550, #3524, #1460, #2291 ) ) ;
#666 = CARTESIAN_POINT ( 'NONE',  ( -177.8347060259989121, 1076.559999999999945, 9.552397567821030222 ) ) ;
#667 = DIRECTION ( 'NONE',  ( 0.000000000000000000, -1.000000000000000000, 0.000000000000000000 ) ) ;
#668 = ORIENTED_EDGE ( 'NONE', *, *, #2559, .F. ) ;
#669 = EDGE_CURVE ( 'NONE', #3068, #2144, #2172, .T. ) ;
#670 = CARTESIAN_POINT ( 'NONE',  ( -287.7366072069025904, 1076.559999999999718, 1.077373546304119856 ) ) ;
#671 = CARTESIAN_POINT ( 'NONE',  ( -295.2192840323294263, 1165.440000000000055, 1.574556936904935922 ) ) ;
#672 = LINE ( 'NONE', #13, #2836 ) ;
#673 = EDGE_CURVE ( 'NONE', #4178, #3824, #438, .T. ) ;
#674 = VECTOR ( 'NONE', #349, 1000.000000000000000 ) ;
#675 = LINE ( 'NONE', #353, #1493 ) ;
#676 = LINE ( 'NONE', #1989, #842 ) ;
#677 = EDGE_CURVE ( 'NONE', #2450, #1225, #2077, .T. ) ;
#678 = LINE ( 'NONE', #3871, #3987 ) ;
#679 = VECTOR ( 'NONE', #3693, 1000.000000000000000 ) ;
#680 = EDGE_CURVE ( 'NONE', #2378, #3196, #1765, .T. ) ;
#681 = VECTOR ( 'NONE', #1660, 1000.000000000000000 ) ;
#682 = ORIENTED_EDGE ( 'NONE', *, *, #3842, .F. ) ;
#683 = CARTESIAN_POINT ( 'NONE',  ( -128.9236941600217108, 1077.559999999999945, 122.5174531115823271 ) ) ;
#684 = CARTESIAN_POINT ( 'NONE',  ( -265.7189512413806938, 1076.559999999999945, 5.831332410554418644 ) ) ;
#685 = FACE_OUTER_BOUND ( 'NONE', #1720, .T. ) ;
#686 = ORIENTED_EDGE ( 'NONE', *, *, #3186, .T. ) ;
#687 = CARTESIAN_POINT ( 'NONE',  ( -65.70031221889387041, 1076.559999999999945, -69.13567613107584009 ) ) ;
#688 = EDGE_CURVE ( 'NONE', #776, #2271, #1444, .T. ) ;
#689 = PLANE ( 'NONE',  #4192 ) ;
#690 = ORIENTED_EDGE ( 'NONE', *, *, #1802, .F. ) ;
#691 = CARTESIAN_POINT ( 'NONE',  ( -228.0922669548007775, 1077.559999999999945, 9.000081170464282465 ) ) ;
#692 = DIRECTION ( 'NONE',  ( -0.7348758801460677503, 0.000000000000000000, -0.6782016225132037057 ) ) ;
#693 = LINE ( 'NONE', #1002, #1823 ) ;
#694 = ORIENTED_EDGE ( 'NONE', *, *, #3118, .F. ) ;
#695 = CARTESIAN_POINT ( 'NONE',  ( -179.3923076441957392, 1076.559999999999945, 22.66755377934829951 ) ) ;
#696 = CARTESIAN_POINT ( 'NONE',  ( -295.2192840322443317, 1076.559999999999945, 1.574556936932530737 ) ) ;
#697 = CARTESIAN_POINT ( 'NONE',  ( -196.2236163048101787, 1076.559999999999945, 21.18604354544763169 ) ) ;
#698 = EDGE_LOOP ( 'NONE', ( #1785, #3938, #2524, #3327 ) ) ;
#699 = EDGE_LOOP ( 'NONE', ( #563, #235, #927, #2745 ) ) ;
#700 = DIRECTION ( 'NONE',  ( 0.000000000000000000, 0.000000000000000000, -1.000000000000000000 ) ) ;
#701 = DIRECTION ( 'NONE',  ( 0.000000000000000000, -0.000000000000000000, -1.000000000000000000 ) ) ;
#702 = ADVANCED_BREP_SHAPE_REPRESENTATION ( 'rib7 aileron outer filled', ( #804, #2294 ), #1024 ) ;
#703 = DIRECTION ( 'NONE',  ( -0.000000000000000000, -1.000000000000000000, -0.000000000000000000 ) ) ;
#704 = CARTESIAN_POINT ( 'NONE',  ( -150.8175075915432899, 1076.559999999999945, 9.580563507124519873 ) ) ;
#705 = MECHANICAL_DESIGN_GEOMETRIC_PRESENTATION_REPRESENTATION (  '', ( #297 ), #2466 ) ;
#706 = ORIENTED_EDGE ( 'NONE', *, *, #773, .T. ) ;
#707 = VECTOR ( 'NONE', #3019, 1000.000000000000114 ) ;
#708 = ORIENTED_EDGE ( 'NONE', *, *, #1486, .T. ) ;
#709 = CARTESIAN_POINT ( 'NONE',  ( -221.7787467680724660, 1076.959999999999809, 15.64372520361560781 ) ) ;
#710 = DIRECTION ( 'NONE',  ( 0.000000000000000000, 0.000000000000000000, 1.000000000000000000 ) ) ;
#711 = VERTEX_POINT ( 'NONE', #2414 ) ;
#712 = CARTESIAN_POINT ( 'NONE',  ( -268.4179018087319832, 1165.440000000000055, 2.647210225857725252 ) ) ;
#713 = LINE ( 'NONE', #367, #1912 ) ;
#714 = LINE ( 'NONE', #2367, #2624 ) ;
#715 = EDGE_CURVE ( 'NONE', #3044, #2108, #3705, .T. ) ;
#716 = CARTESIAN_POINT ( 'NONE',  ( -260.7629341024542100, 1081.559999999999945, 6.944829825260569578 ) ) ;
#717 = CARTESIAN_POINT ( 'NONE',  ( -203.8710170635361578, 1076.959999999999809, 18.91889306236055290 ) ) ;
#718 = LINE ( 'NONE', #439, #1846 ) ;
#719 = ORIENTED_EDGE ( 'NONE', *, *, #4158, .T. ) ;
#720 = VERTEX_POINT ( 'NONE', #3498 ) ;
#721 = CARTESIAN_POINT ( 'NONE',  ( -132.5334251630776805, 1077.559999999999945, 125.9478159459217181 ) ) ;
#722 = LINE ( 'NONE', #81, #3757 ) ;
#723 = EDGE_CURVE ( 'NONE', #2144, #2279, #1464, .T. ) ;
#724 = DIRECTION ( 'NONE',  ( -0.000000000000000000, -1.000000000000000000, -0.000000000000000000 ) ) ;
#725 = CARTESIAN_POINT ( 'NONE',  ( -265.8557205421092817, 1081.559999999999945, 6.670256816194243932 ) ) ;
#726 = EDGE_CURVE ( 'NONE', #2170, #1072, #850, .T. ) ;
#727 = ORIENTED_EDGE ( 'NONE', *, *, #570, .F. ) ;
#728 = ORIENTED_EDGE ( 'NONE', *, *, #98, .T. ) ;
#729 = VERTEX_POINT ( 'NONE', #4103 ) ;
#730 = VECTOR ( 'NONE', #1339, 1000.000000000000000 ) ;
#731 = CARTESIAN_POINT ( 'NONE',  ( -101.2206899534065485, 1076.559999999999945, 21.21819287104279894 ) ) ;
#732 = EDGE_CURVE ( 'NONE', #3819, #810, #3685, .T. ) ;
#733 = PRODUCT_RELATED_PRODUCT_CATEGORY ( 'part', '', ( #2528 ) ) ;
#734 = PLANE ( 'NONE',  #2785 ) ;
#735 = ORIENTED_EDGE ( 'NONE', *, *, #1060, .T. ) ;
#736 = CARTESIAN_POINT ( 'NONE',  ( -194.3434337935484280, 1076.959999999999582, 9.312927148811791511 ) ) ;
#737 = CARTESIAN_POINT ( 'NONE',  ( -254.0872411084169471, 1076.959999999999582, 7.323425104632946159 ) ) ;
#738 = PLANE ( 'NONE',  #1673 ) ;
#739 = CARTESIAN_POINT ( 'NONE',  ( -220.6196549160198401, 1077.559999999999945, 15.86831719877247338 ) ) ;
#740 = CARTESIAN_POINT ( 'NONE',  ( -204.6388647468730255, 1077.559999999999945, 18.78733895819113542 ) ) ;
#741 = DIRECTION ( 'NONE',  ( 0.000000000000000000, -1.000000000000000000, 0.000000000000000000 ) ) ;
#742 = VECTOR ( 'NONE', #966, 1000.000000000000000 ) ;
#743 = VERTEX_POINT ( 'NONE', #1828 ) ;
#744 = ORIENTED_EDGE ( 'NONE', *, *, #39, .T. ) ;
#745 = EDGE_CURVE ( 'NONE', #383, #2024, #919, .T. ) ;
#746 = PLANE ( 'NONE',  #2901 ) ;
#747 = ADVANCED_FACE ( 'NONE', ( #1853 ), #504, .F. ) ;
#748 = CARTESIAN_POINT ( 'NONE',  ( -264.6795704296176268, 1076.559999999999945, 5.899739385248923718 ) ) ;
#749 = CARTESIAN_POINT ( 'NONE',  ( -248.7225026532515244, 1077.559999999999945, 9.434087006954596788 ) ) ;
#750 = CARTESIAN_POINT ( 'NONE',  ( -154.5807832906197916, 1081.559999999999945, 26.32937649834314442 ) ) ;
#751 = VECTOR ( 'NONE', #4183, 999.9999999999998863 ) ;
#752 = VECTOR ( 'NONE', #3707, 1000.000000000000000 ) ;
#753 = ORIENTED_EDGE ( 'NONE', *, *, #177, .T. ) ;
#754 = EDGE_LOOP ( 'NONE', ( #134, #811, #1651, #3493, #831, #1512 ) ) ;
#755 = AXIS2_PLACEMENT_3D ( 'NONE', #626, #1226, #1615 ) ;
#756 = DIRECTION ( 'NONE',  ( 0.000000000000000000, -1.000000000000000000, 0.000000000000000000 ) ) ;
#757 = FACE_OUTER_BOUND ( 'NONE', #3802, .T. ) ;
#758 = VECTOR ( 'NONE', #3195, 1000.000000000000000 ) ;
#759 = FACE_OUTER_BOUND ( 'NONE', #280, .T. ) ;
#760 = EDGE_LOOP ( 'NONE', ( #1807, #3676, #3121, #3965 ) ) ;
#761 = CARTESIAN_POINT ( 'NONE',  ( -297.6249865866503796, 1165.440000000000055, 0.7942685039368116984 ) ) ;
#762 = CARTESIAN_POINT ( 'NONE',  ( -255.0873318177361284, 1076.959999999999809, 7.269166099123650859 ) ) ;
#763 = DIRECTION ( 'NONE',  ( -0.000000000000000000, -1.000000000000000000, -0.000000000000000000 ) ) ;
#764 = CARTESIAN_POINT ( 'NONE',  ( -57.13222982526929172, 1077.559999999999945, 61.90651317224560302 ) ) ;
#765 = CARTESIAN_POINT ( 'NONE',  ( -66.52695322058222871, 1077.559999999999945, -70.00554086442703294 ) ) ;
#766 = CARTESIAN_POINT ( 'NONE',  ( -260.8337779118386379, 1081.559999999999945, 6.940564282543681074 ) ) ;
#767 = ORIENTED_EDGE ( 'NONE', *, *, #2361, .F. ) ;
#768 = ORIENTED_EDGE ( 'NONE', *, *, #1676, .T. ) ;
#769 = CARTESIAN_POINT ( 'NONE',  ( -259.3915731961860160, 1076.959999999999582, 7.445118414148291563 ) ) ;
#770 = DIRECTION ( 'NONE',  ( -0.6888675014067484614, 0.000000000000000000, -0.7248872777926396171 ) ) ;
#771 = DIRECTION ( 'NONE',  ( -0.000000000000000000, -1.000000000000000000, -0.000000000000000000 ) ) ;
#772 = PLANE ( 'NONE',  #1907 ) ;
#773 = EDGE_CURVE ( 'NONE', #3044, #1869, #3114, .T. ) ;
#774 = ORIENTED_EDGE ( 'NONE', *, *, #4105, .T. ) ;
#775 = VERTEX_POINT ( 'NONE', #1546 ) ;
#776 = VERTEX_POINT ( 'NONE', #2821 ) ;
#777 = LINE ( 'NONE', #3002, #2031 ) ;
#778 = B_SPLINE_CURVE_WITH_KNOTS ( 'NONE', 3,
 ( #1745, #2441, #1725, #3734, #2083, #4002, #1406, #2043, #1117 ),
 .UNSPECIFIED., .F., .F.,
 ( 4, 1, 1, 1, 1, 1, 4 ),
 ( 0.008052357163078591867, 0.01180441452156862428, 0.01555647188005864975, 0.02306058659703870764, 0.03056470131401876553, 0.03431675867250878753, 0.03806881603099881994 ),
 .UNSPECIFIED. ) ;
#779 = VERTEX_POINT ( 'NONE', #3410 ) ;
#780 = CARTESIAN_POINT ( 'NONE',  ( -248.4092376083339389, 1165.440000000000055, -62.58141432606363708 ) ) ;
#781 = CARTESIAN_POINT ( 'NONE',  ( -266.5886069382466985, 1076.559999999999945, 9.579359346246572926 ) ) ;
#782 = EDGE_CURVE ( 'NONE', #1134, #2851, #897, .T. ) ;
#783 = CARTESIAN_POINT ( 'NONE',  ( -237.7444685135011753, 1076.959999999999582, 12.38294045383072906 ) ) ;
#784 = ORIENTED_EDGE ( 'NONE', *, *, #22, .F. ) ;
#785 = DIRECTION ( 'NONE',  ( 0.000000000000000000, 0.000000000000000000, 1.000000000000000000 ) ) ;
#786 = CARTESIAN_POINT ( 'NONE',  ( -203.8710170635361578, 1077.559999999999945, 18.91889305117460651 ) ) ;
#787 = CARTESIAN_POINT ( 'NONE',  ( -114.4828442445582510, 1076.559999999999718, 27.32352736051254283 ) ) ;
#788 = ORIENTED_EDGE ( 'NONE', *, *, #554, .F. ) ;
#789 = ORIENTED_EDGE ( 'NONE', *, *, #1101, .F. ) ;
#790 = CARTESIAN_POINT ( 'NONE',  ( -232.7573189821663959, 1077.559999999999945, 13.43332594171979544 ) ) ;
#791 = CYLINDRICAL_SURFACE ( 'NONE', #1871, 0.6010667131491793658 ) ;
#792 = CARTESIAN_POINT ( 'NONE',  ( -185.9315778033651441, 1081.559999999999718, 18.58588332090532091 ) ) ;
#793 = B_SPLINE_CURVE_WITH_KNOTS ( 'NONE', 3,
 ( #2413, #2391, #2708, #417, #1716 ),
 .UNSPECIFIED., .F., .F.,
 ( 4, 1, 4 ),
 ( 0.7105381503973730029, 0.7108841526991288573, 0.7171077622195984880 ),
 .UNSPECIFIED. ) ;
#794 = CARTESIAN_POINT ( 'NONE',  ( -265.3338636067466041, 1081.559999999999945, 6.801727551362758639 ) ) ;
#795 = VERTEX_POINT ( 'NONE', #4084 ) ;
#796 = ORIENTED_EDGE ( 'NONE', *, *, #4065, .T. ) ;
#797 = CARTESIAN_POINT ( 'NONE',  ( -113.8284090580020518, 1081.559999999999945, 28.12009005535462336 ) ) ;
#798 = ADVANCED_FACE ( 'NONE', ( #3789 ), #165, .F. ) ;
#799 = AXIS2_PLACEMENT_3D ( 'NONE', #2282, #4186, #1947 ) ;
#800 = ORIENTED_EDGE ( 'NONE', *, *, #2038, .F. ) ;
#801 = LINE ( 'NONE', #2073, #2915 ) ;
#802 = EDGE_CURVE ( 'NONE', #2866, #3104, #2841, .T. ) ;
#803 = ADVANCED_FACE ( 'NONE', ( #1529 ), #4035, .T. ) ;
#804 = MANIFOLD_SOLID_BREP ( 'Boss-Extrude31', #2205 ) ;
#805 = DIRECTION ( 'NONE',  ( -0.7248872777926383959, 0.000000000000000000, 0.6888675014067497937 ) ) ;
#806 = CARTESIAN_POINT ( 'NONE',  ( -266.3727187654357067, 1076.959999999999809, 3.583167371676564628 ) ) ;
#807 = CARTESIAN_POINT ( 'NONE',  ( -255.2981030855290783, 1076.959999999999582, 8.424977900429245992 ) ) ;
#808 = CARTESIAN_POINT ( 'NONE',  ( -133.3568342694792932, 1077.559999999999945, 9.271286723260869778 ) ) ;
#809 = EDGE_LOOP ( 'NONE', ( #601, #382, #1453 ) ) ;
#810 = VERTEX_POINT ( 'NONE', #2775 ) ;
#811 = ORIENTED_EDGE ( 'NONE', *, *, #3617, .T. ) ;
#812 = CARTESIAN_POINT ( 'NONE',  ( -210.8832346672962501, 1081.560000000000173, 17.74767239861380475 ) ) ;
#813 = CARTESIAN_POINT ( 'NONE',  ( -173.4395179607336104, 1076.559999999999945, 8.866531246998681226 ) ) ;
#814 = DIRECTION ( 'NONE',  ( -0.2442954651673957256, 0.000000000000000000, 0.9697008434041118896 ) ) ;
#815 = CARTESIAN_POINT ( 'NONE',  ( -214.3987121032657228, 1077.559999999999945, 8.852874277016555382 ) ) ;
#816 = ORIENTED_EDGE ( 'NONE', *, *, #1172, .F. ) ;
#817 = ORIENTED_EDGE ( 'NONE', *, *, #3920, .F. ) ;
#818 = ORIENTED_EDGE ( 'NONE', *, *, #518, .T. ) ;
#820 = VECTOR ( 'NONE', #1692, 1000.000000000000000 ) ;
#819 = CARTESIAN_POINT ( 'NONE',  ( -265.7189512413806938, 1165.440000000000055, 5.831332410554418644 ) ) ;
#821 = VECTOR ( 'NONE', #464, 1000.000000000000000 ) ;
#822 = VECTOR ( 'NONE', #87, 1000.000000000000114 ) ;
#823 = EDGE_LOOP ( 'NONE', ( #1175, #180, #2329, #3214 ) ) ;
#824 = CARTESIAN_POINT ( 'NONE',  ( -285.2692632528747936, 1165.440000000000055, 4.587123813316574150 ) ) ;
#825 = CARTESIAN_POINT ( 'NONE',  ( -252.2572995699182741, 1165.440000000000055, 6.637396135036434330 ) ) ;
#826 = EDGE_CURVE ( 'NONE', #1142, #3354, #3768, .T. ) ;
#827 = EDGE_LOOP ( 'NONE', ( #3433, #2548, #4151 ) ) ;
#828 = FACE_OUTER_BOUND ( 'NONE', #2141, .T. ) ;
#829 = FILL_AREA_STYLE_COLOUR ( '', #1458 ) ;
#830 = LINE ( 'NONE', #3115, #2 ) ;
#831 = ORIENTED_EDGE ( 'NONE', *, *, #1195, .T. ) ;
#832 = VERTEX_POINT ( 'NONE', #2303 ) ;
#833 = CARTESIAN_POINT ( 'NONE',  ( -271.2861602198226478, 1165.440000000000055, 2.447696926311453858 ) ) ;
#834 = LINE ( 'NONE', #256, #94 ) ;
#835 = CARTESIAN_POINT ( 'NONE',  ( -32.84410089086564000, 1076.959999999999809, -82.24809755320639226 ) ) ;
#836 = ADVANCED_FACE ( 'NONE', ( #3237 ), #350, .F. ) ;
#837 = VERTEX_POINT ( 'NONE', #612 ) ;
#838 = EDGE_LOOP ( 'NONE', ( #1358, #4017, #1468 ) ) ;
#839 = CARTESIAN_POINT ( 'NONE',  ( -255.0873318177361284, 1076.959999999999809, 7.269166099123650859 ) ) ;
#840 = CARTESIAN_POINT ( 'NONE',  ( -248.4092376083339389, 1165.440000000000055, -62.58141432606363708 ) ) ;
#841 = DIRECTION ( 'NONE',  ( -0.7248872777926411715, 0.000000000000000000, 0.6888675014067469071 ) ) ;
#842 = VECTOR ( 'NONE', #3260, 1000.000000000000114 ) ;
#843 = ORIENTED_EDGE ( 'NONE', *, *, #688, .F. ) ;
#844 = FACE_OUTER_BOUND ( 'NONE', #3573, .T. ) ;
#845 = CARTESIAN_POINT ( 'NONE',  ( -264.6795704296176268, 1165.440000000000055, 5.899739385248923718 ) ) ;
#846 = VECTOR ( 'NONE', #583, 1000.000000000000000 ) ;
#847 = ORIENTED_EDGE ( 'NONE', *, *, #3166, .T. ) ;
#848 = CARTESIAN_POINT ( 'NONE',  ( -135.8203959127808957, 1081.559999999999945, 9.371846716018461976 ) ) ;
#849 = VECTOR ( 'NONE', #1970, 1000.000000000000114 ) ;
#850 = LINE ( 'NONE', #249, #2396 ) ;
#851 = LINE ( 'NONE', #2140, #450 ) ;
#852 = EDGE_CURVE ( 'NONE', #2649, #832, #1929, .T. ) ;
#853 = ORIENTED_EDGE ( 'NONE', *, *, #1274, .T. ) ;
#854 = EDGE_LOOP ( 'NONE', ( #753, #258, #506, #3641 ) ) ;
#855 = VERTEX_POINT ( 'NONE', #293 ) ;
#856 = CARTESIAN_POINT ( 'NONE',  ( -233.2191333188851843, 1076.959999999999809, 12.76857277731328821 ) ) ;
#857 = CARTESIAN_POINT ( 'NONE',  ( -290.1604015055179389, 1076.959999999999809, 1.637864100023359581 ) ) ;
#858 = LINE ( 'NONE', #2527, #65 ) ;
#859 = ORIENTED_EDGE ( 'NONE', *, *, #2318, .F. ) ;
#860 = EDGE_CURVE ( 'NONE', #130, #3960, #2944, .T. ) ;
#861 = EDGE_LOOP ( 'NONE', ( #3651, #4072, #4005, #576, #3333, #1774, #1664, #1554, #2736, #3564, #3402, #1687 ) ) ;
#862 = DIRECTION ( 'NONE',  ( -0.6888675014067501268, 0.000000000000000000, -0.7248872777926379518 ) ) ;
#863 = DIRECTION ( 'NONE',  ( 0.02688405537825821340, 0.000000000000000000, 0.9996385584632171417 ) ) ;
#864 = DIRECTION ( 'NONE',  ( 0.6888675014067467961, 0.000000000000000000, 0.7248872777926410604 ) ) ;
#865 = CARTESIAN_POINT ( 'NONE',  ( -228.6383456797400697, 1077.559999999999945, 8.415405281992565989 ) ) ;
#866 = ORIENTED_EDGE ( 'NONE', *, *, #745, .T. ) ;
#867 = ADVANCED_FACE ( 'NONE', ( #1254 ), #3516, .F. ) ;
#868 = DIRECTION ( 'NONE',  ( 0.000000000000000000, 1.000000000000000000, -0.000000000000000000 ) ) ;
#869 = EDGE_CURVE ( 'NONE', #3793, #197, #386, .T. ) ;
#870 = CIRCLE ( 'NONE', #3636, 0.5999999999999946487 ) ;
#871 = DIRECTION ( 'NONE',  ( 0.000000000000000000, 1.000000000000000000, -0.000000000000000000 ) ) ;
#872 = B_SPLINE_SURFACE_WITH_KNOTS ( 'NONE', 13, 1, ( 
 ( #3257, #2262 ),
 ( #634, #314 ),
 ( #671, #12 ),
 ( #1626, #2604 ),
 ( #31, #1602 ),
 ( #3558, #653 ),
 ( #1946, #3576 ),
 ( #1965, #1643 ),
 ( #1331, #2622 ),
 ( #589, #2223 ),
 ( #3178, #268 ),
 ( #3614, #2961 ),
 ( #390, #2366 ),
 ( #2703, #781 ) ),
 .UNSPECIFIED., .F., .F., .F.,
 ( 14, 14 ),
 ( 2, 2 ),
 ( 0.000000000000000000, 0.03891155862326679815 ),
 ( 0.000000000000000000, 1.000000000000000000 ),
 .UNSPECIFIED. ) ;
#873 = PRESENTATION_STYLE_ASSIGNMENT (( #3093 ) ) ;
#874 = DIRECTION ( 'NONE',  ( 0.5461661809636199072, 0.000000000000000000, 0.8376768486544285963 ) ) ;
#875 = VERTEX_POINT ( 'NONE', #4185 ) ;
#876 = ORIENTED_EDGE ( 'NONE', *, *, #95, .F. ) ;
#877 = VERTEX_POINT ( 'NONE', #3845 ) ;
#878 = CARTESIAN_POINT ( 'NONE',  ( -112.8759871213103310, 1076.559999999999945, 3.035661502870928175 ) ) ;
#879 = CARTESIAN_POINT ( 'NONE',  ( -132.8079613817489815, 1081.559999999999945, 8.488640521341494605 ) ) ;
#880 = LINE ( 'NONE', #2547, #2171 ) ;
#881 = CARTESIAN_POINT ( 'NONE',  ( -206.0074911702233749, 1076.959999999999582, 9.073304149985066402 ) ) ;
#882 = ADVANCED_FACE ( 'NONE', ( #1914 ), #2541, .T. ) ;
#883 = ORIENTED_EDGE ( 'NONE', *, *, #66, .T. ) ;
#884 = ADVANCED_FACE ( 'NONE', ( #2924 ), #1566, .F. ) ;
#885 = ORIENTED_EDGE ( 'NONE', *, *, #715, .T. ) ;
#886 = LINE ( 'NONE', #602, #3989 ) ;
#887 = CARTESIAN_POINT ( 'NONE',  ( -271.2861602198226478, 1076.559999999999945, 2.447696926311453858 ) ) ;
#888 = CARTESIAN_POINT ( 'NONE',  ( -237.6737849170279731, 1077.559999999999945, 8.080994594439271594 ) ) ;
#889 = CARTESIAN_POINT ( 'NONE',  ( -264.2871590457025377, 1165.440000000000055, 7.064132261341821817 ) ) ;
#890 = VECTOR ( 'NONE', #2820, 1000.000000000000000 ) ;
#891 = ORIENTED_EDGE ( 'NONE', *, *, #599, .F. ) ;
#892 = CARTESIAN_POINT ( 'NONE',  ( -257.5438128820314319, 1077.559999999999945, 7.889533120922885168 ) ) ;
#893 = AXIS2_PLACEMENT_3D ( 'NONE', #1028, #2248, #56 ) ;
#894 = VECTOR ( 'NONE', #70, 1000.000000000000000 ) ;
#895 = VECTOR ( 'NONE', #4119, 1000.000000000000000 ) ;
#896 = DIRECTION ( 'NONE',  ( 0.000000000000000000, -1.000000000000000000, 0.000000000000000000 ) ) ;
#897 = LINE ( 'NONE', #2160, #4013 ) ;
#898 = DIRECTION ( 'NONE',  ( 0.000000000000000000, -1.000000000000000000, 0.000000000000000000 ) ) ;
#899 = VECTOR ( 'NONE', #2816, 1000.000000000000000 ) ;
#900 = ORIENTED_EDGE ( 'NONE', *, *, #410, .T. ) ;
#901 = VERTEX_POINT ( 'NONE', #3537 ) ;
#902 = CARTESIAN_POINT ( 'NONE',  ( -204.3486025323560966, 1076.959999999999809, 18.26912735972595314 ) ) ;
#903 = CARTESIAN_POINT ( 'NONE',  ( -259.3915731961814686, 1081.559999999999945, 7.445118414149402675 ) ) ;
#904 = CARTESIAN_POINT ( 'NONE',  ( -150.2687402517477437, 1077.559999999999945, 9.575102033815708680 ) ) ;
#905 = CARTESIAN_POINT ( 'NONE',  ( -213.2678935476478159, 1076.959999999999809, 8.883460927922911310 ) ) ;
#906 = B_SPLINE_CURVE_WITH_KNOTS ( 'NONE', 3,
 ( #3430, #3091, #2137, #2796, #521 ),
 .UNSPECIFIED., .F., .F.,
 ( 4, 1, 4 ),
 ( 0.9293509528815152576, 0.9324260961395651748, 0.9375780134687207168 ),
 .UNSPECIFIED. ) ;
#907 = ORIENTED_EDGE ( 'NONE', *, *, #1884, .F. ) ;
#908 = ORIENTED_EDGE ( 'NONE', *, *, #723, .T. ) ;
#909 = CARTESIAN_POINT ( 'NONE',  ( -260.8576000477227126, 1081.559999999999945, 7.086686038297449919 ) ) ;
#910 = CARTESIAN_POINT ( 'NONE',  ( -116.6994142980007751, 1081.559999999999945, 8.683379740353986520 ) ) ;
#911 = DIRECTION ( 'NONE',  ( 0.000000000000000000, -1.000000000000000000, 0.000000000000000000 ) ) ;
#912 = EDGE_CURVE ( 'NONE', #3062, #3452, #2281, .T. ) ;
#913 = ORIENTED_EDGE ( 'NONE', *, *, #2595, .F. ) ;
#914 = CARTESIAN_POINT ( 'NONE',  ( -133.7537577297973996, 1077.559999999999945, 26.88888592144288125 ) ) ;
#915 = B_SPLINE_CURVE_WITH_KNOTS ( 'NONE', 3,
 ( #958, #1928, #2261, #3219 ),
 .UNSPECIFIED., .F., .F.,
 ( 4, 4 ),
 ( 0.7024439672986643179, 0.7038618315150664273 ),
 .UNSPECIFIED. ) ;
#916 = VECTOR ( 'NONE', #2095, 1000.000000000000000 ) ;
#917 = ADVANCED_FACE ( 'NONE', ( #3885 ), #872, .F. ) ;
#918 = FACE_OUTER_BOUND ( 'NONE', #698, .T. ) ;
#919 = LINE ( 'NONE', #1509, #2939 ) ;
#920 = DIRECTION ( 'NONE',  ( 0.7248872777926386179, 0.000000000000000000, -0.6888675014067493496 ) ) ;
#921 = EDGE_CURVE ( 'NONE', #3621, #1710, #2368, .T. ) ;
#922 = ORIENTED_EDGE ( 'NONE', *, *, #3026, .F. ) ;
#923 = DIRECTION ( 'NONE',  ( 0.01073934591758248132, 0.000000000000000000, 0.9999423315618068964 ) ) ;
#924 = CARTESIAN_POINT ( 'NONE',  ( -254.9539109580283309, 1081.559999999999945, 8.516572991783290192 ) ) ;
#925 = CARTESIAN_POINT ( 'NONE',  ( 0.2058083609809951420, 1081.559999999999945, 7.652639097639167609 ) ) ;
#926 = EDGE_CURVE ( 'NONE', #2748, #2866, #92, .T. ) ;
#927 = ORIENTED_EDGE ( 'NONE', *, *, #1392, .F. ) ;
#928 = ORIENTED_EDGE ( 'NONE', *, *, #2931, .F. ) ;
#929 = VERTEX_POINT ( 'NONE', #2342 ) ;
#930 = CARTESIAN_POINT ( 'NONE',  ( -185.6189877027449597, 1081.559999999999945, 12.12471130904598127 ) ) ;
#931 = CARTESIAN_POINT ( 'NONE',  ( -276.9279722779359645, 1076.559999999999945, 2.022114237992950869 ) ) ;
#932 = CARTESIAN_POINT ( 'NONE',  ( -260.9867192135914138, 1165.440000000000055, 7.878685561044471264 ) ) ;
#933 = EDGE_CURVE ( 'NONE', #855, #4161, #3683, .T. ) ;
#934 = EDGE_LOOP ( 'NONE', ( #526, #1942, #1009, #866 ) ) ;
#935 = CARTESIAN_POINT ( 'NONE',  ( -165.5953102936683479, 1077.559999999999945, 9.630069181646565113 ) ) ;
#936 = EDGE_CURVE ( 'NONE', #3874, #2024, #3634, .T. ) ;
#937 = EDGE_CURVE ( 'NONE', #2150, #2397, #2642, .T. ) ;
#938 = FACE_BOUND ( 'NONE', #564, .T. ) ;
#939 = DIRECTION ( 'NONE',  ( -0.7248872777926367306, 0.000000000000000000, 0.6888675014067514590 ) ) ;
#940 = CARTESIAN_POINT ( 'NONE',  ( -252.9784568474884736, 1081.559999999999945, -41.24291343747757566 ) ) ;
#941 = VECTOR ( 'NONE', #2412, 1000.000000000000000 ) ;
#942 = LINE ( 'NONE', #2805, #742 ) ;
#943 = CARTESIAN_POINT ( 'NONE',  ( -96.76864102652487531, 1077.559999999999945, -101.8285180040629427 ) ) ;
#944 = DIRECTION ( 'NONE',  ( 0.000000000000000000, -1.000000000000000000, 0.000000000000000000 ) ) ;
#945 = ADVANCED_FACE ( 'NONE', ( #1044 ), #3029, .T. ) ;
#946 = ORIENTED_EDGE ( 'NONE', *, *, #2858, .F. ) ;
#947 = ORIENTED_EDGE ( 'NONE', *, *, #1685, .T. ) ;
#948 = ORIENTED_EDGE ( 'NONE', *, *, #1662, .F. ) ;
#949 = CARTESIAN_POINT ( 'NONE',  ( -178.7962997729573260, 1076.559999999999945, 22.74732555274113821 ) ) ;
#950 = DIRECTION ( 'NONE',  ( -0.02688405537825821340, 0.000000000000000000, -0.9996385584632171417 ) ) ;
#951 = CARTESIAN_POINT ( 'NONE',  ( -179.3923076441915043, 1077.559999999999945, 22.66755377934871873 ) ) ;
#952 = ORIENTED_EDGE ( 'NONE', *, *, #1897, .F. ) ;
#953 = DIRECTION ( 'NONE',  ( 0.000000000000000000, -1.000000000000000000, 0.000000000000000000 ) ) ;
#954 = VECTOR ( 'NONE', #210, 1000.000000000000000 ) ;
#955 = VECTOR ( 'NONE', #703, 1000.000000000000000 ) ;
#956 = CARTESIAN_POINT ( 'NONE',  ( -100.5531540498221545, 1081.559999999999945, 11.16271731101023512 ) ) ;
#957 = B_SPLINE_CURVE_WITH_KNOTS ( 'NONE', 3,
 ( #3147, #1551, #2848, #2126, #3417, #1812, #3464, #237, #3754, #3099, #3502 ),
 .UNSPECIFIED., .F., .F.,
 ( 4, 1, 1, 1, 1, 1, 1, 1, 4 ),
 ( 0.1142625518259317435, 0.1162843833321218490, 0.1356275895091633710, 0.1549707956862048930, 0.1646423987747256401, 0.1743140018632464150, 0.1839856049517671899, 0.1888214064960275773, 0.1936572080402879370 ),
 .UNSPECIFIED. ) ;
#958 = CARTESIAN_POINT ( 'NONE',  ( -113.5285485838877833, 1077.559999999999945, 8.528672068350594770 ) ) ;
#959 = CARTESIAN_POINT ( 'NONE',  ( -92.49999999999820943, 1081.559999999999945, 16.74722354252501688 ) ) ;
#960 = DIRECTION ( 'NONE',  ( 0.000000000000000000, -1.000000000000000000, 0.000000000000000000 ) ) ;
#961 = VECTOR ( 'NONE', #1688, 1000.000000000000114 ) ;
#962 = EDGE_CURVE ( 'NONE', #3880, #1869, #3136, .T. ) ;
#963 = VECTOR ( 'NONE', #771, 1000.000000000000000 ) ;
#964 = EDGE_CURVE ( 'NONE', #2897, #1051, #3878, .T. ) ;
#965 = VECTOR ( 'NONE', #411, 1000.000000000000114 ) ;
#966 = DIRECTION ( 'NONE',  ( -0.000000000000000000, -1.000000000000000000, -0.000000000000000000 ) ) ;
#967 = CARTESIAN_POINT ( 'NONE',  ( -270.6058122691731000, 1165.440000000000055, 7.731282320555692422 ) ) ;
#968 = VECTOR ( 'NONE', #2729, 1000.000000000000000 ) ;
#969 = DIRECTION ( 'NONE',  ( -0.6755766284707362956, 0.000000000000000000, -0.7372897795738881932 ) ) ;
#970 = ORIENTED_EDGE ( 'NONE', *, *, #3371, .F. ) ;
#971 = ORIENTED_EDGE ( 'NONE', *, *, #4134, .T. ) ;
#972 = CARTESIAN_POINT ( 'NONE',  ( -79.60021247432545977, 1076.559999999999945, -83.76237986898324550 ) ) ;
#973 = CARTESIAN_POINT ( 'NONE',  ( -241.8427587424439196, 1076.959999999999809, 10.92287269651130721 ) ) ;
#974 = EDGE_CURVE ( 'NONE', #2423, #4129, #1754, .T. ) ;
#975 = CARTESIAN_POINT ( 'NONE',  ( -178.2004695315806657, 1077.559999999999945, 22.82649320470189380 ) ) ;
#976 = VERTEX_POINT ( 'NONE', #140 ) ;
#977 = UNCERTAINTY_MEASURE_WITH_UNIT (LENGTH_MEASURE( 1.000000000000000082E-05 ), #2456, 'distance_accuracy_value', 'NONE');
#978 = VERTEX_POINT ( 'NONE', #2984 ) ;
#979 = CARTESIAN_POINT ( 'NONE',  ( -237.8803495755753659, 1081.559999999999945, 13.20663139703280642 ) ) ;
#980 = DIRECTION ( 'NONE',  ( 0.000000000000000000, 1.000000000000000000, -0.000000000000000000 ) ) ;
#981 = DIRECTION ( 'NONE',  ( 0.000000000000000000, -1.000000000000000000, 0.000000000000000000 ) ) ;
#982 = CARTESIAN_POINT ( 'NONE',  ( -264.9890575499149463, 1165.440000000000055, -17.44028709088449247 ) ) ;
#983 = LINE ( 'NONE', #940, #384 ) ;
#984 = EDGE_CURVE ( 'NONE', #720, #2337, #1605, .T. ) ;
#985 = CARTESIAN_POINT ( 'NONE',  ( -190.0016062456336954, 1076.559999999999945, 21.15314922935498387 ) ) ;
#986 = CARTESIAN_POINT ( 'NONE',  ( -114.4461369841751406, 1077.559999999999945, 8.572950441632396945 ) ) ;
#987 = CARTESIAN_POINT ( 'NONE',  ( -237.8803495755753659, 1076.559999999999945, 13.20663139703280642 ) ) ;
#988 = ORIENTED_EDGE ( 'NONE', *, *, #2290, .F. ) ;
#989 = EDGE_LOOP ( 'NONE', ( #2701, #154, #668, #1698 ) ) ;
#990 = CARTESIAN_POINT ( 'NONE',  ( 0.000000000000000000, 1076.959999999999809, 0.000000000000000000 ) ) ;
#991 = CARTESIAN_POINT ( 'NONE',  ( -190.0016062546593503, 1077.559999999999945, 21.15314922799253594 ) ) ;
#992 = CARTESIAN_POINT ( 'NONE',  ( -178.9948662403255355, 1077.559999999999945, 22.72094172497819997 ) ) ;
#993 = EDGE_CURVE ( 'NONE', #407, #976, #1984, .T. ) ;
#994 = ORIENTED_EDGE ( 'NONE', *, *, #4056, .F. ) ;
#995 = CARTESIAN_POINT ( 'NONE',  ( -190.1890343106762202, 1081.559999999999945, 9.385866078298587212 ) ) ;
#996 = EDGE_CURVE ( 'NONE', #775, #254, #2026, .T. ) ;
#997 = CARTESIAN_POINT ( 'NONE',  ( -300.0000000000000000, 1165.440000000000055, 0.000000000000000000 ) ) ;
#998 = ORIENTED_EDGE ( 'NONE', *, *, #2269, .F. ) ;
#999 = EDGE_CURVE ( 'NONE', #2252, #2257, #713, .T. ) ;
#1000 = CARTESIAN_POINT ( 'NONE',  ( -290.3163669971457921, 1076.559999999999718, 0.8276152839012187457 ) ) ;
#1001 = CARTESIAN_POINT ( 'NONE',  ( -249.5323828144506138, 1076.959999999999809, 9.767544433441221585 ) ) ;
#1002 = CARTESIAN_POINT ( 'NONE',  ( -165.6171606190784189, 1077.559999999999945, 22.88600174151924094 ) ) ;
#1003 = ORIENTED_EDGE ( 'NONE', *, *, #3986, .T. ) ;
#1004 = CARTESIAN_POINT ( 'NONE',  ( -214.3987121032657228, 1076.959999999999809, 8.852874277016555382 ) ) ;
#1005 = CARTESIAN_POINT ( 'NONE',  ( -113.0233135672802405, 1076.559999999999945, 27.31498970425845485 ) ) ;
#1006 = CARTESIAN_POINT ( 'NONE',  ( -119.0667696627180590, 1076.559999999999945, 28.12804715761673435 ) ) ;
#1007 = VECTOR ( 'NONE', #93, 1000.000000000000000 ) ;
#1008 = ORIENTED_EDGE ( 'NONE', *, *, #2987, .F. ) ;
#1009 = ORIENTED_EDGE ( 'NONE', *, *, #3428, .T. ) ;
#1010 = CARTESIAN_POINT ( 'NONE',  ( -260.8576000477224284, 1076.959999999999582, 7.086686038297521861 ) ) ;
#1011 = CARTESIAN_POINT ( 'NONE',  ( -216.6150631228161956, 1076.959999999999582, 16.64133208221991822 ) ) ;
#1012 = CARTESIAN_POINT ( 'NONE',  ( -96.76864102652487531, 1076.959999999999809, -101.8285180040629427 ) ) ;
#1013 = VECTOR ( 'NONE', #2525, 1000.000000000000000 ) ;
#1014 = EDGE_CURVE ( 'NONE', #3337, #3874, #1689, .T. ) ;
#1015 = ADVANCED_FACE ( 'NONE', ( #2004 ), #3320, .F. ) ;
#1016 = VERTEX_POINT ( 'NONE', #3154 ) ;
#1017 = ORIENTED_EDGE ( 'NONE', *, *, #1337, .F. ) ;
#1018 = DIRECTION ( 'NONE',  ( -0.000000000000000000, -1.000000000000000000, -0.000000000000000000 ) ) ;
#1019 = CARTESIAN_POINT ( 'NONE',  ( -49.20153583355309479, 1077.559999999999945, -51.77420520022768358 ) ) ;
#1020 = ORIENTED_EDGE ( 'NONE', *, *, #726, .F. ) ;
#1021 = CARTESIAN_POINT ( 'NONE',  ( 0.5721654584182511716, 1076.559999999999945, 21.27501398164622870 ) ) ;
#1022 = DIRECTION ( 'NONE',  ( -0.6755766284712282355, 0.000000000000000000, -0.7372897795734375537 ) ) ;
#1023 = LINE ( 'NONE', #3846, #1948 ) ;
#1024 =( GEOMETRIC_REPRESENTATION_CONTEXT ( 3 ) GLOBAL_UNCERTAINTY_ASSIGNED_CONTEXT ( ( #498 ) ) GLOBAL_UNIT_ASSIGNED_CONTEXT ( ( #465, #151, #2741 ) ) REPRESENTATION_CONTEXT ( 'NONE', 'WORKASPACE' ) );
#1025 = VECTOR ( 'NONE', #4014, 1000.000000000000000 ) ;
#1026 = LINE ( 'NONE', #2306, #820 ) ;
#1027 = CARTESIAN_POINT ( 'NONE',  ( -32.54741776726640268, 1077.559999999999945, -81.50514457746611185 ) ) ;
#1028 = CARTESIAN_POINT ( 'NONE',  ( 0.000000000000000000, 1076.959999999999809, 0.000000000000000000 ) ) ;
#1029 = VECTOR ( 'NONE', #1471, 1000.000000000000000 ) ;
#1030 = VECTOR ( 'NONE', #2133, 1000.000000000000114 ) ;
#1031 = VECTOR ( 'NONE', #3967, 1000.000000000000000 ) ;
#1032 = ORIENTED_EDGE ( 'NONE', *, *, #64, .T. ) ;
#1033 = CARTESIAN_POINT ( 'NONE',  ( -112.3038216628891064, 1076.559999999999945, 24.31067548444906024 ) ) ;
#1034 = CARTESIAN_POINT ( 'NONE',  ( -179.1318213269062198, 1077.559999999999945, -1.899359058834783065 ) ) ;
#1035 = PLANE ( 'NONE',  #3915 ) ;
#1036 = FACE_OUTER_BOUND ( 'NONE', #3551, .T. ) ;
#1037 = VERTEX_POINT ( 'NONE', #539 ) ;
#1038 = ORIENTED_EDGE ( 'NONE', *, *, #3235, .F. ) ;
#1039 = CARTESIAN_POINT ( 'NONE',  ( -190.0016062456336954, 1076.559999999999945, 21.15314922935498387 ) ) ;
#1040 = EDGE_CURVE ( 'NONE', #4178, #19, #2876, .T. ) ;
#1041 = CARTESIAN_POINT ( 'NONE',  ( -194.3434337935483995, 1077.559999999999945, 9.312927148811843026 ) ) ;
#1042 = ORIENTED_EDGE ( 'NONE', *, *, #1320, .T. ) ;
#1043 = DIRECTION ( 'NONE',  ( -0.1609050596807223288, 0.000000000000000000, 0.9869698889880801351 ) ) ;
#1044 = FACE_OUTER_BOUND ( 'NONE', #388, .T. ) ;
#1045 = CARTESIAN_POINT ( 'NONE',  ( -113.5285485838877975, 1081.559999999999945, 8.528672068350594770 ) ) ;
#1046 = CARTESIAN_POINT ( 'NONE',  ( -164.4189516322942950, 1077.559999999999945, 23.02218692096814934 ) ) ;
#1047 = DIRECTION ( 'NONE',  ( 0.9996385584632172527, 0.000000000000000000, -0.02688405537825352271 ) ) ;
#1048 = CARTESIAN_POINT ( 'NONE',  ( -246.0930087101614845, 1077.559999999999945, 7.719654219035418485 ) ) ;
#1049 = ORIENTED_EDGE ( 'NONE', *, *, #852, .T. ) ;
#1050 = VECTOR ( 'NONE', #2373, 1000.000000000000000 ) ;
#1051 = VERTEX_POINT ( 'NONE', #1924 ) ;
#1052 = DIRECTION ( 'NONE',  ( -0.000000000000000000, -1.000000000000000000, -0.000000000000000000 ) ) ;
#1053 = FACE_OUTER_BOUND ( 'NONE', #3814, .T. ) ;
#1054 = EDGE_CURVE ( 'NONE', #2337, #2484, #3763, .T. ) ;
#1055 = FACE_OUTER_BOUND ( 'NONE', #1409, .T. ) ;
#1056 = CARTESIAN_POINT ( 'NONE',  ( -221.7787467680724660, 1077.559999999999945, 15.64372520361560781 ) ) ;
#1057 = ORIENTED_EDGE ( 'NONE', *, *, #2121, .T. ) ;
#1058 = ORIENTED_EDGE ( 'NONE', *, *, #1527, .F. ) ;
#1059 = DIRECTION ( 'NONE',  ( 0.6755766284712281244, 0.000000000000000000, 0.7372897795734375537 ) ) ;
#1060 = EDGE_CURVE ( 'NONE', #1839, #1494, #3805, .T. ) ;
#1061 = DIRECTION ( 'NONE',  ( 0.000000000000000000, -1.000000000000000000, 0.000000000000000000 ) ) ;
#1062 = ORIENTED_EDGE ( 'NONE', *, *, #3276, .F. ) ;
#1063 = CARTESIAN_POINT ( 'NONE',  ( -150.2687402496501363, 1076.559999999999945, 9.575102033794831158 ) ) ;
#1064 = CARTESIAN_POINT ( 'NONE',  ( -266.5886069376114733, 1165.440000000000055, 9.579359346406523201 ) ) ;
#1065 = DIRECTION ( 'NONE',  ( 0.000000000000000000, -0.000000000000000000, -1.000000000000000000 ) ) ;
#1066 = EDGE_CURVE ( 'NONE', #2485, #2550, #1209, .T. ) ;
#1067 = FACE_OUTER_BOUND ( 'NONE', #1810, .T. ) ;
#1068 = CARTESIAN_POINT ( 'NONE',  ( -266.3727187654356499, 1165.440000000000055, 3.583167371676566404 ) ) ;
#1069 = ORIENTED_EDGE ( 'NONE', *, *, #100, .T. ) ;
#1070 = CARTESIAN_POINT ( 'NONE',  ( -238.2652901195024242, 1081.559999999999945, 8.067388918634714301 ) ) ;
#1071 = ORIENTED_EDGE ( 'NONE', *, *, #2870, .F. ) ;
#1072 = VERTEX_POINT ( 'NONE', #3839 ) ;
#1073 = CARTESIAN_POINT ( 'NONE',  ( -223.9352534629933587, 1076.959999999999582, 15.22428959717622377 ) ) ;
#1074 = DIRECTION ( 'NONE',  ( -0.02646596929541076421, 0.000000000000000000, -0.9996497148847962588 ) ) ;
#1075 = DIRECTION ( 'NONE',  ( -0.000000000000000000, -1.000000000000000000, -0.000000000000000000 ) ) ;
#1076 = CARTESIAN_POINT ( 'NONE',  ( -237.8803495755753659, 1076.559999999999945, 13.20663139703280642 ) ) ;
#1077 = EDGE_CURVE ( 'NONE', #2270, #3481, #1300, .T. ) ;
#1078 = ORIENTED_EDGE ( 'NONE', *, *, #726, .T. ) ;
#1079 = VERTEX_POINT ( 'NONE', #2896 ) ;
#1080 = LINE ( 'NONE', #1162, #3344 ) ;
#1081 = VECTOR ( 'NONE', #351, 1000.000000000000000 ) ;
#1082 = CARTESIAN_POINT ( 'NONE',  ( -141.1614346981550625, 1081.559999999999945, 27.35412429335869788 ) ) ;
#1083 = FACE_OUTER_BOUND ( 'NONE', #934, .T. ) ;
#1084 = ORIENTED_EDGE ( 'NONE', *, *, #145, .F. ) ;
#1085 = CARTESIAN_POINT ( 'NONE',  ( -292.7816016975322100, 1165.440000000000055, 2.342604849896636310 ) ) ;
#1086 = DIRECTION ( 'NONE',  ( 0.000000000000000000, -0.000000000000000000, -1.000000000000000000 ) ) ;
#1087 = CARTESIAN_POINT ( 'NONE',  ( -116.5000488705958901, 1077.559999999999945, 110.7111409426734099 ) ) ;
#1088 = CARTESIAN_POINT ( 'NONE',  ( -187.8555102931843237, 1076.559999999999945, 17.45826335425561382 ) ) ;
#1089 = CARTESIAN_POINT ( 'NONE',  ( -245.4693082736719134, 1077.559999999999945, 8.268023086486969930 ) ) ;
#1090 = CARTESIAN_POINT ( 'NONE',  ( -130.8533786264969194, 1081.559999999999945, 27.04426762654682648 ) ) ;
#1091 = EDGE_CURVE ( 'NONE', #2743, #855, #284, .T. ) ;
#1092 = VECTOR ( 'NONE', #1043, 1000.000000000000114 ) ;
#1093 = VERTEX_POINT ( 'NONE', #2554 ) ;
#1094 = CARTESIAN_POINT ( 'NONE',  ( -113.6756979680784099, 1081.559999999999945, 3.057168747125016850 ) ) ;
#1095 = AXIS2_PLACEMENT_3D ( 'NONE', #925, #2590, #3261 ) ;
#1096 = DIRECTION ( 'NONE',  ( 0.000000000000000000, -0.000000000000000000, -1.000000000000000000 ) ) ;
#1097 = CARTESIAN_POINT ( 'NONE',  ( -178.2004695315806373, 1081.559999999999945, 22.82649320470189380 ) ) ;
#1098 = CARTESIAN_POINT ( 'NONE',  ( -190.7528261741830136, 1081.559999999999945, 21.03932599842006823 ) ) ;
#1099 = VECTOR ( 'NONE', #120, 1000.000000000000000 ) ;
#1100 = ORIENTED_EDGE ( 'NONE', *, *, #664, .F. ) ;
#1101 = EDGE_CURVE ( 'NONE', #1748, #2970, #553, .T. ) ;
#1102 = VERTEX_POINT ( 'NONE', #3449 ) ;
#1103 = ORIENTED_EDGE ( 'NONE', *, *, #3988, .F. ) ;
#1104 = DIRECTION ( 'NONE',  ( 0.6888675014067476843, 0.000000000000000000, 0.7248872777926401723 ) ) ;
#1105 = ORIENTED_EDGE ( 'NONE', *, *, #630, .F. ) ;
#1106 = CARTESIAN_POINT ( 'NONE',  ( -195.6463559078458445, 1081.559999999999945, 20.27733546108196805 ) ) ;
#1107 = CARTESIAN_POINT ( 'NONE',  ( -237.6737849170279731, 1077.559999999999945, 8.080994594439271594 ) ) ;
#1108 = CARTESIAN_POINT ( 'NONE',  ( -260.7043874911533976, 1165.440000000000055, 6.146900934099051916 ) ) ;
#1109 = CARTESIAN_POINT ( 'NONE',  ( -116.6994142980007751, 1076.559999999999718, 8.683379740353986520 ) ) ;
#1110 = LINE ( 'NONE', #2057, #2599 ) ;
#1111 = CARTESIAN_POINT ( 'NONE',  ( -117.3872845654308179, 1081.559999999999945, 27.32359723883181246 ) ) ;
#1112 = EDGE_CURVE ( 'NONE', #4033, #340, #497, .T. ) ;
#1113 = EDGE_LOOP ( 'NONE', ( #2917, #1488, #3752 ) ) ;
#1114 = ORIENTED_EDGE ( 'NONE', *, *, #2978, .T. ) ;
#1115 = DIRECTION ( 'NONE',  ( 0.8137065930674900471, 0.000000000000000000, 0.5812758212746321762 ) ) ;
#1116 = DIRECTION ( 'NONE',  ( 0.000000000000000000, -1.000000000000000000, 0.000000000000000000 ) ) ;
#1117 = CARTESIAN_POINT ( 'NONE',  ( -293.2676002059569100, 1076.959999999999809, 1.330312713633649668 ) ) ;
#1118 = CARTESIAN_POINT ( 'NONE',  ( -141.1614346981550625, 1081.559999999999945, 27.35412429335869788 ) ) ;
#1119 = ORIENTED_EDGE ( 'NONE', *, *, #2711, .T. ) ;
#1120 = EDGE_CURVE ( 'NONE', #1830, #155, #2411, .T. ) ;
#1121 = ORIENTED_EDGE ( 'NONE', *, *, #2930, .T. ) ;
#1122 = EDGE_LOOP ( 'NONE', ( #2070, #147, #2507, #4019 ) ) ;
#1123 = CARTESIAN_POINT ( 'NONE',  ( -178.0713867839727698, 1077.559999999999945, 11.07035666520675576 ) ) ;
#1124 = ORIENTED_EDGE ( 'NONE', *, *, #1561, .F. ) ;
#1125 = VECTOR ( 'NONE', #756, 1000.000000000000000 ) ;
#1126 = VERTEX_POINT ( 'NONE', #2154 ) ;
#1127 = CARTESIAN_POINT ( 'NONE',  ( -269.3505351003591954, 1165.440000000000055, 8.883550396804281490 ) ) ;
#1128 = CARTESIAN_POINT ( 'NONE',  ( -227.8847318322617070, 1077.559999999999945, 8.441184858986350292 ) ) ;
#1129 = CARTESIAN_POINT ( 'NONE',  ( -194.3434337935483995, 1081.559999999999945, 9.312927148811843026 ) ) ;
#1130 = EDGE_CURVE ( 'NONE', #4116, #1618, #2018, .T. ) ;
#1131 = CARTESIAN_POINT ( 'NONE',  ( -190.1890343107848480, 1076.559999999999945, 9.385866078296785986 ) ) ;
#1132 = DIRECTION ( 'NONE',  ( 0.06567303980429951837, 0.000000000000000000, -0.9978411957034358792 ) ) ;
#1133 = CARTESIAN_POINT ( 'NONE',  ( -194.3434337935483995, 1081.559999999999945, 9.312927148811843026 ) ) ;
#1134 = VERTEX_POINT ( 'NONE', #951 ) ;
#1135 = EDGE_LOOP ( 'NONE', ( #1650, #3380, #2301, #1532 ) ) ;
#1136 = CARTESIAN_POINT ( 'NONE',  ( -276.9279722779359645, 1165.440000000000055, 2.022114237992950869 ) ) ;
#1137 = CARTESIAN_POINT ( 'NONE',  ( -222.8468073653594104, 1076.559999999999945, 7.840947217310170636 ) ) ;
#1138 = CARTESIAN_POINT ( 'NONE',  ( -254.6226053384950774, 1077.559999999999945, 8.584301412233694251 ) ) ;
#1139 = LINE ( 'NONE', #1492, #2700 ) ;
#1140 = ORIENTED_EDGE ( 'NONE', *, *, #2290, .T. ) ;
#1141 = ORIENTED_EDGE ( 'NONE', *, *, #2362, .T. ) ;
#1142 = VERTEX_POINT ( 'NONE', #3473 ) ;
#1143 = LINE ( 'NONE', #1773, #3194 ) ;
#1144 = ADVANCED_FACE ( 'NONE', ( #2857 ), #1266, .T. ) ;
#1145 = EDGE_CURVE ( 'NONE', #2976, #1224, #2234, .T. ) ;
#1146 = VECTOR ( 'NONE', #2482, 1000.000000000000000 ) ;
#1147 = VERTEX_POINT ( 'NONE', #3490 ) ;
#1148 = LINE ( 'NONE', #2536, #3722 ) ;
#1149 = CARTESIAN_POINT ( 'NONE',  ( -222.8468073653594104, 1076.559999999999718, 7.840947217310170636 ) ) ;
#1150 = CARTESIAN_POINT ( 'NONE',  ( -274.6155771348952612, 1165.440000000000055, 2.997052627296134197 ) ) ;
#1151 = DIRECTION ( 'NONE',  ( 0.000000000000000000, -1.000000000000000000, 0.000000000000000000 ) ) ;
#1152 = CARTESIAN_POINT ( 'NONE',  ( -168.8641331842243858, 1076.559999999999718, 24.10239613039014017 ) ) ;
#1153 = VERTEX_POINT ( 'NONE', #1579 ) ;
#1154 = CARTESIAN_POINT ( 'NONE',  ( -195.6463559078455603, 1076.959999999999582, 20.27733546108200002 ) ) ;
#1155 = CARTESIAN_POINT ( 'NONE',  ( -240.4624955004808839, 1081.559999999999945, 7.187158872640684315 ) ) ;
#1156 = DIRECTION ( 'NONE',  ( -0.7248872777926392841, 0.000000000000000000, 0.6888675014067486835 ) ) ;
#1157 = CARTESIAN_POINT ( 'NONE',  ( -164.2408507514659277, 1077.559999999999945, 24.50836570409288484 ) ) ;
#1158 = B_SPLINE_CURVE_WITH_KNOTS ( 'NONE', 3,
 ( #3157, #1562, #2203, #543, #3476, #228, #2839 ),
 .UNSPECIFIED., .F., .F.,
 ( 4, 1, 1, 1, 4 ),
 ( 0.1730835121501674290, 0.1743140018632464150, 0.1839856049517671899, 0.1888214064960275773, 0.1936572080402879370 ),
 .UNSPECIFIED. ) ;
#1159 = ORIENTED_EDGE ( 'NONE', *, *, #2657, .T. ) ;
#1160 = ORIENTED_EDGE ( 'NONE', *, *, #1897, .T. ) ;
#1161 = CARTESIAN_POINT ( 'NONE',  ( -196.9577467012201737, 1076.959999999999809, 12.34914432081862756 ) ) ;
#1162 = CARTESIAN_POINT ( 'NONE',  ( -104.2954391588634167, 1076.959999999999809, -109.7488803342690176 ) ) ;
#1164 = AXIS2_PLACEMENT_3D ( 'NONE', #3429, #1850, #3825 ) ;
#1163 = FACE_OUTER_BOUND ( 'NONE', #1439, .T. ) ;
#1165 = AXIS2_PLACEMENT_3D ( 'NONE', #1457, #1412, #1684 ) ;
#1166 = EDGE_CURVE ( 'NONE', #1093, #775, #1658, .T. ) ;
#1167 = ORIENTED_EDGE ( 'NONE', *, *, #2735, .T. ) ;
#1168 = LINE ( 'NONE', #1503, #3322 ) ;
#1169 = CARTESIAN_POINT ( 'NONE',  ( -264.6795704296176268, 1076.559999999999718, 5.899739385248923718 ) ) ;
#1170 = CARTESIAN_POINT ( 'NONE',  ( -183.8902233028017861, 1076.559999999999718, 9.490411956954650563 ) ) ;
#1171 = CARTESIAN_POINT ( 'NONE',  ( -178.2004695315806657, 1076.559999999999945, 22.82649320470189025 ) ) ;
#1172 = EDGE_CURVE ( 'NONE', #207, #3196, #305, .T. ) ;
#1173 = VERTEX_POINT ( 'NONE', #3822 ) ;
#1174 = EDGE_CURVE ( 'NONE', #130, #2270, #2217, .T. ) ;
#1175 = ORIENTED_EDGE ( 'NONE', *, *, #3231, .F. ) ;
#1176 = CARTESIAN_POINT ( 'NONE',  ( -210.8832346672962501, 1076.959999999999582, 17.74767239861380475 ) ) ;
#1177 = CARTESIAN_POINT ( 'NONE',  ( -148.5690912469584077, 1077.559999999999945, 9.556892805854815265 ) ) ;
#1178 = ORIENTED_EDGE ( 'NONE', *, *, #921, .T. ) ;
#1179 = DIRECTION ( 'NONE',  ( 0.000000000000000000, -0.000000000000000000, -1.000000000000000000 ) ) ;
#1180 = ORIENTED_EDGE ( 'NONE', *, *, #3004, .F. ) ;
#1181 = ORIENTED_EDGE ( 'NONE', *, *, #1896, .T. ) ;
#1182 = DIRECTION ( 'NONE',  ( 0.000000000000000000, -1.000000000000000000, 0.000000000000000000 ) ) ;
#1183 = CARTESIAN_POINT ( 'NONE',  ( -300.0000000000000000, 1076.559999999999945, -0.1621621621621254228 ) ) ;
#1184 = CARTESIAN_POINT ( 'NONE',  ( -129.5036039822503255, 1077.559999999999945, 123.0685471127015518 ) ) ;
#1185 = VECTOR ( 'NONE', #2904, 1000.000000000000000 ) ;
#1186 = ORIENTED_EDGE ( 'NONE', *, *, #1054, .T. ) ;
#1187 = PLANE ( 'NONE',  #1164 ) ;
#1188 = CARTESIAN_POINT ( 'NONE',  ( -133.5305144212685775, 1077.559999999999945, 25.38181269808915630 ) ) ;
#1189 = B_SPLINE_CURVE_WITH_KNOTS ( 'NONE', 3,
 ( #1138, #2064, #2382, #488 ),
 .UNSPECIFIED., .F., .F.,
 ( 4, 4 ),
 ( 0.05071265954740069443, 0.05236955717925022985 ),
 .UNSPECIFIED. ) ;
#1190 = AXIS2_PLACEMENT_3D ( 'NONE', #1636, #1679, #1923 ) ;
#1191 = CARTESIAN_POINT ( 'NONE',  ( -100.5531540498221545, 1081.559999999999945, 11.16271731101023512 ) ) ;
#1192 = AXIS2_PLACEMENT_3D ( 'NONE', #3977, #2693, #1096 ) ;
#1193 = DIRECTION ( 'NONE',  ( -0.001877162694616528937, 0.000000000000000000, 0.9999982381285568156 ) ) ;
#1194 = DIRECTION ( 'NONE',  ( 0.000000000000000000, -1.000000000000000000, 0.000000000000000000 ) ) ;
#1195 = EDGE_CURVE ( 'NONE', #3758, #123, #1956, .T. ) ;
#1196 = EDGE_CURVE ( 'NONE', #2970, #1134, #2503, .T. ) ;
#1197 = EDGE_LOOP ( 'NONE', ( #1672, #1776, #3348, #3266, #3105, #4029 ) ) ;
#1198 = VERTEX_POINT ( 'NONE', #3567 ) ;
#1199 = ORIENTED_EDGE ( 'NONE', *, *, #3166, .F. ) ;
#1200 = CARTESIAN_POINT ( 'NONE',  ( -248.2263911974834230, 1076.959999999999809, 10.06564403484785863 ) ) ;
#1201 = CARTESIAN_POINT ( 'NONE',  ( -113.3033073900973449, 1081.559999999999945, 7.716868825675275545 ) ) ;
#1202 = CARTESIAN_POINT ( 'NONE',  ( -221.0877470024795173, 1077.559999999999945, 15.20952985507673105 ) ) ;
#1203 = FACE_OUTER_BOUND ( 'NONE', #2358, .T. ) ;
#1204 = ORIENTED_EDGE ( 'NONE', *, *, #3140, .F. ) ;
#1205 = ORIENTED_EDGE ( 'NONE', *, *, #1130, .T. ) ;
#1206 = LINE ( 'NONE', #1496, #1769 ) ;
#1207 = CARTESIAN_POINT ( 'NONE',  ( -285.1034899455572713, 1076.559999999999945, 1.323141469673185799 ) ) ;
#1208 = CARTESIAN_POINT ( 'NONE',  ( 0.2273156052835981489, 1076.559999999999945, 8.452349944409743188 ) ) ;
#1209 = LINE ( 'NONE', #1228, #3129 ) ;
#1210 = ORIENTED_EDGE ( 'NONE', *, *, #2228, .F. ) ;
#1211 = DIRECTION ( 'NONE',  ( -0.6888675014067497937, 0.000000000000000000, -0.7248872777926383959 ) ) ;
#1212 = AXIS2_PLACEMENT_3D ( 'NONE', #1087, #805, #3968 ) ;
#1213 = VERTEX_POINT ( 'NONE', #2614 ) ;
#1214 = LINE ( 'NONE', #3844, #2779 ) ;
#1215 = B_SPLINE_SURFACE_WITH_KNOTS ( 'NONE', 3, 1, ( 
 ( #2645, #2325 ),
 ( #2006, #3927 ),
 ( #54, #2607 ),
 ( #4188, #334 ),
 ( #2588, #2946 ),
 ( #1629, #369 ),
 ( #2266, #316 ),
 ( #35, #3618 ),
 ( #716, #3560 ),
 ( #1333, #3887 ) ),
 .UNSPECIFIED., .F., .F., .F.,
 ( 4, 1, 1, 1, 1, 1, 1, 4 ),
 ( 2, 2 ),
 ( 0.8257716611427048381, 0.8494027461549495950, 0.8787945019262066726, 0.8934903798118352114, 0.9081862576974637502, 0.9228821355830922890, 0.9291378280682562885, 0.9294838303711485672 ),
 ( 0.000000000000000000, 1.000000000000000000 ),
 .UNSPECIFIED. ) ;
#1216 = CARTESIAN_POINT ( 'NONE',  ( -203.8710170635361578, 1077.559999999999945, 18.91889305117460651 ) ) ;
#1217 = CARTESIAN_POINT ( 'NONE',  ( -213.8485997193555193, 1077.559999999999945, 9.433716939735818485 ) ) ;
#1218 = ORIENTED_EDGE ( 'NONE', *, *, #1319, .T. ) ;
#1219 = EDGE_CURVE ( 'NONE', #2812, #568, #400, .T. ) ;
#1220 = CARTESIAN_POINT ( 'NONE',  ( -265.8557205421093954, 1081.559999999999945, 6.670256816194850558 ) ) ;
#1221 = CARTESIAN_POINT ( 'NONE',  ( -260.8576000477227126, 1081.559999999999945, 7.086686038297449919 ) ) ;
#1222 = CARTESIAN_POINT ( 'NONE',  ( -253.0423473195501742, 1077.559999999999945, 8.955332983845949002 ) ) ;
#1223 = DIRECTION ( 'NONE',  ( -0.9996385584632172527, 0.000000000000000000, 0.02688405537825218003 ) ) ;
#1224 = VERTEX_POINT ( 'NONE', #1976 ) ;
#1225 = VERTEX_POINT ( 'NONE', #3935 ) ;
#1226 = DIRECTION ( 'NONE',  ( -0.000000000000000000, -1.000000000000000000, -0.000000000000000000 ) ) ;
#1227 = CARTESIAN_POINT ( 'NONE',  ( -265.3338636067466041, 1081.559999999999945, 6.801727551362758639 ) ) ;
#1228 = CARTESIAN_POINT ( 'NONE',  ( -116.5000488705958901, 1076.959999999999809, 110.7111409426734099 ) ) ;
#1229 = EDGE_CURVE ( 'NONE', #2422, #1722, #3308, .T. ) ;
#1230 = AXIS2_PLACEMENT_3D ( 'NONE', #3008, #3945, #91 ) ;
#1231 = ORIENTED_EDGE ( 'NONE', *, *, #3111, .F. ) ;
#1232 = DIRECTION ( 'NONE',  ( 0.000000000000000000, -1.000000000000000000, 0.000000000000000000 ) ) ;
#1233 = CIRCLE ( 'NONE', #1426, 0.5999999999999946487 ) ;
#1234 = B_SPLINE_CURVE_WITH_KNOTS ( 'NONE', 3,
 ( #3804, #910, #3509, #4139, #244, #2198, #3489, #1265 ),
 .UNSPECIFIED., .F., .F.,
 ( 4, 1, 1, 1, 1, 4 ),
 ( 0.7024439672986643179, 0.7171398451842927457, 0.7318357230699212845, 0.7612274788411783621, 0.7906192346124354398, 0.8194334802529954498 ),
 .UNSPECIFIED. ) ;
#1235 = ADVANCED_FACE ( 'NONE', ( #685 ), #3605, .F. ) ;
#1236 = DIRECTION ( 'NONE',  ( 0.9978411957034359903, -0.000000000000000000, 0.06567303980429953225 ) ) ;
#1237 = DIRECTION ( 'NONE',  ( 0.000000000000000000, -1.000000000000000000, 0.000000000000000000 ) ) ;
#1238 = ORIENTED_EDGE ( 'NONE', *, *, #2328, .T. ) ;
#1239 = CARTESIAN_POINT ( 'NONE',  ( -260.9867192135902769, 1081.559999999999945, 7.878685561044790120 ) ) ;
#1240 = CARTESIAN_POINT ( 'NONE',  ( -164.9945637137987831, 1077.559999999999945, 9.631325334794965443 ) ) ;
#1241 = LINE ( 'NONE', #2192, #1622 ) ;
#1242 = EDGE_CURVE ( 'NONE', #1618, #711, #1701, .T. ) ;
#1243 = ORIENTED_EDGE ( 'NONE', *, *, #3986, .F. ) ;
#1244 = ORIENTED_EDGE ( 'NONE', *, *, #1195, .F. ) ;
#1245 = CYLINDRICAL_SURFACE ( 'NONE', #755, 9.800000000001221068 ) ;
#1246 = CARTESIAN_POINT ( 'NONE',  ( -248.2263911974834230, 1077.559999999999945, 10.06564403484840398 ) ) ;
#1247 = CARTESIAN_POINT ( 'NONE',  ( -261.5617635561021643, 1165.440000000000055, 7.738060476453267000 ) ) ;
#1248 = ADVANCED_FACE ( 'NONE', ( #1055 ), #4077, .T. ) ;
#1249 = EDGE_CURVE ( 'NONE', #2088, #1224, #1307, .T. ) ;
#1250 = PRODUCT_DEFINITION_SHAPE ( 'NONE', 'NONE',  #3813 ) ;
#1251 = ORIENTED_EDGE ( 'NONE', *, *, #1040, .T. ) ;
#1252 = DIRECTION ( 'NONE',  ( 0.000000000000000000, -1.000000000000000000, 0.000000000000000000 ) ) ;
#1253 = FACE_OUTER_BOUND ( 'NONE', #2975, .T. ) ;
#1254 = FACE_OUTER_BOUND ( 'NONE', #1609, .T. ) ;
#1255 = PLANE ( 'NONE',  #3124 ) ;
#1256 = EDGE_CURVE ( 'NONE', #2991, #123, #2255, .T. ) ;
#1257 =( BOUNDED_CURVE ( )  B_SPLINE_CURVE ( 3, ( #3233, #2937, #3267, #310 ),
 .UNSPECIFIED., .F., .F. ) 
 B_SPLINE_CURVE_WITH_KNOTS ( ( 4, 4 ),
 ( 4.403854063743411373, 5.908010049700227029 ),
 .UNSPECIFIED. ) 
 CURVE ( )  GEOMETRIC_REPRESENTATION_ITEM ( )  RATIONAL_B_SPLINE_CURVE ( ( 1.000000000000000000, 0.8201805664002034257, 0.8201805664002034257, 1.000000000000000000 ) ) 
 REPRESENTATION_ITEM ( '' )  );
#1258 = ORIENTED_EDGE ( 'NONE', *, *, #1449, .F. ) ;
#1259 = CARTESIAN_POINT ( 'NONE',  ( -262.6644455877041651, 1081.559999999999945, 7.467009704362865818 ) ) ;
#1260 = DIRECTION ( 'NONE',  ( -0.9286912196815810816, 0.000000000000000000, 0.3708539045046411742 ) ) ;
#1261 = DIRECTION ( 'NONE',  ( 0.1609050596805300659, 0.000000000000000000, -0.9869698889881115544 ) ) ;
#1262 = EDGE_LOOP ( 'NONE', ( #800, #3944, #3210, #404 ) ) ;
#1263 = EDGE_LOOP ( 'NONE', ( #3918, #2188, #3892, #2610, #3785, #1876, #3939, #196, #3422, #491, #1495, #3057, #2364, #3379, #2843, #1568, #3990, #3908, #2408, #1519, #3255, #2473, #2838, #2460, #377, #2195, #3360, #2636, #1466, #71, #789, #2020, #4078, #3137, #1020, #988 ) ) ;
#1264 = FACE_OUTER_BOUND ( 'NONE', #2679, .T. ) ;
#1265 = CARTESIAN_POINT ( 'NONE',  ( -190.1890343106762202, 1081.559999999999945, 9.385866078298587212 ) ) ;
#1266 = PLANE ( 'NONE',  #1631 ) ;
#1267 = ORIENTED_EDGE ( 'NONE', *, *, #1610, .F. ) ;
#1268 = CARTESIAN_POINT ( 'NONE',  ( -245.4693082736719134, 1077.559999999999945, 8.268023086486969930 ) ) ;
#1269 = EDGE_CURVE ( 'NONE', #2311, #2404, #2275, .T. ) ;
#1270 = CARTESIAN_POINT ( 'NONE',  ( -280.3490536555156041, 1165.440000000000055, 2.537585519907809672 ) ) ;
#1271 = CARTESIAN_POINT ( 'NONE',  ( -293.2676002059569100, 1165.440000000000055, 1.330312713633649668 ) ) ;
#1272 = CARTESIAN_POINT ( 'NONE',  ( -177.9340017912533369, 1076.559999999999945, -1.886658415423741575 ) ) ;
#1273 = CARTESIAN_POINT ( 'NONE',  ( -190.7528261741830136, 1077.559999999999945, 21.03932599842006823 ) ) ;
#1274 = EDGE_CURVE ( 'NONE', #2418, #2378, #2953, .T. ) ;
#1275 = VECTOR ( 'NONE', #960, 1000.000000000000000 ) ;
#1276 = DIRECTION ( 'NONE',  ( 0.6888675014067553448, 0.000000000000000000, 0.7248872777926331779 ) ) ;
#1277 = CARTESIAN_POINT ( 'NONE',  ( -266.3727187654356499, 1076.959999999999809, 3.583167371676566404 ) ) ;
#1278 = FACE_OUTER_BOUND ( 'NONE', #2859, .T. ) ;
#1279 = ORIENTED_EDGE ( 'NONE', *, *, #1610, .T. ) ;
#1280 = ORIENTED_EDGE ( 'NONE', *, *, #3800, .F. ) ;
#1281 = EDGE_LOOP ( 'NONE', ( #2416, #496, #2238, #1251 ) ) ;
#1282 = LINE ( 'NONE', #1305, #3128 ) ;
#1283 = CARTESIAN_POINT ( 'NONE',  ( -64.90756987942758371, 1076.959999999999809, -106.1180870880435378 ) ) ;
#1284 = CARTESIAN_POINT ( 'NONE',  ( -292.2377533026756282, 1165.440000000000055, 1.650914772663081065 ) ) ;
#1285 = VERTEX_POINT ( 'NONE', #43 ) ;
#1286 = EDGE_LOOP ( 'NONE', ( #3187, #2723, #246, #1159 ) ) ;
#1287 = CARTESIAN_POINT ( 'NONE',  ( -260.9867192135902769, 1081.559999999999945, 7.878685561044781238 ) ) ;
#1288 = VECTOR ( 'NONE', #118, 1000.000000000000114 ) ;
#1289 = ADVANCED_FACE ( 'NONE', ( #2632 ), #1035, .T. ) ;
#1290 = VECTOR ( 'NONE', #3833, 1000.000000000000000 ) ;
#1291 = FACE_BOUND ( 'NONE', #2477, .T. ) ;
#1292 = CARTESIAN_POINT ( 'NONE',  ( -241.3852872890720960, 1076.959999999999809, 11.59175294562698966 ) ) ;
#1293 = DIRECTION ( 'NONE',  ( 0.000000000000000000, -1.000000000000000000, 0.000000000000000000 ) ) ;
#1294 = CARTESIAN_POINT ( 'NONE',  ( -165.5736163542941881, 1076.559999999999945, -0.3108091634388195912 ) ) ;
#1295 = AXIS2_PLACEMENT_3D ( 'NONE', #224, #2791, #3762 ) ;
#1296 = VECTOR ( 'NONE', #898, 1000.000000000000000 ) ;
#1297 = AXIS2_PLACEMENT_3D ( 'NONE', #3192, #565, #3803 ) ;
#1298 = LINE ( 'NONE', #655, #2850 ) ;
#1299 = CARTESIAN_POINT ( 'NONE',  ( -269.9384435895143497, 1076.959999999999809, 3.340010526439208149 ) ) ;
#1300 = CIRCLE ( 'NONE', #3664, 0.6007478931679237633 ) ;
#1301 = CARTESIAN_POINT ( 'NONE',  ( -113.8284090580020518, 1076.559999999999945, 28.12009005535462336 ) ) ;
#1302 = EDGE_CURVE ( 'NONE', #1016, #2748, #2016, .T. ) ;
#1303 = ORIENTED_EDGE ( 'NONE', *, *, #168, .F. ) ;
#1304 = VERTEX_POINT ( 'NONE', #4044 ) ;
#1305 = CARTESIAN_POINT ( 'NONE',  ( -266.5147033832301418, 1165.440000000000055, 5.740492526924503736 ) ) ;
#1306 = DIRECTION ( 'NONE',  ( -0.7348758801460661960, 0.000000000000000000, -0.6782016225132055931 ) ) ;
#1307 = LINE ( 'NONE', #3859, #403 ) ;
#1308 = EDGE_CURVE ( 'NONE', #2162, #2519, #3330, .T. ) ;
#1309 = ORIENTED_EDGE ( 'NONE', *, *, #1040, .F. ) ;
#1310 = CARTESIAN_POINT ( 'NONE',  ( -189.4337462957782350, 1077.559999999999945, 20.36807104123557011 ) ) ;
#1311 = CARTESIAN_POINT ( 'NONE',  ( -266.3727187654356499, 1165.440000000000055, 3.583167371676566404 ) ) ;
#1312 = CARTESIAN_POINT ( 'NONE',  ( -285.1034899461849932, 1076.559999999999718, 1.323141469614599774 ) ) ;
#1313 = CARTESIAN_POINT ( 'NONE',  ( -251.8779176824600370, 1076.959999999999582, 9.227492699311758528 ) ) ;
#1314 = DIRECTION ( 'NONE',  ( -0.02688405537884543811, 0.000000000000000000, -0.9996385584632012655 ) ) ;
#1315 = DIRECTION ( 'NONE',  ( 0.7248872777926391731, 0.000000000000000000, -0.6888675014067490165 ) ) ;
#1316 = AXIS2_PLACEMENT_3D ( 'NONE', #211, #3726, #230 ) ;
#1317 = CARTESIAN_POINT ( 'NONE',  ( -108.7582395782411027, 1077.559999999999945, -114.4450334271763978 ) ) ;
#1318 = CARTESIAN_POINT ( 'NONE',  ( -265.8557205421092817, 1076.559999999999945, 6.670256816194243932 ) ) ;
#1319 = EDGE_CURVE ( 'NONE', #3486, #4071, #423, .T. ) ;
#1320 = EDGE_CURVE ( 'NONE', #4018, #3953, #3038, .T. ) ;
#1321 = ORIENTED_EDGE ( 'NONE', *, *, #2587, .F. ) ;
#1322 = VERTEX_POINT ( 'NONE', #3712 ) ;
#1323 = DIRECTION ( 'NONE',  ( -0.7248872777926396171, 0.000000000000000000, 0.6888675014067484614 ) ) ;
#1324 = DIRECTION ( 'NONE',  ( -0.9999437914932058913, 0.000000000000000000, -0.01060253998775674902 ) ) ;
#1325 = CARTESIAN_POINT ( 'NONE',  ( -90.09255957804985826, 1076.959999999999809, 126.1172528288393693 ) ) ;
#1326 = ORIENTED_EDGE ( 'NONE', *, *, #3359, .F. ) ;
#1327 = CARTESIAN_POINT ( 'NONE',  ( -154.5807832906197916, 1081.559999999999945, 26.32937649834314442 ) ) ;
#1328 = CARTESIAN_POINT ( 'NONE',  ( -292.2254576542359246, 1165.440000000000055, 1.434434858990511596 ) ) ;
#1329 = ORIENTED_EDGE ( 'NONE', *, *, #4167, .T. ) ;
#1330 = CARTESIAN_POINT ( 'NONE',  ( -192.5000000004401102, 1081.559999999999945, 19.27593237100209933 ) ) ;
#1331 = CARTESIAN_POINT ( 'NONE',  ( -280.0929048608386438, 1165.440000000000055, 6.043931826148670083 ) ) ;
#1332 = LINE ( 'NONE', #3538, #1275 ) ;
#1333 = CARTESIAN_POINT ( 'NONE',  ( -260.8337779118351136, 1081.560000000000173, 6.940564282543896013 ) ) ;
#1334 = CARTESIAN_POINT ( 'NONE',  ( -32.54741776726640268, 1076.959999999999809, -81.50514457746611185 ) ) ;
#1335 = LINE ( 'NONE', #1632, #2030 ) ;
#1336 = VECTOR ( 'NONE', #3094, 1000.000000000000000 ) ;
#1337 = EDGE_CURVE ( 'NONE', #2417, #2397, #2740, .T. ) ;
#1338 = EDGE_LOOP ( 'NONE', ( #4172, #4041, #445, #3109, #3145 ) ) ;
#1339 = DIRECTION ( 'NONE',  ( 0.000000000000000000, 1.000000000000000000, 0.000000000000000000 ) ) ;
#1340 = CARTESIAN_POINT ( 'NONE',  ( -206.1976110987570507, 1076.959999999999582, 18.51843315398725309 ) ) ;
#1341 = DIRECTION ( 'NONE',  ( 0.8137065930674870495, 0.000000000000000000, 0.5812758212746363951 ) ) ;
#1342 = AXIS2_PLACEMENT_3D ( 'NONE', #4000, #2399, #1115 ) ;
#1343 = CARTESIAN_POINT ( 'NONE',  ( -69.87710367951460455, 1077.559999999999945, -107.1733000749819951 ) ) ;
#1344 = ORIENTED_EDGE ( 'NONE', *, *, #1369, .F. ) ;
#1345 = CARTESIAN_POINT ( 'NONE',  ( -257.5087377909017050, 1076.959999999999809, 7.897858416091774636 ) ) ;
#1346 = EDGE_CURVE ( 'NONE', #3954, #1576, #1189, .T. ) ;
#1347 = FACE_OUTER_BOUND ( 'NONE', #3450, .T. ) ;
#1348 = VERTEX_POINT ( 'NONE', #749 ) ;
#1349 = LINE ( 'NONE', #2903, #3847 ) ;
#1350 = CARTESIAN_POINT ( 'NONE',  ( -112.2823144185780109, 1081.559999999999945, 25.11038633121939512 ) ) ;
#1351 = DIRECTION ( 'NONE',  ( 0.6888675014067540125, 0.000000000000000000, 0.7248872777926342881 ) ) ;
#1352 = AXIS2_PLACEMENT_3D ( 'NONE', #780, #2025, #139 ) ;
#1353 = CARTESIAN_POINT ( 'NONE',  ( -266.6398104252421604, 1165.440000000000055, 6.507882213807852700 ) ) ;
#1354 = CARTESIAN_POINT ( 'NONE',  ( -253.5796452974664135, 1077.559999999999945, 8.346190340468108815 ) ) ;
#1355 = DIRECTION ( 'NONE',  ( 0.000000000000000000, -1.000000000000000000, 0.000000000000000000 ) ) ;
#1356 = VECTOR ( 'NONE', #1261, 999.9999999999998863 ) ;
#1357 = VECTOR ( 'NONE', #2885, 1000.000000000000000 ) ;
#1358 = ORIENTED_EDGE ( 'NONE', *, *, #869, .F. ) ;
#1359 = EDGE_LOOP ( 'NONE', ( #344, #3403, #994, #1279 ) ) ;
#1360 = CARTESIAN_POINT ( 'NONE',  ( -179.3938425800780578, 1076.559999999999945, 22.81231622378527391 ) ) ;
#1361 = PLANE ( 'NONE',  #3155 ) ;
#1362 = CARTESIAN_POINT ( 'NONE',  ( -267.1688184859922330, 1165.440000000000055, 8.607714735570466402 ) ) ;
#1363 = FACE_OUTER_BOUND ( 'NONE', #2052, .T. ) ;
#1364 = EDGE_CURVE ( 'NONE', #4018, #1126, #2760, .T. ) ;
#1365 = ORIENTED_EDGE ( 'NONE', *, *, #2824, .F. ) ;
#1366 = B_SPLINE_CURVE_WITH_KNOTS ( 'NONE', 3,
 ( #3470, #1864, #282, #322, #2215 ),
 .UNSPECIFIED., .F., .F.,
 ( 4, 1, 4 ),
 ( 0.07660540888411186689, 0.07759797097803880495, 0.07782247295120917063 ),
 .UNSPECIFIED. ) ;
#1367 = ORIENTED_EDGE ( 'NONE', *, *, #3111, .T. ) ;
#1368 = PLANE ( 'NONE',  #1165 ) ;
#1369 = EDGE_CURVE ( 'NONE', #3445, #221, #3351, .T. ) ;
#1370 = ADVANCED_FACE ( 'NONE', ( #2127 ), #1880, .F. ) ;
#1371 = CARTESIAN_POINT ( 'NONE',  ( -113.5068429449947445, 1077.559999999999945, 9.335759885577626704 ) ) ;
#1372 = ORIENTED_EDGE ( 'NONE', *, *, #3529, .T. ) ;
#1373 = CARTESIAN_POINT ( 'NONE',  ( -255.6456684878680221, 1077.559999999999945, 7.238874054433675376 ) ) ;
#1374 = DIRECTION ( 'NONE',  ( 0.3708539045046411742, 0.000000000000000000, 0.9286912196815810816 ) ) ;
#1375 = FACE_OUTER_BOUND ( 'NONE', #3058, .T. ) ;
#1376 = VERTEX_POINT ( 'NONE', #126 ) ;
#1377 = CARTESIAN_POINT ( 'NONE',  ( -104.2954391588634167, 1077.559999999999945, -109.7488803342690176 ) ) ;
#1378 = CARTESIAN_POINT ( 'NONE',  ( -65.32499969352929270, 1077.559999999999945, -106.8005475999412823 ) ) ;
#1379 = DIRECTION ( 'NONE',  ( -0.7248872777926391731, 0.000000000000000000, 0.6888675014067490165 ) ) ;
#1380 = CIRCLE ( 'NONE', #572, 9.000000000001181277 ) ;
#1381 = EDGE_LOOP ( 'NONE', ( #1507, #2832, #3035, #1740 ) ) ;
#1382 = DIRECTION ( 'NONE',  ( -0.7248872777926383959, 0.000000000000000000, 0.6888675014067497937 ) ) ;
#1383 = DIRECTION ( 'NONE',  ( 0.001877162694597761397, 0.000000000000000000, -0.9999982381285568156 ) ) ;
#1384 = CARTESIAN_POINT ( 'NONE',  ( -192.5000000004401102, 1081.559999999999945, 19.27593237100209933 ) ) ;
#1385 = CARTESIAN_POINT ( 'NONE',  ( -237.8803495755753659, 1081.559999999999945, 13.20663139703280642 ) ) ;
#1386 = VECTOR ( 'NONE', #950, 1000.000000000000000 ) ;
#1387 = ORIENTED_EDGE ( 'NONE', *, *, #3050, .F. ) ;
#1388 = ORIENTED_EDGE ( 'NONE', *, *, #1575, .T. ) ;
#1389 = VECTOR ( 'NONE', #3438, 1000.000000000000000 ) ;
#1390 = ORIENTED_EDGE ( 'NONE', *, *, #2568, .F. ) ;
#1391 = DIRECTION ( 'NONE',  ( 0.6888675014067467961, 0.000000000000000000, 0.7248872777926410604 ) ) ;
#1392 = EDGE_CURVE ( 'NONE', #348, #1936, #2718, .T. ) ;
#1393 = CARTESIAN_POINT ( 'NONE',  ( -165.5923904649428948, 1076.559999999999945, 9.690496330747528475 ) ) ;
#1394 = ORIENTED_EDGE ( 'NONE', *, *, #4158, .F. ) ;
#1395 = LINE ( 'NONE', #2702, #3523 ) ;
#1396 = DIRECTION ( 'NONE',  ( 0.000000000000000000, -1.000000000000000000, 0.000000000000000000 ) ) ;
#1397 = CARTESIAN_POINT ( 'NONE',  ( -233.9222184832874234, 1076.959999999999809, 13.19005079517899048 ) ) ;
#1398 = CARTESIAN_POINT ( 'NONE',  ( -151.9060143339743547, 1076.559999999999718, 9.644634931176618409 ) ) ;
#1399 = DIRECTION ( 'NONE',  ( -0.6888675014067540125, 0.000000000000000000, -0.7248872777926342881 ) ) ;
#1400 = CARTESIAN_POINT ( 'NONE',  ( -194.3434337935483995, 1081.559999999999945, 9.312927148811843026 ) ) ;
#1401 = EDGE_CURVE ( 'NONE', #2450, #1722, #778, .T. ) ;
#1402 = ORIENTED_EDGE ( 'NONE', *, *, #1941, .T. ) ;
#1403 = ORIENTED_EDGE ( 'NONE', *, *, #3004, .T. ) ;
#1404 = FACE_OUTER_BOUND ( 'NONE', #121, .T. ) ;
#1405 = PLANE ( 'NONE',  #1192 ) ;
#1406 = CARTESIAN_POINT ( 'NONE',  ( -290.1850476729540560, 1076.960000000000036, 2.279926096537914670 ) ) ;
#1407 = CARTESIAN_POINT ( 'NONE',  ( -119.0667696627180590, 1081.559999999999945, 28.12804715761673435 ) ) ;
#1408 = AXIS2_PLACEMENT_3D ( 'NONE', #269, #250, #1510 ) ;
#1409 = EDGE_LOOP ( 'NONE', ( #1760, #2715, #3543, #4067 ) ) ;
#1410 = ORIENTED_EDGE ( 'NONE', *, *, #599, .T. ) ;
#1411 = VERTEX_POINT ( 'NONE', #1384 ) ;
#1412 = DIRECTION ( 'NONE',  ( -0.7248872777926379518, 0.000000000000000000, 0.6888675014067501268 ) ) ;
#1413 =( BOUNDED_CURVE ( )  B_SPLINE_CURVE ( 3, ( #2593, #4, #930, #243 ),
 .UNSPECIFIED., .F., .T. ) 
 B_SPLINE_CURVE_WITH_KNOTS ( ( 4, 4 ),
 ( 3.593395922359142514, 5.908010049700227029 ),
 .UNSPECIFIED. ) 
 CURVE ( )  GEOMETRIC_REPRESENTATION_ITEM ( )  RATIONAL_B_SPLINE_CURVE ( ( 1.000000000000000000, 0.6012046472235411665, 0.6012046472235411665, 1.000000000000000000 ) ) 
 REPRESENTATION_ITEM ( '' )  );
#1414 = ORIENTED_EDGE ( 'NONE', *, *, #409, .F. ) ;
#1415 = CARTESIAN_POINT ( 'NONE',  ( -280.0929048604700142, 1165.440000000000055, 6.043931826251222716 ) ) ;
#1416 = CARTESIAN_POINT ( 'NONE',  ( -249.6992184206702916, 1076.959999999999582, 7.548219356035557048 ) ) ;
#1417 = CARTESIAN_POINT ( 'NONE',  ( -133.1133349853126902, 1077.559999999999945, 126.4989099470499241 ) ) ;
#1418 = EDGE_CURVE ( 'NONE', #2654, #901, #2675, .T. ) ;
#1419 = CARTESIAN_POINT ( 'NONE',  ( -135.8203959127808957, 1076.559999999999718, 9.371846716018461976 ) ) ;
#1420 = LINE ( 'NONE', #2966, #916 ) ;
#1421 = LINE ( 'NONE', #3950, #752 ) ;
#1422 = ORIENTED_EDGE ( 'NONE', *, *, #116, .F. ) ;
#1423 = AXIS2_PLACEMENT_3D ( 'NONE', #2521, #3515, #3809 ) ;
#1424 = ORIENTED_EDGE ( 'NONE', *, *, #3357, .F. ) ;
#1425 = CARTESIAN_POINT ( 'NONE',  ( -251.1990655684237481, 1077.559999999999718, 7.472962773391171432 ) ) ;
#1426 = AXIS2_PLACEMENT_3D ( 'NONE', #3279, #2948, #479 ) ;
#1427 = CARTESIAN_POINT ( 'NONE',  ( -114.4461369841751406, 1076.559999999999945, 8.572950441632396945 ) ) ;
#1428 = EDGE_CURVE ( 'NONE', #1224, #3381, #3377, .T. ) ;
#1429 = CARTESIAN_POINT ( 'NONE',  ( -190.1890343106762202, 1076.559999999999945, 9.385866078298580106 ) ) ;
#1430 = DIRECTION ( 'NONE',  ( 0.06567303980416458464, 0.000000000000000000, -0.9978411957034448720 ) ) ;
#1431 = CIRCLE ( 'NONE', #1847, 0.6010667131491793658 ) ;
#1432 = VECTOR ( 'NONE', #1595, 1000.000000000000000 ) ;
#1433 = ORIENTED_EDGE ( 'NONE', *, *, #1302, .T. ) ;
#1434 = VERTEX_POINT ( 'NONE', #2355 ) ;
#1435 = DIRECTION ( 'NONE',  ( -0.2442954651673957256, 0.000000000000000000, 0.9697008434041118896 ) ) ;
#1436 = CARTESIAN_POINT ( 'NONE',  ( -266.5147033832301418, 1165.440000000000055, 5.740492526924503736 ) ) ;
#1437 = EDGE_CURVE ( 'NONE', #2970, #1921, #2694, .T. ) ;
#1438 = ORIENTED_EDGE ( 'NONE', *, *, #1320, .F. ) ;
#1439 = EDGE_LOOP ( 'NONE', ( #2340, #1071, #3629, #1732 ) ) ;
#1440 = PLANE ( 'NONE',  #4127 ) ;
#1441 = CARTESIAN_POINT ( 'NONE',  ( -246.5865632572809147, 1076.959999999999582, 7.696870105719149535 ) ) ;
#1442 = CARTESIAN_POINT ( 'NONE',  ( -112.7508309264629673, 1076.559999999999718, 7.689384925053317055 ) ) ;
#1443 = LINE ( 'NONE', #455, #270 ) ;
#1444 = LINE ( 'NONE', #4015, #3544 ) ;
#1445 = CARTESIAN_POINT ( 'NONE',  ( -166.9276137519881047, 1076.559999999999718, 24.21216429850676022 ) ) ;
#1446 = ORIENTED_EDGE ( 'NONE', *, *, #1364, .T. ) ;
#1447 = ORIENTED_EDGE ( 'NONE', *, *, #1815, .F. ) ;
#1448 = ORIENTED_EDGE ( 'NONE', *, *, #3738, .F. ) ;
#1449 = EDGE_CURVE ( 'NONE', #46, #1153, #3316, .T. ) ;
#1450 = CARTESIAN_POINT ( 'NONE',  ( -290.3163669967450460, 1165.440000000000055, 0.8276152839412153073 ) ) ;
#1451 = CARTESIAN_POINT ( 'NONE',  ( -231.7250680968431311, 1076.959999999999582, 8.309185957897732067 ) ) ;
#1452 = AXIS2_PLACEMENT_3D ( 'NONE', #765, #55, #3972 ) ;
#1453 = ORIENTED_EDGE ( 'NONE', *, *, #2595, .T. ) ;
#1454 = ORIENTED_EDGE ( 'NONE', *, *, #3253, .F. ) ;
#1455 = B_SPLINE_CURVE_WITH_KNOTS ( 'NONE', 3,
 ( #508, #1425, #2439, #486 ),
 .UNSPECIFIED., .F., .F.,
 ( 4, 4 ),
 ( 0.9132561285132086981, 0.9153643480786192166 ),
 .UNSPECIFIED. ) ;
#1456 = ORIENTED_EDGE ( 'NONE', *, *, #2181, .T. ) ;
#1457 = CARTESIAN_POINT ( 'NONE',  ( -83.70945874280815246, 1077.559999999999945, 79.54992100822235557 ) ) ;
#1458 = COLOUR_RGB ( '',0.7921568627450980005, 0.8196078431372548767, 0.9333333333333333481 ) ;
#1459 = AXIS2_PLACEMENT_3D ( 'NONE', #1594, #2895, #1938 ) ;
#1460 = ORIENTED_EDGE ( 'NONE', *, *, #933, .T. ) ;
#1461 = CARTESIAN_POINT ( 'NONE',  ( -178.1952668448776933, 1077.559999999999945, 22.75369838660252952 ) ) ;
#1462 = CARTESIAN_POINT ( 'NONE',  ( -113.3033073900940764, 1076.559999999999718, 7.716868825675114785 ) ) ;
#1463 = CARTESIAN_POINT ( 'NONE',  ( -267.5579742966418735, 1076.959999999999809, 3.504036228201333092 ) ) ;
#1464 = LINE ( 'NONE', #1216, #2810 ) ;
#1465 = CARTESIAN_POINT ( 'NONE',  ( -133.1568151895789356, 1077.559999999999718, 9.266055488606522061 ) ) ;
#1466 = ORIENTED_EDGE ( 'NONE', *, *, #782, .F. ) ;
#1467 = EDGE_LOOP ( 'NONE', ( #3168, #1344, #3243, #1895, #2620, #3151 ) ) ;
#1468 = ORIENTED_EDGE ( 'NONE', *, *, #159, .F. ) ;
#1469 = CARTESIAN_POINT ( 'NONE',  ( -255.8870986851619023, 1076.959999999999809, 7.681003567253958053 ) ) ;
#1470 = CARTESIAN_POINT ( 'NONE',  ( -237.6737849170279731, 1076.959999999999809, 8.080994594439271594 ) ) ;
#1471 = DIRECTION ( 'NONE',  ( -0.000000000000000000, -1.000000000000000000, -0.000000000000000000 ) ) ;
#1472 = CARTESIAN_POINT ( 'NONE',  ( -194.9129271786084701, 1076.959999999999809, 9.302312374623200597 ) ) ;
#1473 = ADVANCED_FACE ( 'NONE', ( #278 ), #2783, .F. ) ;
#1474 = ORIENTED_EDGE ( 'NONE', *, *, #3371, .T. ) ;
#1475 = CARTESIAN_POINT ( 'NONE',  ( -198.1683094137295598, 1076.959999999999809, 15.24074369565838794 ) ) ;
#1476 = ORIENTED_EDGE ( 'NONE', *, *, #3738, .T. ) ;
#1477 = CARTESIAN_POINT ( 'NONE',  ( -148.8736908028978974, 1076.559999999999945, 1.598898269525319327 ) ) ;
#1478 = ORIENTED_EDGE ( 'NONE', *, *, #2686, .T. ) ;
#1479 = ORIENTED_EDGE ( 'NONE', *, *, #98, .F. ) ;
#1480 = CARTESIAN_POINT ( 'NONE',  ( -300.0000000000000000, 1076.559999999999945, -0.1621621621621254228 ) ) ;
#1481 = ADVANCED_FACE ( 'NONE', ( #1901 ), #1552, .F. ) ;
#1482 = CARTESIAN_POINT ( 'NONE',  ( -252.2572995699182741, 1076.559999999999718, 6.637396135036434330 ) ) ;
#1483 = ADVANCED_FACE ( 'NONE', ( #3126 ), #2869, .F. ) ;
#1484 = PLANE ( 'NONE',  #2168 ) ;
#1485 = DIRECTION ( 'NONE',  ( 0.001877162694597761397, 0.000000000000000000, -0.9999982381285568156 ) ) ;
#1486 = EDGE_CURVE ( 'NONE', #4025, #625, #3657, .T. ) ;
#1487 = ORIENTED_EDGE ( 'NONE', *, *, #2920, .F. ) ;
#1488 = ORIENTED_EDGE ( 'NONE', *, *, #2861, .F. ) ;
#1489 = CARTESIAN_POINT ( 'NONE',  ( -254.9539109580283309, 1076.959999999999582, 8.516572991783290192 ) ) ;
#1490 = DIRECTION ( 'NONE',  ( 0.000000000000000000, -1.000000000000000000, 0.000000000000000000 ) ) ;
#1491 = CARTESIAN_POINT ( 'NONE',  ( -134.1085022721686641, 1077.559999999999945, 3.550555210029314956 ) ) ;
#1492 = CARTESIAN_POINT ( 'NONE',  ( -257.8976825154148855, 1077.559999999999945, 7.804466760825801153 ) ) ;
#1493 = VECTOR ( 'NONE', #2283, 1000.000000000000000 ) ;
#1494 = VERTEX_POINT ( 'NONE', #1202 ) ;
#1495 = ORIENTED_EDGE ( 'NONE', *, *, #2128, .F. ) ;
#1496 = CARTESIAN_POINT ( 'NONE',  ( -89.62753892102892905, 1076.959999999999809, 125.4662875543850191 ) ) ;
#1497 = LINE ( 'NONE', #1905, #2134 ) ;
#1499 = FACE_OUTER_BOUND ( 'NONE', #1135, .T. ) ;
#1498 = AXIS2_PLACEMENT_3D ( 'NONE', #2958, #667, #1962 ) ;
#1500 = VECTOR ( 'NONE', #639, 1000.000000000000114 ) ;
#1501 = AXIS2_PLACEMENT_3D ( 'NONE', #3198, #2771, #4054 ) ;
#1502 = ORIENTED_EDGE ( 'NONE', *, *, #352, .F. ) ;
#1503 = CARTESIAN_POINT ( 'NONE',  ( -204.3486025323560966, 1077.559999999999945, 18.26912735972595314 ) ) ;
#1504 = EDGE_CURVE ( 'NONE', #1830, #3806, #2142, .T. ) ;
#1505 = EDGE_CURVE ( 'NONE', #1198, #3289, #238, .T. ) ;
#1506 = CARTESIAN_POINT ( 'NONE',  ( -132.8079613817489815, 1076.559999999999718, 8.488640521341494605 ) ) ;
#1507 = ORIENTED_EDGE ( 'NONE', *, *, #288, .T. ) ;
#1508 = CARTESIAN_POINT ( 'NONE',  ( -101.2206899534065485, 1077.559999999999945, 21.21819287104279894 ) ) ;
#1509 = CARTESIAN_POINT ( 'NONE',  ( -112.6261548481651431, 1077.559999999999945, 12.32525601775577151 ) ) ;
#1510 = DIRECTION ( 'NONE',  ( 0.000000000000000000, 0.000000000000000000, 1.000000000000000000 ) ) ;
#1511 = B_SPLINE_CURVE_WITH_KNOTS ( 'NONE', 3,
 ( #2082, #1724, #4021, #2062, #1700, #149, #813, #2739, #1137, #3711, #2103, #487, #748, #2333 ),
 .UNSPECIFIED., .F., .F.,
 ( 4, 1, 1, 1, 1, 1, 1, 1, 1, 1, 1, 4 ),
 ( 0.7011752054892489427, 0.7037511641537997908, 0.7114926295676233803, 0.7321002988842217896, 0.7527079682008201988, 0.7939233068340170174, 0.8351386454672137249, 0.8763539841004104325, 0.8969616534170088418, 0.9175693227336072511, 0.9324260961395651748, 0.9375780134687207168 ),
 .UNSPECIFIED. ) ;
#1512 = ORIENTED_EDGE ( 'NONE', *, *, #1256, .F. ) ;
#1513 = ORIENTED_EDGE ( 'NONE', *, *, #3118, .T. ) ;
#1514 = ORIENTED_EDGE ( 'NONE', *, *, #3700, .T. ) ;
#1515 = DIRECTION ( 'NONE',  ( -0.9999423315618068964, 0.000000000000000000, 0.01073934591758248132 ) ) ;
#1516 = CARTESIAN_POINT ( 'NONE',  ( -175.6433355960380993, 1076.559999999999945, 9.574595747435139970 ) ) ;
#1517 = CARTESIAN_POINT ( 'NONE',  ( -245.4693082736719134, 1076.959999999999809, 8.268023086486955719 ) ) ;
#1518 = FACE_OUTER_BOUND ( 'NONE', #665, .T. ) ;
#1519 = ORIENTED_EDGE ( 'NONE', *, *, #3209, .T. ) ;
#1520 = VERTEX_POINT ( 'NONE', #3777 ) ;
#1521 = CARTESIAN_POINT ( 'NONE',  ( -238.8043900228236964, 1076.959999999999809, 8.035481055062303923 ) ) ;
#1522 = CARTESIAN_POINT ( 'NONE',  ( -177.8347060259989121, 1077.559999999999945, 9.552397567821030222 ) ) ;
#1523 = CARTESIAN_POINT ( 'NONE',  ( -246.0630612140192284, 1076.959999999999582, 10.55659016639784120 ) ) ;
#1524 = DIRECTION ( 'NONE',  ( 0.000000000000000000, -1.000000000000000000, 0.000000000000000000 ) ) ;
#1525 = VERTEX_POINT ( 'NONE', #904 ) ;
#1526 = LINE ( 'NONE', #2598, #3794 ) ;
#1527 = EDGE_CURVE ( 'NONE', #4178, #3779, #575, .T. ) ;
#1528 = PLANE ( 'NONE',  #1423 ) ;
#1529 = FACE_OUTER_BOUND ( 'NONE', #1262, .T. ) ;
#1530 = CARTESIAN_POINT ( 'NONE',  ( -113.5285485838877975, 1081.559999999999945, 8.528672068350594770 ) ) ;
#1531 = VERTEX_POINT ( 'NONE', #1517 ) ;
#1532 = ORIENTED_EDGE ( 'NONE', *, *, #3942, .T. ) ;
#1533 = CARTESIAN_POINT ( 'NONE',  ( -265.3338636067466041, 1081.559999999999945, 6.801727551362758639 ) ) ;
#1534 = CARTESIAN_POINT ( 'NONE',  ( -177.8347060259989121, 1076.559999999999945, 9.552397567821030222 ) ) ;
#1535 = LINE ( 'NONE', #3184, #1356 ) ;
#1536 = EDGE_CURVE ( 'NONE', #978, #2649, #3522, .T. ) ;
#1537 = CARTESIAN_POINT ( 'NONE',  ( 0.5721654584182511716, 1081.559999999999945, 21.27501398164622870 ) ) ;
#1538 = ORIENTED_EDGE ( 'NONE', *, *, #3197, .F. ) ;
#1539 = ORIENTED_EDGE ( 'NONE', *, *, #3679, .F. ) ;
#1540 = PLANE ( 'NONE',  #2578 ) ;
#1541 = CARTESIAN_POINT ( 'NONE',  ( -260.9867192135902769, 1081.559999999999945, 7.878685561044781238 ) ) ;
#1542 = DIRECTION ( 'NONE',  ( 0.6888675014067484614, 0.000000000000000000, 0.7248872777926396171 ) ) ;
#1543 = ORIENTED_EDGE ( 'NONE', *, *, #2071, .F. ) ;
#1544 = CARTESIAN_POINT ( 'NONE',  ( -150.2687402496501363, 1077.559999999999945, 9.575102033794831158 ) ) ;
#1545 = CARTESIAN_POINT ( 'NONE',  ( 0.000000000000000000, 1081.559999999999945, 0.000000000000000000 ) ) ;
#1546 = CARTESIAN_POINT ( 'NONE',  ( -260.9867192135914138, 1165.440000000000055, 7.878685561044471264 ) ) ;
#1547 = DIRECTION ( 'NONE',  ( 0.6888675014067540125, 0.000000000000000000, 0.7248872777926342881 ) ) ;
#1548 = EDGE_CURVE ( 'NONE', #2956, #2230, #1535, .T. ) ;
#1549 = ORIENTED_EDGE ( 'NONE', *, *, #869, .T. ) ;
#1550 = LINE ( 'NONE', #4088, #2705 ) ;
#1551 = CARTESIAN_POINT ( 'NONE',  ( -190.0606051026418584, 1081.559999999999945, 21.14460090871749642 ) ) ;
#1552 = PLANE ( 'NONE',  #616 ) ;
#1553 = EDGE_LOOP ( 'NONE', ( #1487, #3373, #2714, #3436 ) ) ;
#1554 = ORIENTED_EDGE ( 'NONE', *, *, #1685, .F. ) ;
#1555 = DIRECTION ( 'NONE',  ( -0.8530756398719019362, 0.000000000000000000, 0.5217872676265157272 ) ) ;
#1556 = DIRECTION ( 'NONE',  ( 0.000000000000000000, -0.000000000000000000, -1.000000000000000000 ) ) ;
#1557 = CARTESIAN_POINT ( 'NONE',  ( -154.5675532238969367, 1076.559999999999945, 25.48978774251258628 ) ) ;
#1558 = VECTOR ( 'NONE', #646, 1000.000000000000114 ) ;
#1559 = VECTOR ( 'NONE', #2989, 1000.000000000000000 ) ;
#1560 = EDGE_LOOP ( 'NONE', ( #1181, #3923, #1502, #1771 ) ) ;
#1561 = EDGE_CURVE ( 'NONE', #2162, #775, #3100, .T. ) ;
#1562 = CARTESIAN_POINT ( 'NONE',  ( -131.6663975624087470, 1076.559999999999718, 26.97927182084070452 ) ) ;
#1563 = EDGE_CURVE ( 'NONE', #1037, #2418, #880, .T. ) ;
#1564 = CIRCLE ( 'NONE', #2241, 0.5999999999999946487 ) ;
#1565 = CARTESIAN_POINT ( 'NONE',  ( -248.2263911974834230, 1077.559999999999945, 10.06564403484840398 ) ) ;
#1566 = CYLINDRICAL_SURFACE ( 'NONE', #3860, 9.000000000001179501 ) ;
#1567 = DIRECTION ( 'NONE',  ( -0.02688405537825821340, 0.000000000000000000, -0.9996385584632171417 ) ) ;
#1568 = ORIENTED_EDGE ( 'NONE', *, *, #3970, .F. ) ;
#1569 = DIRECTION ( 'NONE',  ( 0.000000000000000000, -1.000000000000000000, 0.000000000000000000 ) ) ;
#1570 = CARTESIAN_POINT ( 'NONE',  ( -251.6104412495296856, 1081.559999999999945, 6.667546580856927640 ) ) ;
#1571 = DIRECTION ( 'NONE',  ( 0.000000000000000000, -1.000000000000000000, 0.000000000000000000 ) ) ;
#1572 = ORIENTED_EDGE ( 'NONE', *, *, #431, .T. ) ;
#1573 = EDGE_CURVE ( 'NONE', #2252, #1520, #2166, .T. ) ;
#1574 = VERTEX_POINT ( 'NONE', #4112 ) ;
#1575 = EDGE_CURVE ( 'NONE', #2697, #3381, #858, .T. ) ;
#1576 = VERTEX_POINT ( 'NONE', #1222 ) ;
#1577 = CARTESIAN_POINT ( 'NONE',  ( -149.2125205955655929, 1077.559999999999945, 25.91972275192642883 ) ) ;
#1578 = CARTESIAN_POINT ( 'NONE',  ( -274.1238790086579797, 1076.559999999999945, 2.239275516313835368 ) ) ;
#1579 = CARTESIAN_POINT ( 'NONE',  ( -257.6570793527035335, 1077.559999999999945, 7.526381928219097794 ) ) ;
#1580 = ORIENTED_EDGE ( 'NONE', *, *, #2906, .F. ) ;
#1581 = CARTESIAN_POINT ( 'NONE',  ( -223.1576030448102017, 1076.959999999999582, 8.600734002177590654 ) ) ;
#1582 = EDGE_CURVE ( 'NONE', #3064, #178, #4133, .T. ) ;
#1583 = CARTESIAN_POINT ( 'NONE',  ( -194.7231115508529058, 1077.559999999999945, 9.305874905341779524 ) ) ;
#1584 = CARTESIAN_POINT ( 'NONE',  ( -290.1604015055179389, 1076.959999999999809, 1.637864100023359581 ) ) ;
#1585 = CARTESIAN_POINT ( 'NONE',  ( -87.84855366176002178, 1077.559999999999945, -92.44201358294745319 ) ) ;
#1586 = PLANE ( 'NONE',  #591 ) ;
#1587 = VECTOR ( 'NONE', #1306, 1000.000000000000000 ) ;
#1588 = DIRECTION ( 'NONE',  ( 0.1609050596805300659, 0.000000000000000000, -0.9869698889881115544 ) ) ;
#1589 = CARTESIAN_POINT ( 'NONE',  ( -282.6978133705282517, 1076.559999999999945, 5.318962716800226254 ) ) ;
#1590 = DIRECTION ( 'NONE',  ( -0.6888675014067497937, 0.000000000000000000, -0.7248872777926383959 ) ) ;
#1591 = ORIENTED_EDGE ( 'NONE', *, *, #481, .F. ) ;
#1592 = ORIENTED_EDGE ( 'NONE', *, *, #2492, .T. ) ;
#1593 = FACE_OUTER_BOUND ( 'NONE', #2189, .T. ) ;
#1594 = CARTESIAN_POINT ( 'NONE',  ( -96.76864102652487531, 1077.559999999999945, -101.8285180040629427 ) ) ;
#1595 = DIRECTION ( 'NONE',  ( -0.7248872777926379518, 0.000000000000000000, 0.6888675014067501268 ) ) ;
#1596 = EDGE_CURVE ( 'NONE', #2570, #1531, #1241, .T. ) ;
#1597 = VERTEX_POINT ( 'NONE', #579 ) ;
#1598 = DIRECTION ( 'NONE',  ( 0.000000000000000000, -1.000000000000000000, 0.000000000000000000 ) ) ;
#1599 = FACE_BOUND ( 'NONE', #1122, .T. ) ;
#1600 = ADVANCED_FACE ( 'NONE', ( #2849 ), #3817, .T. ) ;
#1601 = CARTESIAN_POINT ( 'NONE',  ( -297.6853304519444805, 1165.440000000000055, 0.07763497804488378451 ) ) ;
#1602 = CARTESIAN_POINT ( 'NONE',  ( -290.3110310811928798, 1076.559999999999945, 3.099905874843257969 ) ) ;
#1603 = DIRECTION ( 'NONE',  ( 0.000000000000000000, -1.000000000000000000, 0.000000000000000000 ) ) ;
#1604 = VECTOR ( 'NONE', #462, 1000.000000000000227 ) ;
#1605 = B_SPLINE_CURVE_WITH_KNOTS ( 'NONE', 3,
 ( #2661, #1128, #2323, #3594 ),
 .UNSPECIFIED., .F., .F.,
 ( 4, 4 ),
 ( 0.8767451746816578018, 0.8785003871908227957 ),
 .UNSPECIFIED. ) ;
#1606 = AXIS2_PLACEMENT_3D ( 'NONE', #32, #294, #3559 ) ;
#1607 = CARTESIAN_POINT ( 'NONE',  ( -186.0164287401526622, 1076.560000000000173, 21.75117456737059030 ) ) ;
#1608 = DIRECTION ( 'NONE',  ( 0.6888675014067489055, 0.000000000000000000, 0.7248872777926391731 ) ) ;
#1609 = EDGE_LOOP ( 'NONE', ( #2265, #1038, #50, #220 ) ) ;
#1610 = EDGE_CURVE ( 'NONE', #625, #1051, #3907, .T. ) ;
#1611 = CARTESIAN_POINT ( 'NONE',  ( -265.3338636067466041, 1076.559999999999945, 6.801727551362758639 ) ) ;
#1612 = EDGE_CURVE ( 'NONE', #3507, #4159, #678, .T. ) ;
#1613 = ORIENTED_EDGE ( 'NONE', *, *, #937, .T. ) ;
#1614 = ORIENTED_EDGE ( 'NONE', *, *, #240, .T. ) ;
#1615 = DIRECTION ( 'NONE',  ( 0.000000000000000000, 0.000000000000000000, -1.000000000000000000 ) ) ;
#1616 = DIRECTION ( 'NONE',  ( 0.7241518884010706980, 0.000000000000000000, 0.6896405168819210729 ) ) ;
#1617 = CARTESIAN_POINT ( 'NONE',  ( -290.1850476729540560, 1165.440000000000055, 2.279926096537914670 ) ) ;
#1618 = VERTEX_POINT ( 'NONE', #2567 ) ;
#1619 = LINE ( 'NONE', #995, #3587 ) ;
#1620 = VECTOR ( 'NONE', #4148, 1000.000000000000000 ) ;
#1621 = ADVANCED_FACE ( 'NONE', ( #1671 ), #4170, .F. ) ;
#1622 = VECTOR ( 'NONE', #3485, 1000.000000000000114 ) ;
#1623 = EDGE_CURVE ( 'NONE', #3007, #3649, #2268, .T. ) ;
#1624 = FACE_OUTER_BOUND ( 'NONE', #1338, .T. ) ;
#1625 = DIRECTION ( 'NONE',  ( -0.02646596929540921336, 0.000000000000000000, -0.9996497148847962588 ) ) ;
#1626 = CARTESIAN_POINT ( 'NONE',  ( -292.7816016976615288, 1165.440000000000055, 2.342604849855893789 ) ) ;
#1627 = PLANE ( 'NONE',  #1606 ) ;
#1628 = VECTOR ( 'NONE', #2496, 1000.000000000000000 ) ;
#1629 = CARTESIAN_POINT ( 'NONE',  ( -247.5948149815329487, 1081.559999999999945, 7.661474984079974959 ) ) ;
#1630 = DIRECTION ( 'NONE',  ( 0.000000000000000000, -1.000000000000000000, 0.000000000000000000 ) ) ;
#1631 = AXIS2_PLACEMENT_3D ( 'NONE', #2199, #225, #3783 ) ;
#1632 = CARTESIAN_POINT ( 'NONE',  ( -89.62753892102892905, 1077.559999999999945, 125.4662875543850191 ) ) ;
#1633 = ORIENTED_EDGE ( 'NONE', *, *, #2117, .T. ) ;
#1634 = ORIENTED_EDGE ( 'NONE', *, *, #3442, .T. ) ;
#1635 = FACE_OUTER_BOUND ( 'NONE', #3731, .T. ) ;
#1636 = CARTESIAN_POINT ( 'NONE',  ( -192.5000000004401102, 1081.559999999999945, 15.15093237100210288 ) ) ;
#1637 = DIRECTION ( 'NONE',  ( 0.7248872777926391731, 0.000000000000000000, -0.6888675014067489055 ) ) ;
#1638 = ORIENTED_EDGE ( 'NONE', *, *, #116, .T. ) ;
#1639 = CARTESIAN_POINT ( 'NONE',  ( -165.9276959324085965, 1077.559999999999945, 24.32335976583580717 ) ) ;
#1640 = LINE ( 'NONE', #997, #3052 ) ;
#1641 = VERTEX_POINT ( 'NONE', #3241 ) ;
#1642 = CARTESIAN_POINT ( 'NONE',  ( -279.6950825009786854, 1076.559999999999718, 1.796581939439624742 ) ) ;
#1643 = CARTESIAN_POINT ( 'NONE',  ( -282.6978133708466316, 1076.559999999999945, 5.318962716709642713 ) ) ;
#1644 = DIRECTION ( 'NONE',  ( 0.001877162694616528937, 0.000000000000000000, -0.9999982381285568156 ) ) ;
#1645 = EDGE_CURVE ( 'NONE', #2550, #38, #2929, .T. ) ;
#1646 = DIRECTION ( 'NONE',  ( 0.000000000000000000, -1.000000000000000000, 0.000000000000000000 ) ) ;
#1647 = CARTESIAN_POINT ( 'NONE',  ( -292.7816016975322100, 1076.559999999999945, 2.342604849896636310 ) ) ;
#1648 = CARTESIAN_POINT ( 'NONE',  ( -104.2954391588634167, 1077.559999999999945, -109.7488803342690176 ) ) ;
#1649 = AXIS2_PLACEMENT_3D ( 'NONE', #2996, #3375, #3399 ) ;
#1650 = ORIENTED_EDGE ( 'NONE', *, *, #3496, .F. ) ;
#1651 = ORIENTED_EDGE ( 'NONE', *, *, #3730, .F. ) ;
#1652 = DIRECTION ( 'NONE',  ( 0.01060253998774570924, 0.000000000000000000, -0.9999437914932058913 ) ) ;
#1653 = CARTESIAN_POINT ( 'NONE',  ( -256.8343786850404626, 1077.559999999999945, 8.059280522143909664 ) ) ;
#1654 = EDGE_CURVE ( 'NONE', #2311, #3621, #18, .T. ) ;
#1655 = CARTESIAN_POINT ( 'NONE',  ( -267.1688184859922330, 1076.959999999999809, 8.607714735570466402 ) ) ;
#1656 = LINE ( 'NONE', #1343, #466 ) ;
#1657 = VERTEX_POINT ( 'NONE', #3225 ) ;
#1658 = B_SPLINE_CURVE_WITH_KNOTS ( 'NONE', 3,
 ( #4099, #2497, #889, #628, #1247, #932 ),
 .UNSPECIFIED., .F., .F.,
 ( 4, 1, 1, 4 ),
 ( 0.03891155862395586501, 0.04061555485876838789, 0.04231955109357731643, 0.04416555291673891770 ),
 .UNSPECIFIED. ) ;
#1659 = ORIENTED_EDGE ( 'NONE', *, *, #3140, .T. ) ;
#1660 = DIRECTION ( 'NONE',  ( 0.000000000000000000, -1.000000000000000000, 0.000000000000000000 ) ) ;
#1661 = EDGE_CURVE ( 'NONE', #2002, #3601, #37, .T. ) ;
#1662 = EDGE_CURVE ( 'NONE', #2108, #729, #1335, .T. ) ;
#1663 = CARTESIAN_POINT ( 'NONE',  ( -241.3852872890720391, 1077.559999999999945, 11.59175294562724723 ) ) ;
#1664 = ORIENTED_EDGE ( 'NONE', *, *, #2492, .F. ) ;
#1665 = CARTESIAN_POINT ( 'NONE',  ( -279.6950825009786854, 1165.440000000000055, 1.796581939439624742 ) ) ;
#1666 = CARTESIAN_POINT ( 'NONE',  ( -99.99778022952409628, 1077.559999999999945, 23.97971956385087111 ) ) ;
#1667 = CARTESIAN_POINT ( 'NONE',  ( -112.8759871213101178, 1076.559999999999945, 3.035661502869943629 ) ) ;
#1668 = ADVANCED_FACE ( 'NONE', ( #1278 ), #657, .F. ) ;
#1669 = DIRECTION ( 'NONE',  ( 0.6888675014067490165, 0.000000000000000000, 0.7248872777926391731 ) ) ;
#1670 = CARTESIAN_POINT ( 'NONE',  ( -266.5886069376114733, 1076.559999999999945, 9.579359346406523201 ) ) ;
#1671 = FACE_OUTER_BOUND ( 'NONE', #699, .T. ) ;
#1672 = ORIENTED_EDGE ( 'NONE', *, *, #2182, .T. ) ;
#1673 = AXIS2_PLACEMENT_3D ( 'NONE', #436, #2985, #1065 ) ;
#1674 = ORIENTED_EDGE ( 'NONE', *, *, #964, .F. ) ;
#1675 = ORIENTED_EDGE ( 'NONE', *, *, #2128, .T. ) ;
#1676 = EDGE_CURVE ( 'NONE', #4114, #1574, #3642, .T. ) ;
#1677 = CARTESIAN_POINT ( 'NONE',  ( -232.7573189821663959, 1076.959999999999809, 13.43332594171975458 ) ) ;
#1678 = EDGE_CURVE ( 'NONE', #2959, #2214, #318, .T. ) ;
#1679 = DIRECTION ( 'NONE',  ( 0.000000000000000000, 1.000000000000000000, -0.000000000000000000 ) ) ;
#1680 = CARTESIAN_POINT ( 'NONE',  ( -112.6486715160237821, 1081.559999999999945, 11.48801144721272927 ) ) ;
#1681 = CARTESIAN_POINT ( 'NONE',  ( -220.6196549160198401, 1077.559999999999945, 15.86831719877247338 ) ) ;
#1682 = ORIENTED_EDGE ( 'NONE', *, *, #22, .T. ) ;
#1683 = ORIENTED_EDGE ( 'NONE', *, *, #1817, .T. ) ;
#1684 = DIRECTION ( 'NONE',  ( 0.6888675014067501268, 0.000000000000000000, 0.7248872777926379518 ) ) ;
#1685 = EDGE_CURVE ( 'NONE', #2417, #3896, #618, .T. ) ;
#1686 = CARTESIAN_POINT ( 'NONE',  ( -233.9222184832874234, 1076.959999999999809, 13.19005079517899048 ) ) ;
#1687 = ORIENTED_EDGE ( 'NONE', *, *, #64, .F. ) ;
#1688 = DIRECTION ( 'NONE',  ( 0.6888675014067476843, 0.000000000000000000, 0.7248872777926401723 ) ) ;
#1689 = LINE ( 'NONE', #1666, #213 ) ;
#1690 = DIRECTION ( 'NONE',  ( -0.7248872777926342881, 0.000000000000000000, 0.6888675014067540125 ) ) ;
#1691 = VECTOR ( 'NONE', #1646, 1000.000000000000000 ) ;
#1692 = DIRECTION ( 'NONE',  ( -0.6888675014067514590, 0.000000000000000000, -0.7248872777926367306 ) ) ;
#1693 = CARTESIAN_POINT ( 'NONE',  ( -267.1688184859921762, 1165.440000000000055, 8.607714735570468179 ) ) ;
#1694 = CARTESIAN_POINT ( 'NONE',  ( -255.0275276099420694, 1081.559999999999945, 7.279903762745472129 ) ) ;
#1695 = VECTOR ( 'NONE', #1355, 1000.000000000000000 ) ;
#1696 = AXIS2_PLACEMENT_3D ( 'NONE', #4050, #200, #3448 ) ;
#1697 = ORIENTED_EDGE ( 'NONE', *, *, #1418, .F. ) ;
#1698 = ORIENTED_EDGE ( 'NONE', *, *, #2744, .F. ) ;
#1699 = PLANE ( 'NONE',  #2963 ) ;
#1700 = CARTESIAN_POINT ( 'NONE',  ( -132.8079613817489815, 1076.559999999999945, 8.488640521341494605 ) ) ;
#1701 = LINE ( 'NONE', #2289, #3046 ) ;
#1702 = CARTESIAN_POINT ( 'NONE',  ( -265.8557205421093954, 1081.559999999999945, 6.670256816194850558 ) ) ;
#1703 = EDGE_CURVE ( 'NONE', #2337, #2311, #1951, .T. ) ;
#1704 = EDGE_CURVE ( 'NONE', #743, #832, #1233, .T. ) ;
#1705 = VERTEX_POINT ( 'NONE', #1400 ) ;
#1706 = ORIENTED_EDGE ( 'NONE', *, *, #732, .F. ) ;
#1707 = CARTESIAN_POINT ( 'NONE',  ( -242.5546761553364092, 1077.559999999999945, 11.33505664491636189 ) ) ;
#1708 = CARTESIAN_POINT ( 'NONE',  ( 0.000000000000000000, 1165.440000000000055, 0.000000000000000000 ) ) ;
#1709 = CARTESIAN_POINT ( 'NONE',  ( -205.0226850628186241, 1076.959999999999809, 18.72112452208074274 ) ) ;
#1710 = VERTEX_POINT ( 'NONE', #3073 ) ;
#1711 = CARTESIAN_POINT ( 'NONE',  ( -123.5565654830474216, 1077.559999999999945, 129.7396513526184947 ) ) ;
#1712 = CARTESIAN_POINT ( 'NONE',  ( 0.000000000000000000, 1077.559999999999945, 0.000000000000000000 ) ) ;
#1713 = ADVANCED_FACE ( 'NONE', ( #3639 ), #2096, .T. ) ;
#1714 = CARTESIAN_POINT ( 'NONE',  ( -250.7585574480021364, 1077.559999999999945, 7.495065782900966589 ) ) ;
#1715 = ORIENTED_EDGE ( 'NONE', *, *, #3139, .F. ) ;
#1716 = CARTESIAN_POINT ( 'NONE',  ( -256.7794921589074875, 1076.959999999999582, 7.175935369512506767 ) ) ;
#1717 = CARTESIAN_POINT ( 'NONE',  ( -196.9577467012201737, 1077.559999999999945, 12.34914432081862756 ) ) ;
#1718 = CARTESIAN_POINT ( 'NONE',  ( -133.9566291355090470, 1077.559999999999945, 9.286974893465034242 ) ) ;
#1719 = B_SPLINE_CURVE_WITH_KNOTS ( 'NONE', 3,
 ( #3674, #704, #2719, #3286, #3912 ),
 .UNSPECIFIED., .F., .F.,
 ( 4, 1, 4 ),
 ( 0.7587236421685330523, 0.7612274788411783621, 0.7801898760548088285 ),
 .UNSPECIFIED. ) ;
#1720 = EDGE_LOOP ( 'NONE', ( #928, #3167, #3681, #1243 ) ) ;
#1721 = AXIS2_PLACEMENT_3D ( 'NONE', #3201, #939, #1893 ) ;
#1722 = VERTEX_POINT ( 'NONE', #3667 ) ;
#1723 = CARTESIAN_POINT ( 'NONE',  ( -165.5923904649428948, 1077.559999999999945, 9.690496330747528475 ) ) ;
#1724 = CARTESIAN_POINT ( 'NONE',  ( -113.3033073900973449, 1076.559999999999945, 7.716868825675275545 ) ) ;
#1725 = CARTESIAN_POINT ( 'NONE',  ( -270.6058122691731000, 1076.960000000000036, 7.731282320555692422 ) ) ;
#1726 = CARTESIAN_POINT ( 'NONE',  ( -119.0667696627180590, 1076.559999999999945, 28.12804715761673435 ) ) ;
#1727 = ORIENTED_EDGE ( 'NONE', *, *, #182, .T. ) ;
#1728 = ORIENTED_EDGE ( 'NONE', *, *, #2121, .F. ) ;
#1729 = ORIENTED_EDGE ( 'NONE', *, *, #2361, .T. ) ;
#1730 = PLANE ( 'NONE',  #1967 ) ;
#1731 = EDGE_CURVE ( 'NONE', #1705, #1079, #2538, .T. ) ;
#1732 = ORIENTED_EDGE ( 'NONE', *, *, #2670, .T. ) ;
#1733 = CARTESIAN_POINT ( 'NONE',  ( -287.8070055318488016, 1165.440000000000055, 3.847726477039149717 ) ) ;
#1734 = CARTESIAN_POINT ( 'NONE',  ( -238.8043900228236964, 1077.559999999999945, 8.035481055062303923 ) ) ;
#1735 = FACE_OUTER_BOUND ( 'NONE', #1467, .T. ) ;
#1736 = EDGE_CURVE ( 'NONE', #2851, #1198, #2754, .T. ) ;
#1737 = CARTESIAN_POINT ( 'NONE',  ( -151.9060143339743547, 1081.559999999999945, 9.644634931176618409 ) ) ;
#1738 = CARTESIAN_POINT ( 'NONE',  ( -92.49999999999820943, 1076.559999999999945, 16.74722354252501688 ) ) ;
#1739 = CARTESIAN_POINT ( 'NONE',  ( -190.7528261741830136, 1081.559999999999945, 21.03932599842006468 ) ) ;
#1740 = ORIENTED_EDGE ( 'NONE', *, *, #1784, .T. ) ;
#1741 = ORIENTED_EDGE ( 'NONE', *, *, #1736, .T. ) ;
#1742 = CARTESIAN_POINT ( 'NONE',  ( -265.5219321219681774, 1165.440000000000055, 2.837808823443983997 ) ) ;
#1743 = CARTESIAN_POINT ( 'NONE',  ( -178.7962997729573260, 1077.559999999999945, 22.74732555274113821 ) ) ;
#1744 = EDGE_CURVE ( 'NONE', #2270, #3853, #1421, .T. ) ;
#1745 = CARTESIAN_POINT ( 'NONE',  ( -267.1688184859921762, 1076.959999999999809, 8.607714735570468179 ) ) ;
#1746 = CARTESIAN_POINT ( 'NONE',  ( -113.8284090695293997, 1081.559999999999945, 28.12009005537213113 ) ) ;
#1747 = VECTOR ( 'NONE', #3684, 1000.000000000000227 ) ;
#1748 = VERTEX_POINT ( 'NONE', #2733 ) ;
#1749 = EDGE_LOOP ( 'NONE', ( #1514, #4135, #1822, #3612, #1124, #3181, #485, #3873 ) ) ;
#1750 = FACE_OUTER_BOUND ( 'NONE', #2911, .T. ) ;
#1751 = LINE ( 'NONE', #3042, #272 ) ;
#1752 = ORIENTED_EDGE ( 'NONE', *, *, #2612, .T. ) ;
#1753 = CARTESIAN_POINT ( 'NONE',  ( -205.0226850628186241, 1077.559999999999945, 18.72112452208074274 ) ) ;
#1754 = LINE ( 'NONE', #3296, #1031 ) ;
#1755 = DIRECTION ( 'NONE',  ( 0.000000000000000000, -1.000000000000000000, 0.000000000000000000 ) ) ;
#1756 = EDGE_CURVE ( 'NONE', #660, #2450, #99, .T. ) ;
#1757 = CARTESIAN_POINT ( 'NONE',  ( -221.7787467680724660, 1077.559999999999945, 15.64372520361560781 ) ) ;
#1758 = FACE_OUTER_BOUND ( 'NONE', #214, .T. ) ;
#1759 = CARTESIAN_POINT ( 'NONE',  ( -152.7139117670832320, 1076.559999999999718, 25.70190672669911436 ) ) ;
#1760 = ORIENTED_EDGE ( 'NONE', *, *, #1756, .T. ) ;
#1761 = VECTOR ( 'NONE', #611, 1000.000000000000000 ) ;
#1762 = ORIENTED_EDGE ( 'NONE', *, *, #2811, .F. ) ;
#1763 = ORIENTED_EDGE ( 'NONE', *, *, #2742, .T. ) ;
#1764 = CARTESIAN_POINT ( 'NONE',  ( -279.6950825001121075, 1165.440000000000055, 1.796581939513774318 ) ) ;
#1765 = B_SPLINE_CURVE_WITH_KNOTS ( 'NONE', 3,
 ( #456, #807, #2033, #393, #2732 ),
 .UNSPECIFIED., .F., .F.,
 ( 4, 1, 4 ),
 ( 0.1818561071168429688, 0.1839856049517671621, 0.1841876887977412225 ),
 .UNSPECIFIED. ) ;
#1766 = LINE ( 'NONE', #3307, #2817 ) ;
#1767 = CARTESIAN_POINT ( 'NONE',  ( -257.5087377909017050, 1077.559999999999945, 7.897858416091774636 ) ) ;
#1768 = CARTESIAN_POINT ( 'NONE',  ( -164.2408507512882636, 1076.559999999999945, 24.50836570411208726 ) ) ;
#1769 = VECTOR ( 'NONE', #3943, 1000.000000000000000 ) ;
#1770 = ORIENTED_EDGE ( 'NONE', *, *, #1548, .F. ) ;
#1771 = ORIENTED_EDGE ( 'NONE', *, *, #2587, .T. ) ;
#1772 = EDGE_LOOP ( 'NONE', ( #2059, #1210, #3675, #2100 ) ) ;
#1773 = CARTESIAN_POINT ( 'NONE',  ( -129.5036039822503255, 1076.959999999999809, 123.0685471127015518 ) ) ;
#1774 = ORIENTED_EDGE ( 'NONE', *, *, #802, .F. ) ;
#1775 = CARTESIAN_POINT ( 'NONE',  ( -96.72838245694208581, 1076.559999999999945, 24.69208237058674626 ) ) ;
#1776 = ORIENTED_EDGE ( 'NONE', *, *, #373, .F. ) ;
#1777 = CARTESIAN_POINT ( 'NONE',  ( -241.3852872890720960, 1076.959999999999809, 11.59175294562698966 ) ) ;
#1778 = B_SPLINE_CURVE_WITH_KNOTS ( 'NONE', 3,
 ( #1841, #3133, #223, #1522 ),
 .UNSPECIFIED., .F., .F.,
 ( 4, 4 ),
 ( 0.8368424045737977712, 0.8394024848050616328 ),
 .UNSPECIFIED. ) ;
#1779 = DIRECTION ( 'NONE',  ( -0.7348758801460661960, 0.000000000000000000, -0.6782016225132055931 ) ) ;
#1780 = CARTESIAN_POINT ( 'NONE',  ( -133.7537577194358960, 1077.559999999999945, 26.88888592191560178 ) ) ;
#1781 = CARTESIAN_POINT ( 'NONE',  ( -267.1688184859921762, 1165.440000000000055, 8.607714735570468179 ) ) ;
#1782 = EDGE_CURVE ( 'NONE', #4094, #3695, #3346, .T. ) ;
#1783 = EDGE_LOOP ( 'NONE', ( #2321, #3087, #4039 ) ) ;
#1784 = EDGE_CURVE ( 'NONE', #978, #1863, #718, .T. ) ;
#1785 = ORIENTED_EDGE ( 'NONE', *, *, #308, .T. ) ;
#1786 = ORIENTED_EDGE ( 'NONE', *, *, #100, .F. ) ;
#1787 = DIRECTION ( 'NONE',  ( 0.6888675014067480173, 0.000000000000000000, 0.7248872777926399502 ) ) ;
#1788 = CARTESIAN_POINT ( 'NONE',  ( -241.3852872890720391, 1077.559999999999945, 11.59175294562724723 ) ) ;
#1789 = CARTESIAN_POINT ( 'NONE',  ( -185.6189877027449597, 1081.559999999999718, 12.12471130904598304 ) ) ;
#1790 = CARTESIAN_POINT ( 'NONE',  ( -112.2016622867483875, 1076.559999999999945, 28.10930200688546421 ) ) ;
#1791 = AXIS2_PLACEMENT_3D ( 'NONE', #2589, #2267, #3579 ) ;
#1792 = ORIENTED_EDGE ( 'NONE', *, *, #2846, .F. ) ;
#1793 = ADVANCED_FACE ( 'NONE', ( #3347 ), #3366, .T. ) ;
#1794 = ORIENTED_EDGE ( 'NONE', *, *, #3185, .T. ) ;
#1795 = CARTESIAN_POINT ( 'NONE',  ( -248.7225026532515244, 1077.559999999999945, 9.434087006954596788 ) ) ;
#1796 = ORIENTED_EDGE ( 'NONE', *, *, #1756, .F. ) ;
#1797 = FACE_OUTER_BOUND ( 'NONE', #1281, .T. ) ;
#1798 = EDGE_CURVE ( 'NONE', #1921, #1657, #3890, .T. ) ;
#1799 = ORIENTED_EDGE ( 'NONE', *, *, #3942, .F. ) ;
#1800 = EDGE_CURVE ( 'NONE', #2276, #2024, #3769, .T. ) ;
#1801 = FACE_OUTER_BOUND ( 'NONE', #1560, .T. ) ;
#1802 = EDGE_CURVE ( 'NONE', #3481, #3096, #3499, .T. ) ;
#1803 = CARTESIAN_POINT ( 'NONE',  ( -265.7189512413807506, 1165.440000000000055, 5.831332410555692292 ) ) ;
#1804 = CARTESIAN_POINT ( 'NONE',  ( -92.49999999999820943, 1081.559999999999945, 16.74722354252501688 ) ) ;
#1805 = SURFACE_SIDE_STYLE ('',( #2119 ) ) ;
#1806 = LINE ( 'NONE', #590, #548 ) ;
#1807 = ORIENTED_EDGE ( 'NONE', *, *, #3568, .T. ) ;
#1808 = B_SPLINE_CURVE_WITH_KNOTS ( 'NONE', 3,
 ( #1397, #2075, #783, #3363, #1777 ),
 .UNSPECIFIED., .F., .F.,
 ( 4, 1, 4 ),
 ( 0.1606558756964573953, 0.1646423987747256679, 0.1681859010365059359 ),
 .UNSPECIFIED. ) ;
#1809 = EDGE_CURVE ( 'NONE', #484, #4008, #2161, .T. ) ;
#1810 = EDGE_LOOP ( 'NONE', ( #1103, #1715, #1741, #3131 ) ) ;
#1811 = CARTESIAN_POINT ( 'NONE',  ( -87.29745966063431695, 1077.559999999999945, -91.86210376071331041 ) ) ;
#1812 = CARTESIAN_POINT ( 'NONE',  ( -140.1163786704161112, 1081.559999999999945, 26.58487205923218966 ) ) ;
#1813 = CARTESIAN_POINT ( 'NONE',  ( -190.7528261741830136, 1081.559999999999945, 21.03932599842010021 ) ) ;
#1814 = CARTESIAN_POINT ( 'NONE',  ( -192.5000000004401102, 1076.559999999999945, 11.02593237100210644 ) ) ;
#1815 = EDGE_CURVE ( 'NONE', #1710, #3806, #1806, .T. ) ;
#1816 = ORIENTED_EDGE ( 'NONE', *, *, #2106, .F. ) ;
#1817 = EDGE_CURVE ( 'NONE', #1531, #3372, #830, .T. ) ;
#1818 = ORIENTED_EDGE ( 'NONE', *, *, #3364, .F. ) ;
#1819 = DIRECTION ( 'NONE',  ( -0.6782016225132038167, 0.000000000000000000, 0.7348758801460677503 ) ) ;
#1820 = FACE_OUTER_BOUND ( 'NONE', #823, .T. ) ;
#1821 = PLANE ( 'NONE',  #3460 ) ;
#1822 = ORIENTED_EDGE ( 'NONE', *, *, #27, .F. ) ;
#1823 = VECTOR ( 'NONE', #3387, 1000.000000000000000 ) ;
#1824 = ORIENTED_EDGE ( 'NONE', *, *, #826, .T. ) ;
#1825 = PLANE ( 'NONE',  #2707 ) ;
#1826 = CARTESIAN_POINT ( 'NONE',  ( -173.4395179607336104, 1076.559999999999718, 8.866531246998681226 ) ) ;
#1827 = CARTESIAN_POINT ( 'NONE',  ( -220.6196549160198686, 1076.959999999999809, 15.86831721223168401 ) ) ;
#1828 = CARTESIAN_POINT ( 'NONE',  ( -132.7570495598771174, 1076.559999999999945, 9.255214942794435018 ) ) ;
#1829 = FACE_OUTER_BOUND ( 'NONE', #1909, .T. ) ;
#1830 = VERTEX_POINT ( 'NONE', #4063 ) ;
#1831 = ORIENTED_EDGE ( 'NONE', *, *, #1676, .F. ) ;
#1832 = ORIENTED_EDGE ( 'NONE', *, *, #2988, .F. ) ;
#1833 = PLANE ( 'NONE',  #2425 ) ;
#1834 = CARTESIAN_POINT ( 'NONE',  ( -237.9153930459915784, 1081.559999999999945, 12.36233482739457301 ) ) ;
#1835 = CARTESIAN_POINT ( 'NONE',  ( 0.000000000000000000, 1076.959999999999809, 0.000000000000000000 ) ) ;
#1836 = VECTOR ( 'NONE', #896, 1000.000000000000000 ) ;
#1837 = ORIENTED_EDGE ( 'NONE', *, *, #3305, .T. ) ;
#1838 = VECTOR ( 'NONE', #2829, 999.9999999999998863 ) ;
#1839 = VERTEX_POINT ( 'NONE', #3143 ) ;
#1840 = CARTESIAN_POINT ( 'NONE',  ( 0.000000000000000000, 1076.959999999999809, 0.000000000000000000 ) ) ;
#1841 = CARTESIAN_POINT ( 'NONE',  ( -179.5174658418248157, 1077.559999999999945, 9.534537799042796635 ) ) ;
#1843 = VECTOR ( 'NONE', #2815, 1000.000000000000114 ) ;
#1842 = PLANE ( 'NONE',  #2176 ) ;
#1844 = CARTESIAN_POINT ( 'NONE',  ( -242.1653741751015332, 1077.560000000000173, 11.42079789519214117 ) ) ;
#1845 = ADVANCED_FACE ( 'NONE', ( #3411 ), #1255, .F. ) ;
#1846 = VECTOR ( 'NONE', #2415, 1000.000000000000000 ) ;
#1847 = AXIS2_PLACEMENT_3D ( 'NONE', #949, #2912, #2572 ) ;
#1848 = ORIENTED_EDGE ( 'NONE', *, *, #3197, .T. ) ;
#1849 = VECTOR ( 'NONE', #2533, 999.9999999999998863 ) ;
#1850 = DIRECTION ( 'NONE',  ( 0.6888675014067501268, 0.000000000000000000, 0.7248872777926379518 ) ) ;
#1851 = EDGE_CURVE ( 'NONE', #2279, #4071, #1874, .T. ) ;
#1852 = PLANE ( 'NONE',  #2436 ) ;
#1853 = FACE_OUTER_BOUND ( 'NONE', #3227, .T. ) ;
#1854 = DIRECTION ( 'NONE',  ( 0.000000000000000000, -1.000000000000000000, 0.000000000000000000 ) ) ;
#1855 = ORIENTED_EDGE ( 'NONE', *, *, #410, .F. ) ;
#1856 = ORIENTED_EDGE ( 'NONE', *, *, #1731, .T. ) ;
#1857 = DIRECTION ( 'NONE',  ( 0.000000000000000000, -1.000000000000000000, 0.000000000000000000 ) ) ;
#1858 = CARTESIAN_POINT ( 'NONE',  ( -113.6756979680784241, 1077.559999999999945, 3.057168747125017294 ) ) ;
#1859 = CARTESIAN_POINT ( 'NONE',  ( -245.6731028708971962, 1077.560000000000173, 7.739038463957885305 ) ) ;
#1860 = PLANE ( 'NONE',  #609 ) ;
#1861 = B_SPLINE_SURFACE_WITH_KNOTS ( 'NONE', 3, 1, ( 
 ( #236, #1220 ),
 ( #4130, #1533 ),
 ( #2544, #593 ),
 ( #3831, #1259 ),
 ( #3848, #2827 ),
 ( #2210, #1239 ) ),
 .UNSPECIFIED., .F., .F., .F.,
 ( 4, 1, 1, 4 ),
 ( 2, 2 ),
 ( 0.03891155862395586501, 0.04061555485876838789, 0.04231955109357731643, 0.04416555291674015282 ),
 ( 0.000000000000000000, 1.000000000000000000 ),
 .UNSPECIFIED. ) ;
#1862 = ORIENTED_EDGE ( 'NONE', *, *, #2555, .T. ) ;
#1863 = VERTEX_POINT ( 'NONE', #3160 ) ;
#1864 = CARTESIAN_POINT ( 'NONE',  ( -148.9397601185791871, 1077.559999999999945, 25.94133847265610981 ) ) ;
#1865 = CARTESIAN_POINT ( 'NONE',  ( -268.4179018073645011, 1076.559999999999945, 2.647210225952845608 ) ) ;
#1866 = CARTESIAN_POINT ( 'NONE',  ( -256.8343786850404626, 1077.559999999999945, 8.059280522143909664 ) ) ;
#1867 = B_SPLINE_CURVE_WITH_KNOTS ( 'NONE', 3,
 ( #2704, #2343, #114, #4012, #2390 ),
 .UNSPECIFIED., .F., .F.,
 ( 4, 1, 4 ),
 ( 0.1853139689449156136, 0.1882435483055209247, 0.1884687322648946617 ),
 .UNSPECIFIED. ) ;
#1868 = EDGE_CURVE ( 'NONE', #3953, #362, #3179, .T. ) ;
#1869 = VERTEX_POINT ( 'NONE', #2506 ) ;
#1870 = DIRECTION ( 'NONE',  ( 0.9996385584632172527, 0.000000000000000000, -0.02688405537825354352 ) ) ;
#1871 = AXIS2_PLACEMENT_3D ( 'NONE', #1743, #1116, #3646 ) ;
#1872 = CARTESIAN_POINT ( 'NONE',  ( -290.1604015055179389, 1165.440000000000055, 1.637864100023359581 ) ) ;
#1873 = FILL_AREA_STYLE ('',( #829 ) ) ;
#1874 = LINE ( 'NONE', #525, #2375 ) ;
#1875 = EDGE_CURVE ( 'NONE', #356, #1134, #231, .T. ) ;
#1876 = ORIENTED_EDGE ( 'NONE', *, *, #3728, .F. ) ;
#1877 = CARTESIAN_POINT ( 'NONE',  ( 0.000000000000000000, 1077.559999999999945, 0.000000000000000000 ) ) ;
#1878 = CARTESIAN_POINT ( 'NONE',  ( -167.4830527588412963, 1076.559999999999945, 9.625719651624425666 ) ) ;
#1879 = CARTESIAN_POINT ( 'NONE',  ( -244.8321065422305196, 1076.959999999999809, 7.777216704173523176 ) ) ;
#1880 =( BOUNDED_SURFACE ( )  B_SPLINE_SURFACE ( 3, 1, ( 
 ( #1813, #3647 ),
 ( #792, #4022 ),
 ( #1789, #173 ),
 ( #82, #1429 ) ),
 .UNSPECIFIED., .F., .F., .T. ) 
 B_SPLINE_SURFACE_WITH_KNOTS ( ( 4, 4 ),
 ( 2, 2 ),
 ( 0.000000000000000000, 1.000000000000000000 ),
 ( 0.000000000000000000, 1.000000000000000000 ),
 .UNSPECIFIED. ) 
 GEOMETRIC_REPRESENTATION_ITEM ( )  RATIONAL_B_SPLINE_SURFACE ( (
 ( 1.000000000000000000, 1.000000000000000000),
 ( 0.6012046472235403893, 0.6012046472235403893),
 ( 0.6012046472235403893, 0.6012046472235403893),
 ( 1.000000000000000000, 1.000000000000000000) ) ) 
 REPRESENTATION_ITEM ( '' )  SURFACE ( )  );
#1881 = ADVANCED_FACE ( 'NONE', ( #1829 ), #2120, .T. ) ;
#1882 = ORIENTED_EDGE ( 'NONE', *, *, #3668, .T. ) ;
#1883 = ORIENTED_EDGE ( 'NONE', *, *, #3872, .T. ) ;
#1884 = EDGE_CURVE ( 'NONE', #1411, #2423, #2498, .T. ) ;
#1885 = LINE ( 'NONE', #4174, #3858 ) ;
#1886 = DIRECTION ( 'NONE',  ( -0.7248872777926399502, 0.000000000000000000, 0.6888675014067480173 ) ) ;
#1887 = CARTESIAN_POINT ( 'NONE',  ( -97.31973502765107753, 1077.559999999999945, -102.4084278262971566 ) ) ;
#1888 = ORIENTED_EDGE ( 'NONE', *, *, #2292, .T. ) ;
#1889 = CARTESIAN_POINT ( 'NONE',  ( -164.3938166502457250, 1077.559999999999945, 9.632323722520098386 ) ) ;
#1890 = AXIS2_PLACEMENT_3D ( 'NONE', #683, #1382, #2951 ) ;
#1891 = CARTESIAN_POINT ( 'NONE',  ( -148.6143614906584105, 1081.559999999999945, 25.96668747503434105 ) ) ;
#1892 = B_SPLINE_SURFACE_WITH_KNOTS ( 'NONE', 3, 1, ( 
 ( #3030, #1442 ),
 ( #2772, #1462 ),
 ( #2116, #2750 ),
 ( #4057, #3721 ),
 ( #2452, #1506 ),
 ( #3766, #185 ),
 ( #3744, #1826 ),
 ( #4080, #3112 ),
 ( #3408, #1149 ),
 ( #4032, #2432 ),
 ( #825, #1482 ),
 ( #501, #205 ),
 ( #845, #1169 ),
 ( #1803, #2478 ) ),
 .UNSPECIFIED., .F., .F., .F.,
 ( 4, 1, 1, 1, 1, 1, 1, 1, 1, 1, 1, 4 ),
 ( 2, 2 ),
 ( 0.7011752054892412822, 0.7037511641537997908, 0.7114926295676233803, 0.7321002988842217896, 0.7527079682008201988, 0.7939233068340170174, 0.8351386454672137249, 0.8763539841004104325, 0.8969616534170088418, 0.9175693227336072511, 0.9324260961395651748, 0.9375780134687207168 ),
 ( 0.000000000000000000, 1.000000000000000000 ),
 .UNSPECIFIED. ) ;
#1893 = DIRECTION ( 'NONE',  ( 0.6888675014067514590, 0.000000000000000000, 0.7248872777926367306 ) ) ;
#1894 = CARTESIAN_POINT ( 'NONE',  ( -112.8759871213103310, 1081.559999999999945, 3.035661502870928175 ) ) ;
#1895 = ORIENTED_EDGE ( 'NONE', *, *, #1308, .T. ) ;
#1896 = EDGE_CURVE ( 'NONE', #178, #2479, #851, .T. ) ;
#1897 = EDGE_CURVE ( 'NONE', #3068, #3818, #2842, .T. ) ;
#1898 = ORIENTED_EDGE ( 'NONE', *, *, #2802, .F. ) ;
#1899 = LINE ( 'NONE', #878, #598 ) ;
#1900 = CARTESIAN_POINT ( 'NONE',  ( -274.6155771348952612, 1076.959999999999809, 2.997052627296134197 ) ) ;
#1901 = FACE_OUTER_BOUND ( 'NONE', #838, .T. ) ;
#1902 = EDGE_LOOP ( 'NONE', ( #3353, #183, #109, #3280, #1160, #3701, #1204, #3023, #1388, #1729, #2019, #1058, #2183, #3982, #3759, #2387, #3975, #79, #1786, #1365, #1837, #1549, #694, #3435, #2602, #3318, #816, #1199, #3097, #1057, #1978, #900 ) ) ;
#1903 = ORIENTED_EDGE ( 'NONE', *, *, #1091, .F. ) ;
#1904 = DIRECTION ( 'NONE',  ( -0.02688405537842415011, 0.000000000000000000, -0.9996385584632127008 ) ) ;
#1905 = CARTESIAN_POINT ( 'NONE',  ( -256.7794921707696290, 1077.559999999999945, 7.175935368848862517 ) ) ;
#1906 = CARTESIAN_POINT ( 'NONE',  ( -165.5736163542941881, 1077.559999999999945, -0.3108091634388195912 ) ) ;
#1907 = AXIS2_PLACEMENT_3D ( 'NONE', #4003, #2084, #2402 ) ;
#1908 = VECTOR ( 'NONE', #520, 1000.000000000000000 ) ;
#1909 = EDGE_LOOP ( 'NONE', ( #1069, #321, #1424, #1727 ) ) ;
#1910 = CARTESIAN_POINT ( 'NONE',  ( -257.1893738146056876, 1077.559999999999945, 7.974471785464695373 ) ) ;
#1911 = AXIS2_PLACEMENT_3D ( 'NONE', #2601, #980, #651 ) ;
#1912 = VECTOR ( 'NONE', #3009, 1000.000000000000000 ) ;
#1913 = FACE_OUTER_BOUND ( 'NONE', #2616, .T. ) ;
#1914 = FACE_OUTER_BOUND ( 'NONE', #1286, .T. ) ;
#1915 = DIRECTION ( 'NONE',  ( 0.9697008434041973768, -0.000000000000000000, 0.2442954651670563027 ) ) ;
#1916 = EDGE_CURVE ( 'NONE', #3068, #1641, #3456, .T. ) ;
#1917 = DIRECTION ( 'NONE',  ( 0.000000000000000000, -0.000000000000000000, -1.000000000000000000 ) ) ;
#1918 = DIRECTION ( 'NONE',  ( 0.000000000000000000, -1.000000000000000000, 0.000000000000000000 ) ) ;
#1919 = DIRECTION ( 'NONE',  ( 0.7248872777926391731, 0.000000000000000000, -0.6888675014067489055 ) ) ;
#1920 = ORIENTED_EDGE ( 'NONE', *, *, #3899, .F. ) ;
#1921 = VERTEX_POINT ( 'NONE', #1171 ) ;
#1922 = DIRECTION ( 'NONE',  ( 0.000000000000000000, 0.000000000000000000, -1.000000000000000000 ) ) ;
#1923 = DIRECTION ( 'NONE',  ( 0.000000000000000000, 0.000000000000000000, 1.000000000000000000 ) ) ;
#1924 = CARTESIAN_POINT ( 'NONE',  ( -246.0930087101614845, 1076.959999999999809, 7.719654219035418485 ) ) ;
#1925 = VERTEX_POINT ( 'NONE', #1530 ) ;
#1926 = DIRECTION ( 'NONE',  ( -0.000000000000000000, 1.000000000000000000, -0.000000000000000000 ) ) ;
#1927 = CARTESIAN_POINT ( 'NONE',  ( -269.9384435895143497, 1165.440000000000055, 3.340010526439208149 ) ) ;
#1928 = CARTESIAN_POINT ( 'NONE',  ( -113.8344749848858157, 1077.559999999999945, 8.543598326845911473 ) ) ;
#1929 = LINE ( 'NONE', #330, #1185 ) ;
#1930 = CARTESIAN_POINT ( 'NONE',  ( -251.4243920417408162, 1077.559999999999945, 7.965703907404517281 ) ) ;
#1931 = VECTOR ( 'NONE', #1490, 1000.000000000000000 ) ;
#1932 = DIRECTION ( 'NONE',  ( -0.02688405537885410132, 0.000000000000000000, -0.9996385584632010435 ) ) ;
#1933 = LINE ( 'NONE', #2928, #2806 ) ;
#1934 = DIRECTION ( 'NONE',  ( 0.000000000000000000, 0.000000000000000000, 1.000000000000000000 ) ) ;
#1935 = ORIENTED_EDGE ( 'NONE', *, *, #2009, .F. ) ;
#1936 = VERTEX_POINT ( 'NONE', #2799 ) ;
#1937 = CARTESIAN_POINT ( 'NONE',  ( -149.1355522185795621, 1077.559999999999945, 9.563395545355731997 ) ) ;
#1938 = DIRECTION ( 'NONE',  ( 0.7248872777926403943, 0.000000000000000000, -0.6888675014067474622 ) ) ;
#1939 = CARTESIAN_POINT ( 'NONE',  ( -293.2676002059569100, 1165.440000000000055, 1.330312713633649668 ) ) ;
#1940 = EDGE_CURVE ( 'NONE', #1641, #568, #4085, .T. ) ;
#1941 = EDGE_CURVE ( 'NONE', #2135, #2897, #4126, .T. ) ;
#1942 = ORIENTED_EDGE ( 'NONE', *, *, #1014, .F. ) ;
#1943 = CARTESIAN_POINT ( 'NONE',  ( -257.6570793527035335, 1077.559999999999945, 7.526381928219097794 ) ) ;
#1944 = FACE_BOUND ( 'NONE', #2579, .T. ) ;
#1945 = LINE ( 'NONE', #1983, #1092 ) ;
#1946 = CARTESIAN_POINT ( 'NONE',  ( -285.2692632531441745, 1165.440000000000055, 4.587123813238129344 ) ) ;
#1947 = DIRECTION ( 'NONE',  ( -0.9996385584632172527, 0.000000000000000000, 0.02688405537825354699 ) ) ;
#1948 = VECTOR ( 'NONE', #3517, 1000.000000000000114 ) ;
#1949 = DIRECTION ( 'NONE',  ( 0.000000000000000000, -1.000000000000000000, 0.000000000000000000 ) ) ;
#1950 = CARTESIAN_POINT ( 'NONE',  ( -92.49999999999820943, 1077.559999999999945, 16.74722354252501688 ) ) ;
#1951 = LINE ( 'NONE', #1648, #4191 ) ;
#1952 = ORIENTED_EDGE ( 'NONE', *, *, #3929, .F. ) ;
#1953 = EDGE_LOOP ( 'NONE', ( #3714, #2218, #2722, #3952 ) ) ;
#1954 = DIRECTION ( 'NONE',  ( -0.000000000000000000, -1.000000000000000000, -0.000000000000000000 ) ) ;
#1955 = FACE_OUTER_BOUND ( 'NONE', #3462, .T. ) ;
#1956 = LINE ( 'NONE', #1680, #955 ) ;
#1957 = ORIENTED_EDGE ( 'NONE', *, *, #480, .F. ) ;
#1958 = CARTESIAN_POINT ( 'NONE',  ( -257.8976825154149424, 1076.959999999999582, 7.804466760825794047 ) ) ;
#1959 = ADVANCED_FACE ( 'NONE', ( #3480 ), #3811, .F. ) ;
#1960 = CIRCLE ( 'NONE', #3388, 9.800000000001221068 ) ;
#1961 = B_SPLINE_CURVE_WITH_KNOTS ( 'NONE', 3,
 ( #3013, #2646, #3393, #717 ),
 .UNSPECIFIED., .F., .F.,
 ( 4, 4 ),
 ( 0.1230684379849952548, 0.1310721675222393523 ),
 .UNSPECIFIED. ) ;
#1962 = DIRECTION ( 'NONE',  ( 0.000000000000000000, -0.000000000000000000, -1.000000000000000000 ) ) ;
#1963 = ORIENTED_EDGE ( 'NONE', *, *, #623, .F. ) ;
#1964 = CARTESIAN_POINT ( 'NONE',  ( -32.84410089086564000, 1077.559999999999945, -82.24809755320639226 ) ) ;
#1965 = CARTESIAN_POINT ( 'NONE',  ( -282.6978133708466316, 1165.440000000000055, 5.318962716709642713 ) ) ;
#1966 = LINE ( 'NONE', #2224, #1081 ) ;
#1967 = AXIS2_PLACEMENT_3D ( 'NONE', #1708, #2407, #2977 ) ;
#1968 = EDGE_CURVE ( 'NONE', #4173, #1173, #1966, .T. ) ;
#1969 = CARTESIAN_POINT ( 'NONE',  ( -143.6891950074799240, 1076.559999999999945, 9.500873599543025350 ) ) ;
#1970 = DIRECTION ( 'NONE',  ( -0.7248872777926403943, 0.000000000000000000, 0.6888675014067474622 ) ) ;
#1971 = EDGE_CURVE ( 'NONE', #19, #2214, #1985, .T. ) ;
#1972 = CARTESIAN_POINT ( 'NONE',  ( -250.7667120139445274, 1076.559999999999945, 10.33830807117599448 ) ) ;
#1973 = ORIENTED_EDGE ( 'NONE', *, *, #1249, .T. ) ;
#1974 = DIRECTION ( 'NONE',  ( 0.6888675014067489055, 0.000000000000000000, 0.7248872777926391731 ) ) ;
#1975 = CARTESIAN_POINT ( 'NONE',  ( 0.000000000000000000, 1076.959999999999809, 0.000000000000000000 ) ) ;
#1976 = CARTESIAN_POINT ( 'NONE',  ( -228.0922669548007775, 1076.959999999999809, 9.000081170464275360 ) ) ;
#1977 = ORIENTED_EDGE ( 'NONE', *, *, #2204, .T. ) ;
#1978 = ORIENTED_EDGE ( 'NONE', *, *, #2204, .F. ) ;
#1979 = DIRECTION ( 'NONE',  ( -0.7248872777926391731, 0.000000000000000000, 0.6888675014067489055 ) ) ;
#1980 = ADVANCED_FACE ( 'NONE', ( #2905 ), #2605, .F. ) ;
#1981 = CARTESIAN_POINT ( 'NONE',  ( -113.0233135672802405, 1081.559999999999945, 27.31498970425845485 ) ) ;
#1982 = ORIENTED_EDGE ( 'NONE', *, *, #3851, .T. ) ;
#1983 = CARTESIAN_POINT ( 'NONE',  ( -258.7028822036019164, 1165.440000000000055, -42.17616278367351867 ) ) ;
#1984 = LINE ( 'NONE', #3339, #2713 ) ;
#1985 = LINE ( 'NONE', #2564, #524 ) ;
#1986 = EDGE_CURVE ( 'NONE', #1597, #3445, #1023, .T. ) ;
#1987 = ADVANCED_FACE ( 'NONE', ( #2888 ), #1627, .T. ) ;
#1988 = LINE ( 'NONE', #3277, #2777 ) ;
#1989 = CARTESIAN_POINT ( 'NONE',  ( -264.1907845933577050, 1076.559999999999945, -17.38774865900553124 ) ) ;
#1990 = CARTESIAN_POINT ( 'NONE',  ( -128.1061509150808320, 1076.559999999999945, 27.97564465478143347 ) ) ;
#1991 = ORIENTED_EDGE ( 'NONE', *, *, #1219, .T. ) ;
#1992 = ORIENTED_EDGE ( 'NONE', *, *, #288, .F. ) ;
#1993 = DIRECTION ( 'NONE',  ( 0.000000000000000000, -0.000000000000000000, -1.000000000000000000 ) ) ;
#1994 = CARTESIAN_POINT ( 'NONE',  ( -190.5023954709740224, 1077.560000000000173, 21.07741219790161580 ) ) ;
#1995 = CARTESIAN_POINT ( 'NONE',  ( -280.6338063822633444, 1076.959999999999809, 5.055185953166628998 ) ) ;
#1996 = LINE ( 'NONE', #3627, #3242 ) ;
#1997 = ADVANCED_FACE ( 'NONE', ( #3273 ), #1586, .F. ) ;
#1998 = ORIENTED_EDGE ( 'NONE', *, *, #2038, .T. ) ;
#1999 = VERTEX_POINT ( 'NONE', #1273 ) ;
#2000 = DIRECTION ( 'NONE',  ( -0.7248872777926389510, 0.000000000000000000, 0.6888675014067491276 ) ) ;
#2001 = CARTESIAN_POINT ( 'NONE',  ( -112.8759871213101178, 1081.559999999999945, 3.035661502869943629 ) ) ;
#2002 = VERTEX_POINT ( 'NONE', #1930 ) ;
#2003 = CARTESIAN_POINT ( 'NONE',  ( -297.6853304519444805, 1076.559999999999718, 0.07763497804488378451 ) ) ;
#2004 = FACE_OUTER_BOUND ( 'NONE', #4100, .T. ) ;
#2005 = LINE ( 'NONE', #1129, #941 ) ;
#2006 = CARTESIAN_POINT ( 'NONE',  ( -199.5036048788796279, 1081.559999999999945, 9.217415272723718189 ) ) ;
#2007 = LINE ( 'NONE', #1354, #2877 ) ;
#2008 = CARTESIAN_POINT ( 'NONE',  ( -152.7139117670832320, 1081.559999999999945, 25.70190672669911436 ) ) ;
#2009 = EDGE_CURVE ( 'NONE', #3695, #1376, #1332, .T. ) ;
#2010 = EDGE_LOOP ( 'NONE', ( #1100, #3015, #1167, #2763 ) ) ;
#2011 = VECTOR ( 'NONE', #2776, 1000.000000000000114 ) ;
#2012 = ORIENTED_EDGE ( 'NONE', *, *, #2906, .T. ) ;
#2013 = LINE ( 'NONE', #3875, #4108 ) ;
#2014 = CARTESIAN_POINT ( 'NONE',  ( -300.0000000000000000, 1165.440000000000055, -0.1621621621621254228 ) ) ;
#2015 = B_SPLINE_CURVE_WITH_KNOTS ( 'NONE', 3,
 ( #1041, #290, #1583, #3336 ),
 .UNSPECIFIED., .F., .F.,
 ( 4, 4 ),
 ( 0.8257716611427048381, 0.8266410662914395191 ),
 .UNSPECIFIED. ) ;
#2016 = LINE ( 'NONE', #2104, #2299 ) ;
#2017 = CARTESIAN_POINT ( 'NONE',  ( -264.2871590457025377, 1081.559999999999945, 7.064132261341821817 ) ) ;
#2018 = B_SPLINE_CURVE_WITH_KNOTS ( 'NONE', 3,
 ( #4140, #584, #1557, #3135 ),
 .UNSPECIFIED., .F., .F.,
 ( 4, 4 ),
 ( 0.1402734871943789874, 0.1547462937130345273 ),
 .UNSPECIFIED. ) ;
#2019 = ORIENTED_EDGE ( 'NONE', *, *, #2403, .F. ) ;
#2020 = ORIENTED_EDGE ( 'NONE', *, *, #2319, .T. ) ;
#2021 = VERTEX_POINT ( 'NONE', #53 ) ;
#2022 = FACE_BOUND ( 'NONE', #3690, .T. ) ;
#2023 = DIRECTION ( 'NONE',  ( -0.9996385584632013765, 0.000000000000000000, 0.02688405537884543811 ) ) ;
#2024 = VERTEX_POINT ( 'NONE', #3221 ) ;
#2025 = DIRECTION ( 'NONE',  ( 0.9697008434041117786, -0.000000000000000000, 0.2442954651673956978 ) ) ;
#2026 = LINE ( 'NONE', #4011, #621 ) ;
#2027 = CARTESIAN_POINT ( 'NONE',  ( -133.3568342694792932, 1077.559999999999945, 9.271286723260869778 ) ) ;
#2028 = CIRCLE ( 'NONE', #471, 4.124999999999996447 ) ;
#2029 = ORIENTED_EDGE ( 'NONE', *, *, #240, .F. ) ;
#2030 = VECTOR ( 'NONE', #2647, 1000.000000000000000 ) ;
#2031 = VECTOR ( 'NONE', #4007, 1000.000000000000000 ) ;
#2032 = CARTESIAN_POINT ( 'NONE',  ( -189.5599024516232021, 1076.560000000000173, 21.21982524976230167 ) ) ;
#2033 = CARTESIAN_POINT ( 'NONE',  ( -256.0355796023129642, 1076.959999999999582, 8.250016919492400902 ) ) ;
#2034 = CARTESIAN_POINT ( 'NONE',  ( -133.5566762934633971, 1077.559999999999718, 9.276641230029460061 ) ) ;
#2035 = VECTOR ( 'NONE', #2891, 1000.000000000000000 ) ;
#2036 = AXIS2_PLACEMENT_3D ( 'NONE', #2531, #3820, #4154 ) ;
#2037 = ORIENTED_EDGE ( 'NONE', *, *, #2674, .F. ) ;
#2038 = EDGE_CURVE ( 'NONE', #2459, #3853, #315, .T. ) ;
#2039 = AXIS2_PLACEMENT_3D ( 'NONE', #2684, #1374, #453 ) ;
#2040 = VERTEX_POINT ( 'NONE', #2623 ) ;
#2041 = CARTESIAN_POINT ( 'NONE',  ( -164.9945637137987831, 1077.559999999999945, 9.631325334794965443 ) ) ;
#2042 = CARTESIAN_POINT ( 'NONE',  ( -179.3923076441957392, 1076.559999999999945, 22.66755377934829951 ) ) ;
#2043 = CARTESIAN_POINT ( 'NONE',  ( -292.2377533026756282, 1076.960000000000036, 1.650914772663081065 ) ) ;
#2044 = CARTESIAN_POINT ( 'NONE',  ( -154.5807832906197916, 1076.559999999999945, 26.32937649834314442 ) ) ;
#2045 = ORIENTED_EDGE ( 'NONE', *, *, #2949, .F. ) ;
#2046 = ORIENTED_EDGE ( 'NONE', *, *, #2156, .T. ) ;
#2047 = CARTESIAN_POINT ( 'NONE',  ( -194.9129271786084701, 1076.959999999999809, 9.302312374623200597 ) ) ;
#2048 = FACE_OUTER_BOUND ( 'NONE', #2994, .T. ) ;
#2049 = EDGE_CURVE ( 'NONE', #2748, #3592, #654, .T. ) ;
#2050 = ADVANCED_FACE ( 'NONE', ( #2263 ), #3830, .F. ) ;
#2051 = DIRECTION ( 'NONE',  ( 0.02688405537884543464, 0.000000000000000000, 0.9996385584632012655 ) ) ;
#2052 = EDGE_LOOP ( 'NONE', ( #947, #2179, #2351, #3459, #4106 ) ) ;
#2053 = CARTESIAN_POINT ( 'NONE',  ( -266.5886069376114733, 1165.440000000000055, 9.579359346406523201 ) ) ;
#2054 = CARTESIAN_POINT ( 'NONE',  ( -248.1457962151760626, 1076.959999999999582, 7.623944616076839154 ) ) ;
#2055 = PLANE ( 'NONE',  #3172 ) ;
#2056 = LINE ( 'NONE', #2076, #1025 ) ;
#2057 = CARTESIAN_POINT ( 'NONE',  ( -148.8736908028978974, 1077.559999999999945, 1.598898269525319327 ) ) ;
#2058 = CARTESIAN_POINT ( 'NONE',  ( -79.60021247432545977, 1077.559999999999945, -83.76237986898324550 ) ) ;
#2059 = ORIENTED_EDGE ( 'NONE', *, *, #2427, .F. ) ;
#2060 = ORIENTED_EDGE ( 'NONE', *, *, #1940, .T. ) ;
#2061 = LINE ( 'NONE', #3691, #1604 ) ;
#2062 = CARTESIAN_POINT ( 'NONE',  ( -122.1786715887263881, 1076.559999999999945, 8.123971859965671172 ) ) ;
#2063 = B_SPLINE_CURVE_WITH_KNOTS ( 'NONE', 3,
 ( #1470, #463, #1451, #3060, #4043 ),
 .UNSPECIFIED., .F., .F.,
 ( 4, 1, 4 ),
 ( 0.7474331334034131080, 0.7612274788411784732, 0.7615215935765629052 ),
 .UNSPECIFIED. ) ;
#2064 = CARTESIAN_POINT ( 'NONE',  ( -254.0970210439141965, 1077.560000000000173, 8.708266201057320188 ) ) ;
#2065 = CARTESIAN_POINT ( 'NONE',  ( -265.3338636067466041, 1076.559999999999945, 6.801727551362758639 ) ) ;
#2066 = VERTEX_POINT ( 'NONE', #3238 ) ;
#2067 = ORIENTED_EDGE ( 'NONE', *, *, #984, .F. ) ;
#2068 = ORIENTED_EDGE ( 'NONE', *, *, #3929, .T. ) ;
#2069 = DIRECTION ( 'NONE',  ( 0.000000000000000000, 0.000000000000000000, -1.000000000000000000 ) ) ;
#2070 = ORIENTED_EDGE ( 'NONE', *, *, #1582, .F. ) ;
#2071 = EDGE_CURVE ( 'NONE', #1597, #1285, #331, .T. ) ;
#2072 = EDGE_LOOP ( 'NONE', ( #3291, #2445, #2163, #190 ) ) ;
#2073 = CARTESIAN_POINT ( 'NONE',  ( -164.3938166502457250, 1077.559999999999945, 9.632323722520098386 ) ) ;
#2074 = DIRECTION ( 'NONE',  ( -0.000000000000000000, -1.000000000000000000, -0.000000000000000000 ) ) ;
#2075 = CARTESIAN_POINT ( 'NONE',  ( -235.2482142749115610, 1076.959999999999582, 12.91218124334058182 ) ) ;
#2076 = CARTESIAN_POINT ( 'NONE',  ( -148.6125551966285059, 1077.559999999999945, 25.91327914437588475 ) ) ;
#2077 = LINE ( 'NONE', #3367, #636 ) ;
#2078 = CARTESIAN_POINT ( 'NONE',  ( -113.0233135672802547, 1081.559999999999945, 27.31498970425845130 ) ) ;
#2079 = ORIENTED_EDGE ( 'NONE', *, *, #1563, .F. ) ;
#2080 = ORIENTED_EDGE ( 'NONE', *, *, #1166, .F. ) ;
#2081 = CARTESIAN_POINT ( 'NONE',  ( -113.0233135672802405, 1081.559999999999945, 27.31498970425845485 ) ) ;
#2082 = CARTESIAN_POINT ( 'NONE',  ( -112.7508309264629105, 1076.559999999999945, 7.689384925052574538 ) ) ;
#2083 = CARTESIAN_POINT ( 'NONE',  ( -280.6338063822633444, 1076.960000000000036, 5.055185953166628998 ) ) ;
#2084 = DIRECTION ( 'NONE',  ( 0.5461661809644947629, 0.000000000000000000, 0.8376768486538581637 ) ) ;
#2085 = B_SPLINE_SURFACE_WITH_KNOTS ( 'NONE', 3, 1, ( 
 ( #96, #478 ),
 ( #2731, #1109 ),
 ( #3745, #2774 ),
 ( #848, #1419 ),
 ( #1737, #1398 ),
 ( #2687, #3971 ),
 ( #3323, #1170 ),
 ( #4061, #1131 ) ),
 .UNSPECIFIED., .F., .F., .F.,
 ( 4, 1, 1, 1, 1, 4 ),
 ( 2, 2 ),
 ( 0.7024439672986643179, 0.7171398451842927457, 0.7318357230699212845, 0.7612274788411783621, 0.7906192346124354398, 0.8194334802531624273 ),
 ( 0.000000000000000000, 1.000000000000000000 ),
 .UNSPECIFIED. ) ;
#2086 = VECTOR ( 'NONE', #1314, 1000.000000000000000 ) ;
#2087 = VERTEX_POINT ( 'NONE', #3577 ) ;
#2088 = VERTEX_POINT ( 'NONE', #2925 ) ;
#2089 = LINE ( 'NONE', #2680, #822 ) ;
#2090 = EDGE_CURVE ( 'NONE', #1126, #1173, #672, .T. ) ;
#2091 = ORIENTED_EDGE ( 'NONE', *, *, #1054, .F. ) ;
#2092 = CARTESIAN_POINT ( 'NONE',  ( -252.0785529140159724, 1077.559999999999945, 7.428040944472593665 ) ) ;
#2093 = DIRECTION ( 'NONE',  ( -0.000000000000000000, -1.000000000000000000, -0.000000000000000000 ) ) ;
#2094 = DIRECTION ( 'NONE',  ( 0.000000000000000000, 1.000000000000000000, -0.000000000000000000 ) ) ;
#2095 = DIRECTION ( 'NONE',  ( -0.000000000000000000, -1.000000000000000000, -0.000000000000000000 ) ) ;
#2096 = CYLINDRICAL_SURFACE ( 'NONE', #3792, 0.5999999999999946487 ) ;
#2097 = ORIENTED_EDGE ( 'NONE', *, *, #3173, .T. ) ;
#2098 = AXIS2_PLACEMENT_3D ( 'NONE', #1804, #2094, #785 ) ;
#2099 = EDGE_CURVE ( 'NONE', #1126, #362, #2245, .T. ) ;
#2100 = ORIENTED_EDGE ( 'NONE', *, *, #1815, .T. ) ;
#2101 = CARTESIAN_POINT ( 'NONE',  ( -266.5886069376114733, 1076.559999999999945, 9.579359346406523201 ) ) ;
#2102 = VECTOR ( 'NONE', #3673, 1000.000000000000000 ) ;
#2103 = CARTESIAN_POINT ( 'NONE',  ( -252.2572995699182741, 1076.559999999999945, 6.637396135036434330 ) ) ;
#2104 = CARTESIAN_POINT ( 'NONE',  ( -112.8759871213103310, 1081.559999999999945, 3.035661502870928175 ) ) ;
#2105 = VECTOR ( 'NONE', #347, 1000.000000000000000 ) ;
#2106 = EDGE_CURVE ( 'NONE', #254, #3974, #2586, .T. ) ;
#2107 = ORIENTED_EDGE ( 'NONE', *, *, #74, .T. ) ;
#2108 = VERTEX_POINT ( 'NONE', #2542 ) ;
#2109 = EDGE_CURVE ( 'NONE', #1079, #2519, #983, .T. ) ;
#2110 = CARTESIAN_POINT ( 'NONE',  ( -64.90756987942758371, 1077.559999999999945, -106.1180870880435378 ) ) ;
#2111 = LINE ( 'NONE', #2747, #3120 ) ;
#2112 = AXIS2_PLACEMENT_3D ( 'NONE', #663, #2997, #3230 ) ;
#2113 = ORIENTED_EDGE ( 'NONE', *, *, #596, .F. ) ;
#2114 = B_SPLINE_CURVE_WITH_KNOTS ( 'NONE', 3,
 ( #2840, #573, #2159, #2504, #3177 ),
 .UNSPECIFIED., .F., .F.,
 ( 4, 1, 4 ),
 ( 0.1559633577801318172, 0.1646423987747256401, 0.1712988811237816655 ),
 .UNSPECIFIED. ) ;
#2115 = CARTESIAN_POINT ( 'NONE',  ( -266.3727187654356499, 1165.440000000000055, 3.583167371676566404 ) ) ;
#2116 = CARTESIAN_POINT ( 'NONE',  ( -115.5180971449222653, 1165.440000000000055, 7.824897445543450125 ) ) ;
#2117 = EDGE_CURVE ( 'NONE', #130, #2459, #693, .T. ) ;
#2118 = CARTESIAN_POINT ( 'NONE',  ( -269.9384435895143497, 1165.440000000000055, 3.340010526439208149 ) ) ;
#2119 = SURFACE_STYLE_FILL_AREA ( #1873 ) ;
#2120 = PLANE ( 'NONE',  #3771 ) ;
#2121 = EDGE_CURVE ( 'NONE', #3414, #2956, #1867, .T. ) ;
#2122 = ORIENTED_EDGE ( 'NONE', *, *, #1172, .T. ) ;
#2123 = ORIENTED_EDGE ( 'NONE', *, *, #327, .F. ) ;
#2124 = CARTESIAN_POINT ( 'NONE',  ( -287.7366072063900901, 1165.440000000000055, 1.077373546353734390 ) ) ;
#2125 = VECTOR ( 'NONE', #1630, 1000.000000000000000 ) ;
#2126 = CARTESIAN_POINT ( 'NONE',  ( -168.8641331842243858, 1081.559999999999945, 24.10239613039014017 ) ) ;
#2127 = FACE_OUTER_BOUND ( 'NONE', #3056, .T. ) ;
#2128 = EDGE_CURVE ( 'NONE', #4094, #2649, #870, .T. ) ;
#2129 = EDGE_LOOP ( 'NONE', ( #1017, #1898, #1105, #4086, #1613 ) ) ;
#2130 = ORIENTED_EDGE ( 'NONE', *, *, #1986, .T. ) ;
#2131 = FACE_OUTER_BOUND ( 'NONE', #2468, .T. ) ;
#2132 = LINE ( 'NONE', #1707, #1125 ) ;
#2133 = DIRECTION ( 'NONE',  ( -0.6755766284707362956, 0.000000000000000000, -0.7372897795738881932 ) ) ;
#2134 = VECTOR ( 'NONE', #3193, 1000.000000000000000 ) ;
#2135 = VERTEX_POINT ( 'NONE', #1714 ) ;
#2136 = CARTESIAN_POINT ( 'NONE',  ( -257.8976825154148855, 1077.559999999999945, 7.804466760825801153 ) ) ;
#2137 = CARTESIAN_POINT ( 'NONE',  ( -263.0120511331678017, 1165.440000000000055, 6.006438146370859599 ) ) ;
#2138 = CARTESIAN_POINT ( 'NONE',  ( -179.2680965261207575, 1077.559999999999945, 10.95298948655129756 ) ) ;
#2139 =( NAMED_UNIT ( * ) PLANE_ANGLE_UNIT ( ) SI_UNIT ( $, .RADIAN. ) );
#2140 = CARTESIAN_POINT ( 'NONE',  ( -164.3751559483991969, 1076.559999999999945, -0.3085594543071153439 ) ) ;
#2141 = EDGE_LOOP ( 'NONE', ( #4120, #1832, #469, #728, #4109, #1831, #2831, #2648, #2385, #1414, #690, #3608, #2969, #3119, #3959, #2551, #3041, #3764, #1935, #3369, #2591, #2331 ) ) ;
#2142 = B_SPLINE_CURVE_WITH_KNOTS ( 'NONE', 3,
 ( #1879, #3465, #3164, #218 ),
 .UNSPECIFIED., .F., .F.,
 ( 4, 4 ),
 ( 0.7361743049390320204, 0.7456613593926435524 ),
 .UNSPECIFIED. ) ;
#2143 = ORIENTED_EDGE ( 'NONE', *, *, #3826, .T. ) ;
#2144 = VERTEX_POINT ( 'NONE', #3615 ) ;
#2145 = EDGE_CURVE ( 'NONE', #2209, #1869, #3926, .T. ) ;
#2146 = CARTESIAN_POINT ( 'NONE',  ( -247.4112030334044618, 1081.560000000000173, 10.26930581630612593 ) ) ;
#2147 = CARTESIAN_POINT ( 'NONE',  ( -285.8727052897787075, 1076.959999999999809, 2.045397586167052584 ) ) ;
#2148 = DIRECTION ( 'NONE',  ( 0.000000000000000000, -1.000000000000000000, 0.000000000000000000 ) ) ;
#2149 = APPLICATION_PROTOCOL_DEFINITION ( 'draft international standard', 'automotive_design', 1998, #2274 ) ;
#2150 = VERTEX_POINT ( 'NONE', #3010 ) ;
#2151 = EDGE_LOOP ( 'NONE', ( #2757, #1422, #3427 ) ) ;
#2152 = DIRECTION ( 'NONE',  ( 0.6888675014067517921, 0.000000000000000000, 0.7248872777926362865 ) ) ;
#2153 = CARTESIAN_POINT ( 'NONE',  ( -251.4243920417407878, 1076.959999999999809, 7.965703907404531492 ) ) ;
#2154 = CARTESIAN_POINT ( 'NONE',  ( -112.6701787603263796, 1076.559999999999945, 10.68830060044215280 ) ) ;
#2155 = VECTOR ( 'NONE', #4104, 1000.000000000000000 ) ;
#2156 = EDGE_CURVE ( 'NONE', #1705, #2066, #2005, .T. ) ;
#2157 = VERTEX_POINT ( 'NONE', #2685 ) ;
#2158 = LINE ( 'NONE', #1544, #1908 ) ;
#2159 = CARTESIAN_POINT ( 'NONE',  ( -140.7803349292970836, 1076.559999999999945, 26.53285290016496845 ) ) ;
#2160 = CARTESIAN_POINT ( 'NONE',  ( -179.3938425800780578, 1077.559999999999945, 22.81231622378527391 ) ) ;
#2161 = LINE ( 'NONE', #3727, #2581 ) ;
#2162 = VERTEX_POINT ( 'NONE', #1108 ) ;
#2163 = ORIENTED_EDGE ( 'NONE', *, *, #1971, .F. ) ;
#2164 = CARTESIAN_POINT ( 'NONE',  ( -213.2678935476478159, 1076.959999999999809, 8.883460927922911310 ) ) ;
#2165 = CARTESIAN_POINT ( 'NONE',  ( -165.5953102936683479, 1076.559999999999945, 9.630069181646563337 ) ) ;
#2166 = LINE ( 'NONE', #1491, #3723 ) ;
#2167 = CARTESIAN_POINT ( 'NONE',  ( -213.2678935476478159, 1077.559999999999945, 8.883460927922911310 ) ) ;
#2168 = AXIS2_PLACEMENT_3D ( 'NONE', #3725, #2455, #3031 ) ;
#2169 = ADVANCED_FACE ( 'NONE', ( #1375 ), #476, .F. ) ;
#2170 = VERTEX_POINT ( 'NONE', #3703 ) ;
#2171 = VECTOR ( 'NONE', #944, 1000.000000000000000 ) ;
#2172 = B_SPLINE_CURVE_WITH_KNOTS ( 'NONE', 3,
 ( #3345, #740, #77, #786 ),
 .UNSPECIFIED., .F., .F.,
 ( 4, 4 ),
 ( 0.1003748877703653647, 0.1014965991401979156 ),
 .UNSPECIFIED. ) ;
#2173 = ORIENTED_EDGE ( 'NONE', *, *, #3287, .T. ) ;
#2174 = CARTESIAN_POINT ( 'NONE',  ( -112.7508309264629105, 1081.559999999999945, 7.689384925052574538 ) ) ;
#2175 = PLANE ( 'NONE',  #3420 ) ;
#2177 = DIRECTION ( 'NONE',  ( 0.000000000000000000, -1.000000000000000000, 0.000000000000000000 ) ) ;
#2176 = AXIS2_PLACEMENT_3D ( 'NONE', #1184, #841, #864 ) ;
#2178 = DIRECTION ( 'NONE',  ( -0.6888675014067469071, 0.000000000000000000, -0.7248872777926410604 ) ) ;
#2179 = ORIENTED_EDGE ( 'NONE', *, *, #3216, .F. ) ;
#2180 = CARTESIAN_POINT ( 'NONE',  ( -179.2680965261207575, 1077.559999999999945, 10.95298948655129756 ) ) ;
#2181 = EDGE_CURVE ( 'NONE', #1710, #877, #2730, .T. ) ;
#2182 = EDGE_CURVE ( 'NONE', #1925, #374, #3635, .T. ) ;
#2183 = ORIENTED_EDGE ( 'NONE', *, *, #673, .T. ) ;
#2184 = CARTESIAN_POINT ( 'NONE',  ( -292.2254576542359246, 1165.440000000000055, 1.434434858990511596 ) ) ;
#2185 = DIRECTION ( 'NONE',  ( 0.000000000000000000, -0.000000000000000000, -1.000000000000000000 ) ) ;
#2186 = CARTESIAN_POINT ( 'NONE',  ( -117.0799586928293792, 1077.559999999999945, 111.2622349437988589 ) ) ;
#2187 = EDGE_CURVE ( 'NONE', #3824, #2959, #1808, .T. ) ;
#2188 = ORIENTED_EDGE ( 'NONE', *, *, #4024, .F. ) ;
#2189 = EDGE_LOOP ( 'NONE', ( #1697, #4179, #3643, #2691 ) ) ;
#2190 = CARTESIAN_POINT ( 'NONE',  ( -260.7043874911462353, 1081.559999999999945, 6.146900934098694869 ) ) ;
#2191 = CARTESIAN_POINT ( 'NONE',  ( -210.8832346672963638, 1081.559999999999945, 17.74767239861379053 ) ) ;
#2192 = CARTESIAN_POINT ( 'NONE',  ( -69.44017073450980604, 1076.959999999999809, -106.5031585959443703 ) ) ;
#2193 = DIRECTION ( 'NONE',  ( -0.7248872777926378408, 0.000000000000000000, 0.6888675014067503488 ) ) ;
#2194 = B_SPLINE_SURFACE_WITH_KNOTS ( 'NONE', 13, 1, ( 
 ( #3200, #3613 ),
 ( #712, #4184 ),
 ( #3271, #2322 ),
 ( #3236, #2584 ),
 ( #366, #329 ),
 ( #1665, #1642 ),
 ( #3924, #2960 ),
 ( #2280, #1312 ),
 ( #2983, #670 ),
 ( #3575, #1000 ),
 ( #51, #72 ),
 ( #2243, #3884 ),
 ( #1601, #2003 ),
 ( #3536, #2943 ) ),
 .UNSPECIFIED., .F., .F., .F.,
 ( 14, 14 ),
 ( 2, 2 ),
 ( 0.9375780134711824143, 1.000000000000000000 ),
 ( 0.000000000000000000, 1.000000000000000000 ),
 .UNSPECIFIED. ) ;
#2195 = ORIENTED_EDGE ( 'NONE', *, *, #3315, .T. ) ;
#2196 = EDGE_LOOP ( 'NONE', ( #2768, #2107, #2629, #2080 ) ) ;
#2197 = CARTESIAN_POINT ( 'NONE',  ( -248.7225026532515244, 1076.959999999999809, 9.434087006954610999 ) ) ;
#2198 = CARTESIAN_POINT ( 'NONE',  ( -171.1374583195218690, 1081.559999999999945, 9.645899208250039436 ) ) ;
#2199 = CARTESIAN_POINT ( 'NONE',  ( -134.1085022721686641, 1077.559999999999945, 3.550555210029314956 ) ) ;
#2200 = ORIENTED_EDGE ( 'NONE', *, *, #3872, .F. ) ;
#2201 = AXIS2_PLACEMENT_3D ( 'NONE', #3479, #4062, #1193 ) ;
#2202 = ORIENTED_EDGE ( 'NONE', *, *, #1486, .F. ) ;
#2203 = CARTESIAN_POINT ( 'NONE',  ( -128.2212190931163320, 1076.559999999999718, 27.11826623485155707 ) ) ;
#2204 = EDGE_CURVE ( 'NONE', #3974, #2956, #714, .T. ) ;
#2205 = CLOSED_SHELL ( 'NONE', ( #1483, #2615, #3067, #2379, #2169, #3207, #3519, #2664, #2296, #1959, #2308, #4107, #3736, #3003, #2454, #3921, #3539, #945, #4163, #14, #1987, #1881, #2221, #533, #3596, #2310, #882, #232, #4051, #2453, #867, #2549, #1248, #2793, #2800, #3599, #1980, #1793, #1370, #2769, #2465, #2050, #3999, #4115, #1845, #798, #884, #1600, #3812, #4081, #2249, #4181, #1235, #2878, #3680, #1015, #1997, #3774, #88, #1621, #2617, #153, #307, #3444, #545, #3492, #3590, #2539, #175, #1713, #3891, #1144, #2879, #2546, #291, #615, #3079, #2344, #48, #803, #3474, #2229, #1289, #2502, #2721, #917, #3077, #2483, #4055, #2900, #3504, #3718, #3808, #2354, #1668, #3569, #3951, #1473, #360, #1481, #3252, #2236, #226, #3749, #747, #836 ) ) ;
#2206 = CARTESIAN_POINT ( 'NONE',  ( -250.7585574480021364, 1076.959999999999809, 7.495065782900966589 ) ) ;
#2207 = CARTESIAN_POINT ( 'NONE',  ( 0.000000000000000000, 1076.959999999999809, 0.000000000000000000 ) ) ;
#2208 = CARTESIAN_POINT ( 'NONE',  ( -250.7585574480021364, 1077.559999999999945, 7.495065782900966589 ) ) ;
#2209 = VERTEX_POINT ( 'NONE', #3297 ) ;
#2210 = CARTESIAN_POINT ( 'NONE',  ( -260.9867192135902769, 1165.440000000000055, 7.878685561044790120 ) ) ;
#2211 = CARTESIAN_POINT ( 'NONE',  ( -280.3490536555156041, 1076.959999999999809, 2.537585519907809672 ) ) ;
#2212 = CARTESIAN_POINT ( 'NONE',  ( -246.0930087101614845, 1077.559999999999945, 7.719654219035418485 ) ) ;
#2213 = ORIENTED_EDGE ( 'NONE', *, *, #2861, .T. ) ;
#2214 = VERTEX_POINT ( 'NONE', #3070 ) ;
#2215 = CARTESIAN_POINT ( 'NONE',  ( -149.8126463061967399, 1077.559999999999945, 25.87186741635287390 ) ) ;
#2216 = CARTESIAN_POINT ( 'NONE',  ( -265.8557205421092817, 1081.559999999999945, 6.670256816194243932 ) ) ;
#2217 = LINE ( 'NONE', #1906, #398 ) ;
#2218 = ORIENTED_EDGE ( 'NONE', *, *, #2968, .F. ) ;
#2219 = CARTESIAN_POINT ( 'NONE',  ( -237.6737849170279731, 1077.559999999999945, 8.080994594439271594 ) ) ;
#2220 = VECTOR ( 'NONE', #148, 1000.000000000000000 ) ;
#2221 = ADVANCED_FACE ( 'NONE', ( #2662 ), #2055, .T. ) ;
#2222 = FACE_BOUND ( 'NONE', #2734, .T. ) ;
#2223 = CARTESIAN_POINT ( 'NONE',  ( -277.4549981302086508, 1076.559999999999945, 6.762558882512843539 ) ) ;
#2224 = CARTESIAN_POINT ( 'NONE',  ( -98.79510912553676860, 1081.559999999999945, 10.31514758700471290 ) ) ;
#2225 = FACE_OUTER_BOUND ( 'NONE', #1263, .T. ) ;
#2226 = CARTESIAN_POINT ( 'NONE',  ( -280.0929048604700142, 1076.559999999999945, 6.043931826251222716 ) ) ;
#2227 = DIRECTION ( 'NONE',  ( 0.000000000000000000, 0.000000000000000000, -1.000000000000000000 ) ) ;
#2228 = EDGE_CURVE ( 'NONE', #877, #155, #454, .T. ) ;
#2229 = ADVANCED_FACE ( 'NONE', ( #3048 ), #3341, .T. ) ;
#2230 = VERTEX_POINT ( 'NONE', #141 ) ;
#2231 = EDGE_LOOP ( 'NONE', ( #3084, #2844, #461 ) ) ;
#2232 = CARTESIAN_POINT ( 'NONE',  ( -254.6226053384950774, 1077.559999999999945, 8.584301412233694251 ) ) ;
#2233 = LINE ( 'NONE', #516, #3750 ) ;
#2234 = LINE ( 'NONE', #2835, #899 ) ;
#2235 = AXIS2_PLACEMENT_3D ( 'NONE', #3039, #3980, #1430 ) ;
#2236 = ADVANCED_FACE ( 'NONE', ( #391 ), #738, .F. ) ;
#2237 = VECTOR ( 'NONE', #3513, 1000.000000000000000 ) ;
#2238 = ORIENTED_EDGE ( 'NONE', *, *, #673, .F. ) ;
#2239 = DIRECTION ( 'NONE',  ( 0.000000000000000000, 0.000000000000000000, -1.000000000000000000 ) ) ;
#2240 = AXIS2_PLACEMENT_3D ( 'NONE', #371, #2309, #2967 ) ;
#2241 = AXIS2_PLACEMENT_3D ( 'NONE', #649, #3919, #2239 ) ;
#2242 = CARTESIAN_POINT ( 'NONE',  ( -293.2676002059569100, 1165.440000000000055, 1.330312713633649668 ) ) ;
#2243 = CARTESIAN_POINT ( 'NONE',  ( -295.2960495105454584, 1165.440000000000055, 0.3249056940346981004 ) ) ;
#2244 = DIRECTION ( 'NONE',  ( 0.000000000000000000, -0.000000000000000000, -1.000000000000000000 ) ) ;
#2245 = LINE ( 'NONE', #1667, #2086 ) ;
#2246 = FACE_OUTER_BOUND ( 'NONE', #2196, .T. ) ;
#2247 = DIRECTION ( 'NONE',  ( 0.000000000000000000, 0.000000000000000000, -1.000000000000000000 ) ) ;
#2248 = DIRECTION ( 'NONE',  ( 0.000000000000000000, -1.000000000000000000, 0.000000000000000000 ) ) ;
#2249 = ADVANCED_FACE ( 'NONE', ( #1735 ), #1892, .F. ) ;
#2250 = EDGE_CURVE ( 'NONE', #2162, #3445, #906, .T. ) ;
#2251 = ORIENTED_EDGE ( 'NONE', *, *, #3305, .F. ) ;
#2252 = VERTEX_POINT ( 'NONE', #1188 ) ;
#2253 = CARTESIAN_POINT ( 'NONE',  ( -244.8321065422305196, 1077.559999999999945, 7.777216704173523176 ) ) ;
#2254 = CARTESIAN_POINT ( 'NONE',  ( -253.0423473195501174, 1076.959999999999809, 8.955332990795984216 ) ) ;
#2255 = LINE ( 'NONE', #2334, #4059 ) ;
#2256 = ORIENTED_EDGE ( 'NONE', *, *, #3554, .F. ) ;
#2257 = VERTEX_POINT ( 'NONE', #161 ) ;
#2258 = LINE ( 'NONE', #687, #3656 ) ;
#2259 = FACE_BOUND ( 'NONE', #2424, .T. ) ;
#2260 = B_SPLINE_CURVE_WITH_KNOTS ( 'NONE', 3,
 ( #2545, #3240, #2908, #3205, #3870, #656, #967, #354, #3223 ),
 .UNSPECIFIED., .F., .F.,
 ( 4, 1, 1, 1, 1, 1, 4 ),
 ( 0.008052357163078591867, 0.01180441452156862081, 0.01555647188005864802, 0.02306058659703870417, 0.03056470131401876206, 0.03431675867250878753, 0.03806881603099881994 ),
 .UNSPECIFIED. ) ;
#2261 = CARTESIAN_POINT ( 'NONE',  ( -114.1403301938991319, 1077.559999999999945, 8.558357344852263182 ) ) ;
#2262 = CARTESIAN_POINT ( 'NONE',  ( -300.0000000000000000, 1076.559999999999945, 0.000000000000000000 ) ) ;
#2263 = FACE_OUTER_BOUND ( 'NONE', #754, .T. ) ;
#2264 = VECTOR ( 'NONE', #1886, 1000.000000000000000 ) ;
#2265 = ORIENTED_EDGE ( 'NONE', *, *, #1645, .F. ) ;
#2266 = CARTESIAN_POINT ( 'NONE',  ( -255.0275276099420694, 1081.559999999999945, 7.279903762745472129 ) ) ;
#2267 = DIRECTION ( 'NONE',  ( 0.000000000000000000, -1.000000000000000000, 0.000000000000000000 ) ) ;
#2268 = LINE ( 'NONE', #3850, #2706 ) ;
#2269 = EDGE_CURVE ( 'NONE', #4076, #1999, #2013, .T. ) ;
#2270 = VERTEX_POINT ( 'NONE', #1723 ) ;
#2271 = VERTEX_POINT ( 'NONE', #397 ) ;
#2272 = FACE_OUTER_BOUND ( 'NONE', #1902, .T. ) ;
#2273 = PLANE ( 'NONE',  #300 ) ;
#2274 = APPLICATION_CONTEXT ( 'automotive_design' ) ;
#2275 = LINE ( 'NONE', #2935, #3117 ) ;
#2276 = VERTEX_POINT ( 'NONE', #1033 ) ;
#2277 = LINE ( 'NONE', #1943, #3391 ) ;
#2278 = FACE_BOUND ( 'NONE', #827, .T. ) ;
#2279 = VERTEX_POINT ( 'NONE', #3565 ) ;
#2280 = CARTESIAN_POINT ( 'NONE',  ( -285.1034899461849932, 1165.440000000000055, 1.323141469614599774 ) ) ;
#2281 = LINE ( 'NONE', #982, #2712 ) ;
#2282 = CARTESIAN_POINT ( 'NONE',  ( 0.2273156052835981489, 1081.559999999999945, 8.452349944409743188 ) ) ;
#2283 = DIRECTION ( 'NONE',  ( 0.7248872777926379518, 0.000000000000000000, -0.6888675014067501268 ) ) ;
#2284 = FACE_OUTER_BOUND ( 'NONE', #2072, .T. ) ;
#2285 = DIRECTION ( 'NONE',  ( -0.7248872777926386179, 0.000000000000000000, 0.6888675014067495717 ) ) ;
#2286 = ORIENTED_EDGE ( 'NONE', *, *, #921, .F. ) ;
#2287 = CARTESIAN_POINT ( 'NONE',  ( -260.7875091720599698, 1081.560000000000173, 7.103832978769569095 ) ) ;
#2288 = FACE_OUTER_BOUND ( 'NONE', #1381, .T. ) ;
#2289 = CARTESIAN_POINT ( 'NONE',  ( -149.8126463061965126, 1081.559999999999945, 25.87186741635287035 ) ) ;
#2290 = EDGE_CURVE ( 'NONE', #711, #2170, #2332, .T. ) ;
#2291 = ORIENTED_EDGE ( 'NONE', *, *, #2711, .F. ) ;
#2292 = EDGE_CURVE ( 'NONE', #2743, #2276, #2611, .T. ) ;
#2293 = ORIENTED_EDGE ( 'NONE', *, *, #3610, .F. ) ;
#2295 = CARTESIAN_POINT ( 'NONE',  ( -300.0000000000000000, 1165.440000000000055, 0.000000000000000000 ) ) ;
#2294 = AXIS2_PLACEMENT_3D ( 'NONE', #4046, #512, #195 ) ;
#2296 = ADVANCED_FACE ( 'NONE', ( #1635 ), #3282, .F. ) ;
#2297 = VECTOR ( 'NONE', #4079, 1000.000000000000000 ) ;
#2298 =( BOUNDED_SURFACE ( )  B_SPLINE_SURFACE ( 3, 1, ( 
 ( #3633, #736 ),
 ( #3991, #184 ),
 ( #3682, #3407 ),
 ( #1106, #2388 ) ),
 .UNSPECIFIED., .F., .F., .T. ) 
 B_SPLINE_SURFACE_WITH_KNOTS ( ( 4, 4 ),
 ( 2, 2 ),
 ( 0.000000000000000000, 1.000000000000000000 ),
 ( 0.000000000000000000, 1.000000000000000000 ),
 .UNSPECIFIED. ) 
 GEOMETRIC_REPRESENTATION_ITEM ( )  RATIONAL_B_SPLINE_SURFACE ( (
 ( 1.000000000000000000, 1.000000000000000000),
 ( 0.6657799060883728970, 0.6657799060883728970),
 ( 0.6657799060883728970, 0.6657799060883728970),
 ( 1.000000000000000000, 1.000000000000000000) ) ) 
 REPRESENTATION_ITEM ( '' )  SURFACE ( )  );
#2299 = VECTOR ( 'NONE', #2421, 1000.000000000000114 ) ;
#2300 = LINE ( 'NONE', #956, #4060 ) ;
#2301 = ORIENTED_EDGE ( 'NONE', *, *, #2978, .F. ) ;
#2302 = LINE ( 'NONE', #11, #2369 ) ;
#2303 = CARTESIAN_POINT ( 'NONE',  ( -132.7570444405484125, 1076.559999999999945, 9.255407141683622996 ) ) ;
#2304 = DIRECTION ( 'NONE',  ( 0.9996385584632172527, 0.000000000000000000, -0.02688405537825352271 ) ) ;
#2305 = VECTOR ( 'NONE', #3898, 1000.000000000000000 ) ;
#2306 = CARTESIAN_POINT ( 'NONE',  ( -124.3479217970621278, 1077.559999999999945, 118.1690516824992869 ) ) ;
#2307 = CARTESIAN_POINT ( 'NONE',  ( -256.7794921707696290, 1077.559999999999945, 7.175935368848862517 ) ) ;
#2308 = ADVANCED_FACE ( 'NONE', ( #3645 ), #746, .F. ) ;
#2309 = DIRECTION ( 'NONE',  ( 0.6888675014067487945, 0.000000000000000000, 0.7248872777926393951 ) ) ;
#2310 = ADVANCED_FACE ( 'NONE', ( #1404 ), #421, .T. ) ;
#2311 = VERTEX_POINT ( 'NONE', #3306 ) ;
#2312 = CYLINDRICAL_SURFACE ( 'NONE', #3102, 0.6007478931679237633 ) ;
#2313 = DIRECTION ( 'NONE',  ( -0.01060253998775674729, 0.000000000000000000, 0.9999437914932057803 ) ) ;
#2314 = CARTESIAN_POINT ( 'NONE',  ( -102.3130301131315036, 1077.559999999999945, 93.74915243284928579 ) ) ;
#2315 = PLANE ( 'NONE',  #3454 ) ;
#2316 = ORIENTED_EDGE ( 'NONE', *, *, #1817, .F. ) ;
#2317 = LINE ( 'NONE', #2918, #2305 ) ;
#2318 = EDGE_CURVE ( 'NONE', #1705, #513, #3868, .T. ) ;
#2319 = EDGE_CURVE ( 'NONE', #1748, #4159, #357, .T. ) ;
#2320 = PLANE ( 'NONE',  #1911 ) ;
#2321 = ORIENTED_EDGE ( 'NONE', *, *, #4122, .F. ) ;
#2322 = CARTESIAN_POINT ( 'NONE',  ( -271.2861602210628575, 1076.559999999999718, 2.447696926220368052 ) ) ;
#2323 = CARTESIAN_POINT ( 'NONE',  ( -228.2616225081515609, 1077.559999999999945, 8.428349987432380175 ) ) ;
#2324 = CARTESIAN_POINT ( 'NONE',  ( -241.8427587424439764, 1077.559999999999945, 10.92287269651130721 ) ) ;
#2325 = CARTESIAN_POINT ( 'NONE',  ( -194.3434337935483995, 1076.959999999999582, 9.312927148811843026 ) ) ;
#2326 = LINE ( 'NONE', #3054, #2872 ) ;
#2327 = CARTESIAN_POINT ( 'NONE',  ( -179.5174658418248157, 1076.559999999999945, 9.534537799042796635 ) ) ;
#2328 = EDGE_CURVE ( 'NONE', #2230, #1079, #2672, .T. ) ;
#2329 = ORIENTED_EDGE ( 'NONE', *, *, #1077, .T. ) ;
#2330 = AXIS2_PLACEMENT_3D ( 'NONE', #3781, #4155, #2553 ) ;
#2331 = ORIENTED_EDGE ( 'NONE', *, *, #252, .F. ) ;
#2332 = LINE ( 'NONE', #80, #3897 ) ;
#2333 = CARTESIAN_POINT ( 'NONE',  ( -265.7189512413806938, 1076.559999999999945, 5.831332410554418644 ) ) ;
#2334 = CARTESIAN_POINT ( 'NONE',  ( 0.2273156052835982044, 1077.559999999999945, 8.452349944409744964 ) ) ;
#2335 = CARTESIAN_POINT ( 'NONE',  ( -132.7570495598770606, 1077.559999999999945, 9.255214942794435018 ) ) ;
#2336 = ORIENTED_EDGE ( 'NONE', *, *, #1504, .F. ) ;
#2337 = VERTEX_POINT ( 'NONE', #3624 ) ;
#2338 = CARTESIAN_POINT ( 'NONE',  ( -101.4282823775221232, 1077.559999999999945, 92.93846047869827487 ) ) ;
#2339 = FACE_OUTER_BOUND ( 'NONE', #68, .T. ) ;
#2340 = ORIENTED_EDGE ( 'NONE', *, *, #2555, .F. ) ;
#2341 = FACE_OUTER_BOUND ( 'NONE', #2129, .T. ) ;
#2342 = CARTESIAN_POINT ( 'NONE',  ( -133.7537577194358960, 1076.559999999999945, 26.88888592191560178 ) ) ;
#2343 = CARTESIAN_POINT ( 'NONE',  ( -258.8181366110553654, 1076.959999999999582, 7.583199739962922514 ) ) ;
#2344 = ADVANCED_FACE ( 'NONE', ( #3909 ), #2312, .T. ) ;
#2345 = CARTESIAN_POINT ( 'NONE',  ( -123.7680119748291787, 1077.559999999999945, 117.6179576813737810 ) ) ;
#2346 = CARTESIAN_POINT ( 'NONE',  ( -237.6737849170279731, 1076.959999999999809, 8.080994594439271594 ) ) ;
#2347 = EDGE_LOOP ( 'NONE', ( #3396, #427, #891, #1882 ) ) ;
#2348 = CARTESIAN_POINT ( 'NONE',  ( -190.7528261741830136, 1076.559999999999718, 21.03932599842006468 ) ) ;
#2349 = ORIENTED_EDGE ( 'NONE', *, *, #2670, .F. ) ;
#2350 = ORIENTED_EDGE ( 'NONE', *, *, #2269, .T. ) ;
#2351 = ORIENTED_EDGE ( 'NONE', *, *, #3421, .F. ) ;
#2352 = DIRECTION ( 'NONE',  ( -0.01073934591758248132, 0.000000000000000000, -0.9999423315618068964 ) ) ;
#2353 = PLANE ( 'NONE',  #1649 ) ;
#2354 = ADVANCED_FACE ( 'NONE', ( #3328 ), #1699, .F. ) ;
#2355 = CARTESIAN_POINT ( 'NONE',  ( -164.3938166502457250, 1077.559999999999945, 9.632323722520098386 ) ) ;
#2356 = CARTESIAN_POINT ( 'NONE',  ( -172.8587101762493887, 1081.559999999999945, 24.44703151162762822 ) ) ;
#2357 = ORIENTED_EDGE ( 'NONE', *, *, #1449, .T. ) ;
#2358 = EDGE_LOOP ( 'NONE', ( #2677, #853, #682, #542 ) ) ;
#2359 = ORIENTED_EDGE ( 'NONE', *, *, #605, .F. ) ;
#2360 = LINE ( 'NONE', #1123, #2644 ) ;
#2361 = EDGE_CURVE ( 'NONE', #3381, #2088, #2562, .T. ) ;
#2362 = EDGE_CURVE ( 'NONE', #356, #2486, #341, .T. ) ;
#2363 = LINE ( 'NONE', #222, #2986 ) ;
#2364 = ORIENTED_EDGE ( 'NONE', *, *, #3287, .F. ) ;
#2365 = CARTESIAN_POINT ( 'NONE',  ( -274.7847390678884949, 1165.440000000000055, 7.475225215082193841 ) ) ;
#2366 = CARTESIAN_POINT ( 'NONE',  ( -269.3505351009392257, 1076.559999999999945, 8.883550396655463643 ) ) ;
#2367 = CARTESIAN_POINT ( 'NONE',  ( -260.8576000460946602, 1081.559999999999945, 7.086686038695749090 ) ) ;
#2368 = B_SPLINE_CURVE_WITH_KNOTS ( 'NONE', 3,
 ( #1107, #52, #3946, #113, #1734 ),
 .UNSPECIFIED., .F., .F.,
 ( 4, 1, 4 ),
 ( 0.8925888473639720377, 0.8934903798118352114, 0.8943606213747419265 ),
 .UNSPECIFIED. ) ;
#2369 = VECTOR ( 'NONE', #981, 1000.000000000000000 ) ;
#2370 = AXIS2_PLACEMENT_3D ( 'NONE', #3162, #2867, #1588 ) ;
#2371 = VECTOR ( 'NONE', #492, 1000.000000000000000 ) ;
#2372 = FACE_OUTER_BOUND ( 'NONE', #2347, .T. ) ;
#2373 = DIRECTION ( 'NONE',  ( -0.000000000000000000, -1.000000000000000000, -0.000000000000000000 ) ) ;
#2374 = CARTESIAN_POINT ( 'NONE',  ( -123.3137327467877640, 1081.559999999999945, 27.25623171729949945 ) ) ;
#2375 = VECTOR ( 'NONE', #505, 1000.000000000000000 ) ;
#2376 = AXIS2_PLACEMENT_3D ( 'NONE', #1577, #582, #1922 ) ;
#2377 = ORIENTED_EDGE ( 'NONE', *, *, #2657, .F. ) ;
#2378 = VERTEX_POINT ( 'NONE', #102 ) ;
#2379 = ADVANCED_FACE ( 'NONE', ( #2272 ), #2725, .T. ) ;
#2380 = PLANE ( 'NONE',  #1342 ) ;
#2381 = CARTESIAN_POINT ( 'NONE',  ( -112.7508309264629105, 1076.559999999999945, 7.689384925052574538 ) ) ;
#2382 = CARTESIAN_POINT ( 'NONE',  ( -253.5702622210754953, 1077.560000000000173, 8.831944532698685180 ) ) ;
#2383 = DIRECTION ( 'NONE',  ( -0.9996385584632171417, 0.000000000000000000, 0.02688405537825821687 ) ) ;
#2384 = ORIENTED_EDGE ( 'NONE', *, *, #1798, .T. ) ;
#2385 = ORIENTED_EDGE ( 'NONE', *, *, #2858, .T. ) ;
#2386 = FACE_OUTER_BOUND ( 'NONE', #3563, .T. ) ;
#2387 = ORIENTED_EDGE ( 'NONE', *, *, #1112, .F. ) ;
#2388 = CARTESIAN_POINT ( 'NONE',  ( -195.6463559078458445, 1076.959999999999582, 20.27733546108196805 ) ) ;
#2389 = DIRECTION ( 'NONE',  ( -0.000000000000000000, -1.000000000000000000, -0.000000000000000000 ) ) ;
#2390 = CARTESIAN_POINT ( 'NONE',  ( -260.8576000460811315, 1076.959999999999809, 7.086686038612372229 ) ) ;
#2391 = CARTESIAN_POINT ( 'NONE',  ( -260.7629341019887192, 1076.959999999999582, 6.944829825288542757 ) ) ;
#2392 = DIRECTION ( 'NONE',  ( 0.000000000000000000, 0.000000000000000000, 1.000000000000000000 ) ) ;
#2393 = CARTESIAN_POINT ( 'NONE',  ( -117.3872845654308179, 1076.559999999999718, 27.32359723883181246 ) ) ;
#2394 = VECTOR ( 'NONE', #1399, 1000.000000000000114 ) ;
#2395 = ORIENTED_EDGE ( 'NONE', *, *, #2431, .T. ) ;
#2396 = VECTOR ( 'NONE', #2434, 1000.000000000000114 ) ;
#2397 = VERTEX_POINT ( 'NONE', #2101 ) ;
#2398 = ORIENTED_EDGE ( 'NONE', *, *, #2742, .F. ) ;
#2399 = DIRECTION ( 'NONE',  ( -0.5812758212746321762, 0.000000000000000000, 0.8137065930674900471 ) ) ;
#2400 = DIRECTION ( 'NONE',  ( -0.6888675014067556779, 0.000000000000000000, -0.7248872777926326227 ) ) ;
#2401 = CARTESIAN_POINT ( 'NONE',  ( -80.42685347601847923, 1077.559999999999945, -84.63224460233963953 ) ) ;
#2402 = DIRECTION ( 'NONE',  ( 0.8376768486538581637, 0.000000000000000000, -0.5461661809644947629 ) ) ;
#2403 = EDGE_CURVE ( 'NONE', #3779, #2088, #3416, .T. ) ;
#2404 = VERTEX_POINT ( 'NONE', #856 ) ;
#2405 = VERTEX_POINT ( 'NONE', #2081 ) ;
#2406 = EDGE_LOOP ( 'NONE', ( #1119, #2873, #1478, #2780, #279, #482 ) ) ;
#2407 = DIRECTION ( 'NONE',  ( 0.000000000000000000, 1.000000000000000000, -0.000000000000000000 ) ) ;
#2408 = ORIENTED_EDGE ( 'NONE', *, *, #451, .F. ) ;
#2409 = ORIENTED_EDGE ( 'NONE', *, *, #3284, .T. ) ;
#2410 = DIRECTION ( 'NONE',  ( -0.001877162694597761397, 0.000000000000000000, 0.9999982381285568156 ) ) ;
#2411 = LINE ( 'NONE', #604, #3467 ) ;
#2412 = DIRECTION ( 'NONE',  ( -0.000000000000000000, -1.000000000000000000, -0.000000000000000000 ) ) ;
#2413 = CARTESIAN_POINT ( 'NONE',  ( -260.8337779111441250, 1076.959999999999809, 6.940564282585497402 ) ) ;
#2414 = CARTESIAN_POINT ( 'NONE',  ( -149.8126463061967399, 1077.559999999999945, 25.87186741635287390 ) ) ;
#2415 = DIRECTION ( 'NONE',  ( 0.000000000000000000, -1.000000000000000000, 0.000000000000000000 ) ) ;
#2416 = ORIENTED_EDGE ( 'NONE', *, *, #1971, .T. ) ;
#2417 = VERTEX_POINT ( 'NONE', #529 ) ;
#2418 = VERTEX_POINT ( 'NONE', #1469 ) ;
#2419 = PLANE ( 'NONE',  #3963 ) ;
#2420 = CARTESIAN_POINT ( 'NONE',  ( -123.5565654830474216, 1076.959999999999809, 129.7396513526184947 ) ) ;
#2421 = DIRECTION ( 'NONE',  ( -0.02688405537885410132, 0.000000000000000000, -0.9996385584632010435 ) ) ;
#2422 = VERTEX_POINT ( 'NONE', #4020 ) ;
#2423 = VERTEX_POINT ( 'NONE', #3349 ) ;
#2424 = EDGE_LOOP ( 'NONE', ( #3937, #2597, #233, #3262 ) ) ;
#2425 = AXIS2_PLACEMENT_3D ( 'NONE', #1094, #3671, #3775 ) ;
#2426 = FACE_OUTER_BOUND ( 'NONE', #122, .T. ) ;
#2427 = EDGE_CURVE ( 'NONE', #155, #3806, #2061, .T. ) ;
#2428 = EDGE_LOOP ( 'NONE', ( #264, #3602, #158, #3270 ) ) ;
#2429 = CARTESIAN_POINT ( 'NONE',  ( -65.32499969352929270, 1077.559999999999945, -106.8005475999412823 ) ) ;
#2430 = EDGE_CURVE ( 'NONE', #1597, #259, #3969, .T. ) ;
#2431 = EDGE_CURVE ( 'NONE', #2135, #3044, #1455, .T. ) ;
#2432 = CARTESIAN_POINT ( 'NONE',  ( -240.4624955004808839, 1076.559999999999718, 7.187158872640684315 ) ) ;
#2433 = CARTESIAN_POINT ( 'NONE',  ( -274.6155771348952612, 1076.959999999999809, 2.997052627296134197 ) ) ;
#2434 = DIRECTION ( 'NONE',  ( -0.7248872777926389510, 0.000000000000000000, 0.6888675014067491276 ) ) ;
#2435 = CARTESIAN_POINT ( 'NONE',  ( -132.7570495598770606, 1077.559999999999945, 9.255214942794435018 ) ) ;
#2436 = AXIS2_PLACEMENT_3D ( 'NONE', #3141, #1236, #3455 ) ;
#2437 = ORIENTED_EDGE ( 'NONE', *, *, #3518, .F. ) ;
#2438 = ORIENTED_EDGE ( 'NONE', *, *, #3165, .T. ) ;
#2439 = CARTESIAN_POINT ( 'NONE',  ( -251.6390689010222843, 1077.559999999999718, 7.450622648387597913 ) ) ;
#2440 = CARTESIAN_POINT ( 'NONE',  ( -173.4395179607336104, 1081.559999999999945, 8.866531246998681226 ) ) ;
#2441 = CARTESIAN_POINT ( 'NONE',  ( -268.3117575011433473, 1076.960000000000036, 8.318369645161142856 ) ) ;
#2442 = AXIS2_PLACEMENT_3D ( 'NONE', #1840, #1061, #3446 ) ;
#2443 = AXIS2_PLACEMENT_3D ( 'NONE', #1712, #1396, #1086 ) ;
#2444 = ORIENTED_EDGE ( 'NONE', *, *, #3299, .T. ) ;
#2445 = ORIENTED_EDGE ( 'NONE', *, *, #1678, .T. ) ;
#2446 = CARTESIAN_POINT ( 'NONE',  ( -133.7537577194358960, 1077.559999999999945, 26.88888592191560178 ) ) ;
#2447 = LINE ( 'NONE', #840, #3616 ) ;
#2448 = CARTESIAN_POINT ( 'NONE',  ( -242.5546761553364092, 1076.959999999999809, 11.33505664491636189 ) ) ;
#2449 = ORIENTED_EDGE ( 'NONE', *, *, #2846, .T. ) ;
#2450 = VERTEX_POINT ( 'NONE', #2738 ) ;
#2451 = DIRECTION ( 'NONE',  ( 0.000000000000000000, -1.000000000000000000, 0.000000000000000000 ) ) ;
#2452 = CARTESIAN_POINT ( 'NONE',  ( -132.8079613817489815, 1165.440000000000055, 8.488640521341494605 ) ) ;
#2453 = ADVANCED_FACE ( 'NONE', ( #3732 ), #2419, .T. ) ;
#2454 = ADVANCED_FACE ( 'NONE', ( #3078 ), #2380, .F. ) ;
#2455 = DIRECTION ( 'NONE',  ( 1.000000000000000000, 0.000000000000000000, 0.000000000000000000 ) ) ;
#2456 =( LENGTH_UNIT ( ) NAMED_UNIT ( * ) SI_UNIT ( .MILLI., .METRE. ) );
#2457 = CARTESIAN_POINT ( 'NONE',  ( -165.5953102936683479, 1077.559999999999945, 9.630069181646563337 ) ) ;
#2458 = ORIENTED_EDGE ( 'NONE', *, *, #2931, .T. ) ;
#2459 = VERTEX_POINT ( 'NONE', #3123 ) ;
#2460 = ORIENTED_EDGE ( 'NONE', *, *, #117, .F. ) ;
#2461 = CARTESIAN_POINT ( 'NONE',  ( -260.7875091720599698, 1076.959999999999582, 7.103832978769569095 ) ) ;
#2462 = VECTOR ( 'NONE', #3619, 1000.000000000000000 ) ;
#2463 = CARTESIAN_POINT ( 'NONE',  ( -247.4112030334044618, 1081.559999999999945, 10.26930581630612593 ) ) ;
#2464 = DIRECTION ( 'NONE',  ( -0.000000000000000000, -1.000000000000000000, -0.000000000000000000 ) ) ;
#2465 = ADVANCED_FACE ( 'NONE', ( #2781 ), #1833, .T. ) ;
#2466 =( GEOMETRIC_REPRESENTATION_CONTEXT ( 3 ) GLOBAL_UNCERTAINTY_ASSIGNED_CONTEXT ( ( #977 ) ) GLOBAL_UNIT_ASSIGNED_CONTEXT ( ( #2456, #2139, #3810 ) ) REPRESENTATION_CONTEXT ( 'NONE', 'WORKASPACE' ) );
#2467 = ORIENTED_EDGE ( 'NONE', *, *, #1875, .F. ) ;
#2468 = EDGE_LOOP ( 'NONE', ( #2936, #1390, #2173, #3862 ) ) ;
#2469 = LINE ( 'NONE', #4096, #2371 ) ;
#2470 = FACE_OUTER_BOUND ( 'NONE', #2406, .T. ) ;
#2471 = PLANE ( 'NONE',  #1295 ) ;
#2472 = VECTOR ( 'NONE', #3604, 1000.000000000000114 ) ;
#2473 = ORIENTED_EDGE ( 'NONE', *, *, #1174, .F. ) ;
#2474 = AXIS2_PLACEMENT_3D ( 'NONE', #1240, #4111, #2526 ) ;
#2475 = ORIENTED_EDGE ( 'NONE', *, *, #1548, .T. ) ;
#2476 = DIRECTION ( 'NONE',  ( 0.000000000000000000, -0.000000000000000000, -1.000000000000000000 ) ) ;
#2477 = EDGE_LOOP ( 'NONE', ( #1326, #1084, #768 ) ) ;
#2478 = CARTESIAN_POINT ( 'NONE',  ( -265.7189512413807506, 1076.559999999999718, 5.831332410555692292 ) ) ;
#2479 = VERTEX_POINT ( 'NONE', #3501 ) ;
#2480 = CARTESIAN_POINT ( 'NONE',  ( -113.5068429449947445, 1077.559999999999945, 9.335759885577626704 ) ) ;
#2481 = DIRECTION ( 'NONE',  ( 0.9996385584632171417, 0.000000000000000000, -0.02688405537825763053 ) ) ;
#2482 = DIRECTION ( 'NONE',  ( 0.000000000000000000, -1.000000000000000000, 0.000000000000000000 ) ) ;
#2483 = ADVANCED_FACE ( 'NONE', ( #2246 ), #1861, .F. ) ;
#2484 = VERTEX_POINT ( 'NONE', #2889 ) ;
#2485 = VERTEX_POINT ( 'NONE', #2164 ) ;
#2486 = VERTEX_POINT ( 'NONE', #3222 ) ;
#2487 = CARTESIAN_POINT ( 'NONE',  ( -49.20153583355309479, 1076.559999999999945, -51.77420520022768358 ) ) ;
#2488 = CARTESIAN_POINT ( 'NONE',  ( -260.7043874911462353, 1081.559999999999945, 6.146900934098694869 ) ) ;
#2489 = CARTESIAN_POINT ( 'NONE',  ( -132.9089226143069311, 1077.559999999999945, 3.518796046875030559 ) ) ;
#2490 = PLANE ( 'NONE',  #128 ) ;
#2491 = EDGE_LOOP ( 'NONE', ( #818, #3250, #922, #1474 ) ) ;
#2492 = EDGE_CURVE ( 'NONE', #3896, #2866, #1899, .T. ) ;
#2493 = ORIENTED_EDGE ( 'NONE', *, *, #1851, .F. ) ;
#2494 = CARTESIAN_POINT ( 'NONE',  ( -149.8118213194345003, 1076.559999999999945, 25.94868207460713805 ) ) ;
#2495 = CARTESIAN_POINT ( 'NONE',  ( -265.5219321219681774, 1076.559999999999945, 2.837808823443983997 ) ) ;
#2496 = DIRECTION ( 'NONE',  ( 0.9996385584632172527, 0.000000000000000000, -0.02688405537825354352 ) ) ;
#2497 = CARTESIAN_POINT ( 'NONE',  ( -265.3338636067466041, 1165.440000000000055, 6.801727551362758639 ) ) ;
#2498 = CIRCLE ( 'NONE', #1408, 4.124999999999996447 ) ;
#2499 = APPLICATION_CONTEXT ( 'automotive_design' ) ;
#2500 = ORIENTED_EDGE ( 'NONE', *, *, #2109, .F. ) ;
#2501 = CARTESIAN_POINT ( 'NONE',  ( -148.6143614906584389, 1077.559999999999945, 25.96668747503433750 ) ) ;
#2502 = ADVANCED_FACE ( 'NONE', ( #2225 ), #2847, .F. ) ;
#2503 = B_SPLINE_CURVE_WITH_KNOTS ( 'NONE', 3,
 ( #975, #7, #992, #3548 ),
 .UNSPECIFIED., .F., .F.,
 ( 4, 4 ),
 ( 0.1060541746634106608, 0.1072210995708445941 ),
 .UNSPECIFIED. ) ;
#2504 = CARTESIAN_POINT ( 'NONE',  ( -135.8692035659279327, 1076.559999999999945, 26.79237269320573844 ) ) ;
#2505 = CARTESIAN_POINT ( 'NONE',  ( -132.6206067204130932, 1077.559999999999945, 26.93947749193012697 ) ) ;
#2506 = CARTESIAN_POINT ( 'NONE',  ( -252.0785529140159724, 1076.959999999999809, 7.428040944472593665 ) ) ;
#2507 = ORIENTED_EDGE ( 'NONE', *, *, #3050, .T. ) ;
#2508 = DIRECTION ( 'NONE',  ( 0.000000000000000000, 0.000000000000000000, -1.000000000000000000 ) ) ;
#2509 = CARTESIAN_POINT ( 'NONE',  ( -225.0224362187566953, 1081.559999999999945, 15.05154234427599036 ) ) ;
#2510 = DIRECTION ( 'NONE',  ( -0.7248872777926378408, 0.000000000000000000, 0.6888675014067503488 ) ) ;
#2511 = AXIS2_PLACEMENT_3D ( 'NONE', #1545, #871, #588 ) ;
#2512 = EDGE_CURVE ( 'NONE', #1147, #1376, #2964, .T. ) ;
#2513 = ORIENTED_EDGE ( 'NONE', *, *, #1101, .T. ) ;
#2514 = VERTEX_POINT ( 'NONE', #3146 ) ;
#2515 = CARTESIAN_POINT ( 'NONE',  ( -149.7021053808015552, 1077.559999999999945, 9.569462738255433365 ) ) ;
#2516 = LINE ( 'NONE', #3153, #3941 ) ;
#2517 = AXIS2_PLACEMENT_3D ( 'NONE', #3698, #449, #2069 ) ;
#2518 = DIRECTION ( 'NONE',  ( 0.000000000000000000, 0.000000000000000000, -1.000000000000000000 ) ) ;
#2519 = VERTEX_POINT ( 'NONE', #2190 ) ;
#2520 = CARTESIAN_POINT ( 'NONE',  ( -192.5000000004401102, 1076.559999999999945, 15.15093237100210288 ) ) ;
#2521 = CARTESIAN_POINT ( 'NONE',  ( -82.83959400944358720, 1077.559999999999945, 78.72328000652272806 ) ) ;
#2522 = DIRECTION ( 'NONE',  ( 0.6888675014067494606, 0.000000000000000000, 0.7248872777926387290 ) ) ;
#2523 = ORIENTED_EDGE ( 'NONE', *, *, #1308, .F. ) ;
#2524 = ORIENTED_EDGE ( 'NONE', *, *, #2727, .F. ) ;
#2525 = DIRECTION ( 'NONE',  ( -0.000000000000000000, -1.000000000000000000, -0.000000000000000000 ) ) ;
#2526 = DIRECTION ( 'NONE',  ( 0.000000000000000000, 0.000000000000000000, -1.000000000000000000 ) ) ;
#2527 = CARTESIAN_POINT ( 'NONE',  ( -221.7787467680724660, 1077.559999999999945, 15.64372520361560781 ) ) ;
#2528 = PRODUCT ( 'rib7 aileron outer filled', 'rib7 aileron outer filled', '', ( #3401 ) ) ;
#2529 = ORIENTED_EDGE ( 'NONE', *, *, #3412, .T. ) ;
#2530 = ORIENTED_EDGE ( 'NONE', *, *, #346, .T. ) ;
#2531 = CARTESIAN_POINT ( 'NONE',  ( -117.0799586928293792, 1077.559999999999945, 111.2622349437988589 ) ) ;
#2532 = LINE ( 'NONE', #603, #1386 ) ;
#2533 = DIRECTION ( 'NONE',  ( 0.9996385584632173638, 0.000000000000000000, -0.02688405537825217656 ) ) ;
#2534 = EDGE_CURVE ( 'NONE', #3592, #3104, #637, .T. ) ;
#2535 = ORIENTED_EDGE ( 'NONE', *, *, #1527, .T. ) ;
#2536 = CARTESIAN_POINT ( 'NONE',  ( -253.0423473195501742, 1077.559999999999945, 8.955332983845949002 ) ) ;
#2537 = CIRCLE ( 'NONE', #1190, 4.124999999999996447 ) ;
#2538 = B_SPLINE_CURVE_WITH_KNOTS ( 'NONE', 3,
 ( #1133, #4037, #419, #2668, #1070, #394, #1694, #2992, #78, #766 ),
 .UNSPECIFIED., .F., .F.,
 ( 4, 1, 1, 1, 1, 1, 1, 4 ),
 ( 0.8257716611427048381, 0.8494027461549495950, 0.8787945019262066726, 0.8934903798118352114, 0.9081862576974637502, 0.9228821355830922890, 0.9291378280682562885, 0.9294838303711485672 ),
 .UNSPECIFIED. ) ;
#2539 = ADVANCED_FACE ( 'NONE', ( #577 ), #3463, .F. ) ;
#2540 = DIRECTION ( 'NONE',  ( -0.000000000000000000, -1.000000000000000000, -0.000000000000000000 ) ) ;
#2541 = PLANE ( 'NONE',  #1721 ) ;
#2542 = CARTESIAN_POINT ( 'NONE',  ( -253.5796452974664135, 1077.559999999999945, 8.346190340468108815 ) ) ;
#2543 = ORIENTED_EDGE ( 'NONE', *, *, #1269, .F. ) ;
#2544 = CARTESIAN_POINT ( 'NONE',  ( -264.2871590457025377, 1165.440000000000055, 7.064132261341821817 ) ) ;
#2545 = CARTESIAN_POINT ( 'NONE',  ( -293.2676002059569100, 1165.440000000000055, 1.330312713633649668 ) ) ;
#2546 = ADVANCED_FACE ( 'NONE', ( #3815 ), #619, .T. ) ;
#2547 = CARTESIAN_POINT ( 'NONE',  ( -255.8870986851619023, 1077.559999999999945, 7.681003567253950948 ) ) ;
#2548 = ORIENTED_EDGE ( 'NONE', *, *, #936, .T. ) ;
#2549 = ADVANCED_FACE ( 'NONE', ( #296 ), #3182, .T. ) ;
#2550 = VERTEX_POINT ( 'NONE', #902 ) ;
#2551 = ORIENTED_EDGE ( 'NONE', *, *, #3970, .T. ) ;
#2552 = FACE_OUTER_BOUND ( 'NONE', #3005, .T. ) ;
#2553 = DIRECTION ( 'NONE',  ( 0.000000000000000000, 0.000000000000000000, 1.000000000000000000 ) ) ;
#2554 = CARTESIAN_POINT ( 'NONE',  ( -265.8557205421093386, 1165.440000000000055, 6.670256816194236826 ) ) ;
#2555 = EDGE_CURVE ( 'NONE', #4008, #3659, #558, .T. ) ;
#2556 = EDGE_LOOP ( 'NONE', ( #913, #2655, #2910, #3834 ) ) ;
#2557 = VECTOR ( 'NONE', #1652, 1000.000000000000114 ) ;
#2558 = EDGE_CURVE ( 'NONE', #513, #1213, #942, .T. ) ;
#2559 = EDGE_CURVE ( 'NONE', #1102, #467, #3049, .T. ) ;
#2560 = FACE_BOUND ( 'NONE', #3130, .T. ) ;
#2561 = CARTESIAN_POINT ( 'NONE',  ( -177.8347060259989121, 1077.559999999999945, 9.552397567821030222 ) ) ;
#2562 = B_SPLINE_CURVE_WITH_KNOTS ( 'NONE', 3,
 ( #58, #1073, #378, #3018, #1677 ),
 .UNSPECIFIED., .F., .F.,
 ( 4, 1, 4 ),
 ( 0.1485948395246297626, 0.1549707956862048930, 0.1594896059485208795 ),
 .UNSPECIFIED. ) ;
#2563 = CARTESIAN_POINT ( 'NONE',  ( -101.4282823775221232, 1077.559999999999945, 92.93846047869827487 ) ) ;
#2564 = CARTESIAN_POINT ( 'NONE',  ( -238.2618435604907745, 1077.559999999999945, 8.623513685525212580 ) ) ;
#2565 = CARTESIAN_POINT ( 'NONE',  ( -133.3568342694792932, 1076.559999999999945, 9.271286723260869778 ) ) ;
#2566 = CARTESIAN_POINT ( 'NONE',  ( -272.0829353890873676, 1076.559999999999945, 8.182179439941577925 ) ) ;
#2567 = CARTESIAN_POINT ( 'NONE',  ( -149.8126463061967115, 1076.559999999999945, 25.87186741635286324 ) ) ;
#2568 = EDGE_CURVE ( 'NONE', #1520, #1147, #1550, .T. ) ;
#2569 = ORIENTED_EDGE ( 'NONE', *, *, #251, .T. ) ;
#2570 = VERTEX_POINT ( 'NONE', #1200 ) ;
#2571 = B_SPLINE_CURVE_WITH_KNOTS ( 'NONE', 3,
 ( #3902, #1373, #2641, #313, #2603 ),
 .UNSPECIFIED., .F., .F.,
 ( 4, 1, 4 ),
 ( 0.9201887431944877349, 0.9228821355830922890, 0.9229142185669250154 ),
 .UNSPECIFIED. ) ;
#2572 = DIRECTION ( 'NONE',  ( 0.000000000000000000, 0.000000000000000000, -1.000000000000000000 ) ) ;
#2573 = CARTESIAN_POINT ( 'NONE',  ( -132.9089226143069311, 1077.559999999999945, 3.518796046875030559 ) ) ;
#2574 = CARTESIAN_POINT ( 'NONE',  ( -285.9904385892309051, 1076.959999999999809, 3.527721545625652766 ) ) ;
#2575 = AXIS2_PLACEMENT_3D ( 'NONE', #3905, #1669, #1315 ) ;
#2576 = EDGE_LOOP ( 'NONE', ( #3017, #1003 ) ) ;
#2577 = B_SPLINE_CURVE_WITH_KNOTS ( 'NONE', 3,
 ( #260, #2515, #1937, #3211 ),
 .UNSPECIFIED., .F., .F.,
 ( 4, 4 ),
 ( 0.8812983385956609794, 0.8838836986591519507 ),
 .UNSPECIFIED. ) ;
#2578 = AXIS2_PLACEMENT_3D ( 'NONE', #2854, #3546, #3837 ) ;
#2579 = EDGE_LOOP ( 'NONE', ( #3588, #376, #1141 ) ) ;
#2580 = CARTESIAN_POINT ( 'NONE',  ( -257.7587715430228741, 1081.559999999999945, 8.668068884507679428 ) ) ;
#2581 = VECTOR ( 'NONE', #4146, 1000.000000000000000 ) ;
#2582 = VECTOR ( 'NONE', #2178, 1000.000000000000000 ) ;
#2583 = FACE_BOUND ( 'NONE', #642, .T. ) ;
#2584 = CARTESIAN_POINT ( 'NONE',  ( -274.1238790097720539, 1076.559999999999718, 2.239275516227556828 ) ) ;
#2585 = DIRECTION ( 'NONE',  ( 0.6888675014067492386, 0.000000000000000000, 0.7248872777926389510 ) ) ;
#2586 = LINE ( 'NONE', #3867, #3033 ) ;
#2587 = EDGE_CURVE ( 'NONE', #1304, #178, #4110, .T. ) ;
#2588 = CARTESIAN_POINT ( 'NONE',  ( -238.2652901195024242, 1081.559999999999945, 8.067388918634714301 ) ) ;
#2589 = CARTESIAN_POINT ( 'NONE',  ( -149.2125205955655929, 1077.559999999999945, 25.91972275192642883 ) ) ;
#2590 = DIRECTION ( 'NONE',  ( -0.02688405537825352271, 0.000000000000000000, -0.9996385584632172527 ) ) ;
#2591 = ORIENTED_EDGE ( 'NONE', *, *, #3556, .T. ) ;
#2592 = VERTEX_POINT ( 'NONE', #1004 ) ;
#2593 = CARTESIAN_POINT ( 'NONE',  ( -190.7528261741830136, 1081.559999999999945, 21.03932599842006823 ) ) ;
#2594 = CARTESIAN_POINT ( 'NONE',  ( -190.7528261741830136, 1077.559999999999945, 21.03932599842006823 ) ) ;
#2595 = EDGE_CURVE ( 'NONE', #3203, #2592, #675, .T. ) ;
#2596 = DIRECTION ( 'NONE',  ( 0.001877162694616528937, 0.000000000000000000, -0.9999982381285568156 ) ) ;
#2597 = ORIENTED_EDGE ( 'NONE', *, *, #2823, .T. ) ;
#2598 = CARTESIAN_POINT ( 'NONE',  ( -50.02817683524195758, 1077.559999999999945, -52.64406993357894038 ) ) ;
#2599 = VECTOR ( 'NONE', #3301, 1000.000000000000114 ) ;
#2600 = VECTOR ( 'NONE', #1022, 1000.000000000000000 ) ;
#2601 = CARTESIAN_POINT ( 'NONE',  ( 0.000000000000000000, 1076.559999999999945, 0.000000000000000000 ) ) ;
#2602 = ORIENTED_EDGE ( 'NONE', *, *, #3842, .T. ) ;
#2603 = CARTESIAN_POINT ( 'NONE',  ( -256.7794921707696290, 1077.559999999999945, 7.175935368848862517 ) ) ;
#2604 = CARTESIAN_POINT ( 'NONE',  ( -292.7816016976615288, 1076.559999999999945, 2.342604849855893789 ) ) ;
#2605 = PLANE ( 'NONE',  #3441 ) ;
#2606 = EDGE_CURVE ( 'NONE', #3083, #1225, #3578, .T. ) ;
#2607 = CARTESIAN_POINT ( 'NONE',  ( -211.0565265721793935, 1076.959999999999582, 8.962763485681316311 ) ) ;
#2608 = DIRECTION ( 'NONE',  ( 0.7248872777926391731, 0.000000000000000000, -0.6888675014067489055 ) ) ;
#2609 = CARTESIAN_POINT ( 'NONE',  ( -190.1890343106762202, 1076.559999999999945, 9.385866078298587212 ) ) ;
#2610 = ORIENTED_EDGE ( 'NONE', *, *, #2862, .F. ) ;
#2611 = LINE ( 'NONE', #2630, #3706 ) ;
#2612 = EDGE_CURVE ( 'NONE', #1376, #976, #483, .T. ) ;
#2613 = LINE ( 'NONE', #1283, #2472 ) ;
#2614 = CARTESIAN_POINT ( 'NONE',  ( -195.6463559078458445, 1076.959999999999582, 20.27733546108196094 ) ) ;
#2615 = ADVANCED_FACE ( 'NONE', ( #3259 ), #1215, .T. ) ;
#2616 = EDGE_LOOP ( 'NONE', ( #1032, #2113, #3699, #281 ) ) ;
#2617 = ADVANCED_FACE ( 'NONE', ( #1067 ), #2927, .T. ) ;
#2618 = DIRECTION ( 'NONE',  ( 0.000000000000000000, -1.000000000000000000, 0.000000000000000000 ) ) ;
#2619 = FACE_BOUND ( 'NONE', #1113, .T. ) ;
#2620 = ORIENTED_EDGE ( 'NONE', *, *, #395, .F. ) ;
#2621 = LINE ( 'NONE', #1021, #4187 ) ;
#2622 = CARTESIAN_POINT ( 'NONE',  ( -280.0929048608386438, 1076.559999999999945, 6.043931826148670083 ) ) ;
#2623 = CARTESIAN_POINT ( 'NONE',  ( -148.7718042799483555, 1077.559999999999945, 11.08556981309512501 ) ) ;
#2624 = VECTOR ( 'NONE', #763, 1000.000000000000000 ) ;
#2625 = B_SPLINE_CURVE_WITH_KNOTS ( 'NONE', 3,
 ( #905, #2830, #881, #3799, #1472 ),
 .UNSPECIFIED., .F., .F.,
 ( 4, 1, 4 ),
 ( 0.7852660722060043064, 0.7906192346124355508, 0.8133809144762779164 ),
 .UNSPECIFIED. ) ;
#2626 = CARTESIAN_POINT ( 'NONE',  ( -138.8161405280330882, 1076.559999999999945, 9.412531083876945814 ) ) ;
#2627 = CARTESIAN_POINT ( 'NONE',  ( -148.6143614906584389, 1076.559999999999945, 25.96668747503433750 ) ) ;
#2628 = CARTESIAN_POINT ( 'NONE',  ( -112.7120578011266474, 1076.559999999999945, 28.11340712249482721 ) ) ;
#2629 = ORIENTED_EDGE ( 'NONE', *, *, #996, .F. ) ;
#2630 = CARTESIAN_POINT ( 'NONE',  ( -112.3038216628891064, 1081.559999999999945, 24.31067548444906024 ) ) ;
#2631 = CARTESIAN_POINT ( 'NONE',  ( -165.9276959324085965, 1077.559999999999945, 24.32335976583580717 ) ) ;
#2632 = FACE_OUTER_BOUND ( 'NONE', #580, .T. ) ;
#2633 = DIRECTION ( 'NONE',  ( 0.02688405537825821687, 0.000000000000000000, 0.9996385584632171417 ) ) ;
#2634 = EDGE_CURVE ( 'NONE', #1494, #720, #3869, .T. ) ;
#2635 = VERTEX_POINT ( 'NONE', #739 ) ;
#2636 = ORIENTED_EDGE ( 'NONE', *, *, #1736, .F. ) ;
#2637 = LINE ( 'NONE', #2295, #2856 ) ;
#2638 = AXIS2_PLACEMENT_3D ( 'NONE', #2429, #160, #3720 ) ;
#2639 = FACE_BOUND ( 'NONE', #2576, .T. ) ;
#2640 = ORIENTED_EDGE ( 'NONE', *, *, #2634, .F. ) ;
#2641 = CARTESIAN_POINT ( 'NONE',  ( -256.2097432759642288, 1077.559999999999945, 7.207805312617992399 ) ) ;
#2642 = LINE ( 'NONE', #1064, #968 ) ;
#2643 = DIRECTION ( 'NONE',  ( 0.7248872777926389510, 0.000000000000000000, -0.6888675014067491276 ) ) ;
#2644 = VECTOR ( 'NONE', #110, 1000.000000000000000 ) ;
#2645 = CARTESIAN_POINT ( 'NONE',  ( -194.3434337935483995, 1081.560000000000173, 9.312927148811843026 ) ) ;
#2646 = CARTESIAN_POINT ( 'NONE',  ( -198.3885955785591477, 1076.959999999999582, 19.84048583444140590 ) ) ;
#2647 = DIRECTION ( 'NONE',  ( -0.8137065930674900471, 0.000000000000000000, -0.5812758212746321762 ) ) ;
#2648 = ORIENTED_EDGE ( 'NONE', *, *, #117, .T. ) ;
#2649 = VERTEX_POINT ( 'NONE', #15 ) ;
#2650 = DIRECTION ( 'NONE',  ( 0.000000000000000000, -1.000000000000000000, 0.000000000000000000 ) ) ;
#2651 = DIRECTION ( 'NONE',  ( -0.8376768486544285963, 0.000000000000000000, 0.5461661809636199072 ) ) ;
#2652 = CARTESIAN_POINT ( 'NONE',  ( -293.2676002059569100, 1165.440000000000055, 1.330312713633433841 ) ) ;
#2653 = CARTESIAN_POINT ( 'NONE',  ( -264.2871590457025377, 1076.559999999999945, 7.064132261341821817 ) ) ;
#2654 = VERTEX_POINT ( 'NONE', #392 ) ;
#2655 = ORIENTED_EDGE ( 'NONE', *, *, #431, .F. ) ;
#2656 = CARTESIAN_POINT ( 'NONE',  ( -128.1061509150808320, 1081.559999999999945, 27.97564465478143347 ) ) ;
#2657 = EDGE_CURVE ( 'NONE', #2697, #2976, #1026, .T. ) ;
#2658 = DIRECTION ( 'NONE',  ( 0.000000000000000000, -1.000000000000000000, 0.000000000000000000 ) ) ;
#2659 = ORIENTED_EDGE ( 'NONE', *, *, #2899, .F. ) ;
#2660 = CARTESIAN_POINT ( 'NONE',  ( -260.8576000460811315, 1076.959999999999809, 7.086686038612372229 ) ) ;
#2661 = CARTESIAN_POINT ( 'NONE',  ( -227.5076778612757948, 1077.559999999999945, 8.453911112217982193 ) ) ;
#2662 = FACE_OUTER_BOUND ( 'NONE', #3729, .T. ) ;
#2663 = B_SPLINE_CURVE_WITH_KNOTS ( 'NONE', 3,
 ( #267, #4102, #229, #1565 ),
 .UNSPECIFIED., .F., .F.,
 ( 4, 4 ),
 ( 0.05602420057133083997, 0.05737537480843815652 ),
 .UNSPECIFIED. ) ;
#2664 = ADVANCED_FACE ( 'NONE', ( #3597 ), #76, .F. ) ;
#2665 = DIRECTION ( 'NONE',  ( 0.7248872777926386179, 0.000000000000000000, -0.6888675014067495717 ) ) ;
#2666 = CARTESIAN_POINT ( 'NONE',  ( -133.1133349853126902, 1077.559999999999945, 126.4989099470499241 ) ) ;
#2667 = EDGE_CURVE ( 'NONE', #3289, #356, #286, .T. ) ;
#2668 = CARTESIAN_POINT ( 'NONE',  ( -225.6975725102126944, 1081.559999999999945, 8.533007167635572543 ) ) ;
#2669 = CIRCLE ( 'NONE', #3016, 9.800000000001221068 ) ;
#2670 = EDGE_CURVE ( 'NONE', #810, #3659, #1298, .T. ) ;
#2671 = ORIENTED_EDGE ( 'NONE', *, *, #680, .F. ) ;
#2672 = LINE ( 'NONE', #40, #730 ) ;
#2673 = FACE_OUTER_BOUND ( 'NONE', #3855, .T. ) ;
#2674 = EDGE_CURVE ( 'NONE', #2976, #3779, #1988, .T. ) ;
#2675 = LINE ( 'NONE', #835, #3051 ) ;
#2676 = CARTESIAN_POINT ( 'NONE',  ( -196.2236163048101787, 1081.559999999999945, 21.18604354544763169 ) ) ;
#2677 = ORIENTED_EDGE ( 'NONE', *, *, #1563, .T. ) ;
#2678 = ORIENTED_EDGE ( 'NONE', *, *, #3088, .T. ) ;
#2679 = EDGE_LOOP ( 'NONE', ( #2060, #1638, #952, #3208 ) ) ;
#2680 = CARTESIAN_POINT ( 'NONE',  ( -258.7028822036019164, 1076.959999999999809, -42.17616278367351867 ) ) ;
#2681 = CARTESIAN_POINT ( 'NONE',  ( -195.6463559078458445, 1076.959999999999582, 20.27733546108196094 ) ) ;
#2682 = EDGE_LOOP ( 'NONE', ( #3742, #1280, #1078, #719 ) ) ;
#2683 = DIRECTION ( 'NONE',  ( -0.2442954651670563304, 0.000000000000000000, 0.9697008434041973768 ) ) ;
#2684 = CARTESIAN_POINT ( 'NONE',  ( -32.54741776726640268, 1077.559999999999945, -81.50514457746611185 ) ) ;
#2685 = CARTESIAN_POINT ( 'NONE',  ( -149.9729130415774137, 1076.559999999999945, 10.94940432798125052 ) ) ;
#2686 = EDGE_CURVE ( 'NONE', #875, #2991, #163, .T. ) ;
#2687 = CARTESIAN_POINT ( 'NONE',  ( -171.1374583195585330, 1081.559999999999945, 9.645899208250041212 ) ) ;
#2688 = PLANE ( 'NONE',  #1452 ) ;
#2689 = AXIS2_PLACEMENT_3D ( 'NONE', #574, #2522, #920 ) ;
#2690 = CARTESIAN_POINT ( 'NONE',  ( -182.7476535926390113, 1076.559999999999491, 22.24537223474090197 ) ) ;
#2691 = ORIENTED_EDGE ( 'NONE', *, *, #41, .T. ) ;
#2692 = CARTESIAN_POINT ( 'NONE',  ( -225.0224362187566953, 1076.959999999999582, 15.05154234427599036 ) ) ;
#2693 = DIRECTION ( 'NONE',  ( 0.000000000000000000, -1.000000000000000000, 0.000000000000000000 ) ) ;
#2694 = LINE ( 'NONE', #1097, #2102 ) ;
#2695 = CARTESIAN_POINT ( 'NONE',  ( -259.4640068570307108, 1076.559999999999945, 8.261595196954861109 ) ) ;
#2696 = ORIENTED_EDGE ( 'NONE', *, *, #1437, .F. ) ;
#2697 = VERTEX_POINT ( 'NONE', #1757 ) ;
#2698 = VERTEX_POINT ( 'NONE', #3665 ) ;
#2699 = LINE ( 'NONE', #3356, #3724 ) ;
#2700 = VECTOR ( 'NONE', #2784, 1000.000000000000000 ) ;
#2701 = ORIENTED_EDGE ( 'NONE', *, *, #4024, .T. ) ;
#2702 = CARTESIAN_POINT ( 'NONE',  ( -249.1849982831033969, 1165.440000000000055, -62.77685069811641938 ) ) ;
#2703 = CARTESIAN_POINT ( 'NONE',  ( -266.5886069382466985, 1165.440000000000055, 9.579359346246572926 ) ) ;
#2704 = CARTESIAN_POINT ( 'NONE',  ( -257.8976825154149424, 1076.959999999999582, 7.804466760825794047 ) ) ;
#2705 = VECTOR ( 'NONE', #1857, 1000.000000000000000 ) ;
#2706 = VECTOR ( 'NONE', #1934, 1000.000000000000000 ) ;
#2707 = AXIS2_PLACEMENT_3D ( 'NONE', #3110, #2795, #2476 ) ;
#2708 = CARTESIAN_POINT ( 'NONE',  ( -259.4174336629882305, 1076.959999999999582, 7.025687708889671867 ) ) ;
#2709 = CARTESIAN_POINT ( 'NONE',  ( -265.8557205421093386, 1165.440000000000055, 6.670256816194236826 ) ) ;
#2710 = CARTESIAN_POINT ( 'NONE',  ( -168.8641331842243858, 1081.559999999999945, 24.10239613039014017 ) ) ;
#2711 = EDGE_CURVE ( 'NONE', #3337, #4161, #3392, .T. ) ;
#2712 = VECTOR ( 'NONE', #2864, 1000.000000000000114 ) ;
#2713 = VECTOR ( 'NONE', #414, 1000.000000000000000 ) ;
#2714 = ORIENTED_EDGE ( 'NONE', *, *, #1573, .T. ) ;
#2715 = ORIENTED_EDGE ( 'NONE', *, *, #1401, .T. ) ;
#2716 = CARTESIAN_POINT ( 'NONE',  ( -297.6853304518525078, 1165.440000000000055, 0.07763497805441094135 ) ) ;
#2717 = CARTESIAN_POINT ( 'NONE',  ( -82.83959400944358720, 1076.559999999999945, 78.72328000652272806 ) ) ;
#2718 = LINE ( 'NONE', #2401, #3390 ) ;
#2719 = CARTESIAN_POINT ( 'NONE',  ( -155.5229316098780146, 1076.559999999999945, 9.623945755278430880 ) ) ;
#2720 = ORIENTED_EDGE ( 'NONE', *, *, #3978, .T. ) ;
#2721 = ADVANCED_FACE ( 'NONE', ( #3686 ), #1484, .F. ) ;
#2722 = ORIENTED_EDGE ( 'NONE', *, *, #274, .F. ) ;
#2723 = ORIENTED_EDGE ( 'NONE', *, *, #1428, .T. ) ;
#2724 = CYLINDRICAL_SURFACE ( 'NONE', #2517, 0.3999999999999863110 ) ;
#2725 = B_SPLINE_SURFACE_WITH_KNOTS ( 'NONE', 3, 1, ( 
 ( #3893, #1010 ),
 ( #2287, #2461 ),
 ( #216, #769 ),
 ( #3398, #1489 ),
 ( #2146, #2758 ),
 ( #171, #3098 ),
 ( #3710, #2692 ),
 ( #812, #1176 ),
 ( #3059, #4042 ),
 ( #3374, #1154 ) ),
 .UNSPECIFIED., .F., .F., .F.,
 ( 4, 1, 1, 1, 1, 1, 1, 4 ),
 ( 2, 2 ),
 ( 0.04410003439759753452, 0.04432521835872276633, 0.04858316171247652193, 0.05825476480099728294, 0.06792636788951804394, 0.07759797097803880495, 0.09694117715508032695, 0.1095003286792487068 ),
 ( 0.000000000000000000, 1.000000000000000000 ),
 .UNSPECIFIED. ) ;
#2726 = ORIENTED_EDGE ( 'NONE', *, *, #1319, .F. ) ;
#2727 = EDGE_CURVE ( 'NONE', #2252, #407, #3053, .T. ) ;
#2728 = CARTESIAN_POINT ( 'NONE',  ( -282.6978133705282517, 1165.440000000000055, 5.318962716800226254 ) ) ;
#2729 = DIRECTION ( 'NONE',  ( -0.000000000000000000, -1.000000000000000000, -0.000000000000000000 ) ) ;
#2730 = LINE ( 'NONE', #3321, #1747 ) ;
#2731 = CARTESIAN_POINT ( 'NONE',  ( -116.6994142980007751, 1081.559999999999945, 8.683379740353986520 ) ) ;
#2732 = CARTESIAN_POINT ( 'NONE',  ( -256.8343786850404058, 1076.959999999999809, 8.059280522143815517 ) ) ;
#2733 = CARTESIAN_POINT ( 'NONE',  ( -178.1952668448776933, 1077.559999999999945, 22.75369838660252952 ) ) ;
#2734 = EDGE_LOOP ( 'NONE', ( #2029, #907 ) ) ;
#2735 = EDGE_CURVE ( 'NONE', #4173, #3592, #333, .T. ) ;
#2736 = ORIENTED_EDGE ( 'NONE', *, *, #1337, .T. ) ;
#2737 = ORIENTED_EDGE ( 'NONE', *, *, #477, .T. ) ;
#2738 = CARTESIAN_POINT ( 'NONE',  ( -267.1688184859921762, 1076.959999999999809, 8.607714735570468179 ) ) ;
#2739 = CARTESIAN_POINT ( 'NONE',  ( -200.4954640087551923, 1076.559999999999945, 8.438484520300974623 ) ) ;
#2740 = LINE ( 'NONE', #3400, #2852 ) ;
#2741 =( NAMED_UNIT ( * ) SI_UNIT ( $, .STERADIAN. ) SOLID_ANGLE_UNIT ( ) );
#2742 = EDGE_CURVE ( 'NONE', #2698, #1863, #1443, .T. ) ;
#2743 = VERTEX_POINT ( 'NONE', #437 ) ;
#2744 = EDGE_CURVE ( 'NONE', #25, #1102, #2056, .T. ) ;
#2745 = ORIENTED_EDGE ( 'NONE', *, *, #3066, .T. ) ;
#2746 = ORIENTED_EDGE ( 'NONE', *, *, #346, .F. ) ;
#2747 = CARTESIAN_POINT ( 'NONE',  ( -57.94607177228484574, 1077.559999999999945, 62.78836422842088183 ) ) ;
#2748 = VERTEX_POINT ( 'NONE', #142 ) ;
#2749 = DIRECTION ( 'NONE',  ( 0.000000000000000000, -1.000000000000000000, 0.000000000000000000 ) ) ;
#2750 = CARTESIAN_POINT ( 'NONE',  ( -115.5180971449222653, 1076.559999999999718, 7.824897445543450125 ) ) ;
#2751 = ORIENTED_EDGE ( 'NONE', *, *, #2606, .T. ) ;
#2752 = CARTESIAN_POINT ( 'NONE',  ( -227.5076778612757948, 1076.959999999999809, 8.453911112217982193 ) ) ;
#2753 = DIRECTION ( 'NONE',  ( 0.000000000000000000, -1.000000000000000000, 0.000000000000000000 ) ) ;
#2754 = LINE ( 'NONE', #2058, #544 ) ;
#2755 = ORIENTED_EDGE ( 'NONE', *, *, #2318, .T. ) ;
#2756 = VERTEX_POINT ( 'NONE', #1088 ) ;
#2757 = ORIENTED_EDGE ( 'NONE', *, *, #186, .F. ) ;
#2758 = CARTESIAN_POINT ( 'NONE',  ( -247.4112030334044618, 1076.959999999999582, 10.26930581630612593 ) ) ;
#2759 = DIRECTION ( 'NONE',  ( 0.000000000000000000, -1.000000000000000000, 0.000000000000000000 ) ) ;
#2760 = LINE ( 'NONE', #105, #3655 ) ;
#2761 = LINE ( 'NONE', #3127, #540 ) ;
#2762 = VECTOR ( 'NONE', #635, 1000.000000000000000 ) ;
#2763 = ORIENTED_EDGE ( 'NONE', *, *, #2534, .T. ) ;
#2764 = ORIENTED_EDGE ( 'NONE', *, *, #2773, .T. ) ;
#2765 = DIRECTION ( 'NONE',  ( 0.000000000000000000, -1.000000000000000000, 0.000000000000000000 ) ) ;
#2766 = ORIENTED_EDGE ( 'NONE', *, *, #3650, .T. ) ;
#2767 = LINE ( 'NONE', #1208, #1628 ) ;
#2768 = ORIENTED_EDGE ( 'NONE', *, *, #630, .T. ) ;
#2769 = ADVANCED_FACE ( 'NONE', ( #828 ), #2085, .T. ) ;
#2770 = ORIENTED_EDGE ( 'NONE', *, *, #1851, .T. ) ;
#2771 = DIRECTION ( 'NONE',  ( 0.000000000000000000, -1.000000000000000000, 0.000000000000000000 ) ) ;
#2772 = CARTESIAN_POINT ( 'NONE',  ( -113.3033073900940764, 1165.440000000000055, 7.716868825675114785 ) ) ;
#2773 = EDGE_CURVE ( 'NONE', #2230, #901, #793, .T. ) ;
#2774 = CARTESIAN_POINT ( 'NONE',  ( -123.0258495498965630, 1076.559999999999718, 8.956862106542892832 ) ) ;
#2775 = CARTESIAN_POINT ( 'NONE',  ( -132.0558163152723807, 1077.559999999999945, 26.96303150517800873 ) ) ;
#2776 = DIRECTION ( 'NONE',  ( -0.6888675014067517921, 0.000000000000000000, -0.7248872777926362865 ) ) ;
#2777 = VECTOR ( 'NONE', #2965, 1000.000000000000114 ) ;
#2778 = VERTEX_POINT ( 'NONE', #2752 ) ;
#2779 = VECTOR ( 'NONE', #2540, 1000.000000000000000 ) ;
#2780 = ORIENTED_EDGE ( 'NONE', *, *, #1256, .T. ) ;
#2781 = FACE_OUTER_BOUND ( 'NONE', #1197, .T. ) ;
#2782 = CARTESIAN_POINT ( 'NONE',  ( -293.2676002059569100, 1076.959999999999809, 1.330312713633649668 ) ) ;
#2783 = PLANE ( 'NONE',  #271 ) ;
#2784 = DIRECTION ( 'NONE',  ( 0.000000000000000000, -1.000000000000000000, 0.000000000000000000 ) ) ;
#2785 = AXIS2_PLACEMENT_3D ( 'NONE', #2001, #2023, #2051 ) ;
#2786 = VECTOR ( 'NONE', #692, 1000.000000000000114 ) ;
#2787 = ORIENTED_EDGE ( 'NONE', *, *, #2187, .F. ) ;
#2788 = ORIENTED_EDGE ( 'NONE', *, *, #1654, .F. ) ;
#2789 = CARTESIAN_POINT ( 'NONE',  ( -112.2016622524414515, 1076.559999999999945, 28.10930200660903822 ) ) ;
#2790 = CARTESIAN_POINT ( 'NONE',  ( -164.9945637137987831, 1077.559999999999945, 9.631325334794965443 ) ) ;
#2791 = DIRECTION ( 'NONE',  ( 0.9869698889880801351, -0.000000000000000000, 0.1609050596807223010 ) ) ;
#2792 = ORIENTED_EDGE ( 'NONE', *, *, #641, .T. ) ;
#2793 = ADVANCED_FACE ( 'NONE', ( #2372 ), #3478, .T. ) ;
#2794 = VERTEX_POINT ( 'NONE', #1191 ) ;
#2795 = DIRECTION ( 'NONE',  ( 0.000000000000000000, -1.000000000000000000, 0.000000000000000000 ) ) ;
#2796 = CARTESIAN_POINT ( 'NONE',  ( -264.6795704296176268, 1165.440000000000055, 5.899739385248923718 ) ) ;
#2797 = DIRECTION ( 'NONE',  ( 0.000000000000000000, -1.000000000000000000, 0.000000000000000000 ) ) ;
#2798 = DIRECTION ( 'NONE',  ( 0.000000000000000000, -1.000000000000000000, 0.000000000000000000 ) ) ;
#2799 = CARTESIAN_POINT ( 'NONE',  ( -187.8555102931843237, 1077.559999999999945, 17.45826335425561382 ) ) ;
#2800 = ADVANCED_FACE ( 'NONE', ( #3159 ), #1852, .F. ) ;
#2801 = ORIENTED_EDGE ( 'NONE', *, *, #1504, .T. ) ;
#2802 = EDGE_CURVE ( 'NONE', #4066, #2417, #1214, .T. ) ;
#2803 = ORIENTED_EDGE ( 'NONE', *, *, #1242, .F. ) ;
#2804 = ORIENTED_EDGE ( 'NONE', *, *, #2362, .F. ) ;
#2805 = CARTESIAN_POINT ( 'NONE',  ( -195.6463559078458445, 1081.559999999999945, 20.27733546108195739 ) ) ;
#2806 = VECTOR ( 'NONE', #1918, 1000.000000000000000 ) ;
#2807 = LINE ( 'NONE', #1858, #1389 ) ;
#2808 = DIRECTION ( 'NONE',  ( 0.000000000000000000, -1.000000000000000000, 0.000000000000000000 ) ) ;
#2809 = LINE ( 'NONE', #3149, #4123 ) ;
#2810 = VECTOR ( 'NONE', #2753, 1000.000000000000000 ) ;
#2811 = EDGE_CURVE ( 'NONE', #875, #3487, #4124, .T. ) ;
#2812 = VERTEX_POINT ( 'NONE', #1827 ) ;
#2813 = DIRECTION ( 'NONE',  ( 0.000000000000000000, -0.000000000000000000, -1.000000000000000000 ) ) ;
#2814 = CARTESIAN_POINT ( 'NONE',  ( -261.5617635561013685, 1081.559999999999945, 7.738060476453453518 ) ) ;
#2815 = DIRECTION ( 'NONE',  ( -0.01073934591758078823, 0.000000000000000000, -0.9999423315618068964 ) ) ;
#2816 = DIRECTION ( 'NONE',  ( 0.000000000000000000, -1.000000000000000000, 0.000000000000000000 ) ) ;
#2817 = VECTOR ( 'NONE', #770, 1000.000000000000000 ) ;
#2818 = ORIENTED_EDGE ( 'NONE', *, *, #1704, .T. ) ;
#2819 = LINE ( 'NONE', #2180, #3791 ) ;
#2820 = DIRECTION ( 'NONE',  ( 0.000000000000000000, -1.000000000000000000, 0.000000000000000000 ) ) ;
#2821 = CARTESIAN_POINT ( 'NONE',  ( -266.5147033832301418, 1076.959999999999809, 5.740492526924503736 ) ) ;
#2822 = CARTESIAN_POINT ( 'NONE',  ( -205.0226850628186241, 1077.559999999999945, 18.72112452208074274 ) ) ;
#2823 = EDGE_CURVE ( 'NONE', #467, #929, #2114, .T. ) ;
#2824 = EDGE_CURVE ( 'NONE', #2087, #2021, #2663, .T. ) ;
#2825 = EDGE_LOOP ( 'NONE', ( #2200, #320, #859, #2046, #3961, #1218 ) ) ;
#2826 = ORIENTED_EDGE ( 'NONE', *, *, #1112, .T. ) ;
#2827 = CARTESIAN_POINT ( 'NONE',  ( -261.5617635561013685, 1081.559999999999945, 7.738060476453454406 ) ) ;
#2828 = CARTESIAN_POINT ( 'NONE',  ( -221.0877470024795173, 1077.559999999999945, 15.20952985507673105 ) ) ;
#2829 = DIRECTION ( 'NONE',  ( -0.1609050596805300382, 0.000000000000000000, 0.9869698889881115544 ) ) ;
#2830 = CARTESIAN_POINT ( 'NONE',  ( -212.1074658580715493, 1076.959999999999582, 8.914555833679601804 ) ) ;
#2831 = ORIENTED_EDGE ( 'NONE', *, *, #3066, .F. ) ;
#2832 = ORIENTED_EDGE ( 'NONE', *, *, #852, .F. ) ;
#2833 = LINE ( 'NONE', #972, #209 ) ;
#2834 = CARTESIAN_POINT ( 'NONE',  ( -87.29745966063431695, 1077.559999999999945, -91.86210376071331041 ) ) ;
#2835 = CARTESIAN_POINT ( 'NONE',  ( -228.0922669548007775, 1077.559999999999945, 9.000081170464282465 ) ) ;
#2836 = VECTOR ( 'NONE', #2304, 1000.000000000000000 ) ;
#2837 = AXIS2_PLACEMENT_3D ( 'NONE', #2565, #4168, #2508 ) ;
#2838 = ORIENTED_EDGE ( 'NONE', *, *, #860, .T. ) ;
#2839 = CARTESIAN_POINT ( 'NONE',  ( -113.0233135672802405, 1076.559999999999945, 27.31498970425845485 ) ) ;
#2840 = CARTESIAN_POINT ( 'NONE',  ( -148.6143614906584389, 1076.559999999999945, 25.96668747503433750 ) ) ;
#2841 = LINE ( 'NONE', #3746, #2880 ) ;
#2842 = LINE ( 'NONE', #2822, #253 ) ;
#2843 = ORIENTED_EDGE ( 'NONE', *, *, #2727, .T. ) ;
#2844 = ORIENTED_EDGE ( 'NONE', *, *, #3784, .T. ) ;
#2845 = VECTOR ( 'NONE', #4093, 1000.000000000000000 ) ;
#2846 = EDGE_CURVE ( 'NONE', #720, #2778, #3828, .T. ) ;
#2847 = PLANE ( 'NONE',  #115 ) ;
#2848 = CARTESIAN_POINT ( 'NONE',  ( -182.7476535926390113, 1081.559999999999718, 22.24537223474090197 ) ) ;
#2849 = FACE_OUTER_BOUND ( 'NONE', #3772, .T. ) ;
#2850 = VECTOR ( 'NONE', #1949, 1000.000000000000000 ) ;
#2851 = VERTEX_POINT ( 'NONE', #2138 ) ;
#2852 = VECTOR ( 'NONE', #814, 999.9999999999998863 ) ;
#2853 = ORIENTED_EDGE ( 'NONE', *, *, #2319, .F. ) ;
#2854 = CARTESIAN_POINT ( 'NONE',  ( -32.84410089086564000, 1077.559999999999945, -82.24809755320639226 ) ) ;
#2855 = LINE ( 'NONE', #1246, #846 ) ;
#2856 = VECTOR ( 'NONE', #3609, 1000.000000000000000 ) ;
#2857 = FACE_OUTER_BOUND ( 'NONE', #1553, .T. ) ;
#2858 = EDGE_CURVE ( 'NONE', #3960, #3358, #3113, .T. ) ;
#2859 = EDGE_LOOP ( 'NONE', ( #2359, #1883, #2493 ) ) ;
#2860 = CARTESIAN_POINT ( 'NONE',  ( -164.7943195962287746, 1077.559999999999945, 9.631744620679029367 ) ) ;
#2861 = EDGE_CURVE ( 'NONE', #4142, #3487, #1960, .T. ) ;
#2862 = EDGE_CURVE ( 'NONE', #3819, #2040, #2886, .T. ) ;
#2863 = DIRECTION ( 'NONE',  ( 0.000000000000000000, 0.000000000000000000, 1.000000000000000000 ) ) ;
#2864 = DIRECTION ( 'NONE',  ( -0.06567303980429951837, 0.000000000000000000, 0.9978411957034358792 ) ) ;
#2865 = CARTESIAN_POINT ( 'NONE',  ( -69.44017073450980604, 1077.559999999999945, -106.5031585959443703 ) ) ;
#2866 = VERTEX_POINT ( 'NONE', #3431 ) ;
#2867 = DIRECTION ( 'NONE',  ( 0.9869698889881115544, -0.000000000000000000, 0.1609050596805300659 ) ) ;
#2868 = CARTESIAN_POINT ( 'NONE',  ( -199.9493753164616692, 1081.559999999999945, 19.59184744843427950 ) ) ;
#2869 = CYLINDRICAL_SURFACE ( 'NONE', #3458, 4.124999999999996447 ) ;
#2870 = EDGE_CURVE ( 'NONE', #3835, #4008, #248, .T. ) ;
#2871 = ORIENTED_EDGE ( 'NONE', *, *, #3299, .F. ) ;
#2872 = VECTOR ( 'NONE', #1047, 1000.000000000000000 ) ;
#2873 = ORIENTED_EDGE ( 'NONE', *, *, #480, .T. ) ;
#2874 = DIRECTION ( 'NONE',  ( 0.000000000000000000, 0.000000000000000000, 1.000000000000000000 ) ) ;
#2875 = CARTESIAN_POINT ( 'NONE',  ( -282.4215676321936712, 1076.559999999999945, 1.563290642043225098 ) ) ;
#2876 = LINE ( 'NONE', #567, #2582 ) ;
#2877 = VECTOR ( 'NONE', #3638, 1000.000000000000000 ) ;
#2878 = ADVANCED_FACE ( 'NONE', ( #1253, #938, #522, #2222 ), #3767, .T. ) ;
#2879 = ADVANCED_FACE ( 'NONE', ( #918 ), #1528, .F. ) ;
#2880 = VECTOR ( 'NONE', #2481, 1000.000000000000000 ) ;
#2881 = ORIENTED_EDGE ( 'NONE', *, *, #1612, .T. ) ;
#2882 = CARTESIAN_POINT ( 'NONE',  ( -218.7857932327147807, 1076.959999999999582, 8.733099515158217585 ) ) ;
#2883 = B_SPLINE_CURVE_WITH_KNOTS ( 'NONE', 13,
 ( #2890, #370, #696, #1647, #3278, #3849, #298, #1589, #2226, #3521, #4169, #2566, #4189, #1670 ),
 .UNSPECIFIED., .F., .F.,
 ( 14, 14 ),
 ( 0.000000000000000000, 0.03891155862395484499 ),
 .UNSPECIFIED. ) ;
#2884 = ORIENTED_EDGE ( 'NONE', *, *, #2862, .T. ) ;
#2885 = DIRECTION ( 'NONE',  ( -0.000000000000000000, -1.000000000000000000, -0.000000000000000000 ) ) ;
#2886 = LINE ( 'NONE', #4083, #3248 ) ;
#2887 = DIRECTION ( 'NONE',  ( -0.000000000000000000, -1.000000000000000000, -0.000000000000000000 ) ) ;
#2888 = FACE_OUTER_BOUND ( 'NONE', #3395, .T. ) ;
#2889 = CARTESIAN_POINT ( 'NONE',  ( -228.6383456797400697, 1076.959999999999809, 8.415405281992565989 ) ) ;
#2890 = CARTESIAN_POINT ( 'NONE',  ( -300.0000000000000000, 1076.559999999999945, 0.000000000000000000 ) ) ;
#2891 = DIRECTION ( 'NONE',  ( 0.000000000000000000, -1.000000000000000000, 0.000000000000000000 ) ) ;
#2892 = EDGE_LOOP ( 'NONE', ( #1862, #3027, #3932 ) ) ;
#2893 = ORIENTED_EDGE ( 'NONE', *, *, #860, .F. ) ;
#2894 = DIRECTION ( 'NONE',  ( -0.000000000000000000, -1.000000000000000000, -0.000000000000000000 ) ) ;
#2895 = DIRECTION ( 'NONE',  ( 0.6888675014067475733, 0.000000000000000000, 0.7248872777926405053 ) ) ;
#2896 = CARTESIAN_POINT ( 'NONE',  ( -260.8337779118386379, 1081.559999999999945, 6.940564282543681074 ) ) ;
#2897 = VERTEX_POINT ( 'NONE', #2206 ) ;
#2898 = CARTESIAN_POINT ( 'NONE',  ( -188.4128544194609844, 1077.559999999999945, 19.10625565341864629 ) ) ;
#2899 = EDGE_CURVE ( 'NONE', #3122, #467, #3497, .T. ) ;
#2900 = ADVANCED_FACE ( 'NONE', ( #1913 ), #2194, .F. ) ;
#2901 = AXIS2_PLACEMENT_3D ( 'NONE', #721, #1323, #3603 ) ;
#2902 = CARTESIAN_POINT ( 'NONE',  ( -274.6155771348952612, 1165.440000000000055, 2.997052627296134197 ) ) ;
#2903 = CARTESIAN_POINT ( 'NONE',  ( -134.1085022721686641, 1076.559999999999945, 3.550555210029314956 ) ) ;
#2904 = DIRECTION ( 'NONE',  ( 0.000000000000000000, -1.000000000000000000, 0.000000000000000000 ) ) ;
#2905 = FACE_OUTER_BOUND ( 'NONE', #129, .T. ) ;
#2906 = EDGE_CURVE ( 'NONE', #729, #460, #2571, .T. ) ;
#2907 = CARTESIAN_POINT ( 'NONE',  ( -182.4791594191209754, 1076.560000000000173, 22.25289976211965026 ) ) ;
#2908 = CARTESIAN_POINT ( 'NONE',  ( -290.1850476729540560, 1165.440000000000055, 2.279926096537914670 ) ) ;
#2909 = CARTESIAN_POINT ( 'NONE',  ( -251.4243920417408162, 1077.559999999999945, 7.965703907404517281 ) ) ;
#2910 = ORIENTED_EDGE ( 'NONE', *, *, #1060, .F. ) ;
#2911 = EDGE_LOOP ( 'NONE', ( #1513, #3931, #3697, #138 ) ) ;
#2912 = DIRECTION ( 'NONE',  ( 0.000000000000000000, -1.000000000000000000, 0.000000000000000000 ) ) ;
#2913 = DIRECTION ( 'NONE',  ( -0.7248872777926392841, 0.000000000000000000, 0.6888675014067486835 ) ) ;
#2914 = CARTESIAN_POINT ( 'NONE',  ( -293.2676002059569100, 1076.959999999999809, 1.330312713633433841 ) ) ;
#2915 = VECTOR ( 'NONE', #475, 1000.000000000000000 ) ;
#2916 = VECTOR ( 'NONE', #2765, 1000.000000000000000 ) ;
#2917 = ORIENTED_EDGE ( 'NONE', *, *, #177, .F. ) ;
#2918 = CARTESIAN_POINT ( 'NONE',  ( -249.5323828144506138, 1077.559999999999945, 9.767544433441221585 ) ) ;
#2919 = VECTOR ( 'NONE', #1567, 1000.000000000000000 ) ;
#2920 = EDGE_CURVE ( 'NONE', #2257, #1147, #1349, .T. ) ;
#2921 = AXIS2_PLACEMENT_3D ( 'NONE', #3213, #911, #2518 ) ;
#2922 = LINE ( 'NONE', #3234, #751 ) ;
#2923 = DIRECTION ( 'NONE',  ( 0.9996385584632173638, 0.000000000000000000, -0.02688405537825217656 ) ) ;
#2924 = FACE_OUTER_BOUND ( 'NONE', #2010, .T. ) ;
#2925 = CARTESIAN_POINT ( 'NONE',  ( -232.7573189821663959, 1076.959999999999809, 13.43332594171975458 ) ) ;
#2926 = B_SPLINE_CURVE_WITH_KNOTS ( 'NONE', 13,
 ( #3660, #761, #3045, #1085, #413, #1733, #824, #2728, #1415, #4010, #2365, #434, #1127, #2053 ),
 .UNSPECIFIED., .F., .F.,
 ( 14, 14 ),
 ( 0.000000000000000000, 0.03891155862395484499 ),
 .UNSPECIFIED. ) ;
#2927 = PLANE ( 'NONE',  #2575 ) ;
#2928 = CARTESIAN_POINT ( 'NONE',  ( -194.9129271786084701, 1077.559999999999945, 9.302312362620199337 ) ) ;
#2929 = LINE ( 'NONE', #3562, #1500 ) ;
#2930 = EDGE_CURVE ( 'NONE', #460, #1153, #3865, .T. ) ;
#2931 = EDGE_CURVE ( 'NONE', #1411, #837, #3256, .T. ) ;
#2932 = ORIENTED_EDGE ( 'NONE', *, *, #3914, .F. ) ;
#2933 = CARTESIAN_POINT ( 'NONE',  ( -194.3434337935483995, 1081.559999999999945, 9.312927148811843026 ) ) ;
#2934 = DIRECTION ( 'NONE',  ( 0.02646596929541076421, 0.000000000000000000, 0.9996497148847962588 ) ) ;
#2935 = CARTESIAN_POINT ( 'NONE',  ( -233.2191333188851843, 1077.559999999999945, 12.76857277731329532 ) ) ;
#2936 = ORIENTED_EDGE ( 'NONE', *, *, #2512, .F. ) ;
#2937 = CARTESIAN_POINT ( 'NONE',  ( -186.7415213031813721, 1076.559999999999945, 14.16434638209463337 ) ) ;
#2938 = VECTOR ( 'NONE', #2990, 1000.000000000000000 ) ;
#2939 = VECTOR ( 'NONE', #1151, 1000.000000000000000 ) ;
#2940 = DIRECTION ( 'NONE',  ( 0.000000000000000000, -1.000000000000000000, 0.000000000000000000 ) ) ;
#2941 = ORIENTED_EDGE ( 'NONE', *, *, #2634, .T. ) ;
#2942 = B_SPLINE_CURVE_WITH_KNOTS ( 'NONE', 3,
 ( #2216, #1227, #3107, #262, #2814, #1541 ),
 .UNSPECIFIED., .F., .F.,
 ( 4, 1, 1, 4 ),
 ( 0.03891155862395586501, 0.04061555485876838789, 0.04231955109357731643, 0.04416555291674013894 ),
 .UNSPECIFIED. ) ;
#2943 = CARTESIAN_POINT ( 'NONE',  ( -300.0000000000000000, 1076.559999999999718, -0.1621621621621254228 ) ) ;
#2944 = LINE ( 'NONE', #2563, #2600 ) ;
#2945 = CARTESIAN_POINT ( 'NONE',  ( -249.1849982831033969, 1165.440000000000055, -62.77685069811641938 ) ) ;
#2946 = CARTESIAN_POINT ( 'NONE',  ( -238.2652901195024242, 1076.959999999999582, 8.067388918634714301 ) ) ;
#2947 = CARTESIAN_POINT ( 'NONE',  ( -213.8485997193555193, 1076.959999999999809, 9.433716939735811380 ) ) ;
#2948 = DIRECTION ( 'NONE',  ( 0.000000000000000000, -1.000000000000000000, 0.000000000000000000 ) ) ;
#2949 = EDGE_CURVE ( 'NONE', #2276, #3874, #2621, .T. ) ;
#2950 = ORIENTED_EDGE ( 'NONE', *, *, #1066, .F. ) ;
#2951 = DIRECTION ( 'NONE',  ( 0.6888675014067497937, 0.000000000000000000, 0.7248872777926383959 ) ) ;
#2952 = LINE ( 'NONE', #42, #640 ) ;
#2953 = LINE ( 'NONE', #1325, #337 ) ;
#2954 = CARTESIAN_POINT ( 'NONE',  ( -196.9577467012201737, 1076.959999999999809, 12.34914432081862756 ) ) ;
#2955 = ORIENTED_EDGE ( 'NONE', *, *, #1798, .F. ) ;
#2956 = VERTEX_POINT ( 'NONE', #2660 ) ;
#2957 = CARTESIAN_POINT ( 'NONE',  ( -178.0713867839727698, 1076.559999999999945, 11.07035666520675576 ) ) ;
#2958 = CARTESIAN_POINT ( 'NONE',  ( 0.000000000000000000, 1076.959999999999809, 0.000000000000000000 ) ) ;
#2959 = VERTEX_POINT ( 'NONE', #1292 ) ;
#2960 = CARTESIAN_POINT ( 'NONE',  ( -282.4215676329395706, 1076.559999999999718, 1.563290641976436968 ) ) ;
#2961 = CARTESIAN_POINT ( 'NONE',  ( -272.0829353896130556, 1076.559999999999945, 8.182179439804075471 ) ) ;
#2962 = CARTESIAN_POINT ( 'NONE',  ( 0.5936727027209565133, 1081.559999999999945, 22.07472482841616923 ) ) ;
#2963 = AXIS2_PLACEMENT_3D ( 'NONE', #990, #2995, #1993 ) ;
#2964 = CIRCLE ( 'NONE', #2837, 0.5999999999999946487 ) ;
#2965 = DIRECTION ( 'NONE',  ( -0.7248872777926391731, 0.000000000000000000, 0.6888675014067489055 ) ) ;
#2966 = CARTESIAN_POINT ( 'NONE',  ( -300.0000000000000000, 1165.440000000000055, -0.1621621621621254228 ) ) ;
#2967 = DIRECTION ( 'NONE',  ( 0.7248872777926392841, 0.000000000000000000, -0.6888675014067486835 ) ) ;
#2968 = EDGE_CURVE ( 'NONE', #4025, #1830, #2302, .T. ) ;
#2969 = ORIENTED_EDGE ( 'NONE', *, *, #3103, .T. ) ;
#2970 = VERTEX_POINT ( 'NONE', #3593 ) ;
#2971 = DIRECTION ( 'NONE',  ( 0.7248872777926391731, 0.000000000000000000, -0.6888675014067489055 ) ) ;
#2972 = CARTESIAN_POINT ( 'NONE',  ( -255.0873318177361284, 1077.559999999999945, 7.269166099123650859 ) ) ;
#2973 = CARTESIAN_POINT ( 'NONE',  ( -290.1850476729540560, 1076.959999999999809, 2.279926096537914670 ) ) ;
#2974 = FACE_OUTER_BOUND ( 'NONE', #1359, .T. ) ;
#2975 = EDGE_LOOP ( 'NONE', ( #1816, #3426, #1433, #4153, #3532, #4137, #1042, #4009, #2500, #191, #2755, #1855 ) ) ;
#2976 = VERTEX_POINT ( 'NONE', #691 ) ;
#2977 = DIRECTION ( 'NONE',  ( 0.000000000000000000, 0.000000000000000000, 1.000000000000000000 ) ) ;
#2978 = EDGE_CURVE ( 'NONE', #3452, #3083, #1945, .T. ) ;
#2979 = VECTOR ( 'NONE', #586, 1000.000000000000000 ) ;
#2980 = VECTOR ( 'NONE', #2510, 1000.000000000000000 ) ;
#2981 = LINE ( 'NONE', #2494, #965 ) ;
#2982 = ORIENTED_EDGE ( 'NONE', *, *, #509, .F. ) ;
#2983 = CARTESIAN_POINT ( 'NONE',  ( -287.7366072069025904, 1165.440000000000055, 1.077373546304119856 ) ) ;
#2984 = CARTESIAN_POINT ( 'NONE',  ( -132.3252790877544953, 1077.559999999999945, 25.56367482687227621 ) ) ;
#2985 = DIRECTION ( 'NONE',  ( 0.000000000000000000, -1.000000000000000000, 0.000000000000000000 ) ) ;
#2986 = VECTOR ( 'NONE', #2658, 1000.000000000000000 ) ;
#2987 = EDGE_CURVE ( 'NONE', #2778, #3203, #3295, .T. ) ;
#2988 = EDGE_CURVE ( 'NONE', #374, #448, #915, .T. ) ;
#2989 = DIRECTION ( 'NONE',  ( -0.000000000000000000, -1.000000000000000000, -0.000000000000000000 ) ) ;
#2990 = DIRECTION ( 'NONE',  ( 0.000000000000000000, -1.000000000000000000, 0.000000000000000000 ) ) ;
#2991 = VERTEX_POINT ( 'NONE', #3557 ) ;
#2992 = CARTESIAN_POINT ( 'NONE',  ( -259.4108628574806517, 1081.559999999999945, 7.026082581616715395 ) ) ;
#2993 = ORIENTED_EDGE ( 'NONE', *, *, #1274, .F. ) ;
#2994 = EDGE_LOOP ( 'NONE', ( #1920, #3311, #2884, #4049 ) ) ;
#2995 = DIRECTION ( 'NONE',  ( 0.000000000000000000, -1.000000000000000000, 0.000000000000000000 ) ) ;
#2996 = CARTESIAN_POINT ( 'NONE',  ( -148.8736908028978974, 1077.559999999999945, 1.598898269525319327 ) ) ;
#2997 = DIRECTION ( 'NONE',  ( -0.000000000000000000, -1.000000000000000000, -0.000000000000000000 ) ) ;
#2998 = CARTESIAN_POINT ( 'NONE',  ( -265.8557205421093954, 1076.559999999999945, 6.670256816194850558 ) ) ;
#2999 = ORIENTED_EDGE ( 'NONE', *, *, #984, .T. ) ;
#3000 = ORIENTED_EDGE ( 'NONE', *, *, #430, .T. ) ;
#3001 = ORIENTED_EDGE ( 'NONE', *, *, #1346, .T. ) ;
#3002 = CARTESIAN_POINT ( 'NONE',  ( -128.9236941600217108, 1076.959999999999809, 122.5174531115823271 ) ) ;
#3003 = ADVANCED_FACE ( 'NONE', ( #633 ), #652, .F. ) ;
#3004 = EDGE_CURVE ( 'NONE', #2087, #2002, #112, .T. ) ;
#3005 = EDGE_LOOP ( 'NONE', ( #788, #1543, #2130, #535 ) ) ;
#3006 = LINE ( 'NONE', #1795, #2916 ) ;
#3007 = VERTEX_POINT ( 'NONE', #1480 ) ;
#3008 = CARTESIAN_POINT ( 'NONE',  ( -164.9945637137987831, 1076.559999999999945, 9.631325334794965443 ) ) ;
#3009 = DIRECTION ( 'NONE',  ( 0.000000000000000000, -1.000000000000000000, 0.000000000000000000 ) ) ;
#3010 = CARTESIAN_POINT ( 'NONE',  ( -266.5886069376114733, 1165.440000000000055, 9.579359346406523201 ) ) ;
#3011 = DIRECTION ( 'NONE',  ( -0.7248872777926330668, 0.000000000000000000, 0.6888675014067552338 ) ) ;
#3012 = VECTOR ( 'NONE', #1616, 1000.000000000000000 ) ;
#3013 = CARTESIAN_POINT ( 'NONE',  ( -195.6463559078458445, 1076.959999999999582, 20.27733546108196094 ) ) ;
#3014 = CARTESIAN_POINT ( 'NONE',  ( -190.0606051026418584, 1081.559999999999945, 21.14460090871749642 ) ) ;
#3015 = ORIENTED_EDGE ( 'NONE', *, *, #1968, .F. ) ;
#3016 = AXIS2_PLACEMENT_3D ( 'NONE', #1950, #3832, #2247 ) ;
#3017 = ORIENTED_EDGE ( 'NONE', *, *, #3158, .T. ) ;
#3018 = CARTESIAN_POINT ( 'NONE',  ( -231.2513789649310354, 1076.959999999999582, 13.74674283284838694 ) ) ;
#3019 = DIRECTION ( 'NONE',  ( 0.7241518884010734736, 0.000000000000000000, 0.6896405168819181863 ) ) ;
#3020 = CARTESIAN_POINT ( 'NONE',  ( -124.3479217970621278, 1076.959999999999809, 118.1690516824992869 ) ) ;
#3021 = CARTESIAN_POINT ( 'NONE',  ( -113.8284090695293997, 1076.559999999999945, 28.12009005537213113 ) ) ;
#3022 = ORIENTED_EDGE ( 'NONE', *, *, #1130, .F. ) ;
#3023 = ORIENTED_EDGE ( 'NONE', *, *, #4065, .F. ) ;
#3024 = ORIENTED_EDGE ( 'NONE', *, *, #1364, .F. ) ;
#3025 = CARTESIAN_POINT ( 'NONE',  ( -165.9276959324085965, 1077.559999999999945, 24.32335976583580717 ) ) ;
#3026 = EDGE_CURVE ( 'NONE', #215, #2150, #2926, .T. ) ;
#3027 = ORIENTED_EDGE ( 'NONE', *, *, #3180, .T. ) ;
#3028 = CARTESIAN_POINT ( 'NONE',  ( -266.6398104252421604, 1165.440000000000055, 6.507882213807852700 ) ) ;
#3029 = PLANE ( 'NONE',  #2039 ) ;
#3030 = CARTESIAN_POINT ( 'NONE',  ( -112.7508309264629673, 1165.440000000000055, 7.689384925053317055 ) ) ;
#3031 = DIRECTION ( 'NONE',  ( 0.000000000000000000, 0.000000000000000000, -1.000000000000000000 ) ) ;
#3032 = CARTESIAN_POINT ( 'NONE',  ( -194.3434337935483995, 1077.559999999999945, 9.312927148811843026 ) ) ;
#3033 = VECTOR ( 'NONE', #3595, 999.9999999999998863 ) ;
#3034 = CARTESIAN_POINT ( 'NONE',  ( -123.3137327467877640, 1076.559999999999718, 27.25623171729949945 ) ) ;
#3035 = ORIENTED_EDGE ( 'NONE', *, *, #1536, .F. ) ;
#3036 = CARTESIAN_POINT ( 'NONE',  ( -300.0000000000000000, 1165.440000000000055, -0.1621621621621254228 ) ) ;
#3037 = LINE ( 'NONE', #2717, #3687 ) ;
#3038 = LINE ( 'NONE', #3979, #472 ) ;
#3039 = CARTESIAN_POINT ( 'NONE',  ( -264.1907845933577050, 1165.440000000000055, -17.38774865900553124 ) ) ;
#3040 = ORIENTED_EDGE ( 'NONE', *, *, #826, .F. ) ;
#3041 = ORIENTED_EDGE ( 'NONE', *, *, #993, .T. ) ;
#3042 = CARTESIAN_POINT ( 'NONE',  ( -87.84855366176002178, 1077.559999999999945, -92.44201358294745319 ) ) ;
#3043 = EDGE_LOOP ( 'NONE', ( #2467, #4004, #629, #447, #998, #3000, #2766, #203, #2349, #1706, #686, #3469, #2659, #2720, #2803, #3022, #1394, #3534, #2444, #2955, #2696, #170 ) ) ;
#3044 = VERTEX_POINT ( 'NONE', #2092 ) ;
#3045 = CARTESIAN_POINT ( 'NONE',  ( -295.2192840322443317, 1165.440000000000055, 1.574556936932530737 ) ) ;
#3046 = VECTOR ( 'NONE', #380, 1000.000000000000000 ) ;
#3047 = CARTESIAN_POINT ( 'NONE',  ( -250.7585574480021364, 1076.959999999999809, 7.495065782900966589 ) ) ;
#3048 = FACE_OUTER_BOUND ( 'NONE', #2682, .T. ) ;
#3049 = CIRCLE ( 'NONE', #202, 0.5999999999999685585 ) ;
#3050 = EDGE_CURVE ( 'NONE', #779, #2479, #4058, .T. ) ;
#3051 = VECTOR ( 'NONE', #3957, 1000.000000000000114 ) ;
#3052 = VECTOR ( 'NONE', #710, 1000.000000000000000 ) ;
#3053 = LINE ( 'NONE', #3365, #1288 ) ;
#3054 = CARTESIAN_POINT ( 'NONE',  ( 0.2058083609809951420, 1081.559999999999945, 7.652639097639167609 ) ) ;
#3055 = CARTESIAN_POINT ( 'NONE',  ( -175.0992433268711181, 1076.559999999999945, 23.23703682229184153 ) ) ;
#3056 = EDGE_LOOP ( 'NONE', ( #3095, #4090, #527, #1062, #2932, #2350 ) ) ;
#3057 = ORIENTED_EDGE ( 'NONE', *, *, #1782, .T. ) ;
#3058 = EDGE_LOOP ( 'NONE', ( #2950, #2746, #3089, #4147 ) ) ;
#3059 = CARTESIAN_POINT ( 'NONE',  ( -199.9493753164614702, 1081.560000000000173, 19.59184744843430792 ) ) ;
#3060 = CARTESIAN_POINT ( 'NONE',  ( -228.7014718455723141, 1076.959999999999582, 8.413236183609800634 ) ) ;
#3061 = DIRECTION ( 'NONE',  ( 0.000000000000000000, -1.000000000000000000, 0.000000000000000000 ) ) ;
#3062 = VERTEX_POINT ( 'NONE', #2115 ) ;
#3063 = ORIENTED_EDGE ( 'NONE', *, *, #3139, .T. ) ;
#3064 = VERTEX_POINT ( 'NONE', #1063 ) ;
#3065 = CARTESIAN_POINT ( 'NONE',  ( -119.0667696627180590, 1081.559999999999945, 28.12804715761673435 ) ) ;
#3066 = EDGE_CURVE ( 'NONE', #348, #4114, #3385, .T. ) ;
#3067 = ADVANCED_FACE ( 'NONE', ( #3090 ), #2298, .F. ) ;
#3068 = VERTEX_POINT ( 'NONE', #1753 ) ;
#3069 = LINE ( 'NONE', #1461, #3457 ) ;
#3070 = CARTESIAN_POINT ( 'NONE',  ( -238.2618435604907745, 1076.959999999999809, 8.623513685525205474 ) ) ;
#3071 = CARTESIAN_POINT ( 'NONE',  ( -267.5579742966418735, 1165.440000000000055, 3.504036228201333092 ) ) ;
#3072 = CARTESIAN_POINT ( 'NONE',  ( -252.0785529140159724, 1077.559999999999945, 7.428040944472593665 ) ) ;
#3073 = CARTESIAN_POINT ( 'NONE',  ( -238.8043900228236964, 1077.559999999999945, 8.035481055062303923 ) ) ;
#3074 = ORIENTED_EDGE ( 'NONE', *, *, #1145, .F. ) ;
#3075 = ORIENTED_EDGE ( 'NONE', *, *, #1654, .T. ) ;
#3076 = ORIENTED_EDGE ( 'NONE', *, *, #182, .F. ) ;
#3077 = ADVANCED_FACE ( 'NONE', ( #2341 ), #500, .T. ) ;
#3078 = FACE_OUTER_BOUND ( 'NONE', #45, .T. ) ;
#3079 = ADVANCED_FACE ( 'NONE', ( #1801 ), #1440, .F. ) ;
#3080 = LINE ( 'NONE', #172, #361 ) ;
#3081 = CARTESIAN_POINT ( 'NONE',  ( -265.7189512413806938, 1081.559999999999945, 5.831332410554418644 ) ) ;
#3082 = SHAPE_DEFINITION_REPRESENTATION ( #1250, #702 ) ;
#3083 = VERTEX_POINT ( 'NONE', #3028 ) ;
#3084 = ORIENTED_EDGE ( 'NONE', *, *, #962, .F. ) ;
#3085 = DIRECTION ( 'NONE',  ( 0.8530756398719019362, 0.000000000000000000, -0.5217872676265156162 ) ) ;
#3086 = CARTESIAN_POINT ( 'NONE',  ( 0.000000000000000000, 1076.959999999999809, 0.000000000000000000 ) ) ;
#3087 = ORIENTED_EDGE ( 'NONE', *, *, #1066, .T. ) ;
#3088 = EDGE_CURVE ( 'NONE', #3083, #660, #1395, .T. ) ;
#3089 = ORIENTED_EDGE ( 'NONE', *, *, #3173, .F. ) ;
#3090 = FACE_OUTER_BOUND ( 'NONE', #2825, .T. ) ;
#3091 = CARTESIAN_POINT ( 'NONE',  ( -261.3333421444374380, 1165.440000000000055, 6.109088865820273995 ) ) ;
#3092 = CARTESIAN_POINT ( 'NONE',  ( -285.8727052897787075, 1165.440000000000055, 2.045397586167052584 ) ) ;
#3093 = SURFACE_STYLE_USAGE ( .BOTH. , #1805 ) ;
#3094 = DIRECTION ( 'NONE',  ( -0.000000000000000000, -1.000000000000000000, -0.000000000000000000 ) ) ;
#3095 = ORIENTED_EDGE ( 'NONE', *, *, #3315, .F. ) ;
#3096 = VERTEX_POINT ( 'NONE', #3361 ) ;
#3097 = ORIENTED_EDGE ( 'NONE', *, *, #4182, .T. ) ;
#3098 = CARTESIAN_POINT ( 'NONE',  ( -237.9153930459915784, 1076.959999999999582, 12.36233482739457301 ) ) ;
#3099 = CARTESIAN_POINT ( 'NONE',  ( -114.4828442445582510, 1081.559999999999945, 27.32352736051254283 ) ) ;
#3100 = LINE ( 'NONE', #3503, #1838 ) ;
#3101 = CARTESIAN_POINT ( 'NONE',  ( -99.13813852873975918, 1077.559999999999945, 23.95660055259056165 ) ) ;
#3102 = AXIS2_PLACEMENT_3D ( 'NONE', #2041, #2650, #700 ) ;
#3103 = EDGE_CURVE ( 'NONE', #1434, #779, #801, .T. ) ;
#3104 = VERTEX_POINT ( 'NONE', #1775 ) ;
#3105 = ORIENTED_EDGE ( 'NONE', *, *, #3650, .F. ) ;
#3106 = CARTESIAN_POINT ( 'NONE',  ( -232.7573189821663959, 1077.559999999999945, 13.43332594171979544 ) ) ;
#3107 = CARTESIAN_POINT ( 'NONE',  ( -264.2871590457025377, 1081.559999999999945, 7.064132261341821817 ) ) ;
#3108 = FACE_OUTER_BOUND ( 'NONE', #2151, .T. ) ;
#3109 = ORIENTED_EDGE ( 'NONE', *, *, #688, .T. ) ;
#3110 = CARTESIAN_POINT ( 'NONE',  ( 0.000000000000000000, 1076.959999999999809, 0.000000000000000000 ) ) ;
#3111 = EDGE_CURVE ( 'NONE', #1748, #1142, #3069, .T. ) ;
#3112 = CARTESIAN_POINT ( 'NONE',  ( -200.4954640087551923, 1076.559999999999718, 8.438484520300974623 ) ) ;
#3113 = LINE ( 'NONE', #2561, #3188 ) ;
#3114 = LINE ( 'NONE', #3072, #3413 ) ;
#3115 = CARTESIAN_POINT ( 'NONE',  ( -133.1133349853126902, 1076.959999999999809, 126.4989099470499241 ) ) ;
#3116 = VECTOR ( 'NONE', #3994, 1000.000000000000114 ) ;
#3117 = VECTOR ( 'NONE', #23, 1000.000000000000000 ) ;
#3118 = EDGE_CURVE ( 'NONE', #1576, #197, #1148, .T. ) ;
#3119 = ORIENTED_EDGE ( 'NONE', *, *, #4092, .F. ) ;
#3120 = VECTOR ( 'NONE', #3653, 1000.000000000000114 ) ;
#3121 = ORIENTED_EDGE ( 'NONE', *, *, #650, .F. ) ;
#3122 = VERTEX_POINT ( 'NONE', #2501 ) ;
#3123 = CARTESIAN_POINT ( 'NONE',  ( -165.6171606190784189, 1076.559999999999945, 22.88600174151924094 ) ) ;
#3124 = AXIS2_PLACEMENT_3D ( 'NONE', #1894, #3747, #3432 ) ;
#3125 = DIRECTION ( 'NONE',  ( 0.000000000000000000, -1.000000000000000000, 0.000000000000000000 ) ) ;
#3126 = FACE_OUTER_BOUND ( 'NONE', #3696, .T. ) ;
#3127 = CARTESIAN_POINT ( 'NONE',  ( -69.87710367951460455, 1076.959999999999809, -107.1733000749819951 ) ) ;
#3128 = VECTOR ( 'NONE', #2894, 1000.000000000000000 ) ;
#3129 = VECTOR ( 'NONE', #3171, 1000.000000000000000 ) ;
#3130 = EDGE_LOOP ( 'NONE', ( #3514, #176, #3294, #1998 ) ) ;
#3131 = ORIENTED_EDGE ( 'NONE', *, *, #1505, .T. ) ;
#3132 = PLANE ( 'NONE',  #617 ) ;
#3133 = CARTESIAN_POINT ( 'NONE',  ( -178.9566215734363368, 1077.559999999999945, 9.540759037952490473 ) ) ;
#3134 = CARTESIAN_POINT ( 'NONE',  ( -244.1700937925212997, 1076.959999999999582, 10.97927132924393767 ) ) ;
#3135 = CARTESIAN_POINT ( 'NONE',  ( -149.8126463061967115, 1076.559999999999945, 25.87186741635286324 ) ) ;
#3136 = B_SPLINE_CURVE_WITH_KNOTS ( 'NONE', 3,
 ( #762, #737, #3661, #3925 ),
 .UNSPECIFIED., .F., .F.,
 ( 4, 4 ),
 ( 0.7198332375728974108, 0.7246576326887659292 ),
 .UNSPECIFIED. ) ;
#3137 = ORIENTED_EDGE ( 'NONE', *, *, #208, .T. ) ;
#3138 = CARTESIAN_POINT ( 'NONE',  ( -116.5000488705958901, 1077.559999999999945, 110.7111409426734099 ) ) ;
#3139 = EDGE_CURVE ( 'NONE', #2851, #2486, #2819, .T. ) ;
#3140 = EDGE_CURVE ( 'NONE', #2635, #2812, #3765, .T. ) ;
#3141 = CARTESIAN_POINT ( 'NONE',  ( -264.9890575499149463, 1165.440000000000055, -17.44028709088449247 ) ) ;
#3142 = DIRECTION ( 'NONE',  ( 0.01060253998775674729, 0.000000000000000000, -0.9999437914932057803 ) ) ;
#3143 = CARTESIAN_POINT ( 'NONE',  ( -214.3987121032657228, 1077.559999999999945, 8.852874277016555382 ) ) ;
#3144 = EDGE_LOOP ( 'NONE', ( #3, #3570, #1140, #3150 ) ) ;
#3145 = ORIENTED_EDGE ( 'NONE', *, *, #458, .F. ) ;
#3146 = CARTESIAN_POINT ( 'NONE',  ( -111.7890298152394166, 1076.559999999999945, 11.46489243595242691 ) ) ;
#3147 = CARTESIAN_POINT ( 'NONE',  ( -190.7528261741830136, 1081.559999999999945, 21.03932599842006823 ) ) ;
#3148 = CARTESIAN_POINT ( 'NONE',  ( -233.5342942828518744, 1077.559999999999718, 13.27134239836746410 ) ) ;
#3149 = CARTESIAN_POINT ( 'NONE',  ( -66.52695322058222871, 1077.559999999999945, -70.00554086442703294 ) ) ;
#3150 = ORIENTED_EDGE ( 'NONE', *, *, #3800, .T. ) ;
#3151 = ORIENTED_EDGE ( 'NONE', *, *, #1868, .T. ) ;
#3152 = CARTESIAN_POINT ( 'NONE',  ( -192.5000000004401102, 1076.559999999999945, 15.15093237100210288 ) ) ;
#3153 = CARTESIAN_POINT ( 'NONE',  ( -112.8759871213074177, 1077.559999999999945, 3.035661502803515432 ) ) ;
#3154 = CARTESIAN_POINT ( 'NONE',  ( -112.2016622524414515, 1081.559999999999945, 28.10930200660903822 ) ) ;
#3155 = AXIS2_PLACEMENT_3D ( 'NONE', #1034, #1324, #2313 ) ;
#3156 = ORIENTED_EDGE ( 'NONE', *, *, #3529, .F. ) ;
#3157 = CARTESIAN_POINT ( 'NONE',  ( -132.0558163129717002, 1076.559999999999945, 26.96303150527395687 ) ) ;
#3158 = EDGE_CURVE ( 'NONE', #4129, #837, #2028, .T. ) ;
#3159 = FACE_OUTER_BOUND ( 'NONE', #3586, .T. ) ;
#3160 = CARTESIAN_POINT ( 'NONE',  ( -132.3252790877544953, 1076.559999999999945, 25.56367482687227621 ) ) ;
#3161 = ORIENTED_EDGE ( 'NONE', *, *, #933, .F. ) ;
#3162 = CARTESIAN_POINT ( 'NONE',  ( -252.9784568474884736, 1165.440000000000055, -41.24291343747756855 ) ) ;
#3163 = CARTESIAN_POINT ( 'NONE',  ( -258.2947075240423374, 1081.559999999999945, 6.291768267488272670 ) ) ;
#3164 = CARTESIAN_POINT ( 'NONE',  ( -240.8210911593000390, 1076.959999999999582, 7.953508479143412302 ) ) ;
#3165 = EDGE_CURVE ( 'NONE', #1525, #3064, #2158, .T. ) ;
#3166 = EDGE_CURVE ( 'NONE', #46, #207, #33, .T. ) ;
#3167 = ORIENTED_EDGE ( 'NONE', *, *, #1884, .T. ) ;
#3168 = ORIENTED_EDGE ( 'NONE', *, *, #332, .T. ) ;
#3169 = PLANE ( 'NONE',  #1297 ) ;
#3170 = CARTESIAN_POINT ( 'NONE',  ( -290.3163669967450460, 1076.559999999999945, 0.8276152839412153073 ) ) ;
#3171 = DIRECTION ( 'NONE',  ( 0.6888675014067497937, 0.000000000000000000, 0.7248872777926383959 ) ) ;
#3172 = AXIS2_PLACEMENT_3D ( 'NONE', #1417, #1690, #1351 ) ;
#3173 = EDGE_CURVE ( 'NONE', #499, #474, #3743, .T. ) ;
#3174 = B_SPLINE_SURFACE_WITH_KNOTS ( 'NONE', 3, 1, ( 
 ( #1702, #2998 ),
 ( #794, #2065 ),
 ( #2017, #2653 ),
 ( #3936, #2695 ),
 ( #3648, #83 ),
 ( #1385, #1076 ),
 ( #3352, #3309 ),
 ( #2676, #3958 ),
 ( #2356, #3694 ),
 ( #750, #2044 ),
 ( #1118, #444 ),
 ( #3331, #424 ),
 ( #1407, #1726 ),
 ( #1746, #3021 ),
 ( #106, #174 ),
 ( #3756, #1790 ) ),
 .UNSPECIFIED., .F., .F., .F.,
 ( 4, 1, 1, 1, 1, 1, 1, 1, 1, 1, 1, 1, 1, 4 ),
 ( 2, 2 ),
 ( 0.03891155862395586501, 0.04061555485876838789, 0.04231955109357731643, 0.05452787951388714249, 0.06815984939235858464, 0.08179181927083004067, 0.1090557590277729250, 0.1363196987847158093, 0.1499516686631872653, 0.1635836385416586936, 0.1772156084201301496, 0.1908475782986016056, 0.1928611597997472449, 0.1945651559963787469 ),
 ( 0.000000000000000000, 1.000000000000000000 ),
 .UNSPECIFIED. ) ;
#3175 = ORIENTED_EDGE ( 'NONE', *, *, #430, .F. ) ;
#3176 = CARTESIAN_POINT ( 'NONE',  ( -256.8343786850404058, 1076.959999999999809, 8.059280522143815517 ) ) ;
#3177 = CARTESIAN_POINT ( 'NONE',  ( -133.7537577194358960, 1076.559999999999945, 26.88888592191560178 ) ) ;
#3178 = CARTESIAN_POINT ( 'NONE',  ( -274.7847390683608069, 1165.440000000000055, 7.475225214956179975 ) ) ;
#3179 = LINE ( 'NONE', #212, #1336 ) ;
#3180 = EDGE_CURVE ( 'NONE', #3659, #484, #1158, .T. ) ;
#3181 = ORIENTED_EDGE ( 'NONE', *, *, #2250, .T. ) ;
#3182 = PLANE ( 'NONE',  #2370 ) ;
#3183 = CARTESIAN_POINT ( 'NONE',  ( -122.1786715887263881, 1081.559999999999945, 8.123971859965671172 ) ) ;
#3184 = CARTESIAN_POINT ( 'NONE',  ( -252.9784568474884736, 1076.959999999999809, -41.24291343747756855 ) ) ;
#3185 = EDGE_CURVE ( 'NONE', #3758, #2794, #3807, .T. ) ;
#3186 = EDGE_CURVE ( 'NONE', #3819, #929, #247, .T. ) ;
#3187 = ORIENTED_EDGE ( 'NONE', *, *, #1145, .T. ) ;
#3188 = VECTOR ( 'NONE', #2797, 1000.000000000000000 ) ;
#3189 = ORIENTED_EDGE ( 'NONE', *, *, #1704, .F. ) ;
#3190 = VECTOR ( 'NONE', #622, 999.9999999999998863 ) ;
#3191 = EDGE_LOOP ( 'NONE', ( #3861, #1205, #2143 ) ) ;
#3192 = CARTESIAN_POINT ( 'NONE',  ( 0.000000000000000000, 1076.959999999999809, 0.000000000000000000 ) ) ;
#3193 = DIRECTION ( 'NONE',  ( 0.000000000000000000, -1.000000000000000000, 0.000000000000000000 ) ) ;
#3194 = VECTOR ( 'NONE', #1391, 1000.000000000000114 ) ;
#3195 = DIRECTION ( 'NONE',  ( 0.000000000000000000, -1.000000000000000000, 0.000000000000000000 ) ) ;
#3196 = VERTEX_POINT ( 'NONE', #3176 ) ;
#3197 = EDGE_CURVE ( 'NONE', #3621, #610, #3494, .T. ) ;
#3198 = CARTESIAN_POINT ( 'NONE',  ( -164.9945637137987831, 1076.559999999999945, 9.631325334794965443 ) ) ;
#3199 = CARTESIAN_POINT ( 'NONE',  ( -300.0000000000000000, 1076.559999999999945, 0.000000000000000000 ) ) ;
#3200 = CARTESIAN_POINT ( 'NONE',  ( -265.5219321234511085, 1165.440000000000055, 2.837808823346377185 ) ) ;
#3201 = CARTESIAN_POINT ( 'NONE',  ( -124.3479217970621278, 1077.559999999999945, 118.1690516824992869 ) ) ;
#3202 = DIRECTION ( 'NONE',  ( 0.7348758801460661960, 0.000000000000000000, 0.6782016225132055931 ) ) ;
#3203 = VERTEX_POINT ( 'NONE', #3453 ) ;
#3204 = CARTESIAN_POINT ( 'NONE',  ( -96.72838245694208581, 1081.559999999999945, 24.69208237058674626 ) ) ;
#3205 = CARTESIAN_POINT ( 'NONE',  ( -285.9904385892309051, 1165.440000000000055, 3.527721545625652766 ) ) ;
#3206 = CARTESIAN_POINT ( 'NONE',  ( -264.2871590457025377, 1076.559999999999945, 7.064132261341821817 ) ) ;
#3207 = ADVANCED_FACE ( 'NONE', ( #265 ), #1187, .F. ) ;
#3208 = ORIENTED_EDGE ( 'NONE', *, *, #1916, .T. ) ;
#3209 = EDGE_CURVE ( 'NONE', #1434, #3481, #3268, .T. ) ;
#3210 = ORIENTED_EDGE ( 'NONE', *, *, #1174, .T. ) ;
#3211 = CARTESIAN_POINT ( 'NONE',  ( -148.5690912469584077, 1077.559999999999945, 9.556892805854815265 ) ) ;
#3212 = CARTESIAN_POINT ( 'NONE',  ( -165.6171606190784189, 1077.559999999999945, 22.88600174151924094 ) ) ;
#3213 = CARTESIAN_POINT ( 'NONE',  ( -178.7962997729573260, 1077.559999999999945, 22.74732555274113821 ) ) ;
#3214 = ORIENTED_EDGE ( 'NONE', *, *, #1802, .T. ) ;
#3215 = CARTESIAN_POINT ( 'NONE',  ( -190.7528261741830136, 1077.559999999999945, 21.03932599842006823 ) ) ;
#3216 = EDGE_CURVE ( 'NONE', #1016, #3896, #4143, .T. ) ;
#3217 = VECTOR ( 'NONE', #4089, 1000.000000000000000 ) ;
#3218 = FACE_OUTER_BOUND ( 'NONE', #861, .T. ) ;
#3219 = CARTESIAN_POINT ( 'NONE',  ( -114.4461369841751406, 1077.559999999999945, 8.572950441632396945 ) ) ;
#3220 = DIRECTION ( 'NONE',  ( 0.7248872777926389510, 0.000000000000000000, -0.6888675014067492386 ) ) ;
#3221 = CARTESIAN_POINT ( 'NONE',  ( -112.6261548481651431, 1076.559999999999945, 12.32525601775575907 ) ) ;
#3222 = CARTESIAN_POINT ( 'NONE',  ( -179.2680965261207575, 1076.559999999999945, 10.95298948655129756 ) ) ;
#3223 = CARTESIAN_POINT ( 'NONE',  ( -267.1688184859921762, 1165.440000000000055, 8.607714735570468179 ) ) ;
#3224 = B_SPLINE_CURVE_WITH_KNOTS ( 'NONE', 3,
 ( #1287, #2580, #3863, #979, #3251, #3292, #4160, #1327, #1082, #2656, #3065, #797, #156, #3335 ),
 .UNSPECIFIED., .F., .F.,
 ( 4, 1, 1, 1, 1, 1, 1, 1, 1, 1, 1, 4 ),
 ( 0.04416555291674011119, 0.05452787951388714249, 0.06815984939235858464, 0.08179181927083004067, 0.1090557590277729250, 0.1363196987847158093, 0.1499516686631872653, 0.1635836385416586936, 0.1772156084201301773, 0.1908475782986016056, 0.1928611597997472726, 0.1945651560345575404 ),
 .UNSPECIFIED. ) ;
#3225 = CARTESIAN_POINT ( 'NONE',  ( -165.9276959313934015, 1076.559999999999945, 24.32335976594871241 ) ) ;
#3226 = ORIENTED_EDGE ( 'NONE', *, *, #3914, .T. ) ;
#3227 = EDGE_LOOP ( 'NONE', ( #2123, #1372, #1682 ) ) ;
#3228 = DIRECTION ( 'NONE',  ( 0.000000000000000000, 1.000000000000000000, -0.000000000000000000 ) ) ;
#3229 = CARTESIAN_POINT ( 'NONE',  ( -164.2408507514658993, 1077.559999999999945, 24.50836570409287773 ) ) ;
#3230 = DIRECTION ( 'NONE',  ( 0.000000000000000000, 0.000000000000000000, -1.000000000000000000 ) ) ;
#3231 = EDGE_CURVE ( 'NONE', #3853, #3096, #402, .T. ) ;
#3232 = ORIENTED_EDGE ( 'NONE', *, *, #2773, .F. ) ;
#3233 = CARTESIAN_POINT ( 'NONE',  ( -187.8555102931843237, 1076.559999999999945, 17.45826335425561382 ) ) ;
#3234 = CARTESIAN_POINT ( 'NONE',  ( -90.09255957804985826, 1077.559999999999945, 126.1172528288393693 ) ) ;
#3235 = EDGE_CURVE ( 'NONE', #499, #2550, #1168, .T. ) ;
#3236 = CARTESIAN_POINT ( 'NONE',  ( -274.1238790097720539, 1165.440000000000055, 2.239275516227556828 ) ) ;
#3237 = FACE_OUTER_BOUND ( 'NONE', #809, .T. ) ;
#3238 = CARTESIAN_POINT ( 'NONE',  ( -194.3434337935483995, 1077.559999999999945, 9.312927148811843026 ) ) ;
#3239 = CARTESIAN_POINT ( 'NONE',  ( -148.5690912469584077, 1076.559999999999945, 9.556892805854815265 ) ) ;
#3240 = CARTESIAN_POINT ( 'NONE',  ( -292.2377533026756282, 1165.440000000000055, 1.650914772663081065 ) ) ;
#3241 = CARTESIAN_POINT ( 'NONE',  ( -213.8485997193555193, 1077.559999999999945, 9.433716939735818485 ) ) ;
#3242 = VECTOR ( 'NONE', #381, 1000.000000000000000 ) ;
#3243 = ORIENTED_EDGE ( 'NONE', *, *, #2250, .F. ) ;
#3244 = ORIENTED_EDGE ( 'NONE', *, *, #1662, .T. ) ;
#3245 = CARTESIAN_POINT ( 'NONE',  ( -195.6463559078458445, 1081.559999999999945, 20.27733546108195739 ) ) ;
#3246 = DIRECTION ( 'NONE',  ( -0.9996497148847962588, 0.000000000000000000, 0.02646596929541076421 ) ) ;
#3247 = CARTESIAN_POINT ( 'NONE',  ( -270.6058122691731000, 1165.440000000000055, 7.731282320555692422 ) ) ;
#3248 = VECTOR ( 'NONE', #4164, 1000.000000000000000 ) ;
#3249 = AXIS2_PLACEMENT_3D ( 'NONE', #2338, #408, #1059 ) ;
#3250 = ORIENTED_EDGE ( 'NONE', *, *, #937, .F. ) ;
#3251 = CARTESIAN_POINT ( 'NONE',  ( -219.6165091063904526, 1081.559999999999945, 16.96789906232488221 ) ) ;
#3252 = ADVANCED_FACE ( 'NONE', ( #844 ), #1825, .F. ) ;
#3253 = EDGE_CURVE ( 'NONE', #448, #978, #1526, .T. ) ;
#3254 = CARTESIAN_POINT ( 'NONE',  ( -194.9129271786084701, 1077.559999999999945, 9.302312362620199337 ) ) ;
#3255 = ORIENTED_EDGE ( 'NONE', *, *, #1077, .F. ) ;
#3256 = LINE ( 'NONE', #1330, #674 ) ;
#3257 = CARTESIAN_POINT ( 'NONE',  ( -300.0000000000000000, 1165.440000000000055, 0.000000000000000000 ) ) ;
#3258 = DIRECTION ( 'NONE',  ( 0.2442954651670562749, 0.000000000000000000, -0.9697008434041972658 ) ) ;
#3259 = FACE_OUTER_BOUND ( 'NONE', #3632, .T. ) ;
#3260 = DIRECTION ( 'NONE',  ( -0.06567303980416458464, 0.000000000000000000, 0.9978411957034448720 ) ) ;
#3261 = DIRECTION ( 'NONE',  ( -0.9996385584632172527, 0.000000000000000000, 0.02688405537825352271 ) ) ;
#3262 = ORIENTED_EDGE ( 'NONE', *, *, #3568, .F. ) ;
#3263 = FACE_OUTER_BOUND ( 'NONE', #3310, .T. ) ;
#3264 = CARTESIAN_POINT ( 'NONE',  ( -275.1101811045251111, 1076.959999999999809, 6.552289714361143602 ) ) ;
#3265 = ORIENTED_EDGE ( 'NONE', *, *, #4136, .F. ) ;
#3266 = ORIENTED_EDGE ( 'NONE', *, *, #1809, .F. ) ;
#3267 = CARTESIAN_POINT ( 'NONE',  ( -187.6898994665143334, 1076.559999999999945, 10.88360650331930835 ) ) ;
#3268 = B_SPLINE_CURVE_WITH_KNOTS ( 'NONE', 3,
 ( #1889, #2860, #289, #935 ),
 .UNSPECIFIED., .F., .F.,
 ( 4, 4 ),
 ( 0.7801898760548089395, 0.7820152444153389837 ),
 .UNSPECIFIED. ) ;
#3269 = CARTESIAN_POINT ( 'NONE',  ( -123.0048530695428184, 1077.559999999999945, 129.1603298418975783 ) ) ;
#3270 = ORIENTED_EDGE ( 'NONE', *, *, #926, .T. ) ;
#3271 = CARTESIAN_POINT ( 'NONE',  ( -271.2861602210628575, 1165.440000000000055, 2.447696926220368052 ) ) ;
#3272 = DIRECTION ( 'NONE',  ( -0.000000000000000000, -1.000000000000000000, -0.000000000000000000 ) ) ;
#3273 = FACE_OUTER_BOUND ( 'NONE', #854, .T. ) ;
#3274 =( BOUNDED_CURVE ( )  B_SPLINE_CURVE ( 3, ( #1717, #119, #3324, #3032 ),
 .UNSPECIFIED., .F., .F. ) 
 B_SPLINE_CURVE_WITH_KNOTS ( ( 4, 4 ),
 ( 5.105781174585922066, 5.811030525341575270 ),
 .UNSPECIFIED. ) 
 CURVE ( )  GEOMETRIC_REPRESENTATION_ITEM ( )  RATIONAL_B_SPLINE_CURVE ( ( 1.000000000000000000, 0.9589796552120676276, 0.9589796552120676276, 1.000000000000000000 ) ) 
 REPRESENTATION_ITEM ( '' )  );
#3275 = VECTOR ( 'NONE', #2913, 1000.000000000000227 ) ;
#3276 = EDGE_CURVE ( 'NONE', #795, #1574, #1619, .T. ) ;
#3277 = CARTESIAN_POINT ( 'NONE',  ( -103.7443451577378539, 1077.559999999999945, -109.1689705120349458 ) ) ;
#3278 = CARTESIAN_POINT ( 'NONE',  ( -290.3110310810180863, 1076.559999999999945, 3.099905874896820901 ) ) ;
#3279 = CARTESIAN_POINT ( 'NONE',  ( -133.3568342694792932, 1076.559999999999945, 9.271286723260869778 ) ) ;
#3280 = ORIENTED_EDGE ( 'NONE', *, *, #669, .F. ) ;
#3281 = ORIENTED_EDGE ( 'NONE', *, *, #2431, .F. ) ;
#3282 = PLANE ( 'NONE',  #1890 ) ;
#3283 = CARTESIAN_POINT ( 'NONE',  ( -164.8025584340670093, 1077.560000000000173, 24.44762198403827824 ) ) ;
#3284 = EDGE_CURVE ( 'NONE', #1153, #2654, #2277, .T. ) ;
#3285 = DIRECTION ( 'NONE',  ( -0.7372897795738883042, 0.000000000000000000, 0.6755766284707364067 ) ) ;
#3286 = CARTESIAN_POINT ( 'NONE',  ( -160.2332887747898837, 1076.559999999999945, 9.638339581770710041 ) ) ;
#3287 = EDGE_CURVE ( 'NONE', #1520, #3695, #1564, .T. ) ;
#3288 = B_SPLINE_CURVE_WITH_KNOTS ( 'NONE', 13,
 ( #2495, #1865, #887, #1578, #931, #4074, #2875, #1207, #3471, #3170, #566, #199, #3838, #1183 ),
 .UNSPECIFIED., .F., .F.,
 ( 14, 14 ),
 ( 0.9375780134687023981, 1.000000000000000000 ),
 .UNSPECIFIED. ) ;
#3289 = VERTEX_POINT ( 'NONE', #1039 ) ;
#3290 = B_SPLINE_CURVE_WITH_KNOTS ( 'NONE', 3,
 ( #3857, #1340, #3566, #1011, #627 ),
 .UNSPECIFIED., .F., .F.,
 ( 4, 1, 4 ),
 ( 0.1321938788938784026, 0.1356275895091633710, 0.1474532119516215600 ),
 .UNSPECIFIED. ) ;
#3291 = ORIENTED_EDGE ( 'NONE', *, *, #3640, .T. ) ;
#3292 = CARTESIAN_POINT ( 'NONE',  ( -196.2236163048101787, 1081.559999999999945, 21.18604354544763169 ) ) ;
#3293 = CARTESIAN_POINT ( 'NONE',  ( -57.94607177228484574, 1077.559999999999945, 62.78836422842088183 ) ) ;
#3294 = ORIENTED_EDGE ( 'NONE', *, *, #3442, .F. ) ;
#3295 = LINE ( 'NONE', #389, #961 ) ;
#3296 = CARTESIAN_POINT ( 'NONE',  ( -192.5000000004401102, 1081.559999999999945, 11.02593237100210644 ) ) ;
#3297 = CARTESIAN_POINT ( 'NONE',  ( -253.5796452974664703, 1076.959999999999809, 8.346190340468101709 ) ) ;
#3298 = AXIS2_PLACEMENT_3D ( 'NONE', #3582, #1974, #2971 ) ;
#3299 = EDGE_CURVE ( 'NONE', #3507, #1657, #3533, .T. ) ;
#3300 = DIRECTION ( 'NONE',  ( -0.6888675014067476843, 0.000000000000000000, -0.7248872777926401723 ) ) ;
#3301 = DIRECTION ( 'NONE',  ( -0.01073934591758078823, 0.000000000000000000, -0.9999423315618068964 ) ) ;
#3302 = CARTESIAN_POINT ( 'NONE',  ( -140.1163786704161112, 1081.559999999999945, 26.58487205923218966 ) ) ;
#3303 = ORIENTED_EDGE ( 'NONE', *, *, #495, .F. ) ;
#3304 = ORIENTED_EDGE ( 'NONE', *, *, #606, .F. ) ;
#3305 = EDGE_CURVE ( 'NONE', #2087, #3793, #2317, .T. ) ;
#3306 = CARTESIAN_POINT ( 'NONE',  ( -233.2191333188851843, 1077.559999999999945, 12.76857277731329532 ) ) ;
#3307 = CARTESIAN_POINT ( 'NONE',  ( -132.5334251630776805, 1077.559999999999945, 125.9478159459217181 ) ) ;
#3308 = LINE ( 'NONE', #1939, #59 ) ;
#3309 = CARTESIAN_POINT ( 'NONE',  ( -219.6165091063904526, 1076.559999999999945, 16.96789906232488221 ) ) ;
#3310 = EDGE_LOOP ( 'NONE', ( #1659, #1991, #302, #3512 ) ) ;
#3311 = ORIENTED_EDGE ( 'NONE', *, *, #3186, .F. ) ;
#3313 = VECTOR ( 'NONE', #1779, 1000.000000000000000 ) ;
#3312 = DIRECTION ( 'NONE',  ( -0.6755766284712282355, 0.000000000000000000, -0.7372897795734375537 ) ) ;
#3314 = VECTOR ( 'NONE', #2940, 1000.000000000000000 ) ;
#3315 = EDGE_CURVE ( 'NONE', #1936, #1999, #375, .T. ) ;
#3316 = CIRCLE ( 'NONE', #3525, 0.3999999999999863110 ) ;
#3317 = CARTESIAN_POINT ( 'NONE',  ( -249.5323828144506138, 1076.959999999999809, 9.767544433441221585 ) ) ;
#3318 = ORIENTED_EDGE ( 'NONE', *, *, #680, .T. ) ;
#3319 = CARTESIAN_POINT ( 'NONE',  ( -164.3751559483991969, 1077.559999999999945, -0.3085594543071153439 ) ) ;
#3320 = PLANE ( 'NONE',  #2443 ) ;
#3321 = CARTESIAN_POINT ( 'NONE',  ( -109.3093335793666085, 1077.559999999999945, -115.0249432494104553 ) ) ;
#3322 = VECTOR ( 'NONE', #2451, 1000.000000000000000 ) ;
#3323 = CARTESIAN_POINT ( 'NONE',  ( -183.8902233028017861, 1081.559999999999945, 9.490411956954650563 ) ) ;
#3324 = CARTESIAN_POINT ( 'NONE',  ( -195.4746024212995508, 1077.559999999999945, 9.921671492800104630 ) ) ;
#3325 = CARTESIAN_POINT ( 'NONE',  ( -182.7476535926390113, 1081.559999999999718, 22.24537223474090197 ) ) ;
#3326 = ORIENTED_EDGE ( 'NONE', *, *, #3556, .F. ) ;
#3327 = ORIENTED_EDGE ( 'NONE', *, *, #999, .T. ) ;
#3328 = FACE_OUTER_BOUND ( 'NONE', #1783, .T. ) ;
#3329 = LINE ( 'NONE', #2420, #707 ) ;
#3330 = LINE ( 'NONE', #511, #963 ) ;
#3331 = CARTESIAN_POINT ( 'NONE',  ( -128.1061509150808320, 1081.559999999999945, 27.97564465478143347 ) ) ;
#3332 = EDGE_CURVE ( 'NONE', #2157, #4116, #2258, .T. ) ;
#3333 = ORIENTED_EDGE ( 'NONE', *, *, #664, .T. ) ;
#3334 = LINE ( 'NONE', #2834, #2264 ) ;
#3335 = CARTESIAN_POINT ( 'NONE',  ( -112.2016622524414515, 1081.559999999999945, 28.10930200660903822 ) ) ;
#3336 = CARTESIAN_POINT ( 'NONE',  ( -194.9129271786084701, 1077.559999999999945, 9.302312362620199337 ) ) ;
#3337 = VERTEX_POINT ( 'NONE', #3589 ) ;
#3338 = DIRECTION ( 'NONE',  ( -0.9999982381285569266, 0.000000000000000000, -0.001877162694597761614 ) ) ;
#3339 = CARTESIAN_POINT ( 'NONE',  ( -148.5690912469584077, 1077.559999999999945, 9.556892805854815265 ) ) ;
#3340 = EDGE_CURVE ( 'NONE', #19, #340, #3571, .T. ) ;
#3341 = PLANE ( 'NONE',  #3511 ) ;
#3342 = AXIS2_PLACEMENT_3D ( 'NONE', #3829, #1293, #2244 ) ;
#3343 = CARTESIAN_POINT ( 'NONE',  ( 0.5721654584182511716, 1077.559999999999945, 21.27501398164623225 ) ) ;
#3344 = VECTOR ( 'NONE', #3652, 1000.000000000000114 ) ;
#3345 = CARTESIAN_POINT ( 'NONE',  ( -205.0226850628186241, 1077.559999999999945, 18.72112452208074274 ) ) ;
#3346 = B_SPLINE_CURVE_WITH_KNOTS ( 'NONE', 3,
 ( #2435, #1465, #2034, #1718 ),
 .UNSPECIFIED., .F., .F.,
 ( 4, 4 ),
 ( 0.7320330935912517933, 0.7338661583722697612 ),
 .UNSPECIFIED. ) ;
#3347 = FACE_OUTER_BOUND ( 'NONE', #3043, .T. ) ;
#3348 = ORIENTED_EDGE ( 'NONE', *, *, #2870, .T. ) ;
#3349 = CARTESIAN_POINT ( 'NONE',  ( -192.5000000004401102, 1081.559999999999945, 11.02593237100210644 ) ) ;
#3350 = CARTESIAN_POINT ( 'NONE',  ( -260.9867192135902769, 1081.559999999999945, 7.878685561044781238 ) ) ;
#3351 = LINE ( 'NONE', #3081, #1029 ) ;
#3352 = CARTESIAN_POINT ( 'NONE',  ( -219.6165091063904526, 1081.559999999999945, 16.96789906232488221 ) ) ;
#3353 = ORIENTED_EDGE ( 'NONE', *, *, #2558, .T. ) ;
#3354 = VERTEX_POINT ( 'NONE', #2957 ) ;
#3355 = ORIENTED_EDGE ( 'NONE', *, *, #274, .T. ) ;
#3356 = CARTESIAN_POINT ( 'NONE',  ( -101.4282823775221232, 1076.559999999999945, 92.93846047869827487 ) ) ;
#3357 = EDGE_CURVE ( 'NONE', #624, #1531, #345, .T. ) ;
#3358 = VERTEX_POINT ( 'NONE', #666 ) ;
#3359 = EDGE_CURVE ( 'NONE', #2756, #1574, #1257, .T. ) ;
#3360 = ORIENTED_EDGE ( 'NONE', *, *, #201, .T. ) ;
#3361 = CARTESIAN_POINT ( 'NONE',  ( -165.5953102936683479, 1076.559999999999945, 9.630069181646563337 ) ) ;
#3362 = CARTESIAN_POINT ( 'NONE',  ( -246.0930087101614845, 1076.959999999999809, 7.719654219035418485 ) ) ;
#3363 = CARTESIAN_POINT ( 'NONE',  ( -240.2231530928484915, 1076.959999999999582, 11.84600902010752499 ) ) ;
#3364 = EDGE_CURVE ( 'NONE', #2654, #3414, #4128, .T. ) ;
#3365 = CARTESIAN_POINT ( 'NONE',  ( -82.83959400944358720, 1077.559999999999945, 78.72328000652272806 ) ) ;
#3366 = B_SPLINE_SURFACE_WITH_KNOTS ( 'NONE', 3, 1, ( 
 ( #1739, #2348 ),
 ( #3014, #3394 ),
 ( #3325, #2690 ),
 ( #2710, #1152 ),
 ( #2008, #1759 ),
 ( #3302, #3973 ),
 ( #1090, #3996 ),
 ( #2374, #3034 ),
 ( #1111, #2393 ),
 ( #3689, #787 ),
 ( #2078, #3368 ) ),
 .UNSPECIFIED., .F., .F., .F.,
 ( 4, 1, 1, 1, 1, 1, 1, 1, 4 ),
 ( 2, 2 ),
 ( 0.1142625518259317435, 0.1162843833321218490, 0.1356275895091633710, 0.1549707956862048930, 0.1646423987747256401, 0.1743140018632464150, 0.1839856049517671899, 0.1888214064960275773, 0.1936572080402879370 ),
 ( 0.000000000000000000, 1.000000000000000000 ),
 .UNSPECIFIED. ) ;
#3367 = CARTESIAN_POINT ( 'NONE',  ( -249.1849982831033969, 1076.959999999999809, -62.77685069811641938 ) ) ;
#3368 = CARTESIAN_POINT ( 'NONE',  ( -113.0233135672802547, 1076.559999999999718, 27.31498970425845130 ) ) ;
#3369 = ORIENTED_EDGE ( 'NONE', *, *, #1782, .F. ) ;
#3370 = AXIS2_PLACEMENT_3D ( 'NONE', #3520, #1515, #923 ) ;
#3371 = EDGE_CURVE ( 'NONE', #215, #3649, #2637, .T. ) ;
#3372 = VERTEX_POINT ( 'NONE', #3841 ) ;
#3373 = ORIENTED_EDGE ( 'NONE', *, *, #999, .F. ) ;
#3374 = CARTESIAN_POINT ( 'NONE',  ( -195.6463559078455603, 1081.560000000000173, 20.27733546108200002 ) ) ;
#3375 = DIRECTION ( 'NONE',  ( -0.9999423315618068964, 0.000000000000000000, 0.01073934591758078823 ) ) ;
#3376 = B_SPLINE_CURVE_WITH_KNOTS ( 'NONE', 3,
 ( #2782, #3816, #857, #2147, #2211, #1900, #1299, #3541, #1277 ),
 .UNSPECIFIED., .F., .F.,
 ( 4, 1, 1, 1, 1, 1, 4 ),
 ( 0.9389019328317700364, 0.9448400810633529323, 0.9507782292949357172, 0.9626545257581015091, 0.9745308222212671900, 0.9804689704528500860, 0.9864071186844328709 ),
 .UNSPECIFIED. ) ;
#3377 = LINE ( 'NONE', #3020, #821 ) ;
#3378 = CARTESIAN_POINT ( 'NONE',  ( -221.3926199760128100, 1077.559999999999945, 15.71882597912976820 ) ) ;
#3379 = ORIENTED_EDGE ( 'NONE', *, *, #1573, .F. ) ;
#3380 = ORIENTED_EDGE ( 'NONE', *, *, #2606, .F. ) ;
#3381 = VERTEX_POINT ( 'NONE', #709 ) ;
#3382 = DIRECTION ( 'NONE',  ( -0.7248872777926389510, 0.000000000000000000, 0.6888675014067492386 ) ) ;
#3383 = PRODUCT_DEFINITION_CONTEXT ( 'detailed design', #2499, 'design' ) ;
#3384 = ORIENTED_EDGE ( 'NONE', *, *, #2156, .F. ) ;
#3385 = LINE ( 'NONE', #4031, #3585 ) ;
#3386 = B_SPLINE_CURVE_WITH_KNOTS ( 'NONE', 3,
 ( #1056, #3378, #3606, #1681 ),
 .UNSPECIFIED., .F., .F.,
 ( 4, 4 ),
 ( 0.08397392713961392141, 0.08511555471015663787 ),
 .UNSPECIFIED. ) ;
#3387 = DIRECTION ( 'NONE',  ( 0.000000000000000000, -1.000000000000000000, 0.000000000000000000 ) ) ;
#3388 = AXIS2_PLACEMENT_3D ( 'NONE', #550, #3788, #2863 ) ;
#3389 = EDGE_CURVE ( 'NONE', #1839, #2592, #363, .T. ) ;
#3390 = VECTOR ( 'NONE', #1156, 1000.000000000000227 ) ;
#3391 = VECTOR ( 'NONE', #1598, 1000.000000000000000 ) ;
#3392 = LINE ( 'NONE', #3343, #3116 ) ;
#3393 = CARTESIAN_POINT ( 'NONE',  ( -201.1313894277707561, 1076.959999999999582, 19.38718104222582639 ) ) ;
#3394 = CARTESIAN_POINT ( 'NONE',  ( -190.0606051026418584, 1076.559999999999718, 21.14460090871749642 ) ) ;
#3395 = EDGE_LOOP ( 'NONE', ( #3482, #4064, #2251, #1403 ) ) ;
#3396 = ORIENTED_EDGE ( 'NONE', *, *, #1229, .T. ) ;
#3397 = ORIENTED_EDGE ( 'NONE', *, *, #1437, .T. ) ;
#3398 = CARTESIAN_POINT ( 'NONE',  ( -254.9539109580283309, 1081.560000000000173, 8.516572991783290192 ) ) ;
#3399 = DIRECTION ( 'NONE',  ( 0.01073934591758078823, 0.000000000000000000, 0.9999423315618068964 ) ) ;
#3400 = CARTESIAN_POINT ( 'NONE',  ( -248.4092376083339389, 1076.559999999999945, -62.58141432606363708 ) ) ;
#3401 = PRODUCT_CONTEXT ( 'NONE', #2274, 'mechanical' ) ;
#3402 = ORIENTED_EDGE ( 'NONE', *, *, #1623, .F. ) ;
#3403 = ORIENTED_EDGE ( 'NONE', *, *, #3851, .F. ) ;
#3404 = ORIENTED_EDGE ( 'NONE', *, *, #3103, .F. ) ;
#3405 = CARTESIAN_POINT ( 'NONE',  ( -96.72838245694208581, 1081.559999999999945, 24.69208237058674626 ) ) ;
#3406 = ORIENTED_EDGE ( 'NONE', *, *, #3668, .F. ) ;
#3407 = CARTESIAN_POINT ( 'NONE',  ( -199.0850363344286791, 1076.959999999999809, 17.00309731254722578 ) ) ;
#3408 = CARTESIAN_POINT ( 'NONE',  ( -222.8468073653594104, 1165.440000000000055, 7.840947217310170636 ) ) ;
#3409 = CARTESIAN_POINT ( 'NONE',  ( -280.3490536555156041, 1165.440000000000055, 2.537585519907809672 ) ) ;
#3410 = CARTESIAN_POINT ( 'NONE',  ( -164.3938166502456681, 1076.559999999999945, 9.632323722520098386 ) ) ;
#3411 = FACE_OUTER_BOUND ( 'NONE', #3981, .T. ) ;
#3412 = EDGE_CURVE ( 'NONE', #2778, #2592, #4082, .T. ) ;
#3413 = VECTOR ( 'NONE', #2798, 1000.000000000000000 ) ;
#3414 = VERTEX_POINT ( 'NONE', #1958 ) ;
#3415 = EDGE_LOOP ( 'NONE', ( #2293, #2316, #4027 ) ) ;
#3416 = LINE ( 'NONE', #790, #2220 ) ;
#3417 = CARTESIAN_POINT ( 'NONE',  ( -152.7139117670832320, 1081.559999999999945, 25.70190672669911436 ) ) ;
#3418 = CARTESIAN_POINT ( 'NONE',  ( -196.9577467012201737, 1077.559999999999945, 12.34914432081862756 ) ) ;
#3419 = CARTESIAN_POINT ( 'NONE',  ( -98.79510912553676860, 1081.559999999999945, 10.31514758700471290 ) ) ;
#3420 = AXIS2_PLACEMENT_3D ( 'NONE', #537, #3761, #1556 ) ;
#3421 = EDGE_CURVE ( 'NONE', #254, #1016, #3224, .T. ) ;
#3422 = ORIENTED_EDGE ( 'NONE', *, *, #3253, .T. ) ;
#3423 = CARTESIAN_POINT ( 'NONE',  ( -133.3568342694792932, 1077.559999999999945, 9.271286723260869778 ) ) ;
#3424 = CARTESIAN_POINT ( 'NONE',  ( -148.6125551966285059, 1077.559999999999945, 25.91327914437588475 ) ) ;
#3425 = CARTESIAN_POINT ( 'NONE',  ( -132.7570495598771174, 1077.559999999999945, 9.255214942794435018 ) ) ;
#3426 = ORIENTED_EDGE ( 'NONE', *, *, #3421, .T. ) ;
#3427 = ORIENTED_EDGE ( 'NONE', *, *, #1219, .F. ) ;
#3428 = EDGE_CURVE ( 'NONE', #3337, #383, #2111, .T. ) ;
#3429 = CARTESIAN_POINT ( 'NONE',  ( -97.31973502765107753, 1077.559999999999945, -102.4084278262971566 ) ) ;
#3430 = CARTESIAN_POINT ( 'NONE',  ( -260.7043874911533976, 1165.440000000000055, 6.146900934099051916 ) ) ;
#3431 = CARTESIAN_POINT ( 'NONE',  ( -112.2823144185780109, 1076.559999999999945, 25.11038633121939512 ) ) ;
#3432 = DIRECTION ( 'NONE',  ( 0.02688405537885410479, 0.000000000000000000, 0.9996385584632010435 ) ) ;
#3433 = ORIENTED_EDGE ( 'NONE', *, *, #2949, .T. ) ;
#3434 = VECTOR ( 'NONE', #368, 1000.000000000000000 ) ;
#3435 = ORIENTED_EDGE ( 'NONE', *, *, #1346, .F. ) ;
#3436 = ORIENTED_EDGE ( 'NONE', *, *, #2568, .T. ) ;
#3437 = CARTESIAN_POINT ( 'NONE',  ( -285.1034899455572713, 1165.440000000000055, 1.323141469673185799 ) ) ;
#3438 = DIRECTION ( 'NONE',  ( -0.02688405537842415011, 0.000000000000000000, -0.9996385584632127008 ) ) ;
#3439 = CARTESIAN_POINT ( 'NONE',  ( -66.52695322058222871, 1076.559999999999945, -70.00554086442703294 ) ) ;
#3440 = CARTESIAN_POINT ( 'NONE',  ( -90.09255957804985826, 1077.559999999999945, 126.1172528288393693 ) ) ;
#3441 = AXIS2_PLACEMENT_3D ( 'NONE', #2945, #1915, #3258 ) ;
#3442 = EDGE_CURVE ( 'NONE', #2459, #3358, #2699, .T. ) ;
#3443 = ORIENTED_EDGE ( 'NONE', *, *, #308, .F. ) ;
#3444 = ADVANCED_FACE ( 'NONE', ( #132 ), #69, .F. ) ;
#3445 = VERTEX_POINT ( 'NONE', #819 ) ;
#3446 = DIRECTION ( 'NONE',  ( 0.000000000000000000, -0.000000000000000000, -1.000000000000000000 ) ) ;
#3447 = CARTESIAN_POINT ( 'NONE',  ( -112.6486715160237821, 1077.559999999999945, 11.48801144721272927 ) ) ;
#3448 = DIRECTION ( 'NONE',  ( 0.7248872777926378408, 0.000000000000000000, -0.6888675014067503488 ) ) ;
#3449 = CARTESIAN_POINT ( 'NONE',  ( -148.6125551966285059, 1076.559999999999945, 25.91327914437588475 ) ) ;
#3450 = EDGE_LOOP ( 'NONE', ( #2336, #108, #3468 ) ) ;
#3451 = ORIENTED_EDGE ( 'NONE', *, *, #34, .F. ) ;
#3452 = VERTEX_POINT ( 'NONE', #1436 ) ;
#3453 = CARTESIAN_POINT ( 'NONE',  ( -221.0877470024795173, 1076.959999999999809, 15.20952985507674526 ) ) ;
#3454 = AXIS2_PLACEMENT_3D ( 'NONE', #44, #2383, #2633 ) ;
#3455 = DIRECTION ( 'NONE',  ( 0.06567303980429951837, 0.000000000000000000, -0.9978411957034358792 ) ) ;
#3456 = LINE ( 'NONE', #2186, #2011 ) ;
#3457 = VECTOR ( 'NONE', #2749, 1000.000000000000000 ) ;
#3458 = AXIS2_PLACEMENT_3D ( 'NONE', #531, #2464, #2227 ) ;
#3459 = ORIENTED_EDGE ( 'NONE', *, *, #74, .F. ) ;
#3460 = AXIS2_PLACEMENT_3D ( 'NONE', #3086, #2177, #3782 ) ;
#3461 = ORIENTED_EDGE ( 'NONE', *, *, #962, .T. ) ;
#3462 = EDGE_LOOP ( 'NONE', ( #1674, #29, #971 ) ) ;
#3463 = PLANE ( 'NONE',  #325 ) ;
#3464 = CARTESIAN_POINT ( 'NONE',  ( -130.8533786264969194, 1081.559999999999945, 27.04426762654682648 ) ) ;
#3465 = CARTESIAN_POINT ( 'NONE',  ( -242.8309385878000057, 1076.959999999999582, 7.867559378230915001 ) ) ;
#3466 = CARTESIAN_POINT ( 'NONE',  ( -214.0218838902799519, 1077.559999999999945, 8.863162326893021969 ) ) ;
#3467 = VECTOR ( 'NONE', #1542, 1000.000000000000000 ) ;
#3468 = ORIENTED_EDGE ( 'NONE', *, *, #2427, .T. ) ;
#3469 = ORIENTED_EDGE ( 'NONE', *, *, #2823, .F. ) ;
#3470 = CARTESIAN_POINT ( 'NONE',  ( -148.6143614906584389, 1077.559999999999945, 25.96668747503433750 ) ) ;
#3471 = CARTESIAN_POINT ( 'NONE',  ( -287.7366072063900901, 1076.559999999999945, 1.077373546353734390 ) ) ;
#3472 = LINE ( 'NONE', #494, #1030 ) ;
#3473 = CARTESIAN_POINT ( 'NONE',  ( -178.1952668448776933, 1076.559999999999945, 22.75369838660252952 ) ) ;
#3474 = ADVANCED_FACE ( 'NONE', ( #757 ), #385, .F. ) ;
#3475 = EDGE_LOOP ( 'NONE', ( #4087, #1963, #3751, #706 ) ) ;
#3476 = CARTESIAN_POINT ( 'NONE',  ( -117.3872845654308179, 1076.559999999999945, 27.32359723883181246 ) ) ;
#3477 = CARTESIAN_POINT ( 'NONE',  ( -292.2254576542359246, 1076.959999999999809, 1.434434858990511596 ) ) ;
#3478 = B_SPLINE_SURFACE_WITH_KNOTS ( 'NONE', 3, 1, ( 
 ( #3704, #806 ),
 ( #3071, #1463 ),
 ( #2118, #4034 ),
 ( #1150, #2433 ),
 ( #3409, #503 ),
 ( #3092, #187 ),
 ( #1872, #1584 ),
 ( #2184, #3477 ),
 ( #1271, #4144 ) ),
 .UNSPECIFIED., .F., .F., .F.,
 ( 4, 1, 1, 1, 1, 1, 4 ),
 ( 2, 2 ),
 ( 0.9389019328317700364, 0.9448400810633528213, 0.9507782292949357172, 0.9626545257581013981, 0.9745308222212671900, 0.9804689704528499750, 0.9864071186844328709 ),
 ( 0.000000000000000000, 1.000000000000000000 ),
 .UNSPECIFIED. ) ;
#3479 = CARTESIAN_POINT ( 'NONE',  ( -165.5736163542941881, 1077.559999999999945, -0.3108091634388195912 ) ) ;
#3480 = FACE_OUTER_BOUND ( 'NONE', #1772, .T. ) ;
#3481 = VERTEX_POINT ( 'NONE', #3630 ) ;
#3482 = ORIENTED_EDGE ( 'NONE', *, *, #1661, .T. ) ;
#3483 = CARTESIAN_POINT ( 'NONE',  ( -50.02817683524195758, 1077.559999999999945, -52.64406993357894038 ) ) ;
#3484 = CARTESIAN_POINT ( 'NONE',  ( -112.6261548481651289, 1077.559999999999945, 12.32525601775577329 ) ) ;
#3485 = DIRECTION ( 'NONE',  ( 0.8376768486544285963, 0.000000000000000000, -0.5461661809636199072 ) ) ;
#3486 = VERTEX_POINT ( 'NONE', #4028 ) ;
#3487 = VERTEX_POINT ( 'NONE', #731 ) ;
#3488 = CARTESIAN_POINT ( 'NONE',  ( -112.6701787603263796, 1081.559999999999945, 10.68830060044215280 ) ) ;
#3489 = CARTESIAN_POINT ( 'NONE',  ( -183.8902233027286002, 1081.559999999999945, 9.490411956955542294 ) ) ;
#3490 = CARTESIAN_POINT ( 'NONE',  ( -133.9566240984101739, 1076.559999999999945, 9.287166304838097020 ) ) ;
#3491 = CIRCLE ( 'NONE', #2330, 9.800000000001221068 ) ;
#3492 = ADVANCED_FACE ( 'NONE', ( #2048 ), #1368, .T. ) ;
#3493 = ORIENTED_EDGE ( 'NONE', *, *, #3185, .F. ) ;
#3494 = LINE ( 'NONE', #2219, #2979 ) ;
#3495 = EDGE_CURVE ( 'NONE', #4159, #3354, #2360, .T. ) ;
#3496 = EDGE_CURVE ( 'NONE', #1225, #776, #2089, .T. ) ;
#3497 = LINE ( 'NONE', #1891, #1761 ) ;
#3498 = CARTESIAN_POINT ( 'NONE',  ( -227.5076778612757948, 1077.559999999999945, 8.453911112217982193 ) ) ;
#3499 = LINE ( 'NONE', #2457, #1296 ) ;
#3500 = EDGE_LOOP ( 'NONE', ( #2787, #2437, #242 ) ) ;
#3501 = CARTESIAN_POINT ( 'NONE',  ( -164.3938168790713235, 1076.559999999999945, 9.632453036328874063 ) ) ;
#3502 = CARTESIAN_POINT ( 'NONE',  ( -113.0233135672802405, 1081.559999999999945, 27.31498970425845485 ) ) ;
#3503 = CARTESIAN_POINT ( 'NONE',  ( -252.9784568474884736, 1165.440000000000055, -41.24291343747756855 ) ) ;
#3504 = ADVANCED_FACE ( 'NONE', ( #2022, #3962 ), #1730, .T. ) ;
#3505 = ORIENTED_EDGE ( 'NONE', *, *, #3364, .T. ) ;
#3506 = ORIENTED_EDGE ( 'NONE', *, *, #2512, .T. ) ;
#3507 = VERTEX_POINT ( 'NONE', #3025 ) ;
#3508 = CARTESIAN_POINT ( 'NONE',  ( -113.5068429449947445, 1076.559999999999945, 9.335759885577626704 ) ) ;
#3509 = CARTESIAN_POINT ( 'NONE',  ( -123.0258495498965630, 1081.559999999999945, 8.956862106542892832 ) ) ;
#3510 = DIRECTION ( 'NONE',  ( 0.000000000000000000, 0.000000000000000000, -1.000000000000000000 ) ) ;
#3511 = AXIS2_PLACEMENT_3D ( 'NONE', #415, #3947, #2643 ) ;
#3512 = ORIENTED_EDGE ( 'NONE', *, *, #481, .T. ) ;
#3513 = DIRECTION ( 'NONE',  ( -0.000000000000000000, -1.000000000000000000, -0.000000000000000000 ) ) ;
#3514 = ORIENTED_EDGE ( 'NONE', *, *, #3231, .T. ) ;
#3515 = DIRECTION ( 'NONE',  ( -0.7248872777926327338, 0.000000000000000000, 0.6888675014067557889 ) ) ;
#3516 = PLANE ( 'NONE',  #3549 ) ;
#3517 = DIRECTION ( 'NONE',  ( -0.06567303980416458464, 0.000000000000000000, 0.9978411957034448720 ) ) ;
#3518 = EDGE_CURVE ( 'NONE', #2214, #3824, #1143, .T. ) ;
#3519 = ADVANCED_FACE ( 'NONE', ( #2426 ), #3984, .F. ) ;
#3520 = CARTESIAN_POINT ( 'NONE',  ( -149.8118213194345003, 1077.559999999999945, 25.94868207460713805 ) ) ;
#3521 = CARTESIAN_POINT ( 'NONE',  ( -277.4549981297886347, 1076.559999999999945, 6.762558882627204504 ) ) ;
#3522 = LINE ( 'NONE', #2489, #3190 ) ;
#3523 = VECTOR ( 'NONE', #2683, 999.9999999999998863 ) ;
#3524 = ORIENTED_EDGE ( 'NONE', *, *, #1091, .T. ) ;
#3525 = AXIS2_PLACEMENT_3D ( 'NONE', #1767, #3061, #150 ) ;
#3526 = ORIENTED_EDGE ( 'NONE', *, *, #1561, .T. ) ;
#3527 = DIRECTION ( 'NONE',  ( -0.7248872777926391731, 0.000000000000000000, 0.6888675014067490165 ) ) ;
#3528 = LINE ( 'NONE', #2972, #432 ) ;
#3529 = EDGE_CURVE ( 'NONE', #610, #2404, #777, .T. ) ;
#3530 = VECTOR ( 'NONE', #2618, 1000.000000000000000 ) ;
#3531 = CARTESIAN_POINT ( 'NONE',  ( -164.9945637137987831, 1077.559999999999945, 9.631325334794965443 ) ) ;
#3532 = ORIENTED_EDGE ( 'NONE', *, *, #2735, .F. ) ;
#3533 = LINE ( 'NONE', #1639, #547 ) ;
#3534 = ORIENTED_EDGE ( 'NONE', *, *, #208, .F. ) ;
#3535 = LINE ( 'NONE', #1981, #1357 ) ;
#3536 = CARTESIAN_POINT ( 'NONE',  ( -300.0000000000000000, 1165.440000000000055, -0.1621621621621254228 ) ) ;
#3537 = CARTESIAN_POINT ( 'NONE',  ( -256.7794921589074875, 1076.959999999999582, 7.175935369512506767 ) ) ;
#3538 = CARTESIAN_POINT ( 'NONE',  ( -133.9566291355089902, 1077.559999999999945, 9.286974893465032466 ) ) ;
#3539 = ADVANCED_FACE ( 'NONE', ( #2386 ), #2724, .T. ) ;
#3540 = DIRECTION ( 'NONE',  ( 0.000000000000000000, -1.000000000000000000, 0.000000000000000000 ) ) ;
#3541 = CARTESIAN_POINT ( 'NONE',  ( -267.5579742966418735, 1076.959999999999809, 3.504036228201333092 ) ) ;
#3542 = CARTESIAN_POINT ( 'NONE',  ( -183.0782561714916312, 1076.559999999999945, 9.495039263358659554 ) ) ;
#3543 = ORIENTED_EDGE ( 'NONE', *, *, #1229, .F. ) ;
#3544 = VECTOR ( 'NONE', #1132, 1000.000000000000114 ) ;
#3545 = ORIENTED_EDGE ( 'NONE', *, *, #3357, .T. ) ;
#3546 = DIRECTION ( 'NONE',  ( 0.3708539045046170268, 0.000000000000000000, 0.9286912196815906295 ) ) ;
#3547 = CARTESIAN_POINT ( 'NONE',  ( -165.3648485973203606, 1077.560000000000173, 24.38595098206934964 ) ) ;
#3548 = CARTESIAN_POINT ( 'NONE',  ( -179.3923076441915043, 1077.559999999999945, 22.66755377934871873 ) ) ;
#3549 = AXIS2_PLACEMENT_3D ( 'NONE', #1585, #2585, #3220 ) ;
#3550 = ORIENTED_EDGE ( 'NONE', *, *, #2292, .F. ) ;
#3551 = EDGE_LOOP ( 'NONE', ( #3836, #3840, #876, #1244, #534, #1888 ) ) ;
#3552 = EDGE_CURVE ( 'NONE', #3719, #499, #1751, .T. ) ;
#3553 = CARTESIAN_POINT ( 'NONE',  ( -214.3987121032657228, 1077.559999999999945, 8.852874277016555382 ) ) ;
#3554 = EDGE_CURVE ( 'NONE', #1657, #3354, #3472, .T. ) ;
#3555 = CARTESIAN_POINT ( 'NONE',  ( -290.1604015055179389, 1165.440000000000055, 1.637864100023359581 ) ) ;
#3556 = EDGE_CURVE ( 'NONE', #4094, #743, #517, .T. ) ;
#3557 = CARTESIAN_POINT ( 'NONE',  ( -111.7890298152395445, 1077.559999999999945, 11.46489243595243046 ) ) ;
#3558 = CARTESIAN_POINT ( 'NONE',  ( -287.8070055320702636, 1165.440000000000055, 3.847726476973034160 ) ) ;
#3559 = DIRECTION ( 'NONE',  ( 0.7241518884010734736, 0.000000000000000000, 0.6896405168819181863 ) ) ;
#3560 = CARTESIAN_POINT ( 'NONE',  ( -260.7629341024542100, 1076.959999999999582, 6.944829825260569578 ) ) ;
#3561 = LINE ( 'NONE', #986, #2125 ) ;
#3562 = CARTESIAN_POINT ( 'NONE',  ( -87.84855366176002178, 1076.959999999999809, -92.44201358294745319 ) ) ;
#3563 = EDGE_LOOP ( 'NONE', ( #2409, #3505, #3628, #2357 ) ) ;
#3564 = ORIENTED_EDGE ( 'NONE', *, *, #518, .F. ) ;
#3565 = CARTESIAN_POINT ( 'NONE',  ( -203.8710170635361578, 1076.959999999999809, 18.91889306236055290 ) ) ;
#3566 = CARTESIAN_POINT ( 'NONE',  ( -211.4159398777809713, 1076.959999999999582, 17.60559082852187984 ) ) ;
#3567 = CARTESIAN_POINT ( 'NONE',  ( -190.0016062546593503, 1077.559999999999945, 21.15314922799253594 ) ) ;
#3568 = EDGE_CURVE ( 'NONE', #1102, #1322, #4075, .T. ) ;
#3569 = ADVANCED_FACE ( 'NONE', ( #3108 ), #1821, .F. ) ;
#3570 = ORIENTED_EDGE ( 'NONE', *, *, #1242, .T. ) ;
#3571 = LINE ( 'NONE', #631, #3917 ) ;
#3572 = CARTESIAN_POINT ( 'NONE',  ( -164.3938168790713235, 1077.559999999999945, 9.632453036328874063 ) ) ;
#3573 = EDGE_LOOP ( 'NONE', ( #2671, #2993, #433 ) ) ;
#3574 = B_SPLINE_CURVE_WITH_KNOTS ( 'NONE', 3,
 ( #510, #1201, #276, #3183, #879, #594, #2440, #530, #4069, #1155, #1570, #3163, #2488 ),
 .UNSPECIFIED., .F., .F.,
 ( 4, 1, 1, 1, 1, 1, 1, 1, 1, 1, 4 ),
 ( 0.7011752054892489427, 0.7037511641537997908, 0.7114926295676233803, 0.7321002988842217896, 0.7527079682008201988, 0.7939233068340170174, 0.8351386454672137249, 0.8763539841004104325, 0.8969616534170088418, 0.9175693227336072511, 0.9293509528815036003 ),
 .UNSPECIFIED. ) ;
#3575 = CARTESIAN_POINT ( 'NONE',  ( -290.3163669971457921, 1165.440000000000055, 0.8276152839012187457 ) ) ;
#3576 = CARTESIAN_POINT ( 'NONE',  ( -285.2692632531441745, 1076.559999999999945, 4.587123813238129344 ) ) ;
#3577 = CARTESIAN_POINT ( 'NONE',  ( -249.5323828144506138, 1077.559999999999945, 9.767544433441221585 ) ) ;
#3578 = LINE ( 'NONE', #1353, #1559 ) ;
#3579 = DIRECTION ( 'NONE',  ( 0.000000000000000000, 0.000000000000000000, -1.000000000000000000 ) ) ;
#3580 = CARTESIAN_POINT ( 'NONE',  ( -219.6165091063904526, 1076.559999999999945, 16.96789906232488221 ) ) ;
#3581 = ORIENTED_EDGE ( 'NONE', *, *, #677, .F. ) ;
#3582 = CARTESIAN_POINT ( 'NONE',  ( -103.7443451577378539, 1077.559999999999945, -109.1689705120349458 ) ) ;
#3583 = CARTESIAN_POINT ( 'NONE',  ( -190.2519878845609469, 1077.560000000000173, 21.11535364893521916 ) ) ;
#3584 = CARTESIAN_POINT ( 'NONE',  ( -268.3117575011433473, 1076.959999999999809, 8.318369645161142856 ) ) ;
#3585 = VECTOR ( 'NONE', #3702, 1000.000000000000000 ) ;
#3586 = EDGE_LOOP ( 'NONE', ( #843, #1799, #514, #1410 ) ) ;
#3587 = VECTOR ( 'NONE', #1018, 1000.000000000000000 ) ;
#3588 = ORIENTED_EDGE ( 'NONE', *, *, #3988, .T. ) ;
#3589 = CARTESIAN_POINT ( 'NONE',  ( -99.99778022952456524, 1077.559999999999945, 23.97971956385087111 ) ) ;
#3590 = ADVANCED_FACE ( 'NONE', ( #1163 ), #181, .T. ) ;
#3591 = DIRECTION ( 'NONE',  ( -0.000000000000000000, -1.000000000000000000, -0.000000000000000000 ) ) ;
#3592 = VERTEX_POINT ( 'NONE', #3405 ) ;
#3593 = CARTESIAN_POINT ( 'NONE',  ( -178.2004695315806657, 1077.559999999999945, 22.82649320470189380 ) ) ;
#3594 = CARTESIAN_POINT ( 'NONE',  ( -228.6383456797400697, 1077.559999999999945, 8.415405281992565989 ) ) ;
#3595 = DIRECTION ( 'NONE',  ( 0.1609050596805300659, 0.000000000000000000, -0.9869698889881115544 ) ) ;
#3596 = ADVANCED_FACE ( 'NONE', ( #1797 ), #1842, .T. ) ;
#3597 = FACE_OUTER_BOUND ( 'NONE', #3795, .T. ) ;
#3598 = CARTESIAN_POINT ( 'NONE',  ( -204.3486025323560966, 1077.559999999999945, 18.26912735972595314 ) ) ;
#3599 = ADVANCED_FACE ( 'NONE', ( #1499 ), #2471, .F. ) ;
#3600 = CARTESIAN_POINT ( 'NONE',  ( -186.6359213439629627, 1076.559999999999945, 9.444839639595118186 ) ) ;
#3601 = VERTEX_POINT ( 'NONE', #2153 ) ;
#3602 = ORIENTED_EDGE ( 'NONE', *, *, #2534, .F. ) ;
#3603 = DIRECTION ( 'NONE',  ( 0.6888675014067484614, 0.000000000000000000, 0.7248872777926396171 ) ) ;
#3604 = DIRECTION ( 'NONE',  ( 0.8530756398719019362, 0.000000000000000000, -0.5217872676265156162 ) ) ;
#3605 = CYLINDRICAL_SURFACE ( 'NONE', #2112, 4.124999999999996447 ) ;
#3606 = CARTESIAN_POINT ( 'NONE',  ( -221.0062521052388149, 1077.559999999999945, 15.79369151990120379 ) ) ;
#3607 = EDGE_LOOP ( 'NONE', ( #908, #2770, #2726, #744 ) ) ;
#3608 = ORIENTED_EDGE ( 'NONE', *, *, #3209, .F. ) ;
#3609 = DIRECTION ( 'NONE',  ( -0.000000000000000000, -1.000000000000000000, -0.000000000000000000 ) ) ;
#3610 = EDGE_CURVE ( 'NONE', #3372, #2570, #3787, .T. ) ;
#3611 = LINE ( 'NONE', #1019, #2105 ) ;
#3612 = ORIENTED_EDGE ( 'NONE', *, *, #1166, .T. ) ;
#3613 = CARTESIAN_POINT ( 'NONE',  ( -265.5219321234511085, 1076.559999999999718, 2.837808823346377185 ) ) ;
#3614 = CARTESIAN_POINT ( 'NONE',  ( -272.0829353896130556, 1165.440000000000055, 8.182179439804075471 ) ) ;
#3615 = CARTESIAN_POINT ( 'NONE',  ( -203.8710170635361578, 1077.559999999999945, 18.91889305117460651 ) ) ;
#3616 = VECTOR ( 'NONE', #1435, 999.9999999999998863 ) ;
#3617 = EDGE_CURVE ( 'NONE', #2514, #4142, #2767, .T. ) ;
#3618 = CARTESIAN_POINT ( 'NONE',  ( -259.4108628574806517, 1076.959999999999582, 7.026082581616715395 ) ) ;
#3619 = DIRECTION ( 'NONE',  ( -0.000000000000000000, -1.000000000000000000, -0.000000000000000000 ) ) ;
#3620 = CARTESIAN_POINT ( 'NONE',  ( -108.7582395782411027, 1076.959999999999809, -114.4450334271763978 ) ) ;
#3621 = VERTEX_POINT ( 'NONE', #888 ) ;
#3622 = ORIENTED_EDGE ( 'NONE', *, *, #4056, .T. ) ;
#3623 = ORIENTED_EDGE ( 'NONE', *, *, #4038, .F. ) ;
#3624 = CARTESIAN_POINT ( 'NONE',  ( -228.6383456797400697, 1077.559999999999945, 8.415405281992565989 ) ) ;
#3625 = CARTESIAN_POINT ( 'NONE',  ( -179.5174658418248157, 1077.559999999999945, 9.534537799042796635 ) ) ;
#3626 = DIRECTION ( 'NONE',  ( 0.6755766284707362956, 0.000000000000000000, 0.7372897795738881932 ) ) ;
#3627 = CARTESIAN_POINT ( 'NONE',  ( -164.3938168790713235, 1077.559999999999945, 9.632453036328874063 ) ) ;
#3628 = ORIENTED_EDGE ( 'NONE', *, *, #4182, .F. ) ;
#3629 = ORIENTED_EDGE ( 'NONE', *, *, #3728, .T. ) ;
#3630 = CARTESIAN_POINT ( 'NONE',  ( -165.5953102936683479, 1077.559999999999945, 9.630069181646565113 ) ) ;
#3631 = CARTESIAN_POINT ( 'NONE',  ( 0.000000000000000000, 1076.959999999999809, 0.000000000000000000 ) ) ;
#3632 = EDGE_LOOP ( 'NONE', ( #420, #2764, #1, #1580, #2569, #3461, #169, #3281, #1402, #597, #1267, #2202, #3737, #2801, #1447, #2286, #1848, #167, #2091, #2067, #2449, #2529, #555, #101, #2530, #3709, #3303, #1448, #3384, #1856 ) ) ;
#3633 = CARTESIAN_POINT ( 'NONE',  ( -194.3434337935484280, 1081.559999999999945, 9.312927148811791511 ) ) ;
#3634 = LINE ( 'NONE', #3992, #2786 ) ;
#3635 = LINE ( 'NONE', #1045, #319 ) ;
#3636 = AXIS2_PLACEMENT_3D ( 'NONE', #2027, #3662, #75 ) ;
#3637 = CARTESIAN_POINT ( 'NONE',  ( -133.9566291355089902, 1076.559999999999945, 9.286974893465032466 ) ) ;
#3638 = DIRECTION ( 'NONE',  ( 0.000000000000000000, -1.000000000000000000, 0.000000000000000000 ) ) ;
#3639 = FACE_OUTER_BOUND ( 'NONE', #585, .T. ) ;
#3640 = EDGE_CURVE ( 'NONE', #340, #2959, #10, .T. ) ;
#3641 = ORIENTED_EDGE ( 'NONE', *, *, #2811, .T. ) ;
#3642 = B_SPLINE_CURVE_WITH_KNOTS ( 'NONE', 3,
 ( #2327, #3542, #3600, #2609 ),
 .UNSPECIFIED., .F., .F.,
 ( 4, 4 ),
 ( 0.8031795761935873745, 0.8194334802529954498 ),
 .UNSPECIFIED. ) ;
#3643 = ORIENTED_EDGE ( 'NONE', *, *, #2930, .F. ) ;
#3644 = ORIENTED_EDGE ( 'NONE', *, *, #587, .T. ) ;
#3645 = FACE_OUTER_BOUND ( 'NONE', #1953, .T. ) ;
#3646 = DIRECTION ( 'NONE',  ( 0.000000000000000000, 0.000000000000000000, -1.000000000000000000 ) ) ;
#3647 = CARTESIAN_POINT ( 'NONE',  ( -190.7528261741830136, 1076.559999999999945, 21.03932599842010021 ) ) ;
#3648 = CARTESIAN_POINT ( 'NONE',  ( -250.7667120139445274, 1081.559999999999945, 10.33830807117599448 ) ) ;
#3649 = VERTEX_POINT ( 'NONE', #3199 ) ;
#3650 = EDGE_CURVE ( 'NONE', #2405, #484, #3535, .T. ) ;
#3651 = ORIENTED_EDGE ( 'NONE', *, *, #554, .T. ) ;
#3652 = DIRECTION ( 'NONE',  ( 0.7248872777926386179, 0.000000000000000000, -0.6888675014067495717 ) ) ;
#3654 = VECTOR ( 'NONE', #1870, 1000.000000000000000 ) ;
#3653 = DIRECTION ( 'NONE',  ( -0.7348758801460677503, 0.000000000000000000, -0.6782016225132037057 ) ) ;
#3655 = VECTOR ( 'NONE', #1075, 1000.000000000000000 ) ;
#3656 = VECTOR ( 'NONE', #2000, 1000.000000000000114 ) ;
#3657 = B_SPLINE_CURVE_WITH_KNOTS ( 'NONE', 3,
 ( #3755, #194, #1859, #2212 ),
 .UNSPECIFIED., .F., .F.,
 ( 4, 4 ),
 ( 0.9038476758283531254, 0.9058420653915151277 ),
 .UNSPECIFIED. ) ;
#3658 = DIRECTION ( 'NONE',  ( 0.000000000000000000, -1.000000000000000000, 0.000000000000000000 ) ) ;
#3659 = VERTEX_POINT ( 'NONE', #28 ) ;
#3660 = CARTESIAN_POINT ( 'NONE',  ( -300.0000000000000000, 1165.440000000000055, 0.000000000000000000 ) ) ;
#3661 = CARTESIAN_POINT ( 'NONE',  ( -253.0842567603210966, 1076.959999999999582, 7.376365557400501594 ) ) ;
#3662 = DIRECTION ( 'NONE',  ( 0.000000000000000000, -1.000000000000000000, 0.000000000000000000 ) ) ;
#3663 = AXIS2_PLACEMENT_3D ( 'NONE', #3152, #3228, #2874 ) ;
#3664 = AXIS2_PLACEMENT_3D ( 'NONE', #3531, #1524, #3510 ) ;
#3665 = CARTESIAN_POINT ( 'NONE',  ( -114.4461369841751406, 1076.559999999999945, 8.572950441632396945 ) ) ;
#3666 = DIRECTION ( 'NONE',  ( 0.000000000000000000, 1.000000000000000000, -0.000000000000000000 ) ) ;
#3667 = CARTESIAN_POINT ( 'NONE',  ( -293.2676002059569100, 1076.959999999999809, 1.330312713633649668 ) ) ;
#3668 = EDGE_CURVE ( 'NONE', #3062, #2422, #561, .T. ) ;
#3669 = ORIENTED_EDGE ( 'NONE', *, *, #1269, .T. ) ;
#3670 = ORIENTED_EDGE ( 'NONE', *, *, #1868, .F. ) ;
#3671 = DIRECTION ( 'NONE',  ( -0.9996385584632127008, 0.000000000000000000, 0.02688405537842415011 ) ) ;
#3672 = CARTESIAN_POINT ( 'NONE',  ( -117.3099561668967539, 1076.559999999999945, 8.709611862579059505 ) ) ;
#3673 = DIRECTION ( 'NONE',  ( -0.000000000000000000, -1.000000000000000000, -0.000000000000000000 ) ) ;
#3674 = CARTESIAN_POINT ( 'NONE',  ( -150.2687402496501363, 1076.559999999999945, 9.575102033794831158 ) ) ;
#3675 = ORIENTED_EDGE ( 'NONE', *, *, #2181, .F. ) ;
#3676 = ORIENTED_EDGE ( 'NONE', *, *, #416, .F. ) ;
#3677 = ORIENTED_EDGE ( 'NONE', *, *, #451, .T. ) ;
#3678 = CARTESIAN_POINT ( 'NONE',  ( -123.7680119748291787, 1077.559999999999945, 117.6179576813737810 ) ) ;
#3679 = EDGE_CURVE ( 'NONE', #3954, #1037, #2922, .T. ) ;
#3680 = ADVANCED_FACE ( 'NONE', ( #3218, #2639, #2278, #2619, #312, #2583, #1599, #2560, #1291, #1944, #3864, #3843, #2259, #3900 ), #2320, .F. ) ;
#3681 = ORIENTED_EDGE ( 'NONE', *, *, #974, .T. ) ;
#3682 = CARTESIAN_POINT ( 'NONE',  ( -199.0850363344286791, 1081.559999999999945, 17.00309731254722578 ) ) ;
#3683 = LINE ( 'NONE', #435, #277 ) ;
#3684 = DIRECTION ( 'NONE',  ( -0.7248872777926386179, 0.000000000000000000, 0.6888675014067493496 ) ) ;
#3685 = B_SPLINE_CURVE_WITH_KNOTS ( 'NONE', 3,
 ( #1780, #523, #2505, #551 ),
 .UNSPECIFIED., .F., .F.,
 ( 4, 4 ),
 ( 0.1712988811237817210, 0.1730835121477442007 ),
 .UNSPECIFIED. ) ;
#3686 = FACE_OUTER_BOUND ( 'NONE', #4040, .T. ) ;
#3687 = VECTOR ( 'NONE', #2400, 1000.000000000000114 ) ;
#3688 = CARTESIAN_POINT ( 'NONE',  ( -233.9222184832874234, 1077.559999999999945, 13.19005079517899048 ) ) ;
#3689 = CARTESIAN_POINT ( 'NONE',  ( -114.4828442445582510, 1081.559999999999945, 27.32352736051254283 ) ) ;
#3690 = EDGE_LOOP ( 'NONE', ( #2982, #3406, #659, #1114, #2678 ) ) ;
#3691 = CARTESIAN_POINT ( 'NONE',  ( -109.3093335793666085, 1076.959999999999809, -115.0249432494104553 ) ) ;
#3692 = CARTESIAN_POINT ( 'NONE',  ( -123.3344552962530258, 1076.559999999999945, 8.966871577101782620 ) ) ;
#3693 = DIRECTION ( 'NONE',  ( 0.000000000000000000, -1.000000000000000000, 0.000000000000000000 ) ) ;
#3694 = CARTESIAN_POINT ( 'NONE',  ( -172.8587101762493887, 1076.559999999999945, 24.44703151162762822 ) ) ;
#3695 = VERTEX_POINT ( 'NONE', #328 ) ;
#3696 = EDGE_LOOP ( 'NONE', ( #1614, #2458, #581, #157 ) ) ;
#3697 = ORIENTED_EDGE ( 'NONE', *, *, #1661, .F. ) ;
#3698 = CARTESIAN_POINT ( 'NONE',  ( -257.5087377909017050, 1077.559999999999945, 7.897858416091774636 ) ) ;
#3699 = ORIENTED_EDGE ( 'NONE', *, *, #2430, .F. ) ;
#3700 = EDGE_CURVE ( 'NONE', #259, #215, #1640, .T. ) ;
#3701 = ORIENTED_EDGE ( 'NONE', *, *, #186, .T. ) ;
#3702 = DIRECTION ( 'NONE',  ( 0.000000000000000000, -1.000000000000000000, 0.000000000000000000 ) ) ;
#3703 = CARTESIAN_POINT ( 'NONE',  ( -149.9729130415774137, 1077.559999999999945, 10.94940432798125052 ) ) ;
#3704 = CARTESIAN_POINT ( 'NONE',  ( -266.3727187654357067, 1165.440000000000055, 3.583167371676564628 ) ) ;
#3705 = LINE ( 'NONE', #1378, #502 ) ;
#3706 = VECTOR ( 'NONE', #1954, 1000.000000000000000 ) ;
#3707 = DIRECTION ( 'NONE',  ( 0.000000000000000000, -1.000000000000000000, 0.000000000000000000 ) ) ;
#3708 = VERTEX_POINT ( 'NONE', #3572 ) ;
#3709 = ORIENTED_EDGE ( 'NONE', *, *, #4122, .T. ) ;
#3710 = CARTESIAN_POINT ( 'NONE',  ( -225.0224362187566953, 1081.560000000000173, 15.05154234427599036 ) ) ;
#3711 = CARTESIAN_POINT ( 'NONE',  ( -240.4624955004808839, 1076.559999999999945, 7.187158872640684315 ) ) ;
#3712 = CARTESIAN_POINT ( 'NONE',  ( -148.7718042799483555, 1076.559999999999945, 11.08556981309512501 ) ) ;
#3713 = DIRECTION ( 'NONE',  ( 0.8137065930674871606, 0.000000000000000000, 0.5812758212746363951 ) ) ;
#3714 = ORIENTED_EDGE ( 'NONE', *, *, #1120, .F. ) ;
#3715 = ORIENTED_EDGE ( 'NONE', *, *, #1784, .F. ) ;
#3716 = EDGE_LOOP ( 'NONE', ( #1824, #592, #2853, #1367 ) ) ;
#3717 = DIRECTION ( 'NONE',  ( -0.01060253998774571098, 0.000000000000000000, 0.9999437914932058913 ) ) ;
#3718 = ADVANCED_FACE ( 'NONE', ( #1624 ), #3882, .F. ) ;
#3719 = VERTEX_POINT ( 'NONE', #3254 ) ;
#3720 = DIRECTION ( 'NONE',  ( 0.8530756398719007150, 0.000000000000000000, -0.5217872676265177256 ) ) ;
#3721 = CARTESIAN_POINT ( 'NONE',  ( -122.1786715887263881, 1076.559999999999718, 8.123971859965671172 ) ) ;
#3722 = VECTOR ( 'NONE', #1252, 1000.000000000000000 ) ;
#3723 = VECTOR ( 'NONE', #4070, 1000.000000000000114 ) ;
#3724 = VECTOR ( 'NONE', #3312, 1000.000000000000000 ) ;
#3725 = CARTESIAN_POINT ( 'NONE',  ( -300.0000000000000000, 1165.440000000000055, 0.000000000000000000 ) ) ;
#3726 = DIRECTION ( 'NONE',  ( -0.02688405537825763400, 0.000000000000000000, -0.9996385584632171417 ) ) ;
#3727 = CARTESIAN_POINT ( 'NONE',  ( -113.6756979680784099, 1076.559999999999945, 3.057168747125016850 ) ) ;
#3728 = EDGE_CURVE ( 'NONE', #3835, #810, #3611, .T. ) ;
#3729 = EDGE_LOOP ( 'NONE', ( #3545, #1683, #3451, #146 ) ) ;
#3730 = EDGE_CURVE ( 'NONE', #2794, #4142, #2300, .T. ) ;
#3731 = EDGE_LOOP ( 'NONE', ( #3156, #1538, #2788, #3669 ) ) ;
#3732 = FACE_OUTER_BOUND ( 'NONE', #3607, .T. ) ;
#3733 = LINE ( 'NONE', #3797, #3217 ) ;
#3734 = CARTESIAN_POINT ( 'NONE',  ( -275.1101811045251111, 1076.960000000000036, 6.552289714361143602 ) ) ;
#3735 = DIRECTION ( 'NONE',  ( 0.8376768486538581637, 0.000000000000000000, -0.5461661809644947629 ) ) ;
#3736 = ADVANCED_FACE ( 'NONE', ( #3922 ), #689, .F. ) ;
#3737 = ORIENTED_EDGE ( 'NONE', *, *, #2968, .T. ) ;
#3738 = EDGE_CURVE ( 'NONE', #2066, #3719, #2015, .T. ) ;
#3739 = CARTESIAN_POINT ( 'NONE',  ( -99.99778022952409628, 1076.559999999999945, 23.97971956385086401 ) ) ;
#3740 = CARTESIAN_POINT ( 'NONE',  ( -238.2618435604907745, 1077.559999999999945, 8.623513685525212580 ) ) ;
#3741 = CARTESIAN_POINT ( 'NONE',  ( -248.2263911974834230, 1076.959999999999809, 10.06564403484785863 ) ) ;
#3742 = ORIENTED_EDGE ( 'NONE', *, *, #3332, .F. ) ;
#3743 = LINE ( 'NONE', #3138, #63 ) ;
#3744 = CARTESIAN_POINT ( 'NONE',  ( -173.4395179607336104, 1165.440000000000055, 8.866531246998681226 ) ) ;
#3745 = CARTESIAN_POINT ( 'NONE',  ( -123.0258495498965630, 1081.559999999999945, 8.956862106542892832 ) ) ;
#3746 = CARTESIAN_POINT ( 'NONE',  ( 0.5936727027209565133, 1076.559999999999945, 22.07472482841616923 ) ) ;
#3747 = DIRECTION ( 'NONE',  ( -0.9996385584632011545, 0.000000000000000000, 0.02688405537885410826 ) ) ;
#3748 = AXIS2_PLACEMENT_3D ( 'NONE', #2207, #4125, #2185 ) ;
#3749 = ADVANCED_FACE ( 'NONE', ( #1347 ), #4048, .F. ) ;
#3750 = VECTOR ( 'NONE', #2152, 1000.000000000000114 ) ;
#3751 = ORIENTED_EDGE ( 'NONE', *, *, #715, .F. ) ;
#3752 = ORIENTED_EDGE ( 'NONE', *, *, #3617, .F. ) ;
#3753 = CARTESIAN_POINT ( 'NONE',  ( -274.1238790086579797, 1165.440000000000055, 2.239275516313835368 ) ) ;
#3754 = CARTESIAN_POINT ( 'NONE',  ( -117.3872845654308179, 1081.559999999999945, 27.32359723883181246 ) ) ;
#3755 = CARTESIAN_POINT ( 'NONE',  ( -244.8321065422305196, 1077.559999999999945, 7.777216704173523176 ) ) ;
#3756 = CARTESIAN_POINT ( 'NONE',  ( -112.2016622867483875, 1081.559999999999945, 28.10930200688546421 ) ) ;
#3757 = VECTOR ( 'NONE', #1383, 1000.000000000000227 ) ;
#3758 = VERTEX_POINT ( 'NONE', #536 ) ;
#3759 = ORIENTED_EDGE ( 'NONE', *, *, #3640, .F. ) ;
#3760 = CARTESIAN_POINT ( 'NONE',  ( -83.70945874280815246, 1076.559999999999945, 79.54992100822235557 ) ) ;
#3761 = DIRECTION ( 'NONE',  ( 0.000000000000000000, -1.000000000000000000, 0.000000000000000000 ) ) ;
#3762 = DIRECTION ( 'NONE',  ( 0.1609050596807223010, 0.000000000000000000, -0.9869698889880801351 ) ) ;
#3763 = LINE ( 'NONE', #865, #758 ) ;
#3764 = ORIENTED_EDGE ( 'NONE', *, *, #2612, .F. ) ;
#3765 = LINE ( 'NONE', #4101, #2297 ) ;
#3766 = CARTESIAN_POINT ( 'NONE',  ( -150.8221721565745383, 1165.440000000000055, 8.847120223398674099 ) ) ;
#3767 = PLANE ( 'NONE',  #2511 ) ;
#3768 = LINE ( 'NONE', #1272, #429 ) ;
#3769 = LINE ( 'NONE', #3790, #2919 ) ;
#3770 = ORIENTED_EDGE ( 'NONE', *, *, #507, .T. ) ;
#3771 = AXIS2_PLACEMENT_3D ( 'NONE', #2865, #874, #189 ) ;
#3772 = EDGE_LOOP ( 'NONE', ( #4006, #3024, #2792, #4171 ) ) ;
#3773 = ORIENTED_EDGE ( 'NONE', *, *, #3554, .T. ) ;
#3774 = ADVANCED_FACE ( 'NONE', ( #1083 ), #3132, .T. ) ;
#3775 = DIRECTION ( 'NONE',  ( 0.02688405537842415011, 0.000000000000000000, 0.9996385584632127008 ) ) ;
#3776 = CARTESIAN_POINT ( 'NONE',  ( -113.5285485838877833, 1077.559999999999945, 8.528672068350594770 ) ) ;
#3777 = CARTESIAN_POINT ( 'NONE',  ( -133.9566240984101739, 1077.559999999999945, 9.287166304838097020 ) ) ;
#3778 = DIRECTION ( 'NONE',  ( -0.5812758212746363951, 0.000000000000000000, 0.8137065930674871606 ) ) ;
#3779 = VERTEX_POINT ( 'NONE', #3106 ) ;
#3780 = PLANE ( 'NONE',  #406 ) ;
#3781 = CARTESIAN_POINT ( 'NONE',  ( -92.49999999999820943, 1081.559999999999945, 16.74722354252501688 ) ) ;
#3782 = DIRECTION ( 'NONE',  ( 0.000000000000000000, -0.000000000000000000, -1.000000000000000000 ) ) ;
#3783 = DIRECTION ( 'NONE',  ( 0.02646596929540921336, 0.000000000000000000, 0.9996497148847962588 ) ) ;
#3784 = EDGE_CURVE ( 'NONE', #3880, #2209, #1206, .T. ) ;
#3785 = ORIENTED_EDGE ( 'NONE', *, *, #732, .T. ) ;
#3786 = DIRECTION ( 'NONE',  ( 0.000000000000000000, 0.000000000000000000, 1.000000000000000000 ) ) ;
#3787 = B_SPLINE_CURVE_WITH_KNOTS ( 'NONE', 3,
 ( #2448, #3134, #1523, #4098, #3741 ),
 .UNSPECIFIED., .F., .F.,
 ( 4, 1, 4 ),
 ( 0.1693759336805757132, 0.1743140018632464150, 0.1751933918558024050 ),
 .UNSPECIFIED. ) ;
#3788 = DIRECTION ( 'NONE',  ( 0.000000000000000000, 1.000000000000000000, -0.000000000000000000 ) ) ;
#3789 = FACE_OUTER_BOUND ( 'NONE', #2428, .T. ) ;
#3790 = CARTESIAN_POINT ( 'NONE',  ( -112.8759871213074035, 1076.559999999999945, 3.035661502803514988 ) ) ;
#3791 = VECTOR ( 'NONE', #1232, 1000.000000000000000 ) ;
#3792 = AXIS2_PLACEMENT_3D ( 'NONE', #808, #741, #166 ) ;
#3793 = VERTEX_POINT ( 'NONE', #3317 ) ;
#3794 = VECTOR ( 'NONE', #3881, 1000.000000000000114 ) ;
#3795 = EDGE_LOOP ( 'NONE', ( #784, #2543, #440, #1186 ) ) ;
#3796 = CARTESIAN_POINT ( 'NONE',  ( -149.2125205955655929, 1076.559999999999945, 25.91972275192642883 ) ) ;
#3797 = CARTESIAN_POINT ( 'NONE',  ( -187.8555102931843237, 1077.559999999999945, 17.45826335425561382 ) ) ;
#3798 = DIRECTION ( 'NONE',  ( 0.000000000000000000, -0.000000000000000000, -1.000000000000000000 ) ) ;
#3799 = CARTESIAN_POINT ( 'NONE',  ( -199.8824428963919786, 1076.959999999999582, 9.209042318107012903 ) ) ;
#3800 = EDGE_CURVE ( 'NONE', #2170, #2157, #2363, .T. ) ;
#3801 = ORIENTED_EDGE ( 'NONE', *, *, #3495, .T. ) ;
#3802 = EDGE_LOOP ( 'NONE', ( #1634, #946, #2893, #1633 ) ) ;
#3803 = DIRECTION ( 'NONE',  ( 0.000000000000000000, -0.000000000000000000, -1.000000000000000000 ) ) ;
#3804 = CARTESIAN_POINT ( 'NONE',  ( -113.5285485838877975, 1081.559999999999945, 8.528672068350594770 ) ) ;
#3805 = LINE ( 'NONE', #1887, #1432 ) ;
#3806 = VERTEX_POINT ( 'NONE', #1521 ) ;
#3807 = LINE ( 'NONE', #569, #3654 ) ;
#3808 = ADVANCED_FACE ( 'NONE', ( #2339 ), #3780, .F. ) ;
#3809 = DIRECTION ( 'NONE',  ( 0.6888675014067556779, 0.000000000000000000, 0.7248872777926326227 ) ) ;
#3810 =( NAMED_UNIT ( * ) SI_UNIT ( $, .STERADIAN. ) SOLID_ANGLE_UNIT ( ) );
#3811 = PLANE ( 'NONE',  #2689 ) ;
#3812 = ADVANCED_FACE ( 'NONE', ( #759 ), #734, .F. ) ;
#3813 = PRODUCT_DEFINITION ( 'UNKNOWN', '', #266, #3383 ) ;
#3814 = EDGE_LOOP ( 'NONE', ( #2804, #446, #4095, #3063 ) ) ;
#3815 = FACE_OUTER_BOUND ( 'NONE', #3144, .T. ) ;
#3816 = CARTESIAN_POINT ( 'NONE',  ( -292.2254576542359246, 1076.959999999999809, 1.434434858990511596 ) ) ;
#3817 = PLANE ( 'NONE',  #1095 ) ;
#3818 = VERTEX_POINT ( 'NONE', #1709 ) ;
#3819 = VERTEX_POINT ( 'NONE', #2446 ) ;
#3820 = DIRECTION ( 'NONE',  ( -0.7248872777926363975, 0.000000000000000000, 0.6888675014067519031 ) ) ;
#3821 = CYLINDRICAL_SURFACE ( 'NONE', #4157, 0.6007478931679237633 ) ;
#3822 = CARTESIAN_POINT ( 'NONE',  ( -98.79510912553676860, 1076.559999999999945, 10.31514758700471290 ) ) ;
#3823 = AXIS2_PLACEMENT_3D ( 'NONE', #1975, #3934, #701 ) ;
#3824 = VERTEX_POINT ( 'NONE', #1686 ) ;
#3825 = DIRECTION ( 'NONE',  ( 0.7248872777926379518, 0.000000000000000000, -0.6888675014067501268 ) ) ;
#3826 = EDGE_CURVE ( 'NONE', #1618, #2157, #2981, .T. ) ;
#3827 = EDGE_CURVE ( 'NONE', #2991, #2514, #2469, .T. ) ;
#3828 = LINE ( 'NONE', #292, #1836 ) ;
#3829 = CARTESIAN_POINT ( 'NONE',  ( 0.000000000000000000, 1076.959999999999809, 0.000000000000000000 ) ) ;
#3830 = PLANE ( 'NONE',  #799 ) ;
#3831 = CARTESIAN_POINT ( 'NONE',  ( -262.6644455877041651, 1165.440000000000055, 7.467009704362865818 ) ) ;
#3832 = DIRECTION ( 'NONE',  ( 0.000000000000000000, -1.000000000000000000, 0.000000000000000000 ) ) ;
#3833 = DIRECTION ( 'NONE',  ( 0.000000000000000000, -1.000000000000000000, 0.000000000000000000 ) ) ;
#3834 = ORIENTED_EDGE ( 'NONE', *, *, #3389, .T. ) ;
#3835 = VERTEX_POINT ( 'NONE', #1371 ) ;
#3836 = ORIENTED_EDGE ( 'NONE', *, *, #1800, .T. ) ;
#3837 = DIRECTION ( 'NONE',  ( 0.9286912196815906295, 0.000000000000000000, -0.3708539045046170268 ) ) ;
#3838 = CARTESIAN_POINT ( 'NONE',  ( -297.6853304518525078, 1076.559999999999945, 0.07763497805441094135 ) ) ;
#3839 = CARTESIAN_POINT ( 'NONE',  ( -164.2408507514658993, 1077.559999999999945, 24.50836570409287773 ) ) ;
#3840 = ORIENTED_EDGE ( 'NONE', *, *, #745, .F. ) ;
#3841 = CARTESIAN_POINT ( 'NONE',  ( -242.5546761553364092, 1076.959999999999809, 11.33505664491636189 ) ) ;
#3842 = EDGE_CURVE ( 'NONE', #3954, #2378, #387, .T. ) ;
#3843 = FACE_BOUND ( 'NONE', #3191, .T. ) ;
#3844 = CARTESIAN_POINT ( 'NONE',  ( -265.8557205421092817, 1081.559999999999945, 6.670256816194243932 ) ) ;
#3845 = CARTESIAN_POINT ( 'NONE',  ( -241.8427587424439764, 1077.559999999999945, 10.92287269651130721 ) ) ;
#3846 = CARTESIAN_POINT ( 'NONE',  ( -264.1907845933577050, 1165.440000000000055, -17.38774865900553124 ) ) ;
#3847 = VECTOR ( 'NONE', #1625, 1000.000000000000114 ) ;
#3848 = CARTESIAN_POINT ( 'NONE',  ( -261.5617635561013685, 1165.440000000000055, 7.738060476453454406 ) ) ;
#3849 = CARTESIAN_POINT ( 'NONE',  ( -287.8070055318488016, 1076.559999999999945, 3.847726477039149717 ) ) ;
#3850 = CARTESIAN_POINT ( 'NONE',  ( -300.0000000000000000, 1076.559999999999945, 0.000000000000000000 ) ) ;
#3851 = EDGE_CURVE ( 'NONE', #1348, #3998, #3006, .T. ) ;
#3852 = VECTOR ( 'NONE', #862, 1000.000000000000000 ) ;
#3853 = VERTEX_POINT ( 'NONE', #1393 ) ;
#3854 = VECTOR ( 'NONE', #1590, 1000.000000000000000 ) ;
#3855 = EDGE_LOOP ( 'NONE', ( #2513, #3397, #1952, #1231 ) ) ;
#3856 = CARTESIAN_POINT ( 'NONE',  ( -177.8347060259989121, 1077.559999999999945, 9.552397567821030222 ) ) ;
#3857 = CARTESIAN_POINT ( 'NONE',  ( -205.0226850628186241, 1076.959999999999809, 18.72112452208074274 ) ) ;
#3858 = VECTOR ( 'NONE', #1555, 1000.000000000000000 ) ;
#3859 = CARTESIAN_POINT ( 'NONE',  ( -103.7443451577378539, 1076.959999999999809, -109.1689705120349458 ) ) ;
#3860 = AXIS2_PLACEMENT_3D ( 'NONE', #959, #2887, #3866 ) ;
#3861 = ORIENTED_EDGE ( 'NONE', *, *, #3332, .T. ) ;
#3862 = ORIENTED_EDGE ( 'NONE', *, *, #2009, .T. ) ;
#3863 = CARTESIAN_POINT ( 'NONE',  ( -250.1640547648514712, 1081.559999999999945, 10.47245111218835234 ) ) ;
#3864 = FACE_BOUND ( 'NONE', #643, .T. ) ;
#3865 = LINE ( 'NONE', #1964, #3913 ) ;
#3866 = DIRECTION ( 'NONE',  ( 0.000000000000000000, 0.000000000000000000, -1.000000000000000000 ) ) ;
#3867 = CARTESIAN_POINT ( 'NONE',  ( -252.9784568474884736, 1081.559999999999945, -41.24291343747757566 ) ) ;
#3868 =( BOUNDED_CURVE ( )  B_SPLINE_CURVE ( 3, ( #2933, #20, #661, #3245 ),
 .UNSPECIFIED., .F., .T. ) 
 B_SPLINE_CURVE_WITH_KNOTS ( ( 4, 4 ),
 ( 0.4721547818380111838, 2.569620353406168789 ),
 .UNSPECIFIED. ) 
 CURVE ( )  GEOMETRIC_REPRESENTATION_ITEM ( )  RATIONAL_B_SPLINE_CURVE ( ( 1.000000000000000000, 0.6657799060883726749, 0.6657799060883726749, 1.000000000000000000 ) ) 
 REPRESENTATION_ITEM ( '' )  );
#3869 = LINE ( 'NONE', #2345, #3985 ) ;
#3870 = CARTESIAN_POINT ( 'NONE',  ( -280.6338063822633444, 1165.440000000000055, 5.055185953166628998 ) ) ;
#3871 = CARTESIAN_POINT ( 'NONE',  ( -102.3130301131315036, 1077.559999999999945, 93.74915243284928579 ) ) ;
#3872 = EDGE_CURVE ( 'NONE', #1213, #4071, #107, .T. ) ;
#3873 = ORIENTED_EDGE ( 'NONE', *, *, #2430, .T. ) ;
#3874 = VERTEX_POINT ( 'NONE', #3739 ) ;
#3875 = CARTESIAN_POINT ( 'NONE',  ( -190.7528261741830136, 1081.559999999999945, 21.03932599842006823 ) ) ;
#3876 = CARTESIAN_POINT ( 'NONE',  ( -164.4189516322942950, 1076.559999999999945, 23.02218692096814934 ) ) ;
#3877 = DIRECTION ( 'NONE',  ( -0.9996385584632172527, 0.000000000000000000, 0.02688405537825354352 ) ) ;
#3878 = B_SPLINE_CURVE_WITH_KNOTS ( 'NONE', 3,
 ( #3047, #1416, #2054, #1441, #3362 ),
 .UNSPECIFIED., .F., .F.,
 ( 4, 1, 4 ),
 ( 0.7267658522541764476, 0.7318357230699213956, 0.7341799153758701291 ),
 .UNSPECIFIED. ) ;
#3879 = VECTOR ( 'NONE', #1074, 999.9999999999998863 ) ;
#3880 = VERTEX_POINT ( 'NONE', #839 ) ;
#3881 = DIRECTION ( 'NONE',  ( -0.7248872777926330668, 0.000000000000000000, 0.6888675014067552338 ) ) ;
#3882 = PLANE ( 'NONE',  #1498 ) ;
#3883 = ORIENTED_EDGE ( 'NONE', *, *, #3088, .F. ) ;
#3884 = CARTESIAN_POINT ( 'NONE',  ( -295.2960495105454584, 1076.559999999999718, 0.3249056940346981004 ) ) ;
#3885 = FACE_OUTER_BOUND ( 'NONE', #2491, .T. ) ;
#3886 = DIRECTION ( 'NONE',  ( 0.1609050596805300659, 0.000000000000000000, -0.9869698889881115544 ) ) ;
#3887 = CARTESIAN_POINT ( 'NONE',  ( -260.8337779118351136, 1076.959999999999582, 6.940564282543896013 ) ) ;
#3888 = FACE_OUTER_BOUND ( 'NONE', #989, .T. ) ;
#3889 = CARTESIAN_POINT ( 'NONE',  ( -154.5807832906197916, 1076.559999999999945, 26.32937649834314442 ) ) ;
#3890 = B_SPLINE_CURVE_WITH_KNOTS ( 'NONE', 3,
 ( #457, #3055, #144, #1445, #4016 ),
 .UNSPECIFIED., .F., .F.,
 ( 4, 1, 4 ),
 ( 0.1265145920008332037, 0.1356275895091633710, 0.1386002152245789931 ),
 .UNSPECIFIED. ) ;
#3891 = ADVANCED_FACE ( 'NONE', ( #2131 ), #198, .T. ) ;
#3892 = ORIENTED_EDGE ( 'NONE', *, *, #650, .T. ) ;
#3893 = CARTESIAN_POINT ( 'NONE',  ( -260.8576000477224284, 1081.560000000000173, 7.086686038297521861 ) ) ;
#3894 = CARTESIAN_POINT ( 'NONE',  ( -57.13222982526929172, 1076.559999999999945, 61.90651317224560302 ) ) ;
#3895 = CARTESIAN_POINT ( 'NONE',  ( -275.1101811045251111, 1165.440000000000055, 6.552289714361143602 ) ) ;
#3896 = VERTEX_POINT ( 'NONE', #2789 ) ;
#3897 = VECTOR ( 'NONE', #2352, 1000.000000000000114 ) ;
#3898 = DIRECTION ( 'NONE',  ( 0.000000000000000000, -1.000000000000000000, 0.000000000000000000 ) ) ;
#3899 = EDGE_CURVE ( 'NONE', #929, #1322, #4073, .T. ) ;
#3900 = FACE_BOUND ( 'NONE', #2892, .T. ) ;
#3901 = ORIENTED_EDGE ( 'NONE', *, *, #2109, .T. ) ;
#3902 = CARTESIAN_POINT ( 'NONE',  ( -255.0873318177361284, 1077.559999999999945, 7.269166099123650859 ) ) ;
#3903 = DIRECTION ( 'NONE',  ( 0.01060253998774570924, 0.000000000000000000, -0.9999437914932058913 ) ) ;
#3904 = CARTESIAN_POINT ( 'NONE',  ( -265.5219321219681774, 1165.440000000000055, 2.837808823443983997 ) ) ;
#3905 = CARTESIAN_POINT ( 'NONE',  ( -79.60021247432545977, 1077.559999999999945, -83.76237986898324550 ) ) ;
#3906 = CYLINDRICAL_SURFACE ( 'NONE', #1791, 0.5999999999999685585 ) ;
#3907 = LINE ( 'NONE', #1048, #1695 ) ;
#3908 = ORIENTED_EDGE ( 'NONE', *, *, #352, .T. ) ;
#3909 = FACE_OUTER_BOUND ( 'NONE', #309, .T. ) ;
#3910 = PLANE ( 'NONE',  #3823 ) ;
#3911 = CARTESIAN_POINT ( 'NONE',  ( -285.9904385892309051, 1165.440000000000055, 3.527721545625652766 ) ) ;
#3912 = CARTESIAN_POINT ( 'NONE',  ( -164.3938166502456681, 1076.559999999999945, 9.632323722520098386 ) ) ;
#3913 = VECTOR ( 'NONE', #30, 1000.000000000000114 ) ;
#3914 = EDGE_CURVE ( 'NONE', #4076, #795, #1413, .T. ) ;
#3915 = AXIS2_PLACEMENT_3D ( 'NONE', #2314, #3285, #3626 ) ;
#3916 = ORIENTED_EDGE ( 'NONE', *, *, #1916, .F. ) ;
#3917 = VECTOR ( 'NONE', #1979, 1000.000000000000114 ) ;
#3918 = ORIENTED_EDGE ( 'NONE', *, *, #3978, .F. ) ;
#3919 = DIRECTION ( 'NONE',  ( 0.000000000000000000, -1.000000000000000000, 0.000000000000000000 ) ) ;
#3920 = EDGE_CURVE ( 'NONE', #2405, #1925, #886, .T. ) ;
#3921 = ADVANCED_FACE ( 'NONE', ( #1593 ), #1540, .F. ) ;
#3922 = FACE_OUTER_BOUND ( 'NONE', #3997, .T. ) ;
#3923 = ORIENTED_EDGE ( 'NONE', *, *, #4105, .F. ) ;
#3924 = CARTESIAN_POINT ( 'NONE',  ( -282.4215676329395706, 1165.440000000000055, 1.563290641976436968 ) ) ;
#3925 = CARTESIAN_POINT ( 'NONE',  ( -252.0785529140159724, 1076.959999999999809, 7.428040944472593665 ) ) ;
#3926 = LINE ( 'NONE', #3993, #1007 ) ;
#3927 = CARTESIAN_POINT ( 'NONE',  ( -199.5036048788796279, 1076.959999999999582, 9.217415272723718189 ) ) ;
#3928 = LINE ( 'NONE', #2709, #1050 ) ;
#3929 = EDGE_CURVE ( 'NONE', #1142, #1921, #1431, .T. ) ;
#3930 = CARTESIAN_POINT ( 'NONE',  ( -259.4640068570307108, 1076.559999999999945, 8.261595196954861109 ) ) ;
#3931 = ORIENTED_EDGE ( 'NONE', *, *, #159, .T. ) ;
#3932 = ORIENTED_EDGE ( 'NONE', *, *, #1809, .T. ) ;
#3933 = DIRECTION ( 'NONE',  ( 0.01060253998775674729, 0.000000000000000000, -0.9999437914932057803 ) ) ;
#3934 = DIRECTION ( 'NONE',  ( 0.000000000000000000, -1.000000000000000000, 0.000000000000000000 ) ) ;
#3935 = CARTESIAN_POINT ( 'NONE',  ( -266.6398104252421604, 1076.959999999999809, 6.507882213807839378 ) ) ;
#3936 = CARTESIAN_POINT ( 'NONE',  ( -259.4640068570307108, 1081.559999999999945, 8.261595196954861109 ) ) ;
#3937 = ORIENTED_EDGE ( 'NONE', *, *, #2559, .T. ) ;
#3938 = ORIENTED_EDGE ( 'NONE', *, *, #993, .F. ) ;
#3939 = ORIENTED_EDGE ( 'NONE', *, *, #373, .T. ) ;
#3940 = CARTESIAN_POINT ( 'NONE',  ( -177.9340017912533369, 1077.559999999999945, -1.886658415423741575 ) ) ;
#3941 = VECTOR ( 'NONE', #863, 1000.000000000000000 ) ;
#3942 = EDGE_CURVE ( 'NONE', #3452, #776, #1282, .T. ) ;
#3943 = DIRECTION ( 'NONE',  ( 0.8137065930674900471, 0.000000000000000000, 0.5812758212746321762 ) ) ;
#3944 = ORIENTED_EDGE ( 'NONE', *, *, #2117, .F. ) ;
#3945 = DIRECTION ( 'NONE',  ( 0.000000000000000000, -1.000000000000000000, 0.000000000000000000 ) ) ;
#3946 = CARTESIAN_POINT ( 'NONE',  ( -238.2426487862577460, 1077.559999999999945, 8.058241179778804053 ) ) ;
#3947 = DIRECTION ( 'NONE',  ( 0.6888675014067491276, 0.000000000000000000, 0.7248872777926389510 ) ) ;
#3948 = DIRECTION ( 'NONE',  ( 0.6888675014067495717, 0.000000000000000000, 0.7248872777926386179 ) ) ;
#3949 = DIRECTION ( 'NONE',  ( -0.8530756398719007150, 0.000000000000000000, 0.5217872676265177256 ) ) ;
#3950 = CARTESIAN_POINT ( 'NONE',  ( -165.5923904649428948, 1077.559999999999945, 9.690496330747528475 ) ) ;
#3951 = ADVANCED_FACE ( 'NONE', ( #644 ), #3169, .F. ) ;
#3952 = ORIENTED_EDGE ( 'NONE', *, *, #2228, .T. ) ;
#3953 = VERTEX_POINT ( 'NONE', #2174 ) ;
#3954 = VERTEX_POINT ( 'NONE', #2232 ) ;
#3955 = CARTESIAN_POINT ( 'NONE',  ( -177.9340017912533369, 1077.559999999999945, -1.886658415423741575 ) ) ;
#3956 = CARTESIAN_POINT ( 'NONE',  ( -132.7570495598771174, 1076.559999999999945, 9.255214942794435018 ) ) ;
#3957 = DIRECTION ( 'NONE',  ( 0.9286912196815906295, 0.000000000000000000, -0.3708539045046170268 ) ) ;
#3958 = CARTESIAN_POINT ( 'NONE',  ( -196.2236163048101787, 1076.559999999999945, 21.18604354544763169 ) ) ;
#3959 = ORIENTED_EDGE ( 'NONE', *, *, #3165, .F. ) ;
#3960 = VERTEX_POINT ( 'NONE', #3856 ) ;
#3961 = ORIENTED_EDGE ( 'NONE', *, *, #587, .F. ) ;
#3962 = FACE_OUTER_BOUND ( 'NONE', #1749, .T. ) ;
#3963 = AXIS2_PLACEMENT_3D ( 'NONE', #1811, #1787, #192 ) ;
#3964 = CARTESIAN_POINT ( 'NONE',  ( -197.6509316559068736, 1076.959999999999809, 18.36862119522872661 ) ) ;
#3965 = ORIENTED_EDGE ( 'NONE', *, *, #2744, .T. ) ;
#3966 = DIRECTION ( 'NONE',  ( -0.7241518884010734736, 0.000000000000000000, -0.6896405168819181863 ) ) ;
#3967 = DIRECTION ( 'NONE',  ( -0.000000000000000000, -1.000000000000000000, -0.000000000000000000 ) ) ;
#3968 = DIRECTION ( 'NONE',  ( 0.6888675014067497937, 0.000000000000000000, 0.7248872777926383959 ) ) ;
#3969 = B_SPLINE_CURVE_WITH_KNOTS ( 'NONE', 13,
 ( #1742, #4068, #833, #3753, #1136, #1764, #124, #3437, #2124, #1450, #3976, #441, #2716, #3036 ),
 .UNSPECIFIED., .F., .F.,
 ( 14, 14 ),
 ( 0.9375780134687023981, 1.000000000000000000 ),
 .UNSPECIFIED. ) ;
#3970 = EDGE_CURVE ( 'NONE', #1525, #407, #2577, .T. ) ;
#3971 = CARTESIAN_POINT ( 'NONE',  ( -171.1374583195585330, 1076.559999999999718, 9.645899208250041212 ) ) ;
#3972 = DIRECTION ( 'NONE',  ( 0.7248872777926378408, 0.000000000000000000, -0.6888675014067503488 ) ) ;
#3973 = CARTESIAN_POINT ( 'NONE',  ( -140.1163786704161112, 1076.559999999999718, 26.58487205923218966 ) ) ;
#3974 = VERTEX_POINT ( 'NONE', #909 ) ;
#3975 = ORIENTED_EDGE ( 'NONE', *, *, #34, .T. ) ;
#3976 = CARTESIAN_POINT ( 'NONE',  ( -292.8379051515317428, 1165.440000000000055, 0.5759372687055264173 ) ) ;
#3977 = CARTESIAN_POINT ( 'NONE',  ( 0.000000000000000000, 1076.959999999999809, 0.000000000000000000 ) ) ;
#3978 = EDGE_CURVE ( 'NONE', #3122, #711, #1366, .T. ) ;
#3979 = CARTESIAN_POINT ( 'NONE',  ( -112.8759871213101178, 1081.559999999999945, 3.035661502869943629 ) ) ;
#3980 = DIRECTION ( 'NONE',  ( 0.9978411957034449831, -0.000000000000000000, 0.06567303980416459852 ) ) ;
#3981 = EDGE_LOOP ( 'NONE', ( #1592, #3983, #8, #85 ) ) ;
#3982 = ORIENTED_EDGE ( 'NONE', *, *, #2187, .T. ) ;
#3983 = ORIENTED_EDGE ( 'NONE', *, *, #926, .F. ) ;
#3985 = VECTOR ( 'NONE', #3300, 1000.000000000000114 ) ;
#3984 = PLANE ( 'NONE',  #67 ) ;
#3986 = EDGE_CURVE ( 'NONE', #837, #4129, #549, .T. ) ;
#3987 = VECTOR ( 'NONE', #969, 1000.000000000000114 ) ;
#3988 = EDGE_CURVE ( 'NONE', #2486, #3289, #2833, .T. ) ;
#3989 = VECTOR ( 'NONE', #1904, 1000.000000000000000 ) ;
#3990 = ORIENTED_EDGE ( 'NONE', *, *, #4136, .T. ) ;
#3991 = CARTESIAN_POINT ( 'NONE',  ( -198.4327075881555231, 1081.559999999999945, 11.51359134017623020 ) ) ;
#3992 = CARTESIAN_POINT ( 'NONE',  ( -57.94607177228484574, 1076.559999999999945, 62.78836422842088183 ) ) ;
#3993 = CARTESIAN_POINT ( 'NONE',  ( -65.32499969352929270, 1076.959999999999809, -106.8005475999412823 ) ) ;
#3994 = DIRECTION ( 'NONE',  ( 0.9996385584632172527, 0.000000000000000000, -0.02688405537825217656 ) ) ;
#3995 = CARTESIAN_POINT ( 'NONE',  ( -246.0930087101614845, 1077.559999999999945, 7.719654219035418485 ) ) ;
#3996 = CARTESIAN_POINT ( 'NONE',  ( -130.8533786264969194, 1076.559999999999718, 27.04426762654682648 ) ) ;
#3997 = EDGE_LOOP ( 'NONE', ( #425, #557, #1303, #1982 ) ) ;
#3998 = VERTEX_POINT ( 'NONE', #2197 ) ;
#3999 = ADVANCED_FACE ( 'NONE', ( #4117 ), #1245, .T. ) ;
#4000 = CARTESIAN_POINT ( 'NONE',  ( -89.62753892102892905, 1077.559999999999945, 125.4662875543850191 ) ) ;
#4001 = CARTESIAN_POINT ( 'NONE',  ( -132.7140058270198040, 1076.560000000000173, 9.254047714990708329 ) ) ;
#4002 = CARTESIAN_POINT ( 'NONE',  ( -285.9904385892309051, 1076.960000000000036, 3.527721545625652766 ) ) ;
#4003 = CARTESIAN_POINT ( 'NONE',  ( -69.87710367951460455, 1077.559999999999945, -107.1733000749819951 ) ) ;
#4004 = ORIENTED_EDGE ( 'NONE', *, *, #2667, .F. ) ;
#4005 = ORIENTED_EDGE ( 'NONE', *, *, #2099, .F. ) ;
#4006 = ORIENTED_EDGE ( 'NONE', *, *, #2090, .F. ) ;
#4007 = DIRECTION ( 'NONE',  ( 0.6888675014067497937, 0.000000000000000000, 0.7248872777926383959 ) ) ;
#4008 = VERTEX_POINT ( 'NONE', #3508 ) ;
#4009 = ORIENTED_EDGE ( 'NONE', *, *, #395, .T. ) ;
#4010 = CARTESIAN_POINT ( 'NONE',  ( -277.4549981297886347, 1165.440000000000055, 6.762558882627204504 ) ) ;
#4011 = CARTESIAN_POINT ( 'NONE',  ( -260.9867192135914138, 1165.440000000000055, 7.878685561044471264 ) ) ;
#4012 = CARTESIAN_POINT ( 'NONE',  ( -260.7875091709692583, 1076.959999999999582, 7.103832979036240225 ) ) ;
#4013 = VECTOR ( 'NONE', #3142, 1000.000000000000114 ) ;
#4014 = DIRECTION ( 'NONE',  ( 0.000000000000000000, -1.000000000000000000, 0.000000000000000000 ) ) ;
#4015 = CARTESIAN_POINT ( 'NONE',  ( -264.9890575499149463, 1076.959999999999809, -17.44028709088449247 ) ) ;
#4016 = CARTESIAN_POINT ( 'NONE',  ( -165.9276959313934015, 1076.559999999999945, 24.32335976594871241 ) ) ;
#4017 = ORIENTED_EDGE ( 'NONE', *, *, #285, .F. ) ;
#4018 = VERTEX_POINT ( 'NONE', #3488 ) ;
#4019 = ORIENTED_EDGE ( 'NONE', *, *, #1896, .F. ) ;
#4020 = CARTESIAN_POINT ( 'NONE',  ( -293.2676002059569100, 1165.440000000000055, 1.330312713633649668 ) ) ;
#4021 = CARTESIAN_POINT ( 'NONE',  ( -115.5180971449239138, 1076.559999999999945, 7.824897445543522956 ) ) ;
#4022 = CARTESIAN_POINT ( 'NONE',  ( -185.9315778033651441, 1076.559999999999945, 18.58588332090532091 ) ) ;
#4023 = LINE ( 'NONE', #1157, #2845 ) ;
#4024 = EDGE_CURVE ( 'NONE', #25, #3122, #6, .T. ) ;
#4025 = VERTEX_POINT ( 'NONE', #2253 ) ;
#4026 = ORIENTED_EDGE ( 'NONE', *, *, #3784, .F. ) ;
#4027 = ORIENTED_EDGE ( 'NONE', *, *, #1596, .F. ) ;
#4028 = CARTESIAN_POINT ( 'NONE',  ( -196.9577467012201737, 1077.559999999999945, 12.34914432081862756 ) ) ;
#4029 = ORIENTED_EDGE ( 'NONE', *, *, #3920, .T. ) ;
#4030 = ORIENTED_EDGE ( 'NONE', *, *, #1014, .T. ) ;
#4031 = CARTESIAN_POINT ( 'NONE',  ( -179.5174658418248157, 1077.559999999999945, 9.534537799042796635 ) ) ;
#4032 = CARTESIAN_POINT ( 'NONE',  ( -240.4624955004808839, 1165.440000000000055, 7.187158872640684315 ) ) ;
#4033 = VERTEX_POINT ( 'NONE', #303 ) ;
#4034 = CARTESIAN_POINT ( 'NONE',  ( -269.9384435895143497, 1076.959999999999809, 3.340010526439208149 ) ) ;
#4035 = PLANE ( 'NONE',  #2201 ) ;
#4036 = VECTOR ( 'NONE', #3933, 1000.000000000000114 ) ;
#4037 = CARTESIAN_POINT ( 'NONE',  ( -199.5036048788796279, 1081.559999999999945, 9.217415272723718189 ) ) ;
#4038 = EDGE_CURVE ( 'NONE', #2002, #1576, #1885, .T. ) ;
#4039 = ORIENTED_EDGE ( 'NONE', *, *, #1645, .T. ) ;
#4040 = EDGE_LOOP ( 'NONE', ( #287, #970, #4053, #4052 ) ) ;
#4041 = ORIENTED_EDGE ( 'NONE', *, *, #677, .T. ) ;
#4042 = CARTESIAN_POINT ( 'NONE',  ( -199.9493753164614702, 1076.959999999999582, 19.59184744843430792 ) ) ;
#4043 = CARTESIAN_POINT ( 'NONE',  ( -228.6383456797400697, 1076.959999999999809, 8.415405281992565989 ) ) ;
#4044 = CARTESIAN_POINT ( 'NONE',  ( -164.4189516322942950, 1077.559999999999945, 23.02218692096814934 ) ) ;
#4045 = B_SPLINE_CURVE_WITH_KNOTS ( 'NONE', 3,
 ( #2594, #1994, #3583, #991 ),
 .UNSPECIFIED., .F., .F.,
 ( 4, 4 ),
 ( 0.1142625518259317435, 0.1149940070021487487 ),
 .UNSPECIFIED. ) ;
#4046 = CARTESIAN_POINT ( 'NONE',  ( 0.000000000000000000, 0.000000000000000000, 0.000000000000000000 ) ) ;
#4047 = ORIENTED_EDGE ( 'NONE', *, *, #2674, .T. ) ;
#4048 = PLANE ( 'NONE',  #2442 ) ;
#4049 = ORIENTED_EDGE ( 'NONE', *, *, #416, .T. ) ;
#4050 = CARTESIAN_POINT ( 'NONE',  ( -49.20153583355309479, 1077.559999999999945, -51.77420520022768358 ) ) ;
#4051 = ADVANCED_FACE ( 'NONE', ( #1264 ), #4138, .T. ) ;
#4052 = ORIENTED_EDGE ( 'NONE', *, *, #596, .T. ) ;
#4053 = ORIENTED_EDGE ( 'NONE', *, *, #3700, .F. ) ;
#4054 = DIRECTION ( 'NONE',  ( 0.000000000000000000, 0.000000000000000000, -1.000000000000000000 ) ) ;
#4055 = ADVANCED_FACE ( 'NONE', ( #2552 ), #127, .T. ) ;
#4056 = EDGE_CURVE ( 'NONE', #625, #1348, #1656, .T. ) ;
#4057 = CARTESIAN_POINT ( 'NONE',  ( -122.1786715887263881, 1165.440000000000055, 8.123971859965671172 ) ) ;
#4058 = CIRCLE ( 'NONE', #1230, 0.6007478931679237633 ) ;
#4059 = VECTOR ( 'NONE', #3877, 1000.000000000000000 ) ;
#4060 = VECTOR ( 'NONE', #3591, 1000.000000000000000 ) ;
#4061 = CARTESIAN_POINT ( 'NONE',  ( -190.1890343107848480, 1081.560000000000173, 9.385866078296785986 ) ) ;
#4062 = DIRECTION ( 'NONE',  ( -0.9999982381285569266, 0.000000000000000000, -0.001877162694616529154 ) ) ;
#4063 = CARTESIAN_POINT ( 'NONE',  ( -244.8321065422305196, 1076.959999999999809, 7.777216704173523176 ) ) ;
#4064 = ORIENTED_EDGE ( 'NONE', *, *, #285, .T. ) ;
#4065 = EDGE_CURVE ( 'NONE', #2697, #2635, #3386, .T. ) ;
#4066 = VERTEX_POINT ( 'NONE', #725 ) ;
#4067 = ORIENTED_EDGE ( 'NONE', *, *, #509, .T. ) ;
#4068 = CARTESIAN_POINT ( 'NONE',  ( -268.4179018073645011, 1165.440000000000055, 2.647210225952845608 ) ) ;
#4069 = CARTESIAN_POINT ( 'NONE',  ( -222.8468073653594104, 1081.559999999999945, 7.840947217310170636 ) ) ;
#4070 = DIRECTION ( 'NONE',  ( -0.02646596929540921336, 0.000000000000000000, -0.9996497148847962588 ) ) ;
#4071 = VERTEX_POINT ( 'NONE', #2954 ) ;
#4072 = ORIENTED_EDGE ( 'NONE', *, *, #332, .F. ) ;
#4073 = LINE ( 'NONE', #3760, #3852 ) ;
#4074 = CARTESIAN_POINT ( 'NONE',  ( -279.6950825001121075, 1076.559999999999945, 1.796581939513774318 ) ) ;
#4075 = LINE ( 'NONE', #1477, #1843 ) ;
#4076 = VERTEX_POINT ( 'NONE', #1098 ) ;
#4077 = B_SPLINE_SURFACE_WITH_KNOTS ( 'NONE', 3, 1, ( 
 ( #2652, #2914 ),
 ( #1284, #324 ),
 ( #1617, #2973 ),
 ( #3911, #2574 ),
 ( #61, #1995 ),
 ( #3895, #3264 ),
 ( #3247, #343 ),
 ( #359, #3584 ),
 ( #1362, #1655 ) ),
 .UNSPECIFIED., .F., .F., .F.,
 ( 4, 1, 1, 1, 1, 1, 4 ),
 ( 2, 2 ),
 ( 0.008052357163078591867, 0.01180441452156862081, 0.01555647188005864802, 0.02306058659703870417, 0.03056470131401876206, 0.03431675867250878753, 0.03806881603099881994 ),
 ( 0.000000000000000000, 1.000000000000000000 ),
 .UNSPECIFIED. ) ;
#4078 = ORIENTED_EDGE ( 'NONE', *, *, #1612, .F. ) ;
#4079 = DIRECTION ( 'NONE',  ( 0.000000000000000000, -1.000000000000000000, 0.000000000000000000 ) ) ;
#4080 = CARTESIAN_POINT ( 'NONE',  ( -200.4954640087551923, 1165.440000000000055, 8.438484520300974623 ) ) ;
#4081 = ADVANCED_FACE ( 'NONE', ( #1036 ), #2315, .F. ) ;
#4082 = B_SPLINE_CURVE_WITH_KNOTS ( 'NONE', 3,
 ( #26, #1581, #2882, #4180 ),
 .UNSPECIFIED., .F., .F.,
 ( 4, 4 ),
 ( 0.7632768060857272330, 0.7835267074823404343 ),
 .UNSPECIFIED. ) ;
#4083 = CARTESIAN_POINT ( 'NONE',  ( -83.70945874280815246, 1077.559999999999945, 79.54992100822235557 ) ) ;
#4084 = CARTESIAN_POINT ( 'NONE',  ( -190.1890343106762202, 1081.559999999999945, 9.385866078298587212 ) ) ;
#4085 = LINE ( 'NONE', #1217, #658 ) ;
#4086 = ORIENTED_EDGE ( 'NONE', *, *, #27, .T. ) ;
#4087 = ORIENTED_EDGE ( 'NONE', *, *, #2145, .F. ) ;
#4088 = CARTESIAN_POINT ( 'NONE',  ( -133.9566240984101739, 1077.559999999999945, 9.287166304838097020 ) ) ;
#4089 = DIRECTION ( 'NONE',  ( 0.000000000000000000, -1.000000000000000000, 0.000000000000000000 ) ) ;
#4090 = ORIENTED_EDGE ( 'NONE', *, *, #372, .T. ) ;
#4091 = CARTESIAN_POINT ( 'NONE',  ( 0.000000000000000000, 1076.959999999999809, 0.000000000000000000 ) ) ;
#4092 = EDGE_CURVE ( 'NONE', #3064, #779, #1719, .T. ) ;
#4093 = DIRECTION ( 'NONE',  ( 0.000000000000000000, -1.000000000000000000, 0.000000000000000000 ) ) ;
#4094 = VERTEX_POINT ( 'NONE', #2335 ) ;
#4095 = ORIENTED_EDGE ( 'NONE', *, *, #782, .T. ) ;
#4096 = CARTESIAN_POINT ( 'NONE',  ( -111.7890298152394166, 1077.559999999999945, 11.46489243595243046 ) ) ;
#4097 = DIRECTION ( 'NONE',  ( 0.000000000000000000, 0.000000000000000000, -1.000000000000000000 ) ) ;
#4098 = CARTESIAN_POINT ( 'NONE',  ( -247.9425849139403226, 1076.959999999999582, 10.13018560512219146 ) ) ;
#4099 = CARTESIAN_POINT ( 'NONE',  ( -265.8557205421093386, 1165.440000000000055, 6.670256816194236826 ) ) ;
#4100 = EDGE_LOOP ( 'NONE', ( #2097, #1329, #735, #2941, #2999, #301, #3075, #1178, #1456, #3355, #708, #3622, #452, #2395, #885, #3244, #2012, #1121, #1258, #847, #727, #1539, #3001, #3623, #1180, #519, #3076, #3304, #2826, #468, #1309, #2535, #2037, #2377, #796, #1591, #3916, #528, #405, #3644, #1476, #90 ) ) ;
#4101 = CARTESIAN_POINT ( 'NONE',  ( -220.6196549160198401, 1077.559999999999945, 15.86831719877247338 ) ) ;
#4102 = CARTESIAN_POINT ( 'NONE',  ( -249.0977906874155678, 1077.559999999999945, 9.867109382341327617 ) ) ;
#4103 = CARTESIAN_POINT ( 'NONE',  ( -255.0873318177361284, 1077.559999999999945, 7.269166099123650859 ) ) ;
#4104 = DIRECTION ( 'NONE',  ( 0.000000000000000000, 1.000000000000000000, 0.000000000000000000 ) ) ;
#4105 = EDGE_CURVE ( 'NONE', #3708, #2479, #1996, .T. ) ;
#4106 = ORIENTED_EDGE ( 'NONE', *, *, #2802, .T. ) ;
#4107 = ADVANCED_FACE ( 'NONE', ( #2974 ), #772, .F. ) ;
#4108 = VECTOR ( 'NONE', #1052, 1000.000000000000000 ) ;
#4109 = ORIENTED_EDGE ( 'NONE', *, *, #3276, .T. ) ;
#4110 = LINE ( 'NONE', #1046, #1691 ) ;
#4111 = DIRECTION ( 'NONE',  ( 0.000000000000000000, -1.000000000000000000, 0.000000000000000000 ) ) ;
#4112 = CARTESIAN_POINT ( 'NONE',  ( -190.1890343106762202, 1076.559999999999945, 9.385866078298587212 ) ) ;
#4113 = DIRECTION ( 'NONE',  ( -0.02688405537825218350, 0.000000000000000000, -0.9996385584632173638 ) ) ;
#4114 = VERTEX_POINT ( 'NONE', #62 ) ;
#4115 = ADVANCED_FACE ( 'NONE', ( #1363 ), #3174, .F. ) ;
#4116 = VERTEX_POINT ( 'NONE', #1768 ) ;
#4117 = FACE_OUTER_BOUND ( 'NONE', #365, .T. ) ;
#4118 = CARTESIAN_POINT ( 'NONE',  ( -257.8976825154148855, 1077.559999999999945, 7.804466760825801153 ) ) ;
#4119 = DIRECTION ( 'NONE',  ( 0.000000000000000000, -1.000000000000000000, 0.000000000000000000 ) ) ;
#4120 = ORIENTED_EDGE ( 'NONE', *, *, #507, .F. ) ;
#4121 = DIRECTION ( 'NONE',  ( 0.000000000000000000, -1.000000000000000000, 0.000000000000000000 ) ) ;
#4122 = EDGE_CURVE ( 'NONE', #2485, #38, #2625, .T. ) ;
#4123 = VECTOR ( 'NONE', #2193, 1000.000000000000000 ) ;
#4124 = LINE ( 'NONE', #1508, #890 ) ;
#4125 = DIRECTION ( 'NONE',  ( 0.000000000000000000, -1.000000000000000000, 0.000000000000000000 ) ) ;
#4126 = LINE ( 'NONE', #2208, #1146 ) ;
#4127 = AXIS2_PLACEMENT_3D ( 'NONE', #3319, #3338, #2410 ) ;
#4128 = CIRCLE ( 'NONE', #473, 0.3999999999999863110 ) ;
#4129 = VERTEX_POINT ( 'NONE', #1814 ) ;
#4130 = CARTESIAN_POINT ( 'NONE',  ( -265.3338636067466041, 1165.440000000000055, 6.801727551362758639 ) ) ;
#4131 = CARTESIAN_POINT ( 'NONE',  ( -114.4461369841751406, 1077.559999999999945, 8.572950441632396945 ) ) ;
#4132 = VECTOR ( 'NONE', #2389, 1000.000000000000000 ) ;
#4133 = LINE ( 'NONE', #3439, #2980 ) ;
#4134 = EDGE_CURVE ( 'NONE', #3998, #1051, #2761, .T. ) ;
#4135 = ORIENTED_EDGE ( 'NONE', *, *, #3026, .T. ) ;
#4136 = EDGE_CURVE ( 'NONE', #1525, #1304, #2809, .T. ) ;
#4137 = ORIENTED_EDGE ( 'NONE', *, *, #641, .F. ) ;
#4138 = PLANE ( 'NONE',  #2036 ) ;
#4139 = CARTESIAN_POINT ( 'NONE',  ( -135.8203959127808957, 1081.559999999999945, 9.371846716018461976 ) ) ;
#4140 = CARTESIAN_POINT ( 'NONE',  ( -164.2408507512882636, 1076.559999999999945, 24.50836570411208726 ) ) ;
#4141 = B_SPLINE_CURVE_WITH_KNOTS ( 'NONE', 3,
 ( #2167, #532, #3466, #815 ),
 .UNSPECIFIED., .F., .F.,
 ( 4, 4 ),
 ( 0.8547559085613818386, 0.8564952732850472650 ),
 .UNSPECIFIED. ) ;
#4142 = VERTEX_POINT ( 'NONE', #219 ) ;
#4143 = LINE ( 'NONE', #204, #2237 ) ;
#4144 = CARTESIAN_POINT ( 'NONE',  ( -293.2676002059569100, 1076.959999999999809, 1.330312713633649668 ) ) ;
#4145 = CARTESIAN_POINT ( 'NONE',  ( -250.7078635193068976, 1076.959999999999582, 9.498242094462927554 ) ) ;
#4146 = DIRECTION ( 'NONE',  ( -0.02688405537842415011, 0.000000000000000000, -0.9996385584632127008 ) ) ;
#4147 = ORIENTED_EDGE ( 'NONE', *, *, #3235, .T. ) ;
#4148 = DIRECTION ( 'NONE',  ( -0.7248872777926378408, 0.000000000000000000, 0.6888675014067503488 ) ) ;
#4149 = LINE ( 'NONE', #943, #849 ) ;
#4150 = CARTESIAN_POINT ( 'NONE',  ( -233.9222184832874234, 1077.559999999999945, 13.19005079517899048 ) ) ;
#4151 = ORIENTED_EDGE ( 'NONE', *, *, #1800, .F. ) ;
#4152 = ORIENTED_EDGE ( 'NONE', *, *, #2403, .T. ) ;
#4153 = ORIENTED_EDGE ( 'NONE', *, *, #2049, .T. ) ;
#4154 = DIRECTION ( 'NONE',  ( 0.6888675014067517921, 0.000000000000000000, 0.7248872777926362865 ) ) ;
#4155 = DIRECTION ( 'NONE',  ( 0.000000000000000000, 1.000000000000000000, -0.000000000000000000 ) ) ;
#4156 = CARTESIAN_POINT ( 'NONE',  ( -241.7755728111674216, 1077.560000000000173, 11.50636481653089049 ) ) ;
#4157 = AXIS2_PLACEMENT_3D ( 'NONE', #2790, #283, #4097 ) ;
#4158 = EDGE_CURVE ( 'NONE', #1072, #4116, #4023, .T. ) ;
#4159 = VERTEX_POINT ( 'NONE', #239 ) ;
#4160 = CARTESIAN_POINT ( 'NONE',  ( -172.8587101762493887, 1081.559999999999945, 24.44703151162762822 ) ) ;
#4161 = VERTEX_POINT ( 'NONE', #3101 ) ;
#4162 = CARTESIAN_POINT ( 'NONE',  ( -267.5579742966418735, 1165.440000000000055, 3.504036228201333092 ) ) ;
#4163 = ADVANCED_FACE ( 'NONE', ( #1203 ), #2490, .T. ) ;
#4164 = DIRECTION ( 'NONE',  ( -0.6888675014067501268, 0.000000000000000000, -0.7248872777926379518 ) ) ;
#4165 = CARTESIAN_POINT ( 'NONE',  ( -253.0423473195501174, 1076.959999999999809, 8.955332990795984216 ) ) ;
#4166 = CARTESIAN_POINT ( 'NONE',  ( -57.13222982526929172, 1077.559999999999945, 61.90651317224560302 ) ) ;
#4167 = EDGE_CURVE ( 'NONE', #474, #1839, #4141, .T. ) ;
#4168 = DIRECTION ( 'NONE',  ( 0.000000000000000000, -1.000000000000000000, 0.000000000000000000 ) ) ;
#4169 = CARTESIAN_POINT ( 'NONE',  ( -274.7847390678884949, 1076.559999999999945, 7.475225215082193841 ) ) ;
#4170 = PLANE ( 'NONE',  #2240 ) ;
#4171 = ORIENTED_EDGE ( 'NONE', *, *, #1968, .T. ) ;
#4172 = ORIENTED_EDGE ( 'NONE', *, *, #1401, .F. ) ;
#4173 = VERTEX_POINT ( 'NONE', #3419 ) ;
#4174 = CARTESIAN_POINT ( 'NONE',  ( -64.90756987942758371, 1077.559999999999945, -106.1180870880435378 ) ) ;
#4175 = CARTESIAN_POINT ( 'NONE',  ( -80.42685347601847923, 1076.559999999999945, -84.63224460233963953 ) ) ;
#4176 = CARTESIAN_POINT ( 'NONE',  ( -242.5546761553364092, 1077.559999999999945, 11.33505664491636189 ) ) ;
#4177 = VECTOR ( 'NONE', #1755, 1000.000000000000000 ) ;
#4178 = VERTEX_POINT ( 'NONE', #562 ) ;
#4179 = ORIENTED_EDGE ( 'NONE', *, *, #3284, .F. ) ;
#4180 = CARTESIAN_POINT ( 'NONE',  ( -214.3987121032657228, 1076.959999999999809, 8.852874277016555382 ) ) ;
#4181 = ADVANCED_FACE ( 'NONE', ( #1518 ), #1860, .T. ) ;
#4182 = EDGE_CURVE ( 'NONE', #46, #3414, #1139, .T. ) ;
#4183 = DIRECTION ( 'NONE',  ( -0.8137065930674870495, 0.000000000000000000, -0.5812758212746363951 ) ) ;
#4184 = CARTESIAN_POINT ( 'NONE',  ( -268.4179018087319832, 1076.559999999999718, 2.647210225857725252 ) ) ;
#4185 = CARTESIAN_POINT ( 'NONE',  ( -101.2206899534065485, 1077.559999999999945, 21.21819287104279894 ) ) ;
#4186 = DIRECTION ( 'NONE',  ( -0.02688405537825354699, 0.000000000000000000, -0.9996385584632172527 ) ) ;
#4187 = VECTOR ( 'NONE', #2923, 999.9999999999998863 ) ;
#4188 = CARTESIAN_POINT ( 'NONE',  ( -225.6975725102126944, 1081.559999999999945, 8.533007167635572543 ) ) ;
#4189 = CARTESIAN_POINT ( 'NONE',  ( -269.3505351003591954, 1076.559999999999945, 8.883550396804281490 ) ) ;
#4190 = CARTESIAN_POINT ( 'NONE',  ( -172.8587101762493887, 1076.559999999999945, 24.44703151162762822 ) ) ;
#4191 = VECTOR ( 'NONE', #2285, 1000.000000000000114 ) ;
#4192 = AXIS2_PLACEMENT_3D ( 'NONE', #3269, #364, #49 ) ;
ENDSEC;
END-ISO-10303-21;
